rank,trade_date,base_date,buy_date,target_date,ts_code,name,晋阶,sector,close_T,premium_limit_regime,rank_group,is_top10,is_top20,榜单分组,T日建议买入方式,T日可接受买入价,T+1建议买入方式,T+1可接受买入价,T+1卖出计划,T+2卖出计划,t_buy_method,t_max_buy_price,t1_buy_method,t1_max_buy_price,t1_sell_plan,t2_sell_plan,t_limitup_prob,T日涨停概率,t_limitup_strength,T日涨停强度,t1_continue_up_rate,T+1延续上涨率,limitup_continuation_score,涨停接力评分,t_limitup_prob_rule,t_limitup_strength_rule,t1_continue_up_rate_rule,limitup_continuation_score_rule,t_up_prob_model,t_high_profit_prob_model,t_limitup_prob_model,t_touch_limitup_prob_model,t1_up_prob_model,t1_high_profit_prob_model,t1_accept_prob_model,t1_fail_prob_model,t1_big_drawdown_prob_model,t_close_ret_pred,t_intraday_ret_pred,t1_close_ret_pred,t1_high_ret_pred,limitup_model_score,limitup_model_src,t_limitup_prob_engine,t1_continue_up_rate_engine,t_limitup_rank_score,t_touch_rank_score,t1_rank_score,t_limit_model_can_rank,t_touch_model_can_rank,t1_model_can_rank,t_return_model_can_rank,t1_return_model_can_rank,t_limit_gate_status,t_touch_gate_status,t1_gate_status,t_return_gate_status,t1_return_gate_status,t_limit_prob_gate_status,t_touch_prob_gate_status,t1_prob_gate_status,t_limit_model_probability_ready,t_touch_model_probability_ready,t1_model_probability_ready,model_gate_version,model_can_rank,model_rank_mode,model_quality_flag,t_limitup_prob_raw_before_calibration,t_limitup_prob_calibrated,limitup_calibration_src,t1_continue_up_rate_raw_before_calibration,t1_continue_up_rate_calibrated,t1_calibration_src,limitup_alpha_score,t1_alpha_score,strength_alpha_score,execution_alpha_score,premium_adaptive_score,自适应排序评分,rank_adaptive_score,adaptive_weight_limitup,adaptive_weight_t1,adaptive_weight_strength,adaptive_weight_execution,t_up_prob_model_blend,t_high_profit_prob_model_blend,t_touch_limitup_prob_blend,t1_accept_prob_blend,t1_fail_prob_blend,t1_big_drawdown_prob_blend,eret_plus_score,market_score,intraday_attack_edge,intraday_execution_edge,intraday_risk_penalty,intraday_hard_risk_flag,execution_safety_score,execution_score,risk_penalty_score,t1_close_ret_pred_score,t1_high_ret_pred_score,t_up_attack_score,t1_accept_score_raw,t1_accept_score,t1_evidence_score,premium_t1_component_weight,premium_attack_component_weight,premium_execution_component_weight,premium_market_component_weight,premium_final_score,premium_final_score_raw,premium_rank_score,premium_rank_score_raw,premium_eligible,premium_force_excluded,premium_bucket,premium_candidate_state,premium_exclude_reason,premium_rank_mode,rank_premium_final,rank_premium_score,mkt_stock_count,mkt_up_ratio,mkt_avg_ret,mkt_median_ret,mkt_strong_count,mkt_strong_ratio,mkt_touch_strong_count,mkt_touch_strong_ratio,mkt_amount_sum,mkt_emotion_score,turnover_rate,turnover_rate_f,volume_ratio,circ_mv,float_mv,total_mv,pe_ttm,pb,returns_1d,volatility_5d,volatility_10d,volatility_20d,max_drawdown_20d,tail_risk_score,hot_boards_score,board_crowding_rank,is_hot_board,board_rank,board_limit_up_count,is_st_like,open_times,fd_amount,seal_amount,first_limit_time,last_limit_time,limit_touch_count,open_board_count,max_drawdown_after_limit,reseal_count,reseal_minutes_avg,late_volume_ratio,late_price_weakness,late_limit_hold_minutes,late_withdraw_score,reseal_score,intraday_quality_score,intraday_confidence_score,intraday_risk_score,intraday_soft_risk_score,auction_strength_score,auction_amount,up_limit,down_limit,is_limit_up,break_count_proxy,limit_up_strength,factor_intraday_available,factor_auction_available,factor_intraday_quality,factor_intraday_confidence,factor_intraday_soft_risk,factor_intraday_risk,factor_intraday_hard_risk,factor_late_withdraw,factor_reseal,factor_open_board_count,factor_auction_strength,factor_intraday_attack_edge,factor_intraday_execution_edge,factor_intraday_risk_penalty,eret_pred_raw,eret_plus_value,eret_plus_delta,eret_plus_direction,eret_plus_conf,eret_plus_conf_score,eret_plus_src,r_p05,r_p25,r_p50,r_p75,r_p95,close_T2_p05,close_T2_p25,close_T2_p50,close_T2_p75,close_T2_p95,t1_up_rate,T+1上涨率,rank_limitup_continuation,rank_eret_plus,rank_r_p50,p_premium,e_premium,score_ev,risk_flags,confidence,data_quality,dec_rank,dec_weight,dec_can_buy,dec_p_fill,dec_reason
1,20260820,20260820,20260821,20260824,001277.SZ,速达股份,2→3,专用设备,36.27,MAIN_BOARD_10PCT,TOP10,1,1,TOP10,只观察不追,≤36.45,只观察不追,≤36.45,观察池：t1_accept<0.52;t1_evidence<0.35；若竞价弱于预期不追,观察池：t1_accept<0.52;t1_evidence<0.35；若竞价弱于预期不追,只观察不追,≤36.45,只观察不追,≤36.45,观察池：t1_accept<0.52;t1_evidence<0.35；若竞价弱于预期不追,观察池：t1_accept<0.52;t1_evidence<0.35；若竞价弱于预期不追,0.262671,0.262671,88.1915,88.1915,0.493771,0.493771,96.5503,96.5503,0.99,88.1915,0.806455,89.5441,0.7009703955142081,0.9175534127473539,0.8036341539941878,0.8597850866690239,0.14747921099396827,0.8009694545477134,0.5056693189024436,0.4275354371828255,0.8124227054353751,0.10332145051187461,0.07297922370402847,0.002454265517957955,0.06648529897279173,0.6423111097348791,limitup_probability_engine:model_v2_target_gated,0.99,0.806455,98.5593,97.6271,98.3051,True,True,False,True,False,ACTIVE,ACTIVE,SHADOW,ACTIVE,SHADOW,SHADOW,SHADOW,SHADOW,False,False,False,premium_target_gate_v4_walkforward_provenance,True,t_limit_active__t_touch_active__t1_shadow,partial,0.99,0.262671,validated_platt_v1,0.806455,0.493771,validated_base_rate_v1,88.661,73.9968,92.2369,81.1712,87.8153,87.8153,1,0.6132915577212738,0.05,0.21773571489086788,0.11897272738785836,0.262671,0.262671,0.262671,0.52057,0.466482,0.149065,61.8811,57.6679,66.83,62.13,0.0,0.0,82.2313,82.2313,0.122761,50.0,50.0,73.4874,52.7325,50.0,0.0,0.08,0.462,0.1675,0.0905,57.044,0.57044,64.7368,0.647368,0,0,WATCH,RANK_ONLY,t1_accept<0.52;t1_evidence<0.35,model_validated_professional_score,1,1,5540.0,0.7384476534296028,0.01339425552579666,0.011760095887884958,135.0,0.024368231046931407,280.0,0.05054151624548736,2092583847.08263,0.5766788324405187,13.5623,26.4853,5.01,,,275652.0,,,10.0091,0.0447190435482574,0.0379993465899227,0.0301431036418598,-0.0103460577952194,0.0468348342850745,3.0,5.0,1.0,5.0,3.0,0.0,3.0,223202388.0,223202388.0,,,,,,,,,,,,,,,,,1.0,20369232.0,36.27,29.67,1.0,0.0,1.7770737760584028,0,1.0,0.765,0.0,0.0,0.0,0,0.0,0.5,0.0,1.0,0.6683,0.6213,0.0,0.0,0.07528980281429318,0.07528980281429318,up,high,0.939198,ehx:coldstart_v1,-0.11358130642624889,-0.003751403874175996,0.07259020926168139,0.14893182239753877,0.2587617249496137,32.375748740389824,36.13419147706295,39.00076114807442,42.09473930237737,46.98144226179955,0.739350891981143,0.739350891981143,2,2,2,0.3080698596306005,0.0,0.37813,,,,1,,,0.7430650088152717,
2,20260820,20260820,20260821,20260824,600613.SH,神奇制药,1→2,化学制药,8.56,MAIN_BOARD_10PCT,TOP10,1,1,TOP10,只观察不追,≤8.60,只观察不追,≤8.60,观察池：t1_accept<0.52;t1_evidence<0.35；若竞价弱于预期不追,观察池：t1_accept<0.52;t1_evidence<0.35；若竞价弱于预期不追,只观察不追,≤8.60,只观察不追,≤8.60,观察池：t1_accept<0.52;t1_evidence<0.35；若竞价弱于预期不追,观察池：t1_accept<0.52;t1_evidence<0.35；若竞价弱于预期不追,0.262671,0.262671,85.9542,85.9542,0.493771,0.493771,96.5836,96.5836,0.99,85.9542,0.944093,91.7987,0.8329847398316266,0.929353915465745,0.8157172335688897,0.8326462402133763,0.2929630636854401,0.8387260332729916,0.4829318873648153,0.6350574965373628,0.8722485977564766,0.09736825963010791,0.09251178121005214,0.015390278155082643,0.06940728257909547,0.6850126046933767,limitup_probability_engine:model_v2_target_gated,0.99,0.944093,99.7458,95.9322,100.0,True,True,False,True,False,ACTIVE,ACTIVE,SHADOW,ACTIVE,SHADOW,SHADOW,SHADOW,SHADOW,False,False,False,premium_target_gate_v4_walkforward_provenance,True,t_limit_active__t_touch_active__t1_shadow,partial,0.99,0.262671,validated_platt_v1,0.944093,0.493771,validated_base_rate_v1,88.7865,74.8443,91.5725,74.0224,86.9395,86.9395,2,0.6132915577212738,0.05,0.21773571489086788,0.11897272738785836,0.262671,0.262671,0.262671,0.521808,0.464563,0.141301,62.5,57.6679,66.83,62.13,0.0,0.0,78.6849,78.6849,0.128708,50.0,50.0,72.484,51.9034,50.0,0.0,0.08,0.462,0.1675,0.0905,55.5155,0.555155,63.3715,0.633715,0,0,WATCH,RANK_ONLY,t1_accept<0.52;t1_evidence<0.35,model_validated_professional_score,2,2,5540.0,0.7384476534296028,0.01339425552579666,0.011760095887884958,135.0,0.024368231046931407,280.0,0.05054151624548736,2092583847.08263,0.5766788324405187,12.551,22.9514,0.97,,,457165.2896,,,10.0257,0.039000786988489,0.0445652305371136,0.0427589283879225,-0.0159362549800795,0.0705549114033853,12.0,2.0,1.0,2.0,12.0,0.0,0.0,339477461.0,339477461.0,,,,,,,,,,,,,,,,,1.0,187251712.0,8.56,7.0,1.0,0.0,2.6714126150208983,0,1.0,0.765,0.0,0.0,0.0,0,0.0,0.5,0.0,1.0,0.6683,0.6213,0.0,0.0,0.08,0.08,up,high,0.98712,ehx:coldstart_v1,-0.016492557880816952,0.038639397376917586,0.07696104113612832,0.11528268489533906,0.17041464015307461,8.419981509856902,8.89722639832633,9.244800000000001,9.6059516992933,10.150417425495345,0.9122230526595823,0.9122230526595823,1,1,1,0.2427465504434123,0.0,0.348354,,,,5,,,0.6072802878586985,
3,20260820,20260820,20260821,20260824,002940.SZ,昂利康,1→2,化学制药,28.41,MAIN_BOARD_10PCT,TOP10,1,1,TOP10,只观察不追,≤28.55,只观察不追,≤28.55,观察池：t1_accept<0.52;t1_evidence<0.35；若竞价弱于预期不追,观察池：t1_accept<0.52;t1_evidence<0.35；若竞价弱于预期不追,只观察不追,≤28.55,只观察不追,≤28.55,观察池：t1_accept<0.52;t1_evidence<0.35；若竞价弱于预期不追,观察池：t1_accept<0.52;t1_evidence<0.35；若竞价弱于预期不追,0.229839,0.229839,77.6896,77.6896,0.493771,0.493771,89.3156,89.3156,0.94389,77.6896,0.772616,84.0335,0.697273964666692,0.7736988758818446,0.41510192706980187,0.7251911922641984,0.11933126081879336,0.5863242440760332,0.24143058092909972,0.7900035278807513,0.8647567405249971,0.02004971540498891,0.04962962752543978,-0.03986887122081549,-0.003840821109802843,0.4633361381459363,limitup_probability_engine:model_v2_target_gated,0.94389,0.772616,88.9831,93.0508,94.9153,True,True,False,True,False,ACTIVE,ACTIVE,SHADOW,ACTIVE,SHADOW,SHADOW,SHADOW,SHADOW,False,False,False,premium_target_gate_v4_walkforward_provenance,True,t_limit_active__t_touch_active__t1_shadow,partial,0.94389,0.229839,validated_platt_v1,0.772616,0.493771,validated_base_rate_v1,80.7474,72.3019,85.2578,78.8974,81.0871,81.0871,3,0.6132915577212738,0.05,0.21773571489086788,0.11897272738785836,0.229839,0.229839,0.229839,0.514485,0.475913,0.151129,58.8386,57.6679,65.6638,61.3496,0.0,0.0,80.8754,80.8754,0.132913,50.0,50.0,67.707,51.6727,50.0,0.0,0.08,0.462,0.1675,0.0905,52.5227,0.525227,59.6638,0.596638,0,0,WATCH,RANK_ONLY,t1_accept<0.52;t1_evidence<0.35,model_validated_professional_score,3,3,5540.0,0.7384476534296028,0.01339425552579666,0.011760095887884958,135.0,0.024368231046931407,280.0,0.05054151624548736,2092583847.08263,0.5766788324405187,10.0077,16.981,2.09,,,573109.8162,,,9.9884,0.0472539793843138,0.0339792071028556,0.0328468028484114,-0.0479869865799105,0.1016286893575551,12.0,2.0,1.0,2.0,12.0,0.0,1.0,110562628.0,110562628.0,,,,,,,,,,,,,,,,,0.9703252032520328,9633624.0,28.41,23.25,1.0,0.0,1.887247657184118,0,1.0,0.760549,0.0,0.0,0.0,0,0.0,0.5,0.0,0.9703252032520328,0.6566378531707318,0.6134956206504065,0.0,0.0,0.03734149420527719,0.03734149420527719,up,high,0.9443,ehx:coldstart_v1,-0.10268570538426947,-0.020479491875745937,0.036661184781559795,0.09380186143886553,0.17600807494739054,25.637483773603957,27.83409488606424,29.470871850371925,31.203899073287072,33.8774388036971,0.6674015803351674,0.6674015803351674,3,3,3,0.2244110234473298,0.0,0.307331,,,,8,,,0.7053368593207489,
4,20260820,20260820,20260821,20260824,002038.SZ,双鹭药业,1→2,化学制药,6.44,MAIN_BOARD_10PCT,TOP10,1,1,TOP10,只观察不追,≤6.47,只观察不追,≤6.47,观察池：t1_accept<0.52;t1_evidence<0.35；若竞价弱于预期不追,观察池：t1_accept<0.52;t1_evidence<0.35；若竞价弱于预期不追,只观察不追,≤6.47,只观察不追,≤6.47,观察池：t1_accept<0.52;t1_evidence<0.35；若竞价弱于预期不追,观察池：t1_accept<0.52;t1_evidence<0.35；若竞价弱于预期不追,0.195325,0.195325,62.5631,62.5631,0.493771,0.493771,85.2072,85.2072,0.680353,62.5631,0.784027,69.7067,0.9379960191913478,0.9372423259505842,0.6660183317610424,0.9003647456559193,0.1545130945515374,0.5325499551366666,0.2348870788948618,0.8764819854806916,0.9077803306007501,0.08474000488226979,0.09876477816301028,-0.054464766013892656,0.017746580896189714,0.5759471852116982,limitup_probability_engine:model_v2_target_gated,0.680353,0.784027,91.3559,95.4237,96.6102,True,True,False,True,False,ACTIVE,ACTIVE,SHADOW,ACTIVE,SHADOW,SHADOW,SHADOW,SHADOW,False,False,False,premium_target_gate_v4_walkforward_provenance,True,t_limit_active__t_touch_active__t1_shadow,partial,0.680353,0.195325,validated_platt_v1,0.784027,0.493771,validated_base_rate_v1,80.6714,73.1494,75.504,75.6592,78.5738,78.5738,4,0.6132915577212738,0.05,0.21773571489086788,0.11897272738785836,0.195325,0.195325,0.195325,0.512516,0.478965,0.147184,57.8541,57.6679,66.83,62.13,0.0,0.0,79.5017,79.5017,0.132594,50.0,50.0,66.5258,51.5819,50.0,0.0,0.08,0.462,0.1675,0.0905,51.5818,0.515818,58.3298,0.583298,0,0,WATCH,RANK_ONLY,t1_accept<0.52;t1_evidence<0.35,model_validated_professional_score,4,4,5540.0,0.7384476534296028,0.01339425552579666,0.011760095887884958,135.0,0.024368231046931407,280.0,0.05054151624548736,2092583847.08263,0.5766788324405187,1.9963,2.6822,0.49,,,661613.4,,,10.0855,0.0480185989734617,0.0353123158042011,0.0329604483919696,-0.0518638573743922,0.1002143331805128,12.0,2.0,1.0,2.0,12.0,0.0,0.0,119118104.0,119118104.0,,,,,,,,,,,,,,,,,1.0,22181279.12,6.44,5.27,1.0,0.0,2.3978680544949973,0,1.0,0.765,0.0,0.0,0.0,0,0.0,0.5,0.0,1.0,0.6683,0.6213,0.0,0.0,0.03139433850218461,0.03139433850218461,up,high,0.976705,ehx:coldstart_v1,-0.07480209494697512,-0.012437418738918647,0.030911613480800806,0.07426064570052027,0.13662532190857785,5.975850585964378,6.3603990645203154,6.6421795399540695,6.936443545985546,7.382806582314287,0.6847309456658547,0.6847309456658547,4,5,5,0.1907843936419732,0.0,0.282403,,,,22,,,0.6380702811618455,
5,20260820,20260820,20260821,20260824,002437.SZ,誉衡药业,1→2,化学制药,4.73,MAIN_BOARD_10PCT,TOP10,1,1,TOP10,只观察不追,≤4.75,只观察不追,≤4.75,观察池：t1_accept<0.52;t1_evidence<0.35；若竞价弱于预期不追,观察池：t1_accept<0.52;t1_evidence<0.35；若竞价弱于预期不追,只观察不追,≤4.75,只观察不追,≤4.75,观察池：t1_accept<0.52;t1_evidence<0.35；若竞价弱于预期不追,观察池：t1_accept<0.52;t1_evidence<0.35；若竞价弱于预期不追,0.182547,0.182547,64.9638,64.9638,0.493771,0.493771,77.4116,77.4116,0.480148,64.9638,0.681073,59.737,0.7052015056329793,0.875714825249867,0.5267033890079352,0.6056100073423211,0.24050123476230403,0.7411611616773228,0.20037001728912412,0.7726950146042759,0.8311607276136339,0.02309387520808941,0.08584600646932487,-0.03724733498586337,0.04622434766501815,0.4961472211695086,limitup_probability_engine:model_v2_target_gated,0.480148,0.681073,85.9322,86.9492,86.4407,True,True,False,True,False,ACTIVE,ACTIVE,SHADOW,ACTIVE,SHADOW,SHADOW,SHADOW,SHADOW,False,False,False,premium_target_gate_v4_walkforward_provenance,True,t_limit_active__t_touch_active__t1_shadow,partial,0.480148,0.182547,validated_platt_v1,0.681073,0.493771,validated_base_rate_v1,75.9175,68.0646,76.2664,75.717,75.5769,75.5769,5,0.6132915577212738,0.05,0.21773571489086788,0.11897272738785836,0.182547,0.182547,0.182547,0.502402,0.494641,0.154256,52.7974,57.6679,62.7629,59.4083,0.0,0.0,78.9076,78.9076,0.136972,50.0,50.0,62.7208,50.9672,50.0,0.0,0.08,0.462,0.1675,0.0905,48.2753,0.482753,55.1007,0.551007,0,0,WATCH,RANK_ONLY,t1_accept<0.52;t1_evidence<0.35,model_validated_professional_score,5,5,5540.0,0.7384476534296028,0.01339425552579666,0.011760095887884958,135.0,0.024368231046931407,280.0,0.05054151624548736,2092583847.08263,0.5766788324405187,22.9569,24.6608,0.67,,,1054727.6586,,,10.0,0.0805031378443163,0.0677704962397786,0.0581684727010352,-0.1365461847389559,0.2227904697371823,12.0,2.0,1.0,2.0,12.0,0.0,0.0,254354288.0,254354288.0,,,,,,,,,,,,,,,,,0.8965116279069767,96341931.84,4.73,3.87,1.0,0.0,2.5657443953189536,0,1.0,0.749477,0.0,0.0,0.0,0,0.0,0.5,0.0,0.8965116279069767,0.6276291260465117,0.5940826655813953,0.0,0.0,0.01114840948919414,0.01114840948919414,up,high,0.960906,ehx:coldstart_v1,-0.1064019961509062,-0.037090777198961,0.011086724012017178,0.059264225222995355,0.12857544417494182,4.252568725484487,4.55777435943144,4.7827319768838885,5.018792805171065,5.378990120871392,0.5616741771901569,0.5616741771901569,5,18,18,0.1682474892779009,0.0,0.280679,,,,31,,,0.6474654745840396,
6,20260820,20260820,20260821,20260824,000931.SZ,中 关 村,1→2,化学制药,4.63,MAIN_BOARD_10PCT,TOP10,1,1,TOP10,只观察不追,≤4.65,只观察不追,≤4.65,观察池：t1_accept<0.52;t1_evidence<0.35；若竞价弱于预期不追,观察池：t1_accept<0.52;t1_evidence<0.35；若竞价弱于预期不追,只观察不追,≤4.65,只观察不追,≤4.65,观察池：t1_accept<0.52;t1_evidence<0.35；若竞价弱于预期不追,观察池：t1_accept<0.52;t1_evidence<0.35；若竞价弱于预期不追,0.167354,0.167354,35.899,35.899,0.493771,0.493771,66.8926,66.8926,0.243525,35.899,0.67076,42.8001,0.8762870350246103,0.9438153297567994,0.5615573177056625,0.8755634210301401,0.1753013111437048,0.6015579359805434,0.18191109155114377,0.8395607183045796,0.78420247375668,0.046266531089628415,0.08335669478879358,-0.0615980651516994,0.006732804878382927,0.5440446437638949,limitup_probability_engine:model_v2_target_gated,0.243525,0.67076,81.5254,77.9661,84.7458,True,True,False,True,False,ACTIVE,ACTIVE,SHADOW,ACTIVE,SHADOW,SHADOW,SHADOW,SHADOW,False,False,False,premium_target_gate_v4_walkforward_provenance,True,t_limit_active__t_touch_active__t1_shadow,partial,0.243525,0.167354,validated_platt_v1,0.67076,0.493771,validated_base_rate_v1,68.4761,67.2172,53.4038,76.4832,66.084,66.084,12,0.6132915577212738,0.05,0.21773571489086788,0.11897272738785836,0.167354,0.167354,0.167354,0.509512,0.483621,0.146789,56.3524,57.6679,66.83,62.13,0.0,0.0,80.0609,80.0609,0.133345,50.0,50.0,57.2666,51.4927,50.0,0.0,0.08,0.462,0.1675,0.0905,47.0223,0.470223,51.7877,0.517877,0,0,WATCH,RANK_ONLY,t1_accept<0.52;t1_evidence<0.35,model_validated_professional_score,6,6,5540.0,0.7384476534296028,0.01339425552579666,0.011760095887884958,135.0,0.024368231046931407,280.0,0.05054151624548736,2092583847.08263,0.5766788324405187,1.5459,2.2547,0.85,,,348697.801,,,9.9762,0.042459613446629,0.0310797699713561,0.0336870064773637,-0.0933014354066984,0.1586245506508309,12.0,2.0,1.0,2.0,12.0,0.0,0.0,94679893.0,94679893.0,,,,,,,,,,,,,,,,,1.0,10813869.67,4.63,3.79,1.0,0.0,2.3675315179437755,0,1.0,0.765,0.0,0.0,0.0,0,0.0,0.5,0.0,1.0,0.6683,0.6213,0.0,0.0,0.02213096922128619,0.02213096922128619,up,high,0.988649,ehx:coldstart_v1,-0.07099218846073357,-0.016197546990196293,0.021889633493993373,0.05997681397818304,0.1147714554487213,4.312702249262135,4.5556094560226645,4.732466387494554,4.916189222312989,5.193087028578795,0.650860894119434,0.650860894119434,13,8,8,0.1983352914687868,0.0,0.253146,,,,17,,,0.6443158764861245,
7,20260820,20260820,20260821,20260824,002491.SZ,通鼎互联,1→2,通信设备,19.27,MAIN_BOARD_10PCT,TOP10,1,1,TOP10,只观察不追,≤19.37,只观察不追,≤19.37,观察池：t1_accept<0.52;t1_evidence<0.35；若竞价弱于预期不追,观察池：t1_accept<0.52;t1_evidence<0.35；若竞价弱于预期不追,只观察不追,≤19.37,只观察不追,≤19.37,观察池：t1_accept<0.52;t1_evidence<0.35；若竞价弱于预期不追,观察池：t1_accept<0.52;t1_evidence<0.35；若竞价弱于预期不追,0.218904,0.218904,63.7194,63.7194,0.493771,0.493771,73.6178,73.6178,0.899687,63.7194,0.659502,76.43,0.6310673462203359,0.9506360204887306,0.1958573363759605,0.4043739640307509,0.12279996658759128,0.4173123506672623,0.21856642147811456,0.5987633495926574,0.741929804226321,0.0007961652496620997,0.06647141932071117,-0.04724623916818114,0.034623331904745036,0.33287528582355597,limitup_probability_engine:model_v2_target_gated,0.899687,0.659502,67.7966,75.7627,83.0508,True,True,False,True,False,ACTIVE,ACTIVE,SHADOW,ACTIVE,SHADOW,SHADOW,SHADOW,SHADOW,False,False,False,premium_target_gate_v4_walkforward_provenance,True,t_limit_active__t_touch_active__t1_shadow,partial,0.899687,0.218904,validated_platt_v1,0.659502,0.493771,validated_base_rate_v1,63.4734,66.3697,74.1638,84.7844,68.4813,68.4813,6,0.6132915577212738,0.05,0.21773571489086788,0.11897272738785836,0.218904,0.218904,0.218904,0.506365,0.488499,0.150635,54.7789,57.6679,50.464,51.1777,0.0,0.0,82.5502,82.5502,0.135069,50.0,50.0,55.604,50.7278,50.0,0.0,0.08,0.462,0.1675,0.0905,46.184,0.46184,51.7583,0.517583,0,0,WATCH,RANK_ONLY,t1_accept<0.52;t1_evidence<0.35,model_validated_professional_score,7,7,5540.0,0.7384476534296028,0.01339425552579666,0.011760095887884958,135.0,0.024368231046931407,280.0,0.05054151624548736,2092583847.08263,0.5766788324405187,19.103,28.8703,0.92,,,2370199.4015,,,9.9886,0.0692910076938282,0.0578408927723931,0.057064867284565,-0.1671695835847917,0.252459703063983,3.0,7.0,1.0,7.0,3.0,0.0,13.0,235984274.0,235984274.0,,,,,,,,,,,,,,,,,0.5835616438356166,14328000.0,19.27,15.77,1.0,0.0,1.614369227097456,0,1.0,0.702534,0.0,0.0,0.0,0,0.0,0.5,0.0,0.5835616438356166,0.504639671780822,0.5117766087671234,0.0,0.0,0.015659743137992555,0.015659743137992555,up,high,0.972764,ehx:coldstart_v1,-0.08772110079438149,-0.026804261435080738,0.015538394579040762,0.057881050593162266,0.11879788995246411,17.65163443482991,18.760342887403585,19.571763250269115,20.418279080697495,21.700761940137937,0.5977455724866183,0.5977455724866183,7,12,12,0.2617321985475195,0.0,0.294596,,,,4,,,0.7805789590789305,
8,20260820,20260820,20260821,20260824,002880.SZ,卫光生物,1→2,生物制品,21.89,MAIN_BOARD_10PCT,TOP10,1,1,TOP10,只观察不追,≤22.00,只观察不追,≤22.00,观察池：t1_accept<0.52;t1_evidence<0.35；若竞价弱于预期不追,观察池：t1_accept<0.52;t1_evidence<0.35；若竞价弱于预期不追,只观察不追,≤22.00,只观察不追,≤22.00,观察池：t1_accept<0.52;t1_evidence<0.35；若竞价弱于预期不追,观察池：t1_accept<0.52;t1_evidence<0.35；若竞价弱于预期不追,0.221437,0.221437,62.3335,62.3335,0.493771,0.493771,74.4922,74.4922,0.912248,62.3335,0.701124,76.8098,0.6445000039854797,0.7227791890612225,0.19636825739213193,0.4122773723836603,0.227139611320276,0.5678675964136026,0.2718758691973548,0.818643764943216,0.6707320333402598,0.021185709733144542,0.05099075096017267,-0.0351807159071863,0.01890157059472571,0.3829968495515697,limitup_probability_engine:model_v2_target_gated,0.912248,0.701124,69.4915,75.4237,91.5254,True,True,False,True,False,ACTIVE,ACTIVE,SHADOW,ACTIVE,SHADOW,SHADOW,SHADOW,SHADOW,False,False,False,premium_target_gate_v4_walkforward_provenance,True,t_limit_active__t_touch_active__t1_shadow,partial,0.912248,0.221437,validated_platt_v1,0.701124,0.493771,validated_base_rate_v1,64.2804,70.607,74.0103,75.038,67.9951,67.9951,7,0.6132915577212738,0.05,0.21773571489086788,0.11897272738785836,0.221437,0.221437,0.221437,0.51364,0.477223,0.149863,58.4162,57.6679,49.3622,50.4404,0.0,0.0,76.8696,76.8696,0.13287,50.0,50.0,55.9271,50.6758,50.0,0.0,0.08,0.462,0.1675,0.0905,46.3291,0.463291,51.7456,0.517456,0,0,WATCH,RANK_ONLY,t1_accept<0.52;t1_evidence<0.35,model_validated_professional_score,8,8,5540.0,0.7384476534296028,0.01339425552579666,0.011760095887884958,135.0,0.024368231046931407,280.0,0.05054151624548736,2092583847.08263,0.5766788324405187,1.1947,4.3444,1.7,,,496465.2,,,10.0,0.047151669219609,0.0347412346943682,0.0298589025014742,-0.053732762719924,0.0949853860998587,14.0,1.0,1.0,1.0,14.0,0.0,0.0,55848920.0,55848920.0,,,,,,,,,,,,,,,,,0.5555276381909556,119475.0,21.89,17.91,1.0,0.0,2.319328430093605,0,1.0,0.698329,0.0,0.0,0.0,0,0.0,0.5,0.0,0.5555276381909556,0.493622329748744,0.5044037076381911,0.0,0.0,0.03532508028122343,0.03532508028122343,up,high,0.955358,ehx:coldstart_v1,-0.09074667002691414,-0.016731620127998892,0.03471546463050001,0.08616254938899891,0.16017759928791553,19.991021375073352,21.526791839102643,22.663266007355983,23.859738597332385,25.69271556883087,0.6754929344864238,0.6754929344864238,6,4,4,0.2620877031927442,0.0,0.321145,,,,3,,,0.6400072032207884,
9,20260820,20260820,20260821,20260824,603590.SH,康辰药业,1→2,生物制品,34.33,MAIN_BOARD_10PCT,TOP10,1,1,TOP10,只观察不追,≤34.50,只观察不追,≤34.50,观察池：t1_accept<0.52;t1_evidence<0.35；若竞价弱于预期不追,观察池：t1_accept<0.52;t1_evidence<0.35；若竞价弱于预期不追,只观察不追,≤34.50,只观察不追,≤34.50,观察池：t1_accept<0.52;t1_evidence<0.35；若竞价弱于预期不追,观察池：t1_accept<0.52;t1_evidence<0.35；若竞价弱于预期不追,0.174052,0.174052,39.528,39.528,0.493771,0.493771,67.0791,67.0791,0.340765,39.528,0.69489,48.2495,0.7583777864098434,0.9177422279653279,0.3953631841947435,0.7171733119876528,0.2846142341707057,0.5720269945013811,0.3087185708746887,0.8572956273855684,0.8416872518594483,0.02275591980257875,0.05912919481798713,-0.02647629515617602,0.03471943739369033,0.50409459081588,limitup_probability_engine:model_v2_target_gated,0.340765,0.69489,77.4576,77.6271,88.1356,True,True,False,True,False,ACTIVE,ACTIVE,SHADOW,ACTIVE,SHADOW,SHADOW,SHADOW,SHADOW,False,False,False,premium_target_gate_v4_walkforward_provenance,True,t_limit_active__t_touch_active__t1_shadow,partial,0.340765,0.174052,validated_platt_v1,0.69489,0.493771,validated_base_rate_v1,66.4923,68.9121,56.2592,77.0465,65.6408,65.6408,14,0.6132915577212738,0.05,0.21773571489086788,0.11897272738785836,0.174052,0.174052,0.174052,0.510205,0.482547,0.146994,56.6989,57.6679,66.83,62.13,0.0,0.0,80.3426,80.3426,0.133197,50.0,50.0,56.882,51.5338,50.0,0.0,0.08,0.462,0.1675,0.0905,46.9759,0.469759,51.6421,0.516421,0,0,WATCH,RANK_ONLY,t1_accept<0.52;t1_evidence<0.35,model_validated_professional_score,9,9,5540.0,0.7384476534296028,0.01339425552579666,0.011760095887884958,135.0,0.024368231046931407,280.0,0.05054151624548736,2092583847.08263,0.5766788324405187,1.6314,2.9886,1.0,,,545883.0465,,,9.9968,0.0469047082730569,0.038842137794393,0.0336842979048368,-0.0798502807236432,0.1319599156416777,14.0,1.0,1.0,1.0,14.0,0.0,0.0,59093224.0,59093224.0,,,,,,,,,,,,,,,,,1.0,13217050.0,34.33,28.09,1.0,0.0,2.32335576854646,0,1.0,0.765,0.0,0.0,0.0,0,0.0,0.5,0.0,1.0,0.6683,0.6213,0.0,0.0,0.023105255060645723,0.023105255060645723,up,high,0.985133,ehx:coldstart_v1,-0.07324196456915855,-0.0165580347189207,0.022842370299150247,0.062242775317221194,0.11892670516746007,31.905475566078394,33.76624290320195,35.123203406231966,36.53469594032218,38.66544521364665,0.6521143855109834,0.6521143855109834,12,7,7,0.2052126119354615,0.0,0.275638,,,,14,,,0.6548748452950448,
10,20260820,20260820,20260821,20260824,600211.SH,西藏药业,1→2,生物制品,41.86,MAIN_BOARD_10PCT,TOP10,1,1,TOP10,只观察不追,≤42.07,只观察不追,≤42.07,观察池：t1_accept<0.52;t1_evidence<0.35；若竞价弱于预期不追,观察池：t1_accept<0.52;t1_evidence<0.35；若竞价弱于预期不追,只观察不追,≤42.07,只观察不追,≤42.07,观察池：t1_accept<0.52;t1_evidence<0.35；若竞价弱于预期不追,观察池：t1_accept<0.52;t1_evidence<0.35；若竞价弱于预期不追,0.201412,0.201412,69.1122,69.1122,0.493771,0.493771,69.2369,69.2369,0.757413,69.1122,0.719959,72.9028,0.2716221369043748,0.6597966186033792,0.14390496163529493,0.4754189303470908,0.16432490951623388,0.4479373952551253,0.19636614920584716,0.8381583444672099,0.9143981106970385,-0.008071977319244942,0.035630897270182864,-0.04130298006688074,0.008705355641131323,0.2758518591018348,limitup_probability_engine:model_v2_target_gated,0.757413,0.719959,58.4746,82.0339,93.2203,True,True,False,True,False,ACTIVE,ACTIVE,SHADOW,ACTIVE,SHADOW,SHADOW,SHADOW,SHADOW,False,False,False,premium_target_gate_v4_walkforward_provenance,True,t_limit_active__t_touch_active__t1_shadow,partial,0.757413,0.201412,validated_platt_v1,0.719959,0.493771,validated_base_rate_v1,59.6502,71.4544,76.0436,76.3896,65.8014,65.8014,13,0.6132915577212738,0.05,0.21773571489086788,0.11897272738785836,0.201412,0.201412,0.201412,0.51139,0.48071,0.152998,57.2914,57.6679,58.8486,56.7888,0.0,0.0,78.6409,78.6409,0.134187,50.0,50.0,56.5502,51.1211,50.0,0.0,0.08,0.462,0.1675,0.0905,46.557,0.46557,51.3681,0.513681,0,0,WATCH,RANK_ONLY,t1_accept<0.52;t1_evidence<0.35,model_validated_professional_score,10,10,5540.0,0.7384476534296028,0.01339425552579666,0.011760095887884958,135.0,0.024368231046931407,280.0,0.05054151624548736,2092583847.08263,0.5766788324405187,4.5012,10.1204,2.55,,,1349228.1712,,,10.0131,0.0453952339405747,0.0355068086868382,0.0285260784265188,-0.0499375780274656,0.0863582525789989,14.0,1.0,1.0,1.0,14.0,0.0,0.0,42161224.0,42161224.0,,,,,,,,,,,,,,,,,0.796911957950066,12791450.0,41.86,34.25,1.0,0.0,2.3023371171858797,0,1.0,0.734537,0.0,0.0,0.0,0,0.0,0.5,0.0,0.796911957950066,0.5884864448620237,0.5678879315900132,0.0,0.0,0.027453395456548714,0.027453395456548714,up,high,0.941431,ehx:coldstart_v1,-0.12340058111107943,-0.034624213035513905,0.027083309139678886,0.08879083131487167,0.1775671993904388,37.0004522634784,40.43543497920583,43.00919913381113,45.74678647782784,49.99374594017258,0.6163972599665237,0.6163972599665237,9,6,6,0.1964019005659205,0.0,0.293809,,,,20,,,0.6683009103906904,
11,20260820,20260820,20260821,20260824,603801.SH,志邦家居,2→3,家居用品,7.23,MAIN_BOARD_10PCT,TOP20,0,1,TOP20,只观察不追,≤7.27,只观察不追,≤7.27,观察池：t1_accept<0.52;t1_evidence<0.35；若竞价弱于预期不追,观察池：t1_accept<0.52;t1_evidence<0.35；若竞价弱于预期不追,只观察不追,≤7.27,只观察不追,≤7.27,观察池：t1_accept<0.52;t1_evidence<0.35；若竞价弱于预期不追,观察池：t1_accept<0.52;t1_evidence<0.35；若竞价弱于预期不追,0.185179,0.185179,67.0932,67.0932,0.493771,0.493771,67.1964,67.1964,0.524011,67.0932,0.601864,60.2821,0.6282683519883846,0.7059470167532617,0.21578491781122058,0.35649829247887477,0.24497954193715576,0.3880481542380472,0.3627392879244552,0.6518875591584938,0.7521199028561841,0.008540570875949805,0.04991174549695228,-0.03489582331727997,0.029891682999603684,0.3701410504099683,limitup_probability_engine:model_v2_target_gated,0.524011,0.601864,68.4746,74.4068,71.1864,True,True,False,True,False,ACTIVE,ACTIVE,SHADOW,ACTIVE,SHADOW,SHADOW,SHADOW,SHADOW,False,False,False,premium_target_gate_v4_walkforward_provenance,True,t_limit_active__t_touch_active__t1_shadow,partial,0.524011,0.185179,validated_platt_v1,0.601864,0.493771,validated_base_rate_v1,63.5281,60.4375,74.1542,78.4081,67.4576,67.4576,8,0.6132915577212738,0.05,0.21773571489086788,0.11897272738785836,0.185179,0.185179,0.185179,0.500894,0.496979,0.15844,52.0434,57.6679,55.6232,54.6303,0.0,0.0,79.338,79.338,0.130313,50.0,50.0,56.4113,51.2955,50.0,0.0,0.08,0.462,0.1675,0.0905,45.9474,0.459474,51.325,0.51325,0,0,WATCH,RANK_ONLY,t1_accept<0.52;t1_evidence<0.35,model_validated_professional_score,11,11,5540.0,0.7384476534296028,0.01339425552579666,0.011760095887884958,135.0,0.024368231046931407,280.0,0.05054151624548736,2092583847.08263,0.5766788324405187,4.7561,8.8464,3.11,,,314036.1345,,,10.0457,0.0481400619435035,0.0434336781009221,0.0400481435241733,-0.033500837520938,0.0827429865951748,,,0.0,,,0.0,1.0,41086557.0,41086557.0,,,,,,,,,,,,,,,,,0.7148401826484022,12324676.0,7.23,5.91,1.0,0.0,1.551003072123175,0,1.0,0.722226,0.0,0.0,0.0,0,0.0,0.5,0.0,0.7148401826484022,0.5562321857534248,0.5463029565296804,0.0,0.0,0.008362218707518057,0.008362218707518057,up,high,0.937689,ehx:coldstart_v1,-0.15435269941038518,-0.05838127871667709,0.008327449056471616,0.07503617682962033,0.17100759752333017,6.195891039376389,6.819988307792649,7.290458841255356,7.793384345733742,8.57839328972255,0.5335507197491506,0.5335507197491506,10,20,20,0.1613658768101223,0.0,0.227189,,,,39,,,0.7013683890214524,
12,20260820,20260820,20260821,20260824,600250.SH,南京商旅,1→2,旅游及景,9.24,MAIN_BOARD_10PCT,TOP20,0,1,TOP20,只观察不追,≤9.29,只观察不追,≤9.29,观察池：t1_accept<0.52;t1_evidence<0.35；若竞价弱于预期不追,观察池：t1_accept<0.52;t1_evidence<0.35；若竞价弱于预期不追,只观察不追,≤9.29,只观察不追,≤9.29,观察池：t1_accept<0.52;t1_evidence<0.35；若竞价弱于预期不追,观察池：t1_accept<0.52;t1_evidence<0.35；若竞价弱于预期不追,0.230485,0.230485,71.5602,71.5602,0.493771,0.493771,71.7296,71.7296,0.945792,71.5602,0.60858,78.5886,0.40065338778232606,0.4815265143506191,0.17637434709006605,0.3145298119459749,0.35708271220680937,0.4657445472914207,0.2885074015146045,0.5243410657835281,0.5770093595319092,0.0043479006800121265,0.03898656354513552,-0.031157260090700235,0.026784204993053447,0.32708705882105965,limitup_probability_engine:model_v2_target_gated,0.945792,0.60858,63.3898,71.8644,72.8814,True,True,False,True,False,ACTIVE,ACTIVE,SHADOW,ACTIVE,SHADOW,SHADOW,SHADOW,SHADOW,False,False,False,premium_target_gate_v4_walkforward_provenance,True,t_limit_active__t_touch_active__t1_shadow,partial,0.945792,0.230485,validated_platt_v1,0.60858,0.493771,validated_base_rate_v1,61.0608,61.285,78.1904,80.1826,67.0767,67.0767,10,0.6132915577212738,0.05,0.21773571489086788,0.11897272738785836,0.230485,0.230485,0.230485,0.50798,0.485995,0.155291,55.5863,57.6679,51.11,51.61,0.0,0.0,79.7688,79.7688,0.135643,50.0,50.0,55.0678,50.682,50.0,0.0,0.08,0.462,0.1675,0.0905,45.5745,0.455745,50.9501,0.509501,0,0,WATCH,RANK_ONLY,t1_accept<0.52;t1_evidence<0.35,model_validated_professional_score,12,12,5540.0,0.7384476534296028,0.01339425552579666,0.011760095887884958,135.0,0.024368231046931407,280.0,0.05054151624548736,2092583847.08263,0.5766788324405187,8.8344,18.606,5.7,,,289019.2536,,,10.0,0.0417636189134112,0.0322221913882866,0.0260292785404277,-0.0289017341040462,0.0640214082361609,,,0.0,,,0.0,2.0,59698725.0,59698725.0,,,,,,,,,,,,,,,,,0.5999999999999994,770595.0,9.24,7.56,1.0,0.0,1.4074407445928498,0,1.0,0.705,0.0,0.0,0.0,0,0.0,0.5,0.0,0.5999999999999994,0.5110999999999998,0.5160999999999999,0.0,0.0,0.019179007644056265,0.019179007644056265,up,high,0.936717,ehx:coldstart_v1,-0.17909176842078198,-0.06223116843861298,0.01899740872809369,0.10022598589480036,0.21708658587697147,7.724909575147775,8.682510519540067,9.417214030631081,10.214087261873273,11.480253488535956,0.5626718848199734,0.5626718848199734,8,10,10,0.2367229644304284,0.0,0.26394,,,,6,,,0.7291925399391859,
13,20260820,20260820,20260821,20260824,002412.SZ,汉森制药,2→3,中药Ⅱ,9.26,MAIN_BOARD_10PCT,TOP20,0,1,TOP20,只观察不追,≤9.31,只观察不追,≤9.31,观察池：t1_accept<0.52;t1_evidence<0.35；若竞价弱于预期不追,观察池：t1_accept<0.52;t1_evidence<0.35；若竞价弱于预期不追,只观察不追,≤9.31,只观察不追,≤9.31,观察池：t1_accept<0.52;t1_evidence<0.35；若竞价弱于预期不追,观察池：t1_accept<0.52;t1_evidence<0.35；若竞价弱于预期不追,0.166012,0.166012,33.4116,33.4116,0.493771,0.493771,65.0063,65.0063,0.226151,33.4116,0.577329,38.8409,0.8498940663223123,0.9469756967431862,0.7187484291511602,0.7978153024121096,0.27968512431996545,0.633830108087058,0.35867875783177566,0.8127179033869053,0.8278752049301287,0.07560972108522125,0.10128580575407914,-0.047253425080555744,0.018545346767496633,0.609633981674501,limitup_probability_engine:model_v2_target_gated,0.226151,0.577329,83.3898,71.8644,66.1017,True,True,False,True,False,ACTIVE,ACTIVE,SHADOW,ACTIVE,SHADOW,SHADOW,SHADOW,SHADOW,False,False,False,premium_target_gate_v4_walkforward_provenance,True,t_limit_active__t_touch_active__t1_shadow,partial,0.226151,0.166012,validated_platt_v1,0.577329,0.493771,validated_base_rate_v1,68.0723,57.8951,50.5554,72.6843,64.2981,64.2981,15,0.6132915577212738,0.05,0.21773571489086788,0.11897272738785836,0.166012,0.166012,0.166012,0.505618,0.489657,0.153417,54.4052,57.6679,66.83,62.13,0.0,0.0,77.6802,77.6802,0.12789,50.0,50.0,56.6246,51.9218,50.0,0.0,0.08,0.462,0.1675,0.0905,46.483,0.46483,50.9367,0.509367,0,0,WATCH,RANK_ONLY,t1_accept<0.52;t1_evidence<0.35,model_validated_professional_score,13,13,5540.0,0.7384476534296028,0.01339425552579666,0.011760095887884958,135.0,0.024368231046931407,280.0,0.05054151624548736,2092583847.08263,0.5766788324405187,0.8734,1.5212,0.14,,,465963.2,,,9.9762,0.0432932782405166,0.0378338040082225,0.0379268647177707,-0.1013698630136986,0.1586993154651577,2.0,10.0,1.0,10.0,2.0,0.0,0.0,234275203.0,234275203.0,,,,,,,,,,,,,,,,,1.0,11989848.0,9.26,7.58,1.0,0.0,2.540819088960907,0,1.0,0.765,0.0,0.0,0.0,0,0.0,0.5,0.0,1.0,0.6683,0.6213,0.0,0.0,0.014312037017481233,0.014312037017481233,up,high,0.956533,ehx:coldstart_v1,-0.11350895862772996,-0.03816217338302657,0.014210586644275394,0.06658334667157736,0.14193013191628212,8.266366803132987,8.91327621927734,9.392529462781875,9.897551420927261,10.672114099242501,0.572606084115043,0.572606084115043,15,13,13,0.1931267285581614,0.0,0.216676,,,,21,,,0.6031634852091035,
14,20260820,20260820,20260821,20260824,002399.SZ,海普瑞,1→2,化学制药,11.28,MAIN_BOARD_10PCT,TOP20,0,1,TOP20,只观察不追,≤11.34,只观察不追,≤11.34,观察池：t_attack<0.55;t1_accept<0.52;t1_evidence<0.35；若竞价弱于预期不追,观察池：t_attack<0.55;t1_accept<0.52;t1_evidence<0.35；若竞价弱于预期不追,只观察不追,≤11.34,只观察不追,≤11.34,观察池：t_attack<0.55;t1_accept<0.52;t1_evidence<0.35；若竞价弱于预期不追,观察池：t_attack<0.55;t1_accept<0.52;t1_evidence<0.35；若竞价弱于预期不追,0.182692,0.182692,53.2737,53.2737,0.493771,0.493771,63.6274,63.6274,0.48257,53.2737,0.695663,57.4766,0.770603150747813,0.9384508826264488,0.18116673891087132,0.5733870077543904,0.25972743278635646,0.6430962282829844,0.22474906550770313,0.749647254004611,0.8922456587708049,0.033350574757641645,0.0812618734687845,-0.04326365646272684,0.01894381155098438,0.43440562703051394,limitup_probability_engine:model_v2_target_gated,0.48257,0.695663,60.339,80.1695,89.8305,True,True,False,True,False,ACTIVE,ACTIVE,SHADOW,ACTIVE,SHADOW,SHADOW,SHADOW,SHADOW,False,False,False,premium_target_gate_v4_walkforward_provenance,True,t_limit_active__t_touch_active__t1_shadow,partial,0.48257,0.182692,validated_platt_v1,0.695663,0.493771,validated_base_rate_v1,58.5502,69.7595,61.7947,78.1425,62.1481,62.1481,18,0.6132915577212738,0.05,0.21773571489086788,0.11897272738785836,0.182692,0.182692,0.182692,0.508673,0.484922,0.149791,55.9327,57.6679,62.9288,59.5193,0.0,0.0,80.36,80.36,0.13424,50.0,50.0,54.9114,51.2922,50.0,0.0,0.08,0.462,0.1675,0.0905,45.8109,0.458109,49.8952,0.498952,0,0,WATCH,RANK_ONLY,t_attack<0.55;t1_accept<0.52;t1_evidence<0.35,model_validated_professional_score,14,14,5540.0,0.7384476534296028,0.01339425552579666,0.011760095887884958,135.0,0.024368231046931407,280.0,0.05054151624548736,2092583847.08263,0.5766788324405187,0.7043,3.1556,1.08,,,1655110.1136,,,10.0488,0.0450151503060708,0.0441232151308083,0.0339207407405924,-0.0647810218978103,0.1070849063858513,12.0,2.0,1.0,2.0,12.0,0.0,1.0,102834796.0,102834796.0,,,,,,,,,,,,,,,,,0.9007317073170736,7510130.0,11.28,9.23,1.0,0.0,1.87765466128398,0,1.0,0.75011,0.0,0.0,0.0,0,0.0,0.5,0.0,0.9007317073170736,0.6292876146341465,0.5951925414634147,0.0,0.0,0.020152615952461934,0.020152615952461934,up,high,0.971239,ehx:coldstart_v1,-0.09012185911645243,-0.025184817113107758,0.01995223958650865,0.06508929628612506,0.13002633828947088,10.307887583248727,10.99946273086403,11.50732150794377,12.038628751895734,12.846322509606885,0.617205385723939,0.617205385723939,16,9,9,0.1888826515966915,0.0,0.272224,,,,25,,,0.6792167520902643,
15,20260820,20260820,20260821,20260824,000007.SZ,全新好,1→2,一般零售,12.09,MAIN_BOARD_10PCT,TOP20,0,1,TOP20,只观察不追,≤12.15,只观察不追,≤12.15,观察池：t1_accept<0.52;t1_high_profit<0.50;t1_evidence<0.35；若竞价弱于预期不追,观察池：t1_accept<0.52;t1_high_profit<0.50;t1_evidence<0.35；若竞价弱于预期不追,只观察不追,≤12.15,只观察不追,≤12.15,观察池：t1_accept<0.52;t1_high_profit<0.50;t1_evidence<0.35；若竞价弱于预期不追,观察池：t1_accept<0.52;t1_high_profit<0.50;t1_evidence<0.35；若竞价弱于预期不追,0.177479,0.177479,53.3138,53.3138,0.493771,0.493771,67.0935,67.0935,0.395772,53.3138,0.536577,50.202,0.5072510411559431,0.7827994461519884,0.31019069653645137,0.5197413667184425,0.41131975058260184,0.6250752287057365,0.6529285644682382,0.4402242546348689,0.5427116662157203,0.01942354158053351,0.056073797353497795,-0.0066439748639131255,0.0529156983170857,0.5059791414535968,limitup_probability_engine:model_v2_target_gated,0.395772,0.536577,74.9153,78.3051,59.322,True,True,False,True,False,ACTIVE,ACTIVE,SHADOW,ACTIVE,SHADOW,SHADOW,SHADOW,SHADOW,False,False,False,premium_target_gate_v4_walkforward_provenance,True,t_limit_active__t_touch_active__t1_shadow,partial,0.395772,0.177479,validated_platt_v1,0.536577,0.493771,validated_base_rate_v1,66.573,54.5053,65.2086,79.9891,67.2687,67.2687,9,0.6132915577212738,0.05,0.21773571489086788,0.11897272738785836,0.177479,0.177479,0.177479,0.495946,0.504649,0.158381,49.569,57.6679,48.8625,50.106,0.0,0.0,79.5348,79.5348,0.139681,50.0,50.0,55.159,50.0956,50.0,0.0,0.08,0.462,0.1675,0.0905,43.9702,0.439702,49.7948,0.497948,0,0,WATCH,RANK_ONLY,t1_accept<0.52;t1_high_profit<0.50;t1_evidence<0.35,model_validated_professional_score,15,15,5540.0,0.7384476534296028,0.01339425552579666,0.011760095887884958,135.0,0.024368231046931407,280.0,0.05054151624548736,2092583847.08263,0.5766788324405187,5.2288,7.8735,1.67,,,418855.632,,,10.0091,0.0661911371692019,0.0511736569401522,0.0425703430711027,-0.0674518201284795,0.1295446724694246,2.0,8.0,1.0,8.0,2.0,0.0,2.0,64290980.0,64290980.0,,,,,,,,,,,,,,,,,0.5428116469517741,680760.0,12.09,9.89,1.0,0.0,1.6631413710282312,0,1.0,0.696422,0.0,0.0,0.0,0,0.0,0.5,0.0,0.5428116469517741,0.4886250329026387,0.5010595693903548,0.0,0.0,0.0008685043332958781,0.0008685043332958781,flat,high,0.953424,ehx:coldstart_v1,-0.12468899136843603,-0.050617906604043764,0.0008681274016361329,0.052354161407316024,0.12642524617170964,10.672706339929064,11.493259786525009,12.100500217389547,12.73982388205594,13.719304255870481,0.504537013625588,0.504537013625588,11,27,27,0.197844116563538,0.0,0.237516,,,,19,,,0.7172191099706379,
16,20260820,20260820,20260821,20260824,603036.SH,如通股份,1→2,专用设备,15.49,MAIN_BOARD_10PCT,TOP20,0,1,TOP20,只观察不追,≤15.57,只观察不追,≤15.57,观察池：t_attack<0.55;t1_accept<0.52;t1_evidence<0.35；若竞价弱于预期不追,观察池：t_attack<0.55;t1_accept<0.52;t1_evidence<0.35；若竞价弱于预期不追,只观察不追,≤15.57,只观察不追,≤15.57,观察池：t_attack<0.55;t1_accept<0.52;t1_evidence<0.35；若竞价弱于预期不追,观察池：t_attack<0.55;t1_accept<0.52;t1_evidence<0.35；若竞价弱于预期不追,0.179873,0.179873,61.7063,61.7063,0.493771,0.493771,65.2052,65.2052,0.435407,61.7063,0.61779,56.1163,0.43836486822716225,0.4163830026226803,0.2738591151296338,0.2903087156624917,0.2057246754245428,0.46727324873822335,0.326844896599565,0.5253399037274686,0.57545805282104,-0.020918870863454526,0.02263045209521267,-0.037407870220759164,0.0234659193042784,0.3342384002129222,limitup_probability_engine:model_v2_target_gated,0.435407,0.61779,73.0508,63.0508,77.9661,True,True,False,True,False,ACTIVE,ACTIVE,SHADOW,ACTIVE,SHADOW,SHADOW,SHADOW,SHADOW,False,False,False,premium_target_gate_v4_walkforward_provenance,True,t_limit_active__t_touch_active__t1_shadow,partial,0.435407,0.179873,validated_platt_v1,0.61779,0.493771,validated_base_rate_v1,63.3087,63.8273,68.2102,82.2779,66.6587,66.6587,11,0.6132915577212738,0.05,0.21773571489086788,0.11897272738785836,0.179873,0.179873,0.179873,0.503654,0.492702,0.157015,53.423,57.6679,49.4018,50.4668,0.0,0.0,80.74,80.74,0.13723,50.0,50.0,52.9063,50.4818,50.0,0.0,0.08,0.462,0.1675,0.0905,44.1473,0.441473,49.7751,0.497751,0,0,WATCH,RANK_ONLY,t_attack<0.55;t1_accept<0.52;t1_evidence<0.35,model_validated_professional_score,16,16,5540.0,0.7384476534296028,0.01339425552579666,0.011760095887884958,135.0,0.024368231046931407,280.0,0.05054151624548736,2092583847.08263,0.5766788324405187,9.0648,11.6916,3.09,,,319103.294,,,10.0142,0.0382513407250161,0.0286114773215932,0.0317855631447513,-0.042713567839196,0.0889360082174105,3.0,5.0,1.0,5.0,3.0,0.0,3.0,15658841.0,15658841.0,,,,,,,,,,,,,,,,,0.5565340909090913,4330526.0,15.49,12.67,1.0,0.0,1.5194382069271055,0,1.0,0.69848,0.0,0.0,0.0,0,0.0,0.5,0.0,0.5565340909090913,0.4940178727272728,0.5046684181818183,0.0,0.0,0.012174238893491797,0.012174238893491797,up,high,0.938635,ehx:coldstart_v1,-0.1454359577497525,-0.05249886758679986,0.01210072886489086,0.07670032531658158,0.1696374154795359,13.39335511037994,14.697770077093786,15.678578960460188,16.724839001426997,18.353716166972593,0.550270468730484,0.550270468730484,14,16,16,0.1628722672234943,0.0,0.232933,,,,37,,,0.7603943510989472,
17,20260820,20260820,20260821,20260824,001360.SZ,南矿集团,1→2,专用设备,18.11,MAIN_BOARD_10PCT,TOP20,0,1,TOP20,只观察不追,≤18.20,只观察不追,≤18.20,观察池：t_attack<0.55;t1_accept<0.52;t1_high_profit<0.50;t1_evidence<0.35；若竞价弱于预期不追,观察池：t_attack<0.55;t1_accept<0.52;t1_high_profit<0.50;t1_evidence<0.35；若竞价弱于预期不追,只观察不追,≤18.20,只观察不追,≤18.20,观察池：t_attack<0.55;t1_accept<0.52;t1_high_profit<0.50;t1_evidence<0.35；若竞价弱于预期不追,观察池：t_attack<0.55;t1_accept<0.52;t1_high_profit<0.50;t1_evidence<0.35；若竞价弱于预期不追,0.164507,0.164507,54.4319,54.4319,0.493771,0.493771,59.0093,59.0093,0.207619,54.4319,0.61233,44.5439,0.5005661569807891,0.8281889224838945,0.311803039676346,0.2984560963185241,0.5313074020949401,0.6701379719010757,0.552195580850473,0.4723683793528101,0.5307309599157957,0.022897594908265914,0.0558858913972948,-0.01456959061669326,0.040804044824213015,0.47262089933878504,limitup_probability_engine:model_v2_target_gated,0.207619,0.61233,70.0,62.2034,74.5763,True,True,False,True,False,ACTIVE,ACTIVE,SHADOW,ACTIVE,SHADOW,SHADOW,SHADOW,SHADOW,False,False,False,premium_target_gate_v4_walkforward_provenance,True,t_limit_active__t_touch_active__t1_shadow,partial,0.207619,0.164507,validated_platt_v1,0.61233,0.493771,validated_base_rate_v1,60.458,62.1324,61.1337,76.5089,62.5984,62.5984,17,0.6132915577212738,0.05,0.21773571489086788,0.11897272738785836,0.164507,0.164507,0.164507,0.498477,0.500725,0.153686,50.8348,57.6679,50.0857,50.9246,0.0,0.0,77.9567,77.9567,0.137941,50.0,50.0,50.9082,50.1728,50.0,0.0,0.08,0.462,0.1675,0.0905,42.1691,0.421691,47.2764,0.472764,0,0,WATCH,RANK_ONLY,t_attack<0.55;t1_accept<0.52;t1_high_profit<0.50;t1_evidence<0.35,model_validated_professional_score,17,17,5540.0,0.7384476534296028,0.01339425552579666,0.011760095887884958,135.0,0.024368231046931407,280.0,0.05054151624548736,2092583847.08263,0.5766788324405187,4.7882,7.4978,0.96,,,369444.0,,,10.0243,0.053829321867077,0.0497537265052523,0.0406190660190003,-0.0727699530516431,0.131202603446822,3.0,5.0,1.0,5.0,3.0,0.0,0.0,66385827.0,66385827.0,,,,,,,,,,,,,,,,,0.573936816524909,423360.0,18.11,14.81,1.0,0.0,2.3324084900187083,0,1.0,0.701091,0.0,0.0,0.0,0,0.0,0.5,0.0,0.573936816524909,0.5008572739489673,0.5092455833049818,0.0,0.0,0.0031196682638979082,0.0031196682638979082,up,high,0.976878,ehx:coldstart_v1,-0.0979280179794488,-0.038318876641555324,0.003114812195785996,0.04454850103312731,0.10415764237102186,16.420593591949004,17.429172717264965,18.16649719225919,18.93501347367157,20.098032290268154,0.520219835635472,0.520219835635472,18,23,23,0.1518058421564097,0.0,0.230543,,,,48,,,0.6510483586049849,
18,20260820,20260820,20260821,20260824,001210.SZ,金房能源,1→2,电力,29.76,MAIN_BOARD_10PCT,TOP20,0,1,TOP20,只观察不追,≤29.91,只观察不追,≤29.91,观察池：t_attack<0.55;t1_accept<0.52;t1_evidence<0.35；若竞价弱于预期不追,观察池：t_attack<0.55;t1_accept<0.52;t1_evidence<0.35；若竞价弱于预期不追,只观察不追,≤29.91,只观察不追,≤29.91,观察池：t_attack<0.55;t1_accept<0.52;t1_evidence<0.35；若竞价弱于预期不追,观察池：t_attack<0.55;t1_accept<0.52;t1_evidence<0.35；若竞价弱于预期不追,0.175978,0.175978,48.3276,48.3276,0.493771,0.493771,58.2877,58.2877,0.371373,48.3276,0.578609,48.8119,0.5650934768466468,0.821267823919592,0.1956638562700792,0.4203303660513787,0.27652070347005836,0.5710843989363585,0.33492475261839333,0.6213199238944658,0.7558217278240155,0.01494248955064197,0.04986809696307754,-0.036399606108173624,0.025094088200369874,0.38983884338980834,limitup_probability_engine:model_v2_target_gated,0.371373,0.578609,58.9831,73.2203,67.7966,True,True,False,True,False,ACTIVE,ACTIVE,SHADOW,ACTIVE,SHADOW,SHADOW,SHADOW,SHADOW,False,False,False,premium_target_gate_v4_walkforward_provenance,True,t_limit_active__t_touch_active__t1_shadow,partial,0.371373,0.175978,validated_platt_v1,0.578609,0.493771,validated_base_rate_v1,55.7988,58.7426,56.7932,77.4475,58.7381,58.7381,19,0.6132915577212738,0.05,0.21773571489086788,0.11897272738785836,0.175978,0.175978,0.175978,0.501725,0.49569,0.154594,52.4589,57.6679,54.8039,54.082,0.0,0.0,78.9061,78.9061,0.137235,50.0,50.0,51.175,50.5679,50.0,0.0,0.08,0.462,0.1675,0.0905,42.8468,0.428468,46.8197,0.468197,0,0,WATCH,RANK_ONLY,t_attack<0.55;t1_accept<0.52;t1_evidence<0.35,model_validated_professional_score,18,18,5540.0,0.7384476534296028,0.01339425552579666,0.011760095887884958,135.0,0.024368231046931407,280.0,0.05054151624548736,2092583847.08263,0.5766788324405187,3.7228,4.9482,0.41,,,653344.4928,,,10.0185,0.0455105576570109,0.0435055999306825,0.0429156771300517,-0.0630530973451325,0.1164665414082713,,,0.0,,,0.0,1.0,130432544.0,130432544.0,,,,,,,,,,,,,,,,,0.6939926062846571,3786175.0,29.76,24.35,1.0,0.0,1.6619133102060886,0,1.0,0.719099,0.0,0.0,0.0,0,0.0,0.5,0.0,0.6939926062846571,0.5480391182624766,0.5408201012569315,0.0,0.0,0.010283926098240984,0.010283926098240984,up,high,0.960756,ehx:coldstart_v1,-0.1098080944510793,-0.038992069664518424,0.010231406296517859,0.05945488225755414,0.13027090704411629,26.665140563884624,28.6219280847877,30.066049640683655,31.583034459390742,33.90071538645448,0.5557477889428339,0.5557477889428339,19,19,19,0.1652184503882205,0.0,0.210768,,,,34,,,0.6741706124282572,
19,20260820,20260820,20260821,20260824,603637.SH,镇海股份,1→2,专业工程,14.06,MAIN_BOARD_10PCT,TOP20,0,1,TOP20,只观察不追,≤14.13,只观察不追,≤14.13,观察池：t_attack<0.55;t1_accept<0.52;t1_high_profit<0.50;t1_evidence<0.35；若竞价弱于预期不追,观察池：t_attack<0.55;t1_accept<0.52;t1_high_profit<0.50;t1_evidence<0.35；若竞价弱于预期不追,只观察不追,≤14.13,只观察不追,≤14.13,观察池：t_attack<0.55;t1_accept<0.52;t1_high_profit<0.50;t1_evidence<0.35；若竞价弱于预期不追,观察池：t_attack<0.55;t1_accept<0.52;t1_high_profit<0.50;t1_evidence<0.35；若竞价弱于预期不追,0.165047,0.165047,44.7635,44.7635,0.493771,0.493771,60.1496,60.1496,0.214149,44.7635,0.513361,39.9057,0.493994369017611,0.70940537848468,0.43007547725504675,0.3120674235353892,0.5808712911398345,0.7074357078107033,0.6566998111004974,0.3655380141343236,0.4694877156286255,0.01287989957636745,0.0572563205456905,0.010235259904990399,0.04005112061582731,0.5279663021679155,limitup_probability_engine:model_v2_target_gated,0.214149,0.513361,76.9492,61.0169,52.5424,True,True,False,True,False,ACTIVE,ACTIVE,SHADOW,ACTIVE,SHADOW,SHADOW,SHADOW,SHADOW,False,False,False,premium_target_gate_v4_walkforward_provenance,True,t_limit_active__t_touch_active__t1_shadow,partial,0.214149,0.165047,validated_platt_v1,0.513361,0.493771,validated_base_rate_v1,63.2908,51.1155,56.0106,76.3005,62.6447,62.6447,16,0.6132915577212738,0.05,0.21773571489086788,0.11897272738785836,0.165047,0.165047,0.165047,0.491153,0.512078,0.160185,47.1725,57.6679,49.2742,50.3814,0.0,0.0,77.5659,77.5659,0.141415,50.0,50.0,50.6655,49.8295,50.0,0.0,0.08,0.462,0.1675,0.0905,40.9117,0.409117,46.345,0.46345,0,0,WATCH,RANK_ONLY,t_attack<0.55;t1_accept<0.52;t1_high_profit<0.50;t1_evidence<0.35,model_validated_professional_score,19,19,5540.0,0.7384476534296028,0.01339425552579666,0.011760095887884958,135.0,0.024368231046931407,280.0,0.05054151624548736,2092583847.08263,0.5766788324405187,4.6753,5.9343,1.73,,,335592.3754,,,10.0156,0.057835864285932,0.0437211993305114,0.0414598809292321,-0.0779220779220779,0.1429671821734844,2.0,9.0,1.0,9.0,2.0,0.0,0.0,48580112.0,48580112.0,,,,,,,,,,,,,,,,,0.5532863849765259,633100.0,14.06,11.5,1.0,0.0,2.3103052467036336,0,1.0,0.697993,0.0,0.0,0.0,0,0.0,0.5,0.0,0.5532863849765259,0.4927415585915494,0.5038143369953052,0.0,0.0,-0.0055572232706311885,-0.0055572232706311885,down,high,0.95626,ehx:coldstart_v1,-0.12841060378941638,-0.05594370396486146,-0.00557272208278123,0.044798259799299,0.11726515962385523,12.365660081345824,13.295028686953904,13.981865440814925,14.70418498584264,15.809310616581213,0.4702580465770922,0.4702580465770922,17,34,34,0.1814333124620611,0.0,0.227595,,,,27,,,0.658944336538897,
20,20260820,20260820,20260821,20260824,002365.SZ,永安药业,1→2,化学制药,15.76,MAIN_BOARD_10PCT,TOP20,0,1,TOP20,只观察不追,≤15.84,只观察不追,≤15.84,观察池：t_attack<0.55;t1_accept<0.52;t1_high_profit<0.50;t1_evidence<0.35；若竞价弱于预期不追,观察池：t_attack<0.55;t1_accept<0.52;t1_high_profit<0.50;t1_evidence<0.35；若竞价弱于预期不追,只观察不追,≤15.84,只观察不追,≤15.84,观察池：t_attack<0.55;t1_accept<0.52;t1_high_profit<0.50;t1_evidence<0.35；若竞价弱于预期不追,观察池：t_attack<0.55;t1_accept<0.52;t1_high_profit<0.50;t1_evidence<0.35；若竞价弱于预期不追,0.150863,0.150863,42.1117,42.1117,0.493771,0.493771,51.5104,51.5104,0.085643,42.1117,0.539511,35.681,0.6699538822596125,0.6903477212228525,0.24592227035922518,0.35248286928842504,0.7383295033799813,0.8616426149602867,0.8221005736770228,0.23828686328647797,0.50365569787967,0.021568835214753616,0.060973500928496856,0.027964016397544686,0.08216757050364368,0.6096711778605809,limitup_probability_engine:model_v2_target_gated,0.085643,0.539511,60.5085,63.0508,61.0169,True,True,False,True,False,ACTIVE,ACTIVE,SHADOW,ACTIVE,SHADOW,SHADOW,SHADOW,SHADOW,False,False,False,premium_target_gate_v4_walkforward_provenance,True,t_limit_active__t_touch_active__t1_shadow,partial,0.085643,0.150863,validated_platt_v1,0.539511,0.493771,validated_base_rate_v1,53.7266,55.3527,51.7077,87.1504,57.3448,57.3448,20,0.6132915577212738,0.05,0.21773571489086788,0.11897272738785836,0.150863,0.150863,0.150863,0.497207,0.502695,0.159526,50.1995,57.6679,66.2774,61.7602,0.0,0.0,85.4994,85.4994,0.139581,50.0,50.0,49.5598,51.2588,50.0,0.0,0.08,0.462,0.1675,0.0905,42.5186,0.425186,46.2251,0.462251,0,0,WATCH,RANK_ONLY,t_attack<0.55;t1_accept<0.52;t1_high_profit<0.50;t1_evidence<0.35,model_validated_professional_score,20,20,5540.0,0.7384476534296028,0.01339425552579666,0.011760095887884958,135.0,0.024368231046931407,280.0,0.05054151624548736,2092583847.08263,0.5766788324405187,29.8079,33.0055,2.32,,,464419.62,,,9.9791,0.0706333038533794,0.056761043634169,0.0496013416995868,-0.0784565916398714,0.1526489291069081,12.0,2.0,1.0,2.0,12.0,0.0,5.0,26855040.0,26855040.0,,,,,,,,,,,,,,,,,0.9859385903698532,20912717.0,15.76,12.9,1.0,0.0,1.450003350049281,0,1.0,0.762891,0.0,0.0,0.0,0,0.0,0.5,0.0,0.9859385903698532,0.6627739125331471,0.6176019380739706,0.0,0.0,0.0019612563286014765,0.0019612563286014765,flat,high,0.941883,ehx:coldstart_v1,-0.13825505835783752,-0.05553707024193298,0.001959335576389829,0.059455741394712644,0.14217372951061868,13.725014255839637,14.908596817511299,15.79090939973876,16.725438532073905,18.16776398353576,0.5091688593005225,0.5091688593005225,21,25,25,0.1594299615946484,0.0,0.231761,,,,42,,,0.8336070340349625,
21,20260820,20260820,20260821,20260824,002552.SZ,宝鼎科技,1→2,元件,57.04,MAIN_BOARD_10PCT,FULL,0,0,Outside TOP20,只观察不追,≤57.33,只观察不追,≤57.33,观察池：t_attack<0.55;t1_accept<0.52;t1_high_profit<0.50;t1_evidence<0.35；若竞价弱于预期不追,观察池：t_attack<0.55;t1_accept<0.52;t1_high_profit<0.50;t1_evidence<0.35；若竞价弱于预期不追,只观察不追,≤57.33,只观察不追,≤57.33,观察池：t_attack<0.55;t1_accept<0.52;t1_high_profit<0.50;t1_evidence<0.35；若竞价弱于预期不追,观察池：t_attack<0.55;t1_accept<0.52;t1_high_profit<0.50;t1_evidence<0.35；若竞价弱于预期不追,0.200339,0.200339,52.9745,52.9745,0.493771,0.493771,58.2557,58.2557,0.744914,52.9745,0.519354,64.1231,0.32650958866831614,0.899999366094858,0.09005363496996255,0.3617943532570975,0.1500195189632226,0.4843134252463887,0.21151606145511687,0.561425861779811,0.8391477376338314,-0.013730402976643354,0.052702342020144365,-0.0254258281744019,0.023568179075617965,0.26397830125639477,limitup_probability_engine:model_v2_target_gated,0.744914,0.519354,47.2881,68.9831,54.2373,True,True,False,True,False,ACTIVE,ACTIVE,SHADOW,ACTIVE,SHADOW,SHADOW,SHADOW,SHADOW,False,False,False,premium_target_gate_v4_walkforward_provenance,True,t_limit_active__t_touch_active__t1_shadow,partial,0.744914,0.200339,validated_platt_v1,0.519354,0.493771,validated_base_rate_v1,48.9252,51.9629,58.9033,85.6126,55.6145,55.6145,22,0.6132915577212738,0.05,0.21773571489086788,0.11897272738785836,0.200339,0.200339,0.200339,0.493609,0.508272,0.15782,48.4005,57.6679,51.7183,52.0171,0.0,0.0,83.088,83.088,0.140209,50.0,50.0,48.0287,50.3159,50.0,0.0,0.08,0.462,0.1675,0.0905,40.9846,0.409846,44.6421,0.446421,0,0,WATCH,RANK_ONLY,t_attack<0.55;t1_accept<0.52;t1_high_profit<0.50;t1_evidence<0.35,model_validated_professional_score,21,21,5540.0,0.7384476534296028,0.01339425552579666,0.011760095887884958,135.0,0.024368231046931407,280.0,0.05054151624548736,2092583847.08263,0.5766788324405187,10.4504,28.7596,0.9,,,2213068.1512,,,10.0096,0.0729728791408258,0.0705481467502849,0.0770617744590769,-0.1966717095310135,0.2985384182247993,,,0.0,,,0.0,5.0,65533256.0,65533256.0,,,,,,,,,,,,,,,,,0.6154773384763742,27407232.0,57.04,46.67,1.0,0.0,1.2480168119765904,0,1.0,0.707322,0.0,0.0,0.0,0,0.0,0.5,0.0,0.6154773384763742,0.5171826818514947,0.5201707076952748,0.0,0.0,-4.7751503303484295e-05,-4.7751503303484295e-05,flat,high,0.964408,ehx:coldstart_v1,-0.11099208411489028,-0.04554165755963224,-4.775264344281389e-05,0.04544615227274662,0.11089657882800584,51.04771032512262,54.500567722764885,57.037276254251566,59.692054935143865,63.72961415475591,0.49971755779967486,0.49971755779967486,20,31,31,0.262735317245255,0.0,0.281285,,,,2,,,0.7978196079912218,
22,20260820,20260820,20260821,20260824,002030.SZ,达安基因,1→2,医疗器械,5.97,MAIN_BOARD_10PCT,FULL,0,0,Outside TOP20,只观察不追,≤6.00,只观察不追,≤6.00,观察池：t_attack<0.55;t1_accept<0.52;t1_evidence<0.35；若竞价弱于预期不追,观察池：t_attack<0.55;t1_accept<0.52;t1_evidence<0.35；若竞价弱于预期不追,只观察不追,≤6.00,只观察不追,≤6.00,观察池：t_attack<0.55;t1_accept<0.52;t1_evidence<0.35；若竞价弱于预期不追,观察池：t_attack<0.55;t1_accept<0.52;t1_evidence<0.35；若竞价弱于预期不追,0.168046,0.168046,35.7189,35.7189,0.493771,0.493771,47.5827,47.5827,0.252777,35.7189,0.599894,41.5588,0.6230277920430526,0.8704346212537923,0.17858178543681277,0.3120132673706341,0.2885910794597561,0.5749913340564489,0.30998264500109135,0.6637997470770184,0.6561279468118144,0.020229188138101647,0.06131678306250878,-0.03696278218545161,0.015767911696245543,0.3771099136181642,limitup_probability_engine:model_v2_target_gated,0.252777,0.599894,52.8814,50.1695,69.4915,True,True,False,True,False,ACTIVE,ACTIVE,SHADOW,ACTIVE,SHADOW,SHADOW,SHADOW,SHADOW,False,False,False,premium_target_gate_v4_walkforward_provenance,True,t_limit_active__t_touch_active__t1_shadow,partial,0.252777,0.168046,validated_platt_v1,0.599894,0.493771,validated_base_rate_v1,46.2936,59.59,44.4822,78.8366,50.4357,50.4357,27,0.6132915577212738,0.05,0.21773571489086788,0.11897272738785836,0.168046,0.168046,0.168046,0.50506,0.490521,0.15087,54.1264,57.6679,58.2426,56.3832,0.0,0.0,80.2144,80.2144,0.135485,50.0,50.0,44.1116,50.9245,50.0,0.0,0.08,0.462,0.1675,0.0905,40.3112,0.403112,42.8423,0.428423,0,0,WATCH,RANK_ONLY,t_attack<0.55;t1_accept<0.52;t1_evidence<0.35,model_validated_professional_score,22,22,5540.0,0.7384476534296028,0.01339425552579666,0.011760095887884958,135.0,0.024368231046931407,280.0,0.05054151624548736,2092583847.08263,0.5766788324405187,2.5611,3.7459,1.31,,,837857.262,,,9.9448,0.0471099781667626,0.0338701550455569,0.026390385852395,-0.0589254766031195,0.0946042172439691,4.0,3.0,1.0,3.0,4.0,0.0,1.0,84974263.0,84974263.0,,,,,,,,,,,,,,,,,0.7814917127071829,6689202.0,5.97,4.89,1.0,0.0,1.8554833692782435,0,1.0,0.732224,0.0,0.0,0.0,0,0.0,0.5,0.0,0.7814917127071829,0.5824262965745859,0.5638324225414366,0.0,0.0,0.014265842360458766,0.014265842360458766,up,high,0.975244,ehx:coldstart_v1,-0.09117328965524864,-0.029030062526601962,0.014165042761045615,0.05736014804869319,0.119503375177341,5.4497712632540765,5.799181952183376,6.055167078891938,6.322451796755997,6.727814174608855,0.5875264078115174,0.5875264078115174,26,14,14,0.211816490639243,0.0,0.252456,,,,11,,,0.6877398054204146,
23,20260820,20260820,20260821,20260824,600127.SH,金健米业,4→5,农产品加,8.6,MAIN_BOARD_10PCT,FULL,0,0,Outside TOP20,只观察不追,≤8.64,只观察不追,≤8.64,观察池：t_attack<0.55;t1_accept<0.52;t1_high_profit<0.50;t1_evidence<0.35；若竞价弱于预期不追,观察池：t_attack<0.55;t1_accept<0.52;t1_high_profit<0.50;t1_evidence<0.35；若竞价弱于预期不追,只观察不追,≤8.64,只观察不追,≤8.64,观察池：t_attack<0.55;t1_accept<0.52;t1_high_profit<0.50;t1_evidence<0.35；若竞价弱于预期不追,观察池：t_attack<0.55;t1_accept<0.52;t1_high_profit<0.50;t1_evidence<0.35；若竞价弱于预期不追,0.151267,0.151267,38.7968,38.7968,0.493771,0.493771,43.5603,43.5603,0.088143,38.7968,0.428485,32.083,0.5464030681994735,0.4097669515450537,0.18066813019342065,0.3171540522825548,0.8135914613324285,0.8412115377388759,0.8680457065851194,0.17222480496142703,0.2245379794839291,0.02809802689538823,0.04325664885992653,0.07294863758361593,0.11830212717978099,0.5868990252629362,limitup_probability_engine:model_v2_target_gated,0.088143,0.428485,47.9661,58.8136,33.8983,True,True,False,True,False,ACTIVE,ACTIVE,SHADOW,ACTIVE,SHADOW,SHADOW,SHADOW,SHADOW,False,False,False,premium_target_gate_v4_walkforward_provenance,True,t_limit_active__t_touch_active__t1_shadow,partial,0.088143,0.151267,validated_platt_v1,0.428485,0.493771,validated_base_rate_v1,45.2779,41.7934,40.2272,86.0117,48.8502,48.8502,32,0.6132915577212738,0.05,0.21773571489086788,0.11897272738785836,0.151267,0.151267,0.151267,0.489859,0.514084,0.163854,46.5255,57.6679,54.8641,54.1223,0.0,0.0,83.4416,83.4416,0.130583,50.0,50.0,45.5007,51.9347,50.0,0.0,0.08,0.462,0.1675,0.0905,40.4635,0.404635,42.5602,0.425602,0,0,WATCH,RANK_ONLY,t_attack<0.55;t1_accept<0.52;t1_high_profit<0.50;t1_evidence<0.35,model_validated_professional_score,23,23,5540.0,0.7384476534296028,0.01339425552579666,0.011760095887884958,135.0,0.024368231046931407,280.0,0.05054151624548736,2092583847.08263,0.5766788324405187,43.4074,55.1809,7.71,,,551933.552,,,9.9744,0.0557864011592374,0.055203952841375,0.0472213909976693,-0.0712025316455696,0.1317062464369539,,,0.0,,,0.0,9.0,54634940.0,54634940.0,,,,,,,,,,,,,,,,,0.6955242966751921,315289729.0,8.6,7.04,1.0,0.0,1.167821447907288,0,1.0,0.719329,0.0,0.0,0.0,0,0.0,0.5,0.0,0.6955242966751921,0.5486411268030692,0.5412230393350385,0.0,0.0,-0.006876059334617625,-0.006876059334617625,down,high,0.935808,ehx:coldstart_v1,-0.2252651323715477,-0.09644283553223848,-0.006899808359685365,0.08264321881286776,0.21146551565217928,6.865418995186539,7.809331522878595,8.540865889722287,9.340926292156304,10.625191295296878,0.47927496894172256,0.47927496894172256,35,36,36,0.1485555836388295,0.0,0.193687,,,,51,,,0.8193609280613671,
24,20260820,20260820,20260821,20260824,002743.SZ,富煌钢构,1→2,专业工程,4.42,MAIN_BOARD_10PCT,FULL,0,0,Outside TOP20,只观察不追,≤4.44,只观察不追,≤4.44,观察池：t_attack<0.55;t1_accept<0.52;t1_high_profit<0.50;t1_evidence<0.35；若竞价弱于预期不追,观察池：t_attack<0.55;t1_accept<0.52;t1_high_profit<0.50;t1_evidence<0.35；若竞价弱于预期不追,只观察不追,≤4.44,只观察不追,≤4.44,观察池：t_attack<0.55;t1_accept<0.52;t1_high_profit<0.50;t1_evidence<0.35；若竞价弱于预期不追,观察池：t_attack<0.55;t1_accept<0.52;t1_high_profit<0.50;t1_evidence<0.35；若竞价弱于预期不追,0.132792,0.132792,37.1978,37.1978,0.493771,0.493771,50.1905,50.1905,0.020719,37.1978,0.340344,26.5641,0.44953394992979423,0.6849751530764416,0.3934222222124875,0.6303304239480144,0.37800622818559954,0.7070464126107704,0.731477852923408,0.3861176668167946,0.30569615903719055,0.02116200747597733,0.07044590576863355,0.020159938684937945,0.053761600967786344,0.5507879191134664,limitup_probability_engine:model_v2_target_gated,0.020719,0.340344,61.0169,72.8814,10.1695,True,True,False,True,False,ACTIVE,ACTIVE,SHADOW,ACTIVE,SHADOW,SHADOW,SHADOW,SHADOW,False,False,False,premium_target_gate_v4_walkforward_provenance,True,t_limit_active__t_touch_active__t1_shadow,partial,0.020719,0.132792,validated_platt_v1,0.340344,0.493771,validated_base_rate_v1,55.2794,29.929,48.0814,83.3968,55.7898,55.7898,21,0.6132915577212738,0.05,0.21773571489086788,0.11897272738785836,0.132792,0.132792,0.132792,0.474806,0.537415,0.171673,38.9994,57.6679,46.9747,48.8426,0.0,0.0,80.9959,80.9959,0.148503,50.0,50.0,47.4779,49.2558,50.0,0.0,0.08,0.462,0.1675,0.0905,37.6702,0.376702,42.2001,0.422001,0,0,WATCH,RANK_ONLY,t_attack<0.55;t1_accept<0.52;t1_high_profit<0.50;t1_evidence<0.35,model_validated_professional_score,24,24,5540.0,0.7384476534296028,0.01339425552579666,0.011760095887884958,135.0,0.024368231046931407,280.0,0.05054151624548736,2092583847.08263,0.5766788324405187,10.7159,16.0605,4.67,,,192388.677,,,9.9502,0.0745117747451942,0.0557604707692579,0.0439931743372667,-0.1006711409395973,0.1768734214828081,2.0,9.0,1.0,9.0,2.0,0.0,4.0,9900800.0,9900800.0,,,,,,,,,,,,,,,,,0.4947761194029859,8113770.0,4.42,3.62,1.0,0.0,1.4622904242493993,0,1.0,0.689216,0.0,0.0,0.0,0,0.0,0.5,0.0,0.4947761194029859,0.4697469229850749,0.48842594388059724,0.0,0.0,-0.026990924886232504,-0.026990924886232504,down,high,0.93034,ehx:coldstart_v1,-0.21044771697021686,-0.1024381717492252,-0.027361869898448295,0.047714431952328606,0.15572397717332223,3.581178653753492,3.98964208687387,4.300700112002852,4.6360102110999435,5.164786022053215,0.40291055887712,0.40291055887712,22,58,58,0.1497590790756352,0.0,0.181762,,,,50,,,0.7820749865024192,
25,20260820,20260820,20260821,20260824,603882.SH,金域医学,1→2,医疗服务,30.76,MAIN_BOARD_10PCT,FULL,0,0,Outside TOP20,只观察不追,≤30.91,只观察不追,≤30.91,观察池：t_attack<0.55;t1_accept<0.52;t1_evidence<0.35；若竞价弱于预期不追,观察池：t_attack<0.55;t1_accept<0.52;t1_evidence<0.35；若竞价弱于预期不追,只观察不追,≤30.91,只观察不追,≤30.91,观察池：t_attack<0.55;t1_accept<0.52;t1_evidence<0.35；若竞价弱于预期不追,观察池：t_attack<0.55;t1_accept<0.52;t1_evidence<0.35；若竞价弱于预期不追,0.180427,0.180427,44.5602,44.5602,0.493771,0.493771,47.9589,47.9589,0.444663,44.5602,0.617639,51.8507,0.3572347128948105,0.7491107352068149,0.1059086002227402,0.19152698036146681,0.3277424203263964,0.5789351584225615,0.3073187604748635,0.7447437434152796,0.7650675704623937,0.009757232279819469,0.04695292723278961,-0.029009795301618003,0.025104575523604566,0.30240872633882065,limitup_probability_engine:model_v2_target_gated,0.444663,0.617639,46.2712,46.2712,76.2712,True,True,False,True,False,ACTIVE,ACTIVE,SHADOW,ACTIVE,SHADOW,SHADOW,SHADOW,SHADOW,False,False,False,premium_target_gate_v4_walkforward_provenance,True,t_limit_active__t_touch_active__t1_shadow,partial,0.444663,0.180427,validated_platt_v1,0.617639,0.493771,validated_base_rate_v1,42.7127,62.9799,50.4649,78.3833,49.6578,49.6578,30,0.6132915577212738,0.05,0.21773571489086788,0.11897272738785836,0.180427,0.180427,0.180427,0.503033,0.493663,0.152063,53.1129,57.6679,56.4315,55.1712,0.0,0.0,79.7308,79.7308,0.136313,50.0,50.0,42.7713,50.7364,50.0,0.0,0.08,0.462,0.1675,0.0905,39.3254,0.393254,41.9085,0.419085,0,0,WATCH,RANK_ONLY,t_attack<0.55;t1_accept<0.52;t1_evidence<0.35,model_validated_professional_score,25,25,5540.0,0.7384476534296028,0.01339425552579666,0.011760095887884958,135.0,0.024368231046931407,280.0,0.05054151624548736,2092583847.08263,0.5766788324405187,2.3673,4.0737,1.12,,,1424982.5308,,,10.0143,0.0500617832074891,0.0436922100000049,0.0328281846329256,-0.1112523839796567,0.1562795750263641,4.0,4.0,1.0,4.0,4.0,0.0,1.0,98259744.0,98259744.0,,,,,,,,,,,,,,,,,0.7354077253218881,5764272.0,30.76,25.16,1.0,0.0,1.8719753899076204,0,1.0,0.725311,0.0,0.0,0.0,0,0.0,0.5,0.0,0.7354077253218881,0.5643152011158797,0.5517121650643776,0.0,0.0,0.011698299310216376,0.011698299310216376,up,high,0.973571,ehx:coldstart_v1,-0.09402362863096972,-0.031694157991699806,0.0116304032064665,0.05495496440463281,0.11728443504390383,27.999636165639416,29.80037527776762,31.119839686782257,32.4977257200358,34.587750226536315,0.5718419580336686,0.5718419580336686,25,17,17,0.2098271179764275,0.0,0.266052,,,,12,,,0.6816656512410504,
26,20260820,20260820,20260821,20260824,605116.SH,奥锐特,1→2,化学制药,22.0,MAIN_BOARD_10PCT,FULL,0,0,Outside TOP20,只观察不追,≤22.11,只观察不追,≤22.11,观察池：t_attack<0.55;t1_accept<0.52;t1_high_profit<0.50;t1_evidence<0.35；若竞价弱于预期不追,观察池：t_attack<0.55;t1_accept<0.52;t1_high_profit<0.50;t1_evidence<0.35；若竞价弱于预期不追,只观察不追,≤22.11,只观察不追,≤22.11,观察池：t_attack<0.55;t1_accept<0.52;t1_high_profit<0.50;t1_evidence<0.35；若竞价弱于预期不追,观察池：t_attack<0.55;t1_accept<0.52;t1_high_profit<0.50;t1_evidence<0.35；若竞价弱于预期不追,0.147728,0.147728,36.435,36.435,0.493771,0.493771,45.4455,45.4455,0.068173,36.435,0.521314,32.1302,0.4121802692754851,0.756172936742732,0.2215837636631273,0.2792076435506355,0.19483973446297265,0.5105841226488943,0.19605354932382335,0.6982890465906326,0.8173545777923309,0.005767310090854983,0.049715479186937014,-0.026979513194825645,0.018911736387491114,0.296720798757478,limitup_probability_engine:model_v2_target_gated,0.068173,0.521314,57.1186,48.1356,55.9322,True,True,False,True,False,ACTIVE,ACTIVE,SHADOW,ACTIVE,SHADOW,SHADOW,SHADOW,SHADOW,False,False,False,premium_target_gate_v4_walkforward_provenance,True,t_limit_active__t_touch_active__t1_shadow,partial,0.068173,0.147728,validated_platt_v1,0.521314,0.493771,validated_base_rate_v1,48.1721,52.8104,40.8441,75.5902,50.0705,50.0705,29,0.6132915577212738,0.05,0.21773571489086788,0.11897272738785836,0.147728,0.147728,0.147728,0.494764,0.506481,0.160756,48.978,57.6679,58.5377,56.5807,0.0,0.0,78.1592,78.1592,0.140533,50.0,50.0,43.9341,50.434,50.0,0.0,0.08,0.462,0.1675,0.0905,38.3505,0.383505,41.2805,0.412805,0,0,WATCH,RANK_ONLY,t_attack<0.55;t1_accept<0.52;t1_high_profit<0.50;t1_evidence<0.35,model_validated_professional_score,26,26,5540.0,0.7384476534296028,0.01339425552579666,0.011760095887884958,135.0,0.024368231046931407,280.0,0.05054151624548736,2092583847.08263,0.5766788324405187,2.008,7.1261,1.9,,,893603.04,,,10.0,0.0457626283203302,0.0345534226756405,0.0277825687021153,-0.055266887104393,0.0883563200325133,12.0,2.0,1.0,2.0,12.0,0.0,0.0,42266400.0,42266400.0,,,,,,,,,,,,,,,,,0.789,10444559.0,22.0,18.0,1.0,0.0,2.302467678116396,0,1.0,0.73335,0.0,0.0,0.0,0,0.0,0.5,0.0,0.789,0.585377,0.565807,0.0,0.0,0.0003186117694923582,0.0003186117694923582,flat,high,0.941255,ehx:coldstart_v1,-0.14032798735985882,-0.05735505433004154,0.00031856102354108073,0.0579921763771237,0.14096510940694248,19.119609160128572,20.77369242705836,22.007009458928835,23.313547508509206,25.330458445528546,0.5014862774100118,0.5014862774100118,32,29,29,0.159562899785245,0.0,0.238175,,,,41,,,0.6560968625634241,
27,20260820,20260820,20260821,20260824,603285.SH,键邦股份,1→2,化学制品,37.51,MAIN_BOARD_10PCT,FULL,0,0,Outside TOP20,只观察不追,≤37.70,只观察不追,≤37.70,观察池：t_attack<0.55;t1_accept<0.52;t1_high_profit<0.50;t1_evidence<0.35；若竞价弱于预期不追,观察池：t_attack<0.55;t1_accept<0.52;t1_high_profit<0.50;t1_evidence<0.35；若竞价弱于预期不追,只观察不追,≤37.70,只观察不追,≤37.70,观察池：t_attack<0.55;t1_accept<0.52;t1_high_profit<0.50;t1_evidence<0.35；若竞价弱于预期不追,观察池：t_attack<0.55;t1_accept<0.52;t1_high_profit<0.50;t1_evidence<0.35；若竞价弱于预期不追,0.154049,0.154049,39.4826,39.4826,0.493771,0.493771,48.133,48.133,0.107047,39.4826,0.452522,32.7052,0.3763593467186571,0.8040835488461423,0.2469000810508881,0.22900369557195246,0.20894599860482577,0.5072485025457838,0.22028988350938322,0.7257334617120114,0.6901381585686698,0.003941323194973585,0.06378342108028878,-0.03186216742040332,0.018631710251994723,0.2931524951529925,limitup_probability_engine:model_v2_target_gated,0.107047,0.452522,62.7119,47.4576,42.3729,True,True,False,True,False,ACTIVE,ACTIVE,SHADOW,ACTIVE,SHADOW,SHADOW,SHADOW,SHADOW,False,False,False,premium_target_gate_v4_walkforward_provenance,True,t_limit_active__t_touch_active__t1_shadow,partial,0.107047,0.154049,validated_platt_v1,0.452522,0.493771,validated_base_rate_v1,51.6613,46.0307,48.0963,75.4327,53.4317,53.4317,23,0.6132915577212738,0.05,0.21773571489086788,0.11897272738785836,0.154049,0.154049,0.154049,0.487139,0.5183,0.161472,45.1655,57.6679,47.981,49.516,0.0,0.0,76.9628,76.9628,0.142818,50.0,50.0,43.7317,49.5823,50.0,0.0,0.08,0.462,0.1675,0.0905,37.0656,0.370656,41.1571,0.411571,0,0,WATCH,RANK_ONLY,t_attack<0.55;t1_accept<0.52;t1_high_profit<0.50;t1_evidence<0.35,model_validated_professional_score,27,27,5540.0,0.7384476534296028,0.01339425552579666,0.011760095887884958,135.0,0.024368231046931407,280.0,0.05054151624548736,2092583847.08263,0.5766788324405187,7.614,7.614,0.59,,,600160.0,,,10.0,0.0736054019077119,0.0572707508049432,0.0568480521177695,-0.1761876127480457,0.2662450402112027,,,0.0,,,0.0,0.0,110436942.0,110436942.0,,,,,,,,,,,,,,,,,0.5203812316715541,2935950.0,37.51,30.69,1.0,0.0,2.1370916360280283,0,1.0,0.693057,0.0,0.0,0.0,0,0.0,0.5,0.0,0.5203812316715541,0.4798097834017595,0.4951601863343108,0.0,0.0,-0.01041739318675417,-0.01041739318675417,down,high,0.96012,ehx:coldstart_v1,-0.12877359965955706,-0.05898285118621473,-0.010472034035232277,0.03803878311575018,0.10782953158909377,32.97777878284921,35.361537314301806,37.11924358156485,38.964319673689154,41.78080801439905,0.44211773250044606,0.44211773250044606,24,40,40,0.1628936192434158,0.0,0.211277,,,,36,,,0.6435158758768654,
28,20260820,20260820,20260821,20260824,000523.SZ,红棉股份,1→2,综合Ⅱ,3.53,MAIN_BOARD_10PCT,FULL,0,0,Outside TOP20,只观察不追,≤3.55,只观察不追,≤3.55,观察池：t_attack<0.55;t1_accept<0.52;t1_high_profit<0.50;t1_evidence<0.35；若竞价弱于预期不追,观察池：t_attack<0.55;t1_accept<0.52;t1_high_profit<0.50;t1_evidence<0.35；若竞价弱于预期不追,只观察不追,≤3.55,只观察不追,≤3.55,观察池：t_attack<0.55;t1_accept<0.52;t1_high_profit<0.50;t1_evidence<0.35；若竞价弱于预期不追,观察池：t_attack<0.55;t1_accept<0.52;t1_high_profit<0.50;t1_evidence<0.35；若竞价弱于预期不追,0.156544,0.156544,44.9012,44.9012,0.493771,0.493771,46.9356,46.9356,0.12665,44.9012,0.424878,34.4508,0.4313068867498468,0.538339220450253,0.212254863873,0.23704381607873606,0.42000027760176556,0.8369468624483493,0.7554699120939775,0.3533437955017744,0.4414794736801295,0.0017661291571653469,0.04202954870540138,0.03703226381295784,0.09571769177359908,0.4808347077105217,limitup_probability_engine:model_v2_target_gated,0.12665,0.424878,56.1017,53.2203,32.2034,True,True,False,True,False,ACTIVE,ACTIVE,SHADOW,ACTIVE,SHADOW,SHADOW,SHADOW,SHADOW,False,False,False,premium_target_gate_v4_walkforward_provenance,True,t_limit_active__t_touch_active__t1_shadow,partial,0.12665,0.156544,validated_platt_v1,0.424878,0.493771,validated_base_rate_v1,49.5517,40.946,47.9577,78.7766,52.2513,52.2513,24,0.6132915577212738,0.05,0.21773571489086788,0.11897272738785836,0.156544,0.156544,0.156544,0.488366,0.516398,0.165751,45.779,57.6679,36.4,41.7659,0.0,0.0,77.1413,77.1413,0.143417,50.0,50.0,42.7357,49.0965,50.0,0.0,0.08,0.462,0.1675,0.0905,36.6981,0.366981,40.5864,0.405864,0,0,WATCH,RANK_ONLY,t_attack<0.55;t1_accept<0.52;t1_high_profit<0.50;t1_evidence<0.35,model_validated_professional_score,28,28,5540.0,0.7384476534296028,0.01339425552579666,0.011760095887884958,135.0,0.024368231046931407,280.0,0.05054151624548736,2092583847.08263,0.5766788324405187,15.0114,40.5409,3.48,,,647920.3805,,,9.9688,0.0369995532523874,0.0337498390665516,0.028818817212639,-0.0237288135593221,0.063758961282904,,,0.0,,,0.0,1.0,22625711.0,22625711.0,,,,,,,,,,,,,,,,,0.2257009345794392,14657415.0,3.53,2.89,1.0,0.0,1.5280865775628536,0,1.0,0.648855,0.0,0.0,0.0,0,0.0,0.5,0.0,0.2257009345794392,0.36400043644859814,0.41765928691588783,0.0,0.0,-0.00955925211631944,-0.00955925211631944,down,high,0.927791,ehx:coldstart_v1,-0.17171996972966616,-0.07608210887274118,-0.009605235043060026,0.056871638786621125,0.15250949964354787,2.9730189000144227,3.271392587768995,3.496255840029392,3.7365753485661433,4.111579949552407,0.4611817648604408,0.4611817648604408,29,38,38,0.1582623805554603,0.0,0.195273,,,,45,,,0.7123686037895791,
29,20260820,20260820,20260821,20260824,002579.SZ,中京电子,1→2,元件,15.29,MAIN_BOARD_10PCT,FULL,0,0,Outside TOP20,只观察不追,≤15.37,只观察不追,≤15.37,观察池：t_attack<0.55;t1_accept<0.52;t1_high_profit<0.50;t1_evidence<0.35；若竞价弱于预期不追,观察池：t_attack<0.55;t1_accept<0.52;t1_high_profit<0.50;t1_evidence<0.35；若竞价弱于预期不追,只观察不追,≤15.37,只观察不追,≤15.37,观察池：t_attack<0.55;t1_accept<0.52;t1_high_profit<0.50;t1_evidence<0.35；若竞价弱于预期不追,观察池：t_attack<0.55;t1_accept<0.52;t1_high_profit<0.50;t1_evidence<0.35；若竞价弱于预期不追,0.170907,0.170907,37.2675,37.2675,0.493771,0.493771,48.5096,48.5096,0.293097,37.2675,0.480965,40.157,0.3824624788908221,0.8679406056227851,0.21977072180103271,0.16603201052222102,0.14953668856324373,0.5835245049884531,0.2745457935667593,0.5821929751485488,0.5757074999310157,0.010099971423328231,0.06511672026221212,-0.019502598417410928,0.02802946233079534,0.2925048236186787,limitup_probability_engine:model_v2_target_gated,0.293097,0.480965,64.5763,31.8644,45.7627,True,True,False,True,False,ACTIVE,ACTIVE,SHADOW,ACTIVE,SHADOW,SHADOW,SHADOW,SHADOW,False,False,False,premium_target_gate_v4_walkforward_provenance,True,t_limit_active__t_touch_active__t1_shadow,partial,0.293097,0.170907,validated_platt_v1,0.480965,0.493771,validated_base_rate_v1,49.6048,47.7256,47.4452,73.6653,51.9032,51.9032,25,0.6132915577212738,0.05,0.21773571489086788,0.11897272738785836,0.170907,0.170907,0.170907,0.492062,0.510669,0.159834,47.6272,57.6679,52.0006,52.206,0.0,0.0,76.4307,76.4307,0.141084,50.0,50.0,41.611,49.936,50.0,0.0,0.08,0.462,0.1675,0.0905,36.6624,0.366624,40.4726,0.404726,0,0,WATCH,RANK_ONLY,t_attack<0.55;t1_accept<0.52;t1_high_profit<0.50;t1_evidence<0.35,model_validated_professional_score,29,29,5540.0,0.7384476534296028,0.01339425552579666,0.011760095887884958,135.0,0.024368231046931407,280.0,0.05054151624548736,2092583847.08263,0.5766788324405187,5.6999,7.9887,0.47,,,936693.8394,,,10.0,0.0600365121374786,0.0519191997334372,0.0554477228858301,-0.1497584541062802,0.2329687683518171,,,0.0,,,0.0,0.0,185184620.0,185184620.0,,,,,,,,,,,,,,,,,0.6226618705035974,2752750.0,15.29,12.51,1.0,0.0,2.229880165669824,0,1.0,0.708399,0.0,0.0,0.0,0,0.0,0.5,0.0,0.6226618705035974,0.5200060533812951,0.5220599541007195,0.0,0.0,-0.003097664361611751,-0.003097664361611751,down,high,0.955775,ehx:coldstart_v1,-0.12624502613323413,-0.05359838808837811,-0.003102472054840819,0.047393443978696465,0.12004008202355379,13.476588486366982,14.492055922123887,15.242636711910956,16.032092008187977,17.24011786561048,0.48347228736696096,0.48347228736696096,23,33,33,0.2058883484963226,0.0,0.238864,,,,13,,,0.6186642555533326,
30,20260820,20260820,20260821,20260824,601118.SH,海南橡胶,1→2,种植业,6.2,MAIN_BOARD_10PCT,FULL,0,0,Outside TOP20,只观察不追,≤6.23,只观察不追,≤6.23,观察池：t_attack<0.55;t1_accept<0.52;t1_high_profit<0.50;t1_evidence<0.35；若竞价弱于预期不追,观察池：t_attack<0.55;t1_accept<0.52;t1_high_profit<0.50;t1_evidence<0.35；若竞价弱于预期不追,只观察不追,≤6.23,只观察不追,≤6.23,观察池：t_attack<0.55;t1_accept<0.52;t1_high_profit<0.50;t1_evidence<0.35；若竞价弱于预期不追,观察池：t_attack<0.55;t1_accept<0.52;t1_high_profit<0.50;t1_evidence<0.35；若竞价弱于预期不追,0.170744,0.170744,40.6877,40.6877,0.493771,0.493771,46.9032,46.9032,0.29072,40.6877,0.438052,40.2503,0.2856463171638211,0.5137832222348184,0.14563498498068853,0.2621212560960274,0.4193259019617374,0.5464581874628921,0.42502549615816737,0.44560083242687026,0.643107218519333,-0.007436571607337654,0.033515704152183565,-0.015906646402063906,0.023452361095031193,0.33978490711245773,limitup_probability_engine:model_v2_target_gated,0.29072,0.438052,51.0169,52.5424,35.5932,True,True,False,True,False,ACTIVE,ACTIVE,SHADOW,ACTIVE,SHADOW,SHADOW,SHADOW,SHADOW,False,False,False,premium_target_gate_v4_walkforward_provenance,True,t_limit_active__t_touch_active__t1_shadow,partial,0.29072,0.170744,validated_platt_v1,0.438052,0.493771,validated_base_rate_v1,46.216,42.6409,44.7516,78.4138,49.549,49.549,31,0.6132915577212738,0.05,0.21773571489086788,0.11897272738785836,0.170744,0.170744,0.170744,0.493019,0.509185,0.160803,48.1059,57.6679,41.4522,45.1469,0.0,0.0,77.7088,77.7088,0.14103,50.0,50.0,42.1464,49.5431,50.0,0.0,0.08,0.462,0.1675,0.0905,37.225,0.37225,40.306,0.40306,0,0,WATCH,RANK_ONLY,t_attack<0.55;t1_accept<0.52;t1_high_profit<0.50;t1_evidence<0.35,model_validated_professional_score,30,30,5540.0,0.7384476534296028,0.01339425552579666,0.011760095887884958,135.0,0.024368231046931407,280.0,0.05054151624548736,2092583847.08263,0.5766788324405187,4.5685,12.8166,2.12,,,2653245.236,,,9.9291,0.0436731001728461,0.0365875659035866,0.0328782381070015,-0.043478260869565,0.0960800519102043,,,0.0,,,0.0,2.0,127146872.0,127146872.0,,,,,,,,,,,,,,,,,0.3542553191489361,8249520.0,6.2,5.08,1.0,0.0,1.4911679526432953,0,1.0,0.668138,0.0,0.0,0.0,0,0.0,0.5,0.0,0.3542553191489361,0.41452227489361704,0.45146902382978726,0.0,0.0,-0.00031046253365886716,-0.00031046253365886716,flat,high,0.946347,ehx:coldstart_v1,-0.13358266229100457,-0.054960176117539644,-0.00031051073712844244,0.05433915464328276,0.13296164081674908,5.424721869189233,5.868441616787331,6.198075132291315,6.546224339292117,7.081678337044337,0.49847111974394115,0.49847111974394115,30,32,32,0.2014092516326777,0.0,0.217932,,,,16,,,0.6967949656026771,
31,20260820,20260820,20260821,20260824,600539.SH,狮头股份,1→2,互联网电,15.36,MAIN_BOARD_10PCT,FULL,0,0,Outside TOP20,只观察不追,≤15.44,只观察不追,≤15.44,观察池：t_attack<0.55;t1_accept<0.52;t1_evidence<0.35；若竞价弱于预期不追,观察池：t_attack<0.55;t1_accept<0.52;t1_evidence<0.35；若竞价弱于预期不追,只观察不追,≤15.44,只观察不追,≤15.44,观察池：t_attack<0.55;t1_accept<0.52;t1_evidence<0.35；若竞价弱于预期不追,观察池：t_attack<0.55;t1_accept<0.52;t1_evidence<0.35；若竞价弱于预期不追,0.213705,0.213705,72.4076,72.4076,0.493771,0.493771,47.4597,47.4597,0.868388,72.4076,0.626912,76.2111,0.3952155748422834,0.8033673702834098,0.039941019466166294,0.06051683493459069,0.2817938290143797,0.6193725311430366,0.3631374177074096,0.4664550758688422,0.2670852689159601,-0.0026475346207472574,0.04953702757731263,0.010324105457971244,0.03872598134392098,0.28680165452857564,limitup_probability_engine:model_v2_target_gated,0.868388,0.626912,30.5085,32.0339,79.661,True,True,False,True,False,ACTIVE,ACTIVE,SHADOW,ACTIVE,SHADOW,SHADOW,SHADOW,SHADOW,False,False,False,premium_target_gate_v4_walkforward_provenance,True,t_limit_active__t_touch_active__t1_shadow,partial,0.868388,0.213705,validated_platt_v1,0.626912,0.493771,validated_base_rate_v1,33.9069,64.6748,65.8174,80.7639,47.9681,47.9681,33,0.6132915577212738,0.05,0.21773571489086788,0.11897272738785836,0.213705,0.213705,0.213705,0.504264,0.491756,0.156801,53.7282,57.6679,45.215,47.665,0.0,0.0,79.3931,79.3931,0.137012,50.0,50.0,38.6913,50.2421,50.0,0.0,0.08,0.462,0.1675,0.0905,37.4371,0.374371,40.0699,0.400699,0,0,WATCH,RANK_ONLY,t_attack<0.55;t1_accept<0.52;t1_evidence<0.35,model_validated_professional_score,31,31,5540.0,0.7384476534296028,0.01339425552579666,0.011760095887884958,135.0,0.024368231046931407,280.0,0.05054151624548736,2092583847.08263,0.5766788324405187,12.4865,20.7991,2.17,,,353280.0,,,10.0287,0.0464429742350402,0.0450306756039459,0.0553793077397212,-0.2776877363587251,0.3648751916453325,,,0.0,,,0.0,2.0,38572032.0,38572032.0,,,,,,,,,,,,,,,,,0.45,534668.0,15.36,12.56,1.0,0.0,1.3812149830425895,0,1.0,0.6825,0.0,0.0,0.0,0,0.0,0.5,0.0,0.45,0.45215000000000005,0.47665,0.0,0.0,0.012582909723102248,0.012582909723102248,up,high,0.938169,ehx:coldstart_v1,-0.129698686948992,-0.04580748892558192,0.012504402792343517,0.07081629451026895,0.15470749253368057,13.491610404846774,14.672268841624764,15.55327349334685,16.487178565905964,17.929980862176652,0.5575014918212327,0.5575014918212327,27,15,15,0.2189664592219242,0.0,0.262376,,,,10,,,0.7373530487487521,
32,20260820,20260820,20260821,20260824,601700.SH,风范股份,1→2,电网设备,7.5,MAIN_BOARD_10PCT,FULL,0,0,Outside TOP20,只观察不追,≤7.54,只观察不追,≤7.54,观察池：t_attack<0.55;t1_accept<0.52;t1_high_profit<0.50;t1_evidence<0.35；若竞价弱于预期不追,观察池：t_attack<0.55;t1_accept<0.52;t1_high_profit<0.50;t1_evidence<0.35；若竞价弱于预期不追,只观察不追,≤7.54,只观察不追,≤7.54,观察池：t_attack<0.55;t1_accept<0.52;t1_high_profit<0.50;t1_evidence<0.35；若竞价弱于预期不追,观察池：t_attack<0.55;t1_accept<0.52;t1_high_profit<0.50;t1_evidence<0.35；若竞价弱于预期不追,0.131002,0.131002,28.9908,28.9908,0.493771,0.493771,47.0028,47.0028,0.017771,28.9908,0.360637,24.4079,0.347181765968285,0.9412733592157227,0.397974555999236,0.41797667439794894,0.32429020684668464,0.7802265411187692,0.3978812655954877,0.6403082353184504,0.6206647759595652,0.025289906678654536,0.0691970199233631,-0.024839961959344365,0.05376241299018239,0.4352130036920867,limitup_probability_engine:model_v2_target_gated,0.017771,0.360637,62.3729,58.3051,18.6441,True,True,False,True,False,ACTIVE,ACTIVE,SHADOW,ACTIVE,SHADOW,SHADOW,SHADOW,SHADOW,False,False,False,premium_target_gate_v4_walkforward_provenance,True,t_limit_active__t_touch_active__t1_shadow,partial,0.017771,0.131002,validated_platt_v1,0.360637,0.493771,validated_base_rate_v1,52.3084,34.1663,39.0894,77.656,51.5387,51.5387,26,0.6132915577212738,0.05,0.21773571489086788,0.11897272738785836,0.131002,0.131002,0.131002,0.476133,0.535359,0.168431,39.6625,57.6679,47.981,49.516,0.0,0.0,78.0885,78.0885,0.147419,50.0,50.0,43.9523,49.2093,50.0,0.0,0.08,0.462,0.1675,0.0905,35.7953,0.357953,39.7311,0.397311,0,0,WATCH,RANK_ONLY,t_attack<0.55;t1_accept<0.52;t1_high_profit<0.50;t1_evidence<0.35,model_validated_professional_score,32,32,5540.0,0.7384476534296028,0.01339425552579666,0.011760095887884958,135.0,0.024368231046931407,280.0,0.05054151624548736,2092583847.08263,0.5766788324405187,7.2489,14.7102,0.39,,,854067.975,,,9.9707,0.0768446152468983,0.0804254869458243,0.0692808273234609,-0.1357048748353096,0.235630307062791,3.0,6.0,1.0,6.0,3.0,0.0,1.0,111732240.0,111732240.0,,,,,,,,,,,,,,,,,0.5203812316715541,13108620.0,7.5,6.14,1.0,0.0,1.8886995628571128,0,1.0,0.693057,0.0,0.0,0.0,0,0.0,0.5,0.0,0.5203812316715541,0.4798097834017595,0.4951601863343108,0.0,0.0,-0.02545168388760325,-0.02545168388760325,down,high,0.947848,ehx:coldstart_v1,-0.1564234265761866,-0.07935242533199133,-0.025781180850663225,0.027790063630664875,0.10486106487486155,6.413977504185917,6.927857450593123,7.309112370842976,7.711348570694977,8.329172282681794,0.37274250512211193,0.37274250512211193,28,56,56,0.17313450921751,0.0,0.217471,,,,29,,,0.6843285694127053,
33,20260820,20260820,20260821,20260824,600683.SH,京投发展,1→2,房地产开发,10.65,MAIN_BOARD_10PCT,FULL,0,0,Outside TOP20,只观察不追,≤10.70,只观察不追,≤10.70,观察池：t_attack<0.55;t1_accept<0.52;t1_high_profit<0.50;t1_evidence<0.35；若竞价弱于预期不追,观察池：t_attack<0.55;t1_accept<0.52;t1_high_profit<0.50;t1_evidence<0.35；若竞价弱于预期不追,只观察不追,≤10.70,只观察不追,≤10.70,观察池：t_attack<0.55;t1_accept<0.52;t1_high_profit<0.50;t1_evidence<0.35；若竞价弱于预期不追,观察池：t_attack<0.55;t1_accept<0.52;t1_high_profit<0.50;t1_evidence<0.35；若竞价弱于预期不追,0.167957,0.167957,37.5473,37.5473,0.493771,0.493771,44.3929,44.3929,0.251577,37.5473,0.416093,37.9579,0.3733308419842008,0.9469768177991424,0.0928016263636781,0.5244389521226327,0.3762173817151723,0.5050723832769136,0.3000558339845305,0.5861958480722369,0.493741369107284,0.002749610010713337,0.06975423891139128,-0.001111690479198892,0.06511484303283208,0.35120581053803757,limitup_probability_engine:model_v2_target_gated,0.251577,0.416093,39.322,70.339,25.4237,True,True,False,True,False,ACTIVE,ACTIVE,SHADOW,ACTIVE,SHADOW,SHADOW,SHADOW,SHADOW,False,False,False,premium_target_gate_v4_walkforward_provenance,True,t_limit_active__t_touch_active__t1_shadow,partial,0.251577,0.167957,validated_platt_v1,0.416093,0.493771,validated_base_rate_v1,42.6448,37.5561,40.1555,85.7122,46.9722,46.9722,35,0.6132915577212738,0.05,0.21773571489086788,0.11897272738785836,0.167957,0.167957,0.167957,0.4815,0.527039,0.162862,42.3463,57.6679,49.8433,50.7623,0.0,0.0,82.9511,82.9511,0.144697,50.0,50.0,43.665,49.749,50.0,0.0,0.08,0.462,0.1675,0.0905,37.2861,0.372861,39.7076,0.397076,0,0,WATCH,RANK_ONLY,t_attack<0.55;t1_accept<0.52;t1_high_profit<0.50;t1_evidence<0.35,model_validated_professional_score,33,33,5540.0,0.7384476534296028,0.01339425552579666,0.011760095887884958,135.0,0.024368231046931407,280.0,0.05054151624548736,2092583847.08263,0.5766788324405187,10.3961,23.5113,1.25,,,788928.144,,,10.0207,0.0781780453734305,0.084679206093767,0.0694748310763771,-0.251353441608662,0.3529010975924681,,,0.0,,,0.0,5.0,64654020.0,64654020.0,,,,,,,,,,,,,,,,,0.5677685950413214,4186854.0,10.65,8.71,1.0,0.0,1.2469253664918472,0,1.0,0.700165,0.0,0.0,0.0,0,0.0,0.5,0.0,0.5677685950413214,0.49843299421487575,0.5076230190082642,0.0,0.0,-0.018862963449584505,-0.018862963449584505,down,high,0.968331,ehx:coldstart_v1,-0.12699177641809214,-0.06330862736368781,-0.01904313849940112,0.025222350364885578,0.08890549941929106,9.379890749142417,9.99666227512135,10.449109439261926,10.922034281922087,11.640208931394563,0.38584408813847276,0.38584408813847276,34,48,48,0.2354040632554667,0.0,0.269458,,,,7,,,0.7972397414242991,
34,20260820,20260820,20260821,20260824,601877.SH,正泰电器,1→2,电网设备,26.28,MAIN_BOARD_10PCT,FULL,0,0,Outside TOP20,只观察不追,≤26.41,只观察不追,≤26.41,观察池：t_attack<0.55;t1_accept<0.52;t1_evidence<0.35；若竞价弱于预期不追,观察池：t_attack<0.55;t1_accept<0.52;t1_evidence<0.35；若竞价弱于预期不追,只观察不追,≤26.41,只观察不追,≤26.41,观察池：t_attack<0.55;t1_accept<0.52;t1_evidence<0.35；若竞价弱于预期不追,观察池：t_attack<0.55;t1_accept<0.52;t1_evidence<0.35；若竞价弱于预期不追,0.198216,0.198216,58.7334,58.7334,0.493771,0.493771,45.0288,45.0288,0.718798,58.7334,0.639419,66.8236,0.5162509525862096,0.6092011097317885,0.06670800701976577,0.06369806234785705,0.12802553623050725,0.29611451020314195,0.14007731369440188,0.8716182412810589,0.8812224971074956,0.007493598542837147,0.03481980429304263,-0.038220937020703144,-0.0017344808148652975,0.20251937194432396,limitup_probability_engine:model_v2_target_gated,0.718798,0.639419,34.9153,28.8136,81.3559,True,True,False,True,False,ACTIVE,ACTIVE,SHADOW,ACTIVE,SHADOW,SHADOW,SHADOW,SHADOW,False,False,False,premium_target_gate_v4_walkforward_provenance,True,t_limit_active__t_touch_active__t1_shadow,partial,0.718798,0.198216,validated_platt_v1,0.639419,0.493771,validated_base_rate_v1,34.2655,65.5222,53.5451,77.2796,45.1437,45.1437,37,0.6132915577212738,0.05,0.21773571489086788,0.11897272738785836,0.198216,0.198216,0.198216,0.507216,0.48718,0.154384,55.2042,57.6679,57.0593,55.5913,0.0,0.0,78.9502,78.9502,0.135657,50.0,50.0,38.8309,50.8899,50.0,0.0,0.08,0.462,0.1675,0.0905,37.8581,0.378581,39.6795,0.396795,0,0,WATCH,RANK_ONLY,t_attack<0.55;t1_accept<0.52;t1_evidence<0.35,model_validated_professional_score,34,34,5540.0,0.7384476534296028,0.01339425552579666,0.011760095887884958,135.0,0.024368231046931407,280.0,0.05054151624548736,2092583847.08263,0.5766788324405187,1.8441,3.9257,2.35,,,5647490.532,,,10.0042,0.0468932501366625,0.0338702993695775,0.0275467366747381,-0.0768933539412672,0.1167302494821631,3.0,6.0,1.0,6.0,3.0,0.0,1.0,99737856.0,99737856.0,,,,,,,,,,,,,,,,,0.7513813311008789,20463329.0,26.28,21.5,1.0,0.0,1.8738102541173944,0,1.0,0.727707,0.0,0.0,0.0,0,0.0,0.5,0.0,0.7513813311008789,0.5705928191963164,0.5559132062201757,0.0,0.0,0.01771570438424342,0.01771570438424342,up,high,0.945134,ehx:coldstart_v1,-0.12063243760056855,-0.039106921017336226,0.017560610347787255,0.07422814171291073,0.15575365829614451,23.29353271156544,25.27210637258111,26.745568711217913,28.304939649295275,30.70918673195992,0.5827823390509944,0.5827823390509944,33,11,11,0.219331223624292,0.0,0.259504,,,,9,,,0.6799989288336762,
35,20260820,20260820,20260821,20260824,603177.SH,德创环保,1→2,环境治理,11.0,MAIN_BOARD_10PCT,FULL,0,0,Outside TOP20,只观察不追,≤11.05,只观察不追,≤11.05,观察池：t_attack<0.55;t1_accept<0.52;t1_high_profit<0.50;t1_evidence<0.35；若竞价弱于预期不追,观察池：t_attack<0.55;t1_accept<0.52;t1_high_profit<0.50;t1_evidence<0.35；若竞价弱于预期不追,只观察不追,≤11.05,只观察不追,≤11.05,观察池：t_attack<0.55;t1_accept<0.52;t1_high_profit<0.50;t1_evidence<0.35；若竞价弱于预期不追,观察池：t_attack<0.55;t1_accept<0.52;t1_high_profit<0.50;t1_evidence<0.35；若竞价弱于预期不追,0.124514,0.124514,25.0458,25.0458,0.493771,0.493771,46.3977,46.3977,0.01,25.0458,0.286908,21.1312,0.3871090605919624,0.7886181802020069,0.5238119129810105,0.4985743179227442,0.3864233841853891,0.4829525801102224,0.408228226237486,0.552085538626448,0.6157683351831021,0.018767962533976192,0.07633897518955068,-0.01714231895021453,0.04919011145193431,0.447095946359657,limitup_probability_engine:model_v2_target_gated,0.01,0.286908,63.8983,57.7966,3.3898,True,True,False,True,False,ACTIVE,ACTIVE,SHADOW,ACTIVE,SHADOW,SHADOW,SHADOW,SHADOW,False,False,False,premium_target_gate_v4_walkforward_provenance,True,t_limit_active__t_touch_active__t1_shadow,partial,0.01,0.124514,validated_platt_v1,0.286908,0.493771,validated_base_rate_v1,52.6191,26.5392,34.6885,76.0901,50.2034,50.2034,28,0.6132915577212738,0.05,0.21773571489086788,0.11897272738785836,0.124514,0.124514,0.124514,0.475365,0.536549,0.167538,39.2788,57.6679,48.9878,50.1898,0.0,0.0,77.4142,77.4142,0.147437,50.0,50.0,43.7218,49.1928,50.0,0.0,0.08,0.462,0.1675,0.0905,35.4973,0.354973,39.1739,0.391739,0,0,WATCH,RANK_ONLY,t_attack<0.55;t1_accept<0.52;t1_high_profit<0.50;t1_evidence<0.35,model_validated_professional_score,35,35,5540.0,0.7384476534296028,0.01339425552579666,0.011760095887884958,135.0,0.024368231046931407,280.0,0.05054151624548736,2092583847.08263,0.5766788324405187,3.3765,8.1247,0.53,,,224611.2,,,10.0,0.0668477401088347,0.0511808026277157,0.0386050199481952,-0.070631970260223,0.1298567364867338,,,0.0,,,0.0,0.0,41774150.0,41774150.0,,,,,,,,,,,,,,,,,0.546,415544.0,11.0,9.0,1.0,0.0,2.051856620289072,0,1.0,0.6969,0.0,0.0,0.0,0,0.0,0.5,0.0,0.546,0.48987800000000004,0.501898,0.0,0.0,-0.026937159485010968,-0.026937159485010968,down,high,0.956178,ehx:coldstart_v1,-0.15030408835614434,-0.07774303889653324,-0.02730661459076575,0.02312980971500174,0.09569085917461416,9.464909134362763,10.177223506594203,10.70369124566488,11.257393159174448,12.1046070972383,0.3574910522846959,0.3574910522846959,31,57,57,0.1263165019636052,0.0,0.1593,,,,57,,,0.6557516202276662,
36,20260820,20260820,20260821,20260824,603958.SH,哈森股份,1→2,服装家纺,18.68,MAIN_BOARD_10PCT,FULL,0,0,Outside TOP20,只观察不追,≤18.77,只观察不追,≤18.77,观察池：t_attack<0.55;t1_accept<0.52;t1_high_profit<0.50;t1_evidence<0.35；若竞价弱于预期不追,观察池：t_attack<0.55;t1_accept<0.52;t1_high_profit<0.50;t1_evidence<0.35；若竞价弱于预期不追,只观察不追,≤18.77,只观察不追,≤18.77,观察池：t_attack<0.55;t1_accept<0.52;t1_high_profit<0.50;t1_evidence<0.35；若竞价弱于预期不追,观察池：t_attack<0.55;t1_accept<0.52;t1_high_profit<0.50;t1_evidence<0.35；若竞价弱于预期不追,0.184932,0.184932,62.4789,62.4789,0.493771,0.493771,43.55,43.55,0.519917,62.4789,0.51281,56.5392,0.40867089947789337,0.5274294133510498,0.0701905576002987,0.14218888208617564,0.09753971893268873,0.626769940008118,0.3175680762882775,0.6023336105220084,0.7394621525443745,-0.0018945595659613217,0.047696946171205366,-0.05258348496776252,0.009016604142002256,0.27386225091723115,limitup_probability_engine:model_v2_target_gated,0.519917,0.51281,34.7458,41.5254,50.8475,True,True,False,True,False,ACTIVE,ACTIVE,SHADOW,ACTIVE,SHADOW,SHADOW,SHADOW,SHADOW,False,False,False,premium_target_gate_v4_walkforward_provenance,True,t_limit_active__t_touch_active__t1_shadow,partial,0.519917,0.184932,validated_platt_v1,0.51281,0.493771,validated_base_rate_v1,36.9247,50.268,53.7585,76.1167,45.92,45.92,36,0.6132915577212738,0.05,0.21773571489086788,0.11897272738785836,0.184932,0.184932,0.184932,0.494161,0.507416,0.159858,48.6765,57.6679,45.215,47.665,0.0,0.0,76.9136,76.9136,0.140504,50.0,50.0,39.5889,49.7241,50.0,0.0,0.08,0.462,0.1675,0.0905,36.077,0.36077,38.5378,0.385378,0,0,WATCH,RANK_ONLY,t_attack<0.55;t1_accept<0.52;t1_high_profit<0.50;t1_evidence<0.35,model_validated_professional_score,36,36,5540.0,0.7384476534296028,0.01339425552579666,0.011760095887884958,135.0,0.024368231046931407,280.0,0.05054151624548736,2092583847.08263,0.5766788324405187,7.6948,21.0829,1.98,,,409764.48,,,10.0118,0.070183094731464,0.0568880911037996,0.0463557738854021,-0.0801733477789815,0.148734290527309,,,0.0,,,0.0,0.0,66361914.0,66361914.0,,,,,,,,,,,,,,,,,0.45,22561326.0,18.68,15.28,1.0,0.0,2.082378805456342,0,1.0,0.6825,0.0,0.0,0.0,0,0.0,0.5,0.0,0.45,0.45215000000000005,0.47665,0.0,0.0,-3.9173707211809065e-05,-3.9173707211809065e-05,flat,high,0.949113,ehx:coldstart_v1,-0.12799326145000917,-0.0525081108257112,-3.91744745215164e-05,0.05242976187666817,0.1279149125009675,16.435771875319208,17.72445495677438,18.679268235149284,19.685517137287192,21.229003690700168,0.49979909704660136,0.49979909704660136,36,30,30,0.1663748934632928,0.0,0.224968,,,,33,,,0.6599655077736335,
37,20260820,20260820,20260821,20260824,603016.SH,新宏泰,1→2,电网设备,30.68,MAIN_BOARD_10PCT,FULL,0,0,Outside TOP20,只观察不追,≤30.83,只观察不追,≤30.83,观察池：t_attack<0.55;t1_accept<0.52;t1_high_profit<0.50;t1_evidence<0.35；若竞价弱于预期不追,观察池：t_attack<0.55;t1_accept<0.52;t1_high_profit<0.50;t1_evidence<0.35；若竞价弱于预期不追,只观察不追,≤30.83,只观察不追,≤30.83,观察池：t_attack<0.55;t1_accept<0.52;t1_high_profit<0.50;t1_evidence<0.35；若竞价弱于预期不追,观察池：t_attack<0.55;t1_accept<0.52;t1_high_profit<0.50;t1_evidence<0.35；若竞价弱于预期不追,0.145551,0.145551,35.483,35.483,0.493771,0.493771,41.868,41.868,0.057909,35.483,0.444804,29.8939,0.48722467480835135,0.6946185456517473,0.24530904692773653,0.1846041586120396,0.47316541527528916,0.6141741061363282,0.6205041726320074,0.499977468348227,0.44283595423947997,0.020278620313587355,0.057648919813735905,-0.005748117658701194,0.03595975012687988,0.4377211028144501,limitup_probability_engine:model_v2_target_gated,0.057909,0.444804,57.7966,34.2373,38.9831,True,True,False,True,False,ACTIVE,ACTIVE,SHADOW,ACTIVE,SHADOW,SHADOW,SHADOW,SHADOW,False,False,False,premium_target_gate_v4_walkforward_provenance,True,t_limit_active__t_touch_active__t1_shadow,partial,0.057909,0.145551,validated_platt_v1,0.444804,0.493771,validated_base_rate_v1,45.6644,44.3358,36.883,79.3921,47.6986,47.6986,34,0.6132915577212738,0.05,0.21773571489086788,0.11897272738785836,0.145551,0.145551,0.145551,0.486512,0.519271,0.165666,44.8524,57.6679,48.5123,49.8716,0.0,0.0,78.9956,78.9956,0.143915,50.0,50.0,39.3828,49.6844,50.0,0.0,0.08,0.462,0.1675,0.0905,35.2245,0.352245,38.343,0.38343,0,0,WATCH,RANK_ONLY,t_attack<0.55;t1_accept<0.52;t1_high_profit<0.50;t1_evidence<0.35,model_validated_professional_score,37,37,5540.0,0.7384476534296028,0.01339425552579666,0.011760095887884958,135.0,0.024368231046931407,280.0,0.05054151624548736,2092583847.08263,0.5766788324405187,3.5283,7.8122,2.13,,,454554.88,,,10.0036,0.0487641959406746,0.0379897139957572,0.0315251440556658,-0.0855737704918032,0.1277539688006212,3.0,6.0,1.0,6.0,3.0,0.0,2.0,43458220.0,43458220.0,,,,,,,,,,,,,,,,,0.5339010397992116,65044.0,30.68,25.1,1.0,0.0,1.6372804851719454,0,1.0,0.695085,0.0,0.0,0.0,0,0.0,0.5,0.0,0.5339010397992116,0.4851230743277162,0.49871590795984233,0.0,0.0,-0.01093452925921273,-0.01093452925921273,down,high,0.934104,ehx:coldstart_v1,-0.16088153131750052,-0.07245742166324314,-0.010994750621471002,0.050467920420301134,0.13889203007456008,26.12073504734159,28.53563208142371,30.34452864232735,32.26809260427935,35.251321100121146,0.45198171331401676,0.45198171331401676,37,41,41,0.1619808722491426,0.0,0.212647,,,,38,,,0.7184383684499049,
38,20260820,20260820,20260821,20260824,002811.SZ,郑中设计,1→2,装修装饰,13.32,MAIN_BOARD_10PCT,FULL,0,0,Outside TOP20,只观察不追,≤13.39,只观察不追,≤13.39,观察池：t_attack<0.55;t1_accept<0.52;t1_high_profit<0.50;t1_evidence<0.35；若竞价弱于预期不追,观察池：t_attack<0.55;t1_accept<0.52;t1_high_profit<0.50;t1_evidence<0.35；若竞价弱于预期不追,只观察不追,≤13.39,只观察不追,≤13.39,观察池：t_attack<0.55;t1_accept<0.52;t1_high_profit<0.50;t1_evidence<0.35；若竞价弱于预期不追,观察池：t_attack<0.55;t1_accept<0.52;t1_high_profit<0.50;t1_evidence<0.35；若竞价弱于预期不追,0.165032,0.165032,40.0801,40.0801,0.493771,0.493771,37.561,37.561,0.213969,40.0801,0.502836,38.4722,0.5049885813605891,0.7098161707295311,0.10352316048760365,0.17784202194197296,0.2061557129159312,0.5702649267787405,0.2536285591820546,0.6269838035616689,0.5821794608090494,0.0031083477349156665,0.037612248281347405,-0.026577816248629774,0.023150036082718876,0.2974114384370553,limitup_probability_engine:model_v2_target_gated,0.213969,0.502836,38.4746,38.9831,49.1525,True,True,False,True,False,ACTIVE,ACTIVE,SHADOW,ACTIVE,SHADOW,SHADOW,SHADOW,SHADOW,False,False,False,premium_target_gate_v4_walkforward_provenance,True,t_limit_active__t_touch_active__t1_shadow,partial,0.213969,0.165032,validated_platt_v1,0.502836,0.493771,validated_base_rate_v1,36.1003,49.4205,37.6074,76.5172,41.903,41.903,41,0.6132915577212738,0.05,0.21773571489086788,0.11897272738785836,0.165032,0.165032,0.165032,0.497894,0.50163,0.153598,50.543,57.6679,52.6142,52.6166,0.0,0.0,78.2866,78.2866,0.138085,50.0,50.0,38.1471,50.2849,50.0,0.0,0.08,0.462,0.1675,0.0905,36.256,0.36256,37.6678,0.376678,0,0,WATCH,RANK_ONLY,t_attack<0.55;t1_accept<0.52;t1_high_profit<0.50;t1_evidence<0.35,model_validated_professional_score,38,38,5540.0,0.7384476534296028,0.01339425552579666,0.011760095887884958,135.0,0.024368231046931407,280.0,0.05054151624548736,2092583847.08263,0.5766788324405187,5.8657,11.4506,1.1,,,410216.04,,,9.9917,0.0416711297885076,0.0425398917463664,0.0345124677724256,-0.0265402843601896,0.0653947130752008,,,0.0,,,0.0,0.0,84123658.0,84123658.0,,,,,,,,,,,,,,,,,0.6382741535920727,2057103.0,13.32,10.9,1.0,0.0,2.1044274650766983,0,1.0,0.710741,0.0,0.0,0.0,0,0.0,0.5,0.0,0.6382741535920727,0.5261417152931462,0.5261660507184145,0.0,0.0,0.0028946479214617443,0.0028946479214617443,up,high,0.979273,ehx:coldstart_v1,-0.09545093553954993,-0.037435472956986855,0.002890466495394531,0.04321640594777592,0.10123186853034004,12.10738660504519,12.830577536558915,13.358556710313872,13.908262264438271,14.739021987479177,0.5192796751413165,0.5192796751413165,40,24,24,0.1609915230384094,0.0,0.198284,,,,40,,,0.6498873802283477,
39,20260820,20260820,20260821,20260824,002903.SZ,宇环数控,1→2,通用设备,30.67,MAIN_BOARD_10PCT,FULL,0,0,Outside TOP20,只观察不追,≤30.82,只观察不追,≤30.82,观察池：t_attack<0.55;t1_accept<0.52;t1_high_profit<0.50;t1_evidence<0.35；若竞价弱于预期不追,观察池：t_attack<0.55;t1_accept<0.52;t1_high_profit<0.50;t1_evidence<0.35；若竞价弱于预期不追,只观察不追,≤30.82,只观察不追,≤30.82,观察池：t_attack<0.55;t1_accept<0.52;t1_high_profit<0.50;t1_evidence<0.35；若竞价弱于预期不追,观察池：t_attack<0.55;t1_accept<0.52;t1_high_profit<0.50;t1_evidence<0.35；若竞价弱于预期不追,0.188512,0.188512,57.755,57.755,0.493771,0.493771,40.4971,40.4971,0.578273,57.755,0.565324,59.5155,0.488200521354691,0.7615985145953889,0.061995767856451854,0.06103535324045645,0.24705030177243129,0.5817550015477762,0.45898301483369713,0.4929410246841412,0.5494433729443965,0.0025273152506756404,0.04503177218375404,-0.020936964768107618,0.029244377592375952,0.3166303340080472,limitup_probability_engine:model_v2_target_gated,0.578273,0.565324,32.2034,27.1186,64.4068,True,True,False,True,False,ACTIVE,ACTIVE,SHADOW,ACTIVE,SHADOW,SHADOW,SHADOW,SHADOW,False,False,False,premium_target_gate_v4_walkforward_provenance,True,t_limit_active__t_touch_active__t1_shadow,partial,0.578273,0.188512,validated_platt_v1,0.565324,0.493771,validated_base_rate_v1,32.1393,57.0477,48.8903,82.2283,42.9913,42.9913,39,0.6132915577212738,0.05,0.21773571489086788,0.11897272738785836,0.188512,0.188512,0.188512,0.499423,0.499258,0.155151,51.3079,57.6679,45.215,47.665,0.0,0.0,80.4283,80.4283,0.138,50.0,50.0,35.7814,50.1051,50.0,0.0,0.08,0.462,0.1675,0.0905,35.6833,0.356833,37.5103,0.375103,0,0,WATCH,RANK_ONLY,t_attack<0.55;t1_accept<0.52;t1_high_profit<0.50;t1_evidence<0.35,model_validated_professional_score,39,39,5540.0,0.7384476534296028,0.01339425552579666,0.011760095887884958,135.0,0.024368231046931407,280.0,0.05054151624548736,2092583847.08263,0.5766788324405187,20.0804,23.4987,1.46,,,477413.8205,,,10.0072,0.0530949983405711,0.0442819855474245,0.0482427298350037,-0.0851485148514851,0.1575603311477907,,,0.0,,,0.0,2.0,65649135.0,65649135.0,,,,,,,,,,,,,,,,,0.45,828036.0,30.67,25.09,1.0,0.0,1.414827325814354,0,1.0,0.6825,0.0,0.0,0.0,0,0.0,0.5,0.0,0.45,0.45215000000000005,0.47665,0.0,0.0,0.005830790381558562,0.005830790381558562,up,high,0.964176,ehx:coldstart_v1,-0.1079627095340326,-0.04084143600556707,0.005813857114325331,0.052469150234217735,0.11959042376268447,27.53126501708064,29.442627586023974,30.848830341002405,32.32219443144015,34.56616805720839,0.5334917431298452,0.5334917431298452,39,22,22,0.1903134293717992,0.0,0.240403,,,,23,,,0.7458798340870997,
40,20260820,20260820,20260821,20260824,603580.SH,艾艾精工,1→2,塑料,74.79,MAIN_BOARD_10PCT,FULL,0,0,Outside TOP20,只观察不追,≤75.16,只观察不追,≤75.16,观察池：t_attack<0.55;t1_accept<0.52;t1_evidence<0.35；若竞价弱于预期不追,观察池：t_attack<0.55;t1_accept<0.52;t1_evidence<0.35；若竞价弱于预期不追,只观察不追,≤75.16,只观察不追,≤75.16,观察池：t_attack<0.55;t1_accept<0.52;t1_evidence<0.35；若竞价弱于预期不追,观察池：t_attack<0.55;t1_accept<0.52;t1_evidence<0.35；若竞价弱于预期不追,0.190008,0.190008,59.9884,59.9884,0.493771,0.493771,41.0438,41.0438,0.601873,59.9884,0.549598,60.2305,0.26479725111547764,0.7253291589505853,0.04476538178297918,0.07871298274965925,0.14324079403338405,0.40379557837316693,0.1764108487019838,0.7985789577828848,0.8144564718896251,-0.003699374800544442,0.052587434081403164,-0.048554316667874346,0.03142894784809531,0.18018261303898164,limitup_probability_engine:model_v2_target_gated,0.601873,0.549598,30.339,31.6949,62.7119,True,True,False,True,False,ACTIVE,ACTIVE,SHADOW,ACTIVE,SHADOW,SHADOW,SHADOW,SHADOW,False,False,False,premium_target_gate_v4_walkforward_provenance,True,t_limit_active__t_touch_active__t1_shadow,partial,0.601873,0.190008,validated_platt_v1,0.549598,0.493771,validated_base_rate_v1,32.2145,56.2002,50.9083,77.5456,42.8773,42.8773,40,0.6132915577212738,0.05,0.21773571489086788,0.11897272738785836,0.190008,0.190008,0.190008,0.500171,0.4981,0.155446,51.6816,57.6679,44.9029,47.4561,0.0,0.0,77.7603,77.7603,0.137856,50.0,50.0,36.6113,49.9862,50.0,0.0,0.08,0.462,0.1675,0.0905,35.7089,0.357089,37.501,0.37501,0,0,WATCH,RANK_ONLY,t_attack<0.55;t1_accept<0.52;t1_evidence<0.35,model_validated_professional_score,40,40,5540.0,0.7384476534296028,0.01339425552579666,0.011760095887884958,135.0,0.024368231046931407,280.0,0.05054151624548736,2092583847.08263,0.5766788324405187,10.119,30.6025,1.17,,,977304.8628,,,10.0015,0.0445134712078006,0.0594849189666973,0.0647256768795537,-0.1564602380541659,0.2417231608769408,,,0.0,,,0.0,0.0,41725341.0,41725341.0,,,,,,,,,,,,,,,,,0.4420576555375797,18577440.0,74.79,61.19,1.0,0.0,2.05179603091072,0,1.0,0.681309,0.0,0.0,0.0,0,0.0,0.5,0.0,0.4420576555375797,0.44902873599352877,0.474561311107516,0.0,0.0,0.007178463886948955,0.007178463886948955,up,high,0.959892,ehx:coldstart_v1,-0.11056530348322396,-0.041118749685022625,0.007152821357910356,0.05542439240084334,0.12487094619904594,66.96157066828145,71.77709661507905,75.32687731410492,79.05221461273457,84.73723643674869,0.5398060255761142,0.5398060255761142,38,21,21,0.1765439636527536,0.0,0.218933,,,,28,,,0.6761442409170765,
41,20260820,20260820,20260821,20260824,600649.SH,城投控股,,房地产开发,4.16,MAIN_BOARD_10PCT,FULL,0,0,Outside TOP20,只观察不追,≤4.18,只观察不追,≤4.18,观察池：t_attack<0.55;t1_accept<0.52;t1_high_profit<0.50;t1_evidence<0.35；若竞价弱于预期不追,观察池：t_attack<0.55;t1_accept<0.52;t1_high_profit<0.50;t1_evidence<0.35；若竞价弱于预期不追,只观察不追,≤4.18,只观察不追,≤4.18,观察池：t_attack<0.55;t1_accept<0.52;t1_high_profit<0.50;t1_evidence<0.35；若竞价弱于预期不追,观察池：t_attack<0.55;t1_accept<0.52;t1_high_profit<0.50;t1_evidence<0.35；若竞价弱于预期不追,0.158447,0.158447,47.912,47.912,0.493771,0.493771,36.655,36.655,0.143394,47.912,0.483786,37.8199,0.3503214251699777,0.5787685708766145,0.08360643691400751,0.19845344513055496,0.5546391210077422,0.6365811285340678,0.549406545490175,0.3908911462789291,0.42908325662327973,-0.013502374517705373,0.025122751818863122,-0.01622799448593946,0.03083690921763592,0.3865117104298946,limitup_probability_engine:model_v2_target_gated,0.143394,0.483786,31.6949,50.1695,47.4576,True,True,False,True,False,ACTIVE,ACTIVE,SHADOW,ACTIVE,SHADOW,SHADOW,SHADOW,SHADOW,False,False,False,premium_target_gate_v4_walkforward_provenance,True,t_limit_active__t_touch_active__t1_shadow,partial,0.143394,0.158447,validated_platt_v1,0.483786,0.493771,validated_base_rate_v1,35.1095,48.5731,41.6286,84.4157,43.0682,43.0682,38,0.6132915577212738,0.05,0.21773571489086788,0.11897272738785836,0.158447,0.158447,0.158447,0.490418,0.513216,0.163769,46.8054,57.6679,43.9674,46.8301,0.0,0.0,81.235,81.235,0.148408,50.0,50.0,38.399,49.7358,50.0,0.0,0.08,0.462,0.1675,0.0905,35.0864,0.350864,37.0819,0.370819,0,0,WATCH,RANK_ONLY,t_attack<0.55;t1_accept<0.52;t1_high_profit<0.50;t1_evidence<0.35,model_validated_professional_score,41,41,5540.0,0.7384476534296028,0.01339425552579666,0.011760095887884958,135.0,0.024368231046931407,280.0,0.05054151624548736,2092583847.08263,0.5766788324405187,5.2198,11.1537,5.88,,,1036589.1328,,,10.0529,0.0413432480358016,0.0342360372009612,0.0269970560388992,-0.0422163588390501,0.0781764109899632,,,0.0,,,0.0,6.0,,,,,,,,,,,,,,,,,,,0.418253968253968,653488.0,4.16,3.4,1.0,0.0,1.1428571428571428,0,1.0,0.677738,0.0,0.0,0.0,0,0.0,0.5,0.0,0.418253968253968,0.43967378857142847,0.4683007536507936,0.0,0.0,-0.006814008312341149,-0.006814008312341149,down,high,0.93464,ehx:coldstart_v1,-0.2112952488965698,-0.09067747736569394,-0.00683732966863522,0.0770028180284235,0.19762058955930156,3.3676656718551055,3.7993788654352865,4.131653725420661,4.492987699142421,5.068959977068927,0.47806685318755326,0.47806685318755326,41,35,35,0.144570155160025,0.0,0.216088,,,,54,,,0.795435088104929,
42,20260820,20260820,20260821,20260824,001333.SZ,光华股份,1→2,塑料,22.19,MAIN_BOARD_10PCT,FULL,0,0,Outside TOP20,只观察不追,≤22.30,只观察不追,≤22.30,观察池：t_attack<0.55;t1_accept<0.52;t1_high_profit<0.50;t1_evidence<0.35；若竞价弱于预期不追,观察池：t_attack<0.55;t1_accept<0.52;t1_high_profit<0.50;t1_evidence<0.35；若竞价弱于预期不追,只观察不追,≤22.30,只观察不追,≤22.30,观察池：t_attack<0.55;t1_accept<0.52;t1_high_profit<0.50;t1_evidence<0.35；若竞价弱于预期不追,观察池：t_attack<0.55;t1_accept<0.52;t1_high_profit<0.50;t1_evidence<0.35；若竞价弱于预期不追,0.149793,0.149793,38.4467,38.4467,0.493771,0.493771,34.8256,34.8256,0.079298,38.4467,0.417045,30.8357,0.6210634320273328,0.7410748562218608,0.12201071976698649,0.18927189957408921,0.3970981511620116,0.6400190494717188,0.4917019075742885,0.5238736366350177,0.5358030412719845,0.012323716934252731,0.051545927618882055,-0.012626335797690912,0.034964009714116895,0.4075736408584117,limitup_probability_engine:model_v2_target_gated,0.079298,0.417045,38.6441,40.5085,27.1186,True,True,False,True,False,ACTIVE,ACTIVE,SHADOW,ACTIVE,SHADOW,SHADOW,SHADOW,SHADOW,False,False,False,premium_target_gate_v4_walkforward_provenance,True,t_limit_active__t_touch_active__t1_shadow,partial,0.079298,0.149793,validated_platt_v1,0.417045,0.493771,validated_base_rate_v1,36.1575,38.4036,35.2714,79.8729,41.2778,41.2778,42,0.6132915577212738,0.05,0.21773571489086788,0.11897272738785836,0.149793,0.149793,0.149793,0.487716,0.517405,0.164672,45.4543,57.6679,49.3067,50.4032,0.0,0.0,79.3825,79.3825,0.143361,50.0,50.0,37.2273,49.7879,50.0,0.0,0.08,0.462,0.1675,0.0905,34.4693,0.344693,36.1714,0.361714,0,0,WATCH,RANK_ONLY,t_attack<0.55;t1_accept<0.52;t1_high_profit<0.50;t1_evidence<0.35,model_validated_professional_score,42,42,5540.0,0.7384476534296028,0.01339425552579666,0.011760095887884958,135.0,0.024368231046931407,280.0,0.05054151624548736,2092583847.08263,0.5766788324405187,3.9825,11.5855,2.75,,,284032.0,,,10.0149,0.0516370052498153,0.0413965501012957,0.0318694092084617,-0.0467863894139886,0.0907935972833705,,,0.0,,,0.0,2.0,27082895.0,27082895.0,,,,,,,,,,,,,,,,,0.5541150223103608,153900.0,22.19,18.15,1.0,0.0,1.3669528660430068,0,1.0,0.698117,0.0,0.0,0.0,0,0.0,0.5,0.0,0.5541150223103608,0.4930671480317299,0.5040321444620721,0.0,0.0,-0.010234023324332056,-0.010234023324332056,down,high,0.936998,ehx:coldstart_v1,-0.1549650554647181,-0.06961363087787771,-0.010286750993653533,0.04904012889057064,0.13439155347741258,19.004516880768772,20.69781431536259,21.962907022433072,23.305324780984723,25.38182306355624,0.4534496407917932,0.4534496407917932,42,39,39,0.1500964415853753,0.0,0.190217,,,,49,,,0.7242761915712591,
43,20260820,20260820,20260821,20260824,000710.SZ,贝瑞基因,1→2,医疗服务,9.37,MAIN_BOARD_10PCT,FULL,0,0,Outside TOP20,只观察不追,≤9.42,只观察不追,≤9.42,观察池：t_attack<0.55;t1_accept<0.52;t1_high_profit<0.50;t1_evidence<0.35；若竞价弱于预期不追,观察池：t_attack<0.55;t1_accept<0.52;t1_high_profit<0.50;t1_evidence<0.35；若竞价弱于预期不追,只观察不追,≤9.42,只观察不追,≤9.42,观察池：t_attack<0.55;t1_accept<0.52;t1_high_profit<0.50;t1_evidence<0.35；若竞价弱于预期不追,观察池：t_attack<0.55;t1_accept<0.52;t1_high_profit<0.50;t1_evidence<0.35；若竞价弱于预期不追,0.124514,0.124514,20.3,20.3,0.493771,0.493771,34.6909,34.6909,0.01,20.3,0.338449,21.4021,0.47359400990345096,0.7649816357632355,0.28659492266382525,0.1762266144205856,0.41930194733618165,0.7946428189204643,0.5451569073362923,0.6134703660947799,0.6801802400130934,0.02084137314171105,0.05465777989214867,0.011844240111274617,0.04526273318737877,0.44401391491259234,limitup_probability_engine:model_v2_target_gated,0.01,0.338449,54.4068,24.0678,8.4746,True,True,False,True,False,ACTIVE,ACTIVE,SHADOW,ACTIVE,SHADOW,SHADOW,SHADOW,SHADOW,False,False,False,premium_target_gate_v4_walkforward_provenance,True,t_limit_active__t_touch_active__t1_shadow,partial,0.01,0.124514,validated_platt_v1,0.338449,0.493771,validated_base_rate_v1,39.8937,29.0816,23.7054,78.2282,40.3891,40.3891,43,0.6132915577212738,0.05,0.21773571489086788,0.11897272738785836,0.124514,0.124514,0.124514,0.476915,0.534146,0.162866,40.0539,57.6679,61.2671,58.4073,0.0,0.0,80.3045,80.3045,0.145977,50.0,50.0,35.7818,49.973,50.0,0.0,0.08,0.462,0.1675,0.0905,32.6143,0.326143,34.558,0.34558,0,0,WATCH,RANK_ONLY,t_attack<0.55;t1_accept<0.52;t1_high_profit<0.50;t1_evidence<0.35,model_validated_professional_score,43,43,5540.0,0.7384476534296028,0.01339425552579666,0.011760095887884958,135.0,0.024368231046931407,280.0,0.05054151624548736,2092583847.08263,0.5766788324405187,4.649,6.0376,0.79,,,331249.5518,,,9.9765,0.0536207868858628,0.0515765646602763,0.0467234932674392,-0.1471471471471471,0.2083804232300916,4.0,4.0,1.0,4.0,4.0,0.0,0.0,31012826.0,31012826.0,,,,,,,,,,,,,,,,,0.858450704225352,6125210.0,9.37,7.67,1.0,0.0,2.2884979788211863,0,1.0,0.743768,0.0,0.0,0.0,0,0.0,0.5,0.0,0.858450704225352,0.6126712135211267,0.5840727008450703,0.0,0.0,-0.023861244337182577,-0.023861244337182577,down,high,0.982519,ehx:coldstart_v1,-0.12056892957639388,-0.0636879247519219,-0.024150534986599578,0.015386854778722755,0.07226785960319575,8.305717779086159,8.791850136336464,9.146420140560599,9.515289738834444,10.072218152933322,0.3401707893690447,0.3401707893690447,43,55,55,0.1424937820889833,0.0,0.193393,,,,55,,,0.674461893599615,
44,20260820,20260820,20260821,20260824,002172.SZ,澳洋健康,1→2,医疗服务,4.44,MAIN_BOARD_10PCT,FULL,0,0,Outside TOP20,只观察不追,≤4.46,只观察不追,≤4.46,观察池：t_attack<0.55;t1_accept<0.52;t1_high_profit<0.50;t1_evidence<0.35；若竞价弱于预期不追,观察池：t_attack<0.55;t1_accept<0.52;t1_high_profit<0.50;t1_evidence<0.35；若竞价弱于预期不追,只观察不追,≤4.46,只观察不追,≤4.46,观察池：t_attack<0.55;t1_accept<0.52;t1_high_profit<0.50;t1_evidence<0.35；若竞价弱于预期不追,观察池：t_attack<0.55;t1_accept<0.52;t1_high_profit<0.50;t1_evidence<0.35；若竞价弱于预期不追,0.161321,0.161321,43.7122,43.7122,0.493771,0.493771,31.7461,31.7461,0.171763,43.7122,0.443354,36.3539,0.5851532060245547,0.7004301007864524,0.07193761134057221,0.1673636460518612,0.39073447772096376,0.6748721976876855,0.33767726630766165,0.6288337817417451,0.6703343827692706,-0.0031382801225625268,0.06850649209340764,-0.013030258494481842,0.03554386063799279,0.3617749183127638,limitup_probability_engine:model_v2_target_gated,0.171763,0.443354,27.4576,38.6441,37.2881,True,True,False,True,False,ACTIVE,ACTIVE,SHADOW,ACTIVE,SHADOW,SHADOW,SHADOW,SHADOW,False,False,False,premium_target_gate_v4_walkforward_provenance,True,t_limit_active__t_touch_active__t1_shadow,partial,0.171763,0.161321,validated_platt_v1,0.443354,0.493771,validated_base_rate_v1,29.9613,43.4883,37.0748,78.1639,37.9213,37.9213,44,0.6132915577212738,0.05,0.21773571489086788,0.11897272738785836,0.161321,0.161321,0.161321,0.485157,0.521371,0.162616,44.1749,57.6679,45.215,47.665,0.0,0.0,78.1295,78.1295,0.143622,50.0,50.0,34.6275,49.4337,50.0,0.0,0.08,0.462,0.1675,0.0905,32.7763,0.327763,34.0625,0.340625,0,0,WATCH,RANK_ONLY,t_attack<0.55;t1_accept<0.52;t1_high_profit<0.50;t1_evidence<0.35,model_validated_professional_score,44,44,5540.0,0.7384476534296028,0.01339425552579666,0.011760095887884958,135.0,0.024368231046931407,280.0,0.05054151624548736,2092583847.08263,0.5766788324405187,26.3591,39.3434,1.53,,,339985.1412,,,9.901,0.0976590903349019,0.0769623929248077,0.0582229221761161,-0.1903807615230461,0.2897559146138528,4.0,4.0,1.0,4.0,4.0,0.0,0.0,101419368.0,101419368.0,,,,,,,,,,,,,,,,,0.45,22099204.0,4.44,3.64,1.0,0.0,2.375897610276539,0,1.0,0.6825,0.0,0.0,0.0,0,0.0,0.5,0.0,0.45,0.45215000000000005,0.47665,0.0,0.0,-0.012671257908074638,-0.012671257908074638,down,high,0.958633,ehx:coldstart_v1,-0.1282436280546039,-0.06011070386125781,-0.01275222297653672,0.03460625790818437,0.1027391821015317,3.905597374394774,4.18097165378761,4.383739614888149,4.596341377662903,4.920418355749659,0.42794050597646194,0.42794050597646194,44,43,43,0.1979933552442756,0.0,0.260328,,,,18,,,0.6863350518373061,
45,20260820,20260820,20260821,20260824,000520.SZ,凤凰航运,1→2,航运港口,4.41,MAIN_BOARD_10PCT,FULL,0,0,Outside TOP20,只观察不追,≤4.43,只观察不追,≤4.43,观察池：t_attack<0.55;t1_accept<0.52;t1_high_profit<0.50;t1_evidence<0.35；若竞价弱于预期不追,观察池：t_attack<0.55;t1_accept<0.52;t1_high_profit<0.50;t1_evidence<0.35；若竞价弱于预期不追,只观察不追,≤4.43,只观察不追,≤4.43,观察池：t_attack<0.55;t1_accept<0.52;t1_high_profit<0.50;t1_evidence<0.35；若竞价弱于预期不追,观察池：t_attack<0.55;t1_accept<0.52;t1_high_profit<0.50;t1_evidence<0.35；若竞价弱于预期不追,0.132547,0.132547,25.3884,25.3884,0.493771,0.493771,29.1133,29.1133,0.02029,25.3884,0.35676,23.3986,0.3371240094537619,0.7563057189548733,0.12211466738754398,0.2565587848582834,0.157991879567194,0.4677402829008114,0.1607415117176353,0.7876798454012357,0.7240923552515334,0.012160344873264773,0.0561364514421855,-0.031317639827371825,0.02884365538828561,0.24346317249780824,limitup_probability_engine:model_v2_target_gated,0.02029,0.35676,33.2203,38.1356,15.2542,True,True,False,True,False,ACTIVE,ACTIVE,SHADOW,ACTIVE,SHADOW,SHADOW,SHADOW,SHADOW,False,False,False,premium_target_gate_v4_walkforward_provenance,True,t_limit_active__t_touch_active__t1_shadow,partial,0.02029,0.132547,validated_platt_v1,0.35676,0.493771,validated_base_rate_v1,31.0243,32.4714,23.3686,76.5147,34.8419,34.8419,48,0.6132915577212738,0.05,0.21773571489086788,0.11897272738785836,0.132547,0.132547,0.132547,0.483769,0.523523,0.159703,43.4806,57.6679,55.7995,54.7483,0.0,0.0,78.6955,78.6955,0.143369,50.0,50.0,34.5465,49.9037,50.0,0.0,0.08,0.462,0.1675,0.0905,32.7202,0.327202,33.2506,0.332506,0,0,WATCH,RANK_ONLY,t_attack<0.55;t1_accept<0.52;t1_high_profit<0.50;t1_evidence<0.35,model_validated_professional_score,45,45,5540.0,0.7384476534296028,0.01339425552579666,0.011760095887884958,135.0,0.024368231046931407,280.0,0.05054151624548736,2092583847.08263,0.5766788324405187,3.0933,4.5157,1.12,,,446328.8235,,,9.9751,0.060193979469218,0.0464799362961091,0.0358083046322515,-0.0568475452196383,0.1076625406994948,,,0.0,,,0.0,0.0,68280100.0,68280100.0,,,,,,,,,,,,,,,,,0.7193266832917712,3150042.0,4.41,3.61,1.0,0.0,2.084759958467135,0,1.0,0.722899,0.0,0.0,0.0,0,0.0,0.5,0.0,0.7193266832917712,0.5579953859850376,0.5474829166583542,0.0,0.0,-0.01463938203217601,-0.01463938203217601,down,high,0.982361,ehx:coldstart_v1,-0.11114710089575629,-0.05427723937300563,-0.014747595199815292,0.024782048973375048,0.08165191049612673,3.946099365329372,4.177017395448081,4.345440325238104,4.520654292889249,4.785194155552985,0.40066101679527333,0.40066101679527333,48,45,45,0.1561182536954557,0.0,0.17833,,,,46,,,0.6481854565433246,
46,20260820,20260820,20260821,20260824,603376.SH,大明电子,1→2,汽车零部件,28.4,MAIN_BOARD_10PCT,FULL,0,0,Outside TOP20,只观察不追,≤28.54,只观察不追,≤28.54,观察池：t_attack<0.55;t1_accept<0.52;t1_high_profit<0.50;t1_evidence<0.35；若竞价弱于预期不追,观察池：t_attack<0.55;t1_accept<0.52;t1_high_profit<0.50;t1_evidence<0.35；若竞价弱于预期不追,只观察不追,≤28.54,只观察不追,≤28.54,观察池：t_attack<0.55;t1_accept<0.52;t1_high_profit<0.50;t1_evidence<0.35；若竞价弱于预期不追,观察池：t_attack<0.55;t1_accept<0.52;t1_high_profit<0.50;t1_evidence<0.35；若竞价弱于预期不追,0.17385,0.17385,41.654,41.654,0.493771,0.493771,28.6046,28.6046,0.337619,41.654,0.479696,43.9077,0.37597316546393916,0.4911585881625888,0.04186405550115727,0.05591399553341885,0.3570004946004954,0.6715824895302531,0.6380784918068609,0.39947252527019256,0.3196225996965788,-0.017153263716414055,0.017874157060716704,-0.002823337274888493,0.024643415810387356,0.35577425519874134,limitup_probability_engine:model_v2_target_gated,0.337619,0.479696,23.5593,18.6441,44.0678,True,True,False,True,False,ACTIVE,ACTIVE,SHADOW,ACTIVE,SHADOW,SHADOW,SHADOW,SHADOW,False,False,False,premium_target_gate_v4_walkforward_provenance,True,t_limit_active__t_touch_active__t1_shadow,partial,0.337619,0.17385,validated_platt_v1,0.479696,0.493771,validated_base_rate_v1,23.6448,46.8782,32.45,84.332,33.9438,33.9438,49,0.6132915577212738,0.05,0.21773571489086788,0.11897272738785836,0.17385,0.17385,0.17385,0.496591,0.503649,0.158493,49.8915,57.6679,45.0324,47.5428,0.0,0.0,81.4551,81.4551,0.139525,50.0,50.0,30.029,50.0374,50.0,0.0,0.08,0.462,0.1675,0.0905,32.7618,0.327618,33.0573,0.330573,0,0,WATCH,RANK_ONLY,t_attack<0.55;t1_accept<0.52;t1_high_profit<0.50;t1_evidence<0.35,model_validated_professional_score,46,46,5540.0,0.7384476534296028,0.01339425552579666,0.011760095887884958,135.0,0.024368231046931407,280.0,0.05054151624548736,2092583847.08263,0.5766788324405187,13.3443,13.3443,2.03,,,1136002.84,,,9.9923,0.0531330304301097,0.0396947695571307,0.0371680919313454,-0.0644927536231884,0.1199591199416594,,,0.0,,,0.0,4.0,14799296.0,14799296.0,,,,,,,,,,,,,,,,,0.4453524399690163,286380.0,28.4,23.24,1.0,0.0,1.2183712049968125,0,1.0,0.681803,0.0,0.0,0.0,0,0.0,0.5,0.0,0.4453524399690163,0.45032353838884587,0.4754277479938033,0.0,0.0,0.001514597588093832,0.001514597588093832,flat,high,0.950676,ehx:coldstart_v1,-0.12793183988020196,-0.05156696895910866,0.001513451742018123,0.05459387244314491,0.13095874336423957,24.989539199646522,26.972617270338127,28.443014571501866,29.993569767674444,32.373749329724006,0.5076717222642808,0.5076717222642808,49,26,26,0.2026662639227919,0.0,0.224372,,,,15,,,0.7855124735246546,
47,20260820,20260820,20260821,20260824,000017.SZ,深中华A,1→2,饰品,6.46,MAIN_BOARD_10PCT,FULL,0,0,Outside TOP20,只观察不追,≤6.49,只观察不追,≤6.49,观察池：t_attack<0.55;t1_accept<0.52;t1_high_profit<0.50;t1_evidence<0.35；若竞价弱于预期不追,观察池：t_attack<0.55;t1_accept<0.52;t1_high_profit<0.50;t1_evidence<0.35；若竞价弱于预期不追,只观察不追,≤6.49,只观察不追,≤6.49,观察池：t_attack<0.55;t1_accept<0.52;t1_high_profit<0.50;t1_evidence<0.35；若竞价弱于预期不追,观察池：t_attack<0.55;t1_accept<0.52;t1_high_profit<0.50;t1_evidence<0.35；若竞价弱于预期不追,0.145446,0.145446,36.232,36.232,0.493771,0.493771,29.1924,29.1924,0.057451,36.232,0.421975,29.1783,0.43208362579884824,0.7909143591768655,0.10846190684982317,0.13959346350244628,0.2694443657541352,0.3535321934045015,0.29053685113122313,0.7196847695388857,0.6537601077099939,0.015289820381310472,0.04623817180296722,-0.02085532529531898,0.03309676928364734,0.26495723854560604,limitup_probability_engine:model_v2_target_gated,0.057451,0.421975,34.7458,25.0847,30.5085,True,True,False,True,False,ACTIVE,ACTIVE,SHADOW,ACTIVE,SHADOW,SHADOW,SHADOW,SHADOW,False,False,False,premium_target_gate_v4_walkforward_provenance,True,t_limit_active__t_touch_active__t1_shadow,partial,0.057451,0.145446,validated_platt_v1,0.421975,0.493771,validated_base_rate_v1,30.5381,40.0985,30.5528,75.7874,36.4027,36.4027,47,0.6132915577212738,0.05,0.21773571489086788,0.11897272738785836,0.145446,0.145446,0.145446,0.485941,0.520156,0.163077,44.5667,57.6679,46.8218,48.7403,0.0,0.0,76.9594,76.9594,0.143505,50.0,50.0,32.4581,49.4811,50.0,0.0,0.08,0.462,0.1675,0.0905,31.6681,0.316681,32.8518,0.328518,0,0,WATCH,RANK_ONLY,t_attack<0.55;t1_accept<0.52;t1_high_profit<0.50;t1_evidence<0.35,model_validated_professional_score,47,47,5540.0,0.7384476534296028,0.01339425552579666,0.011760095887884958,135.0,0.024368231046931407,280.0,0.05054151624548736,2092583847.08263,0.5766788324405187,2.3752,4.3723,1.69,,,445213.4454,,,10.0511,0.0436407895034596,0.0348577552430588,0.0277434314597375,-0.0682539682539682,0.1075834300425808,,,0.0,,,0.0,0.0,33997532.0,33997532.0,,,,,,,,,,,,,,,,,0.490885860306644,77421.0,6.46,5.28,1.0,0.0,2.042203063561786,0,1.0,0.688633,0.0,0.0,0.0,0,0.0,0.5,0.0,0.490885860306644,0.4682181697103919,0.48740303206132884,0.0,0.0,-0.011076253498517376,-0.011076253498517376,down,high,0.953135,ehx:coldstart_v1,-0.1385281074719841,-0.06337570119447,-0.011138051948203985,0.041099597298062035,0.11625200357557748,5.624326515376817,6.063296424347801,6.388447402399578,6.731034961335555,7.2563817377326725,0.44282369949148115,0.44282369949148115,47,42,42,0.1471449436818979,0.0,0.192524,,,,53,,,0.6527333469040999,
48,20260820,20260820,20260821,20260824,605080.SH,浙江自然,1→2,文娱用品,22.34,MAIN_BOARD_10PCT,FULL,0,0,Outside TOP20,只观察不追,≤22.45,只观察不追,≤22.45,观察池：t_attack<0.55;t1_accept<0.52;t1_high_profit<0.50;t1_evidence<0.35；若竞价弱于预期不追,观察池：t_attack<0.55;t1_accept<0.52;t1_high_profit<0.50;t1_evidence<0.35；若竞价弱于预期不追,只观察不追,≤22.45,只观察不追,≤22.45,观察池：t_attack<0.55;t1_accept<0.52;t1_high_profit<0.50;t1_evidence<0.35；若竞价弱于预期不追,观察池：t_attack<0.55;t1_accept<0.52;t1_high_profit<0.50;t1_evidence<0.35；若竞价弱于预期不追,0.142027,0.142027,34.2388,34.2388,0.493771,0.493771,29.9124,29.9124,0.04412,34.2388,0.356438,27.0066,0.3631190386952468,0.5399505307922893,0.12761566505354707,0.16300905266529805,0.4073486431670886,0.539715056548103,0.45589531317330506,0.5632288786051459,0.28174114069222067,-0.005363131354509405,0.026177866066209112,0.010447435493163841,0.02499958640978405,0.3381816756960184,limitup_probability_engine:model_v2_target_gated,0.04412,0.356438,37.9661,26.1017,13.5593,True,True,False,True,False,ACTIVE,ACTIVE,SHADOW,ACTIVE,SHADOW,SHADOW,SHADOW,SHADOW,False,False,False,premium_target_gate_v4_walkforward_provenance,True,t_limit_active__t_touch_active__t1_shadow,partial,0.04412,0.142027,validated_platt_v1,0.356438,0.493771,validated_base_rate_v1,32.3689,31.6239,30.0348,81.5774,37.6779,37.6779,45,0.6132915577212738,0.05,0.21773571489086788,0.11897272738785836,0.142027,0.142027,0.142027,0.48036,0.528807,0.1684,41.7763,57.6679,40.1938,44.3048,0.0,0.0,79.2111,79.2111,0.146233,50.0,50.0,31.9857,49.0655,50.0,0.0,0.08,0.462,0.1675,0.0905,30.9961,0.309961,32.6666,0.326666,0,0,WATCH,RANK_ONLY,t_attack<0.55;t1_accept<0.52;t1_high_profit<0.50;t1_evidence<0.35,model_validated_professional_score,48,48,5540.0,0.7384476534296028,0.01339425552579666,0.011760095887884958,135.0,0.024368231046931407,280.0,0.05054151624548736,2092583847.08263,0.5766788324405187,7.2463,21.5165,7.14,,,314791.1528,,,9.9951,0.0403604950721132,0.0349545360123877,0.0270321200990455,-0.0392620624408704,0.0759285650729611,,,0.0,,,0.0,3.0,1840816.0,1840816.0,,,,,,,,,,,,,,,,,0.3222349175226467,40580.0,22.34,18.28,1.0,0.0,1.2522851092442109,0,1.0,0.663335,0.0,0.0,0.0,0,0.0,0.5,0.0,0.3222349175226467,0.4019382703081528,0.4430476835045293,0.0,0.0,-0.019126126000354,-0.019126126000354,down,high,0.934947,ehx:coldstart_v1,-0.22931710601204802,-0.10542647469317704,-0.01931139649015191,0.06680368171287321,0.19069431303174647,17.762006106446886,20.104673871370803,21.91272234515209,23.88337177950892,27.03339913848175,0.43988726978105697,0.43988726978105697,46,50,50,0.1483736720126029,0.0,0.179621,,,,52,,,0.7516034731422016,
49,20260820,20260820,20260821,20260824,000590.SZ,古汉医药,1→2,中药Ⅱ,9.69,MAIN_BOARD_10PCT,FULL,0,0,Outside TOP20,只观察不追,≤9.73,只观察不追,≤9.73,观察池：t_attack<0.55;t1_accept<0.52;t1_high_profit<0.50;t1_evidence<0.35；若竞价弱于预期不追,观察池：t_attack<0.55;t1_accept<0.52;t1_high_profit<0.50;t1_evidence<0.35；若竞价弱于预期不追,只观察不追,≤9.73,只观察不追,≤9.73,观察池：t_attack<0.55;t1_accept<0.52;t1_high_profit<0.50;t1_evidence<0.35；若竞价弱于预期不追,观察池：t_attack<0.55;t1_accept<0.52;t1_high_profit<0.50;t1_evidence<0.35；若竞价弱于预期不追,0.124514,0.124514,19.7237,19.7237,0.493771,0.493771,31.3487,31.3487,0.01,19.7237,0.214739,18.0609,0.32745530196900136,0.7198644762500096,0.20399072869406565,0.20571497678191336,0.21231475851483317,0.4404235359945095,0.172654583186781,0.7298110286264423,0.5728236492455332,0.01059754998869869,0.05256704570351041,-0.015085695749923987,0.018864117161653905,0.25448895967312235,limitup_probability_engine:model_v2_target_gated,0.01,0.214739,43.7288,33.0508,1.6949,True,True,False,True,False,ACTIVE,ACTIVE,SHADOW,ACTIVE,SHADOW,SHADOW,SHADOW,SHADOW,False,False,False,premium_target_gate_v4_walkforward_provenance,True,t_limit_active__t_touch_active__t1_shadow,partial,0.01,0.124514,validated_platt_v1,0.214739,0.493771,validated_base_rate_v1,35.4394,25.6917,22.0037,76.9446,36.9646,36.9646,46,0.6132915577212738,0.05,0.21773571489086788,0.11897272738785836,0.124514,0.124514,0.124514,0.472358,0.541209,0.166364,37.7754,57.6679,51.371,51.7846,0.0,0.0,78.3223,78.3223,0.148018,50.0,50.0,33.8937,49.2326,50.0,0.0,0.08,0.462,0.1675,0.0905,30.7501,0.307501,32.3038,0.323038,0,0,WATCH,RANK_ONLY,t_attack<0.55;t1_accept<0.52;t1_high_profit<0.50;t1_evidence<0.35,model_validated_professional_score,49,49,5540.0,0.7384476534296028,0.01339425552579666,0.011760095887884958,135.0,0.024368231046931407,280.0,0.05054151624548736,2092583847.08263,0.5766788324405187,1.4549,2.5796,1.21,,,232047.5928,,,9.9886,0.0440276242300379,0.0323447100647086,0.0274987675603567,-0.0339912280701752,0.0729858114877785,2.0,10.0,1.0,10.0,2.0,0.0,0.0,16799252.0,16799252.0,,,,,,,,,,,,,,,,,0.6066401816118032,159104.0,9.69,7.93,1.0,0.0,2.2708538637435933,0,1.0,0.705996,0.0,0.0,0.0,0,0.0,0.5,0.0,0.6066401816118032,0.5137095853802491,0.5178463563223606,0.0,0.0,-0.04037512190526905,-0.04037512190526905,down,high,0.973328,ehx:coldstart_v1,-0.14725092315879204,-0.08469487542683465,-0.041212822868360574,0.0022692296901134987,0.06482527742207202,8.363219852314767,8.903100176089561,9.298765068737943,9.71201380343888,10.338964337957556,0.2613172568498157,0.2613172568498157,45,59,59,0.0923617218454699,0.0,0.119701,,,,59,,,0.6596640617342389,
50,20260820,20260820,20260821,20260824,603519.SH,立霸股份,1→2,家电零部,16.53,MAIN_BOARD_10PCT,FULL,0,0,Outside TOP20,只观察不追,≤16.61,只观察不追,≤16.61,观察池：t_attack<0.55;t1_accept<0.52;t1_high_profit<0.50;t1_evidence<0.35；若竞价弱于预期不追,观察池：t_attack<0.55;t1_accept<0.52;t1_high_profit<0.50;t1_evidence<0.35；若竞价弱于预期不追,只观察不追,≤16.61,只观察不追,≤16.61,观察池：t_attack<0.55;t1_accept<0.52;t1_high_profit<0.50;t1_evidence<0.35；若竞价弱于预期不追,观察池：t_attack<0.55;t1_accept<0.52;t1_high_profit<0.50;t1_evidence<0.35；若竞价弱于预期不追,0.142353,0.142353,28.1714,28.1714,0.493771,0.493771,22.9374,22.9374,0.045262,28.1714,0.378234,26.0468,0.4049243702834106,0.750595221509955,0.0836086532378399,0.1170334560072412,0.4745454750146665,0.7822352211297148,0.693826325026824,0.3169547358188436,0.1915643611077323,0.002126868513634202,0.04372798858593057,0.007564471537394219,0.06598179164811574,0.42137585966056185,limitup_probability_engine:model_v2_target_gated,0.045262,0.378234,27.7966,16.2712,20.339,True,True,False,True,False,ACTIVE,ACTIVE,SHADOW,ACTIVE,SHADOW,SHADOW,SHADOW,SHADOW,False,False,False,premium_target_gate_v4_walkforward_provenance,True,t_limit_active__t_touch_active__t1_shadow,partial,0.045262,0.142353,validated_platt_v1,0.378234,0.493771,validated_base_rate_v1,23.9016,35.0138,21.6486,81.1999,30.7836,30.7836,51,0.6132915577212738,0.05,0.21773571489086788,0.11897272738785836,0.142353,0.142353,0.142353,0.484461,0.52245,0.165965,43.8269,57.6679,59.3348,57.1141,0.0,0.0,81.3381,81.3381,0.144553,50.0,50.0,29.7762,50.2285,50.0,0.0,0.08,0.462,0.1675,0.0905,30.9097,0.309097,30.8782,0.308782,0,0,WATCH,RANK_ONLY,t_attack<0.55;t1_accept<0.52;t1_high_profit<0.50;t1_evidence<0.35,model_validated_professional_score,50,50,5540.0,0.7384476534296028,0.01339425552579666,0.011760095887884958,135.0,0.024368231046931407,280.0,0.05054151624548736,2092583847.08263,0.5766788324405187,7.6666,16.1172,2.48,,,440239.8534,,,9.98,0.0468730809495239,0.038673289839692,0.037300814321946,-0.0790441176470588,0.128532533182806,,,0.0,,,0.0,2.0,13460379.0,13460379.0,,,,,,,,,,,,,,,,,0.8092814371257486,3068118.0,16.53,13.53,1.0,0.0,1.3500424647638951,0,1.0,0.736392,0.0,0.0,0.0,0,0.0,0.5,0.0,0.8092814371257486,0.5933475573652696,0.5711409274251498,0.0,0.0,-0.01366712571730194,-0.01366712571730194,down,high,0.938468,ehx:coldstart_v1,-0.16338662345258345,-0.07511680529934814,-0.013761380661401167,0.04759404397654581,0.1358638621297827,14.038313753818613,15.333808654293655,16.304082411893,17.335751950926095,18.935543681055822,0.43987702693894015,0.43987702693894015,53,44,44,0.1673267233410448,0.0,0.190346,,,,32,,,0.7439006887624905,
51,20260820,20260820,20260821,20260824,600327.SH,大东方,1→2,一般零售,4.24,MAIN_BOARD_10PCT,FULL,0,0,Outside TOP20,只观察不追,≤4.26,只观察不追,≤4.26,观察池：t_attack<0.55;t1_accept<0.52;t1_high_profit<0.50;t1_evidence<0.35；若竞价弱于预期不追,观察池：t_attack<0.55;t1_accept<0.52;t1_high_profit<0.50;t1_evidence<0.35；若竞价弱于预期不追,只观察不追,≤4.26,只观察不追,≤4.26,观察池：t_attack<0.55;t1_accept<0.52;t1_high_profit<0.50;t1_evidence<0.35；若竞价弱于预期不追,观察池：t_attack<0.55;t1_accept<0.52;t1_high_profit<0.50;t1_evidence<0.35；若竞价弱于预期不追,0.136523,0.136523,38.1209,38.1209,0.493771,0.493771,23.4421,23.4421,0.028325,38.1209,0.421844,28.7398,0.44244939732465377,0.6688612353567851,0.07520237751905932,0.12853014459772819,0.29341094164848347,0.655304012255435,0.4942194048746117,0.4688125170471498,0.49672495403905975,0.013571205482194256,0.044313223367161834,-0.012921442700411264,0.030772794059675302,0.34540611712897584,limitup_probability_engine:model_v2_target_gated,0.028325,0.421844,22.2034,25.7627,28.8136,True,True,False,True,False,ACTIVE,ACTIVE,SHADOW,ACTIVE,SHADOW,SHADOW,SHADOW,SHADOW,False,False,False,premium_target_gate_v4_walkforward_provenance,True,t_limit_active__t_touch_active__t1_shadow,partial,0.028325,0.136523,validated_platt_v1,0.421844,0.493771,validated_base_rate_v1,23.4809,39.2511,29.6522,78.7803,32.1922,32.1922,50,0.6132915577212738,0.05,0.21773571489086788,0.11897272738785836,0.136523,0.136523,0.136523,0.479164,0.530661,0.167626,41.1779,57.6679,47.0524,48.8946,0.0,0.0,78.5645,78.5645,0.146397,50.0,50.0,29.7815,49.3078,50.0,0.0,0.08,0.462,0.1675,0.0905,29.7335,0.297335,30.3481,0.303481,0,0,WATCH,RANK_ONLY,t_attack<0.55;t1_accept<0.52;t1_high_profit<0.50;t1_evidence<0.35,model_validated_professional_score,51,51,5540.0,0.7384476534296028,0.01339425552579666,0.011760095887884958,135.0,0.024368231046931407,280.0,0.05054151624548736,2092583847.08263,0.5766788324405187,5.8729,10.6213,1.55,,,375146.508,,,10.1299,0.0512296859962427,0.0477247706074655,0.0362925193445781,-0.0789473684210525,0.1272459269223123,2.0,8.0,1.0,8.0,2.0,0.0,1.0,10367308.0,10367308.0,,,,,,,,,,,,,,,,,0.4967532467532461,148216.0,4.24,3.47,1.0,0.0,1.7628695270729833,0,1.0,0.689513,0.0,0.0,0.0,0,0.0,0.5,0.0,0.4967532467532461,0.4705240288311686,0.4889461093506493,0.0,0.0,-0.01977764065081055,-0.01977764065081055,down,high,0.943814,ehx:coldstart_v1,-0.15660484388574292,-0.07600201593530351,-0.01997583575972636,0.036050344415850796,0.11665317236629164,3.6253775164680193,3.929692793797361,4.156142803640564,4.395642079583886,4.764613595629564,0.4049768648006309,0.4049768648006309,50,52,52,0.1361452683744692,0.0,0.198446,,,,56,,,0.7037965763090274,
52,20260820,20260820,20260821,20260824,603626.SH,科森科技,1→2,消费电子,16.95,MAIN_BOARD_10PCT,FULL,0,0,Outside TOP20,只观察不追,≤17.03,只观察不追,≤17.03,观察池：t_attack<0.55;t1_accept<0.52;t1_high_profit<0.50;t1_evidence<0.35；若竞价弱于预期不追,观察池：t_attack<0.55;t1_accept<0.52;t1_high_profit<0.50;t1_evidence<0.35；若竞价弱于预期不追,只观察不追,≤17.03,只观察不追,≤17.03,观察池：t_attack<0.55;t1_accept<0.52;t1_high_profit<0.50;t1_evidence<0.35；若竞价弱于预期不追,观察池：t_attack<0.55;t1_accept<0.52;t1_high_profit<0.50;t1_evidence<0.35；若竞价弱于预期不追,0.163032,0.163032,34.5944,34.5944,0.493771,0.493771,23.2252,23.2252,0.190434,34.5944,0.447588,35.0834,0.44813018214087524,0.6168829368986779,0.04973676095128228,0.07592806949308815,0.37715376455093935,0.6385868251357717,0.5245413361717375,0.39470202609538546,0.4433658054312961,-0.005925890714646974,0.03647508520427659,-0.027128974065679535,0.010769310615378145,0.34887649066596954,limitup_probability_engine:model_v2_target_gated,0.190434,0.447588,20.8475,14.7458,40.678,True,True,False,True,False,ACTIVE,ACTIVE,SHADOW,ACTIVE,SHADOW,SHADOW,SHADOW,SHADOW,False,False,False,premium_target_gate_v4_walkforward_provenance,True,t_limit_active__t_touch_active__t1_shadow,partial,0.190434,0.163032,validated_platt_v1,0.447588,0.493771,validated_base_rate_v1,20.4565,45.1833,26.1804,80.0218,30.0258,30.0258,52,0.6132915577212738,0.05,0.21773571489086788,0.11897272738785836,0.163032,0.163032,0.163032,0.489267,0.515001,0.160414,46.2297,57.6679,47.6633,49.3034,0.0,0.0,79.4701,79.4701,0.141991,50.0,50.0,27.7295,49.7757,50.0,0.0,0.08,0.462,0.1675,0.0905,30.388,0.30388,30.2975,0.302975,0,0,WATCH,RANK_ONLY,t_attack<0.55;t1_accept<0.52;t1_high_profit<0.50;t1_evidence<0.35,model_validated_professional_score,52,52,5540.0,0.7384476534296028,0.01339425552579666,0.011760095887884958,135.0,0.024368231046931407,280.0,0.05054151624548736,2092583847.08263,0.5766788324405187,8.9027,12.6434,1.36,,,940521.0915,,,9.9935,0.0603180947016867,0.0448341428779017,0.0477761578983512,-0.0930232558139535,0.1734716267449292,,,0.0,,,0.0,2.0,110161609.0,110161609.0,,,,,,,,,,,,,,,,,0.5122972096041528,1261170.0,16.95,13.87,1.0,0.0,1.470083182901696,0,1.0,0.691845,0.0,0.0,0.0,0,0.0,0.5,0.0,0.5122972096041528,0.476632895457495,0.4930343419208306,0.0,0.0,-0.007155495807387542,-0.007155495807387542,down,high,0.960573,ehx:coldstart_v1,-0.12499456943573105,-0.05549183840073346,-0.007181219149808965,0.04112940010111553,0.11063213113611439,14.958403731161146,16.035034672207026,16.828714346064782,17.661678464114402,18.932877573793302,0.460068660409203,0.460068660409203,52,37,37,0.1888855532708889,0.0,0.225301,,,,24,,,0.7138737368487916,
53,20260820,20260820,20260821,20260824,603988.SH,中电电机,1→2,电机Ⅱ,21.2,MAIN_BOARD_10PCT,FULL,0,0,Outside TOP20,只观察不追,≤21.31,只观察不追,≤21.31,观察池：t_attack<0.55;t1_accept<0.52;t1_high_profit<0.50;t1_evidence<0.35；若竞价弱于预期不追,观察池：t_attack<0.55;t1_accept<0.52;t1_high_profit<0.50;t1_evidence<0.35；若竞价弱于预期不追,只观察不追,≤21.31,只观察不追,≤21.31,观察池：t_attack<0.55;t1_accept<0.52;t1_high_profit<0.50;t1_evidence<0.35；若竞价弱于预期不追,观察池：t_attack<0.55;t1_accept<0.52;t1_high_profit<0.50;t1_evidence<0.35；若竞价弱于预期不追,0.130381,0.130381,12.573,12.573,0.493771,0.493771,23.396,23.396,0.01684,12.573,0.319622,19.8591,0.3512226146046058,0.8465920616884854,0.11113800153031425,0.18195708915835193,0.41647355929965235,0.40704269661523274,0.3758964799063668,0.6051733338424669,0.6309029078391458,0.016317989232507303,0.061280791998819174,-0.03196266286602092,0.01858750309592656,0.30280961697897923,limitup_probability_engine:model_v2_target_gated,0.01684,0.319622,29.8305,25.4237,5.0847,True,True,False,True,False,ACTIVE,ACTIVE,SHADOW,ACTIVE,SHADOW,SHADOW,SHADOW,SHADOW,False,False,False,premium_target_gate_v4_walkforward_provenance,True,t_limit_active__t_touch_active__t1_shadow,partial,0.01684,0.130381,validated_platt_v1,0.319622,0.493771,validated_base_rate_v1,25.2083,27.3866,13.6455,85.0534,29.9195,29.9195,53,0.6132915577212738,0.05,0.21773571489086788,0.11897272738785836,0.130381,0.130381,0.130381,0.47977,0.529721,0.164247,41.4814,57.6679,51.7004,52.0051,0.0,0.0,82.7766,82.7766,0.145484,50.0,50.0,29.0258,49.7598,50.0,0.0,0.08,0.462,0.1675,0.0905,30.2418,0.302418,30.1613,0.301613,0,0,WATCH,RANK_ONLY,t_attack<0.55;t1_accept<0.52;t1_high_profit<0.50;t1_evidence<0.35,model_validated_professional_score,53,53,5540.0,0.7384476534296028,0.01339425552579666,0.011760095887884958,135.0,0.024368231046931407,280.0,0.05054151624548736,2092583847.08263,0.5766788324405187,2.7406,5.4562,0.53,,,498624.0,,,10.0156,0.0553692636155302,0.0474449599940644,0.0556195639150991,-0.1838204150783566,0.2593118175795872,,,0.0,,,0.0,5.0,33574440.0,33574440.0,,,,,,,,,,,,,,,,,0.6150233523611839,912780.0,21.2,17.34,1.0,0.0,1.208344522146628,0,1.0,0.707254,0.0,0.0,0.0,0,0.0,0.5,0.0,0.6150233523611839,0.5170042868500262,0.5200513504722368,0.0,0.0,-0.019393312134700087,-0.019393312134700087,down,high,0.964462,ehx:coldstart_v1,-0.13469589552193773,-0.06678675842977415,-0.01958382961153303,0.02761909920670809,0.09552823629887292,18.52841104389359,19.830366475994317,20.78886178274436,21.79368569638999,23.32508563191024,0.3898015551627143,0.3898015551627143,51,51,51,0.1877266155129387,0.0,0.199914,,,,26,,,0.7891877895612597,
54,20260820,20260820,20260821,20260824,603716.SH,塞力医疗,1→2,医药商业,17.3,MAIN_BOARD_10PCT,FULL,0,0,Outside TOP20,只观察不追,≤17.39,只观察不追,≤17.39,观察池：t_attack<0.55;t1_accept<0.52;t1_high_profit<0.50;t1_evidence<0.35；若竞价弱于预期不追,观察池：t_attack<0.55;t1_accept<0.52;t1_high_profit<0.50;t1_evidence<0.35；若竞价弱于预期不追,只观察不追,≤17.39,只观察不追,≤17.39,观察池：t_attack<0.55;t1_accept<0.52;t1_high_profit<0.50;t1_evidence<0.35；若竞价弱于预期不追,观察池：t_attack<0.55;t1_accept<0.52;t1_high_profit<0.50;t1_evidence<0.35；若竞价弱于预期不追,0.1375,0.1375,25.4631,25.4631,0.493771,0.493771,21.1749,21.1749,0.03069,25.4631,0.385306,24.674,0.5237618632791334,0.6598339375627854,0.0675631567599234,0.1925857744729904,0.2962080914010117,0.7949687873663039,0.5576866188550946,0.5513426500060057,0.25705765145530146,0.027894124654305005,0.05156974139475073,-0.0008694847350309432,0.049508829531619274,0.40155431432115185,limitup_probability_engine:model_v2_target_gated,0.03069,0.385306,16.7797,33.2203,22.0339,True,True,False,True,False,ACTIVE,ACTIVE,SHADOW,ACTIVE,SHADOW,SHADOW,SHADOW,SHADOW,False,False,False,premium_target_gate_v4_walkforward_provenance,True,t_limit_active__t_touch_active__t1_shadow,partial,0.03069,0.1375,validated_platt_v1,0.385306,0.493771,validated_base_rate_v1,20.5726,35.8612,19.3457,77.9341,27.8943,27.8943,55,0.6132915577212738,0.05,0.21773571489086788,0.11897272738785836,0.1375,0.1375,0.1375,0.482816,0.525,0.162413,43.0042,57.6679,56.6078,55.2892,0.0,0.0,79.4488,79.4488,0.144231,50.0,50.0,30.2212,49.9421,50.0,0.0,0.08,0.462,0.1675,0.0905,30.6665,0.306665,29.9735,0.299735,0,0,WATCH,RANK_ONLY,t_attack<0.55;t1_accept<0.52;t1_high_profit<0.50;t1_evidence<0.35,model_validated_professional_score,54,54,5540.0,0.7384476534296028,0.01339425552579666,0.011760095887884958,135.0,0.024368231046931407,280.0,0.05054151624548736,2092583847.08263,0.5766788324405187,9.1458,10.6164,1.25,,,390618.084,,,9.9809,0.0536883954128932,0.0441451481565275,0.0486888018512266,-0.1574718800214247,0.2222144830894245,,,0.0,,,0.0,0.0,55973907.0,55973907.0,,,,,,,,,,,,,,,,,0.7398919262555623,4084573.0,17.3,14.16,1.0,0.0,2.0694835835413725,0,1.0,0.725984,0.0,0.0,0.0,0,0.0,0.5,0.0,0.7398919262555623,0.5660775734520025,0.5528916652511124,0.0,0.0,-0.01739578581019315,-0.01739578581019315,down,high,0.967246,ehx:coldstart_v1,-0.12993667313649432,-0.06363468610904144,-0.01754887044159495,0.02853694522585154,0.09483893225330561,15.192012986996957,16.233415701057744,16.99905290548366,17.800800829895813,19.02103427180875,0.39865238172669537,0.39865238172669537,54,46,46,0.1592022178499713,0.0,0.198659,,,,43,,,0.6781616298302332,
55,20260820,20260820,20260821,20260824,002313.SZ,日海智能,1→2,通信设备,8.78,MAIN_BOARD_10PCT,FULL,0,0,Outside TOP20,只观察不追,≤8.82,只观察不追,≤8.82,观察池：t_attack<0.55;t1_accept<0.52;t1_high_profit<0.50;t1_evidence<0.35；若竞价弱于预期不追,观察池：t_attack<0.55;t1_accept<0.52;t1_high_profit<0.50;t1_evidence<0.35；若竞价弱于预期不追,只观察不追,≤8.82,只观察不追,≤8.82,观察池：t_attack<0.55;t1_accept<0.52;t1_high_profit<0.50;t1_evidence<0.35；若竞价弱于预期不追,观察池：t_attack<0.55;t1_accept<0.52;t1_high_profit<0.50;t1_evidence<0.35；若竞价弱于预期不追,0.129308,0.129308,36.9177,36.9177,0.493771,0.493771,20.3397,20.3397,0.015337,36.9177,0.396196,27.4017,0.30905660608686647,0.6600132352033851,0.07135534763348272,0.1424110850067963,0.24360079293753795,0.3214370921303807,0.36959757836881163,0.5588695488524436,0.37142008069956417,0.003364773929817877,0.037347558232865695,-0.01346352736060711,0.013129425422267927,0.2442847448540212,limitup_probability_engine:model_v2_target_gated,0.015337,0.396196,15.0847,28.4746,23.7288,True,True,False,True,False,ACTIVE,ACTIVE,SHADOW,ACTIVE,SHADOW,SHADOW,SHADOW,SHADOW,False,False,False,premium_target_gate_v4_walkforward_provenance,True,t_limit_active__t_touch_active__t1_shadow,partial,0.015337,0.129308,validated_platt_v1,0.396196,0.493771,validated_base_rate_v1,19.6875,36.7087,25.5405,80.1834,29.0103,29.0103,54,0.6132915577212738,0.05,0.21773571489086788,0.11897272738785836,0.129308,0.129308,0.129308,0.477806,0.532766,0.16979,40.4989,57.6679,45.806,48.0605,0.0,0.0,79.1035,79.1035,0.147252,50.0,50.0,28.3847,49.2234,50.0,0.0,0.08,0.462,0.1675,0.0905,28.9571,0.289571,28.9704,0.289704,0,0,WATCH,RANK_ONLY,t_attack<0.55;t1_accept<0.52;t1_high_profit<0.50;t1_evidence<0.35,model_validated_professional_score,55,55,5540.0,0.7384476534296028,0.01339425552579666,0.011760095887884958,135.0,0.024368231046931407,280.0,0.05054151624548736,2092583847.08263,0.5766788324405187,5.5988,9.8941,2.45,,,328723.2,,,10.0251,0.05132916303739,0.0385124212414733,0.0310801964056195,-0.0785219399538106,0.1249130579101222,3.0,7.0,1.0,7.0,3.0,0.0,2.0,1966720.0,1966720.0,,,,,,,,,,,,,,,,,0.4650375939849621,258400.0,8.78,7.18,1.0,0.0,1.5857747343493904,0,1.0,0.684756,0.0,0.0,0.0,0,0.0,0.5,0.0,0.4650375939849621,0.45805985383458636,0.48060503879699246,0.0,0.0,-0.021535113403499576,-0.021535113403499576,down,high,0.933601,ehx:coldstart_v1,-0.17443354099441044,-0.0843715340121253,-0.021770377719369086,0.04083077857338713,0.1308927855556739,7.374608873019056,8.069607737752799,8.590921704317273,9.145913671172115,10.007844076955836,0.40727407907778235,0.40727407907778235,55,54,54,0.1231627770141518,0.0,0.18802,,,,58,,,0.7308820042862014,
56,20260820,20260820,20260821,20260824,603392.SH,万泰生物,1→2,医疗器械,30.81,MAIN_BOARD_10PCT,FULL,0,0,Outside TOP20,只观察不追,≤30.96,只观察不追,≤30.96,观察池：t_attack<0.55;t1_accept<0.52;t1_high_profit<0.50;t1_evidence<0.35；若竞价弱于预期不追,观察池：t_attack<0.55;t1_accept<0.52;t1_high_profit<0.50;t1_evidence<0.35；若竞价弱于预期不追,只观察不追,≤30.96,只观察不追,≤30.96,观察池：t_attack<0.55;t1_accept<0.52;t1_high_profit<0.50;t1_evidence<0.35；若竞价弱于预期不追,观察池：t_attack<0.55;t1_accept<0.52;t1_high_profit<0.50;t1_evidence<0.35；若竞价弱于预期不追,0.143628,0.143628,27.1944,27.1944,0.493771,0.493771,16.085,16.085,0.049982,27.1944,0.530346,29.3007,0.49657413265916384,0.7094010023856342,0.036473205194625935,0.10198954159221402,0.11896877685024196,0.30267507148700007,0.1154907545707564,0.9069873990874809,0.8772526588302668,-0.003677981427929465,0.04742937866334312,-0.06452492323180367,-0.00587594489568165,0.19439513714980158,limitup_probability_engine:model_v2_target_gated,0.049982,0.530346,10.5085,14.0678,57.6271,True,True,False,True,False,ACTIVE,ACTIVE,SHADOW,ACTIVE,SHADOW,SHADOW,SHADOW,SHADOW,False,False,False,premium_target_gate_v4_walkforward_provenance,True,t_limit_active__t_touch_active__t1_shadow,partial,0.049982,0.143628,validated_platt_v1,0.530346,0.493771,validated_base_rate_v1,13.3515,53.6578,17.6726,75.5814,23.7113,23.7113,58,0.6132915577212738,0.05,0.21773571489086788,0.11897272738785836,0.143628,0.143628,0.143628,0.495356,0.505564,0.155053,49.2739,57.6679,61.1258,58.3127,0.0,0.0,78.7778,78.7778,0.139113,50.0,50.0,26.2657,50.6092,50.0,0.0,0.08,0.462,0.1675,0.0905,30.4925,0.304925,28.7972,0.287972,0,0,WATCH,RANK_ONLY,t_attack<0.55;t1_accept<0.52;t1_high_profit<0.50;t1_evidence<0.35,model_validated_professional_score,56,56,5540.0,0.7384476534296028,0.01339425552579666,0.011760095887884958,135.0,0.024368231046931407,280.0,0.05054151624548736,2092583847.08263,0.5766788324405187,0.54,2.0403,1.08,,,3895594.2168,,,9.9964,0.0497222111785975,0.0379619728267751,0.0305198817402394,-0.0941138421733506,0.1339463892345351,4.0,3.0,1.0,3.0,4.0,0.0,0.0,95608852.0,95608852.0,,,,,,,,,,,,,,,,,0.8548554087825775,9938760.0,30.81,25.21,1.0,0.0,2.368684687406879,0,1.0,0.743228,0.0,0.0,0.0,0,0.0,0.5,0.0,0.8548554087825775,0.6112581071617279,0.5831268417565155,0.0,0.0,0.0005995484262440668,0.0005995484262440668,flat,high,0.977441,ehx:coldstart_v1,-0.10269019107385673,-0.04175561550112846,0.0005993687688916297,0.042954353038911715,0.10388892861164109,27.803144381112688,29.549998618695355,30.828472087012575,32.16225839748192,34.18299305258939,0.5038077498596957,0.5038077498596957,58,28,28,0.1718541317004983,0.0,0.231771,,,,30,,,0.6364759091161579,
57,20260820,20260820,20260821,20260824,603578.SH,三星新材,1→2,家电零部,13.75,MAIN_BOARD_10PCT,FULL,0,0,Outside TOP20,只观察不追,≤13.82,只观察不追,≤13.82,观察池：t_attack<0.55;t1_accept<0.52;t1_high_profit<0.50;t1_evidence<0.35；若竞价弱于预期不追,观察池：t_attack<0.55;t1_accept<0.52;t1_high_profit<0.50;t1_evidence<0.35；若竞价弱于预期不追,只观察不追,≤13.82,只观察不追,≤13.82,观察池：t_attack<0.55;t1_accept<0.52;t1_high_profit<0.50;t1_evidence<0.35；若竞价弱于预期不追,观察池：t_attack<0.55;t1_accept<0.52;t1_high_profit<0.50;t1_evidence<0.35；若竞价弱于预期不追,0.133138,0.133138,27.7587,27.7587,0.493771,0.493771,19.211,19.211,0.021337,27.7587,0.35072,23.8596,0.36855674140690786,0.6865534079220993,0.07205229775081246,0.1349400322907,0.24329484204377327,0.43816542470473857,0.280844402684831,0.6239842476671298,0.44210075149454775,0.004920843332132685,0.047440895028372496,-0.024415764174363426,0.011666245775912305,0.2524733500966595,limitup_probability_engine:model_v2_target_gated,0.021337,0.35072,20.0,19.322,11.8644,True,True,False,True,False,ACTIVE,ACTIVE,SHADOW,ACTIVE,SHADOW,SHADOW,SHADOW,SHADOW,False,False,False,premium_target_gate_v4_walkforward_provenance,True,t_limit_active__t_touch_active__t1_shadow,partial,0.021337,0.133138,validated_platt_v1,0.35072,0.493771,validated_base_rate_v1,19.8379,30.7765,18.6891,76.1242,26.8312,26.8312,57,0.6132915577212738,0.05,0.21773571489086788,0.11897272738785836,0.133138,0.133138,0.133138,0.482059,0.526173,0.163934,42.6259,57.6679,50.4969,51.1997,0.0,0.0,77.6431,77.6431,0.144776,50.0,50.0,27.3325,49.536,50.0,0.0,0.08,0.462,0.1675,0.0905,28.8993,0.288993,28.3823,0.283823,0,0,WATCH,RANK_ONLY,t_attack<0.55;t1_accept<0.52;t1_high_profit<0.50;t1_evidence<0.35,model_validated_professional_score,57,57,5540.0,0.7384476534296028,0.01339425552579666,0.011760095887884958,135.0,0.024368231046931407,280.0,0.05054151624548736,2092583847.08263,0.5766788324405187,3.1493,7.2583,1.49,,,321833.1875,,,10.0,0.0526097561191773,0.0393991759097749,0.0305124919645669,-0.0629685157421289,0.1169728125304654,,,0.0,,,0.0,0.0,43057080.0,43057080.0,,,,,,,,,,,,,,,,,0.5843999999999998,149526.0,13.75,11.25,1.0,0.0,2.053449194018698,0,1.0,0.70266,0.0,0.0,0.0,0,0.0,0.5,0.0,0.5843999999999998,0.5049691999999999,0.5119971999999999,0.0,0.0,-0.018805866189473747,-0.018805866189473747,down,high,0.959455,ehx:coldstart_v1,-0.13881565675883026,-0.06812280493165078,-0.018984945202582246,0.030152914526486288,0.10084576635366704,11.967841378634828,12.844504046386904,13.491419339894735,14.170916615195164,15.20895791030686,0.397201870538165,0.397201870538165,57,47,47,0.1522018646639329,0.0,0.184335,,,,47,,,0.6545117221697817,
58,20260820,20260820,20260821,20260824,603666.SH,亿嘉和,1→2,自动化设,26.07,MAIN_BOARD_10PCT,FULL,0,0,Outside TOP20,只观察不追,≤26.20,只观察不追,≤26.20,观察池：t_attack<0.55;t1_accept<0.52;t1_high_profit<0.50;t1_evidence<0.35；若竞价弱于预期不追,观察池：t_attack<0.55;t1_accept<0.52;t1_high_profit<0.50;t1_evidence<0.35；若竞价弱于预期不追,只观察不追,≤26.20,只观察不追,≤26.20,观察池：t_attack<0.55;t1_accept<0.52;t1_high_profit<0.50;t1_evidence<0.35；若竞价弱于预期不追,观察池：t_attack<0.55;t1_accept<0.52;t1_high_profit<0.50;t1_evidence<0.35；若竞价弱于预期不追,0.136386,0.136386,25.4503,25.4503,0.493771,0.493771,19.2266,19.2266,0.028006,25.4503,0.333348,23.0873,0.35078019609304906,0.7154400988074385,0.0834426330293309,0.12080857416512818,0.2537937403826407,0.6449356444310623,0.4488301808284698,0.5902740973230727,0.5273208775512069,0.013181929049113118,0.057329047835204594,-0.012603637430350497,0.039233471866055906,0.3130776311480613,limitup_probability_engine:model_v2_target_gated,0.028006,0.333348,22.8814,14.9153,6.7797,True,True,False,True,False,ACTIVE,ACTIVE,SHADOW,ACTIVE,SHADOW,SHADOW,SHADOW,SHADOW,False,False,False,premium_target_gate_v4_walkforward_provenance,True,t_limit_active__t_touch_active__t1_shadow,partial,0.028006,0.136386,validated_platt_v1,0.333348,0.493771,validated_base_rate_v1,20.4359,28.2341,17.982,75.7919,26.8774,26.8774,56,0.6132915577212738,0.05,0.21773571489086788,0.11897272738785836,0.136386,0.136386,0.136386,0.478488,0.531708,0.165731,40.8402,57.6679,47.5034,49.1964,0.0,0.0,77.0906,77.0906,0.146168,50.0,50.0,26.2815,49.2289,50.0,0.0,0.08,0.462,0.1675,0.0905,27.8249,0.278249,27.588,0.27588,0,0,WATCH,RANK_ONLY,t_attack<0.55;t1_accept<0.52;t1_high_profit<0.50;t1_evidence<0.35,model_validated_professional_score,58,58,5540.0,0.7384476534296028,0.01339425552579666,0.011760095887884958,135.0,0.024368231046931407,280.0,0.05054151624548736,2092583847.08263,0.5766788324405187,3.128,4.912,1.66,,,535817.7528,,,10.0,0.0648032435049988,0.0480425960949925,0.042764230261257,-0.0995440729483283,0.1754348059290373,,,0.0,,,0.0,0.0,49621638.0,49621638.0,,,,,,,,,,,,,,,,,0.5082278481012665,90934.0,26.07,21.33,1.0,0.0,2.0615981519644992,0,1.0,0.691234,0.0,0.0,0.0,0,0.0,0.5,0.0,0.5082278481012665,0.47503350531645594,0.4919638496202533,0.0,0.0,-0.020631786369376934,-0.020631786369376934,down,high,0.95854,ehx:coldstart_v1,-0.14134793076774166,-0.07026004137715923,-0.020847595181757984,0.02856485101364326,0.09965274040422697,22.633640046074365,24.301186749166423,25.532129329350344,26.825423581958734,28.801802395180275,0.3879853300338816,0.3879853300338816,56,53,53,0.1648076344653046,0.0,0.195532,,,,35,,,0.6498926927324533,
59,20260820,20260820,20260821,20260824,003010.SZ,若羽臣,1→2,互联网电,29.16,MAIN_BOARD_10PCT,FULL,0,0,Outside TOP20,只观察不追,≤29.31,只观察不追,≤29.31,观察池：t_attack<0.55;t1_accept<0.52;t1_high_profit<0.50;t1_evidence<0.35；若竞价弱于预期不追,观察池：t_attack<0.55;t1_accept<0.52;t1_high_profit<0.50;t1_evidence<0.35；若竞价弱于预期不追,只观察不追,≤29.31,只观察不追,≤29.31,观察池：t_attack<0.55;t1_accept<0.52;t1_high_profit<0.50;t1_evidence<0.35；若竞价弱于预期不追,观察池：t_attack<0.55;t1_accept<0.52;t1_high_profit<0.50;t1_evidence<0.35；若竞价弱于预期不追,0.138143,0.138143,26.6991,26.6991,0.493771,0.493771,10.977,10.977,0.032344,26.6991,0.35911,24.2967,0.2856466892248811,0.502879446931702,0.029873786559307898,0.044162816323750194,0.3465963593728043,0.5166220201348354,0.42696940794643623,0.6038459061904683,0.29388756602595106,-0.003506325585407452,0.034153724215683426,-0.021116974816922762,0.013284209455469839,0.27010419097331084,limitup_probability_engine:model_v2_target_gated,0.032344,0.35911,7.7966,5.2542,16.9492,True,True,False,True,False,ACTIVE,ACTIVE,SHADOW,ACTIVE,SHADOW,SHADOW,SHADOW,SHADOW,False,False,False,premium_target_gate_v4_walkforward_provenance,True,t_limit_active__t_touch_active__t1_shadow,partial,0.032344,0.138143,validated_platt_v1,0.35911,0.493771,validated_base_rate_v1,9.9005,33.3189,16.6974,76.7331,20.5026,20.5026,59,0.6132915577212738,0.05,0.21773571489086788,0.11897272738785836,0.138143,0.138143,0.138143,0.480945,0.5279,0.164577,42.0686,57.6679,45.7487,48.0221,0.0,0.0,77.4012,77.4012,0.145229,50.0,50.0,21.1222,49.258,50.0,0.0,0.08,0.462,0.1675,0.0905,25.8329,0.258329,24.5003,0.245003,0,0,WATCH,RANK_ONLY,t_attack<0.55;t1_accept<0.52;t1_high_profit<0.50;t1_evidence<0.35,model_validated_professional_score,59,59,5540.0,0.7384476534296028,0.01339425552579666,0.011760095887884958,135.0,0.024368231046931407,280.0,0.05054151624548736,2092583847.08263,0.5766788324405187,6.868,8.9777,1.51,,,907049.502,,,9.9962,0.0516136042604287,0.043716013888087,0.0363354372420788,-0.0942944994875298,0.1456804882852738,,,0.0,,,0.0,0.0,46919373.0,46919373.0,,,,,,,,,,,,,,,,,0.4635797812146351,720047.0,29.16,23.86,1.0,0.0,2.05824367724687,0,1.0,0.684537,0.0,0.0,0.0,0,0.0,0.5,0.0,0.4635797812146351,0.4574868612372686,0.480221496242927,0.0,0.0,-0.01889473794582152,-0.01889473794582152,down,high,0.958621,ehx:coldstart_v1,-0.139344905384341,-0.0683932652033725,-0.019075524404304288,0.03024221639476392,0.10119385657573371,25.36709855196193,27.23232377804476,28.609029441499846,30.055333222957533,32.26528110449998,0.3970906988883961,0.3970906988883961,59,49,49,0.1589191172627443,0.0,0.196969,,,,44,,,0.6643288109827219,
