rank,trade_date,base_date,buy_date,target_date,ts_code,name,晋阶,sector,close_T,premium_limit_regime,rank_group,is_top10,is_top20,榜单分组,T日建议买入方式,T日可接受买入价,T+1建议买入方式,T+1可接受买入价,T+1卖出计划,T+2卖出计划,t_buy_method,t_max_buy_price,t1_buy_method,t1_max_buy_price,t1_sell_plan,t2_sell_plan,t_limitup_prob,T日涨停概率,t_limitup_strength,T日涨停强度,t1_continue_up_rate,T+1延续上涨率,limitup_continuation_score,涨停接力评分,t_limitup_prob_rule,t_limitup_strength_rule,t1_continue_up_rate_rule,limitup_continuation_score_rule,t_up_prob_model,t_high_profit_prob_model,t_limitup_prob_model,t_touch_limitup_prob_model,t1_up_prob_model,t1_high_profit_prob_model,t1_accept_prob_model,t1_fail_prob_model,t1_big_drawdown_prob_model,t_close_ret_pred,t_intraday_ret_pred,t1_close_ret_pred,t1_high_ret_pred,limitup_model_score,limitup_model_src,model_can_rank,model_rank_mode,model_quality_flag,t_limitup_prob_raw_before_calibration,t_limitup_prob_calibrated,limitup_calibration_src,t1_continue_up_rate_raw_before_calibration,t1_continue_up_rate_calibrated,t1_calibration_src,limitup_alpha_score,t1_alpha_score,strength_alpha_score,execution_alpha_score,premium_adaptive_score,自适应排序评分,rank_adaptive_score,adaptive_weight_limitup,adaptive_weight_t1,adaptive_weight_strength,adaptive_weight_execution,t_up_prob_model_blend,t_high_profit_prob_model_blend,t_touch_limitup_prob_blend,t1_accept_prob_blend,t1_fail_prob_blend,t1_big_drawdown_prob_blend,eret_plus_score,market_score,intraday_attack_edge,intraday_execution_edge,intraday_risk_penalty,intraday_hard_risk_flag,execution_safety_score,execution_score,risk_penalty_score,t1_close_ret_pred_score,t1_high_ret_pred_score,t_up_attack_score,t1_accept_score,premium_final_score,premium_final_score_raw,premium_rank_score,premium_rank_score_raw,premium_eligible,premium_force_excluded,premium_bucket,premium_exclude_reason,premium_rank_mode,rank_premium_final,rank_premium_score,mkt_stock_count,mkt_up_ratio,mkt_avg_ret,mkt_median_ret,mkt_strong_count,mkt_strong_ratio,mkt_touch_strong_count,mkt_touch_strong_ratio,mkt_amount_sum,mkt_emotion_score,turnover_rate,turnover_rate_f,volume_ratio,circ_mv,float_mv,total_mv,pe_ttm,pb,returns_1d,volatility_5d,volatility_10d,volatility_20d,max_drawdown_20d,tail_risk_score,hot_boards_score,board_crowding_rank,is_hot_board,board_rank,board_limit_up_count,is_st_like,open_times,fd_amount,seal_amount,first_limit_time,last_limit_time,limit_touch_count,open_board_count,max_drawdown_after_limit,reseal_count,reseal_minutes_avg,late_volume_ratio,late_price_weakness,late_limit_hold_minutes,late_withdraw_score,reseal_score,intraday_quality_score,intraday_confidence_score,intraday_risk_score,intraday_soft_risk_score,intraday_hard_risk_flag.1,auction_strength_score,auction_amount,up_limit,down_limit,is_limit_up,break_count_proxy,limit_up_strength,factor_intraday_available,factor_auction_available,factor_intraday_quality,factor_intraday_confidence,factor_intraday_soft_risk,factor_intraday_risk,factor_intraday_hard_risk,factor_late_withdraw,factor_reseal,factor_open_board_count,factor_auction_strength,factor_intraday_attack_edge,factor_intraday_execution_edge,factor_intraday_risk_penalty,eret_pred_raw,eret_plus_value,eret_plus_delta,eret_plus_direction,eret_plus_conf,eret_plus_conf_score,eret_plus_src,r_p05,r_p25,r_p50,r_p75,r_p95,close_T2_p05,close_T2_p25,close_T2_p50,close_T2_p75,close_T2_p95,t1_up_rate,T+1上涨率,rank_limitup_continuation,rank_eret_plus,rank_r_p50,p_premium,e_premium,score_ev,risk_flags,confidence,data_quality,dec_rank,dec_weight,dec_can_buy,dec_p_fill,dec_reason,exec_p_fill,exec_p_fill_lcb,exec_p_profit_lcb,exec_p_limitup_lcb,exec_p_big_loss_ucb,exec_expected_net_return,exec_profit_edge,execution_profit_score,exec_trade_eligible,exec_model_ready,exec_model_reason,exec_model_version,exec_cost_bps,exec_fill_auc,exec_profit_rank_ic,exec_holdout_top_net,trade_action_raw,trade_action,final_trade_score,decision_support_score,risk_quality_score,t1_weight_mode,market_mode,final_action,final_reason,final_rank
3,20260803,20260803,20260804,20260805,601611.SH,中国核建,1→2,基础建设,11.61,MAIN_BOARD_10PCT,TOP10,1,1,TOP10,只观察不追,≤11.67,只观察不追,≤11.67,观察池：t_attack<0.55;t1_accept<0.52；若竞价弱于预期不追,观察池：t_attack<0.55;t1_accept<0.52；若竞价弱于预期不追,只观察不追,≤11.67,只观察不追,≤11.67,观察池：t_attack<0.55;t1_accept<0.52；若竞价弱于预期不追,观察池：t_attack<0.55;t1_accept<0.52；若竞价弱于预期不追,0.262523,0.262523,76.2,76.2,0.463064,0.463064,85.1243,85.1243,0.99,76.2,0.743447,85.1243,0.8708301903952477,0.9844122462179142,0.5127809171487238,0.6734555849022184,0.5520890591097628,0.6160445072186888,0.4054061679520514,0.4826312629261021,0.6081664979977648,0.0314306800821057,0.0914374125119347,-0.0118288354285114,0.0153956208903787,0.6014228258186634,limitup_probability_engine:shadow_gate_failed,False,disabled_validation_not_pass:days=16;samples=480;t1_accept_auc=0.49488864549105516;t1_accept_brier=0.2700313117103626;t1_ret_spearman_ic=-0.05027410609663284,degraded,0.99,0.262523,validated_platt_v1,0.743447,0.463064,validated_platt_v1,31.2471,47.2298,84.5435,82.9961,49.5908,49.5908,3,0.6096881661073221,0.0616281842988438,0.2259700090957608,0.1027136404980731,0.262523,0.262523,0.262523,0.502322,0.486705,0.154769,60.6259,52.9272,53.0378,52.9001,0.0,0.0,81.6015,18.0,0.135656,50.0,50.0,39.1622,50.0003,38.6148,0.386148,41.3588,0.413588,0,0,WATCH,t_attack<0.55;t1_accept<0.52,professional_score_rule_guarded,3,3,5524.0,0.7239319333816076,0.0118095841805789,0.0134284538963929,112.0,0.0202751629254163,175.0,0.031679942070963,2009875283.56777,0.5292723743464265,2.5283,7.6038,2.49,,,3499061.5062,,,10.0474,0.0389107362368255,0.0336843873012184,0.0307011099884776,-0.0609874152952566,0.1066934684206723,,,0.0,,,0.0,0.0,274584499.0,274584499.0,,,,,,,,,,,,,,,,,0.0,0.6490521327014218,40725670.0,11.61,9.5,1.0,0.0,2.877181083668904,0,1.0,0.712358,0.0,0.0,0.0,0,0.0,0.5,0.0,0.6490521327014218,0.5303775277725118,0.5290007865402844,0.0,0.0,0.0542980867575005,0.0542980867575005,up,high,0.941614,ehx:coldstart_v1,-0.0883536298227976,-0.0050371713737897,0.0528752248950518,0.1107876211638934,0.1941040796129028,10.62822465692611,11.551665484170805,12.240400787254584,12.970199980074767,14.097124992082716,0.7309943933962377,0.7309943933962377,3,1,1,0.2572628563782613,0.0,0.290493,,,,1,,,0.7698403457795671,,,,,,,,,,0,0,execution_model_error:KeyError,premium_exec_profit_v1_walkforward_guarded,35.0,,,,只观察不追,WATCH_ONLY,47.7694,80.0,86.67886607613082,LOW_IC,NORMAL,WATCH_ONLY,execution_model_guard,1
4,20260803,20260803,20260804,20260805,600468.SH,百利电气,1→2,电网设备,6.22,MAIN_BOARD_10PCT,TOP10,1,1,TOP10,只观察不追,≤6.25,只观察不追,≤6.25,观察池：t_attack<0.55;t1_accept<0.52；若竞价弱于预期不追,观察池：t_attack<0.55;t1_accept<0.52；若竞价弱于预期不追,只观察不追,≤6.25,只观察不追,≤6.25,观察池：t_attack<0.55;t1_accept<0.52；若竞价弱于预期不追,观察池：t_attack<0.55;t1_accept<0.52；若竞价弱于预期不追,0.234555,0.234555,81.8909,81.8909,0.478746,0.478746,87.714,87.714,0.969893,81.8909,0.805829,87.714,0.8638795542170837,0.9682537465929204,0.5932056627033915,0.7441896507746721,0.295451019832845,0.5370504756499395,0.2885560995746738,0.4307974628382732,0.5478517493774018,0.0579827899285019,0.0924397831082849,-0.0395890307196627,-0.0126112024293382,0.5556071124521578,limitup_probability_engine:shadow_gate_failed,False,disabled_validation_not_pass:days=16;samples=480;t1_accept_auc=0.49488864549105516;t1_accept_brier=0.2700313117103626;t1_ret_spearman_ic=-0.05027410609663284,degraded,0.969893,0.234555,validated_platt_v1,0.805829,0.478746,validated_platt_v1,29.299,48.406,88.5463,87.9874,49.8928,49.8928,2,0.6096881661073221,0.0616281842988438,0.2259700090957608,0.1027136404980731,0.234555,0.234555,0.234555,0.506783,0.483908,0.150463,58.8377,52.9272,49.8058,50.7372,0.0,0.0,84.1757,18.0,0.134205,50.0,50.0,37.5749,50.4799,38.3514,0.383514,41.2367,0.412367,0,0,WATCH,t_attack<0.55;t1_accept<0.52,professional_score_rule_guarded,4,4,5524.0,0.7239319333816076,0.0118095841805789,0.0134284538963929,112.0,0.0202751629254163,175.0,0.031679942070963,2009875283.56777,0.5292723743464265,4.6084,10.4552,1.38,,,676571.3566,,,10.0885,0.0430226196674569,0.0458921957958756,0.0390443568555956,-0.0551330798479087,0.110947923484585,8.0,1.0,1.0,1.0,8.0,0.0,1.0,95821196.0,95821196.0,,,,,,,,,,,,,,,,,0.0,0.5668141592920353,2107008.0,6.22,5.09,1.0,0.0,2.05610810461566,0,1.0,0.700022,0.0,0.0,0.0,0,0.0,0.5,0.0,0.5668141592920353,0.4980579373451327,0.507372071858407,0.0,0.0,0.0428829432385893,0.0428829432385893,up,high,0.96473,ehx:coldstart_v1,-0.0721943663139311,-0.0048331417103159,0.041988938884799,0.0888110194799141,0.1561722440835305,5.786777308056509,6.190010388959733,6.4867319069440255,6.797676932435176,7.271351322606455,0.727366154489155,0.727366154489155,2,5,5,0.1728113021823737,0.0,0.295816,,,,7,,,0.8341819518390049,,,,,,,,,,0,0,execution_model_error:KeyError,premium_exec_profit_v1_walkforward_guarded,35.0,,,,只观察不追,WATCH_ONLY,47.7194,80.0,88.05952056365189,LOW_IC,NORMAL,WATCH_ONLY,execution_model_guard,2
2,20260803,20260803,20260804,20260805,002354.SZ,天娱数科,2→3,广告营销,7.16,MAIN_BOARD_10PCT,TOP10,1,1,TOP10,只观察不追,≤7.20,只观察不追,≤7.20,观察池：t_attack<0.55;t1_accept<0.52；若竞价弱于预期不追,观察池：t_attack<0.55;t1_accept<0.52；若竞价弱于预期不追,只观察不追,≤7.20,只观察不追,≤7.20,观察池：t_attack<0.55;t1_accept<0.52；若竞价弱于预期不追,观察池：t_attack<0.55;t1_accept<0.52；若竞价弱于预期不追,0.262523,0.262523,67.9941,67.9941,0.468004,0.468004,83.7856,83.7856,0.99,67.9941,0.764452,83.7856,0.8578449317212139,0.9822370707357924,0.5911556694910083,0.8228972591185667,0.2302509697222588,0.5174543719324525,0.2039071585754807,0.5458669472322062,0.6172725283244933,0.0594771857941766,0.0953568137839338,-0.0483592362187818,-0.0224323742196364,0.5379438492239265,limitup_probability_engine:shadow_gate_failed,False,disabled_validation_not_pass:days=16;samples=480;t1_accept_auc=0.49488864549105516;t1_accept_brier=0.2700313117103626;t1_ret_spearman_ic=-0.05027410609663284,degraded,0.99,0.262523,validated_platt_v1,0.764452,0.468004,validated_platt_v1,30.4265,47.6003,79.0318,85.4131,48.1161,48.1161,4,0.6096881661073221,0.0616281842988438,0.2259700090957608,0.1027136404980731,0.262523,0.262523,0.262523,0.50257,0.487617,0.14954,59.4841,52.9272,66.83,62.13,0.0,0.0,84.9176,18.0,0.12667,50.0,50.0,40.6612,51.6253,40.6352,0.406352,42.5054,0.425054,0,0,WATCH,t_attack<0.55;t1_accept<0.52,professional_score_rule_guarded,2,2,5524.0,0.7239319333816076,0.0118095841805789,0.0134284538963929,112.0,0.0202751629254163,175.0,0.031679942070963,2009875283.56777,0.5292723743464265,7.7387,7.7387,0.71,,,1184683.4328,,,9.9846,0.0600342552056617,0.0554576028055201,0.0586075504672379,-0.320321469575201,0.4119882467041039,,,0.0,,,0.0,2.0,249308715.0,249308715.0,,,,,,,,,,,,,,,,,0.0,1.0,225113400.04,7.16,5.86,1.0,0.0,2.129769000999344,0,1.0,0.765,0.0,0.0,0.0,0,0.0,0.5,0.0,1.0,0.6683,0.6213,0.0,0.0,0.0451937674120703,0.0451937674120703,up,high,0.978303,ehx:coldstart_v1,-0.0574364828231627,0.0025242294691095,0.0442022915888206,0.0858803537085316,0.145841066000805,6.760342119375879,7.178096313013379,7.483587374670424,7.80207976490858,8.284207959507377,0.7628005679376235,0.7628005679376235,4,3,3,0.2541801910848894,0.0,0.283145,,,,2,,,0.7872694114853953,,,,,,,,,,0,0,execution_model_error:KeyError,premium_exec_profit_v1_walkforward_guarded,35.0,,,,只观察不追,WATCH_ONLY,46.7244,80.0,85.63927050827198,LOW_IC,NORMAL,WATCH_ONLY,execution_model_guard,3
1,20260803,20260803,20260804,20260805,002131.SZ,利欧股份,2→3,通用设备,5.13,MAIN_BOARD_10PCT,TOP10,1,1,TOP10,只观察不追,≤5.16,只观察不追,≤5.16,观察池：t_attack<0.55;t1_accept<0.52；若竞价弱于预期不追,观察池：t_attack<0.55;t1_accept<0.52；若竞价弱于预期不追,只观察不追,≤5.16,只观察不追,≤5.16,观察池：t_attack<0.55;t1_accept<0.52；若竞价弱于预期不追,观察池：t_attack<0.55;t1_accept<0.52；若竞价弱于预期不追,0.250283,0.250283,91.9589,91.9589,0.47658,0.47658,90.7033,90.7033,0.983923,91.9589,0.797962,90.7033,0.7629211956069667,0.9591081619160556,0.6737586728863738,0.6317398606471007,0.3078423663036542,0.5444781292501413,0.2059621483388629,0.5329279094372827,0.6900031072953935,0.0577658376835256,0.0943877013800339,-0.0302912740446315,-0.0075915525807858,0.5201980530776413,limitup_probability_engine:shadow_gate_failed,False,disabled_validation_not_pass:days=16;samples=480;t1_accept_auc=0.49488864549105516;t1_accept_brier=0.2700313117103626;t1_ret_spearman_ic=-0.05027410609663284,degraded,0.983923,0.250283,validated_platt_v1,0.797962,0.47658,validated_platt_v1,31.7214,48.2435,95.1753,89.1066,52.9725,52.9725,1,0.6096881661073221,0.0616281842988438,0.2259700090957608,0.1027136404980731,0.250283,0.250283,0.250283,0.507785,0.481785,0.154066,59.8941,52.9272,62.4193,59.1783,0.0,0.0,86.0714,18.0,0.126616,50.0,50.0,42.0346,51.8593,41.3319,0.413319,44.242,0.44242,0,0,WATCH,t_attack<0.55;t1_accept<0.52,professional_score_rule_guarded,1,1,5524.0,0.7239319333816076,0.0118095841805789,0.0134284538963929,112.0,0.0202751629254163,175.0,0.031679942070963,2009875283.56777,0.5292723743464265,24.002,25.2317,2.73,,,3473922.4731,,,10.0858,0.0409530429072256,0.0414559151493223,0.0463749935785524,-0.1735357917570499,0.246978472564271,6.0,2.0,1.0,2.0,6.0,0.0,22.0,198366029.0,198366029.0,,,,,,,,,,,,,,,,,0.0,0.8877682403433471,284950500.0,5.13,4.19,1.0,0.0,1.9271736403065416,0,1.0,0.748165,0.0,0.0,0.0,0,0.0,0.5,0.0,0.8877682403433471,0.624192866523605,0.5917829480686694,0.0,0.0,0.047538892390251,0.047538892390251,up,high,0.936465,ehx:coldstart_v1,-0.1025038716074654,-0.0146339558082673,0.0464435008984092,0.1075209576050859,0.1953908734042856,4.630207981850017,5.055474438572385,5.373874517961988,5.712327831086056,6.236982754986896,0.6959838528803141,0.6959838528803141,1,2,2,0.127881493869124,0.0,0.287265,,,,39,,,0.866619810328172,,,,,,,,,,0,0,execution_model_error:KeyError,premium_exec_profit_v1_walkforward_guarded,35.0,,,,只观察不追,WATCH_ONLY,46.4576,50.0,85.10605028548682,LOW_IC,NORMAL,WATCH_ONLY,execution_model_guard,4
5,20260803,20260803,20260804,20260805,001223.SZ,欧克科技,2→3,自动化设,36.17,MAIN_BOARD_10PCT,TOP10,1,1,TOP10,只观察不追,≤36.35,只观察不追,≤36.35,观察池：t_attack<0.55;t1_accept<0.52;t1_high_profit<0.50；若竞价弱于预期不追,观察池：t_attack<0.55;t1_accept<0.52;t1_high_profit<0.50；若竞价弱于预期不追,只观察不追,≤36.35,只观察不追,≤36.35,观察池：t_attack<0.55;t1_accept<0.52;t1_high_profit<0.50；若竞价弱于预期不追,观察池：t_attack<0.55;t1_accept<0.52;t1_high_profit<0.50；若竞价弱于预期不追,0.221951,0.221951,73.1061,73.1061,0.441219,0.441219,80.5329,80.5329,0.949614,73.1061,0.636608,80.5329,0.8078796298847484,0.8687285578496254,0.4102995186149733,0.6095383255555865,0.584161201003603,0.691614168592929,0.7363821636465145,0.1919367355646623,0.4920181284655385,0.068113409105456,0.0785349999758256,0.0354477834660983,0.0444538499481089,0.6426833632916611,limitup_probability_engine:shadow_gate_failed,False,disabled_validation_not_pass:days=16;samples=480;t1_accept_auc=0.49488864549105516;t1_accept_brier=0.2700313117103626;t1_ret_spearman_ic=-0.05027410609663284,degraded,0.949614,0.221951,validated_platt_v1,0.636608,0.441219,validated_platt_v1,27.2862,45.5914,79.1578,88.6067,46.4342,46.4342,7,0.6096881661073221,0.0616281842988438,0.2259700090957608,0.1027136404980731,0.221951,0.221951,0.221951,0.481197,0.513714,0.160845,55.6613,52.9272,71.3819,82.2641,0.055244,0.0,90.1108,18.0,0.143798,50.0,50.0,39.1157,51.9,38.3096,0.383096,40.3407,0.403407,0,0,WATCH,t_attack<0.55;t1_accept<0.52;t1_high_profit<0.50,professional_score_rule_guarded,5,5,5524.0,0.7239319333816076,0.0118095841805789,0.0134284538963929,112.0,0.0202751629254163,175.0,0.031679942070963,2009875283.56777,0.5292723743464265,4.8895,10.4444,1.52,,,472715.8576,,,10.0061,0.0578843479314832,0.0522922582586035,0.0535349122470643,-0.2884910485933504,0.3704615103256916,,,0.0,,,0.0,0.0,56006206.0,56006206.0,13:01:00,15:00:00,1.0,,0.6635,0.0,,0.006502,0.0,31.0,,,,,,,0.0,0.6543795620437953,2084200.0,36.17,29.59,1.0,0.0,2.1789160883086263,1,1.0,0.760861,1.0,0.077962,0.09,0,0.0,0.610188,0.0,0.6543795620437953,0.7138187023357664,0.8226413324087591,0.05524404,0.0,0.0255391739826578,0.0255391739826578,up,high,0.95513,ehx:coldstart_v1,-0.0989410944944899,-0.0256944656547871,0.0252184976862768,0.0761314610273409,0.1493780898670449,32.76264359245466,35.25246938603623,37.093751922952734,39.031207052592535,41.997417816383,0.6308449646946642,0.6308449646946642,9,13,13,0.1836208791215117,0.0,0.248119,,,,5,,,0.8488793904968019,,,,,,,,,,0,0,execution_model_error:KeyError,premium_exec_profit_v1_walkforward_guarded,35.0,,,,只观察不追,WATCH_ONLY,46.4464,80.0,90.54344768187468,LOW_IC,NORMAL,WATCH_ONLY,execution_model_guard,5
6,20260803,20260803,20260804,20260805,000815.SZ,美利云,2→3,IT服务Ⅱ,16.7,MAIN_BOARD_10PCT,TOP10,1,1,TOP10,只观察不追,≤16.78,只观察不追,≤16.78,观察池：t_attack<0.55;t1_high_profit<0.50；若竞价弱于预期不追,观察池：t_attack<0.55;t1_high_profit<0.50；若竞价弱于预期不追,只观察不追,≤16.78,只观察不追,≤16.78,观察池：t_attack<0.55;t1_high_profit<0.50；若竞价弱于预期不追,观察池：t_attack<0.55;t1_high_profit<0.50；若竞价弱于预期不追,0.227723,0.227723,67.1015,67.1015,0.458771,0.458771,81.8176,81.8176,0.960245,67.1015,0.724195,81.8176,0.7953907748775255,0.9389612398216384,0.3929908166889451,0.6309400377386222,0.5447718115662895,0.5888008094553705,0.4215055999469378,0.3482565867713549,0.5012584320292237,0.0592703199222005,0.0833833427003924,0.0176032457621903,0.0328446156235491,0.5578603794525642,limitup_probability_engine:shadow_gate_failed,False,disabled_validation_not_pass:days=16;samples=480;t1_accept_auc=0.49488864549105516;t1_accept_brier=0.2700313117103626;t1_ret_spearman_ic=-0.05027410609663284,degraded,0.960245,0.227723,validated_platt_v1,0.724195,0.458771,validated_platt_v1,27.2052,46.9078,77.908,90.711,46.3997,46.3997,8,0.6096881661073221,0.0616281842988438,0.2259700090957608,0.1027136404980731,0.227723,0.227723,0.227723,0.491186,0.502838,0.155233,56.1581,52.9272,68.7043,81.3002,0.126909,0.0,91.2377,18.0,0.153506,50.0,50.0,38.4874,52.6459,37.6235,0.376235,39.8175,0.398175,0,0,WATCH,t_attack<0.55;t1_high_profit<0.50,professional_score_rule_guarded,6,6,5524.0,0.7239319333816076,0.0118095841805789,0.0134284538963929,112.0,0.0202751629254163,175.0,0.031679942070963,2009875283.56777,0.5292723743464265,13.3289,19.945,0.92,,,1161089.21,,,10.0132,0.0790317392420651,0.0792807131701529,0.0660350969671687,-0.2220969560315669,0.3152488070716645,3.0,5.0,1.0,5.0,3.0,0.0,6.0,93840723.0,93840723.0,09:34:00,15:00:00,5.0,,2.6347,2.0,5.0,0.006376,0.0,31.0,,,,,,,0.0,0.7345849802371538,48652410.0,16.7,13.66,1.0,0.0,1.6926384757189568,1,1.0,0.726253,1.0,0.189417,0.189417,0,0.0,0.5529160000000001,2.0,0.7345849802371538,0.6870427328853754,0.8130015560474309,0.12690939,0.0,0.0257987707807554,0.0257987707807554,up,high,0.970791,ehx:coldstart_v1,-0.0813266456548292,-0.0183221596373118,0.0254715976692866,0.0692653549758851,0.1322698409934036,15.395604918250122,16.396806000331825,17.130839472038616,17.897733315306493,19.061651852918047,0.6525820602866511,0.6525820602866511,5,11,11,0.2103020047185814,0.0,0.295339,,,,4,,,0.8728194822861084,,,,,,,,,,0,0,execution_model_error:KeyError,premium_exec_profit_v1_walkforward_guarded,35.0,,,,只观察不追,WATCH_ONLY,45.274,80.0,85.95629687813744,LOW_IC,NORMAL,WATCH_ONLY,execution_model_guard,6
8,20260803,20260803,20260804,20260805,603577.SH,汇金通,1→2,电网设备,9.87,MAIN_BOARD_10PCT,TOP10,1,1,TOP10,只观察不追,≤9.92,只观察不追,≤9.92,观察池：t_attack<0.55;t1_accept<0.52;t1_high_profit<0.50；若竞价弱于预期不追,观察池：t_attack<0.55;t1_accept<0.52;t1_high_profit<0.50；若竞价弱于预期不追,只观察不追,≤9.92,只观察不追,≤9.92,观察池：t_attack<0.55;t1_accept<0.52;t1_high_profit<0.50；若竞价弱于预期不追,观察池：t_attack<0.55;t1_accept<0.52;t1_high_profit<0.50；若竞价弱于预期不追,0.237565,0.237565,63.7443,63.7443,0.458265,0.458265,81.2816,81.2816,0.973338,63.7443,0.721869,81.2816,0.8568548623811956,0.9845719906819428,0.6009025889184907,0.7734781059424126,0.5868336056065604,0.6176821990053482,0.4333058351108053,0.3349242063011295,0.4712160170788454,0.0661243892840113,0.0953593633665055,0.0082779531924005,0.0282267427220531,0.6414462178525578,limitup_probability_engine:shadow_gate_failed,False,disabled_validation_not_pass:days=16;samples=480;t1_accept_auc=0.49488864549105516;t1_accept_brier=0.2700313117103626;t1_ret_spearman_ic=-0.05027410609663284,degraded,0.973338,0.237565,validated_platt_v1,0.721869,0.458265,validated_platt_v1,27.7553,46.8699,75.3054,88.7762,45.9459,45.9459,9,0.6096881661073221,0.0616281842988438,0.2259700090957608,0.1027136404980731,0.237565,0.237565,0.237565,0.496972,0.493738,0.152983,59.1805,52.9272,47.8438,49.4242,0.0,0.0,84.4009,18.0,0.136529,50.0,50.0,35.5287,49.5878,37.284,0.37284,39.4495,0.394495,0,0,WATCH,t_attack<0.55;t1_accept<0.52;t1_high_profit<0.50,professional_score_rule_guarded,8,8,5524.0,0.7239319333816076,0.0118095841805789,0.0134284538963929,112.0,0.0202751629254163,175.0,0.031679942070963,2009875283.56777,0.5292723743464265,1.5907,3.997,1.3,,,334730.2917,,,10.0334,0.0454872488066309,0.0394012937081592,0.0408667647160766,-0.1368110236220473,0.1960382210401451,8.0,1.0,1.0,1.0,8.0,0.0,1.0,46267204.0,46267204.0,,,,,,,,,,,,,,,,,0.0,0.5168896321070239,68932.0,9.87,8.07,1.0,0.0,1.897804105078234,0,1.0,0.692533,0.0,0.0,0.0,0,0.0,0.5,0.0,0.5168896321070239,0.4784375275585286,0.4942417864214047,0.0,0.0,0.0443067332096092,0.0443067332096092,up,high,0.967593,ehx:coldstart_v1,-0.0678404158063566,-0.0022428958983444,0.0433532520643185,0.0889494000269815,0.1545469199349949,9.22262254155812,9.847887424855312,10.307307456778842,10.788160183515668,11.519563608923322,0.739339770043386,0.739339770043386,6,4,4,0.2253419269086159,0.0,0.296501,,,,3,,,0.8447765426065302,,,,,,,,,,0,0,execution_model_error:KeyError,premium_exec_profit_v1_walkforward_guarded,35.0,,,,只观察不追,WATCH_ONLY,45.1831,80.0,90.26397673469461,LOW_IC,NORMAL,WATCH_ONLY,execution_model_guard,7
9,20260803,20260803,20260804,20260805,000533.SZ,顺钠股份,1→2,电网设备,11.45,MAIN_BOARD_10PCT,TOP10,1,1,TOP10,只观察不追,≤11.51,只观察不追,≤11.51,观察池：t_attack<0.55;t1_high_profit<0.50；若竞价弱于预期不追,观察池：t_attack<0.55;t1_high_profit<0.50；若竞价弱于预期不追,只观察不追,≤11.51,只观察不追,≤11.51,观察池：t_attack<0.55;t1_high_profit<0.50；若竞价弱于预期不追,观察池：t_attack<0.55;t1_high_profit<0.50；若竞价弱于预期不追,0.194593,0.194593,70.4524,70.4524,0.459188,0.459188,78.0991,78.0991,0.844493,70.4524,0.726106,78.0991,0.8902412785101748,0.9724091965815246,0.5839011968954931,0.718731106088057,0.7394620122996237,0.7617114796207834,0.5375747349051948,0.2558765906320399,0.474548623399532,0.0682894245760653,0.0927544183288658,0.0317637841926898,0.0442472150905617,0.6980218583970053,limitup_probability_engine:shadow_gate_failed,False,disabled_validation_not_pass:days=16;samples=480;t1_accept_auc=0.49488864549105516;t1_accept_brier=0.2700313117103626;t1_ret_spearman_ic=-0.05027410609663284,degraded,0.844493,0.194593,validated_platt_v1,0.726106,0.459188,validated_platt_v1,24.5586,46.9391,76.9773,90.9502,44.6023,44.6023,10,0.6096881661073221,0.0616281842988438,0.2259700090957608,0.1027136404980731,0.194593,0.194593,0.194593,0.490914,0.503371,0.157296,55.9149,52.9272,74.2798,84.664,0.052517,0.0,91.8663,18.0,0.148665,50.0,50.0,36.9067,52.2109,37.4953,0.374953,39.272,0.39272,0,0,WATCH,t_attack<0.55;t1_high_profit<0.50,professional_score_rule_guarded,9,9,5524.0,0.7239319333816076,0.0118095841805789,0.0134284538963929,112.0,0.0202751629254163,175.0,0.031679942070963,2009875283.56777,0.5292723743464265,16.8783,27.2365,0.76,,,790984.32,,,9.9904,0.0805195620044969,0.0693359613705422,0.0592349932382393,-0.1417971970321517,0.2276896443722807,8.0,1.0,1.0,1.0,8.0,0.0,0.0,109482976.0,109482976.0,10:08:00,15:00:00,1.0,,0.6987,0.0,,0.009367,0.0,31.0,,,,,,,0.0,0.7208933717579249,25201931.52,11.45,9.37,1.0,0.0,2.5997517007723605,1,1.0,0.786427,1.0,0.078384,0.0783842,0,0.0,0.6080789999999999,0.0,0.7208933717579249,0.742797673832853,0.8466396143515851,0.05251733,0.0,0.0257409084671914,0.0257409084671914,up,high,0.958098,ehx:coldstart_v1,-0.0936152229849428,-0.02339449936605,0.0254151889981167,0.0742248773622834,0.1444456009811775,10.426748829189462,11.185241997834089,11.744733401949343,12.33221084618241,13.229316725910582,0.637283318801334,0.637283318801334,10,12,12,0.1698488871970319,0.0,0.290614,,,,8,,,0.8833343189962245,,,,,,,,,,0,0,execution_model_error:KeyError,premium_exec_profit_v1_walkforward_guarded,35.0,,,,只观察不追,WATCH_ONLY,44.9371,80.0,89.84085490652409,LOW_IC,NORMAL,WATCH_ONLY,execution_model_guard,8
16,20260803,20260803,20260804,20260805,002361.SZ,神剑股份,1→2,塑料,10.09,MAIN_BOARD_10PCT,TOP20,0,1,TOP20,只观察不追,≤10.14,只观察不追,≤10.14,观察池：t_attack<0.55;t1_accept<0.52;t1_high_profit<0.50；若竞价弱于预期不追,观察池：t_attack<0.55;t1_accept<0.52;t1_high_profit<0.50；若竞价弱于预期不追,只观察不追,≤10.14,只观察不追,≤10.14,观察池：t_attack<0.55;t1_accept<0.52;t1_high_profit<0.50；若竞价弱于预期不追,观察池：t_attack<0.55;t1_accept<0.52;t1_high_profit<0.50；若竞价弱于预期不追,0.202651,0.202651,65.9808,65.9808,0.451276,0.451276,77.4618,77.4618,0.888085,65.9808,0.688458,77.4618,0.833986729732985,0.969034854859648,0.4443132789872676,0.5527381823543145,0.6437446093062961,0.7300097016748864,0.4917292583832622,0.26260874960164,0.5067340312273627,0.0369633899443402,0.0748408915354162,0.0101595580519673,0.0251245881890595,0.6092035659603537,limitup_probability_engine:shadow_gate_failed,False,disabled_validation_not_pass:days=16;samples=480;t1_accept_auc=0.49488864549105516;t1_accept_brier=0.2700313117103626;t1_ret_spearman_ic=-0.05027410609663284,degraded,0.888085,0.202651,validated_platt_v1,0.688458,0.451276,validated_platt_v1,24.8367,46.3457,73.7061,87.2498,43.6159,43.6159,11,0.6096881661073221,0.0616281842988438,0.2259700090957608,0.1027136404980731,0.202651,0.202651,0.202651,0.484367,0.511441,0.156889,54.669,52.9272,47.015,48.8696,0.0,0.0,83.5363,18.0,0.140575,50.0,50.0,33.2461,48.8678,34.9539,0.349539,37.1194,0.371194,0,0,WATCH,t_attack<0.55;t1_accept<0.52;t1_high_profit<0.50,professional_score_rule_guarded,16,16,5524.0,0.7239319333816076,0.0118095841805789,0.0134284538963929,112.0,0.0202751629254163,175.0,0.031679942070963,2009875283.56777,0.5292723743464265,6.9996,8.093,0.95,,,959594.315,,,10.0327,0.0539281962234164,0.0465928491914307,0.0558194100594267,-0.3087195600942655,0.3884243821067967,3.0,7.0,1.0,7.0,3.0,0.0,0.0,97058192.0,97058192.0,,,,,,,,,,,,,,,,,0.0,0.4958015267175579,2727648.0,10.09,8.25,1.0,0.0,2.560059782498882,0,1.0,0.68937,0.0,0.0,0.0,0,0.0,0.5,0.0,0.4958015267175579,0.4701499496183208,0.4886957053435116,0.0,0.0,0.0217633321975139,0.0217633321975139,up,high,0.976953,ehx:coldstart_v1,-0.0786619624291449,-0.0195548453024107,0.0215298917720444,0.0626146288464995,0.1217217459732348,9.326715084943272,9.894608264789326,10.309592021872914,10.74198036072818,11.396047449659202,0.6381271011335924,0.6381271011335924,11,16,16,0.1795945443385668,0.0,0.249063,,,,6,,,0.8162531128998219,,,,,,,,,,0,0,execution_model_error:KeyError,premium_exec_profit_v1_walkforward_guarded,35.0,,,,只观察不追,WATCH_ONLY,44.1649,80.0,90.99352844370178,LOW_IC,NORMAL,WATCH_ONLY,execution_model_guard,9
14,20260803,20260803,20260804,20260805,605179.SH,一鸣食品,5→6,饮料乳品,21.31,MAIN_BOARD_10PCT,TOP20,0,1,TOP20,只观察不追,≤21.42,只观察不追,≤21.42,观察池：t_attack<0.55;t1_accept<0.52;t1_high_profit<0.50；若竞价弱于预期不追,观察池：t_attack<0.55;t1_accept<0.52;t1_high_profit<0.50；若竞价弱于预期不追,只观察不追,≤21.42,只观察不追,≤21.42,观察池：t_attack<0.55;t1_accept<0.52;t1_high_profit<0.50；若竞价弱于预期不追,观察池：t_attack<0.55;t1_accept<0.52;t1_high_profit<0.50；若竞价弱于预期不追,0.218429,0.218429,82.1637,82.1637,0.43177,0.43177,80.6711,80.6711,0.941732,82.1637,0.584547,80.6711,0.7409166481931951,0.9783534893668552,0.3347091624793166,0.4277555135619125,0.5908731024046291,0.7158748041920193,0.6076222649612033,0.4670066433430618,0.4631872319232622,0.0401505273366716,0.086001090768919,0.0373381724487023,0.0414419253114469,0.5665226880067296,limitup_probability_engine:shadow_gate_failed,False,disabled_validation_not_pass:days=16;samples=480;t1_accept_auc=0.49488864549105516;t1_accept_brier=0.2700313117103626;t1_ret_spearman_ic=-0.05027410609663284,degraded,0.941732,0.218429,validated_platt_v1,0.584547,0.43177,validated_platt_v1,27.875,44.8828,85.1806,82.4022,47.4732,47.4732,5,0.6096881661073221,0.0616281842988438,0.2259700090957608,0.1027136404980731,0.218429,0.218429,0.218429,0.47055,0.527738,0.170092,52.7587,52.9272,45.215,47.665,0.0,0.0,80.1572,18.0,0.150413,50.0,50.0,36.6703,48.7673,34.2422,0.342422,37.5499,0.375499,0,0,WATCH,t_attack<0.55;t1_accept<0.52;t1_high_profit<0.50,professional_score_rule_guarded,14,14,5524.0,0.7239319333816076,0.0118095841805789,0.0134284538963929,112.0,0.0202751629254163,175.0,0.031679942070963,2009875283.56777,0.5292723743464265,9.6216,46.2025,4.44,,,854531.0,,,10.0155,0.0001979748856864,0.0716290324194262,0.0559876794554703,-0.1719745222929936,0.2519649286896861,,,0.0,,,0.0,0.0,34652169.0,34652169.0,,,,,,,,,,,,,,,,,0.0,0.45,48467614.0,21.31,17.43,1.0,0.0,2.1106989916240613,0,1.0,0.6825,0.0,0.0,0.0,0,0.0,0.5,0.0,0.45,0.45215,0.47665,0.0,0.0,0.0152287978349021,0.0152287978349021,up,high,0.921532,ehx:coldstart_v1,-0.1763983878176593,-0.0634176924750364,0.0151140036773598,0.0936456998297561,0.206626395172381,17.863831074438192,20.000529608641976,21.634525681861764,23.402015378477607,26.20113790422512,0.5516418314716567,0.5516418314716567,8,22,22,0.137820679983586,0.0,0.22587,,,,29,,,0.7715163156992723,,,,,,,,,,0,0,execution_model_error:KeyError,premium_exec_profit_v1_walkforward_guarded,35.0,,,,只观察不追,WATCH_ONLY,43.5894,50.0,88.36302803062145,LOW_IC,NORMAL,WATCH_ONLY,execution_model_guard,10
10,20260803,20260803,20260804,20260805,600192.SH,长城电工,1→2,电网设备,7.22,MAIN_BOARD_10PCT,TOP10,1,1,TOP10,只观察不追,≤7.26,只观察不追,≤7.26,观察池：t_attack<0.55;t1_accept<0.52;t1_high_profit<0.50；若竞价弱于预期不追,观察池：t_attack<0.55;t1_accept<0.52;t1_high_profit<0.50；若竞价弱于预期不追,只观察不追,≤7.26,只观察不追,≤7.26,观察池：t_attack<0.55;t1_accept<0.52;t1_high_profit<0.50；若竞价弱于预期不追,观察池：t_attack<0.55;t1_accept<0.52;t1_high_profit<0.50；若竞价弱于预期不追,0.198216,0.198216,79.6495,79.6495,0.462308,0.462308,81.2562,81.2562,0.865766,79.6495,0.740122,81.2562,0.7729690464188188,0.9714091017940256,0.6189330779369671,0.6920625507561078,0.3143057258574857,0.5947213523662124,0.2647874892209897,0.4765111130799664,0.4419351027768768,0.0582804465969252,0.0870918347905405,-0.0213274221566236,-0.00056210384752,0.5414936793005344,limitup_probability_engine:shadow_gate_failed,False,disabled_validation_not_pass:days=16;samples=480;t1_accept_auc=0.49488864549105516;t1_accept_brier=0.2700313117103626;t1_ret_spearman_ic=-0.05027410609663284,degraded,0.865766,0.198216,validated_platt_v1,0.740122,0.462308,validated_platt_v1,25.8044,47.1731,84.2603,86.8351,46.5993,46.5993,6,0.6096881661073221,0.0616281842988438,0.2259700090957608,0.1027136404980731,0.198216,0.198216,0.198216,0.495744,0.496702,0.156843,57.5308,52.9272,44.1366,46.9433,0.0,0.0,82.7086,18.0,0.137912,50.0,50.0,34.3428,49.3663,36.2132,0.362132,38.8098,0.388098,0,0,WATCH,t_attack<0.55;t1_accept<0.52;t1_high_profit<0.50,professional_score_rule_guarded,10,10,5524.0,0.7239319333816076,0.0118095841805789,0.0134284538963929,112.0,0.0202751629254163,175.0,0.031679942070963,2009875283.56777,0.5292723743464265,5.2319,8.6515,1.99,,,318942.056,,,10.061,0.0403442091227575,0.040857496989742,0.0422764537950875,-0.1171171171171171,0.177027947295708,8.0,1.0,1.0,1.0,8.0,0.0,0.0,37546888.0,37546888.0,,,,,,,,,,,,,,,,,0.0,0.4225609756097564,474078.0,7.22,5.9,1.0,0.0,2.3699463918181154,0,1.0,0.678384,0.0,0.0,0.0,0,0.0,0.5,0.0,0.4225609756097564,0.4413664312195123,0.4694334751219513,0.0,0.0,0.0315141570648887,0.0315141570648887,up,high,0.947785,ehx:coldstart_v1,-0.1013478763212639,-0.0232542690398476,0.0310277781706999,0.0853098253812474,0.1634034326626652,6.524126513491025,7.054041280488732,7.447532214008496,7.862972992816313,8.50163404464929,0.6500814334897667,0.6500814334897667,7,7,7,0.1443093116796735,0.0,0.271111,,,,24,,,0.8255786964699937,,,,,,,,,,0,0,execution_model_error:KeyError,premium_exec_profit_v1_walkforward_guarded,35.0,,,,只观察不追,WATCH_ONLY,42.4512,50.0,88.43298227603174,LOW_IC,NORMAL,WATCH_ONLY,execution_model_guard,11
11,20260803,20260803,20260804,20260805,000967.SZ,盈峰环境,2→3,环保设备,8.64,MAIN_BOARD_10PCT,TOP20,0,1,TOP20,只观察不追,≤8.68,只观察不追,≤8.68,观察池：t_attack<0.55;t1_accept<0.52;t1_high_profit<0.50；若竞价弱于预期不追,观察池：t_attack<0.55;t1_accept<0.52;t1_high_profit<0.50；若竞价弱于预期不追,只观察不追,≤8.68,只观察不追,≤8.68,观察池：t_attack<0.55;t1_accept<0.52;t1_high_profit<0.50；若竞价弱于预期不追,观察池：t_attack<0.55;t1_accept<0.52;t1_high_profit<0.50；若竞价弱于预期不追,0.187615,0.187615,68.4016,68.4016,0.44337,0.44337,72.9538,72.9538,0.794761,68.4016,0.648037,72.9538,0.8899531052520544,0.9882708193789124,0.695904361300042,0.7398730582883631,0.5985325189683413,0.7618909857167135,0.6712891832207236,0.1912722472020436,0.3989577278802148,0.0850396224479343,0.0935525656146285,0.0181566216562701,0.0396593519662174,0.7285511606055679,limitup_probability_engine:shadow_gate_failed,False,disabled_validation_not_pass:days=16;samples=480;t1_accept_auc=0.49488864549105516;t1_accept_brier=0.2700313117103626;t1_ret_spearman_ic=-0.05027410609663284,degraded,0.794761,0.187615,validated_platt_v1,0.648037,0.44337,validated_platt_v1,23.7255,45.7528,73.3939,82.8623,42.3807,42.3807,14,0.6096881661073221,0.0616281842988438,0.2259700090957608,0.1027136404980731,0.187615,0.187615,0.187615,0.477957,0.519301,0.159735,53.4901,52.9272,74.0105,85.328,0.058067,0.0,87.6408,18.0,0.145068,50.0,50.0,36.7404,51.9096,36.7922,0.367922,38.1893,0.381893,0,0,WATCH,t_attack<0.55;t1_accept<0.52;t1_high_profit<0.50,professional_score_rule_guarded,11,11,5524.0,0.7239319333816076,0.0118095841805789,0.0134284538963929,112.0,0.0202751629254163,175.0,0.031679942070963,2009875283.56777,0.5292723743464265,2.544,4.5587,1.03,,,2902339.2096,,,10.0637,0.058457758161853,0.0541244647956023,0.0527506550931011,-0.2911917098445596,0.3711884919879783,,,0.0,,,0.0,0.0,98553369.0,98553369.0,09:33:00,15:00:00,1.0,,1.3889,0.0,,0.04093,0.0,31.0,,,,,,,0.0,0.7404458598726127,34412099.0,8.64,7.07,1.0,0.0,2.3148362392395696,1,1.0,0.7949,1.0,0.086667,0.086667,0,0.0,0.566667,0.0,0.7404458598726127,0.7401052695541406,0.8532804719745226,0.0580668899999999,0.0,0.0187041206809437,0.0187041206809437,up,high,0.973702,ehx:coldstart_v1,-0.0863705602939367,-0.0244847959573077,0.0185313496444221,0.061547495246152,0.1234332595827822,7.92507689473561,8.431020216871891,8.801603602683354,9.188475888569409,9.77507562484706,0.6143099317294388,0.6143099317294388,14,20,20,0.1568601391031073,0.0,0.230916,,,,14,,,0.7505033389718,,,,,,,,,,0,0,execution_model_error:KeyError,premium_exec_profit_v1_walkforward_guarded,35.0,,,,只观察不追,WATCH_ONLY,41.1376,50.0,91.39932901316719,LOW_IC,NORMAL,WATCH_ONLY,execution_model_guard,12
7,20260803,20260803,20260804,20260805,002827.SZ,高争民爆,4→5,化学制品,38.06,MAIN_BOARD_10PCT,TOP10,1,1,TOP10,只观察不追,≤38.25,只观察不追,≤38.25,观察池：t_attack<0.55；若竞价弱于预期不追,观察池：t_attack<0.55；若竞价弱于预期不追,只观察不追,≤38.25,只观察不追,≤38.25,观察池：t_attack<0.55；若竞价弱于预期不追,观察池：t_attack<0.55；若竞价弱于预期不追,0.186165,0.186165,68.8974,68.8974,0.469877,0.469877,74.7215,74.7215,0.782854,68.8974,0.772092,74.7215,0.7768287473944844,0.8961965673712253,0.6507504687934066,0.6091186611384795,0.5656810433570623,0.6717012174368715,0.624577327230737,0.3792835731126628,0.5317787230122419,0.0627831431517313,0.0758885162137648,0.0363330085908723,0.0472984453077261,0.6525722266532752,limitup_probability_engine:shadow_gate_failed,False,disabled_validation_not_pass:days=16;samples=480;t1_accept_auc=0.49488864549105516;t1_accept_brier=0.2700313117103626;t1_ret_spearman_ic=-0.05027410609663284,degraded,0.782854,0.186165,validated_platt_v1,0.772092,0.469877,validated_platt_v1,23.6446,47.7408,74.8679,71.3091,41.6003,41.6003,17,0.6096881661073221,0.0616281842988438,0.2259700090957608,0.1027136404980731,0.186165,0.186165,0.186165,0.50116,0.490294,0.149806,58.2991,52.9272,66.83,62.13,0.0,0.0,77.1369,18.0,0.12321,50.0,50.0,37.0606,52.1205,39.0592,0.390592,39.6945,0.396945,0,0,WATCH,t_attack<0.55,professional_score_rule_guarded,7,7,5524.0,0.7239319333816076,0.0118095841805789,0.0134284538963929,112.0,0.0202751629254163,175.0,0.031679942070963,2009875283.56777,0.5292723743464265,3.014,7.1381,1.06,,,1054437.076,,,10.0,0.0283005224733201,0.0518202243576128,0.0501508846969284,-0.0577603143418467,0.1267665790747953,4.0,3.0,1.0,3.0,4.0,0.0,0.0,127242192.0,127242192.0,,,,,,,,,,,,,,,,,0.0,1.0,70430030.0,38.06,31.14,1.0,0.0,2.656484868131492,0,1.0,0.765,0.0,0.0,0.0,0,0.0,0.5,0.0,1.0,0.6683,0.6213,0.0,0.0,0.0387742338918134,0.0387742338918134,up,high,0.98188,ehx:coldstart_v1,-0.0603050454486887,-0.0022866094603868,0.0380413967751321,0.0783694030106511,0.136387838998954,35.83262590143942,37.973071068073,39.535747341922416,41.16273121766358,43.62156773504947,0.7376919487558135,0.7376919487558135,12,6,6,0.1223921615605283,0.0,0.24858,,,,44,,,0.5683577313744894,,,,,,,,,,0,0,execution_model_error:KeyError,premium_exec_profit_v1_walkforward_guarded,35.0,,,,只观察不追,WATCH_ONLY,41.0191,50.0,88.99295917318764,LOW_IC,NORMAL,WATCH_ONLY,execution_model_guard,13
15,20260803,20260803,20260804,20260805,603682.SH,锦和商管,2→3,一般零售,10.56,MAIN_BOARD_10PCT,TOP20,0,1,TOP20,只观察不追,≤10.61,只观察不追,≤10.61,观察池：t_attack<0.55;t1_accept<0.52;t1_high_profit<0.50；若竞价弱于预期不追,观察池：t_attack<0.55;t1_accept<0.52;t1_high_profit<0.50；若竞价弱于预期不追,只观察不追,≤10.61,只观察不追,≤10.61,观察池：t_attack<0.55;t1_accept<0.52;t1_high_profit<0.50；若竞价弱于预期不追,观察池：t_attack<0.55;t1_accept<0.52;t1_high_profit<0.50；若竞价弱于预期不追,0.186814,0.186814,68.4418,68.4418,0.433766,0.433766,71.8795,71.8795,0.788257,68.4418,0.595767,71.8795,0.8670993140505047,0.9842505295072662,0.6121051785818687,0.5476983986832815,0.7098984702177441,0.69479534795483,0.52421899947107,0.1980753584146972,0.464346736100611,0.059041848922417,0.0868362595870376,0.0315598649167919,0.0388960429701241,0.6553894869015267,limitup_probability_engine:shadow_gate_failed,False,disabled_validation_not_pass:days=16;samples=480;t1_accept_auc=0.49488864549105516;t1_accept_brier=0.2700313117103626;t1_ret_spearman_ic=-0.05027410609663284,degraded,0.788257,0.186814,validated_platt_v1,0.595767,0.433766,validated_platt_v1,23.6574,45.0325,72.8298,88.3833,42.7344,42.7344,13,0.6096881661073221,0.0616281842988438,0.2259700090957608,0.1027136404980731,0.186814,0.186814,0.186814,0.473586,0.523555,0.166014,53.7657,52.9272,54.7944,54.0756,0.0,0.0,84.7859,18.0,0.136763,50.0,50.0,34.2215,49.2077,35.691,0.35691,37.4518,0.374518,0,0,WATCH,t_attack<0.55;t1_accept<0.52;t1_high_profit<0.50,professional_score_rule_guarded,15,15,5524.0,0.7239319333816076,0.0118095841805789,0.0134284538963929,112.0,0.0202751629254163,175.0,0.031679942070963,2009875283.56777,0.5292723743464265,7.6278,18.1614,2.35,,,498960.0,,,10.0,0.0424434605596477,0.0452314567422611,0.0499660891589888,-0.1753031973539139,0.2489625891247429,,,0.0,,,0.0,4.0,20549760.0,20549760.0,,,,,,,,,,,,,,,,,0.0,0.6937500000000009,13810176.0,10.56,8.64,1.0,0.0,1.265647772585793,0,1.0,0.719063,0.0,0.0,0.0,0,0.0,0.5,0.0,0.6937500000000009,0.5479438600000003,0.5407564600000001,0.0,0.0,0.0192070293653789,0.0192070293653789,up,high,0.940352,ehx:coldstart_v1,-0.1228380781371463,-0.0391475237058145,0.0190249027560311,0.0771973292178768,0.16088788364921,9.339336396963509,10.154589335432007,10.762826230098405,11.407495136716529,12.403282581935564,0.5872931275809692,0.5872931275809692,15,19,19,0.1575881809532147,0.0,0.210951,,,,13,,,0.8534000867344569,,,,,,,,,,0,0,execution_model_error:KeyError,premium_exec_profit_v1_walkforward_guarded,35.0,,,,只观察不追,WATCH_ONLY,40.8402,50.0,92.38540226277343,LOW_IC,NORMAL,WATCH_ONLY,execution_model_guard,14
18,20260803,20260803,20260804,20260805,600438.SH,通威股份,1→2,光伏设备,12.85,MAIN_BOARD_10PCT,TOP20,0,1,TOP20,只观察不追,≤12.91,只观察不追,≤12.91,观察池：t_attack<0.55;t1_accept<0.52;t1_high_profit<0.50；若竞价弱于预期不追,观察池：t_attack<0.55;t1_accept<0.52;t1_high_profit<0.50；若竞价弱于预期不追,只观察不追,≤12.91,只观察不追,≤12.91,观察池：t_attack<0.55;t1_accept<0.52;t1_high_profit<0.50；若竞价弱于预期不追,观察池：t_attack<0.55;t1_accept<0.52;t1_high_profit<0.50；若竞价弱于预期不追,0.184123,0.184123,73.4538,73.4538,0.44374,0.44374,73.3149,73.3149,0.765128,73.4538,0.649989,73.3149,0.7388130429979504,0.9843560779748506,0.6489879369013685,0.5308478567892541,0.5522209238576772,0.4800628223926788,0.304392759730191,0.6372655631119053,0.6383433777523544,0.04937759512977,0.0768742662632178,0.0012851736798538,0.0217738000403805,0.5401381098892462,limitup_probability_engine:shadow_gate_failed,False,disabled_validation_not_pass:days=16;samples=480;t1_accept_auc=0.49488864549105516;t1_accept_brier=0.2700313117103626;t1_ret_spearman_ic=-0.05027410609663284,degraded,0.765128,0.184123,validated_platt_v1,0.649989,0.44374,validated_platt_v1,23.9164,45.7805,77.0135,85.4666,43.5843,43.5843,12,0.6096881661073221,0.0616281842988438,0.2259700090957608,0.1027136404980731,0.184123,0.184123,0.184123,0.479764,0.516598,0.163527,54.2986,52.9272,49.6564,50.6373,0.0,0.0,82.5745,18.0,0.142964,50.0,50.0,33.2888,48.6062,34.466,0.34466,36.7456,0.367456,0,0,WATCH,t_attack<0.55;t1_accept<0.52;t1_high_profit<0.50,professional_score_rule_guarded,18,18,5524.0,0.7239319333816076,0.0118095841805789,0.0134284538963929,112.0,0.0202751629254163,175.0,0.031679942070963,2009875283.56777,0.5292723743464265,2.7669,5.0524,2.36,,,5785058.3065,,,10.0171,0.037304859439775,0.0349138927792042,0.0329322349383045,-0.08471615720524,0.1365429388836329,3.0,6.0,1.0,6.0,3.0,0.0,0.0,114113564.0,114113564.0,,,,,,,,,,,,,,,,,0.0,0.5630136986301377,9047570.0,12.85,10.51,1.0,0.0,2.6145444666227893,0,1.0,0.699452,0.0,0.0,0.0,0,0.0,0.5,0.0,0.5630136986301377,0.4965643715068496,0.5063725797260274,0.0,0.0,0.0199607641827641,0.0199607641827641,up,high,0.943015,ehx:coldstart_v1,-0.1192632824296211,-0.0372455236696554,0.0197641600688392,0.076773843807334,0.1587916025673011,11.40532702225216,12.38019833432792,13.10649581974852,13.875402318618084,15.061403529941485,0.5924425355853852,0.5924425355853852,13,17,17,0.1404021255648638,0.0,0.219671,,,,27,,,0.8070938857926614,,,,,,,,,,0,0,execution_model_error:KeyError,premium_exec_profit_v1_walkforward_guarded,35.0,,,,只观察不追,WATCH_ONLY,40.4329,50.0,84.05758277579788,LOW_IC,NORMAL,WATCH_ONLY,execution_model_guard,15
13,20260803,20260803,20260804,20260805,002896.SZ,中大力德,2→3,通用设备,71.76,MAIN_BOARD_10PCT,TOP20,0,1,TOP20,只观察不追,≤72.12,只观察不追,≤72.12,观察池：t_attack<0.55;t1_accept<0.52;t1_high_profit<0.50；若竞价弱于预期不追,观察池：t_attack<0.55;t1_accept<0.52;t1_high_profit<0.50；若竞价弱于预期不追,只观察不追,≤72.12,只观察不追,≤72.12,观察池：t_attack<0.55;t1_accept<0.52;t1_high_profit<0.50；若竞价弱于预期不追,观察池：t_attack<0.55;t1_accept<0.52;t1_high_profit<0.50；若竞价弱于预期不追,0.177958,0.177958,65.8451,65.8451,0.457547,0.457547,70.3225,70.3225,0.704641,65.8451,0.718542,70.3225,0.9337991437669968,0.9403010129824696,0.4883920205823625,0.7571142766760649,0.6908312935840347,0.8067225963656779,0.7275684367212923,0.2279991680145308,0.5117338868103369,0.0778245255666291,0.0958854275249807,0.0533569597793098,0.0751399535813443,0.7323039257882733,limitup_probability_engine:shadow_gate_failed,False,disabled_validation_not_pass:days=16;samples=480;t1_accept_auc=0.49488864549105516;t1_accept_brier=0.2700313117103626;t1_ret_spearman_ic=-0.05027410609663284,degraded,0.704641,0.177958,validated_platt_v1,0.718542,0.457547,validated_platt_v1,22.6007,46.816,70.0953,81.0861,40.8327,40.8327,18,0.6096881661073221,0.0616281842988438,0.2259700090957608,0.1027136404980731,0.177958,0.177958,0.177958,0.491916,0.501387,0.154466,56.8365,52.9272,58.4435,56.5176,0.0,0.0,81.4652,18.0,0.130232,50.0,50.0,34.1334,50.4254,37.0259,0.370259,37.9776,0.379776,0,0,WATCH,t_attack<0.55;t1_accept<0.52;t1_high_profit<0.50,professional_score_rule_guarded,13,13,5524.0,0.7239319333816076,0.0118095841805789,0.0134284538963929,112.0,0.0202751629254163,175.0,0.031679942070963,2009875283.56777,0.5292723743464265,3.8359,6.9453,1.17,,,1410246.8952,,,9.9939,0.0595544273219219,0.0511933693577649,0.0516878949747292,-0.2533047966763188,0.332492208593763,6.0,2.0,1.0,2.0,6.0,0.0,1.0,212022096.0,212022096.0,,,,,,,,,,,,,,,,,0.0,0.7866033108522393,51778350.0,71.76,58.72,1.0,0.0,2.4273207249803,0,1.0,0.73299,0.0,0.0,0.0,0,0.0,0.5,0.0,0.7866033108522393,0.5844349919068061,0.5651764621704479,0.0,0.0,0.0285476315561473,0.0285476315561473,up,high,0.973002,ehx:coldstart_v1,-0.0787062104402718,-0.0156688601829563,0.0281477407119762,0.0719643416069088,0.1350016918642255,66.32858876286306,70.64436577674948,73.80857804046913,77.11451766120852,82.13209860129217,0.667598509306937,0.667598509306937,17,9,9,0.154963210951932,0.0,0.26115,,,,17,,,0.723553686211954,,,,,,,,,,0,0,execution_model_error:KeyError,premium_exec_profit_v1_walkforward_guarded,35.0,,,,只观察不追,WATCH_ONLY,40.1883,50.0,91.46267361167867,LOW_IC,NORMAL,WATCH_ONLY,execution_model_guard,16
12,20260803,20260803,20260804,20260805,001208.SZ,华菱线缆,1→2,电网设备,14.66,MAIN_BOARD_10PCT,TOP20,0,1,TOP20,只观察不追,≤14.73,只观察不追,≤14.73,观察池：t_attack<0.55;t1_high_profit<0.50；若竞价弱于预期不追,观察池：t_attack<0.55;t1_high_profit<0.50；若竞价弱于预期不追,只观察不追,≤14.73,只观察不追,≤14.73,观察池：t_attack<0.55;t1_high_profit<0.50；若竞价弱于预期不追,观察池：t_attack<0.55;t1_high_profit<0.50；若竞价弱于预期不追,0.178619,0.178619,64.5399,64.5399,0.457727,0.457727,71.2452,71.2452,0.711624,64.5399,0.719379,71.2452,0.8599883911693829,0.9574162768041452,0.5880872538266316,0.7165793231814812,0.6126949562143276,0.6289943849802204,0.487456070937366,0.3180440622717095,0.4746963546075584,0.0613301217508423,0.08880731371767,0.0286294756284644,0.0389295743722676,0.6466340297630295,limitup_probability_engine:shadow_gate_failed,False,disabled_validation_not_pass:days=16;samples=480;t1_accept_auc=0.49488864549105516;t1_accept_brier=0.2700313117103626;t1_ret_spearman_ic=-0.05027410609663284,degraded,0.711624,0.178619,validated_platt_v1,0.719379,0.457727,validated_platt_v1,22.5297,46.8295,69.9004,92.2435,41.8922,41.8922,16,0.6096881661073221,0.0616281842988438,0.2259700090957608,0.1027136404980731,0.178619,0.178619,0.178619,0.491256,0.502456,0.156283,56.4607,52.9272,70.9068,81.9156,0.070023,0.0,92.1304,18.0,0.151429,50.0,50.0,34.919,52.0145,36.6895,0.366895,37.9902,0.379902,0,0,WATCH,t_attack<0.55;t1_high_profit<0.50,professional_score_rule_guarded,12,12,5524.0,0.7239319333816076,0.0118095841805789,0.0134284538963929,112.0,0.0202751629254163,175.0,0.031679942070963,2009875283.56777,0.5292723743464265,8.2351,8.3455,1.27,,,935821.833,,,9.9775,0.0498342147197398,0.0464321396089076,0.0554123521036016,-0.2351469668542839,0.3118367798401876,8.0,1.0,1.0,1.0,8.0,0.0,1.0,78741792.0,78741792.0,09:45:00,15:00:00,2.0,,2.251,1.0,2.0,0.01399,0.0,31.0,,,,,,,0.0,0.5715303825956493,995520.0,14.66,12.0,1.0,0.0,2.0015466484384152,1,1.0,0.798337,1.0,0.104512,0.1045122,0,0.0,0.727439,1.0,0.5715303825956493,0.7090679977344337,0.8191564165191297,0.07002309,0.0,0.0266708660763768,0.0266708660763768,up,high,0.963024,ehx:coldstart_v1,-0.0901347245110745,-0.0214326751650319,0.0263213986431413,0.0740754724513146,0.1427775217973584,13.396426227519882,14.349140160671988,15.050994896679684,15.787179220728245,16.90991638609701,0.6449678054715372,0.6449678054715372,16,10,10,0.1550905641996238,0.0,0.266308,,,,16,,,0.9005797836117012,,,,,,,,,,0,0,execution_model_error:KeyError,premium_exec_profit_v1_walkforward_guarded,35.0,,,,只观察不追,WATCH_ONLY,39.81,50.0,88.38168551984877,LOW_IC,NORMAL,WATCH_ONLY,execution_model_guard,17
17,20260803,20260803,20260804,20260805,000037.SZ,深南电A,1→2,电力,10.08,MAIN_BOARD_10PCT,TOP20,0,1,TOP20,只观察不追,≤10.13,只观察不追,≤10.13,观察池：t_attack<0.55;t1_accept<0.52;t1_high_profit<0.50；若竞价弱于预期不追,观察池：t_attack<0.55;t1_accept<0.52;t1_high_profit<0.50；若竞价弱于预期不追,只观察不追,≤10.13,只观察不追,≤10.13,观察池：t_attack<0.55;t1_accept<0.52;t1_high_profit<0.50；若竞价弱于预期不追,观察池：t_attack<0.55;t1_accept<0.52;t1_high_profit<0.50；若竞价弱于预期不追,0.171844,0.171844,69.8033,69.8033,0.445498,0.445498,67.9205,67.9205,0.634618,69.8033,0.659173,67.9205,0.7819088805880442,0.9730941663749262,0.1477310649040989,0.2421487678681423,0.514674511303934,0.6337242122374639,0.3373415023532058,0.5230499849613225,0.611484026401733,0.0253753767248184,0.0729926892503181,-0.0171888641406106,0.0249962678253755,0.4343231148139254,limitup_probability_engine:shadow_gate_failed,False,disabled_validation_not_pass:days=16;samples=480;t1_accept_auc=0.49488864549105516;t1_accept_brier=0.2700313117103626;t1_ret_spearman_ic=-0.05027410609663284,degraded,0.634618,0.171844,validated_platt_v1,0.659173,0.445498,validated_platt_v1,22.4463,45.9124,71.882,91.5471,42.161,42.161,15,0.6096881661073221,0.0616281842988438,0.2259700090957608,0.1027136404980731,0.171844,0.171844,0.171844,0.476975,0.521382,0.163209,52.4536,52.9272,71.2048,82.3541,0.074211,0.0,91.7519,18.0,0.157113,50.0,50.0,34.8164,51.2133,34.9706,0.349706,36.7682,0.367682,0,0,WATCH,t_attack<0.55;t1_accept<0.52;t1_high_profit<0.50,professional_score_rule_guarded,17,17,5524.0,0.7239319333816076,0.0118095841805789,0.0134284538963929,112.0,0.0202751629254163,175.0,0.031679942070963,2009875283.56777,0.5292723743464265,11.0601,18.7292,1.5,,,607584.7008,,,10.0437,0.0435973910796469,0.0554289102713422,0.0536397307256266,-0.1299709020368573,0.2118842272478654,4.0,4.0,1.0,4.0,4.0,0.0,0.0,79876944.0,79876944.0,09:53:00,15:00:00,2.0,,2.4802,1.0,4.0,0.01407,0.0,31.0,,,,,,,0.0,0.6072052401746728,3756240.0,10.08,8.24,1.0,0.0,2.505172977911183,1,1.0,0.793276,1.0,0.110762,0.110762,0,0.0,0.69619,1.0,0.6072052401746728,0.7120478064628821,0.8235407680349346,0.0742105399999999,0.0,0.0143212295321485,0.0143212295321485,up,high,0.954707,ehx:coldstart_v1,-0.1101639511043668,-0.0367851709340507,0.0142196494106402,0.0652244697553312,0.1386032499256486,9.028527725347743,9.715942486981016,10.22435799368406,10.759377849661757,11.578576215645928,0.5745778240539315,0.5745778240539315,18,23,23,0.1162371108170802,0.0,0.237455,,,,51,,,0.8943442903595732,,,,,,,,,,0,0,execution_model_error:KeyError,premium_exec_profit_v1_walkforward_guarded,35.0,,,,只观察不追,WATCH_ONLY,39.7467,50.0,83.81307996156283,LOW_IC,NORMAL,WATCH_ONLY,execution_model_guard,18
19,20260803,20260803,20260804,20260805,002438.SZ,江苏神通,1→2,通用设备,13.97,MAIN_BOARD_10PCT,TOP20,0,1,TOP20,只观察不追,≤14.04,只观察不追,≤14.04,观察池：t_attack<0.55;t1_accept<0.52;t1_high_profit<0.50；若竞价弱于预期不追,观察池：t_attack<0.55;t1_accept<0.52;t1_high_profit<0.50；若竞价弱于预期不追,只观察不追,≤14.04,只观察不追,≤14.04,观察池：t_attack<0.55;t1_accept<0.52;t1_high_profit<0.50；若竞价弱于预期不追,观察池：t_attack<0.55;t1_accept<0.52;t1_high_profit<0.50；若竞价弱于预期不追,0.15953,0.15953,66.2968,66.2968,0.451101,0.451101,60.7872,60.7872,0.471168,66.2968,0.68759,60.7872,0.7687557292128814,0.9564926205875166,0.5563698285426587,0.4857382071174091,0.537532429896687,0.6706541040060853,0.3693301655581927,0.4545790481025669,0.5785431838700084,0.0287840193642804,0.0737432256460306,0.0177048768136918,0.0266273626305553,0.5592528613928094,limitup_probability_engine:shadow_gate_failed,False,disabled_validation_not_pass:days=16;samples=480;t1_accept_auc=0.49488864549105516;t1_accept_brier=0.2700313117103626;t1_ret_spearman_ic=-0.05027410609663284,degraded,0.471168,0.15953,validated_platt_v1,0.68759,0.451101,validated_platt_v1,20.9874,46.3326,66.8369,86.4429,39.6331,39.6331,19,0.6096881661073221,0.0616281842988438,0.2259700090957608,0.1027136404980731,0.15953,0.15953,0.15953,0.484824,0.510686,0.160903,54.9426,52.9272,66.567,61.954,0.0,0.0,85.2011,18.0,0.141322,50.0,50.0,33.3004,49.8812,35.4713,0.354713,36.5117,0.365117,0,0,WATCH,t_attack<0.55;t1_accept<0.52;t1_high_profit<0.50,professional_score_rule_guarded,19,19,5524.0,0.7239319333816076,0.0118095841805789,0.0134284538963929,112.0,0.0202751629254163,175.0,0.031679942070963,2009875283.56777,0.5292723743464265,2.8719,3.7119,2.34,,,709029.8875,,,10.0,0.0397622728173929,0.0341365752516251,0.0319799103053157,-0.1345323741007195,0.1811245992241156,6.0,2.0,1.0,2.0,6.0,0.0,0.0,116919609.0,116919609.0,,,,,,,,,,,,,,,,,0.0,0.9933070866141736,11318220.0,13.97,11.43,1.0,0.0,2.623508590973901,0,1.0,0.763996,0.0,0.0,0.0,0,0.0,0.5,0.0,0.9933070866141736,0.6656696711811024,0.6195397373228347,0.0,0.0,0.0222374842644415,0.0222374842644415,up,high,0.948688,ehx:coldstart_v1,-0.1120740721147507,-0.0329821373238257,0.0219938368660128,0.0769698110558515,0.1560617458467779,12.488873165771688,13.516755120722008,14.280657655174249,15.087732317621024,16.32951030547886,0.6063576307303391,0.6063576307303391,23,15,15,0.114927158390603,0.0,0.22646,,,,52,,,0.8190585872381952,,,,,,,,,,0,0,execution_model_error:KeyError,premium_exec_profit_v1_walkforward_guarded,35.0,,,,只观察不追,WATCH_ONLY,39.0744,50.0,87.39588243976142,LOW_IC,NORMAL,WATCH_ONLY,execution_model_guard,19
27,20260803,20260803,20260804,20260805,603778.SH,国晟科技,1→2,光伏设备,9.94,MAIN_BOARD_10PCT,FULL,0,0,Outside TOP20,只观察不追,≤9.99,只观察不追,≤9.99,观察池：t_attack<0.55;t1_accept<0.52;t1_high_profit<0.50；若竞价弱于预期不追,观察池：t_attack<0.55;t1_accept<0.52;t1_high_profit<0.50；若竞价弱于预期不追,只观察不追,≤9.99,只观察不追,≤9.99,观察池：t_attack<0.55;t1_accept<0.52;t1_high_profit<0.50；若竞价弱于预期不追,观察池：t_attack<0.55;t1_accept<0.52;t1_high_profit<0.50；若竞价弱于预期不追,0.15288,0.15288,42.9311,42.9311,0.42764,0.42764,48.2712,48.2712,0.379075,42.9311,0.56102,48.2712,0.6821699225150155,0.6921162680922298,0.2131068810241413,0.4257372609026252,0.5424937355328885,0.6597557241424856,0.4373685650679023,0.2746789303269293,0.3712178833554021,0.0190352913631836,0.0655745159025174,-0.0175636805371983,0.0304279101684909,0.4850564237496011,limitup_probability_engine:shadow_gate_failed,False,disabled_validation_not_pass:days=16;samples=480;t1_accept_auc=0.49488864549105516;t1_accept_brier=0.2700313117103626;t1_ret_spearman_ic=-0.05027410609663284,degraded,0.379075,0.15288,validated_platt_v1,0.56102,0.42764,validated_platt_v1,18.0523,44.573,49.8763,88.5976,34.124,34.124,30,0.6096881661073221,0.0616281842988438,0.2259700090957608,0.1027136404980731,0.15288,0.15288,0.15288,0.465729,0.534125,0.165036,51.407,52.9272,47.3017,49.0615,0.0,0.0,84.2403,18.0,0.14645,50.0,50.0,27.5505,47.6947,31.665,0.31665,32.2798,0.322798,0,0,WATCH,t_attack<0.55;t1_accept<0.52;t1_high_profit<0.50,professional_score_rule_guarded,27,27,5524.0,0.7239319333816076,0.0118095841805789,0.0134284538963929,112.0,0.0202751629254163,175.0,0.031679942070963,2009875283.56777,0.5292723743464265,7.3937,10.1671,0.75,,,656081.8474,,,9.9558,0.0522958866802708,0.04591994343908,0.0499735706167758,-0.2579505300353356,0.3408817157437199,3.0,6.0,1.0,6.0,3.0,0.0,1.0,118050431.0,118050431.0,,,,,,,,,,,,,,,,,0.0,0.5030973451327434,3146400.0,9.94,8.14,1.0,0.0,2.127121087932065,0,1.0,0.690465,0.0,0.0,0.0,0,0.0,0.5,0.0,0.5030973451327434,0.4730173442477876,0.4906147690265486,0.0,0.0,0.0097996152947698,0.0097996152947698,up,high,0.968008,ehx:coldstart_v1,-0.1002269248260541,-0.0353460824543236,0.0097519104708982,0.0548499033961201,0.1197307457678518,8.992043185902014,9.59479667215378,10.037408176030011,10.500437511576626,11.20430149292347,0.5579802854114141,0.5579802854114141,28,26,26,0.1639053416096414,0.0,0.215544,,,,10,,,0.8418046911236076,,,,,,,,,,0,0,execution_model_error:KeyError,premium_exec_profit_v1_walkforward_guarded,35.0,,,,只观察不追,WATCH_ONLY,38.7045,80.0,92.16763721154204,LOW_IC,NORMAL,WATCH_ONLY,execution_model_guard,20
21,20260803,20260803,20260804,20260805,601865.SH,福莱特,1→2,光伏设备,11.09,MAIN_BOARD_10PCT,FULL,0,0,Outside TOP20,只观察不追,≤11.15,只观察不追,≤11.15,观察池：t_attack<0.55;t1_accept<0.52;t1_high_profit<0.50；若竞价弱于预期不追,观察池：t_attack<0.55;t1_accept<0.52;t1_high_profit<0.50；若竞价弱于预期不追,只观察不追,≤11.15,只观察不追,≤11.15,观察池：t_attack<0.55;t1_accept<0.52;t1_high_profit<0.50；若竞价弱于预期不追,观察池：t_attack<0.55;t1_accept<0.52;t1_high_profit<0.50；若竞价弱于预期不追,0.166001,0.166001,62.0582,62.0582,0.436822,0.436822,61.5097,61.5097,0.559782,62.0582,0.612729,61.5097,0.8089144558083862,0.9835162156233388,0.6236988404566537,0.6493767641023159,0.5994253194721072,0.6625453146277019,0.4115287179932466,0.3450030343760025,0.5272106807137487,0.0610672824673522,0.0962055609694405,0.033056574480262,0.0204688791009522,0.6207523079567003,limitup_probability_engine:shadow_gate_failed,False,disabled_validation_not_pass:days=16;samples=480;t1_accept_auc=0.49488864549105516;t1_accept_brier=0.2700313117103626;t1_ret_spearman_ic=-0.05027410609663284,degraded,0.559782,0.166001,validated_platt_v1,0.612729,0.436822,validated_platt_v1,21.1459,45.2616,65.4702,87.7913,39.4935,39.4935,20,0.6096881661073221,0.0616281842988438,0.2259700090957608,0.1027136404980731,0.166001,0.166001,0.166001,0.473864,0.523927,0.163256,53.1214,52.9272,48.0221,49.5436,0.0,0.0,83.807,18.0,0.144223,50.0,50.0,30.6594,48.2163,33.3026,0.333026,34.8503,0.348503,0,0,WATCH,t_attack<0.55;t1_accept<0.52;t1_high_profit<0.50,professional_score_rule_guarded,21,21,5524.0,0.7239319333816076,0.0118095841805789,0.0134284538963929,112.0,0.0202751629254163,175.0,0.031679942070963,2009875283.56777,0.5292723743464265,1.5801,3.7499,1.7,,,2598254.4745,,,10.0198,0.0361284979706541,0.0327116486390961,0.0315332201120834,-0.0816326530612245,0.1284562387828439,3.0,6.0,1.0,6.0,3.0,0.0,1.0,100467637.0,100467637.0,,,,,,,,,,,,,,,,,0.0,0.5214285714285711,1031220.0,11.09,9.07,1.0,0.0,2.070951514081332,0,1.0,0.693214,0.0,0.0,0.0,0,0.0,0.5,0.0,0.5214285714285711,0.4802213657142856,0.4954355942857141,0.0,0.0,0.0169248267001702,0.0169248267001702,up,high,0.95948,ehx:coldstart_v1,-0.1040114241187566,-0.0327499237478449,0.0167831976187844,0.0663163189854137,0.1375778193563267,9.994474369686856,10.73268628022978,11.277696328104888,11.850382201447102,12.72567518455056,0.590385161504904,0.590385161504904,21,21,21,0.1479674137927413,0.0,0.208387,,,,19,,,0.833992683697859,,,,,,,,,,0,0,execution_model_error:KeyError,premium_exec_profit_v1_walkforward_guarded,35.0,,,,只观察不追,WATCH_ONLY,38.5369,50.0,89.55284767722247,LOW_IC,NORMAL,WATCH_ONLY,execution_model_guard,21
24,20260803,20260803,20260804,20260805,003032.SZ,传智教育,6→7,教育,9.69,MAIN_BOARD_10PCT,FULL,0,0,Outside TOP20,只观察不追,≤9.74,只观察不追,≤9.74,观察池：t_attack<0.55;t1_accept<0.52;t1_high_profit<0.50；若竞价弱于预期不追,观察池：t_attack<0.55;t1_accept<0.52;t1_high_profit<0.50；若竞价弱于预期不追,只观察不追,≤9.74,只观察不追,≤9.74,观察池：t_attack<0.55;t1_accept<0.52;t1_high_profit<0.50；若竞价弱于预期不追,观察池：t_attack<0.55;t1_accept<0.52;t1_high_profit<0.50；若竞价弱于预期不追,0.188288,0.188288,51.0323,51.0323,0.439788,0.439788,66.7055,66.7055,0.800095,51.0323,0.628908,66.7055,0.869430095198481,0.9683660293623164,0.5975363694256747,0.7187663667861754,0.6835189516506702,0.5903787399787043,0.5177213582833623,0.2300004171177274,0.384067944972647,0.0664354732395538,0.0909267407207621,0.019855255922766,0.0330076334799405,0.6609465308029211,limitup_probability_engine:shadow_gate_failed,False,disabled_validation_not_pass:days=16;samples=480;t1_accept_auc=0.49488864549105516;t1_accept_brier=0.2700313117103626;t1_ret_spearman_ic=-0.05027410609663284,degraded,0.800095,0.188288,validated_platt_v1,0.628908,0.439788,validated_platt_v1,22.0492,45.4841,60.0311,63.4077,36.3243,36.3243,26,0.6096881661073221,0.0616281842988438,0.2259700090957608,0.1027136404980731,0.188288,0.188288,0.188288,0.483506,0.509761,0.15852,57.1821,52.9272,66.83,62.13,0.0,0.0,72.5957,18.0,0.164631,50.0,50.0,34.0314,49.4749,32.4049,0.324049,33.3847,0.333847,0,0,WATCH,t_attack<0.55;t1_accept<0.52;t1_high_profit<0.50,professional_score_rule_guarded,24,24,5524.0,0.7239319333816076,0.0118095841805789,0.0134284538963929,112.0,0.0202751629254163,175.0,0.031679942070963,2009875283.56777,0.5292723743464265,2.8793,3.3411,0.33,,,389971.6275,,,9.9886,0.0002163693480012,0.0548351121249423,0.0520494401935704,-0.0548672566371681,0.1186985818303023,,,0.0,,,0.0,0.0,198742617.0,198742617.0,,,,,,,,,,,,,,,,,0.0,1.0,22406438.94,9.69,7.93,1.0,0.0,2.634898418469186,0,1.0,0.765,0.0,0.0,0.0,0,0.0,0.5,0.0,1.0,0.6683,0.6213,0.0,0.0,0.0300105310089036,0.0300105310089036,up,high,0.962722,ehx:coldstart_v1,-0.0903447770349966,-0.0196029059978994,0.0295690264697658,0.078740958937431,0.1494828299745295,8.852940368506628,9.501897541817112,9.980802045476276,10.483843783052738,11.25235292732323,0.6574807601672465,0.6574807601672465,19,8,8,0.1634769437152876,0.0,0.198326,,,,11,,,0.4571144946401024,,,,,,,,,,0,0,execution_model_error:KeyError,premium_exec_profit_v1_walkforward_guarded,35.0,,,,只观察不追,WATCH_ONLY,38.4747,50.0,92.70931429350762,LOW_IC,NORMAL,WATCH_ONLY,execution_model_guard,22
23,20260803,20260803,20260804,20260805,000571.SZ,新大洲A,1→2,煤炭开采,6.45,MAIN_BOARD_10PCT,FULL,0,0,Outside TOP20,只观察不追,≤6.48,只观察不追,≤6.48,观察池：t_attack<0.55;t1_accept<0.52;t1_high_profit<0.50；若竞价弱于预期不追,观察池：t_attack<0.55;t1_accept<0.52;t1_high_profit<0.50；若竞价弱于预期不追,只观察不追,≤6.48,只观察不追,≤6.48,观察池：t_attack<0.55;t1_accept<0.52;t1_high_profit<0.50；若竞价弱于预期不追,观察池：t_attack<0.55;t1_accept<0.52;t1_high_profit<0.50；若竞价弱于预期不追,0.173162,0.173162,56.5152,56.5152,0.421538,0.421538,61.9014,61.9014,0.650508,56.5152,0.52567,61.9014,0.6540049159759241,0.8281753306491976,0.1185526365644493,0.1937286936932285,0.2881693531542504,0.6341620577942827,0.4670561579856329,0.436423585108037,0.2523572694916173,0.0251100829664583,0.0550862764488479,0.0155912591857484,0.0402034547716561,0.392594579578105,limitup_probability_engine:shadow_gate_failed,False,disabled_validation_not_pass:days=16;samples=480;t1_accept_auc=0.49488864549105516;t1_accept_brier=0.2700313117103626;t1_ret_spearman_ic=-0.05027410609663284,degraded,0.650508,0.173162,validated_platt_v1,0.52567,0.421538,validated_platt_v1,21.2361,44.1154,62.7326,91.5541,39.2457,39.2457,21,0.6096881661073221,0.0616281842988438,0.2259700090957608,0.1027136404980731,0.173162,0.173162,0.173162,0.458941,0.543045,0.171095,49.5765,52.9272,58.6211,74.1121,0.058932,0.0,90.1925,18.0,0.159997,50.0,50.0,31.5664,49.3534,32.3248,0.323248,34.0551,0.340551,0,0,WATCH,t_attack<0.55;t1_accept<0.52;t1_high_profit<0.50,professional_score_rule_guarded,23,23,5524.0,0.7239319333816076,0.0118095841805789,0.0134284538963929,112.0,0.0202751629254163,175.0,0.031679942070963,2009875283.56777,0.5292723743464265,5.3725,7.5764,1.83,,,541238.2695,,,10.0683,0.0663159731591861,0.0539041049508973,0.0548693484723204,-0.1852409638554216,0.2650759784773767,,,0.0,,,0.0,1.0,37667703.0,37667703.0,13:07:00,15:00:00,1.0,,1.3953,0.0,,0.02385,0.0,31.0,,,,,,,0.0,0.3680887372013653,929424.0,6.45,5.27,1.0,0.0,1.6203323445321596,1,1.0,0.705184,1.0,0.086744,0.09,0,0.0,0.566279,0.0,0.3680887372013653,0.5862105453924915,0.7411206274402731,0.0589324799999999,0.0,0.0043598375998592,0.0043598375998592,up,high,0.945457,ehx:coldstart_v1,-0.1293748505717822,-0.050485086441986,0.0043503610420951,0.0591858085261763,0.138075572655974,5.667257304916546,6.132454295967451,6.478120952519093,6.843271722883072,7.40500189378377,0.5213374300728042,0.5213374300728042,20,32,32,0.1589063257959019,0.0,0.217295,,,,12,,,0.8994326675385593,,,,,,,,,,0,0,execution_model_error:KeyError,premium_exec_profit_v1_walkforward_guarded,35.0,,,,只观察不追,WATCH_ONLY,38.0227,50.0,89.16211352846327,LOW_IC,NORMAL,WATCH_ONLY,execution_model_guard,23
22,20260803,20260803,20260804,20260805,002421.SZ,达实智能,1→2,IT服务Ⅱ,3.16,MAIN_BOARD_10PCT,FULL,0,0,Outside TOP20,只观察不追,≤3.18,只观察不追,≤3.18,观察池：t_attack<0.55;t1_accept<0.52;t1_high_profit<0.50；若竞价弱于预期不追,观察池：t_attack<0.55;t1_accept<0.52;t1_high_profit<0.50；若竞价弱于预期不追,只观察不追,≤3.18,只观察不追,≤3.18,观察池：t_attack<0.55;t1_accept<0.52;t1_high_profit<0.50；若竞价弱于预期不追,观察池：t_attack<0.55;t1_accept<0.52;t1_high_profit<0.50；若竞价弱于预期不追,0.167731,0.167731,58.4638,58.4638,0.445434,0.445434,61.4677,61.4677,0.582618,58.4638,0.658842,61.4677,0.7486914363347668,0.9847331586354324,0.4600155475705,0.5865332818788036,0.3902271959706451,0.5422294579581755,0.2271105678106785,0.5618447551151988,0.4463167780694823,0.0542574346767331,0.0765047803944658,0.0025492183332436,0.0288934416619685,0.4873786273157272,limitup_probability_engine:shadow_gate_failed,False,disabled_validation_not_pass:days=16;samples=480;t1_accept_auc=0.49488864549105516;t1_accept_brier=0.2700313117103626;t1_ret_spearman_ic=-0.05027410609663284,degraded,0.582618,0.167731,validated_platt_v1,0.658842,0.445434,validated_platt_v1,20.9422,45.9076,62.7253,73.5205,37.323,37.323,22,0.6096881661073221,0.0616281842988438,0.2259700090957608,0.1027136404980731,0.167731,0.167731,0.167731,0.480092,0.516534,0.160353,54.0284,52.9272,50.9662,51.5138,0.0,0.0,76.2972,18.0,0.142254,50.0,50.0,30.8214,48.4019,33.0435,0.330435,34.1133,0.341133,0,0,WATCH,t_attack<0.55;t1_accept<0.52;t1_high_profit<0.50,professional_score_rule_guarded,22,22,5524.0,0.7239319333816076,0.0118095841805789,0.0134284538963929,112.0,0.0202751629254163,175.0,0.031679942070963,2009875283.56777,0.5292723743464265,3.9352,4.6011,0.52,,,670103.8172,,,10.1045,0.0471517430396287,0.0390032089942247,0.0403969448807644,-0.1714285714285714,0.2368699595945201,3.0,5.0,1.0,5.0,3.0,0.0,1.0,109407757.0,109407757.0,,,,,,,,,,,,,,,,,0.0,0.5963414634146342,14915208.0,3.16,2.58,1.0,0.0,2.099511407951124,0,1.0,0.704451,0.0,0.0,0.0,0,0.0,0.5,0.0,0.5963414634146342,0.5096621468292684,0.5151377126829269,0.0,0.0,0.0195319641284687,0.0195319641284687,up,high,0.96405,ehx:coldstart_v1,-0.0965785924434882,-0.0281914924950328,0.0193436632907323,0.0668788190764976,0.1352659190249543,2.8690857790921767,3.072158887390787,3.2217210066459616,3.378564268685745,3.617698125410566,0.6081393102679821,0.6081393102679821,22,18,18,0.1478134749994842,0.0,0.229587,,,,20,,,0.6119808621520304,,,,,,,,,,0,0,execution_model_error:KeyError,premium_exec_profit_v1_walkforward_guarded,35.0,,,,只观察不追,WATCH_ONLY,37.8614,50.0,87.1091608925772,LOW_IC,NORMAL,WATCH_ONLY,execution_model_guard,24
20,20260803,20260803,20260804,20260805,603106.SH,恒银科技,2→3,计算机设,8.22,MAIN_BOARD_10PCT,TOP20,0,1,TOP20,只观察不追,≤8.26,只观察不追,≤8.26,观察池：t_attack<0.55;t1_accept<0.52;t1_high_profit<0.50；若竞价弱于预期不追,观察池：t_attack<0.55;t1_accept<0.52;t1_high_profit<0.50；若竞价弱于预期不追,只观察不追,≤8.26,只观察不追,≤8.26,观察池：t_attack<0.55;t1_accept<0.52;t1_high_profit<0.50；若竞价弱于预期不追,观察池：t_attack<0.55;t1_accept<0.52;t1_high_profit<0.50；若竞价弱于预期不追,0.159776,0.159776,53.532,53.532,0.448329,0.448329,57.089,57.089,0.474595,53.532,0.673701,57.089,0.7751130175191905,0.9662374828806972,0.5529279179766429,0.5796907084020929,0.5590779296621294,0.7438701037728191,0.5171691899007625,0.3568718651904415,0.6076025203790633,0.0561169776342445,0.0737624725634509,-0.0008630741590374,0.0221200416643494,0.6176444443946302,limitup_probability_engine:shadow_gate_failed,False,disabled_validation_not_pass:days=16;samples=480;t1_accept_auc=0.49488864549105516;t1_accept_brier=0.2700313117103626;t1_ret_spearman_ic=-0.05027410609663284,degraded,0.474595,0.159776,validated_platt_v1,0.673701,0.448329,validated_platt_v1,19.733,46.1247,58.5898,83.1349,36.6522,36.6522,24,0.6096881661073221,0.0616281842988438,0.2259700090957608,0.1027136404980731,0.159776,0.159776,0.159776,0.483925,0.511352,0.15559,55.2033,52.9272,66.83,62.13,0.0,0.0,83.7173,18.0,0.132273,50.0,50.0,32.6658,50.4262,36.2803,0.362803,36.3733,0.363733,0,0,WATCH,t_attack<0.55;t1_accept<0.52;t1_high_profit<0.50,professional_score_rule_guarded,20,20,5524.0,0.7239319333816076,0.0118095841805789,0.0134284538963929,112.0,0.0202751629254163,175.0,0.031679942070963,2009875283.56777,0.5292723743464265,1.6746,3.7743,1.03,,,427867.44,,,10.0402,0.0421988061692838,0.0419639203760606,0.0418040649141515,-0.091970802919708,0.1544885014378528,3.0,8.0,1.0,8.0,3.0,0.0,0.0,58202203.0,58202203.0,,,,,,,,,,,,,,,,,0.0,1.0,33007755.0,8.22,6.72,1.0,0.0,2.435931367886348,0,1.0,0.765,0.0,0.0,0.0,0,0.0,0.5,0.0,1.0,0.6683,0.6213,0.0,0.0,0.0225353684362819,0.0225353684362819,up,high,0.98544,ehx:coldstart_v1,-0.0734737670327302,-0.0169817853594788,0.0222851984943269,0.0615521823481327,0.1180441640213852,7.637699475298652,8.081588289583873,8.405240728546238,8.741854840077508,9.249915099867172,0.6490634817348004,0.6490634817348004,24,14,14,0.1333789634727322,0.0,0.199987,,,,33,,,0.7483767454474453,,,,,,,,,,0,0,execution_model_error:KeyError,premium_exec_profit_v1_walkforward_guarded,35.0,,,,只观察不追,WATCH_ONLY,37.3489,50.0,88.57089681835274,LOW_IC,NORMAL,WATCH_ONLY,execution_model_guard,25
26,20260803,20260803,20260804,20260805,600644.SH,乐山电力,1→2,电力,10.29,MAIN_BOARD_10PCT,FULL,0,0,Outside TOP20,只观察不追,≤10.34,只观察不追,≤10.34,观察池：t_attack<0.55;t1_accept<0.52;t1_high_profit<0.50；若竞价弱于预期不追,观察池：t_attack<0.55;t1_accept<0.52;t1_high_profit<0.50；若竞价弱于预期不追,只观察不追,≤10.34,只观察不追,≤10.34,观察池：t_attack<0.55;t1_accept<0.52;t1_high_profit<0.50；若竞价弱于预期不追,观察池：t_attack<0.55;t1_accept<0.52;t1_high_profit<0.50；若竞价弱于预期不追,0.149022,0.149022,55.5933,55.5933,0.433834,0.433834,50.0633,50.0633,0.327619,55.5933,0.596149,50.0633,0.521210597160626,0.713635956780954,0.1308676235724713,0.2156485555867759,0.5178123995283188,0.6507520243778165,0.43854894006874,0.4709057887867219,0.4620712833531235,-0.0084785102531251,0.0490659329958236,-0.0039319818513277,0.0192972732703991,0.4031866559864486,limitup_probability_engine:shadow_gate_failed,False,disabled_validation_not_pass:days=16;samples=480;t1_accept_auc=0.49488864549105516;t1_accept_brier=0.2700313117103626;t1_ret_spearman_ic=-0.05027410609663284,degraded,0.327619,0.149022,validated_platt_v1,0.596149,0.433834,validated_platt_v1,18.9713,45.0376,58.0619,86.2978,36.3264,36.3264,25,0.6096881661073221,0.0616281842988438,0.2259700090957608,0.1027136404980731,0.149022,0.149022,0.149022,0.464763,0.537248,0.166358,49.3367,52.9272,46.9803,48.8464,0.0,0.0,82.9057,18.0,0.147303,50.0,50.0,28.5083,47.705,31.3231,0.313231,32.574,0.32574,0,0,WATCH,t_attack<0.55;t1_accept<0.52;t1_high_profit<0.50,professional_score_rule_guarded,26,26,5524.0,0.7239319333816076,0.0118095841805789,0.0134284538963929,112.0,0.0202751629254163,175.0,0.031679942070963,2009875283.56777,0.5292723743464265,10.3627,18.5612,1.14,,,595092.1032,,,10.0535,0.060965754181254,0.0641968367782143,0.0566065406601324,-0.1424528301886792,0.2267453614505462,4.0,4.0,1.0,4.0,4.0,0.0,0.0,44447655.0,44447655.0,,,,,,,,,,,,,,,,,0.0,0.4949197860962571,2229714.0,10.29,8.42,1.0,0.0,2.391991417292065,0,1.0,0.689238,0.0,0.0,0.0,0,0.0,0.5,0.0,0.4949197860962571,0.4698034829946526,0.4884639172192514,0.0,0.0,0.0043485060604277,0.0043485060604277,up,high,0.965442,ehx:coldstart_v1,-0.1074217112597913,-0.0414896237587166,0.0043390786282321,0.0501677810151809,0.1160998685162567,9.241930926826369,9.871807092384612,10.334746127361802,10.819394718461792,11.556781625254672,0.5254595233421542,0.5254595233421542,27,33,33,0.1227004812783444,0.0,0.227564,,,,43,,,0.8078053226088553,,,,,,,,,,0,0,execution_model_error:KeyError,premium_exec_profit_v1_walkforward_guarded,35.0,,,,只观察不追,WATCH_ONLY,36.6768,50.0,88.31570033466794,LOW_IC,NORMAL,WATCH_ONLY,execution_model_guard,26
25,20260803,20260803,20260804,20260805,600540.SH,新赛股份,1→2,种植业,3.83,MAIN_BOARD_10PCT,FULL,0,0,Outside TOP20,只观察不追,≤3.85,只观察不追,≤3.85,观察池：t_attack<0.55;t1_accept<0.52;t1_high_profit<0.50；若竞价弱于预期不追,观察池：t_attack<0.55;t1_accept<0.52;t1_high_profit<0.50；若竞价弱于预期不追,只观察不追,≤3.85,只观察不追,≤3.85,观察池：t_attack<0.55;t1_accept<0.52;t1_high_profit<0.50；若竞价弱于预期不追,观察池：t_attack<0.55;t1_accept<0.52;t1_high_profit<0.50；若竞价弱于预期不追,0.15401,0.15401,53.3949,53.3949,0.42849,0.42849,51.6534,51.6534,0.394534,53.3949,0.56589,51.6534,0.6639314610180703,0.9008350880052846,0.152510739219467,0.4386156494980627,0.1941490003193468,0.437213517016759,0.2044777678154147,0.5524583806565602,0.419811153863486,0.0354255380208591,0.0603515490963648,0.0023416668356605,0.0461598929567065,0.3464244059525845,limitup_probability_engine:shadow_gate_failed,False,disabled_validation_not_pass:days=16;samples=480;t1_accept_auc=0.49488864549105516;t1_accept_brier=0.2700313117103626;t1_ret_spearman_ic=-0.05027410609663284,degraded,0.394534,0.15401,validated_platt_v1,0.56589,0.42849,validated_platt_v1,19.2004,44.6368,57.9193,88.9132,36.6778,36.6778,23,0.6096881661073221,0.0616281842988438,0.2259700090957608,0.1027136404980731,0.15401,0.15401,0.15401,0.464858,0.535699,0.165321,50.7533,52.9272,46.5702,48.5719,0.0,0.0,84.3377,18.0,0.146797,50.0,50.0,28.6208,47.6491,31.8146,0.318146,33.0304,0.330304,0,0,WATCH,t_attack<0.55;t1_accept<0.52;t1_high_profit<0.50,professional_score_rule_guarded,25,25,5524.0,0.7239319333816076,0.0118095841805789,0.0134284538963929,112.0,0.0202751629254163,175.0,0.031679942070963,2009875283.56777,0.5292723743464265,3.6989,6.1645,1.16,,,222667.391,,,10.0575,0.0389296735295596,0.0395056507833978,0.0376823404676607,-0.0811594202898551,0.1336538133221353,,,0.0,,,0.0,1.0,48361027.0,48361027.0,,,,,,,,,,,,,,,,,0.0,0.48448275862069,289450.0,3.83,3.13,1.0,0.0,1.654492982035381,0,1.0,0.687672,0.0,0.0,0.0,0,0.0,0.5,0.0,0.48448275862069,0.4657016331034483,0.485718791724138,0.0,0.0,0.0073895056394511,0.0073895056394511,up,high,0.969256,ehx:coldstart_v1,-0.1018812135899765,-0.03743414459733,0.0073623370024223,0.0521588186021746,0.1166058875948223,3.4590140423493665,3.689277570730828,3.8583018065990977,4.0350698870990405,4.303680947387815,0.5441335105769094,0.5441335105769094,25,28,28,0.1463916698956655,0.0,0.193608,,,,21,,,0.8459878468701021,,,,,,,,,,0,0,execution_model_error:KeyError,premium_exec_profit_v1_walkforward_guarded,35.0,,,,只观察不追,WATCH_ONLY,36.4295,50.0,87.51501275151674,LOW_IC,NORMAL,WATCH_ONLY,execution_model_guard,27
28,20260803,20260803,20260804,20260805,002792.SZ,通宇通讯,1→2,通信设备,26.14,MAIN_BOARD_10PCT,FULL,0,0,Outside TOP20,只观察不追,≤26.27,只观察不追,≤26.27,观察池：t_attack<0.55;t1_accept<0.52;t1_high_profit<0.50；若竞价弱于预期不追,观察池：t_attack<0.55;t1_accept<0.52;t1_high_profit<0.50；若竞价弱于预期不追,只观察不追,≤26.27,只观察不追,≤26.27,观察池：t_attack<0.55;t1_accept<0.52;t1_high_profit<0.50；若竞价弱于预期不追,观察池：t_attack<0.55;t1_accept<0.52;t1_high_profit<0.50；若竞价弱于预期不追,0.153074,0.153074,53.2016,53.2016,0.428436,0.428436,50.8689,50.8689,0.38172,53.2016,0.56558,50.8689,0.6899610941097916,0.7831909989781191,0.2537343800172721,0.3121748834519811,0.3476255422611287,0.6179341833845517,0.5271126157383789,0.688035128770599,0.5455191569544147,0.0015421648807633,0.0661032771006232,0.020290041540388,0.0602002412627464,0.4604140514332595,limitup_probability_engine:shadow_gate_failed,False,disabled_validation_not_pass:days=16;samples=480;t1_accept_auc=0.49488864549105516;t1_accept_brier=0.2700313117103626;t1_ret_spearman_ic=-0.05027410609663284,degraded,0.38172,0.153074,validated_platt_v1,0.56558,0.428436,validated_platt_v1,19.0968,44.6327,57.2151,86.326,36.1895,36.1895,27,0.6096881661073221,0.0616281842988438,0.2259700090957608,0.1027136404980731,0.153074,0.153074,0.153074,0.460655,0.542199,0.168268,48.6659,52.9272,44.1233,46.9344,0.0,0.0,82.5528,18.0,0.148615,50.0,50.0,28.0592,47.2802,30.7392,0.307392,32.1018,0.321018,0,0,WATCH,t_attack<0.55;t1_accept<0.52;t1_high_profit<0.50,professional_score_rule_guarded,28,28,5524.0,0.7239319333816076,0.0118095841805789,0.0134284538963929,112.0,0.0202751629254163,175.0,0.031679942070963,2009875283.56777,0.5292723743464265,6.0742,7.4147,1.36,,,1369307.304,,,10.0168,0.0598102630729367,0.047566392810327,0.0524425765585617,-0.3444767441860464,0.4242605788714916,3.0,9.0,1.0,9.0,3.0,0.0,0.0,102458344.0,102458344.0,,,,,,,,,,,,,,,,,0.0,0.4222222222222214,1319670.0,26.14,21.38,1.0,0.0,2.577310979127198,0,1.0,0.678333,0.0,0.0,0.0,0,0.0,0.5,0.0,0.4222222222222214,0.4412332599999997,0.4693443044444442,0.0,0.0,0.0017040247137234,0.0017040247137234,flat,high,0.96261,ehx:coldstart_v1,-0.1138287508259202,-0.0456722761011999,0.0017025745108316,0.0490774251228631,0.1172338998475847,23.327617459952823,24.972979793028298,26.18454320601673,27.454885583944783,29.391355721809077,0.509669436488132,0.509669436488132,26,35,35,0.1326097635122391,0.0,0.208969,,,,34,,,0.8097645859872277,,,,,,,,,,0,0,execution_model_error:KeyError,premium_exec_profit_v1_walkforward_guarded,35.0,,,,只观察不追,WATCH_ONLY,35.9277,50.0,84.22428149889687,LOW_IC,NORMAL,WATCH_ONLY,execution_model_guard,28
29,20260803,20260803,20260804,20260805,603617.SH,君禾股份,1→2,通用设备,6.81,MAIN_BOARD_10PCT,FULL,0,0,Outside TOP20,只观察不追,≤6.84,只观察不追,≤6.84,观察池：t_attack<0.55;t1_accept<0.52;t1_high_profit<0.50；若竞价弱于预期不追,观察池：t_attack<0.55;t1_accept<0.52;t1_high_profit<0.50；若竞价弱于预期不追,只观察不追,≤6.84,只观察不追,≤6.84,观察池：t_attack<0.55;t1_accept<0.52;t1_high_profit<0.50；若竞价弱于预期不追,观察池：t_attack<0.55;t1_accept<0.52;t1_high_profit<0.50；若竞价弱于预期不追,0.135021,0.135021,53.4608,53.4608,0.431254,0.431254,42.9437,42.9437,0.170752,53.4608,0.581631,42.9437,0.4435943971410806,0.7600886515032609,0.1115803539783244,0.237703470362774,0.2674346718193155,0.5185110605932925,0.1968239343842807,0.5967048448244756,0.5443273708592504,-0.0051018755897282,0.0475692817052588,-0.0282341397389232,0.0019365211978095,0.287361199874158,limitup_probability_engine:shadow_gate_failed,False,disabled_validation_not_pass:days=16;samples=480;t1_accept_auc=0.49488864549105516;t1_accept_brier=0.2700313117103626;t1_ret_spearman_ic=-0.05027410609663284,degraded,0.170752,0.135021,validated_platt_v1,0.581631,0.431254,validated_platt_v1,17.498,44.844,55.0177,86.7385,34.7735,34.7735,28,0.6096881661073221,0.0616281842988438,0.2259700090957608,0.1027136404980731,0.135021,0.135021,0.135021,0.46515,0.535972,0.170478,50.1911,52.9272,46.7388,48.6847,0.0,0.0,82.8621,18.0,0.14798,50.0,50.0,27.4846,47.6525,31.0966,0.310966,32.0158,0.320158,0,0,WATCH,t_attack<0.55;t1_accept<0.52;t1_high_profit<0.50,professional_score_rule_guarded,29,29,5524.0,0.7239319333816076,0.0118095841805789,0.0134284538963929,112.0,0.0202751629254163,175.0,0.031679942070963,2009875283.56777,0.5292723743464265,4.319,7.5164,3.38,,,265461.4953,,,10.0162,0.0422410934210107,0.0334311094337002,0.0355430391908659,-0.097560975609756,0.1545777746989634,6.0,2.0,1.0,2.0,6.0,0.0,0.0,17241081.0,17241081.0,,,,,,,,,,,,,,,,,0.0,0.4887722132471729,70399.0,6.81,5.57,1.0,0.0,2.30507794566074,0,1.0,0.688316,0.0,0.0,0.0,0,0.0,0.5,0.0,0.4887722132471729,0.4673875167689822,0.4868471626494346,0.0,0.0,0.0062347584291886,0.0062347584291886,up,high,0.935426,ehx:coldstart_v1,-0.1596520109099073,-0.0618002970766859,0.0062154027332508,0.0742311025431877,0.1720828163764109,5.805118969479211,6.401880805709892,6.852458704902774,7.334749228776202,8.088755897902024,0.5245737033705289,0.5245737033705289,30,30,30,0.0961021038071915,0.0,0.208616,,,,66,,,0.8307476470940672,,,,,,,,,,0,0,execution_model_error:KeyError,premium_exec_profit_v1_walkforward_guarded,35.0,,,,只观察不追,WATCH_ONLY,35.4976,50.0,85.60615361904036,LOW_IC,NORMAL,WATCH_ONLY,execution_model_guard,29
30,20260803,20260803,20260804,20260805,600793.SH,宜宾纸业,1→2,造纸,14.18,MAIN_BOARD_10PCT,FULL,0,0,Outside TOP20,只观察不追,≤14.25,只观察不追,≤14.25,观察池：t_attack<0.55;t1_accept<0.52;t1_high_profit<0.50；若竞价弱于预期不追,观察池：t_attack<0.55;t1_accept<0.52;t1_high_profit<0.50；若竞价弱于预期不追,只观察不追,≤14.25,只观察不追,≤14.25,观察池：t_attack<0.55;t1_accept<0.52;t1_high_profit<0.50；若竞价弱于预期不追,观察池：t_attack<0.55;t1_accept<0.52;t1_high_profit<0.50；若竞价弱于预期不追,0.147612,0.147612,47.5489,47.5489,0.425301,0.425301,46.2425,46.2425,0.309474,47.5489,0.547538,46.2425,0.5225954682034935,0.8546168108968787,0.3008032170265783,0.3009099500486754,0.4705962580434541,0.6387160384248479,0.4031870178481316,0.4559265447250093,0.4743776180978123,-0.0187056975106451,0.0611135123731191,0.0027412837452389,0.0348674040768632,0.4322984804243896,limitup_probability_engine:shadow_gate_failed,False,disabled_validation_not_pass:days=16;samples=480;t1_accept_auc=0.49488864549105516;t1_accept_brier=0.2700313117103626;t1_ret_spearman_ic=-0.05027410609663284,degraded,0.309474,0.147612,validated_platt_v1,0.547538,0.425301,validated_platt_v1,18.04,44.3976,52.0588,87.8844,34.5255,34.5255,29,0.6096881661073221,0.0616281842988438,0.2259700090957608,0.1027136404980731,0.147612,0.147612,0.147612,0.461553,0.539984,0.166229,49.9182,52.9272,45.7638,48.0323,0.0,0.0,83.6924,18.0,0.147768,50.0,50.0,27.4286,47.3834,31.0353,0.310353,31.9078,0.319078,0,0,WATCH,t_attack<0.55;t1_accept<0.52;t1_high_profit<0.50,professional_score_rule_guarded,30,30,5524.0,0.7239319333816076,0.0118095841805789,0.0134284538963929,112.0,0.0202751629254163,175.0,0.031679942070963,2009875283.56777,0.5292723743464265,8.6739,18.2291,1.37,,,250849.872,,,10.0078,0.0458426756383254,0.0371524396464559,0.0507432057649981,-0.3608673205988641,0.4415362089128264,,,0.0,,,0.0,0.0,66127012.0,66127012.0,,,,,,,,,,,,,,,,,0.0,0.463964313421257,413440.0,14.18,11.6,1.0,0.0,2.2112477734802742,0,1.0,0.684595,0.0,0.0,0.0,0,0.0,0.5,0.0,0.463964313421257,0.4576380528316525,0.4803227626842513,0.0,0.0,0.0057682999283293,0.0057682999283293,up,high,0.971772,ehx:coldstart_v1,-0.1007662126783516,-0.0379270888181585,0.0057517269875516,0.0494305427932618,0.1122696666534561,12.820767388848958,13.652264868316458,14.261794492983707,14.898537650858133,15.86478999197892,0.5353868679304475,0.5353868679304475,29,31,31,0.1174707854011078,0.0,0.189972,,,,50,,,0.8288052362441952,,,,,,,,,,0,0,execution_model_error:KeyError,premium_exec_profit_v1_walkforward_guarded,35.0,,,,只观察不追,WATCH_ONLY,35.3503,50.0,88.41732564814674,LOW_IC,NORMAL,WATCH_ONLY,execution_model_guard,30
43,20260803,20260803,20260804,20260805,603156.SH,养元饮品,1→2,饮料乳品,42.6,MAIN_BOARD_10PCT,FULL,0,0,Outside TOP20,只观察不追,≤42.81,只观察不追,≤42.81,观察池：t_attack<0.55;t1_accept<0.52;t1_high_profit<0.50；若竞价弱于预期不追,观察池：t_attack<0.55;t1_accept<0.52;t1_high_profit<0.50；若竞价弱于预期不追,只观察不追,≤42.81,只观察不追,≤42.81,观察池：t_attack<0.55;t1_accept<0.52;t1_high_profit<0.50；若竞价弱于预期不追,观察池：t_attack<0.55;t1_accept<0.52;t1_high_profit<0.50；若竞价弱于预期不追,0.134007,0.134007,28.8512,28.8512,0.401899,0.401899,32.2844,32.2844,0.161707,28.8512,0.41097,32.2844,0.4211119110992706,0.8227886537564543,0.0546829681721284,0.1491813380183275,0.3411427118643718,0.4570334072503944,0.4698370421872747,0.38149386103237,0.4834005597907307,0.0172761277936561,0.0540473457414513,-0.0138022938277932,0.0234523894709247,0.3152241574653064,limitup_probability_engine:shadow_gate_failed,False,disabled_validation_not_pass:days=16;samples=480;t1_accept_auc=0.49488864549105516;t1_accept_brier=0.2700313117103626;t1_ret_spearman_ic=-0.05027410609663284,degraded,0.161707,0.134007,validated_platt_v1,0.41097,0.401899,validated_platt_v1,14.9457,42.6424,33.1931,88.3263,28.3132,28.3132,43,0.6096881661073221,0.0616281842988438,0.2259700090957608,0.1027136404980731,0.134007,0.134007,0.134007,0.445302,0.55903,0.173184,47.7896,52.9272,43.5103,46.5242,0.0,0.0,83.5945,18.0,0.152726,50.0,50.0,24.1059,46.1492,28.6752,0.286752,28.5847,0.285847,0,0,WATCH,t_attack<0.55;t1_accept<0.52;t1_high_profit<0.50,professional_score_rule_guarded,43,43,5524.0,0.7239319333816076,0.0118095841805789,0.0134284538963929,112.0,0.0202751629254163,175.0,0.031679942070963,2009875283.56777,0.5292723743464265,1.2688,3.1359,1.28,,,5368782.576,,,9.9923,0.0422533678078372,0.0341713552318341,0.0521087125564104,-0.3085608704578115,0.38866423000488,,,0.0,,,0.0,1.0,50297820.0,50297820.0,,,,,,,,,,,,,,,,,0.0,0.4066227730441525,4141065.0,42.6,34.86,1.0,0.0,1.6606802147042663,0,1.0,0.675993,0.0,0.0,0.0,0,0.0,0.5,0.0,0.4066227730441525,0.4351026582958949,0.4652416146088304,0.0,0.0,-0.0004821225488527,-0.0004821225488527,flat,high,0.963501,ehx:coldstart_v1,-0.1159368681466385,-0.047825639408613,-0.0004822388072974,0.046861161794018,0.1149723905320448,37.93663944723181,40.61057959689904,42.57946157941888,44.6437988915491,47.79048895237619,0.4972591535187864,0.4972591535187864,42,38,38,0.1668711493843374,0.0,0.174987,,,,9,,,0.8400580149929413,,,,,,,,,,0,0,execution_model_error:KeyError,premium_exec_profit_v1_walkforward_guarded,35.0,,,,只观察不追,WATCH_ONLY,35.2936,80.0,89.44358648660715,LOW_IC,NORMAL,WATCH_ONLY,execution_model_guard,31
32,20260803,20260803,20260804,20260805,600936.SH,北投科技,1→2,IT服务Ⅱ,5.84,MAIN_BOARD_10PCT,FULL,0,0,Outside TOP20,只观察不追,≤5.87,只观察不追,≤5.87,观察池：t_attack<0.55;t1_accept<0.52;t1_high_profit<0.50；若竞价弱于预期不追,观察池：t_attack<0.55;t1_accept<0.52;t1_high_profit<0.50；若竞价弱于预期不追,只观察不追,≤5.87,只观察不追,≤5.87,观察池：t_attack<0.55;t1_accept<0.52;t1_high_profit<0.50；若竞价弱于预期不追,观察池：t_attack<0.55;t1_accept<0.52;t1_high_profit<0.50；若竞价弱于预期不追,0.137037,0.137037,49.6771,49.6771,0.429356,0.429356,42.5209,42.5209,0.189725,49.6771,0.570841,42.5209,0.5159763413583704,0.9018451559090748,0.1402321850216838,0.2192534759655063,0.1816609102875311,0.5368379814283821,0.1551342258929717,0.6360569584298945,0.5625188871362719,-0.0090899699584349,0.0441978705196803,-0.0410252622551109,0.0011283856899523,0.284814780921713,limitup_probability_engine:shadow_gate_failed,False,disabled_validation_not_pass:days=16;samples=480;t1_accept_auc=0.49488864549105516;t1_accept_brier=0.2700313117103626;t1_ret_spearman_ic=-0.05027410609663284,degraded,0.189725,0.137037,validated_platt_v1,0.570841,0.429356,validated_platt_v1,17.301,44.7017,52.1592,87.2955,34.056,34.056,31,0.6096881661073221,0.0616281842988438,0.2259700090957608,0.1027136404980731,0.137037,0.137037,0.137037,0.464736,0.536115,0.166221,50.4704,52.9272,46.1031,48.2594,0.0,0.0,83.341,18.0,0.147069,50.0,50.0,27.1271,47.5908,31.1625,0.311625,31.8859,0.318859,0,0,WATCH,t_attack<0.55;t1_accept<0.52;t1_high_profit<0.50,professional_score_rule_guarded,32,32,5524.0,0.7239319333816076,0.0118095841805789,0.0134284538963929,112.0,0.0202751629254163,175.0,0.031679942070963,2009875283.56777,0.5292723743464265,7.153,10.8946,1.4,,,975879.3008,,,9.9812,0.0403324478619322,0.0362057977995926,0.0377453963428057,-0.0546218487394957,0.1071740280260235,3.0,5.0,1.0,5.0,3.0,0.0,0.0,69335984.0,69335984.0,,,,,,,,,,,,,,,,,0.0,0.4725988700564975,4855630.0,5.84,4.78,1.0,0.0,2.4714990788040434,0,1.0,0.68589,0.0,0.0,0.0,0,0.0,0.5,0.0,0.4725988700564975,0.4610313932203391,0.4825935740112995,0.0,0.0,0.0067879789689365,0.0067879789689365,up,high,0.96409,ehx:coldstart_v1,-0.1083307353792856,-0.0404312061358115,0.0067650443675928,0.0539612948709973,0.1218608241144726,5.240411686961688,5.608591344146576,5.87964179717859,6.163791501623444,6.596845768652346,0.5385099032427813,0.5385099032427813,31,29,29,0.1195575508080941,0.0,0.19688,,,,46,,,0.8238826380219022,,,,,,,,,,0,0,execution_model_error:KeyError,premium_exec_profit_v1_walkforward_guarded,35.0,,,,只观察不追,WATCH_ONLY,34.8932,50.0,84.83395675218887,LOW_IC,NORMAL,WATCH_ONLY,execution_model_guard,32
31,20260803,20260803,20260804,20260805,603217.SH,元利科技,1→2,化学制品,21.29,MAIN_BOARD_10PCT,FULL,0,0,Outside TOP20,只观察不追,≤21.40,只观察不追,≤21.40,观察池：t_attack<0.55;t1_accept<0.52;t1_high_profit<0.50；若竞价弱于预期不追,观察池：t_attack<0.55;t1_accept<0.52;t1_high_profit<0.50；若竞价弱于预期不追,只观察不追,≤21.40,只观察不追,≤21.40,观察池：t_attack<0.55;t1_accept<0.52;t1_high_profit<0.50；若竞价弱于预期不追,观察池：t_attack<0.55;t1_accept<0.52;t1_high_profit<0.50；若竞价弱于预期不追,0.138855,0.138855,44.7093,44.7093,0.430287,0.430287,42.0809,42.0809,0.207956,44.7093,0.576143,42.0809,0.5318522377627438,0.8076537234622896,0.1672036177729113,0.2449472952012563,0.4979174831780729,0.7726035216570432,0.530854833927127,0.4679205813985775,0.3803921001468574,-0.0073168850752157,0.0365976191518918,0.003673416904714,0.0373880599665146,0.4490655286909606,limitup_probability_engine:shadow_gate_failed,False,disabled_validation_not_pass:days=16;samples=480;t1_accept_auc=0.49488864549105516;t1_accept_brier=0.2700313117103626;t1_ret_spearman_ic=-0.05027410609663284,degraded,0.207956,0.138855,validated_platt_v1,0.576143,0.430287,validated_platt_v1,16.9679,44.7715,48.5903,86.5741,32.9766,32.9766,33,0.6096881661073221,0.0616281842988438,0.2259700090957608,0.1027136404980731,0.138855,0.138855,0.138855,0.468144,0.531078,0.165117,51.9358,52.9272,46.7992,48.7252,0.0,0.0,83.0019,18.0,0.14592,50.0,50.0,26.8956,47.7588,31.526,0.31526,31.8887,0.318887,0,0,WATCH,t_attack<0.55;t1_accept<0.52;t1_high_profit<0.50,professional_score_rule_guarded,31,31,5524.0,0.7239319333816076,0.0118095841805789,0.0134284538963929,112.0,0.0202751629254163,175.0,0.031679942070963,2009875283.56777,0.5292723743464265,1.6602,4.4052,1.36,,,443018.5004,,,10.0258,0.0397179983650183,0.0354532447193306,0.0418877780129963,-0.1957623215108245,0.2605313215363308,4.0,3.0,1.0,3.0,4.0,0.0,0.0,48034498.0,48034498.0,,,,,,,,,,,,,,,,,0.0,0.4903100775193792,109088.0,21.29,17.42,1.0,0.0,2.4034498602892063,0,1.0,0.688547,0.0,0.0,0.0,0,0.0,0.5,0.0,0.4903100775193792,0.4679919679069765,0.4872517555038758,0.0,0.0,0.0104979939234693,0.0104979939234693,up,high,0.961376,ehx:coldstart_v1,-0.1076111878868311,-0.0379662164406506,0.0104432726279691,0.0588527616965889,0.1284977331427707,19.11792336329882,20.496850956457703,21.51350229063066,22.580579904307296,24.20926018029132,0.557844385837043,0.557844385837043,32,24,24,0.1274582808397446,0.0,0.211143,,,,40,,,0.8142454851646934,,,,,,,,,,0,0,execution_model_error:KeyError,premium_exec_profit_v1_walkforward_guarded,35.0,,,,只观察不追,WATCH_ONLY,34.7223,50.0,89.17727027755276,LOW_IC,NORMAL,WATCH_ONLY,execution_model_guard,33
35,20260803,20260803,20260804,20260805,002879.SZ,长缆科技,1→2,电网设备,17.88,MAIN_BOARD_10PCT,FULL,0,0,Outside TOP20,只观察不追,≤17.97,只观察不追,≤17.97,观察池：t_attack<0.55;t1_accept<0.52;t1_high_profit<0.50；若竞价弱于预期不追,观察池：t_attack<0.55;t1_accept<0.52;t1_high_profit<0.50；若竞价弱于预期不追,只观察不追,≤17.97,只观察不追,≤17.97,观察池：t_attack<0.55;t1_accept<0.52;t1_high_profit<0.50；若竞价弱于预期不追,观察池：t_attack<0.55;t1_accept<0.52;t1_high_profit<0.50；若竞价弱于预期不追,0.135389,0.135389,46.5912,46.5912,0.433155,0.433155,41.7044,41.7044,0.174117,46.5912,0.592344,41.7044,0.5558616162260508,0.6666817343147843,0.0963969219417636,0.2300293852515088,0.4821334989387008,0.7319331775235561,0.4414371995392265,0.4668926562549114,0.6011038883152571,-0.0129789082744885,0.0395795738124042,-0.0194696953183922,0.0151356369859232,0.4124680131230093,limitup_probability_engine:shadow_gate_failed,False,disabled_validation_not_pass:days=16;samples=480;t1_accept_auc=0.49488864549105516;t1_accept_brier=0.2700313117103626;t1_ret_spearman_ic=-0.05027410609663284,degraded,0.174117,0.135389,validated_platt_v1,0.592344,0.433155,validated_platt_v1,16.8441,44.9866,49.1312,87.7302,33.1554,33.1554,32,0.6096881661073221,0.0616281842988438,0.2259700090957608,0.1027136404980731,0.135389,0.135389,0.135389,0.461801,0.541661,0.1695,48.0297,52.9272,48.9878,50.1898,0.0,0.0,83.8365,18.0,0.148789,50.0,50.0,26.8701,47.7158,30.5186,0.305186,31.1778,0.311778,0,0,WATCH,t_attack<0.55;t1_accept<0.52;t1_high_profit<0.50,professional_score_rule_guarded,35,35,5524.0,0.7239319333816076,0.0118095841805789,0.0134284538963929,112.0,0.0202751629254163,175.0,0.031679942070963,2009875283.56777,0.5292723743464265,18.3915,21.0158,0.58,,,345276.4603,,,10.0308,0.0683210050494442,0.0764494546450536,0.06265294443295,-0.1873111782477341,0.274968761549734,8.0,1.0,1.0,1.0,8.0,0.0,0.0,84690408.0,84690408.0,,,,,,,,,,,,,,,,,0.0,0.546,5583682.0,17.88,14.63,1.0,0.0,2.5205499550642934,0,1.0,0.6969,0.0,0.0,0.0,0,0.0,0.5,0.0,0.546,0.489878,0.501898,0.0,0.0,-0.0004665451335811,-0.0004665451335811,flat,high,0.953324,ehx:coldstart_v1,-0.1240630972374621,-0.0511486921178897,-0.0004666539996239,0.0502153841186418,0.1231297892382156,15.7938349761873,16.988456391748088,17.871658173011568,18.80077615574971,20.222837982955497,0.4975224435996325,0.4975224435996325,33,37,37,0.131853057840057,0.0,0.270073,,,,35,,,0.8363674715490568,,,,,,,,,,0,0,execution_model_error:KeyError,premium_exec_profit_v1_walkforward_guarded,35.0,,,,只观察不追,WATCH_ONLY,34.635,50.0,86.98557127302375,LOW_IC,NORMAL,WATCH_ONLY,execution_model_guard,34
40,20260803,20260803,20260804,20260805,601858.SH,中国科传,1→2,出版,21.76,MAIN_BOARD_10PCT,FULL,0,0,Outside TOP20,只观察不追,≤21.87,只观察不追,≤21.87,观察池：t_attack<0.55;t1_accept<0.52;t1_high_profit<0.50；若竞价弱于预期不追,观察池：t_attack<0.55;t1_accept<0.52;t1_high_profit<0.50；若竞价弱于预期不追,只观察不追,≤21.87,只观察不追,≤21.87,观察池：t_attack<0.55;t1_accept<0.52;t1_high_profit<0.50；若竞价弱于预期不追,观察池：t_attack<0.55;t1_accept<0.52;t1_high_profit<0.50；若竞价弱于预期不追,0.133549,0.133549,41.0703,41.0703,0.405533,0.405533,35.6953,35.6953,0.157734,41.0703,0.431971,35.6953,0.5854415763465386,0.6922167097154106,0.1668609746258427,0.1562399920184676,0.6273969809547681,0.6463106576823844,0.6646553032957521,0.2862753961070433,0.3166142248931615,0.0125331042858305,0.0368519676326632,0.0323677099632409,0.0494150030179125,0.4716629879663353,limitup_probability_engine:shadow_gate_failed,False,disabled_validation_not_pass:days=16;samples=480;t1_accept_auc=0.49488864549105516;t1_accept_brier=0.2700313117103626;t1_ret_spearman_ic=-0.05027410609663284,degraded,0.157734,0.133549,validated_platt_v1,0.431971,0.405533,validated_platt_v1,16.1264,42.915,42.8775,88.1769,31.2229,31.2229,37,0.6096881661073221,0.0616281842988438,0.2259700090957608,0.1027136404980731,0.133549,0.133549,0.133549,0.445382,0.55986,0.174296,46.8984,52.9272,38.1815,42.9581,0.0,0.0,82.8203,18.0,0.15312,50.0,50.0,24.659,45.9401,28.4728,0.284728,29.1603,0.291603,0,0,WATCH,t_attack<0.55;t1_accept<0.52;t1_high_profit<0.50,professional_score_rule_guarded,40,40,5524.0,0.7239319333816076,0.0118095841805789,0.0134284538963929,112.0,0.0202751629254163,175.0,0.031679942070963,2009875283.56777,0.5292723743464265,3.7437,20.414,1.58,,,1720128.0,,,10.0101,0.0497677707160535,0.0422186048736157,0.0438593600850948,-0.0904710920770878,0.1531452553683904,,,0.0,,,0.0,1.0,38984672.0,38984672.0,,,,,,,,,,,,,,,,,0.0,0.2710313447927198,5956576.0,21.76,17.8,1.0,0.0,1.6245395022514972,0,1.0,0.655655,0.0,0.0,0.0,0,0.0,0.5,0.0,0.2710313447927198,0.3818153841253791,0.4295813689585439,0.0,0.0,-0.0028725476028915,-0.0028725476028915,down,high,0.957747,ehx:coldstart_v1,-0.1229390919562729,-0.0521095517047449,-0.0028766812857888,0.0463561891331673,0.1171857293846965,19.242749299846693,20.6551332134944,21.69749336416108,22.792456161950263,24.465382308523107,0.4842815542940044,0.4842815542940044,38,41,41,0.1264074474417499,0.0,0.171358,,,,41,,,0.8408581395610716,,,,,,,,,,0,0,execution_model_error:KeyError,premium_exec_profit_v1_walkforward_guarded,35.0,,,,只观察不追,WATCH_ONLY,34.0358,50.0,92.53972680946273,LOW_IC,NORMAL,WATCH_ONLY,execution_model_guard,35
36,20260803,20260803,20260804,20260805,605056.SH,咸亨国际,1→2,通用设备,14.81,MAIN_BOARD_10PCT,FULL,0,0,Outside TOP20,只观察不追,≤14.88,只观察不追,≤14.88,观察池：t_attack<0.55;t1_accept<0.52;t1_high_profit<0.50；若竞价弱于预期不追,观察池：t_attack<0.55;t1_accept<0.52;t1_high_profit<0.50；若竞价弱于预期不追,只观察不追,≤14.88,只观察不追,≤14.88,观察池：t_attack<0.55;t1_accept<0.52;t1_high_profit<0.50；若竞价弱于预期不追,观察池：t_attack<0.55;t1_accept<0.52;t1_high_profit<0.50；若竞价弱于预期不追,0.131941,0.131941,44.168,44.168,0.429752,0.429752,39.3258,39.3258,0.144326,44.168,0.573097,39.3258,0.5739942643359884,0.7524284994636908,0.1484961011909587,0.293706680530164,0.4059036442391022,0.5768018208494875,0.3127032798625555,0.6161684554869575,0.4955284798906382,-0.0215504169105403,0.0504044082259992,-0.0076495658633471,0.0184966117715294,0.3771607557645904,limitup_probability_engine:shadow_gate_failed,False,disabled_validation_not_pass:days=16;samples=480;t1_accept_auc=0.49488864549105516;t1_accept_brier=0.2700313117103626;t1_ret_spearman_ic=-0.05027410609663284,degraded,0.144326,0.131941,validated_platt_v1,0.573097,0.429752,validated_platt_v1,16.2915,44.7314,46.5008,86.6039,32.0926,32.0926,35,0.6096881661073221,0.0616281842988438,0.2259700090957608,0.1027136404980731,0.131941,0.131941,0.131941,0.466149,0.534029,0.165693,51.0755,52.9272,41.5849,45.2357,0.0,0.0,82.408,18.0,0.146578,50.0,50.0,25.6814,47.3959,30.7375,0.307375,31.0763,0.310763,0,0,WATCH,t_attack<0.55;t1_accept<0.52;t1_high_profit<0.50,professional_score_rule_guarded,36,36,5524.0,0.7239319333816076,0.0118095841805789,0.0134284538963929,112.0,0.0202751629254163,175.0,0.031679942070963,2009875283.56777,0.5292723743464265,1.9231,5.1821,1.36,,,606311.3292,,,10.0297,0.0465848236135701,0.0418068013566183,0.0378490691489025,-0.1853055916775033,0.2373942597364923,6.0,2.0,1.0,2.0,6.0,0.0,0.0,44336682.0,44336682.0,,,,,,,,,,,,,,,,,0.0,0.3576302938589917,21568.0,14.81,12.11,1.0,0.0,2.3916369055962026,0,1.0,0.668645,0.0,0.0,0.0,0,0.0,0.5,0.0,0.3576302938589917,0.415848805789237,0.4523569587717984,0.0,0.0,0.0085307957975597,0.0085307957975597,up,high,0.963439,ehx:coldstart_v1,-0.1068236092996414,-0.0387928517423248,0.0084946141854317,0.0557820801131883,0.1238128376705061,13.309512684208444,14.246478830085398,14.93634108576186,15.65960878410827,16.76201753764557,0.5482193613945361,0.5482193613945361,35,27,27,0.119169577638362,0.0,0.216067,,,,47,,,0.8135922681418096,,,,,,,,,,0,0,execution_model_error:KeyError,premium_exec_profit_v1_walkforward_guarded,35.0,,,,只观察不追,WATCH_ONLY,33.8957,50.0,85.80218836878926,LOW_IC,NORMAL,WATCH_ONLY,execution_model_guard,36
33,20260803,20260803,20260804,20260805,601700.SH,风范股份,1→2,电网设备,5.38,MAIN_BOARD_10PCT,FULL,0,0,Outside TOP20,只观察不追,≤5.41,只观察不追,≤5.41,观察池：t_attack<0.55;t1_accept<0.52;t1_high_profit<0.50；若竞价弱于预期不追,观察池：t_attack<0.55;t1_accept<0.52;t1_high_profit<0.50；若竞价弱于预期不追,只观察不追,≤5.41,只观察不追,≤5.41,观察池：t_attack<0.55;t1_accept<0.52;t1_high_profit<0.50；若竞价弱于预期不追,观察池：t_attack<0.55;t1_accept<0.52;t1_high_profit<0.50；若竞价弱于预期不追,0.13096,0.13096,44.4203,44.4203,0.434064,0.434064,39.6999,39.6999,0.13656,44.4203,0.597436,39.6999,0.4241138151745846,0.6801856484694132,0.1674233316057215,0.2495086250264331,0.2275182384919005,0.5865836023870796,0.1471038633233047,0.6383951350752582,0.7159706050418891,-0.024683800739028,0.034913660638191,-0.0736969623876755,-0.0267938691966017,0.2897930968124025,limitup_probability_engine:shadow_gate_failed,False,disabled_validation_not_pass:days=16;samples=480;t1_accept_auc=0.49488864549105516;t1_accept_brier=0.2700313117103626;t1_ret_spearman_ic=-0.05027410609663284,degraded,0.13656,0.13096,validated_platt_v1,0.597436,0.434064,validated_platt_v1,16.2284,45.0548,47.2404,86.7401,32.2552,32.2552,34,0.6096881661073221,0.0616281842988438,0.2259700090957608,0.1027136404980731,0.13096,0.13096,0.13096,0.469538,0.529908,0.164985,51.6652,52.9272,48.5905,49.9239,0.0,0.0,83.297,18.0,0.14568,50.0,50.0,26.6092,47.991,31.5207,0.315207,31.7043,0.317043,0,0,WATCH,t_attack<0.55;t1_accept<0.52;t1_high_profit<0.50,professional_score_rule_guarded,33,33,5524.0,0.7239319333816076,0.0118095841805789,0.0134284538963929,112.0,0.0202751629254163,175.0,0.031679942070963,2009875283.56777,0.5292723743464265,3.1574,6.4073,1.34,,,612651.4274,,,10.0204,0.0432695432017576,0.044831303503207,0.0362823991883924,-0.0355555555555555,0.0804095235602404,8.0,1.0,1.0,1.0,8.0,0.0,0.0,33144566.0,33144566.0,,,,,,,,,,,,,,,,,0.0,0.5358895705521473,1196848.0,5.38,4.4,1.0,0.0,2.355882839080496,0,1.0,0.695383,0.0,0.0,0.0,0,0.0,0.5,0.0,0.5358895705521473,0.485904505398773,0.4992387741104294,0.0,0.0,0.0100632495606697,0.0100632495606697,up,high,0.959917,ehx:coldstart_v1,-0.1096213199432863,-0.0390443554435965,0.0100129522198051,0.0590702598832067,0.1296472243828979,4.821413075223812,5.173989315526456,5.4341402826364025,5.707371780370011,6.124735663724664,0.5547486929384758,0.5547486929384758,34,25,25,0.1146494873970233,0.0,0.226205,,,,53,,,0.8175844720931579,,,,,,,,,,0,0,execution_model_error:KeyError,premium_exec_profit_v1_walkforward_guarded,35.0,,,,只观察不追,WATCH_ONLY,33.7487,50.0,83.26436692345224,LOW_IC,NORMAL,WATCH_ONLY,execution_model_guard,37
37,20260803,20260803,20260804,20260805,605488.SH,福莱新材,1→2,塑料,26.98,MAIN_BOARD_10PCT,FULL,0,0,Outside TOP20,只观察不追,≤27.11,只观察不追,≤27.11,观察池：t_attack<0.55;t1_accept<0.52;t1_high_profit<0.50；若竞价弱于预期不追,观察池：t_attack<0.55;t1_accept<0.52;t1_high_profit<0.50；若竞价弱于预期不追,只观察不追,≤27.11,只观察不追,≤27.11,观察池：t_attack<0.55;t1_accept<0.52;t1_high_profit<0.50；若竞价弱于预期不追,观察池：t_attack<0.55;t1_accept<0.52;t1_high_profit<0.50；若竞价弱于预期不追,0.136856,0.136856,39.4479,39.4479,0.413717,0.413717,37.9271,37.9271,0.187969,39.4479,0.479835,37.9271,0.5866580049437289,0.8347744828897513,0.072733862327467,0.1562842534083741,0.4412344435994608,0.750949593477634,0.6493795873584417,0.5882557969430736,0.4951431940671135,0.0038582525766105,0.0508167539725513,0.0107987450909995,0.0469958522331971,0.4404776993166368,limitup_probability_engine:shadow_gate_failed,False,disabled_validation_not_pass:days=16;samples=480;t1_accept_auc=0.49488864549105516;t1_accept_brier=0.2700313117103626;t1_ret_spearman_ic=-0.05027410609663284,degraded,0.187969,0.136856,validated_platt_v1,0.479835,0.413717,validated_platt_v1,16.2618,43.5288,43.0805,90.8191,31.6605,31.6605,36,0.6096881661073221,0.0616281842988438,0.2259700090957608,0.1027136404980731,0.136856,0.136856,0.136856,0.452513,0.550956,0.17417,48.3663,52.9272,56.3658,55.1272,0.0,0.0,86.3279,18.0,0.15149,50.0,50.0,27.157,47.4167,30.5464,0.305464,30.8249,0.308249,0,0,WATCH,t_attack<0.55;t1_accept<0.52;t1_high_profit<0.50,professional_score_rule_guarded,37,37,5524.0,0.7239319333816076,0.0118095841805789,0.0134284538963929,112.0,0.0202751629254163,175.0,0.031679942070963,2009875283.56777,0.5292723743464265,4.4154,9.884,2.33,,,809368.4334,,,9.9878,0.0570722141188105,0.0444208798884453,0.047329921570894,-0.2829888712241653,0.3582593844091363,3.0,7.0,1.0,7.0,3.0,0.0,4.0,31364250.0,31364250.0,,,,,,,,,,,,,,,,,0.0,0.7337342030167135,4436663.0,26.98,22.08,1.0,0.0,1.5501954840992769,0,1.0,0.72506,0.0,0.0,0.0,0,0.0,0.5,0.0,0.7337342030167135,0.5636575130860169,0.5512720406033427,0.0,0.0,0.0008721095711529,0.0008721095711529,flat,high,0.940778,ehx:coldstart_v1,-0.1406266283197021,-0.0571511793838563,0.000871729504558,0.0588946383929723,0.1423700873288196,23.44059204916257,25.48129545375744,27.003529516229708,28.616700734748697,31.108028534626577,0.504042595006287,0.504042595006287,36,36,36,0.144287663923232,0.0,0.182464,,,,25,,,0.8906445677899218,,,,,,,,,,0,0,execution_model_error:KeyError,premium_exec_profit_v1_walkforward_guarded,35.0,,,,只观察不追,WATCH_ONLY,33.549,50.0,86.22473110518276,LOW_IC,NORMAL,WATCH_ONLY,execution_model_guard,38
41,20260803,20260803,20260804,20260805,600396.SH,华电辽能,1→2,电力,15.51,MAIN_BOARD_10PCT,FULL,0,0,Outside TOP20,只观察不追,≤15.59,只观察不追,≤15.59,观察池：t_attack<0.55;t1_accept<0.52;t1_high_profit<0.50；若竞价弱于预期不追,观察池：t_attack<0.55;t1_accept<0.52;t1_high_profit<0.50；若竞价弱于预期不追,只观察不追,≤15.59,只观察不追,≤15.59,观察池：t_attack<0.55;t1_accept<0.52;t1_high_profit<0.50；若竞价弱于预期不追,观察池：t_attack<0.55;t1_accept<0.52;t1_high_profit<0.50；若竞价弱于预期不追,0.124862,0.124862,42.3215,42.3215,0.418489,0.418489,35.0756,35.0756,0.095031,42.3215,0.507838,35.0756,0.5034994717746426,0.5891059304933832,0.0541971406881123,0.0974461380406744,0.4641890605193534,0.2542921643668674,0.2971982200649629,0.6557942528207746,0.453541437303784,-0.0227184512086351,-0.0010346193180937,-0.0102785758869454,0.0038191812324053,0.2760037878268673,limitup_probability_engine:shadow_gate_failed,False,disabled_validation_not_pass:days=16;samples=480;t1_accept_auc=0.49488864549105516;t1_accept_brier=0.2700313117103626;t1_ret_spearman_ic=-0.05027410609663284,degraded,0.095031,0.124862,validated_platt_v1,0.507838,0.418489,validated_platt_v1,15.4697,43.8867,42.4517,84.3886,30.397,30.397,39,0.6096881661073221,0.0616281842988438,0.2259700090957608,0.1027136404980731,0.124862,0.124862,0.124862,0.447457,0.560044,0.1742,44.6159,52.9272,50.0648,50.9105,0.0,0.0,82.1623,18.0,0.153132,50.0,50.0,25.6463,46.8161,28.5521,0.285521,29.0133,0.290133,0,0,WATCH,t_attack<0.55;t1_accept<0.52;t1_high_profit<0.50,professional_score_rule_guarded,41,41,5524.0,0.7239319333816076,0.0118095841805789,0.0134284538963929,112.0,0.0202751629254163,175.0,0.031679942070963,2009875283.56777,0.5292723743464265,15.6203,34.0271,0.79,,,2284168.2468,,,10.0,0.0705706062543972,0.0756044839078581,0.0672111653923014,-0.1495778045838358,0.2502136060238414,4.0,4.0,1.0,4.0,4.0,0.0,0.0,313030575.0,313030575.0,,,,,,,,,,,,,,,,,0.0,0.5734042553191488,13113607.0,15.51,12.69,1.0,0.0,3.25,0,1.0,0.701011,0.0,0.0,0.0,0,0.0,0.5,0.0,0.5734042553191488,0.5006479519148935,0.5091054710638298,0.0,0.0,-0.0112341442822558,-0.0112341442822558,down,high,0.958755,ehx:coldstart_v1,-0.1285418688651809,-0.0593749344486693,-0.0112977239047099,0.0367794866392493,0.1059464210557622,13.639133286122007,14.615900957409655,15.335758422182211,16.091070066009397,17.24343339490913,0.4370317290647634,0.4370317290647634,40,48,48,0.1180723308614518,0.0,0.227397,,,,49,,,0.7820340537763373,,,,,,,,,,0,0,execution_model_error:KeyError,premium_exec_profit_v1_walkforward_guarded,35.0,,,,只观察不追,WATCH_ONLY,33.3327,50.0,85.62767183465054,LOW_IC,NORMAL,WATCH_ONLY,execution_model_guard,39
42,20260803,20260803,20260804,20260805,002902.SZ,铭普光磁,1→2,通信设备,22.88,MAIN_BOARD_10PCT,FULL,0,0,Outside TOP20,只观察不追,≤22.99,只观察不追,≤22.99,观察池：t_attack<0.55;t1_accept<0.52;t1_high_profit<0.50；若竞价弱于预期不追,观察池：t_attack<0.55;t1_accept<0.52;t1_high_profit<0.50；若竞价弱于预期不追,只观察不追,≤22.99,只观察不追,≤22.99,观察池：t_attack<0.55;t1_accept<0.52;t1_high_profit<0.50；若竞价弱于预期不追,观察池：t_attack<0.55;t1_accept<0.52;t1_high_profit<0.50；若竞价弱于预期不追,0.121958,0.121958,41.5932,41.5932,0.412226,0.412226,33.6308,33.6308,0.079088,41.5932,0.471081,33.6308,0.6027203084221793,0.6268435139799026,0.1733574051674433,0.1863224263894347,0.4483572384776583,0.3763942850240909,0.4978542676689855,0.5748391962086675,0.3091262139652526,0.0149890543251565,0.0522564467679782,0.0352986746291497,0.0523475542306602,0.3845416434924836,limitup_probability_engine:shadow_gate_failed,False,disabled_validation_not_pass:days=16;samples=480;t1_accept_auc=0.49488864549105516;t1_accept_brier=0.2700313117103626;t1_ret_spearman_ic=-0.05027410609663284,degraded,0.079088,0.121958,validated_platt_v1,0.471081,0.412226,validated_platt_v1,15.1355,43.417,41.4265,87.8319,30.2864,30.2864,40,0.6096881661073221,0.0616281842988438,0.2259700090957608,0.1027136404980731,0.121958,0.121958,0.121958,0.444727,0.562632,0.175806,44.8556,52.9272,45.215,47.665,0.0,0.0,83.4374,18.0,0.153951,50.0,50.0,24.7835,46.415,28.2464,0.282464,28.7564,0.287564,0,0,WATCH,t_attack<0.55;t1_accept<0.52;t1_high_profit<0.50,professional_score_rule_guarded,42,42,5524.0,0.7239319333816076,0.0118095841805789,0.0134284538963929,112.0,0.0202751629254163,175.0,0.031679942070963,2009875283.56777,0.5292723743464265,11.459,13.9884,1.71,,,537700.592,,,10.0,0.0608928057224707,0.0462756536907901,0.0508414560312567,-0.2760758570386579,0.3547281429088358,3.0,9.0,1.0,9.0,3.0,0.0,0.0,47698782.0,47698782.0,,,,,,,,,,,,,,,,,0.0,0.45,8191040.0,22.88,18.72,1.0,0.0,2.4023773899722096,0,1.0,0.6825,0.0,0.0,0.0,0,0.0,0.5,0.0,0.45,0.45215,0.47665,0.0,0.0,-0.011223671942718,-0.011223671942718,down,high,0.953223,ehx:coldstart_v1,-0.1369418528665346,-0.0628131891606792,-0.0112871326367978,0.0402389238870834,0.1143675875929402,19.95183888241222,21.487040315136024,22.62320238595061,23.8194408671142,25.652236328293927,0.441269419263999,0.441269419263999,41,47,47,0.1085472632812498,0.0,0.181835,,,,57,,,0.8379860788632584,,,,,,,,,,0,0,execution_model_error:KeyError,premium_exec_profit_v1_walkforward_guarded,35.0,,,,只观察不追,WATCH_ONLY,33.3082,50.0,88.28614991721746,LOW_IC,NORMAL,WATCH_ONLY,execution_model_guard,40
39,20260803,20260803,20260804,20260805,002366.SZ,融发核电,1→2,其他电源,6.31,MAIN_BOARD_10PCT,FULL,0,0,Outside TOP20,只观察不追,≤6.34,只观察不追,≤6.34,观察池：t_attack<0.55;t1_accept<0.52;t1_high_profit<0.50；若竞价弱于预期不追,观察池：t_attack<0.55;t1_accept<0.52;t1_high_profit<0.50；若竞价弱于预期不追,只观察不追,≤6.34,只观察不追,≤6.34,观察池：t_attack<0.55;t1_accept<0.52;t1_high_profit<0.50；若竞价弱于预期不追,观察池：t_attack<0.55;t1_accept<0.52;t1_high_profit<0.50；若竞价弱于预期不追,0.134485,0.134485,39.0369,39.0369,0.415012,0.415012,36.7804,36.7804,0.165934,39.0369,0.48744,36.7804,0.3896363842335276,0.764670188615357,0.1051096085255056,0.1552191939067216,0.1953876227236504,0.4569969829411958,0.164367532173151,0.7537659659250171,0.7052808315965361,-0.0132143655529678,0.0253886264115386,-0.0387691136564167,0.0360987191093567,0.2380967009494101,limitup_probability_engine:shadow_gate_failed,False,disabled_validation_not_pass:days=16;samples=480;t1_accept_auc=0.49488864549105516;t1_accept_brier=0.2700313117103626;t1_ret_spearman_ic=-0.05027410609663284,degraded,0.165934,0.134485,validated_platt_v1,0.48744,0.415012,validated_platt_v1,16.0073,43.6259,42.2457,86.8261,30.9125,30.9125,38,0.6096881661073221,0.0616281842988438,0.2259700090957608,0.1027136404980731,0.134485,0.134485,0.134485,0.454264,0.548582,0.168636,48.9101,52.9272,50.9662,51.5138,0.0,0.0,83.7429,18.0,0.149845,50.0,50.0,26.3135,47.13,30.2077,0.302077,30.3839,0.303839,0,0,WATCH,t_attack<0.55;t1_accept<0.52;t1_high_profit<0.50,professional_score_rule_guarded,39,39,5524.0,0.7239319333816076,0.0118095841805789,0.0134284538963929,112.0,0.0202751629254163,175.0,0.031679942070963,2009875283.56777,0.5292723743464265,6.0011,8.618,1.25,,,1313071.6508,,,9.9303,0.0414284528937177,0.039667778311222,0.0379699219515975,-0.0879120879120878,0.1431659389797859,,,0.0,,,0.0,0.0,101785234.0,101785234.0,,,,,,,,,,,,,,,,,0.0,0.5963414634146342,30262008.0,6.31,5.17,1.0,0.0,2.325160677994474,0,1.0,0.704451,0.0,0.0,0.0,0,0.0,0.5,0.0,0.5963414634146342,0.5096621468292684,0.5151377126829269,0.0,0.0,0.001775422555333,0.001775422555333,flat,high,0.972925,ehx:coldstart_v1,-0.10422322360051,-0.0416913800972987,0.0017738483556789,0.0452390768086567,0.1077709203118691,5.685462355689845,6.052335898527013,6.321202916324151,6.602013995797826,7.028031109792959,0.5109800698174266,0.5109800698174266,37,34,34,0.1290859855870202,0.0,0.175146,,,,37,,,0.8119033359522161,,,,,,,,,,0,0,execution_model_error:KeyError,premium_exec_profit_v1_walkforward_guarded,35.0,,,,只观察不追,WATCH_ONLY,32.7996,50.0,81.64070219515938,LOW_IC,NORMAL,WATCH_ONLY,execution_model_guard,41
34,20260803,20260803,20260804,20260805,000595.SZ,新能股份,2→3,电力,5.96,MAIN_BOARD_10PCT,FULL,0,0,Outside TOP20,只观察不追,≤5.99,只观察不追,≤5.99,观察池：t_attack<0.55;t1_accept<0.52;t1_high_profit<0.50；若竞价弱于预期不追,观察池：t_attack<0.55;t1_accept<0.52;t1_high_profit<0.50；若竞价弱于预期不追,只观察不追,≤5.99,只观察不追,≤5.99,观察池：t_attack<0.55;t1_accept<0.52;t1_high_profit<0.50；若竞价弱于预期不追,观察池：t_attack<0.55;t1_accept<0.52;t1_high_profit<0.50；若竞价弱于预期不追,0.132641,0.132641,33.2961,33.2961,0.414429,0.414429,35.1926,35.1926,0.150066,33.2961,0.484015,35.1926,0.2830861711436322,0.8158675249714089,0.1151303346247256,0.1346953858829689,0.2313019095313701,0.4438431338887183,0.1631451505283008,0.7175792913501733,0.5691894875042787,0.0015579436016363,0.049378610497286,-0.0482447958641387,0.0013075064224656,0.220379568964052,limitup_probability_engine:shadow_gate_failed,False,disabled_validation_not_pass:days=16;samples=480;t1_accept_auc=0.49488864549105516;t1_accept_brier=0.2700313117103626;t1_ret_spearman_ic=-0.05027410609663284,degraded,0.150066,0.132641,validated_platt_v1,0.484015,0.414429,validated_platt_v1,15.2673,43.5822,37.6247,93.5022,30.1002,30.1002,41,0.6096881661073221,0.0616281842988438,0.2259700090957608,0.1027136404980731,0.132641,0.132641,0.132641,0.44938,0.555999,0.171808,46.6175,52.9272,69.9991,82.53,0.056343,0.0,92.969,18.0,0.154019,50.0,50.0,28.564,50.2597,32.025,0.32025,31.5438,0.315438,0,0,WATCH,t_attack<0.55;t1_accept<0.52;t1_high_profit<0.50,professional_score_rule_guarded,34,34,5524.0,0.7239319333816076,0.0118095841805789,0.0134284538963929,112.0,0.0202751629254163,175.0,0.031679942070963,2009875283.56777,0.5292723743464265,4.9737,9.4592,0.91,,,678639.2144,,,9.9631,0.0806720378218017,0.0757558073338564,0.0655449544399135,-0.2400000000000001,0.3342030217783262,4.0,4.0,1.0,4.0,4.0,0.0,2.0,64944332.0,64944332.0,09:44:00,15:00:00,1.0,,1.1745,0.0,,0.006448,0.0,31.0,,,,,,,0.0,0.6271217712177125,8887266.0,5.96,4.88,1.0,0.0,1.7908029455269665,1,1.0,0.781632,1.0,0.084094,0.084094,0,0.0,0.57953,0.0,0.6271217712177125,0.6999912776383764,0.8253003942435424,0.05634298,0.0,-0.0034471604235907,-0.0034471604235907,down,high,0.966612,ehx:coldstart_v1,-0.1133126286123468,-0.0485021791340279,-0.003453115570587,0.0415959479928537,0.1064063974711738,5.321514016668261,5.677825369506828,5.939454923875399,6.213140154363689,6.629151907192451,0.4793833868715461,0.4793833868715461,39,42,42,0.1539525155128975,0.0,0.236496,,,,18,,,0.91801152124762,,,,,,,,,,0,0,execution_model_error:KeyError,premium_exec_profit_v1_walkforward_guarded,35.0,,,,只观察不追,WATCH_ONLY,32.2917,50.0,81.85412575470461,LOW_IC,NORMAL,WATCH_ONLY,execution_model_guard,42
47,20260803,20260803,20260804,20260805,603610.SH,麒盛科技,1→2,家居用品,14.5,MAIN_BOARD_10PCT,FULL,0,0,Outside TOP20,只观察不追,≤14.57,只观察不追,≤14.57,观察池：t_attack<0.55;t1_accept<0.52;t1_high_profit<0.50；若竞价弱于预期不追,观察池：t_attack<0.55;t1_accept<0.52;t1_high_profit<0.50；若竞价弱于预期不追,只观察不追,≤14.57,只观察不追,≤14.57,观察池：t_attack<0.55;t1_accept<0.52;t1_high_profit<0.50；若竞价弱于预期不追,观察池：t_attack<0.55;t1_accept<0.52;t1_high_profit<0.50；若竞价弱于预期不追,0.126557,0.126557,32.8397,32.8397,0.404917,0.404917,31.3112,31.3112,0.105442,32.8397,0.428396,31.3112,0.5477548733373786,0.6252400546885691,0.0595548734503145,0.0902800446025632,0.4637644052465096,0.3073387829240571,0.3339512478663821,0.6208826521909409,0.3785030806788161,-0.0272876625226711,0.0089097733355298,-0.0081366031994252,0.0064688293527952,0.2985052574753506,limitup_probability_engine:shadow_gate_failed,False,disabled_validation_not_pass:days=16;samples=480;t1_accept_auc=0.49488864549105516;t1_accept_brier=0.2700313117103626;t1_ret_spearman_ic=-0.05027410609663284,degraded,0.105442,0.126557,validated_platt_v1,0.428396,0.404917,validated_platt_v1,14.6741,42.8688,34.9979,86.5051,28.3823,28.3823,42,0.6096881661073221,0.0616281842988438,0.2259700090957608,0.1027136404980731,0.126557,0.126557,0.126557,0.441958,0.565006,0.174565,45.344,52.9272,43.7837,46.7072,0.0,0.0,82.6424,18.0,0.154105,50.0,50.0,23.945,46.0472,27.8689,0.278689,27.9972,0.279972,0,0,WATCH,t_attack<0.55;t1_accept<0.52;t1_high_profit<0.50,professional_score_rule_guarded,47,47,5524.0,0.7239319333816076,0.0118095841805789,0.0134284538963929,112.0,0.0202751629254163,175.0,0.031679942070963,2009875283.56777,0.5292723743464265,3.2937,7.5916,1.15,,,511837.82,,,10.0152,0.0518194456416784,0.0564772910818619,0.061709699125386,-0.2172824045084533,0.3134375779676588,,,0.0,,,0.0,0.0,70871302.0,70871302.0,,,,,,,,,,,,,,,,,0.0,0.4135811836115327,597360.0,14.5,11.86,1.0,0.0,2.226403769024799,0,1.0,0.677037,0.0,0.0,0.0,0,0.0,0.5,0.0,0.4135811836115327,0.4378373661001518,0.4670717767223065,0.0,0.0,-0.0110808102485295,-0.0110808102485295,down,high,0.966246,ehx:coldstart_v1,-0.1219178148665167,-0.0565671920973084,-0.0111426597458492,0.0342818726056099,0.0996324953748193,12.8357062041683,13.702543291624742,14.33932825139632,15.005705898916542,16.0190901404802,0.4342938533242905,0.4342938533242905,43,45,45,0.1371652716977766,0.0,0.185961,,,,30,,,0.8105612621292971,,,,,,,,,,0,0,execution_model_error:KeyError,premium_exec_profit_v1_walkforward_guarded,35.0,,,,只观察不追,WATCH_ONLY,31.9362,50.0,86.90172941034773,LOW_IC,NORMAL,WATCH_ONLY,execution_model_guard,43
50,20260803,20260803,20260804,20260805,603036.SH,如通股份,1→2,专用设备,12.76,MAIN_BOARD_10PCT,FULL,0,0,Outside TOP20,只观察不追,≤12.82,只观察不追,≤12.82,观察池：t_attack<0.55;t1_accept<0.52;t1_high_profit<0.50；若竞价弱于预期不追,观察池：t_attack<0.55;t1_accept<0.52;t1_high_profit<0.50；若竞价弱于预期不追,只观察不追,≤12.82,只观察不追,≤12.82,观察池：t_attack<0.55;t1_accept<0.52;t1_high_profit<0.50；若竞价弱于预期不追,观察池：t_attack<0.55;t1_accept<0.52;t1_high_profit<0.50；若竞价弱于预期不追,0.114897,0.114897,33.7405,33.7405,0.401645,0.401645,28.8351,28.8351,0.049192,33.7405,0.409509,28.8351,0.5814423972795422,0.6049538735589413,0.0604811892536118,0.0909978709527033,0.398143482142118,0.3406821415666319,0.3758039355805816,0.6203884824919248,0.4221482096822859,-0.0123700957720745,0.0365630922855004,-0.0028989770927768,0.0119528511874576,0.3087022793637415,limitup_probability_engine:shadow_gate_failed,False,disabled_validation_not_pass:days=16;samples=480;t1_accept_auc=0.49488864549105516;t1_accept_brier=0.2700313117103626;t1_ret_spearman_ic=-0.05027410609663284,degraded,0.049192,0.114897,validated_platt_v1,0.409509,0.401645,validated_platt_v1,13.7148,42.6234,34.3619,86.6101,27.6493,27.6493,45,0.6096881661073221,0.0616281842988438,0.2259700090957608,0.1027136404980731,0.114897,0.114897,0.114897,0.438285,0.56984,0.179906,44.346,52.9272,46.6379,48.6172,0.0,0.0,82.8209,18.0,0.15615,50.0,50.0,23.6474,45.9781,27.3691,0.273691,27.4392,0.274392,0,0,WATCH,t_attack<0.55;t1_accept<0.52;t1_high_profit<0.50,professional_score_rule_guarded,50,50,5524.0,0.7239319333816076,0.0118095841805789,0.0134284538963929,112.0,0.0202751629254163,175.0,0.031679942070963,2009875283.56777,0.5292723743464265,4.3072,5.5554,2.36,,,262863.656,,,10.0,0.0473959617705114,0.0351123990911404,0.03612461434218,-0.1543624161073825,0.2094179129120931,,,0.0,,,0.0,0.0,36332211.0,36332211.0,,,,,,,,,,,,,,,,,0.0,0.4862068965517244,75855.0,12.76,10.44,1.0,0.0,2.116066013679335,0,1.0,0.687931,0.0,0.0,0.0,0,0.0,0.5,0.0,0.4862068965517244,0.4663793027586208,0.4861723993103448,0.0,0.0,-0.0116577944897912,-0.0116577944897912,down,high,0.940308,ehx:coldstart_v1,-0.1530264039275814,-0.0696679005847401,-0.0117262793512506,0.0462153418822388,0.1295738452250816,10.949446138113665,11.901296899516565,12.611246542310262,13.363546905328697,14.525258843670818,0.4457114847439238,0.4457114847439238,45,49,49,0.1043401371906059,0.0,0.159013,,,,61,,,0.8261432448773097,,,,,,,,,,0,0,execution_model_error:KeyError,premium_exec_profit_v1_walkforward_guarded,35.0,,,,只观察不追,WATCH_ONLY,31.5959,50.0,86.47269066579827,LOW_IC,NORMAL,WATCH_ONLY,execution_model_guard,44
49,20260803,20260803,20260804,20260805,603222.SH,济民健康,1→2,医疗器械,7.88,MAIN_BOARD_10PCT,FULL,0,0,Outside TOP20,只观察不追,≤7.92,只观察不追,≤7.92,观察池：t_attack<0.55;t1_accept<0.52;t1_high_profit<0.50；若竞价弱于预期不追,观察池：t_attack<0.55;t1_accept<0.52;t1_high_profit<0.50；若竞价弱于预期不追,只观察不追,≤7.92,只观察不追,≤7.92,观察池：t_attack<0.55;t1_accept<0.52;t1_high_profit<0.50；若竞价弱于预期不追,观察池：t_attack<0.55;t1_accept<0.52;t1_high_profit<0.50；若竞价弱于预期不追,0.117542,0.117542,28.5506,28.5506,0.409031,0.409031,28.6702,28.6702,0.059039,28.5506,0.45236,28.6702,0.542538010082273,0.6932686576728442,0.072558642265045,0.1051175255262407,0.4146426514823922,0.3234271169011991,0.4007745986480481,0.545615754990728,0.4792218303079087,-0.016783037183283,0.0304247791702429,-0.0064304619592754,0.0262325646066092,0.3110208888100282,limitup_probability_engine:shadow_gate_failed,False,disabled_validation_not_pass:days=16;samples=480;t1_accept_auc=0.49488864549105516;t1_accept_brier=0.2700313117103626;t1_ret_spearman_ic=-0.05027410609663284,degraded,0.059039,0.117542,validated_platt_v1,0.45236,0.409031,validated_platt_v1,13.4338,43.1773,30.6598,82.8396,26.2883,26.2883,47,0.6096881661073221,0.0616281842988438,0.2259700090957608,0.1027136404980731,0.117542,0.117542,0.117542,0.444556,0.562058,0.173172,45.589,52.9272,49.8256,50.7505,0.0,0.0,81.3693,18.0,0.153268,50.0,50.0,23.7464,46.454,27.9571,0.279571,27.5399,0.275399,0,0,WATCH,t_attack<0.55;t1_accept<0.52;t1_high_profit<0.50,professional_score_rule_guarded,49,49,5524.0,0.7239319333816076,0.0118095841805789,0.0134284538963929,112.0,0.0202751629254163,175.0,0.031679942070963,2009875283.56777,0.5292723743464265,2.8445,4.5402,0.74,,,413771.3928,,,10.0559,0.0574772657304654,0.0494336573236139,0.0548592266626713,-0.308300395256917,0.3882893412028062,,,0.0,,,0.0,0.0,49923818.0,49923818.0,,,,,,,,,,,,,,,,,0.0,0.5673184357541896,422670.0,7.88,6.44,1.0,0.0,2.1594854368459053,0,1.0,0.700098,0.0,0.0,0.0,0,0.0,0.5,0.0,0.5673184357541896,0.4982561968715082,0.5075048471508379,0.0,0.0,-0.0109976306347323,-0.0109976306347323,down,high,0.969635,ehx:coldstart_v1,-0.1196675415511183,-0.0555948248753887,-0.0110585516441272,0.0334777215871343,0.097550438262865,6.991256957450829,7.453867900915413,7.793338670598309,8.148269924019445,8.687440327867572,0.4334966799776987,0.4334966799776987,46,44,44,0.1381720304256064,0.0,0.183796,,,,28,,,0.7523449111037065,,,,,,,,,,0,0,execution_model_error:KeyError,premium_exec_profit_v1_walkforward_guarded,35.0,,,,只观察不追,WATCH_ONLY,31.0592,50.0,87.02354537205998,LOW_IC,NORMAL,WATCH_ONLY,execution_model_guard,45
38,20260803,20260803,20260804,20260805,000593.SZ,德龙汇能,2→3,燃气Ⅱ,18.61,MAIN_BOARD_10PCT,FULL,0,0,Outside TOP20,只观察不追,≤18.70,只观察不追,≤18.70,观察池：t_attack<0.55;t1_accept<0.52;t1_high_profit<0.50；若竞价弱于预期不追,观察池：t_attack<0.55;t1_accept<0.52;t1_high_profit<0.50；若竞价弱于预期不追,只观察不追,≤18.70,只观察不追,≤18.70,观察池：t_attack<0.55;t1_accept<0.52;t1_high_profit<0.50；若竞价弱于预期不追,观察池：t_attack<0.55;t1_accept<0.52;t1_high_profit<0.50；若竞价弱于预期不追,0.115976,0.115976,22.4144,22.4144,0.411892,0.411892,27.5291,27.5291,0.053029,22.4144,0.469122,27.5291,0.5677888368926675,0.7432107549810154,0.0499584096251202,0.1185320867941524,0.6223898445202184,0.6139624873177729,0.4913501244178237,0.2970526450054235,0.560884981266866,-0.0014856841010982,0.0464121145949235,-0.004022676472548,0.0241374916703202,0.4015189896011497,limitup_probability_engine:shadow_gate_failed,False,disabled_validation_not_pass:days=16;samples=480;t1_accept_auc=0.49488864549105516;t1_accept_brier=0.2700313117103626;t1_ret_spearman_ic=-0.05027410609663284,degraded,0.053029,0.115976,validated_platt_v1,0.469122,0.411892,validated_platt_v1,12.6793,43.3919,25.8016,85.3063,24.9971,24.9971,51,0.6096881661073221,0.0616281842988438,0.2259700090957608,0.1027136404980731,0.115976,0.115976,0.115976,0.44917,0.555658,0.173071,47.1628,52.9272,87.076,93.336,0.0469,0.0,90.2963,18.0,0.152536,50.0,50.0,28.6474,50.8212,32.2366,0.322366,30.4267,0.304267,0,0,WATCH,t_attack<0.55;t1_accept<0.52;t1_high_profit<0.50,professional_score_rule_guarded,38,38,5524.0,0.7239319333816076,0.0118095841805789,0.0134284538963929,112.0,0.0202751629254163,175.0,0.031679942070963,2009875283.56777,0.5292723743464265,1.1603,1.966,0.25,,,667412.291,,,9.9882,0.0711807078308986,0.0616536516386862,0.0657121690177058,-0.414095238095238,0.5157909196971734,,,0.0,,,0.0,0.0,110003616.0,110003616.0,09:30:00,15:00:00,1.0,,0.0,0.0,,0.016372,0.0,31.0,,,,,,,0.0,1.0,32865260.0,18.61,15.23,1.0,0.0,2.351414924883935,1,1.0,0.858,1.0,0.07,0.07,0,0.0,0.65,0.0,1.0,0.8707600000000001,0.93336,0.0469,0.0,-0.0025238514362291,-0.0025238514362291,down,high,0.957507,ehx:coldstart_v1,-0.1276509525362031,-0.0538354341885713,-0.002527041718261,0.0487813507520492,0.1225968690996824,16.379787711547543,17.634613317671946,18.563031124771776,19.540327782176547,21.03727658792044,0.4867495828563182,0.4867495828563182,48,40,40,0.1304571135991971,0.0,0.186964,,,,36,,,0.796823398276414,,,,,,,,,,0,0,execution_model_error:KeyError,premium_exec_profit_v1_walkforward_guarded,35.0,,,,只观察不追,WATCH_ONLY,30.9939,50.0,88.52836051224999,LOW_IC,NORMAL,WATCH_ONLY,execution_model_guard,46
44,20260803,20260803,20260804,20260805,603011.SH,合锻智能,1→2,专用设备,18.6,MAIN_BOARD_10PCT,FULL,0,0,Outside TOP20,只观察不追,≤18.69,只观察不追,≤18.69,观察池：t_attack<0.55;t1_accept<0.52;t1_high_profit<0.50；若竞价弱于预期不追,观察池：t_attack<0.55;t1_accept<0.52;t1_high_profit<0.50；若竞价弱于预期不追,只观察不追,≤18.69,只观察不追,≤18.69,观察池：t_attack<0.55;t1_accept<0.52;t1_high_profit<0.50；若竞价弱于预期不追,观察池：t_attack<0.55;t1_accept<0.52;t1_high_profit<0.50；若竞价弱于预期不追,0.117118,0.117118,27.3678,27.3678,0.411663,0.411663,28.9509,28.9509,0.057359,27.3678,0.46778,28.9509,0.5753294050801712,0.6995458441478486,0.0745934832702396,0.1320113802505045,0.4556212227596048,0.323294462721802,0.3339740705333815,0.5782441734028105,0.4458190542941785,-0.003395492890335,0.0400831909875076,-0.0043348804697395,0.0224177897129244,0.3139509508172279,limitup_probability_engine:shadow_gate_failed,False,disabled_validation_not_pass:days=16;samples=480;t1_accept_auc=0.49488864549105516;t1_accept_brier=0.2700313117103626;t1_ret_spearman_ic=-0.05027410609663284,degraded,0.057359,0.117118,validated_platt_v1,0.46778,0.411663,validated_platt_v1,13.2774,43.3747,31.1266,85.8655,26.6214,26.6214,46,0.6096881661073221,0.0616281842988438,0.2259700090957608,0.1027136404980731,0.117118,0.117118,0.117118,0.446969,0.559009,0.172924,46.121,52.9272,57.765,56.0636,0.0,0.0,83.9632,18.0,0.152665,50.0,50.0,24.6659,47.1049,28.8869,0.288869,28.3205,0.283205,0,0,WATCH,t_attack<0.55;t1_accept<0.52;t1_high_profit<0.50,professional_score_rule_guarded,44,44,5524.0,0.7239319333816076,0.0118095841805789,0.0134284538963929,112.0,0.0202751629254163,175.0,0.031679942070963,2009875283.56777,0.5292723743464265,4.6477,6.6418,0.58,,,919610.784,,,9.9941,0.0572423706336898,0.0463140165629109,0.0525230542663778,-0.3822538375140397,0.4702640937863873,,,0.0,,,0.0,0.0,129503541.0,129503541.0,,,,,,,,,,,,,,,,,0.0,0.7693376700177399,13450112.0,18.6,15.22,1.0,0.0,2.413708919647865,0,1.0,0.730401,0.0,0.0,0.0,0,0.0,0.5,0.0,0.7693376700177399,0.5776497812063863,0.5606359540035479,0.0,0.0,-0.0069790137945212,-0.0069790137945212,down,high,0.96519,ehx:coldstart_v1,-0.1217308864531035,-0.0540486757095809,-0.0070034810157971,0.0400417136779866,0.1077239244215105,16.468190871128158,17.621379426910327,18.470190343421905,19.35988795526728,20.715568212190984,0.4600096841487808,0.4600096841487808,44,43,43,0.1263544648158146,0.0,0.180307,,,,42,,,0.8012903023508158,,,,,,,,,,0,0,execution_model_error:KeyError,premium_exec_profit_v1_walkforward_guarded,35.0,,,,只观察不追,WATCH_ONLY,30.9913,50.0,86.86814685601605,LOW_IC,NORMAL,WATCH_ONLY,execution_model_guard,47
46,20260803,20260803,20260804,20260805,000608.SZ,阳光股份,1→2,房地产开发,6.71,MAIN_BOARD_10PCT,FULL,0,0,Outside TOP20,只观察不追,≤6.74,只观察不追,≤6.74,观察池：t_attack<0.55;t1_accept<0.52;t1_high_profit<0.50；若竞价弱于预期不追,观察池：t_attack<0.55;t1_accept<0.52;t1_high_profit<0.50；若竞价弱于预期不追,只观察不追,≤6.74,只观察不追,≤6.74,观察池：t_attack<0.55;t1_accept<0.52;t1_high_profit<0.50；若竞价弱于预期不追,观察池：t_attack<0.55;t1_accept<0.52;t1_high_profit<0.50；若竞价弱于预期不追,0.115113,0.115113,27.9688,27.9688,0.399483,0.399483,27.2547,27.2547,0.049942,27.9688,0.397147,27.2547,0.4184927284406268,0.5703642107402951,0.0637666576988646,0.0686802955936016,0.2913729380904726,0.2796033561941574,0.2059794683047957,0.6687735835137437,0.4418678490342769,-0.0181226611226727,0.0287702783318392,-0.0335178449709057,-0.003791293648741,0.218928111660892,limitup_probability_engine:shadow_gate_failed,False,disabled_validation_not_pass:days=16;samples=480;t1_accept_auc=0.49488864549105516;t1_accept_brier=0.2700313117103626;t1_ret_spearman_ic=-0.05027410609663284,degraded,0.049942,0.115113,validated_platt_v1,0.397147,0.399483,validated_platt_v1,13.157,42.4612,28.546,88.4451,26.1736,26.1736,48,0.6096881661073221,0.0616281842988438,0.2259700090957608,0.1027136404980731,0.115113,0.115113,0.115113,0.434823,0.574638,0.176894,43.1691,52.9272,73.2017,83.9672,0.052891,0.0,90.4558,18.0,0.165872,50.0,50.0,26.3844,48.654,28.6828,0.286828,28.0555,0.280555,0,0,WATCH,t_attack<0.55;t1_accept<0.52;t1_high_profit<0.50,professional_score_rule_guarded,46,46,5524.0,0.7239319333816076,0.0118095841805789,0.0134284538963929,112.0,0.0202751629254163,175.0,0.031679942070963,2009875283.56777,0.5292723743464265,4.543,4.9134,1.15,,,503191.8914,,,10.0,0.0717801549697592,0.0596751738909773,0.0512297579807357,-0.1632047477744808,0.2353502468292491,,,0.0,,,0.0,0.0,17550005.0,17550005.0,10:59:00,15:00:00,1.0,,0.7452,0.0,,0.008366,0.0,31.0,,,,,,,0.0,0.6959016393442619,3188970.0,6.71,5.49,1.0,0.0,2.056064826894306,1,1.0,0.78187,1.0,0.078942,0.078942,0,0.0,0.605291,0.0,0.6959016393442619,0.7320174701639343,0.8396715278688524,0.05289114,0.0,-0.0146894883301985,-0.0146894883301985,down,high,0.96998,ehx:coldstart_v1,-0.1227981933216078,-0.0590848935355132,-0.0147984472139132,0.0294879991076867,0.0932012988937824,5.934606698210362,6.325025444479349,6.611433533304368,6.910810675624024,7.365450751518717,0.4108407658077513,0.4108407658077513,49,53,53,0.1289443132381695,0.0,0.176966,,,,38,,,0.8383970091407724,,,,,,,,,,0,0,execution_model_error:KeyError,premium_exec_profit_v1_walkforward_guarded,35.0,,,,只观察不追,WATCH_ONLY,30.8797,50.0,83.96298775695108,LOW_IC,NORMAL,WATCH_ONLY,execution_model_guard,48
59,20260803,20260803,20260804,20260805,002695.SZ,煌上煌,1→2,休闲食品,10.71,MAIN_BOARD_10PCT,FULL,0,0,Outside TOP20,只观察不追,≤10.76,只观察不追,≤10.76,观察池：t_attack<0.55;t1_accept<0.52;t1_high_profit<0.50；若竞价弱于预期不追,观察池：t_attack<0.55;t1_accept<0.52;t1_high_profit<0.50；若竞价弱于预期不追,只观察不追,≤10.76,只观察不追,≤10.76,观察池：t_attack<0.55;t1_accept<0.52;t1_high_profit<0.50；若竞价弱于预期不追,观察池：t_attack<0.55;t1_accept<0.52;t1_high_profit<0.50；若竞价弱于预期不追,0.101481,0.101481,30.302,30.302,0.386852,0.386852,24.717,24.717,0.017909,30.302,0.327511,24.717,0.6334401050586239,0.5843370070143759,0.0819574758535674,0.0764523305578117,0.50234297346334,0.4069087412057249,0.4047007052335377,0.4648043640698438,0.4367452847688071,-0.0094577664630649,0.0423968323116489,-0.0015003589995671,0.014941920016629,0.3492393185538209,limitup_probability_engine:shadow_gate_failed,False,disabled_validation_not_pass:days=16;samples=480;t1_accept_auc=0.49488864549105516;t1_accept_brier=0.2700313117103626;t1_ret_spearman_ic=-0.05027410609663284,degraded,0.017909,0.101481,validated_platt_v1,0.327511,0.386852,validated_platt_v1,12.1635,41.5139,25.24,87.229,24.6375,24.6375,54,0.6096881661073221,0.0616281842988438,0.2259700090957608,0.1027136404980731,0.101481,0.101481,0.101481,0.426184,0.584713,0.181269,42.0863,52.9272,48.1201,49.6091,0.0,0.0,83.5201,18.0,0.159128,50.0,50.0,22.4895,45.3008,26.105,0.26105,25.7381,0.257381,0,0,WATCH,t_attack<0.55;t1_accept<0.52;t1_high_profit<0.50,professional_score_rule_guarded,59,59,5524.0,0.7239319333816076,0.0118095841805789,0.0134284538963929,112.0,0.0202751629254163,175.0,0.031679942070963,2009875283.56777,0.5292723743464265,3.8711,9.3373,1.49,,,599316.3918,,,9.9589,0.0386352391343126,0.05101262605643,0.0522616814854716,-0.2695570216776625,0.358773182221161,,,0.0,,,0.0,0.0,38917998.0,38917998.0,,,,,,,,,,,,,,,,,0.0,0.5239219712525659,1080656.0,10.71,8.77,1.0,0.0,2.1243265070832136,0,1.0,0.693588,0.0,0.0,0.0,0,0.0,0.5,0.0,0.5239219712525659,0.4812012696509237,0.4960913542505132,0.0,0.0,-0.016429454063303,-0.016429454063303,down,high,0.960963,ehx:coldstart_v1,-0.1343462359801854,-0.0648629897912691,-0.0165659142524574,0.0317311612863542,0.1012144074752717,9.363617009471394,10.03736766040484,10.534040546982023,11.055289992335078,11.850763453184625,0.4085213648656702,0.4085213648656702,57,57,57,0.1013650510181447,0.0,0.13893,,,,63,,,0.8245425385094153,,,,,,,,,,0,0,execution_model_error:KeyError,premium_exec_profit_v1_walkforward_guarded,35.0,,,,只观察不追,WATCH_ONLY,30.7314,50.0,88.66048169126427,LOW_IC,NORMAL,WATCH_ONLY,execution_model_guard,49
53,20260803,20260803,20260804,20260805,603192.SH,汇得科技,1→2,化学制品,21.88,MAIN_BOARD_10PCT,FULL,0,0,Outside TOP20,只观察不追,≤21.99,只观察不追,≤21.99,观察池：t_attack<0.55;t1_accept<0.52;t1_high_profit<0.50；若竞价弱于预期不追,观察池：t_attack<0.55;t1_accept<0.52;t1_high_profit<0.50；若竞价弱于预期不追,只观察不追,≤21.99,只观察不追,≤21.99,观察池：t_attack<0.55;t1_accept<0.52;t1_high_profit<0.50；若竞价弱于预期不追,观察池：t_attack<0.55;t1_accept<0.52;t1_high_profit<0.50；若竞价弱于预期不追,0.096557,0.096557,30.9751,30.9751,0.40404,0.40404,26.992,26.992,0.011915,30.9751,0.423316,26.992,0.597872725191499,0.6726695040603504,0.1649578098115843,0.1625603781329703,0.4609243762522489,0.3795808753844605,0.4985542622803139,0.5595012425300462,0.2956736424574694,0.0109018306000567,0.036082197574479,0.0329134008064188,0.0482349942205142,0.3807007444870324,limitup_probability_engine:shadow_gate_failed,False,disabled_validation_not_pass:days=16;samples=480;t1_accept_auc=0.49488864549105516;t1_accept_brier=0.2700313117103626;t1_ret_spearman_ic=-0.05027410609663284,degraded,0.011915,0.096557,validated_platt_v1,0.423316,0.40404,validated_platt_v1,11.7876,42.803,29.7615,86.6846,25.4536,25.4536,49,0.6096881661073221,0.0616281842988438,0.2259700090957608,0.1027136404980731,0.096557,0.096557,0.096557,0.438376,0.570328,0.176127,43.7777,52.9272,44.148,46.951,0.0,0.0,82.7877,18.0,0.155407,50.0,50.0,21.8919,45.9135,26.7773,0.267773,26.4464,0.264464,0,0,WATCH,t_attack<0.55;t1_accept<0.52;t1_high_profit<0.50,professional_score_rule_guarded,53,53,5524.0,0.7239319333816076,0.0118095841805789,0.0134284538963929,112.0,0.0202751629254163,175.0,0.031679942070963,2009875283.56777,0.5292723743464265,2.5403,8.4504,1.2,,,365819.1592,,,10.005,0.0514070985416981,0.0508334722253843,0.0475369843649227,-0.1160550458715596,0.1786275462692844,4.0,3.0,1.0,3.0,4.0,0.0,0.0,53244980.0,53244980.0,,,,,,,,,,,,,,,,,0.0,0.4228506787330318,116820.0,21.88,17.9,1.0,0.0,2.4200951416646763,0,1.0,0.678428,0.0,0.0,0.0,0,0.0,0.5,0.0,0.4228506787330318,0.4414804043438914,0.4695098957466064,0.0,0.0,-0.0128973422062528,-0.0128973422062528,down,high,0.966477,ehx:coldstart_v1,-0.1242863025207438,-0.058623063596214,-0.0129812350345696,0.0326605935270748,0.0983238324516058,19.32281795501329,20.63420042478016,21.597806152527188,22.60641173388772,24.140641995807748,0.4239356429850585,0.4239356429850585,50,51,51,0.0909750332348039,0.0,0.183054,,,,68,,,0.8131979050079469,,,,,,,,,,0,0,execution_model_error:KeyError,premium_exec_profit_v1_walkforward_guarded,35.0,,,,只观察不追,WATCH_ONLY,30.6737,50.0,88.65074493747461,LOW_IC,NORMAL,WATCH_ONLY,execution_model_guard,50
54,20260803,20260803,20260804,20260805,600962.SH,国投中鲁,1→2,农产品加,26.77,MAIN_BOARD_10PCT,FULL,0,0,Outside TOP20,只观察不追,≤26.90,只观察不追,≤26.90,观察池：t_attack<0.55;t1_accept<0.52;t1_high_profit<0.50；若竞价弱于预期不追,观察池：t_attack<0.55;t1_accept<0.52;t1_high_profit<0.50；若竞价弱于预期不追,只观察不追,≤26.90,只观察不追,≤26.90,观察池：t_attack<0.55;t1_accept<0.52;t1_high_profit<0.50；若竞价弱于预期不追,观察池：t_attack<0.55;t1_accept<0.52;t1_high_profit<0.50；若竞价弱于预期不追,0.106406,0.106406,29.5562,29.5562,0.392491,0.392491,25.5917,25.5917,0.026384,29.5562,0.357974,25.5917,0.7376485497596047,0.6718841958364055,0.1154230447694627,0.1350315651996141,0.4373314922807007,0.3920921835451232,0.5091589191404198,0.6632452683499883,0.4054120768759528,0.0140620989566446,0.0609525196726154,0.0255374023999303,0.0476962409435762,0.3931090358908697,limitup_probability_engine:shadow_gate_failed,False,disabled_validation_not_pass:days=16;samples=480;t1_accept_auc=0.49488864549105516;t1_accept_brier=0.2700313117103626;t1_ret_spearman_ic=-0.05027410609663284,degraded,0.026384,0.106406,validated_platt_v1,0.357974,0.392491,validated_platt_v1,12.5322,41.9368,27.7337,86.7913,25.4068,25.4068,50,0.6096881661073221,0.0616281842988438,0.2259700090957608,0.1027136404980731,0.106406,0.106406,0.106406,0.430698,0.579197,0.178821,42.8982,52.9272,50.0589,50.9066,0.0,0.0,83.5568,18.0,0.157596,50.0,50.0,23.015,45.6876,26.7172,0.267172,26.3896,0.263896,0,0,WATCH,t_attack<0.55;t1_accept<0.52;t1_high_profit<0.50,professional_score_rule_guarded,54,54,5524.0,0.7239319333816076,0.0118095841805789,0.0134284538963929,112.0,0.0202751629254163,175.0,0.031679942070963,2009875283.56777,0.5292723743464265,4.5434,8.196,1.31,,,701936.17,,,9.9836,0.0488438431613815,0.054367700139919,0.0556688183223204,-0.2163742690058478,0.297974562027104,,,0.0,,,0.0,0.0,52766347.0,52766347.0,,,,,,,,,,,,,,,,,0.0,0.573253903040263,7941348.0,26.77,21.91,1.0,0.0,2.168566112112212,0,1.0,0.700988,0.0,0.0,0.0,0,0.0,0.5,0.0,0.573253903040263,0.5005887650944947,0.5090657406080527,0.0,0.0,-0.0151276583458654,-0.0151276583458654,down,high,0.966252,ehx:coldstart_v1,-0.127735206521019,-0.0613717742219387,-0.0152432485907518,0.0308852770404351,0.0972487093395166,23.55991264505024,25.176476423757705,26.365032586081185,27.60969929092935,29.50413924438561,0.4118120119917726,0.4118120119917726,52,54,54,0.1081044052552599,0.0,0.154025,,,,58,,,0.8149612505233885,,,,,,,,,,0,0,execution_model_error:KeyError,premium_exec_profit_v1_walkforward_guarded,35.0,,,,只观察不追,WATCH_ONLY,30.5715,50.0,85.99720020599064,LOW_IC,NORMAL,WATCH_ONLY,execution_model_guard,51
56,20260803,20260803,20260804,20260805,002075.SZ,沙钢股份,1→2,特钢Ⅱ,4.11,MAIN_BOARD_10PCT,FULL,0,0,Outside TOP20,只观察不追,≤4.13,只观察不追,≤4.13,观察池：t_attack<0.55;t1_accept<0.52;t1_high_profit<0.50；若竞价弱于预期不追,观察池：t_attack<0.55;t1_accept<0.52;t1_high_profit<0.50；若竞价弱于预期不追,只观察不追,≤4.13,只观察不追,≤4.13,观察池：t_attack<0.55;t1_accept<0.52;t1_high_profit<0.50；若竞价弱于预期不追,观察池：t_attack<0.55;t1_accept<0.52;t1_high_profit<0.50；若竞价弱于预期不追,0.103171,0.103171,29.8797,29.8797,0.389365,0.389365,25.0355,25.0355,0.0205,29.8797,0.340946,25.0355,0.4380683267701,0.6604070395718843,0.1403021071330641,0.1051753372756627,0.5157633797388478,0.2965262446785452,0.287855724367108,0.6248293073563854,0.4269580992658665,-0.0146572734485285,0.0285532249199538,-0.0076442999791005,0.0424176311916987,0.2922264243585322,limitup_probability_engine:shadow_gate_failed,False,disabled_validation_not_pass:days=16;samples=480;t1_accept_auc=0.49488864549105516;t1_accept_brier=0.2700313117103626;t1_ret_spearman_ic=-0.05027410609663284,degraded,0.0205,0.103171,validated_platt_v1,0.340946,0.389365,validated_platt_v1,12.2734,41.7024,26.1631,86.966,24.8976,24.8976,52,0.6096881661073221,0.0616281842988438,0.2259700090957608,0.1027136404980731,0.103171,0.103171,0.103171,0.430263,0.579051,0.181762,43.4816,52.9272,46.476,48.5089,0.0,0.0,83.0506,18.0,0.158217,50.0,50.0,22.4406,45.412,26.4524,0.264524,26.0637,0.260637,0,0,WATCH,t_attack<0.55;t1_accept<0.52;t1_high_profit<0.50,professional_score_rule_guarded,56,56,5524.0,0.7239319333816076,0.0118095841805789,0.0134284538963929,112.0,0.0202751629254163,175.0,0.031679942070963,2009875283.56777,0.5292723743464265,3.2075,4.3817,2.15,,,901662.2394,,,9.893,0.0334973208185059,0.0323406135150974,0.0279814081003033,-0.036827195467422,0.0766729901658205,,,0.0,,,0.0,0.0,14756955.0,14756955.0,,,,,,,,,,,,,,,,,0.0,0.482085561497325,174088.0,4.11,3.37,1.0,0.0,2.0471422160598847,0,1.0,0.687313,0.0,0.0,0.0,0,0.0,0.5,0.0,0.482085561497325,0.464759662139037,0.485088572299465,0.0,0.0,-0.0136807677612019,-0.0136807677612019,down,high,0.946352,ehx:coldstart_v1,-0.1486269996983651,-0.0690726239088746,-0.0137752118319914,0.0415222002448917,0.1210765760343836,3.5423701209653724,3.83569408190852,4.05377204450146,4.284248805526476,4.639003612728984,0.4332825773929267,0.4332825773929267,55,52,52,0.1133224012450311,0.0,0.136692,,,,54,,,0.8283642108787291,,,,,,,,,,0,0,execution_model_error:KeyError,premium_exec_profit_v1_walkforward_guarded,35.0,,,,只观察不追,WATCH_ONLY,30.4719,50.0,86.35797939699556,LOW_IC,NORMAL,WATCH_ONLY,execution_model_guard,52
52,20260803,20260803,20260804,20260805,001229.SZ,魅视科技,1→2,计算机设,34.98,MAIN_BOARD_10PCT,FULL,0,0,Outside TOP20,只观察不追,≤35.09,只观察不追,≤35.09,观察池：t_attack<0.55;t1_accept<0.52;t1_high_profit<0.50；若竞价弱于预期不追,观察池：t_attack<0.55;t1_accept<0.52;t1_high_profit<0.50；若竞价弱于预期不追,只观察不追,≤35.09,只观察不追,≤35.09,观察池：t_attack<0.55;t1_accept<0.52;t1_high_profit<0.50；若竞价弱于预期不追,观察池：t_attack<0.55;t1_accept<0.52;t1_high_profit<0.50；若竞价弱于预期不追,0.094513,0.094513,27.8588,27.8588,0.397842,0.397842,25.3522,25.3522,0.01,27.8588,0.387834,25.3522,0.7382359003255738,0.568656673497509,0.176451494948015,0.1340131505626662,0.6516813543463876,0.4059599801207644,0.5641774058378265,0.5180237473478712,0.311836589570997,0.0243793650730428,0.0533790489120537,0.0434437024914405,0.0622311933296747,0.4469911032322392,limitup_probability_engine:shadow_gate_failed,False,disabled_validation_not_pass:days=16;samples=480;t1_accept_auc=0.49488864549105516;t1_accept_brier=0.2700313117103626;t1_ret_spearman_ic=-0.05027410609663284,degraded,0.01,0.094513,validated_platt_v1,0.387834,0.397842,validated_platt_v1,11.2921,42.3382,26.127,87.8181,24.4179,24.4179,56,0.6096881661073221,0.0616281842988438,0.2259700090957608,0.1027136404980731,0.094513,0.094513,0.094513,0.427535,0.585505,0.182945,39.9454,52.9272,76.9386,87.7935,0.065747,0.0,90.637,18.0,0.171473,50.0,50.0,25.3847,48.6123,27.1816,0.271816,26.4907,0.264907,0,0,WATCH,t_attack<0.55;t1_accept<0.52;t1_high_profit<0.50,professional_score_rule_guarded,52,52,5524.0,0.7239319333816076,0.0118095841805789,0.0134284538963929,112.0,0.0202751629254163,175.0,0.031679942070963,2009875283.56777,0.5292723743464265,3.1293,4.1234,0.33,,,501725.4858,,,10.0,0.0690525030213408,0.0648014284639173,0.0684509214344316,-0.3378889823380993,0.4389089039100948,3.0,8.0,1.0,8.0,3.0,0.0,0.0,81416649.0,81416649.0,09:33:00,15:00:00,1.0,,2.3442,0.0,,0.012427,0.0,31.0,,,,,,,0.0,0.8650943396226414,4600200.0,34.98,28.62,1.0,0.0,2.5100916827373814,1,1.0,0.796975,1.0,0.09813,0.0981304,0,0.0,0.509348,0.0,0.8650943396226414,0.7693859022641508,0.8779353679245282,0.0657472,0.0,-0.0261268342981585,-0.0261268342981585,down,high,0.951378,ehx:coldstart_v1,-0.154641147652945,-0.0790304244033622,-0.026474203837608,0.0260820167281461,0.1016927399777303,29.96815512183527,32.32193316659757,34.06608333625041,35.90435101424102,38.72437356101384,0.3670180803151862,0.3670180803151862,53,63,63,0.1118066751142439,0.0,0.175051,,,,55,,,0.8387671506580925,,,,,,,,,,0,0,execution_model_error:KeyError,premium_exec_profit_v1_walkforward_guarded,35.0,,,,只观察不追,WATCH_ONLY,30.4448,50.0,87.13886789407196,LOW_IC,NORMAL,WATCH_ONLY,execution_model_guard,53
57,20260803,20260803,20260804,20260805,002681.SZ,奋达科技,1→2,消费电子,4.76,MAIN_BOARD_10PCT,FULL,0,0,Outside TOP20,只观察不追,≤4.78,只观察不追,≤4.78,观察池：t_attack<0.55;t1_accept<0.52;t1_high_profit<0.50；若竞价弱于预期不追,观察池：t_attack<0.55;t1_accept<0.52;t1_high_profit<0.50；若竞价弱于预期不追,只观察不追,≤4.78,只观察不追,≤4.78,观察池：t_attack<0.55;t1_accept<0.52;t1_high_profit<0.50；若竞价弱于预期不追,观察池：t_attack<0.55;t1_accept<0.52;t1_high_profit<0.50；若竞价弱于预期不追,0.106736,0.106736,29.1354,29.1354,0.388144,0.388144,24.9555,24.9555,0.027061,29.1354,0.334386,24.9555,0.6447248946650332,0.7758852132122362,0.1771654287557771,0.1353264731519127,0.4933731709149903,0.2595779651974422,0.2539094628221147,0.6455987109878986,0.4956067460071071,0.0054231288773839,0.036936815955962,-0.0104294197634517,0.0549311695615724,0.3257875455402154,limitup_probability_engine:shadow_gate_failed,False,disabled_validation_not_pass:days=16;samples=480;t1_accept_auc=0.49488864549105516;t1_accept_brier=0.2700313117103626;t1_ret_spearman_ic=-0.05027410609663284,degraded,0.027061,0.106736,validated_platt_v1,0.334386,0.388144,validated_platt_v1,12.5198,41.6108,25.1283,87.1202,24.8242,24.8242,53,0.6096881661073221,0.0616281842988438,0.2259700090957608,0.1027136404980731,0.106736,0.106736,0.106736,0.427444,0.5831,0.181242,42.3851,52.9272,49.027,50.2161,0.0,0.0,83.5429,18.0,0.158831,50.0,50.0,22.813,45.4206,26.3357,0.263357,25.9578,0.259578,0,0,WATCH,t_attack<0.55;t1_accept<0.52;t1_high_profit<0.50,professional_score_rule_guarded,57,57,5524.0,0.7239319333816076,0.0118095841805789,0.0134284538963929,112.0,0.0202751629254163,175.0,0.031679942070963,2009875283.56777,0.5292723743464265,4.3022,4.6029,1.51,,,854254.4472,,,9.9307,0.0448617320965672,0.0462625546379413,0.0453149663884703,-0.1807228915662651,0.2455790120362236,,,0.0,,,0.0,0.0,43527772.0,43527772.0,,,,,,,,,,,,,,,,,0.0,0.5469976905311785,773080.0,4.76,3.9,1.0,0.0,2.1390527810262623,0,1.0,0.69705,0.0,0.0,0.0,0,0.0,0.5,0.0,0.5469976905311785,0.4902701685912243,0.5021605381062357,0.0,0.0,-0.0156092921052699,-0.0156092921052699,down,high,0.95792,ehx:coldstart_v1,-0.1367829859646888,-0.0653704821472966,-0.0157323998690618,0.0339056824091728,0.1053181862265663,4.151479107872477,4.458788917945942,4.685699769578915,4.924158271377961,5.288665017968423,0.4153615637682053,0.4153615637682053,56,56,56,0.1190113527718301,0.0,0.152442,,,,48,,,0.8245075468437734,,,,,,,,,,0,0,execution_model_error:KeyError,premium_exec_profit_v1_walkforward_guarded,35.0,,,,只观察不追,WATCH_ONLY,30.4065,50.0,85.35995187511045,LOW_IC,NORMAL,WATCH_ONLY,execution_model_guard,54
51,20260803,20260803,20260804,20260805,002176.SZ,江特电机,1→2,电机Ⅱ,9.03,MAIN_BOARD_10PCT,FULL,0,0,Outside TOP20,只观察不追,≤9.08,只观察不追,≤9.08,观察池：t_attack<0.55;t1_accept<0.52;t1_high_profit<0.50；若竞价弱于预期不追,观察池：t_attack<0.55;t1_accept<0.52;t1_high_profit<0.50；若竞价弱于预期不追,只观察不追,≤9.08,只观察不追,≤9.08,观察池：t_attack<0.55;t1_accept<0.52;t1_high_profit<0.50；若竞价弱于预期不追,观察池：t_attack<0.55;t1_accept<0.52;t1_high_profit<0.50；若竞价弱于预期不追,0.108231,0.108231,25.8505,25.8505,0.396021,0.396021,25.2938,25.2938,0.03031,25.8505,0.377582,25.2938,0.5340903222211895,0.5140617193321635,0.0848600905579813,0.1007845038033763,0.4286006172720544,0.3886844065468782,0.4495198733669485,0.5041133214520426,0.4186129301143564,-0.0060617195141732,0.0345024314203179,-0.0208075930985241,0.0255015011978879,0.3318604729168312,limitup_probability_engine:shadow_gate_failed,False,disabled_validation_not_pass:days=16;samples=480;t1_accept_auc=0.49488864549105516;t1_accept_brier=0.2700313117103626;t1_ret_spearman_ic=-0.05027410609663284,degraded,0.03031,0.108231,validated_platt_v1,0.377582,0.396021,validated_platt_v1,12.3258,42.2016,24.3338,86.6082,24.5103,24.5103,55,0.6096881661073221,0.0616281842988438,0.2259700090957608,0.1027136404980731,0.108231,0.108231,0.108231,0.436903,0.570506,0.175189,45.0961,52.9272,45.7894,48.0494,0.0,0.0,83.0,18.0,0.155233,50.0,50.0,22.3359,45.7756,27.1645,0.271645,26.501,0.26501,0,0,WATCH,t_attack<0.55;t1_accept<0.52;t1_high_profit<0.50,professional_score_rule_guarded,51,51,5524.0,0.7239319333816076,0.0118095841805789,0.0134284538963929,112.0,0.0202751629254163,175.0,0.031679942070963,2009875283.56777,0.5292723743464265,3.6645,4.4136,1.11,,,1537132.2918,,,9.9878,0.0405798897598428,0.0378117791511136,0.0403069509003302,-0.2247658688865764,0.2849358900997326,,,0.0,,,0.0,0.0,91195143.0,91195143.0,,,,,,,,,,,,,,,,,0.0,0.4646163215590733,1734884.0,9.03,7.39,1.0,0.0,2.291329826167939,0,1.0,0.684692,0.0,0.0,0.0,0,0.0,0.5,0.0,0.4646163215590733,0.4578941157612664,0.4804939043118146,0.0,0.0,-0.0112031795869691,-0.0112031795869691,down,high,0.973086,ehx:coldstart_v1,-0.1158772010513165,-0.0541631779536801,-0.011266407885589,0.031630362182502,0.0933443852801395,8.041978752279935,8.553915997313897,8.928835288329667,9.320187342400382,9.91349294270631,0.4296960732828372,0.4296960732828372,54,46,46,0.11119000640743,0.0,0.155692,,,,56,,,0.8084650527120872,,,,,,,,,,0,0,execution_model_error:KeyError,premium_exec_profit_v1_walkforward_guarded,35.0,,,,只观察不追,WATCH_ONLY,30.2991,50.0,88.2521708770758,LOW_IC,NORMAL,WATCH_ONLY,execution_model_guard,55
45,20260803,20260803,20260804,20260805,605167.SH,利柏特,1→2,专业工程,14.4,MAIN_BOARD_10PCT,FULL,0,0,Outside TOP20,只观察不追,≤14.47,只观察不追,≤14.47,观察池：t_attack<0.55;t1_accept<0.52;t1_high_profit<0.50；若竞价弱于预期不追,观察池：t_attack<0.55;t1_accept<0.52;t1_high_profit<0.50；若竞价弱于预期不追,只观察不追,≤14.47,只观察不追,≤14.47,观察池：t_attack<0.55;t1_accept<0.52;t1_high_profit<0.50；若竞价弱于预期不追,观察池：t_attack<0.55;t1_accept<0.52;t1_high_profit<0.50；若竞价弱于预期不追,0.115467,0.115467,20.0651,20.0651,0.409322,0.409322,26.4517,26.4517,0.051189,20.0651,0.454064,26.4517,0.55055739236387,0.7514278111847995,0.0443777569838134,0.1442869131962277,0.6934752409928651,0.5463449919831477,0.523702440217126,0.4058658277465892,0.4263119548846758,-0.024844368726078,0.0144407965612951,-0.0025444533673931,0.0147863016432349,0.4084895536540464,limitup_probability_engine:shadow_gate_failed,False,disabled_validation_not_pass:days=16;samples=480;t1_accept_auc=0.49488864549105516;t1_accept_brier=0.2700313117103626;t1_ret_spearman_ic=-0.05027410609663284,degraded,0.051189,0.115467,validated_platt_v1,0.454064,0.409322,validated_platt_v1,12.3985,43.1992,22.6273,84.953,24.0605,24.0605,57,0.6096881661073221,0.0616281842988438,0.2259700090957608,0.1027136404980731,0.115467,0.115467,0.115467,0.448418,0.556149,0.169928,47.4453,52.9272,66.83,62.13,0.0,0.0,84.6726,18.0,0.151491,50.0,50.0,25.0496,47.5725,29.6188,0.296188,28.2292,0.282292,0,0,WATCH,t_attack<0.55;t1_accept<0.52;t1_high_profit<0.50,professional_score_rule_guarded,45,45,5524.0,0.7239319333816076,0.0118095841805789,0.0134284538963929,112.0,0.0202751629254163,175.0,0.031679942070963,2009875283.56777,0.5292723743464265,0.6589,1.3963,0.6,,,734266.944,,,10.0076,0.0446222415988395,0.0469273862981503,0.0399108581773837,-0.2428924598269468,0.2998749559017972,2.0,10.0,1.0,10.0,2.0,0.0,0.0,67839840.0,67839840.0,,,,,,,,,,,,,,,,,0.0,1.0,5964824.0,14.4,11.78,1.0,0.0,2.4667195329082467,0,1.0,0.765,0.0,0.0,0.0,0,0.0,0.5,0.0,1.0,0.6683,0.6213,0.0,0.0,-0.0019262934766852,-0.0019262934766852,flat,high,0.979444,ehx:coldstart_v1,-0.1038836527195791,-0.04373609062394,-0.0019281511659842,0.0398797882919715,0.1000273503876117,12.979154284324508,13.783774174889096,14.372261373935732,14.985873562629449,15.914896492924743,0.4875921166982568,0.4875921166982568,51,39,39,0.1345803669254933,0.0,0.164152,,,,31,,,0.7795764159607634,,,,,,,,,,0,0,execution_model_error:KeyError,premium_exec_profit_v1_walkforward_guarded,35.0,,,,只观察不追,WATCH_ONLY,30.2707,50.0,89.6488930349544,LOW_IC,NORMAL,WATCH_ONLY,execution_model_guard,56
55,20260803,20260803,20260804,20260805,003001.SZ,中岩大地,2→3,专业工程,21.16,MAIN_BOARD_10PCT,FULL,0,0,Outside TOP20,只观察不追,≤21.24,只观察不追,≤21.24,观察池：t_attack<0.55;t1_accept<0.52;t1_high_profit<0.50；若竞价弱于预期不追,观察池：t_attack<0.55;t1_accept<0.52;t1_high_profit<0.50；若竞价弱于预期不追,只观察不追,≤21.24,只观察不追,≤21.24,观察池：t_attack<0.55;t1_accept<0.52;t1_high_profit<0.50；若竞价弱于预期不追,观察池：t_attack<0.55;t1_accept<0.52;t1_high_profit<0.50；若竞价弱于预期不追,0.105863,0.105863,22.0533,22.0533,0.389714,0.389714,23.1633,23.1633,0.025306,22.0533,0.34283,23.1633,0.597872725191499,0.6734323758410067,0.0997846464501244,0.1389741549602032,0.4593278957390251,0.3795808753844605,0.3746965943596763,0.5747960199228445,0.3001467442750129,0.0091754403712424,0.0327487510473181,0.0307224684598702,0.0482349942205142,0.340200738518348,limitup_probability_engine:shadow_gate_failed,False,disabled_validation_not_pass:days=16;samples=480;t1_accept_auc=0.49488864549105516;t1_accept_brier=0.2700313117103626;t1_ret_spearman_ic=-0.05027410609663284,degraded,0.025306,0.105863,validated_platt_v1,0.34283,0.389714,validated_platt_v1,11.733,41.7286,18.5261,85.1744,22.66,22.66,62,0.6096881661073221,0.0616281842988438,0.2259700090957608,0.1027136404980731,0.105863,0.105863,0.105863,0.425069,0.587193,0.18314,40.7954,52.9272,60.167,57.671,0.0,0.0,83.7687,18.0,0.151985,50.0,50.0,24.0035,46.594,27.4927,0.274927,26.2845,0.262845,0,0,WATCH,t_attack<0.55;t1_accept<0.52;t1_high_profit<0.50,professional_score_rule_guarded,55,55,5524.0,0.7239319333816076,0.0118095841805789,0.0134284538963929,112.0,0.0202751629254163,175.0,0.031679942070963,2009875283.56777,0.5292723743464265,7.3743,8.9376,0.4,,,369348.6337,,,9.9792,0.0979292736378206,0.0896154603995734,0.0774971422774918,-0.1422265816576754,0.2481392093474404,2.0,10.0,1.0,10.0,2.0,0.0,0.0,76042840.0,76042840.0,,,,,,,,,,,,,,,,,0.0,0.8304573804573809,24621564.0,21.16,17.32,1.0,0.0,2.492924640827817,0,1.0,0.739569,0.0,0.0,0.0,0,0.0,0.5,0.0,0.8304573804573809,0.6016698369646571,0.5767104560914762,0.0,0.0,-0.0210241441286049,-0.0210241441286049,down,high,0.953452,ehx:coldstart_v1,-0.1464983285522722,-0.0726084076751023,-0.021248298787001,0.0301118101011002,0.1040017309782715,18.276467044337355,19.67805783119683,20.71512911023872,21.806856028929577,23.479186267939816,0.3901053085712209,0.3901053085712209,60,61,61,0.1334489936946285,0.0,0.188721,,,,32,,,0.7969787987472137,,,,,,,,,,0,0,execution_model_error:KeyError,premium_exec_profit_v1_walkforward_guarded,35.0,,,,只观察不追,WATCH_ONLY,29.8915,50.0,88.3765922584072,LOW_IC,NORMAL,WATCH_ONLY,execution_model_guard,57
48,20260803,20260803,20260804,20260805,603261.SH,立航科技,2→3,航空装备,49.93,MAIN_BOARD_10PCT,FULL,0,0,Outside TOP20,只观察不追,≤50.18,只观察不追,≤50.18,观察池：t_attack<0.55;t1_accept<0.52;t1_high_profit<0.50；若竞价弱于预期不追,观察池：t_attack<0.55;t1_accept<0.52;t1_high_profit<0.50；若竞价弱于预期不追,只观察不追,≤50.18,只观察不追,≤50.18,观察池：t_attack<0.55;t1_accept<0.52;t1_high_profit<0.50；若竞价弱于预期不追,观察池：t_attack<0.55;t1_accept<0.52;t1_high_profit<0.50；若竞价弱于预期不追,0.108578,0.108578,22.7274,22.7274,0.395331,0.395331,24.6956,24.6956,0.03111,22.7274,0.373717,24.6956,0.6687420206414862,0.6360278676205883,0.1315303214133229,0.2854850975051227,0.5175991135966459,0.2229885852142618,0.3317135560069358,0.6657943145672486,0.4602444952371778,0.038115668156431,0.056646983549671,0.0139341863310755,0.0533226454482291,0.3597516262055995,limitup_probability_engine:shadow_gate_failed,False,disabled_validation_not_pass:days=16;samples=480;t1_accept_auc=0.49488864549105516;t1_accept_brier=0.2700313117103626;t1_ret_spearman_ic=-0.05027410609663284,degraded,0.03111,0.108578,validated_platt_v1,0.373717,0.395331,validated_platt_v1,12.0448,42.1498,20.107,89.5471,23.6825,23.6825,58,0.6096881661073221,0.0616281842988438,0.2259700090957608,0.1027136404980731,0.108578,0.108578,0.108578,0.434416,0.574179,0.175802,44.0295,52.9272,58.2024,56.3563,0.0,0.0,86.151,18.0,0.148029,50.0,50.0,24.2412,47.1032,29.023,0.29023,27.6878,0.276878,0,0,WATCH,t_attack<0.55;t1_accept<0.52;t1_high_profit<0.50,professional_score_rule_guarded,48,48,5524.0,0.7239319333816076,0.0118095841805789,0.0134284538963929,112.0,0.0202751629254163,175.0,0.031679942070963,2009875283.56777,0.5292723743464265,2.5615,7.5343,0.8,,,386982.465,,,10.0022,0.0710974654126782,0.0541264288210583,0.0506411832712596,-0.2631107929121173,0.3426263754359602,,,0.0,,,0.0,4.0,33727715.0,33727715.0,,,,,,,,,,,,,,,,,0.0,0.7804692663582287,2504647.0,49.93,40.85,1.0,0.0,1.30774575295081,0,1.0,0.73207,0.0,0.0,0.0,0,0.0,0.5,0.0,0.7804692663582287,0.5820243358889623,0.5635632532716457,0.0,0.0,-0.0127209678307266,-0.0127209678307266,down,high,0.976342,ehx:coldstart_v1,-0.1134284086461696,-0.0540652682801817,-0.0128025721378339,0.0284601240045138,0.0878232643705028,44.57591166244438,47.30219764379111,49.29484207621182,51.371428313280965,54.5133316334604,0.4171172284520918,0.4171172284520918,58,50,50,0.1435184576857507,0.0,0.177073,,,,26,,,0.8519255066170524,,,,,,,,,,0,0,execution_model_error:KeyError,premium_exec_profit_v1_walkforward_guarded,35.0,,,,只观察不追,WATCH_ONLY,29.7978,50.0,85.41064032911949,LOW_IC,NORMAL,WATCH_ONLY,execution_model_guard,58
62,20260803,20260803,20260804,20260805,002803.SZ,吉宏股份,1→2,互联网电,19.25,MAIN_BOARD_10PCT,FULL,0,0,Outside TOP20,只观察不追,≤19.32,只观察不追,≤19.32,观察池：t_attack<0.55;t1_accept<0.52;t1_high_profit<0.50；若竞价弱于预期不追,观察池：t_attack<0.55;t1_accept<0.52;t1_high_profit<0.50；若竞价弱于预期不追,只观察不追,≤19.32,只观察不追,≤19.32,观察池：t_attack<0.55;t1_accept<0.52;t1_high_profit<0.50；若竞价弱于预期不追,观察池：t_attack<0.55;t1_accept<0.52;t1_high_profit<0.50；若竞价弱于预期不追,0.097242,0.097242,25.6141,25.6141,0.387069,0.387069,23.512,23.512,0.012626,25.6141,0.328661,23.512,0.5713396396305774,0.6831967159456868,0.0817031755282129,0.1286620250197145,0.4556212227596048,0.323294462721802,0.3405642808434034,0.57955264258886,0.4458190542941785,-0.0015553992626602,0.0377458927498093,-0.0008200065137382,0.0243930290060095,0.3152946828678142,limitup_probability_engine:shadow_gate_failed,False,disabled_validation_not_pass:days=16;samples=480;t1_accept_auc=0.49488864549105516;t1_accept_brier=0.2700313117103626;t1_ret_spearman_ic=-0.05027410609663284,degraded,0.012626,0.097242,validated_platt_v1,0.328661,0.387069,validated_platt_v1,11.3132,41.5302,21.2508,89.0005,23.4006,23.4006,59,0.6096881661073221,0.0616281842988438,0.2259700090957608,0.1027136404980731,0.097242,0.097242,0.097242,0.424211,0.587829,0.182092,41.044,52.9272,46.1582,48.2962,0.0,0.0,84.2714,18.0,0.159869,50.0,50.0,21.3853,45.174,25.5219,0.255219,24.9915,0.249915,0,0,WATCH,t_attack<0.55;t1_accept<0.52;t1_high_profit<0.50,professional_score_rule_guarded,63,63,5524.0,0.7239319333816076,0.0118095841805789,0.0134284538963929,112.0,0.0202751629254163,175.0,0.031679942070963,2009875283.56777,0.5292723743464265,5.3569,5.9533,1.48,,,881489.84,,,10.0,0.047005535084446,0.0481940470223674,0.044908691301465,-0.2692629815745393,0.3405618650263111,,,0.0,,,0.0,1.0,28079975.0,28079975.0,,,,,,,,,,,,,,,,,0.0,0.474,1377488.0,19.25,15.75,1.0,0.0,1.589703617609877,0,1.0,0.6861,0.0,0.0,0.0,0,0.0,0.5,0.0,0.474,0.461582,0.482962,0.0,0.0,-0.0208921290237512,-0.0208921290237512,down,high,0.961712,ehx:coldstart_v1,-0.1381381930291526,-0.0691006969657771,-0.0211134576632598,0.0268737816392575,0.0959112777026342,16.766332665704436,17.96472950666991,18.847826516292788,19.77433416163469,21.18773207422487,0.3833239369608374,0.3833239369608374,59,60,60,0.099170892411941,0.0,0.149423,,,,65,,,0.85139308047695,,,,,,,,,,0,0,execution_model_error:KeyError,premium_exec_profit_v1_walkforward_guarded,35.0,,,,只观察不追,WATCH_ONLY,29.6032,50.0,86.84851981822533,LOW_IC,NORMAL,WATCH_ONLY,execution_model_guard,59
60,20260803,20260803,20260804,20260805,600815.SH,厦工股份,1→2,工程机械,3.2,MAIN_BOARD_10PCT,FULL,0,0,Outside TOP20,只观察不追,≤3.21,只观察不追,≤3.21,观察池：t_attack<0.55;t1_accept<0.52;t1_high_profit<0.50；若竞价弱于预期不追,观察池：t_attack<0.55;t1_accept<0.52;t1_high_profit<0.50；若竞价弱于预期不追,只观察不追,≤3.21,只观察不追,≤3.21,观察池：t_attack<0.55;t1_accept<0.52;t1_high_profit<0.50；若竞价弱于预期不追,观察池：t_attack<0.55;t1_accept<0.52;t1_high_profit<0.50；若竞价弱于预期不追,0.094513,0.094513,25.0059,25.0059,0.386073,0.386073,23.0467,23.0467,0.01,25.0059,0.323394,23.0467,0.510898148207873,0.7125220045487857,0.2456800345145178,0.2046147794167207,0.4755939666953513,0.3431648301308586,0.3216733703874261,0.6437075779137643,0.4239073099732013,-0.0111647748733073,0.041730341236237,-0.0205115600117093,0.0255361091645113,0.3478833432298603,limitup_probability_engine:shadow_gate_failed,False,disabled_validation_not_pass:days=16;samples=480;t1_accept_auc=0.49488864549105516;t1_accept_brier=0.2700313117103626;t1_ret_spearman_ic=-0.05027410609663284,degraded,0.01,0.094513,validated_platt_v1,0.323394,0.386073,validated_platt_v1,11.0068,41.4555,19.7094,88.1287,22.7713,22.7713,61,0.6096881661073221,0.0616281842988438,0.2259700090957608,0.1027136404980731,0.094513,0.094513,0.094513,0.424858,0.586564,0.180797,41.6228,52.9272,50.0769,50.9186,0.0,0.0,84.3132,18.0,0.159357,50.0,50.0,21.7131,45.3641,25.8579,0.258579,25.0863,0.250863,0,0,WATCH,t_attack<0.55;t1_accept<0.52;t1_high_profit<0.50,professional_score_rule_guarded,61,61,5524.0,0.7239319333816076,0.0118095841805789,0.0134284538963929,112.0,0.0202751629254163,175.0,0.031679942070963,2009875283.56777,0.5292723743464265,6.0673,11.7371,1.36,,,567710.24,,,9.9656,0.0481215319037869,0.042917528390249,0.0438774562648538,-0.0912547528517109,0.155534414020908,,,0.0,,,0.0,0.0,27691200.0,27691200.0,,,,,,,,,,,,,,,,,0.0,0.5737113402061851,2069496.0,3.2,2.62,1.0,0.0,2.088461646278483,0,1.0,0.701057,0.0,0.0,0.0,0,0.0,0.5,0.0,0.5737113402061851,0.5007686224742266,0.509186208041237,0.0,0.0,-0.0195096073384597,-0.0195096073384597,down,high,0.967817,ehx:coldstart_v1,-0.1307139810155987,-0.0652239000688679,-0.0197024318011448,0.0258190364665782,0.0913091174133101,2.807899875880353,2.9979445676615804,3.137569256516929,3.283696751977925,3.5059443978050453,0.3851700216974134,0.3851700216974134,61,58,58,0.0935049473535733,0.0,0.137776,,,,67,,,0.8346931861455951,,,,,,,,,,0,0,execution_model_error:KeyError,premium_exec_profit_v1_walkforward_guarded,35.0,,,,只观察不追,WATCH_ONLY,29.3853,50.0,86.10531323156152,LOW_IC,NORMAL,WATCH_ONLY,execution_model_guard,60
63,20260803,20260803,20260804,20260805,603798.SH,康普顿,1→2,炼化及贸,12.44,MAIN_BOARD_10PCT,FULL,0,0,Outside TOP20,只观察不追,≤12.48,只观察不追,≤12.48,观察池：t_attack<0.55;t1_accept<0.52;t1_high_profit<0.50；若竞价弱于预期不追,观察池：t_attack<0.55;t1_accept<0.52;t1_high_profit<0.50；若竞价弱于预期不追,只观察不追,≤12.48,只观察不追,≤12.48,观察池：t_attack<0.55;t1_accept<0.52;t1_high_profit<0.50；若竞价弱于预期不追,观察池：t_attack<0.55;t1_accept<0.52;t1_high_profit<0.50；若竞价弱于预期不追,0.097415,0.097415,23.5608,23.5608,0.384101,0.384101,22.5717,22.5717,0.012811,23.5608,0.313087,22.5717,0.5814423972795422,0.625075769452767,0.0604811892536118,0.0909978709527033,0.398143482142118,0.3406821415666319,0.352856362988608,0.6203884824919248,0.4319076120255457,-0.0123700957720745,0.0360449575938151,-0.0028989770927768,0.0119528511874576,0.3041127648453468,limitup_probability_engine:shadow_gate_failed,False,disabled_validation_not_pass:days=16;samples=480;t1_accept_auc=0.49488864549105516;t1_accept_brier=0.2700313117103626;t1_ret_spearman_ic=-0.05027410609663284,degraded,0.012811,0.097415,validated_platt_v1,0.313087,0.384101,validated_platt_v1,11.1234,41.3076,17.6659,88.4015,22.3995,22.3995,63,0.6096881661073221,0.0616281842988438,0.2259700090957608,0.1027136404980731,0.097415,0.097415,0.097415,0.423277,0.588498,0.184113,41.3375,52.9272,46.8829,48.7812,0.0,0.0,83.9224,18.0,0.160434,50.0,50.0,21.2873,45.092,25.4311,0.254311,24.6732,0.246732,0,0,WATCH,t_attack<0.55;t1_accept<0.52;t1_high_profit<0.50,professional_score_rule_guarded,64,64,5524.0,0.7239319333816076,0.0118095841805789,0.0134284538963929,112.0,0.0202751629254163,175.0,0.031679942070963,2009875283.56777,0.5292723743464265,3.5868,7.628,1.93,,,319023.4268,,,9.9912,0.0481871070083933,0.0402015439316304,0.0446765536236496,-0.2347012239020878,0.3047210456043672,,,0.0,,,0.0,1.0,33974510.0,33974510.0,,,,,,,,,,,,,,,,,0.0,0.4924403183023866,51255.0,12.44,10.18,1.0,0.0,1.6085341583645625,0,1.0,0.688866,0.0,0.0,0.0,0,0.0,0.5,0.0,0.4924403183023866,0.4688290345888591,0.4878117836604773,0.0,0.0,-0.0201446034999571,-0.0201446034999571,down,high,0.949578,ehx:coldstart_v1,-0.1511088000109022,-0.0739691997410281,-0.0203502727965622,0.0332686541479036,0.1104082544177791,10.695341654726835,11.55303170227408,12.189401132460532,12.86082335762859,13.892169578553322,0.3989782619988402,0.3989782619988402,63,59,59,0.1080886037315123,0.0,0.143463,,,,59,,,0.8487121677808549,,,,,,,,,,0,0,execution_model_error:KeyError,premium_exec_profit_v1_walkforward_guarded,35.0,,,,只观察不追,WATCH_ONLY,29.2428,50.0,86.37509664236566,LOW_IC,NORMAL,WATCH_ONLY,execution_model_guard,61
61,20260803,20260803,20260804,20260805,001331.SZ,胜通能源,1→2,燃气Ⅱ,42.81,MAIN_BOARD_10PCT,FULL,0,0,Outside TOP20,只观察不追,≤42.96,只观察不追,≤42.96,观察池：t_attack<0.55;t1_accept<0.52;t1_high_profit<0.50；若竞价弱于预期不追,观察池：t_attack<0.55;t1_accept<0.52;t1_high_profit<0.50；若竞价弱于预期不追,只观察不追,≤42.96,只观察不追,≤42.96,观察池：t_attack<0.55;t1_accept<0.52;t1_high_profit<0.50；若竞价弱于预期不追,观察池：t_attack<0.55;t1_accept<0.52;t1_high_profit<0.50；若竞价弱于预期不追,0.104856,0.104856,16.8786,16.8786,0.386102,0.386102,21.7537,21.7537,0.023405,16.8786,0.323545,21.7537,0.5699624519985813,0.781164437060092,0.0880632547401407,0.0990189019202074,0.3963162083311194,0.3123317490647621,0.4848784045460048,0.4997221466147836,0.3161256482369475,0.0175880702551676,0.0497846232313935,0.0166120178303946,0.0393346779674947,0.3304740464648275,limitup_probability_engine:shadow_gate_failed,False,disabled_validation_not_pass:days=16;samples=480;t1_accept_auc=0.49488864549105516;t1_accept_brier=0.2700313117103626;t1_ret_spearman_ic=-0.05027410609663284,degraded,0.023405,0.104856,validated_platt_v1,0.323545,0.386102,validated_platt_v1,11.1249,41.4576,13.0683,90.3901,21.575,21.575,64,0.6096881661073221,0.0616281842988438,0.2259700090957608,0.1027136404980731,0.104856,0.104856,0.104856,0.422726,0.589876,0.184229,40.5494,52.9272,63.0999,77.8972,0.056102,0.0,90.2817,18.0,0.170807,50.0,50.0,23.0365,47.4685,26.2286,0.262286,25.0652,0.250652,0,0,WATCH,t_attack<0.55;t1_accept<0.52;t1_high_profit<0.50,professional_score_rule_guarded,62,62,5524.0,0.7239319333816076,0.0118095841805789,0.0134284538963929,112.0,0.0202751629254163,175.0,0.031679942070963,2009875283.56777,0.5292723743464265,1.805,6.4991,0.42,,,1751991.1161,,,9.9949,0.070411804371065,0.0641306857073038,0.061939753182664,-0.39880084265111,0.4935832973732341,,,0.0,,,0.0,0.0,89725264.0,89725264.0,09:39:00,15:00:00,1.0,,1.1446,0.0,,0.016049,0.0,31.0,,,,,,,0.0,0.45,1942108.0,42.81,35.03,1.0,0.0,2.2866341858139574,1,1.0,0.755584,1.0,0.083735,0.0837352,0,0.0,0.581324,0.0,0.45,0.6309992,0.77897178,0.0561025,0.0,-0.0211211530407067,-0.0211211530407067,down,high,0.951557,ehx:coldstart_v1,-0.1482915824554739,-0.0734022118491381,-0.0213473959386342,0.0307074199718696,0.1055967905782067,36.909912178645655,39.78020824414667,41.90580343832735,44.14497659323147,47.577906804875184,0.3910418792081581,0.3910418792081581,64,62,62,0.144619350663774,0.0,0.181113,,,,22,,,0.878239393977151,,,,,,,,,,0,0,execution_model_error:KeyError,premium_exec_profit_v1_walkforward_guarded,35.0,,,,只观察不追,WATCH_ONLY,28.9514,50.0,87.65985131840877,LOW_IC,NORMAL,WATCH_ONLY,execution_model_guard,62
58,20260803,20260803,20260804,20260805,002963.SZ,豪尔赛,2→3,装修装饰,14.54,MAIN_BOARD_10PCT,FULL,0,0,Outside TOP20,只观察不追,≤14.61,只观察不追,≤14.61,观察池：t_attack<0.55;t1_accept<0.52;t1_high_profit<0.50；若竞价弱于预期不追,观察池：t_attack<0.55;t1_accept<0.52;t1_high_profit<0.50；若竞价弱于预期不追,只观察不追,≤14.61,只观察不追,≤14.61,观察池：t_attack<0.55;t1_accept<0.52;t1_high_profit<0.50；若竞价弱于预期不追,观察池：t_attack<0.55;t1_accept<0.52;t1_high_profit<0.50；若竞价弱于预期不追,0.101695,0.101695,15.0172,15.0172,0.387398,0.387398,20.8532,20.8532,0.01822,15.0172,0.330407,20.8532,0.3670187644949885,0.6060511045560628,0.0502994772182313,0.0684272321101111,0.4100319734791871,0.3144282659765519,0.3617446538337062,0.6041317369967203,0.2963609499425082,-0.0125485172863368,0.0059119012893612,-0.0007095502595535,0.0142439429984022,0.259839004936542,limitup_probability_engine:shadow_gate_failed,False,disabled_validation_not_pass:days=16;samples=480;t1_accept_auc=0.49488864549105516;t1_accept_brier=0.2700313117103626;t1_ret_spearman_ic=-0.05027410609663284,degraded,0.01822,0.101695,validated_platt_v1,0.330407,0.387398,validated_platt_v1,10.6543,41.5548,10.775,85.7203,20.2962,20.2962,67,0.6096881661073221,0.0616281842988438,0.2259700090957608,0.1027136404980731,0.101695,0.101695,0.101695,0.427558,0.582727,0.180726,42.6333,52.9272,57.7006,56.0205,0.0,0.0,83.8356,18.0,0.150651,50.0,50.0,22.81,46.5304,27.6202,0.276202,25.7892,0.257892,0,0,WATCH,t_attack<0.55;t1_accept<0.52;t1_high_profit<0.50,professional_score_rule_guarded,58,58,5524.0,0.7239319333816076,0.0118095841805789,0.0134284538963929,112.0,0.0202751629254163,175.0,0.031679942070963,2009875283.56777,0.5292723743464265,2.1741,3.8757,0.52,,,218623.2946,,,9.9849,0.0724721312648064,0.0553979341306004,0.0550771245926289,-0.3820051413881747,0.4677880802733851,,,0.0,,,0.0,0.0,63249000.0,63249000.0,,,,,,,,,,,,,,,,,0.0,0.7677004538577904,2351088.0,14.54,11.9,1.0,0.0,2.202053745069472,0,1.0,0.730155,0.0,0.0,0.0,0,0.0,0.5,0.0,0.7677004538577904,0.5770062633888046,0.5602051907715581,0.0,0.0,-0.0154826357776593,-0.0154826357776593,down,high,0.960615,ehx:coldstart_v1,-0.1337986156008938,-0.0640708098076192,-0.0156037434532759,0.0328633229010672,0.1025911286943431,12.719100709887556,13.637626981243349,14.314882475792832,15.02577102142432,16.11087646601177,0.4140461943352892,0.4140461943352892,66,55,55,0.1443493856066823,0.0,0.175713,,,,23,,,0.8015198564545507,,,,,,,,,,0,0,execution_model_error:KeyError,premium_exec_profit_v1_walkforward_guarded,35.0,,,,只观察不追,WATCH_ONLY,28.5768,50.0,87.97441444562412,LOW_IC,NORMAL,WATCH_ONLY,execution_model_guard,63
64,20260803,20260803,20260804,20260805,002012.SZ,凯恩股份,1→2,造纸,6.06,MAIN_BOARD_10PCT,FULL,0,0,Outside TOP20,只观察不追,≤6.07,只观察不追,≤6.07,观察池：t_attack<0.55;t1_accept<0.52;t1_high_profit<0.50；若竞价弱于预期不追,观察池：t_attack<0.55;t1_accept<0.52;t1_high_profit<0.50；若竞价弱于预期不追,只观察不追,≤6.07,只观察不追,≤6.07,观察池：t_attack<0.55;t1_accept<0.52;t1_high_profit<0.50；若竞价弱于预期不追,观察池：t_attack<0.55;t1_accept<0.52;t1_high_profit<0.50；若竞价弱于预期不追,0.094513,0.094513,20.1235,20.1235,0.378016,0.378016,20.9496,20.9496,0.01,20.1235,0.282324,20.9496,0.4484768147101514,0.7506764522444254,0.0566878397617138,0.0639541708616184,0.4078839281389503,0.3035406929230257,0.2416628500777495,0.6720679460244234,0.4871840106369299,-0.0110956247991733,0.0334674826559461,-0.0353898035856296,0.0087049433989874,0.2490943221070212,limitup_probability_engine:shadow_gate_failed,False,disabled_validation_not_pass:days=16;samples=480;t1_accept_auc=0.49488864549105516;t1_accept_brier=0.2700313117103626;t1_ret_spearman_ic=-0.05027410609663284,degraded,0.01,0.094513,validated_platt_v1,0.282324,0.378016,validated_platt_v1,10.5185,40.8512,14.427,89.9109,21.4258,21.4258,65,0.6096881661073221,0.0616281842988438,0.2259700090957608,0.1027136404980731,0.094513,0.094513,0.094513,0.415714,0.598623,0.184247,39.1153,52.9272,62.1606,76.1788,0.056058,0.0,89.8567,18.0,0.172377,50.0,50.0,22.5463,46.8841,25.3908,0.253908,24.3995,0.243995,0,0,WATCH,t_attack<0.55;t1_accept<0.52;t1_high_profit<0.50,professional_score_rule_guarded,66,66,5524.0,0.7239319333816076,0.0118095841805789,0.0134284538963929,112.0,0.0202751629254163,175.0,0.031679942070963,2009875283.56777,0.5292723743464265,4.5353,5.808,0.91,,,283381.053,,,9.9819,0.0610139135849495,0.055489892716046,0.0475565752579229,-0.1785714285714286,0.250386601306808,,,0.0,,,0.0,0.0,39623631.0,39623631.0,13:35:00,15:00:00,1.0,,0.8251,0.0,,0.037789,0.0,31.0,,,,,,,0.0,0.428221415607986,481473.0,6.06,4.96,1.0,0.0,2.126580705415118,1,1.0,0.724127,1.0,0.079901,0.09,0,0.0,0.600495,0.0,0.428221415607986,0.621606249618875,0.7617875231215971,0.05605842,0.0,-0.027678786073813,-0.027678786073813,down,high,0.968933,ehx:coldstart_v1,-0.1364114093804353,-0.0724959956887908,-0.0280690621116408,0.0163578714655091,0.0802732851571547,5.2872506808395725,5.636220993899003,5.892266556392692,6.159943907303421,6.566513915710684,0.3350012673209407,0.3350012673209407,65,66,66,0.101023945181402,0.0,0.149987,,,,64,,,0.8615118812177838,,,,,,,,,,0,0,execution_model_error:KeyError,premium_exec_profit_v1_walkforward_guarded,35.0,,,,只观察不追,WATCH_ONLY,28.4962,50.0,83.36540070326434,LOW_IC,NORMAL,WATCH_ONLY,execution_model_guard,64
