rank,trade_date,base_date,buy_date,target_date,ts_code,name,晋阶,sector,close_T,rank_group,is_top10,is_top20,榜单分组,T日建议买入方式,T日可接受买入价,T+1建议买入方式,T+1可接受买入价,T+1卖出计划,T+2卖出计划,t_buy_method,t_max_buy_price,t1_buy_method,t1_max_buy_price,t1_sell_plan,t2_sell_plan,t_limitup_prob,T日涨停概率,t_limitup_strength,T日涨停强度,t1_continue_up_rate,T+1延续上涨率,limitup_continuation_score,涨停接力评分,t_limitup_prob_rule,t_limitup_strength_rule,t1_continue_up_rate_rule,limitup_continuation_score_rule,t_up_prob_model,t_high_profit_prob_model,t_limitup_prob_model,t_touch_limitup_prob_model,t1_up_prob_model,t1_high_profit_prob_model,t1_accept_prob_model,t1_fail_prob_model,t1_big_drawdown_prob_model,t_close_ret_pred,t_intraday_ret_pred,t1_close_ret_pred,t1_high_ret_pred,limitup_model_score,limitup_model_src,model_can_rank,model_rank_mode,model_quality_flag,t_limitup_prob_raw_before_calibration,t_limitup_prob_calibrated,limitup_calibration_src,limitup_alpha_score,t1_alpha_score,strength_alpha_score,execution_alpha_score,premium_adaptive_score,自适应排序评分,rank_adaptive_score,adaptive_weight_limitup,adaptive_weight_t1,adaptive_weight_strength,adaptive_weight_execution,t_up_prob_model_blend,t_high_profit_prob_model_blend,t_touch_limitup_prob_blend,t1_accept_prob_blend,t1_fail_prob_blend,t1_big_drawdown_prob_blend,eret_plus_score,market_score,intraday_attack_edge,intraday_execution_edge,intraday_risk_penalty,intraday_hard_risk_flag,execution_safety_score,execution_score,risk_penalty_score,t1_close_ret_pred_score,t1_high_ret_pred_score,t_up_attack_score,t1_accept_score,premium_final_score,premium_final_score_raw,premium_eligible,premium_force_excluded,premium_bucket,premium_exclude_reason,premium_rank_mode,rank_premium_final,mkt_stock_count,mkt_up_ratio,mkt_avg_ret,mkt_median_ret,mkt_strong_count,mkt_strong_ratio,mkt_touch_strong_count,mkt_touch_strong_ratio,mkt_amount_sum,mkt_emotion_score,eret_pred_raw,eret_plus_value,eret_plus_delta,eret_plus_direction,eret_plus_conf,eret_plus_conf_score,eret_plus_src,r_p05,r_p25,r_p50,r_p75,r_p95,close_T2_p05,close_T2_p25,close_T2_p50,close_T2_p75,close_T2_p95,t1_up_rate,T+1上涨率,rank_limitup_continuation,rank_eret_plus,rank_r_p50,p_premium,e_premium,score_ev,risk_flags,confidence,data_quality,dec_rank,dec_weight,dec_can_buy,dec_p_fill,dec_reason
1,20260709,20260709,20260710,20260713,600992.SH,贵绳股份,1→2,通用设备,9.68,TOP10,1,1,TOP10,限价竞价,≤10.01,限价竞价,≤10.01,冲高至10.63附近优先兑现；强势放量再看11.11；弱于9.53止损,冲高至10.63附近优先兑现；强势放量再看11.11；弱于9.53止损,限价竞价,≤10.01,限价竞价,≤10.01,冲高至10.63附近优先兑现；强势放量再看11.11；弱于9.53止损,冲高至10.63附近优先兑现；强势放量再看11.11；弱于9.53止损,0.52846,0.52846,67.5412,67.5412,0.634292,0.634292,63.6737,63.6737,0.963941,75.9182,0.878473,87.6809,0.6425735181559585,0.9766874637979147,0.648432461495874,0.619566095517281,0.6433897008378452,0.6414196686578593,0.4189306635096786,0.44917231906208693,0.5281539475388021,0.04993819431654431,0.10040828725423315,0.015814326921413168,0.03248627052974181,0.5951710960514293,limitup_probability_engine:model_v1,False,disabled_validation_not_pass:days=16;samples=480;t1_accept_auc=0.49488864549105516;t1_accept_brier=0.2700313117103626;t1_ret_spearman_ic=-0.05027410609663284,degraded,0.743085,0.52846,historical_bin_blend_v1,55.9554,70.8781,80.5247,86.6372,66.2857,66.2857,1,0.5810016180667515,0.06615763925261817,0.2425780105929333,0.11026273208769696,0.636611,0.686762,0.619566,0.636179,0.350389,0.22651,89.4595,40.7904,47.18,48.98,0.0,0.0,83.1807,83.1807,0.126902,78.644,72.9662,59.2956,65.9338,56.4248,0.564248,1,0,ELIGIBLE,ok,professional_score_rule_guarded,1,5517.0,0.44825086097516764,0.0052030862514497525,-0.0019607843137254832,163.0,0.02954504259561356,247.0,0.044770708718506434,2931202837.1126604,0.40790392336508996,0.0,0.0980433387754594,0.0980433387754594,up,high,0.972748,ehx:model_v1,-0.014563064957725913,0.04920517694763947,0.09352981295999559,0.13785444897235172,0.20162269087771822,9.54005104744176,10.168219065300152,10.629059519346447,11.1107860226332,11.842379637591677,0.9226677009188867,0.9226677009188867,1,13,13,0.710981214402634,0.0,0.632823,,,,3.0,,,0.809092427202427,
2,20260709,20260709,20260710,20260713,605319.SH,无锡振华,1→2,汽车零部件,24.23,TOP10,1,1,TOP10,只观察不追,≤24.35,只观察不追,≤24.35,观察池：t_attack<0.55；若竞价弱于预期不追,观察池：t_attack<0.55；若竞价弱于预期不追,只观察不追,≤24.35,只观察不追,≤24.35,观察池：t_attack<0.55；若竞价弱于预期不追,观察池：t_attack<0.55；若竞价弱于预期不追,0.47391,0.47391,60.3001,60.3001,0.555791,0.555791,57.1485,57.1485,0.765605,73.7925,0.735564,75.548,0.5327002190885138,0.9250813184144019,0.6135455334941592,0.5130509790983386,0.47800775227253606,0.525765712524357,0.5830938016614913,0.3937622023270943,0.6110213377783442,0.0532502734496279,0.07755304582360281,0.021472550586909427,0.03432490935940605,0.5455594375244786,limitup_probability_engine:model_v1,False,disabled_validation_not_pass:days=16;samples=480;t1_accept_auc=0.49488864549105516;t1_accept_brier=0.2700313117103626;t1_ret_spearman_ic=-0.05027410609663284,degraded,0.659163,0.47391,historical_bin_blend_v1,49.3864,61.8898,73.4774,85.3323,60.0211,60.0211,4,0.5810016180667515,0.06615763925261817,0.2425780105929333,0.11026273208769696,0.549326,0.614329,0.513051,0.629286,0.37888,0.259387,73.6486,40.7904,47.18,48.98,0.0,0.0,82.1772,82.1772,0.139264,82.0511,80.5294,52.4836,63.5816,49.0592,0.490592,0,0,WATCH,t_attack<0.55,professional_score_rule_guarded,2,5517.0,0.44825086097516764,0.0052030862514497525,-0.0019607843137254832,163.0,0.02954504259561356,247.0,0.044770708718506434,2931202837.1126604,0.40790392336508996,0.0,0.0816499663627956,0.0816499663627956,up,high,0.940156,ehx:model_v1,-0.06228801213289069,0.020761073630708407,0.07848762195069196,0.1362141702706755,0.2192632560342761,22.766804286731237,24.73829897306208,26.20837868497054,27.765818257866936,30.170203276844624,0.8204461614387482,0.8204461614387482,6,31,31,0.6378506800321156,0.0,0.549445,,,,23.0,,,0.8065674628935112,
3,20260709,20260709,20260710,20260713,002156.SZ,通富微电,1→2,半导体,72.17,TOP10,1,1,TOP10,只观察不追,≤72.53,只观察不追,≤72.53,观察池：t_attack<0.55；若竞价弱于预期不追,观察池：t_attack<0.55；若竞价弱于预期不追,只观察不追,≤72.53,只观察不追,≤72.53,观察池：t_attack<0.55；若竞价弱于预期不追,观察池：t_attack<0.55；若竞价弱于预期不追,0.256287,0.256287,70.4445,70.4445,0.531259,0.531259,57.857,57.857,0.664375,62.8367,0.801152,70.8475,0.8179160729393163,0.9703750762552927,0.16198594861927712,0.7551629349383395,0.4328415119438776,0.5345391533417975,0.5318635613281407,0.3583662738888854,0.7986384705178953,0.06247867448769525,0.10181773479655191,-0.019529642900850668,0.03129700068731856,0.5390144388763038,limitup_probability_engine:model_v1,False,disabled_validation_not_pass:days=16;samples=480;t1_accept_auc=0.49488864549105516;t1_accept_brier=0.2700313117103626;t1_ret_spearman_ic=-0.05027410609663284,degraded,0.312703,0.256287,historical_bin_blend_v1,39.09,50.7749,80.6451,90.7306,55.6375,55.6375,7,0.5810016180667515,0.06615763925261817,0.2425780105929333,0.11026273208769696,0.611523,0.635827,0.755163,0.564493,0.379845,0.310086,87.7027,40.7904,47.18,48.98,0.0,0.0,85.33,85.33,0.150591,43.7408,70.8625,54.9199,55.25,48.8674,0.488674,0,0,WATCH,t_attack<0.55,professional_score_rule_guarded,3,5517.0,0.44825086097516764,0.0052030862514497525,-0.0019607843137254832,163.0,0.02954504259561356,247.0,0.044770708718506434,2931202837.1126604,0.40790392336508996,0.0,0.09743945404233027,0.09743945404233027,up,high,0.959068,ehx:model_v1,-0.026079482263978798,0.04415821247447387,0.09297969728581769,0.1418011820971615,0.21203887683561545,70.31217462413703,75.42830930777967,79.20220539823498,83.16492040604713,89.21626124461801,0.9005259777541526,0.9005259777541526,4,15,15,0.6479175659761148,0.0,0.572598,,,,18.0,,,0.8794346392630774,
4,20260709,20260709,20260710,20260713,603005.SH,晶方科技,1→2,半导体,45.19,TOP10,1,1,TOP10,只观察不追,≤45.42,只观察不追,≤45.42,观察池：t_attack<0.55；若竞价弱于预期不追,观察池：t_attack<0.55；若竞价弱于预期不追,只观察不追,≤45.42,只观察不追,≤45.42,观察池：t_attack<0.55；若竞价弱于预期不追,观察池：t_attack<0.55；若竞价弱于预期不追,0.327344,0.327344,53.7486,53.7486,0.560593,0.560593,54.5621,54.5621,0.154163,36.706,0.696759,41.3882,0.7864329370667615,0.9564756658465376,0.5166145244772008,0.6511026971705791,0.48758870838122836,0.6832076898265833,0.6122703133030893,0.26632573329725395,0.5948527829114979,0.06758963252754832,0.0983066437652887,0.005704736615209491,0.043601883075316095,0.6250905330349174,limitup_probability_engine:model_v1,False,disabled_validation_not_pass:days=16;samples=480;t1_accept_auc=0.49488864549105516;t1_accept_brier=0.2700313117103626;t1_ret_spearman_ic=-0.05027410609663284,degraded,0.407879,0.327344,historical_bin_blend_v1,40.6635,62.0834,66.8438,91.8738,54.0779,54.0779,8,0.5810016180667515,0.06615763925261817,0.2425780105929333,0.11026273208769696,0.623828,0.620054,0.651103,0.617433,0.37038,0.24978,57.2643,40.7904,47.18,48.98,0.0,0.0,86.0589,86.0589,0.13562,73.9387,88.5055,51.8318,63.9485,46.4678,0.464678,0,0,WATCH,t_attack<0.55,professional_score_rule_guarded,4,5517.0,0.44825086097516764,0.0052030862514497525,-0.0019607843137254832,163.0,0.02954504259561356,247.0,0.044770708718506434,2931202837.1126604,0.40790392336508996,0.0,0.07050453250539788,0.07050453250539788,up,high,0.970189,ehx:model_v1,-0.03844804485407806,0.02442657461522934,0.06813006304648188,0.11183355147773441,0.17470817094704294,43.48550997451856,46.3074288265236,48.37609982391893,50.53718363290646,53.81670895765277,0.8534792515096901,0.8534792515096901,11,45,45,0.6510758934689205,0.0,0.574479,,,,17.0,,,0.891033456702799,
5,20260709,20260709,20260710,20260713,002916.SZ,深南电路,1→2,元件,442.56,TOP10,1,1,TOP10,只观察不追,≤444.77,只观察不追,≤444.77,观察池：t_attack<0.55;t1_accept<0.52；若竞价弱于预期不追,观察池：t_attack<0.55;t1_accept<0.52；若竞价弱于预期不追,只观察不追,≤444.77,只观察不追,≤444.77,观察池：t_attack<0.55;t1_accept<0.52；若竞价弱于预期不追,观察池：t_attack<0.55;t1_accept<0.52；若竞价弱于预期不追,0.253535,0.253535,68.0157,68.0157,0.512866,0.512866,57.6269,57.6269,0.786963,70.9602,0.889421,80.0711,0.8126724617246665,0.9744837873283231,0.10340026776198569,0.6605263420663581,0.4140601554523092,0.5816426115268899,0.4289947771512926,0.33859604433665424,0.6613550450866728,0.06331642450286312,0.10215149894780658,-0.039748505378770005,0.025312688096525926,0.49577464884556105,limitup_probability_engine:model_v1,False,disabled_validation_not_pass:days=16;samples=480;t1_accept_auc=0.49488864549105516;t1_accept_brier=0.2700313117103626;t1_ret_spearman_ic=-0.05027410609663284,degraded,0.308469,0.253535,historical_bin_blend_v1,36.9456,40.5111,78.6473,91.8025,53.346,53.346,9,0.5810016180667515,0.06615763925261817,0.2425780105929333,0.11026273208769696,0.596812,0.601918,0.660526,0.482884,0.404265,0.274988,91.6554,40.7904,47.18,48.98,0.0,0.0,86.0778,86.0778,0.147265,10.6139,56.8198,52.3454,46.8014,46.336,0.46336,0,0,WATCH,t_attack<0.55;t1_accept<0.52,professional_score_rule_guarded,5,5517.0,0.44825086097516764,0.0052030862514497525,-0.0019607843137254832,163.0,0.02954504259561356,247.0,0.044770708718506434,2931202837.1126604,0.40790392336508996,0.0,0.0994670862915152,0.0994670862915152,up,high,0.976967,ehx:model_v1,-0.0054624532597154635,0.05370141276583442,0.09482559540455404,0.13594977804327366,0.19511364406882462,440.1491273197572,466.97581169518463,486.580153709173,507.00751528044043,537.9091568927327,0.940058197636255,0.940058197636255,5,11,11,0.6004535089312144,0.0,0.567635,,,,19.0,,,0.8862866577262644,
6,20260709,20260709,20260710,20260713,603726.SH,朗迪集团,1→2,家电零部,33.5,TOP10,1,1,TOP10,只观察不追,≤33.67,只观察不追,≤33.67,观察池：t_attack<0.55；若竞价弱于预期不追,观察池：t_attack<0.55；若竞价弱于预期不追,只观察不追,≤33.67,只观察不追,≤33.67,观察池：t_attack<0.55；若竞价弱于预期不追,观察池：t_attack<0.55；若竞价弱于预期不追,0.270796,0.270796,36.3536,36.3536,0.610525,0.610525,45.4536,45.4536,0.089856,33.5876,0.725685,38.2258,0.5579353849909929,0.8276855174081316,0.4400955052577962,0.3819766427397883,0.5801817425315556,0.46318986014460517,0.585151272760657,0.3511067149810912,0.6858592790176009,0.052790923188665996,0.07374230553051965,-0.0029523682473322583,0.03255225402287013,0.5038641020099421,limitup_probability_engine:model_v1,False,disabled_validation_not_pass:days=16;samples=480;t1_accept_auc=0.49488864549105516;t1_accept_brier=0.2700313117103626;t1_ret_spearman_ic=-0.05027410609663284,degraded,0.335024,0.270796,historical_bin_blend_v1,30.0083,64.2249,41.2716,85.4866,41.1214,41.1214,39,0.5810016180667515,0.06615763925261817,0.2425780105929333,0.11026273208769696,0.5958,0.46675,0.381977,0.621007,0.35481,0.273493,75.8446,40.7904,47.18,48.98,0.0,0.0,82.3942,82.3942,0.138034,62.1907,74.303,43.9717,61.3564,46.3107,0.463107,0,0,WATCH,t_attack<0.55,professional_score_rule_guarded,6,5517.0,0.44825086097516764,0.0052030862514497525,-0.0019607843137254832,163.0,0.02954504259561356,247.0,0.044770708718506434,2931202837.1126604,0.40790392336508996,0.0,0.08348793669314505,0.08348793669314505,up,high,0.955427,ehx:model_v1,-0.043761207418081524,0.02935977821726487,0.0801854082849922,0.13101103835271952,0.20413202398806723,32.06561369188305,34.49813335937812,36.29684587922036,38.18934221905463,41.08641217471457,0.8563613432448156,0.8563613432448156,39,28,28,0.5578677530362466,0.0,0.456054,,,,55.0,,,0.8007175290716009,
7,20260709,20260709,20260710,20260713,300626.SZ,华瑞股份,1→2,电机Ⅱ,33.35,TOP10,1,1,TOP10,只观察不追,≤33.52,只观察不追,≤33.52,观察池：t_attack<0.55；若竞价弱于预期不追,观察池：t_attack<0.55；若竞价弱于预期不追,只观察不追,≤33.52,只观察不追,≤33.52,观察池：t_attack<0.55；若竞价弱于预期不追,观察池：t_attack<0.55；若竞价弱于预期不追,0.26881,0.26881,35.3774,35.3774,0.600915,0.600915,44.861,44.861,0.079672,31.1469,0.677636,36.1789,0.5579353849909929,0.8276855174081316,0.4400955052577962,0.3819766427397883,0.5801817425315556,0.46318986014460517,0.585151272760657,0.3511067149810912,0.6858592790176009,0.052790923188665996,0.07374230553051965,-0.0029523682473322583,0.03255225402287013,0.5038641020099421,limitup_probability_engine:model_v1,False,disabled_validation_not_pass:days=16;samples=480;t1_accept_auc=0.49488864549105516;t1_accept_brier=0.2700313117103626;t1_ret_spearman_ic=-0.05027410609663284,degraded,0.331968,0.26881,historical_bin_blend_v1,29.7676,63.9847,39.6048,87.5299,40.7867,40.7867,41,0.5810016180667515,0.06615763925261817,0.2425780105929333,0.11026273208769696,0.588881,0.466035,0.381977,0.618454,0.357066,0.273749,75.8446,40.7904,47.18,48.98,0.0,0.0,83.5444,83.5444,0.138497,62.1907,74.303,43.7167,61.1526,46.2316,0.462316,0,0,WATCH,t_attack<0.55,professional_score_rule_guarded,7,5517.0,0.44825086097516764,0.0052030862514497525,-0.0019607843137254832,163.0,0.02954504259561356,247.0,0.044770708718506434,2931202837.1126604,0.40790392336508996,0.0,0.08348793669314505,0.08348793669314505,up,high,0.957577,ehx:model_v1,-0.03530003838281942,0.032829370709866315,0.0801854082849922,0.12754144586011806,0.19567085495280506,32.19327996331874,34.46302957971153,36.134322688716395,37.88666556874462,40.557820689907885,0.8732889692484663,0.8732889692484663,41,29,29,0.5586544354035228,0.0,0.448713,,,,59.0,,,0.8309947448471203,
8,20260709,20260709,20260710,20260713,002384.SZ,东山精密,1→2,元件,261.32,TOP10,1,1,TOP10,只观察不追,≤262.63,只观察不追,≤262.63,观察池：t_attack<0.55;t1_accept<0.52；若竞价弱于预期不追,观察池：t_attack<0.55;t1_accept<0.52；若竞价弱于预期不追,只观察不追,≤262.63,只观察不追,≤262.63,观察池：t_attack<0.55;t1_accept<0.52；若竞价弱于预期不追,观察池：t_attack<0.55;t1_accept<0.52；若竞价弱于预期不追,0.245268,0.245268,66.4394,66.4394,0.489791,0.489791,55.9403,55.9403,0.725073,61.4279,0.786534,71.9504,0.8165406852180067,0.9740937419428349,0.11175487726091236,0.6978039357113741,0.3915054886246865,0.5566701497136065,0.4686240582480077,0.33063506561711964,0.6519934949855982,0.06344674104985343,0.10150640396182922,-0.03892183443298869,0.02556373609611931,0.5052112319769879,limitup_probability_engine:model_v1,False,disabled_validation_not_pass:days=16;samples=480;t1_accept_auc=0.49488864549105516;t1_accept_brier=0.2700313117103626;t1_ret_spearman_ic=-0.05027410609663284,degraded,0.29575,0.245268,historical_bin_blend_v1,36.8637,39.4282,76.6204,83.5897,51.8296,51.8296,12,0.5810016180667515,0.06615763925261817,0.2425780105929333,0.11026273208769696,0.581281,0.612252,0.697804,0.488011,0.404133,0.273525,91.6554,40.7904,47.18,48.98,0.0,0.0,81.4345,81.4345,0.146919,11.7334,60.4065,52.6149,46.5649,45.9043,0.459043,0,0,WATCH,t_attack<0.55;t1_accept<0.52,professional_score_rule_guarded,8,5517.0,0.44825086097516764,0.0052030862514497525,-0.0019607843137254832,163.0,0.02954504259561356,247.0,0.044770708718506434,2931202837.1126604,0.40790392336508996,0.0,0.0994670862915152,0.0994670862915152,up,high,0.965982,ehx:model_v1,-0.016380265585307932,0.04922444752348552,0.09482559540455404,0.14042674328562255,0.2060314563944172,257.0743761496531,274.5051871510099,287.31273898969874,300.71785106323466,321.10788800556327,0.9196277435247656,0.9196277435247656,7,12,12,0.6657349262895926,0.0,0.56223,,,,21.0,,,0.7658508806815445,
9,20260709,20260709,20260710,20260713,000417.SZ,合百集团,1→2,一般零售,8.24,TOP10,1,1,TOP10,只观察不追,≤8.28,只观察不追,≤8.28,观察池：t_attack<0.55;t1_accept<0.52；若竞价弱于预期不追,观察池：t_attack<0.55;t1_accept<0.52；若竞价弱于预期不追,只观察不追,≤8.28,只观察不追,≤8.28,观察池：t_attack<0.55;t1_accept<0.52；若竞价弱于预期不追,观察池：t_attack<0.55;t1_accept<0.52；若竞价弱于预期不追,0.379402,0.379402,41.1837,41.1837,0.549315,0.549315,49.1664,49.1664,0.223451,32.3387,0.787425,44.8871,0.5722961997589034,0.9552877673563498,0.6013340374391185,0.470803940058492,0.4590961442111943,0.5621819357940009,0.5573099443935878,0.3463663902465101,0.6888900934701057,0.056139604716557885,0.09565122057676459,-0.02430720037299625,0.011643447932863852,0.5410229931844476,limitup_probability_engine:model_v1,False,disabled_validation_not_pass:days=16;samples=480;t1_accept_auc=0.49488864549105516;t1_accept_brier=0.2700313117103626;t1_ret_spearman_ic=-0.05027410609663284,degraded,0.487969,0.379402,historical_bin_blend_v1,39.9098,46.5525,52.8183,86.5946,48.6282,48.6282,22,0.5810016180667515,0.06615763925261817,0.2425780105929333,0.11026273208769696,0.55575,0.573555,0.470804,0.548637,0.377836,0.277543,88.5811,40.7904,47.18,48.98,0.0,0.0,83.1493,83.1493,0.14307,32.6852,34.387,49.2966,49.0992,45.7374,0.457374,0,0,WATCH,t_attack<0.55;t1_accept<0.52,professional_score_rule_guarded,9,5517.0,0.44825086097516764,0.0052030862514497525,-0.0019607843137254832,163.0,0.02954504259561356,247.0,0.044770708718506434,2931202837.1126604,0.40790392336508996,0.0,0.09762060659773199,0.09762060659773199,up,high,0.971843,ehx:model_v1,-0.014979333288146865,0.048807319100040165,0.09314475204587756,0.13748218499171497,0.20126883737990314,8.11749014242545,8.652148425732735,9.044393798365313,9.454421625109987,10.077136866773873,0.9217553645961896,0.9217553645961896,23,14,14,0.5676322464573005,0.0,0.465046,,,,51.0,,,0.8089244948269879,
10,20260709,20260709,20260710,20260713,002490.SZ,山东墨龙,2→3,专用设备,7.67,TOP10,1,1,TOP10,只观察不追,≤7.71,只观察不追,≤7.71,观察池：t1_accept<0.52;t1_high_profit<0.50；若竞价弱于预期不追,观察池：t1_accept<0.52;t1_high_profit<0.50；若竞价弱于预期不追,只观察不追,≤7.71,只观察不追,≤7.71,观察池：t1_accept<0.52;t1_high_profit<0.50；若竞价弱于预期不追,观察池：t1_accept<0.52;t1_high_profit<0.50；若竞价弱于预期不追,0.446445,0.446445,61.1023,61.1023,0.490259,0.490259,54.5712,54.5712,0.630484,57.4686,0.693042,65.2,0.6211497213935074,0.9493309916374099,0.6110902238183157,0.6352479512683503,0.431837869915442,0.5260870367706071,0.4565608683808916,0.57737083382053,0.6073727326214293,0.046131168737279356,0.0930725115681863,-0.01707275936156246,-0.012809984084042,0.5488645229532895,limitup_probability_engine:model_v1,False,disabled_validation_not_pass:days=16;samples=480;t1_accept_auc=0.49488864549105516;t1_accept_brier=0.2700313117103626;t1_ret_spearman_ic=-0.05027410609663284,degraded,0.616908,0.446445,historical_bin_blend_v1,49.6887,45.024,71.7965,87.6899,58.9331,58.9331,5,0.5810016180667515,0.06615763925261817,0.2425780105929333,0.11026273208769696,0.526908,0.655222,0.635248,0.505399,0.472461,0.278912,85.9459,40.7904,47.18,48.98,0.0,0.0,83.4564,83.4564,0.152404,45.3358,12.3223,56.011,46.0384,45.2507,0.452507,0,0,WATCH,t1_accept<0.52;t1_high_profit<0.50,professional_score_rule_guarded,10,5517.0,0.44825086097516764,0.0052030862514497525,-0.0019607843137254832,163.0,0.02954504259561356,247.0,0.044770708718506434,2931202837.1126604,0.40790392336508996,0.0,0.09289829527921169,0.09289829527921169,up,high,0.937079,ehx:model_v1,-0.07436053018115035,0.021913845369224916,0.08883315388521229,0.15575246240119967,0.25202683795157665,7.1203443299175975,7.839934351141674,8.382529924791553,8.962678103266699,9.868456451577138,0.8147033795439167,0.8147033795439167,10,17,17,0.6453436013631006,0.0,0.547531,,,,24.0,,,0.844494095897285,
11,20260709,20260709,20260710,20260713,002185.SZ,华天科技,1→2,半导体,23.73,TOP20,0,1,TOP20,只观察不追,≤23.85,只观察不追,≤23.85,观察池：t_attack<0.55；若竞价弱于预期不追,观察池：t_attack<0.55；若竞价弱于预期不追,只观察不追,≤23.85,只观察不追,≤23.85,观察池：t_attack<0.55；若竞价弱于预期不追,观察池：t_attack<0.55；若竞价弱于预期不追,0.390726,0.390726,51.7747,51.7747,0.544216,0.544216,50.3921,50.3921,0.407267,48.0153,0.717684,54.1656,0.4608904082738543,0.9452792678447104,0.5474424312840568,0.5428089474959762,0.4886053809057818,0.5585696034445573,0.5277841164744894,0.40518256122294255,0.6296122497974298,0.04941242511813909,0.07849565994381903,-0.001718870535202819,0.022430721749111447,0.5205106638237256,limitup_probability_engine:model_v1,False,disabled_validation_not_pass:days=16;samples=480;t1_accept_auc=0.49488864549105516;t1_accept_brier=0.2700313117103626;t1_ret_spearman_ic=-0.05027410609663284,degraded,0.50539,0.390726,historical_bin_blend_v1,43.0803,56.0357,61.3351,83.656,52.8396,52.8396,11,0.5810016180667515,0.06615763925261817,0.2425780105929333,0.11026273208769696,0.520885,0.600751,0.542809,0.573123,0.405284,0.266635,73.6486,40.7904,47.18,48.98,0.0,0.0,81.5408,81.5408,0.145611,63.868,49.8306,50.0408,55.6648,44.8572,0.448572,0,0,WATCH,t_attack<0.55,professional_score_rule_guarded,11,5517.0,0.44825086097516764,0.0052030862514497525,-0.0019607843137254832,163.0,0.02954504259561356,247.0,0.044770708718506434,2931202837.1126604,0.40790392336508996,0.0,0.0816499663627956,0.0816499663627956,up,high,0.974054,ehx:model_v1,-0.024208859237742686,0.03637583590043954,0.07848762195069196,0.12059940800094439,0.1811841031391277,23.16242170158147,24.60909047907724,25.667553701789142,26.771542556372165,28.443628283878766,0.8956428781764689,0.8956428781764689,19,30,30,0.6986616672371297,0.0,0.581308,,,,15.0,,,0.7625245485947042,
12,20260709,20260709,20260710,20260713,002067.SZ,景兴纸业,1→2,造纸,4.05,TOP20,0,1,TOP20,只观察不追,≤4.07,只观察不追,≤4.07,观察池：t_attack<0.55;t1_accept<0.52；若竞价弱于预期不追,观察池：t_attack<0.55;t1_accept<0.52；若竞价弱于预期不追,只观察不追,≤4.07,只观察不追,≤4.07,观察池：t_attack<0.55;t1_accept<0.52；若竞价弱于预期不追,观察池：t_attack<0.55;t1_accept<0.52；若竞价弱于预期不追,0.329665,0.329665,39.047,39.047,0.521253,0.521253,44.2688,44.2688,0.34173,38.5087,0.805847,51.8477,0.47069223537445387,0.967361714420059,0.4413298630089045,0.3940585162691767,0.4614237200058796,0.40515185140054766,0.4252031695291427,0.5779198419057037,0.6226208280503625,0.04836576499439207,0.09197089021896644,-0.027669543200209753,0.017050956114365374,0.4335745542148011,limitup_probability_engine:model_v1,False,disabled_validation_not_pass:days=16;samples=480;t1_accept_auc=0.49488864549105516;t1_accept_brier=0.2700313117103626;t1_ret_spearman_ic=-0.05027410609663284,degraded,0.41145,0.329665,historical_bin_blend_v1,34.7336,46.089,39.6444,89.3225,42.6952,42.6952,37,0.5810016180667515,0.06615763925261817,0.2425780105929333,0.11026273208769696,0.507096,0.531402,0.394059,0.506146,0.451633,0.273903,96.4865,40.7904,47.18,48.98,0.0,0.0,84.7419,84.7419,0.155553,29.0694,43.8696,45.5624,47.8588,44.6751,0.446751,0,0,WATCH,t_attack<0.55;t1_accept<0.52,professional_score_rule_guarded,12,5517.0,0.44825086097516764,0.0052030862514497525,-0.0019607843137254832,163.0,0.02954504259561356,247.0,0.044770708718506434,2931202837.1126604,0.40790392336508996,0.0,0.11030400678839168,0.11030400678839168,up,high,0.981333,ehx:model_v1,0.007474985106439014,0.06479282710968809,0.10463385781550702,0.14447488852132595,0.20179273052457605,4.080387119824221,4.321098741501887,4.496731227492986,4.679502353904205,4.955557190657362,0.9617530267291576,0.9617530267291576,45,5,5,0.544358834238842,0.0,0.439943,,,,61.0,,,0.8457816323459632,
13,20260709,20260709,20260710,20260713,002975.SZ,博杰股份,1→2,自动化设,121.35,TOP20,0,1,TOP20,只观察不追,≤121.96,只观察不追,≤121.96,观察池：t_attack<0.55;t1_accept<0.52；若竞价弱于预期不追,观察池：t_attack<0.55;t1_accept<0.52；若竞价弱于预期不追,只观察不追,≤121.96,只观察不追,≤121.96,观察池：t_attack<0.55;t1_accept<0.52；若竞价弱于预期不追,观察池：t_attack<0.55;t1_accept<0.52；若竞价弱于预期不追,0.202132,0.202132,48.724,48.724,0.51176,0.51176,50.4355,50.4355,0.532931,48.2177,0.793607,61.4603,0.7965264625047173,0.9491565995943231,0.09929734720039249,0.4906155533905753,0.40406684620846833,0.45667756469604465,0.523208477165362,0.4458613896696471,0.8198724879831278,0.06140092928872422,0.09943038152610165,-0.02880210953216112,0.026977661003712954,0.46489268724911603,limitup_probability_engine:model_v1,False,disabled_validation_not_pass:days=16;samples=480;t1_accept_auc=0.49488864549105516;t1_accept_brier=0.2700313117103626;t1_ret_spearman_ic=-0.05027410609663284,degraded,0.229387,0.202132,historical_bin_blend_v1,28.257,43.4703,60.0452,87.3948,43.4953,43.4953,34,0.5810016180667515,0.06615763925261817,0.2425780105929333,0.11026273208769696,0.591495,0.515153,0.490616,0.527193,0.414238,0.322558,93.8514,40.7904,47.18,48.98,0.0,0.0,83.5544,83.5544,0.159525,24.3471,62.5757,45.9391,49.7111,44.3933,0.443933,0,0,WATCH,t_attack<0.55;t1_accept<0.52,professional_score_rule_guarded,13,5517.0,0.44825086097516764,0.0052030862514497525,-0.0019607843137254832,163.0,0.02954504259561356,247.0,0.044770708718506434,2931202837.1126604,0.40790392336508996,0.0,0.10169167706579081,0.10169167706579081,up,high,0.967425,ehx:model_v1,-0.013972643918597358,0.0514041577069635,0.09684688670685425,0.142289615706745,0.20766641733230704,119.66621055011923,127.75100422060534,133.6902850119337,139.9056893181687,149.3578866114958,0.924706732039354,0.924706732039354,18,8,8,0.5925886598901775,0.0,0.486677,,,,41.0,,,0.8236139776389021,
14,20260709,20260709,20260710,20260713,002632.SZ,道明光学,1→2,塑料,9.15,TOP20,0,1,TOP20,只观察不追,≤9.20,只观察不追,≤9.20,观察池：t1_accept<0.52；若竞价弱于预期不追,观察池：t1_accept<0.52；若竞价弱于预期不追,只观察不追,≤9.20,只观察不追,≤9.20,观察池：t1_accept<0.52；若竞价弱于预期不追,观察池：t1_accept<0.52；若竞价弱于预期不追,0.507665,0.507665,70.9759,70.9759,0.538045,0.538045,59.8102,59.8102,0.662022,65.4012,0.792939,70.8886,0.6203179984768511,0.9452862000586784,0.7321236407625524,0.7469241161477742,0.4680078554719933,0.5902466005611583,0.48821210362546485,0.3605595306009207,0.6055200674943546,0.05853425135307448,0.10184415837100629,-0.03283508076498068,0.015369912667182597,0.6087453982164708,limitup_probability_engine:model_v1,False,disabled_validation_not_pass:days=16;samples=480;t1_accept_auc=0.49488864549105516;t1_accept_brier=0.2700313117103626;t1_ret_spearman_ic=-0.05027410609663284,degraded,0.711093,0.507665,historical_bin_blend_v1,57.0941,43.5948,82.045,87.257,65.5794,65.5794,2,0.5810016180667515,0.06615763925261817,0.2425780105929333,0.11026273208769696,0.561081,0.716332,0.746924,0.486476,0.431469,0.265592,71.8919,40.7904,47.18,48.98,0.0,0.0,83.5315,83.5315,0.150095,17.9006,38.109,59.8362,45.7147,43.7126,0.437126,0,0,WATCH,t1_accept<0.52,professional_score_rule_guarded,14,5517.0,0.44825086097516764,0.0052030862514497525,-0.0019607843137254832,163.0,0.02954504259561356,247.0,0.044770708718506434,2931202837.1126604,0.40790392336508996,0.0,0.08037643355810888,0.08037643355810888,up,high,0.973616,ehx:model_v1,-0.03125921708107754,0.032789758766803984,0.07730952999767228,0.12182930122854058,0.18587827707642324,8.868402354298315,9.454999394348773,9.885444367056696,10.335485626004498,11.019122321035583,0.8792540236089316,0.8792540236089316,2,33,33,0.6235102314741825,0.0,0.532617,,,,27.0,,,0.8181613760126472,
15,20260709,20260709,20260710,20260713,002436.SZ,兴森科技,1→2,元件,44.45,TOP20,0,1,TOP20,只观察不追,≤44.67,只观察不追,≤44.67,观察池：t_attack<0.55；若竞价弱于预期不追,观察池：t_attack<0.55；若竞价弱于预期不追,只观察不追,≤44.67,只观察不追,≤44.67,观察池：t_attack<0.55；若竞价弱于预期不追,观察池：t_attack<0.55；若竞价弱于预期不追,0.420366,0.420366,57.636,57.636,0.548857,0.548857,58.2588,58.2588,0.683126,58.4397,0.740241,68.7366,0.7591962278892294,0.9251717337977495,0.4943623618699776,0.5710028038320136,0.5070148757658957,0.6390032652547443,0.48780207927206204,0.31058226077019513,0.6019313896784577,0.0597050673085503,0.0880256752547599,-0.0007962489477453863,0.029145815183575317,0.5750039503670814,limitup_probability_engine:model_v1,False,disabled_validation_not_pass:days=16;samples=480;t1_accept_auc=0.49488864549105516;t1_accept_brier=0.2700313117103626;t1_ret_spearman_ic=-0.05027410609663284,degraded,0.550991,0.420366,historical_bin_blend_v1,46.308,59.4505,73.5005,88.0102,58.372,58.372,6,0.5810016180667515,0.06615763925261817,0.2425780105929333,0.11026273208769696,0.607752,0.615941,0.571003,0.558532,0.406638,0.258736,57.2643,40.7904,47.18,48.98,0.0,0.0,83.9876,83.9876,0.144117,65.8939,69.3567,51.5796,58.5379,43.4416,0.434416,0,0,WATCH,t_attack<0.55,professional_score_rule_guarded,15,5517.0,0.44825086097516764,0.0052030862514497525,-0.0019607843137254832,163.0,0.02954504259561356,247.0,0.044770708718506434,2931202837.1126604,0.40790392336508996,0.0,0.07050453250539788,0.07050453250539788,up,high,0.978137,ehx:model_v1,-0.03108962481713791,0.027443973134414545,0.06813006304648188,0.10881615295854921,0.16734975091010273,43.089327177095505,45.686778032838546,47.58392646986494,49.55985420250121,52.547352363698224,0.8706466221578659,0.8706466221578659,3,40,40,0.7278690839923,0.0,0.637285,,,,2.0,,,0.8273146134853061,
16,20260709,20260709,20260710,20260713,603156.SH,养元饮品,1→2,饮料乳品,48.71,TOP20,0,1,TOP20,只观察不追,≤48.95,只观察不追,≤48.95,观察池：t_attack<0.55；若竞价弱于预期不追,观察池：t_attack<0.55；若竞价弱于预期不追,只观察不追,≤48.95,只观察不追,≤48.95,观察池：t_attack<0.55；若竞价弱于预期不追,观察池：t_attack<0.55；若竞价弱于预期不追,0.312675,0.312675,49.2199,49.2199,0.586626,0.586626,52.7748,52.7748,0.271392,53.2904,0.645865,48.6854,0.7676377686428991,0.9276626186358445,0.4543373451985824,0.46506298253242495,0.5427584943801651,0.518345196882725,0.6357420348512152,0.2411782602852362,0.7350844701916612,0.061582094363986935,0.08760424107744902,-0.003870413932762092,0.04402503973621765,0.5700685214437022,limitup_probability_engine:model_v1,False,disabled_validation_not_pass:days=16;samples=480;t1_accept_auc=0.49488864549105516;t1_accept_brier=0.2700313117103626;t1_ret_spearman_ic=-0.05027410609663284,degraded,0.399454,0.312675,historical_bin_blend_v1,35.8057,62.6684,61.9644,88.5653,49.7458,49.7458,19,0.5810016180667515,0.06615763925261817,0.2425780105929333,0.11026273208769696,0.637309,0.539731,0.465063,0.608316,0.360795,0.290321,57.2643,40.7904,47.18,48.98,0.0,0.0,83.9596,83.9596,0.142814,60.6054,89.5073,47.068,62.0203,43.4345,0.434345,0,0,WATCH,t_attack<0.55,professional_score_rule_guarded,16,5517.0,0.44825086097516764,0.0052030862514497525,-0.0019607843137254832,163.0,0.02954504259561356,247.0,0.044770708718506434,2931202837.1126604,0.40790392336508996,0.0,0.07050453250539788,0.07050453250539788,up,high,0.939205,ehx:model_v1,-0.07409831184766584,0.009807802882304421,0.06813006304648188,0.12645232321065933,0.21035843794063108,45.23115123036793,49.1900885368413,52.144275778337935,55.27588132741263,60.11400157822705,0.7846270153377276,0.7846270153377276,15,47,47,0.5614440561533467,0.0,0.479119,,,,49.0,,,0.856817494648179,
17,20260709,20260709,20260710,20260713,603666.SH,亿嘉和,1→2,自动化设,28.45,TOP20,0,1,TOP20,只观察不追,≤28.59,只观察不追,≤28.59,观察池：t_attack<0.55；若竞价弱于预期不追,观察池：t_attack<0.55；若竞价弱于预期不追,只观察不追,≤28.59,只观察不追,≤28.59,观察池：t_attack<0.55；若竞价弱于预期不追,观察池：t_attack<0.55；若竞价弱于预期不追,0.28064,0.28064,31.8562,31.8562,0.580683,0.580683,43.1665,43.1665,0.035456,27.8475,0.686136,33.6607,0.5086784211935722,0.804370210365791,0.48504455549867853,0.3452864695336111,0.5288819634104254,0.44324852084683697,0.610281035666393,0.33812181749697257,0.7367444522800178,0.050479764581415974,0.07419476542847506,0.000514682009998712,0.03755337563290666,0.49227044585927826,limitup_probability_engine:model_v1,False,disabled_validation_not_pass:days=16;samples=480;t1_accept_auc=0.49488864549105516;t1_accept_brier=0.2700313117103626;t1_ret_spearman_ic=-0.05027410609663284,degraded,0.350168,0.28064,historical_bin_blend_v1,29.6069,62.9071,31.5462,85.9435,38.4922,38.4922,51,0.5810016180667515,0.06615763925261817,0.2425780105929333,0.11026273208769696,0.560522,0.450557,0.345286,0.613626,0.374465,0.291043,66.1811,40.7904,47.18,48.98,0.0,0.0,82.7226,82.7226,0.145433,67.1546,84.1062,41.7468,61.9231,43.2018,0.432018,0,0,WATCH,t_attack<0.55,professional_score_rule_guarded,18,5517.0,0.44825086097516764,0.0052030862514497525,-0.0019607843137254832,163.0,0.02954504259561356,247.0,0.044770708718506434,2931202837.1126604,0.40790392336508996,0.0,0.07246656243434521,0.07246656243434521,up,high,0.964169,ehx:model_v1,-0.04388896056577901,0.023275725439498837,0.0699611941166217,0.11664666279374457,0.18381134879902364,27.22836334431537,29.11996105736529,30.51167370125712,31.969899623767446,34.19089940440174,0.8439359027405302,0.8439359027405302,52,37,37,0.5555752099541006,0.0,0.451963,,,,58.0,,,0.8030399908354858,
18,20260709,20260709,20260710,20260713,000672.SZ,上峰材料,1→2,水泥,21.8,TOP20,0,1,TOP20,只观察不追,≤21.91,只观察不追,≤21.91,观察池：t_attack<0.55；若竞价弱于预期不追,观察池：t_attack<0.55；若竞价弱于预期不追,只观察不追,≤21.91,只观察不追,≤21.91,观察池：t_attack<0.55；若竞价弱于预期不追,观察池：t_attack<0.55；若竞价弱于预期不追,0.351462,0.351462,39.8027,39.8027,0.518688,0.518688,44.2946,44.2946,0.107009,42.3049,0.69677,40.7792,0.4844279931133109,0.9306284597204206,0.5898306095169047,0.3813448722941449,0.475021361694963,0.49563799961282967,0.472289752258826,0.44700697942338746,0.6630851946244767,0.04772494415415886,0.08113771198217722,0.0014018587441298389,0.03517050416802569,0.4847319890753582,limitup_probability_engine:model_v1,False,disabled_validation_not_pass:days=16;samples=480;t1_accept_auc=0.49488864549105516;t1_accept_brier=0.2700313117103626;t1_ret_spearman_ic=-0.05027410609663284,degraded,0.444984,0.351462,historical_bin_blend_v1,36.1497,59.0561,40.6384,90.3503,44.7303,44.7303,32,0.5810016180667515,0.06615763925261817,0.2425780105929333,0.11026273208769696,0.509095,0.524386,0.381345,0.560851,0.434615,0.284187,67.5604,40.7904,47.18,48.98,0.0,0.0,85.1012,85.1012,0.154752,69.1701,82.5328,44.3012,59.5821,42.7306,0.427306,0,0,WATCH,t_attack<0.55,professional_score_rule_guarded,19,5517.0,0.44825086097516764,0.0052030862514497525,-0.0019607843137254832,163.0,0.02954504259561356,247.0,0.044770708718506434,2931202837.1126604,0.40790392336508996,0.0,0.07267821803691644,0.07267821803691644,up,high,0.956974,ehx:model_v1,-0.05305330816187852,0.019634202510701387,0.07015852867901107,0.12068285484732075,0.19337036551990197,20.67358217207386,22.23225522183569,23.384385153204782,24.59622128016724,26.45063948966179,0.8255184584901167,0.8255184584901167,44,36,36,0.5307292914949004,0.0,0.454592,,,,56.0,,,0.8747104917343911,
19,20260709,20260709,20260710,20260713,603061.SH,金海通,1→2,半导体,487.54,TOP20,0,1,TOP20,只观察不追,≤489.98,只观察不追,≤489.98,观察池：t_attack<0.55;t1_accept<0.52；若竞价弱于预期不追,观察池：t_attack<0.55;t1_accept<0.52；若竞价弱于预期不追,只观察不追,≤489.98,只观察不追,≤489.98,观察池：t_attack<0.55;t1_accept<0.52；若竞价弱于预期不追,观察池：t_attack<0.55;t1_accept<0.52；若竞价弱于预期不追,0.25986,0.25986,53.0871,53.0871,0.50661,0.50661,51.631,51.631,0.941976,71.7458,0.873109,83.9269,0.597434825087992,0.969990427353704,0.05086633616523709,0.4064804013058589,0.4230421011463789,0.5297020603564474,0.39726178979754234,0.40948682270774855,0.65711714099061,0.03389585892836313,0.09232552202797388,-0.026806552481043577,0.023643472778757873,0.3945676138044228,limitup_probability_engine:model_v1,False,disabled_validation_not_pass:days=16;samples=480;t1_accept_auc=0.49488864549105516;t1_accept_brier=0.2700313117103626;t1_ret_spearman_ic=-0.05027410609663284,degraded,0.318199,0.25986,historical_bin_blend_v1,31.3353,44.9525,63.2036,66.5714,43.852,43.852,33,0.5810016180667515,0.06615763925261817,0.2425780105929333,0.11026273208769696,0.532041,0.51148,0.40648,0.497698,0.418606,0.277277,91.6554,40.7904,47.18,48.98,0.0,0.0,72.0736,72.0736,0.15035,31.0778,51.9411,44.0539,48.3185,42.6706,0.426706,0,0,WATCH,t_attack<0.55;t1_accept<0.52,professional_score_rule_guarded,20,5517.0,0.44825086097516764,0.0052030862514497525,-0.0019607843137254832,163.0,0.02954504259561356,247.0,0.044770708718506434,2931202837.1126604,0.40790392336508996,0.0,0.0994670862915152,0.0994670862915152,up,high,0.97347,ehx:model_v1,-0.008356536594401276,0.05251466306621944,0.09482559540455404,0.13713652774288865,0.19800772740351047,483.4828297046856,513.8271893426353,536.0341832505653,559.2009367598855,594.2975178427859,0.9346872481476499,0.9346872481476499,17,9,9,0.7205266523274261,0.0,0.64577,,,,,,,,
20,20260709,20260709,20260710,20260713,000892.SZ,欢瑞世纪,1→2,影视院线,3.82,TOP20,0,1,TOP20,只观察不追,≤3.84,只观察不追,≤3.84,观察池：t_attack<0.55;t1_accept<0.52；若竞价弱于预期不追,观察池：t_attack<0.55;t1_accept<0.52；若竞价弱于预期不追,只观察不追,≤3.84,只观察不追,≤3.84,观察池：t_attack<0.55;t1_accept<0.52；若竞价弱于预期不追,观察池：t_attack<0.55;t1_accept<0.52；若竞价弱于预期不追,0.291329,0.291329,35.3392,35.3392,0.469897,0.469897,40.4006,40.4006,0.192278,30.5386,0.709805,41.5837,0.47069223537445387,0.967361714420059,0.4413298630089045,0.3853952201222779,0.414841550599798,0.40515185140054766,0.3990933390411034,0.6117909277322372,0.6771774342014343,0.04785233520636126,0.09197089021896644,-0.024299093031754836,0.016692867213583987,0.420444957016838,limitup_probability_engine:model_v1,False,disabled_validation_not_pass:days=16;samples=480;t1_accept_auc=0.49488864549105516;t1_accept_brier=0.2700313117103626;t1_ret_spearman_ic=-0.05027410609663284,degraded,0.366614,0.291329,historical_bin_blend_v1,31.4467,43.3544,27.69,90.3933,37.8228,37.8228,53,0.5810016180667515,0.06615763925261817,0.2425780105929333,0.11026273208769696,0.47012,0.514482,0.385395,0.486288,0.479249,0.29915,95.6081,40.7904,47.18,48.98,0.0,0.0,85.0153,85.0153,0.166078,33.5659,42.8868,43.6941,46.5298,42.4485,0.424485,0,0,WATCH,t_attack<0.55;t1_accept<0.52,professional_score_rule_guarded,21,5517.0,0.44825086097516764,0.0052030862514497525,-0.0019607843137254832,163.0,0.02954504259561356,247.0,0.044770708718506434,2931202837.1126604,0.40790392336508996,0.0,0.10768710364963016,0.10768710364963016,up,high,0.944233,ehx:model_v1,-0.03147513745258279,0.047428830560762504,0.10227415101529824,0.157119471469834,0.2360234394831807,3.7016374846467017,4.0055434058608155,4.231364735941587,4.469917240785023,4.836899237927106,0.8957627497144471,0.8957627497144471,63,6,6,0.5384418245217636,0.0,0.420153,,,,72.0,,,0.8822326815333641,
21,20260709,20260709,20260710,20260713,603933.SH,睿能科技,1→2,其他电子,23.2,FULL,0,0,Outside TOP20,只观察不追,≤23.32,只观察不追,≤23.32,观察池：t_attack<0.55；若竞价弱于预期不追,观察池：t_attack<0.55；若竞价弱于预期不追,只观察不追,≤23.32,只观察不追,≤23.32,观察池：t_attack<0.55；若竞价弱于预期不追,观察池：t_attack<0.55；若竞价弱于预期不追,0.378003,0.378003,42.7702,42.7702,0.51841,0.51841,46.0448,46.0448,0.228108,46.8973,0.708995,46.8083,0.5110718083622176,0.9220611900139746,0.596262263122106,0.4001882602405993,0.47124463872166616,0.46225072686326146,0.46970624901438424,0.476056521063728,0.699545958430442,0.04862535844259512,0.07657019230846729,0.005037304356549631,0.034212707210472926,0.4879808554904408,limitup_probability_engine:model_v1,False,disabled_validation_not_pass:days=16;samples=480;t1_accept_auc=0.49488864549105516;t1_accept_brier=0.2700313117103626;t1_ret_spearman_ic=-0.05027410609663284,degraded,0.485816,0.378003,historical_bin_blend_v1,38.6966,59.3063,46.7432,87.2133,47.3616,47.3616,23,0.5810016180667515,0.06615763925261817,0.2425780105929333,0.11026273208769696,0.516355,0.538326,0.400188,0.558758,0.447361,0.296407,65.0901,40.7904,47.18,48.98,0.0,0.0,83.4231,83.4231,0.159735,72.8656,79.6183,45.3883,59.3337,41.8097,0.418097,0,0,WATCH,t_attack<0.55,professional_score_rule_guarded,24,5517.0,0.44825086097516764,0.0052030862514497525,-0.0019607843137254832,163.0,0.02954504259561356,247.0,0.044770708718506434,2931202837.1126604,0.40790392336508996,0.0,0.0717374637131465,0.0717374637131465,up,high,0.963855,ehx:model_v1,-0.04495815836816551,0.02243609255728013,0.06928112940224967,0.11612616624721922,0.1835204171726661,22.180069609419277,23.726400450585146,24.864309158144998,26.0567915137151,27.873396287686433,0.8407467651839355,0.8407467651839355,36,38,38,0.6097856172949376,0.0,0.512764,,,,33.0,,,0.8227438885111144,
22,20260709,20260709,20260710,20260713,600418.SH,江淮汽车,1→2,商用车,24.45,FULL,0,0,Outside TOP20,只观察不追,≤24.57,只观察不追,≤24.57,观察池：t_attack<0.55；若竞价弱于预期不追,观察池：t_attack<0.55；若竞价弱于预期不追,只观察不追,≤24.57,只观察不追,≤24.57,观察池：t_attack<0.55；若竞价弱于预期不追,观察池：t_attack<0.55；若竞价弱于预期不追,0.365577,0.365577,40.8805,40.8805,0.45594,0.45594,44.3582,44.3582,0.264773,42.1729,0.702178,47.0124,0.5114295730597386,0.8991516975031573,0.5532383096899148,0.4001882602405993,0.3634870423760483,0.4433605880958225,0.4623472668197087,0.5400407153274827,0.7175293698083626,0.05024995961593438,0.07657019230846729,0.004611356997346987,0.03394004970775226,0.4610984621634372,limitup_probability_engine:model_v1,False,disabled_validation_not_pass:days=16;samples=480;t1_accept_auc=0.49488864549105516;t1_accept_brier=0.2700313117103626;t1_ret_spearman_ic=-0.05027410609663284,degraded,0.466699,0.365577,historical_bin_blend_v1,37.613,51.8026,41.8256,88.2271,45.1545,45.1545,31,0.5810016180667515,0.06615763925261817,0.2425780105929333,0.11026273208769696,0.471477,0.527438,0.400188,0.539011,0.474299,0.308036,73.6486,40.7904,47.18,48.98,0.0,0.0,83.9228,83.9228,0.167142,71.4238,77.7821,44.6613,56.6007,41.656,0.41656,0,0,WATCH,t_attack<0.55,professional_score_rule_guarded,25,5517.0,0.44825086097516764,0.0052030862514497525,-0.0019607843137254832,163.0,0.02954504259561356,247.0,0.044770708718506434,2931202837.1126604,0.40790392336508996,0.0,0.0816499663627956,0.0816499663627956,up,high,0.956678,ehx:model_v1,-0.04334964752359041,0.028526951773165547,0.07848762195069196,0.12844829212821837,0.20032489142497562,23.412745847222368,25.15752779574956,26.446341677570352,27.801181173492008,29.873001342547425,0.8553402022861305,0.8553402022861305,43,32,32,0.5826436187300703,0.0,0.485283,,,,42.0,,,0.8422053481187679,
23,20260709,20260709,20260710,20260713,002346.SZ,柘中股份,1→2,电网设备,19.83,FULL,0,0,Outside TOP20,只观察不追,≤19.93,只观察不追,≤19.93,观察池：t_attack<0.55；若竞价弱于预期不追,观察池：t_attack<0.55；若竞价弱于预期不追,只观察不追,≤19.93,只观察不追,≤19.93,观察池：t_attack<0.55；若竞价弱于预期不追,观察池：t_attack<0.55；若竞价弱于预期不追,0.390201,0.390201,47.8969,47.8969,0.481355,0.481355,46.645,46.645,0.366508,44.8736,0.715057,51.9566,0.4679068512537571,0.9500653836875714,0.5637564056368514,0.49912512722355634,0.4273440719521715,0.48810728364690514,0.41321829222911727,0.4527195015989174,0.7608957063102099,0.046458446653267246,0.09547578948654867,0.0006025361724585911,0.03213904440584854,0.4763662548257727,limitup_probability_engine:model_v1,False,disabled_validation_not_pass:days=16;samples=480;t1_accept_auc=0.49488864549105516;t1_accept_brier=0.2700313117103626;t1_ret_spearman_ic=-0.05027410609663284,degraded,0.504582,0.390201,historical_bin_blend_v1,41.8684,54.4551,51.9814,86.8125,50.11,50.11,17,0.5810016180667515,0.06615763925261817,0.2425780105929333,0.11026273208769696,0.47759,0.586176,0.499125,0.523784,0.458134,0.316056,67.5604,40.7904,47.18,48.98,0.0,0.0,83.1896,83.1896,0.165997,68.0586,71.9865,47.5618,55.9879,41.1352,0.411352,0,0,WATCH,t_attack<0.55,professional_score_rule_guarded,26,5517.0,0.44825086097516764,0.0052030862514497525,-0.0019607843137254832,163.0,0.02954504259561356,247.0,0.044770708718506434,2931202837.1126604,0.40790392336508996,0.0,0.07267821803691644,0.07267821803691644,up,high,0.962515,ehx:model_v1,-0.04607539820724442,0.02249556881738425,0.07015852867901107,0.11782148854063788,0.1863924555652678,18.937054236473063,20.281142457835962,21.271209063672053,22.30960785227495,23.893068551231753,0.839603555629668,0.839603555629668,32,35,35,0.6097398481121696,0.0,0.528629,,,,29.0,,,0.817299376518617,
24,20260709,20260709,20260710,20260713,002841.SZ,视源股份,3→4,消费电子,52.13,FULL,0,0,Outside TOP20,只观察不追,≤52.39,只观察不追,≤52.39,观察池：t_attack<0.55；若竞价弱于预期不追,观察池：t_attack<0.55；若竞价弱于预期不追,只观察不追,≤52.39,只观察不追,≤52.39,观察池：t_attack<0.55；若竞价弱于预期不追,观察池：t_attack<0.55；若竞价弱于预期不追,0.156956,0.156956,46.789,46.789,0.555597,0.555597,46.3672,46.3672,0.117882,52.3473,0.595826,41.2427,0.7565135395792681,0.9303886703363329,0.22754833793627097,0.4308345645301809,0.5367400391525154,0.4443942289187949,0.564899550820731,0.4070265344008371,0.7904490904480198,0.054796233268672126,0.08759738039685726,-0.020660735406956204,0.028961307474857357,0.4964033759717557,limitup_probability_engine:model_v1,False,disabled_validation_not_pass:days=16;samples=480;t1_accept_auc=0.49488864549105516;t1_accept_brier=0.2700313117103626;t1_ret_spearman_ic=-0.05027410609663284,degraded,0.194648,0.156956,historical_bin_blend_v1,23.7348,56.1458,50.2356,90.6682,39.6878,39.6878,46,0.5810016180667515,0.06615763925261817,0.2425780105929333,0.11026273208769696,0.611854,0.472113,0.430835,0.540436,0.438437,0.324105,57.2643,40.7904,47.18,48.98,0.0,0.0,85.0037,85.0037,0.150222,42.5325,68.4245,43.561,55.7968,39.5677,0.395677,0,0,WATCH,t_attack<0.55,professional_score_rule_guarded,28,5517.0,0.44825086097516764,0.0052030862514497525,-0.0019607843137254832,163.0,0.02954504259561356,247.0,0.044770708718506434,2931202837.1126604,0.40790392336508996,0.0,0.07050453250539788,0.07050453250539788,up,high,0.925211,ehx:model_v1,-0.10913885089283813,-0.0045609434104555285,0.06813006304648188,0.14082106950341927,0.24539897698580376,46.740066313659,51.892779406091066,55.8054012795064,60.01302777783359,66.6289771834717,0.7363619015779247,0.7363619015779247,34,48,48,0.4650542973917885,0.0,0.461286,,,,52.0,,,0.8967048724870552,
25,20260709,20260709,20260710,20260713,603991.SH,领先股份,1→2,半导体,167.06,FULL,0,0,Outside TOP20,只观察不追,≤167.90,只观察不追,≤167.90,观察池：t_attack<0.55；若竞价弱于预期不追,观察池：t_attack<0.55；若竞价弱于预期不追,只观察不追,≤167.90,只观察不追,≤167.90,观察池：t_attack<0.55；若竞价弱于预期不追,观察池：t_attack<0.55；若竞价弱于预期不追,0.185408,0.185408,57.9926,57.9926,0.563608,0.563608,53.2665,53.2665,0.519749,57.133,0.689915,60.3343,0.6926387447695506,0.969990427353704,0.0681900853009608,0.5856560303445472,0.4984201670239839,0.61400793419225,0.605976590086878,0.29695377926540456,0.6342128415148363,0.0648419235480249,0.10117558175799765,-0.014717615706428905,0.03782965912813138,0.507589406455468,limitup_probability_engine:model_v1,False,disabled_validation_not_pass:days=16;samples=480;t1_accept_auc=0.49488864549105516;t1_accept_brier=0.2700313117103626;t1_ret_spearman_ic=-0.05027410609663284,degraded,0.203658,0.185408,historical_bin_blend_v1,29.6904,57.6463,68.8496,84.6018,47.0938,47.0938,25,0.5810016180667515,0.06615763925261817,0.2425780105929333,0.11026273208769696,0.599737,0.54918,0.585656,0.567483,0.409562,0.269816,49.0958,40.7904,47.18,48.98,0.0,0.0,81.9873,81.9873,0.147081,50.4146,85.0652,45.0784,58.4974,39.3469,0.393469,0,0,WATCH,t_attack<0.55,professional_score_rule_guarded,30,5517.0,0.44825086097516764,0.0052030862514497525,-0.0019607843137254832,163.0,0.02954504259561356,247.0,0.044770708718506434,2931202837.1126604,0.40790392336508996,0.0,0.0696024343838334,0.0696024343838334,up,high,0.965082,ehx:model_v1,-0.047151559112363406,0.020360263256774265,0.0672870227789164,0.11421378230105855,0.18172560467019744,159.365685489193,170.4962483355704,178.68778268816322,187.27288133149418,200.35256387848617,0.8332611686801685,0.8332611686801685,12,55,55,0.7102939455101556,0.0,0.624256,,,,4.0,,,0.7819064043257535,
26,20260709,20260709,20260710,20260713,000811.SZ,冰轮环境,1→2,通用设备,55.11,FULL,0,0,Outside TOP20,只观察不追,≤55.39,只观察不追,≤55.39,观察池：t_attack<0.55；若竞价弱于预期不追,观察池：t_attack<0.55；若竞价弱于预期不追,只观察不追,≤55.39,只观察不追,≤55.39,观察池：t_attack<0.55；若竞价弱于预期不追,观察池：t_attack<0.55；若竞价弱于预期不追,0.188111,0.188111,55.2376,55.2376,0.536786,0.536786,49.4546,49.4546,0.338523,51.48,0.718013,52.6507,0.7220902394191064,0.9574272697145667,0.15179826060055374,0.5774271510256437,0.49040385980922896,0.4954585444705123,0.4938464754909732,0.48521584233698856,0.8307793249984948,0.05100763486429116,0.08934139886179861,-0.016570862685436855,0.02811443909421905,0.4864783058650003,limitup_probability_engine:model_v1,False,disabled_validation_not_pass:days=16;samples=480;t1_accept_auc=0.49488864549105516;t1_accept_brier=0.2700313117103626;t1_ret_spearman_ic=-0.05027410609663284,degraded,0.207816,0.188111,historical_bin_blend_v1,29.4614,54.2371,62.3317,87.9339,45.5215,45.5215,29,0.5810016180667515,0.06615763925261817,0.2425780105929333,0.11026273208769696,0.588671,0.543673,0.577427,0.520647,0.47294,0.337223,57.2643,40.7904,47.18,48.98,0.0,0.0,83.9382,83.9382,0.173318,47.2389,67.2991,45.6004,53.7736,37.0553,0.370553,0,0,WATCH,t_attack<0.55,professional_score_rule_guarded,36,5517.0,0.44825086097516764,0.0052030862514497525,-0.0019607843137254832,163.0,0.02954504259561356,247.0,0.044770708718506434,2931202837.1126604,0.40790392336508996,0.0,0.07050453250539788,0.07050453250539788,up,high,0.977317,ehx:model_v1,-0.03171203960172385,0.02718874532193572,0.06813006304648188,0.10907138077102804,0.16797216569468867,53.389769664361815,56.62892704672866,58.99550478637248,61.46098410317589,65.18982207413696,0.869156362737322,0.869156362737322,21,46,46,0.6531551741535637,0.0,0.565155,,,,20.0,,,0.8265816385286138,
27,20260709,20260709,20260710,20260713,600353.SH,旭光电子,1→2,其他电子,40.88,FULL,0,0,Outside TOP20,只观察不追,≤41.08,只观察不追,≤41.08,观察池：t_attack<0.55；若竞价弱于预期不追,观察池：t_attack<0.55；若竞价弱于预期不追,只观察不追,≤41.08,只观察不追,≤41.08,观察池：t_attack<0.55；若竞价弱于预期不追,观察池：t_attack<0.55；若竞价弱于预期不追,0.245887,0.245887,36.0722,36.0722,0.573654,0.573654,45.3884,45.3884,0.046459,31.637,0.638217,33.9636,0.6255845528845297,0.889275727751632,0.40394982963566106,0.39028916816210457,0.533826638431801,0.5210273468313319,0.6096227227803949,0.3251511006674997,0.6830064967089364,0.046242320127064175,0.07670746839574195,-0.004473925086477213,0.034154788694812636,0.5173665582524887,limitup_probability_engine:model_v1,False,disabled_validation_not_pass:days=16;samples=480;t1_accept_auc=0.49488864549105516;t1_accept_brier=0.2700313117103626;t1_ret_spearman_ic=-0.05027410609663284,degraded,0.296703,0.245887,historical_bin_blend_v1,28.3363,60.803,40.5622,87.2306,39.9438,39.9438,44,0.5810016180667515,0.06615763925261817,0.2425780105929333,0.11026273208769696,0.588195,0.478021,0.390289,0.573254,0.418933,0.286655,44.3408,40.7904,47.18,48.98,0.0,0.0,83.3513,83.3513,0.152472,59.551,78.7231,40.8765,59.0027,36.9096,0.369096,0,0,WATCH,t_attack<0.55,professional_score_rule_guarded,37,5517.0,0.44825086097516764,0.0052030862514497525,-0.0019607843137254832,163.0,0.02954504259561356,247.0,0.044770708718506434,2931202837.1126604,0.40790392336508996,0.0,0.06685190528600608,0.06685190528600608,up,high,0.954413,ehx:model_v1,-0.05919870019308325,0.013901196146422594,0.06471216726584025,0.1155231383852579,0.18862303472476508,38.53019600508601,41.452249157110124,43.61290588809194,45.88618467466939,49.366101323556464,0.8048355474653367,0.8048355474653367,40,60,60,0.5814486530124319,0.0,0.48969,,,,40.0,,,0.8280939702114568,
28,20260709,20260709,20260710,20260713,688371.SH,菲沃泰,1→2,电子化学,42.01,FULL,0,0,Outside TOP20,只观察不追,≤42.22,只观察不追,≤42.22,观察池：t_attack<0.55；若竞价弱于预期不追,观察池：t_attack<0.55；若竞价弱于预期不追,只观察不追,≤42.22,只观察不追,≤42.22,观察池：t_attack<0.55；若竞价弱于预期不追,观察池：t_attack<0.55；若竞价弱于预期不追,0.243263,0.243263,36.6188,36.6188,0.551969,0.551969,44.5562,44.5562,0.033004,33.0036,0.529792,31.0954,0.6255845528845297,0.9019316708562196,0.40394982963566106,0.39028916816210457,0.533826638431801,0.5210273468313319,0.6096227227803949,0.3251511006674997,0.679045509339348,0.046242320127064175,0.07670746839574195,-0.004728084175802813,0.03496475635259791,0.5173665582524887,limitup_probability_engine:model_v1,False,disabled_validation_not_pass:days=16;samples=480;t1_accept_auc=0.49488864549105516;t1_accept_brier=0.2700313117103626;t1_ret_spearman_ic=-0.05027410609663284,degraded,0.292666,0.243263,historical_bin_blend_v1,28.202,60.3014,39.8091,87.5894,39.6895,39.6895,45,0.5810016180667515,0.06615763925261817,0.2425780105929333,0.11026273208769696,0.572581,0.48062,0.390289,0.567423,0.424052,0.288669,44.3408,40.7904,47.18,48.98,0.0,0.0,83.3891,83.3891,0.153836,58.5985,81.5945,40.6316,58.6615,36.584,0.36584,0,0,WATCH,t_attack<0.55,professional_score_rule_guarded,38,5517.0,0.44825086097516764,0.0052030862514497525,-0.0019607843137254832,163.0,0.02954504259561356,247.0,0.044770708718506434,2931202837.1126604,0.40790392336508996,0.0,0.06685190528600608,0.06685190528600608,up,high,0.935734,ehx:model_v1,-0.07443594961738523,0.007652999710430201,0.06471216726584025,0.1217713348212503,0.20386028414906723,38.99649364556762,42.33273589150162,44.818448541065116,47.45011838536405,51.50958821797597,0.7778508190351014,0.7778508190351014,42,62,62,0.5382352479182883,0.0,0.437224,,,,62.0,,,0.8436719199988554,
29,20260709,20260709,20260710,20260713,002579.SZ,中京电子,1→2,元件,18.06,FULL,0,0,Outside TOP20,只观察不追,≤18.15,只观察不追,≤18.15,观察池：t_attack<0.55；若竞价弱于预期不追,观察池：t_attack<0.55；若竞价弱于预期不追,只观察不追,≤18.15,只观察不追,≤18.15,观察池：t_attack<0.55；若竞价弱于预期不追,观察池：t_attack<0.55；若竞价弱于预期不追,0.353572,0.353572,48.4832,48.4832,0.536353,0.536353,48.2149,48.2149,0.222884,37.7406,0.602409,41.7932,0.5367020600926018,0.9472919505752323,0.5448083592446908,0.5564500365658328,0.5374043631523276,0.5824039257907693,0.48119402498431235,0.4299897552402926,0.6589443512980006,0.04590299756059632,0.09138644771236869,0.024150292768958345,0.027950575167900237,0.536715846780142,limitup_probability_engine:model_v1,False,disabled_validation_not_pass:days=16;samples=480;t1_accept_auc=0.49488864549105516;t1_accept_brier=0.2700313117103626;t1_ret_spearman_ic=-0.05027410609663284,degraded,0.448231,0.353572,historical_bin_blend_v1,40.3216,63.0088,55.0359,88.9409,50.7528,50.7528,13,0.5810016180667515,0.06615763925261817,0.2425780105929333,0.11026273208769696,0.536451,0.59285,0.55645,0.548691,0.473493,0.291052,36.8237,40.7904,47.18,48.98,0.0,0.0,84.3505,84.3505,0.16326,83.7105,63.7378,46.7066,59.2379,36.2585,0.362585,0,0,WATCH,t_attack<0.55,professional_score_rule_guarded,39,5517.0,0.44825086097516764,0.0052030862514497525,-0.0019607843137254832,163.0,0.02954504259561356,247.0,0.044770708718506434,2931202837.1126604,0.40790392336508996,0.0,0.06065415231885706,0.06065415231885706,up,high,0.960437,ehx:model_v1,-0.058768291104451205,0.01064051181012736,0.05888584260986519,0.10713117340960301,0.17653997632418283,17.029229617858068,18.253193660215825,19.155413990878557,20.102229340923312,21.54706310244108,0.7948166594975308,0.7948166594975308,27,66,66,0.7124402120398726,0.0,0.602107,,,,8.0,,,0.851163543407406,
30,20260709,20260709,20260710,20260713,688584.SH,上海合晶,1→2,半导体,40.27,FULL,0,0,Outside TOP20,只观察不追,≤40.47,只观察不追,≤40.47,观察池：t_attack<0.55;t1_accept<0.52;t1_high_profit<0.50；若竞价弱于预期不追,观察池：t_attack<0.55;t1_accept<0.52;t1_high_profit<0.50；若竞价弱于预期不追,只观察不追,≤40.47,只观察不追,≤40.47,观察池：t_attack<0.55;t1_accept<0.52;t1_high_profit<0.50；若竞价弱于预期不追,观察池：t_attack<0.55;t1_accept<0.52;t1_high_profit<0.50；若竞价弱于预期不追,0.306811,0.306811,53.0265,53.0265,0.521109,0.521109,49.8213,49.8213,0.250221,46.2904,0.589789,44.6231,0.6133432116117474,0.9371659623559929,0.4505219038979241,0.575171992061545,0.4776354385162627,0.5830650220715621,0.5618088187006806,0.31612332929518333,0.5913647804576316,0.04783440979376438,0.0909992002294529,-0.012870535449356115,0.016446630571447532,0.5443830677440197,limitup_probability_engine:model_v1,False,disabled_validation_not_pass:days=16;samples=480;t1_accept_auc=0.49488864549105516;t1_accept_brier=0.2700313117103626;t1_ret_spearman_ic=-0.05027410609663284,degraded,0.390432,0.306811,historical_bin_blend_v1,37.7461,52.2068,61.5456,87.8784,50.0038,50.0038,18,0.5810016180667515,0.06615763925261817,0.2425780105929333,0.11026273208769696,0.546935,0.57992,0.575172,0.51883,0.447598,0.267559,44.3408,40.7904,47.18,48.98,0.0,0.0,83.6805,83.6805,0.153431,53.5884,41.0582,47.1177,50.8112,35.8519,0.358519,0,0,WATCH,t_attack<0.55;t1_accept<0.52;t1_high_profit<0.50,professional_score_rule_guarded,42,5517.0,0.44825086097516764,0.0052030862514497525,-0.0019607843137254832,163.0,0.02954504259561356,247.0,0.044770708718506434,2931202837.1126604,0.40790392336508996,0.0,0.06685190528600608,0.06685190528600608,up,high,0.950968,ehx:model_v1,-0.0572259712982227,0.014710134643576026,0.06471216726584025,0.11471419988810448,0.1866503058299045,38.03020846676905,40.86675553839734,42.96212622586747,45.16493334326861,48.5336358716043,0.8086462175811646,0.8086462175811646,20,58,58,0.6789652504536533,0.0,0.584272,,,,12.0,,,0.8399162607977488,
31,20260709,20260709,20260710,20260713,002409.SZ,雅克科技,1→2,半导体,209.0,FULL,0,0,Outside TOP20,只观察不追,≤210.04,只观察不追,≤210.04,观察池：t_attack<0.55；若竞价弱于预期不追,观察池：t_attack<0.55；若竞价弱于预期不追,只观察不追,≤210.04,只观察不追,≤210.04,观察池：t_attack<0.55；若竞价弱于预期不追,观察池：t_attack<0.55；若竞价弱于预期不追,0.1092,0.1092,49.9559,49.9559,0.532976,0.532976,47.1185,47.1185,0.244815,36.858,0.635991,42.9555,0.6787539502278358,0.9745679225020903,0.0681900853009608,0.5868775999136443,0.4861950075550177,0.6095441582414654,0.5534803912853364,0.29695377926540456,0.6323990665025413,0.0648419235480249,0.10351800664112946,-0.01591500791511703,0.03932262414422947,0.4924499038499414,limitup_probability_engine:model_v1,False,disabled_validation_not_pass:days=16;samples=480;t1_accept_auc=0.49488864549105516;t1_accept_brier=0.2700313117103626;t1_ret_spearman_ic=-0.05027410609663284,degraded,0.121178,0.1092,historical_bin_blend_v1,23.4218,55.8774,54.8384,85.0687,39.9873,39.9873,43,0.5810016180667515,0.06615763925261817,0.2425780105929333,0.11026273208769696,0.573794,0.523467,0.586878,0.527968,0.443807,0.275758,39.3656,40.7904,47.18,48.98,0.0,0.0,82.3215,82.3215,0.154552,48.3086,86.379,41.8483,56.5358,35.0316,0.350316,0,0,WATCH,t_attack<0.55,professional_score_rule_guarded,44,5517.0,0.44825086097516764,0.0052030862514497525,-0.0019607843137254832,163.0,0.02954504259561356,247.0,0.044770708718506434,2931202837.1126604,0.40790392336508996,0.0,0.06184048978192969,0.06184048978192969,up,high,0.973852,ehx:model_v1,-0.04345285326283588,0.017580246318546357,0.06000371359345383,0.1024271808683613,0.16346028044974464,200.11283824999683,212.70675887899793,221.92466236442328,231.54203479533223,246.1139235056755,0.8299575942352849,0.8299575942352849,29,63,63,0.7206363115984082,0.0,0.617279,,,,5.0,,,0.7843670024875773,
32,20260709,20260709,20260710,20260713,603813.SH,原尚股份,1→2,物流,36.42,FULL,0,0,Outside TOP20,只观察不追,≤36.60,只观察不追,≤36.60,观察池：t_attack<0.55；若竞价弱于预期不追,观察池：t_attack<0.55；若竞价弱于预期不追,只观察不追,≤36.60,只观察不追,≤36.60,观察池：t_attack<0.55；若竞价弱于预期不追,观察池：t_attack<0.55；若竞价弱于预期不追,0.326174,0.326174,45.1862,45.1862,0.557847,0.557847,48.3538,48.3538,0.374179,52.6173,0.649557,52.7811,0.5367310214443961,0.8368701284271791,0.4197518363200417,0.4023219244238194,0.5257253342052782,0.47303392753430445,0.5551458645834484,0.4044789712868436,0.7130168333238267,0.05241462477033339,0.07218850714597733,-0.00760192249109062,0.024682960341891377,0.4873938918656412,limitup_probability_engine:model_v1,False,disabled_validation_not_pass:days=16;samples=480;t1_accept_auc=0.49488864549105516;t1_accept_brier=0.2700313117103626;t1_ret_spearman_ic=-0.05027410609663284,degraded,0.40608,0.326174,historical_bin_blend_v1,35.2449,57.1716,53.5982,89.4309,47.1224,47.1224,24,0.5810016180667515,0.06615763925261817,0.2425780105929333,0.11026273208769696,0.551935,0.496582,0.402322,0.535636,0.458498,0.302206,44.3408,40.7904,47.18,48.98,0.0,0.0,84.6815,84.6815,0.163015,56.4427,55.3186,42.8222,54.0817,34.8496,0.348496,0,0,WATCH,t_attack<0.55,professional_score_rule_guarded,45,5517.0,0.44825086097516764,0.0052030862514497525,-0.0019607843137254832,163.0,0.02954504259561356,247.0,0.044770708718506434,2931202837.1126604,0.40790392336508996,0.0,0.06685190528600608,0.06685190528600608,up,high,0.967352,ehx:model_v1,-0.04586292837040755,0.01936967143703215,0.06471216726584025,0.11005466309464836,0.17528726290208924,34.78739630129727,37.13231986380782,38.85474639051635,40.657069706619936,43.397651954051135,0.8321314262034839,0.8321314262034839,26,59,59,0.5967965110298165,0.0,0.521542,,,,31.0,,,0.8549784096893651,
33,20260709,20260709,20260710,20260713,002208.SZ,合肥城建,1→2,房地产开发,19.12,FULL,0,0,Outside TOP20,只观察不追,≤19.22,只观察不追,≤19.22,观察池：t_attack<0.55;t1_accept<0.52;t1_high_profit<0.50；若竞价弱于预期不追,观察池：t_attack<0.55;t1_accept<0.52;t1_high_profit<0.50；若竞价弱于预期不追,只观察不追,≤19.22,只观察不追,≤19.22,观察池：t_attack<0.55;t1_accept<0.52;t1_high_profit<0.50；若竞价弱于预期不追,观察池：t_attack<0.55;t1_accept<0.52;t1_high_profit<0.50；若竞价弱于预期不追,0.325368,0.325368,30.2953,30.2953,0.452137,0.452137,38.4585,38.4585,0.034031,25.575,0.672503,32.5814,0.46112482717593944,0.9209122731059832,0.5637564056368514,0.334421595232503,0.40139255979655,0.4342904444041879,0.3874836161341779,0.4531616023236652,0.7772144680901735,0.03861259976453442,0.08167853626510044,-0.01454538204010704,0.015921760831655443,0.4324784209584417,limitup_probability_engine:model_v1,False,disabled_validation_not_pass:days=16;samples=480;t1_accept_auc=0.49488864549105516;t1_accept_brier=0.2700313117103626;t1_ret_spearman_ic=-0.05027410609663284,degraded,0.404839,0.325368,historical_bin_blend_v1,32.4756,46.0893,22.5015,84.5701,36.7008,36.7008,57,0.5810016180667515,0.06615763925261817,0.2425780105929333,0.11026273208769696,0.454654,0.49538,0.334422,0.460751,0.493359,0.328736,64.0567,40.7904,47.18,48.98,0.0,0.0,81.9076,81.9076,0.175127,51.3432,40.0267,40.5164,46.8258,34.0729,0.340729,0,0,WATCH,t_attack<0.55;t1_accept<0.52;t1_high_profit<0.50,professional_score_rule_guarded,47,5517.0,0.44825086097516764,0.0052030862514497525,-0.0019607843137254832,163.0,0.02954504259561356,247.0,0.044770708718506434,2931202837.1126604,0.40790392336508996,0.0,0.0712061164509587,0.0712061164509587,up,high,0.957865,ehx:model_v1,-0.05499928619658949,0.018026067779579144,0.06878522528419892,0.1195443827888187,0.19256973676498865,18.096808946429945,19.46778358384981,20.48146094654233,21.54791996212356,23.18034321666938,0.8196470608395124,0.8196470608395124,67,39,39,0.5564855864859434,0.0,0.45454,,,,57.0,,,0.7853047857706865,
34,20260709,20260709,20260710,20260713,301379.SZ,天山电子,1→2,光学光电,36.97,FULL,0,0,Outside TOP20,只观察不追,≤37.15,只观察不追,≤37.15,观察池：t_attack<0.55；若竞价弱于预期不追,观察池：t_attack<0.55；若竞价弱于预期不追,只观察不追,≤37.15,只观察不追,≤37.15,观察池：t_attack<0.55；若竞价弱于预期不追,观察池：t_attack<0.55；若竞价弱于预期不追,0.261898,0.261898,38.6775,38.6775,0.539791,0.539791,43.4843,43.4843,0.091696,36.3455,0.559276,35.1848,0.5367310214443961,0.8368701284271791,0.4197518363200417,0.4023219244238194,0.5257253342052782,0.47303392753430445,0.5551458645834484,0.4044789712868436,0.7130168333238267,0.05241462477033339,0.07218850714597733,-0.00760192249109062,0.024682960341891377,0.4873938918656412,limitup_probability_engine:model_v1,False,disabled_validation_not_pass:days=16;samples=480;t1_accept_auc=0.49488864549105516;t1_accept_brier=0.2700313117103626;t1_ret_spearman_ic=-0.05027410609663284,degraded,0.321335,0.261898,historical_bin_blend_v1,29.9662,56.7202,37.2606,89.6875,40.0907,40.0907,42,0.5810016180667515,0.06615763925261817,0.2425780105929333,0.11026273208769696,0.538934,0.473443,0.402322,0.530839,0.462738,0.304569,44.3408,40.7904,47.18,48.98,0.0,0.0,84.7082,84.7082,0.164298,56.4427,55.3186,40.9134,53.592,33.9799,0.339799,0,0,WATCH,t_attack<0.55,professional_score_rule_guarded,48,5517.0,0.44825086097516764,0.0052030862514497525,-0.0019607843137254832,163.0,0.02954504259561356,247.0,0.044770708718506434,2931202837.1126604,0.40790392336508996,0.0,0.06685190528600608,0.06685190528600608,up,high,0.953955,ehx:model_v1,-0.053183675026011956,0.0163677212891664,0.06471216726584025,0.1130566132425141,0.18260800955769374,35.05516971090622,37.58009395960219,39.441514938423644,41.395136007647245,44.37671001073246,0.8166967534277281,0.8166967534277281,49,61,61,0.6010242494880558,0.0,0.482594,,,,45.0,,,0.8661402139250538,
35,20260709,20260709,20260710,20260713,000021.SZ,深科技,1→2,消费电子,56.24,FULL,0,0,Outside TOP20,只观察不追,≤56.52,只观察不追,≤56.52,观察池：t_attack<0.55;t1_accept<0.52；若竞价弱于预期不追,观察池：t_attack<0.55;t1_accept<0.52；若竞价弱于预期不追,只观察不追,≤56.52,只观察不追,≤56.52,观察池：t_attack<0.55;t1_accept<0.52；若竞价弱于预期不追,观察池：t_attack<0.55;t1_accept<0.52；若竞价弱于预期不追,0.085928,0.085928,27.9613,27.9613,0.538419,0.538419,40.7617,40.7617,0.041538,22.6921,0.627613,30.9372,0.7152352595148712,0.9139722891907067,0.10416151868402249,0.3147409327470876,0.47962326955658074,0.46630893419325375,0.5964143622274792,0.37731707952461657,0.8317971428918959,0.04795221261254351,0.08931650585898725,-0.028089224511916942,0.02546459776574111,0.4495633502858075,limitup_probability_engine:model_v1,False,disabled_validation_not_pass:days=16;samples=480;t1_accept_auc=0.49488864549105516;t1_accept_brier=0.2700313117103626;t1_ret_spearman_ic=-0.05027410609663284,degraded,0.085374,0.085928,historical_bin_blend_v1,14.6483,48.097,23.8038,83.4732,26.6709,26.6709,74,0.5810016180667515,0.06615763925261817,0.2425780105929333,0.11026273208769696,0.587928,0.400153,0.314741,0.513823,0.445762,0.331706,57.2643,40.7904,47.18,48.98,0.0,0.0,81.4622,81.4622,0.167212,26.751,58.1817,35.2458,49.2499,32.7286,0.327286,0,0,WATCH,t_attack<0.55;t1_accept<0.52,professional_score_rule_guarded,50,5517.0,0.44825086097516764,0.0052030862514497525,-0.0019607843137254832,163.0,0.02954504259561356,247.0,0.044770708718506434,2931202837.1126604,0.40790392336508996,0.0,0.07050453250539788,0.07050453250539788,up,high,0.976686,ehx:model_v1,-0.032681178045092144,0.0267913397798187,0.06813006304648188,0.10946878631314505,0.16894130413805697,54.43171985249104,57.767110271818986,60.20517490810358,62.74613822051603,66.5910078817667,0.8668496191721876,0.8668496191721876,62,50,50,0.5811083430789938,0.0,0.456479,,,,54.0,,,0.7582953457680509,
36,20260709,20260709,20260710,20260713,002364.SZ,中恒电气,1→2,其他电源,54.42,FULL,0,0,Outside TOP20,只观察不追,≤54.69,只观察不追,≤54.69,观察池：t_attack<0.55;t1_accept<0.52；若竞价弱于预期不追,观察池：t_attack<0.55;t1_accept<0.52；若竞价弱于预期不追,只观察不追,≤54.69,只观察不追,≤54.69,观察池：t_attack<0.55;t1_accept<0.52；若竞价弱于预期不追,观察池：t_attack<0.55;t1_accept<0.52；若竞价弱于预期不追,0.082251,0.082251,33.6774,33.6774,0.551136,0.551136,40.7741,40.7741,0.022684,34.0994,0.650579,34.2578,0.683960634122005,0.911171896719624,0.10416151868402249,0.3339604657538042,0.5152898835752229,0.4101351332891237,0.5504426892215062,0.4980394901766874,0.8436961158376153,0.04765019545589188,0.08409476432068107,-0.02841191090149703,0.02546459776574111,0.4349437022310034,limitup_probability_engine:model_v1,False,disabled_validation_not_pass:days=16;samples=480;t1_accept_auc=0.49488864549105516;t1_accept_brier=0.2700313117103626;t1_ret_spearman_ic=-0.05027410609663284,degraded,0.079718,0.082251,historical_bin_blend_v1,15.3011,49.8334,27.774,91.1137,28.9706,28.9706,72,0.5810016180667515,0.06615763925261817,0.2425780105929333,0.11026273208769696,0.588327,0.404964,0.33396,0.502342,0.480665,0.343113,57.2643,40.7904,47.18,48.98,0.0,0.0,85.6511,85.6511,0.176005,25.3393,58.1817,36.2294,49.2329,32.5574,0.325574,0,0,WATCH,t_attack<0.55;t1_accept<0.52,professional_score_rule_guarded,51,5517.0,0.44825086097516764,0.0052030862514497525,-0.0019607843137254832,163.0,0.02954504259561356,247.0,0.044770708718506434,2931202837.1126604,0.40790392336508996,0.0,0.07050453250539788,0.07050453250539788,up,high,0.971715,ehx:model_v1,-0.03721725191095947,0.024931274372153506,0.06813006304648188,0.11132885172081025,0.17347737800392435,52.431863125796795,55.79381426225827,58.256856658943754,60.828631142296665,64.72898625856617,0.8562806828771469,0.8562806828771469,61,51,51,0.5249804160793955,0.0,0.428376,,,,67.0,,,0.878518165189854,
37,20260709,20260709,20260710,20260713,002815.SZ,崇达技术,1→2,元件,17.15,FULL,0,0,Outside TOP20,只观察不追,≤17.24,只观察不追,≤17.24,观察池：t_attack<0.55；若竞价弱于预期不追,观察池：t_attack<0.55；若竞价弱于预期不追,只观察不追,≤17.24,只观察不追,≤17.24,观察池：t_attack<0.55；若竞价弱于预期不追,观察池：t_attack<0.55；若竞价弱于预期不追,0.357704,0.357704,48.7127,48.7127,0.471951,0.471951,46.0315,46.0315,0.034848,37.4779,0.521294,31.8568,0.5386972192768068,0.9452193045799436,0.6344764122217966,0.5620252088106936,0.4593607490628847,0.6521812886216446,0.4601734132905377,0.4308683735935992,0.6365465617855196,0.042377947369611195,0.09792063639476194,0.018500767422227626,0.033400766450123145,0.5487458550134012,limitup_probability_engine:model_v1,False,disabled_validation_not_pass:days=16;samples=480;t1_accept_auc=0.49488864549105516;t1_accept_brier=0.2700313117103626;t1_ret_spearman_ic=-0.05027410609663284,degraded,0.454588,0.357704,historical_bin_blend_v1,40.7424,58.1452,49.7682,85.1369,48.9782,48.9782,21,0.5810016180667515,0.06615763925261817,0.2425780105929333,0.11026273208769696,0.49064,0.595764,0.562025,0.510032,0.515829,0.294029,26.7533,40.7904,47.18,48.98,0.0,0.0,82.2354,82.2354,0.171536,80.306,75.868,45.8542,57.6464,32.3926,0.323926,0,0,WATCH,t_attack<0.55,professional_score_rule_guarded,52,5517.0,0.44825086097516764,0.0052030862514497525,-0.0019607843137254832,163.0,0.02954504259561356,247.0,0.044770708718506434,2931202837.1126604,0.40790392336508996,0.0,0.04570245658973817,0.04570245658973817,up,high,0.959469,ehx:model_v1,-0.07372618595887623,-0.0038684869301405383,0.04468886684957694,0.09324622062929441,0.16310391965803137,15.931081105920194,17.08378361034545,17.93379713051401,18.82610356429872,20.188277078001587,0.7326193280901536,0.7326193280901536,37,72,72,0.6551209249128647,0.0,0.542848,,,,25.0,,,0.79316177568055,
38,20260709,20260709,20260710,20260713,301607.SZ,富特科技,1→2,汽车零部件,57.37,FULL,0,0,Outside TOP20,只观察不追,≤57.66,只观察不追,≤57.66,观察池：t_attack<0.55;t1_accept<0.52；若竞价弱于预期不追,观察池：t_attack<0.55;t1_accept<0.52；若竞价弱于预期不追,只观察不追,≤57.66,只观察不追,≤57.66,观察池：t_attack<0.55;t1_accept<0.52；若竞价弱于预期不追,观察池：t_attack<0.55;t1_accept<0.52；若竞价弱于预期不追,0.083324,0.083324,30.7253,30.7253,0.527369,0.527369,40.9798,40.9798,0.028182,29.6022,0.572365,31.0596,0.7424322607954659,0.9139722891907067,0.10416151868402249,0.3147409327470876,0.47962326955658074,0.44699538105323283,0.5964143622274792,0.37731707952461657,0.8282504941878166,0.04795221261254351,0.08931650585898725,-0.028089224511916942,0.022648852724882217,0.4517549130767117,limitup_probability_engine:model_v1,False,disabled_validation_not_pass:days=16;samples=480;t1_accept_auc=0.49488864549105516;t1_accept_brier=0.2700313117103626;t1_ret_spearman_ic=-0.05027410609663284,degraded,0.081368,0.083324,historical_bin_blend_v1,14.7372,47.1113,26.5433,87.0062,27.7115,27.7115,73,0.5810016180667515,0.06615763925261817,0.2425780105929333,0.11026273208769696,0.587587,0.399216,0.314741,0.506553,0.450073,0.334291,57.2643,40.7904,47.18,48.98,0.0,0.0,83.2078,83.2078,0.168557,26.751,50.7726,35.5047,47.8652,32.3617,0.323617,0,0,WATCH,t_attack<0.55;t1_accept<0.52,professional_score_rule_guarded,53,5517.0,0.44825086097516764,0.0052030862514497525,-0.0019607843137254832,163.0,0.02954504259561356,247.0,0.044770708718506434,2931202837.1126604,0.40790392336508996,0.0,0.07050453250539788,0.07050453250539788,up,high,0.952176,ehx:model_v1,-0.05237281102228114,0.01871657591917665,0.06813006304648188,0.1175435501737871,0.1886329371152462,54.44269646953747,58.45388159552005,61.41484502983467,64.52579515827536,69.27987470549064,0.8238065266303776,0.8238065266303776,60,49,49,0.5888666541779028,0.0,0.458999,,,,53.0,,,0.8258468249326085,
39,20260709,20260709,20260710,20260713,002851.SZ,麦格米特,1→2,其他电源,159.59,FULL,0,0,Outside TOP20,只观察不追,≤160.39,只观察不追,≤160.39,观察池：t_attack<0.55;t1_accept<0.52；若竞价弱于预期不追,观察池：t_attack<0.55;t1_accept<0.52；若竞价弱于预期不追,只观察不追,≤160.39,只观察不追,≤160.39,观察池：t_attack<0.55;t1_accept<0.52；若竞价弱于预期不追,观察池：t_attack<0.55;t1_accept<0.52；若竞价弱于预期不追,0.077948,0.077948,43.7789,43.7789,0.510496,0.510496,44.0544,44.0544,0.032952,35.7858,0.611616,33.8644,0.7931530824574378,0.952531821783614,0.09030367492299304,0.4910755970780023,0.44511770831077957,0.48737711643626697,0.5734324727485212,0.4219396818431339,0.7397126188498176,0.058702646005379326,0.09637032767695322,-0.03029011972478738,0.028097721895085064,0.4828300818752487,limitup_probability_engine:model_v1,False,disabled_validation_not_pass:days=16;samples=480;t1_accept_auc=0.49488864549105516;t1_accept_brier=0.2700313117103626;t1_ret_spearman_ic=-0.05027410609663284,degraded,0.073098,0.077948,historical_bin_blend_v1,18.8295,45.5318,41.4025,88.0755,33.707,33.707,62,0.5810016180667515,0.06615763925261817,0.2425780105929333,0.11026273208769696,0.58964,0.471557,0.491076,0.485295,0.486674,0.316556,49.0958,40.7904,47.18,48.98,0.0,0.0,83.8678,83.8678,0.171244,23.0348,65.5375,39.8623,48.2911,31.9817,0.319817,0,0,WATCH,t_attack<0.55;t1_accept<0.52,professional_score_rule_guarded,56,5517.0,0.44825086097516764,0.0052030862514497525,-0.0019607843137254832,163.0,0.02954504259561356,247.0,0.044770708718506434,2931202837.1126604,0.40790392336508996,0.0,0.0696024343838334,0.0696024343838334,up,high,0.960044,ehx:model_v1,-0.05279235894857118,0.018047193197257637,0.0672870227789164,0.11652685236057517,0.1873664045064053,151.3833963364271,162.4962979409367,170.697852503316,179.31335801776024,192.47656978503454,0.8216577577927395,0.8216577577927395,47,56,56,0.5438886242234443,0.0,0.435179,,,,64.0,,,0.8380611768432079,
40,20260709,20260709,20260710,20260713,001395.SZ,亚联机械,1→2,专用设备,26.03,FULL,0,0,Outside TOP20,只观察不追,≤26.16,只观察不追,≤26.16,观察池：t_attack<0.55；若竞价弱于预期不追,观察池：t_attack<0.55；若竞价弱于预期不追,只观察不追,≤26.16,只观察不追,≤26.16,观察池：t_attack<0.55；若竞价弱于预期不追,观察池：t_attack<0.55；若竞价弱于预期不追,0.357422,0.357422,45.3425,45.3425,0.496455,0.496455,47.4318,47.4318,0.253768,50.1265,0.686387,47.0754,0.5351796851599417,0.8511950514713916,0.5400340526189064,0.4215312044644318,0.3936107622364312,0.5231408529638302,0.5707674387200092,0.4394009665872975,0.6833793982845144,0.05441718293497155,0.07488516085180075,0.008377891333045584,0.02548338499767173,0.5034821793865403,limitup_probability_engine:model_v1,False,disabled_validation_not_pass:days=16;samples=480;t1_accept_auc=0.49488864549105516;t1_accept_brier=0.2700313117103626;t1_ret_spearman_ic=-0.05027410609663284,degraded,0.454154,0.357422,historical_bin_blend_v1,37.8562,53.4703,52.6109,75.5167,46.6209,46.6209,26,0.5810016180667515,0.06615763925261817,0.2425780105929333,0.11026273208769696,0.507298,0.518758,0.421531,0.530997,0.499842,0.300484,33.8454,40.7904,47.18,48.98,0.0,0.0,77.1629,77.1629,0.170078,75.5967,59.5047,42.8241,54.6985,31.5088,0.315088,0,0,WATCH,t_attack<0.55,professional_score_rule_guarded,58,5517.0,0.44825086097516764,0.0052030862514497525,-0.0019607843137254832,163.0,0.02954504259561356,247.0,0.044770708718506434,2931202837.1126604,0.40790392336508996,0.0,0.05947780759750818,0.05947780759750818,up,high,0.989145,ehx:model_v1,-0.03432227302151855,0.020010212007839007,0.05777615239783794,0.09554209278783687,0.14987457781719543,25.151749229224315,26.556112070736393,27.57820733176314,28.639641134509795,30.23875249002595,0.8489327553889747,0.8489327553889747,28,69,69,0.6485025612487764,0.0,0.56159,,,,22.0,,,0.6291791941021143,
41,20260709,20260709,20260710,20260713,300469.SZ,信息发展,1→2,软件开发,59.64,FULL,0,0,Outside TOP20,只观察不追,≤59.94,只观察不追,≤59.94,观察池：t_attack<0.55;t1_accept<0.52;t1_high_profit<0.50；若竞价弱于预期不追,观察池：t_attack<0.55;t1_accept<0.52;t1_high_profit<0.50；若竞价弱于预期不追,只观察不追,≤59.94,只观察不追,≤59.94,观察池：t_attack<0.55;t1_accept<0.52;t1_high_profit<0.50；若竞价弱于预期不追,观察池：t_attack<0.55;t1_accept<0.52;t1_high_profit<0.50；若竞价弱于预期不追,0.101452,0.101452,35.7205,35.7205,0.49887,0.49887,41.3437,41.3437,0.029192,35.2812,0.523908,31.2011,0.7361111195970468,0.90697617972387,0.14357014901381218,0.3601336281872857,0.451706908488201,0.4529531509566345,0.5825973223722284,0.3862867202672757,0.8096057368668101,0.04795221261254351,0.08931650585898725,-0.03152588668185551,0.01994452617406396,0.459135881656643,limitup_probability_engine:model_v1,False,disabled_validation_not_pass:days=16;samples=480;t1_accept_auc=0.49488864549105516;t1_accept_brier=0.2700313117103626;t1_ret_spearman_ic=-0.05027410609663284,degraded,0.109257,0.101452,historical_bin_blend_v1,17.359,43.1382,31.162,85.569,29.9338,29.9338,71,0.5810016180667515,0.06615763925261817,0.2425780105929333,0.11026273208769696,0.565298,0.420124,0.360134,0.481944,0.46743,0.336205,57.2643,40.7904,47.18,48.98,0.0,0.0,82.1418,82.1418,0.172103,20.0392,47.3487,37.1343,45.124,31.43,0.3143,0,0,WATCH,t_attack<0.55;t1_accept<0.52;t1_high_profit<0.50,professional_score_rule_guarded,59,5517.0,0.44825086097516764,0.0052030862514497525,-0.0019607843137254832,163.0,0.02954504259561356,247.0,0.044770708718506434,2931202837.1126604,0.40790392336508996,0.0,0.07050453250539788,0.07050453250539788,up,high,0.920831,ehx:model_v1,-0.11819762826015094,-0.00827559156543152,0.06813006304648188,0.1445357176583953,0.2544577543531167,52.991358952954826,59.148480332203725,63.84489031862193,68.91419689742342,76.92140945876957,0.7262248288677995,0.7262248288677995,57,53,53,0.5194240907310474,0.0,0.397657,,,,74.0,,,0.8206135094120239,
42,20260709,20260709,20260710,20260713,003018.SZ,金富科技,1→2,包装印刷,68.31,FULL,0,0,Outside TOP20,只观察不追,≤68.65,只观察不追,≤68.65,观察池：t_attack<0.55;t1_accept<0.52；若竞价弱于预期不追,观察池：t_attack<0.55;t1_accept<0.52；若竞价弱于预期不追,只观察不追,≤68.65,只观察不追,≤68.65,观察池：t_attack<0.55;t1_accept<0.52；若竞价弱于预期不追,观察池：t_attack<0.55;t1_accept<0.52；若竞价弱于预期不追,0.117012,0.117012,40.7692,40.7692,0.520217,0.520217,43.7212,43.7212,0.185661,42.3671,0.652732,42.5544,0.7218950114113225,0.932706568396584,0.11070887046369045,0.3970391555779295,0.44903120037939187,0.4029599481505924,0.57081490365016,0.399450146186604,0.828011042308152,0.05802833651041995,0.09562735316183096,-0.0321244536452685,0.025577288677603657,0.4468367051542009,limitup_probability_engine:model_v1,False,disabled_validation_not_pass:days=16;samples=480;t1_accept_auc=0.49488864549105516;t1_accept_brier=0.2700313117103626;t1_ret_spearman_ic=-0.05027410609663284,degraded,0.133195,0.117012,historical_bin_blend_v1,19.6485,44.6191,39.0561,87.0445,33.4396,33.4396,64,0.5810016180667515,0.06615763925261817,0.2425780105929333,0.11026273208769696,0.576687,0.446216,0.397039,0.477426,0.479909,0.338795,50.5729,40.7904,47.18,48.98,0.0,0.0,83.3785,83.3785,0.174919,18.9862,61.2889,38.165,46.8283,30.8395,0.308395,0,0,WATCH,t_attack<0.55;t1_accept<0.52,professional_score_rule_guarded,63,5517.0,0.44825086097516764,0.0052030862514497525,-0.0019607843137254832,163.0,0.02954504259561356,247.0,0.044770708718506434,2931202837.1126604,0.40790392336508996,0.0,0.07014946247065598,0.07014946247065598,up,high,0.969521,ehx:model_v1,-0.040233771338514565,0.023498612101559582,0.06779832327085111,0.11209803444014264,0.17583041788021794,65.61618561188604,69.93419866236964,73.10190978137051,76.413104259377,81.44163157078765,0.8490272342381409,0.8490272342381409,48,54,54,0.5917100608996251,0.0,0.493468,,,,38.0,,,0.817097081699768,
43,20260709,20260709,20260710,20260713,002281.SZ,光迅科技,1→2,通信设备,238.49,FULL,0,0,Outside TOP20,只观察不追,≤239.68,只观察不追,≤239.68,观察池：t_attack<0.55;t1_accept<0.52；若竞价弱于预期不追,观察池：t_attack<0.55;t1_accept<0.52；若竞价弱于预期不追,只观察不追,≤239.68,只观察不追,≤239.68,观察池：t_attack<0.55;t1_accept<0.52；若竞价弱于预期不追,观察池：t_attack<0.55;t1_accept<0.52；若竞价弱于预期不追,0.07648,0.07648,45.1425,45.1425,0.487406,0.487406,43.238,43.238,0.02542,39.195,0.600636,34.0302,0.7931530824574378,0.952531821783614,0.09030367492299304,0.4910755970780023,0.43139967499179915,0.48737711643626697,0.5200346369511913,0.30355197280334123,0.6609288138588482,0.05826905020226976,0.09637032767695322,-0.0314875119334755,0.028097721895085064,0.4702299900511254,limitup_probability_engine:model_v1,False,disabled_validation_not_pass:days=16;samples=480;t1_accept_auc=0.49488864549105516;t1_accept_brier=0.2700313117103626;t1_ret_spearman_ic=-0.05027410609663284,degraded,0.070839,0.07648,historical_bin_blend_v1,18.8602,43.9038,40.0585,86.7986,33.1503,33.1503,67,0.5810016180667515,0.06615763925261817,0.2425780105929333,0.11026273208769696,0.573015,0.471029,0.491076,0.447672,0.48612,0.293752,39.3656,40.7904,47.18,48.98,0.0,0.0,83.2105,83.2105,0.166127,21.3679,65.5375,38.9291,46.3816,29.5333,0.295333,0,0,WATCH,t_attack<0.55;t1_accept<0.52,professional_score_rule_guarded,65,5517.0,0.44825086097516764,0.0052030862514497525,-0.0019607843137254832,163.0,0.02954504259561356,247.0,0.044770708718506434,2931202837.1126604,0.40790392336508996,0.0,0.06184048978192969,0.06184048978192969,up,high,0.965832,ehx:model_v1,-0.05137886805570849,0.014330099523583176,0.06000371359345383,0.10567732766332448,0.17138629524261734,226.5461127886162,241.9321899931928,253.2383384080924,265.0728538500641,283.0755083382481,0.8122211299095472,0.8122211299095472,51,65,65,0.5336543258827716,0.0,0.435645,,,,63.0,,,0.815299839109476,
44,20260709,20260709,20260710,20260713,688610.SH,埃科光电,1→2,通用设备,231.5,FULL,0,0,Outside TOP20,只观察不追,≤232.66,只观察不追,≤232.66,观察池：t_attack<0.55;t1_accept<0.52；若竞价弱于预期不追,观察池：t_attack<0.55;t1_accept<0.52；若竞价弱于预期不追,只观察不追,≤232.66,只观察不追,≤232.66,观察池：t_attack<0.55;t1_accept<0.52；若竞价弱于预期不追,观察池：t_attack<0.55;t1_accept<0.52；若竞价弱于预期不追,0.079148,0.079148,43.8851,43.8851,0.473698,0.473698,42.6354,42.6354,0.039102,36.0514,0.532096,32.1174,0.7931530824574378,0.952531821783614,0.09030367492299304,0.4910755970780023,0.43139967499179915,0.48737711643626697,0.5200346369511913,0.30355197280334123,0.6609288138588482,0.05826905020226976,0.09637032767695322,-0.0314875119334755,0.028097721895085064,0.4702299900511254,limitup_probability_engine:model_v1,False,disabled_validation_not_pass:days=16;samples=480;t1_accept_auc=0.49488864549105516;t1_accept_brier=0.2700313117103626;t1_ret_spearman_ic=-0.05027410609663284,degraded,0.074943,0.079148,historical_bin_blend_v1,18.9265,43.5611,38.223,87.1001,32.7542,32.7542,68,0.5810016180667515,0.06615763925261817,0.2425780105929333,0.11026273208769696,0.563145,0.471989,0.491076,0.44403,0.489338,0.297683,39.3656,40.7904,47.18,48.98,0.0,0.0,83.1194,83.1194,0.167571,21.3679,65.5375,38.6633,46.0043,29.1679,0.291679,0,0,WATCH,t_attack<0.55;t1_accept<0.52,professional_score_rule_guarded,67,5517.0,0.44825086097516764,0.0052030862514497525,-0.0019607843137254832,163.0,0.02954504259561356,247.0,0.044770708718506434,2931202837.1126604,0.40790392336508996,0.0,0.06184048978192969,0.06184048978192969,up,high,0.935874,ehx:model_v1,-0.0790409029783383,0.002986987443248483,0.06000371359345383,0.11702043974365917,0.19904833016524745,213.9064929174504,232.1925213545121,245.8160733845167,260.23896713677635,282.48577736020985,0.7610936253200882,0.7610936253200882,53,64,64,0.6007522176679782,0.0,0.501074,,,,34.0,,,0.8360691850812012,
45,20260709,20260709,20260710,20260713,002829.SZ,星网宇达,1→2,航天装备,17.73,FULL,0,0,Outside TOP20,只观察不追,≤17.82,只观察不追,≤17.82,观察池：t_attack<0.55;t1_accept<0.52;t1_high_profit<0.50；若竞价弱于预期不追,观察池：t_attack<0.55;t1_accept<0.52;t1_high_profit<0.50；若竞价弱于预期不追,只观察不追,≤17.82,只观察不追,≤17.82,观察池：t_attack<0.55;t1_accept<0.52;t1_high_profit<0.50；若竞价弱于预期不追,观察池：t_attack<0.55;t1_accept<0.52;t1_high_profit<0.50；若竞价弱于预期不追,0.373787,0.373787,48.9667,48.9667,0.486426,0.486426,47.0798,47.0798,0.1177,37.2742,0.606723,36.8809,0.5689028530973472,0.9332216660789233,0.6343140704583473,0.567616999361573,0.4596812418739005,0.5935989425344107,0.4490279519605242,0.4243359992892098,0.6770984538806942,0.04530081502748978,0.09141739647296851,-0.01684375845506294,0.01645828294368881,0.5446625823471452,limitup_probability_engine:model_v1,False,disabled_validation_not_pass:days=16;samples=480;t1_accept_auc=0.49488864549105516;t1_accept_brier=0.2700313117103626;t1_ret_spearman_ic=-0.05027410609663284,degraded,0.47933,0.373787,historical_bin_blend_v1,42.0264,48.8339,53.7043,80.7797,49.5827,49.5827,20,0.5810016180667515,0.06615763925261817,0.2425780105929333,0.11026273208769696,0.50952,0.600208,0.567617,0.443444,0.538477,0.308844,26.7533,40.7904,47.18,48.98,0.0,0.0,79.9364,79.9364,0.178871,46.2809,41.94,46.5627,46.8281,27.8553,0.278553,0,0,WATCH,t_attack<0.55;t1_accept<0.52;t1_high_profit<0.50,professional_score_rule_guarded,68,5517.0,0.44825086097516764,0.0052030862514497525,-0.0019607843137254832,163.0,0.02954504259561356,247.0,0.044770708718506434,2931202837.1126604,0.40790392336508996,0.0,0.04570245658973817,0.04570245658973817,up,high,0.972731,ehx:model_v1,-0.06465287317775642,-0.00014787837389948488,0.04468886684957694,0.08952561207305336,0.15403060687691145,16.619974363354956,17.727378310281146,18.540304555336057,19.390509244407465,20.682516440129238,0.7492925539696058,0.7492925539696058,30,73,73,0.6266341253932652,0.0,0.537266,,,,26.0,,,0.718986684525165,
46,20260709,20260709,20260710,20260713,600667.SH,太极实业,1→2,工程咨询,26.27,FULL,0,0,Outside TOP20,只观察不追,≤26.40,只观察不追,≤26.40,观察池：t_attack<0.55;t1_accept<0.52;t1_high_profit<0.50；若竞价弱于预期不追,观察池：t_attack<0.55;t1_accept<0.52;t1_high_profit<0.50；若竞价弱于预期不追,只观察不追,≤26.40,只观察不追,≤26.40,观察池：t_attack<0.55;t1_accept<0.52;t1_high_profit<0.50；若竞价弱于预期不追,观察池：t_attack<0.55;t1_accept<0.52;t1_high_profit<0.50；若竞价弱于预期不追,0.260398,0.260398,26.1099,26.1099,0.446253,0.446253,37.7637,37.7637,0.01,13.8811,0.527561,25.491,0.5114295730597386,0.7972461504525573,0.4514671531459375,0.3426245643369396,0.38243873991382543,0.43558957995018477,0.5215991651296376,0.482944161973909,0.7282961353408836,0.049037839990867235,0.07413581853750584,-0.0012839867994873916,0.02417341548367835,0.4469851388178209,limitup_probability_engine:model_v1,False,disabled_validation_not_pass:days=16;samples=480;t1_accept_auc=0.49488864549105516;t1_accept_brier=0.2700313117103626;t1_ret_spearman_ic=-0.05027410609663284,degraded,0.319027,0.260398,historical_bin_blend_v1,27.5269,48.8999,17.8281,89.5747,33.4297,33.4297,65,0.5810016180667515,0.06615763925261817,0.2425780105929333,0.11026273208769696,0.464502,0.440317,0.342625,0.480573,0.539071,0.323602,33.8454,40.7904,47.18,48.98,0.0,0.0,84.7839,84.7839,0.182225,64.8733,53.8524,36.3361,50.1608,27.5216,0.275216,0,0,WATCH,t_attack<0.55;t1_accept<0.52;t1_high_profit<0.50,professional_score_rule_guarded,69,5517.0,0.44825086097516764,0.0052030862514497525,-0.0019607843137254832,163.0,0.02954504259561356,247.0,0.044770708718506434,2931202837.1126604,0.40790392336508996,0.0,0.05947780759750818,0.05947780759750818,up,high,0.970001,ehx:model_v1,-0.049379297905353864,0.013835918564444882,0.05777615239783794,0.101716386231231,0.1649316027010309,25.00431239498959,26.635995685328403,27.83248200558654,29.0827143742927,30.98053817094865,0.812426455773942,0.812426455773942,71,70,70,0.5504682936069007,0.0,0.426625,,,,69.0,,,0.8557634040222364,
47,20260709,20260709,20260710,20260713,603137.SH,恒尚节能,8→9,装修装饰,25.2,FULL,0,0,Outside TOP20,只观察不追,≤25.33,只观察不追,≤25.33,观察池：t_attack<0.55；若竞价弱于预期不追,观察池：t_attack<0.55；若竞价弱于预期不追,只观察不追,≤25.33,只观察不追,≤25.33,观察池：t_attack<0.55；若竞价弱于预期不追,观察池：t_attack<0.55；若竞价弱于预期不追,0.324824,0.324824,40.023,40.023,0.440898,0.440898,42.0108,42.0108,0.117645,40.0293,0.5867,37.5619,0.5114295730597386,0.8991516975031573,0.5267285328203773,0.4001882602405993,0.3699921807961198,0.4503591403778115,0.4802473110185857,0.5229444119486977,0.713987028226195,0.04949713422551313,0.07519347529525848,0.004611356997346987,0.033552316222064546,0.4617972278649842,limitup_probability_engine:model_v1,False,disabled_validation_not_pass:days=16;samples=480;t1_accept_auc=0.49488864549105516;t1_accept_brier=0.2700313117103626;t1_ret_spearman_ic=-0.05027410609663284,degraded,0.404003,0.324824,historical_bin_blend_v1,34.593,51.6572,35.3652,86.6848,41.653,41.653,38,0.5810016180667515,0.06615763925261817,0.2425780105929333,0.11026273208769696,0.460647,0.512767,0.400188,0.488986,0.546286,0.319779,35.2167,40.7904,47.18,48.98,0.0,0.0,83.2931,83.2931,0.232683,71.4238,76.7906,40.2362,53.8484,25.0617,0.250617,0,0,WATCH,t_attack<0.55,professional_score_rule_guarded,72,5517.0,0.44825086097516764,0.0052030862514497525,-0.0019607843137254832,163.0,0.02954504259561356,247.0,0.044770708718506434,2931202837.1126604,0.40790392336508996,0.0,0.05966179781952105,0.05966179781952105,up,high,0.982731,ehx:model_v1,-0.03961018834661878,0.017944286700675514,0.05794979855310291,0.0979553104055303,0.15550978545282562,24.221333784793703,25.65627756933211,26.70347730505193,27.793420080307715,29.439984871068383,0.8357226016865555,0.8357226016865555,54,68,68,0.5680310950435276,0.0,0.430332,,,,66.0,,,0.8044498532966796,
48,20260709,20260709,20260710,20260713,603329.SH,上海雅仕,1→2,物流,10.16,FULL,0,0,Outside TOP20,放弃,不建议买入,放弃,不建议买入,风控排除：t1_accept<0.45,风控排除：t1_accept<0.45,放弃,不建议买入,放弃,不建议买入,风控排除：t1_accept<0.45,风控排除：t1_accept<0.45,0.452888,0.452888,68.5413,68.5413,0.457879,0.457879,55.3545,55.3545,0.849669,71.6117,0.814828,80.4915,0.5828600328412372,0.9632354706076912,0.5313144584310281,0.6649441512040648,0.3614047349127465,0.4361311096689741,0.3845627164133106,0.4201182065555634,0.6266021582484992,0.04471240572600656,0.09784209745186502,-0.02358723589306212,-0.0005949281285539602,0.49551003414576117,limitup_probability_engine:model_v1,False,disabled_validation_not_pass:days=16;samples=480;t1_accept_auc=0.49488864549105516;t1_accept_brier=0.2700313117103626;t1_ret_spearman_ic=-0.05027410609663284,degraded,0.626821,0.452888,historical_bin_blend_v1,51.4311,39.4091,77.341,87.2032,60.8652,60.8652,3,0.5810016180667515,0.06615763925261817,0.2425780105929333,0.11026273208769696,0.492874,0.672126,0.664944,0.456797,0.456688,0.277348,85.0676,40.7904,47.18,48.98,0.0,0.0,83.4693,83.4693,0.15722,36.4087,22.0337,55.7323,42.7353,43.355,0.43355,0,1,EXCLUDED,t1_accept<0.45,professional_score_rule_guarded,17,5517.0,0.44825086097516764,0.0052030862514497525,-0.0019607843137254832,163.0,0.02954504259561356,247.0,0.044770708718506434,2931202837.1126604,0.40790392336508996,0.0,0.09128962367846111,0.09128962367846111,up,high,0.969862,ehx:model_v1,-0.025885596795742094,0.04092251805952018,0.08736013787073886,0.13379775768195754,0.200605872537221,9.900377080500206,10.58439726093121,11.087502576573165,11.614521862220903,12.41697284719035,0.897757108627582,0.897757108627582,8,18,18,0.6209307304591917,0.0,0.530355,,,,28.0,,,0.819354330464338,
49,20260709,20260709,20260710,20260713,600584.SH,长电科技,1→2,半导体,103.52,FULL,0,0,Outside TOP20,放弃,不建议买入,放弃,不建议买入,风控排除：t1_accept<0.45,风控排除：t1_accept<0.45,放弃,不建议买入,放弃,不建议买入,风控排除：t1_accept<0.45,风控排除：t1_accept<0.45,0.273796,0.273796,63.0311,63.0311,0.41502,0.41502,54.6568,54.6568,0.949365,63.9674,0.842694,82.934,0.8100102108412356,0.978716236680279,0.07832925910685033,0.6240696565912575,0.28434627596009776,0.5182884090054827,0.36036138698577047,0.44697793513152656,0.8486658812078087,0.07245756885853355,0.10468250743115369,-0.03781146141962857,0.022283246957526984,0.44419338293759203,limitup_probability_engine:model_v1,False,disabled_validation_not_pass:days=16;samples=480;t1_accept_auc=0.49488864549105516;t1_accept_brier=0.2700313117103626;t1_ret_spearman_ic=-0.05027410609663284,degraded,0.33964,0.273796,historical_bin_blend_v1,37.2497,31.309,73.4943,83.3146,50.7281,50.7281,14,0.5810016180667515,0.06615763925261817,0.2425780105929333,0.11026273208769696,0.525617,0.597272,0.62407,0.433183,0.463393,0.340527,98.6824,40.7904,47.18,48.98,0.0,0.0,81.3513,81.3513,0.172327,12.9356,48.9092,50.5423,41.7285,42.4461,0.424461,0,1,EXCLUDED,t1_accept<0.45,professional_score_rule_guarded,22,5517.0,0.44825086097516764,0.0052030862514497525,-0.0019607843137254832,163.0,0.02954504259561356,247.0,0.044770708718506434,2931202837.1126604,0.40790392336508996,0.0,0.12,0.12,up,high,0.974003,ehx:model_v1,0.010483453619652111,0.07115590253015655,0.11332868530700317,0.1555014680838498,0.21617391699435534,104.6109556184485,111.15445641211757,115.9424,120.9365827665956,128.50126488462513,0.9650471014255624,0.9650471014255624,9,1,1,0.7197217991561959,0.0,0.61291,,,,6.0,,,0.7573001211560011,
50,20260709,20260709,20260710,20260713,603986.SH,兆易创新,1→2,半导体,663.49,FULL,0,0,Outside TOP20,放弃,不建议买入,放弃,不建议买入,风控排除：t1_accept<0.45,风控排除：t1_accept<0.45,放弃,不建议买入,放弃,不建议买入,风控排除：t1_accept<0.45,风控排除：t1_accept<0.45,0.19736,0.19736,51.1827,51.1827,0.503482,0.503482,48.8778,48.8778,0.570972,45.4805,0.828539,63.0187,0.6272171953643825,0.9715421916766881,0.0725068993038503,0.5498409394820634,0.4166221684649794,0.5433538857064126,0.43452901825992424,0.31407704142891796,0.695838898033554,0.058657415741354024,0.10007969627588269,-0.045048929754968894,0.011415966739525074,0.43522733859339174,limitup_probability_engine:model_v1,False,disabled_validation_not_pass:days=16;samples=480;t1_accept_auc=0.49488864549105516;t1_accept_brier=0.2700313117103626;t1_ret_spearman_ic=-0.05027410609663284,degraded,0.222046,0.19736,historical_bin_blend_v1,29.2253,37.8371,58.2772,85.6647,43.0656,43.0656,35,0.5810016180667515,0.06615763925261817,0.2425780105929333,0.11026273208769696,0.538128,0.541024,0.549841,0.466978,0.404786,0.284429,91.6554,40.7904,47.18,48.98,0.0,0.0,82.7045,82.7045,0.149436,8.7838,33.4423,46.1407,42.5543,42.4337,0.424337,0,1,EXCLUDED,t1_accept<0.45,professional_score_rule_guarded,23,5517.0,0.44825086097516764,0.0052030862514497525,-0.0019607843137254832,163.0,0.02954504259561356,247.0,0.044770708718506434,2931202837.1126604,0.40790392336508996,0.0,0.0994670862915152,0.0994670862915152,up,high,0.979999,ehx:model_v1,-0.00328140513731133,0.054595774781291,0.09482559540455404,0.1350554160278171,0.19293259594642048,661.3163887054641,700.720826145926,729.4854170835574,759.4307945212278,804.6813640582251,0.9440643219130771,0.9440643219130771,24,10,10,0.6721778074436574,0.0,0.582683,,,,14.0,,,0.7902261247805246,
51,20260709,20260709,20260710,20260713,603757.SH,大元泵业,1→2,通用设备,77.12,FULL,0,0,Outside TOP20,放弃,不建议买入,放弃,不建议买入,风控排除：t1_accept<0.45,风控排除：t1_accept<0.45,放弃,不建议买入,放弃,不建议买入,风控排除：t1_accept<0.45,风控排除：t1_accept<0.45,0.248133,0.248133,63.7707,63.7707,0.438502,0.438502,52.8279,52.8279,0.731304,59.1824,0.804504,72.4961,0.7037457910643051,0.9714115939013573,0.11538054859168992,0.6682961553029212,0.30880178841221045,0.5360004034963353,0.4310422294256733,0.3875623755635143,0.8469273946287955,0.07318789218872332,0.11251739866065569,-0.04525793311654242,0.024048094977653627,0.45885087873887753,limitup_probability_engine:model_v1,False,disabled_validation_not_pass:days=16;samples=480;t1_accept_auc=0.49488864549105516;t1_accept_brier=0.2700313117103626;t1_ret_spearman_ic=-0.05027410609663284,degraded,0.300158,0.248133,historical_bin_blend_v1,36.272,32.281,71.2354,88.4342,50.2409,50.2409,16,0.5810016180667515,0.06615763925261817,0.2425780105929333,0.11026273208769696,0.51277,0.60191,0.668296,0.440781,0.456548,0.339125,86.8243,40.7904,47.18,48.98,0.0,0.0,84.1418,84.1418,0.170786,7.9054,52.9375,50.2152,42.312,40.6137,0.406137,0,1,EXCLUDED,t1_accept<0.45,professional_score_rule_guarded,27,5517.0,0.44825086097516764,0.0052030862514497525,-0.0019607843137254832,163.0,0.02954504259561356,247.0,0.044770708718506434,2931202837.1126604,0.40790392336508996,0.0,0.09517235055351621,0.09517235055351621,up,high,0.968788,ehx:model_v1,-0.01638022661223848,0.046915531301981964,0.09091174864850368,0.13490796599502541,0.19820372390924698,75.86704676765962,80.8243419249451,84.45969167468718,88.25855364721014,94.02553310964059,0.9183010915188898,0.9183010915188898,14,16,16,0.6715274620808085,0.0,0.576827,,,,16.0,,,0.8388711857648663,
52,20260709,20260709,20260710,20260713,688333.SH,铂力特,1→2,通用设备,108.01,FULL,0,0,Outside TOP20,放弃,不建议买入,放弃,不建议买入,风控排除：t1_accept<0.45,风控排除：t1_accept<0.45,放弃,不建议买入,放弃,不建议买入,风控排除：t1_accept<0.45,风控排除：t1_accept<0.45,0.18989,0.18989,45.8917,45.8917,0.416128,0.416128,46.0581,46.0581,0.475287,41.137,0.781005,57.1773,0.7926957249132462,0.9491565995943231,0.09709585030235983,0.4906155533905753,0.2739166821021,0.3885970650635991,0.4370919919197026,0.4704820712695486,0.8343878279279304,0.05884483005021846,0.09594281155349864,-0.04572219749435801,0.010495864430494157,0.41883129506843947,limitup_probability_engine:model_v1,False,disabled_validation_not_pass:days=16;samples=480;t1_accept_auc=0.49488864549105516;t1_accept_brier=0.2700313117103626;t1_ret_spearman_ic=-0.05027410609663284,degraded,0.210553,0.18989,historical_bin_blend_v1,27.0923,27.7477,49.1566,88.6106,39.2712,39.2712,48,0.5810016180667515,0.06615763925261817,0.2425780105929333,0.11026273208769696,0.521567,0.510746,0.490616,0.430743,0.471322,0.340148,98.6824,40.7904,47.18,48.98,0.0,0.0,84.1324,84.1324,0.173671,7.027,30.5388,44.6272,37.8884,39.4713,0.394713,0,1,EXCLUDED,t1_accept<0.45,professional_score_rule_guarded,29,5517.0,0.44825086097516764,0.0052030862514497525,-0.0019607843137254832,163.0,0.02954504259561356,247.0,0.044770708718506434,2931202837.1126604,0.40790392336508996,0.0,0.12,0.12,up,high,0.95635,ehx:model_v1,-0.004059750011145863,0.06519230696487452,0.11332868530700317,0.16146506364913182,0.23071712062515348,107.57239528520326,115.28601439564233,120.97120000000001,126.93674342161273,136.03890840806582,0.9438532315995514,0.9438532315995514,35,4,4,0.591838315704132,0.0,0.498104,,,,37.0,,,0.8482821177050902,
53,20260709,20260709,20260710,20260713,688328.SH,深科达,1→2,专用设备,102.02,FULL,0,0,Outside TOP20,放弃,不建议买入,放弃,不建议买入,风控排除：t1_accept<0.45,风控排除：t1_accept<0.45,放弃,不建议买入,放弃,不建议买入,风控排除：t1_accept<0.45,风控排除：t1_accept<0.45,0.236513,0.236513,50.0003,50.0003,0.407607,0.407607,48.8448,48.8448,0.71438,56.2557,0.738399,69.2984,0.7938362410899974,0.9577377025636266,0.09709585030235983,0.4583007861724774,0.2739166821021,0.3885970650635991,0.4370919919197026,0.46201221338650406,0.8343878279279304,0.05884483005021846,0.09594281155349864,-0.04920720286217863,0.010865800086116486,0.41386622522535904,limitup_probability_engine:model_v1,False,disabled_validation_not_pass:days=16;samples=480;t1_accept_auc=0.49488864549105516;t1_accept_brier=0.2700313117103626;t1_ret_spearman_ic=-0.05027410609663284,degraded,0.282281,0.236513,historical_bin_blend_v1,30.2784,27.1428,57.0272,86.6329,42.7734,42.7734,36,0.5810016180667515,0.06615763925261817,0.2425780105929333,0.11026273208769696,0.515751,0.5183,0.458301,0.426397,0.471776,0.342627,98.6824,40.7904,47.18,48.98,0.0,0.0,82.8471,82.8471,0.174298,5.2703,31.525,45.0066,37.4317,39.234,0.39234,0,1,EXCLUDED,t1_accept<0.45,professional_score_rule_guarded,31,5517.0,0.44825086097516764,0.0052030862514497525,-0.0019607843137254832,163.0,0.02954504259561356,247.0,0.044770708718506434,2931202837.1126604,0.40790392336508996,0.0,0.12,0.12,up,high,0.934308,ehx:model_v1,-0.02699087367251539,0.05578915544162423,0.11332868530700317,0.1708682151723821,0.2536482442865232,99.30322012988455,107.87336878406037,114.2624,121.02983526819426,131.47505223580302,0.9079871141587343,0.9079871141587343,25,3,3,0.6242246568687461,0.0,0.500223,,,,36.0,,,0.8297243310151549,
54,20260709,20260709,20260710,20260713,688720.SH,艾森股份,1→2,半导体,105.6,FULL,0,0,Outside TOP20,放弃,不建议买入,放弃,不建议买入,风控排除：t1_accept<0.45;big_drawdown_prob>=0.35,风控排除：t1_accept<0.45;big_drawdown_prob>=0.35,放弃,不建议买入,放弃,不建议买入,风控排除：t1_accept<0.45;big_drawdown_prob>=0.35,风控排除：t1_accept<0.45;big_drawdown_prob>=0.35,0.274079,0.274079,64.7627,64.7627,0.381055,0.381055,52.9846,52.9846,0.942985,69.0868,0.769791,82.493,0.777572505641521,0.9769046592549636,0.08168468727108295,0.618799221382873,0.2575502739201364,0.45821863171049637,0.3417765974618144,0.46445491472896494,0.8760544594642421,0.06532371931443594,0.10107312593793337,-0.059022693601027985,-0.006711272467796949,0.4222371364261799,limitup_probability_engine:model_v1,False,disabled_validation_not_pass:days=16;samples=480;t1_accept_auc=0.49488864549105516;t1_accept_brier=0.2700313117103626;t1_ret_spearman_ic=-0.05027410609663284,degraded,0.340075,0.274079,historical_bin_blend_v1,37.3483,24.4715,72.3711,87.3089,50.501,50.501,15,0.5810016180667515,0.06615763925261817,0.2425780105929333,0.11026273208769696,0.49208,0.594969,0.618799,0.387269,0.492221,0.358852,98.6824,40.7904,47.18,48.98,0.0,0.0,83.2102,83.2102,0.181547,4.3919,17.6146,50.0759,34.282,38.9638,0.389638,0,1,EXCLUDED,t1_accept<0.45;big_drawdown_prob>=0.35,professional_score_rule_guarded,32,5517.0,0.44825086097516764,0.0052030862514497525,-0.0019607843137254832,163.0,0.02954504259561356,247.0,0.044770708718506434,2931202837.1126604,0.40790392336508996,0.0,0.12,0.12,up,high,0.932991,ehx:model_v1,-0.030561937893420002,0.05432480251830925,0.11332868530700317,0.17233256809569708,0.25721930850742786,102.4214776592663,111.49538208789903,118.272,125.46049640847136,136.57551427383132,0.9024246575952412,0.9024246575952412,13,2,2,0.7076396675640235,0.0,0.590215,,,,11.0,,,0.8408343959578078,
55,20260709,20260709,20260710,20260713,603898.SH,好莱客,1→2,家居用品,13.88,FULL,0,0,Outside TOP20,放弃,不建议买入,放弃,不建议买入,风控排除：t1_accept<0.45,风控排除：t1_accept<0.45,放弃,不建议买入,放弃,不建议买入,风控排除：t1_accept<0.45,风控排除：t1_accept<0.45,0.3983,0.3983,39.0175,39.0175,0.471592,0.471592,46.6631,46.6631,0.611402,51.6529,0.771293,64.8412,0.48977337880611355,0.9433113200869506,0.4766040853019402,0.3059386419134406,0.39867878769982634,0.4677982294860677,0.3922387160631664,0.48944332710260136,0.6878498426196886,0.038298655965735784,0.09441573685452007,-0.021144153588055003,0.005035112013607379,0.42265265186425865,limitup_probability_engine:model_v1,False,disabled_validation_not_pass:days=16;samples=480;t1_accept_auc=0.49488864549105516;t1_accept_brier=0.2700313117103626;t1_ret_spearman_ic=-0.05027410609663284,degraded,0.517043,0.3983,historical_bin_blend_v1,38.0862,42.8994,47.1943,86.7209,45.9767,45.9767,27,0.5810016180667515,0.06615763925261817,0.2425780105929333,0.11026273208769696,0.476683,0.517653,0.305939,0.470158,0.472845,0.297814,81.1149,40.7904,47.18,48.98,0.0,0.0,83.216,83.216,0.164631,41.0739,25.4325,43.2071,44.6975,38.7272,0.387272,0,1,EXCLUDED,t1_accept<0.45,professional_score_rule_guarded,33,5517.0,0.44825086097516764,0.0052030862514497525,-0.0019607843137254832,163.0,0.02954504259561356,247.0,0.044770708718506434,2931202837.1126604,0.40790392336508996,0.0,0.08886636382169279,0.08886636382169279,up,high,0.97147,ehx:model_v1,-0.019441319776048543,0.04225361786955238,0.08513712184014219,0.12802062581073198,0.18971556345633406,13.612760641625318,14.47904704450373,15.113465129845098,15.775681060291262,16.779611002090736,0.9097264456963852,0.9097264456963852,31,22,22,0.6188967084743162,0.0,0.527904,,,,30.0,,,0.8110686728426774,
56,20260709,20260709,20260710,20260713,002414.SZ,高德红外,1→2,军工电子,13.31,FULL,0,0,Outside TOP20,放弃,不建议买入,放弃,不建议买入,风控排除：t1_accept<0.45,风控排除：t1_accept<0.45,放弃,不建议买入,放弃,不建议买入,风控排除：t1_accept<0.45,风控排除：t1_accept<0.45,0.332928,0.332928,34.6016,34.6016,0.479041,0.479041,43.4235,43.4235,0.276157,41.0009,0.774353,48.212,0.5322361580490693,0.9433113200869506,0.4766040853019402,0.30335465139137197,0.39373653963069405,0.47313006007153524,0.4304611959360022,0.48976189257871783,0.6878498426196886,0.03866109268328652,0.09138594870681199,-0.021144153588055003,0.0022925063033828793,0.43758155117131375,limitup_probability_engine:model_v1,False,disabled_validation_not_pass:days=16;samples=480;t1_accept_auc=0.49488864549105516;t1_accept_brier=0.2700313117103626;t1_ret_spearman_ic=-0.05027410609663284,degraded,0.41647,0.332928,historical_bin_blend_v1,32.8914,42.7439,34.2745,79.2054,38.9854,38.9854,49,0.5810016180667515,0.06615763925261817,0.2425780105929333,0.11026273208769696,0.493936,0.493189,0.303355,0.481948,0.467549,0.297376,81.1149,40.7904,47.18,48.98,0.0,0.0,78.9973,78.9973,0.163581,41.0739,23.7542,41.9719,44.677,38.0326,0.380326,0,1,EXCLUDED,t1_accept<0.45,professional_score_rule_guarded,34,5517.0,0.44825086097516764,0.0052030862514497525,-0.0019607843137254832,163.0,0.02954504259561356,247.0,0.044770708718506434,2931202837.1126604,0.40790392336508996,0.0,0.08886636382169279,0.08886636382169279,up,high,0.964932,ehx:model_v1,-0.03289800406755798,0.03673556113311908,0.08513712184014219,0.1335386825471653,0.2031722477478436,12.879251792435495,13.808042241485333,14.492811302466732,15.211539461970332,16.30852341688619,0.8822698709642796,0.8822698709642796,50,23,23,0.5765493464540407,0.0,0.481504,,,,47.0,,,0.6989654606379816,
57,20260709,20260709,20260710,20260713,002274.SZ,华昌化工,1→2,化学原料,5.43,FULL,0,0,Outside TOP20,放弃,不建议买入,放弃,不建议买入,风控排除：t1_accept<0.45,风控排除：t1_accept<0.45,放弃,不建议买入,放弃,不建议买入,风控排除：t1_accept<0.45,风控排除：t1_accept<0.45,0.449755,0.449755,54.423,54.423,0.434398,0.434398,49.2187,49.2187,0.884363,74.5714,0.802777,82.5893,0.42307587710597505,0.9437833422774677,0.5095592556386086,0.4099078459444723,0.3573325876746116,0.378924709934256,0.3092400976509308,0.6092562728085015,0.7894464884751572,0.043250993809445894,0.09101163793828704,-0.07551704653641174,-0.025418107235513954,0.3983836204405683,limitup_probability_engine:model_v1,False,disabled_validation_not_pass:days=16;samples=480;t1_accept_auc=0.49488864549105516;t1_accept_brier=0.2700313117103626;t1_ret_spearman_ic=-0.05027410609663284,degraded,0.622,0.449755,historical_bin_blend_v1,45.203,29.3482,61.3024,90.2694,53.0286,53.0286,10,0.5810016180667515,0.06615763925261817,0.2425780105929333,0.11026273208769696,0.431228,0.573738,0.409908,0.381561,0.528775,0.341309,94.7297,40.7904,47.18,48.98,0.0,0.0,84.9446,84.9446,0.184268,0.8784,7.7666,48.3733,33.7222,37.3679,0.373679,0,1,EXCLUDED,t1_accept<0.45,professional_score_rule_guarded,35,5517.0,0.44825086097516764,0.0052030862514497525,-0.0019607843137254832,163.0,0.02954504259561356,247.0,0.044770708718506434,2931202837.1126604,0.40790392336508996,0.0,0.10688527566718037,0.10688527566718037,up,high,0.943995,ehx:model_v1,-0.05627438278998734,0.03683243833957077,0.10155001300565195,0.1662675876717331,0.2593744088012929,5.132868943749385,5.63372902706774,6.010387046872789,6.412227545849595,7.037926128468103,0.8550541518726757,0.8550541518726757,22,7,7,0.5538098748184215,0.0,0.481505,,,,46.0,,,0.8804549214019297,
58,20260709,20260709,20260710,20260713,600909.SH,华安证券,1→2,证券Ⅱ,10.1,FULL,0,0,Outside TOP20,放弃,不建议买入,放弃,不建议买入,风控排除：t1_accept<0.45,风控排除：t1_accept<0.45,放弃,不建议买入,放弃,不建议买入,风控排除：t1_accept<0.45,风控排除：t1_accept<0.45,0.293053,0.293053,29.4168,29.4168,0.433073,0.433073,38.5406,38.5406,0.02231,21.9396,0.744073,33.268,0.5633962410922069,0.9440647060189169,0.517961434669813,0.3440159870436057,0.3591426576103372,0.4316308609574137,0.3469190803274575,0.47938882701340313,0.7071330816926371,0.03923977880413477,0.09145125861992369,-0.022524466249119017,-0.006756904198735772,0.4297790482291171,limitup_probability_engine:model_v1,False,disabled_validation_not_pass:days=16;samples=480;t1_accept_auc=0.49488864549105516;t1_accept_brier=0.2700313117103626;t1_ret_spearman_ic=-0.05027410609663284,degraded,0.369266,0.293053,historical_bin_blend_v1,30.2338,38.8583,22.5149,87.9432,35.2951,35.2951,59,0.5810016180667515,0.06615763925261817,0.2425780105929333,0.11026273208769696,0.469564,0.493683,0.344016,0.432611,0.494412,0.306911,79.3581,40.7904,47.18,48.98,0.0,0.0,83.9696,83.9696,0.170515,38.9146,16.2837,41.3409,41.1105,36.0476,0.360476,0,1,EXCLUDED,t1_accept<0.45,professional_score_rule_guarded,40,5517.0,0.44825086097516764,0.0052030862514497525,-0.0019607843137254832,163.0,0.02954504259561356,247.0,0.044770708718506434,2931202837.1126604,0.40790392336508996,0.0,0.08727083996862878,0.08727083996862878,up,high,0.980364,ehx:model_v1,-0.014172730977359632,0.04354898242742951,0.0836707399078023,0.12379249738817509,0.18151421079296526,9.95786501673821,10.54956267308405,10.981435483683152,11.430988091096069,12.110218915359075,0.9202262158274668,0.9202262158274668,66,24,24,0.5287429217014417,0.0,0.420748,,,,71.0,,,0.8250837339043692,
59,20260709,20260709,20260710,20260713,000977.SZ,浪潮信息,2→3,计算机设,85.99,FULL,0,0,Outside TOP20,放弃,不建议买入,放弃,不建议买入,风控排除：t1_accept<0.45,风控排除：t1_accept<0.45,放弃,不建议买入,放弃,不建议买入,风控排除：t1_accept<0.45,风控排除：t1_accept<0.45,0.098126,0.098126,39.3775,39.3775,0.438273,0.438273,41.5195,41.5195,0.120578,38.7255,0.646482,38.7037,0.7472563562707949,0.9577377025636266,0.09709585030235983,0.3981211833731039,0.30983920645151264,0.42192488871480954,0.5542593246200341,0.39191355076357304,0.7621651042592477,0.05386865146266143,0.09443526840026231,-0.048111265325609866,0.019787804275978545,0.42898162477015644,limitup_probability_engine:model_v1,False,disabled_validation_not_pass:days=16;samples=480;t1_accept_auc=0.49488864549105516;t1_accept_brier=0.2700313117103626;t1_ret_spearman_ic=-0.05027410609663284,degraded,0.10414,0.098126,historical_bin_blend_v1,18.169,31.2731,33.8968,84.7304,30.1904,30.1904,69,0.5810016180667515,0.06615763925261817,0.2425780105929333,0.11026273208769696,0.524788,0.446816,0.398121,0.451131,0.467558,0.321224,77.1622,40.7904,47.18,48.98,0.0,0.0,81.8149,81.8149,0.16083,6.1486,46.4246,39.614,41.2342,35.8866,0.358866,0,1,EXCLUDED,t1_accept<0.45,professional_score_rule_guarded,41,5517.0,0.44825086097516764,0.0052030862514497525,-0.0019607843137254832,163.0,0.02954504259561356,247.0,0.044770708718506434,2931202837.1126604,0.40790392336508996,0.0,0.0843845027573993,0.0843845027573993,up,high,0.936805,ehx:model_v1,-0.07114393265675542,0.018619161996193435,0.08101254746445208,0.14340593293271073,0.2331690275856612,80.08488044485986,87.60605989374736,93.24622339210876,99.24950611220929,108.57053327160372,0.80942192606946,0.80942192606946,56,27,27,0.5270081303006489,0.0,0.431382,,,,65.0,,,0.799111219510836,
60,20260709,20260709,20260710,20260713,002845.SZ,同兴达,1→2,光学光电,16.05,FULL,0,0,Outside TOP20,放弃,不建议买入,放弃,不建议买入,风控排除：t1_accept<0.45,风控排除：t1_accept<0.45,放弃,不建议买入,放弃,不建议买入,风控排除：t1_accept<0.45,风控排除：t1_accept<0.45,0.337269,0.337269,33.3978,33.3978,0.454584,0.454584,39.7773,39.7773,0.209231,35.6688,0.743546,44.0391,0.43865199956682077,0.9228488385482597,0.5148279376196516,0.31883778320248474,0.4039368349052367,0.4134777698455929,0.33483714606901493,0.5769191319418135,0.7373187364125904,0.03875924768900971,0.09055211349463124,-0.023837697852838995,-0.0020227004674776205,0.4040459078848817,limitup_probability_engine:model_v1,False,disabled_validation_not_pass:days=16;samples=480;t1_accept_auc=0.49488864549105516;t1_accept_brier=0.2700313117103626;t1_ret_spearman_ic=-0.05027410609663284,degraded,0.423149,0.337269,historical_bin_blend_v1,33.3622,40.8723,25.4441,86.38,37.7842,37.7842,54,0.5810016180667515,0.06615763925261817,0.2425780105929333,0.11026273208769696,0.450123,0.494596,0.318838,0.431654,0.518952,0.32239,78.0405,40.7904,47.18,48.98,0.0,0.0,82.9661,82.9661,0.178337,34.5789,20.7389,41.4643,41.6406,35.124,0.35124,0,1,EXCLUDED,t1_accept<0.45,professional_score_rule_guarded,43,5517.0,0.44825086097516764,0.0052030862514497525,-0.0019607843137254832,163.0,0.02954504259561356,247.0,0.044770708718506434,2931202837.1126604,0.40790392336508996,0.0,0.0846014507164138,0.0846014507164138,up,high,0.964382,ehx:model_v1,-0.0328329400444662,0.03444700733419816,0.08121259298285714,0.12797817863151612,0.19525812601018172,15.531588371142913,16.612507191068705,17.407853283998445,18.24127763930381,19.510776922226444,0.8792631758406837,0.8792631758406837,65,26,26,0.6184133068312014,0.0,0.517382,,,,32.0,,,0.8096401328288716,
61,20260709,20260709,20260710,20260713,603222.SH,济民健康,1→2,医疗器械,10.12,FULL,0,0,Outside TOP20,放弃,不建议买入,放弃,不建议买入,风控排除：t1_accept<0.45,风控排除：t1_accept<0.45,放弃,不建议买入,放弃,不建议买入,风控排除：t1_accept<0.45,风控排除：t1_accept<0.45,0.3258,0.3258,40.2447,40.2447,0.424121,0.424121,41.0523,41.0523,0.143107,49.0094,0.699315,41.8728,0.5633962410922069,0.9440647060189169,0.517961434669813,0.3440159870436057,0.3591426576103372,0.4316308609574137,0.3469190803274575,0.47938882701340313,0.7071330816926371,0.03923977880413477,0.09145125861992369,-0.022524466249119017,-0.006756904198735772,0.4297790482291171,limitup_probability_engine:model_v1,False,disabled_validation_not_pass:days=16;samples=480;t1_accept_auc=0.49488864549105516;t1_accept_brier=0.2700313117103626;t1_ret_spearman_ic=-0.05027410609663284,degraded,0.405505,0.3258,historical_bin_blend_v1,33.6744,38.6345,33.336,65.5869,37.4392,37.4392,55,0.5810016180667515,0.06615763925261817,0.2425780105929333,0.11026273208769696,0.463118,0.505472,0.344016,0.430233,0.496514,0.311147,79.3581,40.7904,47.18,48.98,0.0,0.0,71.2859,71.2859,0.171825,38.9146,16.2837,42.9175,40.2329,34.814,0.34814,0,1,EXCLUDED,t1_accept<0.45,professional_score_rule_guarded,46,5517.0,0.44825086097516764,0.0052030862514497525,-0.0019607843137254832,163.0,0.02954504259561356,247.0,0.044770708718506434,2931202837.1126604,0.40790392336508996,0.0,0.08727083996862878,0.08727083996862878,up,high,0.945341,ehx:model_v1,-0.04926633941081318,0.02915847446670143,0.0836707399078023,0.13818300534890315,0.2166078192264192,9.633506908280008,10.419427978549898,11.003180900482523,11.619638830268402,12.567592578844135,0.8497291961543287,0.8497291961543287,58,25,25,0.4785154114853283,0.0,0.407285,,,,,,,,
62,20260709,20260709,20260710,20260713,002552.SZ,宝鼎科技,1→2,元件,64.54,FULL,0,0,Outside TOP20,放弃,不建议买入,放弃,不建议买入,风控排除：t1_accept<0.45,风控排除：t1_accept<0.45,放弃,不建议买入,放弃,不建议买入,风控排除：t1_accept<0.45,风控排除：t1_accept<0.45,0.224416,0.224416,59.8659,59.8659,0.498572,0.498572,51.8294,51.8294,0.594106,60.7691,0.748115,64.1463,0.7212977451827451,0.9620115316873038,0.1220551959228585,0.5926375292273766,0.4123724222515341,0.5332097532971704,0.488576863537097,0.4275169028673487,0.8017012270461705,0.053082660722678095,0.09187030732361863,-0.027617109846383363,0.015565901722303372,0.476722411359627,limitup_probability_engine:model_v1,False,disabled_validation_not_pass:days=16;samples=480;t1_accept_auc=0.49488864549105516;t1_accept_brier=0.2700313117103626;t1_ret_spearman_ic=-0.05027410609663284,degraded,0.26367,0.224416,historical_bin_blend_v1,32.812,42.8397,67.8114,66.6162,45.6929,45.6929,28,0.5810016180667515,0.06615763925261817,0.2425780105929333,0.11026273208769696,0.560935,0.563502,0.592638,0.466935,0.486939,0.332382,57.2643,40.7904,47.18,48.98,0.0,0.0,72.1094,72.1094,0.174773,29.963,39.0446,46.3315,44.7118,32.7746,0.327746,0,1,EXCLUDED,t1_accept<0.45,professional_score_rule_guarded,49,5517.0,0.44825086097516764,0.0052030862514497525,-0.0019607843137254832,163.0,0.02954504259561356,247.0,0.044770708718506434,2931202837.1126604,0.40790392336508996,0.0,0.07050453250539788,0.07050453250539788,up,high,0.97475,ehx:model_v1,-0.03470455161351943,0.025961633894794264,0.06813006304648188,0.11029849219816949,0.17096467770648427,62.33858868021244,66.23750349069843,69.09036252789839,72.0660946242751,76.57340814569375,0.86208827177202,0.86208827177202,16,41,41,0.6901183960827694,0.0,0.612698,,,,,,,,
63,20260709,20260709,20260710,20260713,600206.SH,有研新材,1→2,半导体,59.38,FULL,0,0,Outside TOP20,放弃,不建议买入,放弃,不建议买入,风控排除：t1_accept<0.45,风控排除：t1_accept<0.45,放弃,不建议买入,放弃,不建议买入,风控排除：t1_accept<0.45,风控排除：t1_accept<0.45,0.156565,0.156565,49.1252,49.1252,0.501249,0.501249,45.7817,45.7817,0.273448,39.4467,0.655412,45.252,0.6955960451798611,0.9467996792268705,0.16001647611591324,0.5557755948095718,0.4501854339541161,0.4770252153893134,0.4902597890313423,0.40753057375617896,0.7808008371291827,0.0492930165593971,0.09481759529067167,-0.034131993687394564,0.015151175293912736,0.4707957977171195,limitup_probability_engine:model_v1,False,disabled_validation_not_pass:days=16;samples=480;t1_accept_auc=0.49488864549105516;t1_accept_brier=0.2700313117103626;t1_ret_spearman_ic=-0.05027410609663284,degraded,0.194046,0.156565,historical_bin_blend_v1,26.1892,41.2027,49.4751,85.2383,39.342,39.342,47,0.5810016180667515,0.06615763925261817,0.2425780105929333,0.11026273208769696,0.555666,0.521547,0.555776,0.447039,0.486969,0.327597,57.2643,40.7904,47.18,48.98,0.0,0.0,82.3386,82.3386,0.173726,15.7656,37.1668,43.4836,42.5711,32.2986,0.322986,0,1,EXCLUDED,t1_accept<0.45,professional_score_rule_guarded,54,5517.0,0.44825086097516764,0.0052030862514497525,-0.0019607843137254832,163.0,0.02954504259561356,247.0,0.044770708718506434,2931202837.1126604,0.40790392336508996,0.0,0.07050453250539788,0.07050453250539788,up,high,0.964934,ehx:model_v1,-0.04348927923497346,0.02235936275732829,0.06813006304648188,0.11390076333563547,0.17974940532793843,56.852954565821406,60.72265346159446,63.56655914017053,66.54365727736919,71.07295428670608,0.842306723645925,0.842306723645925,38,42,42,0.7167458488080709,0.0,0.599313,,,,9.0,,,0.7917788543696731,
64,20260709,20260709,20260710,20260713,002677.SZ,浙江美大,2→3,厨卫电器,7.23,FULL,0,0,Outside TOP20,放弃,不建议买入,放弃,不建议买入,风控排除：t1_accept<0.45,风控排除：t1_accept<0.45,放弃,不建议买入,放弃,不建议买入,风控排除：t1_accept<0.45,风控排除：t1_accept<0.45,0.325111,0.325111,42.783,42.783,0.388462,0.388462,40.3382,40.3382,0.358618,52.6234,0.772878,55.0314,0.5282620062566717,0.9467482043676712,0.42408573202787525,0.3622276445069796,0.30402750282270274,0.26998526235353576,0.2666862421085273,0.6532230672208578,0.7615859057630867,0.04310413796040299,0.08987249645781685,-0.0724491795208002,-0.03705273322006817,0.3630780515587141,limitup_probability_engine:model_v1,False,disabled_validation_not_pass:days=16;samples=480;t1_accept_auc=0.49488864549105516;t1_accept_brier=0.2700313117103626;t1_ret_spearman_ic=-0.05027410609663284,degraded,0.404445,0.325111,historical_bin_blend_v1,34.2064,25.6156,31.6157,86.9617,38.8266,38.8266,50,0.5810016180667515,0.06615763925261817,0.2425780105929333,0.11026273208769696,0.427606,0.512531,0.362228,0.331523,0.585984,0.342649,83.3108,40.7904,47.18,48.98,0.0,0.0,83.3693,83.3693,0.18686,2.1959,1.738,43.4293,30.5192,32.0631,0.320631,0,1,EXCLUDED,t1_accept<0.45,professional_score_rule_guarded,55,5517.0,0.44825086097516764,0.0052030862514497525,-0.0019607843137254832,163.0,0.02954504259561356,247.0,0.044770708718506434,2931202837.1126604,0.40790392336508996,0.0,0.09006443139272666,0.09006443139272666,up,high,0.973775,ehx:model_v1,-0.01841237999280987,0.043324292463681385,0.08623680586351817,0.12914931926335496,0.19088599171984733,7.098096547322975,7.550119029507601,7.881165838969413,8.226727914962328,8.750624138067575,0.9123631652914114,0.9123631652914114,64,20,20,0.5570860342981973,0.0,0.485058,,,,43.0,,,0.8135321127711664,
65,20260709,20260709,20260710,20260713,603688.SH,石英股份,1→2,非金属材,67.17,FULL,0,0,Outside TOP20,放弃,不建议买入,放弃,不建议买入,风控排除：t1_accept<0.45,风控排除：t1_accept<0.45,放弃,不建议买入,放弃,不建议买入,风控排除：t1_accept<0.45,风控排除：t1_accept<0.45,0.084445,0.084445,34.782,34.782,0.517822,0.517822,41.8276,41.8276,0.018653,27.9245,0.652203,32.5153,0.7375149769882161,0.9319371384641677,0.11070887046369045,0.3935366666711392,0.44486916867289084,0.46934302112578175,0.57081490365016,0.40209247136120635,0.8178782726651078,0.0467872063810159,0.08428887278256356,-0.03390650516551405,0.01843253825081044,0.4577988465105716,limitup_probability_engine:model_v1,False,disabled_validation_not_pass:days=16;samples=480;t1_accept_auc=0.49488864549105516;t1_accept_brier=0.2700313117103626;t1_ret_spearman_ic=-0.05027410609663284,degraded,0.083092,0.084445,historical_bin_blend_v1,16.6419,42.3512,31.68,90.1857,30.0998,30.0998,70,0.5810016180667515,0.06615763925261817,0.2425780105929333,0.11026273208769696,0.579336,0.433016,0.393537,0.478163,0.471242,0.333925,57.2643,40.7904,47.18,48.98,0.0,0.0,85.131,85.131,0.172287,16.7097,45.1509,37.5208,44.8727,31.7385,0.317385,0,1,EXCLUDED,t1_accept<0.45,professional_score_rule_guarded,57,5517.0,0.44825086097516764,0.0052030862514497525,-0.0019607843137254832,163.0,0.02954504259561356,247.0,0.044770708718506434,2931202837.1126604,0.40790392336508996,0.0,0.07050453250539788,0.07050453250539788,up,high,0.971009,ehx:model_v1,-0.03925528763642888,0.024095556113450364,0.06813006304648188,0.11216456997951339,0.17551541372939378,64.58430545395562,68.80815537848208,71.90578944838758,75.14287409327594,80.05726034914224,0.8516574889930588,0.8516574889930588,55,52,52,0.5154484610229205,0.0,0.425409,,,,70.0,,,0.8646206469477506,
66,20260709,20260709,20260710,20260713,600770.SH,综艺股份,1→2,综合Ⅱ,6.64,FULL,0,0,Outside TOP20,放弃,不建议买入,放弃,不建议买入,风控排除：t1_accept<0.45,风控排除：t1_accept<0.45,放弃,不建议买入,放弃,不建议买入,风控排除：t1_accept<0.45,风控排除：t1_accept<0.45,0.34273,0.34273,43.8073,43.8073,0.387148,0.387148,41.0288,41.0288,0.445412,54.2678,0.750242,58.6088,0.5089010691028738,0.9333597164397106,0.42561113778564874,0.36833563831556665,0.31064287777114524,0.2620697151793457,0.26498326641030245,0.6695674932748323,0.7587245187852849,0.043424953852418326,0.09138077002949566,-0.07215992737274908,-0.03702957108312021,0.36032231566555395,limitup_probability_engine:model_v1,False,disabled_validation_not_pass:days=16;samples=480;t1_accept_auc=0.49488864549105516;t1_accept_brier=0.2700313117103626;t1_ret_spearman_ic=-0.05027410609663284,degraded,0.431551,0.34273,historical_bin_blend_v1,35.6873,26.4203,34.933,89.9423,40.8736,40.8736,40,0.5810016180667515,0.06615763925261817,0.2425780105929333,0.11026273208769696,0.421239,0.517324,0.368336,0.33333,0.589682,0.344587,83.3108,40.7904,47.18,48.98,0.0,0.0,84.8652,84.8652,0.195952,3.5135,3.0623,43.1374,30.2691,31.1284,0.311284,0,1,EXCLUDED,t1_accept<0.45,professional_score_rule_guarded,60,5517.0,0.44825086097516764,0.0052030862514497525,-0.0019607843137254832,163.0,0.02954504259561356,247.0,0.044770708718506434,2931202837.1126604,0.40790392336508996,0.0,0.09006443139272666,0.09006443139272666,up,high,0.955804,ehx:model_v1,-0.036112664274055115,0.03606610234796796,0.08623680586351817,0.13640750937906837,0.20858627600109275,6.404489950868543,6.883849844298271,7.2380278244477045,7.610428462624265,8.18004980714733,0.8768449982223326,0.8768449982223326,59,21,21,0.5649362033514895,0.0,0.479293,,,,48.0,,,0.8690644922456744,
67,20260709,20260709,20260710,20260713,688432.SH,有研硅,1→2,半导体,53.77,FULL,0,0,Outside TOP20,放弃,不建议买入,放弃,不建议买入,风控排除：t1_accept<0.45;big_drawdown_prob>=0.35,风控排除：t1_accept<0.45;big_drawdown_prob>=0.35,放弃,不建议买入,放弃,不建议买入,风控排除：t1_accept<0.45;big_drawdown_prob>=0.35,风控排除：t1_accept<0.45;big_drawdown_prob>=0.35,0.241005,0.241005,56.7142,56.7142,0.48133,0.48133,46.5858,46.5858,0.365929,57.9103,0.658089,54.0197,0.5677558783734942,0.9606039660623136,0.25630540097499827,0.5591673360645755,0.4446437990096424,0.4542194801620274,0.42063419957798304,0.49273889510235497,0.8286972703267412,0.048507932229499034,0.09048190445943244,-0.0345765687041386,0.010328322692502173,0.447765503052691,limitup_probability_engine:model_v1,False,disabled_validation_not_pass:days=16;samples=480;t1_accept_auc=0.49488864549105516;t1_accept_brier=0.2700313117103626;t1_ret_spearman_ic=-0.05027410609663284,degraded,0.289192,0.241005,historical_bin_blend_v1,33.0888,39.5222,56.7312,89.6888,45.4904,45.4904,30,0.5810016180667515,0.06615763925261817,0.2425780105929333,0.11026273208769696,0.505529,0.557031,0.559167,0.415777,0.526068,0.351567,57.2643,40.7904,47.18,48.98,0.0,0.0,84.6348,84.6348,0.186037,14.7575,29.6115,45.3802,40.2854,31.0661,0.310661,0,1,EXCLUDED,t1_accept<0.45;big_drawdown_prob>=0.35,professional_score_rule_guarded,61,5517.0,0.44825086097516764,0.0052030862514497525,-0.0019607843137254832,163.0,0.02954504259561356,247.0,0.044770708718506434,2931202837.1126604,0.40790392336508996,0.0,0.07050453250539788,0.07050453250539788,up,high,0.945358,ehx:model_v1,-0.05918283689488009,0.01592405226865972,0.06813006304648188,0.12033607382430403,0.1954429629878452,50.68007594270748,54.63308999747691,57.56102871281525,60.645883779053264,65.37622457833557,0.810631249191363,0.810631249191363,33,44,44,0.6598061720916178,0.0,0.583218,,,,13.0,,,0.8707893948781602,
68,20260709,20260709,20260710,20260713,605358.SH,立昂微,1→2,半导体,63.77,FULL,0,0,Outside TOP20,放弃,不建议买入,放弃,不建议买入,风控排除：t1_accept<0.45,风控排除：t1_accept<0.45,放弃,不建议买入,放弃,不建议买入,风控排除：t1_accept<0.45,风控排除：t1_accept<0.45,0.126977,0.126977,49.8317,49.8317,0.489027,0.489027,44.2368,44.2368,0.195192,34.6666,0.699065,42.3537,0.6449546148254197,0.9669155255486843,0.1285271412540457,0.5994177137074574,0.41673115749898415,0.479356897917622,0.48004835894123854,0.4236055854639384,0.7854565548155585,0.04812801032786949,0.09376439619410952,-0.04204411977630806,0.0053651337247656436,0.4565955498340696,limitup_probability_engine:model_v1,False,disabled_validation_not_pass:days=16;samples=480;t1_accept_auc=0.49488864549105516;t1_accept_brier=0.2700313117103626;t1_ret_spearman_ic=-0.05027410609663284,degraded,0.148527,0.126977,historical_bin_blend_v1,24.915,37.1568,45.5747,89.2343,37.8285,37.8285,52,0.5810016180667515,0.06615763925261817,0.2425780105929333,0.11026273208769696,0.532687,0.532238,0.599418,0.424683,0.503593,0.331917,57.2643,40.7904,47.18,48.98,0.0,0.0,84.5976,84.5976,0.177668,9.6622,26.4072,43.4546,39.4525,31.0301,0.310301,0,1,EXCLUDED,t1_accept<0.45,professional_score_rule_guarded,62,5517.0,0.44825086097516764,0.0052030862514497525,-0.0019607843137254832,163.0,0.02954504259561356,247.0,0.044770708718506434,2931202837.1126604,0.40790392336508996,0.0,0.07050453250539788,0.07050453250539788,up,high,0.970252,ehx:model_v1,-0.03840035060626831,0.024446132149590294,0.06813006304648188,0.11181399394337346,0.1746604766992332,61.36763075377731,65.34814097620986,68.26607403786923,71.31429899804525,75.939983461998,0.8535872744736104,0.8535872744736104,46,43,43,0.6845529835875095,0.0,0.599291,,,,10.0,,,0.8503921727558214,
69,20260709,20260709,20260710,20260713,002745.SZ,木林森,1→2,光学光电,12.72,FULL,0,0,Outside TOP20,放弃,不建议买入,放弃,不建议买入,风控排除：t1_accept<0.45,风控排除：t1_accept<0.45,放弃,不建议买入,放弃,不建议买入,风控排除：t1_accept<0.45,风控排除：t1_accept<0.45,0.302363,0.302363,30.7588,30.7588,0.408801,0.408801,36.8032,36.8032,0.07848,32.1787,0.700294,36.7688,0.49595582449698156,0.9325540286121354,0.5143486238626641,0.2981224545936417,0.3360903678083348,0.34047070932941975,0.33557119976237065,0.6057326108955278,0.733146882966663,0.039613851051208314,0.09017235828859031,-0.02774446871259387,-0.008495084621627147,0.39138718419147867,limitup_probability_engine:model_v1,False,disabled_validation_not_pass:days=16;samples=480;t1_accept_auc=0.49488864549105516;t1_accept_brier=0.2700313117103626;t1_ret_spearman_ic=-0.05027410609663284,degraded,0.383588,0.302363,historical_bin_blend_v1,30.2122,34.4029,20.0769,85.3588,34.1115,34.1115,61,0.5810016180667515,0.06615763925261817,0.2425780105929333,0.11026273208769696,0.433204,0.47729,0.298122,0.387288,0.565961,0.331371,69.6933,40.7904,47.18,48.98,0.0,0.0,82.4009,82.4009,0.188775,28.1691,14.4592,39.253,36.9575,30.0518,0.300518,0,1,EXCLUDED,t1_accept<0.45,professional_score_rule_guarded,64,5517.0,0.44825086097516764,0.0052030862514497525,-0.0019607843137254832,163.0,0.02954504259561356,247.0,0.044770708718506434,2931202837.1126604,0.40790392336508996,0.0,0.07547346099843759,0.07547346099843759,up,high,0.964426,ehx:model_v1,-0.042721569488330585,0.02540613838185716,0.0727609934550707,0.12011584852828425,0.1882435563984732,12.188025927562206,13.047306269006038,13.680022423900127,14.34342152011636,15.354661585942491,0.8499822315605688,0.8499822315605688,72,34,34,0.5956495349749574,0.0,0.493285,,,,39.0,,,0.7939060614168627,
70,20260709,20260709,20260710,20260713,600228.SH,返利科技,1→2,数字媒体,7.04,FULL,0,0,Outside TOP20,放弃,不建议买入,放弃,不建议买入,风控排除：t1_accept<0.45,风控排除：t1_accept<0.45,放弃,不建议买入,放弃,不建议买入,风控排除：t1_accept<0.45,风控排除：t1_accept<0.45,0.305999,0.305999,36.4266,36.4266,0.386964,0.386964,37.8002,37.8002,0.307742,36.7323,0.749322,46.6608,0.5282620062566717,0.9347540139148874,0.42408573202787525,0.3622276445069796,0.31064287777114524,0.27092362076774756,0.26498326641030245,0.6358062650926526,0.7615859057630867,0.04310413796040299,0.08987249645781685,-0.0724491795208002,-0.03702957108312021,0.3637949790898407,limitup_probability_engine:model_v1,False,disabled_validation_not_pass:days=16;samples=480;t1_accept_auc=0.49488864549105516;t1_accept_brier=0.2700313117103626;t1_ret_spearman_ic=-0.05027410609663284,degraded,0.389183,0.305999,historical_bin_blend_v1,32.1947,26.0508,24.5587,65.8897,33.6512,33.6512,63,0.5810016180667515,0.06615763925261817,0.2425780105929333,0.11026273208769696,0.426527,0.502293,0.362228,0.33183,0.580847,0.343676,83.3108,40.7904,47.18,48.98,0.0,0.0,71.5281,71.5281,0.194161,2.1959,3.0623,41.7228,29.423,29.2533,0.292533,0,1,EXCLUDED,t1_accept<0.45,professional_score_rule_guarded,66,5517.0,0.44825086097516764,0.0052030862514497525,-0.0019607843137254832,163.0,0.02954504259561356,247.0,0.044770708718506434,2931202837.1126604,0.40790392336508996,0.0,0.09006443139272666,0.09006443139272666,up,high,0.953991,ehx:model_v1,-0.0377005525973767,0.03541497182655587,0.08623680586351817,0.13705863990048048,0.21017416432441438,6.77952891227224,7.2937888389120875,7.674053597004795,8.074143618680111,8.686606307275746,0.8737928610624761,0.8737928610624761,70,19,19,0.6001590951511575,0.0,0.500517,,,,,,,,
71,20260709,20260709,20260710,20260713,603928.SH,兴业股份,2→3,塑料,18.0,FULL,0,0,Outside TOP20,放弃,不建议买入,放弃,不建议买入,风控排除：t1_accept<0.45,风控排除：t1_accept<0.45,放弃,不建议买入,放弃,不建议买入,风控排除：t1_accept<0.45,风控排除：t1_accept<0.45,0.300628,0.300628,35.0905,35.0905,0.432916,0.432916,38.4153,38.4153,0.03111,38.1495,0.563017,33.4217,0.4673782055304712,0.9209122731059832,0.5308385826892897,0.33051106072534975,0.4049355164526485,0.4368891446539337,0.3903913248291618,0.5361396091024387,0.7826502206008766,0.03679298965182593,0.08513992938822063,-0.0132657119026256,0.011386400466643175,0.42849450911636683,limitup_probability_engine:model_v1,False,disabled_validation_not_pass:days=16;samples=480;t1_accept_auc=0.49488864549105516;t1_accept_brier=0.2700313117103626;t1_ret_spearman_ic=-0.05027410609663284,degraded,0.38092,0.300628,historical_bin_blend_v1,31.1035,45.367,24.8381,91.0817,37.1406,37.1406,56,0.5810016180667515,0.06615763925261817,0.2425780105929333,0.11026273208769696,0.442565,0.485065,0.330511,0.418818,0.574727,0.347748,36.8237,40.7904,47.18,48.98,0.0,0.0,85.5209,85.5209,0.185955,52.5948,32.5553,38.7099,44.9239,26.6972,0.266972,0,1,EXCLUDED,t1_accept<0.45,professional_score_rule_guarded,70,5517.0,0.44825086097516764,0.0052030862514497525,-0.0019607843137254832,163.0,0.02954504259561356,247.0,0.044770708718506434,2931202837.1126604,0.40790392336508996,0.0,0.06065415231885706,0.06065415231885706,up,high,0.958661,ehx:model_v1,-0.059983911479646594,0.01014203372630066,0.05888584260986519,0.1076296514934297,0.17775559669937824,16.95203433547199,18.18348549231232,19.091774741739428,20.045434245454338,21.501600077969137,0.7924150664414416,0.7924150664414416,68,67,67,0.5607864405121599,0.0,0.476835,,,,50.0,,,0.8850550224265243,
72,20260709,20260709,20260710,20260713,002907.SZ,华森制药,1→2,中药Ⅱ,14.36,FULL,0,0,Outside TOP20,放弃,不建议买入,放弃,不建议买入,风控排除：t1_accept<0.45,风控排除：t1_accept<0.45,放弃,不建议买入,放弃,不建议买入,风控排除：t1_accept<0.45,风控排除：t1_accept<0.45,0.276413,0.276413,30.8567,30.8567,0.406504,0.406504,36.402,36.402,0.033478,30.6395,0.555766,30.9868,0.48977337880611355,0.9433113200869506,0.4766040853019402,0.31001463326575174,0.36708731319903193,0.40527746765334316,0.3738126610392085,0.5378569765579381,0.7262501750264035,0.038298655965735784,0.09441573685452007,-0.023752732955066226,-0.002083245155603558,0.4064438863891442,limitup_probability_engine:model_v1,False,disabled_validation_not_pass:days=16;samples=480;t1_accept_auc=0.49488864549105516;t1_accept_brier=0.2700313117103626;t1_ret_spearman_ic=-0.05027410609663284,degraded,0.343666,0.276413,historical_bin_blend_v1,28.5677,37.9764,19.5951,85.4148,33.2817,33.2817,66,0.5810016180667515,0.06615763925261817,0.2425780105929333,0.11026273208769696,0.429819,0.475241,0.310015,0.386186,0.578319,0.334781,47.3382,40.7904,47.18,48.98,0.0,0.0,82.2188,82.2188,0.191749,35.482,19.8428,37.0532,38.5663,25.1683,0.251683,0,1,EXCLUDED,t1_accept<0.45,professional_score_rule_guarded,71,5517.0,0.44825086097516764,0.0052030862514497525,-0.0019607843137254832,163.0,0.02954504259561356,247.0,0.044770708718506434,2931202837.1126604,0.40790392336508996,0.0,0.06809384830551395,0.06809384830551395,up,high,0.939688,ehx:model_v1,-0.07554467622142413,0.007884714981339781,0.06587560962263977,0.12386650426393978,0.20729589546670518,13.315142046945365,14.47367205410268,15.33782766166718,16.253577979357328,17.667776772458232,0.7782203199469621,0.7782203199469621,73,57,57,0.5356372855337787,0.0,0.427676,,,,68.0,,,0.8080884543534642,
73,20260709,20260709,20260710,20260713,000887.SZ,中鼎股份,1→2,汽车零部件,18.8,FULL,0,0,Outside TOP20,放弃,不建议买入,放弃,不建议买入,风控排除：t1_accept<0.45,风控排除：t1_accept<0.45,放弃,不建议买入,放弃,不建议买入,风控排除：t1_accept<0.45,风控排除：t1_accept<0.45,0.299559,0.299559,34.976,34.976,0.432546,0.432546,38.2752,38.2752,0.025627,37.8634,0.574544,33.16,0.46112482717593944,0.9209122731059832,0.5308385826892897,0.33051106072534975,0.40139255979655,0.44516927670877754,0.3874836161341779,0.46941052951855605,0.7826502206008766,0.0377477762682611,0.08323781251074798,-0.015175740926567876,0.011648218525132292,0.4274505638293787,limitup_probability_engine:model_v1,False,disabled_validation_not_pass:days=16;samples=480;t1_accept_auc=0.49488864549105516;t1_accept_brier=0.2700313117103626;t1_ret_spearman_ic=-0.05027410609663284,degraded,0.379275,0.299559,historical_bin_blend_v1,31.015,44.7346,24.2288,88.0783,36.5685,36.5685,58,0.5810016180667515,0.06615763925261817,0.2425780105929333,0.11026273208769696,0.440548,0.484681,0.330511,0.405675,0.571146,0.345841,30.1066,40.7904,47.18,48.98,0.0,0.0,83.9479,83.9479,0.192891,49.4026,35.2668,37.4095,43.6146,23.6545,0.236545,0,1,EXCLUDED,t1_accept<0.45,professional_score_rule_guarded,73,5517.0,0.44825086097516764,0.0052030862514497525,-0.0019607843137254832,163.0,0.02954504259561356,247.0,0.044770708718506434,2931202837.1126604,0.40790392336508996,0.0,0.051176413187654285,0.051176413187654285,up,high,0.969158,ehx:model_v1,-0.05843357908862252,0.0054825203065813,0.04990993050908233,0.09433734071158337,0.15825344010678835,17.732928717684906,18.903354444297772,19.7621165679279,20.659891470329903,22.023505392816883,0.7756920314166136,0.7756920314166136,69,71,71,0.580562976304878,0.0,0.484695,,,,44.0,,,0.8331962164547596,
74,20260709,20260709,20260710,20260713,003020.SZ,立方制药,1→2,化学制药,17.04,FULL,0,0,Outside TOP20,放弃,不建议买入,放弃,不建议买入,风控排除：t1_accept<0.45;big_drawdown_prob>=0.35,风控排除：t1_accept<0.45;big_drawdown_prob>=0.35,放弃,不建议买入,放弃,不建议买入,风控排除：t1_accept<0.45;big_drawdown_prob>=0.35,风控排除：t1_accept<0.45;big_drawdown_prob>=0.35,0.295535,0.295535,33.0522,33.0522,0.377817,0.377817,34.695,34.695,0.022609,35.6648,0.485946,30.3601,0.43503403837988164,0.921207383539686,0.52328744748436,0.3131053648611977,0.3753889228272845,0.3800335597072893,0.29665481166751234,0.6034310122698192,0.7695328657656773,0.035542164736067236,0.08806223186953098,-0.023114599137438803,0.005878963932542696,0.387684835721698,limitup_probability_engine:model_v1,False,disabled_validation_not_pass:days=16;samples=480;t1_accept_auc=0.49488864549105516;t1_accept_brier=0.2700313117103626;t1_ret_spearman_ic=-0.05027410609663284,degraded,0.373084,0.295535,historical_bin_blend_v1,30.2196,38.7284,20.3719,88.9096,34.865,34.865,60,0.5810016180667515,0.06615763925261817,0.2425780105929333,0.11026273208769696,0.393838,0.477049,0.313105,0.335031,0.649879,0.362688,26.7533,40.7904,47.18,48.98,0.0,0.0,84.128,84.128,0.21077,37.4249,27.4354,35.6648,37.6316,18.5965,0.185965,0,1,EXCLUDED,t1_accept<0.45;big_drawdown_prob>=0.35,professional_score_rule_guarded,74,5517.0,0.44825086097516764,0.0052030862514497525,-0.0019607843137254832,163.0,0.02954504259561356,247.0,0.044770708718506434,2931202837.1126604,0.40790392336508996,0.0,0.04570245658973817,0.04570245658973817,up,high,0.936622,ehx:model_v1,-0.11446410324794182,-0.020573503861170593,0.04468886684957694,0.10995123756032446,0.2038418369470974,15.197020944546574,16.69300914220353,17.818769860289137,19.020450814420176,20.892815802026416,0.6779097118056292,0.6779097118056292,74,74,74,0.5502561594255909,0.0,0.445017,,,,60.0,,,0.8635048457731023,
