ts_code,trade_date,vol,price,amount
600000.SH,20260908,163100,9.21,1502151.0
600004.SH,20260908,16700,7.86,131262.0
600006.SH,20260908,26000,5.33,138580.0
600007.SH,20260908,8000,19.07,152560.0
600008.SH,20260908,225700,2.78,627446.0
600009.SH,20260908,25700,23.87,613459.0
600010.SH,20260908,949402,2.18,2069696.0
600011.SH,20260908,188700,6.84,1290708.0
600012.SH,20260908,32000,16.86,539520.0
600015.SH,20260908,178000,6.25,1112500.0
600016.SH,20260908,590000,3.61,2129900.0
600017.SH,20260908,18500,2.84,52540.0
600018.SH,20260908,177700,5.39,957803.0
600019.SH,20260908,70900,5.75,407675.0
600020.SH,20260908,31000,3.9,120900.0
600021.SH,20260908,50500,13.4,676700.0
600022.SH,20260908,216100,1.33,287413.0
600023.SH,20260908,220900,4.84,1069156.0
600025.SH,20260908,103600,9.57,991452.0
600026.SH,20260908,310700,19.95,6198465.0
600027.SH,20260908,81900,4.82,394758.0
600028.SH,20260908,440100,5.37,2363337.0
600029.SH,20260908,54400,5.02,273088.0
600030.SH,20260908,195600,27.66,5410296.0
600031.SH,20260908,116300,19.99,2324837.0
600032.SH,20260908,22000,6.74,148280.0
600033.SH,20260908,187600,3.64,682864.0
600035.SH,20260908,11200,3.71,41552.0
600036.SH,20260908,219500,41.01,9001695.0
600037.SH,20260908,212800,7.24,1540672.0
600038.SH,20260908,15000,27.42,411300.0
600039.SH,20260908,44500,9.17,408065.0
600048.SH,20260908,357600,5.22,1866672.0
600050.SH,20260908,161200,4.23,681876.0
600051.SH,20260908,46500,6.34,294810.0
600052.SH,20260908,11700,3.93,45981.0
600053.SH,20260908,1600,7.88,12608.0
600054.SH,20260908,67700,11.69,791413.0
600055.SH,20260908,8200,10.77,88314.0
600056.SH,20260908,20000,9.08,181600.0
600057.SH,20260908,26200,6.48,169776.0
600058.SH,20260908,37400,9.77,365398.0
600059.SH,20260908,788200,8.9,7014980.0
600060.SH,20260908,4900,28.19,138131.0
600061.SH,20260908,36000,6.46,232560.0
600062.SH,20260908,3500,16.1,56350.0
600063.SH,20260908,67800,5.57,377646.0
600064.SH,20260908,34700,7.61,264067.0
600066.SH,20260908,22800,28.48,649344.0
600067.SH,20260908,39100,2.9,113390.0
600071.SH,20260908,1700,16.66,28322.0
600072.SH,20260908,120600,8.91,1074546.0
600073.SH,20260908,51500,5.79,298185.0
600075.SH,20260908,98000,4.9,480200.0
600076.SH,20260908,26979532,2.73,73654122.0
600078.SH,20260908,14700,10.66,156702.0
600079.SH,20260908,14800,18.87,279276.0
600080.SH,20260908,59300,5.03,298279.0
600081.SH,20260908,5900,10.48,61832.0
600082.SH,20260908,158900,3.03,481467.0
600084.SH,20260908,21100,4.28,90308.0
600085.SH,20260908,11400,24.2,275880.0
600088.SH,20260908,282100,12.66,3571386.0
600089.SH,20260908,163400,18.92,3091528.0
600094.SH,20260908,10800,4.02,43416.0
600095.SH,20260908,555900,9.61,5342199.0
600096.SH,20260908,99000,30.4,3009600.0
600097.SH,20260908,59800,9.62,575276.0
600098.SH,20260908,45400,6.21,281934.0
600099.SH,20260908,23700,9.38,222306.0
600100.SH,20260908,28000,6.81,190680.0
600101.SH,20260908,6900,7.83,54027.0
600103.SH,20260908,15172500,3.9,59172750.0
600104.SH,20260908,134300,10.6,1423580.0
600105.SH,20260908,459700,39.0,17928300.0
600106.SH,20260908,169000,4.58,774020.0
600107.SH,20260908,2400,6.31,15144.0
600108.SH,20260908,4120100,5.28,21754128.0
600109.SH,20260908,24000,8.63,207120.0
600110.SH,20260908,1366800,11.17,15267156.0
600111.SH,20260908,100000,38.8,3880000.0
600113.SH,20260908,25600,30.09,770304.0
600114.SH,20260908,45900,30.13,1382967.0
600115.SH,20260908,1363400,3.49,4758266.0
600116.SH,20260908,39300,6.2,243660.0
600117.SH,20260908,35400,2.27,80358.0
600118.SH,20260908,49500,57.75,2858625.0
600119.SH,20260908,2000,5.07,10140.0
600120.SH,20260908,47400,4.9,232260.0
600121.SH,20260908,2102900,4.88,10262152.0
600123.SH,20260908,79500,6.98,554910.0
600125.SH,20260908,10600,5.41,57346.0
600126.SH,20260908,75500,6.29,474895.0
600127.SH,20260908,8127900,14.07,114359553.0
600128.SH,20260908,30000,8.6,258000.0
600129.SH,20260908,17000,13.93,236810.0
600130.SH,20260908,222000,4.64,1030080.0
600131.SH,20260908,15700,14.94,234558.0
600132.SH,20260908,6700,40.03,268201.0
600133.SH,20260908,24300,8.35,202905.0
600135.SH,20260908,10200,7.46,76092.0
600136.SH,20260908,53400,1.51,80634.0
600137.SH,20260908,5000,18.03,90150.0
600138.SH,20260908,130400,7.5,978000.0
600141.SH,20260908,78300,30.28,2370924.0
600143.SH,20260908,96100,13.79,1325219.0
600148.SH,20260908,44500,16.35,727575.0
600149.SH,20260908,32000,5.13,164160.0
600150.SH,20260908,1134486,38.56,43745780.0
600151.SH,20260908,45700,9.56,436892.0
600152.SH,20260908,14600,8.2,119720.0
600153.SH,20260908,16400,8.34,136776.0
600155.SH,20260908,123400,6.18,762612.0
600156.SH,20260908,268900,8.92,2398588.0
600157.SH,20260908,2536100,1.54,3905594.0
600158.SH,20260908,100200,7.33,734466.0
600159.SH,20260908,124200,2.79,346518.0
600160.SH,20260908,66600,38.0,2530800.0
600161.SH,20260908,9500,12.28,116660.0
600162.SH,20260908,1549300,5.1,7901430.0
600163.SH,20260908,16800,5.19,87192.0
600165.SH,20260908,40100,3.16,126716.0
600166.SH,20260908,149800,2.89,432922.0
600167.SH,20260908,86600,5.84,505744.0
600168.SH,20260908,49700,4.46,221662.0
600169.SH,20260908,49800,2.17,108066.0
600170.SH,20260908,176700,2.27,401109.0
600171.SH,20260908,19437,22.76,442386.0
600172.SH,20260908,1349057,15.61,21058780.0
600173.SH,20260908,2500,6.23,15575.0
600176.SH,20260908,978504,41.51,40617701.0
600177.SH,20260908,38600,8.2,316520.0
600178.SH,20260908,284600,10.09,2871614.0
600179.SH,20260908,132100,4.61,608981.0
600180.SH,20260908,116400,1.51,175764.0
600182.SH,20260908,400,13.05,5220.0
600183.SH,20260908,555400,149.0,82754600.0
600184.SH,20260908,24000,18.01,432240.0
600185.SH,20260908,731800,5.46,3995628.0
600186.SH,20260908,1288903,12.4,15982397.0
600187.SH,20260908,63800,1.34,85492.0
600188.SH,20260908,141100,20.8,2934880.0
600189.SH,20260908,29200,8.04,234768.0
600191.SH,20260908,301700,11.18,3373006.0
600192.SH,20260908,1300,7.2,9360.0
600195.SH,20260908,71300,7.07,504091.0
600196.SH,20260908,107700,22.6,2434020.0
600197.SH,20260908,11200,9.76,109312.0
600198.SH,20260908,63700,7.61,484757.0
600199.SH,20260908,92800,7.42,688576.0
600201.SH,20260908,22000,12.3,270600.0
600202.SH,20260908,6200,5.19,32178.0
600203.SH,20260908,200700,10.85,2177595.0
600206.SH,20260908,279600,46.67,13048932.0
600207.SH,20260908,7500,4.5,33750.0
600208.SH,20260908,415000,2.9,1203500.0
600210.SH,20260908,45700,6.15,281055.0
600211.SH,20260908,14400,38.08,548352.0
600212.SH,20260908,28000,6.43,180040.0
600215.SH,20260908,0,,0.0
600216.SH,20260908,8800,12.72,111936.0
600217.SH,20260908,12700,3.24,41148.0
600218.SH,20260908,18300,7.93,145119.0
600219.SH,20260908,591400,4.9,2897860.0
600221.SH,20260908,793576,1.29,1023713.0
600222.SH,20260908,7900,8.5,67150.0
600223.SH,20260908,8700,5.67,49329.0
600226.SH,20260908,269888,5.87,1584243.0
600227.SH,20260908,2294300,4.51,10347293.0
600228.SH,20260908,178100,10.02,1784562.0
600229.SH,20260908,547400,5.69,3114706.0
600230.SH,20260908,25000,14.45,361250.0
600231.SH,20260908,27568,1.73001,47693.0
600232.SH,20260908,15800,6.58,103964.0
600233.SH,20260908,23200,16.88,391616.0
600234.SH,20260908,50900,21.4,1089260.0
600235.SH,20260908,4900,5.88,28812.0
600236.SH,20260908,17900,9.54,170766.0
600237.SH,20260908,122100,8.36,1020756.0
600238.SH,20260908,7400,4.74,35076.0
600239.SH,20260908,76800,1.45,111360.0
600241.SH,20260908,9000,7.52,67680.0
600243.SH,20260908,23800,3.64,86632.0
600246.SH,20260908,450000,12.98,5841000.0
600248.SH,20260908,46900,2.9,136010.0
600249.SH,20260908,10300,5.41,55723.0
600250.SH,20260908,120000,10.01,1201200.0
600251.SH,20260908,598900,11.62,6959218.0
600252.SH,20260908,21100,2.24,47264.0
600255.SH,20260908,232000,3.43,795760.0
600256.SH,20260908,880300,6.79,5977237.0
600257.SH,20260908,228800,6.03,1379664.0
600258.SH,20260908,68000,12.05,819400.0
600259.SH,20260908,22500,77.8,1750500.0
600261.SH,20260908,14000,3.22,45080.0
600262.SH,20260908,8000,15.4,123200.0
600265.SH,20260908,300,23.1,6930.0
600266.SH,20260908,26500,4.25,112625.0
600267.SH,20260908,27700,11.62,321874.0
600268.SH,20260908,71100,10.52,747972.0
600269.SH,20260908,52100,3.99,207879.0
600271.SH,20260908,20100,6.8,136680.0
600272.SH,20260908,271000,17.47,4734370.0
600273.SH,20260908,16100,6.68,107548.0
600276.SH,20260908,187900,46.2,8680980.0
600278.SH,20260908,5900,6.6,38940.0
600279.SH,20260908,6300,4.4,27720.0
600280.SH,20260908,2262100,3.53,7985213.0
600281.SH,20260908,11300,4.86,54918.0
600282.SH,20260908,31500,4.66,146790.0
600283.SH,20260908,36300,8.17,296571.0
600284.SH,20260908,15400,5.2,80080.0
600285.SH,20260908,10400,19.52,203008.0
600287.SH,20260908,9800,5.09,49882.0
600288.SH,20260908,22700,11.18,253786.0
600289.SH,20260908,1500,4.25,6375.0
600292.SH,20260908,14400,11.91,171504.0
600293.SH,20260908,48800,2.95,143960.0
600295.SH,20260908,312300,13.36,4172328.0
600298.SH,20260908,4600,41.25,189750.0
600299.SH,20260908,101300,8.62,873206.0
600300.SH,20260908,502900,3.36,1689744.0
600301.SH,20260908,33400,45.11,1506674.0
600302.SH,20260908,51100,6.98,356678.0
600303.SH,20260908,34700,3.01,104447.0
600305.SH,20260908,18800,6.91,129908.0
600307.SH,20260908,252200,1.49,375778.0
600308.SH,20260908,223100,3.34,745154.0
600309.SH,20260908,96700,76.7,7416890.0
600310.SH,20260908,177420,4.48,794842.0
600312.SH,20260908,67500,20.32,1371600.0
600313.SH,20260908,1119800,7.61,8521678.0
600315.SH,20260908,12100,18.65,225665.0
600316.SH,20260908,20300,31.75,644525.0
600318.SH,20260908,234000,7.13,1668420.0
600319.SH,20260908,47200,6.57,310104.0
600320.SH,20260908,85300,4.1,349730.0
600322.SH,20260908,35800,2.74,98092.0
600323.SH,20260908,5000,29.58,147900.0
600325.SH,20260908,354200,2.56,906752.0
600326.SH,20260908,76500,7.43,568395.0
600327.SH,20260908,60000,4.11,246600.0
600328.SH,20260908,15400,6.34,97636.0
600329.SH,20260908,3700,35.59,131683.0
600330.SH,20260908,2585200,29.89,77271628.0
600331.SH,20260908,134500,12.68,1705460.0
600332.SH,20260908,12200,20.16,245952.0
600333.SH,20260908,32100,6.75,216675.0
600335.SH,20260908,32400,5.21,168804.0
600336.SH,20260908,51200,6.66,340992.0
600337.SH,20260908,14800,3.12,46176.0
600338.SH,20260908,100300,13.39,1343017.0
600339.SH,20260908,42500,3.35,142375.0
600340.SH,20260908,804000,1.08,868320.0
600343.SH,20260908,16200,18.16,294192.0
600345.SH,20260908,160700,51.8,8324260.0
600346.SH,20260908,33800,18.24,616512.0
600348.SH,20260908,22200,8.75,194250.0
600350.SH,20260908,31101,10.19,316919.0
600351.SH,20260908,30500,6.67,203435.0
600352.SH,20260908,173300,12.22,2117726.0
600353.SH,20260908,277400,33.48,9287352.0
600354.SH,20260908,7118000,10.4,74027200.0
600356.SH,20260908,30200,9.13,275726.0
600358.SH,20260908,39600,5.26,208296.0
600359.SH,20260908,433400,7.93,3436862.0
600360.SH,20260908,66500,9.81,652365.0
600361.SH,20260908,114900,3.63,417087.0
600362.SH,20260908,1401400,47.38,66398332.0
600363.SH,20260908,258100,16.36,4222516.0
600365.SH,20260908,11700,2.91,34047.0
600366.SH,20260908,40200,11.32,455064.0
600367.SH,20260908,79300,36.1,2862730.0
600368.SH,20260908,250100,4.35,1087935.0
600369.SH,20260908,87600,4.07,356532.0
600370.SH,20260908,100,1.52,152.0
600371.SH,20260908,3136030,15.37,48200781.0
600372.SH,20260908,28100,11.3,317530.0
600373.SH,20260908,145700,7.61,1108777.0
600375.SH,20260908,30900,3.84,118656.0
600376.SH,20260908,80600,3.32,267592.0
600377.SH,20260908,43200,12.43,536976.0
600378.SH,20260908,277400,48.03,13323522.0
600379.SH,20260908,13800,14.74,203412.0
600380.SH,20260908,122900,9.5,1167550.0
600381.SH,20260908,44900,4.11,184539.0
600382.SH,20260908,20000,6.35,127000.0
600383.SH,20260908,250400,2.36,590944.0
600386.SH,20260908,25800,3.59,92622.0
600388.SH,20260908,15500,19.07,295585.0
600389.SH,20260908,23400,18.81,440154.0
600390.SH,20260908,99100,4.94,489554.0
600391.SH,20260908,71700,37.89,2716713.0
600392.SH,20260908,67800,21.86,1482108.0
600395.SH,20260908,84000,5.23,439320.0
600396.SH,20260908,172400,13.69,2360156.0
600397.SH,20260908,712100,17.55,12497355.0
600398.SH,20260908,114500,5.86,670970.0
600399.SH,20260908,118800,4.53,538164.0
600400.SH,20260908,4081300,3.35,13672355.0
600403.SH,20260908,352200,6.61,2328042.0
600405.SH,20260908,94700,5.13,485811.0
600406.SH,20260908,79600,22.61,1799756.0
600408.SH,20260908,54100,3.04,164464.0
600409.SH,20260908,31200,6.93,216216.0
600410.SH,20260908,804200,14.88,11966496.0
600415.SH,20260908,215200,13.0,2797600.0
600416.SH,20260908,19700,8.53,168041.0
600418.SH,20260908,492400,20.63,10158212.0
600419.SH,20260908,30800,9.21,283668.0
600420.SH,20260908,15900,8.48,134832.0
600422.SH,20260908,2300,8.5,19550.0
600423.SH,20260908,32500,2.84,92300.0
600425.SH,20260908,14200,3.73,52966.0
600426.SH,20260908,156000,20.24,3157440.0
600428.SH,20260908,147000,11.36,1669920.0
600429.SH,20260908,79200,4.84,383328.0
600433.SH,20260908,30200,3.37,101774.0
600435.SH,20260908,70300,11.38,800014.0
600436.SH,20260908,10400,122.65,1275560.0
600438.SH,20260908,138300,11.64,1609812.0
600439.SH,20260908,6800,1.94,13192.0
600444.SH,20260908,20900,14.44,301796.0
600446.SH,20260908,29700,10.98,326106.0
600448.SH,20260908,100700,3.03,305121.0
600449.SH,20260908,9000,12.58,113220.0
600452.SH,20260908,112700,9.02,1016554.0
600455.SH,20260908,10200,24.95,254490.0
600456.SH,20260908,2400,26.67,64008.0
600458.SH,20260908,21900,11.61,254259.0
600459.SH,20260908,44900,20.18,906082.0
600460.SH,20260908,281400,30.8,8667120.0
600461.SH,20260908,17200,8.91,153252.0
600463.SH,20260908,7000,8.48,59360.0
600467.SH,20260908,485200,2.52,1222704.0
600468.SH,20260908,32000,6.3,201600.0
600469.SH,20260908,1800,5.2,9360.0
600470.SH,20260908,97800,6.13,599514.0
600475.SH,20260908,33700,15.55,524035.0
600476.SH,20260908,100,10.02,1002.0
600477.SH,20260908,6500,2.47,16055.0
600478.SH,20260908,19800,4.76,94248.0
600479.SH,20260908,1598900,13.95,22304655.0
600480.SH,20260908,20200,8.35,168670.0
600481.SH,20260908,135800,4.34,589372.0
600482.SH,20260908,78400,34.32,2690688.0
600483.SH,20260908,3900,10.96,42744.0
600486.SH,20260908,10800,56.4,609120.0
600487.SH,20260908,599900,63.9,38333610.0
600488.SH,20260908,33300,5.21,173493.0
600489.SH,20260908,369600,25.38,9380448.0
600490.SH,20260908,348804,7.59,2647422.0
600491.SH,20260908,601300,1.66,998158.0
600493.SH,20260908,19700,6.43,126671.0
600495.SH,20260908,6100,4.09,24949.0
600496.SH,20260908,21500,3.33,71595.0
600497.SH,20260908,1000200,10.0,10002000.0
600498.SH,20260908,356600,39.43,14060738.0
600499.SH,20260908,21600,14.55,314280.0
600500.SH,20260908,194600,5.52,1074192.0
600501.SH,20260908,10300,14.88,153264.0
600502.SH,20260908,59400,4.41,261954.0
600503.SH,20260908,61600,2.23,137368.0
600505.SH,20260908,13100,10.57,138467.0
600506.SH,20260908,810700,17.99,14584493.0
600507.SH,20260908,21700,4.21,91357.0
600508.SH,20260908,169600,11.23,1904608.0
600509.SH,20260908,118800,7.39,877932.0
600510.SH,20260908,3600,6.8,24480.0
600511.SH,20260908,500,26.82,13410.0
600512.SH,20260908,48500,2.1,101850.0
600513.SH,20260908,11900,15.28,181832.0
600515.SH,20260908,135900,2.83,384597.0
600516.SH,20260908,70400,5.17,363968.0
600517.SH,20260908,78700,5.03,395861.0
600518.SH,20260908,418800,1.38,577944.0
600519.SH,20260908,10100,1318.0,13311800.0
600520.SH,20260908,50600,25.25,1277650.0
600521.SH,20260908,46800,15.81,739908.0
600522.SH,20260908,596600,32.82,19580412.0
600523.SH,20260908,3000,11.96,35880.0
600525.SH,20260908,39500,5.07,200265.0
600526.SH,20260908,0,,0.0
600527.SH,20260908,93900,2.27,213153.0
600528.SH,20260908,7600,6.95,52820.0
600529.SH,20260908,17100,18.81,321651.0
600530.SH,20260908,1400,3.91,5474.0
600531.SH,20260908,171100,12.93,2212323.0
600533.SH,20260908,70200,2.25,157950.0
600535.SH,20260908,6700,14.65,98155.0
600536.SH,20260908,72000,33.5,2412000.0
600537.SH,20260908,69800,2.18,152164.0
600538.SH,20260908,13200,5.2,68640.0
600539.SH,20260908,24700,14.08,347776.0
600540.SH,20260908,4645900,6.82,31685038.0
600543.SH,20260908,16400,4.38,71832.0
600545.SH,20260908,112100,4.1,459610.0
600546.SH,20260908,45100,12.94,583594.0
600547.SH,20260908,474700,36.88,17506936.0
600548.SH,20260908,94900,8.42,799058.0
600549.SH,20260908,92100,50.36,4638156.0
600550.SH,20260908,37700,11.0,414700.0
600551.SH,20260908,726520,8.2,5957464.0
600552.SH,20260908,85300,17.12,1460336.0
600556.SH,20260908,84100,4.92,413772.0
600557.SH,20260908,5000,12.52,62600.0
600558.SH,20260908,9200,4.8,44160.0
600559.SH,20260908,16500,11.63,191895.0
600560.SH,20260908,6400,11.4,72960.0
600561.SH,20260908,23900,6.16,147224.0
600562.SH,20260908,30100,28.09,845509.0
600563.SH,20260908,5900,126.33,745347.0
600566.SH,20260908,2300,25.7,59110.0
600567.SH,20260908,763700,1.35,1030995.0
600568.SH,20260908,23800,2.23,53074.0
600569.SH,20260908,217300,1.82,395486.0
600570.SH,20260908,64000,21.51,1376640.0
600571.SH,20260908,17900,10.87,194573.0
600572.SH,20260908,97300,4.36,424228.0
600573.SH,20260908,18400,10.25,188600.0
600575.SH,20260908,40500,3.27,132435.0
600576.SH,20260908,643700,5.93,3817141.0
600577.SH,20260908,1076900,8.28,8916732.0
600578.SH,20260908,80700,5.37,433359.0
600579.SH,20260908,15400,6.96,107184.0
600580.SH,20260908,29800,28.88,860624.0
600581.SH,20260908,47000,2.44,114680.0
600582.SH,20260908,63100,4.7,296570.0
600583.SH,20260908,82700,6.04,499508.0
600584.SH,20260908,506000,69.57,35202420.0
600585.SH,20260908,34100,17.81,607321.0
600586.SH,20260908,5100,4.12,21012.0
600587.SH,20260908,3800,12.61,47918.0
600588.SH,20260908,126300,10.03,1266789.0
600589.SH,20260908,833200,8.25,6873900.0
600590.SH,20260908,39900,8.61,343539.0
600592.SH,20260908,40100,15.2,609520.0
600593.SH,20260908,32400,41.21,1335204.0
600594.SH,20260908,49700,3.71,184387.0
600595.SH,20260908,289600,6.28,1818688.0
600596.SH,20260908,1701300,11.48,19530924.0
600597.SH,20260908,32100,7.1,227910.0
600598.SH,20260908,270500,13.34,3608470.0
600600.SH,20260908,19400,51.45,998130.0
600601.SH,20260908,3379200,14.04,47443968.0
600602.SH,20260908,106900,18.12,1937028.0
600603.SH,20260908,338000,4.98,1683240.0
600604.SH,20260908,23200,4.78,110896.0
600605.SH,20260908,42800,28.29,1210812.0
600606.SH,20260908,582100,1.33,774193.0
600609.SH,20260908,27600,3.37,93012.0
600610.SH,20260908,665500,8.83,5876365.0
600611.SH,20260908,3222000,4.99,16077780.0
600612.SH,20260908,1700,33.85,57545.0
600613.SH,20260908,1186300,9.5,11269850.0
600615.SH,20260908,8300,9.81,81423.0
600616.SH,20260908,117900,4.52,532908.0
600617.SH,20260908,18800,3.31,62228.0
600618.SH,20260908,1200,10.36,12432.0
600619.SH,20260908,28200,13.61,383802.0
600620.SH,20260908,70700,4.48,316736.0
600621.SH,20260908,65300,13.49,880897.0
600622.SH,20260908,119000,2.47,293930.0
600623.SH,20260908,23800,8.48,201824.0
600624.SH,20260908,21800,4.7,102460.0
600626.SH,20260908,36800,3.66,134688.0
600628.SH,20260908,243900,6.58,1604862.0
600629.SH,20260908,221300,17.97,3976761.0
600630.SH,20260908,27300,7.09,193557.0
600633.SH,20260908,20700,10.56,218592.0
600635.SH,20260908,45700,4.7,214790.0
600637.SH,20260908,356200,8.63,3074006.0
600638.SH,20260908,12800,5.06,64768.0
600639.SH,20260908,4000,9.47,37880.0
600640.SH,20260908,104100,11.26,1172166.0
600641.SH,20260908,490200,31.11,15250122.0
600642.SH,20260908,3500,8.47,29645.0
600643.SH,20260908,32500,4.16,135200.0
600644.SH,20260908,33300,9.01,300033.0
600645.SH,20260908,14400,18.62,268128.0
600648.SH,20260908,8400,9.34,78456.0
600649.SH,20260908,61000,4.02,245220.0
600650.SH,20260908,32500,10.98,356850.0
600651.SH,20260908,49100,5.55,272505.0
600653.SH,20260908,29800,1.74,51852.0
600654.SH,20260908,151700,3.2,485440.0
600655.SH,20260908,8300,4.57,37931.0
600657.SH,20260908,2627324,3.3,8670169.0
600658.SH,20260908,93100,4.25,395675.0
600660.SH,20260908,26300,55.88,1469644.0
600661.SH,20260908,2700,8.81,23787.0
600662.SH,20260908,8100,4.27,34587.0
600663.SH,20260908,24500,8.96,219520.0
600664.SH,20260908,4251800,7.87,33461666.0
600665.SH,20260908,6400,3.59,22976.0
600666.SH,20260908,133900,3.51,469989.0
600667.SH,20260908,1205700,18.01,21714657.0
600668.SH,20260908,1700,7.45,12665.0
600671.SH,20260908,7300,21.83,159359.0
600673.SH,20260908,35700,31.65,1129905.0
600674.SH,20260908,35600,15.57,554292.0
600675.SH,20260908,55800,2.29,127782.0
600676.SH,20260908,7200,6.68,48096.0
600678.SH,20260908,122500,5.98,732550.0
600679.SH,20260908,5700,10.26,58482.0
600681.SH,20260908,25600,3.5,89600.0
600682.SH,20260908,31800,5.74,182532.0
600683.SH,20260908,104400,9.96,1039824.0
600684.SH,20260908,93000,3.6,334800.0
600685.SH,20260908,129500,27.24,3527580.0
600686.SH,20260908,86400,11.05,954720.0
600688.SH,20260908,160300,2.84,455252.0
600689.SH,20260908,61200,12.53,766836.0
600690.SH,20260908,32000,21.52,688640.0
600691.SH,20260908,545100,3.03,1651653.0
600692.SH,20260908,22600,6.59,148934.0
600693.SH,20260908,2080900,11.6,24138440.0
600694.SH,20260908,51005,14.98,764055.0
600697.SH,20260908,28000,11.58,324240.0
600698.SH,20260908,605400,7.91,4788714.0
600699.SH,20260908,62200,19.49,1212278.0
600702.SH,20260908,13500,36.0,486000.0
600703.SH,20260908,628900,13.09,8232301.0
600704.SH,20260908,81400,4.94,402116.0
600706.SH,20260908,48900,8.82,431298.0
600707.SH,20260908,159700,8.73,1394181.0
600708.SH,20260908,13100,3.06,40086.0
600710.SH,20260908,4900,10.72,52528.0
600711.SH,20260908,700300,11.78,8249534.0
600712.SH,20260908,509700,5.9,3007230.0
600713.SH,20260908,6200,5.27,32674.0
600714.SH,20260908,346100,23.0,7960300.0
600715.SH,20260908,65700,1.73,113661.0
600716.SH,20260908,21000,3.71,77910.0
600717.SH,20260908,15600,4.34,67704.0
600718.SH,20260908,5000,8.07,40350.0
600719.SH,20260908,138500,7.51,1040135.0
600720.SH,20260908,20800,5.22,108576.0
600721.SH,20260908,551500,11.9,6562850.0
600722.SH,20260908,1729544,18.08,31270156.0
600724.SH,20260908,38500,5.16,198660.0
600725.SH,20260908,17600,3.27,57552.0
600726.SH,20260908,276400,5.31,1467684.0
600727.SH,20260908,85400,7.7,657580.0
600728.SH,20260908,68600,4.68,321048.0
600729.SH,20260908,15200,19.91,302632.0
600730.SH,20260908,31400,9.49,297986.0
600731.SH,20260908,16200,5.96,96552.0
600732.SH,20260908,61800,11.03,681654.0
600733.SH,20260908,164000,4.92,806880.0
600734.SH,20260908,885800,1.78,1576724.0
600735.SH,20260908,16100,5.94,95634.0
600736.SH,20260908,16000,6.68,106880.0
600737.SH,20260908,5555200,18.08,100438016.0
600738.SH,20260908,77500,4.45,344875.0
600739.SH,20260908,26000,10.77,280020.0
600740.SH,20260908,57600,3.8,218880.0
600741.SH,20260908,53700,15.36,824832.0
600742.SH,20260908,8300,7.83,64989.0
600743.SH,20260908,88400,2.12,187408.0
600744.SH,20260908,28000,6.2,173600.0
600745.SH,20260908,132386,18.0,2382948.0
600746.SH,20260908,77100,7.18,553578.0
600748.SH,20260908,14100,3.86,54426.0
600749.SH,20260908,245000,15.48,3792600.0
600750.SH,20260908,21600,23.33,503928.0
600751.SH,20260908,9900,3.1,30690.0
600753.SH,20260908,2700,11.31,30537.0
600754.SH,20260908,61000,19.74,1204140.0
600755.SH,20260908,100500,5.78,580890.0
600756.SH,20260908,8600,14.38,123668.0
600757.SH,20260908,30100,7.39,222439.0
600758.SH,20260908,46900,3.64,170716.0
600759.SH,20260908,993100,2.53,2512543.0
600760.SH,20260908,61800,47.35,2926230.0
600761.SH,20260908,19300,16.33,315169.0
600763.SH,20260908,14700,35.08,515676.0
600764.SH,20260908,15000,18.19,272850.0
600765.SH,20260908,21000,13.42,281820.0
600768.SH,20260908,15400,15.02,231308.0
600769.SH,20260908,116400,15.74,1832136.0
600770.SH,20260908,3310700,5.73,18970311.0
600771.SH,20260908,29000,13.92,403680.0
600773.SH,20260908,29500,10.91,321845.0
600774.SH,20260908,24500,7.96,195020.0
600775.SH,20260908,28300,9.89,279887.0
600776.SH,20260908,444400,13.27,5897188.0
600777.SH,20260908,130000,4.04,525200.0
600778.SH,20260908,120400,5.98,719992.0
600779.SH,20260908,5700,27.21,155097.0
600780.SH,20260908,45200,6.22,281144.0
600782.SH,20260908,31300,2.76,86388.0
600783.SH,20260908,67100,16.02,1074942.0
600784.SH,20260908,103500,7.47,773145.0
600785.SH,20260908,2035900,12.56,25570904.0
600787.SH,20260908,12000,4.6,55200.0
600789.SH,20260908,16200,7.61,123282.0
600790.SH,20260908,9700,3.44,33368.0
600791.SH,20260908,984300,7.98,7854714.0
600792.SH,20260908,208900,4.07,850223.0
600793.SH,20260908,31400,15.51,487014.0
600794.SH,20260908,10800,3.27,35316.0
600795.SH,20260908,395700,5.28,2089296.0
600796.SH,20260908,3700,5.24,19388.0
600797.SH,20260908,21700,6.89,149513.0
600798.SH,20260908,79400,3.43,272342.0
600800.SH,20260908,58300,3.45,201135.0
600801.SH,20260908,31400,24.43,767102.0
600802.SH,20260908,718200,5.15,3698730.0
600803.SH,20260908,22100,19.21,424541.0
600805.SH,20260908,96400,4.56,439584.0
600807.SH,20260908,29000,2.7,78300.0
600808.SH,20260908,92200,2.56,236032.0
600809.SH,20260908,15348,122.52,1880437.0
600810.SH,20260908,4100,6.51,26691.0
600812.SH,20260908,29200,4.73,138116.0
600814.SH,20260908,607700,7.55,4588135.0
600815.SH,20260908,494400,4.09,2022096.0
600816.SH,20260908,116000,2.48,287680.0
600817.SH,20260908,1900,9.95,18905.0
600818.SH,20260908,13700,7.78,106586.0
600819.SH,20260908,16700,5.85,97695.0
600820.SH,20260908,14600,5.46,79716.0
600821.SH,20260908,113200,6.09,689388.0
600822.SH,20260908,125700,8.83,1109931.0
600824.SH,20260908,39600,3.85,152460.0
600826.SH,20260908,39100,7.72,301852.0
600827.SH,20260908,66800,8.0,534400.0
600828.SH,20260908,2081500,5.08,10574020.0
600829.SH,20260908,106800,10.15,1084020.0
600830.SH,20260908,1028900,9.42,9692238.0
600831.SH,20260908,29400,3.45,101430.0
600833.SH,20260908,12500,10.67,133375.0
600834.SH,20260908,405500,7.79,3158845.0
600835.SH,20260908,8800,18.55,163240.0
600838.SH,20260908,356500,8.83,3147895.0
600839.SH,20260908,534000,7.0,3738000.0
600841.SH,20260908,46000,5.78,265880.0
600843.SH,20260908,25200,7.11,179172.0
600844.SH,20260908,689700,3.52,2427744.0
600845.SH,20260908,17600,17.23,303248.0
600846.SH,20260908,5100,11.83,60333.0
600847.SH,20260908,22400,12.7,284480.0
600848.SH,20260908,5300,8.59,45527.0
600850.SH,20260908,26200,14.45,378590.0
600851.SH,20260908,14900,8.49,126501.0
600853.SH,20260908,45000,3.38,152100.0
600854.SH,20260908,7400,4.75,35150.0
600855.SH,20260908,26000,12.77,332020.0
600857.SH,20260908,315600,23.58,7441848.0
600858.SH,20260908,64700,5.2,336440.0
600859.SH,20260908,110100,10.28,1131828.0
600860.SH,20260908,6700,8.47,56749.0
600861.SH,20260908,3900,13.04,50856.0
600862.SH,20260908,23400,18.17,425178.0
600863.SH,20260908,307900,4.64,1428656.0
600864.SH,20260908,83400,5.72,477048.0
600865.SH,20260908,1185100,13.74,16283274.0
600866.SH,20260908,132900,4.43,588747.0
600867.SH,20260908,27600,7.96,219696.0
600868.SH,20260908,97100,2.8,271880.0
600869.SH,20260908,2335900,21.01,49077259.0
600871.SH,20260908,475400,2.22,1055388.0
600872.SH,20260908,83800,18.55,1554490.0
600873.SH,20260908,7200,7.79,56088.0
600874.SH,20260908,23300,5.63,131179.0
600875.SH,20260908,85800,24.98,2143284.0
600876.SH,20260908,3300,7.18,23694.0
600877.SH,20260908,24800,11.96,296608.0
600879.SH,20260908,115800,14.27,1652466.0
600880.SH,20260908,5157700,4.58,23622266.0
600881.SH,20260908,276100,1.88,519068.0
600882.SH,20260908,11200,20.85,233520.0
600883.SH,20260908,23500,8.14,191290.0
600884.SH,20260908,41500,11.56,479740.0
600885.SH,20260908,33000,35.0,1155000.0
600886.SH,20260908,69200,14.25,986100.0
600887.SH,20260908,123100,26.6,3274460.0
600888.SH,20260908,87800,10.01,878878.0
600889.SH,20260908,1000,13.87,13870.0
600892.SH,20260908,1636600,4.83,7904778.0
600893.SH,20260908,117000,38.8,4539600.0
600894.SH,20260908,5000,7.41,37050.0
600895.SH,20260908,24800,29.4,729120.0
600897.SH,20260908,3400,15.56,52904.0
600900.SH,20260908,565000,27.84,15729600.0
600901.SH,20260908,72500,6.67,483575.0
600903.SH,20260908,387000,6.57,2542590.0
600905.SH,20260908,263700,3.68,970416.0
600906.SH,20260908,76400,6.52,498128.0
600908.SH,20260908,45400,5.72,259688.0
600909.SH,20260908,213400,8.11,1730674.0
600916.SH,20260908,71300,7.95,566835.0
600917.SH,20260908,8700,4.92,42804.0
600918.SH,20260908,31900,5.58,178002.0
600919.SH,20260908,230700,12.17,2807619.0
600925.SH,20260908,14300,4.2,60060.0
600926.SH,20260908,118100,17.03,2011243.0
600927.SH,20260908,31600,12.69,401004.0
600928.SH,20260908,103400,3.52,363968.0
600930.SH,20260908,445200,3.88,1727376.0
600933.SH,20260908,9200,13.58,124936.0
600935.SH,20260908,1357600,2.37,3217512.0
600936.SH,20260908,3173600,5.26,16693136.0
600938.SH,20260908,141300,33.02,4665726.0
600939.SH,20260908,8700,2.69,23403.0
600941.SH,20260908,15000,98.5,1477500.0
600955.SH,20260908,27900,12.73,355167.0
600956.SH,20260908,3300,7.14,23562.0
600958.SH,20260908,46900,9.17,430073.0
600959.SH,20260908,132800,3.17,420976.0
600960.SH,20260908,17100,4.03,68913.0
600961.SH,20260908,208800,25.6,5345280.0
600962.SH,20260908,19500,25.28,492960.0
600963.SH,20260908,112900,3.5,395150.0
600965.SH,20260908,59800,2.91,174018.0
600966.SH,20260908,52400,4.81,252044.0
600967.SH,20260908,604700,13.33,8060651.0
600968.SH,20260908,36400,3.89,141596.0
600969.SH,20260908,198500,10.32,2048520.0
600970.SH,20260908,3700,7.75,28675.0
600971.SH,20260908,71592,8.72,624282.0
600973.SH,20260908,21500,6.02,129430.0
600975.SH,20260908,2258100,5.92,13367952.0
600976.SH,20260908,3200,27.8,88960.0
600977.SH,20260908,48200,13.0,626600.0
600979.SH,20260908,12800,3.93,50304.0
600980.SH,20260908,13900,19.32,268548.0
600981.SH,20260908,11500,2.48,28520.0
600982.SH,20260908,28800,4.84,139392.0
600983.SH,20260908,27700,7.6,210520.0
600984.SH,20260908,148200,3.75,555750.0
600985.SH,20260908,87300,16.83,1469259.0
600986.SH,20260908,97500,7.5,731250.0
600987.SH,20260908,20100,6.54,131454.0
600988.SH,20260908,179900,44.89,8075711.0
600989.SH,20260908,148800,23.52,3499776.0
600990.SH,20260908,3800,18.63,70794.0
600992.SH,20260908,5800,10.03,58174.0
600993.SH,20260908,9200,22.89,210588.0
600995.SH,20260908,61000,12.39,755790.0
600996.SH,20260908,31800,7.1,225780.0
600997.SH,20260908,11600,5.4,62640.0
600998.SH,20260908,46900,5.07,237783.0
600999.SH,20260908,104800,18.09,1895832.0
601000.SH,20260908,168900,4.54,766806.0
601001.SH,20260908,39200,16.4,642880.0
601002.SH,20260908,136500,5.37,733005.0
601003.SH,20260908,24100,3.74,90134.0
601005.SH,20260908,105700,1.21,127897.0
601006.SH,20260908,185700,4.79,889503.0
601007.SH,20260908,43500,7.24,314940.0
601008.SH,20260908,26700,4.47,119349.0
601009.SH,20260908,132700,11.92,1581784.0
601010.SH,20260908,98100,1.54,151074.0
601011.SH,20260908,100400,2.88,289152.0
601012.SH,20260908,143300,11.86,1699538.0
601015.SH,20260908,128700,3.61,464607.0
601016.SH,20260908,255100,3.32,846932.0
601018.SH,20260908,207300,3.45,715185.0
601019.SH,20260908,20500,7.15,146575.0
601020.SH,20260908,106300,22.19,2358797.0
601021.SH,20260908,14000,44.07,616980.0
601022.SH,20260908,10000,8.35,83500.0
601026.SH,20260908,6300,14.82,93366.0
601033.SH,20260908,3400,14.55,49470.0
601038.SH,20260908,43000,14.84,638120.0
601058.SH,20260908,200600,14.3,2868580.0
601059.SH,20260908,705200,17.28,12185856.0
601061.SH,20260908,64400,11.47,738668.0
601065.SH,20260908,5300,6.88,36464.0
601066.SH,20260908,34800,24.95,868260.0
601068.SH,20260908,19400,4.54,88076.0
601069.SH,20260908,66100,29.75,1966475.0
601077.SH,20260908,97000,6.71,650870.0
601083.SH,20260908,56000,13.14,735840.0
601086.SH,20260908,4491500,14.02,62970830.0
601088.SH,20260908,122800,46.0,5648800.0
601089.SH,20260908,5500,16.04,88220.0
601096.SH,20260908,44800,4.18,187264.0
601098.SH,20260908,20000,10.23,204600.0
601099.SH,20260908,296500,3.54,1049610.0
601100.SH,20260908,5000,100.5,502500.0
601101.SH,20260908,163900,13.47,2207733.0
601106.SH,20260908,111200,3.02,335824.0
601107.SH,20260908,14100,5.77,81357.0
601108.SH,20260908,228100,8.52,1943412.0
601111.SH,20260908,43600,5.85,255060.0
601112.SH,20260908,2200,15.6,34320.0
601113.SH,20260908,17200,3.48,59856.0
601116.SH,20260908,408800,11.8,4823840.0
601117.SH,20260908,145600,7.3,1062880.0
601118.SH,20260908,3166800,7.37,23339316.0
601121.SH,20260908,41300,7.28,300664.0
601123.SH,20260908,226149,16.93,3828703.0
601126.SH,20260908,33800,41.34,1397292.0
601127.SH,20260908,68400,49.0,3351600.0
601128.SH,20260908,88100,6.32,556792.0
601133.SH,20260908,17400,23.6,410640.0
601136.SH,20260908,266800,15.66,4178088.0
601137.SH,20260908,49000,20.7,1014300.0
601138.SH,20260908,442300,66.3,29324490.0
601139.SH,20260908,14900,6.41,95509.0
601155.SH,20260908,35300,12.15,428895.0
601156.SH,20260908,5800,18.91,109678.0
601158.SH,20260908,18100,4.1,74210.0
601162.SH,20260908,572100,3.76,2151096.0
601163.SH,20260908,2700,12.39,33453.0
601166.SH,20260908,277200,18.05,5003460.0
601168.SH,20260908,668151,39.61,26465461.0
601169.SH,20260908,817800,5.49,4489722.0
601177.SH,20260908,66200,14.11,934082.0
601179.SH,20260908,97200,12.51,1215972.0
601186.SH,20260908,54500,6.07,330815.0
601187.SH,20260908,184700,7.09,1309523.0
601188.SH,20260908,7100,2.94,20874.0
601198.SH,20260908,828400,14.1,11680440.0
601199.SH,20260908,21300,5.78,123114.0
601200.SH,20260908,7300,6.96,50808.0
601208.SH,20260908,251100,50.0,12555000.0
601211.SH,20260908,157930,17.49,2762196.0
601212.SH,20260908,6078700,7.19,43705853.0
601216.SH,20260908,176500,4.8,847200.0
601218.SH,20260908,60900,4.48,272832.0
601222.SH,20260908,82200,5.97,490734.0
601225.SH,20260908,52200,25.69,1341018.0
601226.SH,20260908,1200,6.48,7776.0
601228.SH,20260908,56700,3.11,176337.0
601229.SH,20260908,322600,9.45,3048570.0
601231.SH,20260908,125100,26.05,3258855.0
601233.SH,20260908,214100,24.99,5350359.0
601236.SH,20260908,20600,7.0,144200.0
601238.SH,20260908,66600,5.13,341658.0
601279.SH,20260908,44600,3.43,152978.0
601288.SH,20260908,1570000,6.79,10660300.0
601298.SH,20260908,19500,9.25,180375.0
601311.SH,20260908,57900,7.64,442356.0
601318.SH,20260908,703100,56.0,39373600.0
601319.SH,20260908,885200,7.91,7001932.0
601326.SH,20260908,30400,3.53,107312.0
601328.SH,20260908,833500,7.3,6084550.0
601330.SH,20260908,79700,8.02,639194.0
601333.SH,20260908,196400,3.12,612768.0
601336.SH,20260908,73500,60.42,4440870.0
601339.SH,20260908,13100,7.44,97464.0
601360.SH,20260908,249900,8.97,2241603.0
601366.SH,20260908,5400,3.87,20898.0
601368.SH,20260908,5300,4.52,23956.0
601369.SH,20260908,69000,8.54,589260.0
601375.SH,20260908,60800,4.06,246848.0
601377.SH,20260908,72090,5.89,424610.0
601388.SH,20260908,55100,3.39,186789.0
601390.SH,20260908,173800,4.35,756030.0
601398.SH,20260908,1455400,7.97,11599538.0
601399.SH,20260908,24900,3.17,78933.0
601456.SH,20260908,50900,8.82,448938.0
601500.SH,20260908,22500,3.95,88875.0
601512.SH,20260908,21900,8.56,187464.0
601515.SH,20260908,43400,3.33,144522.0
601518.SH,20260908,84500,2.84,239980.0
601519.SH,20260908,63800,8.76,558888.0
601528.SH,20260908,77400,5.14,397836.0
601555.SH,20260908,29360,8.38001,246037.0
601566.SH,20260908,675300,10.7,7225710.0
601567.SH,20260908,67000,13.47,902490.0
601568.SH,20260908,35400,3.81,134874.0
601577.SH,20260908,79600,9.98,794408.0
601579.SH,20260908,491200,23.99,11783888.0
601588.SH,20260908,249400,1.77,441438.0
601595.SH,20260908,921800,20.82,19191876.0
601598.SH,20260908,12000,6.51,78120.0
601599.SH,20260908,94200,3.32,312744.0
601600.SH,20260908,781000,9.6,7497600.0
601601.SH,20260908,175100,33.13,5801063.0
601606.SH,20260908,224900,33.69,7576881.0
601607.SH,20260908,11200,16.53,185136.0
601608.SH,20260908,10400,4.79,49816.0
601609.SH,20260908,134500,13.27,1784815.0
601611.SH,20260908,151200,10.68,1614816.0
601615.SH,20260908,60000,9.3,558000.0
601616.SH,20260908,4000,3.83,15320.0
601618.SH,20260908,128800,2.55,328440.0
601619.SH,20260908,53400,4.11,219474.0
601628.SH,20260908,207000,38.25,7917750.0
601633.SH,20260908,33100,14.95,494845.0
601636.SH,20260908,123900,5.89,729771.0
601658.SH,20260908,1023200,5.38,5504816.0
601665.SH,20260908,200500,7.06,1415530.0
601666.SH,20260908,54200,9.14,495388.0
601668.SH,20260908,576400,4.34,2501576.0
601669.SH,20260908,229800,4.63,1063974.0
601677.SH,20260908,54100,16.4,887240.0
601678.SH,20260908,150300,6.0,901800.0
601686.SH,20260908,2300,5.21,11983.0
601688.SH,20260908,32500,19.42,631150.0
601689.SH,20260908,100300,46.83,4697049.0
601696.SH,20260908,54800,11.93,653764.0
601698.SH,20260908,63100,23.98,1513138.0
601699.SH,20260908,46000,16.0,736000.0
601700.SH,20260908,1000900,7.05,7056345.0
601702.SH,20260908,8300,15.33,127239.0
601717.SH,20260908,41000,14.36,588760.0
601718.SH,20260908,679700,2.03,1379791.0
601727.SH,20260908,526933,6.72,3540990.0
601728.SH,20260908,58000,6.35,368300.0
601766.SH,20260908,227800,6.22,1416916.0
601777.SH,20260908,55100,8.15,449065.0
601778.SH,20260908,118500,3.6,426600.0
601788.SH,20260908,69700,14.46,1007862.0
601789.SH,20260908,30000,4.29,128700.0
601798.SH,20260908,23200,7.67,177944.0
601799.SH,20260908,34700,79.2,2748240.0
601800.SH,20260908,36400,5.95,216580.0
601801.SH,20260908,119600,5.43,649428.0
601808.SH,20260908,18500,12.41,229585.0
601811.SH,20260908,140400,11.8,1656720.0
601816.SH,20260908,256700,4.84,1242428.0
601818.SH,20260908,591600,3.01,1780716.0
601825.SH,20260908,13200,8.84,116688.0
601827.SH,20260908,1200,8.14,9768.0
601828.SH,20260908,1032900,2.24,2313696.0
601838.SH,20260908,54900,19.45,1067805.0
601857.SH,20260908,287500,11.01,3165375.0
601858.SH,20260908,113900,22.65,2579835.0
601860.SH,20260908,39700,2.61,103617.0
601865.SH,20260908,96600,9.93,959238.0
601866.SH,20260908,91800,2.44,223992.0
601868.SH,20260908,1017900,2.47,2514213.0
601869.SH,20260908,60300,400.88,24173064.0
601872.SH,20260908,560100,18.89,10580289.0
601877.SH,20260908,93300,25.71,2398743.0
601878.SH,20260908,20700,9.35,193545.0
601880.SH,20260908,208497,1.45,302321.0
601881.SH,20260908,66500,12.28,816620.0
601882.SH,20260908,45900,23.3,1069470.0
601886.SH,20260908,104200,13.75,1432750.0
601888.SH,20260908,167400,54.8,9173520.0
601890.SH,20260908,360200,9.01,3245402.0
601898.SH,20260908,234100,14.54,3403814.0
601899.SH,20260908,1969000,33.44,65843360.0
601900.SH,20260908,281500,12.73,3583495.0
601901.SH,20260908,96000,6.88,660480.0
601908.SH,20260908,60700,2.97,180279.0
601916.SH,20260908,286000,2.93,837980.0
601918.SH,20260908,44900,10.28,461572.0
601919.SH,20260908,263000,16.0,4208000.0
601921.SH,20260908,28800,7.63,219744.0
601928.SH,20260908,35400,8.78,310812.0
601929.SH,20260908,1258100,2.59,3258479.0
601933.SH,20260908,2597000,3.29,8544130.0
601939.SH,20260908,562800,10.66,5999448.0
601949.SH,20260908,7381100,6.8,50191480.0
601952.SH,20260908,718000,9.77,7014860.0
601956.SH,20260908,37900,5.02,190258.0
601958.SH,20260908,94900,21.25,2016625.0
601963.SH,20260908,38300,11.08,424364.0
601965.SH,20260908,3200,13.9,44480.0
601966.SH,20260908,3800,10.7,40660.0
601968.SH,20260908,22900,4.64,106256.0
601969.SH,20260908,11500,9.42,108330.0
601975.SH,20260908,1943600,4.56,8862816.0
601985.SH,20260908,789500,8.9,7026550.0
601988.SH,20260908,970800,6.42,6232536.0
601990.SH,20260908,24700,6.78,167466.0
601991.SH,20260908,202400,5.58,1129392.0
601992.SH,20260908,259900,1.4,363860.0
601995.SH,20260908,841700,33.92,28550464.0
601996.SH,20260908,209200,2.9,606680.0
601997.SH,20260908,87000,5.53,481110.0
601998.SH,20260908,128100,8.76,1122156.0
601999.SH,20260908,1113400,7.26,8083284.0
603000.SH,20260908,75400,17.07,1287078.0
603001.SH,20260908,55900,9.27,518193.0
603002.SH,20260908,1257300,16.16,20317968.0
603004.SH,20260908,9100,19.12,173992.0
603005.SH,20260908,69800,29.29,2044442.0
603006.SH,20260908,39200,11.36,445312.0
603007.SH,20260908,75100,5.16,387516.0
603008.SH,20260908,22200,9.01,200022.0
603009.SH,20260908,153100,50.03,7659593.0
603010.SH,20260908,10800,11.5,124200.0
603011.SH,20260908,722500,26.5,19146250.0
603012.SH,20260908,170900,10.28,1756852.0
603013.SH,20260908,23000,14.78,339940.0
603014.SH,20260908,1600,31.3,50080.0
603015.SH,20260908,19500,11.06,215670.0
603016.SH,20260908,40100,32.3,1295230.0
603017.SH,20260908,10600,10.03,106318.0
603018.SH,20260908,7100,5.32,37772.0
603019.SH,20260908,78100,83.5,6521350.0
603020.SH,20260908,13500,10.41,140535.0
603021.SH,20260908,22600,5.9,133340.0
603022.SH,20260908,7500,9.19,68925.0
603023.SH,20260908,66600,4.2,279720.0
603025.SH,20260908,25100,13.54,339854.0
603026.SH,20260908,9000,61.29,551610.0
603027.SH,20260908,14900,7.55,112495.0
603028.SH,20260908,27000,7.11,191970.0
603029.SH,20260908,35800,17.17,614686.0
603030.SH,20260908,1580100,2.24,3539424.0
603031.SH,20260908,53100,42.79,2272149.0
603032.SH,20260908,19200,19.5,374400.0
603033.SH,20260908,19200,7.32,140544.0
603035.SH,20260908,7800,10.76,83928.0
603036.SH,20260908,136700,13.89,1898763.0
603037.SH,20260908,72700,10.35,752445.0
603038.SH,20260908,8000,16.22,129760.0
603039.SH,20260908,20100,38.35,770835.0
603040.SH,20260908,9700,50.27,487619.0
603041.SH,20260908,15300,11.37,173961.0
603042.SH,20260908,2458080,16.97,41713618.0
603043.SH,20260908,21100,14.11,297721.0
603045.SH,20260908,108900,50.99,5552811.0
603048.SH,20260908,8100,23.68,191808.0
603049.SH,20260908,25600,48.12,1231872.0
603050.SH,20260908,2500,18.3,45750.0
603051.SH,20260908,8800,21.2,186560.0
603052.SH,20260908,11200,58.8,658560.0
603053.SH,20260908,1700,8.81,14977.0
603055.SH,20260908,8900,9.41,83749.0
603057.SH,20260908,6100,20.8,126880.0
603058.SH,20260908,57000,9.75,555750.0
603059.SH,20260908,5900,25.44,150096.0
603060.SH,20260908,8400,5.56,46704.0
603061.SH,20260908,10900,323.0,3520700.0
603062.SH,20260908,1329,37.5704,49931.0
603063.SH,20260908,25700,31.87,819059.0
603065.SH,20260908,330700,14.25,4712475.0
603066.SH,20260908,15400,9.24,142296.0
603067.SH,20260908,185700,38.41,7132737.0
603068.SH,20260908,26900,39.19,1054211.0
603069.SH,20260908,10000,13.94,139400.0
603070.SH,20260908,1500,11.93,17895.0
603071.SH,20260908,6700,12.57,84219.0
603072.SH,20260908,6600,31.5,207900.0
603073.SH,20260908,2900,17.13,49677.0
603075.SH,20260908,400,19.06,7624.0
603076.SH,20260908,1700,21.14,35938.0
603077.SH,20260908,581300,2.31,1342803.0
603078.SH,20260908,30900,32.81,1013829.0
603079.SH,20260908,18800,13.18,247784.0
603080.SH,20260908,3600,20.29,73044.0
603081.SH,20260908,2200,9.98,21956.0
603082.SH,20260908,43900,46.58,2044862.0
603083.SH,20260908,1068400,215.0,229706000.0
603085.SH,20260908,3100,10.02,31062.0
603086.SH,20260908,82000,6.23,510860.0
603087.SH,20260908,8300,69.2,574360.0
603088.SH,20260908,9300,10.22,95046.0
603089.SH,20260908,16100,9.74,156814.0
603090.SH,20260908,57700,42.63,2459751.0
603091.SH,20260908,1900,50.04,95076.0
603092.SH,20260908,1700,42.18,71706.0
603093.SH,20260908,79900,13.23,1057077.0
603095.SH,20260908,85200,15.22,1296744.0
603096.SH,20260908,20800,15.88,330304.0
603097.SH,20260908,6200,19.39,120218.0
603098.SH,20260908,53900,11.46,617694.0
603099.SH,20260908,24700,39.04,964288.0
603100.SH,20260908,1200,18.88,22656.0
603101.SH,20260908,29701,7.9,234638.0
603102.SH,20260908,10100,38.4,387840.0
603103.SH,20260908,15700,15.96,250572.0
603105.SH,20260908,56900,7.77,442113.0
603106.SH,20260908,147100,7.9,1162090.0
603107.SH,20260908,100,12.12,1212.0
603108.SH,20260908,30000,9.84,295200.0
603109.SH,20260908,2200,17.3,38060.0
603110.SH,20260908,86500,24.3,2101950.0
603111.SH,20260908,4100,6.26,25666.0
603112.SH,20260908,60300,17.26,1040778.0
603113.SH,20260908,200200,5.39,1079078.0
603115.SH,20260908,38300,81.98,3139834.0
603116.SH,20260908,56400,6.35,358140.0
603117.SH,20260908,12100,4.15,50215.0
603118.SH,20260908,2993800,18.61,55714618.0
603119.SH,20260908,252200,52.22,13169884.0
603120.SH,20260908,11700,48.38,566046.0
603121.SH,20260908,1200,13.4,16080.0
603122.SH,20260908,1913300,13.5,25829550.0
603123.SH,20260908,3268164,11.47,37485841.0
603124.SH,20260908,115900,131.5,15240850.0
603125.SH,20260908,2800,22.8,63840.0
603126.SH,20260908,8800,6.33,55704.0
603127.SH,20260908,74100,42.92,3180372.0
603128.SH,20260908,2200,5.67,12474.0
603129.SH,20260908,4900,291.99,1430751.0
603130.SH,20260908,4900,38.0,186200.0
603131.SH,20260908,7500,14.42,108150.0
603132.SH,20260908,64000,20.5,1312000.0
603135.SH,20260908,9400,9.14,85916.0
603136.SH,20260908,26300,9.57,251691.0
603137.SH,20260908,58500,20.1,1175850.0
603138.SH,20260908,252200,14.52,3661944.0
603139.SH,20260908,3800,37.32,141816.0
603150.SH,20260908,59600,69.97,4170212.0
603151.SH,20260908,221100,18.39,4066029.0
603153.SH,20260908,4700,13.45,63215.0
603155.SH,20260908,14800,13.63,201724.0
603156.SH,20260908,68600,41.0,2812600.0
603158.SH,20260908,21300,11.13,237069.0
603159.SH,20260908,0,,0.0
603160.SH,20260908,16900,52.45,886405.0
603161.SH,20260908,72700,17.78,1292606.0
603162.SH,20260908,2214392,14.22,31488654.0
603163.SH,20260908,3400,78.12,265608.0
603165.SH,20260908,186900,14.17,2648373.0
603166.SH,20260908,27000,11.27,304290.0
603167.SH,20260908,1400,8.14,11396.0
603168.SH,20260908,22000,6.0,132000.0
603169.SH,20260908,156800,6.5,1019200.0
603170.SH,20260908,6415,12.86,82497.0
603171.SH,20260908,24100,43.54,1049314.0
603172.SH,20260908,1200,18.78,22536.0
603173.SH,20260908,1900,30.29,57551.0
603175.SH,20260908,900,90.99,81891.0
603176.SH,20260908,10800,5.41,58428.0
603177.SH,20260908,4800,10.8,51840.0
603178.SH,20260908,19800,17.6,348480.0
603179.SH,20260908,96000,41.58,3991680.0
603180.SH,20260908,2600,15.99,41574.0
603181.SH,20260908,400,12.77,5108.0
603182.SH,20260908,11300,13.98,157974.0
603183.SH,20260908,60900,4.89,297801.0
603185.SH,20260908,47000,15.27,717690.0
603186.SH,20260908,367600,191.0,70211600.0
603187.SH,20260908,7000,11.04,77280.0
603188.SH,20260908,11100,4.95,54945.0
603189.SH,20260908,6400,10.04,64256.0
603190.SH,20260908,17900,16.5,295350.0
603191.SH,20260908,49000,15.7,769300.0
603192.SH,20260908,51300,21.01,1077813.0
603193.SH,20260908,25600,21.5,550400.0
603194.SH,20260908,4400,33.96,149424.0
603195.SH,20260908,5000,38.75,193750.0
603196.SH,20260908,3000,18.92,56760.0
603197.SH,20260908,9625,30.2,290675.0
603198.SH,20260908,7100,41.0,291100.0
603199.SH,20260908,18400,34.6,636640.0
603200.SH,20260908,20200,40.0,808000.0
603201.SH,20260908,13900,15.63,217257.0
603202.SH,20260908,2300,53.35,122705.0
603203.SH,20260908,61200,44.46,2720952.0
603205.SH,20260908,4800,22.41,107568.0
603206.SH,20260908,12000,13.91,166920.0
603207.SH,20260908,39500,25.18,994610.0
603208.SH,20260908,26200,11.52,301824.0
603209.SH,20260908,25800,14.41,371778.0
603210.SH,20260908,6900,13.54,93426.0
603211.SH,20260908,4600,20.95,96370.0
603212.SH,20260908,8100,11.16,90396.0
603213.SH,20260908,4400,13.8,60720.0
603214.SH,20260908,23000,13.93,320390.0
603215.SH,20260908,5300,14.86,78758.0
603216.SH,20260908,90400,22.29,2015016.0
603217.SH,20260908,9000,29.2,262800.0
603218.SH,20260908,7700,9.24,71148.0
603219.SH,20260908,2900,13.16,38164.0
603220.SH,20260908,30300,18.67,565701.0
603221.SH,20260908,280700,27.61,7750127.0
603222.SH,20260908,35700,8.03,286671.0
603223.SH,20260908,19900,10.64,211736.0
603225.SH,20260908,26200,18.84,493608.0
603226.SH,20260908,12200,34.73,423706.0
603227.SH,20260908,11000,7.66,84260.0
603228.SH,20260908,1280200,110.0,140822000.0
603229.SH,20260908,700,7.9,5530.0
603230.SH,20260908,447800,10.47,4688466.0
603231.SH,20260908,6500,16.81,109265.0
603232.SH,20260908,35700,15.6,556920.0
603233.SH,20260908,8700,18.38,159906.0
603235.SH,20260908,14900,25.13,374437.0
603236.SH,20260908,43500,63.14,2746590.0
603237.SH,20260908,4600,16.15,74290.0
603238.SH,20260908,6100,12.42,75762.0
603239.SH,20260908,20600,14.32,294992.0
603248.SH,20260908,3500,17.79,62265.0
603255.SH,20260908,7300,31.73,231629.0
603256.SH,20260908,80900,123.08,9957172.0
603257.SH,20260908,9300,71.44,664392.0
603258.SH,20260908,32300,13.85,447355.0
603259.SH,20260908,67600,152.97,10340772.0
603260.SH,20260908,17200,32.8,564160.0
603261.SH,20260908,2500,56.55,141375.0
603262.SH,20260908,9400,19.04,178976.0
603266.SH,20260908,6900,16.41,113229.0
603267.SH,20260908,22500,48.0,1080000.0
603268.SH,20260908,8400,193.8,1627920.0
603269.SH,20260908,364700,26.9,9810430.0
603270.SH,20260908,498800,34.2,17058960.0
603271.SH,20260908,10121,40.5,409901.0
603272.SH,20260908,36500,17.36,633640.0
603273.SH,20260908,5600,14.92,83552.0
603275.SH,20260908,3900,36.85,143715.0
603276.SH,20260908,10700,16.55,177085.0
603277.SH,20260908,7500,11.46,85950.0
603278.SH,20260908,174900,9.45,1652805.0
603279.SH,20260908,9400,11.39,107066.0
603280.SH,20260908,4500,27.0,121500.0
603281.SH,20260908,3900,18.91,73749.0
603282.SH,20260908,4200,16.74,70308.0
603283.SH,20260908,39400,45.84,1806096.0
603284.SH,20260908,4300,40.93,175999.0
603285.SH,20260908,10800,32.25,348300.0
603286.SH,20260908,39400,47.61,1875834.0
603288.SH,20260908,30600,34.2,1046520.0
603289.SH,20260908,67700,9.5,643150.0
603290.SH,20260908,11900,86.7,1031730.0
603291.SH,20260908,1000,8.92,8920.0
603293.SH,20260908,6400,38.4,245760.0
603296.SH,20260908,74300,78.25,5813975.0
603297.SH,20260908,2700,107.07,289089.0
603298.SH,20260908,95600,25.57,2444492.0
603299.SH,20260908,7500,8.85,66375.0
603300.SH,20260908,24200,4.86,117612.0
603301.SH,20260908,15500,80.5,1247750.0
603303.SH,20260908,2400,24.6,59040.0
603305.SH,20260908,8400,11.42,95928.0
603306.SH,20260908,30000,75.8,2274000.0
603307.SH,20260908,400,24.89,9956.0
603308.SH,20260908,41100,42.54,1748394.0
603309.SH,20260908,4600,11.33,52118.0
603310.SH,20260908,6700,14.55,97485.0
603311.SH,20260908,83200,29.36,2442752.0
603312.SH,20260908,1500,32.78,49170.0
603313.SH,20260908,377000,6.82,2571140.0
603315.SH,20260908,8700,11.69,101703.0
603316.SH,20260908,24500,13.58,332710.0
603317.SH,20260908,21100,13.49,284639.0
603318.SH,20260908,206000,9.1,1874600.0
603319.SH,20260908,20800,30.21,628368.0
603320.SH,20260908,5000,18.12,90600.0
603321.SH,20260908,174300,7.04,1227072.0
603322.SH,20260908,63700,28.99,1846663.0
603323.SH,20260908,139300,4.5,626850.0
603324.SH,20260908,42600,26.0,1107600.0
603325.SH,20260908,200,54.55,10910.0
603326.SH,20260908,10800,7.78,84024.0
603327.SH,20260908,120900,9.29,1123161.0
603328.SH,20260908,70700,11.04,780528.0
603329.SH,20260908,14900,10.3,153470.0
603330.SH,20260908,458100,10.85,4970385.0
603331.SH,20260908,3900,12.65,49335.0
603332.SH,20260908,5900,11.88,70092.0
603333.SH,20260908,53200,9.89,526148.0
603334.SH,20260908,1500,31.13,46695.0
603335.SH,20260908,39000,6.41,249990.0
603336.SH,20260908,137600,9.48,1304448.0
603337.SH,20260908,1600,37.3,59680.0
603338.SH,20260908,4700,58.95,277065.0
603339.SH,20260908,110300,12.58,1387574.0
603341.SH,20260908,13500,37.66,508410.0
603344.SH,20260908,3300,24.44,80652.0
603345.SH,20260908,10300,76.38,786714.0
603348.SH,20260908,5400,14.48,78192.0
603350.SH,20260908,300,28.44,8532.0
603351.SH,20260908,200,25.67,5134.0
603352.SH,20260908,500,25.65,12825.0
603353.SH,20260908,33400,34.65,1157310.0
603355.SH,20260908,149700,30.88,4622736.0
603356.SH,20260908,12200,16.97,207034.0
603357.SH,20260908,3300,6.11,20163.0
603358.SH,20260908,36600,46.99,1719834.0
603359.SH,20260908,53200,2.5,133000.0
603360.SH,20260908,49646,13.2,655327.0
603363.SH,20260908,975600,3.27,3190212.0
603365.SH,20260908,1400,16.82,23548.0
603366.SH,20260908,78900,7.58,598062.0
603367.SH,20260908,6600,14.51,95766.0
603368.SH,20260908,7000,15.8,110600.0
603369.SH,20260908,10000,30.74,307400.0
603370.SH,20260908,34922,30.0,1047660.0
603373.SH,20260908,6400,40.81,261184.0
603375.SH,20260908,34800,45.6,1586880.0
603376.SH,20260908,7100,27.8,197380.0
603377.SH,20260908,2000,3.07,6140.0
603378.SH,20260908,71200,7.05,501960.0
603379.SH,20260908,4900,58.3,285670.0
603380.SH,20260908,32300,34.85,1125655.0
603381.SH,20260908,8900,14.91,132699.0
603382.SH,20260908,1600,19.59,31344.0
603383.SH,20260908,1100,28.74,31614.0
603385.SH,20260908,45800,5.76,263808.0
603386.SH,20260908,10600,14.34,152004.0
603387.SH,20260908,2500,9.25,23125.0
603389.SH,20260908,200,44.12,8824.0
603390.SH,20260908,1001200,10.93,10943116.0
603391.SH,20260908,400,70.52,28208.0
603392.SH,20260908,15900,27.44,436296.0
603393.SH,20260908,7200,26.68,192096.0
603395.SH,20260908,462800,30.66,14189448.0
603396.SH,20260908,14800,28.96,428608.0
603398.SH,20260908,568900,11.0,6257900.0
603399.SH,20260908,100000,13.92,1392000.0
603400.SH,20260908,10900,52.99,577591.0
603402.SH,20260908,28864,72.92,2104763.0
603406.SH,20260908,50824,30.39,1544541.0
603407.SH,20260908,24800,53.39,1324072.0
603408.SH,20260908,9100,12.08,109928.0
603409.SH,20260908,2800,18.1,50680.0
603416.SH,20260908,11100,48.56,539016.0
603418.SH,20260908,15500,46.18,715790.0
603421.SH,20260908,2000,5.9,11800.0
603429.SH,20260908,6300,8.89,56007.0
603435.SH,20260908,3100,48.19,149389.0
603439.SH,20260908,61000,12.84,783240.0
603444.SH,20260908,5400,405.15,2187810.0
603448.SH,20260908,284620,77.0,21915740.0
603456.SH,20260908,19600,14.95,293020.0
603458.SH,20260908,150800,10.65,1606020.0
603459.SH,20260908,95500,88.62,8463210.0
603466.SH,20260908,885000,12.33,10912050.0
603468.SH,20260908,4900,23.35,114415.0
603477.SH,20260908,52300,16.26,850398.0
603486.SH,20260908,7300,52.65,384345.0
603488.SH,20260908,36400,8.1,294840.0
603489.SH,20260908,19500,28.3,551850.0
603496.SH,20260908,13800,22.81,314778.0
603499.SH,20260908,26200,14.1,369420.0
603500.SH,20260908,6700,9.64,64588.0
603501.SH,20260908,42300,81.0,3426300.0
603505.SH,20260908,2500,15.38,38450.0
603506.SH,20260908,12400,11.61,143964.0
603507.SH,20260908,3200,22.42,71744.0
603508.SH,20260908,4300,21.4,92020.0
603511.SH,20260908,200,12.69,2538.0
603515.SH,20260908,1800,15.52,27936.0
603516.SH,20260908,22300,93.5,2085050.0
603517.SH,20260908,22300,11.93,266039.0
603518.SH,20260908,10300,8.13,83739.0
603519.SH,20260908,12200,15.12,184464.0
603520.SH,20260908,22200,8.73,193806.0
603527.SH,20260908,11800,9.97,117646.0
603528.SH,20260908,16200,6.36,103032.0
603529.SH,20260908,3800,21.4,81320.0
603530.SH,20260908,12100,50.0,605000.0
603533.SH,20260908,312500,24.53,7665625.0
603535.SH,20260908,31600,6.47,204452.0
603536.SH,20260908,520400,10.62,5526648.0
603538.SH,20260908,206400,27.51,5678064.0
603551.SH,20260908,2100,9.56,20076.0
603556.SH,20260908,4000,24.87,99480.0
603557.SH,20260908,19100,3.27,62457.0
603558.SH,20260908,9600,11.98,115008.0
603559.SH,20260908,378700,10.98,4158126.0
603565.SH,20260908,69300,12.22,846846.0
603566.SH,20260908,18100,10.7,193670.0
603567.SH,20260908,17900,5.59,100061.0
603568.SH,20260908,23400,14.16,331344.0
603569.SH,20260908,18000,5.96,107280.0
603577.SH,20260908,12600,10.2,128520.0
603578.SH,20260908,400,12.64,5056.0
603579.SH,20260908,1500,18.34,27510.0
603580.SH,20260908,54900,67.26,3692574.0
603583.SH,20260908,16600,26.94,447204.0
603585.SH,20260908,12500,10.75,134375.0
603586.SH,20260908,1800,13.94,25092.0
603587.SH,20260908,33600,13.47,452592.0
603588.SH,20260908,91600,15.1,1383160.0
603589.SH,20260908,13200,19.33,255156.0
603590.SH,20260908,2900,30.3,87870.0
603595.SH,20260908,4400,30.84,135696.0
603596.SH,20260908,41563,30.13,1252293.0
603598.SH,20260908,169100,18.74,3168934.0
603599.SH,20260908,72400,10.83,784092.0
603600.SH,20260908,198000,10.5,2079000.0
603601.SH,20260908,54300,8.96,486528.0
603602.SH,20260908,16100,11.86,190946.0
603605.SH,20260908,13499,61.57,831133.0
603606.SH,20260908,101200,33.7,3410440.0
603607.SH,20260908,6100,22.55,137555.0
603608.SH,20260908,287300,23.25,6679725.0
603609.SH,20260908,49000,6.97,341530.0
603610.SH,20260908,2300,14.26,32798.0
603611.SH,20260908,100,16.3,1630.0
603612.SH,20260908,17900,16.74,299646.0
603613.SH,20260908,87345,19.9,1738166.0
603615.SH,20260908,3900,18.14,70746.0
603616.SH,20260908,269800,5.81,1567538.0
603617.SH,20260908,2000,7.04,14080.0
603618.SH,20260908,606900,36.95,22424955.0
603619.SH,20260908,86000,22.64,1947040.0
603626.SH,20260908,1544800,20.82,32162736.0
603628.SH,20260908,448300,11.17,5007511.0
603629.SH,20260908,230660,112.0,25833920.0
603630.SH,20260908,21500,14.57,313255.0
603633.SH,20260908,28400,6.56,186304.0
603636.SH,20260908,12500,7.13,89125.0
603637.SH,20260908,8100,15.0,121500.0
603638.SH,20260908,50060,18.55,928613.0
603639.SH,20260908,10700,10.78,115346.0
603648.SH,20260908,7400,9.54,70596.0
603650.SH,20260908,42700,58.5,2497950.0
603655.SH,20260908,18600,31.46,585156.0
603656.SH,20260908,400,17.33,6932.0
603657.SH,20260908,4800,26.6,127680.0
603658.SH,20260908,2000,32.44,64880.0
603659.SH,20260908,33964,22.42,761473.0
603660.SH,20260908,36800,10.09,371312.0
603661.SH,20260908,9100,31.33,285103.0
603662.SH,20260908,8400,50.75,426300.0
603663.SH,20260908,21500,39.92,858280.0
603665.SH,20260908,5800,22.13,128354.0
603666.SH,20260908,2300,25.77,59271.0
603667.SH,20260908,138400,51.46,7122064.0
603668.SH,20260908,423200,13.13,5556616.0
603669.SH,20260908,44100,5.23,230643.0
603676.SH,20260908,2000,9.0,18000.0
603677.SH,20260908,3100,13.61,42191.0
603678.SH,20260908,36300,45.44,1649472.0
603679.SH,20260908,265800,24.72,6570576.0
603680.SH,20260908,14000,10.03,140420.0
603681.SH,20260908,9700,18.36,178092.0
603682.SH,20260908,8800,10.94,96272.0
603683.SH,20260908,48800,16.33,796904.0
603685.SH,20260908,30200,28.06,847412.0
603686.SH,20260908,92400,13.65,1261260.0
603687.SH,20260908,45200,16.35,739020.0
603688.SH,20260908,67300,46.68,3141564.0
603689.SH,20260908,61900,7.72,477868.0
603690.SH,20260908,40400,24.08,972832.0
603693.SH,20260908,1700,11.22,19074.0
603696.SH,20260908,1172000,17.33,20310760.0
603697.SH,20260908,18500,9.98,184630.0
603698.SH,20260908,10600,21.5,227900.0
603699.SH,20260908,1800,44.54,80172.0
603700.SH,20260908,73400,12.2,895480.0
603701.SH,20260908,25200,20.12,507024.0
603703.SH,20260908,24100,10.26,247266.0
603706.SH,20260908,1400,17.59,24626.0
603707.SH,20260908,22400,7.82,175168.0
603708.SH,20260908,128600,9.71,1248706.0
603709.SH,20260908,8200,12.42,101844.0
603711.SH,20260908,28800,11.9,342720.0
603712.SH,20260908,11400,11.76,134064.0
603713.SH,20260908,17700,66.35,1174395.0
603716.SH,20260908,13500,17.62,237870.0
603717.SH,20260908,96600,6.7,647220.0
603718.SH,20260908,15000,3.24,48600.0
603719.SH,20260908,6300,9.81,61803.0
603721.SH,20260908,131400,20.48,2691072.0
603722.SH,20260908,0,,0.0
603725.SH,20260908,52600,10.97,577022.0
603726.SH,20260908,13800,24.32,335616.0
603727.SH,20260908,31700,17.53,555701.0
603728.SH,20260908,66700,51.07,3406369.0
603729.SH,20260908,13800,12.31,169878.0
603730.SH,20260908,20200,11.2,226240.0
603733.SH,20260908,14900,18.96,282504.0
603737.SH,20260908,18500,23.61,436785.0
603738.SH,20260908,101000,36.17,3653170.0
603739.SH,20260908,16300,13.05,212715.0
603755.SH,20260908,1600,25.16,40256.0
603757.SH,20260908,59300,71.76,4255368.0
603758.SH,20260908,27800,11.53,320534.0
603759.SH,20260908,6400,7.44,47616.0
603766.SH,20260908,106500,14.52,1546380.0
603767.SH,20260908,14700,14.26,209622.0
603768.SH,20260908,23100,11.73,270963.0
603773.SH,20260908,216100,90.04,19457644.0
603776.SH,20260908,0,,0.0
603777.SH,20260908,23500,14.35,337225.0
603778.SH,20260908,279800,10.49,2935102.0
603779.SH,20260908,53200,8.48,451136.0
603786.SH,20260908,1900,39.69,75411.0
603787.SH,20260908,7100,10.32,73272.0
603788.SH,20260908,6300,13.7,86310.0
603789.SH,20260908,2600,6.2,16120.0
603790.SH,20260908,23700,23.35,553395.0
603797.SH,20260908,40100,4.77,191277.0
603798.SH,20260908,22800,14.36,327408.0
603799.SH,20260908,109400,38.11,4169234.0
603800.SH,20260908,35200,57.11,2010272.0
603801.SH,20260908,117600,6.45,758520.0
603803.SH,20260908,75200,11.21,842992.0
603806.SH,20260908,31700,14.58,462186.0
603808.SH,20260908,13700,8.9,121930.0
603809.SH,20260908,7000,8.85,61950.0
603810.SH,20260908,7400,12.45,92130.0
603811.SH,20260908,800,7.17,5736.0
603813.SH,20260908,8900,27.87,248043.0
603815.SH,20260908,4400,5.43,23892.0
603816.SH,20260908,13200,23.32,307824.0
603817.SH,20260908,44100,5.88,259308.0
603818.SH,20260908,154400,3.72,574368.0
603819.SH,20260908,40300,17.08,688324.0
603822.SH,20260908,4700,63.87,300189.0
603823.SH,20260908,934700,62.89,58783283.0
603825.SH,20260908,4700,8.38,39386.0
603826.SH,20260908,378300,17.65,6676995.0
603828.SH,20260908,122600,5.55,680430.0
603829.SH,20260908,500,15.79,7895.0
603833.SH,20260908,2900,31.3,90770.0
603836.SH,20260908,22000,9.5,209000.0
603838.SH,20260908,12300,11.99,147477.0
603839.SH,20260908,5200,6.92,35984.0
603843.SH,20260908,10900,7.2,78480.0
603848.SH,20260908,11700,13.88,162396.0
603855.SH,20260908,2600,17.34,45084.0
603856.SH,20260908,5600,11.71,65576.0
603858.SH,20260908,10000,14.8,148000.0
603859.SH,20260908,31500,38.31,1206765.0
603860.SH,20260908,5600,26.75,149800.0
603861.SH,20260908,6300,11.6,73080.0
603863.SH,20260908,4800,12.58,60384.0
603866.SH,20260908,197300,4.46,879958.0
603867.SH,20260908,24500,30.55,748475.0
603868.SH,20260908,25100,31.52,791152.0
603869.SH,20260908,2600,9.0,23400.0
603871.SH,20260908,31600,13.91,439556.0
603876.SH,20260908,16000,20.26,324160.0
603877.SH,20260908,3200,12.79,40928.0
603878.SH,20260908,17100,5.12,87552.0
603879.SH,20260908,39800,5.26,209348.0
603880.SH,20260908,21900,10.14,222066.0
603881.SH,20260908,51200,25.09,1284608.0
603882.SH,20260908,18900,26.44,499716.0
603883.SH,20260908,18800,13.69,257372.0
603885.SH,20260908,4300,10.29,44247.0
603886.SH,20260908,3600,13.06,47016.0
603887.SH,20260908,85600,9.61,822616.0
603888.SH,20260908,132000,16.95,2237400.0
603889.SH,20260908,6900,6.16,42504.0
603890.SH,20260908,233300,18.53,4323049.0
603893.SH,20260908,91100,195.0,17764500.0
603895.SH,20260908,5700,28.77,163989.0
603896.SH,20260908,4300,14.85,63855.0
603897.SH,20260908,56800,31.26,1775568.0
603898.SH,20260908,4500,11.7,52650.0
603899.SH,20260908,5300,23.6,125080.0
603900.SH,20260908,348500,6.66,2321010.0
603901.SH,20260908,132800,9.86,1309408.0
603903.SH,20260908,7600,14.28,108528.0
603906.SH,20260908,50000,18.6,930000.0
603908.SH,20260908,6300,19.6,123480.0
603909.SH,20260908,19400,9.75,189150.0
603912.SH,20260908,152800,9.04,1381312.0
603915.SH,20260908,26900,13.49,362881.0
603916.SH,20260908,36400,11.25,409500.0
603917.SH,20260908,4500,13.05,58725.0
603918.SH,20260908,12000,11.23,134760.0
603919.SH,20260908,16200,18.01,291762.0
603920.SH,20260908,99100,38.88,3853008.0
603922.SH,20260908,9800,14.14,138572.0
603926.SH,20260908,162300,18.61,3020403.0
603927.SH,20260908,13800,13.82,190716.0
603928.SH,20260908,28800,11.42,328896.0
603929.SH,20260908,3300,155.48,513084.0
603931.SH,20260908,7000,34.01,238070.0
603933.SH,20260908,24600,19.49,479454.0
603936.SH,20260908,488200,18.0,8787600.0
603937.SH,20260908,11200,11.77,131824.0
603938.SH,20260908,829400,44.43,36850242.0
603939.SH,20260908,2500,22.82,57050.0
603948.SH,20260908,1100,19.85,21835.0
603949.SH,20260908,6400,14.75,94400.0
603950.SH,20260908,377400,64.38,24297012.0
603955.SH,20260908,4200,21.8,91560.0
603956.SH,20260908,56300,6.06,341178.0
603958.SH,20260908,217000,20.32,4409440.0
603959.SH,20260908,12000,4.39,52680.0
603960.SH,20260908,24400,16.26,396744.0
603966.SH,20260908,13500,7.38,99630.0
603967.SH,20260908,2600,11.67,30342.0
603968.SH,20260908,14500,10.75,155875.0
603969.SH,20260908,41300,8.12,335356.0
603970.SH,20260908,113600,11.62,1320032.0
603976.SH,20260908,140450,36.1,5070245.0
603977.SH,20260908,52000,11.71,608920.0
603978.SH,20260908,55200,21.42,1182384.0
603979.SH,20260908,78200,80.01,6256782.0
603980.SH,20260908,506000,7.46,3774760.0
603982.SH,20260908,40400,6.3,254520.0
603983.SH,20260908,29200,33.84,988128.0
603985.SH,20260908,8100,17.6,142560.0
603986.SH,20260908,223000,385.82,86037860.0
603987.SH,20260908,3600,7.6,27360.0
603988.SH,20260908,1000,19.38,19380.0
603989.SH,20260908,496400,32.8,16281920.0
603990.SH,20260908,48000,20.32,975360.0
603991.SH,20260908,13800,167.18,2307084.0
603992.SH,20260908,15400,20.43,314622.0
603993.SH,20260908,3003400,18.8,56463920.0
603995.SH,20260908,7900,23.87,188573.0
603997.SH,20260908,29200,11.74,342808.0
603998.SH,20260908,3800,10.91,41458.0
603999.SH,20260908,3446460,7.29,25124693.0
605001.SH,20260908,50700,6.37,322959.0
605003.SH,20260908,10900,23.84,259856.0
605005.SH,20260908,12000,16.06,192720.0
605006.SH,20260908,1082208,15.82,17120531.0
605007.SH,20260908,14200,14.76,209592.0
605008.SH,20260908,8100,13.83,112023.0
605009.SH,20260908,100,24.96,2496.0
605011.SH,20260908,5300,16.83,89199.0
605016.SH,20260908,9600,22.1,212160.0
605018.SH,20260908,9200,11.78,108376.0
605020.SH,20260908,12500,33.06,413250.0
605028.SH,20260908,3100,25.08,77748.0
605033.SH,20260908,23500,20.53,482455.0
605050.SH,20260908,1000,10.47,10470.0
605055.SH,20260908,5600,9.66,54096.0
605056.SH,20260908,7700,14.02,107954.0
605058.SH,20260908,3100,28.39,88009.0
605060.SH,20260908,19200,40.5,777600.0
605066.SH,20260908,6000,6.97,41820.0
605068.SH,20260908,187000,22.1,4132700.0
605069.SH,20260908,5100,10.66,54366.0
605077.SH,20260908,35400,11.54,408516.0
605080.SH,20260908,7600,23.3,177080.0
605086.SH,20260908,3400,24.72,84048.0
605088.SH,20260908,158300,22.06,3492098.0
605089.SH,20260908,1000,21.83,21830.0
605090.SH,20260908,19300,33.12,639216.0
605098.SH,20260908,2200,54.31,119482.0
605099.SH,20260908,7800,29.99,233922.0
605100.SH,20260908,13200,33.81,446292.0
605108.SH,20260908,27200,13.53,368016.0
605111.SH,20260908,11800,55.15,650770.0
605116.SH,20260908,2506,19.6101,49143.0
605117.SH,20260908,8100,84.85,687285.0
605118.SH,20260908,15600,34.05,531180.0
605122.SH,20260908,4800,11.85,56880.0
605123.SH,20260908,4500,80.84,363780.0
605128.SH,20260908,16400,25.45,417380.0
605133.SH,20260908,14100,25.2,355320.0
605136.SH,20260908,9100,8.71,79261.0
605138.SH,20260908,122200,6.4,782080.0
605151.SH,20260908,3200,19.1,61120.0
605155.SH,20260908,3100,14.44,44764.0
605158.SH,20260908,17000,7.91,134470.0
605162.SH,20260908,127400,10.15,1293110.0
605166.SH,20260908,13000,8.62,112060.0
605167.SH,20260908,14800,16.3,241240.0
605168.SH,20260908,98000,53.94,5286120.0
605169.SH,20260908,6700,12.81,85827.0
605177.SH,20260908,67300,20.0,1346000.0
605178.SH,20260908,14800,69.46,1028008.0
605179.SH,20260908,285500,27.44,7834120.0
605180.SH,20260908,28700,13.07,375109.0
605183.SH,20260908,10100,15.89,160489.0
605186.SH,20260908,400,25.64,10256.0
605188.SH,20260908,549800,15.11,8307478.0
605189.SH,20260908,6800,13.88,94384.0
605196.SH,20260908,13700,34.8,476760.0
605198.SH,20260908,5800,66.33,384714.0
605199.SH,20260908,7000,6.06,42420.0
605208.SH,20260908,62000,15.25,945500.0
605218.SH,20260908,36500,14.65,534725.0
605222.SH,20260908,24400,22.1,539240.0
605228.SH,20260908,20500,10.7,219350.0
605255.SH,20260908,4500,65.96,296820.0
605258.SH,20260908,8100,30.28,245268.0
605259.SH,20260908,1300,17.68,22984.0
605266.SH,20260908,1200,16.05,19260.0
605268.SH,20260908,2300,9.76,22448.0
605277.SH,20260908,41800,16.78,701404.0
605286.SH,20260908,14000,25.99,363860.0
605287.SH,20260908,19900,38.63,768737.0
605288.SH,20260908,49200,70.37,3462204.0
605289.SH,20260908,33640,102.47,3447091.0
605296.SH,20260908,25400,36.66,931164.0
605298.SH,20260908,1100,47.43,52173.0
605299.SH,20260908,114200,13.29,1517718.0
605300.SH,20260908,147700,10.48,1547896.0
605303.SH,20260908,13100,25.44,333264.0
605305.SH,20260908,17700,31.78,562506.0
605318.SH,20260908,1200,77.0,92400.0
605319.SH,20260908,1500,25.95,38925.0
605333.SH,20260908,3800,17.74,67412.0
605336.SH,20260908,7700,11.99,92323.0
605337.SH,20260908,12300,9.66,118818.0
605338.SH,20260908,6100,19.55,119255.0
605339.SH,20260908,34200,14.07,481194.0
605358.SH,20260908,95000,42.79,4065050.0
605365.SH,20260908,121700,15.13,1841321.0
605366.SH,20260908,41500,7.9,327850.0
605368.SH,20260908,4600,6.96,32016.0
605369.SH,20260908,4100,16.71,68511.0
605376.SH,20260908,35600,137.32,4888592.0
605377.SH,20260908,11200,8.17,91504.0
605378.SH,20260908,1800,14.41,25938.0
605388.SH,20260908,96800,6.49,628232.0
605389.SH,20260908,0,,0.0
605398.SH,20260908,551500,26.7,14725050.0
605399.SH,20260908,9200,11.31,104052.0
605488.SH,20260908,200000,30.6,6120000.0
605499.SH,20260908,13607,121.02,1646719.0
605500.SH,20260908,6500,7.37,47905.0
605507.SH,20260908,6300,15.42,97146.0
605555.SH,20260908,3500,12.6,44100.0
605566.SH,20260908,9700,28.32,274704.0
605567.SH,20260908,23100,9.72,224532.0
605577.SH,20260908,2792800,18.18,50773104.0
605580.SH,20260908,1315906,24.02,31608062.0
605588.SH,20260908,3400,46.02,156468.0
605589.SH,20260908,80400,38.18,3069672.0
605598.SH,20260908,2100,25.62,53802.0
605599.SH,20260908,16300,14.61,238143.0
688001.SH,20260908,252816,58.0,14663328.0
688002.SH,20260908,22421,181.0,4058201.0
688003.SH,20260908,6309,80.53,508064.0
688004.SH,20260908,3403,21.4199,72892.0
688005.SH,20260908,6797,24.63,167410.0
688006.SH,20260908,6580,20.6,135548.0
688007.SH,20260908,18453,10.77,198739.0
688008.SH,20260908,155632,197.82,30787122.0
688009.SH,20260908,29653,4.90999,145596.0
688010.SH,20260908,18921,27.75,525058.0
688011.SH,20260908,3696,80.3201,296863.0
688012.SH,20260908,58387,342.01,19968938.0
688013.SH,20260908,3982,23.9299,95289.0
688015.SH,20260908,1395,16.8301,23478.0
688016.SH,20260908,746,86.8003,64753.0
688017.SH,20260908,25322,295.3,7477587.0
688018.SH,20260908,5637,113.28,638559.0
688019.SH,20260908,44593,224.0,9988832.0
688020.SH,20260908,51581,141.05,7275500.0
688021.SH,20260908,7072,20.4101,144340.0
688022.SH,20260908,16000,9.44,151040.0
688023.SH,20260908,10161,42.03,427067.0
688025.SH,20260908,9913,409.64,4060761.0
688026.SH,20260908,48345,21.42,1035550.0
688027.SH,20260908,1800,365.0,657000.0
688028.SH,20260908,23855,102.5,2445138.0
688029.SH,20260908,3280,76.4899,250887.0
688030.SH,20260908,3108,16.7799,52152.0
688031.SH,20260908,50785,115.58,5869730.0
688032.SH,20260908,1400,71.4,99960.0
688033.SH,20260908,4366,6.62002,28903.0
688035.SH,20260908,35281,68.66,2422393.0
688036.SH,20260908,19338,54.77,1059142.0
688037.SH,20260908,6363,338.03,2150885.0
688038.SH,20260908,9708,18.42,178821.0
688039.SH,20260908,43524,34.55,1503754.0
688041.SH,20260908,126927,246.0,31224042.0
688045.SH,20260908,9565,55.68,532579.0
688046.SH,20260908,20514,31.31,642293.0
688047.SH,20260908,51488,103.8,5344454.0
688048.SH,20260908,200654,305.0,61199470.0
688049.SH,20260908,7171,41.66,298744.0
688050.SH,20260908,1800,39.8,71640.0
688051.SH,20260908,2700,25.41,68607.0
688052.SH,20260908,4594,241.29,1108486.0
688053.SH,20260908,500,39.34,19670.0
688055.SH,20260908,57516,3.68,211659.0
688056.SH,20260908,1319,41.2699,54435.0
688057.SH,20260908,12450,19.17,238667.0
688058.SH,20260908,2982,24.8001,73954.0
688059.SH,20260908,10204,89.23,910503.0
688060.SH,20260908,5061,37.9,191812.0
688061.SH,20260908,34126,50.86,1735648.0
688062.SH,20260908,4650,27.08,125922.0
688063.SH,20260908,6024,41.99,252948.0
688065.SH,20260908,3885,40.4801,157265.0
688066.SH,20260908,55750,8.08,450460.0
688067.SH,20260908,5110,23.2399,118756.0
688068.SH,20260908,1738,93.0,161634.0
688069.SH,20260908,2713,37.1098,100679.0
688070.SH,20260908,6662,34.71,231238.0
688071.SH,20260908,916,34.06,31199.0
688072.SH,20260908,5891,648.95,3822964.0
688073.SH,20260908,10924,59.19,646592.0
688075.SH,20260908,200,29.7,5940.0
688076.SH,20260908,6986,28.7,200498.0
688077.SH,20260908,3854,27.5999,106370.0
688078.SH,20260908,13653,27.13,370406.0
688079.SH,20260908,4000,15.33,61320.0
688080.SH,20260908,2524,37.0301,93464.0
688081.SH,20260908,3493,26.45,92390.0
688082.SH,20260908,4618,281.05,1297889.0
688083.SH,20260908,19966,52.73,1052807.0
688084.SH,20260908,2370,45.63,108143.0
688085.SH,20260908,4900,13.3,65170.0
688087.SH,20260908,400,36.79,14716.0
688088.SH,20260908,16444,30.08,494636.0
688089.SH,20260908,12633,8.91997,112686.0
688090.SH,20260908,21984,72.98,1604392.0
688091.SH,20260908,4911,39.8,195458.0
688092.SH,20260908,14741,22.57,332704.0
688093.SH,20260908,12329,21.6,266306.0
688095.SH,20260908,9539,62.8,599049.0
688096.SH,20260908,33630,8.16001,274421.0
688097.SH,20260908,16936,46.2,782443.0
688098.SH,20260908,14366,8.37999,120387.0
688099.SH,20260908,4443,91.09,404713.0
688100.SH,20260908,19793,25.84,511451.0
688101.SH,20260908,4500,14.77,66465.0
688102.SH,20260908,105466,32.5,3427645.0
688103.SH,20260908,1619,71.6998,116082.0
688105.SH,20260908,34382,19.79,680420.0
688106.SH,20260908,583218,27.65,16125978.0
688107.SH,20260908,14554,29.88,434874.0
688108.SH,20260908,14217,16.16,229747.0
688109.SH,20260908,1000,70.17,70170.0
688110.SH,20260908,67274,115.6,7776874.0
688111.SH,20260908,23045,239.0,5507755.0
688112.SH,20260908,10623,69.17,734793.0
688113.SH,20260908,600,36.07,21642.0
688114.SH,20260908,19256,57.39,1105102.0
688115.SH,20260908,400,59.8,23920.0
688116.SH,20260908,7900,34.5,272550.0
688117.SH,20260908,13871,23.61,327494.0
688118.SH,20260908,9290,20.61,191467.0
688119.SH,20260908,68794,3.92999,270360.0
688120.SH,20260908,18494,246.89,4565984.0
688121.SH,20260908,121938,1.72,209733.0
688122.SH,20260908,6380,49.16,313641.0
688123.SH,20260908,28005,138.0,3864690.0
688125.SH,20260908,2218,122.75,272260.0
688126.SH,20260908,125536,23.1,2899882.0
688127.SH,20260908,48520,69.0,3347880.0
688128.SH,20260908,20037,22.08,442417.0
688129.SH,20260908,5594,21.5801,120719.0
688130.SH,20260908,5429,22.9201,124433.0
688131.SH,20260908,6726,89.08,599152.0
688132.SH,20260908,3225,16.16,52116.0
688133.SH,20260908,8700,21.0,182700.0
688135.SH,20260908,67777,29.59,2005521.0
688136.SH,20260908,17104,21.0,359184.0
688137.SH,20260908,33762,61.0,2059482.0
688138.SH,20260908,5953,34.4399,205021.0
688139.SH,20260908,10207,31.48,321316.0
688141.SH,20260908,8352,120.08,1002908.0
688143.SH,20260908,128404,183.84,23605791.0
688146.SH,20260908,79428,236.0,18745008.0
688147.SH,20260908,17770,106.18,1886819.0
688148.SH,20260908,49787,6.10001,303701.0
688150.SH,20260908,8335,39.19,326649.0
688151.SH,20260908,6251,16.28,101766.0
688152.SH,20260908,19471,36.83,717117.0
688153.SH,20260908,11618,25.25,293355.0
688155.SH,20260908,4359,50.2099,218865.0
688156.SH,20260908,16216,23.4,379454.0
688157.SH,20260908,19004,19.99,379890.0
688158.SH,20260908,60914,29.82,1816455.0
688159.SH,20260908,3338,34.7999,116162.0
688160.SH,20260908,5174,100.72,521125.0
688161.SH,20260908,2320,22.6,52432.0
688162.SH,20260908,6367,24.2899,154654.0
688163.SH,20260908,2744,34.48,94613.0
688165.SH,20260908,11799,15.6,184064.0
688166.SH,20260908,34332,37.48,1286763.0
688167.SH,20260908,81846,311.0,25454106.0
688168.SH,20260908,7600,36.16,274816.0
688169.SH,20260908,10299,128.87,1327232.0
688170.SH,20260908,107612,65.5,7048586.0
688171.SH,20260908,2693,24.6899,66490.0
688172.SH,20260908,35510,45.16,1603632.0
688173.SH,20260908,15482,12.87,199253.0
688175.SH,20260908,1091,18.3199,19987.0
688176.SH,20260908,27563,13.18,363280.0
688177.SH,20260908,15197,17.54,266555.0
688178.SH,20260908,5300,28.89,153117.0
688179.SH,20260908,10728,19.09,204798.0
688180.SH,20260908,17390,32.6,566914.0
688181.SH,20260908,110060,39.0,4292340.0
688182.SH,20260908,7040,27.57,194093.0
688183.SH,20260908,67102,130.28,8742049.0
688184.SH,20260908,1000,10.96,10960.0
688185.SH,20260908,40503,68.01,2754609.0
688186.SH,20260908,6608,14.13,93371.0
688187.SH,20260908,4687,46.63,218555.0
688188.SH,20260908,27006,102.5,2768115.0
688189.SH,20260908,7200,6.76,48672.0
688190.SH,20260908,59133,75.4,4458628.0
688191.SH,20260908,1665,20.0799,33433.0
688192.SH,20260908,8861,56.5001,500647.0
688193.SH,20260908,2322,47.0099,109157.0
688195.SH,20260908,122221,200.0,24444200.0
688196.SH,20260908,4853,35.0701,170195.0
688197.SH,20260908,0,,0.0
688198.SH,20260908,636,70.6399,44927.0
688199.SH,20260908,34706,23.4,812120.0
688200.SH,20260908,6716,379.82,2550871.0
688201.SH,20260908,0,,0.0
688202.SH,20260908,28128,91.42,2571462.0
688203.SH,20260908,122036,15.6,1903762.0
688205.SH,20260908,123559,210.04,25952332.0
688206.SH,20260908,43582,40.0,1743280.0
688207.SH,20260908,31005,18.77,581964.0
688208.SH,20260908,162208,27.14,4402325.0
688209.SH,20260908,167164,33.75,5641785.0
688210.SH,20260908,10535,32.32,340491.0
688211.SH,20260908,0,,0.0
688212.SH,20260908,1040,30.8798,32115.0
688213.SH,20260908,7637,92.28,704742.0
688215.SH,20260908,3369,47.9899,161678.0
688216.SH,20260908,16745,30.55,511560.0
688217.SH,20260908,10700,24.79,265253.0
688218.SH,20260908,700,40.57,28399.0
688219.SH,20260908,12583,10.49,131996.0
688220.SH,20260908,10266,93.6,960898.0
688221.SH,20260908,14281,16.97,242349.0
688222.SH,20260908,12565,31.66,397808.0
688223.SH,20260908,164794,4.04,665768.0
688225.SH,20260908,47445,13.1,621530.0
688226.SH,20260908,14090,29.0,408610.0
688227.SH,20260908,3240,73.3099,237524.0
688228.SH,20260908,912,81.0504,73918.0
688229.SH,20260908,1409,65.5004,92290.0
688230.SH,20260908,1861,59.1999,110171.0
688231.SH,20260908,8820,33.2,292824.0
688232.SH,20260908,1595,18.1699,28981.0
688233.SH,20260908,16424,98.19,1612673.0
688234.SH,20260908,28675,100.01,2867787.0
688235.SH,20260908,6733,264.01,1777579.0
688236.SH,20260908,5000,13.92,69600.0
688237.SH,20260908,2053,57.51,118068.0
688238.SH,20260908,8075,6.45003,52084.0
688239.SH,20260908,5464,53.7301,293581.0
688244.SH,20260908,7361,14.9899,110341.0
688246.SH,20260908,8140,17.15,139601.0
688247.SH,20260908,10797,9.02001,97389.0
688248.SH,20260908,9200,44.43,408756.0
688249.SH,20260908,69011,35.8,2470594.0
688251.SH,20260908,7027,20.2801,142508.0
688252.SH,20260908,8492,21.45,182153.0
688253.SH,20260908,400,56.61,22644.0
688255.SH,20260908,7217,26.18,188941.0
688256.SH,20260908,52599,1093.0,57490707.0
688257.SH,20260908,16701,52.69,879976.0
688258.SH,20260908,9782,94.48,924203.0
688259.SH,20260908,2300,31.58,72634.0
688260.SH,20260908,31673,94.0,2977262.0
688261.SH,20260908,8915,67.56,602297.0
688262.SH,20260908,17976,27.42,492902.0
688265.SH,20260908,4028,38.3299,154393.0
688266.SH,20260908,1864,116.44,217044.0
688267.SH,20260908,1300,19.65,25545.0
688268.SH,20260908,61716,137.8,8504465.0
688269.SH,20260908,6000,26.78,160680.0
688270.SH,20260908,23527,56.28,1324100.0
688271.SH,20260908,3100,107.24,332444.0
688272.SH,20260908,5600,28.27,158312.0
688273.SH,20260908,1335,28.8697,38541.0
688275.SH,20260908,2434,71.4799,173982.0
688276.SH,20260908,3195,16.1499,51599.0
688277.SH,20260908,31850,15.29,486987.0
688278.SH,20260908,3500,57.13,199955.0
688279.SH,20260908,1640,188.66,309402.0
688280.SH,20260908,4084,5.34011,21809.0
688281.SH,20260908,2564,49.6599,127328.0
688282.SH,20260908,3800,55.0,209000.0
688283.SH,20260908,4235,27.3799,115954.0
688285.SH,20260908,2400,7.55,18120.0
688286.SH,20260908,3853,48.2699,185984.0
688288.SH,20260908,10300,18.91,194773.0
688289.SH,20260908,33863,16.04,543163.0
688290.SH,20260908,0,,0.0
688292.SH,20260908,1369,18.26,24998.0
688293.SH,20260908,13172,56.64,746062.0
688295.SH,20260908,28408,38.3,1088026.0
688296.SH,20260908,13070,23.66,309236.0
688297.SH,20260908,39987,43.49,1739035.0
688298.SH,20260908,2438,19.0,46322.0
688299.SH,20260908,9811,12.91,126660.0
688300.SH,20260908,117933,175.0,20638275.0
688301.SH,20260908,2809,93.0498,261377.0
688302.SH,20260908,6294,31.13,195932.0
688303.SH,20260908,12862,17.05,219297.0
688305.SH,20260908,9837,57.42,564841.0
688306.SH,20260908,60324,8.57001,516977.0
688307.SH,20260908,10491,47.35,496749.0
688308.SH,20260908,31667,88.1,2789863.0
688309.SH,20260908,8788,78.4,688979.0
688310.SH,20260908,10072,15.01,151181.0
688311.SH,20260908,7624,23.2699,177410.0
688312.SH,20260908,33144,50.13,1661509.0
688313.SH,20260908,89222,155.22,13849039.0
688314.SH,20260908,1402,31.2397,43798.0
688315.SH,20260908,18190,13.8,251022.0
688316.SH,20260908,5721,46.5399,266255.0
688317.SH,20260908,2025,16.9299,34283.0
688318.SH,20260908,25559,85.96,2197052.0
688319.SH,20260908,20119,27.3,549249.0
688320.SH,20260908,1800,33.24,59832.0
688321.SH,20260908,14788,25.35,374876.0
688322.SH,20260908,29787,95.91,2856871.0
688323.SH,20260908,13798,25.42,350745.0
688325.SH,20260908,0,,0.0
688326.SH,20260908,6062,60.1999,364932.0
688327.SH,20260908,24484,10.19,249492.0
688328.SH,20260908,36439,79.59,2900180.0
688329.SH,20260908,2872,22.1999,63758.0
688330.SH,20260908,12834,36.52,468698.0
688331.SH,20260908,4570,122.37,559231.0
688332.SH,20260908,31507,99.88,3146919.0
688333.SH,20260908,67262,110.8,7452630.0
688334.SH,20260908,2884,18.2601,52662.0
688335.SH,20260908,2345,19.58,45915.0
688336.SH,20260908,1200,41.8,50160.0
688337.SH,20260908,9168,42.7,391474.0
688338.SH,20260908,2500,29.81,74525.0
688339.SH,20260908,22470,18.15,407831.0
688343.SH,20260908,13111,56.19,736707.0
688345.SH,20260908,2159,53.5401,115593.0
688347.SH,20260908,35390,228.78,8096524.0
688348.SH,20260908,4047,31.51,127521.0
688349.SH,20260908,7558,12.88,97347.0
688350.SH,20260908,5341,27.8,148480.0
688351.SH,20260908,51421,17.96,923521.0
688352.SH,20260908,47797,17.08,816373.0
688353.SH,20260908,4717,83.13,392124.0
688355.SH,20260908,2675,17.08,45689.0
688356.SH,20260908,34266,80.45,2756700.0
688357.SH,20260908,1147,26.9303,30889.0
688358.SH,20260908,1265,28.0498,35483.0
688359.SH,20260908,8082,97.87,790985.0
688360.SH,20260908,13300,14.95,198835.0
688361.SH,20260908,14808,313.0,4634904.0
688362.SH,20260908,78758,61.6,4851493.0
688363.SH,20260908,2350,35.1702,82650.0
688365.SH,20260908,30947,15.3,473489.0
688366.SH,20260908,1414,30.2999,42844.0
688367.SH,20260908,1791,30.0,53730.0
688368.SH,20260908,10456,150.0,1568400.0
688369.SH,20260908,3927,20.0099,78579.0
688370.SH,20260908,0,,0.0
688371.SH,20260908,7390,26.22,193766.0
688372.SH,20260908,14956,116.3,1739383.0
688373.SH,20260908,67692,5.59,378398.0
688375.SH,20260908,7854,72.55,569808.0
688376.SH,20260908,800,64.71,51768.0
688377.SH,20260908,5159,18.3001,94410.0
688378.SH,20260908,27403,44.61,1222448.0
688379.SH,20260908,11386,58.9,670635.0
688380.SH,20260908,31738,39.36,1249208.0
688381.SH,20260908,106777,39.0,4164303.0
688382.SH,20260908,4615,19.3701,89393.0
688383.SH,20260908,3100,129.5,401450.0
688385.SH,20260908,21443,54.97,1178722.0
688386.SH,20260908,6500,48.63,316095.0
688387.SH,20260908,316175,12.63,3993290.0
688388.SH,20260908,186590,27.61,5151750.0
688389.SH,20260908,0,,0.0
688390.SH,20260908,6664,60.4001,402506.0
688391.SH,20260908,1400,25.92,36288.0
688392.SH,20260908,11900,171.9,2045610.0
688393.SH,20260908,1754,20.11,35273.0
688395.SH,20260908,1361,23.1602,31521.0
688396.SH,20260908,22724,57.78,1312993.0
688398.SH,20260908,1495,20.4702,30603.0
688399.SH,20260908,17632,27.11,478004.0
688400.SH,20260908,66101,45.08,2979833.0
688401.SH,20260908,2451,65.3998,160295.0
688403.SH,20260908,374586,25.88,9694286.0
688408.SH,20260908,1600,23.75,38000.0
688409.SH,20260908,6745,183.75,1239394.0
688410.SH,20260908,2253,9.88016,22260.0
688411.SH,20260908,4694,178.19,836424.0
688416.SH,20260908,29726,77.03,2289794.0
688418.SH,20260908,8200,32.6,267320.0
688419.SH,20260908,8244,49.27,406182.0
688420.SH,20260908,5300,22.22,117766.0
688425.SH,20260908,20450,4.04,82618.0
688426.SH,20260908,1734,21.1298,36639.0
688428.SH,20260908,14165,30.8,436282.0
688429.SH,20260908,7717,10.71,82649.0
688433.SH,20260908,30191,109.01,3291121.0
688435.SH,20260908,194462,39.36,7654024.0
688439.SH,20260908,2954,38.4001,113434.0
688443.SH,20260908,1980,22.9798,45500.0
688448.SH,20260908,5303,67.4,357422.0
688449.SH,20260908,5718,62.3101,356289.0
688450.SH,20260908,1814,33.0899,60025.0
688455.SH,20260908,2054,17.0901,35103.0
688456.SH,20260908,40387,75.0,3029025.0
688458.SH,20260908,3900,37.0,144300.0
688459.SH,20260908,300,8.05,2415.0
688466.SH,20260908,3025,14.36,43439.0
688468.SH,20260908,4724,6.33997,29950.0
688469.SH,20260908,160826,8.47,1362196.0
688472.SH,20260908,68175,8.66001,590396.0
688475.SH,20260908,3897,28.61,111493.0
688478.SH,20260908,15029,42.99,646097.0
688479.SH,20260908,2818,37.22,104886.0
688480.SH,20260908,200,70.62,14124.0
688484.SH,20260908,13900,34.68,482052.0
688485.SH,20260908,42641,103.0,4392023.0
688486.SH,20260908,12345,40.68,502195.0
688488.SH,20260908,600,15.56,9336.0
688489.SH,20260908,2386,24.0,57264.0
688496.SH,20260908,25764,0.959983,24733.0
688498.SH,20260908,31680,1701.93,53917142.0
688499.SH,20260908,6724,32.72,220009.0
688500.SH,20260908,12507,33.68,421236.0
688501.SH,20260908,837,13.6105,11392.0
688502.SH,20260908,1621,430.3,697516.0
688503.SH,20260908,50980,67.7,3451346.0
688505.SH,20260908,0,,0.0
688506.SH,20260908,4344,250.1,1086434.0
688507.SH,20260908,18213,150.8,2746520.0
688508.SH,20260908,15592,86.23,1344498.0
688509.SH,20260908,1436,4.19986,6031.0
688510.SH,20260908,15640,25.13,393033.0
688511.SH,20260908,8200,23.2,190240.0
688512.SH,20260908,13132,13.89,182403.0
688513.SH,20260908,1232,46.3198,57066.0
688515.SH,20260908,2204,145.75,321233.0
688516.SH,20260908,51033,42.84,2186254.0
688517.SH,20260908,6141,16.12,98993.0
688518.SH,20260908,23077,21.22,489694.0
688519.SH,20260908,18048,288.68,5210097.0
688520.SH,20260908,5338,33.81,180478.0
688521.SH,20260908,37223,185.36,6899655.0
688522.SH,20260908,4438,18.4901,82059.0
688523.SH,20260908,3300,41.18,135894.0
688525.SH,20260908,63477,221.14,14037304.0
688526.SH,20260908,5161,12.9,66577.0
688528.SH,20260908,7707,10.18,78457.0
688529.SH,20260908,0,,0.0
688530.SH,20260908,37452,57.0,2134764.0
688531.SH,20260908,15816,142.89,2259948.0
688533.SH,20260908,2075,20.4501,42434.0
688535.SH,20260908,20692,101.06,2091134.0
688536.SH,20260908,7722,303.81,2346021.0
688538.SH,20260908,197684,2.2,434905.0
688539.SH,20260908,14659,23.95,351083.0
688543.SH,20260908,201308,40.18,8088555.0
688545.SH,20260908,14946,75.42,1127227.0
688548.SH,20260908,144353,30.2,4359461.0
688549.SH,20260908,860586,22.33,19216885.0
688550.SH,20260908,2100,36.91,77511.0
688551.SH,20260908,7402,38.61,285791.0
688552.SH,20260908,9389,31.09,291904.0
688553.SH,20260908,18000,11.65,209700.0
688556.SH,20260908,81417,8.11,660292.0
688557.SH,20260908,5433,20.3,110290.0
688558.SH,20260908,2931,32.1999,94378.0
688559.SH,20260908,15189,53.7,815649.0
688560.SH,20260908,79300,12.48,989664.0
688561.SH,20260908,27766,27.2,755235.0
688562.SH,20260908,3339,14.74,49217.0
688563.SH,20260908,4363,52.9001,230803.0
688565.SH,20260908,11799,11.57,136514.0
688566.SH,20260908,1016,25.5699,25979.0
688567.SH,20260908,20325,8.98002,182519.0
688568.SH,20260908,15015,30.7,460961.0
688569.SH,20260908,800,18.84,15072.0
688570.SH,20260908,2541,14.8398,37708.0
688571.SH,20260908,26182,8.39,219667.0
688573.SH,20260908,8500,16.46,139910.0
688575.SH,20260908,5600,10.08,56448.0
688576.SH,20260908,200,39.5,7900.0
688577.SH,20260908,1858,43.38,80600.0
688578.SH,20260908,3300,108.06,356598.0
688579.SH,20260908,5922,8.05995,47731.0
688580.SH,20260908,3217,44.0,141548.0
688581.SH,20260908,1000,50.8,50800.0
688582.SH,20260908,5288,39.9,210991.0
688583.SH,20260908,199453,85.0,16953505.0
688584.SH,20260908,22658,25.82,585030.0
688585.SH,20260908,12168,146.01,1776650.0
688586.SH,20260908,25330,11.08,280656.0
688588.SH,20260908,88425,9.49,839153.0
688589.SH,20260908,2764,19.7098,54478.0
688590.SH,20260908,400,12.32,4928.0
688591.SH,20260908,6689,28.6899,191907.0
688592.SH,20260908,7094,23.78,168695.0
688593.SH,20260908,12428,29.63,368242.0
688595.SH,20260908,28194,29.6,834542.0
688596.SH,20260908,37402,66.68,2493965.0
688597.SH,20260908,15520,6.55,101656.0
688598.SH,20260908,25909,33.99,880647.0
688599.SH,20260908,33609,11.33,380790.0
688600.SH,20260908,19060,33.69,642131.0
688601.SH,20260908,5100,61.49,313599.0
688602.SH,20260908,5938,6.79,40319.0
688603.SH,20260908,27503,119.0,3272857.0
688605.SH,20260908,4339,72.0,312408.0
688606.SH,20260908,310,46.0806,14285.0
688607.SH,20260908,1000,40.05,40050.0
688608.SH,20260908,3613,101.1,365274.0
688609.SH,20260908,4918,9.07991,44655.0
688610.SH,20260908,4005,154.55,618973.0
688611.SH,20260908,600,61.48,36888.0
688612.SH,20260908,65743,39.09,2569894.0
688613.SH,20260908,6468,15.62,101030.0
688615.SH,20260908,2508,95.6001,239765.0
688616.SH,20260908,5276,11.1099,58616.0
688617.SH,20260908,1046,242.79,253958.0
688618.SH,20260908,7002,30.36,212581.0
688619.SH,20260908,9919,14.55,144321.0
688620.SH,20260908,34479,15.48,533735.0
688621.SH,20260908,8938,70.7501,632364.0
688622.SH,20260908,8383,96.08,805439.0
688623.SH,20260908,0,,0.0
688625.SH,20260908,9600,56.62,543552.0
688626.SH,20260908,4290,39.48,169369.0
688627.SH,20260908,27181,489.57,13307002.0
688628.SH,20260908,27938,84.2,2352380.0
688629.SH,20260908,40681,126.99,5166080.0
688630.SH,20260908,15188,410.0,6227080.0
688631.SH,20260908,0,,0.0
688633.SH,20260908,4207,22.73,95625.0
688635.SH,20260908,7374,282.0,2079468.0
688636.SH,20260908,3591,20.12,72251.0
688638.SH,20260908,5900,33.4,197060.0
688639.SH,20260908,24545,17.84,437883.0
688646.SH,20260908,19446,76.51,1487813.0
688648.SH,20260908,6925,32.33,223885.0
688651.SH,20260908,1411,23.1999,32735.0
688652.SH,20260908,9266,133.0,1232378.0
688653.SH,20260908,18203,13.53,246287.0
688655.SH,20260908,582478,53.3,31046077.0
688656.SH,20260908,9623,116.92,1125121.0
688657.SH,20260908,3521,33.52,118024.0
688658.SH,20260908,24194,13.27,321054.0
688659.SH,20260908,27000,9.85,265950.0
688660.SH,20260908,208238,7.75,1613845.0
688661.SH,20260908,7500,106.22,796650.0
688662.SH,20260908,36472,85.37,3113615.0
688663.SH,20260908,1800,55.6,100080.0
688665.SH,20260908,801,43.99,35236.0
688667.SH,20260908,1400,91.25,127750.0
688668.SH,20260908,21549,264.99,5710270.0
688669.SH,20260908,4122,72.54,299010.0
688670.SH,20260908,8963,16.9599,152012.0
688671.SH,20260908,1933,24.7698,47880.0
688676.SH,20260908,25644,67.99,1743536.0
688677.SH,20260908,87892,92.76,8152862.0
688678.SH,20260908,202344,23.0,4653912.0
688679.SH,20260908,6535,43.42,283750.0
688680.SH,20260908,700,32.86,23002.0
688681.SH,20260908,6115,15.8899,97167.0
688682.SH,20260908,1724,30.3602,52341.0
688683.SH,20260908,581,29.3993,17081.0
688685.SH,20260908,1200,39.2,47040.0
688686.SH,20260908,5200,151.98,790296.0
688687.SH,20260908,1062,17.6601,18755.0
688689.SH,20260908,6100,38.15,232715.0
688690.SH,20260908,21630,36.9,798147.0
688691.SH,20260908,5666,62.2,352425.0
688692.SH,20260908,2400,212.66,510384.0
688693.SH,20260908,905,77.3801,70029.0
688695.SH,20260908,13683,19.64,268734.0
688696.SH,20260908,9744,89.92,876180.0
688697.SH,20260908,48793,14.85,724576.0
688698.SH,20260908,33029,44.52,1470451.0
688699.SH,20260908,5800,58.6,339880.0
688700.SH,20260908,92433,61.23,5659673.0
688701.SH,20260908,17933,9.27999,166418.0
688702.SH,20260908,26145,323.0,8444835.0
688707.SH,20260908,15549,10.4,161710.0
688708.SH,20260908,500,39.81,19905.0
688709.SH,20260908,7691,24.13,185584.0
688710.SH,20260908,1946,79.1202,153968.0
688711.SH,20260908,3800,24.56,93328.0
688712.SH,20260908,800,31.33,25064.0
688716.SH,20260908,4700,26.98,126806.0
688717.SH,20260908,3781,45.6199,172489.0
688718.SH,20260908,23594,13.88,327485.0
688719.SH,20260908,65007,55.04,3577985.0
688720.SH,20260908,15006,60.18,903061.0
688721.SH,20260908,2509,37.77,94765.0
688722.SH,20260908,19330,14.6,282218.0
688726.SH,20260908,8238,43.7999,360824.0
688727.SH,20260908,54907,45.72,2510348.0
688728.SH,20260908,27061,14.18,383725.0
688729.SH,20260908,50664,22.92,1161219.0
688733.SH,20260908,19442,28.67,557402.0
688737.SH,20260908,7881,17.25,135947.0
688739.SH,20260908,3584,20.4199,73185.0
688750.SH,20260908,0,,0.0
688755.SH,20260908,634,26.5694,16845.0
688757.SH,20260908,25372,29.95,759891.0
688758.SH,20260908,3380,26.1799,88488.0
688759.SH,20260908,7453,22.41,167022.0
688765.SH,20260908,5737,37.9901,217949.0
688766.SH,20260908,62400,397.87,24827088.0
688767.SH,20260908,3609,38.9399,140534.0
688768.SH,20260908,1553,42.5003,66003.0
688772.SH,20260908,44541,15.19,676578.0
688775.SH,20260908,5604,105.98,593912.0
688776.SH,20260908,1850,47.2703,87450.0
688777.SH,20260908,31415,89.6,2814784.0
688778.SH,20260908,1917,45.12,86495.0
688779.SH,20260908,33867,7.62001,258067.0
688781.SH,20260908,14257,39.99,570137.0
688783.SH,20260908,93393,28.04,2618740.0
688785.SH,20260908,1965,297.42,584430.0
688786.SH,20260908,11858,26.99,320047.0
688787.SH,20260908,3221,95.34,307090.0
688788.SH,20260908,3422,30.55,104542.0
688789.SH,20260908,5865,42.5299,249438.0
688790.SH,20260908,2800,107.42,300776.0
688793.SH,20260908,3177,18.44,58584.0
688795.SH,20260908,258271,395.76,102213331.0
688796.SH,20260908,6350,119.33,757746.0
688797.SH,20260908,6103,271.29,1655683.0
688798.SH,20260908,23130,62.25,1439843.0
688799.SH,20260908,800,49.39,39512.0
688800.SH,20260908,29641,63.99,1896728.0
688802.SH,20260908,22136,562.75,12457034.0
688805.SH,20260908,1200,41.81,50172.0
688806.SH,20260908,2195,22.8902,50244.0
688807.SH,20260908,19790,342.0,6768180.0
688808.SH,20260908,6228,2640.0,16441920.0
688809.SH,20260908,5278,438.0,2311764.0
688811.SH,20260908,3400,20.27,68918.0
688813.SH,20260908,175441,126.78,22242410.0
688816.SH,20260908,900,48.68,43812.0
688818.SH,20260908,3989,43.8501,174918.0
688819.SH,20260908,1400,21.29,29806.0
688820.SH,20260908,60857,130.37,7933927.0
688825.SH,20260908,1862256,58.4,108755750.0
688826.SH,20260908,4100,768.99,3152859.0
688828.SH,20260908,11429,92.9,1061754.0
688835.SH,20260908,12878,287.13,3697660.0
688836.SH,20260908,30497,535.8,16340293.0
688981.SH,20260908,85361,124.25,10606104.0
689009.SH,20260908,22569,40.1,905017.0
900901.SH,20260908,0,,0.0
900902.SH,20260908,0,,0.0
900903.SH,20260908,400,0.185,74.0
900904.SH,20260908,0,,0.0
900905.SH,20260908,0,,0.0
900906.SH,20260908,0,,0.0
900908.SH,20260908,0,,0.0
900909.SH,20260908,800,0.5025,402.0
900910.SH,20260908,0,,0.0
900911.SH,20260908,0,,0.0
900912.SH,20260908,0,,0.0
900913.SH,20260908,0,,0.0
900914.SH,20260908,0,,0.0
900915.SH,20260908,0,,0.0
900916.SH,20260908,85200,0.55,46860.0
900917.SH,20260908,0,,0.0
900918.SH,20260908,0,,0.0
900920.SH,20260908,1000,0.275,275.0
900921.SH,20260908,0,,0.0
900922.SH,20260908,0,,0.0
900923.SH,20260908,0,,0.0
900924.SH,20260908,0,,0.0
900925.SH,20260908,0,,0.0
900926.SH,20260908,0,,0.0
900927.SH,20260908,0,,0.0
900928.SH,20260908,0,,0.0
900929.SH,20260908,0,,0.0
900932.SH,20260908,1000,0.385,385.0
900934.SH,20260908,0,,0.0
900936.SH,20260908,0,,0.0
900937.SH,20260908,11000,0.194,2134.0
900938.SH,20260908,0,,0.0
900939.SH,20260908,900,0.42,378.0
900940.SH,20260908,0,,0.0
900941.SH,20260908,0,,0.0
900942.SH,20260908,0,,0.0
900943.SH,20260908,0,,0.0
900945.SH,20260908,0,,0.0
900946.SH,20260908,0,,0.0
900947.SH,20260908,3000,0.255,765.0
900948.SH,20260908,8000,3.377,27016.0
501001.SH,20260908,0,,0.0
501005.SH,20260908,100,1.05,105.0
501007.SH,20260908,0,,0.0
501008.SH,20260908,0,,0.0
501009.SH,20260908,0,,0.0
501010.SH,20260908,0,,0.0
501011.SH,20260908,0,,0.0
501012.SH,20260908,0,,0.0
501015.SH,20260908,400,3.08,1232.0
501016.SH,20260908,0,,0.0
501017.SH,20260908,0,,0.0
501018.SH,20260908,1121900,1.923,2157414.0
501019.SH,20260908,0,,0.0
501021.SH,20260908,0,,0.0
501022.SH,20260908,0,,0.0
501025.SH,20260908,108500,1.912,207452.0
501026.SH,20260908,46500,2.48301,115460.0
501028.SH,20260908,0,,0.0
501029.SH,20260908,0,,0.0
501030.SH,20260908,0,,0.0
501031.SH,20260908,0,,0.0
501032.SH,20260908,0,,0.0
501036.SH,20260908,0,,0.0
501037.SH,20260908,0,,0.0
501038.SH,20260908,0,,0.0
501043.SH,20260908,0,,0.0
501045.SH,20260908,0,,0.0
501047.SH,20260908,0,,0.0
501048.SH,20260908,0,,0.0
501050.SH,20260908,1800,1.73778,3128.0
501051.SH,20260908,0,,0.0
501053.SH,20260908,0,,0.0
501057.SH,20260908,0,,0.0
501058.SH,20260908,0,,0.0
501059.SH,20260908,0,,0.0
501060.SH,20260908,0,,0.0
501061.SH,20260908,0,,0.0
501062.SH,20260908,22900,2.06799,47357.0
501064.SH,20260908,0,,0.0
501065.SH,20260908,0,,0.0
501070.SH,20260908,0,,0.0
501071.SH,20260908,0,,0.0
501073.SH,20260908,0,,0.0
501075.SH,20260908,0,,0.0
501076.SH,20260908,6187,1.70002,10518.0
501077.SH,20260908,0,,0.0
501078.SH,20260908,1687,2.984,5034.0
501079.SH,20260908,0,,0.0
501080.SH,20260908,200,1.49,298.0
501081.SH,20260908,0,,0.0
501082.SH,20260908,0,,0.0
501083.SH,20260908,0,,0.0
501085.SH,20260908,67100,3.273,219618.0
501087.SH,20260908,0,,0.0
501088.SH,20260908,0,,0.0
501089.SH,20260908,0,,0.0
501090.SH,20260908,0,,0.0
501091.SH,20260908,0,,0.0
501092.SH,20260908,0,,0.0
501093.SH,20260908,0,,0.0
501095.SH,20260908,0,,0.0
501096.SH,20260908,72700,1.531,111304.0
501097.SH,20260908,0,,0.0
501098.SH,20260908,5000,1.761,8805.0
501099.SH,20260908,0,,0.0
501186.SH,20260908,0,,0.0
501188.SH,20260908,0,,0.0
501189.SH,20260908,0,,0.0
501200.SH,20260908,0,,0.0
501201.SH,20260908,0,,0.0
501202.SH,20260908,0,,0.0
501203.SH,20260908,0,,0.0
501205.SH,20260908,54800,0.981004,53759.0
501206.SH,20260908,0,,0.0
501207.SH,20260908,0,,0.0
501208.SH,20260908,0,,0.0
501209.SH,20260908,0,,0.0
501210.SH,20260908,0,,0.0
501211.SH,20260908,0,,0.0
501212.SH,20260908,0,,0.0
501213.SH,20260908,0,,0.0
501215.SH,20260908,0,,0.0
501216.SH,20260908,0,,0.0
501217.SH,20260908,0,,0.0
501218.SH,20260908,0,,0.0
501219.SH,20260908,0,,0.0
501220.SH,20260908,0,,0.0
501222.SH,20260908,0,,0.0
501225.SH,20260908,43700,3.46199,151289.0
501227.SH,20260908,0,,0.0
501300.SH,20260908,16900,0.92503,15633.0
501301.SH,20260908,500,1.222,611.0
501302.SH,20260908,0,,0.0
501303.SH,20260908,0,,0.0
501305.SH,20260908,0,,0.0
501306.SH,20260908,0,,0.0
501307.SH,20260908,0,,0.0
501310.SH,20260908,0,,0.0
501311.SH,20260908,0,,0.0
501312.SH,20260908,94988,2.394,227401.0
502000.SH,20260908,0,,0.0
502003.SH,20260908,0,,0.0
502006.SH,20260908,0,,0.0
502010.SH,20260908,600,1.26167,757.0
502013.SH,20260908,0,,0.0
502023.SH,20260908,0,,0.0
502048.SH,20260908,0,,0.0
502053.SH,20260908,0,,0.0
502056.SH,20260908,0,,0.0
506000.SH,20260908,22600,1.26301,28544.0
506001.SH,20260908,0,,0.0
506002.SH,20260908,20000,2.104,42080.0
506003.SH,20260908,0,,0.0
506005.SH,20260908,100,1.49,149.0
506006.SH,20260908,0,,0.0
506008.SH,20260908,0,,0.0
508000.SH,20260908,0,,0.0
508001.SH,20260908,41,4.70732,193.0
508002.SH,20260908,0,,0.0
508003.SH,20260908,100,3.2,320.0
508005.SH,20260908,0,,0.0
508006.SH,20260908,206,3.53398,728.0
508007.SH,20260908,0,,0.0
508008.SH,20260908,0,,0.0
508009.SH,20260908,0,,0.0
508010.SH,20260908,1491,2.36217,3522.0
508011.SH,20260908,0,,0.0
508012.SH,20260908,0,,0.0
508015.SH,20260908,10300,5.49204,56568.0
508016.SH,20260908,0,,0.0
508017.SH,20260908,0,,0.0
508018.SH,20260908,0,,0.0
508019.SH,20260908,400,1.2725,509.0
508020.SH,20260908,74,5.12162,379.0
508021.SH,20260908,1000,3.246,3246.0
508022.SH,20260908,0,,0.0
508026.SH,20260908,0,,0.0
508027.SH,20260908,0,,0.0
508028.SH,20260908,100,9.6,960.0
508029.SH,20260908,2200,2.50909,5520.0
508030.SH,20260908,0,,0.0
508031.SH,20260908,0,,0.0
508033.SH,20260908,2600,5.935,15431.0
508036.SH,20260908,0,,0.0
508039.SH,20260908,500,3.472,1736.0
508048.SH,20260908,700,2.98714,2091.0
508050.SH,20260908,0,,0.0
508055.SH,20260908,0,,0.0
508056.SH,20260908,0,,0.0
508058.SH,20260908,0,,0.0
508059.SH,20260908,0,,0.0
508060.SH,20260908,0,,0.0
508066.SH,20260908,0,,0.0
508068.SH,20260908,0,,0.0
508069.SH,20260908,0,,0.0
508077.SH,20260908,100,2.61,261.0
508078.SH,20260908,500,1.904,952.0
508080.SH,20260908,0,,0.0
508082.SH,20260908,0,,0.0
508084.SH,20260908,0,,0.0
508085.SH,20260908,0,,0.0
508086.SH,20260908,42700,4.216,180023.0
508087.SH,20260908,0,,0.0
508088.SH,20260908,0,,0.0
508089.SH,20260908,0,,0.0
508090.SH,20260908,0,,0.0
508091.SH,20260908,5800,5.38103,31210.0
508092.SH,20260908,0,,0.0
508093.SH,20260908,0,,0.0
508096.SH,20260908,0,,0.0
508097.SH,20260908,0,,0.0
508098.SH,20260908,0,,0.0
508099.SH,20260908,0,,0.0
508600.SH,20260908,0,,0.0
508601.SH,20260908,0,,0.0
508602.SH,20260908,500,6.382,3191.0
508603.SH,20260908,0,,0.0
510010.SH,20260908,0,,0.0
510020.SH,20260908,0,,0.0
510030.SH,20260908,9500,1.07705,10232.0
510040.SH,20260908,0,,0.0
510050.SH,20260908,1105300,3.021,3339111.0
510060.SH,20260908,0,,0.0
510090.SH,20260908,0,,0.0
510100.SH,20260908,130600,2.972,388143.0
510130.SH,20260908,0,,0.0
510140.SH,20260908,200,1.03,206.0
510150.SH,20260908,12100,0.499008,6038.0
510160.SH,20260908,0,,0.0
510170.SH,20260908,146600,1.389,203627.0
510180.SH,20260908,5000,3.955,19775.0
510190.SH,20260908,0,,0.0
510200.SH,20260908,1100,1.18636,1305.0
510210.SH,20260908,4571300,1.005,4594157.0
510230.SH,20260908,45200,1.341,60613.0
510270.SH,20260908,0,,0.0
510290.SH,20260908,0,,0.0
510300.SH,20260908,3829300,4.638,17760293.0
510310.SH,20260908,143400,4.507,646304.0
510320.SH,20260908,0,,0.0
510330.SH,20260908,33900,4.83401,163873.0
510350.SH,20260908,0,,0.0
510360.SH,20260908,8000,1.772,14176.0
510370.SH,20260908,0,,0.0
510380.SH,20260908,0,,0.0
510390.SH,20260908,0,,0.0
510410.SH,20260908,0,,0.0
510500.SH,20260908,948583,7.78,7379976.0
510510.SH,20260908,0,,0.0
510530.SH,20260908,0,,0.0
510550.SH,20260908,0,,0.0
510560.SH,20260908,0,,0.0
510570.SH,20260908,0,,0.0
510580.SH,20260908,7500,4.09,30675.0
510590.SH,20260908,0,,0.0
510600.SH,20260908,0,,0.0
510630.SH,20260908,100,0.83,83.0
510650.SH,20260908,0,,0.0
510660.SH,20260908,0,,0.0
510670.SH,20260908,0,,0.0
510680.SH,20260908,0,,0.0
510710.SH,20260908,0,,0.0
510720.SH,20260908,236300,1.056,249533.0
510760.SH,20260908,497400,1.343,668008.0
510770.SH,20260908,0,,0.0
510800.SH,20260908,0,,0.0
510810.SH,20260908,400,0.85,340.0
510850.SH,20260908,500,3.6,1800.0
510880.SH,20260908,1318600,3.388,4467417.0
510900.SH,20260908,773500,1.032,798252.0
510910.SH,20260908,35000,0.984,34440.0
510950.SH,20260908,500,0.992,496.0
510980.SH,20260908,89700,1.403,125849.0
510990.SH,20260908,0,,0.0
511010.SH,20260908,2000,141.223,282446.0
511020.SH,20260908,100,118.26,11826.0
511030.SH,20260908,28000,108.411,3035508.0
511060.SH,20260908,100,108.68,10868.0
511070.SH,20260908,29200,103.02,3008184.0
511090.SH,20260908,10200,119.14,1215228.0
511100.SH,20260908,0,,0.0
511110.SH,20260908,29000,103.306,2995874.0
511120.SH,20260908,0,,0.0
511130.SH,20260908,7500,108.696,815220.0
511150.SH,20260908,100,102.29,10229.0
511160.SH,20260908,1200,102.089,122507.0
511180.SH,20260908,33300,12.44,414252.0
511190.SH,20260908,0,,0.0
511200.SH,20260908,0,,0.0
511220.SH,20260908,1285100,10.419,13389457.0
511260.SH,20260908,20500,135.891,2785766.0
511270.SH,20260908,0,,0.0
511360.SH,20260908,1753300,113.898,199697363.0
511380.SH,20260908,324700,13.515,4388321.0
511520.SH,20260908,6700,118.57,794419.0
511580.SH,20260908,2000,109.703,219406.0
511600.SH,20260908,0,,0.0
511620.SH,20260908,101,100.01,10101.0
511650.SH,20260908,400,99.9975,39999.0
511660.SH,20260908,37500,100.009,3750338.0
511670.SH,20260908,0,,0.0
511690.SH,20260908,0,,0.0
511700.SH,20260908,2402,100.005,240212.0
511770.SH,20260908,0,,0.0
511800.SH,20260908,0,,0.0
511810.SH,20260908,0,,0.0
511820.SH,20260908,0,,0.0
511830.SH,20260908,0,,0.0
511850.SH,20260908,31500,100.002,3150063.0
511860.SH,20260908,0,,0.0
511880.SH,20260908,1969100,100.773,198432114.0
511900.SH,20260908,0,,0.0
511910.SH,20260908,0,,0.0
511920.SH,20260908,0,,0.0
511930.SH,20260908,0,,0.0
511950.SH,20260908,0,,0.0
511960.SH,20260908,0,,0.0
511970.SH,20260908,0,,0.0
511980.SH,20260908,0,,0.0
511990.SH,20260908,2133059,99.998,213301634.0
512000.SH,20260908,5917100,0.523,3094643.0
512010.SH,20260908,3334300,0.377,1257031.0
512020.SH,20260908,400,1.285,514.0
512030.SH,20260908,0,,0.0
512040.SH,20260908,44100,1.21501,53582.0
512050.SH,20260908,78400,1.202,94237.0
512060.SH,20260908,0,,0.0
512070.SH,20260908,856000,0.806,689936.0
512080.SH,20260908,0,,0.0
512090.SH,20260908,0,,0.0
512100.SH,20260908,3863200,3.107,12002962.0
512120.SH,20260908,900,0.457778,412.0
512130.SH,20260908,0,,0.0
512140.SH,20260908,100,0.91,91.0
512150.SH,20260908,0,,0.0
512160.SH,20260908,0,,0.0
512170.SH,20260908,8108100,0.337,2732430.0
512180.SH,20260908,0,,0.0
512190.SH,20260908,0,,0.0
512200.SH,20260908,225700,1.231,277837.0
512220.SH,20260908,2300,3.80913,8761.0
512240.SH,20260908,0,,0.0
512250.SH,20260908,300,1.21667,365.0
512260.SH,20260908,0,,0.0
512290.SH,20260908,188900,1.025,193623.0
512330.SH,20260908,0,,0.0
512360.SH,20260908,0,,0.0
512370.SH,20260908,0,,0.0
512380.SH,20260908,0,,0.0
512400.SH,20260908,3151900,1.894,5969699.0
512410.SH,20260908,7700,1.11701,8601.0
512420.SH,20260908,0,,0.0
512430.SH,20260908,0,,0.0
512450.SH,20260908,2600,0.95,2470.0
512460.SH,20260908,2300,0.80913,1861.0
512480.SH,20260908,7073700,1.002,7087847.0
512500.SH,20260908,15500,4.398,68169.0
512510.SH,20260908,2800,2.33607,6541.0
512520.SH,20260908,0,,0.0
512530.SH,20260908,8400,1.64405,13810.0
512550.SH,20260908,6200,1.81597,11259.0
512560.SH,20260908,13700,0.722993,9905.0
512570.SH,20260908,661400,1.102,728863.0
512580.SH,20260908,3800,1.13789,4324.0
512600.SH,20260908,20300,0.58798,11936.0
512620.SH,20260908,8600,0.946977,8144.0
512630.SH,20260908,3200,1.08906,3485.0
512640.SH,20260908,0,,0.0
512650.SH,20260908,0,,0.0
512660.SH,20260908,421500,1.146,483039.0
512670.SH,20260908,345400,0.777001,268376.0
512680.SH,20260908,20900,1.17201,24495.0
512690.SH,20260908,8143800,0.433,3526265.0
512700.SH,20260908,20200,1.49599,30219.0
512710.SH,20260908,1044800,0.63,658224.0
512720.SH,20260908,0,,0.0
512730.SH,20260908,0,,0.0
512750.SH,20260908,0,,0.0
512760.SH,20260908,945600,1.061,1003282.0
512770.SH,20260908,0,,0.0
512800.SH,20260908,3486200,0.835,2910977.0
512810.SH,20260908,8100,0.665062,5387.0
512820.SH,20260908,45000,1.47,66150.0
512870.SH,20260908,0,,0.0
512880.SH,20260908,6775600,1.093,7405731.0
512890.SH,20260908,2540800,1.195,3036256.0
512900.SH,20260908,77400,1.08,83592.0
512910.SH,20260908,0,,0.0
512930.SH,20260908,177800,0.62,110236.0
512940.SH,20260908,240100,0.835002,200484.0
512950.SH,20260908,0,,0.0
512960.SH,20260908,0,,0.0
512970.SH,20260908,0,,0.0
512980.SH,20260908,1656100,0.866,1434183.0
512990.SH,20260908,0,,0.0
513000.SH,20260908,560700,2.34,1312038.0
513010.SH,20260908,8161500,0.585,4774478.0
513020.SH,20260908,111800,0.937004,104757.0
513030.SH,20260908,226600,1.869,423515.0
513040.SH,20260908,697400,0.908,633239.0
513050.SH,20260908,6436900,1.042,6707250.0
513060.SH,20260908,6724500,0.575,3866588.0
513070.SH,20260908,69600,1.08101,75238.0
513080.SH,20260908,320200,1.789,572838.0
513090.SH,20260908,12269300,1.876,23017207.0
513110.SH,20260908,309400,2.515,778141.0
513120.SH,20260908,15021700,1.29,19377993.0
513130.SH,20260908,39488700,0.559,22074183.0
513140.SH,20260908,66800,1.751,116967.0
513150.SH,20260908,7100,0.949014,6738.0
513160.SH,20260908,732600,0.948999,695237.0
513170.SH,20260908,24500,1.60902,39421.0
513180.SH,20260908,24515200,0.567,13900118.0
513190.SH,20260908,597500,1.864,1113740.0
513200.SH,20260908,89600,1.068,95693.0
513210.SH,20260908,700,1.50143,1051.0
513220.SH,20260908,19400,0.92701,17984.0
513230.SH,20260908,1200,0.849167,1019.0
513240.SH,20260908,58300,1.03901,60574.0
513260.SH,20260908,848300,1.093,927192.0
513280.SH,20260908,120600,1.123,135434.0
513290.SH,20260908,624600,1.792,1119283.0
513300.SH,20260908,422200,2.715,1146273.0
513310.SH,20260908,9050400,4.882,44184053.0
513320.SH,20260908,200,1.06,212.0
513330.SH,20260908,73861900,0.364,26885732.0
513350.SH,20260908,2849500,1.403,3997849.0
513360.SH,20260908,857400,0.482,413267.0
513380.SH,20260908,3205000,0.513,1644165.0
513390.SH,20260908,116300,2.455,285517.0
513400.SH,20260908,696600,1.35,940410.0
513500.SH,20260908,387400,2.69,1042106.0
513520.SH,20260908,2270500,2.327,5283454.0
513530.SH,20260908,581300,1.598,928917.0
513550.SH,20260908,35400,1.12099,39683.0
513560.SH,20260908,130100,1.116,145192.0
513580.SH,20260908,218800,0.566001,123841.0
513590.SH,20260908,3500,0.755143,2643.0
513600.SH,20260908,53800,2.75201,148058.0
513620.SH,20260908,900,1.07778,970.0
513630.SH,20260908,97400,1.588,154671.0
513650.SH,20260908,464800,2.024,940755.0
513660.SH,20260908,36700,1.497,54940.0
513690.SH,20260908,80200,1.147,91989.0
513700.SH,20260908,438700,0.636,279013.0
513720.SH,20260908,5200,0.641923,3338.0
513730.SH,20260908,51600,1.15101,59392.0
513750.SH,20260908,1054800,1.567,1652872.0
513770.SH,20260908,5220900,0.347,1811652.0
513780.SH,20260908,799800,1.667,1333267.0
513800.SH,20260908,167100,1.932,322837.0
513810.SH,20260908,11400,1.78,20292.0
513820.SH,20260908,23100,1.24801,28829.0
513830.SH,20260908,900,1.20556,1085.0
513850.SH,20260908,167400,1.854,310360.0
513860.SH,20260908,228400,0.6,137040.0
513870.SH,20260908,146400,2.085,305244.0
513880.SH,20260908,303300,2.184,662407.0
513890.SH,20260908,25400,0.869016,22073.0
513900.SH,20260908,2300,0.992174,2282.0
513910.SH,20260908,59400,1.583,94030.0
513920.SH,20260908,133637,1.572,210077.0
513930.SH,20260908,6300,1.04,6552.0
513950.SH,20260908,29900,1.24699,37285.0
513970.SH,20260908,382800,0.802001,307006.0
513980.SH,20260908,1901400,0.599,1138939.0
513990.SH,20260908,1800,1.11,1998.0
515000.SH,20260908,97500,1.258,122655.0
515010.SH,20260908,10600,1.26,13356.0
515020.SH,20260908,7600,1.79395,13634.0
515030.SH,20260908,33700,1.55801,52505.0
515040.SH,20260908,15700,1.05503,16564.0
515050.SH,20260908,5538100,1.05,5815005.0
515060.SH,20260908,6100,0.592951,3617.0
515070.SH,20260908,53000,1.108,58724.0
515080.SH,20260908,375900,1.582,594674.0
515090.SH,20260908,0,,0.0
515100.SH,20260908,103400,1.414,146208.0
515110.SH,20260908,0,,0.0
515120.SH,20260908,1601100,0.63,1008693.0
515130.SH,20260908,1000,1.535,1535.0
515150.SH,20260908,0,,0.0
515160.SH,20260908,0,,0.0
515170.SH,20260908,1071200,0.474,507749.0
515180.SH,20260908,473100,1.434,678425.0
515190.SH,20260908,0,,0.0
515200.SH,20260908,0,,0.0
515210.SH,20260908,138700,1.159,160753.0
515220.SH,20260908,3187100,1.27,4047617.0
515230.SH,20260908,366100,0.697001,255172.0
515250.SH,20260908,4600,0.928043,4269.0
515260.SH,20260908,88400,0.835995,73902.0
515290.SH,20260908,334900,1.508,505029.0
515300.SH,20260908,53000,1.315,69695.0
515310.SH,20260908,0,,0.0
515320.SH,20260908,14700,1.50401,22109.0
515330.SH,20260908,0,,0.0
515350.SH,20260908,0,,0.0
515360.SH,20260908,0,,0.0
515370.SH,20260908,46500,0.78,36270.0
515380.SH,20260908,0,,0.0
515390.SH,20260908,15800,1.35297,21377.0
515400.SH,20260908,177200,0.858002,152038.0
515450.SH,20260908,205500,1.412,290166.0
515460.SH,20260908,200,0.92,184.0
515480.SH,20260908,0,,0.0
515530.SH,20260908,0,,0.0
515550.SH,20260908,0,,0.0
515560.SH,20260908,0,,0.0
515580.SH,20260908,0,,0.0
515590.SH,20260908,200,1.975,395.0
515600.SH,20260908,0,,0.0
515630.SH,20260908,56300,1.284,72289.0
515640.SH,20260908,0,,0.0
515650.SH,20260908,76200,1.089,82982.0
515660.SH,20260908,0,,0.0
515680.SH,20260908,0,,0.0
515700.SH,20260908,700,2.08,1456.0
515710.SH,20260908,4700,0.504043,2369.0
515720.SH,20260908,108300,0.716999,77651.0
515730.SH,20260908,0,,0.0
515750.SH,20260908,0,,0.0
515760.SH,20260908,0,,0.0
515770.SH,20260908,0,,0.0
515790.SH,20260908,529700,0.817,432765.0
515800.SH,20260908,0,,0.0
515810.SH,20260908,0,,0.0
515840.SH,20260908,0,,0.0
515850.SH,20260908,50600,1.363,68968.0
515860.SH,20260908,100,2.13,213.0
515880.SH,20260908,30596000,0.678,20744088.0
515890.SH,20260908,1000,1.479,1479.0
515900.SH,20260908,0,,0.0
515910.SH,20260908,0,,0.0
515920.SH,20260908,0,,0.0
515950.SH,20260908,1100,0.94,1034.0
515960.SH,20260908,0,,0.0
515970.SH,20260908,100,0.85,85.0
515980.SH,20260908,211700,1.031,218263.0
515990.SH,20260908,0,,0.0
516000.SH,20260908,26100,0.942989,24612.0
516010.SH,20260908,731000,1.133,828223.0
516020.SH,20260908,289900,0.846999,245545.0
516050.SH,20260908,0,,0.0
516060.SH,20260908,0,,0.0
516070.SH,20260908,0,,0.0
516080.SH,20260908,223300,0.672002,150058.0
516090.SH,20260908,3700,0.471081,1743.0
516100.SH,20260908,184700,1.064,196521.0
516110.SH,20260908,5400,1.10204,5951.0
516120.SH,20260908,60700,0.87,52809.0
516130.SH,20260908,1700,0.694118,1180.0
516150.SH,20260908,31000,1.688,52328.0
516160.SH,20260908,57400,2.37099,136095.0
516180.SH,20260908,700,0.678571,475.0
516190.SH,20260908,17800,1.045,18601.0
516200.SH,20260908,0,,0.0
516210.SH,20260908,0,,0.0
516220.SH,20260908,9600,0.89,8544.0
516230.SH,20260908,300,0.756667,227.0
516250.SH,20260908,0,,0.0
516260.SH,20260908,0,,0.0
516270.SH,20260908,5300,0.549057,2910.0
516290.SH,20260908,24500,0.508,12446.0
516300.SH,20260908,0,,0.0
516310.SH,20260908,453900,1.383,627744.0
516320.SH,20260908,0,,0.0
516330.SH,20260908,0,,0.0
516350.SH,20260908,111400,1.587,176792.0
516360.SH,20260908,0,,0.0
516370.SH,20260908,0,,0.0
516380.SH,20260908,0,,0.0
516390.SH,20260908,200,0.83,166.0
516440.SH,20260908,0,,0.0
516460.SH,20260908,0,,0.0
516500.SH,20260908,0,,0.0
516510.SH,20260908,50500,1.66901,84285.0
516520.SH,20260908,5900,1.04407,6160.0
516530.SH,20260908,500,1.008,504.0
516550.SH,20260908,26900,0.725019,19503.0
516560.SH,20260908,200,0.765,153.0
516570.SH,20260908,1200,1.02,1224.0
516580.SH,20260908,0,,0.0
516590.SH,20260908,0,,0.0
516600.SH,20260908,0,,0.0
516610.SH,20260908,0,,0.0
516620.SH,20260908,181800,0.898999,163438.0
516630.SH,20260908,40300,1.636,65931.0
516640.SH,20260908,344900,1.396,481480.0
516650.SH,20260908,120000,1.84,220800.0
516660.SH,20260908,0,,0.0
516670.SH,20260908,163800,0.638999,104668.0
516700.SH,20260908,1100,0.890909,980.0
516710.SH,20260908,0,,0.0
516720.SH,20260908,0,,0.0
516730.SH,20260908,0,,0.0
516750.SH,20260908,4000,0.587,2348.0
516760.SH,20260908,13900,0.611007,8493.0
516770.SH,20260908,73000,1.204,87892.0
516780.SH,20260908,44500,0.825011,36713.0
516790.SH,20260908,0,,0.0
516800.SH,20260908,0,,0.0
516810.SH,20260908,61400,0.797003,48936.0
516820.SH,20260908,50800,0.347992,17678.0
516830.SH,20260908,0,,0.0
516840.SH,20260908,0,,0.0
516850.SH,20260908,100,0.87,87.0
516860.SH,20260908,180800,1.097,198338.0
516880.SH,20260908,33900,0.7,23730.0
516890.SH,20260908,0,,0.0
516900.SH,20260908,2500,0.4972,1243.0
516910.SH,20260908,500,1.182,591.0
516920.SH,20260908,95900,1.35501,129945.0
516930.SH,20260908,0,,0.0
516950.SH,20260908,0,,0.0
516960.SH,20260908,0,,0.0
516970.SH,20260908,65300,1.10201,71961.0
516980.SH,20260908,100,1.07,107.0
517000.SH,20260908,0,,0.0
517010.SH,20260908,0,,0.0
517030.SH,20260908,0,,0.0
517050.SH,20260908,30000,0.669,20070.0
517080.SH,20260908,0,,0.0
517090.SH,20260908,0,,0.0
517100.SH,20260908,0,,0.0
517110.SH,20260908,65400,0.779006,50947.0
517120.SH,20260908,51900,0.747996,38821.0
517130.SH,20260908,100,0.94,94.0
517160.SH,20260908,0,,0.0
517170.SH,20260908,0,,0.0
517180.SH,20260908,0,,0.0
517200.SH,20260908,0,,0.0
517230.SH,20260908,0,,0.0
517300.SH,20260908,0,,0.0
517330.SH,20260908,0,,0.0
517350.SH,20260908,0,,0.0
517360.SH,20260908,0,,0.0
517380.SH,20260908,64300,0.85,54655.0
517390.SH,20260908,12800,1.92,24576.0
517400.SH,20260908,463100,1.711,792364.0
517520.SH,20260908,1407865,2.175,3062106.0
517550.SH,20260908,0,,0.0
517660.SH,20260908,0,,0.0
517770.SH,20260908,153300,0.900998,138123.0
517800.SH,20260908,10100,0.98,9898.0
517850.SH,20260908,0,,0.0
517880.SH,20260908,0,,0.0
517900.SH,20260908,74000,1.575,116550.0
517950.SH,20260908,0,,0.0
517990.SH,20260908,0,,0.0
518600.SH,20260908,51100,9.48501,484684.0
518660.SH,20260908,59700,9.12899,545001.0
518680.SH,20260908,48500,9.532,462302.0
518800.SH,20260908,66651,9.55,636517.0
518850.SH,20260908,394500,9.192,3626244.0
518860.SH,20260908,5400,9.11407,49216.0
518880.SH,20260908,3161800,9.102,28778704.0
518890.SH,20260908,2400,9.1,21840.0
520500.SH,20260908,2251500,1.413,3181370.0
520510.SH,20260908,215400,0.93,200322.0
520520.SH,20260908,1100,0.933636,1027.0
520530.SH,20260908,143100,0.801999,114766.0
520550.SH,20260908,95000,1.1,104500.0
520560.SH,20260908,1200,0.810833,973.0
520570.SH,20260908,85300,0.72,61416.0
520580.SH,20260908,3700,0.957027,3541.0
520590.SH,20260908,10100,0.76901,7767.0
520600.SH,20260908,354500,0.989001,350601.0
520610.SH,20260908,200,0.945,189.0
520620.SH,20260908,103900,0.801001,83224.0
520630.SH,20260908,36800,0.651005,23957.0
520650.SH,20260908,42900,0.588998,25268.0
520660.SH,20260908,27300,0.995018,27164.0
520670.SH,20260908,1200,0.760833,913.0
520680.SH,20260908,1300,0.792308,1030.0
520690.SH,20260908,43500,0.743011,32321.0
520700.SH,20260908,295700,1.616,477851.0
520710.SH,20260908,9300,0.922043,8575.0
520720.SH,20260908,1300,0.726923,945.0
520730.SH,20260908,200,0.755,151.0
520740.SH,20260908,1100,0.9,990.0
520750.SH,20260908,62400,0.910994,56846.0
520760.SH,20260908,1000,0.975,975.0
520770.SH,20260908,1100,0.936364,1030.0
520780.SH,20260908,1300,0.799231,1039.0
520790.SH,20260908,15700,0.81,12717.0
520810.SH,20260908,4100,1.03512,4244.0
520820.SH,20260908,1200,0.934167,1121.0
520830.SH,20260908,36800,0.901005,33157.0
520840.SH,20260908,15900,0.75,11925.0
520850.SH,20260908,18700,0.897005,16774.0
520860.SH,20260908,8400,0.772976,6493.0
520870.SH,20260908,757000,1.159,877363.0
520880.SH,20260908,3196200,0.46,1470252.0
520890.SH,20260908,800,1.325,1060.0
520900.SH,20260908,11900,1.00101,11912.0
520910.SH,20260908,0,,0.0
520920.SH,20260908,194300,0.67,130181.0
520930.SH,20260908,6800,0.971029,6603.0
520940.SH,20260908,0,,0.0
520950.SH,20260908,1200,0.843333,1012.0
520960.SH,20260908,1100,0.915455,1007.0
520970.SH,20260908,76100,0.900999,68566.0
520980.SH,20260908,168700,0.855999,144407.0
520990.SH,20260908,178600,0.991002,176993.0
526000.SH,20260908,754800,1.207,911044.0
526010.SH,20260908,1100,1.01818,1120.0
526030.SH,20260908,109900,0.885005,97262.0
526050.SH,20260908,262900,1.09,286561.0
526060.SH,20260908,500,1.006,503.0
526070.SH,20260908,200,1.0,200.0
530000.SH,20260908,0,,0.0
530050.SH,20260908,19000,1.19,22610.0
530060.SH,20260908,163000,0.996,162348.0
530080.SH,20260908,0,,0.0
530100.SH,20260908,0,,0.0
530180.SH,20260908,0,,0.0
530280.SH,20260908,0,,0.0
530300.SH,20260908,0,,0.0
530380.SH,20260908,0,,0.0
530530.SH,20260908,0,,0.0
530580.SH,20260908,0,,0.0
530680.SH,20260908,0,,0.0
530800.SH,20260908,0,,0.0
530880.SH,20260908,200,1.115,223.0
551000.SH,20260908,0,,0.0
551030.SH,20260908,5900,102.041,602042.0
551060.SH,20260908,0,,0.0
551300.SH,20260908,0,,0.0
551500.SH,20260908,100,102.29,10229.0
551510.SH,20260908,0,,0.0
551520.SH,20260908,5800,102.19,592702.0
551550.SH,20260908,5900,101.881,601098.0
551560.SH,20260908,0,,0.0
551580.SH,20260908,0,,0.0
551800.SH,20260908,0,,0.0
551900.SH,20260908,0,,0.0
560010.SH,20260908,48200,3.181,153324.0
560020.SH,20260908,0,,0.0
560030.SH,20260908,0,,0.0
560050.SH,20260908,0,,0.0
560060.SH,20260908,0,,0.0
560070.SH,20260908,0,,0.0
560080.SH,20260908,34500,0.953014,32879.0
560090.SH,20260908,120700,1.174,141702.0
560100.SH,20260908,0,,0.0
560110.SH,20260908,135300,1.153,156001.0
560120.SH,20260908,11100,1.22297,13575.0
560130.SH,20260908,0,,0.0
560150.SH,20260908,0,,0.0
560160.SH,20260908,3700,0.95,3515.0
560170.SH,20260908,15100,1.23603,18664.0
560180.SH,20260908,0,,0.0
560190.SH,20260908,0,,0.0
560210.SH,20260908,36000,0.883,31788.0
560220.SH,20260908,0,,0.0
560230.SH,20260908,0,,0.0
560250.SH,20260908,0,,0.0
560260.SH,20260908,0,,0.0
560270.SH,20260908,100,0.94,94.0
560280.SH,20260908,67500,1.526,103005.0
560290.SH,20260908,22000,0.83,18260.0
560300.SH,20260908,0,,0.0
560310.SH,20260908,0,,0.0
560320.SH,20260908,0,,0.0
560330.SH,20260908,0,,0.0
560350.SH,20260908,0,,0.0
560360.SH,20260908,0,,0.0
560370.SH,20260908,200,0.905,181.0
560380.SH,20260908,0,,0.0
560390.SH,20260908,100100,0.851998,85285.0
560400.SH,20260908,0,,0.0
560410.SH,20260908,0,,0.0
560420.SH,20260908,0,,0.0
560450.SH,20260908,0,,0.0
560460.SH,20260908,0,,0.0
560470.SH,20260908,500,0.9,450.0
560480.SH,20260908,0,,0.0
560490.SH,20260908,0,,0.0
560500.SH,20260908,0,,0.0
560510.SH,20260908,41000,1.177,48257.0
560520.SH,20260908,0,,0.0
560530.SH,20260908,0,,0.0
560550.SH,20260908,0,,0.0
560560.SH,20260908,0,,0.0
560570.SH,20260908,300,1.01,303.0
560580.SH,20260908,3000,1.095,3285.0
560590.SH,20260908,0,,0.0
560610.SH,20260908,40000,1.179,47160.0
560620.SH,20260908,0,,0.0
560630.SH,20260908,100,1.09,109.0
560660.SH,20260908,0,,0.0
560670.SH,20260908,8300,1.08205,8981.0
560680.SH,20260908,14100,0.755035,10646.0
560690.SH,20260908,500,2.184,1092.0
560700.SH,20260908,81700,1.212,99020.0
560710.SH,20260908,200500,0.951002,190676.0
560720.SH,20260908,0,,0.0
560730.SH,20260908,200,1.055,211.0
560750.SH,20260908,0,,0.0
560770.SH,20260908,10000,0.955,9550.0
560780.SH,20260908,3583900,1.005,3601820.0
560790.SH,20260908,23500,0.823021,19341.0
560800.SH,20260908,0,,0.0
560810.SH,20260908,0,,0.0
560820.SH,20260908,0,,0.0
560830.SH,20260908,16800,0.896012,15053.0
560850.SH,20260908,0,,0.0
560860.SH,20260908,386600,1.607,621266.0
560870.SH,20260908,0,,0.0
560880.SH,20260908,100,1.54,154.0
560900.SH,20260908,8800,0.901023,7929.0
560910.SH,20260908,0,,0.0
560920.SH,20260908,0,,0.0
560930.SH,20260908,0,,0.0
560950.SH,20260908,0,,0.0
560970.SH,20260908,0,,0.0
560980.SH,20260908,24800,0.617016,15302.0
560990.SH,20260908,0,,0.0
561000.SH,20260908,0,,0.0
561010.SH,20260908,3300,0.87697,2894.0
561020.SH,20260908,0,,0.0
561030.SH,20260908,0,,0.0
561050.SH,20260908,4100,0.845122,3465.0
561060.SH,20260908,0,,0.0
561080.SH,20260908,0,,0.0
561090.SH,20260908,100,1.22,122.0
561100.SH,20260908,48200,1.60801,77506.0
561120.SH,20260908,0,,0.0
561130.SH,20260908,0,,0.0
561160.SH,20260908,144100,0.696003,100294.0
561170.SH,20260908,14400,1.135,16344.0
561180.SH,20260908,0,,0.0
561190.SH,20260908,0,,0.0
561200.SH,20260908,0,,0.0
561220.SH,20260908,0,,0.0
561230.SH,20260908,0,,0.0
561250.SH,20260908,0,,0.0
561260.SH,20260908,0,,0.0
561280.SH,20260908,0,,0.0
561300.SH,20260908,0,,0.0
561310.SH,20260908,2900,0.705862,2047.0
561320.SH,20260908,0,,0.0
561330.SH,20260908,41300,0.956998,39524.0
561350.SH,20260908,0,,0.0
561360.SH,20260908,17100,1.47298,25188.0
561370.SH,20260908,0,,0.0
561380.SH,20260908,408800,0.72,294336.0
561390.SH,20260908,0,,0.0
561400.SH,20260908,0,,0.0
561410.SH,20260908,0,,0.0
561420.SH,20260908,0,,0.0
561430.SH,20260908,0,,0.0
561450.SH,20260908,0,,0.0
561460.SH,20260908,4100,0.81,3321.0
561470.SH,20260908,300,1.09,327.0
561490.SH,20260908,0,,0.0
561500.SH,20260908,300,0.796667,239.0
561510.SH,20260908,0,,0.0
561530.SH,20260908,300,1.00333,301.0
561550.SH,20260908,33000,1.402,46266.0
561560.SH,20260908,86400,1.256,108518.0
561570.SH,20260908,10500,1.39305,14627.0
561580.SH,20260908,195000,1.258,245310.0
561590.SH,20260908,0,,0.0
561600.SH,20260908,6500,0.732,4758.0
561620.SH,20260908,0,,0.0
561630.SH,20260908,0,,0.0
561660.SH,20260908,0,,0.0
561680.SH,20260908,0,,0.0
561690.SH,20260908,32001,0.99,31681.0
561700.SH,20260908,0,,0.0
561730.SH,20260908,0,,0.0
561750.SH,20260908,0,,0.0
561760.SH,20260908,0,,0.0
561770.SH,20260908,0,,0.0
561780.SH,20260908,0,,0.0
561790.SH,20260908,0,,0.0
561800.SH,20260908,0,,0.0
561810.SH,20260908,0,,0.0
561830.SH,20260908,0,,0.0
561870.SH,20260908,0,,0.0
561880.SH,20260908,0,,0.0
561890.SH,20260908,0,,0.0
561900.SH,20260908,0,,0.0
561910.SH,20260908,153100,0.690999,105792.0
561920.SH,20260908,0,,0.0
561930.SH,20260908,0,,0.0
561950.SH,20260908,0,,0.0
561960.SH,20260908,77100,1.281,98765.0
561980.SH,20260908,799500,0.665001,531668.0
561990.SH,20260908,0,,0.0
562000.SH,20260908,0,,0.0
562010.SH,20260908,0,,0.0
562030.SH,20260908,400,0.5,200.0
562050.SH,20260908,200,0.91,182.0
562060.SH,20260908,7400,0.617973,4573.0
562070.SH,20260908,0,,0.0
562080.SH,20260908,20700,0.628019,13000.0
562180.SH,20260908,0,,0.0
562300.SH,20260908,0,,0.0
562310.SH,20260908,0,,0.0
562320.SH,20260908,500,1.348,674.0
562330.SH,20260908,0,,0.0
562340.SH,20260908,0,,0.0
562350.SH,20260908,9100,1.09,9919.0
562360.SH,20260908,500,1.034,517.0
562380.SH,20260908,800,1.2425,994.0
562390.SH,20260908,0,,0.0
562500.SH,20260908,786100,0.956001,751512.0
562510.SH,20260908,446600,0.59,263494.0
562520.SH,20260908,0,,0.0
562530.SH,20260908,0,,0.0
562550.SH,20260908,58600,1.12601,65984.0
562560.SH,20260908,0,,0.0
562570.SH,20260908,25600,1.35301,34637.0
562580.SH,20260908,0,,0.0
562590.SH,20260908,1003600,0.963,966467.0
562600.SH,20260908,3200,0.781875,2502.0
562660.SH,20260908,30300,1.90399,57691.0
562700.SH,20260908,400,1.21,484.0
562800.SH,20260908,1022100,0.909,929089.0
562810.SH,20260908,0,,0.0
562820.SH,20260908,0,,0.0
562850.SH,20260908,0,,0.0
562860.SH,20260908,8300,0.637952,5295.0
562870.SH,20260908,8400,0.927024,7787.0
562880.SH,20260908,1000,0.713,713.0
562890.SH,20260908,0,,0.0
562900.SH,20260908,45900,0.742004,34058.0
562910.SH,20260908,100,0.81,81.0
562920.SH,20260908,100,0.93,93.0
562930.SH,20260908,37800,0.706005,26687.0
562950.SH,20260908,51100,1.55,79205.0
562960.SH,20260908,2400,1.13083,2714.0
562970.SH,20260908,7000,0.959,6713.0
562990.SH,20260908,0,,0.0
563000.SH,20260908,0,,0.0
563010.SH,20260908,3400,2.17,7378.0
563020.SH,20260908,409800,1.187,486433.0
563030.SH,20260908,10000,1.57,15700.0
563050.SH,20260908,4900,1.32,6468.0
563060.SH,20260908,0,,0.0
563080.SH,20260908,0,,0.0
563090.SH,20260908,0,,0.0
563150.SH,20260908,100,1.36,136.0
563180.SH,20260908,2000,1.162,2324.0
563200.SH,20260908,3200,1.55,4960.0
563210.SH,20260908,2300,2.01522,4635.0
563220.SH,20260908,0,,0.0
563230.SH,20260908,224500,1.081,242685.0
563280.SH,20260908,0,,0.0
563300.SH,20260908,3137800,1.452,4556086.0
563320.SH,20260908,1000,0.845,845.0
563330.SH,20260908,0,,0.0
563350.SH,20260908,0,,0.0
563360.SH,20260908,502900,1.273,640192.0
563380.SH,20260908,900,0.96,864.0
563390.SH,20260908,0,,0.0
563500.SH,20260908,0,,0.0
563510.SH,20260908,400,1.0175,407.0
563520.SH,20260908,0,,0.0
563530.SH,20260908,8900,1.08899,9692.0
563550.SH,20260908,0,,0.0
563560.SH,20260908,39300,1.20099,47199.0
563570.SH,20260908,0,,0.0
563580.SH,20260908,9600,1.13,10848.0
563590.SH,20260908,0,,0.0
563600.SH,20260908,0,,0.0
563620.SH,20260908,0,,0.0
563630.SH,20260908,0,,0.0
563650.SH,20260908,0,,0.0
563660.SH,20260908,0,,0.0
563670.SH,20260908,35500,0.69,24495.0
563680.SH,20260908,0,,0.0
563690.SH,20260908,41000,1.033,42353.0
563700.SH,20260908,0,,0.0
563750.SH,20260908,0,,0.0
563760.SH,20260908,0,,0.0
563770.SH,20260908,0,,0.0
563780.SH,20260908,0,,0.0
563790.SH,20260908,2000,0.816,1632.0
563800.SH,20260908,12700,1.20598,15316.0
563830.SH,20260908,0,,0.0
563850.SH,20260908,0,,0.0
563860.SH,20260908,0,,0.0
563870.SH,20260908,0,,0.0
563880.SH,20260908,0,,0.0
563890.SH,20260908,0,,0.0
563900.SH,20260908,12200,1.17402,14323.0
563930.SH,20260908,0,,0.0
563960.SH,20260908,0,,0.0
563980.SH,20260908,0,,0.0
563990.SH,20260908,0,,0.0
588000.SH,20260908,9458700,1.701,16089249.0
588010.SH,20260908,77200,1.01301,78204.0
588020.SH,20260908,3019600,0.852,2572699.0
588030.SH,20260908,289200,1.748,505522.0
588040.SH,20260908,0,,0.0
588050.SH,20260908,940100,1.655,1555866.0
588060.SH,20260908,1354300,1.025,1388158.0
588070.SH,20260908,133900,2.186,292705.0
588080.SH,20260908,1984500,1.651,3276410.0
588090.SH,20260908,123300,1.655,204062.0
588100.SH,20260908,11800,0.852966,10065.0
588110.SH,20260908,590100,0.628,370583.0
588120.SH,20260908,31000,0.889,27559.0
588130.SH,20260908,1300,0.996923,1296.0
588140.SH,20260908,0,,0.0
588150.SH,20260908,37700,1.14801,43280.0
588160.SH,20260908,173400,1.036,179642.0
588170.SH,20260908,20588300,0.933,19208884.0
588180.SH,20260908,12900,1.06,13674.0
588190.SH,20260908,14100,1.74298,24576.0
588200.SH,20260908,6755000,1.137,7680435.0
588210.SH,20260908,2600,1.76308,4584.0
588220.SH,20260908,247400,1.744,431466.0
588230.SH,20260908,49700,1.766,87770.0
588240.SH,20260908,0,,0.0
588250.SH,20260908,0,,0.0
588260.SH,20260908,0,,0.0
588270.SH,20260908,200,1.66,332.0
588280.SH,20260908,6600,1.16197,7669.0
588290.SH,20260908,208200,1.114,231935.0
588300.SH,20260908,6700,1.10507,7404.0
588310.SH,20260908,0,,0.0
588320.SH,20260908,4700,1.69894,7985.0
588330.SH,20260908,241300,1.081,260845.0
588350.SH,20260908,0,,0.0
588360.SH,20260908,0,,0.0
588370.SH,20260908,0,,0.0
588380.SH,20260908,136900,1.09,149221.0
588390.SH,20260908,0,,0.0
588400.SH,20260908,2400,1.08083,2594.0
588410.SH,20260908,0,,0.0
588420.SH,20260908,0,,0.0
588430.SH,20260908,22700,1.24502,28262.0
588450.SH,20260908,5800,2.125,12325.0
588460.SH,20260908,44200,2.03199,89814.0
588470.SH,20260908,15000,0.837,12555.0
588480.SH,20260908,0,,0.0
588500.SH,20260908,0,,0.0
588510.SH,20260908,0,,0.0
588520.SH,20260908,0,,0.0
588530.SH,20260908,50000,0.923,46150.0
588550.SH,20260908,0,,0.0
588660.SH,20260908,0,,0.0
588670.SH,20260908,0,,0.0
588680.SH,20260908,0,,0.0
588690.SH,20260908,0,,0.0
588700.SH,20260908,0,,0.0
588710.SH,20260908,2670100,0.963,2571306.0
588720.SH,20260908,0,,0.0
588730.SH,20260908,100,1.45,145.0
588750.SH,20260908,136000,2.281,310216.0
588760.SH,20260908,32700,0.735015,24035.0
588770.SH,20260908,1000,1.799,1799.0
588780.SH,20260908,369600,0.955,352968.0
588790.SH,20260908,345518,0.778,268813.0
588800.SH,20260908,81600,1.728,141005.0
588810.SH,20260908,51600,2.43899,125852.0
588820.SH,20260908,100,1.9,190.0
588830.SH,20260908,24100,1.16199,28004.0
588840.SH,20260908,0,,0.0
588850.SH,20260908,32100,1.8,57780.0
588860.SH,20260908,700,0.652857,457.0
588870.SH,20260908,364600,1.637,596850.0
588880.SH,20260908,2300,1.73304,3986.0
588890.SH,20260908,24500,1.28502,31483.0
588900.SH,20260908,0,,0.0
588910.SH,20260908,0,,0.0
588920.SH,20260908,164000,1.093,179252.0
588930.SH,20260908,10000,1.523,15230.0
588940.SH,20260908,173100,0.836002,144712.0
588950.SH,20260908,167700,1.69,283413.0
588960.SH,20260908,0,,0.0
588980.SH,20260908,0,,0.0
588990.SH,20260908,5100,3.56196,18166.0
589000.SH,20260908,65700,1.524,100127.0
589010.SH,20260908,0,,0.0
589020.SH,20260908,1822800,1.137,2072524.0
589030.SH,20260908,69000,1.112,76728.0
589050.SH,20260908,0,,0.0
589060.SH,20260908,5800,1.60397,9303.0
589070.SH,20260908,86700,1.038,89995.0
589080.SH,20260908,100,1.53,153.0
589090.SH,20260908,1200,1.03833,1246.0
589100.SH,20260908,57200,0.883007,50508.0
589110.SH,20260908,3000,0.902,2706.0
589120.SH,20260908,225300,0.817998,184295.0
589130.SH,20260908,399200,1.357,541714.0
589150.SH,20260908,31500,1.17,36855.0
589160.SH,20260908,21000,1.242,26082.0
589170.SH,20260908,24500,1.04902,25701.0
589180.SH,20260908,35500,1.652,58646.0
589190.SH,20260908,122100,0.621998,75946.0
589200.SH,20260908,0,,0.0
589210.SH,20260908,15600,0.655,10218.0
589220.SH,20260908,0,,0.0
589230.SH,20260908,0,,0.0
589250.SH,20260908,12700,1.21102,15380.0
589260.SH,20260908,4100,1.20902,4957.0
589270.SH,20260908,0,,0.0
589280.SH,20260908,0,,0.0
589290.SH,20260908,2200,0.766818,1687.0
589300.SH,20260908,0,,0.0
589310.SH,20260908,0,,0.0
589320.SH,20260908,0,,0.0
589330.SH,20260908,1100,0.860909,947.0
589350.SH,20260908,6800,0.746029,5073.0
589360.SH,20260908,39000,0.836,32604.0
589380.SH,20260908,0,,0.0
589390.SH,20260908,0,,0.0
589400.SH,20260908,55100,0.740998,40829.0
589410.SH,20260908,0,,0.0
589420.SH,20260908,100,0.74,74.0
589430.SH,20260908,0,,0.0
589460.SH,20260908,0,,0.0
589500.SH,20260908,0,,0.0
589520.SH,20260908,334800,0.581001,194519.0
589550.SH,20260908,0,,0.0
589560.SH,20260908,0,,0.0
589580.SH,20260908,0,,0.0
589600.SH,20260908,0,,0.0
589630.SH,20260908,5500,0.755091,4153.0
589660.SH,20260908,0,,0.0
589680.SH,20260908,270800,1.474,399159.0
589700.SH,20260908,1000,2.169,2169.0
589720.SH,20260908,888500,0.883001,784546.0
589770.SH,20260908,0,,0.0
589780.SH,20260908,0,,0.0
589800.SH,20260908,33300,1.53601,51149.0
589820.SH,20260908,0,,0.0
589850.SH,20260908,1512600,1.55,2344530.0
589860.SH,20260908,0,,0.0
589880.SH,20260908,0,,0.0
589890.SH,20260908,0,,0.0
589900.SH,20260908,0,,0.0
589950.SH,20260908,0,,0.0
589960.SH,20260908,200,0.82,164.0
589980.SH,20260908,2000,1.802,3604.0
589990.SH,20260908,0,,0.0
000001.SZ,20260908,236300,11.66,2755258.0
000002.SZ,20260908,566300,3.2,1812160.0
000006.SZ,20260908,55900,7.12,398008.0
000007.SZ,20260908,39700,11.5,456550.0
000008.SZ,20260908,87600,2.5,219000.0
000009.SZ,20260908,34800,7.03,244644.0
000010.SZ,20260908,44000,1.7,74800.0
000011.SZ,20260908,218900,8.74,1913186.0
000012.SZ,20260908,60600,3.75,227250.0
000014.SZ,20260908,10800,10.6,114480.0
000016.SZ,20260908,0,,0.0
000017.SZ,20260908,1418900,9.09,12897801.0
000019.SZ,20260908,167300,7.37,1233001.0
000020.SZ,20260908,20000,12.36,247200.0
000021.SZ,20260908,216200,35.17,7603754.0
000025.SZ,20260908,23500,15.04,353440.0
000026.SZ,20260908,80900,21.21,1715889.0
000027.SZ,20260908,28510,6.28,179042.8
000028.SZ,20260908,4600,20.34,93564.0
000029.SZ,20260908,21900,22.95,502605.0
000030.SZ,20260908,18000,4.06,73080.0
000031.SZ,20260908,124000,2.28,282720.0
000032.SZ,20260908,31488,14.18,446499.84
000034.SZ,20260908,31500,23.61,743715.0
000035.SZ,20260908,54900,4.93,270657.0
000036.SZ,20260908,13800,3.94,54372.0
000037.SZ,20260908,26400,9.28,244992.0
000039.SZ,20260908,78000,9.45,737100.0
000042.SZ,20260908,23300,8.72,203176.0
000045.SZ,20260908,19100,10.85,207235.0
000048.SZ,20260908,30500,22.14,675270.0
000049.SZ,20260908,9400,23.0,216200.0
000050.SZ,20260908,126000,6.59,830340.0
000055.SZ,20260908,43700,3.59,156883.0
000056.SZ,20260908,117400,2.36,277064.0
000058.SZ,20260908,36300,7.23,262449.0
000059.SZ,20260908,160800,5.59,898872.0
000060.SZ,20260908,744900,6.51,4849299.0
000061.SZ,20260908,203800,6.49,1322662.0
000062.SZ,20260908,134200,24.05,3227510.0
000063.SZ,20260908,512700,33.36,17103672.0
000065.SZ,20260908,143975,9.84,1416714.0
000066.SZ,20260908,1283400,14.7,18865980.0
000068.SZ,20260908,9200,3.3,30360.0
000069.SZ,20260908,527100,1.83,964593.0
000070.SZ,20260908,304200,16.07,4888494.0
000078.SZ,20260908,5231600,1.6,8370560.0
000088.SZ,20260908,31900,4.55,145145.0
000089.SZ,20260908,11400,6.63,75582.0
000090.SZ,20260908,75700,3.56,269492.0
000096.SZ,20260908,10800,8.24,88992.0
000099.SZ,20260908,3100,13.79,42749.0
000100.SZ,20260908,733800,4.81,3529578.0
000151.SZ,20260908,4700,10.25,48175.0
000153.SZ,20260908,8900,6.3,56070.0
000155.SZ,20260908,25400,12.02,305308.0
000156.SZ,20260908,69400,7.11,493434.0
000157.SZ,20260908,111200,6.65,739480.0
000158.SZ,20260908,318200,13.84,4403888.0
000159.SZ,20260908,12900,5.7,73530.0
000166.SZ,20260908,172400,4.52,779248.0
000301.SZ,20260908,211900,13.8,2924220.0
000333.SZ,20260908,67900,85.88,5831252.0
000338.SZ,20260908,186700,27.46,5126782.0
000400.SZ,20260908,47900,21.87,1047573.0
000401.SZ,20260908,3800,3.61,13718.0
000402.SZ,20260908,81800,2.57,210226.0
000403.SZ,20260908,1600,10.45,16720.0
000404.SZ,20260908,2800,7.08,19824.0
000407.SZ,20260908,1600,4.22,6752.0
000408.SZ,20260908,233900,75.93,17760027.0
000409.SZ,20260908,7700,9.1,70070.0
000410.SZ,20260908,20900,5.33,111397.0
000411.SZ,20260908,11400,10.19,116166.0
000415.SZ,20260908,67300,4.48,301504.0
000417.SZ,20260908,1070800,6.8,7281440.0
000419.SZ,20260908,15100,5.22,78822.0
000420.SZ,20260908,241100,3.72,896892.0
000421.SZ,20260908,18800,5.79,108852.0
000422.SZ,20260908,34800,12.5,435000.0
000423.SZ,20260908,14200,47.27,671234.0
000425.SZ,20260908,926700,8.45,7830615.0
000426.SZ,20260908,221300,37.96,8400548.0
000428.SZ,20260908,3865500,5.01,19366155.0
000429.SZ,20260908,51500,12.94,666410.0
000430.SZ,20260908,859900,7.98,6862002.0
000488.SZ,20260908,234600,1.94,455124.0
000498.SZ,20260908,8100,4.94,40014.0
000501.SZ,20260908,154100,7.75,1194275.0
000503.SZ,20260908,35000,6.96,243600.0
000504.SZ,20260908,79600,8.49,675804.0
000505.SZ,20260908,843200,7.38,6222816.0
000506.SZ,20260908,538800,20.28,10926864.0
000507.SZ,20260908,26100,5.04,131544.0
000509.SZ,20260908,29100,3.53,102723.0
000510.SZ,20260908,133000,17.41,2315530.0
000513.SZ,20260908,12500,27.16,339500.0
000514.SZ,20260908,69100,4.3,297130.0
000516.SZ,20260908,122100,4.08,498168.0
000517.SZ,20260908,83400,2.15,179310.0
000518.SZ,20260908,372600,3.87,1441962.0
000519.SZ,20260908,388500,15.5,6021750.0
000520.SZ,20260908,957100,4.39,4201669.0
000521.SZ,20260908,25700,4.94,126958.0
000523.SZ,20260908,11217200,3.96,44420112.0
000524.SZ,20260908,41600,10.35,430560.0
000525.SZ,20260908,38300,4.74,181542.0
000526.SZ,20260908,26800,37.71,1010628.0
000528.SZ,20260908,206500,8.08,1668520.0
000529.SZ,20260908,147700,5.21,769517.0
000530.SZ,20260908,45600,5.26,239856.0
000531.SZ,20260908,24000,5.63,135120.0
000532.SZ,20260908,3600,11.38,40968.0
000533.SZ,20260908,271200,11.99,3251688.0
000534.SZ,20260908,29600,23.72,702112.0
000536.SZ,20260908,573800,3.63,2082894.0
000537.SZ,20260908,13000,7.48,97240.0
000538.SZ,20260908,9700,50.5,489850.0
000539.SZ,20260908,147700,5.09,751793.0
000541.SZ,20260908,21600,4.96,107136.0
000543.SZ,20260908,36100,7.34,264974.0
000544.SZ,20260908,300,7.35,2205.0
000545.SZ,20260908,726700,2.3,1671410.0
000546.SZ,20260908,25600,4.63,118528.0
000547.SZ,20260908,214600,14.27,3062342.0
000548.SZ,20260908,9500,4.66,44270.0
000550.SZ,20260908,10000,17.4,174000.0
000551.SZ,20260908,10100,12.24,123624.0
000552.SZ,20260908,322200,2.53,815166.0
000553.SZ,20260908,96400,5.76,555264.0
000554.SZ,20260908,22700,6.54,148458.0
000555.SZ,20260908,29700,10.9,323730.0
000557.SZ,20260908,78100,3.75,292875.0
000558.SZ,20260908,284500,4.0,1138000.0
000559.SZ,20260908,170300,10.98,1869894.0
000560.SZ,20260908,12614100,3.35,42257235.0
000561.SZ,20260908,8100,7.77,62937.0
000563.SZ,20260908,112900,2.99,337571.0
000564.SZ,20260908,3003600,1.65,4955940.0
000565.SZ,20260908,54800,6.41,351268.0
000566.SZ,20260908,139900,4.92,688308.0
000567.SZ,20260908,92900,6.69,621501.0
000568.SZ,20260908,20300,79.35,1610805.0
000570.SZ,20260908,8000,5.23,41840.0
000571.SZ,20260908,16300,5.96,97148.0
000572.SZ,20260908,52500,4.0,210000.0
000573.SZ,20260908,6800,3.82,25976.0
000576.SZ,20260908,121100,8.39,1016029.0
000581.SZ,20260908,5500,18.07,99385.0
000582.SZ,20260908,1368972,11.87,16249697.64
000586.SZ,20260908,21300,13.7,291810.0
000589.SZ,20260908,71100,4.31,306441.0
000590.SZ,20260908,4400,9.34,41096.0
000591.SZ,20260908,136700,4.3,587810.0
000592.SZ,20260908,9072101,8.0,72576808.0
000593.SZ,20260908,33700,21.72,731964.0
000595.SZ,20260908,147500,5.41,797975.0
000596.SZ,20260908,16900,100.0,1690000.0
000597.SZ,20260908,28200,4.8,135360.0
000598.SZ,20260908,21300,7.14,152082.0
000599.SZ,20260908,1400,4.69,6566.0
000600.SZ,20260908,27400,7.39,202486.0
000601.SZ,20260908,77200,6.17,476324.0
000603.SZ,20260908,308700,35.88,11076156.0
000605.SZ,20260908,15200,6.07,92264.0
000607.SZ,20260908,40700,3.88,157916.0
000608.SZ,20260908,141500,7.76,1098040.0
000609.SZ,20260908,11300,9.6,108480.0
000610.SZ,20260908,97100,7.85,762235.0
000612.SZ,20260908,126000,10.85,1367100.0
000615.SZ,20260908,0,,0.0
000617.SZ,20260908,507300,7.11,3606903.0
000619.SZ,20260908,23100,5.1,117810.0
000620.SZ,20260908,828900,3.0,2486700.0
000623.SZ,20260908,20200,18.22,368044.0
000625.SZ,20260908,109300,7.11,777123.0
000626.SZ,20260908,262400,10.01,2626624.0
000628.SZ,20260908,62100,53.74,3337254.0
000629.SZ,20260908,121800,2.99,364182.0
000630.SZ,20260908,3918300,6.48,25390584.0
000631.SZ,20260908,7500,2.95,22125.0
000632.SZ,20260908,144100,4.06,585046.0
000633.SZ,20260908,7000,5.4,37800.0
000635.SZ,20260908,137900,7.28,1003912.0
000636.SZ,20260908,500100,50.46,25235046.0
000637.SZ,20260908,43400,4.29,186186.0
000639.SZ,20260908,452800,1.69,765232.0
000650.SZ,20260908,7000,5.36,37520.0
000651.SZ,20260908,41600,38.9,1618240.0
000652.SZ,20260908,38200,3.5,133700.0
000655.SZ,20260908,5600,7.21,40376.0
000656.SZ,20260908,367700,1.24,455948.0
000657.SZ,20260908,239200,60.01,14354392.0
000659.SZ,20260908,23900,2.98,71222.0
000661.SZ,20260908,8856,73.0,646488.0
000663.SZ,20260908,102000,6.2,632400.0
000665.SZ,20260908,64000,4.19,268160.0
000668.SZ,20260908,2300,21.0,48300.0
000669.SZ,20260908,4500,4.18,18810.0
000670.SZ,20260908,69300,7.01,485793.0
000672.SZ,20260908,77800,14.93,1161554.0
000676.SZ,20260908,88800,7.08,628704.0
000677.SZ,20260908,150600,1.86,280116.0
000678.SZ,20260908,38500,9.4,361900.0
000679.SZ,20260908,55800,6.57,366606.0
000680.SZ,20260908,21300,10.63,226419.0
000681.SZ,20260908,312300,17.68,5521464.0
000682.SZ,20260908,13800,11.19,154422.0
000683.SZ,20260908,405600,6.15,2494440.0
000685.SZ,20260908,25000,11.34,283500.0
000686.SZ,20260908,29000,7.98,231420.0
000688.SZ,20260908,26100,27.73,723753.0
000690.SZ,20260908,160400,4.98,798792.0
000691.SZ,20260908,5500,10.05,55275.0
000692.SZ,20260908,26900,4.23,113787.0
000695.SZ,20260908,9700,14.22,137934.0
000697.SZ,20260908,12400,9.09,112716.0
000698.SZ,20260908,1000,3.66,3660.0
000700.SZ,20260908,226100,11.82,2672502.0
000701.SZ,20260908,181100,5.21,943531.0
000702.SZ,20260908,1576500,6.34,9995010.0
000703.SZ,20260908,311496,17.65,5497904.4
000705.SZ,20260908,63900,7.32,467748.0
000707.SZ,20260908,11300,4.68,52884.0
000708.SZ,20260908,7100,13.44,95424.0
000709.SZ,20260908,89400,2.08,185952.0
000710.SZ,20260908,42200,8.72,367984.0
000711.SZ,20260908,1512100,5.61,8482881.0
000712.SZ,20260908,1554900,12.34,19187466.0
000713.SZ,20260908,170900,6.76,1155284.0
000715.SZ,20260908,14700,5.78,84966.0
000716.SZ,20260908,460200,5.67,2609334.0
000717.SZ,20260908,7900,2.25,17775.0
000718.SZ,20260908,41400,1.99,82386.0
000719.SZ,20260908,12500,12.32,154000.0
000720.SZ,20260908,18700,3.78,70686.0
000721.SZ,20260908,619900,7.43,4605857.0
000722.SZ,20260908,31500,13.16,414540.0
000723.SZ,20260908,217400,3.71,806554.0
000725.SZ,20260908,4060600,5.65,22942390.0
000726.SZ,20260908,1300,5.9,7670.0
000727.SZ,20260908,64300,2.26,145318.0
000728.SZ,20260908,115100,7.71,887421.0
000729.SZ,20260908,24900,11.14,277386.0
000731.SZ,20260908,155600,7.52,1170112.0
000733.SZ,20260908,17600,40.36,710336.0
000735.SZ,20260908,6932680,6.65,46102322.0
000736.SZ,20260908,80500,4.7,378350.0
000737.SZ,20260908,1961800,14.91,29250438.0
000738.SZ,20260908,43200,19.25,831600.0
000739.SZ,20260908,38100,22.45,855345.0
000750.SZ,20260908,108800,3.79,412352.0
000751.SZ,20260908,263098,4.97,1307597.06
000752.SZ,20260908,4000,8.89,35560.0
000753.SZ,20260908,202800,5.09,1032252.0
000755.SZ,20260908,91600,4.85,444260.0
000756.SZ,20260908,4800,13.19,63312.0
000757.SZ,20260908,12900,4.33,55857.0
000758.SZ,20260908,231100,6.13,1416643.0
000759.SZ,20260908,9043300,7.7,69633410.0
000761.SZ,20260908,31600,2.3,72680.0
000762.SZ,20260908,21709,22.25,483025.25
000766.SZ,20260908,17800,16.8,299040.0
000767.SZ,20260908,32400,3.36,108864.0
000768.SZ,20260908,76100,23.31,1773891.0
000776.SZ,20260908,167300,21.9,3663870.0
000777.SZ,20260908,4200,17.14,71988.0
000778.SZ,20260908,265100,3.66,970266.0
000779.SZ,20260908,275100,10.17,2797767.0
000782.SZ,20260908,300,7.58,2274.0
000783.SZ,20260908,405900,9.08,3685572.0
000785.SZ,20260908,147800,2.35,347330.0
000786.SZ,20260908,28400,16.31,463204.0
000788.SZ,20260908,4000,5.52,22080.0
000789.SZ,20260908,22900,4.15,95035.0
000790.SZ,20260908,14600,4.17,60882.0
000791.SZ,20260908,36000,7.22,259920.0
000792.SZ,20260908,122100,26.39,3222219.0
000793.SZ,20260908,196000,2.09,409640.0
000795.SZ,20260908,84200,8.47,713174.0
000796.SZ,20260908,680900,4.45,3030005.0
000797.SZ,20260908,67900,2.6,176540.0
000798.SZ,20260908,3599000,11.96,43044040.0
000799.SZ,20260908,22600,39.68,896768.0
000800.SZ,20260908,89100,6.03,537273.0
000801.SZ,20260908,31400,12.61,395954.0
000802.SZ,20260908,590200,4.19,2472938.0
000803.SZ,20260908,12700,7.41,94107.0
000807.SZ,20260908,179500,26.95,4837525.0
000809.SZ,20260908,16100,3.4,54740.0
000810.SZ,20260908,74700,9.76,729072.0
000811.SZ,20260908,97700,37.88,3700876.0
000812.SZ,20260908,1171800,3.91,4581738.0
000813.SZ,20260908,6496800,3.55,23063640.0
000815.SZ,20260908,116602,16.33,1904110.66
000816.SZ,20260908,3965100,3.34,13243434.0
000818.SZ,20260908,13000,12.25,159250.0
000819.SZ,20260908,2200,12.29,27038.0
000820.SZ,20260908,69000,3.6,248400.0
000821.SZ,20260908,116200,7.46,866852.0
000822.SZ,20260908,606900,4.55,2761395.0
000823.SZ,20260908,4737500,17.23,81627125.0
000825.SZ,20260908,237700,3.47,824819.0
000826.SZ,20260908,110900,1.84,204056.0
000828.SZ,20260908,5600,10.1,56560.0
000829.SZ,20260908,70100,9.06,635106.0
000830.SZ,20260908,77000,12.44,957880.0
000831.SZ,20260908,68700,55.59,3819033.0
000833.SZ,20260908,603189,21.48,12956499.72
000837.SZ,20260908,34200,10.04,343368.0
000838.SZ,20260908,1073500,2.62,2812570.0
000839.SZ,20260908,1612300,2.81,4530563.0
000848.SZ,20260908,49100,8.37,410967.0
000850.SZ,20260908,8400,4.27,35868.0
000852.SZ,20260908,96300,5.64,543132.0
000856.SZ,20260908,13900,8.69,120791.0
000858.SZ,20260908,72200,71.43,5157246.0
000859.SZ,20260908,140300,8.87,1244461.0
000860.SZ,20260908,49800,11.16,555768.0
000862.SZ,20260908,33200,5.27,174964.0
000863.SZ,20260908,14700,4.24,62328.0
000868.SZ,20260908,70700,3.57,252399.0
000869.SZ,20260908,1800,16.37,29466.0
000875.SZ,20260908,18600,4.85,90210.0
000876.SZ,20260908,2415400,7.82,18888428.0
000877.SZ,20260908,43500,3.76,163560.0
000878.SZ,20260908,482700,17.81,8596887.0
000880.SZ,20260908,72800,25.55,1860040.0
000881.SZ,20260908,19600,6.72,131712.0
000882.SZ,20260908,486800,1.58,769144.0
000883.SZ,20260908,355400,4.45,1581530.0
000885.SZ,20260908,3300,12.15,40095.0
000886.SZ,20260908,25700,4.81,123617.0
000887.SZ,20260908,130800,21.44,2804352.0
000888.SZ,20260908,143400,10.57,1515738.0
000889.SZ,20260908,84600,3.97,335862.0
000890.SZ,20260908,137800,8.32,1146496.0
000892.SZ,20260908,4352300,5.7,24808110.0
000893.SZ,20260908,58800,45.54,2677752.0
000895.SZ,20260908,45300,24.0,1087200.0
000897.SZ,20260908,30400,1.88,57152.0
000898.SZ,20260908,92400,2.04,188496.0
000899.SZ,20260908,8600,9.35,80410.0
000900.SZ,20260908,10500,3.67,38535.0
000901.SZ,20260908,13900,14.1,195990.0
000902.SZ,20260908,19400,14.36,278584.0
000903.SZ,20260908,1455200,2.08,3026816.0
000905.SZ,20260908,127600,9.13,1164988.0
000906.SZ,20260908,54000,6.2,334800.0
000908.SZ,20260908,29700,6.36,188892.0
000909.SZ,20260908,4600,4.54,20884.0
000910.SZ,20260908,8100,5.41,43821.0
000911.SZ,20260908,1636200,6.6,10798920.0
000912.SZ,20260908,388600,4.31,1674866.0
000913.SZ,20260908,3400,11.15,37910.0
000915.SZ,20260908,40000,25.82,1032800.0
000917.SZ,20260908,69000,7.25,500250.0
000919.SZ,20260908,18100,6.6,119460.0
000920.SZ,20260908,11500,11.32,130180.0
000921.SZ,20260908,4100,27.8,113980.0
000922.SZ,20260908,31200,12.05,375960.0
000923.SZ,20260908,549900,17.23,9474777.0
000925.SZ,20260908,116400,8.63,1004532.0
000926.SZ,20260908,17200,2.23,38356.0
000927.SZ,20260908,76400,2.48,189472.0
000928.SZ,20260908,52800,5.44,287232.0
000929.SZ,20260908,36700,9.91,363697.0
000930.SZ,20260908,575400,5.33,3066882.0
000931.SZ,20260908,78200,4.58,358156.0
000932.SZ,20260908,126800,3.57,452676.0
000933.SZ,20260908,128900,27.16,3500924.0
000935.SZ,20260908,3500,21.67,75845.0
000936.SZ,20260908,369600,5.65,2088240.0
000937.SZ,20260908,59000,4.72,278480.0
000938.SZ,20260908,630700,35.18,22188026.0
000948.SZ,20260908,176100,14.24,2507664.0
000949.SZ,20260908,248300,7.61,1889563.0
000950.SZ,20260908,86800,5.36,465248.0
000951.SZ,20260908,39700,22.02,874194.0
000952.SZ,20260908,19900,6.7,133330.0
000953.SZ,20260908,5900,6.17,36403.0
000955.SZ,20260908,24100,4.27,102907.0
000957.SZ,20260908,27200,10.22,277984.0
000958.SZ,20260908,37300,5.27,196571.0
000959.SZ,20260908,17300,3.63,62799.0
000960.SZ,20260908,114100,34.22,3904502.0
000962.SZ,20260908,55633,53.71,2988048.43
000963.SZ,20260908,23800,27.19,647122.0
000965.SZ,20260908,274500,3.35,919575.0
000966.SZ,20260908,18200,4.01,72982.0
000967.SZ,20260908,71700,8.06,577902.0
000968.SZ,20260908,41900,7.23,302937.0
000969.SZ,20260908,32000,17.39,556480.0
000970.SZ,20260908,46700,11.75,548725.0
000972.SZ,20260908,84800,3.89,329872.0
000973.SZ,20260908,163100,12.27,2001237.0
000975.SZ,20260908,108800,26.1,2839680.0
000977.SZ,20260908,1265523,74.88,94762362.24
000978.SZ,20260908,7808371,8.0,62466968.0
000980.SZ,20260908,1811400,1.69,3061266.0
000981.SZ,20260908,448400,2.68,1201712.0
000983.SZ,20260908,481900,6.62,3190178.0
000985.SZ,20260908,44300,17.99,796957.0
000987.SZ,20260908,87200,7.53,656616.0
000988.SZ,20260908,278000,102.0,28356000.0
000989.SZ,20260908,16100,8.9,143290.0
000990.SZ,20260908,57100,6.53,372863.0
000993.SZ,20260908,111000,10.46,1161060.0
000995.SZ,20260908,25900,11.53,298627.0
000997.SZ,20260908,65800,20.99,1381142.0
000998.SZ,20260908,608800,9.6,5844480.0
000999.SZ,20260908,6900,24.67,170223.0
001201.SZ,20260908,64400,13.29,855876.0
001202.SZ,20260908,9400,14.22,133668.0
001203.SZ,20260908,230500,25.6,5900800.0
001205.SZ,20260908,900,14.58,13122.0
001206.SZ,20260908,22200,16.91,375402.0
001207.SZ,20260908,5200,17.54,91208.0
001208.SZ,20260908,23300,14.37,334821.0
001209.SZ,20260908,15200,18.55,281960.0
001210.SZ,20260908,329000,28.39,9340310.0
001211.SZ,20260908,11200,24.26,271712.0
001212.SZ,20260908,700,33.45,23415.0
001213.SZ,20260908,8300,3.53,29299.0
001215.SZ,20260908,2700,31.0,83700.0
001216.SZ,20260908,30900,15.08,465972.0
001217.SZ,20260908,2700,10.4,28080.0
001218.SZ,20260908,7100,23.8,168980.0
001219.SZ,20260908,18900,13.3,251370.0
001220.SZ,20260908,310,31.9,9889.0
001221.SZ,20260908,11100,39.01,433011.0
001222.SZ,20260908,419100,17.0,7124700.0
001223.SZ,20260908,6000,41.46,248760.0
001225.SZ,20260908,13700,47.74,654038.0
001226.SZ,20260908,2000,47.17,94340.0
001227.SZ,20260908,170300,2.14,364442.0
001228.SZ,20260908,14300,31.01,443443.0
001229.SZ,20260908,75600,39.99,3023244.0
001230.SZ,20260908,6700,19.76,132392.0
001231.SZ,20260908,3900,22.27,86853.0
001232.SZ,20260908,38008,168.75,6413850.0
001233.SZ,20260908,5600,43.53,243768.0
001234.SZ,20260908,1600,23.33,37328.0
001236.SZ,20260908,11600,8.04,93264.0
001237.SZ,20260908,2300,50.94,117162.0
001238.SZ,20260908,500,25.15,12575.0
001239.SZ,20260908,9200,12.24,112608.0
001248.SZ,20260908,48000,12.07,579360.0
001255.SZ,20260908,2400,27.21,65304.0
001256.SZ,20260908,12300,22.52,276996.0
001257.SZ,20260908,21300,24.38,519294.0
001258.SZ,20260908,616700,12.31,7591577.0
001259.SZ,20260908,3600,46.87,168732.0
001260.SZ,20260908,10600,18.55,196630.0
001266.SZ,20260908,26700,33.53,895251.0
001267.SZ,20260908,331000,38.01,12581310.0
001268.SZ,20260908,26000,25.89,673140.0
001269.SZ,20260908,2300,19.5,44850.0
001270.SZ,20260908,12500,96.83,1210375.0
001277.SZ,20260908,4800,30.75,147600.0
001278.SZ,20260908,68900,16.08,1107912.0
001279.SZ,20260908,4000,26.0,104000.0
001280.SZ,20260908,7600,66.09,502284.0
001282.SZ,20260908,0,,0.0
001283.SZ,20260908,5600,50.12,280672.0
001285.SZ,20260908,3900,44.21,172419.0
001286.SZ,20260908,20400,9.45,192780.0
001287.SZ,20260908,40200,22.5,904500.0
001288.SZ,20260908,32200,30.73,989506.0
001289.SZ,20260908,12400,15.1,187240.0
001296.SZ,20260908,440000,22.19,9763600.0
001298.SZ,20260908,44100,18.05,796005.0
001299.SZ,20260908,585585,10.8,6324318.0
001300.SZ,20260908,23400,12.3,287820.0
001301.SZ,20260908,5100,53.81,274431.0
001306.SZ,20260908,1400,55.76,78064.0
001308.SZ,20260908,7400,17.79,131646.0
001309.SZ,20260908,54008,404.06,21822472.48
001311.SZ,20260908,31700,18.13,574721.0
001312.SZ,20260908,400,17.58,7032.0
001313.SZ,20260908,65900,8.05,530495.0
001314.SZ,20260908,6000,51.45,308700.0
001316.SZ,20260908,54300,29.52,1602936.0
001317.SZ,20260908,16100,53.89,867629.0
001318.SZ,20260908,15600,12.0,187200.0
001319.SZ,20260908,6500,20.27,131755.0
001322.SZ,20260908,17000,6.52,110840.0
001323.SZ,20260908,1000,18.68,18680.0
001324.SZ,20260908,11700,20.01,234117.0
001325.SZ,20260908,2300,40.17,92391.0
001326.SZ,20260908,6000,72.06,432360.0
001328.SZ,20260908,11200,29.99,335888.0
001330.SZ,20260908,6629500,6.45,42760275.0
001331.SZ,20260908,18500,45.4,839900.0
001332.SZ,20260908,820,27.09,22213.8
001333.SZ,20260908,1300,20.19,26247.0
001335.SZ,20260908,1800,32.88,59184.0
001336.SZ,20260908,8100,18.53,150093.0
001337.SZ,20260908,84700,51.8,4387460.0
001338.SZ,20260908,22400,9.41,210784.0
001339.SZ,20260908,7400,76.58,566692.0
001356.SZ,20260908,7600,9.37,71212.0
001358.SZ,20260908,15100,24.23,365873.0
001359.SZ,20260908,2500,83.12,207800.0
001360.SZ,20260908,31100,19.32,600852.0
001365.SZ,20260908,3800,34.2,129960.0
001366.SZ,20260908,989400,17.38,17195772.0
001367.SZ,20260908,2700,20.45,55215.0
001368.SZ,20260908,1000,24.23,24230.0
001369.SZ,20260908,3100,12.49,38719.0
001373.SZ,20260908,10715,29.0,310735.0
001376.SZ,20260908,50100,11.66,584166.0
001378.SZ,20260908,9000,20.15,181350.0
001379.SZ,20260908,4400,16.14,71016.0
001380.SZ,20260908,4100,17.94,73554.0
001382.SZ,20260908,17600,17.01,299376.0
001386.SZ,20260908,15400,16.5,254100.0
001387.SZ,20260908,13400,12.07,161738.0
001388.SZ,20260908,11500,21.22,244030.0
001389.SZ,20260908,44700,168.0,7509600.0
001390.SZ,20260908,2000,17.0,34000.0
001391.SZ,20260908,16700,4.12,68804.0
001393.SZ,20260908,2000,41.3,82600.0
001395.SZ,20260908,13300,30.24,402192.0
001396.SZ,20260908,1400,32.98,46172.0
001399.SZ,20260908,59500,21.61,1285795.0
001400.SZ,20260908,10997,80.02,879979.94
001696.SZ,20260908,176200,16.36,2882632.0
001872.SZ,20260908,600,23.1,13860.0
001896.SZ,20260908,52400,11.55,605220.0
001914.SZ,20260908,18100,9.05,163805.0
001965.SZ,20260908,30200,9.72,293544.0
001979.SZ,20260908,169400,6.89,1167166.0
002001.SZ,20260908,46700,26.48,1236616.0
002003.SZ,20260908,115100,11.68,1344368.0
002004.SZ,20260908,74800,4.44,332112.0
002005.SZ,20260908,29500,2.41,71095.0
002006.SZ,20260908,136400,14.29,1949156.0
002007.SZ,20260908,23300,13.05,304065.0
002008.SZ,20260908,288300,94.12,27134796.0
002009.SZ,20260908,62300,16.34,1017982.0
002010.SZ,20260908,188800,4.7,887360.0
002011.SZ,20260908,2079100,12.3,25572930.0
002012.SZ,20260908,19300,7.25,139925.0
002014.SZ,20260908,8900,11.53,102617.0
002015.SZ,20260908,366000,17.0,6222000.0
002016.SZ,20260908,17400,4.72,82128.0
002017.SZ,20260908,304100,16.49,5014609.0
002019.SZ,20260908,5400,9.7,52380.0
002020.SZ,20260908,301600,11.85,3573960.0
002021.SZ,20260908,33600,2.68,90048.0
002022.SZ,20260908,28000,5.74,160720.0
002023.SZ,20260908,12300,9.75,119925.0
002024.SZ,20260908,376800,1.18,444624.0
002025.SZ,20260908,79600,66.95,5329220.0
002026.SZ,20260908,93300,12.33,1150389.0
002027.SZ,20260908,666600,4.87,3246342.0
002028.SZ,20260908,25500,145.0,3697500.0
002029.SZ,20260908,124500,9.1,1132950.0
002030.SZ,20260908,15800,5.48,86584.0
002031.SZ,20260908,744100,5.4,4018140.0
002032.SZ,20260908,3000,39.93,119790.0
002033.SZ,20260908,118500,9.26,1097310.0
002034.SZ,20260908,5000,14.52,72600.0
002035.SZ,20260908,10500,4.62,48510.0
002036.SZ,20260908,184500,6.85,1263825.0
002037.SZ,20260908,60900,7.13,434217.0
002038.SZ,20260908,34500,5.93,204585.0
002039.SZ,20260908,800,19.24,15392.0
002040.SZ,20260908,21200,8.88,188256.0
002041.SZ,20260908,1105800,11.18,12362844.0
002042.SZ,20260908,34600,3.92,135632.0
002043.SZ,20260908,58700,11.72,687964.0
002044.SZ,20260908,130100,4.64,603664.0
002045.SZ,20260908,73600,9.19,676384.0
002046.SZ,20260908,59000,52.01,3068590.0
002047.SZ,20260908,220000,3.46,761200.0
002048.SZ,20260908,59100,19.24,1137084.0
002049.SZ,20260908,33700,62.03,2090411.0
002050.SZ,20260908,130100,36.3,4722630.0
002051.SZ,20260908,83000,8.52,707160.0
002052.SZ,20260908,5500,8.83,48565.0
002053.SZ,20260908,16300,9.55,155665.0
002054.SZ,20260908,36600,7.22,264252.0
002055.SZ,20260908,46600,6.33,294978.0
002056.SZ,20260908,443500,20.45,9069575.0
002057.SZ,20260908,40100,8.87,355687.0
002058.SZ,20260908,41200,16.34,673208.0
002059.SZ,20260908,2274700,5.88,13375236.0
002060.SZ,20260908,21600,3.17,68472.0
002061.SZ,20260908,16700,3.46,57782.0
002062.SZ,20260908,44300,8.88,393384.0
002063.SZ,20260908,17300,5.51,95323.0
002064.SZ,20260908,100200,10.8,1082160.0
002065.SZ,20260908,10200,6.94,70788.0
002066.SZ,20260908,0,,0.0
002067.SZ,20260908,79300,4.18,331474.0
002068.SZ,20260908,103600,8.3,859880.0
002069.SZ,20260908,92200,3.88,357736.0
002072.SZ,20260908,139200,8.61,1198512.0
002073.SZ,20260908,16000,5.84,93440.0
002074.SZ,20260908,25300,25.98,657294.0
002075.SZ,20260908,36200,3.68,133216.0
002076.SZ,20260908,238000,2.16,514080.0
002077.SZ,20260908,57000,12.39,706230.0
002078.SZ,20260908,4600,14.56,66976.0
002079.SZ,20260908,92300,8.96,827008.0
002080.SZ,20260908,109300,50.16,5482488.0
002081.SZ,20260908,2201000,5.23,11511230.0
002082.SZ,20260908,130300,9.54,1243062.0
002083.SZ,20260908,37400,9.99,373626.0
002084.SZ,20260908,3382190,7.35,24859096.5
002085.SZ,20260908,24800,10.37,257176.0
002086.SZ,20260908,1310100,2.26,2960826.0
002088.SZ,20260908,12400,7.97,98828.0
002090.SZ,20260908,200,9.32,1864.0
002091.SZ,20260908,12900,7.7,99330.0
002092.SZ,20260908,102500,4.82,494050.0
002093.SZ,20260908,7100,7.0,49700.0
002094.SZ,20260908,421200,5.78,2434536.0
002095.SZ,20260908,3600,14.95,53820.0
002096.SZ,20260908,6100,9.54,58194.0
002097.SZ,20260908,69100,7.48,516868.0
002098.SZ,20260908,30300,8.14,246642.0
002099.SZ,20260908,5200,5.45,28340.0
002100.SZ,20260908,195600,8.41,1644996.0
002101.SZ,20260908,6700,8.78,58826.0
002102.SZ,20260908,82500,2.5,206250.0
002103.SZ,20260908,34700,6.9,239430.0
002104.SZ,20260908,1408200,13.24,18644568.0
002105.SZ,20260908,16100,6.28,101108.0
002106.SZ,20260908,56500,10.83,611895.0
002107.SZ,20260908,174900,6.8,1189320.0
002108.SZ,20260908,35000,4.33,151550.0
002109.SZ,20260908,13400,2.82,37788.0
002110.SZ,20260908,98000,2.98,292040.0
002111.SZ,20260908,24200,9.95,240790.0
002112.SZ,20260908,28300,15.2,430160.0
002114.SZ,20260908,19800,7.69,152262.0
002115.SZ,20260908,186700,10.74,2005158.0
002116.SZ,20260908,61500,7.39,454485.0
002117.SZ,20260908,10000,8.17,81700.0
002119.SZ,20260908,146500,22.85,3347525.0
002120.SZ,20260908,19500,6.87,133965.0
002121.SZ,20260908,26300,4.91,129133.0
002122.SZ,20260908,3000,2.82,8460.0
002123.SZ,20260908,21800,8.14,177452.0
002124.SZ,20260908,12104400,2.58,31229352.0
002125.SZ,20260908,11900,12.28,146132.0
002126.SZ,20260908,47500,42.0,1995000.0
002127.SZ,20260908,192400,3.0,577200.0
002128.SZ,20260908,12000,28.2,338400.0
002129.SZ,20260908,72500,9.18,665550.0
002130.SZ,20260908,87500,17.2,1505000.0
002131.SZ,20260908,1042800,4.75,4953300.0
002132.SZ,20260908,139600,4.18,583528.0
002133.SZ,20260908,319800,2.9,927420.0
002134.SZ,20260908,27600,22.28,614928.0
002135.SZ,20260908,19200,6.22,119424.0
002136.SZ,20260908,3600,12.75,45900.0
002137.SZ,20260908,64100,7.75,496775.0
002138.SZ,20260908,502700,49.55,24908785.0
002139.SZ,20260908,6700,9.34,62578.0
002140.SZ,20260908,3500,9.2,32200.0
002141.SZ,20260908,646400,6.59,4259776.0
002142.SZ,20260908,85500,34.12,2917260.0
002144.SZ,20260908,2900,11.19,32451.0
002145.SZ,20260908,22000,4.27,93940.0
002146.SZ,20260908,182200,1.2,218640.0
002148.SZ,20260908,53200,6.41,341012.0
002149.SZ,20260908,20200,33.9,684780.0
002150.SZ,20260908,4600,21.11,97106.0
002151.SZ,20260908,11900,28.39,337841.0
002152.SZ,20260908,34300,9.63,330309.0
002153.SZ,20260908,41100,7.95,326745.0
002154.SZ,20260908,39200,4.05,158760.0
002155.SZ,20260908,696500,26.31,18324915.0
002156.SZ,20260908,261500,59.15,15467725.0
002157.SZ,20260908,1145500,3.23,3699965.0
002158.SZ,20260908,52900,27.65,1462685.0
002159.SZ,20260908,41800,14.21,593978.0
002160.SZ,20260908,163000,4.08,665040.0
002161.SZ,20260908,47700,7.05,336285.0
002162.SZ,20260908,700,4.07,2849.0
002163.SZ,20260908,141900,8.87,1258653.0
002164.SZ,20260908,15100,10.88,164288.0
002165.SZ,20260908,324300,8.03,2604129.0
002166.SZ,20260908,52700,6.89,363103.0
002167.SZ,20260908,111100,15.5,1722050.0
002168.SZ,20260908,20800,3.77,78416.0
002169.SZ,20260908,62700,12.56,787512.0
002170.SZ,20260908,92900,11.73,1089717.0
002171.SZ,20260908,450200,10.28,4628056.0
002172.SZ,20260908,2431400,4.63,11257382.0
002173.SZ,20260908,46700,18.3,854610.0
002174.SZ,20260908,72100,12.2,879620.0
002175.SZ,20260908,151600,2.57,389612.0
002176.SZ,20260908,142341,8.91,1268258.31
002177.SZ,20260908,210200,5.99,1259098.0
002178.SZ,20260908,17300,4.69,81137.0
002179.SZ,20260908,21100,34.14,720354.0
002180.SZ,20260908,11400,16.68,190152.0
002181.SZ,20260908,899200,9.82,8830144.0
002182.SZ,20260908,122200,12.24,1495728.0
002183.SZ,20260908,36600,4.36,159576.0
002184.SZ,20260908,25200,10.01,252252.0
002185.SZ,20260908,1017300,16.08,16358184.0
002186.SZ,20260908,83400,10.15,846510.0
002187.SZ,20260908,106300,5.92,629296.0
002188.SZ,20260908,19100,5.65,107915.0
002189.SZ,20260908,3200,19.39,62048.0
002190.SZ,20260908,35000,26.09,913150.0
002191.SZ,20260908,21100,3.62,76382.0
002192.SZ,20260908,78000,65.6,5116800.0
002193.SZ,20260908,4900,5.07,24843.0
002194.SZ,20260908,1252600,10.59,13265034.0
002195.SZ,20260908,233400,6.31,1472754.0
002196.SZ,20260908,102500,10.85,1112125.0
002197.SZ,20260908,35100,7.05,247455.0
002198.SZ,20260908,62500,3.86,241250.0
002199.SZ,20260908,23300,12.35,287755.0
002200.SZ,20260908,46800,7.06,330408.0
002201.SZ,20260908,193600,9.05,1752080.0
002202.SZ,20260908,131400,17.66,2320524.0
002203.SZ,20260908,19000,19.29,366510.0
002204.SZ,20260908,50300,5.18,260554.0
002205.SZ,20260908,40600,11.03,447818.0
002206.SZ,20260908,5800,5.23,30334.0
002207.SZ,20260908,8300,5.89,48887.0
002208.SZ,20260908,57700,10.21,589117.0
002209.SZ,20260908,37800,13.41,506898.0
002210.SZ,20260908,31900,2.28,72732.0
002211.SZ,20260908,12100,3.91,47311.0
002212.SZ,20260908,237500,6.6,1567500.0
002213.SZ,20260908,22800,28.16,642048.0
002214.SZ,20260908,35000,16.73,585550.0
002215.SZ,20260908,233200,10.59,2469588.0
002216.SZ,20260908,27200,12.03,327216.0
002217.SZ,20260908,313700,1.46,458002.0
002218.SZ,20260908,13000,3.99,51870.0
002219.SZ,20260908,158603,2.15,340996.45
002221.SZ,20260908,81300,5.87,477231.0
002222.SZ,20260908,61297,68.31,4187198.07
002223.SZ,20260908,10000,25.56,255600.0
002224.SZ,20260908,2028100,3.95,8010995.0
002225.SZ,20260908,1004500,3.67,3686515.0
002226.SZ,20260908,2800,5.12,14336.0
002227.SZ,20260908,1800,6.77,12186.0
002228.SZ,20260908,348500,3.22,1122170.0
002229.SZ,20260908,621700,12.44,7733948.0
002230.SZ,20260908,68500,39.36,2696160.0
002232.SZ,20260908,1900,14.54,27626.0
002233.SZ,20260908,26600,7.1,188860.0
002234.SZ,20260908,42100,8.51,358271.0
002235.SZ,20260908,143700,8.72,1253064.0
002236.SZ,20260908,46800,16.28,761904.0
002237.SZ,20260908,149800,14.66,2196068.0
002238.SZ,20260908,8800,6.68,58784.0
002239.SZ,20260908,143700,2.55,366435.0
002240.SZ,20260908,81692,29.45,2405829.4
002241.SZ,20260908,128500,23.6,3032600.0
002242.SZ,20260908,49900,8.61,429639.0
002243.SZ,20260908,23800,7.45,177310.0
002244.SZ,20260908,60500,8.55,517275.0
002245.SZ,20260908,205980,18.23,3755015.4
002246.SZ,20260908,17700,21.53,381081.0
002247.SZ,20260908,111400,2.49,277386.0
002248.SZ,20260908,255400,10.1,2579540.0
002249.SZ,20260908,245700,6.72,1651104.0
002250.SZ,20260908,20900,14.87,310783.0
002251.SZ,20260908,1720400,3.94,6778376.0
002252.SZ,20260908,46600,4.94,230204.0
002253.SZ,20260908,22900,10.35,237015.0
002254.SZ,20260908,25600,12.66,324096.0
002255.SZ,20260908,18400,7.86,144624.0
002256.SZ,20260908,25800,3.36,86688.0
002258.SZ,20260908,69000,14.94,1030860.0
002259.SZ,20260908,72200,4.31,311182.0
002261.SZ,20260908,89700,25.87,2320539.0
002262.SZ,20260908,23200,22.09,512488.0
002263.SZ,20260908,23800,3.16,75208.0
002264.SZ,20260908,93700,7.05,660585.0
002265.SZ,20260908,220500,20.99,4628295.0
002266.SZ,20260908,218300,4.77,1041291.0
002267.SZ,20260908,23400,7.33,171522.0
002268.SZ,20260908,13200,13.98,184536.0
002269.SZ,20260908,67900,1.49,101171.0
002270.SZ,20260908,25000,19.62,490500.0
002271.SZ,20260908,78700,10.84,853108.0
002272.SZ,20260908,174100,17.31,3013671.0
002273.SZ,20260908,51100,25.69,1312759.0
002274.SZ,20260908,361600,6.06,2191296.0
002275.SZ,20260908,2700,12.32,33264.0
002276.SZ,20260908,20700,10.27,212589.0
002277.SZ,20260908,47400,6.07,287718.0
002278.SZ,20260908,26400,8.25,217800.0
002279.SZ,20260908,135800,7.09,962822.0
002281.SZ,20260908,544598,189.29,103086955.42
002282.SZ,20260908,4100,6.17,25297.0
002283.SZ,20260908,20800,8.25,171600.0
002284.SZ,20260908,132100,10.16,1342136.0
002285.SZ,20260908,430400,2.38,1024352.0
002286.SZ,20260908,498200,8.95,4458890.0
002287.SZ,20260908,3000,19.93,59790.0
002289.SZ,20260908,14000,36.6,512400.0
002290.SZ,20260908,128700,68.37,8799219.0
002291.SZ,20260908,322000,5.86,1886920.0
002292.SZ,20260908,272300,8.65,2355395.0
002293.SZ,20260908,96100,11.21,1077281.0
002294.SZ,20260908,18100,31.32,566892.0
002295.SZ,20260908,981999,10.22,10036029.78
002296.SZ,20260908,9000,9.09,81810.0
002297.SZ,20260908,690225,20.8,14356680.0
002298.SZ,20260908,66100,8.4,555240.0
002299.SZ,20260908,57300,17.25,988425.0
002300.SZ,20260908,1264500,8.05,10179225.0
002301.SZ,20260908,10300,7.99,82297.0
002302.SZ,20260908,5900,4.77,28143.0
002303.SZ,20260908,112800,5.2,586560.0
002304.SZ,20260908,18500,39.41,729085.0
002305.SZ,20260908,171200,2.09,357808.0
002306.SZ,20260908,343500,2.37,814095.0
002307.SZ,20260908,264600,3.12,825552.0
002309.SZ,20260908,130400,3.0,391200.0
002310.SZ,20260908,111400,2.3,256220.0
002311.SZ,20260908,13200,44.15,582780.0
002312.SZ,20260908,58500,8.56,500760.0
002313.SZ,20260908,48900,8.59,420051.0
002314.SZ,20260908,27700,2.24,62048.0
002315.SZ,20260908,28700,26.02,746774.0
002316.SZ,20260908,93200,4.54,423128.0
002317.SZ,20260908,98800,25.35,2504580.0
002318.SZ,20260908,26300,19.19,504697.0
002319.SZ,20260908,5900,10.69,63071.0
002320.SZ,20260908,478600,7.08,3388488.0
002321.SZ,20260908,308100,2.22,683982.0
002322.SZ,20260908,22500,12.77,287325.0
002323.SZ,20260908,243900,1.27,309753.0
002324.SZ,20260908,495900,9.35,4636665.0
002326.SZ,20260908,18300,17.79,325557.0
002327.SZ,20260908,7300,6.36,46428.0
002328.SZ,20260908,1220800,9.5,11597600.0
002329.SZ,20260908,171400,4.06,695884.0
002330.SZ,20260908,60100,4.36,262036.0
002331.SZ,20260908,13700,7.19,98503.0
002332.SZ,20260908,31300,8.67,271371.0
002333.SZ,20260908,13100,5.56,72836.0
002334.SZ,20260908,17500,6.69,117075.0
002335.SZ,20260908,79500,30.91,2457345.0
002337.SZ,20260908,19400,4.75,92150.0
002338.SZ,20260908,10000,41.01,410100.0
002339.SZ,20260908,11300,7.56,85428.0
002340.SZ,20260908,89700,6.41,574977.0
002342.SZ,20260908,62200,7.73,480806.0
002343.SZ,20260908,538000,5.88,3163440.0
002344.SZ,20260908,19200,4.11,78912.0
002345.SZ,20260908,64200,9.35,600270.0
002346.SZ,20260908,8000,18.85,150800.0
002347.SZ,20260908,42300,6.29,266067.0
002348.SZ,20260908,38900,10.74,417786.0
002349.SZ,20260908,640300,7.65,4898295.0
002350.SZ,20260908,31300,14.55,455415.0
002351.SZ,20260908,13800,10.11,139518.0
002352.SZ,20260908,47600,31.76,1511776.0
002353.SZ,20260908,53500,126.0,6741000.0
002354.SZ,20260908,3400900,8.43,28669587.0
002355.SZ,20260908,35000,4.89,171150.0
002356.SZ,20260908,77200,2.87,221564.0
002357.SZ,20260908,19100,11.49,219459.0
002358.SZ,20260908,3800,5.35,20330.0
002360.SZ,20260908,10300,5.58,57474.0
002361.SZ,20260908,6760733,9.95,67269293.35
002362.SZ,20260908,5700,16.09,91713.0
002363.SZ,20260908,22500,6.9,155250.0
002364.SZ,20260908,282900,38.24,10818096.0
002365.SZ,20260908,167900,14.65,2459735.0
002366.SZ,20260908,647700,5.9,3821430.0
002367.SZ,20260908,20900,5.78,120802.0
002368.SZ,20260908,25700,13.96,358772.0
002369.SZ,20260908,25800,6.18,159444.0
002370.SZ,20260908,30500,5.39,164395.0
002371.SZ,20260908,29600,660.6,19553760.0
002372.SZ,20260908,10500,8.53,89565.0
002373.SZ,20260908,5100,7.64,38964.0
002374.SZ,20260908,12800,3.15,40320.0
002375.SZ,20260908,66900,3.87,258903.0
002376.SZ,20260908,50000,6.67,333500.0
002377.SZ,20260908,15000,2.75,41250.0
002378.SZ,20260908,39600,24.05,952380.0
002379.SZ,20260908,124500,18.71,2329395.0
002380.SZ,20260908,4800,28.17,135216.0
002381.SZ,20260908,30600,5.59,171054.0
002382.SZ,20260908,24001,5.91,141845.91
002383.SZ,20260908,48700,7.08,344796.0
002384.SZ,20260908,354600,189.5,67196700.0
002385.SZ,20260908,876000,3.49,3057240.0
002386.SZ,20260908,17200,5.86,100792.0
002387.SZ,20260908,29300,7.06,206858.0
002388.SZ,20260908,101000,6.4,646400.0
002389.SZ,20260908,146700,19.0,2787300.0
002390.SZ,20260908,22200,3.01,66822.0
002391.SZ,20260908,10500,5.4,56700.0
002392.SZ,20260908,31000,7.8,241800.0
002393.SZ,20260908,3400,13.96,47464.0
002394.SZ,20260908,4300,10.71,46053.0
002395.SZ,20260908,22600,13.24,299224.0
002396.SZ,20260908,1071970,38.7,41485239.0
002397.SZ,20260908,59400,3.89,231066.0
002398.SZ,20260908,24600,4.27,105042.0
002399.SZ,20260908,1900,9.84,18696.0
002400.SZ,20260908,182400,6.79,1238496.0
002401.SZ,20260908,800,12.4,9920.0
002402.SZ,20260908,24000,18.85,452400.0
002403.SZ,20260908,6401500,13.65,87380475.0
002404.SZ,20260908,387200,5.97,2311584.0
002405.SZ,20260908,52200,6.26,326772.0
002406.SZ,20260908,31600,6.73,212668.0
002407.SZ,20260908,255700,33.31,8517367.0
002408.SZ,20260908,431300,5.42,2337646.0
002409.SZ,20260908,243000,133.3,32391900.0
002410.SZ,20260908,26000,8.84,229840.0
002412.SZ,20260908,341200,9.6,3275520.0
002413.SZ,20260908,51800,8.06,417508.0
002414.SZ,20260908,171800,12.5,2147500.0
002415.SZ,20260908,52600,34.78,1829428.0
002416.SZ,20260908,28200,9.69,273258.0
002418.SZ,20260908,2320200,5.38,12482676.0
002419.SZ,20260908,33400,4.86,162324.0
002420.SZ,20260908,2400,6.18,14832.0
002421.SZ,20260908,224100,3.36,752976.0
002422.SZ,20260908,11500,41.55,477825.0
002423.SZ,20260908,35800,9.73,348334.0
002424.SZ,20260908,9600,4.65,44640.0
002425.SZ,20260908,186800,3.44,642592.0
002426.SZ,20260908,104300,2.7,281610.0
002427.SZ,20260908,55300,4.95,273735.0
002428.SZ,20260908,352800,92.82,32746896.0
002429.SZ,20260908,79600,7.94,632024.0
002430.SZ,20260908,39700,26.86,1066342.0
002431.SZ,20260908,126200,1.39,175418.0
002432.SZ,20260908,142900,69.39,9915831.0
002434.SZ,20260908,24000,5.81,139440.0
002436.SZ,20260908,5671968,39.0,221206752.0
002437.SZ,20260908,2054956,3.88,7973229.28
002438.SZ,20260908,38000,14.08,535040.0
002439.SZ,20260908,29300,13.43,393499.0
002440.SZ,20260908,263300,12.58,3312314.0
002441.SZ,20260908,23900,8.33,199087.0
002442.SZ,20260908,18400,5.23,96232.0
002443.SZ,20260908,434500,11.43,4966335.0
002444.SZ,20260908,16500,29.3,483450.0
002445.SZ,20260908,382300,3.2,1223360.0
002446.SZ,20260908,185100,8.17,1512267.0
002448.SZ,20260908,15900,11.96,190164.0
002449.SZ,20260908,21900,6.6,144540.0
002451.SZ,20260908,182400,7.77,1417248.0
002452.SZ,20260908,55700,12.22,680654.0
002453.SZ,20260908,2400,4.55,10920.0
002454.SZ,20260908,14000,5.07,70980.0
002455.SZ,20260908,16400,7.72,126608.0
002456.SZ,20260908,119700,7.52,900144.0
002457.SZ,20260908,748200,12.5,9352500.0
002458.SZ,20260908,282052,9.21,2597698.92
002459.SZ,20260908,75000,6.84,513000.0
002460.SZ,20260908,100900,49.15,4959235.0
002461.SZ,20260908,15200,8.72,132544.0
002462.SZ,20260908,4500,12.41,55845.0
002463.SZ,20260908,1352600,126.0,170427600.0
002465.SZ,20260908,248700,9.99,2484513.0
002466.SZ,20260908,138400,45.5,6297200.0
002467.SZ,20260908,33900,4.78,162042.0
002468.SZ,20260908,34800,14.33,498684.0
002469.SZ,20260908,41200,6.43,264916.0
002470.SZ,20260908,9028200,2.34,21125988.0
002471.SZ,20260908,141600,5.72,809952.0
002472.SZ,20260908,135300,37.72,5103516.0
002474.SZ,20260908,22500,6.51,146475.0
002475.SZ,20260908,307105,55.9,17167169.5
002476.SZ,20260908,43700,5.28,230736.0
002478.SZ,20260908,345100,6.93,2391543.0
002479.SZ,20260908,28100,6.0,168600.0
002480.SZ,20260908,34400,5.45,187480.0
002481.SZ,20260908,222300,4.49,998127.0
002482.SZ,20260908,480300,1.35,648405.0
002483.SZ,20260908,1900300,6.18,11743854.0
002484.SZ,20260908,1189900,64.12,76296388.0
002485.SZ,20260908,5000,5.86,29300.0
002486.SZ,20260908,17200,3.0,51600.0
002487.SZ,20260908,26400,33.24,877536.0
002488.SZ,20260908,32500,8.1,263250.0
002489.SZ,20260908,71900,2.8,201320.0
002490.SZ,20260908,438200,7.73,3387286.0
002491.SZ,20260908,465600,21.12,9833472.0
002492.SZ,20260908,6100,6.08,37088.0
002493.SZ,20260908,47700,14.07,671139.0
002494.SZ,20260908,41700,4.83,201411.0
002495.SZ,20260908,176700,2.47,436449.0
002496.SZ,20260908,89600,2.22,198912.0
002497.SZ,20260908,50700,17.78,901446.0
002498.SZ,20260908,153600,6.44,989184.0
002500.SZ,20260908,30100,5.34,160734.0
002501.SZ,20260908,125100,1.27,158877.0
002506.SZ,20260908,445500,2.58,1149390.0
002507.SZ,20260908,31400,11.39,357646.0
002508.SZ,20260908,16500,15.94,263010.0
002510.SZ,20260908,36600,5.69,208254.0
002511.SZ,20260908,7600,7.24,55024.0
002512.SZ,20260908,290900,4.32,1256688.0
002513.SZ,20260908,43400,5.49,238266.0
002514.SZ,20260908,600500,2.45,1471225.0
002515.SZ,20260908,2017500,8.16,16462800.0
002516.SZ,20260908,3275000,6.18,20239500.0
002517.SZ,20260908,288600,17.63,5088018.0
002518.SZ,20260908,138400,36.54,5057136.0
002519.SZ,20260908,45000,5.65,254250.0
002520.SZ,20260908,93200,6.45,601140.0
002521.SZ,20260908,5100,6.62,33762.0
002522.SZ,20260908,5000,5.23,26150.0
002523.SZ,20260908,140000,3.58,501200.0
002524.SZ,20260908,67400,4.07,274318.0
002526.SZ,20260908,32400,2.72,88128.0
002527.SZ,20260908,45900,11.43,524637.0
002528.SZ,20260908,909200,7.71,7009932.0
002529.SZ,20260908,49200,6.97,342924.0
002530.SZ,20260908,38300,7.48,286484.0
002531.SZ,20260908,79900,6.28,501772.0
002532.SZ,20260908,236300,13.05,3083715.0
002533.SZ,20260908,69200,11.22,776424.0
002534.SZ,20260908,35000,16.9,591500.0
002535.SZ,20260908,125100,2.6,325260.0
002536.SZ,20260908,420800,57.0,23985600.0
002537.SZ,20260908,349400,6.33,2211702.0
002538.SZ,20260908,0,,0.0
002539.SZ,20260908,7300,13.06,95338.0
002540.SZ,20260908,38000,5.23,198740.0
002541.SZ,20260908,10800,20.35,219780.0
002542.SZ,20260908,285900,1.7,486030.0
002543.SZ,20260908,15100,7.33,110683.0
002544.SZ,20260908,14700,15.85,232995.0
002545.SZ,20260908,82600,17.45,1441370.0
002546.SZ,20260908,80100,7.75,620775.0
002547.SZ,20260908,155900,2.64,411576.0
002548.SZ,20260908,459500,4.59,2109105.0
002549.SZ,20260908,76400,13.97,1067308.0
002550.SZ,20260908,21300,6.54,139302.0
002551.SZ,20260908,8000,3.35,26800.0
002552.SZ,20260908,89100,47.92,4269672.0
002553.SZ,20260908,239900,18.58,4457342.0
002554.SZ,20260908,21100,2.89,60979.0
002555.SZ,20260908,131600,18.81,2475396.0
002556.SZ,20260908,41800,5.42,226556.0
002557.SZ,20260908,11200,19.23,215376.0
002558.SZ,20260908,241400,27.32,6595048.0
002559.SZ,20260908,64900,8.99,583451.0
002560.SZ,20260908,39600,6.22,246312.0
002561.SZ,20260908,226154,7.66,1732339.64
002562.SZ,20260908,56400,4.97,280308.0
002563.SZ,20260908,67200,5.78,388416.0
002564.SZ,20260908,3793800,5.56,21093528.0
002565.SZ,20260908,191400,8.63,1651782.0
002566.SZ,20260908,16000,7.05,112800.0
002567.SZ,20260908,485400,4.11,1994994.0
002568.SZ,20260908,60900,18.3,1114470.0
002569.SZ,20260908,16300,11.0,179300.0
002570.SZ,20260908,38500,4.68,180180.0
002571.SZ,20260908,20600,11.87,244522.0
002572.SZ,20260908,4900,7.94,38906.0
002573.SZ,20260908,27500,3.23,88825.0
002574.SZ,20260908,122000,5.19,633180.0
002575.SZ,20260908,118700,5.54,657598.0
002576.SZ,20260908,1600,14.63,23408.0
002577.SZ,20260908,7100,19.24,136604.0
002578.SZ,20260908,69700,4.26,296922.0
002579.SZ,20260908,7551200,16.9,127615280.0
002580.SZ,20260908,374800,22.1,8283080.0
002581.SZ,20260908,26800,5.8,155440.0
002582.SZ,20260908,73900,10.55,779645.0
002583.SZ,20260908,28000,8.49,237720.0
002584.SZ,20260908,25200,8.07,203364.0
002585.SZ,20260908,47600,9.06,431256.0
002586.SZ,20260908,30100,4.0,120400.0
002587.SZ,20260908,26300,5.55,145965.0
002588.SZ,20260908,75600,8.12,613872.0
002589.SZ,20260908,159400,3.26,519644.0
002590.SZ,20260908,600,10.0,6000.0
002591.SZ,20260908,11500,6.53,75095.0
002592.SZ,20260908,9900,6.73,66627.0
002593.SZ,20260908,4700,4.57,21479.0
002594.SZ,20260908,105000,86.39,9070950.0
002595.SZ,20260908,13800,41.3,569940.0
002596.SZ,20260908,116000,3.44,399040.0
002597.SZ,20260908,16000,21.41,342560.0
002598.SZ,20260908,400,7.05,2820.0
002599.SZ,20260908,3400,5.82,19788.0
002600.SZ,20260908,277000,12.6,3490200.0
002601.SZ,20260908,43100,15.66,674946.0
002602.SZ,20260908,933000,16.15,15067950.0
002603.SZ,20260908,12700,15.76,200152.0
002605.SZ,20260908,4100,17.59,72119.0
002606.SZ,20260908,101800,12.98,1321364.0
002607.SZ,20260908,333600,2.06,687216.0
002608.SZ,20260908,39500,7.35,290325.0
002609.SZ,20260908,12500,7.86,98250.0
002611.SZ,20260908,29000,14.8,429200.0
002612.SZ,20260908,28000,16.68,467040.0
002613.SZ,20260908,4300,3.45,14835.0
002614.SZ,20260908,13000,5.78,75140.0
002615.SZ,20260908,2100,6.49,13629.0
002616.SZ,20260908,28400,4.89,138876.0
002617.SZ,20260908,84900,6.14,521286.0
002620.SZ,20260908,11000,6.12,67320.0
002622.SZ,20260908,69100,2.66,183806.0
002623.SZ,20260908,5400,16.02,86508.0
002624.SZ,20260908,460700,11.55,5321085.0
002625.SZ,20260908,37000,28.0,1036000.0
002626.SZ,20260908,800,16.89,13512.0
002627.SZ,20260908,34000,7.34,249560.0
002628.SZ,20260908,51200,5.29,270848.0
002629.SZ,20260908,74900,4.88,365512.0
002630.SZ,20260908,41800,1.69,70642.0
002631.SZ,20260908,329100,11.28,3712248.0
002632.SZ,20260908,420100,9.41,3953141.0
002633.SZ,20260908,4100,14.74,60434.0
002634.SZ,20260908,36500,4.29,156585.0
002635.SZ,20260908,75600,15.25,1152900.0
002636.SZ,20260908,415500,68.27,28366185.0
002637.SZ,20260908,407500,13.45,5480875.0
002638.SZ,20260908,305000,4.26,1299300.0
002639.SZ,20260908,714600,14.1,10075860.0
002640.SZ,20260908,421800,3.48,1467864.0
002641.SZ,20260908,11100,3.93,43623.0
002642.SZ,20260908,7100,7.18,50978.0
002643.SZ,20260908,15300,12.73,194769.0
002644.SZ,20260908,14300,8.56,122408.0
002645.SZ,20260908,24100,18.03,434523.0
002646.SZ,20260908,14700,7.21,105987.0
002647.SZ,20260908,18300,11.47,209901.0
002648.SZ,20260908,79300,27.05,2145065.0
002649.SZ,20260908,38600,9.81,378666.0
002650.SZ,20260908,13400,6.15,82410.0
002651.SZ,20260908,75700,8.54,646478.0
002652.SZ,20260908,216900,4.43,960867.0
002653.SZ,20260908,7600,68.0,516800.0
002654.SZ,20260908,228700,13.87,3172069.0
002655.SZ,20260908,66000,38.9,2567400.0
002656.SZ,20260908,21000,2.93,61530.0
002657.SZ,20260908,30800,16.22,499576.0
002658.SZ,20260908,69900,7.67,536133.0
002659.SZ,20260908,114900,4.67,536583.0
002660.SZ,20260908,352800,7.97,2811816.0
002661.SZ,20260908,41500,8.17,339055.0
002662.SZ,20260908,6900,3.28,22632.0
002663.SZ,20260908,46900,1.75,82075.0
002664.SZ,20260908,27700,15.64,433228.0
002666.SZ,20260908,69000,4.28,295320.0
002667.SZ,20260908,103510,18.02,1865250.2
002668.SZ,20260908,26600,9.11,242326.0
002669.SZ,20260908,222200,12.31,2735282.0
002670.SZ,20260908,270500,12.5,3381250.0
002671.SZ,20260908,63400,4.03,255502.0
002672.SZ,20260908,34100,3.73,127193.0
002673.SZ,20260908,41600,6.91,287456.0
002674.SZ,20260908,9406700,20.5,192837350.0
002675.SZ,20260908,6500,12.66,82290.0
002676.SZ,20260908,8500,5.22,44370.0
002677.SZ,20260908,4300,6.59,28337.0
002678.SZ,20260908,104700,4.8,502560.0
002679.SZ,20260908,342600,11.1,3802860.0
002681.SZ,20260908,23800,4.88,116144.0
002682.SZ,20260908,92800,5.3,491840.0
002683.SZ,20260908,36500,30.12,1099380.0
002685.SZ,20260908,30700,5.44,167008.0
002686.SZ,20260908,7400,6.54,48396.0
002687.SZ,20260908,210600,6.17,1299402.0
002688.SZ,20260908,59900,5.36,321064.0
002689.SZ,20260908,15600,2.98,46488.0
002690.SZ,20260908,10900,15.87,172983.0
002691.SZ,20260908,3800,4.61,17518.0
002692.SZ,20260908,15200,4.32,65664.0
002693.SZ,20260908,145400,8.88,1291152.0
002694.SZ,20260908,13900,2.59,36001.0
002695.SZ,20260908,300,10.49,3147.0
002696.SZ,20260908,363000,7.05,2559150.0
002697.SZ,20260908,211400,4.88,1031632.0
002698.SZ,20260908,21419,11.98,256599.62
002700.SZ,20260908,3700,6.52,24124.0
002701.SZ,20260908,7400,4.53,33522.0
002702.SZ,20260908,11140490,6.79,75643927.1
002703.SZ,20260908,552900,16.69,9227901.0
002705.SZ,20260908,3100,11.35,35185.0
002706.SZ,20260908,141200,9.51,1342812.0
002707.SZ,20260908,179900,5.68,1021832.0
002708.SZ,20260908,1434500,17.0,24386500.0
002709.SZ,20260908,98200,34.0,3338800.0
002712.SZ,20260908,93000,5.23,486390.0
002713.SZ,20260908,386796,9.92,3837016.32
002714.SZ,20260908,128000,43.79,5605120.0
002715.SZ,20260908,7600,14.05,106780.0
002716.SZ,20260908,1368100,10.86,14857566.0
002717.SZ,20260908,828700,0.98,812126.0
002718.SZ,20260908,1000,87.45,87450.0
002719.SZ,20260908,28600,7.0,200200.0
002721.SZ,20260908,1296400,2.99,3876236.0
002722.SZ,20260908,17000,13.2,224400.0
002723.SZ,20260908,2600,7.86,20436.0
002724.SZ,20260908,61600,6.86,422576.0
002725.SZ,20260908,6500,11.43,74295.0
002726.SZ,20260908,291400,2.82,821748.0
002727.SZ,20260908,14800,11.26,166648.0
002728.SZ,20260908,60780,9.06,550666.8
002729.SZ,20260908,4100,14.03,57523.0
002730.SZ,20260908,58300,24.26,1414358.0
002731.SZ,20260908,0,,0.0
002732.SZ,20260908,7000,14.48,101360.0
002733.SZ,20260908,36500,18.62,679630.0
002734.SZ,20260908,318600,17.21,5483106.0
002735.SZ,20260908,5000,11.94,59700.0
002736.SZ,20260908,31500,10.15,319725.0
002737.SZ,20260908,15700,11.76,184632.0
002738.SZ,20260908,101000,48.44,4892440.0
002739.SZ,20260908,362800,8.65,3138220.0
002741.SZ,20260908,24800,23.56,584288.0
002742.SZ,20260908,2715200,4.65,12625680.0
002743.SZ,20260908,14889310,4.6,68490826.0
002745.SZ,20260908,157700,11.21,1767817.0
002746.SZ,20260908,97500,6.83,665925.0
002747.SZ,20260908,117400,30.64,3597136.0
002748.SZ,20260908,18700,12.29,229823.0
002749.SZ,20260908,7400,8.73,64602.0
002752.SZ,20260908,79900,6.23,497777.0
002753.SZ,20260908,23900,6.79,162281.0
002755.SZ,20260908,42800,11.93,510604.0
002756.SZ,20260908,22500,42.9,965250.0
002757.SZ,20260908,88800,17.65,1567320.0
002758.SZ,20260908,67900,8.93,606347.0
002759.SZ,20260908,35400,15.98,565692.0
002760.SZ,20260908,11700,18.05,211185.0
002761.SZ,20260908,99000,7.45,737550.0
002762.SZ,20260908,15700,9.32,146324.0
002763.SZ,20260908,24000,7.52,180480.0
002765.SZ,20260908,20800,7.24,150592.0
002766.SZ,20260908,202900,4.27,866383.0
002767.SZ,20260908,16200,18.39,297918.0
002768.SZ,20260908,20700,61.68,1276776.0
002769.SZ,20260908,140700,7.77,1093239.0
002771.SZ,20260908,35100,14.87,521937.0
002772.SZ,20260908,105100,12.07,1268557.0
002773.SZ,20260908,4300,20.15,86645.0
002774.SZ,20260908,5600,15.6,87360.0
002775.SZ,20260908,110800,3.56,394448.0
002777.SZ,20260908,6900,12.83,88527.0
002778.SZ,20260908,19800,16.92,335016.0
002779.SZ,20260908,4200,81.26,341292.0
002780.SZ,20260908,66500,13.99,930335.0
002782.SZ,20260908,25500,15.8,402900.0
002783.SZ,20260908,4200,8.07,33894.0
002785.SZ,20260908,5900,36.43,214937.0
002786.SZ,20260908,6400,7.96,50944.0
002787.SZ,20260908,71500,23.56,1684540.0
002788.SZ,20260908,250300,11.56,2893468.0
002789.SZ,20260908,73800,12.7,937260.0
002790.SZ,20260908,29300,6.36,186348.0
002791.SZ,20260908,7800,15.24,118872.0
002792.SZ,20260908,185804,30.07,5587126.28
002793.SZ,20260908,29000,4.75,137750.0
002795.SZ,20260908,59300,7.14,423402.0
002796.SZ,20260908,68500,30.29,2074865.0
002797.SZ,20260908,67600,6.47,437372.0
002798.SZ,20260908,49500,6.9,341550.0
002799.SZ,20260908,3200,6.97,22304.0
002800.SZ,20260908,6300,15.09,95067.0
002801.SZ,20260908,200,27.95,5590.0
002802.SZ,20260908,4600,12.47,57362.0
002803.SZ,20260908,20500,20.07,411435.0
002805.SZ,20260908,54500,17.19,936855.0
002806.SZ,20260908,7700,14.73,113421.0
002807.SZ,20260908,128000,4.17,533760.0
002809.SZ,20260908,7800,8.72,68016.0
002810.SZ,20260908,14600,22.1,322660.0
002811.SZ,20260908,100400,14.38,1443752.0
002812.SZ,20260908,13500,48.27,651645.0
002813.SZ,20260908,4800,21.88,105024.0
002815.SZ,20260908,3251235,17.11,55628630.85
002816.SZ,20260908,100,22.9,2290.0
002817.SZ,20260908,21600,6.76,146016.0
002818.SZ,20260908,6600,11.06,72996.0
002819.SZ,20260908,12200,21.59,263398.0
002820.SZ,20260908,89000,10.63,946070.0
002821.SZ,20260908,36500,165.8,6051700.0
002822.SZ,20260908,100,3.1,310.0
002823.SZ,20260908,1400,13.18,18452.0
002824.SZ,20260908,51483,26.73,1376140.59
002825.SZ,20260908,3700,10.0,37000.0
002826.SZ,20260908,6700,17.93,120131.0
002827.SZ,20260908,2169900,63.95,138765105.0
002828.SZ,20260908,23400,12.16,284544.0
002829.SZ,20260908,6300,20.8,131040.0
002830.SZ,20260908,5100,15.24,77724.0
002831.SZ,20260908,24400,27.77,677588.0
002832.SZ,20260908,31000,26.14,810340.0
002833.SZ,20260908,23100,19.08,440748.0
002835.SZ,20260908,6600,12.92,85272.0
002836.SZ,20260908,39800,10.27,408746.0
002837.SZ,20260908,272900,64.5,17602050.0
002838.SZ,20260908,41300,25.58,1056454.0
002839.SZ,20260908,63500,4.31,273685.0
002840.SZ,20260908,97100,9.13,886523.0
002841.SZ,20260908,25000,47.95,1198750.0
002842.SZ,20260908,70600,34.66,2446996.0
002843.SZ,20260908,17500,16.67,291725.0
002845.SZ,20260908,31500,13.5,425250.0
002846.SZ,20260908,9000,11.02,99180.0
002847.SZ,20260908,37300,46.41,1731093.0
002848.SZ,20260908,41700,13.59,566703.0
002849.SZ,20260908,19800,17.33,343134.0
002850.SZ,20260908,11000,178.9,1967900.0
002851.SZ,20260908,399000,135.0,53865000.0
002852.SZ,20260908,1860000,10.0,18600000.0
002853.SZ,20260908,1700,21.87,37179.0
002855.SZ,20260908,892500,19.15,17091375.0
002856.SZ,20260908,190200,22.35,4250970.0
002857.SZ,20260908,12100,18.72,226512.0
002858.SZ,20260908,51100,12.12,619332.0
002859.SZ,20260908,36900,62.6,2309940.0
002860.SZ,20260908,9300,17.79,165447.0
002861.SZ,20260908,10100,15.86,160186.0
002862.SZ,20260908,304900,15.97,4869253.0
002863.SZ,20260908,11900,4.83,57477.0
002864.SZ,20260908,0,,0.0
002865.SZ,20260908,11500,38.45,442175.0
002866.SZ,20260908,4900,14.48,70952.0
002867.SZ,20260908,40800,10.71,436968.0
002868.SZ,20260908,167900,25.69,4313351.0
002869.SZ,20260908,9900,16.18,160182.0
002870.SZ,20260908,0,,0.0
002871.SZ,20260908,6000,19.59,117540.0
002872.SZ,20260908,40100,5.94,238194.0
002873.SZ,20260908,36400,8.54,310856.0
002875.SZ,20260908,14700,13.61,200067.0
002876.SZ,20260908,4000,29.95,119800.0
002877.SZ,20260908,28000,7.53,210840.0
002878.SZ,20260908,9900,13.14,130086.0
002879.SZ,20260908,43100,16.64,717184.0
002880.SZ,20260908,27900,22.85,637515.0
002881.SZ,20260908,1420700,46.12,65522684.0
002882.SZ,20260908,74100,24.05,1782105.0
002883.SZ,20260908,8000,9.4,75200.0
002884.SZ,20260908,4700,15.99,75153.0
002885.SZ,20260908,251500,30.03,7552545.0
002886.SZ,20260908,766800,26.5,20320200.0
002887.SZ,20260908,18600,9.49,176514.0
002888.SZ,20260908,23300,20.73,483009.0
002889.SZ,20260908,0,,0.0
002890.SZ,20260908,18200,15.1,274820.0
002891.SZ,20260908,65900,29.68,1955912.0
002892.SZ,20260908,13300,9.18,122094.0
002893.SZ,20260908,45100,10.54,475354.0
002895.SZ,20260908,7900,33.05,261095.0
002896.SZ,20260908,16400,63.58,1042712.0
002897.SZ,20260908,80900,61.37,4964833.0
002899.SZ,20260908,22200,19.81,439782.0
002900.SZ,20260908,18900,12.34,233226.0
002901.SZ,20260908,300,40.83,12249.0
002902.SZ,20260908,183200,27.17,4977544.0
002903.SZ,20260908,51000,28.1,1433100.0
002905.SZ,20260908,70200,8.65,607230.0
002906.SZ,20260908,23800,28.67,682346.0
002907.SZ,20260908,22800,14.15,322620.0
002908.SZ,20260908,7500,7.34,55050.0
002909.SZ,20260908,4868400,7.8,37973520.0
002910.SZ,20260908,63700,10.48,667576.0
002911.SZ,20260908,26200,11.39,298418.0
002912.SZ,20260908,9500,19.9,189050.0
002913.SZ,20260908,52800,65.66,3466848.0
002915.SZ,20260908,28900,18.1,523090.0
002916.SZ,20260908,82880,375.37,31110665.6
002917.SZ,20260908,1800,10.56,19008.0
002918.SZ,20260908,32900,10.92,359268.0
002919.SZ,20260908,3800,18.13,68894.0
002920.SZ,20260908,21700,88.9,1929130.0
002921.SZ,20260908,16500,21.85,360525.0
002922.SZ,20260908,190500,25.61,4878705.0
002923.SZ,20260908,20100,11.15,224115.0
002925.SZ,20260908,8200,23.14,189748.0
002926.SZ,20260908,30000,8.47,254100.0
002927.SZ,20260908,22800,17.66,402648.0
002928.SZ,20260908,18000,6.4,115200.0
002929.SZ,20260908,22200,51.8,1149960.0
002930.SZ,20260908,28000,9.49,265720.0
002931.SZ,20260908,23200,45.02,1044464.0
002932.SZ,20260908,24300,15.31,372033.0
002933.SZ,20260908,2100,27.52,57792.0
002935.SZ,20260908,3100,15.7,48670.0
002936.SZ,20260908,117758,1.77,208431.66
002937.SZ,20260908,10500,29.15,306075.0
002938.SZ,20260908,69100,89.77,6203107.0
002939.SZ,20260908,46200,8.09,373758.0
002940.SZ,20260908,199200,25.62,5103504.0
002941.SZ,20260908,4800,11.0,52800.0
002942.SZ,20260908,137700,18.46,2541942.0
002943.SZ,20260908,14800,30.98,458504.0
002945.SZ,20260908,192400,14.79,2845596.0
002946.SZ,20260908,14300,15.61,223223.0
002947.SZ,20260908,19500,66.86,1303770.0
002948.SZ,20260908,72900,6.21,452709.0
002949.SZ,20260908,333400,14.0,4667600.0
002950.SZ,20260908,4300,8.85,38055.0
002951.SZ,20260908,30600,16.57,507042.0
002952.SZ,20260908,126000,21.48,2706480.0
002953.SZ,20260908,38600,10.58,408388.0
002955.SZ,20260908,24600,38.6,949560.0
002956.SZ,20260908,3500,16.7,58450.0
002957.SZ,20260908,258400,41.5,10723600.0
002958.SZ,20260908,64200,2.97,190674.0
002959.SZ,20260908,2500,32.74,81850.0
002960.SZ,20260908,15300,8.76,134028.0
002961.SZ,20260908,10100,19.95,201495.0
002962.SZ,20260908,13200,12.9,170280.0
002963.SZ,20260908,345500,22.15,7652825.0
002965.SZ,20260908,14900,30.63,456387.0
002966.SZ,20260908,58100,8.98,521738.0
002967.SZ,20260908,3800,17.52,66576.0
002968.SZ,20260908,18900,9.66,182574.0
002969.SZ,20260908,329200,12.54,4128168.0
002970.SZ,20260908,48400,51.0,2468400.0
002971.SZ,20260908,712300,42.0,29916600.0
002972.SZ,20260908,233600,14.23,3324128.0
002973.SZ,20260908,6500,12.5,81250.0
002975.SZ,20260908,156400,106.01,16579964.0
002976.SZ,20260908,11010,25.37,279323.7
002977.SZ,20260908,0,,0.0
002978.SZ,20260908,5900,26.11,154049.0
002979.SZ,20260908,55700,54.18,3017826.0
002980.SZ,20260908,256800,124.88,32069184.0
002981.SZ,20260908,3800,24.18,91884.0
002982.SZ,20260908,48600,13.54,658044.0
002983.SZ,20260908,600,21.31,12786.0
002984.SZ,20260908,6200,13.56,84072.0
002985.SZ,20260908,29800,29.18,869564.0
002986.SZ,20260908,34900,13.17,459633.0
002987.SZ,20260908,47900,11.79,564741.0
002988.SZ,20260908,167400,29.27,4899798.0
002989.SZ,20260908,53600,23.45,1256920.0
002990.SZ,20260908,48800,49.01,2391688.0
002991.SZ,20260908,5400,39.75,214650.0
002992.SZ,20260908,18800,33.97,638636.0
002993.SZ,20260908,8400,38.17,320628.0
002995.SZ,20260908,35800,18.42,659436.0
002996.SZ,20260908,15200,6.18,93936.0
002997.SZ,20260908,2700,28.44,76788.0
002998.SZ,20260908,0,,0.0
002999.SZ,20260908,284100,6.67,1894947.0
003000.SZ,20260908,97500,9.85,960375.0
003001.SZ,20260908,12100,16.18,195778.0
003002.SZ,20260908,117200,17.42,2041624.0
003003.SZ,20260908,23800,11.27,268226.0
003004.SZ,20260908,2500,78.02,195050.0
003005.SZ,20260908,1306000,19.58,25571480.0
003006.SZ,20260908,79900,15.45,1234455.0
003007.SZ,20260908,3000,39.39,118170.0
003008.SZ,20260908,5400,19.74,106596.0
003009.SZ,20260908,9000,47.4,426600.0
003010.SZ,20260908,17500,30.78,538650.0
003011.SZ,20260908,10200,20.32,207264.0
003012.SZ,20260908,7600,4.69,35644.0
003013.SZ,20260908,12400,16.46,204104.0
003015.SZ,20260908,25100,12.0,301200.0
003016.SZ,20260908,5900,7.39,43601.0
003017.SZ,20260908,300,22.75,6825.0
003018.SZ,20260908,232900,54.46,12683734.0
003019.SZ,20260908,5000,27.0,135000.0
003020.SZ,20260908,6300,17.72,111636.0
003021.SZ,20260908,4100,72.32,296512.0
003022.SZ,20260908,9200,19.33,177836.0
003023.SZ,20260908,3600,26.05,93780.0
003025.SZ,20260908,10000,12.12,121200.0
003026.SZ,20260908,14600,28.0,408800.0
003027.SZ,20260908,2500,17.03,42575.0
003028.SZ,20260908,1800,23.16,41688.0
003029.SZ,20260908,3900,17.25,67275.0
003030.SZ,20260908,59400,26.4,1568160.0
003031.SZ,20260908,27800,120.18,3341004.0
003032.SZ,20260908,431900,9.53,4116007.0
003033.SZ,20260908,10300,69.5,715850.0
003035.SZ,20260908,43200,5.6,241920.0
003036.SZ,20260908,27500,53.0,1457500.0
003037.SZ,20260908,125000,5.8,725000.0
003038.SZ,20260908,8400,11.03,92652.0
003039.SZ,20260908,131900,12.66,1669854.0
003040.SZ,20260908,1901259,22.96,43652906.64
003041.SZ,20260908,1200,38.59,46308.0
003042.SZ,20260908,31900,14.86,474034.0
003043.SZ,20260908,11800,68.76,811368.0
003816.SZ,20260908,329600,4.29,1413984.0
123071.SZ,20260908,40,114.77,4590.8
123072.SZ,20260908,270,119.773,32338.71
123076.SZ,20260908,240,123.245,29578.8
123080.SZ,20260908,280,125.33,35092.4
123088.SZ,20260908,110,115.578,12713.58
123090.SZ,20260908,30,111.512,3345.36
123091.SZ,20260908,560,125.8,70448.0
123092.SZ,20260908,530,117.956,62516.68
123104.SZ,20260908,130,126.802,16484.26
123107.SZ,20260908,120,115.6,13872.0
123109.SZ,20260908,430,124.4,53492.0
123112.SZ,20260908,72090,160.48,11569003.2
123113.SZ,20260908,210,114.759,24099.39
123114.SZ,20260908,100,127.3,12730.0
123117.SZ,20260908,139,110.0,15290.0
123118.SZ,20260908,1090,687.868,749776.12
123119.SZ,20260908,20,122.699,2453.98
123122.SZ,20260908,30,125.5,3765.0
123124.SZ,20260908,370,136.1,50357.0
123131.SZ,20260908,2000,275.419,550838.0
123133.SZ,20260908,360,129.93,46774.8
123138.SZ,20260908,9910,129.061,1278994.51
123142.SZ,20260908,120,125.229,15027.48
123144.SZ,20260908,250,128.45,32112.5
123149.SZ,20260908,240,129.111,30986.64
123150.SZ,20260908,290,132.18,38332.2
123151.SZ,20260908,60,119.948,7196.88
123154.SZ,20260908,200,124.477,24895.4
123155.SZ,20260908,140,133.43,18680.2
123157.SZ,20260908,1200,140.0,168000.0
123158.SZ,20260908,720,240.14,172900.8
123160.SZ,20260908,410,151.88,62270.8
123165.SZ,20260908,130,134.84,17529.2
123168.SZ,20260908,110,127.201,13992.11
123171.SZ,20260908,220,128.34,28234.8
123172.SZ,20260908,60,129.111,7746.66
123173.SZ,20260908,100,137.8,13780.0
123175.SZ,20260908,390,118.85,46351.5
123176.SZ,20260908,1770,417.655,739249.35
123178.SZ,20260908,220,142.47,31343.4
123179.SZ,20260908,150,122.0,18300.0
123180.SZ,20260908,90,128.769,11589.21
123183.SZ,20260908,420,128.478,53960.76
123187.SZ,20260908,1720,194.378,334330.16
123189.SZ,20260908,750,141.56,106170.0
123192.SZ,20260908,430,123.88,53268.4
123193.SZ,20260908,10,126.65,1266.5
123194.SZ,20260908,620,133.666,82872.92
123195.SZ,20260908,320,171.264,54804.48
123196.SZ,20260908,40,126.488,5059.52
123199.SZ,20260908,140,139.38,19513.2
123207.SZ,20260908,480,214.568,102992.64
123209.SZ,20260908,120,163.248,19589.76
123211.SZ,20260908,100,153.683,15368.3
123213.SZ,20260908,2240,293.551,657554.24
123214.SZ,20260908,60,129.5,7770.0
123215.SZ,20260908,100,122.259,12225.9
123216.SZ,20260908,30,123.158,3694.74
123220.SZ,20260908,150,128.995,19349.25
123222.SZ,20260908,1350,148.976,201117.6
123223.SZ,20260908,30,132.18,3965.4
123224.SZ,20260908,4640,139.418,646899.52
123225.SZ,20260908,470,136.897,64341.59
123229.SZ,20260908,140,130.919,18328.66
123235.SZ,20260908,6420,158.069,1014802.98
123237.SZ,20260908,120,134.6,16152.0
123241.SZ,20260908,2220,920.351,2043179.22
123243.SZ,20260908,6190,221.691,1372267.29
123245.SZ,20260908,1850,325.049,601340.65
123247.SZ,20260908,1560,206.388,321965.28
123250.SZ,20260908,990,123.877,122638.23
123252.SZ,20260908,150,134.55,20182.5
123253.SZ,20260908,1700,133.7,227290.0
123255.SZ,20260908,1760,343.5,604560.0
123257.SZ,20260908,870,150.0,130500.0
123258.SZ,20260908,6510,248.0,1614480.0
123259.SZ,20260908,160,147.78,23644.8
123260.SZ,20260908,220,145.457,32000.54
123261.SZ,20260908,5520,161.804,893158.08
123262.SZ,20260908,150,129.666,19449.9
123263.SZ,20260908,590,153.91,90806.9
123264.SZ,20260908,1670,122.433,204463.11
123265.SZ,20260908,100,134.167,13416.7
123266.SZ,20260908,30,138.23,4146.9
123267.SZ,20260908,2690,219.673,590920.37
123268.SZ,20260908,2520,192.446,484963.92
123269.SZ,20260908,160,147.868,23658.88
123270.SZ,20260908,1150,231.008,265659.2
123271.SZ,20260908,140,161.664,22632.96
123272.SZ,20260908,190,151.034,28696.46
123273.SZ,20260908,1990,326.0,648740.0
123274.SZ,20260908,600,141.48,84888.0
123275.SZ,20260908,160,138.68,22188.8
123276.SZ,20260908,1240,164.2,203608.0
123277.SZ,20260908,220,143.3,31526.0
123278.SZ,20260908,12540,178.81,2242277.4
123279.SZ,20260908,2270,169.001,383632.27
123280.SZ,20260908,410,152.25,62422.5
123281.SZ,20260908,1090,157.03,171162.7
123282.SZ,20260908,4784,152.0,727168.0
123284.SZ,20260908,48765,200.12,9758851.8
127025.SZ,20260908,60,105.777,6346.62
127027.SZ,20260908,40,111.099,4443.96
127030.SZ,20260908,700,118.598,83018.6
127031.SZ,20260908,20,118.909,2378.18
127033.SZ,20260908,0,,0.0
127034.SZ,20260908,20,118.987,2379.74
127037.SZ,20260908,340,542.623,184491.82
127038.SZ,20260908,100,117.908,11790.8
127040.SZ,20260908,230,121.441,27931.43
127044.SZ,20260908,220,115.37,25381.4
127045.SZ,20260908,540,122.533,66167.82
127046.SZ,20260908,310,127.322,39469.82
127047.SZ,20260908,260,139.95,36387.0
127049.SZ,20260908,1370,111.85,153234.5
127050.SZ,20260908,210,126.18,26497.8
127053.SZ,20260908,9860,218.89,2158255.4
127054.SZ,20260908,50,124.049,6202.45
127055.SZ,20260908,1080,183.004,197644.32
127056.SZ,20260908,310,124.836,38699.16
127059.SZ,20260908,170,129.601,22032.17
127060.SZ,20260908,540,130.242,70330.68
127061.SZ,20260908,1180,112.101,132279.18
127062.SZ,20260908,570,124.342,70874.94
127064.SZ,20260908,720,141.135,101617.2
127067.SZ,20260908,0,,0.0
127068.SZ,20260908,150,122.0,18300.0
127069.SZ,20260908,150,126.864,19029.6
127070.SZ,20260908,1200,291.0,349200.0
127072.SZ,20260908,170,135.581,23048.77
127078.SZ,20260908,0,,0.0
127080.SZ,20260908,1130,286.4,323632.0
127082.SZ,20260908,240,134.598,32303.52
127083.SZ,20260908,70,118.771,8313.97
127084.SZ,20260908,340,142.6,48484.0
127085.SZ,20260908,20,120.198,2403.96
127088.SZ,20260908,100,174.3,17430.0
127089.SZ,20260908,40,121.0,4840.0
127092.SZ,20260908,1170,322.605,377447.85
127093.SZ,20260908,260,128.879,33508.54
127095.SZ,20260908,250,148.05,37012.5
127096.SZ,20260908,3790,516.0,1955640.0
127098.SZ,20260908,20,123.647,2472.94
127099.SZ,20260908,50,134.102,6705.1
127102.SZ,20260908,610,120.932,73768.52
127103.SZ,20260908,330,137.489,45371.37
127104.SZ,20260908,140,144.654,20251.56
127105.SZ,20260908,30,131.995,3959.85
127108.SZ,20260908,50,123.301,6165.05
127109.SZ,20260908,720,148.94,107236.8
127110.SZ,20260908,70,137.25,9607.5
127111.SZ,20260908,10,139.101,1391.01
127112.SZ,20260908,140,152.998,21419.72
127113.SZ,20260908,120,163.685,19642.2
127114.SZ,20260908,1180,138.669,163629.42
127115.SZ,20260908,12520,191.132,2392972.64
128044.SZ,20260908,0,,0.0
128134.SZ,20260908,650,120.06,78039.0
128135.SZ,20260908,310,114.768,35578.08
128136.SZ,20260908,720,115.199,82943.28
128138.SZ,20260908,370,130.989,48465.93
128142.SZ,20260908,40,112.302,4492.08
158000.SZ,20260908,30100,1.038,31243.8
158001.SZ,20260908,10014,0.999,10003.986
158003.SZ,20260908,1100,0.989,1087.9
158005.SZ,20260908,0,,0.0
158006.SZ,20260908,0,,0.0
158008.SZ,20260908,0,,0.0
158009.SZ,20260908,0,,0.0
158010.SZ,20260908,0,,0.0
158011.SZ,20260908,25,0.995,24.875
158012.SZ,20260908,20900,0.955,19959.5
158013.SZ,20260908,187,0.986,184.382
158017.SZ,20260908,0,,0.0
158019.SZ,20260908,0,,0.0
158023.SZ,20260908,2800,0.99,2772.0
158027.SZ,20260908,0,,0.0
159001.SZ,20260908,413300,100.0,41330000.0
159003.SZ,20260908,100,100.0,10000.0
159005.SZ,20260908,0,,0.0
159007.SZ,20260908,0,,0.0
159008.SZ,20260908,100,1.02,102.0
159009.SZ,20260908,600,0.838,502.8
159010.SZ,20260908,1600,0.898,1436.8
159011.SZ,20260908,0,,0.0
159012.SZ,20260908,0,,0.0
159013.SZ,20260908,0,,0.0
159015.SZ,20260908,1700,0.887,1507.9
159016.SZ,20260908,116200,1.012,117594.4
159017.SZ,20260908,0,,0.0
159018.SZ,20260908,26700,0.904,24136.8
159019.SZ,20260908,0,,0.0
159020.SZ,20260908,2800,0.966,2704.8
159021.SZ,20260908,0,,0.0
159022.SZ,20260908,0,,0.0
159023.SZ,20260908,4600,1.124,5170.4
159026.SZ,20260908,0,,0.0
159027.SZ,20260908,2000,0.96,1920.0
159028.SZ,20260908,600,0.743,445.8
159029.SZ,20260908,2900,0.916,2656.4
159030.SZ,20260908,565800,0.961,543733.8
159031.SZ,20260908,61801,1.053,65076.453
159032.SZ,20260908,82000,0.895,73390.0
159033.SZ,20260908,197400,1.079,212994.6
159035.SZ,20260908,0,,0.0
159036.SZ,20260908,28100,0.938,26357.8
159037.SZ,20260908,0,,0.0
159038.SZ,20260908,138700,1.02,141474.0
159039.SZ,20260908,0,,0.0
159040.SZ,20260908,11000,1.053,11583.0
159041.SZ,20260908,0,,0.0
159042.SZ,20260908,100,1.009,100.9
159043.SZ,20260908,2000,1.016,2032.0
159045.SZ,20260908,100010,0.78,78007.8
159046.SZ,20260908,0,,0.0
159048.SZ,20260908,0,,0.0
159049.SZ,20260908,0,,0.0
159050.SZ,20260908,57300,0.85,48705.0
159051.SZ,20260908,900,1.032,928.8
159052.SZ,20260908,2600,0.825,2145.0
159053.SZ,20260908,17700,0.873,15452.1
159055.SZ,20260908,0,,0.0
159056.SZ,20260908,0,,0.0
159057.SZ,20260908,0,,0.0
159058.SZ,20260908,0,,0.0
159059.SZ,20260908,0,,0.0
159060.SZ,20260908,2100,1.115,2341.5
159061.SZ,20260908,0,,0.0
159062.SZ,20260908,300,0.792,237.6
159063.SZ,20260908,72600,1.139,82691.4
159065.SZ,20260908,0,,0.0
159066.SZ,20260908,0,,0.0
159067.SZ,20260908,0,,0.0
159068.SZ,20260908,0,,0.0
159069.SZ,20260908,0,,0.0
159070.SZ,20260908,0,,0.0
159071.SZ,20260908,0,,0.0
159072.SZ,20260908,8500,1.221,10378.5
159073.SZ,20260908,75800,1.127,85426.6
159075.SZ,20260908,0,,0.0
159076.SZ,20260908,0,,0.0
159077.SZ,20260908,0,,0.0
159078.SZ,20260908,0,,0.0
159079.SZ,20260908,0,,0.0
159082.SZ,20260908,3600,0.987,3553.2
159083.SZ,20260908,0,,0.0
159085.SZ,20260908,0,,0.0
159086.SZ,20260908,19500,1.058,20631.0
159087.SZ,20260908,0,,0.0
159091.SZ,20260908,900,1.093,983.7
159093.SZ,20260908,0,,0.0
159095.SZ,20260908,20000,0.951,19020.0
159096.SZ,20260908,100,1.001,100.1
159098.SZ,20260908,0,,0.0
159099.SZ,20260908,6000,0.982,5892.0
159100.SZ,20260908,95000,1.154,109630.0
159101.SZ,20260908,265600,0.724,192294.4
159102.SZ,20260908,195800,0.828,162122.4
159103.SZ,20260908,14100,0.678,9559.8
159105.SZ,20260908,37300,0.936,34912.8
159106.SZ,20260908,0,,0.0
159107.SZ,20260908,71800,0.755,54209.0
159108.SZ,20260908,0,,0.0
159109.SZ,20260908,6900,0.814,5616.6
159110.SZ,20260908,0,,0.0
159111.SZ,20260908,0,,0.0
159112.SZ,20260908,5900,102.3,603570.0
159113.SZ,20260908,0,,0.0
159115.SZ,20260908,0,,0.0
159116.SZ,20260908,0,,0.0
159117.SZ,20260908,0,,0.0
159118.SZ,20260908,2000,0.971,1942.0
159119.SZ,20260908,0,,0.0
159120.SZ,20260908,1800,0.738,1328.4
159121.SZ,20260908,42300,0.712,30117.6
159122.SZ,20260908,0,,0.0
159123.SZ,20260908,10000,0.873,8730.0
159125.SZ,20260908,0,,0.0
159126.SZ,20260908,0,,0.0
159127.SZ,20260908,8100,0.96,7776.0
159128.SZ,20260908,10700,0.71,7597.0
159129.SZ,20260908,0,,0.0
159130.SZ,20260908,17200,0.942,16202.4
159131.SZ,20260908,7885900,0.981,7736067.9
159132.SZ,20260908,142300,0.971,138173.3
159133.SZ,20260908,0,,0.0
159135.SZ,20260908,200,0.783,156.6
159136.SZ,20260908,0,,0.0
159137.SZ,20260908,16800,0.958,16094.4
159138.SZ,20260908,0,,0.0
159139.SZ,20260908,12100,1.25,15125.0
159140.SZ,20260908,50300,1.252,62975.6
159141.SZ,20260908,31800,1.167,37110.6
159142.SZ,20260908,74700,1.195,89266.5
159143.SZ,20260908,33000,0.966,31878.0
159145.SZ,20260908,300,0.832,249.6
159146.SZ,20260908,9900,1.002,9919.8
159147.SZ,20260908,0,,0.0
159148.SZ,20260908,700,0.986,690.2
159149.SZ,20260908,0,,0.0
159150.SZ,20260908,0,,0.0
159151.SZ,20260908,72900,0.947,69036.3
159152.SZ,20260908,2100,0.763,1602.3
159153.SZ,20260908,12800,1.164,14899.2
159155.SZ,20260908,27700,0.813,22520.1
159156.SZ,20260908,0,,0.0
159157.SZ,20260908,190300,0.838,159471.4
159158.SZ,20260908,5100,0.994,5069.4
159159.SZ,20260908,0,,0.0
159160.SZ,20260908,94100,0.797,74997.7
159161.SZ,20260908,0,,0.0
159162.SZ,20260908,9300,0.834,7756.2
159163.SZ,20260908,26500,0.763,20219.5
159165.SZ,20260908,100,0.917,91.7
159166.SZ,20260908,100,0.86,86.0
159167.SZ,20260908,8100,0.941,7622.1
159168.SZ,20260908,76400,0.876,66926.4
159169.SZ,20260908,50900,0.999,50849.1
159170.SZ,20260908,1300,0.839,1090.7
159171.SZ,20260908,300,0.8,240.0
159172.SZ,20260908,92800,0.878,81478.4
159173.SZ,20260908,10000,0.96,9600.0
159175.SZ,20260908,25000,0.86,21500.0
159176.SZ,20260908,0,,0.0
159177.SZ,20260908,50000,0.944,47200.0
159178.SZ,20260908,38000,1.018,38684.0
159179.SZ,20260908,0,,0.0
159180.SZ,20260908,0,,0.0
159181.SZ,20260908,8000,0.885,7080.0
159182.SZ,20260908,0,,0.0
159183.SZ,20260908,0,,0.0
159185.SZ,20260908,318200,1.12,356384.0
159186.SZ,20260908,0,,0.0
159187.SZ,20260908,0,,0.0
159188.SZ,20260908,0,,0.0
159189.SZ,20260908,800,0.888,710.4
159190.SZ,20260908,0,,0.0
159191.SZ,20260908,1100,0.901,991.1
159192.SZ,20260908,0,,0.0
159193.SZ,20260908,0,,0.0
159195.SZ,20260908,100,0.899,89.9
159196.SZ,20260908,526700,1.255,661008.5
159197.SZ,20260908,0,,0.0
159198.SZ,20260908,335900,1.259,422898.1
159199.SZ,20260908,0,,0.0
159200.SZ,20260908,0,,0.0
159201.SZ,20260908,179500,1.179,211630.5
159202.SZ,20260908,129900,0.784,101841.6
159203.SZ,20260908,0,,0.0
159205.SZ,20260908,331500,1.668,552942.0
159206.SZ,20260908,384400,1.354,520477.6
159207.SZ,20260908,154500,1.154,178293.0
159208.SZ,20260908,5900,1.072,6324.8
159209.SZ,20260908,35700,1.153,41162.1
159210.SZ,20260908,41000,0.811,33251.0
159211.SZ,20260908,0,,0.0
159212.SZ,20260908,0,,0.0
159213.SZ,20260908,41300,1.15,47495.0
159215.SZ,20260908,0,,0.0
159216.SZ,20260908,0,,0.0
159217.SZ,20260908,638400,1.185,756504.0
159218.SZ,20260908,16500,1.33,21945.0
159219.SZ,20260908,0,,0.0
159220.SZ,20260908,24900,0.583,14516.7
159221.SZ,20260908,0,,0.0
159222.SZ,20260908,5100,1.265,6451.5
159223.SZ,20260908,0,,0.0
159225.SZ,20260908,0,,0.0
159226.SZ,20260908,0,,0.0
159227.SZ,20260908,141100,1.025,144627.5
159228.SZ,20260908,0,,0.0
159229.SZ,20260908,0,,0.0
159230.SZ,20260908,0,,0.0
159231.SZ,20260908,100,0.499,49.9
159232.SZ,20260908,100,1.197,119.7
159233.SZ,20260908,0,,0.0
159235.SZ,20260908,0,,0.0
159236.SZ,20260908,48600,1.198,58222.8
159237.SZ,20260908,1200,0.845,1014.0
159238.SZ,20260908,0,,0.0
159239.SZ,20260908,14000,0.751,10514.0
159240.SZ,20260908,0,,0.0
159241.SZ,20260908,5300,1.051,5570.3
159242.SZ,20260908,77300,2.111,163180.3
159243.SZ,20260908,3000,1.272,3816.0
159245.SZ,20260908,2400,0.776,1862.4
159246.SZ,20260908,274300,1.178,323125.4
159247.SZ,20260908,118300,1.018,120429.4
159248.SZ,20260908,93300,1.752,163461.6
159249.SZ,20260908,0,,0.0
159251.SZ,20260908,1300,0.751,976.3
159253.SZ,20260908,2300,0.996,2290.8
159255.SZ,20260908,0,,0.0
159256.SZ,20260908,41000,0.827,33907.0
159257.SZ,20260908,100,0.862,86.2
159258.SZ,20260908,0,,0.0
159259.SZ,20260908,587300,1.343,788743.9
159260.SZ,20260908,0,,0.0
159261.SZ,20260908,0,,0.0
159262.SZ,20260908,417700,0.835,348779.5
159263.SZ,20260908,165000,1.159,191235.0
159265.SZ,20260908,21300,0.797,16976.1
159266.SZ,20260908,0,,0.0
159267.SZ,20260908,228600,0.866,197967.6
159268.SZ,20260908,38000,0.769,29222.0
159269.SZ,20260908,77600,0.839,65106.4
159270.SZ,20260908,0,,0.0
159271.SZ,20260908,1100,0.957,1052.7
159272.SZ,20260908,95300,0.8,76240.0
159273.SZ,20260908,78500,1.384,108644.0
159275.SZ,20260908,37800,0.928,35078.4
159276.SZ,20260908,0,,0.0
159277.SZ,20260908,3600,0.989,3560.4
159278.SZ,20260908,16000,0.941,15056.0
159279.SZ,20260908,144300,1.422,205194.6
159280.SZ,20260908,70700,0.691,48853.7
159281.SZ,20260908,8200,0.972,7970.4
159283.SZ,20260908,100,0.863,86.3
159285.SZ,20260908,1200,0.763,915.6
159286.SZ,20260908,174200,0.759,132217.8
159287.SZ,20260908,10100,1.107,11180.7
159288.SZ,20260908,0,,0.0
159289.SZ,20260908,0,,0.0
159290.SZ,20260908,0,,0.0
159291.SZ,20260908,0,,0.0
159292.SZ,20260908,0,,0.0
159293.SZ,20260908,0,,0.0
159295.SZ,20260908,1600,1.043,1668.8
159296.SZ,20260908,0,,0.0
159297.SZ,20260908,477500,0.744,355260.0
159298.SZ,20260908,0,,0.0
159299.SZ,20260908,142100,0.715,101601.5
159300.SZ,20260908,2500,4.971,12427.5
159301.SZ,20260908,100,0.963,96.3
159302.SZ,20260908,800,1.325,1060.0
159303.SZ,20260908,61400,1.592,97748.8
159305.SZ,20260908,7100,0.802,5694.2
159306.SZ,20260908,0,,0.0
159307.SZ,20260908,135600,1.031,139803.6
159309.SZ,20260908,19100,1.422,27160.2
159310.SZ,20260908,25600,2.733,69964.8
159311.SZ,20260908,0,,0.0
159312.SZ,20260908,0,,0.0
159315.SZ,20260908,129000,1.778,229362.0
159316.SZ,20260908,1308400,1.164,1522977.6
159318.SZ,20260908,1500,1.313,1969.5
159320.SZ,20260908,35200,0.612,21542.4
159321.SZ,20260908,156600,1.669,261365.4
159322.SZ,20260908,55300,1.742,96332.6
159323.SZ,20260908,17800,1.019,18138.2
159325.SZ,20260908,466200,2.058,959439.6
159326.SZ,20260908,274200,1.654,453526.8
159327.SZ,20260908,373700,1.09,407333.0
159328.SZ,20260908,0,,0.0
159329.SZ,20260908,296600,0.916,271685.6
159330.SZ,20260908,21200,1.433,30379.6
159331.SZ,20260908,800,1.295,1036.0
159332.SZ,20260908,2100,1.232,2587.2
159333.SZ,20260908,1100,1.38,1518.0
159335.SZ,20260908,0,,0.0
159336.SZ,20260908,5400,1.221,6593.4
159337.SZ,20260908,10000,1.783,17830.0
159338.SZ,20260908,353100,1.206,425838.6
159339.SZ,20260908,10700,1.217,13021.9
159350.SZ,20260908,7500,1.544,11580.0
159351.SZ,20260908,100,1.206,120.6
159352.SZ,20260908,106100,1.254,133049.4
159353.SZ,20260908,700,1.225,857.5
159355.SZ,20260908,0,,0.0
159356.SZ,20260908,0,,0.0
159357.SZ,20260908,0,,0.0
159358.SZ,20260908,0,,0.0
159359.SZ,20260908,0,,0.0
159360.SZ,20260908,0,,0.0
159361.SZ,20260908,51700,1.23,63591.0
159362.SZ,20260908,0,,0.0
159363.SZ,20260908,797900,1.252,998970.8
159365.SZ,20260908,1000,0.991,991.0
159366.SZ,20260908,138000,1.419,195822.0
159367.SZ,20260908,0,,0.0
159368.SZ,20260908,6300,0.639,4025.7
159369.SZ,20260908,27300,1.37,37401.0
159370.SZ,20260908,0,,0.0
159371.SZ,20260908,800,1.681,1344.8
159372.SZ,20260908,0,,0.0
159373.SZ,20260908,0,,0.0
159375.SZ,20260908,10000,0.716,7160.0
159376.SZ,20260908,0,,0.0
159377.SZ,20260908,200,0.986,197.2
159378.SZ,20260908,0,,0.0
159379.SZ,20260908,0,,0.0
159380.SZ,20260908,1800,1.346,2422.8
159381.SZ,20260908,435900,1.186,516977.4
159382.SZ,20260908,79100,2.655,210010.5
159383.SZ,20260908,400,1.678,671.2
159385.SZ,20260908,0,,0.0
159386.SZ,20260908,0,,0.0
159387.SZ,20260908,9900,0.704,6969.6
159388.SZ,20260908,334500,1.03,344535.0
159389.SZ,20260908,0,,0.0
159390.SZ,20260908,0,,0.0
159391.SZ,20260908,0,,0.0
159392.SZ,20260908,0,,0.0
159393.SZ,20260908,0,,0.0
159395.SZ,20260908,0,,0.0
159396.SZ,20260908,0,,0.0
159397.SZ,20260908,0,,0.0
159398.SZ,20260908,0,,0.0
159399.SZ,20260908,71300,1.006,71727.8
159400.SZ,20260908,200,101.276,20255.2
159500.SZ,20260908,18300,1.165,21319.5
159501.SZ,20260908,0,,0.0
159502.SZ,20260908,291900,1.633,476672.7
159505.SZ,20260908,0,,0.0
159506.SZ,20260908,551500,1.289,710883.5
159507.SZ,20260908,241700,0.879,212454.3
159508.SZ,20260908,7700,0.794,6113.8
159509.SZ,20260908,0,,0.0
159510.SZ,20260908,8700,1.259,10953.3
159511.SZ,20260908,200,2.406,481.2
159512.SZ,20260908,28300,1.024,28979.2
159513.SZ,20260908,340400,1.822,620208.8
159515.SZ,20260908,200,1.21,242.0
159516.SZ,20260908,19906400,0.681,13556258.4
159517.SZ,20260908,100,1.339,133.9
159518.SZ,20260908,313800,1.3,407940.0
159519.SZ,20260908,400,1.797,718.8
159520.SZ,20260908,21300,0.941,20043.3
159521.SZ,20260908,0,,0.0
159523.SZ,20260908,200,1.251,250.2
159525.SZ,20260908,700,1.114,779.8
159526.SZ,20260908,1700,1.419,2412.3
159527.SZ,20260908,4800,0.71,3408.0
159528.SZ,20260908,0,,0.0
159529.SZ,20260908,74600,1.271,94816.6
159530.SZ,20260908,628600,1.323,831637.8
159531.SZ,20260908,570600,1.483,846199.8
159532.SZ,20260908,23600,1.665,39294.0
159533.SZ,20260908,0,,0.0
159535.SZ,20260908,0,,0.0
159536.SZ,20260908,4800,1.416,6796.8
159537.SZ,20260908,56600,0.874,49468.4
159538.SZ,20260908,4000,0.882,3528.0
159539.SZ,20260908,0,,0.0
159540.SZ,20260908,0,,0.0
159541.SZ,20260908,0,,0.0
159542.SZ,20260908,0,,0.0
159543.SZ,20260908,0,,0.0
159545.SZ,20260908,124800,1.306,162988.8
159546.SZ,20260908,58800,0.754,44335.2
159547.SZ,20260908,3500,1.223,4280.5
159549.SZ,20260908,0,,0.0
159550.SZ,20260908,20700,0.802,16601.4
159551.SZ,20260908,3800,1.244,4727.2
159552.SZ,20260908,90900,2.27,206343.0
159553.SZ,20260908,0,,0.0
159555.SZ,20260908,600,1.788,1072.8
159556.SZ,20260908,0,,0.0
159557.SZ,20260908,49100,1.457,71538.7
159558.SZ,20260908,4536500,1.069,4849518.5
159559.SZ,20260908,207800,1.198,248944.4
159560.SZ,20260908,83700,1.102,92237.4
159561.SZ,20260908,1002600,1.358,1361530.8
159562.SZ,20260908,367400,2.375,872575.0
159563.SZ,20260908,0,,0.0
159565.SZ,20260908,3800,1.307,4966.6
159566.SZ,20260908,124400,1.8,223920.0
159567.SZ,20260908,2316200,0.71,1644502.0
159568.SZ,20260908,427500,1.116,477090.0
159569.SZ,20260908,4800,1.397,6705.6
159570.SZ,20260908,4671700,1.462,6830025.4
159571.SZ,20260908,0,,0.0
159572.SZ,20260908,0,,0.0
159573.SZ,20260908,0,,0.0
159575.SZ,20260908,0,,0.0
159576.SZ,20260908,0,,0.0
159577.SZ,20260908,251000,1.662,417162.0
159578.SZ,20260908,0,,0.0
159581.SZ,20260908,15300,1.069,16355.7
159582.SZ,20260908,481000,0.733,352573.0
159583.SZ,20260908,1560200,1.673,2610214.6
159586.SZ,20260908,4400,1.061,4668.4
159587.SZ,20260908,183800,1.31,240778.0
159588.SZ,20260908,100,1.254,125.4
159589.SZ,20260908,1200,1.107,1328.4
159590.SZ,20260908,54400,0.892,48524.8
159591.SZ,20260908,0,,0.0
159592.SZ,20260908,100,1.344,134.4
159593.SZ,20260908,10100,1.358,13715.8
159595.SZ,20260908,0,,0.0
159596.SZ,20260908,0,,0.0
159597.SZ,20260908,14300,0.788,11268.4
159599.SZ,20260908,216400,2.696,583414.4
159600.SZ,20260908,6000,101.771,610626.0
159601.SZ,20260908,1100,1.116,1227.6
159602.SZ,20260908,0,,0.0
159603.SZ,20260908,2900,1.645,4770.5
159605.SZ,20260908,570800,0.776,442940.8
159606.SZ,20260908,0,,0.0
159607.SZ,20260908,851700,0.771,656660.7
159608.SZ,20260908,169100,1.045,176709.5
159609.SZ,20260908,15000,0.475,7125.0
159610.SZ,20260908,0,,0.0
159611.SZ,20260908,647300,1.035,669955.5
159612.SZ,20260908,20100,2.08,41808.0
159613.SZ,20260908,3300,0.878,2897.4
159615.SZ,20260908,102500,1.142,117055.0
159616.SZ,20260908,0,,0.0
159617.SZ,20260908,0,,0.0
159618.SZ,20260908,300,0.645,193.5
159619.SZ,20260908,0,,0.0
159620.SZ,20260908,0,,0.0
159621.SZ,20260908,0,,0.0
159622.SZ,20260908,64100,1.17,74997.0
159623.SZ,20260908,0,,0.0
159625.SZ,20260908,0,,0.0
159627.SZ,20260908,0,,0.0
159628.SZ,20260908,7100,1.396,9911.6
159629.SZ,20260908,34600,3.188,110304.8
159630.SZ,20260908,0,,0.0
159631.SZ,20260908,0,,0.0
159632.SZ,20260908,551700,2.487,1372077.9
159633.SZ,20260908,66500,3.263,216989.5
159635.SZ,20260908,0,,0.0
159636.SZ,20260908,1121200,0.509,570690.8
159637.SZ,20260908,5500,0.782,4301.0
159638.SZ,20260908,60100,0.837,50303.7
159639.SZ,20260908,0,,0.0
159640.SZ,20260908,0,,0.0
159641.SZ,20260908,1600,0.964,1542.4
159642.SZ,20260908,0,,0.0
159643.SZ,20260908,0,,0.0
159645.SZ,20260908,0,,0.0
159647.SZ,20260908,1200,0.886,1063.2
159649.SZ,20260908,0,,0.0
159650.SZ,20260908,700,108.043,75630.1
159651.SZ,20260908,100,108.121,10812.1
159652.SZ,20260908,133100,1.631,217086.1
159653.SZ,20260908,0,,0.0
159655.SZ,20260908,209000,2.022,422598.0
159656.SZ,20260908,100,1.203,120.3
159657.SZ,20260908,0,,0.0
159658.SZ,20260908,0,,0.0
159659.SZ,20260908,722800,2.369,1712313.2
159660.SZ,20260908,1230200,2.387,2936487.4
159661.SZ,20260908,0,,0.0
159662.SZ,20260908,0,,0.0
159663.SZ,20260908,60000,0.976,58560.0
159665.SZ,20260908,27500,2.369,65147.5
159666.SZ,20260908,1000,0.984,984.0
159667.SZ,20260908,858400,0.652,559676.8
159669.SZ,20260908,0,,0.0
159670.SZ,20260908,0,,0.0
159671.SZ,20260908,13900,1.284,17847.6
159672.SZ,20260908,600,0.647,388.2
159673.SZ,20260908,1500,1.278,1917.0
159675.SZ,20260908,0,,0.0
159676.SZ,20260908,200,1.576,315.2
159677.SZ,20260908,0,,0.0
159678.SZ,20260908,0,,0.0
159679.SZ,20260908,0,,0.0
159680.SZ,20260908,9300,1.667,15503.1
159681.SZ,20260908,58300,1.575,91822.5
159682.SZ,20260908,84700,1.555,131708.5
159685.SZ,20260908,0,,0.0
159686.SZ,20260908,0,,0.0
159687.SZ,20260908,549200,1.894,1040184.8
159688.SZ,20260908,290600,0.739,214753.4
159689.SZ,20260908,0,,0.0
159690.SZ,20260908,15700,1.977,31038.9
159691.SZ,20260908,53400,1.214,64827.6
159692.SZ,20260908,136100,1.216,165497.6
159695.SZ,20260908,64300,0.964,61985.2
159696.SZ,20260908,0,,0.0
159697.SZ,20260908,139000,1.32,183480.0
159698.SZ,20260908,2096800,1.012,2121961.6
159699.SZ,20260908,43400,0.873,37888.2
159700.SZ,20260908,0,,0.0
159701.SZ,20260908,0,,0.0
159703.SZ,20260908,0,,0.0
159706.SZ,20260908,0,,0.0
159707.SZ,20260908,19600,0.486,9525.6
159708.SZ,20260908,0,,0.0
159709.SZ,20260908,0,,0.0
159711.SZ,20260908,1800,1.338,2408.4
159712.SZ,20260908,3600,1.234,4442.4
159713.SZ,20260908,73100,1.235,90278.5
159715.SZ,20260908,5300,1.138,6031.4
159716.SZ,20260908,0,,0.0
159717.SZ,20260908,0,,0.0
159718.SZ,20260908,194700,0.91,177177.0
159719.SZ,20260908,0,,0.0
159720.SZ,20260908,0,,0.0
159721.SZ,20260908,0,,0.0
159723.SZ,20260908,0,,0.0
159725.SZ,20260908,400,0.804,321.6
159726.SZ,20260908,0,,0.0
159728.SZ,20260908,0,,0.0
159729.SZ,20260908,0,,0.0
159730.SZ,20260908,0,,0.0
159731.SZ,20260908,16000,0.936,14976.0
159732.SZ,20260908,396800,1.339,531315.2
159735.SZ,20260908,36900,0.654,24132.6
159736.SZ,20260908,98900,0.6,59340.0
159738.SZ,20260908,0,,0.0
159739.SZ,20260908,0,,0.0
159740.SZ,20260908,9908000,0.559,5538572.0
159741.SZ,20260908,238700,0.563,134388.1
159742.SZ,20260908,1947000,0.575,1119525.0
159743.SZ,20260908,0,,0.0
159745.SZ,20260908,274600,0.536,147185.6
159747.SZ,20260908,23300,1.143,26631.9
159748.SZ,20260908,139900,0.828,115837.2
159750.SZ,20260908,66300,0.845,56023.5
159751.SZ,20260908,75800,0.876,66400.8
159752.SZ,20260908,0,,0.0
159755.SZ,20260908,559700,0.899,503170.3
159757.SZ,20260908,48500,0.76,36860.0
159758.SZ,20260908,13500,1.127,15214.5
159760.SZ,20260908,0,,0.0
159761.SZ,20260908,2200,0.78,1716.0
159763.SZ,20260908,0,,0.0
159766.SZ,20260908,1906900,0.581,1107908.9
159767.SZ,20260908,13600,0.732,9955.2
159768.SZ,20260908,67100,0.435,29188.5
159770.SZ,20260908,95700,0.991,94838.7
159773.SZ,20260908,0,,0.0
159775.SZ,20260908,0,,0.0
159776.SZ,20260908,8500,1.205,10242.5
159777.SZ,20260908,0,,0.0
159778.SZ,20260908,0,,0.0
159779.SZ,20260908,2200,1.447,3183.4
159780.SZ,20260908,67300,1.066,71741.8
159781.SZ,20260908,895900,1.06,949654.0
159782.SZ,20260908,61200,1.068,65361.6
159783.SZ,20260908,195100,1.066,207976.6
159786.SZ,20260908,2000,1.15,2300.0
159787.SZ,20260908,0,,0.0
159788.SZ,20260908,0,,0.0
159790.SZ,20260908,1000,0.675,675.0
159791.SZ,20260908,0,,0.0
159792.SZ,20260908,18603800,0.563,10473939.4
159793.SZ,20260908,100,0.791,79.1
159795.SZ,20260908,0,,0.0
159796.SZ,20260908,125200,0.806,100911.2
159797.SZ,20260908,47600,0.674,32082.4
159798.SZ,20260908,68400,0.874,59781.6
159800.SZ,20260908,0,,0.0
159801.SZ,20260908,396200,1.115,441763.0
159804.SZ,20260908,0,,0.0
159805.SZ,20260908,45000,1.205,54225.0
159806.SZ,20260908,100,0.682,68.2
159807.SZ,20260908,10200,0.901,9190.2
159808.SZ,20260908,0,,0.0
159810.SZ,20260908,0,,0.0
159811.SZ,20260908,58300,3.006,175249.8
159812.SZ,20260908,100,9.042,904.2
159813.SZ,20260908,663200,0.718,476177.6
159814.SZ,20260908,10300,0.708,7292.4
159816.SZ,20260908,0,,0.0
159819.SZ,20260908,696200,1.755,1221831.0
159820.SZ,20260908,39300,1.35,53055.0
159821.SZ,20260908,0,,0.0
159822.SZ,20260908,32300,0.587,18960.1
159824.SZ,20260908,0,,0.0
159825.SZ,20260908,332700,0.776,258175.2
159827.SZ,20260908,800,0.836,668.8
159828.SZ,20260908,137400,0.42,57708.0
159830.SZ,20260908,14300,9.5,135850.0
159831.SZ,20260908,12400,9.169,113695.6
159834.SZ,20260908,24000,9.505,228120.0
159835.SZ,20260908,0,,0.0
159836.SZ,20260908,0,,0.0
159837.SZ,20260908,100000,0.492,49200.0
159838.SZ,20260908,8200,0.588,4821.6
159839.SZ,20260908,249000,0.36,89640.0
159840.SZ,20260908,12000,0.726,8712.0
159841.SZ,20260908,797300,0.991,790124.3
159842.SZ,20260908,115500,1.04,120120.0
159843.SZ,20260908,12600,0.549,6917.4
159845.SZ,20260908,331200,3.178,1052553.6
159847.SZ,20260908,5200,0.404,2100.8
159848.SZ,20260908,0,,0.0
159849.SZ,20260908,0,,0.0
159850.SZ,20260908,0,,0.0
159851.SZ,20260908,8407800,0.636,5347360.8
159852.SZ,20260908,1497300,0.678,1015169.4
159855.SZ,20260908,56100,0.79,44319.0
159856.SZ,20260908,100,0.581,58.1
159857.SZ,20260908,71400,0.701,50051.4
159858.SZ,20260908,9700,0.678,6576.6
159859.SZ,20260908,364900,0.386,140851.4
159861.SZ,20260908,0,,0.0
159862.SZ,20260908,100,0.552,55.2
159863.SZ,20260908,1000,0.548,548.0
159864.SZ,20260908,28800,0.536,15436.8
159865.SZ,20260908,1562000,0.57,890340.0
159866.SZ,20260908,2012100,1.725,3470872.5
159867.SZ,20260908,77900,0.581,45259.9
159869.SZ,20260908,1463700,1.145,1675936.5
159870.SZ,20260908,438800,0.797,349723.6
159871.SZ,20260908,93200,0.959,89378.8
159872.SZ,20260908,0,,0.0
159873.SZ,20260908,0,,0.0
159875.SZ,20260908,61400,0.562,34506.8
159876.SZ,20260908,223300,0.977,218164.1
159877.SZ,20260908,0,,0.0
159880.SZ,20260908,49200,0.963,47379.6
159881.SZ,20260908,214800,0.915,196542.0
159883.SZ,20260908,806100,0.442,356296.2
159885.SZ,20260908,0,,0.0
159886.SZ,20260908,0,,0.0
159887.SZ,20260908,567300,1.365,774364.5
159888.SZ,20260908,0,,0.0
159889.SZ,20260908,0,,0.0
159890.SZ,20260908,83900,1.707,143217.3
159891.SZ,20260908,15500,0.383,5936.5
159892.SZ,20260908,1661000,0.797,1323817.0
159895.SZ,20260908,0,,0.0
159896.SZ,20260908,0,,0.0
159898.SZ,20260908,50700,0.497,25197.9
159899.SZ,20260908,15000,0.712,10680.0
159901.SZ,20260908,15000,3.55,53250.0
159902.SZ,20260908,0,,0.0
159903.SZ,20260908,596400,1.685,1004934.0
159905.SZ,20260908,900,1.66,1494.0
159906.SZ,20260908,700,1.668,1167.6
159907.SZ,20260908,0,,0.0
159908.SZ,20260908,251200,3.199,803588.8
159909.SZ,20260908,50000,1.306,65300.0
159910.SZ,20260908,0,,0.0
159912.SZ,20260908,0,,0.0
159913.SZ,20260908,0,,0.0
159915.SZ,20260908,4555900,3.413,15549286.7
159916.SZ,20260908,0,,0.0
159918.SZ,20260908,0,,0.0
159919.SZ,20260908,12700,4.843,61506.1
159920.SZ,20260908,1292200,1.483,1916332.6
159922.SZ,20260908,2700,3.155,8518.5
159923.SZ,20260908,0,,0.0
159925.SZ,20260908,46400,4.72,219008.0
159928.SZ,20260908,1892300,0.684,1294333.2
159929.SZ,20260908,15100,1.317,19886.7
159930.SZ,20260908,65200,1.703,111035.6
159931.SZ,20260908,0,,0.0
159933.SZ,20260908,0,,0.0
159934.SZ,20260908,351575,9.506,3342071.95
159935.SZ,20260908,0,,0.0
159936.SZ,20260908,0,,0.0
159937.SZ,20260908,287000,9.077,2605099.0
159938.SZ,20260908,53500,0.64,34240.0
159939.SZ,20260908,1100,1.09,1199.0
159940.SZ,20260908,100,1.232,123.2
159941.SZ,20260908,0,,0.0
159943.SZ,20260908,14500,1.524,22098.0
159944.SZ,20260908,0,,0.0
159945.SZ,20260908,3300,1.373,4530.9
159948.SZ,20260908,12600,3.769,47489.4
159949.SZ,20260908,3957100,1.6,6331360.0
159952.SZ,20260908,946200,2.078,1966203.6
159954.SZ,20260908,5400,0.915,4941.0
159956.SZ,20260908,0,,0.0
159957.SZ,20260908,65700,2.235,146839.5
159958.SZ,20260908,0,,0.0
159959.SZ,20260908,0,,0.0
159960.SZ,20260908,6900,0.846,5837.4
159961.SZ,20260908,0,,0.0
159964.SZ,20260908,100,2.233,223.3
159965.SZ,20260908,0,,0.0
159966.SZ,20260908,400,0.529,211.6
159967.SZ,20260908,1656900,0.779,1290725.1
159968.SZ,20260908,0,,0.0
159970.SZ,20260908,0,,0.0
159971.SZ,20260908,344600,1.187,409040.2
159972.SZ,20260908,200,119.752,23950.4
159973.SZ,20260908,0,,0.0
159974.SZ,20260908,0,,0.0
159975.SZ,20260908,0,,0.0
159976.SZ,20260908,0,,0.0
159977.SZ,20260908,115900,1.773,205490.7
159980.SZ,20260908,1236800,2.191,2709828.8
159981.SZ,20260908,670300,1.685,1129455.5
159982.SZ,20260908,700,2.1,1470.0
159985.SZ,20260908,1103600,2.426,2677333.6
159991.SZ,20260908,34100,0.81,27621.0
159992.SZ,20260908,1818800,0.839,1525973.2
159993.SZ,20260908,523800,1.18,618084.0
159994.SZ,20260908,1041300,1.289,1342235.7
159995.SZ,20260908,1218200,1.122,1366820.4
159996.SZ,20260908,140900,1.444,203459.6
159997.SZ,20260908,20600,2.067,42580.2
159998.SZ,20260908,21300,0.965,20554.5
160105.SZ,20260908,0,,0.0
160106.SZ,20260908,0,,0.0
160119.SZ,20260908,0,,0.0
160125.SZ,20260908,0,,0.0
160127.SZ,20260908,0,,0.0
160128.SZ,20260908,0,,0.0
160133.SZ,20260908,0,,0.0
160135.SZ,20260908,0,,0.0
160140.SZ,20260908,100,1.423,142.3
160142.SZ,20260908,0,,0.0
160143.SZ,20260908,3407,1.645,5604.515
160211.SZ,20260908,0,,0.0
160212.SZ,20260908,0,,0.0
160215.SZ,20260908,0,,0.0
160216.SZ,20260908,10788,0.656,7076.928
160218.SZ,20260908,0,,0.0
160219.SZ,20260908,0,,0.0
160220.SZ,20260908,0,,0.0
160221.SZ,20260908,0,,0.0
160222.SZ,20260908,0,,0.0
160223.SZ,20260908,1400,1.894,2651.6
160225.SZ,20260908,0,,0.0
160311.SZ,20260908,0,,0.0
160314.SZ,20260908,0,,0.0
160322.SZ,20260908,0,,0.0
160323.SZ,20260908,0,,0.0
160324.SZ,20260908,0,,0.0
160325.SZ,20260908,0,,0.0
160326.SZ,20260908,0,,0.0
160416.SZ,20260908,28600,2.21,63206.0
160421.SZ,20260908,0,,0.0
160505.SZ,20260908,0,,0.0
160512.SZ,20260908,0,,0.0
160513.SZ,20260908,0,,0.0
160515.SZ,20260908,0,,0.0
160518.SZ,20260908,0,,0.0
160526.SZ,20260908,0,,0.0
160527.SZ,20260908,0,,0.0
160529.SZ,20260908,0,,0.0
160607.SZ,20260908,0,,0.0
160610.SZ,20260908,0,,0.0
160611.SZ,20260908,0,,0.0
160613.SZ,20260908,0,,0.0
160615.SZ,20260908,0,,0.0
160616.SZ,20260908,0,,0.0
160617.SZ,20260908,0,,0.0
160618.SZ,20260908,0,,0.0
160620.SZ,20260908,0,,0.0
160621.SZ,20260908,0,,0.0
160622.SZ,20260908,0,,0.0
160625.SZ,20260908,0,,0.0
160626.SZ,20260908,0,,0.0
160628.SZ,20260908,0,,0.0
160629.SZ,20260908,0,,0.0
160630.SZ,20260908,0,,0.0
160631.SZ,20260908,0,,0.0
160632.SZ,20260908,15700,0.27,4239.0
160633.SZ,20260908,1000,1.075,1075.0
160635.SZ,20260908,0,,0.0
160637.SZ,20260908,0,,0.0
160638.SZ,20260908,0,,0.0
160639.SZ,20260908,0,,0.0
160641.SZ,20260908,0,,0.0
160642.SZ,20260908,0,,0.0
160643.SZ,20260908,0,,0.0
160644.SZ,20260908,705000,1.843,1299315.0
160706.SZ,20260908,1000,1.183,1183.0
160716.SZ,20260908,0,,0.0
160717.SZ,20260908,0,,0.0
160719.SZ,20260908,111000,1.951,216561.0
160722.SZ,20260908,0,,0.0
160723.SZ,20260908,1134637,2.186,2480316.482
160726.SZ,20260908,0,,0.0
160805.SZ,20260908,0,,0.0
160806.SZ,20260908,0,,0.0
160807.SZ,20260908,0,,0.0
160812.SZ,20260908,0,,0.0
160813.SZ,20260908,0,,0.0
160910.SZ,20260908,0,,0.0
160916.SZ,20260908,0,,0.0
160918.SZ,20260908,0,,0.0
160919.SZ,20260908,0,,0.0
160921.SZ,20260908,0,,0.0
160924.SZ,20260908,0,,0.0
160925.SZ,20260908,0,,0.0
160926.SZ,20260908,0,,0.0
161005.SZ,20260908,300,3.052,915.6
161010.SZ,20260908,0,,0.0
161014.SZ,20260908,0,,0.0
161015.SZ,20260908,0,,0.0
161017.SZ,20260908,0,,0.0
161019.SZ,20260908,0,,0.0
161024.SZ,20260908,300,1.116,334.8
161025.SZ,20260908,0,,0.0
161026.SZ,20260908,0,,0.0
161027.SZ,20260908,0,,0.0
161028.SZ,20260908,0,,0.0
161029.SZ,20260908,0,,0.0
161030.SZ,20260908,1000,1.04,1040.0
161031.SZ,20260908,0,,0.0
161032.SZ,20260908,0,,0.0
161033.SZ,20260908,0,,0.0
161035.SZ,20260908,0,,0.0
161036.SZ,20260908,0,,0.0
161037.SZ,20260908,0,,0.0
161038.SZ,20260908,0,,0.0
161039.SZ,20260908,0,,0.0
161040.SZ,20260908,0,,0.0
161115.SZ,20260908,10000,1.756,17560.0
161116.SZ,20260908,388800,1.636,636076.8
161117.SZ,20260908,0,,0.0
161118.SZ,20260908,0,,0.0
161119.SZ,20260908,469700,1.805,847808.5
161121.SZ,20260908,0,,0.0
161122.SZ,20260908,100,0.565,56.5
161123.SZ,20260908,0,,0.0
161124.SZ,20260908,500,0.894,447.0
161125.SZ,20260908,31200,3.252,101462.4
161126.SZ,20260908,500,2.176,1088.0
161127.SZ,20260908,3300,2.151,7098.3
161128.SZ,20260908,30948,7.119,220318.812
161129.SZ,20260908,2151200,1.875,4033500.0
161130.SZ,20260908,2436,4.609,11227.524
161131.SZ,20260908,0,,0.0
161132.SZ,20260908,0,,0.0
161133.SZ,20260908,0,,0.0
161216.SZ,20260908,0,,0.0
161217.SZ,20260908,0,,0.0
161219.SZ,20260908,0,,0.0
161222.SZ,20260908,0,,0.0
161224.SZ,20260908,0,,0.0
161225.SZ,20260908,0,,0.0
161226.SZ,20260908,3198900,1.961,6273042.9
161227.SZ,20260908,0,,0.0
161229.SZ,20260908,0,,0.0
161232.SZ,20260908,0,,0.0
161233.SZ,20260908,0,,0.0
161505.SZ,20260908,0,,0.0
161607.SZ,20260908,0,,0.0
161610.SZ,20260908,0,,0.0
161614.SZ,20260908,0,,0.0
161626.SZ,20260908,0,,0.0
161631.SZ,20260908,100,2.77,277.0
161706.SZ,20260908,0,,0.0
161713.SZ,20260908,0,,0.0
161715.SZ,20260908,0,,0.0
161716.SZ,20260908,122200,1.659,202729.8
161720.SZ,20260908,0,,0.0
161722.SZ,20260908,0,,0.0
161724.SZ,20260908,100,2.422,242.2
161725.SZ,20260908,227700,0.563,128195.1
161726.SZ,20260908,30000,0.402,12060.0
161727.SZ,20260908,0,,0.0
161728.SZ,20260908,0,,0.0
161729.SZ,20260908,0,,0.0
161810.SZ,20260908,0,,0.0
161811.SZ,20260908,0,,0.0
161812.SZ,20260908,0,,0.0
161815.SZ,20260908,10300,1.12,11536.0
161816.SZ,20260908,0,,0.0
161820.SZ,20260908,8900,1.16,10324.0
161831.SZ,20260908,0,,0.0
161834.SZ,20260908,0,,0.0
161837.SZ,20260908,0,,0.0
161903.SZ,20260908,0,,0.0
161908.SZ,20260908,0,,0.0
161912.SZ,20260908,0,,0.0
161914.SZ,20260908,0,,0.0
162006.SZ,20260908,0,,0.0
162105.SZ,20260908,0,,0.0
162108.SZ,20260908,0,,0.0
162207.SZ,20260908,0,,0.0
162215.SZ,20260908,0,,0.0
162216.SZ,20260908,0,,0.0
162307.SZ,20260908,0,,0.0
162411.SZ,20260908,484200,1.003,485652.6
162412.SZ,20260908,0,,0.0
162414.SZ,20260908,0,,0.0
162415.SZ,20260908,10600,2.811,29796.6
162509.SZ,20260908,0,,0.0
162605.SZ,20260908,700,1.572,1100.4
162607.SZ,20260908,100,0.484,48.4
162703.SZ,20260908,1290,2.339,3017.31
162711.SZ,20260908,0,,0.0
162712.SZ,20260908,0,,0.0
162715.SZ,20260908,1700,1.192,2026.4
162719.SZ,20260908,57400,3.144,180465.6
162720.SZ,20260908,100,1.365,136.5
162721.SZ,20260908,0,,0.0
163001.SZ,20260908,672,1.396,938.112
163003.SZ,20260908,0,,0.0
163005.SZ,20260908,0,,0.0
163109.SZ,20260908,0,,0.0
163110.SZ,20260908,1200,2.384,2860.8
163111.SZ,20260908,0,,0.0
163113.SZ,20260908,0,,0.0
163114.SZ,20260908,0,,0.0
163115.SZ,20260908,0,,0.0
163116.SZ,20260908,0,,0.0
163118.SZ,20260908,0,,0.0
163208.SZ,20260908,8000,1.424,11392.0
163302.SZ,20260908,0,,0.0
163402.SZ,20260908,29100,0.866,25200.6
163406.SZ,20260908,0,,0.0
163407.SZ,20260908,0,,0.0
163409.SZ,20260908,0,,0.0
163412.SZ,20260908,0,,0.0
163415.SZ,20260908,0,,0.0
163417.SZ,20260908,9000,2.076,18684.0
163418.SZ,20260908,0,,0.0
163503.SZ,20260908,0,,0.0
163801.SZ,20260908,0,,0.0
163819.SZ,20260908,0,,0.0
163821.SZ,20260908,0,,0.0
163907.SZ,20260908,0,,0.0
164105.SZ,20260908,0,,0.0
164206.SZ,20260908,0,,0.0
164208.SZ,20260908,0,,0.0
164210.SZ,20260908,5100,1.258,6415.8
164403.SZ,20260908,11100,1.011,11222.1
164508.SZ,20260908,0,,0.0
164509.SZ,20260908,100,0.73,73.0
164606.SZ,20260908,0,,0.0
164701.SZ,20260908,92000,1.715,157780.0
164703.SZ,20260908,0,,0.0
164705.SZ,20260908,0,,0.0
164808.SZ,20260908,0,,0.0
164810.SZ,20260908,0,,0.0
164814.SZ,20260908,300,1.061,318.3
164824.SZ,20260908,33600,1.311,44049.6
164902.SZ,20260908,0,,0.0
164906.SZ,20260908,107200,0.919,98516.8
165309.SZ,20260908,0,,0.0
165311.SZ,20260908,0,,0.0
165313.SZ,20260908,0,,0.0
165508.SZ,20260908,0,,0.0
165509.SZ,20260908,0,,0.0
165511.SZ,20260908,0,,0.0
165512.SZ,20260908,0,,0.0
165513.SZ,20260908,6300,1.037,6533.1
165515.SZ,20260908,0,,0.0
165516.SZ,20260908,0,,0.0
165517.SZ,20260908,0,,0.0
165519.SZ,20260908,0,,0.0
165520.SZ,20260908,0,,0.0
165521.SZ,20260908,0,,0.0
165522.SZ,20260908,0,,0.0
165525.SZ,20260908,0,,0.0
165528.SZ,20260908,0,,0.0
166001.SZ,20260908,0,,0.0
166006.SZ,20260908,0,,0.0
166008.SZ,20260908,0,,0.0
166009.SZ,20260908,0,,0.0
166011.SZ,20260908,1100,1.911,2102.1
166016.SZ,20260908,0,,0.0
166023.SZ,20260908,0,,0.0
166024.SZ,20260908,0,,0.0
166025.SZ,20260908,0,,0.0
166027.SZ,20260908,0,,0.0
166105.SZ,20260908,0,,0.0
166107.SZ,20260908,0,,0.0
166401.SZ,20260908,0,,0.0
167001.SZ,20260908,0,,0.0
167002.SZ,20260908,0,,0.0
167003.SZ,20260908,0,,0.0
167301.SZ,20260908,138100,1.086,149976.6
167302.SZ,20260908,0,,0.0
167501.SZ,20260908,0,,0.0
167506.SZ,20260908,0,,0.0
167508.SZ,20260908,0,,0.0
168101.SZ,20260908,0,,0.0
168102.SZ,20260908,0,,0.0
168103.SZ,20260908,0,,0.0
168104.SZ,20260908,0,,0.0
168105.SZ,20260908,0,,0.0
168203.SZ,20260908,0,,0.0
168204.SZ,20260908,0,,0.0
168301.SZ,20260908,0,,0.0
168401.SZ,20260908,0,,0.0
168701.SZ,20260908,0,,0.0
169101.SZ,20260908,0,,0.0
169104.SZ,20260908,200,2.928,585.6
169105.SZ,20260908,0,,0.0
169106.SZ,20260908,0,,0.0
169201.SZ,20260908,0,,0.0
180101.SZ,20260908,0,,0.0
180102.SZ,20260908,100,1.016,101.6
180103.SZ,20260908,0,,0.0
180105.SZ,20260908,9400,1.224,11505.6
180106.SZ,20260908,0,,0.0
180201.SZ,20260908,200,6.817,1363.4
180202.SZ,20260908,0,,0.0
180203.SZ,20260908,0,,0.0
180301.SZ,20260908,0,,0.0
180302.SZ,20260908,0,,0.0
180303.SZ,20260908,0,,0.0
180305.SZ,20260908,0,,0.0
180306.SZ,20260908,0,,0.0
180401.SZ,20260908,7900,5.49,43371.0
180402.SZ,20260908,0,,0.0
180501.SZ,20260908,0,,0.0
180502.SZ,20260908,0,,0.0
180503.SZ,20260908,0,,0.0
180601.SZ,20260908,0,,0.0
180602.SZ,20260908,0,,0.0
180603.SZ,20260908,0,,0.0
180605.SZ,20260908,0,,0.0
180606.SZ,20260908,0,,0.0
180607.SZ,20260908,0,,0.0
180701.SZ,20260908,0,,0.0
180801.SZ,20260908,0,,0.0
180901.SZ,20260908,0,,0.0
181001.SZ,20260908,66600,2.355,156843.0
200011.SZ,20260908,0,,0.0
200012.SZ,20260908,0,,0.0
200016.SZ,20260908,0,,0.0
200017.SZ,20260908,0,,0.0
200019.SZ,20260908,0,,0.0
200020.SZ,20260908,0,,0.0
200025.SZ,20260908,0,,0.0
200026.SZ,20260908,0,,0.0
200028.SZ,20260908,0,,0.0
200029.SZ,20260908,2000,4.05,8100.0
200030.SZ,20260908,0,,0.0
200037.SZ,20260908,0,,0.0
200045.SZ,20260908,0,,0.0
200055.SZ,20260908,0,,0.0
200056.SZ,20260908,0,,0.0
200058.SZ,20260908,0,,0.0
200429.SZ,20260908,0,,0.0
200468.SZ,20260908,0,,0.0
200488.SZ,20260908,0,,0.0
200505.SZ,20260908,0,,0.0
200512.SZ,20260908,0,,0.0
200521.SZ,20260908,10000,2.95,29500.0
200530.SZ,20260908,0,,0.0
200539.SZ,20260908,0,,0.0
200541.SZ,20260908,0,,0.0
200550.SZ,20260908,0,,0.0
200553.SZ,20260908,0,,0.0
200570.SZ,20260908,0,,0.0
200581.SZ,20260908,100,12.82,1282.0
200596.SZ,20260908,0,,0.0
200625.SZ,20260908,8554,3.3,28228.2
200706.SZ,20260908,0,,0.0
200725.SZ,20260908,0,,0.0
200726.SZ,20260908,0,,0.0
200761.SZ,20260908,0,,0.0
200869.SZ,20260908,0,,0.0
200992.SZ,20260908,0,,0.0
201872.SZ,20260908,0,,0.0
300001.SZ,20260908,22400,34.08,763392.0
300002.SZ,20260908,84500,8.33,703885.0
300003.SZ,20260908,23200,11.67,270744.0
300004.SZ,20260908,164400,9.23,1517412.0
300005.SZ,20260908,74700,10.8,806760.0
300006.SZ,20260908,38400,5.36,205824.0
300007.SZ,20260908,6800,31.0,210800.0
300008.SZ,20260908,129400,6.34,820396.0
300009.SZ,20260908,39000,8.28,322920.0
300010.SZ,20260908,1389300,4.52,6279636.0
300011.SZ,20260908,2100,6.07,12747.0
300012.SZ,20260908,60000,14.84,890400.0
300013.SZ,20260908,41900,4.19,175561.0
300014.SZ,20260908,103600,51.27,5311572.0
300015.SZ,20260908,47257,8.28,391287.96
300016.SZ,20260908,33700,8.49,286113.0
300017.SZ,20260908,513700,15.7,8065090.0
300018.SZ,20260908,2600,11.87,30862.0
300019.SZ,20260908,4600,14.32,65872.0
300020.SZ,20260908,114780,4.01,460267.8
300021.SZ,20260908,127300,4.19,533387.0
300022.SZ,20260908,9600,8.18,78528.0
300024.SZ,20260908,51700,14.37,742929.0
300025.SZ,20260908,21800,6.0,130800.0
300026.SZ,20260908,48700,3.29,160223.0
300027.SZ,20260908,76400,1.8,137520.0
300030.SZ,20260908,9500,6.82,64790.0
300031.SZ,20260908,27800,20.75,576850.0
300032.SZ,20260908,5800,3.85,22330.0
300033.SZ,20260908,37700,216.88,8176376.0
300034.SZ,20260908,62700,16.14,1011978.0
300035.SZ,20260908,15500,12.73,197315.0
300036.SZ,20260908,8900,10.5,93450.0
300037.SZ,20260908,59400,68.58,4073652.0
300039.SZ,20260908,95000,5.39,512050.0
300040.SZ,20260908,29400,5.64,165816.0
300041.SZ,20260908,52000,10.87,565240.0
300042.SZ,20260908,22800,38.61,880308.0
300043.SZ,20260908,280300,4.74,1328622.0
300044.SZ,20260908,27800,6.08,169024.0
300045.SZ,20260908,30200,12.02,363004.0
300046.SZ,20260908,7400,24.32,179968.0
300047.SZ,20260908,13500,9.38,126630.0
300048.SZ,20260908,45500,5.08,231140.0
300049.SZ,20260908,482467,40.77,19670179.59
300050.SZ,20260908,92200,7.05,650010.0
300051.SZ,20260908,9300,8.21,76353.0
300052.SZ,20260908,103100,11.47,1182557.0
300053.SZ,20260908,20700,12.04,249228.0
300054.SZ,20260908,77300,68.82,5319786.0
300055.SZ,20260908,130800,5.97,780876.0
300056.SZ,20260908,1100,8.6,9460.0
300057.SZ,20260908,27119,6.42,174103.98
300058.SZ,20260908,1230800,14.01,17243508.0
300059.SZ,20260908,487800,18.98,9258444.0
300061.SZ,20260908,498600,6.51,3245886.0
300062.SZ,20260908,49500,6.3,311850.0
300063.SZ,20260908,256000,9.58,2452480.0
300065.SZ,20260908,48200,15.49,746618.0
300066.SZ,20260908,8000,4.89,39120.0
300067.SZ,20260908,162400,5.48,889952.0
300068.SZ,20260908,435000,4.15,1805250.0
300069.SZ,20260908,22900,25.3,579370.0
300070.SZ,20260908,37600,3.46,130096.0
300071.SZ,20260908,137600,4.4,605440.0
300072.SZ,20260908,8800,3.62,31856.0
300073.SZ,20260908,4900,38.52,188748.0
300074.SZ,20260908,67000,3.84,257280.0
300075.SZ,20260908,17300,10.88,188224.0
300076.SZ,20260908,200,4.54,908.0
300077.SZ,20260908,60200,20.01,1204602.0
300078.SZ,20260908,75500,2.87,216685.0
300079.SZ,20260908,98600,4.97,490042.0
300080.SZ,20260908,98300,3.77,370591.0
300081.SZ,20260908,39800,3.55,141290.0
300082.SZ,20260908,12100,8.49,102729.0
300083.SZ,20260908,89700,12.8,1148160.0
300084.SZ,20260908,153300,11.37,1743021.0
300085.SZ,20260908,753901,32.7,24652562.7
300086.SZ,20260908,19800,6.68,132264.0
300087.SZ,20260908,91400,6.2,566680.0
300088.SZ,20260908,128300,6.9,885270.0
300091.SZ,20260908,79300,2.49,197457.0
300092.SZ,20260908,8100,11.79,95499.0
300093.SZ,20260908,14500,23.81,345245.0
300094.SZ,20260908,1689000,3.3,5573700.0
300095.SZ,20260908,6700,8.62,57754.0
300096.SZ,20260908,136500,9.33,1273545.0
300097.SZ,20260908,10200,9.97,101694.0
300098.SZ,20260908,69900,4.46,311754.0
300099.SZ,20260908,418600,6.18,2586948.0
300100.SZ,20260908,2900,21.15,61335.0
300101.SZ,20260908,2800,14.4,40320.0
300102.SZ,20260908,20400,17.74,361896.0
300103.SZ,20260908,28700,8.76,251412.0
300105.SZ,20260908,3800,7.44,28272.0
300106.SZ,20260908,32400,11.78,381672.0
300107.SZ,20260908,7300,6.94,50662.0
300109.SZ,20260908,11600,13.76,159616.0
300110.SZ,20260908,41400,2.83,117162.0
300111.SZ,20260908,36500,3.13,114245.0
300112.SZ,20260908,874477,10.7,9356903.9
300113.SZ,20260908,33800,17.27,583726.0
300115.SZ,20260908,202300,24.44,4944212.0
300118.SZ,20260908,40900,9.47,387323.0
300119.SZ,20260908,10700,18.25,195275.0
300120.SZ,20260908,43000,7.45,320350.0
300121.SZ,20260908,4200,9.7,40740.0
300122.SZ,20260908,63200,13.26,838032.0
300123.SZ,20260908,779200,4.85,3779120.0
300124.SZ,20260908,59000,58.61,3457990.0
300125.SZ,20260908,28100,9.21,258801.0
300126.SZ,20260908,31600,6.65,210140.0
300127.SZ,20260908,4500,24.54,110430.0
300128.SZ,20260908,200400,5.23,1048092.0
300129.SZ,20260908,2700,7.38,19926.0
300130.SZ,20260908,59000,19.51,1151090.0
300131.SZ,20260908,363200,15.57,5655024.0
300132.SZ,20260908,3900,6.42,25038.0
300133.SZ,20260908,643400,7.7,4954180.0
300134.SZ,20260908,56900,8.81,501289.0
300135.SZ,20260908,43700,3.52,153824.0
300136.SZ,20260908,70800,57.1,4042680.0
300137.SZ,20260908,200,11.21,2242.0
300138.SZ,20260908,26900,12.0,322800.0
300139.SZ,20260908,160268,50.5,8093534.0
300140.SZ,20260908,12800,5.45,69760.0
300141.SZ,20260908,5300,10.46,55438.0
300142.SZ,20260908,171300,13.01,2228613.0
300143.SZ,20260908,27100,7.56,204876.0
300144.SZ,20260908,129900,6.16,800184.0
300145.SZ,20260908,438700,4.87,2136469.0
300146.SZ,20260908,12600,9.82,123732.0
300147.SZ,20260908,19300,6.36,122748.0
300148.SZ,20260908,86100,3.67,315987.0
300149.SZ,20260908,143300,9.07,1299731.0
300150.SZ,20260908,3200,4.28,13696.0
300151.SZ,20260908,25000,16.17,404250.0
300152.SZ,20260908,245800,1.73,425234.0
300153.SZ,20260908,460500,25.78,11871690.0
300154.SZ,20260908,53600,12.63,676968.0
300155.SZ,20260908,26800,4.57,122476.0
300157.SZ,20260908,17300,4.05,70065.0
300158.SZ,20260908,27300,5.36,146328.0
300159.SZ,20260908,324500,3.05,989725.0
300160.SZ,20260908,7800,4.47,34866.0
300161.SZ,20260908,9700,26.65,258505.0
300162.SZ,20260908,42300,7.72,326556.0
300163.SZ,20260908,249200,7.74,1928808.0
300164.SZ,20260908,573200,10.34,5926888.0
300165.SZ,20260908,33800,5.28,178464.0
300166.SZ,20260908,61300,12.77,782801.0
300167.SZ,20260908,1400,4.08,5712.0
300168.SZ,20260908,9400,4.94,46436.0
300169.SZ,20260908,100400,5.77,579308.0
300170.SZ,20260908,115000,16.39,1884850.0
300171.SZ,20260908,23200,13.77,319464.0
300172.SZ,20260908,35700,4.7,167790.0
300173.SZ,20260908,61600,3.37,207592.0
300174.SZ,20260908,91500,18.98,1736670.0
300175.SZ,20260908,11900,6.12,72828.0
300176.SZ,20260908,42580,4.5,191610.0
300177.SZ,20260908,3000,6.31,18930.0
300179.SZ,20260908,464900,38.99,18126451.0
300180.SZ,20260908,242200,4.69,1135918.0
300181.SZ,20260908,52800,13.47,711216.0
300182.SZ,20260908,1066100,5.36,5714296.0
300183.SZ,20260908,2400,10.62,25488.0
300184.SZ,20260908,153800,12.0,1845600.0
300185.SZ,20260908,30600,2.71,82926.0
300187.SZ,20260908,5400,4.75,25650.0
300188.SZ,20260908,3200,10.36,33152.0
300189.SZ,20260908,5611300,7.77,43599801.0
300190.SZ,20260908,312200,4.15,1295630.0
300191.SZ,20260908,48800,36.46,1779248.0
300192.SZ,20260908,26700,18.5,493950.0
300193.SZ,20260908,4000,8.03,32120.0
300194.SZ,20260908,3000,3.93,11790.0
300195.SZ,20260908,28000,6.28,175840.0
300196.SZ,20260908,24100,16.85,406085.0
300197.SZ,20260908,1144100,2.06,2356846.0
300198.SZ,20260908,400,2.44,976.0
300199.SZ,20260908,192600,23.51,4528026.0
300200.SZ,20260908,1700,8.61,14637.0
300201.SZ,20260908,55300,13.25,732725.0
300203.SZ,20260908,300,12.55,3765.0
300204.SZ,20260908,31600,21.2,669920.0
300205.SZ,20260908,33900,5.05,171195.0
300206.SZ,20260908,5100,11.75,59925.0
300207.SZ,20260908,278100,17.25,4797225.0
300209.SZ,20260908,618300,35.86,22172238.0
300210.SZ,20260908,5700,8.08,46056.0
300211.SZ,20260908,21100,7.45,157195.0
300212.SZ,20260908,13500,8.22,110970.0
300213.SZ,20260908,2800,6.52,18256.0
300214.SZ,20260908,192500,11.22,2159850.0
300215.SZ,20260908,9200,6.53,60076.0
300217.SZ,20260908,46500,4.17,193905.0
300218.SZ,20260908,16000,13.0,208000.0
300219.SZ,20260908,82200,6.97,572934.0
300220.SZ,20260908,5200,11.64,60528.0
300221.SZ,20260908,82000,13.58,1113560.0
300222.SZ,20260908,118100,10.26,1211706.0
300223.SZ,20260908,78000,135.0,10530000.0
300224.SZ,20260908,103300,12.19,1259227.0
300225.SZ,20260908,313000,8.12,2541560.0
300226.SZ,20260908,21300,17.2,366360.0
300227.SZ,20260908,35600,13.57,483092.0
300228.SZ,20260908,1900,6.91,13129.0
300229.SZ,20260908,61400,13.66,838724.0
300230.SZ,20260908,15800,4.4,69520.0
300231.SZ,20260908,13200,8.39,110748.0
300232.SZ,20260908,4400,5.55,24420.0
300233.SZ,20260908,25200,13.24,333648.0
300234.SZ,20260908,47000,10.54,495380.0
300235.SZ,20260908,19900,11.46,228054.0
300236.SZ,20260908,18900,83.81,1584009.0
300237.SZ,20260908,218200,2.3,501860.0
300238.SZ,20260908,6700,11.55,77385.0
300239.SZ,20260908,14700,5.13,75411.0
300240.SZ,20260908,18100,6.14,111134.0
300241.SZ,20260908,6800,5.84,39712.0
300242.SZ,20260908,12400,4.15,51460.0
300243.SZ,20260908,45100,15.84,714384.0
300244.SZ,20260908,96400,18.0,1735200.0
300245.SZ,20260908,14300,6.04,86372.0
300246.SZ,20260908,12900,15.28,197112.0
300247.SZ,20260908,2100,3.75,7875.0
300248.SZ,20260908,17100,8.74,149454.0
300249.SZ,20260908,25600,13.47,344832.0
300250.SZ,20260908,11300,16.1,181930.0
300251.SZ,20260908,129000,11.66,1504140.0
300252.SZ,20260908,185000,12.23,2262550.0
300253.SZ,20260908,83100,6.95,577545.0
300254.SZ,20260908,15100,8.7,131370.0
300255.SZ,20260908,35800,23.4,837720.0
300256.SZ,20260908,51500,2.87,147805.0
300257.SZ,20260908,8600,17.73,152478.0
300258.SZ,20260908,1900,9.54,18126.0
300259.SZ,20260908,244500,4.48,1095360.0
300260.SZ,20260908,25200,55.53,1399356.0
300261.SZ,20260908,31300,4.93,154309.0
300263.SZ,20260908,48200,9.97,480554.0
300264.SZ,20260908,77200,6.35,490220.0
300265.SZ,20260908,15700,13.75,215875.0
300266.SZ,20260908,340100,2.05,697205.0
300267.SZ,20260908,28700,3.26,93562.0
300268.SZ,20260908,26400,13.06,344784.0
300269.SZ,20260908,7900,5.06,39974.0
300270.SZ,20260908,11600,10.94,126904.0
300271.SZ,20260908,6300,5.77,36351.0
300272.SZ,20260908,20600,5.82,119892.0
300274.SZ,20260908,193980,88.5,17167230.0
300275.SZ,20260908,25100,9.06,227406.0
300276.SZ,20260908,27300,6.3,171990.0
300277.SZ,20260908,85300,12.91,1101223.0
300278.SZ,20260908,4400,3.61,15884.0
300279.SZ,20260908,5500,5.78,31790.0
300281.SZ,20260908,4000,6.75,27000.0
300283.SZ,20260908,29800,13.0,387400.0
300284.SZ,20260908,46100,5.17,238337.0
300285.SZ,20260908,451200,62.25,28087200.0
300286.SZ,20260908,10700,20.2,216140.0
300287.SZ,20260908,780500,3.72,2903460.0
300288.SZ,20260908,5500,9.99,54945.0
300289.SZ,20260908,2400,5.91,14184.0
300290.SZ,20260908,118300,5.5,650650.0
300291.SZ,20260908,76900,5.47,420643.0
300292.SZ,20260908,40800,4.3,175440.0
300293.SZ,20260908,500,14.86,7430.0
300294.SZ,20260908,7600,14.56,110656.0
300295.SZ,20260908,3000,12.1,36300.0
300296.SZ,20260908,106700,5.07,540969.0
300298.SZ,20260908,8400,15.77,132468.0
300299.SZ,20260908,64600,5.71,368866.0
300300.SZ,20260908,1944900,8.82,17154018.0
300301.SZ,20260908,6000,3.49,20940.0
300302.SZ,20260908,56300,27.85,1567955.0
300303.SZ,20260908,224500,6.89,1546805.0
300304.SZ,20260908,46800,11.7,547560.0
300305.SZ,20260908,43600,6.25,272500.0
300306.SZ,20260908,49400,10.65,526110.0
300307.SZ,20260908,177400,7.58,1344692.0
300308.SZ,20260908,277926,899.2,249911059.2
300310.SZ,20260908,22900,4.47,102363.0
300311.SZ,20260908,233600,5.75,1343200.0
300313.SZ,20260908,811100,15.0,12166500.0
300314.SZ,20260908,2700,11.55,31185.0
300315.SZ,20260908,6531300,4.35,28411155.0
300316.SZ,20260908,27300,41.18,1124214.0
300317.SZ,20260908,48400,4.12,199408.0
300318.SZ,20260908,4200,5.08,21336.0
300319.SZ,20260908,947200,19.41,18385152.0
300320.SZ,20260908,4500,8.25,37125.0
300321.SZ,20260908,8400,33.24,279216.0
300322.SZ,20260908,141000,18.56,2616960.0
300323.SZ,20260908,166400,11.04,1837056.0
300324.SZ,20260908,30600,3.54,108324.0
300326.SZ,20260908,4200,6.27,26334.0
300327.SZ,20260908,15700,24.52,384964.0
300328.SZ,20260908,172003,15.54,2672926.62
300329.SZ,20260908,2400,12.33,29592.0
300331.SZ,20260908,8900,47.8,425420.0
300332.SZ,20260908,39600,4.95,196020.0
300333.SZ,20260908,175900,11.92,2096728.0
300334.SZ,20260908,80500,8.44,679420.0
300335.SZ,20260908,7100,5.6,39760.0
300337.SZ,20260908,31500,9.83,309645.0
300338.SZ,20260908,107200,3.12,334464.0
300339.SZ,20260908,138000,35.33,4875540.0
300340.SZ,20260908,18100,8.91,161271.0
300341.SZ,20260908,6400,12.94,82816.0
300342.SZ,20260908,19200,32.5,624000.0
300343.SZ,20260908,64300,5.63,362009.0
300345.SZ,20260908,55900,7.71,430989.0
300346.SZ,20260908,116600,52.36,6105176.0
300347.SZ,20260908,13200,49.27,650364.0
300348.SZ,20260908,41100,10.08,414288.0
300349.SZ,20260908,1900,10.28,19532.0
300350.SZ,20260908,64800,4.55,294840.0
300351.SZ,20260908,27400,14.82,406068.0
300352.SZ,20260908,20200,2.63,53126.0
300353.SZ,20260908,9400,16.5,155100.0
300354.SZ,20260908,1800,27.6,49680.0
300355.SZ,20260908,463900,3.01,1396339.0
300357.SZ,20260908,8300,21.67,179861.0
300358.SZ,20260908,15700,8.38,131566.0
300359.SZ,20260908,79600,4.35,346260.0
300360.SZ,20260908,16000,11.41,182560.0
300363.SZ,20260908,52100,19.74,1028454.0
300364.SZ,20260908,759300,26.72,20288496.0
300365.SZ,20260908,13400,4.74,63516.0
300366.SZ,20260908,14000,5.6,78400.0
300368.SZ,20260908,363700,9.68,3520616.0
300369.SZ,20260908,131800,7.84,1033312.0
300370.SZ,20260908,18500,2.22,41070.0
300371.SZ,20260908,5400,10.44,56376.0
300373.SZ,20260908,40400,88.48,3574592.0
300374.SZ,20260908,19900,11.15,221885.0
300375.SZ,20260908,3700,4.2,15540.0
300376.SZ,20260908,52400,4.38,229512.0
300377.SZ,20260908,51600,14.97,772452.0
300378.SZ,20260908,130000,39.39,5120700.0
300380.SZ,20260908,13500,29.98,404730.0
300381.SZ,20260908,7900,5.6,44240.0
300382.SZ,20260908,81400,18.66,1518924.0
300383.SZ,20260908,105800,12.18,1288644.0
300384.SZ,20260908,400,12.06,4824.0
300385.SZ,20260908,34900,13.25,462425.0
300386.SZ,20260908,102200,12.0,1226400.0
300387.SZ,20260908,40000,7.81,312400.0
300388.SZ,20260908,7300,6.96,50808.0
300389.SZ,20260908,3900,12.73,49647.0
300390.SZ,20260908,50900,57.7,2936930.0
300393.SZ,20260908,14700,6.18,90846.0
300394.SZ,20260908,203199,265.1,53868054.9
300395.SZ,20260908,68700,93.98,6456426.0
300396.SZ,20260908,100,7.18,718.0
300397.SZ,20260908,56000,10.88,609280.0
300398.SZ,20260908,40700,33.01,1343507.0
300399.SZ,20260908,82300,20.19,1661637.0
300400.SZ,20260908,64600,35.17,2271982.0
300401.SZ,20260908,109200,15.25,1665300.0
300402.SZ,20260908,6200,15.07,93434.0
300403.SZ,20260908,6000,9.38,56280.0
300404.SZ,20260908,89300,12.72,1135896.0
300405.SZ,20260908,30800,5.84,179872.0
300406.SZ,20260908,3200,11.66,37312.0
300407.SZ,20260908,1500,11.64,17460.0
300408.SZ,20260908,161600,114.93,18572688.0
300409.SZ,20260908,41400,17.48,723672.0
300410.SZ,20260908,126300,8.16,1030608.0
300411.SZ,20260908,107200,8.64,926208.0
300412.SZ,20260908,15900,4.52,71868.0
300413.SZ,20260908,2599800,21.3,55375740.0
300414.SZ,20260908,18100,11.12,201272.0
300415.SZ,20260908,700,19.4,13580.0
300416.SZ,20260908,13800,14.22,196236.0
300417.SZ,20260908,5300,12.03,63759.0
300418.SZ,20260908,623559,46.03,28702420.77
300419.SZ,20260908,0,,0.0
300420.SZ,20260908,237100,8.26,1958446.0
300421.SZ,20260908,2800,16.91,47348.0
300422.SZ,20260908,21600,4.15,89640.0
300423.SZ,20260908,19500,5.86,114270.0
300424.SZ,20260908,3900,14.04,54756.0
300425.SZ,20260908,13900,4.09,56851.0
300426.SZ,20260908,148500,7.15,1061775.0
300427.SZ,20260908,80800,7.06,570448.0
300428.SZ,20260908,10000,20.65,206500.0
300429.SZ,20260908,50300,10.91,548773.0
300430.SZ,20260908,1300,4.75,6175.0
300432.SZ,20260908,42900,13.85,594165.0
300433.SZ,20260908,233200,35.76,8339232.0
300434.SZ,20260908,4300,11.1,47730.0
300435.SZ,20260908,25200,17.19,433188.0
300436.SZ,20260908,29100,90.01,2619291.0
300437.SZ,20260908,4500,11.51,51795.0
300438.SZ,20260908,61800,54.81,3387258.0
300439.SZ,20260908,300,9.46,2838.0
300440.SZ,20260908,500,20.2,10100.0
300441.SZ,20260908,10600,7.11,75366.0
300442.SZ,20260908,46300,64.0,2963200.0
300443.SZ,20260908,9900,18.66,184734.0
300444.SZ,20260908,69000,9.41,649290.0
300445.SZ,20260908,10700,17.88,191316.0
300446.SZ,20260908,14800,12.96,191808.0
300447.SZ,20260908,2600,14.28,37128.0
300448.SZ,20260908,12400,5.78,71672.0
300449.SZ,20260908,25800,7.02,181116.0
300450.SZ,20260908,50300,31.45,1581935.0
300451.SZ,20260908,20300,3.53,71659.0
300452.SZ,20260908,36700,12.93,474531.0
300453.SZ,20260908,5300,9.06,48018.0
300454.SZ,20260908,34300,133.97,4595171.0
300455.SZ,20260908,3100,17.25,53475.0
300456.SZ,20260908,139900,38.33,5362367.0
300457.SZ,20260908,28200,21.54,607428.0
300458.SZ,20260908,122200,31.55,3855410.0
300459.SZ,20260908,481200,3.81,1833372.0
300460.SZ,20260908,10000,8.94,89400.0
300461.SZ,20260908,78800,34.12,2688656.0
300462.SZ,20260908,0,,0.0
300463.SZ,20260908,9100,9.24,84084.0
300464.SZ,20260908,14200,8.01,113742.0
300465.SZ,20260908,12300,12.15,149445.0
300466.SZ,20260908,8900,7.36,65504.0
300467.SZ,20260908,1800,34.7,62460.0
300468.SZ,20260908,1440539,25.01,36027880.39
300469.SZ,20260908,69100,51.88,3584908.0
300470.SZ,20260908,1300,27.9,36270.0
300471.SZ,20260908,6200,9.88,61256.0
300472.SZ,20260908,0,,0.0
300473.SZ,20260908,7000,27.23,190610.0
300474.SZ,20260908,12400,49.99,619876.0
300475.SZ,20260908,228600,179.88,41120568.0
300476.SZ,20260908,128826,232.0,29887632.0
300477.SZ,20260908,36600,2.61,95526.0
300478.SZ,20260908,15000,31.94,479100.0
300479.SZ,20260908,9400,15.0,141000.0
300480.SZ,20260908,55300,30.18,1668954.0
300481.SZ,20260908,6000,13.96,83760.0
300482.SZ,20260908,2500,16.64,41600.0
300483.SZ,20260908,57900,25.06,1450974.0
300484.SZ,20260908,11000,12.93,142230.0
300485.SZ,20260908,6100,8.64,52704.0
300486.SZ,20260908,19200,18.27,350784.0
300487.SZ,20260908,10600,63.65,674690.0
300488.SZ,20260908,162800,36.0,5860800.0
300489.SZ,20260908,38400,228.93,8790912.0
300490.SZ,20260908,15200,10.99,167048.0
300491.SZ,20260908,84200,31.8,2677560.0
300492.SZ,20260908,3600,24.31,87516.0
300493.SZ,20260908,16400,12.85,210740.0
300494.SZ,20260908,193200,8.68,1676976.0
300496.SZ,20260908,28200,59.28,1671696.0
300497.SZ,20260908,227800,18.98,4323644.0
300498.SZ,20260908,161300,15.25,2459825.0
300499.SZ,20260908,551900,35.37,19520703.0
300500.SZ,20260908,13500,9.91,133785.0
300501.SZ,20260908,20300,9.98,202594.0
300502.SZ,20260908,244310,419.33,102446512.3
300503.SZ,20260908,40900,66.6,2723940.0
300504.SZ,20260908,22000,17.7,389400.0
300505.SZ,20260908,47000,20.5,963500.0
300506.SZ,20260908,99800,5.05,503990.0
300507.SZ,20260908,35400,6.57,232578.0
300508.SZ,20260908,1200,40.2,48240.0
300509.SZ,20260908,4700,9.05,42535.0
300510.SZ,20260908,33900,3.46,117294.0
300511.SZ,20260908,236600,5.68,1343888.0
300512.SZ,20260908,29900,7.45,222755.0
300513.SZ,20260908,17000,7.58,128860.0
300514.SZ,20260908,10100,10.31,104131.0
300515.SZ,20260908,38200,15.93,608526.0
300516.SZ,20260908,22700,35.8,812660.0
300517.SZ,20260908,76000,11.74,892240.0
300518.SZ,20260908,10100,25.39,256439.0
300519.SZ,20260908,6200,14.35,88970.0
300520.SZ,20260908,14400,23.88,343872.0
300521.SZ,20260908,10200,25.2,257040.0
300522.SZ,20260908,72300,14.07,1017261.0
300523.SZ,20260908,5500,20.75,114125.0
300525.SZ,20260908,16000,8.25,132000.0
300527.SZ,20260908,27500,8.38,230450.0
300528.SZ,20260908,243400,13.87,3375958.0
300529.SZ,20260908,2500,15.51,38775.0
300530.SZ,20260908,24000,21.89,525360.0
300531.SZ,20260908,23600,16.5,389400.0
300532.SZ,20260908,2800,7.3,20440.0
300533.SZ,20260908,184900,16.17,2989833.0
300534.SZ,20260908,169400,13.41,2271654.0
300535.SZ,20260908,8700,16.56,144072.0
300536.SZ,20260908,160700,9.28,1491296.0
300537.SZ,20260908,18000,19.9,358200.0
300538.SZ,20260908,81400,15.42,1255188.0
300539.SZ,20260908,6700,18.01,120667.0
300540.SZ,20260908,25800,27.4,706920.0
300541.SZ,20260908,2400,10.05,24120.0
300542.SZ,20260908,17800,13.12,233536.0
300543.SZ,20260908,8700,7.8,67860.0
300545.SZ,20260908,15123,29.06,439474.38
300546.SZ,20260908,55200,17.86,985872.0
300547.SZ,20260908,19300,28.09,542137.0
300548.SZ,20260908,74973,214.02,16045721.46
300549.SZ,20260908,10500,14.74,154770.0
300550.SZ,20260908,37100,14.3,530530.0
300551.SZ,20260908,88100,12.25,1079225.0
300552.SZ,20260908,19500,21.62,421590.0
300553.SZ,20260908,33200,51.3,1703160.0
300554.SZ,20260908,5000,21.37,106850.0
300555.SZ,20260908,0,,0.0
300556.SZ,20260908,229957,18.0,4139226.0
300557.SZ,20260908,400,27.34,10936.0
300558.SZ,20260908,20800,48.3,1004640.0
300559.SZ,20260908,45200,12.89,582628.0
300560.SZ,20260908,19400,18.3,355020.0
300561.SZ,20260908,95100,16.12,1533012.0
300562.SZ,20260908,273200,17.48,4775536.0
300563.SZ,20260908,9500,23.44,222680.0
300564.SZ,20260908,12100,12.63,152823.0
300565.SZ,20260908,26100,9.96,259956.0
300566.SZ,20260908,76400,25.62,1957368.0
300567.SZ,20260908,13200,196.95,2599740.0
300568.SZ,20260908,32500,14.2,461500.0
300569.SZ,20260908,7100,4.65,33015.0
300570.SZ,20260908,211200,206.18,43545216.0
300571.SZ,20260908,9700,29.12,282464.0
300572.SZ,20260908,100,23.51,2351.0
300573.SZ,20260908,6200,37.19,230578.0
300575.SZ,20260908,2300,6.11,14053.0
300576.SZ,20260908,6100,28.3,172630.0
300577.SZ,20260908,2600,20.46,53196.0
300578.SZ,20260908,13300,16.33,217189.0
300579.SZ,20260908,40200,23.48,943896.0
300580.SZ,20260908,12100,19.33,233893.0
300581.SZ,20260908,47200,10.8,509760.0
300582.SZ,20260908,53400,11.35,606090.0
300583.SZ,20260908,15500,13.43,208165.0
300584.SZ,20260908,1500,31.24,46860.0
300585.SZ,20260908,12400,16.75,207700.0
300586.SZ,20260908,26900,9.09,244521.0
300587.SZ,20260908,14500,4.91,71195.0
300588.SZ,20260908,5600,24.55,137480.0
300589.SZ,20260908,128700,13.94,1794078.0
300590.SZ,20260908,15900,11.19,177921.0
300591.SZ,20260908,33100,7.36,243616.0
300592.SZ,20260908,20100,17.35,348735.0
300593.SZ,20260908,129000,34.5,4450500.0
300594.SZ,20260908,11900,15.75,187425.0
300595.SZ,20260908,2100,10.98,23058.0
300596.SZ,20260908,3900,41.54,162006.0
300597.SZ,20260908,12100,7.95,96195.0
300598.SZ,20260908,275500,33.0,9091500.0
300599.SZ,20260908,7700,11.38,87626.0
300600.SZ,20260908,18900,10.5,198450.0
300601.SZ,20260908,44300,12.6,558180.0
300602.SZ,20260908,272900,42.43,11579147.0
300603.SZ,20260908,64400,8.2,528080.0
300604.SZ,20260908,49400,271.5,13412100.0
300605.SZ,20260908,16300,10.51,171313.0
300606.SZ,20260908,12700,35.85,455295.0
300607.SZ,20260908,378600,37.84,14326224.0
300608.SZ,20260908,11100,10.0,111000.0
300609.SZ,20260908,24300,25.35,616005.0
300610.SZ,20260908,25500,10.55,269025.0
300611.SZ,20260908,19200,26.26,504192.0
300612.SZ,20260908,8500,12.59,107015.0
300613.SZ,20260908,31057,72.31,2245731.67
300614.SZ,20260908,12600,10.65,134190.0
300615.SZ,20260908,73400,14.55,1067970.0
300616.SZ,20260908,28900,10.82,312698.0
300617.SZ,20260908,3200,38.04,121728.0
300618.SZ,20260908,14300,33.63,480909.0
300619.SZ,20260908,9000,27.73,249570.0
300620.SZ,20260908,39800,301.58,12002884.0
300621.SZ,20260908,26600,7.42,197372.0
300622.SZ,20260908,2500,15.72,39300.0
300623.SZ,20260908,15500,29.2,452600.0
300624.SZ,20260908,61500,57.19,3517185.0
300625.SZ,20260908,5000,9.76,48800.0
300626.SZ,20260908,900,27.29,24561.0
300627.SZ,20260908,25100,27.83,698533.0
300628.SZ,20260908,38100,40.63,1548003.0
300629.SZ,20260908,7300,18.09,132057.0
300631.SZ,20260908,1700,21.61,36737.0
300632.SZ,20260908,248100,18.92,4694052.0
300633.SZ,20260908,16300,20.82,339366.0
300634.SZ,20260908,15000,20.14,302100.0
300635.SZ,20260908,6400,12.45,79680.0
300636.SZ,20260908,1600,6.88,11008.0
300637.SZ,20260908,7200,9.47,68184.0
300638.SZ,20260908,50200,19.09,958318.0
300639.SZ,20260908,19800,5.85,115830.0
300640.SZ,20260908,52300,6.78,354594.0
300641.SZ,20260908,2100,14.0,29400.0
300642.SZ,20260908,88400,17.2,1520480.0
300643.SZ,20260908,4300,18.27,78561.0
300644.SZ,20260908,2400,20.59,49416.0
300645.SZ,20260908,8000,13.86,110880.0
300647.SZ,20260908,661600,7.71,5100936.0
300648.SZ,20260908,500,40.17,20085.0
300649.SZ,20260908,25400,28.28,718312.0
300650.SZ,20260908,97000,12.42,1204740.0
300651.SZ,20260908,31100,17.74,551714.0
300652.SZ,20260908,2400,28.01,67224.0
300653.SZ,20260908,1400,15.14,21196.0
300654.SZ,20260908,39000,9.94,387660.0
300655.SZ,20260908,80300,12.35,991705.0
300656.SZ,20260908,2000,25.2,50400.0
300657.SZ,20260908,137300,35.62,4890626.0
300658.SZ,20260908,5000,10.56,52800.0
300659.SZ,20260908,1256,10.27,12899.12
300660.SZ,20260908,24600,24.67,606882.0
300661.SZ,20260908,25200,111.0,2797200.0
300662.SZ,20260908,57800,22.11,1277958.0
300663.SZ,20260908,147700,8.99,1327823.0
300664.SZ,20260908,35400,4.7,166380.0
300665.SZ,20260908,24400,9.3,226920.0
300666.SZ,20260908,48000,239.5,11496000.0
300667.SZ,20260908,0,,0.0
300668.SZ,20260908,5500,32.68,179740.0
300669.SZ,20260908,1200,23.43,28116.0
300670.SZ,20260908,35400,7.16,253464.0
300671.SZ,20260908,21400,52.73,1128422.0
300672.SZ,20260908,29900,170.0,5083000.0
300673.SZ,20260908,6400,14.18,90752.0
300674.SZ,20260908,202300,17.62,3564526.0
300675.SZ,20260908,2900,13.28,38512.0
300676.SZ,20260908,13238,36.83,487555.54
300677.SZ,20260908,9200,53.86,495512.0
300678.SZ,20260908,14300,22.44,320892.0
300679.SZ,20260908,42200,44.5,1877900.0
300680.SZ,20260908,2590,20.24,52421.6
300681.SZ,20260908,40000,21.52,860800.0
300682.SZ,20260908,14300,9.29,132847.0
300683.SZ,20260908,11000,24.95,274450.0
300684.SZ,20260908,1590000,96.0,152640000.0
300685.SZ,20260908,20500,17.14,351370.0
300686.SZ,20260908,8800,14.8,130240.0
300687.SZ,20260908,110500,28.61,3161405.0
300688.SZ,20260908,19300,29.71,573403.0
300689.SZ,20260908,26600,59.92,1593872.0
300690.SZ,20260908,7600,23.45,178220.0
300691.SZ,20260908,6600,14.53,95898.0
300692.SZ,20260908,3900,8.88,34632.0
300693.SZ,20260908,30000,40.55,1216500.0
300694.SZ,20260908,1300,10.9,14170.0
300695.SZ,20260908,4300,49.96,214828.0
300696.SZ,20260908,6400,21.29,136256.0
300697.SZ,20260908,207500,15.1,3133250.0
300698.SZ,20260908,1000,26.82,26820.0
300699.SZ,20260908,22700,24.03,545481.0
300700.SZ,20260908,20000,20.01,400200.0
300701.SZ,20260908,4800,10.08,48384.0
300702.SZ,20260908,300,21.39,6417.0
300703.SZ,20260908,77700,14.91,1158507.0
300705.SZ,20260908,8300,11.0,91300.0
300706.SZ,20260908,24900,48.59,1209891.0
300707.SZ,20260908,23500,12.1,284350.0
300708.SZ,20260908,33700,8.49,286113.0
300709.SZ,20260908,119300,45.15,5386395.0
300710.SZ,20260908,3800,31.3,118940.0
300711.SZ,20260908,55400,18.31,1014374.0
300712.SZ,20260908,600,20.22,12132.0
300713.SZ,20260908,28200,13.48,380136.0
300715.SZ,20260908,10100,14.45,145945.0
300716.SZ,20260908,3500,18.77,65695.0
300717.SZ,20260908,8700,18.65,162255.0
300718.SZ,20260908,6900,55.69,384261.0
300719.SZ,20260908,5600,12.46,69776.0
300720.SZ,20260908,29500,65.64,1936380.0
300721.SZ,20260908,6200,21.84,135408.0
300722.SZ,20260908,2300,22.16,50968.0
300723.SZ,20260908,14700,35.6,523320.0
300724.SZ,20260908,7000,53.1,371700.0
300725.SZ,20260908,57900,42.7,2472330.0
300726.SZ,20260908,27400,50.11,1373014.0
300727.SZ,20260908,351700,32.2,11324740.0
300729.SZ,20260908,3200,10.8,34560.0
300730.SZ,20260908,23000,11.62,267260.0
300731.SZ,20260908,19700,47.3,931810.0
300732.SZ,20260908,39000,5.97,232830.0
300733.SZ,20260908,1000,13.4,13400.0
300735.SZ,20260908,60100,19.39,1165339.0
300736.SZ,20260908,40900,34.01,1391009.0
300737.SZ,20260908,72400,4.87,352588.0
300738.SZ,20260908,50100,20.15,1009515.0
300739.SZ,20260908,118900,24.58,2922562.0
300740.SZ,20260908,104700,22.69,2375643.0
300741.SZ,20260908,186200,18.3,3407460.0
300743.SZ,20260908,18700,14.57,272459.0
300745.SZ,20260908,32300,29.63,957049.0
300746.SZ,20260908,47100,14.33,674943.0
300747.SZ,20260908,312200,40.53,12653466.0
300748.SZ,20260908,8200,26.15,214430.0
300749.SZ,20260908,1000,25.56,25560.0
300750.SZ,20260908,217878,345.67,75313888.26
300751.SZ,20260908,14400,200.0,2880000.0
300752.SZ,20260908,17900,11.58,207282.0
300753.SZ,20260908,4500,21.98,98910.0
300755.SZ,20260908,3100,11.73,36363.0
300756.SZ,20260908,40400,31.0,1252400.0
300757.SZ,20260908,58350,633.14,36943719.0
300758.SZ,20260908,15000,11.48,172200.0
300759.SZ,20260908,126800,41.28,5234304.0
300760.SZ,20260908,20200,168.0,3393600.0
300761.SZ,20260908,39800,21.69,863262.0
300762.SZ,20260908,50700,27.72,1405404.0
300763.SZ,20260908,3540,58.25,206205.0
300765.SZ,20260908,76200,44.98,3427476.0
300766.SZ,20260908,25800,22.59,582822.0
300767.SZ,20260908,11400,19.1,217740.0
300768.SZ,20260908,3600,14.75,53100.0
300769.SZ,20260908,13600,41.82,568752.0
300770.SZ,20260908,3800,35.55,135090.0
300771.SZ,20260908,35000,11.65,407750.0
300772.SZ,20260908,50000,9.19,459500.0
300773.SZ,20260908,399861,16.12,6445759.32
300774.SZ,20260908,2300,10.96,25208.0
300775.SZ,20260908,5100,21.55,109905.0
300776.SZ,20260908,23600,113.68,2682848.0
300777.SZ,20260908,13000,22.13,287690.0
300778.SZ,20260908,85000,11.78,1001300.0
300779.SZ,20260908,18400,56.8,1045120.0
300780.SZ,20260908,14700,20.5,301350.0
300781.SZ,20260908,21500,28.62,615330.0
300782.SZ,20260908,10100,73.5,742350.0
300783.SZ,20260908,9400,18.02,169388.0
300784.SZ,20260908,2054,42.05,86370.7
300785.SZ,20260908,16400,36.5,598600.0
300786.SZ,20260908,12300,14.69,180687.0
300787.SZ,20260908,2500,10.29,25725.0
300788.SZ,20260908,764600,29.89,22853894.0
300789.SZ,20260908,5000,16.61,83050.0
300790.SZ,20260908,34600,19.01,657746.0
300791.SZ,20260908,2300,17.89,41147.0
300792.SZ,20260908,81800,26.18,2141524.0
300793.SZ,20260908,8800,11.56,101728.0
300795.SZ,20260908,122300,13.45,1644935.0
300796.SZ,20260908,7000,7.02,49140.0
300797.SZ,20260908,4600,13.14,60444.0
300798.SZ,20260908,154100,8.65,1332965.0
300800.SZ,20260908,10200,10.34,105468.0
300801.SZ,20260908,9300,21.89,203577.0
300802.SZ,20260908,214100,25.76,5515216.0
300803.SZ,20260908,50900,84.91,4321919.0
300804.SZ,20260908,600,45.25,27150.0
300805.SZ,20260908,2500,8.58,21450.0
300806.SZ,20260908,44500,47.71,2123095.0
300807.SZ,20260908,1000,38.21,38210.0
300808.SZ,20260908,53900,24.96,1345344.0
300809.SZ,20260908,8000,24.38,195040.0
300810.SZ,20260908,2700,25.03,67581.0
300811.SZ,20260908,90700,84.4,7655080.0
300812.SZ,20260908,18100,19.79,358199.0
300813.SZ,20260908,5500,21.0,115500.0
300814.SZ,20260908,13300,137.72,1831676.0
300815.SZ,20260908,12000,15.26,183120.0
300816.SZ,20260908,24200,67.01,1621642.0
300817.SZ,20260908,1800,16.79,30222.0
300818.SZ,20260908,6000,18.2,109200.0
300819.SZ,20260908,2100,46.71,98091.0
300820.SZ,20260908,12700,57.93,735711.0
300821.SZ,20260908,194400,15.16,2947104.0
300822.SZ,20260908,50700,12.05,610935.0
300823.SZ,20260908,13000,14.95,194350.0
300824.SZ,20260908,7300,7.97,58181.0
300825.SZ,20260908,48200,12.3,592860.0
300826.SZ,20260908,5720,14.9,85228.0
300827.SZ,20260908,1800,24.47,44046.0
300828.SZ,20260908,53500,18.76,1003660.0
300829.SZ,20260908,88800,17.75,1576200.0
300830.SZ,20260908,569000,9.53,5422570.0
300831.SZ,20260908,3800,14.63,55594.0
300832.SZ,20260908,4100,51.0,209100.0
300833.SZ,20260908,400,41.58,16632.0
300834.SZ,20260908,5500,41.48,228140.0
300835.SZ,20260908,21500,172.8,3715200.0
300836.SZ,20260908,19400,50.7,983580.0
300837.SZ,20260908,8800,23.22,204336.0
300838.SZ,20260908,10100,14.6,147460.0
300839.SZ,20260908,101000,13.15,1328150.0
300840.SZ,20260908,107400,17.99,1932126.0
300841.SZ,20260908,5100,51.0,260100.0
300842.SZ,20260908,9100,65.55,596505.0
300843.SZ,20260908,12600,128.68,1621368.0
300844.SZ,20260908,4900,25.05,122745.0
300845.SZ,20260908,39000,13.94,543660.0
300846.SZ,20260908,32500,19.3,627250.0
300847.SZ,20260908,26900,14.05,377945.0
300848.SZ,20260908,3300,11.67,38511.0
300849.SZ,20260908,4100,22.92,93972.0
300850.SZ,20260908,33300,26.88,895104.0
300851.SZ,20260908,4500,24.11,108495.0
300852.SZ,20260908,124600,52.98,6601308.0
300853.SZ,20260908,3600,28.49,102564.0
300854.SZ,20260908,8700,16.91,147117.0
300855.SZ,20260908,10100,36.04,364004.0
300856.SZ,20260908,22700,10.72,243344.0
300857.SZ,20260908,137300,274.0,37620200.0
300858.SZ,20260908,19500,14.76,287820.0
300859.SZ,20260908,104566,29.86,3122340.76
300860.SZ,20260908,90700,33.1,3002170.0
300861.SZ,20260908,7400,16.23,120102.0
300862.SZ,20260908,693000,49.0,33957000.0
300863.SZ,20260908,11100,42.0,466200.0
300864.SZ,20260908,212700,29.03,6174681.0
300865.SZ,20260908,30400,34.36,1044544.0
300866.SZ,20260908,6843,132.25,904986.75
300867.SZ,20260908,2400,17.4,41760.0
300868.SZ,20260908,4200,82.46,346332.0
300869.SZ,20260908,200,11.21,2242.0
300870.SZ,20260908,26100,216.0,5637600.0
300871.SZ,20260908,15900,22.77,362043.0
300872.SZ,20260908,17700,15.52,274704.0
300873.SZ,20260908,78500,16.48,1293680.0
300875.SZ,20260908,35100,35.25,1237275.0
300876.SZ,20260908,3000,15.47,46410.0
300877.SZ,20260908,31000,26.61,824910.0
300878.SZ,20260908,2200,34.09,74998.0
300879.SZ,20260908,124200,18.21,2261682.0
300880.SZ,20260908,5900,21.24,125316.0
300881.SZ,20260908,1000,31.69,31690.0
300882.SZ,20260908,5100,14.0,71400.0
300883.SZ,20260908,9700,6.78,65766.0
300884.SZ,20260908,20200,12.82,258964.0
300885.SZ,20260908,1800,19.77,35586.0
300886.SZ,20260908,1700,23.57,40069.0
300887.SZ,20260908,8900,7.35,65415.0
300888.SZ,20260908,2100,29.45,61845.0
300889.SZ,20260908,262200,27.02,7084644.0
300890.SZ,20260908,600,25.93,15558.0
300891.SZ,20260908,2000,7.55,15100.0
300892.SZ,20260908,17400,24.83,432042.0
300893.SZ,20260908,14100,14.3,201630.0
300894.SZ,20260908,37700,10.24,386048.0
300895.SZ,20260908,16500,56.56,933240.0
300896.SZ,20260908,8100,92.98,753138.0
300897.SZ,20260908,2000,16.07,32140.0
300898.SZ,20260908,19700,21.39,421383.0
300899.SZ,20260908,3500,31.7,110950.0
300900.SZ,20260908,15700,23.47,368479.0
300901.SZ,20260908,348400,21.1,7351240.0
300902.SZ,20260908,4700,16.16,75952.0
300903.SZ,20260908,101900,90.94,9266786.0
300904.SZ,20260908,7500,42.31,317325.0
300905.SZ,20260908,1100,36.11,39721.0
300906.SZ,20260908,4600,29.4,135240.0
300907.SZ,20260908,11300,53.53,604889.0
300908.SZ,20260908,7602,25.92,197043.84
300909.SZ,20260908,4700,56.5,265550.0
300910.SZ,20260908,12200,30.1,367220.0
300911.SZ,20260908,349500,27.88,9744060.0
300912.SZ,20260908,17100,21.06,360126.0
300913.SZ,20260908,17300,36.16,625568.0
300915.SZ,20260908,6600,20.4,134640.0
300916.SZ,20260908,24500,26.56,650720.0
300917.SZ,20260908,66600,28.96,1928736.0
300918.SZ,20260908,41500,11.17,463555.0
300919.SZ,20260908,10500,38.75,406875.0
300920.SZ,20260908,7100,34.67,246157.0
300921.SZ,20260908,20300,16.0,324800.0
300922.SZ,20260908,27800,18.96,527088.0
300923.SZ,20260908,9600,25.05,240480.0
300925.SZ,20260908,10500,14.71,154455.0
300926.SZ,20260908,7100,17.68,125528.0
300927.SZ,20260908,150000,29.98,4497000.0
300928.SZ,20260908,11700,25.03,292851.0
300929.SZ,20260908,54300,15.94,865542.0
300930.SZ,20260908,3300,25.68,84744.0
300931.SZ,20260908,37600,15.34,576784.0
300932.SZ,20260908,48000,11.41,547680.0
300933.SZ,20260908,311500,7.3,2273950.0
300935.SZ,20260908,4817,29.75,143305.75
300936.SZ,20260908,10500,77.5,813750.0
300937.SZ,20260908,4000,25.1,100400.0
300938.SZ,20260908,67700,28.94,1959238.0
300939.SZ,20260908,14900,70.0,1043000.0
300940.SZ,20260908,4300,14.02,60286.0
300941.SZ,20260908,13700,15.6,213720.0
300942.SZ,20260908,100,6.54,654.0
300943.SZ,20260908,98800,36.79,3634852.0
300945.SZ,20260908,59000,12.6,743400.0
300946.SZ,20260908,26600,40.4,1074640.0
300947.SZ,20260908,5000,15.01,75050.0
300948.SZ,20260908,7100,20.93,148603.0
300949.SZ,20260908,44000,24.2,1064800.0
300950.SZ,20260908,47400,19.06,903444.0
300951.SZ,20260908,12800,80.0,1024000.0
300952.SZ,20260908,10300,16.51,170053.0
300953.SZ,20260908,16500,92.25,1522125.0
300955.SZ,20260908,4600,30.58,140668.0
300956.SZ,20260908,10400,11.35,118040.0
300957.SZ,20260908,22100,33.04,730184.0
300958.SZ,20260908,10000,12.47,124700.0
300959.SZ,20260908,3900,96.59,376701.0
300960.SZ,20260908,3700,16.95,62715.0
300961.SZ,20260908,550300,15.05,8282015.0
300962.SZ,20260908,1800,13.12,23616.0
300963.SZ,20260908,4300,11.66,50138.0
300964.SZ,20260908,7900,60.47,477713.0
300965.SZ,20260908,1000,43.47,43470.0
300966.SZ,20260908,1800,23.64,42552.0
300967.SZ,20260908,29900,18.27,546273.0
300968.SZ,20260908,56211,10.66,599209.26
300969.SZ,20260908,28400,85.0,2414000.0
300970.SZ,20260908,136700,19.99,2732633.0
300971.SZ,20260908,2000,17.86,35720.0
300972.SZ,20260908,3700,181.53,671661.0
300973.SZ,20260908,9900,27.36,270864.0
300975.SZ,20260908,84700,25.18,2132746.0
300976.SZ,20260908,26600,60.54,1610364.0
300977.SZ,20260908,31700,19.44,616248.0
300978.SZ,20260908,11100,8.86,98346.0
300979.SZ,20260908,4700,32.67,153549.0
300980.SZ,20260908,6800,23.95,162860.0
300981.SZ,20260908,44700,15.53,694191.0
300982.SZ,20260908,4400,14.88,65472.0
300983.SZ,20260908,0,,0.0
300984.SZ,20260908,2700,30.99,83673.0
300985.SZ,20260908,4100,36.2,148420.0
300986.SZ,20260908,132800,12.15,1613520.0
300987.SZ,20260908,119300,15.16,1808588.0
300988.SZ,20260908,33000,15.88,524040.0
300989.SZ,20260908,12100,15.12,182952.0
300990.SZ,20260908,78400,96.81,7589904.0
300991.SZ,20260908,3700,27.65,102305.0
300992.SZ,20260908,4200,26.42,110964.0
300993.SZ,20260908,700,10.03,7021.0
300994.SZ,20260908,5300,11.4,60420.0
300995.SZ,20260908,16100,27.51,442911.0
300996.SZ,20260908,94900,13.82,1311518.0
300997.SZ,20260908,111900,17.89,2001891.0
300998.SZ,20260908,9000,29.95,269550.0
300999.SZ,20260908,86800,27.4,2378320.0
301000.SZ,20260908,10100,24.31,245531.0
301001.SZ,20260908,10800,25.9,279720.0
301002.SZ,20260908,8200,28.35,232470.0
301003.SZ,20260908,500,61.5,30750.0
301004.SZ,20260908,1300,33.56,43628.0
301005.SZ,20260908,29000,65.98,1913420.0
301006.SZ,20260908,5700,13.98,79686.0
301007.SZ,20260908,900,31.59,28431.0
301008.SZ,20260908,42500,45.74,1943950.0
301009.SZ,20260908,13900,9.27,128853.0
301010.SZ,20260908,13200,17.9,236280.0
301011.SZ,20260908,20300,15.7,318710.0
301012.SZ,20260908,13000,23.24,302120.0
301013.SZ,20260908,191700,36.89,7071813.0
301015.SZ,20260908,1900,23.49,44631.0
301016.SZ,20260908,31900,14.89,474991.0
301017.SZ,20260908,5100,13.3,67830.0
301018.SZ,20260908,98632,106.22,10476691.04
301019.SZ,20260908,2600,15.48,40248.0
301020.SZ,20260908,2900,20.99,60871.0
301021.SZ,20260908,12800,73.01,934528.0
301022.SZ,20260908,26000,22.85,594100.0
301023.SZ,20260908,2100,28.73,60333.0
301024.SZ,20260908,4400,33.82,148808.0
301025.SZ,20260908,298100,10.42,3106202.0
301026.SZ,20260908,34400,20.21,695224.0
301027.SZ,20260908,78100,20.7,1616670.0
301028.SZ,20260908,5800,13.48,78184.0
301029.SZ,20260908,13200,25.89,341748.0
301030.SZ,20260908,107700,7.46,803442.0
301031.SZ,20260908,2700,97.12,262224.0
301032.SZ,20260908,1100,10.28,11308.0
301033.SZ,20260908,1500,55.07,82605.0
301035.SZ,20260908,2600,56.08,145808.0
301036.SZ,20260908,2900,22.7,65830.0
301037.SZ,20260908,5000,13.32,66600.0
301038.SZ,20260908,25900,17.85,462315.0
301039.SZ,20260908,3000,7.81,23430.0
301040.SZ,20260908,7200,28.0,201600.0
301041.SZ,20260908,47300,30.5,1442650.0
301042.SZ,20260908,7400,32.13,237762.0
301043.SZ,20260908,1000,50.4,50400.0
301045.SZ,20260908,600,64.87,38922.0
301046.SZ,20260908,123900,31.24,3870636.0
301047.SZ,20260908,18000,93.17,1677060.0
301048.SZ,20260908,14300,9.24,132132.0
301049.SZ,20260908,4100,20.76,85116.0
301050.SZ,20260908,700,28.86,20202.0
301051.SZ,20260908,22900,18.48,423192.0
301052.SZ,20260908,45200,25.51,1153052.0
301053.SZ,20260908,9600,32.47,311712.0
301055.SZ,20260908,9700,26.98,261706.0
301056.SZ,20260908,35300,14.79,522087.0
301057.SZ,20260908,13300,21.48,285684.0
301058.SZ,20260908,35700,9.2,328440.0
301059.SZ,20260908,10000,12.47,124700.0
301060.SZ,20260908,32300,10.43,336889.0
301061.SZ,20260908,4600,38.07,175122.0
301062.SZ,20260908,18900,7.38,139482.0
301063.SZ,20260908,5800,18.07,104806.0
301065.SZ,20260908,2300,19.68,45264.0
301066.SZ,20260908,221300,13.69,3029597.0
301067.SZ,20260908,23900,31.8,760020.0
301068.SZ,20260908,2400,28.32,67968.0
301069.SZ,20260908,1700,16.26,27642.0
301070.SZ,20260908,4700,66.46,312362.0
301071.SZ,20260908,123500,61.92,7647120.0
301072.SZ,20260908,3300,44.86,148038.0
301073.SZ,20260908,135000,21.0,2835000.0
301075.SZ,20260908,600,61.05,36630.0
301076.SZ,20260908,15000,21.94,329100.0
301077.SZ,20260908,9300,21.53,200229.0
301078.SZ,20260908,17900,7.36,131744.0
301079.SZ,20260908,8200,29.4,241080.0
301080.SZ,20260908,16400,82.78,1357592.0
301081.SZ,20260908,22600,15.9,359340.0
301082.SZ,20260908,4100,10.22,41902.0
301083.SZ,20260908,4200,14.05,59010.0
301085.SZ,20260908,263700,71.87,18952119.0
301086.SZ,20260908,45500,153.87,7001085.0
301087.SZ,20260908,17300,52.5,908250.0
301088.SZ,20260908,7700,13.59,104643.0
301089.SZ,20260908,0,,0.0
301090.SZ,20260908,55300,7.1,392630.0
301091.SZ,20260908,20200,19.94,402788.0
301092.SZ,20260908,6700,44.13,295671.0
301093.SZ,20260908,11300,61.42,694046.0
301095.SZ,20260908,19400,74.39,1443166.0
301096.SZ,20260908,3200,43.26,138432.0
301097.SZ,20260908,3500,34.87,122045.0
301098.SZ,20260908,36500,9.6,350400.0
301099.SZ,20260908,10400,49.5,514800.0
301100.SZ,20260908,10400,15.89,165256.0
301101.SZ,20260908,5000,29.67,148350.0
301102.SZ,20260908,0,,0.0
301103.SZ,20260908,6800,16.41,111588.0
301105.SZ,20260908,4100,52.19,213979.0
301106.SZ,20260908,22900,19.95,456855.0
301107.SZ,20260908,6900,22.14,152766.0
301108.SZ,20260908,8600,41.14,353804.0
301109.SZ,20260908,4800,12.89,61872.0
301110.SZ,20260908,9200,37.6,345920.0
301111.SZ,20260908,7800,22.87,178386.0
301112.SZ,20260908,1800,30.41,54738.0
301113.SZ,20260908,7100,17.7,125670.0
301115.SZ,20260908,10100,29.56,298556.0
301116.SZ,20260908,7700,10.01,77077.0
301117.SZ,20260908,1200,14.86,17832.0
301118.SZ,20260908,3500,23.3,81550.0
301119.SZ,20260908,51400,28.09,1443826.0
301120.SZ,20260908,10600,15.2,161120.0
301121.SZ,20260908,3723,36.58,136187.34
301122.SZ,20260908,14200,46.88,665696.0
301123.SZ,20260908,85200,79.14,6742728.0
301125.SZ,20260908,53900,13.87,747593.0
301126.SZ,20260908,10600,10.61,112466.0
301127.SZ,20260908,101836,18.41,1874800.76
301128.SZ,20260908,54215,122.66,6650011.9
301129.SZ,20260908,900,23.47,21123.0
301130.SZ,20260908,18200,27.51,500682.0
301131.SZ,20260908,1000,33.69,33690.0
301132.SZ,20260908,13700,41.0,561700.0
301133.SZ,20260908,287300,33.0,9480900.0
301135.SZ,20260908,2900,17.32,50228.0
301136.SZ,20260908,74900,12.35,925015.0
301137.SZ,20260908,8900,32.69,290941.0
301138.SZ,20260908,0,,0.0
301139.SZ,20260908,0,,0.0
301141.SZ,20260908,2300,40.0,92000.0
301148.SZ,20260908,9700,55.27,536119.0
301149.SZ,20260908,354060,8.6,3044916.0
301150.SZ,20260908,34000,37.9,1288600.0
301151.SZ,20260908,145600,22.0,3203200.0
301152.SZ,20260908,9200,22.33,205436.0
301153.SZ,20260908,19100,18.24,348384.0
301155.SZ,20260908,5239,37.52,196567.28
301156.SZ,20260908,38300,12.63,483729.0
301157.SZ,20260908,1400,62.73,87822.0
301158.SZ,20260908,21100,15.09,318399.0
301159.SZ,20260908,1400,32.13,44982.0
301160.SZ,20260908,8700,44.22,384714.0
301161.SZ,20260908,1700,28.62,48654.0
301162.SZ,20260908,1300,36.84,47892.0
301163.SZ,20260908,1600,23.07,36912.0
301165.SZ,20260908,70400,111.89,7877056.0
301166.SZ,20260908,4100,28.52,116932.0
301167.SZ,20260908,3400,13.74,46716.0
301168.SZ,20260908,700,40.38,28266.0
301169.SZ,20260908,1100,57.38,63118.0
301170.SZ,20260908,14800,23.02,340696.0
301171.SZ,20260908,1067940,40.3,43037982.0
301172.SZ,20260908,12700,18.4,233680.0
301173.SZ,20260908,1300,33.56,43628.0
301175.SZ,20260908,35300,5.69,200857.0
301176.SZ,20260908,39700,46.46,1844462.0
301177.SZ,20260908,13800,24.14,333132.0
301178.SZ,20260908,3900,35.27,137553.0
301179.SZ,20260908,900,20.25,18225.0
301180.SZ,20260908,20000,11.93,238600.0
301181.SZ,20260908,4200,25.42,106764.0
301182.SZ,20260908,25000,73.45,1836250.0
301183.SZ,20260908,25300,242.87,6144611.0
301185.SZ,20260908,3800,17.43,66234.0
301186.SZ,20260908,1300,35.12,45656.0
301187.SZ,20260908,1000,14.62,14620.0
301188.SZ,20260908,239600,34.3,8218280.0
301189.SZ,20260908,10700,56.0,599200.0
301190.SZ,20260908,13700,18.47,253039.0
301191.SZ,20260908,3700,84.51,312687.0
301192.SZ,20260908,2000,19.94,39880.0
301193.SZ,20260908,108100,20.46,2211726.0
301195.SZ,20260908,1300,26.16,34008.0
301196.SZ,20260908,24100,88.61,2135501.0
301197.SZ,20260908,25400,26.99,685546.0
301198.SZ,20260908,7400,13.25,98050.0
301199.SZ,20260908,3300,18.08,59664.0
301200.SZ,20260908,6000,265.92,1595520.0
301201.SZ,20260908,4000,35.1,140400.0
301202.SZ,20260908,200,36.31,7262.0
301203.SZ,20260908,10700,35.36,378352.0
301205.SZ,20260908,39300,321.3,12627090.0
301206.SZ,20260908,79500,25.18,2001810.0
301207.SZ,20260908,21200,17.61,373332.0
301208.SZ,20260908,3700,31.0,114700.0
301209.SZ,20260908,600,60.13,36078.0
301210.SZ,20260908,7700,25.54,196658.0
301211.SZ,20260908,12900,11.8,152220.0
301212.SZ,20260908,20500,26.01,533205.0
301213.SZ,20260908,1100,40.4,44440.0
301215.SZ,20260908,107800,5.36,577808.0
301216.SZ,20260908,97900,20.08,1965832.0
301217.SZ,20260908,228800,107.5,24596000.0
301218.SZ,20260908,89900,45.44,4085056.0
301219.SZ,20260908,40000,43.52,1740800.0
301220.SZ,20260908,9000,26.53,238770.0
301221.SZ,20260908,900,27.69,24921.0
301222.SZ,20260908,10700,25.23,269961.0
301223.SZ,20260908,900,17.61,15849.0
301225.SZ,20260908,26700,60.5,1615350.0
301226.SZ,20260908,4700,32.83,154301.0
301227.SZ,20260908,2700,35.3,95310.0
301228.SZ,20260908,8800,58.15,511720.0
301229.SZ,20260908,11800,12.28,144904.0
301230.SZ,20260908,33900,30.08,1019712.0
301231.SZ,20260908,88521,29.86,2643237.06
301232.SZ,20260908,4900,98.4,482160.0
301233.SZ,20260908,4300,33.46,143878.0
301234.SZ,20260908,100300,105.0,10531500.0
301235.SZ,20260908,13100,47.19,618189.0
301236.SZ,20260908,39100,37.58,1469378.0
301237.SZ,20260908,2200,37.47,82434.0
301238.SZ,20260908,8400,15.8,132720.0
301239.SZ,20260908,2700,33.35,90045.0
301246.SZ,20260908,12000,18.22,218640.0
301248.SZ,20260908,5600,57.83,323848.0
301251.SZ,20260908,35800,55.78,1996924.0
301252.SZ,20260908,4900,37.45,183505.0
301255.SZ,20260908,12100,20.04,242484.0
301256.SZ,20260908,117200,10.54,1235288.0
301257.SZ,20260908,12100,38.0,459800.0
301258.SZ,20260908,10300,25.85,266255.0
301259.SZ,20260908,2500,21.42,53550.0
301260.SZ,20260908,3400,12.11,41174.0
301261.SZ,20260908,74660,61.64,4602042.4
301262.SZ,20260908,49900,20.92,1043908.0
301263.SZ,20260908,1500,20.05,30075.0
301265.SZ,20260908,16000,18.66,298560.0
301266.SZ,20260908,449960,25.97,11685461.2
301267.SZ,20260908,900,15.11,13599.0
301268.SZ,20260908,17900,12.7,227330.0
301269.SZ,20260908,67800,93.28,6324384.0
301270.SZ,20260908,5526,31.43,173682.18
301272.SZ,20260908,3400,34.7,117980.0
301273.SZ,20260908,5400,37.5,202500.0
301275.SZ,20260908,9600,43.0,412800.0
301276.SZ,20260908,2600,18.48,48048.0
301277.SZ,20260908,2000,10.24,20480.0
301278.SZ,20260908,1390,28.8,40032.0
301279.SZ,20260908,12100,23.89,289069.0
301280.SZ,20260908,1400,42.4,59360.0
301281.SZ,20260908,6400,49.5,316800.0
301282.SZ,20260908,126000,40.31,5079060.0
301283.SZ,20260908,1000,24.65,24650.0
301285.SZ,20260908,6500,86.74,563810.0
301286.SZ,20260908,2900,44.5,129050.0
301287.SZ,20260908,2300,42.75,98325.0
301288.SZ,20260908,20100,17.55,352755.0
301289.SZ,20260908,0,,0.0
301290.SZ,20260908,2000,28.5,57000.0
301291.SZ,20260908,7600,33.95,258020.0
301292.SZ,20260908,12600,61.54,775404.0
301293.SZ,20260908,2700,51.61,139347.0
301295.SZ,20260908,2200,37.53,82566.0
301296.SZ,20260908,14400,6.5,93600.0
301297.SZ,20260908,303900,41.67,12663513.0
301298.SZ,20260908,21600,13.09,282744.0
301299.SZ,20260908,3700,45.2,167240.0
301300.SZ,20260908,900,33.52,30168.0
301301.SZ,20260908,49400,8.31,410514.0
301302.SZ,20260908,3700,22.06,81622.0
301303.SZ,20260908,100,13.82,1382.0
301305.SZ,20260908,23400,25.83,604422.0
301306.SZ,20260908,3200,98.5,315200.0
301307.SZ,20260908,41500,58.69,2435635.0
301308.SZ,20260908,46200,353.32,16323384.0
301309.SZ,20260908,7800,32.01,249678.0
301310.SZ,20260908,47800,57.59,2752802.0
301311.SZ,20260908,25000,13.79,344750.0
301312.SZ,20260908,95700,86.83,8309631.0
301313.SZ,20260908,80900,33.56,2715004.0
301314.SZ,20260908,4500,46.26,208170.0
301315.SZ,20260908,6400,40.4,258560.0
301316.SZ,20260908,12000,38.34,460080.0
301317.SZ,20260908,14800,50.54,747992.0
301318.SZ,20260908,55400,21.74,1204396.0
301319.SZ,20260908,30200,96.66,2919132.0
301320.SZ,20260908,24000,13.92,334080.0
301321.SZ,20260908,68800,46.0,3164800.0
301322.SZ,20260908,43800,41.48,1816824.0
301323.SZ,20260908,1400,69.96,97944.0
301325.SZ,20260908,2100,29.85,62685.0
301326.SZ,20260908,3700,107.0,395900.0
301327.SZ,20260908,524,43.11,22589.64
301328.SZ,20260908,2700,52.6,142020.0
301329.SZ,20260908,2400,19.7,47280.0
301330.SZ,20260908,3800,25.56,97128.0
301331.SZ,20260908,6100,21.7,132370.0
301332.SZ,20260908,700,7.88,5516.0
301333.SZ,20260908,5652,56.11,317133.72
301335.SZ,20260908,13400,24.98,334732.0
301336.SZ,20260908,8300,43.18,358394.0
301337.SZ,20260908,39400,29.81,1174514.0
301338.SZ,20260908,13400,102.61,1374974.0
301339.SZ,20260908,303700,11.36,3450032.0
301345.SZ,20260908,1200,228.92,274704.0
301348.SZ,20260908,17600,21.29,374704.0
301349.SZ,20260908,2700,42.99,116073.0
301353.SZ,20260908,800,19.32,15456.0
301355.SZ,20260908,16700,10.49,175183.0
301356.SZ,20260908,900,19.55,17595.0
301357.SZ,20260908,21100,98.79,2084469.0
301358.SZ,20260908,22900,55.2,1264080.0
301359.SZ,20260908,3600,18.78,67608.0
301360.SZ,20260908,2200,55.47,122034.0
301361.SZ,20260908,1700,26.91,45747.0
301362.SZ,20260908,16100,109.96,1770356.0
301363.SZ,20260908,5000,16.08,80400.0
301365.SZ,20260908,16600,38.92,646072.0
301366.SZ,20260908,124200,58.79,7301718.0
301367.SZ,20260908,5600,46.79,262024.0
301368.SZ,20260908,4400,39.18,172392.0
301369.SZ,20260908,4000,127.43,509720.0
301370.SZ,20260908,3900,8.65,33735.0
301371.SZ,20260908,7500,21.46,160950.0
301372.SZ,20260908,3800,31.86,121068.0
301373.SZ,20260908,25400,101.4,2575560.0
301376.SZ,20260908,86200,22.4,1930880.0
301377.SZ,20260908,5600,399.27,2235912.0
301378.SZ,20260908,5700,25.3,144210.0
301379.SZ,20260908,64200,21.3,1367460.0
301380.SZ,20260908,17200,32.38,556936.0
301381.SZ,20260908,10200,23.26,237252.0
301382.SZ,20260908,11800,37.18,438724.0
301383.SZ,20260908,2400,24.14,57936.0
301386.SZ,20260908,1600,20.33,32528.0
301387.SZ,20260908,10000,56.44,564400.0
301388.SZ,20260908,11600,25.88,300208.0
301389.SZ,20260908,40700,58.03,2361821.0
301390.SZ,20260908,3000,36.31,108930.0
301391.SZ,20260908,2000,46.0,92000.0
301392.SZ,20260908,8800,175.41,1543608.0
301393.SZ,20260908,2000,56.4,112800.0
301395.SZ,20260908,3200,12.49,39968.0
301396.SZ,20260908,27400,175.9,4819660.0
301397.SZ,20260908,18100,24.56,444536.0
301398.SZ,20260908,26700,37.99,1014333.0
301399.SZ,20260908,27290,20.53,560263.7
301408.SZ,20260908,8600,14.54,125044.0
301413.SZ,20260908,3500,59.99,209965.0
301418.SZ,20260908,1613,35.06,56551.78
301419.SZ,20260908,107300,40.38,4332774.0
301421.SZ,20260908,8800,76.29,671352.0
301428.SZ,20260908,3400,28.71,97614.0
301429.SZ,20260908,16000,17.65,282400.0
301439.SZ,20260908,39900,14.33,571767.0
301446.SZ,20260908,900,38.03,34227.0
301448.SZ,20260908,1500,45.32,67980.0
301449.SZ,20260908,3600,42.93,154548.0
301456.SZ,20260908,10300,23.16,238548.0
301458.SZ,20260908,7400,36.6,270840.0
301459.SZ,20260908,5300,32.19,170607.0
301468.SZ,20260908,600,31.85,19110.0
301469.SZ,20260908,1000,28.48,28480.0
301479.SZ,20260908,2900,48.29,140041.0
301486.SZ,20260908,130800,196.68,25725744.0
301487.SZ,20260908,11100,15.82,175602.0
301488.SZ,20260908,27200,99.51,2706672.0
301489.SZ,20260908,132700,138.96,18439992.0
301491.SZ,20260908,2300,38.71,89033.0
301498.SZ,20260908,12300,39.74,488802.0
301499.SZ,20260908,9000,24.85,223650.0
301500.SZ,20260908,97300,24.53,2386769.0
301501.SZ,20260908,2600,27.9,72540.0
301502.SZ,20260908,600,50.66,30396.0
301503.SZ,20260908,6900,22.3,153870.0
301505.SZ,20260908,10300,17.3,178190.0
301507.SZ,20260908,2400,12.54,30096.0
301508.SZ,20260908,2600,24.68,64168.0
301509.SZ,20260908,10000,28.5,285000.0
301510.SZ,20260908,13900,28.1,390590.0
301511.SZ,20260908,286100,99.0,28323900.0
301512.SZ,20260908,1500,30.86,46290.0
301513.SZ,20260908,1200,44.4,53280.0
301515.SZ,20260908,2400,19.3,46320.0
301516.SZ,20260908,956100,20.82,19906002.0
301517.SZ,20260908,1600,38.2,61120.0
301518.SZ,20260908,500,24.08,12040.0
301519.SZ,20260908,7100,12.0,85200.0
301520.SZ,20260908,125400,60.5,7586700.0
301522.SZ,20260908,1600,23.09,36944.0
301525.SZ,20260908,6300,39.52,248976.0
301526.SZ,20260908,497300,27.39,13621047.0
301528.SZ,20260908,2600,58.5,152100.0
301529.SZ,20260908,65820,126.31,8313724.2
301531.SZ,20260908,3700,47.79,176823.0
301533.SZ,20260908,20000,29.78,595600.0
301535.SZ,20260908,17400,14.64,254736.0
301536.SZ,20260908,81600,124.03,10120848.0
301538.SZ,20260908,1500,41.94,62910.0
301539.SZ,20260908,106800,15.58,1663944.0
301548.SZ,20260908,2600,56.4,146640.0
301550.SZ,20260908,367887,99.18,36487032.66
301551.SZ,20260908,28900,22.47,649383.0
301552.SZ,20260908,4000,24.9,99600.0
301555.SZ,20260908,1300,34.86,45318.0
301556.SZ,20260908,43100,65.8,2835980.0
301557.SZ,20260908,900,86.0,77400.0
301558.SZ,20260908,22800,6.75,153900.0
301559.SZ,20260908,2000,13.19,26380.0
301560.SZ,20260908,3500,24.44,85540.0
301563.SZ,20260908,2200,117.08,257576.0
301565.SZ,20260908,6200,18.96,117552.0
301566.SZ,20260908,36400,25.16,915824.0
301567.SZ,20260908,1623,36.45,59158.35
301568.SZ,20260908,4800,69.42,333216.0
301571.SZ,20260908,16000,69.84,1117440.0
301575.SZ,20260908,5100,26.5,135150.0
301577.SZ,20260908,2500,57.81,144525.0
301578.SZ,20260908,1000,23.72,23720.0
301580.SZ,20260908,5900,55.3,326270.0
301581.SZ,20260908,2900,36.9,107010.0
301583.SZ,20260908,26700,119.02,3177834.0
301584.SZ,20260908,23400,20.95,490230.0
301585.SZ,20260908,0,,0.0
301586.SZ,20260908,7700,30.69,236313.0
301587.SZ,20260908,0,,0.0
301588.SZ,20260908,12700,28.17,357759.0
301589.SZ,20260908,800,142.71,114168.0
301590.SZ,20260908,12500,73.91,923875.0
301591.SZ,20260908,204500,48.0,9816000.0
301592.SZ,20260908,1500,105.91,158865.0
301595.SZ,20260908,80400,44.7,3593880.0
301596.SZ,20260908,9900,48.1,476190.0
301598.SZ,20260908,2000,51.87,103740.0
301599.SZ,20260908,1800,32.18,57924.0
301600.SZ,20260908,800,83.38,66704.0
301601.SZ,20260908,11100,16.0,177600.0
301602.SZ,20260908,3300,16.07,53031.0
301603.SZ,20260908,3200,127.25,407200.0
301606.SZ,20260908,24800,56.66,1405168.0
301607.SZ,20260908,26300,42.27,1111701.0
301608.SZ,20260908,500,44.6,22300.0
301609.SZ,20260908,5200,31.8,165360.0
301611.SZ,20260908,23100,89.89,2076459.0
301613.SZ,20260908,2200,35.79,78738.0
301616.SZ,20260908,818,35.8,29284.4
301617.SZ,20260908,2700,48.94,132138.0
301618.SZ,20260908,700,31.8,22260.0
301622.SZ,20260908,1700,38.45,65365.0
301626.SZ,20260908,3600,267.5,963000.0
301628.SZ,20260908,44900,118.02,5299098.0
301629.SZ,20260908,12000,292.78,3513360.0
301630.SZ,20260908,4600,189.0,869400.0
301631.SZ,20260908,7100,65.73,466683.0
301632.SZ,20260908,26600,13.71,364686.0
301633.SZ,20260908,8200,66.14,542348.0
301636.SZ,20260908,1300,40.45,52585.0
301638.SZ,20260908,40300,22.1,890630.0
301655.SZ,20260908,29400,23.79,699426.0
301656.SZ,20260908,700,14.83,10381.0
301658.SZ,20260908,2400,22.69,54456.0
301662.SZ,20260908,35688,62.94,2246202.72
301665.SZ,20260908,14000,22.9,320600.0
301666.SZ,20260908,25000,417.06,10426500.0
301667.SZ,20260908,3400,59.66,202844.0
301668.SZ,20260908,1900,35.09,66671.0
301669.SZ,20260908,4600,26.43,121578.0
301677.SZ,20260908,1900,53.22,101118.0
301678.SZ,20260908,6100,44.61,272121.0
301680.SZ,20260908,47400,102.0,4834800.0
301682.SZ,20260908,3300,106.8,352440.0
301683.SZ,20260908,0,,0.0
301687.SZ,20260908,10900,50.7,552630.0
301688.SZ,20260908,39600,40.08,1587168.0
301696.SZ,20260908,4500,94.0,423000.0
301697.SZ,20260908,121300,27.6,3347880.0
301707.SZ,20260908,14300,73.16,1046188.0
301717.SZ,20260908,25200,354.99,8945748.0
302132.SZ,20260908,55700,61.06,3401042.0
920000.BJ,20260908,3563,14.61,52055.43
920001.BJ,20260908,4600,11.72,53912.0
920002.BJ,20260908,1104,53.26,58799.04
920003.BJ,20260908,3000,16.1,48300.0
920005.BJ,20260908,1920,24.61,47251.2
920006.BJ,20260908,18759,19.6,367676.4
920007.BJ,20260908,2200,34.5,75900.0
920008.BJ,20260908,7561,21.67,163846.87
920009.BJ,20260908,100,36.55,3655.0
920010.BJ,20260908,9348,9.4,87871.2
920011.BJ,20260908,1357,18.59,25226.63
920012.BJ,20260908,6290,49.88,313745.2
920014.BJ,20260908,101,8.95,903.95
920015.BJ,20260908,345,39.4,13593.0
920016.BJ,20260908,7700,14.29,110033.0
920017.BJ,20260908,0,,0.0
920018.BJ,20260908,1100,15.62,17182.0
920019.BJ,20260908,23764,15.66,372144.24
920020.BJ,20260908,544,15.01,8165.44
920021.BJ,20260908,345493,9.0,3109437.0
920022.BJ,20260908,0,,0.0
920023.BJ,20260908,0,,0.0
920026.BJ,20260908,1985,20.47,40632.95
920027.BJ,20260908,5209,12.06,62820.54
920028.BJ,20260908,3000,14.8,44400.0
920029.BJ,20260908,1903,34.27,65215.81
920030.BJ,20260908,19266,4.95,95366.7
920033.BJ,20260908,1905,14.3,27241.5
920035.BJ,20260908,2511,25.17,63201.87
920036.BJ,20260908,103,32.49,3346.47
920037.BJ,20260908,1620,39.8,64476.0
920038.BJ,20260908,5947,34.84,207193.48
920039.BJ,20260908,0,,0.0
920045.BJ,20260908,15881,539.99,8575581.19
920046.BJ,20260908,1000,20.3,20300.0
920047.BJ,20260908,100,16.23,1623.0
920050.BJ,20260908,100,28.85,2885.0
920055.BJ,20260908,100,26.71,2671.0
920056.BJ,20260908,119076,15.96,1900452.96
920057.BJ,20260908,19161,5.09,97529.49
920058.BJ,20260908,2582,29.68,76633.76
920059.BJ,20260908,11659,13.65,159145.35
920060.BJ,20260908,43925,23.17,1017742.25
920061.BJ,20260908,1550,18.4,28520.0
920062.BJ,20260908,1900,7.59,14421.0
920065.BJ,20260908,7374,36.09,266127.66
920066.BJ,20260908,3208,18.28,58642.24
920068.BJ,20260908,49719,16.88,839256.72
920069.BJ,20260908,900,33.22,29898.0
920071.BJ,20260908,124576,25.57,3185408.32
920072.BJ,20260908,0,,0.0
920075.BJ,20260908,184203,19.99,3682217.97
920076.BJ,20260908,0,,0.0
920077.BJ,20260908,8301,14.12,117210.12
920078.BJ,20260908,1694,19.92,33744.48
920079.BJ,20260908,6608,13.57,89670.56
920080.BJ,20260908,100,22.33,2233.0
920081.BJ,20260908,2814,43.62,122746.68
920082.BJ,20260908,0,,0.0
920083.BJ,20260908,35985,37.59,1352676.15
920086.BJ,20260908,100,20.9,2090.0
920087.BJ,20260908,221211,20.0,4424220.0
920088.BJ,20260908,54082,45.79,2476414.78
920089.BJ,20260908,1500,10.39,15585.0
920090.BJ,20260908,11517,3.58,41230.86
920091.BJ,20260908,1200,30.0,36000.0
920092.BJ,20260908,7792,27.78,216461.76
920093.BJ,20260908,8306,19.8,164458.8
920096.BJ,20260908,300,35.19,10557.0
920098.BJ,20260908,8797,19.54,171893.38
920099.BJ,20260908,3063,17.8,54521.4
920100.BJ,20260908,76098,31.72,2413828.56
920101.BJ,20260908,0,,0.0
920106.BJ,20260908,701,37.35,26182.35
920107.BJ,20260908,290,20.62,5979.8
920108.BJ,20260908,0,,0.0
920110.BJ,20260908,5150,27.21,140131.5
920111.BJ,20260908,4000,28.39,113560.0
920112.BJ,20260908,100,15.8,1580.0
920116.BJ,20260908,885,45.5,40267.5
920117.BJ,20260908,16650,28.11,468031.5
920118.BJ,20260908,305,22.09,6737.45
920119.BJ,20260908,930,56.98,52991.4
920121.BJ,20260908,613,28.7,17593.1
920122.BJ,20260908,1127,24.53,27645.31
920123.BJ,20260908,3215,11.65,37454.75
920124.BJ,20260908,0,,0.0
920125.BJ,20260908,7551,135.5,1023160.5
920126.BJ,20260908,2627,10.55,27714.85
920128.BJ,20260908,7633,18.67,142508.11
920130.BJ,20260908,13833,18.15,251068.95
920132.BJ,20260908,0,,0.0
920136.BJ,20260908,14009,22.28,312120.52
920138.BJ,20260908,36479,34.03,1241380.37
920139.BJ,20260908,771,15.28,11780.88
920145.BJ,20260908,363,10.6,3847.8
920146.BJ,20260908,6300,5.41,34083.0
920149.BJ,20260908,1500,9.1,13650.0
920152.BJ,20260908,2556,13.19,33713.64
920156.BJ,20260908,334,36.96,12344.64
920158.BJ,20260908,8000,8.55,68400.0
920159.BJ,20260908,36973,35.41,1309213.93
920160.BJ,20260908,0,,0.0
920161.BJ,20260908,2100,22.64,47544.0
920163.BJ,20260908,0,,0.0
920165.BJ,20260908,3540,36.2,128148.0
920166.BJ,20260908,0,,0.0
920167.BJ,20260908,0,,0.0
920168.BJ,20260908,200,16.01,3202.0
920169.BJ,20260908,3186,22.0,70092.0
920171.BJ,20260908,400,17.13,6852.0
920174.BJ,20260908,1168,33.7,39361.6
920175.BJ,20260908,15405,8.0,123240.0
920176.BJ,20260908,22956,67.62,1552284.72
920177.BJ,20260908,0,,0.0
920178.BJ,20260908,28752,95.27,2739203.04
920179.BJ,20260908,4547,54.31,246947.57
920180.BJ,20260908,3000,11.99,35970.0
920181.BJ,20260908,900,71.41,64269.0
920183.BJ,20260908,1500,31.72,47580.0
920184.BJ,20260908,13886,12.79,177601.94
920185.BJ,20260908,5000,21.2,106000.0
920186.BJ,20260908,22525,75.94,1710548.5
920187.BJ,20260908,3099,17.92,55534.08
920188.BJ,20260908,300,22.73,6819.0
920189.BJ,20260908,49819,22.1,1100999.9
920190.BJ,20260908,17392,26.24,456366.08
920191.BJ,20260908,0,,0.0
920193.BJ,20260908,5857,31.2,182738.4
920195.BJ,20260908,600,13.31,7986.0
920198.BJ,20260908,56551,8.34,471635.34
920199.BJ,20260908,200,26.08,5216.0
920200.BJ,20260908,1600,26.4,42240.0
920204.BJ,20260908,24098,14.01,337612.98
920206.BJ,20260908,4016,44.47,178591.52
920207.BJ,20260908,3000,22.68,68040.0
920208.BJ,20260908,900,13.13,11817.0
920211.BJ,20260908,600,99.98,59988.0
920212.BJ,20260908,26279,11.61,305099.19
920218.BJ,20260908,1500,15.63,23445.0
920220.BJ,20260908,1350,42.9,57915.0
920221.BJ,20260908,4967,13.08,64968.36
920222.BJ,20260908,7189,28.81,207115.09
920223.BJ,20260908,163243,15.92,2598828.56
920225.BJ,20260908,9495,17.2,163314.0
920227.BJ,20260908,200,50.66,10132.0
920230.BJ,20260908,1100,10.88,11968.0
920237.BJ,20260908,1100,11.96,13156.0
920238.BJ,20260908,6188,67.74,419175.12
920239.BJ,20260908,1000,21.87,21870.0
920242.BJ,20260908,400,14.28,5712.0
920245.BJ,20260908,18931,14.25,269766.75
920247.BJ,20260908,525,15.01,7880.25
920249.BJ,20260908,19599,9.54,186974.46
920252.BJ,20260908,120,15.81,1897.2
920258.BJ,20260908,5731,11.28,64645.68
920260.BJ,20260908,1600,8.68,13888.0
920261.BJ,20260908,3100,13.99,43369.0
920262.BJ,20260908,7206,15.3,110251.8
920263.BJ,20260908,200,7.14,1428.0
920266.BJ,20260908,0,,0.0
920267.BJ,20260908,2696,17.08,46047.68
920269.BJ,20260908,175627,38.08,6687876.16
920270.BJ,20260908,100,12.29,1229.0
920271.BJ,20260908,0,,0.0
920273.BJ,20260908,26843,20.28,544376.04
920274.BJ,20260908,4361,17.18,74921.98
920275.BJ,20260908,15766,7.33,115564.78
920278.BJ,20260908,100,6.58,658.0
920284.BJ,20260908,2200,17.2,37840.0
920288.BJ,20260908,14259,18.9,269495.1
920289.BJ,20260908,122980,27.88,3428682.4
920299.BJ,20260908,3262,15.09,49223.58
920300.BJ,20260908,100,9.99,999.0
920304.BJ,20260908,14233,10.23,145603.59
920339.BJ,20260908,2736,10.6,29001.6
920344.BJ,20260908,2115,20.54,43442.1
920346.BJ,20260908,7281,15.77,114821.37
920351.BJ,20260908,1775,14.05,24938.75
920357.BJ,20260908,14334,15.99,229200.66
920363.BJ,20260908,3000,10.68,32040.0
920367.BJ,20260908,26955,26.09,703255.95
920368.BJ,20260908,1250,23.51,29387.5
920370.BJ,20260908,6500,3.06,19890.0
920371.BJ,20260908,16808,7.88,132447.04
920374.BJ,20260908,2500,15.79,39475.0
920375.BJ,20260908,0,,0.0
920378.BJ,20260908,0,,0.0
920392.BJ,20260908,5626,14.61,82195.86
920394.BJ,20260908,592,46.93,27782.56
920395.BJ,20260908,10500,7.34,77070.0
920396.BJ,20260908,1893,20.0,37860.0
920402.BJ,20260908,100731,9.21,927732.51
920403.BJ,20260908,36149,25.23,912039.27
920405.BJ,20260908,0,,0.0
920407.BJ,20260908,3890,11.57,45007.3
920414.BJ,20260908,4001,8.54,34168.54
920415.BJ,20260908,8000,9.76,78080.0
920418.BJ,20260908,700,18.6,13020.0
920419.BJ,20260908,4233,12.1,51219.3
920422.BJ,20260908,17123,10.09,172771.07
920425.BJ,20260908,11709,15.03,175986.27
920427.BJ,20260908,4924,8.99,44266.76
920429.BJ,20260908,11024,11.34,125012.16
920433.BJ,20260908,4000,4.98,19920.0
920436.BJ,20260908,23483,12.38,290719.54
920438.BJ,20260908,7085,99.51,705028.35
920445.BJ,20260908,48812,7.5,366090.0
920454.BJ,20260908,4527,11.78,53328.06
920455.BJ,20260908,100,6.81,681.0
920469.BJ,20260908,15425,6.4,98720.0
920471.BJ,20260908,12461,12.6,157008.6
920475.BJ,20260908,3861,12.67,48918.87
920476.BJ,20260908,229,22.88,5239.52
920478.BJ,20260908,3100,10.16,31496.0
920489.BJ,20260908,8126,12.66,102875.16
920491.BJ,20260908,330,22.78,7517.4
920493.BJ,20260908,2160,119.0,257040.0
920496.BJ,20260908,7700,6.59,50743.0
920504.BJ,20260908,2226,19.05,42405.3
920505.BJ,20260908,7573,28.13,213028.49
920508.BJ,20260908,0,,0.0
920509.BJ,20260908,13072,21.87,285884.64
920510.BJ,20260908,41642,21.54,896968.68
920519.BJ,20260908,1200,11.15,13380.0
920522.BJ,20260908,25499,19.01,484735.99
920523.BJ,20260908,3166,15.43,48851.38
920526.BJ,20260908,6400,20.3,129920.0
920527.BJ,20260908,3971,15.95,63337.45
920533.BJ,20260908,3056,19.99,61089.44
920541.BJ,20260908,0,,0.0
920547.BJ,20260908,200,19.19,3838.0
920553.BJ,20260908,0,,0.0
920556.BJ,20260908,0,,0.0
920564.BJ,20260908,18863,15.15,285774.45
920566.BJ,20260908,100,9.74,974.0
920570.BJ,20260908,700,25.29,17703.0
920571.BJ,20260908,192275,9.94,1911213.5
920575.BJ,20260908,33383,4.87,162575.21
920576.BJ,20260908,1702,39.7,67569.4
920578.BJ,20260908,2300,17.55,40365.0
920579.BJ,20260908,0,,0.0
920580.BJ,20260908,3400,11.4,38760.0
920592.BJ,20260908,48968,26.81,1312832.08
920593.BJ,20260908,8319,24.58,204481.02
920599.BJ,20260908,8244,18.56,153008.64
920608.BJ,20260908,10769,15.01,161642.69
920627.BJ,20260908,1421,14.52,20632.92
920634.BJ,20260908,30106,17.91,539198.46
920639.BJ,20260908,0,,0.0
920640.BJ,20260908,8970,26.5,237705.0
920641.BJ,20260908,2835,14.26,40427.1
920642.BJ,20260908,7018,10.46,73408.28
920651.BJ,20260908,790,25.26,19955.4
920656.BJ,20260908,3000,14.95,44850.0
920662.BJ,20260908,2411,21.26,51257.86
920663.BJ,20260908,1730,13.33,23060.9
920665.BJ,20260908,3900,9.11,35529.0
920670.BJ,20260908,5809,13.24,76911.16
920675.BJ,20260908,0,,0.0
920679.BJ,20260908,1200,16.12,19344.0
920682.BJ,20260908,1509,5.98,9023.82
920685.BJ,20260908,500,12.74,6370.0
920689.BJ,20260908,2764,20.92,57822.88
920690.BJ,20260908,0,,0.0
920693.BJ,20260908,1058,25.0,26450.0
920694.BJ,20260908,668,16.84,11249.12
920699.BJ,20260908,312,73.81,23028.72
920701.BJ,20260908,2400,12.4,29760.0
920703.BJ,20260908,0,,0.0
920706.BJ,20260908,30375,15.5,470812.5
920717.BJ,20260908,7295,7.27,53034.65
920718.BJ,20260908,3412,10.75,36679.0
920719.BJ,20260908,2529,7.5,18967.5
920720.BJ,20260908,1009,9.59,9676.31
920725.BJ,20260908,37801,83.6,3160163.6
920726.BJ,20260908,42589,18.16,773416.24
920729.BJ,20260908,15000,7.36,110400.0
920735.BJ,20260908,100,26.31,2631.0
920748.BJ,20260908,17590,35.5,624445.0
920751.BJ,20260908,0,,0.0
920753.BJ,20260908,4726,15.85,74907.1
920765.BJ,20260908,11309,12.41,140344.69
920768.BJ,20260908,0,,0.0
920770.BJ,20260908,14047,10.5,147493.5
920779.BJ,20260908,4300,24.44,105092.0
920781.BJ,20260908,572,5.95,3403.4
920786.BJ,20260908,299684,9.28,2781067.52
920790.BJ,20260908,8732,26.63,232533.16
920792.BJ,20260908,9270,9.8,90846.0
920799.BJ,20260908,51383,35.89,1844135.87
920802.BJ,20260908,382,11.26,4301.32
920806.BJ,20260908,800,10.72,8576.0
920807.BJ,20260908,4970,9.52,47314.4
920808.BJ,20260908,14745,64.01,943827.45
920809.BJ,20260908,2586,7.55,19524.3
920810.BJ,20260908,3480,9.3,32364.0
920819.BJ,20260908,5000,3.28,16400.0
920821.BJ,20260908,293960,22.7,6672892.0
920826.BJ,20260908,238060,10.61,2525816.6
920832.BJ,20260908,0,,0.0
920833.BJ,20260908,600,11.11,6666.0
920834.BJ,20260908,36727,9.89,363230.03
920837.BJ,20260908,5300,10.54,55862.0
920839.BJ,20260908,788,25.36,19983.68
920855.BJ,20260908,87271,15.05,1313428.55
920856.BJ,20260908,3750,11.98,44925.0
920857.BJ,20260908,372,20.76,7722.72
920866.BJ,20260908,38780,7.38,286196.4
920870.BJ,20260908,0,,0.0
920871.BJ,20260908,3077,11.41,35108.57
920873.BJ,20260908,0,,0.0
920876.BJ,20260908,15503,17.79,275798.37
920879.BJ,20260908,100,13.41,1341.0
920885.BJ,20260908,1100,12.9,14190.0
920892.BJ,20260908,3662,11.55,42296.1
920895.BJ,20260908,161579,28.0,4524212.0
920896.BJ,20260908,4405,13.24,58322.2
920906.BJ,20260908,0,,0.0
920914.BJ,20260908,0,,0.0
920924.BJ,20260908,33191,15.5,514460.5
920925.BJ,20260908,3527,12.01,42359.27
920926.BJ,20260908,7314,10.63,77747.82
920931.BJ,20260908,0,,0.0
920932.BJ,20260908,29766,11.6,345285.6
920942.BJ,20260908,808,18.73,15133.84
920943.BJ,20260908,1247,15.54,19378.38
920946.BJ,20260908,600,10.31,6186.0
920950.BJ,20260908,0,,0.0
920953.BJ,20260908,100,23.61,2361.0
920957.BJ,20260908,3500,10.16,35560.0
920961.BJ,20260908,25030,22.14,554164.2
920964.BJ,20260908,74203,5.59,414794.77
920970.BJ,20260908,149689,8.06,1206493.34
920971.BJ,20260908,37252,27.78,1034860.56
920974.BJ,20260908,0,,0.0
920976.BJ,20260908,3100,20.28,62868.0
920978.BJ,20260908,1882,20.15,37922.3
920981.BJ,20260908,50591,31.0,1568321.0
920982.BJ,20260908,2046,121.86,249325.56
920985.BJ,20260908,4105,4.88,20032.4
920992.BJ,20260908,3021,11.93,36040.53
