ts_code,trade_date,open,high,low,close,pre_close,vol,amount,pct_chg
000001.SZ,20261009,11.78,11.89,11.58,11.59,11.78,1078105.61,1259717.10828,-1.6129
000002.SZ,20261009,4.13,4.14,3.89,4.06,4.06,5897548.55,2355334.76701,0.0
000006.SZ,20261009,7.44,7.72,7.12,7.46,7.5,356965.0,262279.86177,-0.5333
000007.SZ,20261009,10.65,10.79,10.06,10.7,10.75,85620.99,89232.08831,-0.4651
000008.SZ,20261009,2.38,2.42,2.35,2.41,2.39,253082.0,60336.988,0.8368
000009.SZ,20261009,6.91,7.04,6.89,7.0,6.94,191235.04,133587.27616,0.8646
000010.SZ,20261009,1.41,1.43,1.28,1.38,1.41,242671.01,32578.67131,-2.1277
000011.SZ,20261009,12.11,13.09,11.11,12.59,12.12,1136382.59,1377987.78302,3.8779
000012.SZ,20261009,3.67,3.72,3.66,3.71,3.68,186203.87,68762.16268,0.8152
000014.SZ,20261009,11.5,11.9,11.01,11.85,11.5,280088.12,321189.40144,3.0435
000017.SZ,20261009,7.54,7.85,7.28,7.79,7.5,702843.0,535938.492,3.8667
000019.SZ,20261009,7.08,7.29,7.0,7.28,7.07,228625.7,163862.9833,2.9703
000020.SZ,20261009,14.68,14.86,13.73,14.34,14.67,195412.01,278018.1419,-2.2495
000021.SZ,20261009,31.87,32.53,30.34,32.03,33.12,635517.7,1987615.36937,-3.2911
000025.SZ,20261009,15.5,15.59,15.05,15.46,15.42,62880.1,96162.0144,0.2594
000026.SZ,20261009,17.9,17.9,16.59,17.76,17.9,87201.92,150231.08943,-0.7821
000027.SZ,20261009,6.37,6.41,6.31,6.34,6.37,200695.0,127401.379,-0.471
000028.SZ,20261009,19.82,20.01,19.71,19.96,19.75,29793.79,59361.95642,1.0633
000029.SZ,20261009,21.85,22.07,20.81,21.3,21.84,63412.51,135279.54405,-2.4725
000030.SZ,20261009,3.91,3.95,3.86,3.94,3.91,104346.41,40803.64513,0.7673
000031.SZ,20261009,2.4,2.45,2.31,2.4,2.39,478069.53,112915.26283,0.4184
000032.SZ,20261009,12.82,12.89,12.09,12.64,12.93,348368.16,432889.89636,-2.2428
000034.SZ,20261009,22.17,22.4,21.5,22.25,22.24,186165.1,407947.77184,0.045
000035.SZ,20261009,4.86,4.98,4.82,4.97,4.87,439857.87,216199.01404,2.0534
000036.SZ,20261009,4.06,4.08,3.88,4.07,4.01,504420.9,200956.3174,1.4963
000037.SZ,20261009,9.1,9.2,8.8,9.16,9.19,145010.0,130228.804,-0.3264
000039.SZ,20261009,8.61,8.83,8.3,8.43,8.68,262738.76,221789.6237,-2.8802
000042.SZ,20261009,8.51,8.6,8.31,8.6,8.54,77148.67,65236.68676,0.7026
001914.SZ,20261009,9.3,9.43,9.17,9.29,9.28,114600.4,106051.6402,0.1078
000045.SZ,20261009,11.02,11.09,10.54,10.94,11.06,73121.01,78910.01193,-1.085
000048.SZ,20261009,17.75,18.31,16.65,18.05,17.82,168981.85,291674.47741,1.2907
000049.SZ,20261009,22.33,22.99,22.31,22.59,22.52,93813.07,212695.30686,0.3108
000050.SZ,20261009,6.16,6.24,6.09,6.23,6.18,243804.28,150451.60907,0.8091
000055.SZ,20261009,3.82,3.9,3.78,3.9,3.85,140638.77,54058.72775,1.2987
000056.SZ,20261009,2.75,2.77,2.65,2.7,2.77,191147.0,51421.128,-2.5271
000058.SZ,20261009,7.33,8.07,7.32,7.52,7.4,309251.92,233547.67457,1.6216
000059.SZ,20261009,5.59,5.67,5.48,5.62,5.63,382293.65,212771.52645,-0.1776
000060.SZ,20261009,5.74,5.86,5.67,5.85,5.76,629901.35,363280.47889,1.5625
000061.SZ,20261009,6.01,6.18,5.99,6.17,6.0,225606.28,137547.46692,2.8333
000062.SZ,20261009,20.87,21.06,20.15,20.99,21.0,137054.92,282500.68497,-0.0476
000063.SZ,20261009,29.0,29.16,28.13,29.03,29.32,868044.11,2485259.7,-0.9891
000065.SZ,20261009,9.58,9.69,9.46,9.66,9.58,126217.71,120891.39013,0.8351
000066.SZ,20261009,13.78,13.96,13.4,13.94,13.85,803717.62,1100909.31788,0.6498
000068.SZ,20261009,3.42,3.44,3.29,3.4,3.4,258815.0,86791.171,0.0
000069.SZ,20261009,1.92,1.96,1.85,1.91,1.92,1033252.02,195563.13914,-0.5208
000070.SZ,20261009,15.85,15.88,14.5,15.47,15.96,608109.34,923641.62527,-3.0702
000078.SZ,20261009,1.46,1.47,1.41,1.46,1.47,482075.05,69409.3902,-0.6803
000088.SZ,20261009,4.76,4.81,4.7,4.72,4.75,350648.95,166077.54544,-0.6316
000089.SZ,20261009,6.65,6.75,6.65,6.68,6.68,140017.02,93857.90042,0.0
000090.SZ,20261009,3.58,3.62,3.48,3.59,3.55,292154.0,103823.8826,1.1268
000096.SZ,20261009,8.19,8.21,8.02,8.15,8.2,49704.3,40307.2869,-0.6098
000099.SZ,20261009,12.68,12.86,12.64,12.84,12.68,66781.1,85419.8662,1.2618
000100.SZ,20261009,4.61,4.66,4.53,4.64,4.63,3766905.53,1729526.58681,0.216
000151.SZ,20261009,10.16,10.27,9.88,10.24,10.18,79320.0,79840.793,0.5894
000153.SZ,20261009,6.03,6.17,5.93,6.16,6.07,140543.2,85115.0038,1.4827
000155.SZ,20261009,11.1,11.34,10.98,11.26,11.16,214317.0,239767.729,0.8961
000156.SZ,20261009,6.91,7.26,6.88,7.24,6.93,183696.09,129870.27223,4.4733
000157.SZ,20261009,6.0,6.05,5.96,6.04,6.03,456329.88,274439.06041,0.1658
000158.SZ,20261009,12.32,12.77,12.22,12.67,12.64,289866.12,361262.84973,0.2373
000159.SZ,20261009,5.44,5.49,5.31,5.49,5.44,98302.02,53039.10776,0.9191
000166.SZ,20261009,4.33,4.42,4.33,4.4,4.33,717081.43,313560.222,1.6166
000301.SZ,20261009,13.48,13.68,12.95,13.24,13.5,263913.92,347333.35252,-1.9259
000333.SZ,20261009,81.5,83.57,81.5,82.46,81.74,356377.54,2951534.83188,0.8808
000338.SZ,20261009,24.58,24.65,23.23,24.45,24.86,1120132.77,2678769.77474,-1.6492
000400.SZ,20261009,21.61,21.8,21.38,21.49,21.74,125808.38,270866.8571,-1.15
000401.SZ,20261009,3.63,3.68,3.62,3.66,3.64,75416.0,27501.988,0.5495
000402.SZ,20261009,2.68,2.73,2.59,2.69,2.67,823574.4,218318.0476,0.7491
000403.SZ,20261009,9.86,10.07,9.83,9.96,9.84,92592.8,91934.25792,1.2195
000404.SZ,20261009,6.83,6.91,6.78,6.9,6.85,52646.26,36073.03236,0.7299
000407.SZ,20261009,4.31,4.32,4.21,4.3,4.31,158915.51,67642.58024,-0.232
000408.SZ,20261009,71.4,74.06,71.4,73.39,71.79,95322.93,693192.69467,2.2287
000409.SZ,20261009,8.5,8.75,8.26,8.75,8.45,83732.43,71161.21462,3.5503
000410.SZ,20261009,5.05,5.1,4.93,5.1,5.05,164427.48,82281.13156,0.9901
000411.SZ,20261009,10.03,10.2,9.89,10.16,10.1,42482.1,42676.7443,0.5941
000415.SZ,20261009,3.98,4.03,3.95,4.01,3.98,659098.1,263254.63786,0.7538
000417.SZ,20261009,5.58,5.78,5.48,5.75,5.58,291291.49,163944.78376,3.0466
000419.SZ,20261009,5.06,5.23,5.04,5.21,5.09,77807.73,40035.92033,2.3576
000420.SZ,20261009,3.53,3.81,3.53,3.81,3.46,2399178.69,893374.74787,10.1156
000421.SZ,20261009,5.81,5.85,5.67,5.81,5.81,76148.0,43799.973,0.0
000422.SZ,20261009,11.21,11.34,10.9,11.27,11.23,178924.43,200467.9552,0.3562
000423.SZ,20261009,46.34,47.23,46.2,46.68,46.42,69021.35,323825.13276,0.5601
000425.SZ,20261009,7.16,7.25,7.1,7.15,7.18,726528.11,520265.56058,-0.4178
000426.SZ,20261009,30.74,32.19,30.23,31.96,30.7,465375.8,1454505.11511,4.1042
000428.SZ,20261009,3.79,3.89,3.66,3.88,3.77,246955.25,92956.213,2.9178
000429.SZ,20261009,12.74,13.12,12.73,13.07,12.72,113961.09,148283.14987,2.7516
000430.SZ,20261009,6.49,6.58,6.31,6.57,6.48,99587.39,64123.09082,1.3889
000488.SZ,20261009,2.08,2.09,2.04,2.08,2.09,88589.43,18287.3204,-0.4785
000498.SZ,20261009,6.1,6.41,6.1,6.33,6.12,749312.68,473237.48728,3.4314
000501.SZ,20261009,7.09,7.25,7.04,7.23,7.08,81765.0,58497.151,2.1186
000503.SZ,20261009,7.84,8.5,7.79,8.43,7.89,664108.45,542729.26949,6.8441
000504.SZ,20261009,11.21,12.18,10.8,11.79,11.45,737977.0,844514.25199,2.9694
000505.SZ,20261009,6.32,6.72,6.25,6.7,6.32,451550.0,292844.018,6.0127
000506.SZ,20261009,16.69,17.35,16.13,17.06,16.43,696580.46,1168255.21247,3.8344
000507.SZ,20261009,4.96,4.98,4.9,4.95,4.96,80771.4,39898.92108,-0.2016
000509.SZ,20261009,3.4,3.43,3.24,3.42,3.4,270033.14,90029.0475,0.5882
000510.SZ,20261009,15.83,15.83,14.65,15.58,15.98,349621.85,529994.29765,-2.5031
000513.SZ,20261009,29.51,30.75,29.05,30.5,29.61,248259.78,741412.92653,3.0057
000514.SZ,20261009,4.51,4.55,4.37,4.52,4.48,148470.88,66232.60796,0.8929
000516.SZ,20261009,4.38,4.48,4.34,4.48,4.37,278490.95,122920.65937,2.5172
000517.SZ,20261009,2.01,2.07,1.97,2.06,2.02,412347.0,83045.839,1.9802
000518.SZ,20261009,3.62,3.62,3.5,3.6,3.64,215259.0,76562.778,-1.0989
000519.SZ,20261009,14.05,14.19,13.7,14.16,14.13,314117.96,437650.16337,0.2123
000520.SZ,20261009,4.08,4.1,3.89,4.09,4.05,254092.0,101371.376,0.9877
000521.SZ,20261009,4.22,4.34,4.2,4.33,4.23,119329.5,50952.634,2.3641
000523.SZ,20261009,3.5,3.68,3.4,3.65,3.5,2813945.97,999594.94725,4.2857
000524.SZ,20261009,8.85,8.9,8.59,8.89,8.85,66621.45,58317.32971,0.452
000525.SZ,20261009,4.56,4.65,4.53,4.61,4.57,236694.13,108897.45145,0.8753
000526.SZ,20261009,35.06,37.35,33.8,37.0,35.05,40735.96,145586.17975,5.5635
000528.SZ,20261009,7.55,7.61,7.52,7.58,7.53,170017.74,128621.44838,0.664
000529.SZ,20261009,4.99,5.09,4.96,5.06,4.99,37357.01,18753.67301,1.4028
000530.SZ,20261009,5.28,5.34,5.14,5.33,5.26,155949.0,81569.682,1.3308
000531.SZ,20261009,5.56,5.58,5.5,5.57,5.56,58164.38,32213.96728,0.1799
000532.SZ,20261009,11.97,12.25,11.41,12.19,12.01,201919.14,239327.83023,1.4988
000533.SZ,20261009,10.01,10.01,9.43,9.86,9.93,240056.2,231789.0094,-0.7049
000534.SZ,20261009,21.1,21.15,20.02,20.79,21.22,127554.66,260900.44582,-2.0264
000536.SZ,20261009,3.28,3.32,3.19,3.32,3.28,337183.55,109607.80105,1.2195
000537.SZ,20261009,7.41,7.45,7.31,7.38,7.41,113822.0,83865.538,-0.4049
000538.SZ,20261009,50.9,51.62,50.72,51.4,50.89,116311.06,597611.04652,1.0022
000539.SZ,20261009,5.18,5.2,5.09,5.14,5.2,328035.03,168183.37205,-1.1538
000541.SZ,20261009,4.91,4.94,4.87,4.94,4.91,42662.36,20965.87516,0.611
000543.SZ,20261009,7.41,7.48,7.37,7.38,7.39,267530.15,198764.47132,-0.1353
000544.SZ,20261009,7.25,7.33,7.23,7.31,7.25,32789.02,23849.97298,0.8276
000545.SZ,20261009,2.19,2.25,2.15,2.23,2.19,343378.0,75523.877,1.8265
000546.SZ,20261009,4.32,4.77,4.26,4.77,4.34,249782.67,115289.30859,9.9078
000547.SZ,20261009,13.86,14.0,12.93,13.42,13.83,645225.57,860192.57557,-2.9646
000548.SZ,20261009,4.61,4.68,4.52,4.67,4.62,52840.0,24349.594,1.0823
000550.SZ,20261009,16.35,16.99,16.3,16.95,16.4,64006.0,107324.24918,3.3537
000551.SZ,20261009,11.64,11.67,11.2,11.66,11.63,94758.33,108404.04246,0.258
000552.SZ,20261009,2.54,2.61,2.53,2.59,2.53,966766.92,248783.9816,2.3715
000553.SZ,20261009,5.45,5.56,5.44,5.54,5.47,54657.0,30126.273,1.2797
000554.SZ,20261009,6.35,6.39,6.23,6.38,6.4,121395.01,76646.57028,-0.3125
000555.SZ,20261009,9.85,10.39,9.63,10.35,9.83,237071.79,238106.26036,5.2899
000557.SZ,20261009,3.65,3.69,3.5,3.68,3.65,90984.01,33078.95362,0.8219
000558.SZ,20261009,3.43,3.59,3.38,3.56,3.42,319285.34,110999.67099,4.0936
000559.SZ,20261009,10.36,10.6,9.86,10.56,10.41,526483.38,536466.08118,1.4409
000560.SZ,20261009,3.68,3.75,3.42,3.68,3.65,5430002.58,1941391.30814,0.8219
000561.SZ,20261009,7.55,7.67,7.35,7.66,7.61,86577.93,64980.69429,0.657
000563.SZ,20261009,2.92,2.96,2.91,2.94,2.92,516591.62,152039.0043,0.6849
000564.SZ,20261009,1.44,1.5,1.42,1.49,1.44,2561501.12,374329.4537,3.4722
000565.SZ,20261009,6.35,6.48,6.21,6.48,6.41,100504.0,63966.41,1.092
000566.SZ,20261009,4.51,4.73,4.37,4.71,4.53,850008.5,389732.04808,3.9735
000567.SZ,20261009,5.83,5.97,5.77,5.94,5.83,241846.44,141848.00135,1.8868
000568.SZ,20261009,72.28,73.33,71.15,71.5,72.61,99671.38,714999.36477,-1.5287
000570.SZ,20261009,5.28,5.33,5.15,5.32,5.3,92050.0,48292.777,0.3774
000571.SZ,20261009,6.18,6.18,5.89,6.12,6.15,182198.63,110316.61708,-0.4878
000572.SZ,20261009,4.02,4.04,3.73,4.02,4.0,1143769.46,444188.98773,0.5
000573.SZ,20261009,3.94,3.94,3.75,3.89,3.93,173148.37,66445.85656,-1.0178
000576.SZ,20261009,8.1,8.11,7.7,8.02,8.13,119408.0,94595.05184,-1.353
000581.SZ,20261009,18.22,18.45,18.08,18.34,18.3,67962.47,124086.20411,0.2186
000586.SZ,20261009,12.28,12.28,11.43,12.23,12.32,72410.0,86093.07913,-0.7305
000589.SZ,20261009,4.22,4.29,4.21,4.27,4.22,248532.63,105501.6613,1.1848
000590.SZ,20261009,9.07,9.18,8.81,9.18,9.05,31094.94,27997.94916,1.4365
000591.SZ,20261009,4.18,4.2,4.14,4.18,4.18,341331.0,142235.756,0.0
000592.SZ,20261009,8.08,8.18,7.57,8.13,8.08,2716512.82,2155660.61038,0.6188
000593.SZ,20261009,19.9,20.09,19.05,20.02,20.01,103069.63,201788.14692,0.05
000595.SZ,20261009,5.68,5.68,5.38,5.64,5.68,326132.04,181058.22656,-0.7042
000596.SZ,20261009,93.44,94.38,92.06,92.65,93.55,25020.84,232178.04793,-0.9621
000597.SZ,20261009,4.77,5.07,4.71,4.91,4.78,297082.77,145247.44904,2.7197
000598.SZ,20261009,7.08,7.19,7.08,7.12,7.09,173153.95,123839.3841,0.4231
000599.SZ,20261009,4.42,4.49,4.35,4.48,4.42,123650.0,54669.46933,1.3575
000600.SZ,20261009,7.23,7.31,7.21,7.27,7.26,123491.85,89630.7505,0.1377
000601.SZ,20261009,6.05,6.1,5.84,6.08,6.08,363529.99,216645.60709,0.0
000603.SZ,20261009,29.92,30.7,28.92,30.52,29.58,330030.85,986524.15261,3.1778
000605.SZ,20261009,6.05,6.11,5.89,6.01,6.05,41957.0,25115.11,-0.6612
000607.SZ,20261009,3.93,4.16,3.8,4.12,3.93,570767.46,227438.20244,4.8346
000608.SZ,20261009,6.86,6.9,6.44,6.8,6.91,181795.71,121460.8623,-1.5919
000609.SZ,20261009,9.34,9.34,9.03,9.15,9.3,34098.24,31098.64045,-1.6129
000610.SZ,20261009,7.46,7.46,7.1,7.16,7.53,53348.45,38392.51117,-4.9137
000612.SZ,20261009,10.23,10.52,10.18,10.46,10.33,307120.89,317770.99987,1.2585
000615.SZ,20261009,3.2,3.21,3.13,3.19,3.2,40355.8,12790.1287,-0.3125
000617.SZ,20261009,6.51,6.63,6.43,6.62,6.53,740789.79,484017.48325,1.3783
000619.SZ,20261009,5.24,5.27,5.0,5.2,5.22,62393.87,32102.67444,-0.3831
000620.SZ,20261009,2.99,3.02,2.91,3.01,3.02,1910994.59,566223.36956,-0.3311
000623.SZ,20261009,17.26,17.59,17.25,17.53,17.26,100945.81,176148.8838,1.5643
000625.SZ,20261009,7.03,7.07,6.99,7.06,7.04,444756.09,312391.28138,0.2841
000626.SZ,20261009,8.83,9.05,8.6,9.03,8.78,147422.0,130930.132,2.8474
000628.SZ,20261009,51.25,51.99,48.7,49.8,51.33,94726.41,474407.27288,-2.9807
000629.SZ,20261009,2.81,2.86,2.81,2.85,2.82,642578.53,182201.40375,1.0638
000630.SZ,20261009,5.7,5.86,5.66,5.85,5.75,1401668.6,808067.23953,1.7391
000631.SZ,20261009,3.03,3.04,2.96,3.03,3.03,139277.1,41771.397,0.0
000632.SZ,20261009,3.61,3.66,3.46,3.61,3.65,108483.0,38644.622,-1.0959
000633.SZ,20261009,5.25,5.31,5.06,5.27,5.28,76895.0,39953.723,-0.1894
000635.SZ,20261009,7.63,7.83,7.42,7.8,7.65,105718.55,80544.14875,1.9608
000636.SZ,20261009,49.03,49.42,45.36,47.17,50.4,1144287.35,5312150.31097,-6.4087
000637.SZ,20261009,4.23,4.29,4.13,4.26,4.25,83785.5,35271.832,0.2353
000639.SZ,20261009,1.52,1.53,1.44,1.52,1.53,328183.52,48758.58532,-0.6536
000650.SZ,20261009,5.21,5.31,5.2,5.29,5.21,243144.06,128110.33148,1.5355
000651.SZ,20261009,38.35,39.05,38.33,38.83,38.32,381195.25,1477771.20409,1.3309
000652.SZ,20261009,3.35,3.38,3.3,3.38,3.32,120284.5,40231.04794,1.8072
000655.SZ,20261009,7.38,7.71,7.33,7.68,7.44,83969.0,63255.97781,3.2258
000656.SZ,20261009,1.23,1.25,1.2,1.23,1.22,1603861.93,196183.98035,0.8197
000657.SZ,20261009,51.74,51.8,48.81,51.13,51.85,411342.75,2063677.44045,-1.3886
000659.SZ,20261009,2.69,2.77,2.64,2.76,2.69,263328.0,71049.19,2.6022
000661.SZ,20261009,69.12,72.22,68.28,71.9,69.23,62856.98,444464.7513,3.8567
000663.SZ,20261009,6.04,6.1,5.83,6.1,6.0,70668.0,42089.255,1.6667
000665.SZ,20261009,4.03,4.26,3.97,4.25,4.05,313642.88,129593.56136,4.9383
000669.SZ,20261009,4.07,4.1,4.01,4.04,4.07,25083.4,10133.9142,-0.7371
000670.SZ,20261009,6.84,6.86,6.5,6.79,6.88,408389.0,272380.481,-1.3081
000672.SZ,20261009,14.6,14.81,14.22,14.69,14.86,142342.79,206524.06871,-1.144
000676.SZ,20261009,6.38,6.77,6.22,6.75,6.4,706658.42,460132.18607,5.4688
000677.SZ,20261009,1.71,1.72,1.63,1.71,1.71,247336.0,41442.212,0.0
000678.SZ,20261009,12.0,13.27,11.1,12.62,12.24,1220670.23,1454170.49262,3.1046
000679.SZ,20261009,6.27,6.75,6.08,6.71,6.29,111374.0,71782.507,6.6773
000680.SZ,20261009,8.98,9.12,8.95,9.08,8.98,130556.87,117967.62074,1.1136
000681.SZ,20261009,15.29,16.25,14.93,16.14,15.35,286645.22,447035.9659,5.1466
000682.SZ,20261009,10.58,10.78,10.51,10.76,10.57,118013.17,126039.61851,1.7975
000683.SZ,20261009,5.74,5.78,5.63,5.7,5.76,486413.44,276656.07972,-1.0417
000685.SZ,20261009,10.63,10.78,10.59,10.73,10.64,133991.53,143426.16506,0.8459
000686.SZ,20261009,7.43,7.62,7.43,7.57,7.44,159265.21,120136.61818,1.7473
000688.SZ,20261009,24.99,25.13,24.25,24.9,24.98,168468.82,416578.51624,-0.3203
000690.SZ,20261009,5.42,5.7,5.41,5.59,5.5,1643485.36,919346.70704,1.6364
000691.SZ,20261009,8.51,8.74,8.22,8.73,8.51,80497.0,68366.897,2.5852
000692.SZ,20261009,4.58,4.62,4.43,4.55,4.61,359149.28,161361.0526,-1.3015
000695.SZ,20261009,13.02,13.65,12.89,13.36,13.02,116896.0,155008.35654,2.6114
000697.SZ,20261009,9.45,9.49,8.89,9.26,9.4,129758.0,118680.545,-1.4894
000698.SZ,20261009,3.75,3.75,3.67,3.72,3.74,35085.93,13015.2421,-0.5348
000700.SZ,20261009,11.72,12.14,10.91,11.93,11.84,642957.46,738923.31681,0.7601
000701.SZ,20261009,5.1,5.2,4.97,5.19,5.14,159946.0,81380.215,0.9728
000702.SZ,20261009,5.82,5.93,5.64,5.88,5.81,68149.0,39278.12,1.2048
000703.SZ,20261009,16.26,16.47,15.89,16.29,16.29,520625.83,842999.33872,0.0
000705.SZ,20261009,7.12,7.23,6.99,7.22,7.12,54114.0,38522.425,1.4045
000707.SZ,20261009,4.67,4.71,4.59,4.69,4.67,67953.0,31599.809,0.4283
000708.SZ,20261009,13.15,13.26,13.07,13.07,13.2,99969.52,131557.93884,-0.9848
000709.SZ,20261009,2.03,2.07,2.03,2.04,2.03,1021463.7,209539.79318,0.4926
000710.SZ,20261009,10.01,11.3,9.71,11.3,10.27,766976.38,792968.09557,10.0292
000711.SZ,20261009,4.52,4.55,4.31,4.51,4.52,907069.76,401034.71816,-0.2212
000712.SZ,20261009,9.8,10.04,9.48,10.0,9.78,536289.09,524629.16608,2.2495
000713.SZ,20261009,6.21,6.63,6.21,6.61,6.25,364725.32,235210.84939,5.76
000715.SZ,20261009,5.39,5.53,5.29,5.5,5.36,93208.3,50494.6331,2.6119
000716.SZ,20261009,4.9,5.12,4.86,5.12,4.92,276942.3,138489.89831,4.065
000717.SZ,20261009,2.17,2.21,2.15,2.2,2.17,179704.68,39154.48988,1.3825
000718.SZ,20261009,2.07,2.11,2.03,2.09,2.07,316136.7,65285.0195,0.9662
000719.SZ,20261009,12.08,12.71,11.99,12.61,12.08,91473.3,113265.30846,4.3874
000720.SZ,20261009,3.61,3.67,3.5,3.67,3.62,274361.0,98349.497,1.3812
000721.SZ,20261009,6.0,6.21,5.91,6.19,6.01,138972.4,84241.32346,2.995
000722.SZ,20261009,13.45,13.54,12.65,12.94,13.55,290089.22,375483.56389,-4.5018
000723.SZ,20261009,3.52,3.65,3.51,3.64,3.54,734427.72,263244.44455,2.8249
000725.SZ,20261009,5.5,5.53,5.32,5.5,5.5,8628965.36,4681105.15023,0.0
000726.SZ,20261009,5.92,5.99,5.86,5.99,5.92,60402.63,35835.23444,1.1824
000727.SZ,20261009,2.19,2.24,2.16,2.24,2.21,747436.0,164595.629,1.3575
000728.SZ,20261009,7.17,7.32,7.16,7.29,7.17,231647.34,167916.02076,1.6736
000729.SZ,20261009,11.17,11.43,11.11,11.4,11.17,256158.81,289819.31545,2.0591
000731.SZ,20261009,8.15,8.3,7.89,8.21,8.1,168183.54,135789.90072,1.358
000733.SZ,20261009,38.43,38.55,37.24,38.39,38.5,97351.37,369012.14779,-0.2857
000735.SZ,20261009,5.62,5.79,5.56,5.77,5.61,469965.46,267085.73452,2.852
000736.SZ,20261009,4.75,5.21,4.62,5.21,4.74,567320.13,281283.66521,9.9156
000737.SZ,20261009,13.42,13.89,13.26,13.82,13.58,620108.95,840201.10099,1.7673
000738.SZ,20261009,18.49,18.7,18.04,18.39,18.49,112525.0,206269.29,-0.5408
000739.SZ,20261009,26.88,27.17,24.53,25.4,27.26,368969.76,936507.00474,-6.8232
000750.SZ,20261009,3.57,3.66,3.57,3.65,3.58,522452.15,189306.49571,1.9553
000751.SZ,20261009,4.36,4.46,4.29,4.46,4.37,208512.92,91340.75074,2.0595
000752.SZ,20261009,8.55,8.57,8.31,8.55,8.55,18523.56,15567.28656,0.0
000753.SZ,20261009,5.3,5.38,5.13,5.35,5.32,391677.46,206087.66614,0.5639
000755.SZ,20261009,4.75,4.79,4.73,4.78,4.75,47066.33,22432.81248,0.6316
000756.SZ,20261009,14.19,14.84,13.95,14.81,14.23,438823.47,638654.04209,4.0759
000757.SZ,20261009,4.22,4.24,4.01,4.24,4.24,139843.02,57912.52214,0.0
000758.SZ,20261009,5.7,5.84,5.66,5.82,5.71,261788.71,150658.27228,1.9264
000759.SZ,20261009,6.16,6.7,6.09,6.62,6.16,1455589.0,930603.20798,7.4675
000761.SZ,20261009,2.37,2.44,2.35,2.43,2.35,237749.0,56770.552,3.4043
000762.SZ,20261009,20.81,21.58,20.7,21.34,20.85,144279.75,305418.78,2.3501
000766.SZ,20261009,14.31,15.0,14.25,14.97,14.36,160637.3,237679.471,4.2479
000767.SZ,20261009,3.33,3.37,3.29,3.36,3.34,619253.7,206108.57514,0.5988
000768.SZ,20261009,22.55,22.73,21.97,22.31,22.6,196464.34,437064.69242,-1.2832
000776.SZ,20261009,19.32,19.95,19.1,19.82,19.32,533874.41,1042206.98022,2.588
000777.SZ,20261009,16.15,16.34,15.78,16.29,16.17,40545.0,65103.06885,0.7421
000778.SZ,20261009,3.59,3.64,3.59,3.62,3.61,381005.2,137798.76263,0.277
000779.SZ,20261009,8.35,8.5,8.16,8.48,8.4,219797.0,183214.591,0.9524
000782.SZ,20261009,8.08,8.25,7.7,8.04,8.08,189314.56,150570.728,-0.495
000783.SZ,20261009,7.75,8.05,7.71,8.03,7.76,848192.76,670198.91933,3.4794
000785.SZ,20261009,2.25,2.34,2.24,2.33,2.26,663594.0,152072.906,3.0973
000786.SZ,20261009,16.41,16.74,16.36,16.65,16.52,193626.33,321464.04838,0.7869
000788.SZ,20261009,5.56,5.69,5.44,5.67,5.48,285708.13,159895.15938,3.4672
000789.SZ,20261009,4.14,4.2,4.13,4.19,4.17,63621.57,26546.77249,0.4796
000790.SZ,20261009,4.36,4.45,4.23,4.44,4.39,350991.27,152190.48285,1.139
000791.SZ,20261009,7.19,7.23,7.11,7.21,7.22,143279.87,102648.27956,-0.1385
000792.SZ,20261009,23.85,24.36,23.73,24.09,23.96,504635.53,1213857.8991,0.5426
000793.SZ,20261009,1.94,1.97,1.91,1.95,1.94,120031.01,23191.99191,0.5155
000795.SZ,20261009,8.15,8.31,8.12,8.29,8.19,94215.0,77459.078,1.221
000796.SZ,20261009,3.42,3.52,3.35,3.5,3.43,402309.0,137993.54,2.0408
000797.SZ,20261009,2.65,2.71,2.58,2.67,2.66,348690.98,91718.28984,0.3759
000798.SZ,20261009,9.75,10.29,9.59,10.26,9.75,259925.0,259376.874,5.2308
000799.SZ,20261009,36.51,36.9,35.9,36.66,36.49,40582.55,147415.36041,0.4659
000800.SZ,20261009,5.79,5.86,5.78,5.83,5.8,110386.8,64268.11863,0.5172
000801.SZ,20261009,11.21,11.39,11.08,11.36,11.27,100736.0,113300.83589,0.7986
000802.SZ,20261009,3.79,4.07,3.76,4.05,3.8,699204.3,274459.29,6.5789
000803.SZ,20261009,7.47,7.51,7.03,7.31,7.53,243889.38,176143.85474,-2.9216
000807.SZ,20261009,26.15,26.74,25.86,26.6,26.3,493194.09,1301007.85396,1.1407
000809.SZ,20261009,3.42,3.46,3.32,3.45,3.44,221053.0,74989.993,0.2907
000810.SZ,20261009,8.91,9.1,8.78,9.07,8.95,152625.5,136504.46441,1.3408
000811.SZ,20261009,35.0,35.0,32.01,34.04,35.56,473778.25,1572413.59962,-4.2745
000812.SZ,20261009,3.68,3.74,3.59,3.71,3.69,205502.0,75447.109,0.542
000813.SZ,20261009,3.18,3.27,3.17,3.26,3.19,280039.85,90231.30884,2.1944
000815.SZ,20261009,14.06,14.22,13.49,14.19,14.03,259812.4,360327.36027,1.1404
000816.SZ,20261009,2.77,2.88,2.71,2.88,2.76,424446.94,118895.52489,4.3478
000818.SZ,20261009,11.04,11.24,10.8,11.22,11.14,107674.67,118727.32098,0.7181
000819.SZ,20261009,12.14,12.15,11.81,12.09,12.14,31584.02,37901.63804,-0.4119
000820.SZ,20261009,3.5,3.61,3.41,3.61,3.51,133213.0,46766.769,2.849
000821.SZ,20261009,7.18,7.24,7.01,7.22,7.2,57156.21,40671.05163,0.2778
000822.SZ,20261009,4.39,4.43,4.31,4.42,4.39,119004.45,52046.50355,0.6834
000823.SZ,20261009,22.69,22.99,20.46,21.33,22.71,999554.09,2138055.28985,-6.0766
000825.SZ,20261009,3.41,3.44,3.38,3.4,3.41,261501.0,88985.7395,-0.2933
000826.SZ,20261009,1.72,1.72,1.65,1.71,1.71,165414.8,27751.9728,0.0
000828.SZ,20261009,10.0,10.09,9.99,10.05,10.0,65026.9,65347.4067,0.5
000829.SZ,20261009,9.17,9.56,9.09,9.51,9.19,240062.2,223583.1592,3.482
000830.SZ,20261009,11.49,11.68,11.49,11.66,11.55,164912.64,191290.77604,0.9524
000831.SZ,20261009,48.66,49.45,47.46,49.34,48.9,252808.15,1224266.34032,0.8998
000833.SZ,20261009,19.07,19.57,18.95,19.48,19.4,219017.5,422995.85612,0.4124
000837.SZ,20261009,9.28,9.38,9.04,9.33,9.3,106006.42,97730.1756,0.3226
000838.SZ,20261009,2.51,2.57,2.32,2.42,2.5,343393.0,83814.855,-3.2
000839.SZ,20261009,2.74,2.9,2.72,2.89,2.75,1091541.05,307861.03895,5.0909
000848.SZ,20261009,8.15,8.33,8.15,8.29,8.14,151801.53,125472.00211,1.8428
000850.SZ,20261009,4.04,4.24,3.97,4.23,4.03,893319.9,366360.61492,4.9628
000852.SZ,20261009,5.45,5.49,5.32,5.49,5.45,148795.91,80559.18741,0.7339
000856.SZ,20261009,9.01,9.25,8.76,9.24,9.03,81078.14,73360.95112,2.3256
000858.SZ,20261009,70.15,70.83,69.97,70.56,70.14,178629.15,1257907.93579,0.5988
000859.SZ,20261009,8.6,8.67,8.22,8.54,8.63,259810.05,218756.03671,-1.0429
000860.SZ,20261009,10.36,10.63,10.29,10.58,10.3,118099.63,123791.4568,2.7184
000862.SZ,20261009,5.45,5.46,5.22,5.37,5.45,152337.09,81077.68001,-1.4679
000863.SZ,20261009,4.5,4.59,4.2,4.37,4.5,196039.81,85056.61887,-2.8889
000868.SZ,20261009,3.98,4.0,3.8,3.96,4.0,416147.33,161889.58098,-1.0
000869.SZ,20261009,19.01,20.32,18.21,19.38,18.76,197061.9,375842.40312,3.3049
000875.SZ,20261009,4.69,4.74,4.65,4.66,4.69,325036.5,152262.2525,-0.6397
000876.SZ,20261009,6.77,6.89,6.75,6.87,6.77,217682.19,148676.52544,1.4771
000877.SZ,20261009,3.68,3.75,3.65,3.69,3.7,187238.7,68857.9706,-0.2703
000878.SZ,20261009,15.96,16.26,15.75,16.23,16.07,315519.53,505349.98766,0.9956
000880.SZ,20261009,23.24,23.46,21.44,22.85,23.52,189337.61,420098.53645,-2.8486
000881.SZ,20261009,6.38,6.53,6.33,6.51,6.41,64757.0,41700.651,1.5601
000882.SZ,20261009,1.5,1.55,1.48,1.54,1.5,647383.0,97885.56,2.6667
000883.SZ,20261009,4.48,4.55,4.47,4.5,4.49,411933.0,186300.19718,0.2227
000885.SZ,20261009,11.7,11.81,11.7,11.79,11.74,24931.62,29361.1795,0.4259
000886.SZ,20261009,4.69,4.76,4.58,4.75,4.71,137976.75,64470.57995,0.8493
000887.SZ,20261009,17.75,17.77,17.0,17.67,17.77,308449.37,535704.35727,-0.5627
000888.SZ,20261009,8.97,9.08,8.9,9.07,8.93,66124.48,59426.61957,1.5677
000889.SZ,20261009,3.57,3.66,3.44,3.66,3.58,308618.4,109336.1496,2.2346
000890.SZ,20261009,6.93,7.03,6.62,7.0,6.93,170099.0,116137.537,1.0101
000892.SZ,20261009,4.5,4.85,4.31,4.85,4.41,1338507.02,611067.2377,9.9773
000893.SZ,20261009,37.96,38.1,36.72,37.33,37.62,97761.0,364330.62385,-0.7709
000895.SZ,20261009,23.63,23.88,23.58,23.79,23.66,112606.46,267927.9737,0.5495
000897.SZ,20261009,1.93,1.96,1.88,1.96,1.92,401881.4,76986.2024,2.0833
000898.SZ,20261009,2.04,2.07,2.02,2.04,2.03,443002.88,90575.05502,0.4926
000899.SZ,20261009,9.1,9.23,9.02,9.22,9.15,92929.38,84914.25505,0.765
000900.SZ,20261009,3.6,3.62,3.59,3.62,3.6,100839.55,36369.14295,0.5556
000901.SZ,20261009,13.64,13.73,13.03,13.52,13.64,128028.79,170757.43092,-0.8798
000902.SZ,20261009,13.6,14.08,13.52,13.99,13.57,107617.79,149570.47725,3.0951
000903.SZ,20261009,1.92,1.92,1.84,1.9,1.91,114506.0,21464.83596,-0.5236
000905.SZ,20261009,9.17,9.23,8.77,9.12,9.23,233026.01,208442.53683,-1.1918
000906.SZ,20261009,6.05,6.2,6.03,6.17,6.07,89933.58,55114.68386,1.6474
000908.SZ,20261009,5.86,6.03,5.78,6.02,5.89,132870.0,78927.314,2.2071
000909.SZ,20261009,5.32,5.78,5.24,5.61,5.31,54743.0,29956.113,5.6497
000910.SZ,20261009,6.17,6.22,5.81,6.08,6.13,335171.17,200237.42988,-0.8157
000911.SZ,20261009,5.65,6.08,5.48,6.06,5.65,211244.0,123048.37499,7.2566
000912.SZ,20261009,4.01,4.06,3.91,4.06,3.97,484097.04,193044.48602,2.267
000913.SZ,20261009,10.79,10.97,10.75,10.92,10.79,51460.56,55932.58504,1.2048
000915.SZ,20261009,23.8,24.29,23.8,24.22,23.95,17935.0,43161.98908,1.1273
000917.SZ,20261009,6.61,6.94,6.53,6.9,6.63,288011.71,194277.0529,4.0724
000919.SZ,20261009,6.5,6.67,6.42,6.67,6.5,130935.0,86039.954,2.6154
000920.SZ,20261009,12.29,12.32,11.67,12.09,12.32,162043.0,193810.341,-1.8669
000921.SZ,20261009,26.42,26.99,26.35,26.77,26.52,62856.0,168058.8602,0.9427
000922.SZ,20261009,12.05,12.11,11.66,12.1,12.07,75873.33,90098.01004,0.2486
000923.SZ,20261009,15.79,16.06,15.39,15.88,15.88,143887.3,225727.3862,0.0
000925.SZ,20261009,7.67,7.75,7.36,7.68,7.71,180155.67,135777.15882,-0.3891
000926.SZ,20261009,2.12,2.18,2.07,2.16,2.13,344203.01,73097.95152,1.4085
000927.SZ,20261009,2.48,2.52,2.48,2.5,2.48,506812.0,126617.357,0.8065
000928.SZ,20261009,5.34,5.4,5.31,5.37,5.34,123991.0,66433.566,0.5618
000929.SZ,20261009,9.41,9.55,8.98,9.43,9.4,42676.01,39592.54818,0.3191
000930.SZ,20261009,5.2,5.4,5.15,5.38,5.16,642218.99,338650.16183,4.2636
000931.SZ,20261009,4.49,4.59,4.38,4.59,4.48,137403.9,61848.43158,2.4554
000932.SZ,20261009,3.56,3.59,3.53,3.54,3.56,802200.46,285092.31726,-0.5618
000933.SZ,20261009,26.4,27.23,26.16,27.17,26.4,417572.32,1120848.3303,2.9167
000935.SZ,20261009,18.92,19.65,18.5,19.5,18.92,77597.73,147679.24151,3.0655
000936.SZ,20261009,5.51,5.62,5.39,5.61,5.53,154053.06,85113.6079,1.4467
000937.SZ,20261009,4.45,4.56,4.45,4.54,4.45,401086.98,181020.56547,2.0225
000938.SZ,20261009,30.36,30.6,29.15,30.41,30.24,973221.81,2908714.95896,0.5622
000948.SZ,20261009,12.9,13.48,12.77,13.45,12.99,62351.09,82058.3481,3.5412
000949.SZ,20261009,6.69,7.15,6.6,7.04,6.59,966400.89,664955.25779,6.8285
000950.SZ,20261009,5.22,5.36,5.2,5.34,5.23,229198.25,121362.80125,2.1033
000951.SZ,20261009,20.16,20.55,19.96,20.36,20.15,94397.88,191765.4,1.0422
000952.SZ,20261009,6.51,6.7,6.4,6.69,6.53,80580.0,52832.135,2.4502
000953.SZ,20261009,5.91,5.98,5.71,5.95,5.94,68148.0,39898.299,0.1684
000955.SZ,20261009,4.03,4.15,3.91,4.14,4.05,131362.0,52960.407,2.2222
000957.SZ,20261009,9.75,9.79,9.52,9.76,9.74,91875.52,88804.16868,0.2053
000958.SZ,20261009,4.99,5.01,4.94,4.98,4.99,93894.0,46694.508,-0.2004
000959.SZ,20261009,3.5,3.55,3.47,3.51,3.5,259352.2,90935.675,0.2857
000960.SZ,20261009,28.9,30.12,28.51,29.9,29.95,347221.02,1014420.94818,-0.1669
000962.SZ,20261009,54.02,54.6,50.07,52.55,55.11,227179.18,1180830.17333,-4.6453
000963.SZ,20261009,26.8,27.33,26.55,27.29,26.95,165396.58,446295.87576,1.2616
000965.SZ,20261009,3.45,3.49,3.34,3.44,3.43,237178.29,80706.92709,0.2915
000966.SZ,20261009,4.04,4.07,4.0,4.02,4.05,308816.06,124272.34712,-0.7407
000967.SZ,20261009,7.68,7.77,7.44,7.75,7.7,401676.93,305515.73814,0.6494
000968.SZ,20261009,7.17,7.2,7.02,7.11,7.16,242426.18,171540.3549,-0.6983
000969.SZ,20261009,15.86,15.93,15.35,15.77,15.92,163574.37,255739.6872,-0.9422
000970.SZ,20261009,10.93,11.13,10.7,11.12,10.97,192638.77,210496.28657,1.3674
000972.SZ,20261009,4.02,4.21,3.94,4.18,4.02,245495.7,100048.2442,3.9801
000973.SZ,20261009,11.76,12.38,11.71,12.23,11.87,594856.31,721752.4746,3.0329
000975.SZ,20261009,22.37,23.95,22.37,23.86,22.14,628800.22,1467655.38717,7.7687
000977.SZ,20261009,64.03,64.89,61.92,64.69,64.56,468264.02,2963584.59507,0.2014
000978.SZ,20261009,7.0,7.16,6.74,7.14,7.01,367426.0,255039.303,1.8545
000980.SZ,20261009,2.17,2.18,2.0,2.14,2.16,3469898.66,720167.88945,-0.9259
000981.SZ,20261009,2.67,2.69,2.55,2.68,2.68,3135376.3,816880.1818,0.0
000983.SZ,20261009,6.52,6.71,6.51,6.64,6.52,740894.03,490175.7357,1.8405
000985.SZ,20261009,17.74,17.9,17.43,17.86,17.74,25585.9,45160.1275,0.6764
000987.SZ,20261009,7.15,7.26,7.11,7.24,7.15,186605.06,134252.37681,1.2587
000988.SZ,20261009,86.86,86.99,81.5,85.97,86.99,403570.59,3408904.81703,-1.1725
000989.SZ,20261009,8.7,8.93,8.63,8.91,8.7,202344.3,179251.4935,2.4138
000990.SZ,20261009,6.35,6.42,6.25,6.41,6.35,307383.66,195374.96256,0.9449
000993.SZ,20261009,17.62,18.23,16.23,17.89,17.74,723777.78,1267431.18956,0.8455
000995.SZ,20261009,11.6,11.68,10.98,11.45,11.54,136763.26,154220.11744,-0.7799
000997.SZ,20261009,18.9,19.68,18.72,19.61,18.9,122974.31,236542.31456,3.7566
000998.SZ,20261009,8.68,9.08,8.64,9.06,8.65,528100.03,469702.3706,4.7399
000999.SZ,20261009,24.42,24.97,24.42,24.82,24.48,119576.46,296658.35646,1.3889
001201.SZ,20261009,15.4,15.56,14.78,14.94,15.36,90450.4,135788.35885,-2.7344
001202.SZ,20261009,14.99,15.27,14.73,15.0,15.07,33651.05,50337.33043,-0.4645
001203.SZ,20261009,22.3,22.75,21.78,22.11,22.56,160510.1,356545.32756,-1.9947
001205.SZ,20261009,14.6,14.79,14.29,14.46,14.54,46510.0,67516.495,-0.5502
001206.SZ,20261009,19.03,19.19,18.46,19.05,19.13,118473.22,223530.19208,-0.4182
001207.SZ,20261009,18.49,18.5,17.81,18.25,18.49,44984.6,81302.9754,-1.298
001208.SZ,20261009,13.05,13.05,12.37,12.91,13.12,96391.87,122147.80917,-1.6006
001209.SZ,20261009,19.4,19.49,18.6,19.27,19.43,29167.0,55633.696,-0.8235
001210.SZ,20261009,25.79,26.3,23.89,26.3,25.92,67166.87,168497.11593,1.466
001211.SZ,20261009,27.1,28.65,25.5,27.98,27.08,92018.44,245615.2859,3.3235
001212.SZ,20261009,34.97,34.97,31.66,32.78,34.92,66076.2,216920.6866,-6.1283
001213.SZ,20261009,3.54,3.57,3.52,3.55,3.53,88303.0,31348.52,0.5666
001215.SZ,20261009,32.55,32.69,31.41,32.54,32.55,12051.97,38640.30137,-0.0307
001216.SZ,20261009,22.0,23.14,21.22,22.75,23.56,367595.75,810040.41341,-3.438
001217.SZ,20261009,11.35,11.39,11.01,11.34,11.32,45008.0,50400.207,0.1767
001218.SZ,20261009,23.26,23.63,22.71,23.52,23.21,18511.0,42894.2344,1.3356
001219.SZ,20261009,12.95,13.26,12.83,13.26,13.03,26394.4,34432.46529,1.7652
001220.SZ,20261009,31.33,31.64,30.51,31.5,31.28,8352.94,26002.63935,0.7033
001221.SZ,20261009,32.46,34.46,32.34,34.17,32.54,37147.48,124481.16253,5.0092
001222.SZ,20261009,15.35,15.63,14.93,15.59,15.27,36889.0,56467.565,2.0956
001223.SZ,20261009,40.09,40.09,36.23,38.5,40.12,21686.35,82190.91995,-4.0379
001225.SZ,20261009,34.74,35.5,31.61,33.32,34.6,33099.2,110860.133,-3.6994
001226.SZ,20261009,43.08,43.08,39.7,41.47,43.08,10864.0,44672.496,-3.7372
001227.SZ,20261009,2.12,2.14,2.1,2.12,2.11,731737.99,155056.48288,0.4739
001228.SZ,20261009,37.61,38.98,36.4,38.67,37.95,32130.49,121731.37621,1.8972
001229.SZ,20261009,35.9,36.89,34.2,36.66,35.34,38311.04,136038.66532,3.7351
001230.SZ,20261009,19.38,19.64,18.5,19.27,19.37,30494.4,57872.0766,-0.5163
001231.SZ,20261009,22.97,23.28,22.41,23.28,22.88,19523.0,44810.585,1.7483
001232.SZ,20261009,170.1,171.56,155.4,164.67,172.0,52895.55,855220.22557,-4.2616
001233.SZ,20261009,43.96,45.08,43.33,44.95,44.4,19135.03,84803.37525,1.2387
001234.SZ,20261009,23.25,23.83,22.8,23.76,23.26,92104.32,215767.42415,2.1496
001236.SZ,20261009,7.72,7.91,7.52,7.9,7.71,125586.0,97105.365,2.4643
001237.SZ,20261009,49.04,49.91,48.63,49.78,49.01,9360.0,46206.79538,1.5711
001238.SZ,20261009,25.61,26.3,25.07,26.16,25.61,12254.95,31505.17308,2.1476
001239.SZ,20261009,12.44,12.52,12.05,12.45,12.5,25703.98,31615.84275,-0.4
001246.SZ,20261009,50.9,52.88,45.01,45.05,53.55,719258.23,3466031.17698,-15.873
001248.SZ,20261009,11.52,11.65,11.42,11.65,11.55,358160.34,413758.73495,0.8658
001255.SZ,20261009,26.89,27.3,26.11,27.27,27.01,15399.5,41267.0925,0.9626
001256.SZ,20261009,21.93,21.98,20.61,21.27,21.75,26563.0,55858.701,-2.2069
001257.SZ,20261009,20.39,20.85,20.01,20.85,20.42,105848.97,216341.51092,2.1058
001258.SZ,20261009,10.04,10.1,9.72,10.08,10.11,325644.0,322751.235,-0.2967
001259.SZ,20261009,44.65,44.65,41.51,43.07,43.7,15525.0,66446.87771,-1.4416
001260.SZ,20261009,18.96,19.1,18.31,19.04,19.1,22672.1,42366.0756,-0.3141
001266.SZ,20261009,41.18,41.76,38.75,40.64,41.62,92831.25,373234.86023,-2.3546
001267.SZ,20261009,32.0,32.03,29.45,30.83,32.42,298860.06,918591.62175,-4.9044
001268.SZ,20261009,24.23,24.25,22.43,24.15,24.28,39326.2,91652.46075,-0.5354
001269.SZ,20261009,18.67,18.76,18.0,18.69,18.67,21008.8,38648.189,0.1071
001270.SZ,20261009,90.18,90.29,83.1,87.1,90.33,59364.37,510857.45326,-3.5758
001277.SZ,20261009,30.07,30.39,29.3,30.39,30.21,10858.0,32457.649,0.5958
001278.SZ,20261009,17.06,17.6,16.71,17.5,17.18,38518.0,66176.487,1.8626
001279.SZ,20261009,26.73,26.99,26.24,26.97,26.8,13102.99,34894.68806,0.6343
001280.SZ,20261009,60.09,61.16,59.4,60.96,60.42,31624.39,190531.99973,0.8937
001282.SZ,20261009,16.61,16.61,15.85,16.36,16.64,36292.33,58710.43169,-1.6827
001283.SZ,20261009,47.11,48.68,46.65,48.0,47.49,37591.16,179656.52751,1.0739
001285.SZ,20261009,42.11,43.5,41.41,43.2,42.11,14951.23,63435.99785,2.5885
001286.SZ,20261009,9.68,9.97,9.66,9.94,9.66,300243.79,296425.06183,2.8986
001287.SZ,20261009,21.48,21.48,20.26,21.03,21.63,184234.31,383792.03954,-2.7739
001288.SZ,20261009,32.0,32.72,29.6,30.71,32.14,66669.29,204787.2656,-4.4493
001289.SZ,20261009,14.97,15.05,14.92,15.03,14.96,31842.09,47725.60606,0.4679
001296.SZ,20261009,19.31,19.5,18.45,19.26,19.27,19323.0,36497.386,-0.0519
001298.SZ,20261009,16.16,16.22,15.57,16.18,16.17,76333.93,121296.48173,0.0618
001299.SZ,20261009,10.23,10.35,9.81,10.19,10.25,74067.88,73894.76359,-0.5854
001300.SZ,20261009,14.26,14.86,14.18,14.86,13.51,83114.0,122004.198,9.9926
001301.SZ,20261009,46.06,47.47,45.47,46.89,46.38,59708.33,278048.14468,1.0996
001306.SZ,20261009,54.12,54.19,51.0,53.85,54.13,8864.3,46580.61213,-0.5173
001308.SZ,20261009,17.81,18.1,17.63,18.06,17.67,18915.79,33884.07436,2.2071
001309.SZ,20261009,336.37,339.46,319.62,336.91,341.48,94359.14,3118592.84651,-1.3383
001311.SZ,20261009,16.2,16.48,15.57,16.42,16.28,37983.87,60847.40335,0.86
001312.SZ,20261009,17.95,18.15,17.71,18.1,18.0,26536.99,47676.14694,0.5556
001313.SZ,20261009,7.05,7.31,6.97,7.26,7.08,156614.9,111510.9395,2.5424
001314.SZ,20261009,47.12,47.68,44.68,47.21,47.35,40915.0,189408.14886,-0.2957
001316.SZ,20261009,26.68,26.79,25.23,26.77,26.61,37218.26,97093.0017,0.6013
001317.SZ,20261009,67.65,69.78,62.68,68.26,66.28,134529.85,883796.74769,2.9873
001318.SZ,20261009,12.8,14.11,12.4,13.43,12.83,290442.94,384247.82246,4.6765
001319.SZ,20261009,20.71,20.77,19.76,20.47,20.69,17533.0,35539.395,-1.0633
001322.SZ,20261009,6.77,6.88,6.63,6.86,6.77,52594.04,35481.94228,1.3294
001323.SZ,20261009,18.64,19.05,18.38,18.99,18.64,16923.42,31791.5415,1.8777
001324.SZ,20261009,20.29,20.39,19.34,20.03,20.39,46694.96,92301.9102,-1.7656
001325.SZ,20261009,36.1,39.48,35.62,38.92,36.03,36716.77,138819.63195,8.0211
001326.SZ,20261009,100.07,102.3,93.11,100.7,101.37,36099.99,353249.88951,-0.6609
001328.SZ,20261009,30.5,31.18,29.8,30.75,30.5,18417.23,56090.75404,0.8197
001330.SZ,20261009,6.47,6.97,6.29,6.97,6.34,2433204.19,1615588.59274,9.9369
001331.SZ,20261009,38.0,38.18,34.65,35.33,38.5,114993.62,407404.5362,-8.2338
001332.SZ,20261009,28.23,28.68,26.76,27.25,28.47,47399.17,129382.86501,-4.2852
001333.SZ,20261009,20.5,20.72,19.8,20.62,20.52,21093.0,42690.28,0.4873
001335.SZ,20261009,33.4,33.4,32.1,32.85,33.4,8394.0,27391.23503,-1.6467
001336.SZ,20261009,21.9,22.72,21.3,22.72,20.65,155146.47,347765.04046,10.0242
001337.SZ,20261009,44.73,47.5,43.96,47.03,43.96,160733.78,733471.52813,6.9836
001338.SZ,20261009,9.32,9.45,9.16,9.45,9.32,76780.0,71409.875,1.3948
001339.SZ,20261009,66.98,67.5,62.9,66.25,67.65,56659.06,369009.41766,-2.0695
001356.SZ,20261009,9.13,9.32,9.02,9.29,9.14,38995.02,35774.13421,1.6411
001358.SZ,20261009,23.94,24.38,23.5,24.2,24.01,17121.09,40967.86908,0.7913
001359.SZ,20261009,81.13,81.7,73.6,78.07,81.59,32763.25,252893.12319,-4.3143
001360.SZ,20261009,18.59,18.59,17.0,17.82,18.63,65532.5,115554.90182,-4.3478
001365.SZ,20261009,35.05,35.46,34.19,35.14,35.48,45799.03,159284.18384,-0.9583
001366.SZ,20261009,13.01,13.27,12.63,13.24,13.02,45920.0,59551.482,1.6897
001367.SZ,20261009,22.03,22.1,21.2,21.77,21.86,18331.91,39510.49583,-0.4117
001368.SZ,20261009,37.27,39.37,34.87,38.64,37.16,89853.73,331357.93258,3.9828
001369.SZ,20261009,12.0,12.21,11.96,12.16,12.0,55793.53,67461.98328,1.3333
001373.SZ,20261009,30.19,30.19,28.16,29.98,30.44,19626.0,57437.17516,-1.5112
001376.SZ,20261009,12.13,12.25,11.63,12.18,12.25,142350.0,169380.0059,-0.5714
001378.SZ,20261009,22.47,22.61,21.2,22.04,22.39,64493.72,141089.57843,-1.5632
001379.SZ,20261009,15.96,15.99,15.27,15.81,15.96,20562.0,32121.757,-0.9398
001380.SZ,20261009,18.75,18.75,18.12,18.54,18.81,21406.18,39421.51095,-1.4354
001382.SZ,20261009,16.41,16.56,16.13,16.56,16.38,15015.0,24535.475,1.0989
001386.SZ,20261009,15.58,16.43,15.58,16.26,15.69,48147.15,77142.88049,3.6329
001387.SZ,20261009,12.4,12.46,11.9,12.46,12.38,33628.0,40949.429,0.6462
001388.SZ,20261009,19.82,19.86,18.85,19.69,19.8,37572.78,72379.64557,-0.5556
001389.SZ,20261009,165.59,165.59,150.3,154.5,167.0,114145.42,1768310.72161,-7.485
001390.SZ,20261009,16.97,17.2,16.73,17.15,16.99,25034.78,42483.56874,0.9417
001391.SZ,20261009,3.88,4.06,3.88,4.05,3.9,750407.4,300083.01181,3.8462
001393.SZ,20261009,40.5,41.44,39.35,40.32,40.64,26343.54,105995.52716,-0.7874
001395.SZ,20261009,29.94,30.78,29.8,30.64,30.19,16505.61,50033.30814,1.4906
001396.SZ,20261009,31.38,31.69,30.6,31.44,31.14,8830.84,27602.30358,0.9634
001399.SZ,20261009,20.48,20.52,19.4,20.03,20.52,248698.11,494079.10841,-2.3879
001400.SZ,20261009,81.18,81.86,73.9,79.8,82.0,33994.83,263762.83928,-2.6829
001696.SZ,20261009,14.62,14.85,14.36,14.79,14.64,251743.15,369031.62808,1.0246
001872.SZ,20261009,24.65,24.78,24.2,24.63,24.61,32809.59,80282.13644,0.0813
001896.SZ,20261009,10.38,10.48,10.03,10.45,10.45,371154.55,379678.46563,0.0
001965.SZ,20261009,10.2,10.28,10.04,10.1,10.23,184178.78,186999.26494,-1.2708
001979.SZ,20261009,7.82,7.93,7.62,7.72,7.82,934012.11,720235.33797,-1.2788
002001.SZ,20261009,26.18,26.71,25.87,26.58,26.31,222318.16,584516.88479,1.0262
002003.SZ,20261009,11.46,11.7,11.4,11.62,11.45,103112.29,119340.08173,1.4847
002004.SZ,20261009,4.35,4.59,4.35,4.57,4.35,546238.25,245150.93449,5.0575
002005.SZ,20261009,2.68,2.69,2.54,2.62,2.68,273408.0,70890.134,-2.2388
002006.SZ,20261009,12.93,13.23,12.74,13.19,12.99,65973.98,85704.01858,1.5396
002007.SZ,20261009,13.16,13.39,13.1,13.35,13.2,129334.7,171799.64124,1.1364
002008.SZ,20261009,78.23,78.44,72.85,75.5,78.11,402285.1,3016487.60044,-3.3414
002009.SZ,20261009,15.4,15.64,14.81,15.61,15.33,115351.15,175800.22879,1.8265
002010.SZ,20261009,4.58,4.61,4.53,4.6,4.58,173840.0,79552.15,0.4367
002011.SZ,20261009,12.25,12.28,11.75,12.14,12.29,319207.5,383570.86471,-1.2205
002012.SZ,20261009,6.74,6.83,6.36,6.77,6.81,155351.0,102083.328,-0.5874
002014.SZ,20261009,11.18,11.34,11.1,11.31,11.19,29500.6,33227.0162,1.0724
002015.SZ,20261009,14.52,14.59,13.93,14.45,14.51,390628.23,556377.90815,-0.4135
002016.SZ,20261009,4.8,4.89,4.62,4.79,4.83,139406.08,66019.69322,-0.8282
002017.SZ,20261009,13.54,14.05,13.23,14.03,13.62,134688.7,183677.23954,3.0103
002019.SZ,20261009,9.41,9.7,9.36,9.66,9.44,137017.84,131540.26888,2.3305
002020.SZ,20261009,11.66,11.93,11.64,11.87,11.7,221928.1,261698.8417,1.453
002021.SZ,20261009,2.54,2.62,2.48,2.61,2.55,309802.16,78892.77996,2.3529
002022.SZ,20261009,6.04,6.22,5.92,6.2,6.05,200137.13,121504.17774,2.4793
002023.SZ,20261009,9.1,9.16,8.78,9.14,9.13,113075.22,101591.0859,0.1095
002024.SZ,20261009,1.15,1.16,1.14,1.15,1.15,205706.01,23588.17864,0.0
002025.SZ,20261009,63.54,64.15,58.6,61.72,64.5,125065.55,760643.41709,-4.3101
002026.SZ,20261009,11.02,11.02,10.48,10.78,10.93,85104.18,90991.75016,-1.3724
002027.SZ,20261009,4.72,4.95,4.72,4.91,4.74,2550011.03,1235956.95109,3.5865
002028.SZ,20261009,116.0,120.88,114.0,120.09,117.11,147800.72,1740333.33554,2.5446
002029.SZ,20261009,9.27,10.1,9.05,9.92,9.19,671055.61,649187.32794,7.9434
002030.SZ,20261009,5.91,6.04,5.6,6.03,5.96,754314.04,441625.77937,1.1745
002031.SZ,20261009,5.27,5.29,5.01,5.24,5.32,1151911.05,591272.50827,-1.5038
002032.SZ,20261009,41.28,41.7,40.8,41.23,41.44,27781.0,114642.413,-0.5068
002033.SZ,20261009,8.15,8.29,8.15,8.28,8.16,118719.53,97557.46886,1.4706
002034.SZ,20261009,14.02,14.45,13.92,14.4,14.04,68819.49,97347.65082,2.5641
002035.SZ,20261009,4.67,4.74,4.61,4.73,4.7,185295.0,86765.407,0.6383
002036.SZ,20261009,5.9,5.91,5.68,5.9,5.83,242131.7,140625.1423,1.2007
002037.SZ,20261009,6.76,6.83,6.51,6.72,6.76,57793.0,38410.588,-0.5917
002038.SZ,20261009,5.57,5.8,5.47,5.76,5.62,260155.0,146877.283,2.4911
002039.SZ,20261009,19.99,20.16,19.91,20.11,20.01,87797.44,175959.72755,0.4998
002040.SZ,20261009,8.93,8.98,8.58,8.94,8.94,151324.93,132002.04647,0.0
002041.SZ,20261009,10.23,10.78,9.98,10.78,10.13,755847.2,782895.79652,6.4166
002042.SZ,20261009,3.56,3.66,3.5,3.65,3.58,278126.19,99487.77347,1.9553
002043.SZ,20261009,11.75,12.51,11.66,12.38,11.8,269396.05,326649.30682,4.9153
002044.SZ,20261009,4.52,4.96,4.5,4.9,4.52,2596167.3,1234575.41306,8.4071
002045.SZ,20261009,8.38,8.87,8.28,8.78,8.39,170326.0,145218.993,4.6484
002046.SZ,20261009,57.0,57.42,52.22,55.3,58.0,158899.91,863534.34866,-4.6552
002047.SZ,20261009,3.16,3.21,3.08,3.21,3.17,222385.84,70051.51656,1.2618
002048.SZ,20261009,16.98,17.7,16.45,17.52,17.03,178741.95,304803.86269,2.8773
002049.SZ,20261009,55.88,56.71,54.72,56.59,56.14,111563.02,621264.07195,0.8016
002050.SZ,20261009,33.77,33.9,32.01,33.58,33.94,658266.54,2164108.67884,-1.0607
002051.SZ,20261009,8.55,8.69,8.43,8.67,8.54,171618.81,146817.68151,1.5222
002052.SZ,20261009,7.8,8.36,7.7,8.25,7.81,122452.0,98593.87006,5.6338
002053.SZ,20261009,9.62,9.75,9.58,9.73,9.64,62616.72,60604.76346,0.9336
002054.SZ,20261009,7.02,7.13,6.9,7.13,7.07,80093.48,56216.78684,0.8487
002055.SZ,20261009,6.28,6.3,6.07,6.28,6.27,112595.0,69383.192,0.1595
002056.SZ,20261009,18.79,18.94,18.28,18.86,18.86,154092.7,287391.41088,0.0
002057.SZ,20261009,8.82,8.97,8.62,8.94,8.82,140983.5,124331.958,1.3605
002058.SZ,20261009,24.44,24.44,24.44,24.44,22.22,41240.52,100791.83088,9.991
002059.SZ,20261009,4.16,4.29,4.08,4.28,4.16,370232.9,154670.9945,2.8846
002060.SZ,20261009,3.08,3.14,3.08,3.13,3.08,224005.3,69922.50877,1.6234
002061.SZ,20261009,3.37,3.41,3.36,3.38,3.36,251068.87,85038.64729,0.5952
002062.SZ,20261009,9.28,9.68,9.07,9.62,9.2,302022.55,284351.82935,4.5652
002063.SZ,20261009,5.24,5.39,5.22,5.38,5.24,258118.52,136965.65608,2.6718
002064.SZ,20261009,9.78,10.33,9.78,10.2,9.77,493744.12,496544.59928,4.4012
002065.SZ,20261009,6.46,6.6,6.36,6.57,6.41,280315.67,181632.75891,2.4961
002066.SZ,20261009,19.65,19.65,18.7,19.09,19.42,26626.0,50535.536,-1.6993
002067.SZ,20261009,3.89,3.97,3.81,3.95,3.9,296614.0,115290.548,1.2821
002068.SZ,20261009,8.98,9.31,8.72,9.28,9.05,468976.57,428186.12564,2.5414
002069.SZ,20261009,3.65,3.71,3.57,3.69,3.65,113015.01,41206.05869,1.0959
002072.SZ,20261009,6.98,7.12,6.8,7.11,7.04,87542.0,61074.367,0.9943
002073.SZ,20261009,5.66,5.75,5.61,5.74,5.66,146388.82,83229.23804,1.4134
002074.SZ,20261009,30.36,32.0,29.85,30.41,31.3,1122613.13,3451359.09578,-2.8435
002075.SZ,20261009,3.52,3.56,3.5,3.55,3.52,237454.63,83945.79231,0.8523
002076.SZ,20261009,2.08,2.12,2.03,2.12,2.1,254807.0,52827.836,0.9524
002077.SZ,20261009,13.19,13.57,12.49,12.92,13.19,351568.78,453250.48018,-2.047
002078.SZ,20261009,13.67,13.88,13.53,13.77,13.64,188133.0,258299.92224,0.9531
002079.SZ,20261009,8.28,8.32,8.03,8.3,8.28,193069.91,157968.84976,0.2415
002080.SZ,20261009,52.96,53.1,49.24,51.8,52.01,497933.26,2548822.49811,-0.4038
002081.SZ,20261009,4.7,4.76,4.5,4.74,4.76,1455222.96,672792.29037,-0.4202
002082.SZ,20261009,11.67,12.85,11.66,12.85,11.68,214373.02,268287.49922,10.0171
002083.SZ,20261009,9.78,10.69,9.68,10.19,9.72,906280.57,931693.49533,4.8354
002084.SZ,20261009,5.48,5.64,5.23,5.58,5.54,535496.05,291107.80889,0.722
002085.SZ,20261009,9.22,9.3,9.07,9.28,9.22,196020.19,180487.62756,0.6508
002086.SZ,20261009,2.0,2.09,1.98,2.08,2.01,581151.36,118205.04488,3.4826
002088.SZ,20261009,8.13,8.21,7.95,8.19,8.11,33787.57,27283.31448,0.9864
002090.SZ,20261009,9.01,9.25,8.89,9.24,9.04,84840.02,76885.2558,2.2124
002091.SZ,20261009,7.61,7.77,7.6,7.73,7.64,143789.24,110854.11228,1.178
002092.SZ,20261009,4.47,4.52,4.43,4.51,4.42,423260.1,189448.8738,2.0362
002093.SZ,20261009,7.0,7.02,6.58,6.8,7.11,313399.54,211395.59076,-4.3601
002094.SZ,20261009,4.89,5.05,4.75,5.03,4.89,242795.81,119189.34509,2.863
002095.SZ,20261009,15.33,15.95,14.76,15.85,15.33,92616.1,142260.74068,3.392
002096.SZ,20261009,9.16,9.36,9.13,9.27,9.16,54715.14,50772.6582,1.2009
002097.SZ,20261009,6.76,6.84,6.61,6.82,6.75,138265.0,92869.818,1.037
002098.SZ,20261009,8.4,8.45,8.18,8.41,8.41,51889.59,43082.83298,0.0
002099.SZ,20261009,6.1,6.33,6.1,6.32,6.15,387892.35,241411.04972,2.7642
002100.SZ,20261009,7.67,7.74,7.53,7.68,7.62,167884.46,128198.02338,0.7874
002101.SZ,20261009,8.6,8.67,8.53,8.57,8.58,50608.0,43414.073,-0.1166
002102.SZ,20261009,2.56,2.56,2.51,2.54,2.55,70717.0,17954.198,-0.3922
002103.SZ,20261009,6.61,6.81,6.52,6.81,6.63,77259.0,51570.119,2.7149
002104.SZ,20261009,9.93,10.38,9.64,10.36,9.99,354533.05,354962.42125,3.7037
002105.SZ,20261009,6.14,6.79,6.03,6.51,6.17,323023.95,210375.41939,5.5105
002106.SZ,20261009,11.59,11.75,11.04,11.46,11.73,257973.37,292692.2853,-2.3018
002107.SZ,20261009,7.17,7.37,6.94,7.35,7.16,282112.3,202639.32648,2.6536
002108.SZ,20261009,4.34,4.44,4.31,4.44,4.36,297161.49,130701.76633,1.8349
002109.SZ,20261009,2.87,2.88,2.8,2.85,2.86,57298.49,16246.18567,-0.3497
002110.SZ,20261009,2.91,2.95,2.89,2.92,2.91,334243.6,97551.483,0.3436
002111.SZ,20261009,9.15,9.3,9.1,9.29,9.14,70970.18,65390.49404,1.6411
002112.SZ,20261009,13.82,13.93,13.23,13.8,13.78,67883.89,92011.75215,0.1451
002114.SZ,20261009,7.08,7.23,6.92,7.21,7.13,57173.0,40417.675,1.122
002115.SZ,20261009,9.12,9.59,8.88,9.55,9.14,415120.4,383108.91726,4.4858
002116.SZ,20261009,7.14,7.29,7.13,7.29,7.15,34959.2,25228.9432,1.958
002117.SZ,20261009,7.78,7.99,7.65,7.97,7.78,76129.46,59647.84,2.4422
002119.SZ,20261009,24.89,25.0,22.56,23.2,25.07,757317.28,1752515.86432,-7.4591
002120.SZ,20261009,6.78,6.94,6.78,6.94,6.79,324240.18,223059.85755,2.2091
002121.SZ,20261009,4.21,4.31,4.16,4.3,4.21,263161.26,111543.1632,2.1378
002122.SZ,20261009,2.86,2.88,2.8,2.88,2.86,131707.45,37413.65115,0.6993
002123.SZ,20261009,7.41,7.68,7.28,7.67,7.4,178236.48,132972.29412,3.6486
002124.SZ,20261009,1.95,2.01,1.92,2.01,1.95,704546.24,138194.16932,3.0769
002125.SZ,20261009,12.2,12.67,12.11,12.62,12.25,359800.15,449139.82597,3.0204
002126.SZ,20261009,32.73,33.44,31.01,32.97,32.94,218913.57,704511.34715,0.0911
002127.SZ,20261009,2.92,3.07,2.91,3.06,2.92,672695.52,200998.7686,4.7945
002128.SZ,20261009,28.0,28.9,27.83,28.8,28.15,143690.72,408155.39956,2.3091
002129.SZ,20261009,9.26,9.7,9.26,9.69,9.37,1334131.91,1272144.30818,3.4152
002130.SZ,20261009,15.6,15.67,15.14,15.64,15.57,192889.09,297488.83433,0.4496
002131.SZ,20261009,4.11,4.31,4.03,4.3,4.12,2364952.04,985197.91983,4.3689
002132.SZ,20261009,4.0,4.08,3.96,4.08,4.0,336145.5,135342.675,2.0
002133.SZ,20261009,2.99,3.02,2.87,2.97,2.99,206760.02,60790.83887,-0.6689
002134.SZ,20261009,22.46,22.54,20.39,21.25,22.66,200862.43,427435.20615,-6.2224
002135.SZ,20261009,6.19,6.19,5.71,6.02,6.14,187029.0,110052.598,-1.9544
002136.SZ,20261009,12.16,12.25,11.85,12.25,12.2,72931.0,88077.115,0.4098
002137.SZ,20261009,7.75,7.82,7.34,7.8,7.78,384587.0,292848.599,0.2571
002138.SZ,20261009,47.14,47.25,43.81,45.6,48.09,290770.15,1320402.42337,-5.1778
002139.SZ,20261009,9.61,9.85,9.57,9.83,9.61,207246.2,202310.47584,2.2893
002140.SZ,20261009,9.34,9.45,9.25,9.41,9.39,43514.67,40689.3328,0.213
002141.SZ,20261009,6.0,6.0,5.52,5.72,6.13,1469864.23,828768.96948,-6.6884
002142.SZ,20261009,35.67,35.98,35.19,35.24,35.68,258531.78,917306.70596,-1.2332
002144.SZ,20261009,11.07,11.19,10.61,11.05,11.06,39830.0,43260.88,-0.0904
002145.SZ,20261009,4.64,4.76,4.61,4.74,4.67,641819.39,300107.35302,1.4989
002146.SZ,20261009,1.28,1.3,1.22,1.27,1.26,2285518.64,286350.87164,0.7937
002148.SZ,20261009,6.11,6.29,5.95,6.29,6.11,115593.4,70733.7986,2.946
002149.SZ,20261009,34.2,34.29,31.21,32.7,33.62,456115.4,1486790.33188,-2.7365
002150.SZ,20261009,19.78,19.78,18.85,19.39,19.61,66983.95,128746.77089,-1.1219
002151.SZ,20261009,28.01,28.48,27.14,28.14,28.21,142598.34,395827.02268,-0.2481
002152.SZ,20261009,8.8,9.04,8.7,9.02,8.8,200460.53,177554.14759,2.5
002153.SZ,20261009,7.19,7.47,7.05,7.42,7.19,193167.56,140078.44585,3.1989
002154.SZ,20261009,3.81,3.92,3.8,3.9,3.8,331282.89,127628.3752,2.6316
002155.SZ,20261009,23.01,24.19,22.91,23.96,22.76,626238.19,1472863.3973,5.2724
002156.SZ,20261009,55.0,55.99,52.9,55.55,55.93,649993.58,3539301.22043,-0.6794
002157.SZ,20261009,2.89,2.93,2.88,2.91,2.88,941496.92,273903.79413,1.0417
002158.SZ,20261009,23.92,24.0,22.51,23.45,24.03,89981.8,207952.81527,-2.4136
002159.SZ,20261009,13.19,13.38,12.93,13.38,13.2,18001.0,23679.714,1.3636
002160.SZ,20261009,3.9,3.94,3.83,3.93,3.89,114782.65,44639.3895,1.0283
002161.SZ,20261009,6.17,6.18,5.73,6.13,6.17,314526.27,187576.96177,-0.6483
002162.SZ,20261009,4.2,4.43,4.19,4.41,4.23,366555.7,158716.0183,4.2553
002163.SZ,20261009,7.55,7.57,7.18,7.55,7.46,238069.56,175624.3463,1.2064
002164.SZ,20261009,12.74,13.75,12.51,13.58,12.83,458518.46,600459.34113,5.8457
002165.SZ,20261009,6.98,7.05,6.76,7.03,6.98,418526.6,289170.47132,0.7163
002166.SZ,20261009,6.98,7.32,6.92,7.3,6.96,244093.8,174779.42448,4.8851
002167.SZ,20261009,14.87,14.88,13.78,14.45,14.9,444871.07,631973.14176,-3.0201
002168.SZ,20261009,3.52,3.63,3.51,3.61,3.52,67972.97,24407.01924,2.5568
002169.SZ,20261009,12.3,12.33,11.16,11.57,12.4,337316.17,390590.74263,-6.6935
002170.SZ,20261009,10.7,10.92,10.66,10.83,10.72,127748.57,137988.99961,1.0261
002171.SZ,20261009,9.68,9.72,9.41,9.63,9.69,291376.16,278816.50158,-0.6192
002172.SZ,20261009,5.62,6.13,5.55,5.91,5.66,1975537.42,1149758.06233,4.417
002173.SZ,20261009,16.81,16.98,16.02,16.77,17.1,193011.41,317148.18948,-1.9298
002174.SZ,20261009,12.6,12.68,12.0,12.6,12.62,336796.54,416212.70061,-0.1585
002175.SZ,20261009,2.45,2.45,2.36,2.41,2.45,154385.4,36970.629,-1.6327
002176.SZ,20261009,8.44,8.64,8.28,8.55,8.48,447584.8,379332.64524,0.8255
002177.SZ,20261009,5.38,5.64,5.3,5.63,5.38,227719.38,124917.58722,4.6468
002178.SZ,20261009,4.83,5.08,4.65,5.06,4.89,430079.0,209406.277,3.4765
002179.SZ,20261009,33.1,33.57,32.3,33.39,33.18,206458.98,678044.84385,0.6329
002180.SZ,20261009,16.67,17.18,16.44,17.06,16.83,147356.83,248514.86086,1.3666
002181.SZ,20261009,8.48,9.39,8.2,9.39,8.54,865919.81,770568.01159,9.9532
002182.SZ,20261009,11.48,12.5,11.33,12.3,11.58,563498.84,674996.57935,6.2176
002183.SZ,20261009,4.17,4.39,4.16,4.38,4.2,801468.54,345831.58616,4.2857
002184.SZ,20261009,9.8,9.93,9.5,9.92,9.84,49253.14,47866.91064,0.813
002185.SZ,20261009,15.85,15.98,15.13,15.85,16.03,1688541.83,2631101.23575,-1.1229
002186.SZ,20261009,9.6,9.69,9.34,9.56,9.63,109071.13,103746.89261,-0.7269
002187.SZ,20261009,5.41,5.7,5.4,5.68,5.45,128550.0,71291.509,4.2202
002188.SZ,20261009,5.9,6.2,5.63,5.93,5.97,476234.78,278871.82373,-0.67
002189.SZ,20261009,18.42,18.42,17.69,18.3,18.43,25148.32,45334.47239,-0.7054
002190.SZ,20261009,23.25,23.25,22.05,22.84,22.87,44821.01,100797.65246,-0.1312
002191.SZ,20261009,3.44,3.51,3.43,3.49,3.46,83476.68,28923.426,0.8671
002192.SZ,20261009,57.21,58.64,55.39,57.25,57.22,156787.21,894311.42387,0.0524
002193.SZ,20261009,4.5,4.51,4.26,4.47,4.48,40171.55,17660.55185,-0.2232
002194.SZ,20261009,9.64,9.78,9.28,9.77,9.72,218487.84,207784.56724,0.5144
002195.SZ,20261009,5.84,5.96,5.68,5.92,5.84,1091383.31,635566.39636,1.3699
002196.SZ,20261009,9.83,10.07,9.51,10.06,9.85,199778.16,195867.21612,2.132
002197.SZ,20261009,6.2,6.44,6.0,6.42,6.22,205013.33,127602.44593,3.2154
002198.SZ,20261009,3.53,3.59,3.42,3.55,3.51,42874.68,15075.61936,1.1396
002199.SZ,20261009,11.12,11.12,10.64,11.05,11.1,38990.01,42436.22993,-0.4505
002200.SZ,20261009,6.69,6.84,6.43,6.79,6.69,57782.0,38283.02,1.4948
002201.SZ,20261009,8.95,8.95,8.4,8.81,8.95,223491.76,193601.03124,-1.5642
002202.SZ,20261009,16.68,16.72,15.93,16.35,16.68,802083.1,1300623.01501,-1.9784
002203.SZ,20261009,16.7,16.88,15.75,16.22,16.82,302821.76,489282.95257,-3.5672
002204.SZ,20261009,5.41,5.46,5.31,5.41,5.39,330962.27,178152.16099,0.3711
002205.SZ,20261009,12.16,12.28,11.49,12.1,12.08,117387.0,139413.623,0.1656
002206.SZ,20261009,4.9,4.94,4.86,4.92,4.89,65187.0,31979.268,0.6135
002207.SZ,20261009,5.38,5.41,5.21,5.41,5.41,55243.0,29389.806,0.0
002208.SZ,20261009,9.55,9.69,9.16,9.6,9.63,230615.96,217117.9369,-0.3115
002209.SZ,20261009,13.02,13.12,12.56,13.04,13.07,40039.49,51459.87097,-0.2295
002210.SZ,20261009,2.08,2.13,2.05,2.13,2.08,573609.5,120006.65,2.4038
002211.SZ,20261009,3.68,3.73,3.56,3.72,3.68,50494.5,18417.4435,1.087
002212.SZ,20261009,6.81,7.56,6.67,7.56,6.87,1232241.28,882347.75486,10.0437
002213.SZ,20261009,25.8,26.02,24.4,25.88,26.07,100302.48,252928.89452,-0.7288
002214.SZ,20261009,17.03,17.16,16.36,16.96,17.08,66050.2,110630.1864,-0.7026
002215.SZ,20261009,9.35,9.47,9.26,9.41,9.35,139837.29,131068.98633,0.6417
002216.SZ,20261009,11.63,11.83,11.62,11.76,11.63,57886.39,67942.1409,1.1178
002217.SZ,20261009,1.53,1.54,1.5,1.53,1.54,845318.0,128448.999,-0.6494
002218.SZ,20261009,3.85,3.91,3.74,3.91,3.86,402986.87,154011.20198,1.2953
002219.SZ,20261009,2.04,2.12,2.02,2.11,2.04,887966.44,183933.92639,3.4314
002221.SZ,20261009,5.74,5.79,5.61,5.68,5.74,215786.89,122242.25426,-1.0453
002222.SZ,20261009,55.9,56.0,51.7,54.6,56.58,209852.75,1130757.22387,-3.4995
002223.SZ,20261009,25.95,26.37,25.88,26.12,25.95,107289.0,280329.77,0.6551
002224.SZ,20261009,3.75,3.87,3.72,3.86,3.74,172430.0,65503.37,3.2086
002225.SZ,20261009,3.41,3.51,3.36,3.5,3.44,234991.46,80603.62543,1.7442
002226.SZ,20261009,5.27,5.39,5.18,5.35,5.29,523255.8,275618.7672,1.1342
002227.SZ,20261009,6.38,6.43,6.19,6.38,6.4,15655.0,9882.829,-0.3125
002228.SZ,20261009,3.21,3.28,3.16,3.26,3.22,237913.2,76571.1932,1.2422
002229.SZ,20261009,9.95,10.15,9.58,10.12,9.94,216359.03,213279.64932,1.8109
002230.SZ,20261009,36.76,37.46,36.0,37.4,36.89,227137.45,832815.67106,1.3825
002232.SZ,20261009,15.91,16.76,15.46,16.68,16.09,255529.12,415293.90631,3.6669
002233.SZ,20261009,7.09,7.33,7.08,7.23,7.1,299594.0,216352.715,1.831
002234.SZ,20261009,7.85,7.92,7.66,7.8,7.8,47992.0,37287.403,0.0
002235.SZ,20261009,7.52,7.71,7.23,7.66,7.5,196837.21,147072.76347,2.1333
002236.SZ,20261009,15.21,15.49,15.2,15.46,15.29,163330.62,250714.48376,1.1118
002237.SZ,20261009,12.4,12.81,12.32,12.76,12.33,246155.87,309423.64533,3.4874
002238.SZ,20261009,6.86,7.31,6.53,7.22,6.9,495449.17,343086.49573,4.6377
002239.SZ,20261009,2.45,2.51,2.44,2.5,2.46,586859.23,145119.99301,1.626
002240.SZ,20261009,25.13,25.88,24.36,25.35,25.14,354969.96,893042.07214,0.8353
002241.SZ,20261009,21.71,21.78,20.96,21.51,21.7,802330.04,1711091.24699,-0.8756
002242.SZ,20261009,14.3,15.13,13.6,15.13,13.75,1392293.82,2062716.60709,10.0364
002243.SZ,20261009,7.01,7.19,6.92,7.16,7.01,142261.3,100313.4067,2.1398
002244.SZ,20261009,10.22,10.55,10.01,10.15,10.21,644195.91,653776.395,-0.5877
002245.SZ,20261009,16.23,16.25,15.45,16.09,16.35,698003.86,1107948.71238,-1.5902
002246.SZ,20261009,24.38,25.97,23.82,25.75,24.51,315156.93,785598.49147,5.0592
002247.SZ,20261009,2.46,2.51,2.39,2.5,2.46,209315.0,51248.55,1.626
002248.SZ,20261009,9.06,9.12,8.65,9.09,9.09,144616.0,128376.348,0.0
002249.SZ,20261009,6.31,6.4,6.2,6.38,6.3,265537.19,167317.86493,1.2698
002250.SZ,20261009,14.44,14.72,14.23,14.6,14.43,116134.94,169441.0054,1.1781
002251.SZ,20261009,3.43,3.6,3.41,3.58,3.43,1084791.04,380466.7286,4.3732
002252.SZ,20261009,5.05,5.11,5.0,5.06,5.06,679825.0,344575.813,0.0
002253.SZ,20261009,8.6,8.75,8.35,8.74,8.59,67281.0,57525.21397,1.7462
002254.SZ,20261009,11.41,11.59,11.13,11.44,11.48,154893.49,175906.76462,-0.3484
002255.SZ,20261009,7.32,7.5,7.2,7.48,7.32,91958.04,67684.6565,2.1858
002256.SZ,20261009,3.14,3.2,3.05,3.18,3.15,373852.39,116515.52413,0.9524
002258.SZ,20261009,13.66,14.04,13.66,13.99,13.72,138630.41,192080.86168,1.9679
002259.SZ,20261009,5.17,5.17,4.73,5.1,5.15,365946.52,180914.51356,-0.9709
002261.SZ,20261009,23.6,23.81,23.07,23.53,24.02,258596.93,604660.3,-2.04
002262.SZ,20261009,21.78,22.08,21.59,21.74,21.85,110173.48,239783.8768,-0.5034
002263.SZ,20261009,3.24,3.3,3.19,3.3,3.26,689805.1,224985.9014,1.227
002264.SZ,20261009,7.16,7.45,6.86,7.4,7.16,493007.04,353205.97326,3.352
002265.SZ,20261009,18.71,18.84,18.2,18.81,18.71,79482.78,146992.27184,0.5345
002266.SZ,20261009,4.82,4.86,4.68,4.8,4.86,780468.6,371191.6458,-1.2346
002267.SZ,20261009,7.35,7.41,7.3,7.33,7.36,65508.81,48163.90554,-0.4076
002268.SZ,20261009,14.39,15.35,14.3,15.29,14.44,278339.71,415935.68712,5.8864
002269.SZ,20261009,1.37,1.42,1.36,1.41,1.38,562810.0,78224.195,2.1739
002270.SZ,20261009,17.92,18.94,17.8,18.81,17.67,330046.31,611827.24774,6.4516
002271.SZ,20261009,10.59,10.98,10.5,10.9,10.67,494331.08,532164.52212,2.1556
002272.SZ,20261009,13.62,13.67,12.85,13.6,13.62,185906.43,246490.77116,-0.1468
002273.SZ,20261009,22.99,22.99,21.62,22.37,23.15,580029.94,1289088.41688,-3.3693
002274.SZ,20261009,5.87,5.93,5.75,5.91,5.87,175931.76,102951.83464,0.6814
002275.SZ,20261009,12.15,12.38,12.15,12.35,12.19,25093.1,30880.3725,1.3126
002276.SZ,20261009,9.91,9.99,9.74,9.96,9.9,114729.8,113407.76694,0.6061
002277.SZ,20261009,4.77,4.9,4.66,4.86,4.79,289725.04,138323.92439,1.4614
002278.SZ,20261009,7.98,8.02,7.59,8.02,8.01,126402.0,98997.831,0.1248
002279.SZ,20261009,6.44,6.81,6.3,6.78,6.46,385019.4,253663.952,4.9536
002281.SZ,20261009,151.39,151.51,141.08,148.71,152.01,335765.78,4921453.29129,-2.1709
002282.SZ,20261009,6.02,6.11,5.96,6.08,6.03,45820.0,27642.492,0.8292
002283.SZ,20261009,7.72,7.77,7.37,7.71,7.77,235945.71,178947.70802,-0.7722
002284.SZ,20261009,9.25,9.28,8.87,9.26,9.3,194735.0,176755.534,-0.4301
002285.SZ,20261009,3.3,3.53,2.98,3.27,3.21,3310354.74,1078343.00096,1.8692
002286.SZ,20261009,8.35,8.51,8.25,8.48,8.45,190158.41,159604.64804,0.355
002287.SZ,20261009,19.3,19.67,19.22,19.56,19.34,20419.09,39954.9197,1.1375
002289.SZ,20261009,32.65,32.86,31.31,32.55,32.65,32376.41,103780.85534,-0.3063
002290.SZ,20261009,63.0,64.9,60.0,62.53,63.91,57365.31,358792.33696,-2.1593
002291.SZ,20261009,5.43,5.71,5.28,5.68,5.43,453865.15,250290.5616,4.6041
002292.SZ,20261009,8.42,9.2,8.31,9.04,8.4,906589.98,792419.50124,7.619
002293.SZ,20261009,10.91,11.4,10.66,11.33,10.85,107399.36,119674.66342,4.424
002294.SZ,20261009,30.15,31.15,29.68,30.93,30.15,105369.57,320865.09142,2.5871
002295.SZ,20261009,9.7,9.75,9.3,9.7,9.71,91391.0,87527.4125,-0.103
002296.SZ,20261009,9.27,9.41,9.05,9.38,9.31,99004.79,91306.92308,0.7519
002297.SZ,20261009,19.14,19.14,17.61,18.51,19.18,489770.39,892561.82447,-3.4932
002298.SZ,20261009,8.78,8.78,7.97,8.31,8.86,541571.29,447333.64308,-6.2077
002299.SZ,20261009,15.68,15.92,15.64,15.87,15.68,55626.99,87993.51108,1.2117
002300.SZ,20261009,7.83,7.85,7.16,7.48,7.96,468270.46,347267.78425,-6.0302
002301.SZ,20261009,8.68,8.69,7.93,8.39,8.6,302408.85,249381.34084,-2.4419
002302.SZ,20261009,4.68,4.75,4.62,4.75,4.68,52710.0,24699.095,1.4957
002303.SZ,20261009,6.32,6.54,6.01,6.4,6.38,813323.78,509897.72712,0.3135
002304.SZ,20261009,37.0,37.38,36.98,37.28,37.02,52961.31,196775.08648,0.7023
002305.SZ,20261009,2.07,2.08,2.02,2.08,2.07,180571.37,36964.22722,0.4831
002306.SZ,20261009,2.05,2.06,1.97,2.01,2.04,113183.0,22604.869,-1.4706
002307.SZ,20261009,2.91,2.97,2.89,2.96,2.93,179766.4,52639.1996,1.0239
002309.SZ,20261009,2.78,2.84,2.72,2.83,2.8,645536.1,179564.5298,1.0714
002310.SZ,20261009,2.22,2.25,2.17,2.24,2.22,679486.94,150350.67222,0.9009
002311.SZ,20261009,41.99,43.1,41.77,42.83,41.96,69391.69,295175.54443,2.0734
002312.SZ,20261009,8.12,8.27,8.1,8.27,8.16,181523.33,148853.60644,1.348
002313.SZ,20261009,8.6,8.66,8.06,8.61,8.65,148870.0,124846.149,-0.4624
002314.SZ,20261009,2.37,2.41,2.3,2.38,2.35,377388.92,88503.25428,1.2766
002315.SZ,20261009,24.15,25.23,23.66,25.08,24.15,81429.27,199239.73988,3.8509
002316.SZ,20261009,4.7,5.03,4.48,4.85,4.98,1163464.26,548642.45948,-2.6104
002317.SZ,20261009,24.02,25.49,23.7,25.49,23.17,494149.43,1221113.05024,10.0129
002318.SZ,20261009,17.58,17.94,17.35,17.78,17.67,78247.73,138394.62924,0.6225
002319.SZ,20261009,9.95,10.16,9.66,10.14,10.0,110076.0,108970.798,1.4
002320.SZ,20261009,6.29,6.35,6.12,6.33,6.28,243758.22,151877.69374,0.7962
002321.SZ,20261009,2.05,2.11,1.98,2.09,2.06,1180962.52,240811.75616,1.4563
002322.SZ,20261009,11.8,11.98,11.47,11.95,11.85,70030.0,81976.383,0.8439
002323.SZ,20261009,1.19,1.25,1.19,1.24,1.2,492104.47,59823.07233,3.3333
002324.SZ,20261009,8.7,8.83,8.36,8.74,8.74,303970.06,262291.04844,0.0
002326.SZ,20261009,16.5,17.38,16.46,17.19,16.61,414513.76,706652.20316,3.4919
002327.SZ,20261009,6.18,6.24,6.14,6.21,6.18,51813.0,32067.281,0.4854
002328.SZ,20261009,7.87,7.89,7.44,7.81,7.88,333013.14,255006.39928,-0.8883
002329.SZ,20261009,3.61,3.9,3.53,3.85,3.63,398900.05,148956.9657,6.0606
002330.SZ,20261009,4.06,4.14,4.01,4.14,4.06,86447.0,35214.155,1.9704
002331.SZ,20261009,6.76,7.08,6.62,7.08,6.79,98735.24,67788.08484,4.271
002332.SZ,20261009,8.62,8.78,8.62,8.76,8.64,185694.09,162154.24459,1.3889
002333.SZ,20261009,5.42,5.43,5.26,5.37,5.39,94025.0,50098.529,-0.3711
002334.SZ,20261009,6.36,6.45,6.22,6.44,6.36,102302.92,64930.08504,1.2579
002335.SZ,20261009,28.43,28.89,26.43,27.58,28.95,279905.8,767590.09546,-4.7323
002337.SZ,20261009,4.63,4.7,4.53,4.68,4.65,107672.0,49731.907,0.6452
002338.SZ,20261009,39.3,39.44,36.9,38.68,39.54,64346.34,245198.78099,-2.175
002339.SZ,20261009,7.19,7.26,6.93,7.25,7.23,191106.75,135289.46965,0.2766
002340.SZ,20261009,6.2,6.32,6.17,6.26,6.2,1041028.71,652887.95,0.9677
002342.SZ,20261009,8.31,8.5,7.61,7.92,8.46,1822405.86,1431337.09006,-6.383
002343.SZ,20261009,5.52,6.08,5.36,6.08,5.53,242119.35,140260.29552,9.9458
002344.SZ,20261009,3.97,4.04,3.91,4.03,3.98,131221.0,52311.242,1.2563
002345.SZ,20261009,8.51,8.82,8.43,8.78,8.45,182015.52,157493.55401,3.9053
002346.SZ,20261009,17.63,18.07,16.75,17.92,17.7,89155.57,154501.70016,1.2429
002347.SZ,20261009,6.3,6.32,5.98,6.29,6.3,341416.0,210565.345,-0.1587
002348.SZ,20261009,10.22,10.22,9.23,9.85,10.25,343668.0,325927.248,-3.9024
002349.SZ,20261009,8.71,9.59,8.67,9.24,8.72,1320477.86,1219404.28465,5.9633
002350.SZ,20261009,13.2,13.58,12.71,13.5,13.29,78731.04,103943.99131,1.5801
002351.SZ,20261009,9.71,9.96,9.62,9.87,9.71,95522.0,93439.43654,1.6478
002352.SZ,20261009,30.77,31.05,30.72,30.85,30.77,182112.78,562807.10128,0.26
002353.SZ,20261009,109.0,109.56,100.35,103.9,109.55,230806.13,2372937.32031,-5.1575
002354.SZ,20261009,7.01,7.4,6.81,7.37,7.0,1742275.36,1239714.38001,5.2857
002355.SZ,20261009,4.53,4.66,4.43,4.64,4.57,127905.0,58035.134,1.5317
002356.SZ,20261009,2.65,2.7,2.6,2.69,2.66,203845.5,54019.2975,1.1278
002357.SZ,20261009,11.65,11.72,11.11,11.62,11.63,61653.0,70336.592,-0.086
002358.SZ,20261009,5.17,5.22,5.06,5.22,5.17,109848.0,56423.839,0.9671
002360.SZ,20261009,5.1,5.22,5.0,5.22,5.11,37155.0,18914.035,2.1526
002361.SZ,20261009,9.95,10.13,9.26,9.59,10.1,1208960.01,1163528.61083,-5.0495
002362.SZ,20261009,15.3,15.86,14.85,15.82,15.45,66849.11,102730.92744,2.3948
002363.SZ,20261009,6.86,6.94,6.68,6.93,6.9,59496.97,40499.19437,0.4348
002364.SZ,20261009,31.27,31.27,29.42,30.83,31.27,182980.96,553841.17721,-1.4071
002365.SZ,20261009,13.06,13.57,12.82,13.47,13.12,202036.0,267461.054,2.6677
002366.SZ,20261009,5.62,5.88,5.59,5.77,5.68,466153.57,267753.37403,1.5845
002367.SZ,20261009,6.02,6.03,5.79,6.01,6.01,196418.64,115847.68332,0.0
002368.SZ,20261009,12.28,12.43,11.86,12.42,12.28,106874.67,129464.4284,1.1401
002369.SZ,20261009,5.47,5.56,5.28,5.54,5.48,118731.51,64290.1683,1.0949
002370.SZ,20261009,5.06,5.23,4.93,5.21,5.09,185415.59,94632.12539,2.3576
002371.SZ,20261009,596.81,598.0,564.5,594.04,600.32,81588.22,4745376.86195,-1.0461
002372.SZ,20261009,8.89,8.99,8.83,8.98,8.92,182191.18,162806.50314,0.6726
002373.SZ,20261009,7.17,7.44,7.16,7.4,7.18,194257.5,141841.48886,3.0641
002374.SZ,20261009,3.41,3.43,3.26,3.4,3.42,318774.4,106272.86965,-0.5848
002375.SZ,20261009,3.88,3.92,3.82,3.92,3.88,145122.96,56111.65648,1.0309
002376.SZ,20261009,6.42,6.62,6.28,6.6,6.42,117307.99,75434.79559,2.8037
002377.SZ,20261009,3.01,3.08,2.94,3.06,3.0,610701.53,184541.58018,2.0
002378.SZ,20261009,20.74,20.94,20.1,20.86,20.81,167443.32,344374.11252,0.2403
002379.SZ,20261009,16.35,16.43,16.01,16.29,16.38,188216.33,305395.15591,-0.5495
002380.SZ,20261009,25.57,26.22,24.5,26.09,25.68,46610.0,117884.134,1.5966
002381.SZ,20261009,5.58,5.69,5.49,5.65,5.62,53931.0,30126.779,0.5338
002382.SZ,20261009,6.54,6.83,6.36,6.79,6.58,486462.25,323248.51736,3.1915
002383.SZ,20261009,7.68,8.13,7.47,7.82,7.62,214412.83,166232.83579,2.6247
002384.SZ,20261009,146.88,147.63,139.0,145.49,150.66,895348.47,12832974.2874,-3.4316
002385.SZ,20261009,3.1,3.18,3.07,3.17,3.09,700289.64,219465.6586,2.589
002386.SZ,20261009,5.9,5.98,5.84,5.98,5.91,174004.03,103109.41291,1.1844
002387.SZ,20261009,6.64,6.69,6.43,6.61,6.67,128328.21,84074.64605,-0.8996
002389.SZ,20261009,18.2,18.29,17.51,17.87,18.22,180270.42,320987.6584,-1.921
002390.SZ,20261009,2.95,3.01,2.92,3.01,2.94,223597.83,66470.37708,2.381
002391.SZ,20261009,5.18,5.26,5.14,5.26,5.21,60345.0,31403.019,0.9597
002392.SZ,20261009,7.31,7.39,7.08,7.27,7.33,112451.0,80890.05,-0.8186
002393.SZ,20261009,14.17,14.26,13.96,14.25,14.14,25957.8,36679.057,0.7779
002394.SZ,20261009,10.26,10.75,10.24,10.64,10.3,75984.02,80383.66724,3.301
002395.SZ,20261009,13.32,13.56,12.98,13.53,13.43,92803.0,123402.9988,0.7446
002396.SZ,20261009,31.5,31.5,29.26,31.23,31.74,795857.97,2430993.48795,-1.6068
002397.SZ,20261009,3.58,3.68,3.48,3.65,3.58,151925.0,54347.197,1.9553
002398.SZ,20261009,4.2,4.26,4.12,4.24,4.22,135132.54,56700.07396,0.4739
002399.SZ,20261009,9.72,9.9,9.58,9.89,9.75,37590.0,36722.3114,1.4359
002400.SZ,20261009,6.22,6.59,6.13,6.55,6.23,831565.16,530506.40003,5.1364
002401.SZ,20261009,12.0,12.26,11.75,12.23,12.0,37292.0,44747.997,1.9167
002402.SZ,20261009,17.5,17.6,16.95,17.54,17.52,207213.52,358372.977,0.1142
002403.SZ,20261009,10.04,10.38,9.71,10.34,10.09,148196.5,148645.565,2.4777
002404.SZ,20261009,5.77,5.87,5.68,5.87,5.77,79964.64,46241.90808,1.7331
002405.SZ,20261009,5.89,6.11,5.87,6.09,5.9,457718.79,274220.1675,3.2203
002406.SZ,20261009,6.34,6.42,6.21,6.42,6.34,100178.05,63320.51475,1.2618
002407.SZ,20261009,30.06,31.9,29.5,31.89,30.05,1445108.48,4481247.2228,6.1231
002408.SZ,20261009,5.28,5.36,5.23,5.35,5.29,220703.26,116881.46782,1.1342
002409.SZ,20261009,114.53,114.69,105.86,112.07,115.39,163221.39,1793619.19035,-2.8772
002410.SZ,20261009,8.44,8.82,8.4,8.79,8.44,307394.27,265035.93975,4.1469
002412.SZ,20261009,8.97,9.23,8.68,9.18,8.98,402250.74,362367.86688,2.2272
002413.SZ,20261009,8.51,8.97,8.26,8.74,8.53,1614105.3,1395652.65243,2.4619
002414.SZ,20261009,11.18,11.34,10.87,11.34,11.2,428548.48,477134.57296,1.25
002415.SZ,20261009,33.0,33.15,32.51,32.97,33.0,517300.27,1703049.44577,-0.0909
002416.SZ,20261009,8.95,9.27,8.9,9.21,8.92,161705.18,146995.40038,3.2511
002418.SZ,20261009,4.31,4.35,4.09,4.32,4.31,621842.0,262918.087,0.232
002419.SZ,20261009,4.86,4.96,4.81,4.94,4.9,487676.96,238396.78702,0.8163
002420.SZ,20261009,6.08,6.09,5.83,6.02,6.09,100158.66,59786.48,-1.1494
002421.SZ,20261009,3.19,3.3,3.07,3.3,3.2,1556180.65,497255.12237,3.125
002422.SZ,20261009,38.64,39.99,37.6,39.72,38.75,205883.51,801001.76877,2.5032
002423.SZ,20261009,9.06,9.19,9.0,9.18,9.09,126844.0,115600.606,0.9901
002424.SZ,20261009,4.65,4.67,4.5,4.61,4.67,134032.0,61392.25,-1.2848
002425.SZ,20261009,3.02,3.18,2.92,3.16,3.01,411032.0,125150.241,4.9834
002426.SZ,20261009,2.55,2.56,2.41,2.51,2.58,1118347.54,275633.34774,-2.7132
002427.SZ,20261009,4.55,4.64,4.48,4.64,4.57,127476.17,58328.83903,1.5317
002428.SZ,20261009,83.15,88.0,79.8,87.86,85.71,525267.31,4432673.49671,2.5085
002429.SZ,20261009,7.79,7.8,7.32,7.61,7.84,580505.38,437387.5726,-2.9337
002430.SZ,20261009,24.65,25.04,24.1,24.82,24.62,128324.34,315339.62335,0.8123
002431.SZ,20261009,1.29,1.31,1.26,1.31,1.3,136373.0,17497.284,0.7692
002432.SZ,20261009,58.87,59.32,56.86,59.3,58.73,117380.91,680897.60993,0.9705
002434.SZ,20261009,6.18,6.18,5.91,6.04,6.14,160133.09,95895.71173,-1.6287
002436.SZ,20261009,39.59,40.74,36.66,38.51,40.41,1256109.86,4825064.74622,-4.7018
002437.SZ,20261009,3.54,3.7,3.4,3.69,3.53,3117495.49,1121514.2685,4.5326
002438.SZ,20261009,13.6,13.73,13.23,13.59,13.7,41270.0,55527.509,-0.8029
002439.SZ,20261009,14.2,14.88,13.95,14.87,14.27,461363.9,666872.23144,4.2046
002440.SZ,20261009,12.87,13.19,12.67,13.05,13.07,360014.15,466679.18493,-0.153
002441.SZ,20261009,8.27,8.38,8.11,8.37,8.35,65100.0,53582.405,0.2395
002442.SZ,20261009,5.34,5.41,5.12,5.4,5.39,246612.39,130082.41227,0.1855
002443.SZ,20261009,12.38,12.66,11.82,12.44,12.45,316038.0,385735.267,-0.0803
002444.SZ,20261009,26.73,27.22,26.6,27.07,26.77,74244.88,199867.21086,1.1207
002445.SZ,20261009,3.1,3.21,3.08,3.2,3.11,681004.91,214577.7059,2.8939
002446.SZ,20261009,7.46,7.58,7.17,7.55,7.52,215761.2,158865.453,0.3989
002448.SZ,20261009,10.55,10.6,10.2,10.49,10.62,112426.0,116727.237,-1.2241
002449.SZ,20261009,6.4,6.44,6.19,6.43,6.45,100714.0,63604.1363,-0.3101
002451.SZ,20261009,7.8,7.8,7.26,7.7,7.74,141615.87,106035.95932,-0.5168
002452.SZ,20261009,11.24,11.4,10.88,11.2,11.38,105890.51,117327.35739,-1.5817
002453.SZ,20261009,4.69,4.93,4.67,4.92,4.75,424609.64,203837.57684,3.5789
002454.SZ,20261009,5.44,5.69,5.33,5.51,5.7,561101.79,306689.63739,-3.3333
002455.SZ,20261009,6.92,6.94,6.68,6.92,6.88,279072.85,190718.74056,0.5814
002456.SZ,20261009,6.32,6.48,6.22,6.46,6.39,664613.19,421713.33753,1.0955
002457.SZ,20261009,11.41,11.47,11.0,11.42,11.48,189395.46,212190.49998,-0.5226
002458.SZ,20261009,7.95,8.08,7.9,8.06,7.98,209030.67,167160.8119,1.0025
002459.SZ,20261009,6.68,6.87,6.58,6.83,6.69,365228.22,245920.66536,2.0927
002460.SZ,20261009,44.0,46.1,43.49,45.47,44.21,583320.75,2623862.28435,2.85
002461.SZ,20261009,8.6,8.88,8.6,8.85,8.65,83506.0,73576.776,2.3121
002462.SZ,20261009,12.17,12.38,12.02,12.38,12.14,32976.0,40272.676,1.9769
002463.SZ,20261009,113.14,113.5,106.31,112.29,115.88,532364.98,5845752.17232,-3.098
002465.SZ,20261009,9.95,10.07,9.51,9.86,10.02,602338.97,587756.49066,-1.5968
002466.SZ,20261009,40.64,41.81,39.73,41.37,40.69,417676.28,1709058.48153,1.6712
002467.SZ,20261009,5.05,5.23,4.99,5.2,5.15,1185016.37,604629.32261,0.9709
002468.SZ,20261009,14.89,15.2,14.8,15.06,14.86,174131.0,261362.1977,1.3459
002469.SZ,20261009,6.23,6.3,6.15,6.27,6.23,72250.04,45024.69124,0.6421
002470.SZ,20261009,1.98,2.03,1.94,2.02,1.97,1311782.0,260210.547,2.5381
002471.SZ,20261009,5.06,5.16,4.9,5.15,5.1,491318.19,246970.59018,0.9804
002472.SZ,20261009,36.5,37.96,35.55,37.66,36.72,196415.92,722289.50927,2.5599
002474.SZ,20261009,6.22,6.5,6.02,6.48,6.25,334322.62,210371.34076,3.68
002475.SZ,20261009,48.0,48.06,46.02,47.59,48.43,885751.98,4171637.65835,-1.7345
002476.SZ,20261009,4.94,4.94,4.71,4.85,4.83,74871.0,35995.665,0.4141
002478.SZ,20261009,6.3,6.54,6.25,6.49,6.28,204520.49,130409.73708,3.3439
002479.SZ,20261009,5.99,6.08,5.88,6.02,6.01,221178.16,132367.30204,0.1664
002480.SZ,20261009,5.45,6.0,5.4,6.0,5.45,491046.19,286035.9982,10.0917
002481.SZ,20261009,4.37,4.46,4.3,4.45,4.35,129173.0,56702.881,2.2989
002482.SZ,20261009,1.42,1.42,1.36,1.41,1.4,809706.31,112791.03878,0.7143
002483.SZ,20261009,5.94,5.96,5.7,5.89,5.97,170376.41,98934.68949,-1.34
002484.SZ,20261009,49.01,49.28,45.26,48.1,49.71,374198.24,1764334.34925,-3.2388
002485.SZ,20261009,6.01,6.01,5.81,6.0,6.03,25189.0,14878.02,-0.4975
002486.SZ,20261009,2.69,2.7,2.59,2.7,2.68,284159.0,75243.268,0.7463
002487.SZ,20261009,47.23,51.0,43.75,43.75,48.61,1051507.1,4957547.92194,-9.9979
002488.SZ,20261009,7.24,7.35,7.06,7.32,7.27,145225.85,104857.39741,0.6878
002489.SZ,20261009,2.81,2.88,2.79,2.88,2.84,225628.0,63967.382,1.4085
002490.SZ,20261009,7.6,7.62,7.31,7.43,7.6,642083.52,474918.27069,-2.2368
002491.SZ,20261009,19.42,19.5,17.81,18.86,19.78,1374632.2,2543482.33051,-4.6512
002492.SZ,20261009,6.33,6.33,5.99,6.26,6.27,72858.5,44883.34,-0.1595
002493.SZ,20261009,13.45,13.56,13.02,13.2,13.49,413034.41,544914.12528,-2.1497
002494.SZ,20261009,4.95,5.07,4.76,4.95,4.96,297005.01,145315.39189,-0.2016
002495.SZ,20261009,2.43,2.45,2.35,2.44,2.43,248060.13,59571.62852,0.4115
002496.SZ,20261009,2.27,2.3,2.19,2.26,2.29,743587.8,166684.31296,-1.31
002497.SZ,20261009,15.68,16.15,15.51,15.85,15.72,352514.36,558089.26517,0.827
002498.SZ,20261009,6.09,6.3,5.99,6.24,6.12,493491.76,304496.81848,1.9608
002500.SZ,20261009,5.12,5.23,5.1,5.19,5.12,238856.73,123667.10187,1.3672
002501.SZ,20261009,1.29,1.3,1.27,1.3,1.3,270912.0,34685.707,0.0
002506.SZ,20261009,2.36,2.44,2.32,2.42,2.37,1965759.0,468041.49336,2.1097
002507.SZ,20261009,11.2,11.39,11.19,11.32,11.19,117840.3,133409.4426,1.1618
002508.SZ,20261009,17.07,17.24,16.93,17.12,17.08,66157.85,112996.9581,0.2342
002510.SZ,20261009,5.6,5.62,5.4,5.58,5.63,217208.0,119640.252,-0.8881
002511.SZ,20261009,6.93,7.06,6.89,7.04,6.92,122902.0,85840.6151,1.7341
002512.SZ,20261009,3.78,3.8,3.66,3.77,3.82,192591.0,71931.664,-1.3089
002513.SZ,20261009,5.61,5.66,5.26,5.55,5.56,247985.01,135002.86248,-0.1799
002514.SZ,20261009,2.47,2.47,2.29,2.45,2.44,219444.0,52082.842,0.4098
002515.SZ,20261009,6.78,6.79,6.38,6.73,6.82,476453.12,313830.87608,-1.3196
002516.SZ,20261009,5.4,5.47,5.31,5.46,5.44,177587.2,95820.02,0.3676
002517.SZ,20261009,15.65,16.35,15.35,16.21,15.69,398782.51,630100.1865,3.3142
002518.SZ,20261009,32.68,32.68,30.7,32.11,32.93,152842.4,482322.14187,-2.4901
002519.SZ,20261009,5.49,5.56,5.25,5.55,5.51,349960.64,189335.48675,0.726
002520.SZ,20261009,6.13,6.13,5.74,6.07,6.13,322599.0,190549.715,-0.9788
002521.SZ,20261009,6.2,6.33,6.14,6.3,6.19,39026.7,24291.72804,1.7771
002522.SZ,20261009,5.33,5.34,5.05,5.27,5.27,309412.54,159829.14862,0.0
002523.SZ,20261009,3.41,3.46,3.29,3.46,3.4,237371.16,80213.8344,1.7647
002524.SZ,20261009,4.05,4.17,3.93,4.16,4.06,162391.0,65631.525,2.4631
002526.SZ,20261009,2.57,2.62,2.52,2.6,2.57,215536.66,55402.21433,1.1673
002527.SZ,20261009,10.31,10.43,9.98,10.37,10.35,67833.86,69086.63788,0.1932
002528.SZ,20261009,6.01,6.15,5.75,6.06,6.08,180646.45,106164.47652,-0.3289
002529.SZ,20261009,6.84,6.85,6.43,6.76,6.86,65896.0,43702.464,-1.4577
002530.SZ,20261009,6.91,7.11,6.75,7.08,6.91,101816.27,70733.29856,2.4602
002531.SZ,20261009,8.1,8.5,7.52,7.52,8.35,1764235.7,1398297.54466,-9.9401
002532.SZ,20261009,12.07,12.42,11.93,12.33,12.17,614056.73,746969.25223,1.3147
002533.SZ,20261009,10.85,11.02,10.72,10.96,10.87,67823.17,73891.82258,0.828
002534.SZ,20261009,17.27,17.42,16.41,17.22,17.36,125309.43,210447.20738,-0.8065
002535.SZ,20261009,2.46,2.49,2.37,2.48,2.45,178543.4,43525.8296,1.2245
002536.SZ,20261009,42.77,42.77,38.88,41.75,42.77,424073.99,1721181.32253,-2.3848
002537.SZ,20261009,5.55,5.76,5.49,5.74,5.57,232290.58,130502.8029,3.0521
002538.SZ,20261009,6.67,6.74,6.6,6.71,6.65,53554.97,35775.43102,0.9023
002539.SZ,20261009,11.73,12.04,11.72,11.97,11.79,118928.28,141548.74997,1.5267
002540.SZ,20261009,5.12,5.16,5.03,5.15,5.1,86234.0,43997.124,0.9804
002541.SZ,20261009,18.26,19.29,18.26,19.06,18.25,184329.27,346506.60076,4.4384
002542.SZ,20261009,1.58,1.63,1.55,1.63,1.6,123889.0,19628.739,1.875
002543.SZ,20261009,7.47,7.69,7.19,7.68,7.47,219729.95,164850.77947,2.8112
002544.SZ,20261009,15.19,15.36,14.43,15.03,15.29,144512.0,214271.838,-1.7005
002545.SZ,20261009,14.0,14.15,13.8,14.07,14.0,154881.33,216820.26966,0.5
002546.SZ,20261009,7.36,7.44,7.19,7.43,7.36,107207.59,78458.49978,0.9511
002547.SZ,20261009,2.75,2.78,2.6,2.64,2.73,433945.0,116010.771,-3.2967
002548.SZ,20261009,3.84,3.96,3.78,3.94,3.85,246218.96,95194.56708,2.3377
002549.SZ,20261009,12.3,12.38,11.97,12.32,12.27,120112.35,146411.76682,0.4075
002550.SZ,20261009,6.48,6.55,6.39,6.52,6.51,127554.0,82858.823,0.1536
002551.SZ,20261009,3.37,3.46,3.31,3.44,3.38,166037.58,56191.14091,1.7751
002552.SZ,20261009,43.45,43.45,39.51,42.03,43.45,141677.0,582331.285,-3.2681
002553.SZ,20261009,16.16,16.77,15.27,16.7,16.33,227238.94,363436.15405,2.2658
002554.SZ,20261009,2.72,2.77,2.66,2.76,2.74,220122.98,59678.02364,0.7299
002555.SZ,20261009,16.8,17.17,16.29,17.12,16.83,305603.29,508664.36243,1.7231
002556.SZ,20261009,5.13,5.29,5.13,5.28,5.16,153416.5,80074.3305,2.3256
002557.SZ,20261009,18.62,19.01,18.53,18.96,18.62,75610.04,142887.27189,1.826
002558.SZ,20261009,21.99,22.86,21.68,22.82,21.94,573481.63,1273690.00368,4.0109
002559.SZ,20261009,8.27,8.32,7.99,8.3,8.3,166718.0,135854.657,0.0
002560.SZ,20261009,6.34,6.39,6.05,6.34,6.4,460007.97,285325.58313,-0.9375
002561.SZ,20261009,7.24,7.51,7.2,7.51,7.23,96692.63,71357.4449,3.8728
002562.SZ,20261009,4.89,5.03,4.86,5.02,4.92,230542.9,114016.8148,2.0325
002563.SZ,20261009,5.46,5.64,5.44,5.62,5.48,185664.13,103375.74903,2.5547
002564.SZ,20261009,5.22,5.25,5.0,5.19,5.27,325471.99,166634.84088,-1.518
002565.SZ,20261009,9.5,10.15,9.29,9.44,9.28,2671508.4,2557856.65349,1.7241
002566.SZ,20261009,6.98,7.11,6.85,7.08,7.03,87357.0,60840.535,0.7112
002567.SZ,20261009,3.62,3.68,3.6,3.67,3.62,141490.05,51539.68052,1.3812
002568.SZ,20261009,19.51,19.68,19.12,19.58,19.58,115092.6,222855.99262,0.0
002569.SZ,20261009,11.61,11.61,11.02,11.16,11.6,13942.0,15672.512,-3.7931
002570.SZ,20261009,4.37,4.54,4.3,4.52,4.38,303732.14,134721.11534,3.1963
002571.SZ,20261009,10.24,10.36,10.01,10.36,10.2,41245.0,41982.433,1.5686
002572.SZ,20261009,7.49,7.67,7.48,7.64,7.49,121459.4,92419.7386,2.0027
002573.SZ,20261009,3.14,3.17,3.11,3.17,3.13,124574.59,39174.57984,1.278
002574.SZ,20261009,4.93,5.14,4.85,5.12,4.97,108342.0,54464.883,3.0181
002575.SZ,20261009,4.94,5.1,4.76,5.07,4.95,237345.95,116707.8136,2.4242
002576.SZ,20261009,14.6,14.72,14.17,14.61,14.67,28675.82,41353.9563,-0.409
002577.SZ,20261009,20.61,20.78,19.53,20.69,20.7,76639.04,154190.84649,-0.0483
002578.SZ,20261009,4.11,4.17,4.01,4.13,4.12,175829.0,71744.262,0.2427
002579.SZ,20261009,16.01,16.15,14.79,15.71,16.4,715465.07,1109208.94106,-4.2073
002580.SZ,20261009,20.5,21.31,20.32,20.72,21.36,1044585.09,2170350.20712,-2.9963
002581.SZ,20261009,5.09,5.34,4.96,5.24,5.15,57031.0,29179.376,1.7476
002582.SZ,20261009,9.45,9.65,9.35,9.64,9.48,119187.0,113286.191,1.6878
002583.SZ,20261009,7.73,7.86,7.5,7.82,7.78,335764.78,256965.61417,0.5141
002584.SZ,20261009,8.8,8.87,8.43,8.75,8.96,665062.52,576553.4339,-2.3438
002585.SZ,20261009,10.49,10.49,9.72,10.1,10.49,824901.92,825680.08225,-3.7178
002586.SZ,20261009,3.53,3.57,3.33,3.5,3.54,150679.0,52050.843,-1.1299
002587.SZ,20261009,5.19,5.31,5.06,5.29,5.23,117576.0,60851.577,1.1472
002588.SZ,20261009,7.48,7.64,7.45,7.62,7.48,121136.0,91635.01603,1.8717
002589.SZ,20261009,3.24,3.36,3.15,3.35,3.23,951348.7,310668.55216,3.7152
002590.SZ,20261009,9.5,9.62,9.26,9.57,9.55,70412.0,66358.8819,0.2094
002591.SZ,20261009,6.58,6.58,6.21,6.51,6.6,148021.5,94697.5105,-1.3636
002592.SZ,20261009,6.14,6.16,6.02,6.13,6.14,19953.0,12184.636,-0.1629
002593.SZ,20261009,4.53,4.62,4.45,4.61,4.54,97626.0,44213.003,1.5419
002594.SZ,20261009,82.1,85.16,81.81,84.95,81.72,401977.43,3370036.5709,3.9525
002595.SZ,20261009,38.9,39.78,38.25,39.55,38.89,45509.56,177755.46264,1.6971
002596.SZ,20261009,3.18,3.26,3.09,3.26,3.17,209651.0,66383.392,2.8391
002597.SZ,20261009,21.57,22.0,21.44,21.9,21.58,55642.41,121655.05503,1.4829
002598.SZ,20261009,6.86,6.93,6.79,6.93,6.89,18241.0,12499.051,0.5806
002599.SZ,20261009,5.46,5.59,5.36,5.58,5.47,78990.64,43235.0206,2.011
002600.SZ,20261009,11.3,11.37,10.7,11.15,11.42,933170.9,1023176.69434,-2.3643
002601.SZ,20261009,14.8,15.03,14.75,14.92,14.77,109963.1,163820.9501,1.0156
002602.SZ,20261009,13.25,13.79,13.11,13.64,13.3,846202.24,1136494.16598,2.5564
002603.SZ,20261009,15.36,15.64,15.28,15.53,15.39,172338.89,267031.01452,0.9097
002605.SZ,20261009,16.22,16.76,16.2,16.73,16.22,49095.28,80958.71965,3.1443
002606.SZ,20261009,12.1,12.31,11.78,12.26,12.21,139644.06,167777.94972,0.4095
002607.SZ,20261009,1.83,1.91,1.82,1.9,1.84,1465002.25,272120.46834,3.2609
002608.SZ,20261009,7.47,7.69,7.47,7.55,7.54,251194.75,190889.5445,0.1326
002609.SZ,20261009,7.77,8.03,7.65,8.0,7.81,67420.83,53047.1695,2.4328
002611.SZ,20261009,13.58,13.71,13.39,13.66,13.61,144519.79,196126.42407,0.3674
002612.SZ,20261009,16.53,17.4,16.21,17.28,16.52,81047.94,136187.44493,4.6005
002613.SZ,20261009,3.34,3.39,3.23,3.38,3.32,315969.5,104548.9735,1.8072
002614.SZ,20261009,8.3,8.64,8.13,8.52,8.34,772036.93,644739.13281,2.1583
002615.SZ,20261009,6.27,6.4,6.14,6.39,6.29,183194.28,115091.47381,1.5898
002616.SZ,20261009,4.89,4.96,4.83,4.94,4.93,79794.0,39057.637,0.2028
002617.SZ,20261009,6.9,7.69,6.85,7.04,7.04,2208453.51,1591910.69269,0.0
002620.SZ,20261009,5.16,5.19,4.97,5.15,5.17,56059.0,28396.984,-0.3868
002622.SZ,20261009,2.45,2.52,2.35,2.52,2.45,535915.66,130535.55566,2.8571
002623.SZ,20261009,17.86,17.86,16.65,17.37,17.91,76764.0,131539.00682,-3.0151
002624.SZ,20261009,9.52,10.05,9.43,9.96,9.56,519329.46,505093.21378,4.1841
002625.SZ,20261009,23.05,23.66,22.53,23.52,23.15,231545.49,533620.36462,1.5983
002626.SZ,20261009,15.7,16.0,15.52,15.89,15.65,40962.06,64599.38644,1.5335
002627.SZ,20261009,6.47,6.64,6.39,6.64,6.48,90264.17,58775.47599,2.4691
002628.SZ,20261009,4.95,4.96,4.68,4.93,4.85,194513.27,93355.675,1.6495
002629.SZ,20261009,4.47,4.51,4.3,4.48,4.47,118081.4,52110.25336,0.2237
002630.SZ,20261009,1.6,1.73,1.6,1.67,1.57,446351.57,74136.11224,6.3694
002631.SZ,20261009,12.75,12.75,11.28,12.36,12.53,570988.47,673867.26721,-1.3567
002632.SZ,20261009,8.62,8.72,8.3,8.69,8.67,132250.05,112473.2025,0.2307
002633.SZ,20261009,14.9,14.96,14.2,14.86,15.05,38181.0,55713.309,-1.2625
002634.SZ,20261009,3.9,3.96,3.83,3.92,3.88,40289.0,15641.319,1.0309
002635.SZ,20261009,13.61,13.64,12.94,13.52,13.73,277617.29,369583.0333,-1.5295
002636.SZ,20261009,76.92,76.96,71.67,71.67,79.63,389142.94,2807666.91626,-9.9962
002637.SZ,20261009,10.33,10.61,10.15,10.61,10.35,170225.0,177722.872,2.5121
002638.SZ,20261009,4.67,4.7,4.44,4.65,4.72,386973.0,176794.879,-1.4831
002639.SZ,20261009,13.9,14.08,13.5,14.0,14.06,556428.65,766877.88264,-0.4267
002640.SZ,20261009,3.68,3.75,3.48,3.73,3.7,2125874.0,769447.552,0.8108
002641.SZ,20261009,3.82,3.83,3.76,3.83,3.8,68062.0,25835.492,0.7895
002642.SZ,20261009,6.83,7.05,6.68,7.03,6.84,135963.5,93559.977,2.7778
002643.SZ,20261009,12.2,12.26,11.87,12.2,12.2,140515.12,169783.90328,0.0
002644.SZ,20261009,8.18,8.43,8.07,8.39,8.19,55825.0,46161.101,2.442
002645.SZ,20261009,16.66,16.78,15.76,16.43,16.78,164210.33,266177.30621,-2.0858
002646.SZ,20261009,7.15,7.25,7.0,7.21,7.16,95387.28,67820.08493,0.6983
002647.SZ,20261009,11.5,11.54,10.78,11.2,11.57,300179.05,333470.43135,-3.1979
002648.SZ,20261009,27.31,27.9,27.15,27.77,27.36,301591.16,829073.07497,1.4985
002649.SZ,20261009,8.98,9.31,8.83,9.28,8.98,109562.9,99708.82934,3.3408
002650.SZ,20261009,6.23,6.27,6.18,6.25,6.23,16950.2,10553.8688,0.321
002651.SZ,20261009,7.82,7.91,7.62,7.89,7.84,83058.1,64484.4321,0.6378
002652.SZ,20261009,4.33,4.39,4.13,4.37,4.37,152053.0,64819.694,0.0
002653.SZ,20261009,59.0,61.5,58.5,61.02,59.41,36583.31,219486.11639,2.71
002654.SZ,20261009,11.73,11.83,11.22,11.71,11.84,332592.43,383622.40633,-1.098
002655.SZ,20261009,30.76,31.11,28.42,30.38,31.07,218534.0,651721.969,-2.2208
002656.SZ,20261009,2.79,2.8,2.69,2.8,2.8,136475.0,37618.615,0.0
002657.SZ,20261009,14.3,14.9,13.88,14.87,14.36,86914.87,125335.96143,3.5515
002658.SZ,20261009,7.13,7.2,6.98,7.19,7.12,44116.0,31299.675,0.9831
002659.SZ,20261009,4.68,4.79,4.5,4.76,4.66,130611.0,60675.444,2.1459
002660.SZ,20261009,7.78,7.89,7.52,7.84,7.79,69510.0,53480.732,0.6418
002661.SZ,20261009,7.61,7.8,7.5,7.79,7.58,76821.0,58851.75,2.7704
002662.SZ,20261009,3.11,3.16,3.06,3.15,3.12,137199.75,42638.41709,0.9615
002663.SZ,20261009,1.71,1.76,1.66,1.75,1.72,407146.0,69342.731,1.7442
002664.SZ,20261009,14.05,14.4,13.66,14.37,14.12,45217.22,63377.01393,1.7705
002666.SZ,20261009,4.18,4.22,4.07,4.21,4.19,107764.0,44731.8,0.4773
002668.SZ,20261009,8.72,8.87,8.64,8.85,8.72,119780.72,104859.48868,1.4908
002669.SZ,20261009,14.56,14.64,13.72,14.21,14.7,451796.53,637276.69591,-3.3333
002670.SZ,20261009,10.85,11.18,10.69,11.16,10.85,227483.31,248618.05683,2.8571
002671.SZ,20261009,4.03,4.08,3.93,4.07,4.02,108531.0,43468.856,1.2438
002672.SZ,20261009,3.83,3.92,3.74,3.9,3.83,299537.56,114690.57046,1.8277
002673.SZ,20261009,6.51,6.64,6.49,6.62,6.51,252561.13,165913.24477,1.6897
002674.SZ,20261009,20.04,20.45,19.16,20.42,20.28,121859.11,242077.14479,0.6903
002675.SZ,20261009,12.61,13.89,12.61,13.89,12.63,382953.18,519170.47693,9.9762
002676.SZ,20261009,5.28,5.36,5.13,5.35,5.28,126616.0,66221.483,1.3258
002677.SZ,20261009,6.04,6.18,5.92,6.17,6.07,51270.25,30973.38014,1.6474
002678.SZ,20261009,4.4,4.49,4.3,4.46,4.4,65566.0,28801.818,1.3636
002679.SZ,20261009,11.51,11.99,11.14,11.9,11.52,243773.2,281210.2617,3.2986
002681.SZ,20261009,4.35,4.4,4.26,4.39,4.36,329061.76,142717.03908,0.6881
002682.SZ,20261009,4.9,4.99,4.72,4.96,4.9,215555.95,104258.61287,1.2245
002683.SZ,20261009,27.88,28.75,27.04,28.57,27.84,79528.56,222662.70942,2.6221
002685.SZ,20261009,5.17,5.19,5.0,5.18,5.16,245206.0,124720.91,0.3876
002686.SZ,20261009,6.24,6.37,6.1,6.37,6.26,115513.0,72293.195,1.7572
002687.SZ,20261009,6.41,6.57,6.06,6.26,6.14,556466.81,349536.06304,1.9544
002688.SZ,20261009,5.22,5.33,5.15,5.3,5.21,131845.0,68971.298,1.7274
002689.SZ,20261009,2.96,2.97,2.91,2.97,2.95,40540.4,11912.8404,0.678
002690.SZ,20261009,15.26,15.48,14.81,15.21,15.28,73848.0,111587.089,-0.4581
002691.SZ,20261009,3.98,3.99,3.84,3.94,4.0,23943.0,9337.65,-1.5
002692.SZ,20261009,4.35,4.76,4.35,4.76,4.33,171269.8,80596.4908,9.9307
002693.SZ,20261009,9.2,9.98,9.08,9.8,9.1,480770.0,463404.771,7.6923
002694.SZ,20261009,2.7,2.74,2.58,2.68,2.74,66506.0,17569.134,-2.1898
002695.SZ,20261009,10.64,10.94,10.34,10.89,10.64,116638.97,124303.35508,2.3496
002696.SZ,20261009,6.65,7.32,6.38,7.32,6.65,306908.89,208840.03879,10.0752
002697.SZ,20261009,4.69,4.85,4.68,4.84,4.71,177949.45,84954.55235,2.7601
002698.SZ,20261009,11.05,11.27,10.9,11.23,11.05,80999.79,89861.59304,1.629
002700.SZ,20261009,6.43,6.49,6.15,6.42,6.48,58510.53,36952.21254,-0.9259
002701.SZ,20261009,4.32,4.39,4.3,4.39,4.33,285641.5,124496.127,1.3857
002702.SZ,20261009,5.92,6.51,5.8,6.16,5.92,1686412.93,1034853.10351,4.0541
002703.SZ,20261009,15.72,15.79,14.8,15.18,16.05,363926.63,555838.40563,-5.4206
002705.SZ,20261009,11.53,11.73,11.53,11.69,11.59,77499.0,90230.653,0.8628
002706.SZ,20261009,8.3,8.44,8.14,8.39,8.31,170440.21,141348.439,0.9627
002707.SZ,20261009,4.88,5.08,4.86,5.05,4.9,161084.11,79726.05229,3.0612
002708.SZ,20261009,15.64,16.28,14.98,15.95,16.26,480473.44,747701.78256,-1.9065
002709.SZ,20261009,32.69,35.96,32.22,35.68,32.69,2036435.1,7104253.61118,9.1465
002712.SZ,20261009,4.87,5.18,4.74,5.16,4.9,196513.0,97973.275,5.3061
002713.SZ,20261009,9.51,9.59,9.06,9.43,9.59,142826.11,132440.63909,-1.6684
002714.SZ,20261009,41.13,41.7,41.06,41.12,41.13,233415.76,963759.2341,-0.0243
002715.SZ,20261009,13.07,13.07,12.35,12.95,13.12,52280.0,66410.653,-1.2957
002716.SZ,20261009,8.7,8.95,8.47,8.89,8.6,1406505.73,1225860.9118,3.3721
002717.SZ,20261009,0.5,0.5,0.5,0.5,0.56,29339.0,1466.95,-10.7143
002718.SZ,20261009,82.79,82.81,76.9,81.67,82.31,13313.0,105913.513,-0.7775
002719.SZ,20261009,6.17,6.19,5.97,6.17,6.22,35372.0,21439.281,-0.8039
002721.SZ,20261009,2.57,2.64,2.53,2.63,2.55,487089.0,125961.233,3.1373
002722.SZ,20261009,13.22,13.29,12.88,13.23,13.22,26916.17,35194.13055,0.0756
002723.SZ,20261009,7.09,7.43,6.9,7.42,7.11,135594.6,96861.2846,4.3601
002724.SZ,20261009,6.95,6.99,6.4,6.83,6.95,311891.7,208854.0004,-1.7266
002725.SZ,20261009,10.58,10.83,10.25,10.77,10.65,45615.83,47964.70991,1.1268
002726.SZ,20261009,2.21,2.22,2.08,2.16,2.22,518240.27,110538.01735,-2.7027
002727.SZ,20261009,10.77,11.03,10.68,10.99,10.75,91179.93,99608.53607,2.2326
002728.SZ,20261009,9.94,10.25,9.8,10.24,9.94,411992.76,416059.21852,3.0181
002729.SZ,20261009,13.41,13.45,12.55,13.35,13.41,70282.0,91128.313,-0.4474
002730.SZ,20261009,19.55,19.75,18.15,19.34,19.75,114297.0,215970.50108,-2.0759
002732.SZ,20261009,14.33,14.68,14.09,14.58,14.35,26004.0,37447.544,1.6028
002733.SZ,20261009,20.66,20.78,20.16,20.78,18.89,210609.39,434396.74867,10.0053
002734.SZ,20261009,17.78,18.0,16.77,17.78,17.92,247568.33,430077.96108,-0.7813
002735.SZ,20261009,10.62,10.72,10.1,10.7,10.67,185388.88,192415.03376,0.2812
002736.SZ,20261009,9.66,9.86,9.66,9.84,9.7,206189.86,201732.77338,1.4433
002737.SZ,20261009,11.3,11.55,11.26,11.53,11.28,56718.82,64833.34544,2.2163
002738.SZ,20261009,41.25,42.42,40.42,41.13,41.34,232542.38,960021.18925,-0.508
002739.SZ,20261009,8.0,8.35,7.99,8.3,7.99,530885.88,433705.83616,3.8798
002741.SZ,20261009,23.43,23.61,21.68,22.55,23.73,347558.08,778118.39643,-4.9726
002742.SZ,20261009,4.1,4.2,3.99,4.19,4.09,210182.0,86132.526,2.445
002743.SZ,20261009,4.41,4.43,4.1,4.21,4.38,102433.02,43209.75338,-3.8813
002745.SZ,20261009,11.0,11.13,10.3,11.08,11.09,749752.3,802324.81894,-0.0902
002746.SZ,20261009,6.2,6.32,6.14,6.28,6.21,120427.0,74957.866,1.1272
002747.SZ,20261009,26.8,27.18,25.85,27.04,26.86,295252.72,782199.0871,0.6701
002748.SZ,20261009,12.46,12.5,11.89,12.26,12.45,74683.0,90358.557,-1.5261
002749.SZ,20261009,8.49,8.69,8.47,8.65,8.51,21773.24,18683.59224,1.6451
002752.SZ,20261009,6.1,6.19,6.02,6.18,6.1,106102.9,64821.6943,1.3115
002753.SZ,20261009,6.8,6.83,6.67,6.8,6.84,68371.0,46115.285,-0.5848
002755.SZ,20261009,13.34,13.45,12.87,13.34,13.22,184630.42,243318.00778,0.9077
002756.SZ,20261009,38.65,40.43,38.21,40.12,39.01,161758.05,637126.32605,2.8454
002757.SZ,20261009,17.66,17.99,16.6,17.93,17.76,218211.24,376722.767,0.9572
002758.SZ,20261009,8.43,8.64,8.37,8.62,8.48,71638.92,61087.02608,1.6509
002759.SZ,20261009,13.58,13.99,13.1,13.8,13.56,302216.99,413880.78405,1.7699
002760.SZ,20261009,18.2,18.2,17.17,17.95,18.25,37873.0,66842.345,-1.6438
002761.SZ,20261009,7.64,7.75,7.56,7.66,7.55,172559.56,131687.6409,1.457
002762.SZ,20261009,9.04,9.12,8.6,9.04,9.02,77090.0,68673.327,0.2217
002763.SZ,20261009,7.45,7.6,7.42,7.6,7.45,72719.0,54594.33,2.0134
002765.SZ,20261009,6.62,6.73,6.43,6.7,6.64,88663.91,58182.05328,0.9036
002766.SZ,20261009,3.96,4.1,3.86,4.07,3.98,209359.0,83397.423,2.2613
002767.SZ,20261009,17.57,17.65,16.53,17.65,17.55,33070.0,56487.523,0.5698
002768.SZ,20261009,67.7,71.23,64.74,70.64,68.0,122425.06,837061.53747,3.8824
002769.SZ,20261009,6.72,6.87,6.55,6.87,6.72,99504.0,66812.349,2.2321
002771.SZ,20261009,13.41,13.68,12.77,13.64,13.41,68308.0,90210.759,1.7151
002772.SZ,20261009,10.74,10.94,10.51,10.94,10.66,104973.29,112725.71276,2.6266
002773.SZ,20261009,20.38,20.8,20.13,20.66,20.35,117476.12,240277.32805,1.5233
002774.SZ,20261009,18.86,19.29,17.81,18.83,19.04,242921.4,452031.478,-1.1029
002775.SZ,20261009,3.39,3.43,3.2,3.43,3.39,134016.65,44533.5918,1.1799
002777.SZ,20261009,12.5,13.03,12.28,13.0,12.5,83472.7,106147.3347,4.0
002778.SZ,20261009,15.98,15.98,15.01,15.64,15.89,25256.0,38995.067,-1.5733
002779.SZ,20261009,73.33,75.59,71.89,72.57,73.32,20574.0,151296.41,-1.0229
002780.SZ,20261009,15.1,15.14,14.41,15.02,15.18,88078.75,129985.78169,-1.054
002782.SZ,20261009,13.85,13.85,13.04,13.58,13.88,92269.0,123574.852,-2.1614
002783.SZ,20261009,7.97,8.1,7.79,8.08,8.01,82509.09,65390.60924,0.8739
002785.SZ,20261009,34.3,34.88,33.0,34.34,34.41,47460.0,160512.347,-0.2034
002786.SZ,20261009,7.38,7.38,7.06,7.37,7.38,92200.0,66472.829,-0.1355
002787.SZ,20261009,24.4,24.41,22.3,23.55,24.55,137126.0,319310.35574,-4.0733
002788.SZ,20261009,10.58,10.75,10.24,10.71,10.6,117792.75,123643.18825,1.0377
002789.SZ,20261009,14.2,14.2,13.1,13.89,14.25,27470.8,37287.3938,-2.5263
002790.SZ,20261009,6.47,6.58,6.25,6.56,6.51,142842.92,91940.05337,0.768
002791.SZ,20261009,15.85,16.05,15.39,15.95,15.79,47303.0,74459.725,1.0133
002792.SZ,20261009,28.19,28.54,26.03,27.4,28.84,232324.59,629097.27448,-4.9931
002793.SZ,20261009,4.68,4.9,4.61,4.89,4.74,297089.03,142305.73649,3.1646
002795.SZ,20261009,7.09,7.14,6.57,7.02,7.14,185918.96,126855.9512,-1.6807
002796.SZ,20261009,24.44,24.64,22.7,24.38,24.65,90828.32,215837.47254,-1.0953
002797.SZ,20261009,6.05,6.22,6.05,6.17,6.05,450961.92,276848.35032,1.9835
002798.SZ,20261009,6.59,6.65,6.14,6.51,6.57,161260.69,103319.08219,-0.9132
002799.SZ,20261009,7.15,7.3,6.93,7.27,7.22,255553.44,181695.30796,0.6925
002800.SZ,20261009,14.65,14.75,13.78,14.37,14.43,29525.0,41753.096,-0.4158
002801.SZ,20261009,25.94,26.05,25.23,25.91,25.8,8496.0,21797.196,0.4264
002802.SZ,20261009,12.57,12.57,12.1,12.51,12.59,31534.5,38934.91328,-0.6354
002803.SZ,20261009,19.01,19.7,18.5,19.61,19.02,117962.91,225760.77768,3.102
002805.SZ,20261009,18.56,19.44,18.56,19.44,17.67,316845.78,607293.91739,10.017
002806.SZ,20261009,14.56,14.71,13.89,14.52,14.67,67562.0,96606.33802,-1.0225
002807.SZ,20261009,4.24,4.28,4.18,4.18,4.24,645413.87,272263.76085,-1.4151
002809.SZ,20261009,8.5,8.61,8.26,8.54,8.5,45807.21,38587.702,0.4706
002810.SZ,20261009,20.29,20.85,19.9,20.73,20.29,41502.46,84897.17194,2.1686
002811.SZ,20261009,16.73,18.4,16.27,18.4,16.73,206728.59,361656.82162,9.9821
002812.SZ,20261009,45.6,49.06,45.3,47.85,45.84,464001.03,2202451.26699,4.3848
002815.SZ,20261009,22.38,22.75,20.75,21.62,22.51,709205.96,1532000.03688,-3.9538
002816.SZ,20261009,21.05,21.48,20.72,21.3,21.35,11465.0,24275.466,-0.2342
002817.SZ,20261009,6.82,6.87,6.6,6.83,6.82,47386.9,31933.6105,0.1466
002818.SZ,20261009,11.44,11.94,11.35,11.91,11.41,103966.1,121029.9059,4.3821
002819.SZ,20261009,22.31,22.9,21.37,22.77,22.68,101570.75,224836.07779,0.3968
002820.SZ,20261009,9.91,10.15,9.6,10.04,9.95,82349.6,81067.3668,0.9045
002821.SZ,20261009,179.0,181.18,170.1,177.93,180.68,83179.71,1457626.03835,-1.522
002822.SZ,20261009,2.89,2.9,2.81,2.87,2.91,100563.0,28583.49,-1.3746
002823.SZ,20261009,12.66,12.69,12.18,12.61,12.69,42012.0,52145.977,-0.6304
002824.SZ,20261009,22.91,22.98,20.88,22.3,22.9,158683.33,346764.99854,-2.6201
002825.SZ,20261009,9.36,9.54,9.0,9.4,9.31,56481.36,52146.55555,0.9667
002826.SZ,20261009,17.39,17.68,16.99,17.68,17.39,34773.0,60487.122,1.6676
002827.SZ,20261009,55.5,60.5,54.12,59.59,55.85,197371.26,1129750.65966,6.6965
002828.SZ,20261009,10.86,10.86,10.42,10.83,10.92,67328.0,71398.538,-0.8242
002829.SZ,20261009,18.88,18.96,17.8,18.72,18.96,55837.44,102131.2838,-1.2658
002830.SZ,20261009,14.87,15.18,14.28,15.13,14.95,33415.4,49266.3626,1.204
002831.SZ,20261009,26.23,26.42,25.14,26.3,26.4,68565.84,178482.95629,-0.3788
002832.SZ,20261009,26.67,28.0,26.2,27.74,26.68,114511.45,311732.56829,3.973
002833.SZ,20261009,19.35,19.5,18.96,19.37,19.45,57845.78,110961.28908,-0.4113
002835.SZ,20261009,13.02,13.27,12.62,13.25,13.02,29937.0,38754.45,1.7665
002836.SZ,20261009,11.55,11.7,10.83,11.44,11.68,84150.93,94674.14396,-2.0548
002837.SZ,20261009,51.58,51.58,47.66,50.89,51.93,351891.07,1743959.38998,-2.0027
002838.SZ,20261009,24.26,26.6,23.18,26.23,24.25,137033.35,342816.22874,8.1649
002839.SZ,20261009,4.33,4.38,4.29,4.3,4.33,359821.6,155463.1974,-0.6928
002840.SZ,20261009,7.9,8.0,7.84,7.95,7.91,121822.77,96397.91176,0.5057
002841.SZ,20261009,44.41,46.32,43.91,45.96,44.47,68853.66,310651.26158,3.3506
002842.SZ,20261009,30.01,30.49,29.03,30.35,30.29,147567.71,439422.8606,0.1981
002843.SZ,20261009,14.35,14.37,13.53,14.25,14.47,114027.0,159101.184,-1.5204
002845.SZ,20261009,13.15,13.29,12.64,13.26,13.18,67611.14,87554.10824,0.607
002846.SZ,20261009,11.89,12.4,11.81,12.39,11.93,401179.33,487430.07512,3.8558
002847.SZ,20261009,44.01,44.84,44.01,44.57,44.29,23079.88,102773.0871,0.6322
002848.SZ,20261009,14.61,14.94,13.73,14.1,14.67,104762.0,149692.331,-3.8855
002849.SZ,20261009,20.34,20.48,18.8,20.35,20.43,183615.15,363293.95935,-0.3916
002850.SZ,20261009,153.89,156.28,148.27,155.49,153.9,39737.3,607532.65388,1.0331
002851.SZ,20261009,105.5,105.92,98.38,102.79,107.25,270771.47,2762842.19359,-4.1585
002852.SZ,20261009,8.62,8.79,8.42,8.79,8.62,147249.0,126948.73,1.9722
002853.SZ,20261009,20.48,21.15,20.06,20.8,20.44,16590.24,34166.68072,1.7613
002855.SZ,20261009,12.27,12.4,11.59,12.34,12.25,85529.81,102723.93004,0.7347
002856.SZ,20261009,19.32,19.5,17.51,17.51,19.45,77430.8,138416.758,-9.9743
002857.SZ,20261009,17.31,17.44,16.05,16.9,17.42,26358.0,43746.483,-2.9851
002858.SZ,20261009,11.59,11.77,11.09,11.7,11.71,55533.0,63539.712,-0.0854
002859.SZ,20261009,54.9,55.43,51.5,53.93,56.01,140502.73,749302.19992,-3.7136
002861.SZ,20261009,13.55,13.55,12.62,13.36,13.55,56821.7,74173.5338,-1.4022
002862.SZ,20261009,14.47,14.68,13.59,14.68,14.33,46853.2,66324.5902,2.4424
002863.SZ,20261009,4.76,4.8,4.62,4.8,4.76,91494.87,43062.85531,0.8403
002864.SZ,20261009,20.78,21.35,20.43,21.35,20.78,24182.71,50817.46743,2.743
002865.SZ,20261009,35.72,36.18,34.16,36.07,35.71,85801.97,302540.07667,1.0081
002866.SZ,20261009,18.41,20.45,17.48,18.32,18.59,763278.82,1452604.14073,-1.4524
002867.SZ,20261009,10.19,10.33,10.18,10.32,10.19,92921.54,95433.2782,1.2758
002868.SZ,20261009,21.97,22.32,21.55,22.1,22.11,19226.6,42020.04509,-0.0452
002869.SZ,20261009,18.28,19.78,18.08,19.45,19.14,190231.82,363823.10055,1.6196
002870.SZ,20261009,42.68,43.07,40.84,42.54,42.54,31114.03,130155.4453,0.0
002871.SZ,20261009,16.67,16.83,15.84,16.72,16.71,28393.0,46307.432,0.0598
002872.SZ,20261009,6.1,6.13,5.74,5.97,6.12,72182.0,43016.001,-2.451
002873.SZ,20261009,8.45,8.57,8.28,8.55,8.47,51390.21,43320.31998,0.9445
002875.SZ,20261009,12.7,12.77,12.15,12.73,12.69,45097.0,56088.193,0.3152
002876.SZ,20261009,30.05,30.67,28.68,29.84,30.17,40391.4,119202.71394,-1.0938
002877.SZ,20261009,7.41,7.49,7.14,7.49,7.42,60157.6,43911.3848,0.9434
002878.SZ,20261009,12.48,13.09,12.19,13.05,12.51,65117.0,82684.328,4.3165
002879.SZ,20261009,16.36,16.41,15.55,16.36,16.36,98235.0,156620.09515,0.0
002880.SZ,20261009,21.66,23.0,21.3,22.41,21.8,34835.3,77197.474,2.7982
002881.SZ,20261009,37.79,38.22,35.18,37.05,38.17,104237.57,382201.89667,-2.9342
002882.SZ,20261009,25.8,29.0,25.62,26.94,26.95,405854.95,1103813.91024,-0.0371
002883.SZ,20261009,9.1,9.11,8.92,9.08,9.09,5725.0,5162.957,-0.11
002884.SZ,20261009,15.36,15.49,15.33,15.46,15.36,17077.8,26331.8876,0.651
002885.SZ,20261009,24.9,24.9,22.87,24.07,25.11,149807.09,354898.1534,-4.1418
002886.SZ,20261009,23.03,23.05,20.78,21.99,23.05,205335.2,445305.3564,-4.5987
002887.SZ,20261009,8.67,8.7,8.37,8.66,8.68,48522.0,41380.588,-0.2304
002888.SZ,20261009,18.13,18.39,17.34,18.33,18.26,27108.0,48542.435,0.3834
002889.SZ,20261009,11.92,11.99,11.65,11.96,11.92,17490.0,20678.74499,0.3356
002890.SZ,20261009,14.57,14.88,13.8,14.73,14.56,33059.3,47090.2812,1.1676
002891.SZ,20261009,27.88,28.15,26.92,27.97,27.79,56844.12,156378.67619,0.6477
002892.SZ,20261009,8.36,8.43,8.21,8.39,8.34,57210.7,47681.17494,0.5995
002893.SZ,20261009,10.61,10.8,10.49,10.78,10.6,176188.88,187908.1848,1.6981
002895.SZ,20261009,30.12,31.28,30.12,30.94,30.23,64502.57,198594.94572,2.3487
002896.SZ,20261009,57.0,57.54,54.66,57.04,57.59,54168.03,302793.3656,-0.955
002897.SZ,20261009,54.5,54.75,50.06,53.95,55.14,110323.85,579776.49277,-2.1581
002899.SZ,20261009,19.85,20.38,19.21,20.34,19.85,43030.0,85066.551,2.4685
002900.SZ,20261009,12.65,12.95,12.21,12.91,12.79,154286.9,194953.0721,0.9382
002901.SZ,20261009,39.6,40.38,39.23,40.08,39.6,12357.45,49258.89678,1.2121
002902.SZ,20261009,24.11,24.2,22.23,23.41,24.35,160108.52,369922.57299,-3.8604
002903.SZ,20261009,27.0,27.02,24.35,25.15,27.06,109248.05,273523.15936,-7.0584
002905.SZ,20261009,8.71,9.1,8.61,9.05,8.72,72770.6,64649.6962,3.7844
002906.SZ,20261009,25.6,25.77,25.0,25.56,25.65,70190.23,178223.50222,-0.3509
002907.SZ,20261009,14.41,15.47,14.15,15.44,14.51,232562.88,348122.30432,6.4094
002908.SZ,20261009,7.15,7.32,6.93,7.29,7.15,66566.2,47454.02826,1.958
002909.SZ,20261009,6.67,6.88,6.44,6.8,6.68,477022.99,318539.46134,1.7964
002910.SZ,20261009,10.24,10.47,9.97,10.42,10.31,89884.0,91820.789,1.0669
002911.SZ,20261009,11.7,11.87,11.53,11.56,11.73,106920.75,125087.07881,-1.4493
002912.SZ,20261009,25.65,28.55,24.52,28.55,25.95,253902.86,673757.05083,10.0193
002913.SZ,20261009,89.94,94.51,84.85,89.58,90.77,172485.67,1543008.24186,-1.311
002915.SZ,20261009,16.31,16.66,15.98,16.66,16.3,71303.28,117147.09306,2.2086
002916.SZ,20261009,360.01,361.45,331.32,347.25,368.02,109838.71,3768602.01833,-5.6437
002917.SZ,20261009,9.98,10.11,9.77,10.07,9.98,35992.0,35711.888,0.9018
002918.SZ,20261009,10.52,10.66,10.05,10.64,10.65,100843.0,104370.391,-0.0939
002919.SZ,20261009,16.5,16.5,15.25,16.32,16.5,61450.69,97751.78117,-1.0909
002920.SZ,20261009,78.0,79.86,76.5,79.45,78.07,46357.7,362204.6337,1.7676
002921.SZ,20261009,19.28,19.28,17.66,18.68,19.08,47815.5,87930.1785,-2.0964
002922.SZ,20261009,20.86,20.9,19.77,20.61,21.08,138160.71,280318.77062,-2.2296
002923.SZ,20261009,11.59,12.51,11.18,12.25,11.5,538010.05,641819.71127,6.5217
002925.SZ,20261009,21.34,21.84,21.1,21.69,21.43,155864.7,333458.7577,1.2133
002926.SZ,20261009,8.12,8.33,8.11,8.3,8.11,169859.24,140034.4062,2.3428
002927.SZ,20261009,19.67,19.93,17.64,17.64,19.6,159631.0,289675.61275,-10.0
002928.SZ,20261009,6.14,6.26,6.14,6.24,6.15,189783.28,117936.26152,1.4634
002929.SZ,20261009,44.3,44.3,41.56,43.81,44.47,72401.48,310387.09077,-1.4841
002930.SZ,20261009,8.98,9.11,8.75,9.1,9.05,51003.81,45581.66429,0.5525
002931.SZ,20261009,37.56,37.56,35.4,37.36,37.46,67952.44,247896.52424,-0.267
002932.SZ,20261009,15.26,15.34,15.22,15.32,15.26,5167.29,7889.85142,0.3932
002933.SZ,20261009,26.63,26.93,25.53,26.41,26.79,16653.0,43466.642,-1.4184
002935.SZ,20261009,17.5,17.56,16.45,17.14,17.56,96873.56,163817.5528,-2.3918
002936.SZ,20261009,1.74,1.75,1.73,1.73,1.73,844099.76,146728.77287,0.0
002937.SZ,20261009,24.55,24.55,22.39,24.02,24.56,100855.72,234935.43618,-2.1987
002938.SZ,20261009,76.46,76.76,70.8,74.65,78.0,279483.34,2049596.26813,-4.2949
002939.SZ,20261009,7.54,7.67,7.52,7.65,7.55,187956.07,142771.82726,1.3245
002940.SZ,20261009,23.55,24.29,22.62,23.2,23.89,99219.08,229293.02406,-2.8882
002941.SZ,20261009,10.43,10.58,10.3,10.57,10.45,88933.62,92965.07863,1.1483
002942.SZ,20261009,17.17,17.23,16.55,17.16,17.32,60070.37,101800.13339,-0.9238
002943.SZ,20261009,28.36,28.36,25.43,26.25,28.25,190379.91,497203.548,-7.0796
002945.SZ,20261009,13.61,14.14,13.52,14.12,13.66,134766.09,186849.7531,3.3675
002946.SZ,20261009,14.9,15.49,14.84,15.29,14.83,119956.29,182312.31651,3.1018
002947.SZ,20261009,53.7,54.0,49.35,52.24,54.2,88383.05,452164.07335,-3.6162
002948.SZ,20261009,6.27,6.31,6.14,6.14,6.27,454478.39,282314.49147,-2.0734
002949.SZ,20261009,12.84,13.05,12.3,12.79,12.89,53626.4,67687.2344,-0.7758
002950.SZ,20261009,8.69,9.05,8.63,9.01,8.7,120356.12,106512.50584,3.5632
002951.SZ,20261009,18.0,18.36,16.22,16.65,17.17,167823.0,281045.117,-3.0285
002952.SZ,20261009,18.76,18.95,17.9,18.74,18.76,29662.0,54458.536,-0.1066
002953.SZ,20261009,9.88,9.88,9.54,9.85,9.88,56510.56,54837.63032,-0.3036
002955.SZ,20261009,33.5,33.9,30.75,32.5,33.76,50962.69,163440.99691,-3.7322
002956.SZ,20261009,17.8,18.19,17.65,18.13,17.95,52919.6,95282.3794,1.0028
002957.SZ,20261009,33.23,33.33,30.9,32.75,33.57,168780.65,543000.17219,-2.4427
002958.SZ,20261009,2.95,2.97,2.9,2.91,2.95,952682.99,278392.60608,-1.3559
002959.SZ,20261009,36.5,39.2,36.2,37.17,37.5,64373.47,242159.64841,-0.88
002960.SZ,20261009,8.73,8.79,8.53,8.6,8.73,115943.71,100210.76506,-1.4891
002961.SZ,20261009,13.0,14.1,12.7,13.85,13.0,204954.47,276481.06181,6.5385
002962.SZ,20261009,15.9,15.9,15.02,15.02,16.69,218946.31,333502.54913,-10.006
002963.SZ,20261009,19.93,19.93,18.35,19.49,20.11,68035.02,130371.79546,-3.083
002965.SZ,20261009,27.91,27.91,25.59,26.44,27.93,146674.58,387775.43812,-5.3348
002966.SZ,20261009,9.4,9.62,9.37,9.43,9.4,518314.97,492067.27615,0.3191
002967.SZ,20261009,17.08,17.3,16.6,17.24,17.08,65372.72,110694.48795,0.9368
002968.SZ,20261009,9.93,10.02,9.52,9.91,9.91,54328.61,52952.89905,0.0
002969.SZ,20261009,10.46,10.57,10.07,10.51,10.48,209304.02,215862.40127,0.2863
002970.SZ,20261009,39.93,41.98,38.58,41.7,39.98,41684.5,167169.0995,4.3022
002971.SZ,20261009,37.41,38.49,36.3,37.78,37.93,93073.02,347474.2729,-0.3955
002972.SZ,20261009,13.72,13.79,12.8,13.52,13.77,119672.8,159771.5922,-1.8155
002973.SZ,20261009,12.74,12.92,11.97,12.77,12.46,137881.69,171779.84706,2.488
002975.SZ,20261009,96.91,98.29,88.95,94.88,98.02,113065.91,1051042.20335,-3.2034
002976.SZ,20261009,20.61,20.65,19.31,20.35,20.6,74016.3,147454.8023,-1.2136
002977.SZ,20261009,18.64,18.64,17.52,18.17,18.66,14115.29,25353.91505,-2.6259
002978.SZ,20261009,25.23,25.85,25.23,25.68,25.37,30172.85,77192.59579,1.2219
002979.SZ,20261009,50.18,55.58,48.35,55.58,50.53,132488.64,692474.16747,9.9941
002980.SZ,20261009,103.23,106.0,97.0,105.42,104.96,100319.0,1018320.992,0.4383
002981.SZ,20261009,21.95,22.83,20.9,22.72,21.97,45316.86,98486.63815,3.4137
002982.SZ,20261009,12.7,12.89,12.58,12.88,12.68,30490.64,38893.32388,1.5773
002983.SZ,20261009,21.05,21.14,20.12,20.74,21.18,19668.6,40567.7102,-2.0774
002984.SZ,20261009,12.9,13.09,12.87,13.04,12.92,50527.0,65677.541,0.9288
002985.SZ,20261009,26.19,26.45,25.37,25.97,26.26,33983.86,87743.02368,-1.1043
002986.SZ,20261009,12.75,12.84,12.4,12.67,12.75,34729.0,43760.779,-0.6275
002987.SZ,20261009,10.26,10.66,10.11,10.63,10.28,117970.14,122403.03602,3.4047
002988.SZ,20261009,31.97,32.16,28.76,29.2,31.95,99906.5,296055.0465,-8.6072
002989.SZ,20261009,21.52,21.61,19.82,21.02,21.49,80981.0,166913.19,-2.1871
002990.SZ,20261009,51.51,52.58,48.41,50.86,52.37,105157.17,530210.86537,-2.8833
002991.SZ,20261009,38.44,38.9,38.16,38.88,38.54,8945.0,34507.308,0.8822
002992.SZ,20261009,32.1,32.25,30.51,31.32,32.12,15202.0,47313.856,-2.4907
002993.SZ,20261009,31.65,31.85,29.81,30.82,31.62,57201.6,175129.63054,-2.53
002995.SZ,20261009,16.55,17.48,15.88,17.38,16.55,78512.0,131284.871,5.0151
002996.SZ,20261009,5.95,6.04,5.92,6.04,5.97,52687.8,31583.504,1.1725
002997.SZ,20261009,26.1,26.1,25.28,25.85,26.01,19139.02,49088.28252,-0.6151
002998.SZ,20261009,8.0,8.03,7.67,7.97,8.03,95160.89,74432.38188,-0.7472
002999.SZ,20261009,6.4,6.46,6.18,6.46,6.34,106258.42,67245.20508,1.8927
003000.SZ,20261009,9.62,9.68,9.55,9.65,9.66,29570.39,28456.34135,-0.1035
003001.SZ,20261009,19.44,19.91,17.74,18.65,19.69,134298.4,247948.9928,-5.2819
003002.SZ,20261009,15.54,15.55,15.04,15.5,15.54,34771.97,53108.27256,-0.2574
003003.SZ,20261009,11.24,11.24,10.71,11.16,11.26,51808.0,56957.324,-0.8881
003004.SZ,20261009,57.79,58.83,54.0,58.24,57.93,14517.12,81278.03596,0.5351
003005.SZ,20261009,14.77,15.28,14.22,15.27,14.78,106221.6,157392.7436,3.3153
003006.SZ,20261009,22.35,23.07,22.27,22.84,22.2,515079.13,1172444.44249,2.8829
003007.SZ,20261009,38.73,38.92,36.81,38.75,38.77,15556.0,58952.049,-0.0516
003008.SZ,20261009,19.76,19.9,19.11,19.8,19.76,12608.29,24642.4133,0.2024
003009.SZ,20261009,43.7,43.78,41.58,43.14,43.81,26038.08,110718.4959,-1.5293
003010.SZ,20261009,26.81,26.89,24.45,25.97,26.78,119670.85,303649.1733,-3.0246
003011.SZ,20261009,19.78,19.95,18.9,19.7,19.78,32680.0,63514.472,-0.4044
003012.SZ,20261009,4.67,4.74,4.61,4.72,4.67,101518.0,47420.687,1.0707
003013.SZ,20261009,17.18,17.72,16.9,17.13,17.35,116645.0,201072.53406,-1.268
003015.SZ,20261009,11.8,11.96,11.42,11.96,11.87,45315.0,53020.44,0.7582
003016.SZ,20261009,7.48,7.83,7.43,7.66,7.5,73279.0,55539.298,2.1333
003017.SZ,20261009,22.76,22.76,22.02,22.68,22.78,19344.8,43399.6738,-0.439
003018.SZ,20261009,42.95,43.12,39.77,42.15,43.24,86710.82,357072.02985,-2.5208
003019.SZ,20261009,25.49,25.62,23.67,25.24,25.62,46938.81,115720.23069,-1.4832
003020.SZ,20261009,16.95,17.3,16.46,17.3,16.96,33857.04,57261.58894,2.0047
003021.SZ,20261009,65.28,70.33,62.6,69.08,65.81,44718.32,298004.88016,4.9688
003022.SZ,20261009,18.41,18.64,18.0,18.35,18.46,84466.86,154739.04988,-0.5959
003023.SZ,20261009,25.95,27.13,25.28,26.99,25.87,30748.0,80400.3518,4.3293
003025.SZ,20261009,11.97,12.02,11.59,11.92,11.97,27249.44,32084.30816,-0.4177
003026.SZ,20261009,30.55,31.3,28.87,30.15,30.85,139004.38,416286.32689,-2.269
003027.SZ,20261009,16.74,16.89,16.38,16.86,16.82,20135.0,33624.872,0.2378
003028.SZ,20261009,23.16,23.28,22.24,23.1,23.17,11707.0,26631.977,-0.3021
003029.SZ,20261009,16.99,17.99,16.33,17.92,17.0,79195.7,136564.5957,5.4118
003030.SZ,20261009,25.57,25.57,24.13,25.04,25.47,34470.0,84794.495,-1.6883
003031.SZ,20261009,109.13,110.69,101.18,109.99,110.64,94342.24,1003598.98977,-0.5875
003032.SZ,20261009,8.58,9.0,8.32,8.96,8.61,269335.41,233134.24303,4.065
003033.SZ,20261009,81.61,84.98,78.26,84.62,82.22,22023.0,179436.398,2.919
003035.SZ,20261009,5.29,5.32,5.21,5.3,5.31,216549.0,113946.607,-0.1883
003036.SZ,20261009,43.23,43.23,38.88,40.7,42.95,78645.97,318204.58929,-5.2386
003037.SZ,20261009,5.81,5.86,5.69,5.83,5.81,44799.0,25879.718,0.3442
003038.SZ,20261009,10.63,10.65,10.29,10.53,10.63,34616.74,36234.52506,-0.9407
003039.SZ,20261009,12.62,12.83,12.53,12.7,12.73,55552.6,70221.61869,-0.2357
003040.SZ,20261009,14.55,15.34,14.14,15.23,14.53,499292.14,736321.94578,4.8176
003041.SZ,20261009,38.08,39.66,36.81,39.43,38.36,25208.2,96839.45,2.7894
003042.SZ,20261009,14.25,14.46,13.8,14.38,14.24,32845.99,46339.33316,0.9831
003043.SZ,20261009,61.01,61.2,56.6,60.06,61.46,58314.53,344820.469,-2.2779
003816.SZ,20261009,4.4,4.48,4.39,4.43,4.41,1328467.45,589981.443,0.4535
300001.SZ,20261009,33.5,33.65,32.13,32.87,33.5,120439.07,393122.91645,-1.8806
300002.SZ,20261009,7.56,7.94,7.54,7.9,7.55,349260.27,269368.47801,4.6358
300003.SZ,20261009,11.48,11.72,11.35,11.68,11.46,157058.12,181445.982,1.9197
300004.SZ,20261009,7.51,7.57,7.2,7.53,7.53,128477.45,94755.86657,0.0
300005.SZ,20261009,10.4,10.75,9.9,10.66,10.38,434380.42,449081.54426,2.6975
300006.SZ,20261009,5.36,5.48,5.11,5.47,5.37,313285.2,166427.6332,1.8622
300007.SZ,20261009,28.57,28.9,27.03,28.76,28.7,90597.51,253744.94072,0.2091
300008.SZ,20261009,6.18,6.19,5.95,6.16,6.15,470965.26,285433.7969,0.1626
300009.SZ,20261009,8.33,8.54,8.2,8.53,8.38,302176.58,253656.20452,1.79
300010.SZ,20261009,4.95,5.1,4.44,5.0,5.02,765444.23,365414.85287,-0.3984
300011.SZ,20261009,5.84,5.88,5.67,5.87,5.78,50641.0,29272.537,1.5571
300012.SZ,20261009,14.16,14.72,14.1,14.68,14.2,360417.53,523482.75848,3.3803
300013.SZ,20261009,4.14,4.15,3.96,4.12,4.13,163405.0,66115.254,-0.2421
300014.SZ,20261009,50.1,51.98,49.9,51.32,50.48,515503.3,2633917.90288,1.664
300015.SZ,20261009,7.85,7.92,7.82,7.9,7.86,487948.91,384109.86099,0.5089
300016.SZ,20261009,9.13,9.22,8.77,9.16,9.18,264548.0,237733.77,-0.2179
300017.SZ,20261009,13.8,14.33,13.31,14.23,13.84,973062.96,1342343.95881,2.8179
300018.SZ,20261009,11.87,12.35,11.28,12.25,11.96,218503.35,258197.30018,2.4247
300019.SZ,20261009,13.85,15.99,13.85,15.6,13.73,329500.76,508118.6435,13.6198
300020.SZ,20261009,3.64,3.66,3.5,3.63,3.63,108441.17,38745.23652,0.0
300021.SZ,20261009,3.78,3.88,3.73,3.87,3.77,154727.11,58889.72085,2.6525
300022.SZ,20261009,7.73,7.73,7.5,7.7,7.73,78305.0,59688.808,-0.3881
300024.SZ,20261009,12.78,12.98,12.46,12.93,12.78,189294.75,240672.70951,1.1737
300025.SZ,20261009,5.74,5.9,5.51,5.88,5.8,170360.47,97332.38642,1.3793
300026.SZ,20261009,3.22,3.32,3.2,3.32,3.23,596078.91,195500.21859,2.7864
300027.SZ,20261009,1.64,1.72,1.61,1.7,1.64,526871.13,87462.32203,3.6585
300030.SZ,20261009,6.82,6.91,6.57,6.91,6.86,78888.04,53188.3312,0.7289
300031.SZ,20261009,19.38,20.25,18.54,20.15,19.54,122082.52,237690.55359,3.1218
300032.SZ,20261009,3.66,3.71,3.52,3.71,3.67,154739.48,55883.45044,1.0899
300033.SZ,20261009,191.35,201.95,185.01,200.43,191.3,132111.81,2562956.47399,4.7726
300034.SZ,20261009,15.06,15.22,14.6,15.0,15.06,111243.08,165351.78341,-0.3984
300035.SZ,20261009,12.68,13.28,12.61,13.04,12.8,342027.74,445720.02167,1.875
300036.SZ,20261009,10.03,10.36,9.84,10.33,10.04,104413.2,105577.3704,2.8884
300037.SZ,20261009,66.36,66.8,62.13,64.79,66.85,157184.7,1011794.71195,-3.0815
300039.SZ,20261009,5.15,5.42,5.1,5.39,5.17,355866.74,188544.49299,4.2553
300040.SZ,20261009,5.73,5.73,5.51,5.71,5.75,214968.58,120440.84049,-0.6957
300041.SZ,20261009,10.52,10.98,10.35,10.89,10.47,290341.45,312672.51592,4.0115
300042.SZ,20261009,34.13,34.2,31.6,33.34,33.98,103388.03,338511.33306,-1.8835
300043.SZ,20261009,4.17,4.37,4.12,4.34,4.19,277389.6,117814.9696,3.58
300044.SZ,20261009,5.81,5.82,5.6,5.78,5.77,119229.63,68060.7068,0.1733
300045.SZ,20261009,11.81,13.26,11.81,12.74,11.83,840231.46,1061573.67656,7.6923
300046.SZ,20261009,22.84,22.9,21.7,22.63,22.93,43318.03,96616.40089,-1.3083
300047.SZ,20261009,8.68,9.06,8.48,9.04,8.68,180353.54,158356.51142,4.1475
300048.SZ,20261009,4.79,4.83,4.67,4.81,4.78,77369.2,36777.4059,0.6276
300049.SZ,20261009,40.63,41.4,39.15,40.49,41.05,95678.52,384441.11472,-1.3642
300050.SZ,20261009,6.65,6.75,6.36,6.69,6.67,192102.0,125561.561,0.2999
300051.SZ,20261009,7.63,7.74,7.3,7.69,7.7,129448.0,97539.162,-0.1299
300052.SZ,20261009,10.12,10.36,9.69,10.29,10.11,104356.99,104840.48771,1.7804
300053.SZ,20261009,11.42,11.58,10.96,11.46,11.53,163464.62,183938.82371,-0.6071
300054.SZ,20261009,62.46,64.5,60.73,63.53,62.94,321107.12,2018231.57492,0.9374
300055.SZ,20261009,5.68,5.74,5.49,5.72,5.65,122221.26,68606.49886,1.2389
300056.SZ,20261009,7.4,7.4,6.97,7.36,7.39,122361.02,87561.99172,-0.406
300057.SZ,20261009,6.09,6.46,6.0,6.27,6.14,371836.35,231086.4676,2.1173
300058.SZ,20261009,12.01,13.04,11.9,12.87,12.05,2289039.56,2851944.13539,6.805
300059.SZ,20261009,17.21,18.09,17.18,17.95,17.28,2595682.82,4583008.43215,3.8773
300061.SZ,20261009,6.49,6.83,6.21,6.82,6.61,390264.46,255586.62268,3.177
300062.SZ,20261009,6.15,6.18,5.97,6.14,6.22,150573.81,91379.39667,-1.2862
300063.SZ,20261009,8.21,8.82,8.0,8.75,8.19,455353.48,386597.9225,6.8376
300065.SZ,20261009,14.35,14.37,13.54,14.13,14.36,267641.64,372112.74092,-1.6017
300066.SZ,20261009,4.51,4.62,4.43,4.6,4.53,131043.97,59271.05317,1.5453
300067.SZ,20261009,5.24,5.28,5.0,5.26,5.18,362788.36,186419.89504,1.5444
300068.SZ,20261009,3.94,4.05,3.88,4.04,3.93,369902.45,146470.89451,2.799
300069.SZ,20261009,25.29,25.75,23.55,24.34,25.56,90480.0,219698.646,-4.7731
300070.SZ,20261009,3.4,3.46,3.4,3.44,3.41,386292.72,132603.43263,0.8798
300071.SZ,20261009,3.87,4.15,3.8,4.12,3.87,602364.0,239562.175,6.4599
300072.SZ,20261009,3.82,3.83,3.73,3.81,3.82,545479.2,206470.785,-0.2618
300073.SZ,20261009,40.61,42.99,40.55,41.99,41.28,399452.58,1669644.76246,1.72
300074.SZ,20261009,3.76,3.87,3.6,3.84,3.76,197953.0,73960.038,2.1277
300075.SZ,20261009,10.25,10.66,10.1,10.66,10.26,152588.82,158622.1252,3.8986
300076.SZ,20261009,4.09,4.11,3.98,4.08,4.1,36407.0,14756.752,-0.4878
300077.SZ,20261009,18.95,19.41,18.13,18.99,19.14,352064.56,658940.87659,-0.7837
300078.SZ,20261009,2.65,2.76,2.58,2.75,2.66,320236.8,85528.173,3.3835
300079.SZ,20261009,4.67,4.9,4.6,4.89,4.66,297387.6,141713.29732,4.9356
300080.SZ,20261009,3.7,3.78,3.66,3.77,3.69,208631.0,77751.94,2.168
300081.SZ,20261009,3.2,3.25,3.1,3.25,3.21,54323.0,17191.865,1.2461
300083.SZ,20261009,11.1,11.2,10.56,11.16,11.21,664907.55,723441.0528,-0.446
300084.SZ,20261009,10.0,10.15,9.73,10.07,10.0,53959.0,53688.977,0.7
300085.SZ,20261009,27.71,29.47,26.65,28.9,27.9,469341.68,1316876.46418,3.5842
300086.SZ,20261009,5.33,5.5,5.22,5.49,5.36,205982.9,110622.1452,2.4254
300087.SZ,20261009,5.63,5.83,5.6,5.78,5.64,125240.64,71910.37558,2.4823
300088.SZ,20261009,6.43,6.51,6.25,6.47,6.47,823390.72,525903.99648,0.0
300091.SZ,20261009,2.35,2.37,2.32,2.35,2.36,45168.0,10613.487,-0.4237
300092.SZ,20261009,11.36,11.49,11.1,11.49,11.45,29621.0,33441.943,0.3493
300093.SZ,20261009,19.52,19.6,18.53,19.51,19.64,41369.0,78930.542,-0.6619
300094.SZ,20261009,2.89,3.04,2.86,3.03,2.89,674666.99,199121.58437,4.8443
300095.SZ,20261009,9.05,9.09,8.5,9.04,8.97,138455.97,121710.94888,0.7804
300096.SZ,20261009,8.36,8.73,8.06,8.69,8.41,71558.8,59770.4206,3.3294
300097.SZ,20261009,9.48,9.52,8.87,9.35,9.47,135776.8,124642.4386,-1.2672
300098.SZ,20261009,4.1,4.21,4.03,4.2,4.1,340225.51,140277.88973,2.439
300099.SZ,20261009,6.02,6.2,5.88,6.19,6.06,117363.0,70875.031,2.1452
300100.SZ,20261009,20.51,20.66,19.81,20.54,20.78,104520.05,211645.81398,-1.155
300101.SZ,20261009,13.32,13.53,13.06,13.39,13.42,76930.01,102277.36748,-0.2235
300102.SZ,20261009,15.5,15.62,14.82,15.4,15.6,190315.42,289366.80196,-1.2821
300103.SZ,20261009,8.0,8.0,7.47,7.9,8.0,69899.0,53937.101,-1.25
300105.SZ,20261009,7.04,7.13,6.83,7.07,6.96,117733.16,82035.00476,1.5805
300106.SZ,20261009,10.64,11.04,10.43,10.98,10.7,116900.9,125615.28388,2.6168
300107.SZ,20261009,7.22,7.45,7.1,7.37,7.28,216683.38,158289.4587,1.2363
300109.SZ,20261009,12.67,12.98,12.36,12.92,12.75,114142.0,144288.857,1.3333
300110.SZ,20261009,3.22,3.32,3.11,3.31,3.15,1800604.43,581966.39772,5.0794
300111.SZ,20261009,3.02,3.56,2.99,3.41,2.97,2679792.66,912946.94264,14.8148
300112.SZ,20261009,9.46,9.46,8.39,9.1,9.58,317462.44,283175.01442,-5.0104
300113.SZ,20261009,15.18,15.87,14.72,15.78,15.2,174492.62,266206.42451,3.8158
300115.SZ,20261009,21.32,21.94,20.66,21.85,21.48,261348.1,555836.84998,1.7225
300118.SZ,20261009,8.71,8.94,8.45,8.9,8.71,224474.48,195641.6119,2.1814
300119.SZ,20261009,16.55,16.89,16.38,16.81,16.62,32151.24,53615.04944,1.1432
300120.SZ,20261009,7.32,7.35,6.91,7.31,7.32,330939.0,237009.846,-0.1366
300121.SZ,20261009,9.55,9.8,9.36,9.79,9.62,121630.0,116489.319,1.7672
300122.SZ,20261009,13.58,13.76,13.14,13.7,13.59,369809.32,498161.48935,0.8094
300123.SZ,20261009,4.25,4.29,4.18,4.22,4.18,153339.0,64808.72,0.9569
300124.SZ,20261009,49.5,50.87,48.85,50.59,49.85,307374.2,1526846.12503,1.4845
300125.SZ,20261009,8.39,8.48,8.05,8.46,8.38,57969.0,47776.985,0.9547
300126.SZ,20261009,6.55,6.63,6.21,6.51,6.59,56419.0,36128.196,-1.214
300127.SZ,20261009,22.84,23.19,22.42,23.13,22.98,24928.55,57011.5667,0.6527
300128.SZ,20261009,4.67,4.67,4.31,4.51,4.66,301917.78,134326.72678,-3.2189
300129.SZ,20261009,7.4,7.4,7.03,7.27,7.41,265422.05,191758.1725,-1.8893
300130.SZ,20261009,17.1,17.96,16.93,17.87,17.13,102720.34,178922.62262,4.3199
300131.SZ,20261009,12.89,12.94,12.22,12.83,13.0,361431.88,455706.8958,-1.3077
300132.SZ,20261009,6.05,6.28,5.96,6.23,6.06,118364.0,72355.15,2.8053
300133.SZ,20261009,7.54,8.56,7.5,8.38,7.56,1857220.95,1502148.37984,10.8466
300134.SZ,20261009,8.01,8.14,7.67,8.12,8.03,100691.2,79652.238,1.1208
300135.SZ,20261009,3.44,3.51,3.37,3.51,3.47,164276.5,56431.568,1.1527
300136.SZ,20261009,51.02,51.11,46.75,49.47,51.62,470458.91,2288235.49433,-4.1651
300137.SZ,20261009,9.79,9.81,8.8,9.41,9.72,234712.76,217590.47556,-3.1893
300138.SZ,20261009,11.4,11.84,11.29,11.82,11.4,81042.88,94342.84196,3.6842
300139.SZ,20261009,42.01,45.48,40.81,44.4,41.53,423886.22,1824823.48426,6.9107
300140.SZ,20261009,5.36,5.42,5.33,5.39,5.36,92627.0,49783.304,0.5597
300141.SZ,20261009,10.03,10.08,9.53,9.99,10.03,52470.0,51336.774,-0.3988
300142.SZ,20261009,14.08,14.87,13.62,14.75,14.08,1483412.17,2119854.24291,4.7585
300143.SZ,20261009,7.71,7.95,7.54,7.95,7.73,105045.85,81736.98438,2.8461
300144.SZ,20261009,5.54,5.56,5.44,5.55,5.53,275146.79,151549.27877,0.3617
300145.SZ,20261009,4.44,4.45,4.21,4.41,4.46,697404.0,300926.321,-1.1211
300146.SZ,20261009,9.43,9.58,9.41,9.57,9.43,114585.05,108981.2902,1.4846
300147.SZ,20261009,5.51,5.66,5.37,5.49,5.46,95376.0,52794.462,0.5495
300148.SZ,20261009,3.46,3.69,3.38,3.67,3.46,464561.0,164663.76186,6.0694
300149.SZ,20261009,9.35,9.56,8.98,9.47,9.45,228541.77,211804.23441,0.2116
300150.SZ,20261009,4.14,4.24,4.01,4.21,4.13,75165.0,31015.595,1.937
300151.SZ,20261009,19.09,19.1,17.65,18.6,19.01,176898.65,323826.1015,-2.1568
300152.SZ,20261009,1.56,1.57,1.47,1.57,1.57,166306.0,25357.687,0.0
300153.SZ,20261009,22.07,22.28,20.46,21.61,22.32,146780.82,312660.2861,-3.181
300154.SZ,20261009,13.5,13.57,12.43,13.37,13.56,118378.0,153619.109,-1.4012
300155.SZ,20261009,4.52,4.64,4.29,4.6,4.52,227882.78,101217.81689,1.7699
300157.SZ,20261009,3.69,3.73,3.56,3.72,3.68,241598.63,88037.2031,1.087
300158.SZ,20261009,5.15,5.34,5.06,5.31,5.15,188115.21,97976.12667,3.1068
300159.SZ,20261009,2.74,2.78,2.66,2.76,2.74,283427.87,77224.04873,0.7299
300160.SZ,20261009,4.39,4.47,4.32,4.45,4.41,60947.0,26781.525,0.907
300161.SZ,20261009,25.49,25.86,24.76,25.77,25.5,23277.0,58644.314,1.0588
300162.SZ,20261009,9.4,9.4,8.46,8.92,9.72,663450.18,593811.27261,-8.2305
300163.SZ,20261009,7.19,7.19,6.59,6.93,7.2,299466.29,205281.09684,-3.75
300164.SZ,20261009,9.19,9.28,8.75,9.0,9.31,829347.38,742467.92938,-3.3298
300165.SZ,20261009,4.93,4.98,4.75,4.98,4.97,156381.0,76138.296,0.2012
300166.SZ,20261009,11.12,11.49,10.78,11.47,11.21,328240.28,365367.57414,2.3194
300167.SZ,20261009,3.72,3.74,3.61,3.72,3.72,34776.0,12800.185,0.0
300168.SZ,20261009,4.76,4.95,4.68,4.93,4.75,203637.82,98427.13218,3.7895
300169.SZ,20261009,5.42,5.49,5.23,5.48,5.45,90600.0,48685.79,0.5505
300170.SZ,20261009,14.55,15.55,14.22,15.44,14.61,482393.79,716663.59258,5.681
300171.SZ,20261009,15.92,16.03,15.36,15.96,15.95,178657.0,279565.484,0.0627
300172.SZ,20261009,4.6,4.64,4.51,4.63,4.63,114334.2,52225.3184,0.0
300173.SZ,20261009,3.35,3.45,3.3,3.44,3.36,108515.33,36686.60119,2.381
300174.SZ,20261009,16.8,16.87,16.04,16.8,16.94,119607.54,197312.85676,-0.8264
300175.SZ,20261009,5.46,5.46,5.24,5.43,5.4,61878.05,32963.2251,0.5556
300176.SZ,20261009,4.38,4.4,4.23,4.39,4.41,118541.0,51205.2314,-0.4535
300177.SZ,20261009,5.85,5.97,5.7,5.95,5.9,83244.75,48498.30325,0.8475
300179.SZ,20261009,37.48,37.51,33.98,35.78,37.41,310576.88,1098261.12961,-4.3571
300180.SZ,20261009,4.29,4.4,4.21,4.37,4.3,269791.19,116039.79089,1.6279
300181.SZ,20261009,13.1,13.25,13.08,13.25,13.12,91425.44,120687.1476,0.9909
300182.SZ,20261009,5.02,5.73,5.01,5.56,5.01,3326128.56,1780322.40854,10.978
300183.SZ,20261009,10.56,10.95,10.1,10.62,10.54,90936.0,95264.904,0.759
300184.SZ,20261009,10.6,10.65,10.15,10.59,10.68,384200.99,399989.03446,-0.8427
300185.SZ,20261009,2.81,2.83,2.78,2.82,2.83,884415.56,248116.0042,-0.3534
300187.SZ,20261009,4.52,4.59,4.4,4.56,4.51,98056.99,44067.06144,1.1086
300188.SZ,20261009,10.25,10.91,10.19,10.83,10.28,210584.72,224084.51309,5.3502
300189.SZ,20261009,6.01,6.84,5.9,6.69,6.06,3017822.55,1928072.61616,10.396
300190.SZ,20261009,3.7,3.74,3.61,3.72,3.73,119609.24,43854.08504,-0.2681
300191.SZ,20261009,31.0,31.03,29.2,30.8,31.15,111521.19,335573.15258,-1.1236
300192.SZ,20261009,24.53,25.0,21.2,24.59,24.23,599424.8,1376500.89941,1.4858
300193.SZ,20261009,7.94,8.08,7.77,8.04,7.95,52477.0,41630.641,1.1321
300194.SZ,20261009,3.91,4.04,3.9,4.03,3.93,315223.02,125844.13204,2.5445
300195.SZ,20261009,6.15,6.15,5.74,6.07,6.13,172827.0,102067.414,-0.9788
300196.SZ,20261009,16.84,16.84,15.71,16.43,16.87,133257.65,215890.93678,-2.6082
300197.SZ,20261009,1.97,2.01,1.92,2.01,1.97,621818.44,122479.16621,2.0305
300198.SZ,20261009,2.43,2.44,2.36,2.38,2.34,125804.95,30182.35517,1.7094
300199.SZ,20261009,23.52,23.84,22.74,23.71,23.75,415504.55,968979.05088,-0.1684
300200.SZ,20261009,8.06,8.23,7.95,8.23,8.08,63559.21,51353.56765,1.8564
300201.SZ,20261009,12.48,12.52,11.63,12.16,12.51,262521.79,314802.73439,-2.7978
300203.SZ,20261009,13.02,13.05,12.53,12.9,13.07,100978.47,129517.28902,-1.3007
300204.SZ,20261009,20.13,20.75,19.42,20.66,20.26,169613.91,343949.32007,1.9743
300205.SZ,20261009,4.89,4.92,4.68,4.81,4.86,26667.0,12756.541,-1.0288
300206.SZ,20261009,11.48,11.71,11.23,11.68,11.44,39493.0,45294.372,2.0979
300207.SZ,20261009,20.9,22.14,20.25,20.66,21.5,1571309.56,3313374.71558,-3.907
300209.SZ,20261009,32.09,34.87,29.5,34.46,33.77,706401.0,2289736.09111,2.0432
300210.SZ,20261009,7.32,7.41,6.99,7.21,7.32,94121.46,67058.5419,-1.5027
300211.SZ,20261009,7.41,7.44,7.11,7.35,7.5,170584.75,124163.23249,-2.0
300212.SZ,20261009,7.65,7.78,7.41,7.77,7.64,70214.51,53201.00628,1.7016
300213.SZ,20261009,6.3,6.43,6.05,6.42,6.36,147174.0,91856.694,0.9434
300214.SZ,20261009,9.8,10.46,9.56,10.17,9.72,378381.05,379654.45021,4.6296
300215.SZ,20261009,6.5,6.6,6.3,6.59,6.57,138590.0,89585.699,0.3044
300217.SZ,20261009,3.98,4.08,3.93,4.07,4.0,160794.0,64436.539,1.75
300218.SZ,20261009,12.5,12.68,12.22,12.61,12.56,25602.0,31861.283,0.3981
300219.SZ,20261009,6.47,6.61,6.3,6.59,6.52,141170.2,91099.10356,1.0736
300220.SZ,20261009,11.21,11.29,10.63,11.2,11.27,36488.0,40004.44,-0.6211
300221.SZ,20261009,12.63,12.63,11.74,12.16,12.83,230013.0,278907.133,-5.2221
300222.SZ,20261009,9.28,9.39,8.95,9.35,9.33,172269.04,157880.51721,0.2144
300223.SZ,20261009,118.83,118.92,110.91,117.54,119.74,257283.73,2952743.09518,-1.8373
300224.SZ,20261009,11.41,11.43,10.93,11.31,11.41,129806.51,145156.32334,-0.8764
300225.SZ,20261009,7.99,8.3,7.66,8.27,8.05,301573.41,241595.71825,2.7329
300226.SZ,20261009,16.82,17.87,16.28,17.66,16.71,123961.93,211890.8633,5.6852
300227.SZ,20261009,9.85,9.86,9.23,9.78,9.92,180311.29,171949.03442,-1.4113
300228.SZ,20261009,6.58,6.69,6.48,6.68,6.62,109471.0,72064.284,0.9063
300229.SZ,20261009,12.31,12.97,11.93,12.91,12.31,220894.28,275568.09378,4.8741
300230.SZ,20261009,4.34,4.39,4.24,4.38,4.32,99093.3,42864.5123,1.3889
300231.SZ,20261009,8.14,8.24,7.74,8.2,8.06,110381.0,88174.595,1.737
300232.SZ,20261009,5.28,5.39,5.16,5.37,5.31,129413.0,68224.703,1.1299
300233.SZ,20261009,13.39,13.81,13.2,13.78,13.5,109769.04,148654.08904,2.0741
300234.SZ,20261009,10.17,11.35,9.97,11.35,10.2,224355.11,238489.18183,11.2745
300235.SZ,20261009,12.0,12.1,11.31,12.04,12.03,66587.0,77968.62,0.0831
300236.SZ,20261009,79.98,80.05,75.53,79.05,80.05,59536.5,463714.58763,-1.2492
300237.SZ,20261009,2.36,2.38,2.26,2.33,2.36,193010.91,44631.39728,-1.2712
300238.SZ,20261009,11.6,11.84,11.23,11.82,11.69,41113.0,47327.458,1.1121
300239.SZ,20261009,5.48,5.55,5.35,5.54,5.53,130307.0,71077.508,0.1808
300240.SZ,20261009,6.25,6.26,6.05,6.23,6.23,67807.0,41782.888,0.0
300241.SZ,20261009,5.58,5.64,5.37,5.61,5.63,165823.0,91224.781,-0.3552
300242.SZ,20261009,3.82,3.99,3.69,3.98,3.84,226608.0,86977.225,3.6458
300243.SZ,20261009,19.83,20.0,18.06,18.85,20.34,294464.71,558556.22141,-7.3255
300244.SZ,20261009,19.44,20.63,18.82,20.4,19.73,355056.6,695619.57569,3.3958
300245.SZ,20261009,5.69,5.83,5.48,5.81,5.69,74386.0,41851.223,2.109
300246.SZ,20261009,15.11,15.27,14.5,15.12,15.27,61132.72,91128.70108,-0.9823
300247.SZ,20261009,3.67,3.79,3.64,3.78,3.66,162436.0,60389.838,3.2787
300248.SZ,20261009,8.1,8.43,7.9,8.41,8.1,84113.23,68845.63766,3.8272
300249.SZ,20261009,12.04,12.05,11.31,11.98,12.09,114754.13,134127.31005,-0.9098
300250.SZ,20261009,14.3,14.9,13.86,14.87,14.35,58357.87,84104.72349,3.6237
300251.SZ,20261009,10.55,11.22,10.45,11.1,10.59,527083.71,571876.6223,4.8159
300252.SZ,20261009,11.02,11.11,10.46,11.0,11.15,241071.6,259800.594,-1.3453
300253.SZ,20261009,6.87,7.26,6.8,7.24,6.91,643790.55,454307.23285,4.7757
300254.SZ,20261009,9.14,9.29,8.9,9.28,9.18,113568.0,103317.468,1.0893
300255.SZ,20261009,21.68,22.27,21.18,22.15,21.89,175759.67,383597.6163,1.1878
300256.SZ,20261009,2.54,2.6,2.48,2.6,2.55,210866.57,53577.21085,1.9608
300257.SZ,20261009,16.7,16.74,15.54,16.2,16.74,154925.0,247320.78475,-3.2258
300258.SZ,20261009,8.68,8.69,8.33,8.58,8.75,110706.0,93840.33059,-1.9429
300259.SZ,20261009,3.8,3.83,3.68,3.81,3.81,242996.3,91145.7,0.0
300260.SZ,20261009,49.73,49.88,45.35,48.47,49.82,149602.86,709197.38995,-2.7098
300261.SZ,20261009,4.81,4.92,4.75,4.9,4.85,100612.0,48647.532,1.0309
300263.SZ,20261009,9.37,9.4,8.7,9.16,9.43,407928.84,367659.24068,-2.8632
300264.SZ,20261009,5.85,5.96,5.6,5.91,5.83,134964.9,78107.91575,1.3722
300265.SZ,20261009,11.81,11.91,11.29,11.86,11.89,140212.32,162566.54456,-0.2523
300266.SZ,20261009,1.85,1.89,1.8,1.88,1.86,208491.58,38445.56446,1.0753
300267.SZ,20261009,3.22,3.36,3.16,3.36,3.23,464175.63,152378.18628,4.0248
300268.SZ,20261009,11.73,11.75,11.2,11.58,11.72,23059.0,26563.38697,-1.1945
300269.SZ,20261009,4.54,4.55,4.29,4.54,4.48,234616.0,103522.295,1.3393
300270.SZ,20261009,10.13,10.55,9.82,10.5,10.13,104073.0,105850.771,3.6525
300271.SZ,20261009,5.65,5.87,5.43,5.86,5.61,216046.0,122780.841,4.4563
300272.SZ,20261009,5.97,6.11,5.88,6.1,6.02,109866.99,65866.24533,1.3289
300274.SZ,20261009,80.1,81.36,78.0,80.68,80.49,465543.1,3717344.86805,0.2361
300275.SZ,20261009,8.77,8.91,8.46,8.89,8.81,49816.8,43319.9424,0.9081
300276.SZ,20261009,5.92,5.99,5.67,5.94,5.94,257643.92,150866.83783,0.0
300277.SZ,20261009,12.95,13.28,12.3,13.26,12.95,301633.22,385634.7195,2.3938
300278.SZ,20261009,3.39,3.46,3.29,3.46,3.41,192552.36,64937.84116,1.4663
300279.SZ,20261009,5.6,5.71,5.26,5.68,5.6,175558.34,95899.1191,1.4286
300281.SZ,20261009,6.85,6.93,6.59,6.88,6.87,66077.5,44586.1075,0.1456
300283.SZ,20261009,12.31,12.33,11.35,11.91,12.43,369337.0,434960.81,-4.1834
300284.SZ,20261009,5.13,5.19,5.05,5.18,5.11,127380.0,65187.843,1.3699
300285.SZ,20261009,58.3,58.45,51.82,56.04,60.2,1024656.66,5592227.7754,-6.9103
300286.SZ,20261009,18.6,18.78,18.02,18.75,18.55,40376.35,74103.71695,1.0782
300287.SZ,20261009,3.42,3.6,3.39,3.58,3.44,353634.48,124056.07808,4.0698
300288.SZ,20261009,9.54,9.8,9.23,9.78,9.45,47230.0,44869.755,3.4921
300289.SZ,20261009,5.98,6.13,5.89,6.12,6.03,72599.0,43699.156,1.4925
300290.SZ,20261009,6.49,6.98,6.36,6.9,6.51,310488.0,206196.782,5.9908
300291.SZ,20261009,4.83,5.32,4.66,5.25,4.84,803075.23,402289.66614,8.4711
300292.SZ,20261009,4.25,4.3,4.1,4.29,4.28,388476.52,163151.64092,0.2336
300293.SZ,20261009,13.6,13.6,13.0,13.54,13.55,33995.0,45206.783,-0.0738
300294.SZ,20261009,14.69,14.91,14.44,14.88,14.66,63478.0,93485.418,1.5007
300295.SZ,20261009,11.77,12.03,11.51,11.98,11.81,21660.0,25539.079,1.4395
300296.SZ,20261009,4.6,4.68,4.51,4.67,4.61,417760.03,192378.55077,1.3015
300298.SZ,20261009,15.94,16.75,15.94,16.68,16.0,87264.87,143178.82701,4.25
300299.SZ,20261009,5.26,5.48,5.1,5.44,5.22,211347.8,111849.0216,4.2146
300300.SZ,20261009,10.41,11.0,9.9,10.8,10.45,1301419.82,1364250.54641,3.3493
300301.SZ,20261009,4.17,4.2,4.01,4.13,4.16,161135.02,65870.58826,-0.7212
300302.SZ,20261009,24.64,24.97,23.46,24.8,24.97,158233.86,382744.60957,-0.6808
300303.SZ,20261009,6.2,6.28,6.03,6.24,6.24,327947.34,201951.26349,0.0
300304.SZ,20261009,12.26,12.26,11.52,12.0,12.21,205623.01,243319.84534,-1.7199
300305.SZ,20261009,6.4,6.4,6.02,6.3,6.47,174373.0,108093.321,-2.6275
300306.SZ,20261009,10.21,10.39,9.92,10.35,10.29,27158.0,27575.106,0.5831
300307.SZ,20261009,6.8,6.86,6.61,6.83,6.81,134773.05,90847.5381,0.2937
300308.SZ,20261009,775.64,780.0,730.0,775.29,783.0,279337.21,21091586.5833,-0.9847
300310.SZ,20261009,4.17,4.31,4.07,4.31,4.18,183509.45,77015.11975,3.11
300311.SZ,20261009,5.85,6.52,5.69,6.45,5.92,1095617.25,676244.3781,8.9527
300313.SZ,20261009,12.21,13.91,12.12,13.11,12.21,340281.0,445390.52858,7.371
300314.SZ,20261009,12.59,12.96,12.25,12.86,12.72,66994.0,84291.428,1.1006
300315.SZ,20261009,3.82,4.0,3.8,3.97,3.82,691432.38,269347.53618,3.9267
300316.SZ,20261009,35.3,35.78,34.0,35.66,35.29,140487.8,488541.35465,1.0485
300317.SZ,20261009,4.05,4.12,3.91,4.11,4.07,438467.5,175927.52828,0.9828
300318.SZ,20261009,5.15,5.3,5.07,5.3,5.17,106795.01,55585.55828,2.5145
300319.SZ,20261009,17.51,17.53,16.08,16.97,17.56,701511.83,1172777.90654,-3.3599
300320.SZ,20261009,8.25,8.41,8.12,8.35,8.25,46522.0,38385.219,1.2121
300321.SZ,20261009,30.66,32.05,28.79,31.8,30.96,63644.37,194670.99312,2.7132
300322.SZ,20261009,15.5,15.54,14.58,15.4,15.61,192209.56,289322.43514,-1.3453
300323.SZ,20261009,9.9,9.94,9.18,9.58,9.96,595252.2,566367.85491,-3.8153
300324.SZ,20261009,3.59,3.73,3.44,3.72,3.6,765851.81,274479.5067,3.3333
300326.SZ,20261009,6.11,6.11,5.93,6.07,6.13,84051.79,50734.87221,-0.9788
300327.SZ,20261009,23.44,23.93,22.52,23.7,23.78,100788.77,234922.5618,-0.3364
300328.SZ,20261009,11.76,11.76,11.14,11.6,11.68,184240.43,210618.76703,-0.6849
300329.SZ,20261009,11.38,11.52,11.02,11.45,11.41,27272.0,30634.716,0.3506
300331.SZ,20261009,40.64,41.17,37.16,39.45,40.88,114071.12,444898.88178,-3.498
300332.SZ,20261009,5.01,5.01,4.84,4.97,5.02,254658.04,125220.1298,-0.996
300333.SZ,20261009,11.12,11.99,10.66,11.89,11.21,293961.66,335423.25022,6.066
300334.SZ,20261009,8.37,8.38,7.86,8.22,8.39,85315.0,69144.521,-2.0262
300335.SZ,20261009,5.62,5.63,5.36,5.56,5.62,130984.0,71782.651,-1.0676
300337.SZ,20261009,8.83,8.92,8.59,8.89,8.87,133930.29,117614.18094,0.2255
300338.SZ,20261009,2.5,2.56,2.35,2.53,2.48,112533.0,27525.796,2.0161
300339.SZ,20261009,34.01,34.89,33.66,34.78,34.3,165020.37,567951.59874,1.3994
300340.SZ,20261009,9.2,11.1,9.13,10.72,9.25,644012.06,669399.50897,15.8919
300341.SZ,20261009,12.54,12.64,12.08,12.59,12.54,52660.0,65084.315,0.3987
300342.SZ,20261009,29.98,30.38,28.15,29.5,30.06,140482.5,408493.01398,-1.8629
300343.SZ,20261009,5.17,5.56,5.1,5.4,5.18,238339.03,128608.81379,4.2471
300345.SZ,20261009,6.26,6.4,5.96,6.34,6.31,296329.0,182796.561,0.4754
300346.SZ,20261009,47.23,47.5,44.44,46.5,47.59,254516.64,1168398.83387,-2.2904
300347.SZ,20261009,55.0,55.65,52.8,55.18,55.47,112820.43,610549.17872,-0.5228
300348.SZ,20261009,9.02,9.45,8.82,9.42,9.02,172784.0,158273.357,4.4346
300349.SZ,20261009,9.93,10.1,9.66,10.06,9.96,75242.0,74213.85316,1.004
300350.SZ,20261009,4.89,4.93,4.69,4.89,4.93,279109.99,134069.31916,-0.8114
300351.SZ,20261009,13.33,13.46,12.65,13.28,13.31,65650.0,85383.49,-0.2254
300352.SZ,20261009,2.82,2.9,2.69,2.88,2.82,282448.47,78858.3869,2.1277
300353.SZ,20261009,15.8,16.21,15.45,16.16,15.85,104012.82,164804.47035,1.9558
300354.SZ,20261009,27.0,27.39,26.11,27.13,26.91,16269.91,43452.00803,0.8175
300355.SZ,20261009,2.75,2.79,2.71,2.78,2.74,142327.0,39098.828,1.4599
300357.SZ,20261009,19.75,20.09,19.45,19.99,19.78,60019.02,119050.05443,1.0617
300358.SZ,20261009,9.36,9.5,9.06,9.47,9.39,338125.96,312116.75902,0.852
300359.SZ,20261009,4.03,4.2,3.88,4.2,4.06,171709.0,69264.739,3.4483
300360.SZ,20261009,11.13,11.24,11.03,11.2,11.13,41181.99,45929.56215,0.6289
300363.SZ,20261009,23.29,23.75,22.62,23.68,23.49,188547.28,437662.64347,0.8089
300364.SZ,20261009,20.37,24.47,20.11,24.47,20.39,831570.26,1850122.25523,20.0098
300365.SZ,20261009,4.45,4.56,4.31,4.54,4.48,139193.0,61785.353,1.3393
300366.SZ,20261009,5.43,5.44,5.22,5.4,5.41,67604.67,36001.74279,-0.1848
300368.SZ,20261009,9.01,9.84,8.36,9.65,8.89,634701.03,587368.39758,8.5489
300369.SZ,20261009,8.69,10.43,8.53,10.43,8.69,1056408.63,1006656.8124,20.023
300370.SZ,20261009,2.07,2.12,2.02,2.11,2.07,257169.2,53080.3156,1.9324
300371.SZ,20261009,9.98,10.08,9.56,10.02,10.09,27457.0,26986.841,-0.6938
300373.SZ,20261009,85.05,86.1,81.39,83.48,81.0,176639.69,1479951.71876,3.0617
300374.SZ,20261009,10.11,10.2,9.8,10.17,10.18,49410.0,49318.135,-0.0982
300375.SZ,20261009,4.06,4.12,3.95,4.11,4.05,95772.71,38614.69287,1.4815
300376.SZ,20261009,4.09,4.17,4.03,4.15,4.11,196245.0,80755.877,0.9732
300377.SZ,20261009,12.72,13.6,12.33,13.5,12.8,353815.14,462097.04313,5.4688
300378.SZ,20261009,34.85,38.35,33.8,38.2,34.88,183468.21,660432.97755,9.5183
300380.SZ,20261009,26.67,28.03,25.69,27.91,26.74,32484.33,87378.21319,4.3755
300381.SZ,20261009,5.61,5.69,5.49,5.67,5.61,85281.0,47627.472,1.0695
300382.SZ,20261009,13.07,13.2,12.0,13.0,13.21,299529.3,379010.39597,-1.5897
300383.SZ,20261009,10.25,10.42,9.96,10.33,10.27,400961.38,408895.67009,0.5842
300384.SZ,20261009,11.76,12.0,11.57,11.98,11.76,21281.9,25091.3389,1.8707
300385.SZ,20261009,12.62,12.63,12.12,12.26,12.5,32139.68,39479.2006,-1.92
300386.SZ,20261009,10.53,11.17,10.25,11.09,10.6,87222.84,94040.20108,4.6226
300387.SZ,20261009,7.4,7.54,7.24,7.54,7.43,57551.0,42625.54,1.4805
300388.SZ,20261009,6.7,6.81,6.67,6.8,6.73,45312.97,30537.1888,1.0401
300389.SZ,20261009,12.5,12.68,12.13,12.62,12.61,45910.0,57066.281,0.0793
300390.SZ,20261009,50.68,51.84,48.52,49.85,50.47,409880.51,2055150.9547,-1.2285
300393.SZ,20261009,5.71,5.88,5.55,5.83,5.73,158563.0,90709.8496,1.7452
300394.SZ,20261009,227.79,237.87,223.8,235.04,235.07,322225.63,7467916.88975,-0.0128
300395.SZ,20261009,88.55,89.0,81.06,83.51,90.44,216601.09,1820604.12145,-7.6625
300396.SZ,20261009,7.08,7.3,7.03,7.29,7.05,40067.8,28881.5808,3.4043
300397.SZ,20261009,10.35,10.4,9.69,10.21,10.45,246861.79,247368.02363,-2.2967
300398.SZ,20261009,31.47,31.5,28.63,30.25,31.72,338120.91,1010171.99895,-4.6343
300399.SZ,20261009,18.67,19.59,17.95,19.53,18.67,53115.0,99950.445,4.6063
300400.SZ,20261009,30.5,30.71,27.34,28.68,30.68,142348.0,406614.81,-6.5189
300401.SZ,20261009,15.22,15.25,13.83,14.65,15.17,352109.0,503836.0535,-3.4278
300402.SZ,20261009,14.6,14.74,14.28,14.66,14.56,24496.0,35657.138,0.6868
300403.SZ,20261009,8.51,8.6,8.19,8.57,8.5,78464.0,65700.21404,0.8235
300404.SZ,20261009,13.75,14.24,13.03,14.11,13.92,411672.72,560129.29176,1.3649
300405.SZ,20261009,5.88,5.91,5.57,5.83,5.88,106536.5,61134.03274,-0.8503
300406.SZ,20261009,11.9,12.14,11.77,12.14,11.94,58570.0,70156.77,1.675
300407.SZ,20261009,10.89,11.02,10.26,10.73,10.89,76603.0,81038.956,-1.4692
300408.SZ,20261009,114.71,115.15,105.0,111.81,116.3,445915.28,4873600.99379,-3.8607
300409.SZ,20261009,17.25,18.38,17.21,18.23,17.37,496189.87,896247.24628,4.9511
300410.SZ,20261009,8.35,8.45,7.91,8.26,8.45,229760.91,187183.80439,-2.2485
300411.SZ,20261009,8.2,8.41,7.92,8.37,8.22,72418.0,58834.349,1.8248
300412.SZ,20261009,4.53,4.54,4.32,4.54,4.53,95583.7,42379.4635,0.2208
300413.SZ,20261009,19.25,23.0,18.79,23.0,19.17,1141206.62,2384983.29123,19.9791
300414.SZ,20261009,10.38,10.57,10.02,10.53,10.46,59725.28,61488.08669,0.6692
300415.SZ,20261009,18.76,18.92,18.42,18.82,18.75,46757.54,87443.05275,0.3733
300416.SZ,20261009,13.38,13.43,12.93,13.39,13.31,109154.59,143829.6329,0.6011
300417.SZ,20261009,11.95,12.02,11.21,11.88,11.95,39505.4,45853.552,-0.5858
300418.SZ,20261009,38.06,41.38,37.12,41.15,38.36,595487.43,2338896.92186,7.2732
300419.SZ,20261009,7.71,7.87,7.38,7.85,7.71,49013.4,37371.8844,1.8158
300420.SZ,20261009,6.94,6.96,6.32,6.73,6.96,566733.13,375494.36493,-3.3046
300421.SZ,20261009,16.19,16.19,14.82,15.82,16.08,73630.0,113068.182,-1.6169
300422.SZ,20261009,4.05,4.11,3.95,4.1,4.09,78329.54,31642.55986,0.2445
300423.SZ,20261009,5.47,5.47,5.21,5.42,5.48,69045.0,36815.644,-1.0949
300424.SZ,20261009,12.59,12.63,12.09,12.6,12.59,102110.75,126214.97107,0.0794
300425.SZ,20261009,4.08,4.15,4.03,4.14,4.08,73340.0,29994.199,1.4706
300426.SZ,20261009,7.86,8.22,7.34,8.2,7.79,394566.65,305465.07315,5.2632
300427.SZ,20261009,6.04,6.1,5.7,6.07,6.05,296762.0,175331.86,0.3306
300428.SZ,20261009,18.91,19.13,18.57,18.98,18.84,63352.21,119590.6088,0.7431
300429.SZ,20261009,10.24,10.25,9.65,10.14,10.24,166641.97,165636.03125,-0.9766
300430.SZ,20261009,4.08,4.17,3.98,4.14,4.08,103006.0,41947.246,1.4706
300432.SZ,20261009,12.92,13.41,12.68,13.23,13.04,493677.96,645879.04913,1.4571
300433.SZ,20261009,29.86,29.86,28.16,28.41,30.04,920561.0,2648978.70364,-5.4261
300434.SZ,20261009,12.2,13.46,12.09,13.46,12.41,540598.78,700236.43163,8.4609
300435.SZ,20261009,15.75,15.88,15.28,15.73,15.89,55704.0,86736.443,-1.0069
300436.SZ,20261009,80.2,82.76,76.0,81.47,79.98,31021.4,245841.95986,1.863
300437.SZ,20261009,10.8,11.11,10.67,11.03,10.82,100563.54,109661.46308,1.9409
300438.SZ,20261009,49.02,52.01,48.1,50.37,49.38,426542.74,2136210.27176,2.0049
300439.SZ,20261009,10.07,10.36,9.96,10.31,10.17,46566.0,47140.533,1.3766
300440.SZ,20261009,16.25,16.87,16.01,16.74,16.35,84695.0,139447.745,2.3853
300441.SZ,20261009,6.99,7.11,6.89,7.11,7.07,51364.19,35983.65097,0.5658
300442.SZ,20261009,62.0,62.0,55.92,58.63,62.43,348266.17,2017146.957,-6.0868
300443.SZ,20261009,21.24,21.71,19.67,19.93,21.52,188300.02,391395.44903,-7.3885
300444.SZ,20261009,8.5,8.62,8.2,8.59,8.5,166063.0,139861.59,1.0588
300445.SZ,20261009,17.91,18.09,17.1,17.99,18.01,28891.0,50767.136,-0.111
300446.SZ,20261009,12.3,12.48,12.11,12.43,12.37,57746.95,71106.22845,0.485
300447.SZ,20261009,13.75,13.85,13.23,13.68,13.86,36540.1,49461.7533,-1.2987
300448.SZ,20261009,5.26,5.47,5.08,5.45,5.31,167743.5,88419.114,2.6365
300449.SZ,20261009,6.38,6.65,6.16,6.61,6.42,157920.18,101354.99976,2.9595
300450.SZ,20261009,36.9,38.99,36.39,36.73,37.59,1540355.28,5753272.8524,-2.2878
300451.SZ,20261009,3.43,3.59,3.36,3.57,3.44,306465.45,106765.04075,3.7791
300452.SZ,20261009,13.3,13.55,13.12,13.55,13.39,64375.61,85824.74333,1.1949
300453.SZ,20261009,9.05,9.17,9.02,9.17,9.05,55890.3,50851.376,1.326
300454.SZ,20261009,126.0,139.85,123.68,138.96,127.9,194308.52,2546524.13862,8.6474
300455.SZ,20261009,16.39,16.7,15.68,16.33,16.43,79171.67,127712.71802,-0.6086
300456.SZ,20261009,32.58,33.16,31.0,31.88,33.06,292465.27,934646.38572,-3.5693
300457.SZ,20261009,21.78,23.2,21.75,22.72,21.9,327810.17,736947.39218,3.7443
300458.SZ,20261009,30.25,31.34,29.27,30.61,30.18,438048.48,1326085.27523,1.4248
300459.SZ,20261009,3.41,3.62,3.38,3.61,3.41,1241785.3,435386.29208,5.8651
300460.SZ,20261009,8.8,8.81,8.35,8.62,8.75,64894.0,55620.575,-1.4857
300461.SZ,20261009,37.0,37.37,34.4,36.48,37.51,119486.0,426822.6406,-2.7459
300462.SZ,20261009,11.66,11.88,11.02,11.38,11.66,19602.0,22157.598,-2.4014
300463.SZ,20261009,9.37,9.59,9.27,9.58,9.42,56343.17,53112.88629,1.6985
300464.SZ,20261009,9.48,9.59,8.7,9.35,9.53,229965.0,210903.573,-1.8888
300465.SZ,20261009,10.83,11.3,10.5,11.24,10.84,108652.68,119140.72016,3.69
300466.SZ,20261009,7.19,7.3,6.96,7.26,7.2,52144.0,37174.709,0.8333
300467.SZ,20261009,32.17,34.18,31.3,34.06,32.17,49548.02,163706.43322,5.875
300468.SZ,20261009,19.8,20.75,19.18,20.75,19.9,251777.39,504029.16084,4.2714
300469.SZ,20261009,50.59,50.6,47.24,50.23,50.67,52257.85,255325.73167,-0.8684
300470.SZ,20261009,27.31,27.62,27.07,27.56,27.25,14200.0,38889.767,1.1376
300471.SZ,20261009,10.1,10.2,9.76,10.2,10.11,97282.0,97276.162,0.8902
300472.SZ,20261009,6.75,7.1,6.7,7.08,6.76,47660.0,33185.736,4.7337
300473.SZ,20261009,36.9,37.26,34.35,35.85,36.85,129585.0,460703.367,-2.7137
300474.SZ,20261009,49.16,50.5,48.95,50.27,49.1,67569.38,336275.05741,2.3829
300475.SZ,20261009,140.0,141.6,130.6,135.09,144.98,303092.44,4102161.43154,-6.8216
300476.SZ,20261009,204.0,204.99,190.05,202.69,206.23,270228.93,5336501.0121,-1.7165
300477.SZ,20261009,2.76,2.84,2.69,2.78,2.77,269894.0,74985.90529,0.361
300478.SZ,20261009,31.0,32.0,29.0,30.79,32.3,61385.0,186024.911,-4.6749
300479.SZ,20261009,14.56,15.01,14.08,14.98,14.54,47081.0,68395.976,3.0261
300480.SZ,20261009,28.58,29.18,26.95,28.48,28.93,120828.87,338738.51094,-1.5555
300481.SZ,20261009,13.27,13.61,12.82,13.31,13.35,75623.3,98929.65366,-0.2996
300482.SZ,20261009,16.3,16.85,16.18,16.74,16.68,76895.9,127061.07649,0.3597
300483.SZ,20261009,24.5,24.55,23.52,24.2,24.5,120958.0,288731.597,-1.2245
300484.SZ,20261009,12.68,12.94,12.35,12.93,12.79,28470.64,36021.01508,1.0946
300485.SZ,20261009,8.31,8.62,8.15,8.57,8.38,48041.56,40424.8466,2.2673
300486.SZ,20261009,17.0,17.1,16.35,16.99,16.96,58294.23,97549.16074,0.1769
300487.SZ,20261009,64.38,66.42,64.16,65.46,64.77,35119.29,229290.0945,1.0653
300488.SZ,20261009,34.19,34.4,31.88,33.88,34.51,47575.47,157177.10422,-1.8256
300489.SZ,20261009,256.04,284.0,255.01,278.82,263.0,165121.95,4506745.36425,6.0152
300490.SZ,20261009,11.08,11.44,10.78,11.26,11.02,458440.47,511120.01684,2.1779
300491.SZ,20261009,31.61,31.82,27.13,28.9,32.17,206981.96,594450.26816,-10.1647
300492.SZ,20261009,20.31,20.63,19.48,20.43,20.3,33966.19,67970.2467,0.6404
300493.SZ,20261009,11.99,12.43,11.62,12.14,12.06,139793.91,167575.08707,0.6633
300494.SZ,20261009,7.94,8.2,7.69,8.18,7.91,86689.0,69138.047,3.4134
300496.SZ,20261009,51.76,53.1,50.6,52.92,51.76,72942.55,377944.47779,2.2411
300497.SZ,20261009,18.01,18.51,17.6,18.43,18.24,468336.38,849715.58578,1.0417
300498.SZ,20261009,14.91,15.08,14.79,14.9,14.87,279136.38,417373.47635,0.2017
300499.SZ,20261009,29.72,29.84,26.92,28.68,29.91,259114.79,725981.14068,-4.1123
300500.SZ,20261009,9.75,9.76,9.19,9.66,9.69,40186.0,38079.021,-0.3096
300501.SZ,20261009,11.35,11.72,11.14,11.5,11.48,140322.48,160738.31779,0.1742
300502.SZ,20261009,373.01,375.0,350.1,370.2,378.5,402179.54,14618857.2272,-2.1929
300503.SZ,20261009,58.17,58.5,54.6,58.12,58.25,97308.52,548615.2098,-0.2232
300504.SZ,20261009,16.5,16.54,15.25,16.2,16.53,81938.0,130108.76678,-1.9964
300505.SZ,20261009,18.08,18.6,17.87,18.52,17.99,115966.16,211519.66984,2.9461
300506.SZ,20261009,4.83,4.99,4.63,4.78,4.82,137778.25,65721.6956,-0.8299
300507.SZ,20261009,6.2,6.32,6.0,6.29,6.21,100668.53,62100.71818,1.2882
300508.SZ,20261009,34.88,34.88,32.3,34.47,34.76,26952.68,90491.1334,-0.8343
300509.SZ,20261009,8.72,8.81,8.42,8.8,8.75,54563.26,47073.11979,0.5714
300510.SZ,20261009,3.43,3.55,3.35,3.53,3.46,260904.0,90017.137,2.0231
300511.SZ,20261009,4.79,4.98,4.74,4.97,4.8,202768.68,98618.89928,3.5417
300512.SZ,20261009,7.38,7.39,7.05,7.32,7.37,41691.5,30125.048,-0.6784
300513.SZ,20261009,7.38,7.45,7.06,7.42,7.38,56254.0,40830.718,0.542
300514.SZ,20261009,10.33,10.33,9.91,10.21,10.32,30669.0,31022.843,-1.0659
300515.SZ,20261009,15.99,16.24,15.38,16.21,16.02,43468.0,68568.572,1.186
300516.SZ,20261009,33.15,34.78,30.93,33.15,33.37,67745.34,220661.88568,-0.6593
300517.SZ,20261009,11.19,11.19,10.59,11.17,11.09,45854.6,49892.6046,0.7214
300518.SZ,20261009,25.4,25.94,21.6,25.39,25.4,126208.96,303362.01422,-0.0394
300519.SZ,20261009,14.84,15.16,14.53,15.16,14.85,47130.0,70034.201,2.0875
300520.SZ,20261009,21.36,22.43,20.3,22.31,21.61,124387.2,264681.43538,3.2392
300521.SZ,20261009,23.52,23.57,22.01,22.75,23.42,24992.0,56755.35,-2.8608
300522.SZ,20261009,16.32,17.45,15.79,16.59,16.56,713451.13,1189267.73807,0.1812
300523.SZ,20261009,23.1,23.61,22.06,23.47,23.18,54956.91,125230.38098,1.2511
300525.SZ,20261009,7.56,7.85,7.41,7.81,7.54,154456.66,118331.82357,3.5809
300527.SZ,20261009,7.4,7.43,7.22,7.43,7.42,130898.95,95887.11469,0.1348
300528.SZ,20261009,12.6,13.63,12.42,13.5,12.71,158946.7,207898.47514,6.2156
300529.SZ,20261009,15.04,15.2,14.95,15.12,15.0,61713.37,93185.5298,0.8
300530.SZ,20261009,26.41,28.9,25.77,28.9,24.08,258655.07,722835.17603,20.0166
300531.SZ,20261009,15.31,16.56,15.23,16.39,15.32,220823.21,352864.89235,6.9843
300532.SZ,20261009,7.27,7.41,7.07,7.4,7.27,88697.2,64131.03002,1.7882
300533.SZ,20261009,13.64,14.23,13.32,14.13,13.72,53898.94,74350.8409,2.9883
300534.SZ,20261009,12.09,12.64,11.52,12.52,12.22,346071.5,418168.358,2.455
300535.SZ,20261009,15.61,15.82,14.78,15.55,15.68,25001.34,38205.19612,-0.8291
300536.SZ,20261009,7.98,8.02,7.54,8.01,7.98,57568.0,44731.79306,0.3759
300537.SZ,20261009,19.08,19.18,17.8,18.71,19.28,76802.0,141621.406,-2.9564
300538.SZ,20261009,13.73,14.11,12.91,13.92,13.82,54487.62,73515.20986,0.7236
300539.SZ,20261009,16.8,16.93,15.7,16.46,16.92,72327.0,117312.53,-2.7187
300540.SZ,20261009,24.54,24.57,23.1,23.87,24.54,85308.4,201693.9074,-2.7302
300541.SZ,20261009,9.11,9.5,8.97,9.47,9.15,76788.13,70855.27411,3.4973
300542.SZ,20261009,11.92,12.49,11.58,12.43,11.92,62532.35,75628.72195,4.2785
300543.SZ,20261009,7.64,7.68,7.3,7.62,7.64,50155.21,37601.01936,-0.2618
300545.SZ,20261009,25.01,25.2,23.72,24.79,25.18,76356.79,186354.52571,-1.5488
300546.SZ,20261009,16.7,17.5,16.16,17.43,16.71,57718.93,98169.62679,4.3088
300547.SZ,20261009,22.62,22.73,21.02,22.09,22.61,53215.0,115786.544,-2.2999
300548.SZ,20261009,187.78,192.64,180.0,190.08,190.44,170489.4,3198975.6486,-0.189
300549.SZ,20261009,14.81,14.89,14.1,14.76,14.83,24585.0,35717.38,-0.472
300550.SZ,20261009,14.03,14.22,12.85,13.95,13.85,80498.75,108400.082,0.722
300551.SZ,20261009,11.22,11.73,10.74,11.7,11.29,95598.0,107221.816,3.6315
300552.SZ,20261009,19.75,20.21,19.1,20.19,19.9,33938.8,66770.86777,1.4573
300553.SZ,20261009,52.99,53.02,46.76,49.65,53.22,59528.76,292790.4574,-6.708
300554.SZ,20261009,21.51,21.75,20.41,21.58,21.68,48214.0,102022.638,-0.4613
300555.SZ,20261009,12.31,12.31,12.01,12.12,12.28,11468.0,13898.188,-1.3029
300556.SZ,20261009,15.86,16.25,15.25,16.25,15.92,44803.37,70676.92936,2.0729
300557.SZ,20261009,23.6,23.6,22.41,23.38,23.66,23496.14,54015.85374,-1.1834
300558.SZ,20261009,47.84,48.84,46.48,48.43,47.85,112099.57,531723.19344,1.2121
300559.SZ,20261009,12.61,12.84,12.22,12.7,12.63,63195.0,79130.295,0.5542
300560.SZ,20261009,14.74,15.3,13.95,15.29,14.86,131600.0,191274.229,2.8937
300561.SZ,20261009,13.67,14.65,13.37,14.52,13.75,198832.49,280331.49381,5.6
300562.SZ,20261009,14.6,15.18,13.72,15.05,14.59,183971.0,263285.6231,3.1528
300563.SZ,20261009,23.44,23.5,21.41,22.61,23.7,74095.39,165398.91174,-4.5992
300564.SZ,20261009,12.7,12.7,12.01,12.56,12.62,24221.53,29879.54691,-0.4754
300565.SZ,20261009,9.62,9.73,9.22,9.72,9.7,76922.3,72968.52354,0.2062
300566.SZ,20261009,22.08,22.32,20.62,21.54,22.33,139602.45,298115.21014,-3.5378
300567.SZ,20261009,174.66,174.96,159.49,168.22,175.19,62267.86,1035862.21724,-3.9785
300568.SZ,20261009,15.56,15.95,15.16,15.69,15.62,651712.51,1017376.02295,0.4481
300569.SZ,20261009,5.18,5.45,5.07,5.24,5.18,511453.91,267303.84504,1.1583
300570.SZ,20261009,195.0,202.47,184.82,193.4,199.0,142918.93,2770891.01019,-2.8141
300571.SZ,20261009,26.0,26.11,24.3,26.05,26.07,59002.0,148720.55769,-0.0767
300572.SZ,20261009,23.2,23.2,21.6,22.55,23.27,50179.16,111755.44956,-3.0941
300573.SZ,20261009,35.6,35.9,35.23,35.55,35.66,43851.24,155680.77117,-0.3085
300575.SZ,20261009,6.09,6.19,5.98,6.19,6.11,111614.87,68136.9427,1.3093
300576.SZ,20261009,25.87,25.87,24.08,25.04,25.78,118698.24,295180.74412,-2.8704
300577.SZ,20261009,18.23,18.27,17.54,18.1,18.23,24747.0,44291.872,-0.7131
300578.SZ,20261009,14.8,15.1,13.94,15.05,14.76,50234.0,72670.758,1.9648
300579.SZ,20261009,22.59,24.75,22.07,24.56,22.64,99024.0,233955.6072,8.4806
300580.SZ,20261009,17.3,17.37,16.65,17.18,17.35,108356.0,184053.86253,-0.9798
300581.SZ,20261009,9.98,9.99,9.47,9.88,9.91,87982.86,85132.09683,-0.3027
300582.SZ,20261009,10.24,10.4,9.91,10.38,10.31,64219.0,65327.44522,0.679
300583.SZ,20261009,13.72,13.96,13.34,13.93,13.8,52471.7,71539.1651,0.942
300584.SZ,20261009,33.01,34.25,31.85,33.52,33.8,92388.85,306928.57225,-0.8284
300585.SZ,20261009,13.68,13.95,13.04,13.86,13.7,75963.0,102158.123,1.1679
300586.SZ,20261009,8.47,8.54,7.98,8.3,8.55,225137.39,185078.13659,-2.924
300587.SZ,20261009,4.54,4.78,4.46,4.77,4.54,253783.51,116932.34995,5.0661
300588.SZ,20261009,20.2,20.68,19.62,20.65,20.2,35861.0,72154.696,2.2277
300589.SZ,20261009,13.58,13.69,12.59,13.13,13.57,184219.19,239074.01184,-3.2424
300590.SZ,20261009,10.95,11.05,10.41,11.03,11.02,132417.5,142193.28261,0.0907
300591.SZ,20261009,6.15,6.17,5.84,6.15,6.15,121101.0,72705.378,0.0
300592.SZ,20261009,18.0,18.17,17.12,17.65,18.15,114251.0,201466.1048,-2.7548
300593.SZ,20261009,27.71,28.14,25.56,26.41,28.15,180434.8,475939.38477,-6.1812
300594.SZ,20261009,15.09,15.09,14.44,14.86,15.07,19227.0,28270.166,-1.3935
300595.SZ,20261009,10.03,10.33,10.02,10.31,10.06,84308.52,85893.62197,2.4851
300596.SZ,20261009,39.68,40.89,39.1,40.63,39.76,29402.5,118279.944,2.1881
300597.SZ,20261009,7.9,8.02,7.6,8.01,7.95,41011.03,32052.81482,0.7547
300598.SZ,20261009,29.54,30.6,28.54,30.48,29.55,70274.49,207997.19911,3.1472
300599.SZ,20261009,14.13,14.5,12.46,13.52,15.58,396262.14,525414.72092,-13.2221
300600.SZ,20261009,10.01,10.16,9.51,9.96,10.08,65147.74,63552.09632,-1.1905
300601.SZ,20261009,13.2,13.49,12.78,13.44,13.23,250144.54,328961.25992,1.5873
300602.SZ,20261009,33.32,33.5,30.88,32.65,33.54,166857.77,535442.15306,-2.6535
300603.SZ,20261009,7.58,7.83,7.34,7.79,7.65,122271.72,92445.81978,1.8301
300604.SZ,20261009,227.17,229.5,212.08,228.0,228.5,209102.14,4622383.28934,-0.2188
300605.SZ,20261009,10.52,10.75,9.97,10.75,10.47,78423.73,81254.02722,2.6743
300606.SZ,20261009,30.97,30.97,27.89,30.25,30.91,80026.0,234743.894,-2.1352
300607.SZ,20261009,28.58,29.23,27.53,29.03,28.85,161428.21,457817.43959,0.6239
300608.SZ,20261009,9.86,9.97,9.3,9.93,9.8,109221.28,105456.06153,1.3265
300609.SZ,20261009,22.5,23.02,21.3,22.95,22.58,38083.0,83926.44281,1.6386
300610.SZ,20261009,10.55,10.73,10.31,10.52,10.55,46947.0,49259.203,-0.2844
300611.SZ,20261009,26.81,27.05,25.91,26.75,26.93,29477.0,78096.60624,-0.6684
300612.SZ,20261009,11.93,12.53,11.43,12.53,11.92,77142.99,92903.81546,5.1174
300613.SZ,20261009,72.5,76.75,70.88,75.18,72.39,208683.37,1545503.07527,3.8541
300614.SZ,20261009,10.09,10.44,9.66,10.26,10.38,40610.0,40647.135,-1.1561
300615.SZ,20261009,12.66,12.66,11.85,12.54,12.69,82116.0,100745.711,-1.182
300616.SZ,20261009,10.91,10.96,10.41,10.92,10.89,51238.0,54825.228,0.2755
300617.SZ,20261009,34.19,34.19,32.45,34.07,34.22,34451.0,114895.06,-0.4383
300618.SZ,20261009,30.35,31.47,30.32,31.3,30.64,47256.28,146713.17844,2.154
300619.SZ,20261009,27.2,30.6,26.86,28.5,28.17,322105.36,907544.11962,1.1715
300620.SZ,20261009,248.98,254.8,236.82,246.8,250.95,82921.18,2043672.7768,-1.6537
300621.SZ,20261009,7.1,7.1,6.66,7.04,7.1,53874.0,37051.8155,-0.8451
300622.SZ,20261009,14.15,14.76,13.8,14.67,14.15,87376.17,124791.5322,3.6749
300623.SZ,20261009,30.82,31.79,29.46,31.33,30.95,248878.06,765192.44339,1.2278
300624.SZ,20261009,45.46,49.3,43.8,48.96,45.72,123786.77,575762.03724,7.0866
300625.SZ,20261009,9.86,10.03,9.55,9.9,9.95,25940.0,25399.171,-0.5025
300626.SZ,20261009,27.63,27.79,26.2,27.7,27.63,36127.02,97648.76094,0.2533
300627.SZ,20261009,26.49,27.11,26.25,26.97,26.43,91783.35,246934.58858,2.0431
300628.SZ,20261009,40.01,40.26,39.34,39.98,40.03,59845.44,237754.19349,-0.1249
300629.SZ,20261009,17.37,17.42,16.48,17.41,17.3,70145.2,118938.84997,0.6358
300631.SZ,20261009,22.18,22.2,21.18,21.94,22.16,20164.0,43808.732,-0.9928
300632.SZ,20261009,16.6,16.68,14.95,15.78,16.71,137061.0,214432.461,-5.5655
300633.SZ,20261009,18.75,19.61,18.35,19.34,18.91,51249.0,96620.177,2.2739
300634.SZ,20261009,19.87,20.73,19.04,20.68,19.98,133167.08,263718.18459,3.5035
300635.SZ,20261009,11.77,11.77,11.05,11.73,11.78,53680.0,61349.238,-0.4244
300636.SZ,20261009,7.1,7.16,6.98,7.16,7.1,45075.04,31875.16915,0.8451
300637.SZ,20261009,9.96,10.13,9.53,10.1,10.13,116818.31,115229.80087,-0.2962
300638.SZ,20261009,18.44,18.9,17.68,18.5,18.44,163903.72,299840.35489,0.3254
300639.SZ,20261009,6.15,6.28,6.01,6.27,6.19,141681.75,87134.41425,1.2924
300640.SZ,20261009,6.23,6.23,5.87,6.22,6.23,108249.0,65639.557,-0.1605
300641.SZ,20261009,13.2,13.33,13.05,13.28,13.19,46430.2,61411.6331,0.6823
300642.SZ,20261009,19.79,21.67,18.71,21.21,19.66,298316.81,597259.08272,7.884
300643.SZ,20261009,18.7,18.74,17.93,18.67,18.54,66273.67,121952.52445,0.7012
300644.SZ,20261009,20.48,20.56,19.38,20.13,20.46,24426.56,48659.3632,-1.6129
300645.SZ,20261009,13.79,14.08,13.15,14.04,13.8,36291.0,49375.436,1.7391
300647.SZ,20261009,9.62,9.65,8.89,9.33,9.6,646615.43,592985.48033,-2.8125
300648.SZ,20261009,36.6,36.95,34.78,36.57,36.66,25250.1,90821.65085,-0.2455
300649.SZ,20261009,27.35,27.49,25.6,27.15,27.5,40193.09,106853.37746,-1.2727
300650.SZ,20261009,11.49,11.69,10.92,11.5,11.59,62076.0,70026.675,-0.7765
300651.SZ,20261009,15.81,16.12,15.25,16.1,15.9,30129.15,47171.51145,1.2579
300652.SZ,20261009,26.54,26.77,24.83,26.44,26.77,30000.66,77036.58814,-1.2327
300653.SZ,20261009,15.77,16.09,15.52,16.03,15.85,22132.75,34835.093,1.1356
300654.SZ,20261009,9.45,9.75,9.21,9.69,9.44,86930.69,82400.90026,2.6483
300655.SZ,20261009,11.72,11.76,11.14,11.46,11.83,429215.39,489723.62329,-3.1276
300656.SZ,20261009,28.35,28.42,26.28,27.59,28.5,66666.74,182374.18578,-3.193
300657.SZ,20261009,31.0,31.26,29.55,30.91,31.18,184610.7,560413.19804,-0.8659
300658.SZ,20261009,10.11,10.11,9.48,10.08,10.09,70230.4,68979.5514,-0.0991
300659.SZ,20261009,10.69,12.22,10.35,11.87,10.85,271873.66,309550.46058,9.4009
300660.SZ,20261009,22.99,23.32,22.2,23.13,22.99,44478.48,101222.69423,0.609
300661.SZ,20261009,95.73,98.0,92.3,95.97,96.0,148212.24,1407974.12896,-0.0313
300662.SZ,20261009,20.88,22.0,20.61,21.91,20.91,59353.98,127297.87552,4.7824
300663.SZ,20261009,7.26,7.71,7.1,7.69,7.29,206190.4,153187.58404,5.487
300664.SZ,20261009,4.61,4.73,4.56,4.72,4.67,105957.0,49115.622,1.0707
300665.SZ,20261009,8.58,8.92,8.18,8.85,8.64,86706.99,73956.63333,2.4306
300666.SZ,20261009,207.0,207.53,192.53,204.4,209.62,97387.77,1950638.07754,-2.4902
300667.SZ,20261009,14.06,14.32,13.55,14.25,14.18,51425.0,71621.979,0.4937
300668.SZ,20261009,29.37,30.0,27.51,29.62,29.68,33698.81,96757.86236,-0.2022
300669.SZ,20261009,23.99,25.21,22.29,24.81,23.7,25427.44,60558.83788,4.6835
300670.SZ,20261009,7.16,7.17,6.71,7.04,7.18,96575.0,67270.199,-1.9499
300671.SZ,20261009,50.7,50.97,46.0,48.7,50.72,167515.08,810783.49957,-3.9826
300672.SZ,20261009,169.06,169.97,155.32,166.3,170.2,81025.28,1324403.1384,-2.2914
300673.SZ,20261009,15.36,15.69,14.45,14.76,15.35,56959.0,85128.682,-3.8436
300674.SZ,20261009,14.39,15.04,13.99,15.03,14.45,232924.76,337888.01553,4.0138
300675.SZ,20261009,14.91,14.99,14.0,14.58,15.03,138531.0,198526.60374,-2.994
300676.SZ,20261009,43.0,45.9,42.4,45.47,43.76,171438.84,754405.86502,3.9077
300677.SZ,20261009,46.5,49.27,45.99,49.0,46.71,142305.18,684765.12242,4.9026
300678.SZ,20261009,20.67,21.55,20.26,21.42,20.84,89853.83,187325.02777,2.7831
300679.SZ,20261009,37.93,38.34,36.33,37.9,38.14,130787.96,488795.17963,-0.6293
300680.SZ,20261009,19.37,19.66,18.41,19.49,19.34,61891.09,117369.04777,0.7756
300681.SZ,20261009,20.01,20.3,18.9,19.78,20.18,137564.45,268229.92085,-1.9822
300682.SZ,20261009,8.62,8.95,8.46,8.9,8.65,181663.0,158341.5775,2.8902
300683.SZ,20261009,25.5,26.88,24.2,26.43,27.25,210218.3,531397.87245,-3.0092
300684.SZ,20261009,90.18,94.53,87.26,92.98,90.1,315253.2,2857899.89394,3.1964
300685.SZ,20261009,20.62,20.76,19.86,20.3,20.84,133241.25,269088.17222,-2.5912
300686.SZ,20261009,13.66,13.94,12.8,13.75,13.76,73506.0,98157.672,-0.0727
300687.SZ,20261009,26.8,26.88,24.7,26.6,26.74,173515.13,448299.23506,-0.5236
300688.SZ,20261009,32.4,32.81,30.22,32.58,32.62,90196.64,283259.84552,-0.1226
300689.SZ,20261009,60.83,62.07,55.3,57.81,61.87,45931.57,269143.22375,-6.5621
300690.SZ,20261009,25.1,25.53,23.98,24.61,25.7,125011.78,308759.64339,-4.2412
300691.SZ,20261009,17.52,17.6,16.11,16.76,17.66,288753.23,482326.74213,-5.0963
300692.SZ,20261009,8.82,9.21,8.63,9.21,8.89,221662.82,198892.38136,3.5996
300693.SZ,20261009,35.19,35.29,33.89,34.98,35.35,85724.43,296456.40996,-1.0467
300694.SZ,20261009,10.56,10.87,10.29,10.83,10.55,46595.0,49354.65,2.654
300695.SZ,20261009,47.1,47.89,44.05,47.36,47.18,12714.02,58105.34585,0.3815
300696.SZ,20261009,19.48,19.87,19.12,19.78,19.4,51622.0,100785.63776,1.9588
300697.SZ,20261009,14.0,14.15,13.46,14.1,14.01,75220.4,103549.0182,0.6424
300698.SZ,20261009,25.88,25.88,24.23,25.79,25.8,25695.03,64513.64938,-0.0388
300699.SZ,20261009,22.8,23.13,22.37,23.13,22.68,88633.76,201433.2263,1.9841
300700.SZ,20261009,16.13,16.17,15.21,16.07,16.29,61594.4,96790.3398,-1.3505
300701.SZ,20261009,9.67,9.76,9.24,9.73,9.63,41579.0,39467.412,1.0384
300702.SZ,20261009,22.25,22.43,21.55,22.18,22.28,29901.8,65804.8294,-0.4488
300703.SZ,20261009,13.39,13.75,12.96,13.75,13.42,53918.25,71583.9295,2.459
300705.SZ,20261009,10.89,11.27,10.8,11.23,10.91,153779.0,171236.1049,2.9331
300706.SZ,20261009,43.93,43.93,40.04,42.11,43.8,59768.0,249038.986,-3.8584
300707.SZ,20261009,11.96,12.65,11.46,12.5,12.03,72624.5,88167.308,3.9069
300708.SZ,20261009,9.01,9.3,8.88,9.26,9.06,341460.85,311403.08887,2.2075
300709.SZ,20261009,32.97,33.13,31.14,32.74,33.26,76052.81,243291.53121,-1.5634
300710.SZ,20261009,27.36,27.36,25.28,27.03,27.52,46425.05,121758.99905,-1.7805
300711.SZ,20261009,17.77,17.97,16.89,17.74,17.77,64533.54,111974.28855,-0.1688
300712.SZ,20261009,20.02,20.2,18.83,19.45,20.04,20198.71,38970.92366,-2.9441
300713.SZ,20261009,14.19,14.39,13.16,13.87,14.18,56288.53,76588.10045,-2.1862
300715.SZ,20261009,12.89,13.72,12.42,13.65,12.9,102795.0,133702.463,5.814
300716.SZ,20261009,16.66,16.87,16.34,16.84,16.55,15294.0,25298.986,1.7523
300717.SZ,20261009,19.81,21.18,19.54,21.06,19.94,73631.0,152247.786,5.6169
300718.SZ,20261009,49.66,49.79,47.2,49.24,50.2,68101.99,330084.64346,-1.9124
300719.SZ,20261009,11.67,11.7,11.18,11.54,11.6,34860.0,39882.087,-0.5172
300720.SZ,20261009,55.44,57.61,52.0,55.01,56.2,82031.66,447225.38935,-2.1174
300721.SZ,20261009,19.7,19.88,18.5,19.4,19.77,61351.0,117353.587,-1.8715
300722.SZ,20261009,21.15,21.19,19.98,20.58,20.85,24758.86,50420.85592,-1.295
300723.SZ,20261009,32.66,33.58,32.02,33.42,32.84,42759.54,141043.64844,1.7661
300724.SZ,20261009,51.34,54.25,51.08,53.36,51.49,107053.61,561025.4057,3.6318
300725.SZ,20261009,50.97,51.65,48.5,51.01,51.73,234453.92,1173962.95259,-1.3918
300726.SZ,20261009,47.81,47.97,43.4,45.44,48.38,114635.48,516826.78124,-6.0769
300727.SZ,20261009,30.9,31.39,28.78,29.65,30.81,60903.3,182446.24125,-3.765
300729.SZ,20261009,10.94,11.07,10.74,11.0,10.94,29543.63,32245.47072,0.5484
300730.SZ,20261009,11.04,11.39,10.62,11.32,11.12,62094.5,68296.826,1.7986
300731.SZ,20261009,41.37,41.41,37.39,39.58,41.37,73470.99,286759.01857,-4.3268
300732.SZ,20261009,5.86,5.87,5.63,5.84,5.85,56383.0,32489.987,-0.1709
300733.SZ,20261009,12.29,12.7,11.89,12.6,12.29,62156.98,76178.6124,2.5224
300735.SZ,20261009,16.73,16.88,16.12,16.6,16.85,99088.34,163090.9058,-1.4837
300736.SZ,20261009,34.74,36.13,33.45,35.54,34.89,71733.0,248763.87711,1.863
300737.SZ,20261009,4.72,4.76,4.55,4.74,4.7,256560.16,119181.70876,0.8511
300738.SZ,20261009,17.88,18.27,17.57,18.19,18.0,212771.72,381883.7218,1.0556
300739.SZ,20261009,26.14,26.29,23.65,24.88,26.4,179079.21,444962.00522,-5.7576
300740.SZ,20261009,21.66,22.53,21.0,22.3,21.98,452980.91,985594.03913,1.4559
300741.SZ,20261009,23.41,23.6,22.01,23.39,23.6,141519.92,325127.01802,-0.8898
300743.SZ,20261009,14.42,14.47,13.82,14.38,14.42,22162.2,31399.3672,-0.2774
300745.SZ,20261009,25.45,25.57,23.79,24.94,25.48,56006.47,137362.84095,-2.1193
300746.SZ,20261009,14.91,15.77,14.44,15.6,15.18,101727.0,153252.7725,2.7668
300747.SZ,20261009,34.72,35.05,32.67,34.47,35.06,146105.12,494765.62689,-1.6828
300748.SZ,20261009,23.74,24.11,23.13,24.05,23.8,126481.86,299618.57325,1.0504
300749.SZ,20261009,21.0,21.87,20.34,21.53,21.15,41553.18,87243.70696,1.7967
300750.SZ,20261009,292.0,301.42,289.0,297.75,286.75,541526.71,16028123.3305,3.8361
300751.SZ,20261009,168.0,168.0,151.5,160.0,167.65,78691.36,1243394.9715,-4.5631
300752.SZ,20261009,12.03,12.03,10.78,11.52,12.02,96268.2,108999.5528,-4.1597
300753.SZ,20261009,20.12,20.33,19.03,20.27,20.25,44349.0,87250.831,0.0988
300755.SZ,20261009,11.11,11.35,10.79,11.3,11.14,69495.99,76890.1027,1.4363
300756.SZ,20261009,29.97,31.72,28.2,31.2,29.1,105228.75,317673.36212,7.2165
300757.SZ,20261009,502.0,511.14,480.0,504.0,508.0,58501.43,2912777.73162,-0.7874
300758.SZ,20261009,11.44,11.81,11.35,11.79,11.54,129539.45,150880.86847,2.1664
300759.SZ,20261009,43.07,43.53,40.61,43.11,43.75,547477.37,2294400.15381,-1.4629
300760.SZ,20261009,157.51,162.28,155.9,161.4,157.6,69438.67,1105465.83784,2.4112
300761.SZ,20261009,19.97,20.54,19.92,20.3,19.97,61025.2,123782.83855,1.6525
300762.SZ,20261009,24.58,24.75,22.99,24.04,24.76,213762.43,505906.98199,-2.9079
300763.SZ,20261009,53.0,53.39,50.9,52.31,53.34,103902.77,542105.51554,-1.931
300765.SZ,20261009,45.08,45.75,43.0,45.4,45.1,132984.68,589442.45892,0.6652
300766.SZ,20261009,20.29,21.14,19.53,21.02,20.34,141215.68,287044.66792,3.3432
300767.SZ,20261009,18.21,18.23,16.95,18.14,18.29,96335.94,169116.62353,-0.8201
300768.SZ,20261009,14.35,15.34,13.92,15.21,14.44,142105.94,208059.28801,5.3324
300769.SZ,20261009,42.28,45.88,41.89,45.51,42.45,393744.11,1737344.21845,7.2085
300770.SZ,20261009,33.85,39.0,33.72,37.22,33.88,133418.78,488116.53851,9.8583
300771.SZ,20261009,11.54,11.54,11.01,11.49,11.47,59052.0,66694.613,0.1744
300772.SZ,20261009,9.6,9.94,9.5,9.7,9.68,219716.25,212573.10942,0.2066
300774.SZ,20261009,9.65,9.65,9.1,9.55,9.49,64589.0,60379.043,0.6322
300775.SZ,20261009,19.47,19.58,18.61,18.99,19.37,159195.14,300904.60782,-1.9618
300776.SZ,20261009,109.72,109.95,99.08,105.11,112.4,153563.32,1600423.13111,-6.4858
300777.SZ,20261009,19.76,19.8,19.03,19.69,19.76,81710.55,159027.7277,-0.3543
300778.SZ,20261009,10.89,10.96,10.36,10.86,10.95,40624.7,43478.8076,-0.8219
300779.SZ,20261009,51.61,51.63,48.7,50.48,51.89,73860.24,370074.81977,-2.7173
300780.SZ,20261009,17.88,17.95,16.5,17.67,17.94,51573.0,88714.282,-1.505
300781.SZ,20261009,25.23,27.55,23.92,27.3,25.42,75070.67,193820.44874,7.3958
300782.SZ,20261009,64.12,64.35,60.62,62.42,64.65,112201.82,699058.17402,-3.4493
300783.SZ,20261009,16.62,17.14,16.62,17.14,16.72,61657.74,104083.0396,2.512
300784.SZ,20261009,44.33,44.33,40.33,41.98,42.43,7516.01,31365.81707,-1.0606
300785.SZ,20261009,33.98,36.1,31.76,35.74,34.0,167433.08,566625.45988,5.1176
300786.SZ,20261009,13.37,13.46,12.73,13.37,13.52,87332.0,114302.698,-1.1095
300787.SZ,20261009,11.37,11.52,10.6,11.45,11.33,103290.49,114416.1349,1.0591
300788.SZ,20261009,28.89,31.61,27.81,31.17,29.08,127549.93,380006.49622,7.1871
300789.SZ,20261009,15.55,15.66,14.78,15.64,15.64,25040.0,38043.66,0.0
300790.SZ,20261009,17.5,17.69,16.78,17.3,17.52,201362.87,345668.51962,-1.2557
300791.SZ,20261009,18.0,18.66,18.0,18.59,18.09,21347.11,39189.57768,2.764
300792.SZ,20261009,23.6,24.76,22.48,24.69,23.66,100897.51,238739.38602,4.3533
300793.SZ,20261009,11.22,11.48,10.92,11.45,11.33,69466.0,77834.874,1.0591
300795.SZ,20261009,12.46,13.0,12.05,12.96,12.6,157855.4,197902.9443,2.8571
300796.SZ,20261009,6.96,6.98,6.75,6.93,6.99,41308.0,28363.979,-0.8584
300797.SZ,20261009,12.96,13.08,12.47,13.06,12.88,38567.51,49403.81257,1.3975
300798.SZ,20261009,8.38,8.4,7.92,8.3,8.34,244476.21,200217.78562,-0.4796
300800.SZ,20261009,10.67,10.67,10.18,10.54,10.63,28443.5,29643.645,-0.8467
300801.SZ,20261009,22.65,23.09,22.09,22.89,22.92,109955.0,248991.26294,-0.1309
300802.SZ,20261009,22.5,22.75,20.2,21.27,22.6,112178.16,237763.62234,-5.885
300803.SZ,20261009,51.24,53.64,49.1,53.28,51.24,305478.03,1578746.67408,3.9813
300804.SZ,20261009,46.6,47.16,43.43,46.06,46.62,40712.94,183335.57402,-1.2012
300805.SZ,20261009,8.44,9.16,8.43,9.1,8.5,294003.68,262173.50567,7.0588
300806.SZ,20261009,45.19,45.19,42.06,44.92,45.19,201596.67,885016.27638,-0.5975
300807.SZ,20261009,33.11,34.27,31.45,34.25,33.36,25367.66,82966.24082,2.6679
300808.SZ,20261009,19.62,19.74,18.31,19.7,19.59,31746.2,60438.2102,0.5615
300809.SZ,20261009,22.79,22.92,21.55,22.57,22.79,37348.54,82828.86316,-0.9653
300810.SZ,20261009,22.85,23.03,21.42,22.72,22.63,28646.74,63574.22963,0.3977
300811.SZ,20261009,74.86,75.6,68.98,71.88,76.05,148112.25,1056907.99053,-5.4832
300812.SZ,20261009,17.55,17.71,16.5,17.45,17.72,69123.46,118264.91984,-1.5237
300813.SZ,20261009,22.97,23.2,21.6,22.51,23.22,45903.0,102076.008,-3.0577
300814.SZ,20261009,118.01,118.62,105.0,111.64,118.63,71617.11,790760.22335,-5.8923
300815.SZ,20261009,15.05,15.73,14.93,15.67,15.05,71401.92,109746.2386,4.1196
300816.SZ,20261009,57.1,57.1,50.74,54.14,57.1,30954.0,165331.831,-5.1839
300817.SZ,20261009,16.67,16.78,16.03,16.51,16.8,47291.75,77406.33225,-1.7262
300818.SZ,20261009,15.95,16.39,15.19,15.76,15.64,62738.22,98216.56052,0.7673
300819.SZ,20261009,41.53,41.54,37.74,39.77,41.9,35515.5,139917.17,-5.0835
300820.SZ,20261009,61.54,61.95,56.45,59.8,61.58,65982.99,390098.94159,-2.8905
300821.SZ,20261009,15.3,17.15,15.3,17.15,14.29,1507200.16,2488094.39299,20.014
300822.SZ,20261009,11.07,11.14,10.51,11.02,11.07,31972.62,34532.57841,-0.4517
300823.SZ,20261009,14.74,14.74,13.86,14.56,14.74,34897.6,49746.1436,-1.2212
300824.SZ,20261009,8.16,8.26,7.97,8.26,8.26,62280.5,50606.041,0.0
300825.SZ,20261009,11.07,11.07,10.15,10.68,11.17,250522.99,264816.29974,-4.3868
300826.SZ,20261009,14.78,14.78,13.72,14.54,14.5,55723.7,79100.87,0.2759
300827.SZ,20261009,23.75,24.05,23.05,23.5,23.74,103360.78,244093.6782,-1.011
300828.SZ,20261009,16.08,16.1,14.97,15.82,16.11,74489.5,115810.737,-1.8001
300829.SZ,20261009,21.31,23.85,20.8,23.35,21.26,347741.41,780310.63106,9.8307
300830.SZ,20261009,7.82,8.07,7.53,8.04,7.79,131501.49,102504.45385,3.2092
300831.SZ,20261009,13.19,13.35,12.7,12.98,13.14,39155.0,50737.7,-1.2177
300832.SZ,20261009,48.93,50.7,47.6,50.5,48.88,60418.31,299008.82491,3.3142
300833.SZ,20261009,43.79,43.87,41.97,43.85,43.69,11145.32,47875.35004,0.3662
300834.SZ,20261009,37.47,37.5,35.17,36.68,37.46,13517.0,48912.56018,-2.0822
300835.SZ,20261009,176.32,181.98,165.19,179.87,178.18,35512.38,611465.07368,0.9485
300836.SZ,20261009,51.0,51.47,48.0,50.69,51.28,23811.0,118832.16321,-1.1505
300837.SZ,20261009,22.25,22.27,21.11,22.14,22.27,15378.0,33382.724,-0.5837
300838.SZ,20261009,14.6,14.6,13.78,14.57,14.62,28586.0,40724.602,-0.342
300839.SZ,20261009,12.7,12.7,11.77,12.35,12.75,80566.86,98201.11196,-3.1373
300840.SZ,20261009,17.51,17.58,16.45,17.46,17.52,74420.21,126854.77341,-0.3425
300841.SZ,20261009,54.25,55.55,52.71,55.26,54.13,34280.45,184953.09555,2.0876
300842.SZ,20261009,56.3,56.88,51.13,53.47,56.69,55706.39,296052.85852,-5.68
300843.SZ,20261009,119.44,120.0,107.44,116.28,120.11,69191.01,788707.5125,-3.1887
300844.SZ,20261009,24.34,24.89,22.78,24.16,24.59,19168.26,45161.149,-1.7487
300845.SZ,20261009,14.02,14.16,13.05,14.03,14.14,75471.82,102990.16992,-0.7779
300846.SZ,20261009,17.3,17.87,16.4,17.8,17.49,218161.79,373057.24361,1.7724
300847.SZ,20261009,14.14,14.34,13.65,14.32,14.19,49854.51,69707.33179,0.9161
300848.SZ,20261009,10.92,10.96,10.65,10.93,10.92,29166.55,31553.8415,0.0916
300849.SZ,20261009,20.32,20.34,19.23,20.14,20.32,23498.5,46543.168,-0.8858
300850.SZ,20261009,29.66,32.52,28.68,30.67,30.05,384752.74,1179657.54052,2.0632
300851.SZ,20261009,24.99,25.21,24.22,24.75,25.13,13150.0,32457.804,-1.5121
300852.SZ,20261009,68.1,69.32,63.6,66.94,69.18,92047.0,610963.44065,-3.2379
300853.SZ,20261009,30.59,31.8,28.62,31.17,30.68,79924.0,239454.45,1.5971
300854.SZ,20261009,14.94,15.05,14.22,14.95,15.05,32631.91,47723.26012,-0.6645
300855.SZ,20261009,32.32,32.72,31.3,31.95,32.49,42258.89,134705.30859,-1.662
300856.SZ,20261009,10.41,10.67,10.33,10.65,10.43,49688.17,52485.61264,2.1093
300857.SZ,20261009,230.0,234.0,218.9,232.68,234.8,135266.19,3072619.10986,-0.9029
300858.SZ,20261009,14.48,14.81,14.32,14.7,14.6,29393.01,42720.50525,0.6849
300859.SZ,20261009,21.98,22.5,21.57,22.4,21.98,33114.18,72820.38526,1.9108
300860.SZ,20261009,27.8,28.39,27.03,28.18,27.69,28980.24,80327.14238,1.7696
300861.SZ,20261009,14.79,14.93,14.37,14.85,14.81,93466.54,137116.19427,0.2701
300862.SZ,20261009,40.68,41.34,38.55,40.26,41.0,177099.03,710251.16142,-1.8049
300863.SZ,20261009,35.54,35.61,33.3,35.22,36.0,60098.03,206799.95415,-2.1667
300864.SZ,20261009,24.9,25.48,24.51,25.42,25.02,27022.05,67645.27514,1.5987
300865.SZ,20261009,29.71,29.71,26.41,28.12,29.15,41617.0,115140.021,-3.5334
300866.SZ,20261009,114.18,114.19,110.05,113.55,114.66,34756.24,389408.89062,-0.9681
300867.SZ,20261009,16.82,16.86,16.36,16.81,16.88,43774.8,72819.84051,-0.4147
300868.SZ,20261009,70.84,70.85,62.61,66.9,70.65,50831.63,335706.3015,-5.3079
300869.SZ,20261009,10.71,11.17,10.59,11.12,10.76,61673.4,67184.83181,3.3457
300870.SZ,20261009,164.0,164.95,146.6,156.06,165.34,75648.48,1167459.23316,-5.6127
300871.SZ,20261009,21.01,21.34,20.4,20.91,21.25,58418.83,122041.13641,-1.6
300872.SZ,20261009,14.33,16.48,13.95,16.16,14.38,358020.52,542041.55798,12.3783
300873.SZ,20261009,14.18,14.25,13.28,14.14,14.2,132742.53,182938.51607,-0.4225
300875.SZ,20261009,33.18,33.94,32.2,33.8,33.19,86657.55,286476.16641,1.8379
300876.SZ,20261009,16.86,16.86,15.66,16.63,16.7,80648.46,130547.37898,-0.4192
300877.SZ,20261009,26.25,26.25,24.91,26.1,26.2,18655.04,47694.71462,-0.3817
300878.SZ,20261009,29.29,29.99,28.28,29.9,29.35,15229.0,44599.739,1.8739
300879.SZ,20261009,16.78,16.78,15.6,16.6,16.65,42928.0,69355.455,-0.3003
300880.SZ,20261009,18.0,18.0,17.05,17.86,17.99,26972.0,47223.3615,-0.7226
300881.SZ,20261009,28.82,29.42,27.5,29.33,29.02,12368.79,35097.35144,1.0682
300882.SZ,20261009,13.18,13.4,12.87,13.38,13.15,22446.74,29490.31452,1.749
300883.SZ,20261009,6.37,6.39,6.11,6.36,6.37,65146.7,40681.2763,-0.157
300884.SZ,20261009,11.93,11.93,11.2,11.88,11.98,71508.16,83006.7566,-0.8347
300885.SZ,20261009,17.64,18.06,16.88,17.96,17.74,36337.51,63489.39878,1.2401
300886.SZ,20261009,23.64,23.72,22.19,23.14,23.62,16591.51,37919.80053,-2.0322
300887.SZ,20261009,6.9,7.05,6.7,7.03,6.9,84355.0,57919.416,1.8841
300888.SZ,20261009,29.84,31.59,29.77,31.36,29.85,102635.69,316853.94411,5.0586
300889.SZ,20261009,20.29,20.79,19.5,20.65,20.51,43857.4,88208.0774,0.6826
300890.SZ,20261009,29.21,30.8,28.53,29.47,29.23,197378.3,582092.68647,0.8211
300891.SZ,20261009,7.64,7.69,7.24,7.58,7.59,90433.0,67250.15701,-0.1318
300892.SZ,20261009,22.34,23.28,21.78,23.28,22.47,33005.0,74014.15969,3.6048
300893.SZ,20261009,14.54,15.94,13.97,15.51,14.54,234853.96,351399.29178,6.6713
300894.SZ,20261009,9.81,9.95,9.45,9.92,9.85,46194.99,44700.24049,0.7107
300895.SZ,20261009,53.65,54.71,48.98,51.35,54.3,52033.83,267031.44597,-5.4328
300896.SZ,20261009,95.18,95.96,93.2,95.03,95.18,24696.3,232936.3684,-0.1576
300897.SZ,20261009,16.21,16.21,15.25,16.05,16.21,29956.48,47177.4126,-0.987
300898.SZ,20261009,20.54,21.6,20.43,21.6,20.66,94925.41,200485.4648,4.5499
300899.SZ,20261009,30.43,30.43,24.37,29.71,30.31,11325.47,33348.08683,-1.9795
300900.SZ,20261009,21.78,21.78,19.73,20.73,21.5,146006.79,298121.09206,-3.5814
300901.SZ,20261009,16.2,16.5,15.43,16.5,16.23,48948.0,78445.64894,1.6636
300902.SZ,20261009,17.58,17.59,15.57,16.59,17.59,91293.4,149115.1724,-5.685
300903.SZ,20261009,96.0,96.0,83.0,88.14,95.6,296665.74,2613212.32523,-7.8033
300904.SZ,20261009,49.83,51.19,46.5,47.8,52.08,41897.84,202631.4159,-8.2181
300905.SZ,20261009,41.53,41.71,39.23,39.72,41.88,157295.54,631460.29251,-5.1576
300906.SZ,20261009,27.79,27.79,26.41,27.63,27.78,10771.0,29232.047,-0.54
300907.SZ,20261009,52.43,53.38,49.5,51.66,53.48,44252.48,227242.51006,-3.4031
300908.SZ,20261009,17.5,17.97,17.37,17.96,17.54,27314.14,48562.08928,2.3945
300909.SZ,20261009,58.01,58.87,51.0,53.91,58.88,96245.83,519406.13865,-8.4409
300910.SZ,20261009,27.35,27.78,27.06,27.45,27.42,37164.7,101790.75678,0.1094
300911.SZ,20261009,31.01,31.27,28.7,31.14,31.47,83485.46,251098.39429,-1.0486
300912.SZ,20261009,18.48,18.72,17.38,18.41,18.63,34249.0,61487.581,-1.1809
300913.SZ,20261009,34.4,34.56,31.9,33.36,34.4,101928.65,335892.85475,-3.0233
300915.SZ,20261009,24.0,24.55,23.46,24.13,23.78,20715.66,49716.48402,1.4718
300916.SZ,20261009,26.49,27.38,24.34,26.59,26.72,46470.29,118886.10039,-0.4865
300917.SZ,20261009,33.82,34.6,32.24,33.54,33.74,209124.66,694839.79973,-0.5928
300918.SZ,20261009,10.68,10.7,10.15,10.59,10.65,71063.5,73874.55915,-0.5634
300919.SZ,20261009,37.55,38.88,37.18,38.43,37.58,138992.22,530538.14745,2.2618
300920.SZ,20261009,30.1,30.57,28.6,30.06,30.1,17452.1,51698.6355,-0.1329
300921.SZ,20261009,15.4,15.71,14.57,15.7,15.49,74755.45,113200.73654,1.3557
300922.SZ,20261009,16.8,17.0,16.16,16.91,17.02,49594.94,82185.2303,-0.6463
300923.SZ,20261009,23.9,23.92,22.76,23.68,23.97,12646.99,29546.36104,-1.2098
300925.SZ,20261009,13.36,13.87,13.03,13.85,13.33,73076.0,98392.06,3.901
300926.SZ,20261009,16.59,16.91,16.26,16.68,16.57,49023.56,81252.68804,0.6639
300927.SZ,20261009,27.38,27.64,25.85,27.11,27.38,85296.6,226740.289,-0.9861
300928.SZ,20261009,23.73,24.13,22.46,23.51,23.98,18113.87,42008.75031,-1.96
300929.SZ,20261009,16.32,16.36,14.91,15.69,16.2,35108.2,54452.747,-3.1481
300930.SZ,20261009,25.58,26.0,24.08,25.34,26.02,17112.0,43046.754,-2.6134
300931.SZ,20261009,18.3,18.3,15.46,16.99,18.48,223524.52,376768.88267,-8.0628
300932.SZ,20261009,10.61,10.67,9.88,10.35,10.68,103963.26,106316.75642,-3.0899
300933.SZ,20261009,6.46,6.52,6.13,6.51,6.46,100472.99,63601.29355,0.774
300935.SZ,20261009,26.63,27.02,25.0,27.02,26.82,15753.53,41053.15219,0.7457
300936.SZ,20261009,66.09,66.27,59.0,62.88,66.0,32479.41,202437.58655,-4.7273
300937.SZ,20261009,23.98,23.98,22.75,23.8,23.83,28657.42,67026.88708,-0.1259
300938.SZ,20261009,27.39,27.48,25.0,26.72,27.66,129369.41,339678.20149,-3.3984
300939.SZ,20261009,98.34,99.33,88.0,94.1,98.34,54419.32,507116.88052,-4.3116
300940.SZ,20261009,13.02,13.08,12.35,13.05,13.01,40992.6,52177.726,0.3075
300941.SZ,20261009,14.73,15.43,14.28,15.43,14.81,55109.08,82350.80774,4.1864
300942.SZ,20261009,6.5,6.63,6.31,6.63,6.51,55024.63,35621.47347,1.8433
300943.SZ,20261009,31.08,31.36,28.31,30.91,31.5,84621.89,253203.93717,-1.873
300945.SZ,20261009,11.13,11.47,10.87,11.42,11.12,72874.74,81556.07116,2.6978
300946.SZ,20261009,34.6,34.99,32.8,33.64,34.76,13349.15,44849.0141,-3.2221
300947.SZ,20261009,15.97,16.09,15.05,15.8,15.86,48277.0,74824.12912,-0.3783
300948.SZ,20261009,17.28,17.28,16.05,16.84,17.28,36041.28,59833.18046,-2.5463
300949.SZ,20261009,24.09,24.21,22.81,23.81,24.24,12040.55,28302.73055,-1.7739
300950.SZ,20261009,19.62,19.89,18.32,19.16,19.46,25308.0,47985.505,-1.5416
300951.SZ,20261009,79.11,79.33,72.95,76.57,79.11,54776.0,415639.75937,-3.2107
300952.SZ,20261009,16.14,16.15,15.16,15.88,16.1,43325.09,67712.25934,-1.3665
300953.SZ,20261009,89.6,90.05,82.51,87.39,89.16,70208.87,603831.74577,-1.9852
300955.SZ,20261009,27.98,28.38,26.74,28.23,27.63,17297.0,47691.602,2.1716
300956.SZ,20261009,10.93,11.02,10.4,10.95,11.01,55522.24,59452.50204,-0.545
300957.SZ,20261009,32.47,33.23,32.32,33.14,32.6,59367.0,194554.5986,1.6564
300958.SZ,20261009,12.34,12.49,12.0,12.42,12.42,25300.0,31007.421,0.0
300959.SZ,20261009,83.73,85.69,78.2,85.1,83.73,25947.7,211795.10185,1.6362
300960.SZ,20261009,19.23,19.48,18.0,18.43,19.23,38803.79,71622.40626,-4.1602
300961.SZ,20261009,11.82,11.89,10.92,11.77,11.84,79052.0,89851.13,-0.5912
300962.SZ,20261009,13.08,13.08,12.62,13.0,13.12,27125.0,34934.869,-0.9146
300963.SZ,20261009,10.54,10.63,10.25,10.6,10.57,46703.23,48738.22152,0.2838
300964.SZ,20261009,70.94,78.38,68.51,73.99,67.54,147805.75,1082207.47235,9.5499
300965.SZ,20261009,41.62,42.27,39.32,41.41,41.88,7686.98,31090.66207,-1.1223
300966.SZ,20261009,24.5,24.9,23.55,24.75,24.62,19631.0,47486.154,0.528
300967.SZ,20261009,15.65,15.82,15.37,15.78,15.7,26886.8,41983.069,0.5096
300968.SZ,20261009,9.38,9.39,8.91,9.37,9.37,66540.31,60877.6543,0.0
300969.SZ,20261009,72.13,72.87,68.51,72.28,72.55,19505.45,137270.44007,-0.3722
300970.SZ,20261009,17.38,17.94,16.8,17.85,17.32,85737.27,149102.93403,3.06
300971.SZ,20261009,17.53,17.8,16.84,17.5,17.69,22357.5,38558.3592,-1.0741
300972.SZ,20261009,156.17,162.23,156.0,160.88,157.23,22634.33,360004.95368,2.3214
300973.SZ,20261009,25.28,26.43,25.28,26.4,25.35,38210.0,99224.652,4.142
300975.SZ,20261009,22.03,22.2,20.56,21.8,22.26,307422.03,656677.89638,-2.0665
300976.SZ,20261009,52.99,53.0,49.03,52.11,53.43,39654.38,202606.89236,-2.4705
300977.SZ,20261009,20.07,20.07,18.14,19.4,20.08,66181.49,125710.34793,-3.3865
300978.SZ,20261009,8.7,8.86,8.48,8.83,8.76,32703.98,28351.09786,0.7991
300979.SZ,20261009,33.08,33.32,32.63,33.1,32.9,16449.0,54462.113,0.6079
300980.SZ,20261009,15.86,16.04,15.01,15.97,15.94,61663.37,96004.83108,0.1882
300981.SZ,20261009,19.33,23.36,18.5,23.36,19.47,350282.29,732402.93476,19.9795
300982.SZ,20261009,14.32,14.4,13.82,14.33,14.32,20308.4,28597.3102,0.0698
300983.SZ,20261009,36.1,36.63,34.2,36.4,36.03,9160.5,32303.1395,1.0269
300984.SZ,20261009,29.86,31.55,28.19,31.01,30.4,43622.52,130836.65348,2.0066
300985.SZ,20261009,33.44,33.63,31.01,32.84,33.44,21273.0,68521.34316,-1.7943
300986.SZ,20261009,11.06,11.07,10.29,11.03,10.94,212760.92,227090.41228,0.8227
300987.SZ,20261009,14.2,15.2,13.64,15.15,14.02,118980.71,173177.16004,8.0599
300988.SZ,20261009,16.18,16.28,15.31,16.0,16.32,54604.99,85837.9864,-1.9608
300989.SZ,20261009,15.01,15.04,14.18,14.62,14.97,33000.1,47970.35983,-2.338
300990.SZ,20261009,92.0,93.66,86.57,92.97,94.47,65327.81,588469.56232,-1.5878
300991.SZ,20261009,24.79,24.88,22.45,24.73,24.89,61845.0,146697.828,-0.6428
300992.SZ,20261009,26.2,27.24,24.16,26.33,26.2,47864.3,123314.71104,0.4962
300993.SZ,20261009,9.98,9.98,9.55,9.88,9.9,28422.7,27704.6456,-0.202
300994.SZ,20261009,11.46,11.46,10.92,11.4,11.37,26139.0,29350.881,0.2639
300995.SZ,20261009,25.78,25.78,24.11,25.18,25.78,18624.1,46295.4294,-2.3274
300996.SZ,20261009,11.61,12.07,11.2,12.0,11.62,179497.48,209732.384,3.2702
300997.SZ,20261009,15.59,16.15,15.25,16.15,15.54,179177.45,281879.73834,3.9254
300998.SZ,20261009,28.63,28.65,27.32,28.53,28.82,33832.16,94730.49752,-1.0062
300999.SZ,20261009,23.9,25.37,23.87,25.29,23.9,213354.11,529147.19146,5.8159
301000.SZ,20261009,22.69,22.73,21.25,22.58,22.68,40673.78,89319.61486,-0.4409
301001.SZ,20261009,25.06,25.65,23.82,25.57,25.06,14878.91,36848.57655,2.0351
301002.SZ,20261009,27.88,28.16,25.18,27.1,28.16,74773.04,197278.46462,-3.7642
301003.SZ,20261009,57.82,57.89,48.11,56.78,57.6,23461.5,131362.709,-1.4236
301004.SZ,20261009,34.0,34.51,32.0,32.82,33.88,19528.6,64135.0706,-3.1287
301005.SZ,20261009,56.0,56.45,52.49,55.2,56.46,58270.78,316230.56575,-2.2317
301006.SZ,20261009,13.83,14.02,13.04,13.62,13.95,29072.0,39056.755,-2.3656
301007.SZ,20261009,29.7,29.8,28.3,29.12,29.8,27476.6,79565.68386,-2.2819
301008.SZ,20261009,48.81,48.9,43.0,45.12,48.9,115211.84,523489.08669,-7.7301
301009.SZ,20261009,9.23,9.28,8.92,9.26,9.18,28664.0,26117.763,0.8715
301010.SZ,20261009,21.2,21.6,20.03,20.87,21.15,69921.13,144256.20343,-1.3239
301011.SZ,20261009,15.19,15.58,14.57,15.48,15.22,30714.0,46260.539,1.7083
301012.SZ,20261009,21.5,21.71,20.65,21.59,21.71,43130.51,91051.61976,-0.5527
301013.SZ,20261009,31.88,32.01,29.1,31.2,32.18,141123.82,431027.26014,-3.0454
301015.SZ,20261009,25.8,26.2,25.01,25.94,25.94,83002.89,212351.14866,0.0
301016.SZ,20261009,14.38,14.6,13.63,14.29,14.48,32334.44,45473.31408,-1.3122
301017.SZ,20261009,14.58,14.58,14.12,14.38,14.37,78727.73,112572.89995,0.0696
301018.SZ,20261009,83.26,84.28,76.0,81.74,84.3,120821.59,961233.28423,-3.0368
301019.SZ,20261009,16.27,16.38,15.65,16.25,16.27,27725.61,44339.86961,-0.1229
301020.SZ,20261009,22.11,22.21,21.0,22.02,22.24,38479.47,83102.39825,-0.9892
301021.SZ,20261009,70.13,70.48,63.5,67.49,70.82,78040.19,518732.27066,-4.7021
301022.SZ,20261009,22.01,22.1,20.95,21.99,21.99,10291.0,22130.5531,0.0
301023.SZ,20261009,28.05,30.96,26.75,28.58,28.05,40425.19,114899.09781,1.8895
301024.SZ,20261009,33.45,33.45,30.89,32.68,33.24,8803.43,28251.05445,-1.6847
301025.SZ,20261009,9.81,10.52,9.4,10.46,9.85,159388.93,160252.24749,6.1929
301026.SZ,20261009,19.28,19.46,18.05,18.73,19.48,84893.57,157685.2933,-3.8501
301027.SZ,20261009,17.3,17.3,16.27,16.91,17.28,42822.0,71580.468,-2.1412
301028.SZ,20261009,12.9,12.9,12.18,12.78,12.96,43290.31,54152.5801,-1.3889
301029.SZ,20261009,23.37,23.55,22.7,23.42,23.5,74637.79,172440.93245,-0.3404
301030.SZ,20261009,4.11,4.15,3.63,3.75,4.06,213684.4,81441.67654,-7.6355
301031.SZ,20261009,88.18,88.2,83.5,86.34,87.69,21141.76,180935.0076,-1.5395
301032.SZ,20261009,10.37,10.43,9.8,10.39,10.45,64080.0,64778.112,-0.5742
301033.SZ,20261009,52.51,53.97,50.9,53.15,52.26,10863.48,57077.83344,1.703
301035.SZ,20261009,48.8,49.34,48.31,48.41,48.97,13885.6,67666.8664,-1.1436
301036.SZ,20261009,22.25,22.33,21.3,22.2,22.28,11774.0,25727.788,-0.3591
301037.SZ,20261009,13.36,13.48,12.51,13.09,13.21,32315.0,41570.015,-0.9084
301038.SZ,20261009,17.7,17.71,16.45,17.14,17.7,55760.99,94355.41084,-3.1638
301039.SZ,20261009,7.26,7.46,7.2,7.41,7.25,193511.0,142491.584,2.2069
301040.SZ,20261009,25.08,25.2,23.96,25.08,25.08,17956.93,44171.09841,0.0
301041.SZ,20261009,36.21,36.62,33.53,35.33,36.6,101085.17,354158.5128,-3.4699
301042.SZ,20261009,28.58,28.95,27.0,28.91,28.75,39462.2,109974.29279,0.5565
301043.SZ,20261009,47.4,48.5,45.16,47.25,46.86,11196.83,52374.57467,0.8323
301045.SZ,20261009,60.0,60.1,54.99,58.9,60.78,34411.7,198619.98288,-3.0931
301046.SZ,20261009,31.69,31.69,27.7,28.88,31.66,105988.74,308452.58903,-8.7808
301047.SZ,20261009,145.03,151.25,141.0,147.12,147.77,107015.74,1566266.87167,-0.4399
301048.SZ,20261009,9.04,9.11,8.88,9.1,9.03,33276.0,29959.192,0.7752
301049.SZ,20261009,20.95,20.95,19.73,20.67,20.82,12724.0,25769.77,-0.7205
301050.SZ,20261009,26.25,26.49,25.44,26.1,26.3,44262.36,114638.9186,-0.7605
301051.SZ,20261009,17.44,17.44,15.69,16.78,17.44,94511.24,155946.49427,-3.7844
301052.SZ,20261009,23.5,25.5,22.37,25.39,23.36,77017.57,185174.17211,8.6901
301053.SZ,20261009,34.1,34.1,32.68,33.71,34.05,12239.6,40707.7522,-0.9985
301055.SZ,20261009,28.9,29.09,26.77,28.49,29.09,31697.0,88040.799,-2.0626
301056.SZ,20261009,13.29,13.32,12.18,12.97,13.28,45598.0,57826.087,-2.3343
301057.SZ,20261009,23.0,23.0,21.32,22.47,22.55,36269.7,79843.6884,-0.3548
301058.SZ,20261009,8.63,8.8,8.52,8.8,8.62,80855.5,70082.0464,2.0882
301059.SZ,20261009,12.71,13.71,12.53,13.08,12.66,61784.72,81651.55824,3.3175
301060.SZ,20261009,11.33,11.87,10.93,11.78,11.44,176962.37,200059.69152,2.972
301061.SZ,20261009,39.28,39.85,37.95,38.44,39.21,23600.5,90872.20623,-1.9638
301062.SZ,20261009,6.85,6.91,6.42,6.75,6.89,81801.43,54543.63836,-2.0319
301063.SZ,20261009,18.54,18.56,17.59,18.17,18.53,23577.0,42479.336,-1.9428
301065.SZ,20261009,20.05,20.05,19.18,19.88,20.13,18933.0,37161.8735,-1.2419
301066.SZ,20261009,12.24,12.65,11.91,12.6,12.3,43377.4,53331.107,2.439
301067.SZ,20261009,30.43,30.43,27.0,28.94,30.31,28964.8,82678.356,-4.52
301068.SZ,20261009,25.16,25.25,23.51,24.56,24.93,19921.58,48326.376,-1.4842
301069.SZ,20261009,15.7,15.97,15.33,15.95,15.72,57318.42,90230.98875,1.4631
301070.SZ,20261009,60.5,60.81,51.0,57.98,60.7,43604.33,244231.026,-4.4811
301071.SZ,20261009,57.5,57.76,53.06,56.0,58.24,144063.36,796657.61639,-3.8462
301072.SZ,20261009,42.92,43.33,41.1,43.15,42.45,19268.0,81562.24,1.649
301073.SZ,20261009,16.74,16.85,16.03,16.84,16.65,48173.46,79301.7737,1.1411
301075.SZ,20261009,62.01,62.01,57.03,59.95,60.6,8577.0,50427.341,-1.0726
301076.SZ,20261009,19.71,19.95,18.69,19.58,19.88,42833.92,82398.21004,-1.5091
301077.SZ,20261009,21.0,21.27,20.02,20.86,20.93,14982.0,30785.80644,-0.3344
301078.SZ,20261009,6.82,7.0,6.66,6.95,6.85,240070.17,163500.66474,1.4599
301079.SZ,20261009,27.73,27.95,25.36,26.72,27.73,73100.72,193051.30168,-3.6423
301080.SZ,20261009,119.6,124.89,116.11,122.2,123.46,169475.13,2031710.20649,-1.0206
301081.SZ,20261009,19.54,19.65,18.57,19.36,19.21,107049.78,204992.08421,0.7808
301082.SZ,20261009,9.61,9.75,9.31,9.75,9.69,55100.9,52529.0901,0.6192
301083.SZ,20261009,14.07,14.07,13.38,13.97,14.0,19450.03,26749.74844,-0.2143
301085.SZ,20261009,70.83,74.66,67.8,74.43,71.06,60092.0,426478.22482,4.7425
301086.SZ,20261009,149.49,149.49,129.0,140.2,151.01,48527.41,670334.59217,-7.1585
301087.SZ,20261009,53.38,60.66,52.81,59.93,52.8,96609.47,555156.71887,13.5038
301088.SZ,20261009,13.18,13.94,13.12,13.51,13.53,19159.0,25955.224,-0.1478
301089.SZ,20261009,24.0,24.68,23.53,24.58,24.26,18825.0,45414.385,1.319
301090.SZ,20261009,7.05,7.14,6.94,7.12,7.08,56907.06,40094.70072,0.565
301091.SZ,20261009,19.4,19.49,18.69,19.12,19.4,57529.43,109436.36154,-1.4433
301092.SZ,20261009,40.49,41.5,37.81,41.06,40.5,22733.95,89809.6353,1.3827
301093.SZ,20261009,60.38,60.38,54.82,58.0,60.37,49368.28,283261.5624,-3.9258
301095.SZ,20261009,64.29,64.44,60.08,63.61,65.0,59014.0,367737.47455,-2.1385
301096.SZ,20261009,46.2,46.2,43.3,45.65,46.18,31041.0,138811.193,-1.1477
301097.SZ,20261009,33.85,34.4,32.73,34.2,33.89,6806.14,22843.6819,0.9147
301098.SZ,20261009,8.7,8.7,8.09,8.63,8.76,76177.07,64050.72743,-1.484
301099.SZ,20261009,47.5,47.89,43.83,46.24,48.06,101321.74,463016.04475,-3.7869
301100.SZ,20261009,16.24,16.56,15.87,16.55,16.27,23482.0,38177.811,1.721
301101.SZ,20261009,29.17,30.15,28.75,30.09,29.22,18776.61,55191.76635,2.9774
301102.SZ,20261009,9.43,9.67,9.16,9.65,9.38,26878.49,25426.50145,2.8785
301103.SZ,20261009,17.29,17.29,16.53,17.18,17.04,23954.0,40435.006,0.8216
301105.SZ,20261009,48.62,48.78,45.19,48.1,48.26,6185.0,28944.801,-0.3315
301106.SZ,20261009,18.1,18.23,16.85,17.86,18.23,29446.65,51662.46297,-2.0296
301107.SZ,20261009,22.73,23.99,21.06,23.59,22.94,45424.8,102578.94448,2.8335
301108.SZ,20261009,53.85,55.14,51.2,52.6,53.8,31286.4,166296.18176,-2.2305
301109.SZ,20261009,12.98,13.35,12.97,13.27,13.05,56466.06,74537.8875,1.6858
301110.SZ,20261009,33.92,35.66,32.8,35.42,33.92,34403.2,117392.3484,4.4222
301111.SZ,20261009,21.06,21.24,19.83,20.9,21.06,35988.84,73904.7128,-0.7597
301112.SZ,20261009,28.85,28.85,27.27,28.38,28.52,11610.0,32448.855,-0.4909
301113.SZ,20261009,17.93,17.98,16.6,17.69,17.93,18230.02,31808.89137,-1.3385
301115.SZ,20261009,34.23,34.23,29.69,33.26,34.85,89840.99,287998.98452,-4.5624
301116.SZ,20261009,9.24,9.4,9.08,9.4,9.3,32932.59,30408.5067,1.0753
301117.SZ,20261009,11.6,12.02,11.12,11.93,11.7,48221.76,55543.9286,1.9658
301118.SZ,20261009,24.06,27.18,23.6,25.56,24.17,138871.0,358246.36797,5.7509
301119.SZ,20261009,30.69,33.25,29.22,32.99,30.49,103067.12,321106.21942,8.1994
301120.SZ,20261009,14.14,14.19,13.54,14.12,14.19,57573.55,79909.56275,-0.4933
301121.SZ,20261009,35.14,35.59,33.5,35.3,35.39,17448.66,60351.75351,-0.2543
301122.SZ,20261009,65.77,68.9,63.0,66.93,66.0,61589.0,402673.5097,1.4091
301123.SZ,20261009,63.56,63.86,57.49,61.56,64.47,72963.25,442226.9018,-4.5137
301125.SZ,20261009,14.79,14.86,13.5,14.27,14.79,66513.57,93285.01004,-3.5159
301126.SZ,20261009,10.43,10.59,10.08,10.57,10.47,29892.0,30952.11,0.9551
301127.SZ,20261009,15.31,15.98,14.6,15.93,15.4,183851.4,280232.98561,3.4416
301128.SZ,20261009,99.49,99.7,90.65,96.5,99.78,52772.41,498313.14804,-3.2872
301129.SZ,20261009,22.91,22.91,21.25,22.56,22.8,23409.56,51600.15256,-1.0526
301130.SZ,20261009,27.75,28.21,26.36,28.12,27.77,36878.32,101241.6781,1.2604
301131.SZ,20261009,33.74,33.74,32.05,33.4,33.73,10755.89,35370.78716,-0.9784
301132.SZ,20261009,63.74,63.9,58.0,60.92,64.64,101762.2,618297.45701,-5.755
301133.SZ,20261009,25.07,25.55,23.5,25.26,25.04,22840.55,55936.95425,0.8786
301135.SZ,20261009,17.85,17.85,16.8,17.52,17.85,19296.4,33319.5057,-1.8487
301136.SZ,20261009,12.32,12.5,11.77,12.42,12.33,109309.14,132815.63893,0.7299
301137.SZ,20261009,30.32,30.35,28.9,30.13,30.32,29900.64,88519.83168,-0.6266
301138.SZ,20261009,28.59,28.59,26.81,28.31,28.25,13541.0,37452.369,0.2124
301139.SZ,20261009,0.94,1.0,0.84,0.89,0.94,165494.24,15081.7194,-5.3191
301141.SZ,20261009,35.09,35.39,33.96,35.31,35.05,12255.91,42630.43058,0.7418
301148.SZ,20261009,53.3,54.25,52.05,53.69,53.32,12280.0,65281.273,0.6939
301149.SZ,20261009,7.94,8.04,7.73,8.02,7.92,117937.6,93268.53343,1.2626
301150.SZ,20261009,39.7,40.8,36.96,38.01,39.8,282087.59,1085816.13359,-4.4975
301151.SZ,20261009,20.66,20.77,18.93,19.79,20.69,39088.99,76850.19488,-4.3499
301152.SZ,20261009,22.91,27.47,22.16,24.96,22.93,189028.03,457392.38624,8.853
301153.SZ,20261009,16.79,17.82,16.58,17.76,16.7,55299.04,95123.6878,6.3473
301155.SZ,20261009,45.61,46.84,40.99,41.93,46.54,97017.04,427150.53762,-9.9055
301156.SZ,20261009,11.63,11.74,11.2,11.67,11.73,34216.5,39257.7576,-0.5115
301157.SZ,20261009,59.8,62.37,57.05,60.33,60.2,11682.42,69882.4588,0.2159
301158.SZ,20261009,14.25,14.25,13.58,14.07,14.32,45998.0,63953.527,-1.7458
301159.SZ,20261009,31.42,31.76,29.23,31.6,31.38,20844.0,63752.276,0.7011
301160.SZ,20261009,38.34,38.41,35.15,36.74,37.59,39055.25,141289.08048,-2.2612
301161.SZ,20261009,27.77,27.77,25.65,26.78,27.7,33584.29,89024.0883,-3.3213
301162.SZ,20261009,35.7,36.49,34.5,36.43,35.59,17414.6,61640.897,2.3602
301163.SZ,20261009,23.5,23.51,22.26,23.23,23.64,15995.67,36712.33855,-1.7343
301165.SZ,20261009,96.0,97.99,91.06,97.16,97.7,99162.34,942690.54637,-0.5527
301166.SZ,20261009,34.7,37.2,33.9,36.42,35.11,64883.48,230798.38409,3.7311
301167.SZ,20261009,13.4,13.56,12.91,13.4,13.48,34005.0,44907.66989,-0.5935
301168.SZ,20261009,41.7,42.75,40.9,42.18,42.02,26257.0,109962.793,0.3808
301169.SZ,20261009,49.2,49.2,44.75,47.65,49.21,18816.05,88453.03979,-3.1701
301170.SZ,20261009,22.89,23.13,22.13,22.75,23.0,12288.0,27780.143,-1.087
301171.SZ,20261009,30.74,34.55,30.18,33.87,31.02,549326.97,1775280.52282,9.1876
301172.SZ,20261009,16.53,16.77,15.55,16.57,17.0,72180.6,116723.92138,-2.5294
301173.SZ,20261009,32.59,32.6,31.29,32.35,32.66,6311.0,20155.502,-0.9492
301175.SZ,20261009,5.56,5.64,5.54,5.63,5.57,141808.9,79381.5871,1.0772
301176.SZ,20261009,50.78,51.0,46.1,48.48,51.29,89929.47,434490.0372,-5.4787
301177.SZ,20261009,23.0,23.46,22.53,23.36,22.83,13661.28,31441.7128,2.3215
301178.SZ,20261009,33.0,33.14,31.15,32.86,33.32,16921.4,54340.6592,-1.3806
301179.SZ,20261009,19.75,19.75,18.81,19.2,19.55,26906.2,51465.5894,-1.7903
301180.SZ,20261009,11.82,11.82,10.85,11.57,11.72,54470.91,61255.87348,-1.2799
301181.SZ,20261009,24.15,25.19,22.68,24.93,24.27,28592.4,68013.05058,2.7194
301182.SZ,20261009,56.2,56.27,49.61,54.13,55.98,34414.0,181083.02596,-3.3048
301183.SZ,20261009,253.79,255.0,233.92,248.12,255.33,40484.54,994386.11657,-2.8238
301185.SZ,20261009,16.96,17.52,16.48,17.48,16.94,27438.72,46651.5114,3.1877
301186.SZ,20261009,30.97,31.0,28.85,30.4,30.87,26094.77,77644.2927,-1.5225
301187.SZ,20261009,15.19,15.41,14.69,15.27,15.32,31855.81,47743.6533,-0.3264
301188.SZ,20261009,31.1,31.14,28.08,29.6,31.18,127763.55,375230.37014,-5.0674
301189.SZ,20261009,64.26,66.5,60.7,64.08,65.09,54166.87,343202.17405,-1.5517
301190.SZ,20261009,41.0,44.88,40.03,43.99,39.52,245911.43,1040791.34881,11.3107
301191.SZ,20261009,73.5,73.8,69.22,73.01,74.23,29987.27,215036.988,-1.6435
301192.SZ,20261009,19.59,19.59,18.11,19.31,19.57,15809.58,29932.46834,-1.3286
301193.SZ,20261009,21.77,21.77,20.11,20.95,20.94,49002.77,101488.64106,0.0478
301195.SZ,20261009,26.67,27.3,25.88,27.23,26.64,13577.0,36259.87644,2.2147
301196.SZ,20261009,80.0,80.4,72.31,78.01,80.47,63974.68,486577.54538,-3.057
301197.SZ,20261009,27.15,27.15,24.8,26.39,27.27,34556.34,89167.61564,-3.227
301198.SZ,20261009,14.04,14.04,13.0,13.74,14.03,34069.9,46090.5014,-2.067
301199.SZ,20261009,17.96,18.08,17.3,17.96,17.93,10772.0,19057.176,0.1673
301200.SZ,20261009,215.14,217.78,199.0,212.39,218.01,29553.43,614644.12769,-2.5779
301201.SZ,20261009,29.59,30.35,27.8,30.09,29.85,65355.05,190051.64325,0.804
301202.SZ,20261009,34.84,34.89,32.06,33.49,34.75,20891.0,69362.58912,-3.6259
301203.SZ,20261009,32.98,33.3,31.62,32.91,33.15,9066.18,29491.31516,-0.724
301205.SZ,20261009,254.16,288.0,252.0,284.0,251.65,132895.5,3627327.67579,12.8552
301206.SZ,20261009,24.98,25.39,24.44,25.31,25.13,43471.51,108440.76553,0.7163
301207.SZ,20261009,19.4,19.97,18.94,19.88,19.51,96194.12,187190.8983,1.8965
301208.SZ,20261009,29.26,30.62,28.31,30.55,29.26,19769.8,58196.3942,4.4087
301209.SZ,20261009,64.08,64.1,58.09,60.8,63.89,34256.42,205759.49493,-4.8364
301210.SZ,20261009,30.69,30.78,28.98,30.09,30.32,56774.43,169336.64674,-0.7586
301211.SZ,20261009,12.34,12.79,12.03,12.75,12.37,171411.88,214426.9803,3.0719
301212.SZ,20261009,27.89,28.2,26.35,27.44,28.0,46259.0,126082.937,-2.0
301213.SZ,20261009,40.97,41.4,37.23,39.43,41.12,20402.75,79191.7413,-4.1099
301215.SZ,20261009,5.35,5.46,5.29,5.46,5.34,123383.19,66526.99624,2.2472
301216.SZ,20261009,17.01,17.15,16.51,16.89,17.11,140891.58,236644.50123,-1.2858
301217.SZ,20261009,97.44,97.76,89.99,94.61,99.7,250814.88,2345973.77779,-5.1053
301218.SZ,20261009,69.02,79.0,64.0,75.72,68.0,201096.43,1407794.09259,11.3529
301219.SZ,20261009,39.61,40.62,39.13,40.53,39.8,60467.41,242249.7543,1.8342
301220.SZ,20261009,28.3,28.8,26.75,28.11,28.49,19604.4,54182.70963,-1.3338
301221.SZ,20261009,26.34,26.64,25.06,26.53,26.31,13154.48,33937.56232,0.8362
301222.SZ,20261009,24.0,24.6,22.8,23.85,24.2,25835.9,61246.89072,-1.4463
301223.SZ,20261009,18.18,18.32,17.91,18.3,18.13,10389.4,18844.56055,0.9377
301225.SZ,20261009,55.0,55.23,51.12,54.64,55.1,29551.92,157290.43132,-0.8348
301226.SZ,20261009,36.36,37.52,35.0,37.03,36.55,29994.0,109571.386,1.3133
301227.SZ,20261009,31.14,31.14,26.75,29.96,30.69,31295.53,92103.87726,-2.3786
301228.SZ,20261009,50.66,50.88,47.4,50.43,50.46,20562.0,100700.20401,-0.0595
301229.SZ,20261009,11.8,11.84,11.25,11.77,11.84,34363.26,39667.27172,-0.5912
301230.SZ,20261009,36.0,36.76,33.83,36.42,36.32,170703.44,601863.28712,0.2753
301231.SZ,20261009,28.35,30.45,26.56,30.15,28.28,65023.17,186609.5629,6.6124
301232.SZ,20261009,77.0,77.0,70.05,74.37,77.2,53953.67,392533.40035,-3.6658
301233.SZ,20261009,36.61,36.84,34.68,36.0,36.72,11269.6,40192.2824,-1.9608
301234.SZ,20261009,144.94,157.57,137.0,147.0,147.98,34004.21,500055.18776,-0.6623
301235.SZ,20261009,40.09,40.09,36.3,38.9,39.7,65328.79,248079.4494,-2.0151
301236.SZ,20261009,34.98,35.48,33.98,35.4,34.97,131890.5,457523.67341,1.2296
301237.SZ,20261009,35.59,35.59,33.03,35.04,35.73,22908.81,78359.98047,-1.9312
301238.SZ,20261009,16.3,17.6,16.23,17.43,16.48,385702.27,659699.02128,5.7646
301239.SZ,20261009,31.0,31.45,30.38,31.33,31.12,15238.13,46962.14516,0.6748
301246.SZ,20261009,17.5,18.12,17.36,18.03,17.71,113382.56,202696.52039,1.8069
301248.SZ,20261009,51.11,51.27,46.3,49.65,51.16,43560.98,211643.64858,-2.9515
301251.SZ,20261009,79.55,79.94,71.0,74.9,78.75,106995.98,799593.59266,-4.8889
301252.SZ,20261009,33.5,34.2,31.32,33.41,34.1,32893.17,107518.70744,-2.0235
301255.SZ,20261009,18.75,18.75,17.83,18.46,18.71,11911.4,21721.9444,-1.3362
301256.SZ,20261009,9.87,9.97,9.46,9.97,9.83,47896.33,46554.57782,1.4242
301257.SZ,20261009,40.45,40.82,37.96,40.3,40.21,42365.02,166077.5134,0.2238
301258.SZ,20261009,27.2,27.27,26.19,27.04,27.0,12533.38,33482.03428,0.1481
301259.SZ,20261009,18.8,18.8,16.85,18.02,18.86,58500.34,103147.90175,-4.4539
301260.SZ,20261009,11.52,11.62,11.18,11.56,11.52,19239.0,21909.541,0.3472
301261.SZ,20261009,50.32,50.56,47.35,50.1,50.85,22537.08,110643.23896,-1.4749
301262.SZ,20261009,20.44,22.42,20.44,21.88,20.71,289646.86,621766.74662,5.6494
301263.SZ,20261009,18.4,19.2,18.36,19.14,18.52,45975.59,86370.89457,3.3477
301265.SZ,20261009,21.94,23.3,21.2,23.2,21.91,137995.48,310650.36265,5.8877
301266.SZ,20261009,24.48,24.48,22.93,23.91,24.09,33985.1,79921.2596,-0.7472
301267.SZ,20261009,15.1,15.19,14.95,15.16,15.06,39505.41,59668.65315,0.664
301268.SZ,20261009,11.88,11.94,11.47,11.93,11.73,55429.98,65192.30024,1.705
301269.SZ,20261009,84.88,93.44,82.74,92.25,85.45,136124.45,1200503.46268,7.9579
301270.SZ,20261009,30.95,32.12,29.56,32.06,30.95,20729.61,63797.57478,3.5864
301272.SZ,20261009,34.67,34.67,32.83,34.19,34.63,8502.48,28660.9434,-1.2706
301273.SZ,20261009,37.58,42.41,36.77,41.17,37.7,62714.79,249125.99273,9.2042
301275.SZ,20261009,37.82,39.17,37.75,39.0,37.95,30732.0,118141.692,2.7668
301276.SZ,20261009,17.48,17.48,16.75,17.32,17.44,27400.0,46866.239,-0.6881
301277.SZ,20261009,10.49,10.84,10.28,10.76,10.48,80904.1,85962.17028,2.6718
301278.SZ,20261009,29.06,29.41,27.82,28.99,29.27,16295.3,46562.379,-0.9566
301279.SZ,20261009,24.28,25.48,23.13,25.28,24.01,55100.37,134351.69162,5.2895
301280.SZ,20261009,38.59,40.97,38.59,39.98,38.88,28013.89,111752.25009,2.8292
301281.SZ,20261009,45.9,46.63,43.51,45.98,45.72,26111.73,117949.68791,0.5687
301282.SZ,20261009,40.21,40.39,36.6,38.4,40.6,144935.97,555778.73656,-5.4187
301283.SZ,20261009,25.4,25.53,24.7,25.38,25.43,9386.2,23619.3094,-0.1966
301285.SZ,20261009,85.14,85.15,77.84,81.5,85.14,24579.6,200263.7558,-4.2753
301286.SZ,20261009,46.21,47.62,44.68,47.05,46.2,17694.9,81721.8411,1.8398
301287.SZ,20261009,40.45,40.68,38.91,40.45,40.45,7128.0,28413.685,0.0
301288.SZ,20261009,17.11,17.39,16.13,16.89,16.93,19261.0,32201.95,-0.2363
301289.SZ,20261009,44.58,44.96,43.14,44.85,44.58,6609.34,29214.65294,0.6057
301290.SZ,20261009,27.7,28.24,26.71,28.11,27.59,21676.0,59763.02015,1.8847
301291.SZ,20261009,36.7,37.07,33.68,36.16,37.12,100185.72,352036.53469,-2.5862
301292.SZ,20261009,57.6,64.2,57.45,61.28,57.86,215580.0,1321322.43372,5.9108
301293.SZ,20261009,48.46,48.7,46.96,48.44,49.08,57293.34,272967.85735,-1.304
301295.SZ,20261009,34.75,34.89,32.66,34.21,34.89,17350.0,58706.244,-1.949
301296.SZ,20261009,6.42,6.44,6.24,6.41,6.37,31550.0,20007.374,0.6279
301297.SZ,20261009,42.86,43.4,39.08,40.96,43.71,313597.97,1287591.01714,-6.2915
301298.SZ,20261009,12.79,12.84,12.02,12.57,12.8,26640.0,33085.28,-1.7969
301299.SZ,20261009,43.6,46.26,42.12,45.85,43.76,20762.79,91722.47336,4.7761
301300.SZ,20261009,33.39,33.62,32.18,33.26,33.42,11727.91,38730.7965,-0.4788
301301.SZ,20261009,8.11,8.26,8.09,8.22,8.19,169456.0,138978.466,0.3663
301302.SZ,20261009,20.59,20.87,19.45,20.54,20.69,46388.0,93007.5,-0.725
301303.SZ,20261009,13.81,13.92,13.4,13.89,13.81,29807.04,40821.03232,0.5793
301305.SZ,20261009,24.79,25.48,24.0,25.1,24.8,63535.49,157043.02156,1.2097
301306.SZ,20261009,85.47,85.47,77.61,82.36,85.62,26643.59,215238.97213,-3.8075
301307.SZ,20261009,50.0,50.8,45.0,47.59,50.8,88795.75,421744.93507,-6.3189
301308.SZ,20261009,285.8,286.66,270.39,284.0,288.6,101809.56,2832105.60271,-1.5939
301309.SZ,20261009,29.34,29.72,28.22,29.03,29.44,8911.0,25804.539,-1.3927
301310.SZ,20261009,63.1,63.58,56.65,60.1,61.01,81011.6,483135.0714,-1.4916
301311.SZ,20261009,17.03,17.25,16.0,16.94,17.38,183006.74,305355.41091,-2.5316
301312.SZ,20261009,71.78,72.7,65.43,69.04,72.28,48083.37,331196.51038,-4.4826
301313.SZ,20261009,28.0,28.77,26.08,28.57,28.13,49063.0,134195.00668,1.5642
301314.SZ,20261009,48.51,48.51,44.91,46.36,48.03,14371.82,66821.68886,-3.477
301315.SZ,20261009,42.7,43.38,40.47,43.12,42.26,22826.0,96119.59466,2.035
301316.SZ,20261009,36.37,36.38,34.0,35.33,36.81,121522.69,425550.51403,-4.0206
301317.SZ,20261009,41.2,42.83,38.17,42.1,41.43,30032.65,121296.87106,1.6172
301318.SZ,20261009,21.53,21.76,20.43,21.52,21.17,14513.01,30577.62214,1.6533
301319.SZ,20261009,77.9,78.06,69.89,74.54,77.9,77459.34,569295.55868,-4.3132
301320.SZ,20261009,13.91,13.95,13.36,13.85,13.91,19076.03,26114.90011,-0.4313
301321.SZ,20261009,42.76,42.76,38.47,40.14,42.8,71203.33,288615.0518,-6.215
301322.SZ,20261009,40.39,40.5,36.88,39.82,40.29,33176.39,128324.31243,-1.1665
301323.SZ,20261009,68.26,68.3,64.39,67.15,68.3,14143.0,93544.04666,-1.6837
301325.SZ,20261009,33.0,33.71,30.7,33.43,33.14,77149.66,249693.13298,0.8751
301326.SZ,20261009,92.29,92.29,82.5,87.88,90.5,18014.4,155377.47146,-2.895
301327.SZ,20261009,41.95,42.71,41.43,42.58,41.92,17327.24,73325.1832,1.5744
301328.SZ,20261009,46.93,48.0,43.07,46.08,47.4,29534.01,133894.56509,-2.7848
301329.SZ,20261009,19.79,19.79,18.55,19.48,19.81,43255.0,82625.187,-1.6658
301330.SZ,20261009,24.7,25.82,23.63,25.68,24.73,38001.15,94025.96355,3.8415
301331.SZ,20261009,22.03,22.32,21.35,22.12,22.2,13228.06,29002.88366,-0.3604
301332.SZ,20261009,7.63,7.79,7.54,7.78,7.64,49432.0,37974.32987,1.8325
301333.SZ,20261009,62.99,63.81,58.51,62.08,63.5,25844.63,157009.81354,-2.2362
301335.SZ,20261009,24.15,24.23,23.15,24.09,24.04,21938.0,52108.309,0.208
301336.SZ,20261009,40.76,40.84,38.9,40.19,40.67,9881.81,39168.08293,-1.1802
301337.SZ,20261009,26.52,26.68,24.3,26.26,26.45,26823.31,68072.21044,-0.7183
301338.SZ,20261009,83.0,83.0,75.52,79.93,83.58,41544.89,328412.87303,-4.3671
301339.SZ,20261009,11.93,12.08,11.52,11.88,11.96,69055.02,81264.96796,-0.6689
301345.SZ,20261009,213.39,216.72,205.35,210.05,215.0,6282.09,131079.02018,-2.3023
301348.SZ,20261009,20.89,20.89,19.35,20.29,20.94,75506.03,151225.88301,-3.1041
301349.SZ,20261009,42.55,42.72,39.71,40.79,42.48,47603.12,194176.7759,-3.9783
301353.SZ,20261009,20.2,20.48,19.48,20.42,20.37,24461.69,48975.82509,0.2455
301355.SZ,20261009,12.2,12.25,11.59,12.02,12.18,60139.0,71447.412,-1.3136
301356.SZ,20261009,19.38,20.29,18.01,20.08,19.11,33404.96,63929.97428,5.0759
301357.SZ,20261009,86.73,87.88,83.09,87.4,87.51,23181.8,198107.33726,-0.1257
301358.SZ,20261009,50.86,53.41,49.91,52.32,51.2,345376.61,1790471.21823,2.1875
301359.SZ,20261009,18.46,18.86,17.42,18.28,18.75,28073.05,50618.47505,-2.5067
301360.SZ,20261009,58.2,58.3,52.8,55.7,58.74,26871.18,148554.05184,-5.1753
301361.SZ,20261009,27.4,27.7,26.71,27.67,27.37,18332.29,50073.46912,1.0961
301362.SZ,20261009,102.2,104.0,90.87,95.81,103.97,43447.47,413141.43514,-7.8484
301363.SZ,20261009,15.2,15.62,14.78,15.52,15.38,112884.39,170745.05284,0.9103
301365.SZ,20261009,33.45,33.88,31.38,32.89,33.53,27427.94,88516.09198,-1.9087
301366.SZ,20261009,67.17,67.5,61.0,63.48,67.51,124899.53,795304.91113,-5.9695
301367.SZ,20261009,46.06,46.91,44.25,46.71,46.19,22142.07,100566.82084,1.1258
301368.SZ,20261009,37.37,37.49,35.15,36.97,37.0,14383.0,51968.604,-0.0811
301369.SZ,20261009,122.74,124.0,109.0,116.5,124.5,37733.22,436153.23888,-6.4257
301370.SZ,20261009,8.68,8.83,8.55,8.8,8.68,25415.63,22060.8474,1.3825
301371.SZ,20261009,20.6,21.28,20.5,21.24,20.58,36111.6,75636.395,3.207
301372.SZ,20261009,33.59,33.6,31.03,32.53,33.79,19190.0,61938.092,-3.7289
301373.SZ,20261009,113.46,113.46,101.5,106.7,114.6,78400.1,833487.64568,-6.8935
301376.SZ,20261009,21.66,21.88,20.86,21.49,21.88,37646.0,80237.81,-1.7824
301377.SZ,20261009,334.01,335.43,294.05,309.5,333.64,53451.88,1646970.04078,-7.2353
301378.SZ,20261009,24.81,25.5,23.44,25.49,24.79,23552.0,57760.395,2.8237
301379.SZ,20261009,18.41,18.41,17.1,18.04,18.42,114985.44,202937.79735,-2.063
301380.SZ,20261009,33.3,33.49,30.97,32.94,33.28,37894.28,121990.64056,-1.0216
301381.SZ,20261009,22.62,23.3,22.18,23.19,22.68,56031.5,127207.601,2.2487
301382.SZ,20261009,33.6,33.98,32.0,33.59,33.55,103665.19,343070.09173,0.1192
301383.SZ,20261009,22.19,22.48,21.07,22.34,22.33,18333.32,39942.14624,0.0448
301386.SZ,20261009,20.26,20.35,19.2,20.15,20.26,20412.0,40390.112,-0.5429
301387.SZ,20261009,49.37,49.37,43.75,47.04,48.9,25115.37,116033.36841,-3.8037
301388.SZ,20261009,25.0,25.0,23.39,24.76,24.64,18762.0,45327.05152,0.487
301389.SZ,20261009,49.25,49.79,44.0,46.36,50.21,89185.75,411990.75951,-7.6678
301390.SZ,20261009,40.0,40.09,37.65,39.84,40.28,32481.56,126404.34479,-1.0924
301391.SZ,20261009,42.52,42.73,39.32,41.68,42.9,19520.78,79712.17862,-2.8438
301392.SZ,20261009,133.64,134.5,120.7,132.8,134.99,48537.28,621930.55342,-1.6223
301393.SZ,20261009,63.09,63.34,58.51,62.4,63.27,33669.47,205047.29083,-1.3751
301395.SZ,20261009,13.04,13.6,12.55,13.02,13.09,136771.36,177978.28607,-0.5348
301396.SZ,20261009,146.25,146.86,137.0,144.26,146.86,78694.42,1117381.88063,-1.7704
301397.SZ,20261009,21.2,21.38,20.15,21.27,21.34,21782.14,45141.03642,-0.328
301398.SZ,20261009,36.79,37.25,33.75,36.49,36.8,47694.05,168816.65664,-0.8424
301399.SZ,20261009,19.25,19.31,17.65,18.91,19.23,39476.11,73159.99361,-1.6641
301408.SZ,20261009,14.69,15.22,14.24,15.15,14.69,156622.9,230990.93768,3.1314
301413.SZ,20261009,49.0,49.86,46.36,49.4,49.29,41145.85,197767.40341,0.2232
301418.SZ,20261009,34.04,34.5,32.76,34.5,34.28,13580.0,45792.132,0.6418
301419.SZ,20261009,40.0,40.79,37.6,39.75,40.67,52219.3,204444.30811,-2.2621
301421.SZ,20261009,64.32,65.32,59.8,63.63,68.05,63053.42,394050.11999,-6.4952
301428.SZ,20261009,26.3,27.65,24.95,27.28,26.31,38191.35,99966.75438,3.6868
301429.SZ,20261009,17.53,17.55,16.75,17.55,17.55,15569.13,26788.22183,0.0
301439.SZ,20261009,13.7,13.75,13.24,13.74,13.72,41017.0,55355.176,0.1458
301446.SZ,20261009,37.85,38.86,36.08,37.39,38.4,11401.52,42488.78868,-2.6302
301448.SZ,20261009,48.35,49.46,47.09,48.81,47.98,16636.0,80086.526,1.7299
301449.SZ,20261009,42.38,45.79,41.71,44.89,42.8,53025.29,234426.41385,4.8832
301456.SZ,20261009,24.78,24.84,23.36,24.24,24.79,36198.99,86683.96804,-2.2186
301458.SZ,20261009,34.21,34.39,31.5,32.94,34.5,72265.08,237365.87883,-4.5217
301459.SZ,20261009,31.38,31.45,29.92,31.12,31.12,8332.3,25466.21655,0.0
301468.SZ,20261009,29.14,29.14,26.73,28.24,29.01,42366.86,116966.94365,-2.6543
301469.SZ,20261009,28.74,28.77,27.18,28.48,28.62,14067.29,39407.52408,-0.4892
301479.SZ,20261009,46.14,46.32,42.98,45.11,46.14,22302.94,98850.1883,-2.2323
301486.SZ,20261009,213.01,228.0,206.0,222.0,209.86,119585.07,2605012.76291,5.7848
301487.SZ,20261009,17.46,18.58,17.33,18.18,17.45,540767.05,968602.10732,4.1834
301488.SZ,20261009,86.5,87.86,82.88,86.75,87.52,11492.69,98059.34179,-0.8798
301489.SZ,20261009,100.5,100.63,91.19,97.1,101.07,51108.04,485866.38632,-3.928
301491.SZ,20261009,36.12,36.45,35.37,36.26,36.1,6144.26,22045.23032,0.4432
301498.SZ,20261009,39.4,39.91,38.25,39.78,39.27,53841.0,210464.28535,1.2987
301499.SZ,20261009,25.34,25.34,23.24,24.37,24.79,22398.0,53597.05761,-1.6942
301500.SZ,20261009,23.86,23.9,22.81,23.85,24.01,99750.36,233045.29923,-0.6664
301501.SZ,20261009,26.43,26.87,26.27,26.8,26.4,6617.51,17597.13529,1.5152
301502.SZ,20261009,47.75,47.82,43.93,46.76,47.51,10524.0,48146.933,-1.5786
301503.SZ,20261009,22.2,22.52,21.51,22.34,22.2,9012.58,19864.21043,0.6306
301505.SZ,20261009,18.02,18.02,16.96,17.8,18.03,24435.83,42820.51048,-1.2757
301507.SZ,20261009,13.3,13.59,13.06,13.58,13.29,35754.0,47576.241,2.1821
301508.SZ,20261009,24.1,24.23,23.37,24.08,24.12,11853.0,28226.40436,-0.1658
301509.SZ,20261009,30.1,30.53,28.88,30.31,30.36,32073.0,94907.634,-0.1647
301510.SZ,20261009,26.3,26.66,24.85,25.91,26.45,108236.08,277246.50379,-2.0416
301511.SZ,20261009,92.46,92.83,82.69,87.0,93.87,306228.17,2656907.89605,-7.3186
301512.SZ,20261009,30.6,30.75,28.51,30.04,30.6,15467.1,45552.5452,-1.8301
301513.SZ,20261009,65.86,77.81,63.02,71.89,67.81,116188.92,817661.85086,6.0168
301515.SZ,20261009,20.28,20.32,19.5,20.21,20.19,14465.84,28846.93232,0.0991
301516.SZ,20261009,18.49,18.86,16.74,17.52,18.48,109085.95,191529.94868,-5.1948
301517.SZ,20261009,34.01,34.01,31.57,33.08,34.14,36879.8,119936.6676,-3.1049
301518.SZ,20261009,24.53,24.7,23.51,24.6,24.62,28876.66,69765.73278,-0.0812
301519.SZ,20261009,11.94,12.01,11.32,11.89,11.97,33103.0,38540.40679,-0.6683
301520.SZ,20261009,67.82,70.34,64.15,69.33,67.81,103927.53,698870.36005,2.2416
301522.SZ,20261009,21.58,21.73,20.82,21.3,21.49,48094.48,101799.73702,-0.8841
301525.SZ,20261009,40.55,41.48,38.38,39.98,40.67,29153.35,115536.55895,-1.6966
301526.SZ,20261009,26.41,26.54,23.91,25.28,26.54,1015464.41,2538964.8877,-4.7476
301528.SZ,20261009,65.75,67.0,61.51,66.42,66.2,14371.55,92956.79335,0.3323
301529.SZ,20261009,132.56,135.8,125.01,131.88,133.06,26022.92,336814.14896,-0.8868
301531.SZ,20261009,47.66,47.78,44.75,46.16,48.27,33290.04,153457.37667,-4.3712
301533.SZ,20261009,28.11,28.62,27.33,28.53,28.19,11990.61,33543.96033,1.2061
301535.SZ,20261009,13.48,13.57,12.94,13.49,13.61,22884.0,30296.77,-0.8817
301536.SZ,20261009,114.5,123.6,112.29,119.25,113.28,196621.06,2321965.86303,5.2701
301538.SZ,20261009,38.4,38.4,35.77,37.65,38.2,17221.8,63558.27516,-1.4398
301539.SZ,20261009,15.19,15.29,14.66,15.2,15.2,18472.0,27706.506,0.0
301548.SZ,20261009,52.1,52.2,48.53,51.23,52.55,20036.0,100417.126,-2.5119
301550.SZ,20261009,95.5,104.98,92.33,103.3,96.46,123328.51,1216798.52875,7.091
301551.SZ,20261009,21.36,25.4,21.23,24.18,21.39,211854.48,489276.58695,13.0435
301552.SZ,20261009,24.23,24.55,23.31,24.5,24.26,8723.56,20920.25138,0.9893
301555.SZ,20261009,34.9,35.09,32.9,34.0,34.9,17472.86,59249.36817,-2.5788
301556.SZ,20261009,58.39,61.22,57.26,60.92,58.72,14364.0,85037.549,3.7466
301557.SZ,20261009,76.63,76.64,71.0,74.51,76.63,8229.4,60265.7586,-2.7665
301558.SZ,20261009,6.72,6.96,6.57,6.91,6.78,138188.64,93631.61602,1.9174
301559.SZ,20261009,12.77,12.85,12.52,12.84,12.77,9315.3,11830.4087,0.5482
301560.SZ,20261009,39.34,40.5,35.13,39.93,38.27,117933.6,447942.66204,4.3376
301563.SZ,20261009,102.49,102.5,96.8,101.12,102.73,15731.79,156749.78977,-1.5672
301565.SZ,20261009,19.39,20.16,19.32,19.78,19.59,73237.98,144544.53555,0.9699
301566.SZ,20261009,22.53,22.59,20.81,21.95,22.76,178968.39,386685.88195,-3.5589
301567.SZ,20261009,36.57,36.65,33.15,35.08,36.19,12492.0,43302.899,-3.0671
301568.SZ,20261009,63.71,63.99,57.0,59.75,64.13,40387.67,241000.50699,-6.8299
301571.SZ,20261009,65.84,65.87,61.8,62.96,65.31,42307.47,267776.59525,-3.5982
301575.SZ,20261009,23.84,23.96,22.97,23.88,23.84,29205.23,68465.734,0.1678
301577.SZ,20261009,53.57,53.68,49.26,52.41,53.49,13992.0,71354.551,-2.0191
301578.SZ,20261009,22.98,23.24,21.81,23.04,23.12,13904.37,31263.95061,-0.346
301580.SZ,20261009,48.0,48.32,44.13,46.5,48.28,58603.02,268083.7224,-3.6868
301581.SZ,20261009,34.4,34.98,32.87,34.4,34.48,9110.32,30780.92992,-0.232
301583.SZ,20261009,116.74,117.0,108.5,113.99,117.53,49236.03,554074.19292,-3.012
301584.SZ,20261009,18.39,18.83,18.3,18.81,18.52,24401.99,45428.64894,1.5659
301585.SZ,20261009,27.57,27.89,27.11,27.87,27.57,6909.4,19031.6336,1.0881
301586.SZ,20261009,28.87,28.87,27.55,28.55,28.87,10889.0,30622.5237,-1.1084
301587.SZ,20261009,22.75,23.11,22.2,22.77,22.74,62297.0,141365.92839,0.1319
301588.SZ,20261009,25.56,25.79,24.28,25.56,25.72,31683.13,79290.15985,-0.6221
301589.SZ,20261009,152.0,153.99,150.53,152.68,152.96,7340.61,111751.58699,-0.1831
301590.SZ,20261009,63.59,63.6,60.14,63.2,63.5,9928.19,61569.82339,-0.4724
301591.SZ,20261009,38.88,38.88,35.0,37.35,39.28,68210.26,251800.1295,-4.9134
301592.SZ,20261009,106.3,107.3,98.63,105.97,106.78,17467.43,178873.71095,-0.7586
301595.SZ,20261009,42.72,45.55,41.2,43.48,43.97,13449.0,57675.17,-1.1144
301596.SZ,20261009,42.88,42.89,40.2,42.47,42.98,11330.66,47084.18312,-1.1866
301598.SZ,20261009,50.68,50.77,49.05,50.3,50.83,6064.0,30298.05913,-1.0427
301599.SZ,20261009,36.53,40.35,35.72,36.7,37.0,185035.09,693604.48945,-0.8108
301600.SZ,20261009,73.43,74.65,70.88,74.05,73.43,7858.5,57238.22803,0.8443
301601.SZ,20261009,15.95,16.07,15.25,15.85,16.02,47573.85,74275.3287,-1.0612
301602.SZ,20261009,15.86,16.0,15.48,15.96,15.77,24371.0,38320.546,1.2048
301603.SZ,20261009,110.8,111.6,103.5,110.22,111.67,18340.68,197005.37222,-1.2985
301606.SZ,20261009,45.2,47.78,45.06,47.49,45.73,45939.44,214424.06534,3.8487
301607.SZ,20261009,39.99,40.23,37.11,38.83,40.16,77280.57,299061.82697,-3.3118
301608.SZ,20261009,50.96,53.63,49.49,52.16,51.33,45415.3,234673.62235,1.617
301609.SZ,20261009,30.93,30.93,29.31,30.5,30.92,20261.59,60683.32413,-1.3583
301611.SZ,20261009,80.1,80.1,72.55,77.05,80.17,85532.0,647231.54308,-3.8917
301613.SZ,20261009,34.01,35.17,33.41,34.51,33.96,13644.5,47079.785,1.6196
301616.SZ,20261009,36.75,38.02,36.43,37.32,37.11,14936.12,55282.18003,0.5659
301617.SZ,20261009,53.59,54.58,51.44,53.46,53.9,24904.69,130967.19994,-0.8163
301618.SZ,20261009,30.47,30.76,29.58,30.56,30.49,11967.72,35984.84896,0.2296
301622.SZ,20261009,35.1,35.17,33.35,34.22,35.02,17657.2,60304.39305,-2.2844
301626.SZ,20261009,257.8,263.08,238.0,254.19,261.8,29750.94,743394.12752,-2.9068
301628.SZ,20261009,106.27,106.28,93.5,97.55,106.29,39133.28,385869.01739,-8.2228
301629.SZ,20261009,242.78,243.99,218.26,232.56,242.77,11850.0,272142.24795,-4.2056
301630.SZ,20261009,204.22,206.98,180.88,186.89,206.85,26309.98,507503.42387,-9.6495
301631.SZ,20261009,57.77,57.78,54.2,55.48,57.82,29032.0,160725.31708,-4.047
301632.SZ,20261009,13.22,13.4,12.92,13.39,13.19,36772.33,48456.4963,1.5163
301633.SZ,20261009,58.62,60.6,56.71,59.44,59.06,10467.0,61278.657,0.6434
301636.SZ,20261009,43.92,44.78,42.07,43.42,44.4,39068.55,168132.72485,-2.2072
301638.SZ,20261009,20.36,20.95,19.88,20.9,20.52,74271.85,151697.20791,1.8519
301655.SZ,20261009,23.66,23.67,22.22,23.28,24.1,84717.38,194111.71707,-3.4025
301656.SZ,20261009,13.65,13.73,13.38,13.68,13.77,68597.26,92953.48796,-0.6536
301658.SZ,20261009,22.18,23.71,22.03,22.6,22.0,122470.53,279802.57464,2.7273
301662.SZ,20261009,74.91,78.89,72.68,78.18,76.43,83014.31,631526.5722,2.2897
301665.SZ,20261009,22.1,23.2,21.95,23.03,22.09,45429.93,103523.29698,4.2553
301666.SZ,20261009,316.14,321.0,305.22,318.98,320.0,18484.44,579418.56536,-0.3188
301667.SZ,20261009,57.15,58.55,54.98,57.5,56.92,25360.34,144698.70905,1.019
301668.SZ,20261009,29.69,30.12,29.02,30.1,30.01,14135.9,41655.74973,0.2999
301669.SZ,20261009,25.0,28.52,25.0,26.39,25.29,146429.86,391489.22094,4.3495
301677.SZ,20261009,53.23,53.45,50.78,52.12,54.23,43726.92,226510.26168,-3.8908
301678.SZ,20261009,49.74,51.15,47.38,49.7,50.36,44153.72,217844.7572,-1.3106
301680.SZ,20261009,93.56,94.39,88.29,91.91,94.4,9233.42,84107.41747,-2.6377
301682.SZ,20261009,98.9,99.0,93.18,97.2,99.55,22743.33,217474.09161,-2.3606
301683.SZ,20261009,98.5,99.85,95.88,98.9,98.91,11703.45,114786.38286,-0.0101
301686.SZ,20261009,160.0,160.1,147.71,150.91,160.61,26038.09,396719.11723,-6.0395
301687.SZ,20261009,48.49,48.9,44.53,46.55,48.96,35290.29,163477.61311,-4.9224
301688.SZ,20261009,39.84,40.32,38.5,40.01,40.34,49684.03,195430.63054,-0.818
301689.SZ,20261009,71.0,72.86,66.66,71.01,72.2,185517.31,1300363.29975,-1.6482
301696.SZ,20261009,84.66,85.25,80.65,84.88,85.2,17405.63,144418.87366,-0.3756
301697.SZ,20261009,30.95,30.95,29.17,30.1,31.51,204507.95,612084.93647,-4.4748
301699.SZ,20261009,34.0,34.68,31.58,32.61,34.45,216252.26,705831.0187,-5.3411
301707.SZ,20261009,67.01,67.16,63.64,66.48,67.43,28792.55,188490.20214,-1.4089
301716.SZ,20261009,499.8,565.0,480.0,541.0,504.0,39432.17,2070900.09046,7.3413
301717.SZ,20261009,319.12,321.61,292.58,319.0,321.62,22118.28,678332.7806,-0.8146
302132.SZ,20261009,58.65,59.39,57.1,57.82,58.91,65433.41,378393.7115,-1.8503
600000.SH,20261009,9.7,9.74,9.54,9.54,9.7,947958.49,915309.833,-1.6495
600004.SH,20261009,7.7,7.76,7.66,7.7,7.67,106655.62,82305.288,0.3911
600006.SH,20261009,5.45,5.49,5.27,5.45,5.5,331941.13,178152.735,-0.9091
600007.SH,20261009,20.72,20.83,20.3,20.45,20.71,28800.0,59077.688,-1.2554
600008.SH,20261009,2.76,2.79,2.75,2.77,2.76,686339.6,190712.646,0.3623
600009.SH,20261009,22.65,22.72,22.53,22.57,22.53,61375.99,138767.674,0.1775
600010.SH,20261009,2.1,2.13,2.08,2.12,2.1,3219430.55,677400.683,0.9524
600011.SH,20261009,7.23,7.38,7.22,7.33,7.24,1338670.44,979354.361,1.2431
600012.SH,20261009,15.98,16.78,15.93,16.29,15.94,123893.04,203742.704,2.1957
600015.SH,20261009,6.31,6.35,6.3,6.3,6.31,791636.5,500480.871,-0.1585
600016.SH,20261009,3.55,3.57,3.49,3.49,3.54,2601674.86,915273.422,-1.4124
600017.SH,20261009,2.87,2.9,2.85,2.88,2.86,426652.45,122831.883,0.6993
600018.SH,20261009,5.56,5.58,5.5,5.5,5.54,476838.66,263989.057,-0.722
600019.SH,20261009,5.97,6.01,5.86,5.87,5.97,1050050.57,621841.84,-1.675
600020.SH,20261009,3.89,3.93,3.88,3.92,3.89,101237.16,39624.576,0.7712
600021.SH,20261009,12.92,13.02,12.71,12.87,12.98,203639.0,261081.338,-0.8475
600022.SH,20261009,1.3,1.33,1.3,1.31,1.3,1255577.4,165733.356,0.7692
600023.SH,20261009,5.4,5.42,5.3,5.32,5.38,616963.83,330818.39,-1.1152
600025.SH,20261009,10.09,10.2,10.07,10.11,10.1,299676.7,303769.036,0.099
600026.SH,20261009,23.07,23.6,22.22,23.49,22.62,1556567.21,3582837.246,3.8462
600027.SH,20261009,5.17,5.25,5.14,5.19,5.16,1086770.05,565372.385,0.5814
600028.SH,20261009,5.48,5.52,5.38,5.39,5.48,2546650.13,1387888.21,-1.6423
600029.SH,20261009,4.81,4.85,4.8,4.85,4.81,308968.98,149033.827,0.8316
600030.SH,20261009,25.49,26.02,25.31,25.91,25.4,1057621.45,2720888.49,2.0079
600031.SH,20261009,17.05,17.24,16.82,16.95,17.03,661711.03,1124033.851,-0.4698
600032.SH,20261009,7.7,7.7,7.38,7.58,7.78,684900.0,514187.718,-2.5707
600033.SH,20261009,3.71,3.75,3.7,3.74,3.71,293458.0,109558.423,0.8086
600035.SH,20261009,3.74,3.77,3.72,3.76,3.73,135844.64,50873.426,0.8043
600036.SH,20261009,41.72,42.09,41.42,41.42,41.71,861924.01,3607539.112,-0.6953
600037.SH,20261009,7.14,7.46,7.08,7.44,7.16,345247.62,251213.743,3.9106
600038.SH,20261009,26.7,26.98,26.39,26.57,26.69,45249.68,120360.775,-0.4496
600039.SH,20261009,8.89,8.97,8.81,8.84,8.89,172655.8,152935.476,-0.5624
600048.SH,20261009,5.72,5.83,5.62,5.65,5.77,2031359.1,1154935.383,-2.0797
600050.SH,20261009,4.26,4.3,4.25,4.3,4.27,1256949.23,538313.702,0.7026
600051.SH,20261009,6.4,6.45,6.2,6.38,6.39,60328.0,38059.598,-0.1565
600052.SH,20261009,3.99,4.26,3.94,4.12,3.89,634773.04,259806.754,5.9126
600053.SH,20261009,7.86,7.87,7.37,7.6,7.83,24326.0,18496.889,-2.9374
600054.SH,20261009,10.3,10.41,10.24,10.37,10.29,36271.48,37432.326,0.7775
600055.SH,20261009,10.41,10.52,10.29,10.48,10.38,45589.0,47380.393,0.9634
600056.SH,20261009,8.98,9.17,8.95,9.14,8.98,184338.3,167687.772,1.7817
600057.SH,20261009,6.27,6.33,6.23,6.29,6.23,165493.66,103990.838,0.9631
600058.SH,20261009,8.67,9.0,8.63,8.94,8.68,123253.48,109046.919,2.9954
600059.SH,20261009,12.11,12.25,10.96,11.66,11.88,995418.77,1138714.557,-1.8519
600060.SH,20261009,27.29,27.82,27.0,27.19,27.1,93805.63,257799.482,0.3321
600061.SH,20261009,6.12,6.23,6.1,6.21,6.11,388797.0,239982.616,1.6367
600062.SH,20261009,16.16,16.46,16.14,16.44,16.16,106874.0,175048.582,1.7327
600063.SH,20261009,5.36,5.6,5.31,5.54,5.36,489138.0,267024.529,3.3582
600064.SH,20261009,8.02,8.15,7.99,7.99,8.02,275715.54,222421.468,-0.3741
600066.SH,20261009,26.89,27.22,26.16,27.04,26.89,222080.76,596714.112,0.5578
600067.SH,20261009,2.67,2.73,2.6,2.72,2.67,272497.62,72678.026,1.8727
600071.SH,20261009,15.67,16.24,15.02,16.18,15.67,42881.65,66630.241,3.2546
600072.SH,20261009,9.47,9.5,9.19,9.35,9.47,399077.22,372190.893,-1.2672
600073.SH,20261009,5.48,5.53,5.42,5.43,5.46,110281.83,60148.426,-0.5495
600075.SH,20261009,4.65,4.75,4.6,4.72,4.65,279827.49,130974.925,1.5054
600076.SH,20261009,2.18,2.23,2.13,2.23,2.16,357972.9,78082.936,3.2407
600078.SH,20261009,9.81,10.0,9.63,9.98,9.76,122925.73,120912.667,2.2541
600079.SH,20261009,19.19,19.32,19.01,19.23,19.18,108082.0,207139.602,0.2607
600080.SH,20261009,4.58,4.63,4.51,4.63,4.58,26358.5,12040.677,1.0917
600081.SH,20261009,10.71,10.89,10.13,10.6,10.92,211233.17,220738.016,-2.9304
600082.SH,20261009,3.3,3.3,3.2,3.26,3.3,70687.0,22947.266,-1.2121
600084.SH,20261009,4.28,4.28,4.16,4.26,4.26,30991.0,13042.794,0.0
600085.SH,20261009,23.93,24.45,23.89,24.28,23.93,99427.83,241687.902,1.4626
600088.SH,20261009,13.15,13.89,12.8,13.82,13.09,195261.89,261790.634,5.5768
600089.SH,20261009,17.8,17.82,17.43,17.74,17.79,476841.73,841713.452,-0.2811
600094.SH,20261009,4.39,4.54,4.33,4.43,4.39,486263.51,215165.919,0.9112
600095.SH,20261009,8.52,8.95,8.41,8.9,8.55,909988.58,795661.95,4.0936
600096.SH,20261009,27.85,28.46,27.81,28.32,27.9,175447.39,493564.985,1.5054
600097.SH,20261009,9.23,9.36,9.0,9.36,9.21,30338.0,27833.413,1.6287
600098.SH,20261009,6.47,6.53,6.42,6.43,6.49,185508.58,120025.595,-0.9245
600099.SH,20261009,9.37,9.41,9.02,9.38,9.35,30559.0,28234.706,0.3209
600100.SH,20261009,6.47,6.65,6.37,6.63,6.48,255657.63,166428.548,2.3148
600101.SH,20261009,7.85,7.87,7.68,7.84,7.85,104375.66,80945.082,-0.1274
600103.SH,20261009,3.34,3.43,3.21,3.42,3.36,1343026.4,446753.805,1.7857
600104.SH,20261009,10.9,11.0,10.8,10.83,10.93,351244.08,381696.631,-0.9149
600105.SH,20261009,32.53,33.23,30.78,32.47,33.56,1096185.82,3513044.956,-3.2479
600106.SH,20261009,4.52,4.57,4.38,4.52,4.52,129881.76,58079.04,0.0
600107.SH,20261009,5.62,6.08,5.57,6.0,5.62,26448.76,15485.004,6.7616
600108.SH,20261009,4.0,4.29,3.9,4.24,3.97,2781424.22,1151756.857,6.801
600109.SH,20261009,8.08,8.26,8.03,8.2,8.05,285830.14,233249.763,1.8634
600110.SH,20261009,10.91,10.97,10.22,10.73,11.09,957461.86,1015585.099,-3.2462
600111.SH,20261009,34.4,35.12,34.0,35.01,34.5,400806.14,1386507.93,1.4783
600113.SH,20261009,28.12,29.13,27.77,28.81,28.12,46762.48,133735.421,2.4538
600114.SH,20261009,24.2,24.2,22.96,23.9,24.27,130985.22,308219.014,-1.5245
600115.SH,20261009,3.26,3.31,3.25,3.3,3.26,1519303.76,499064.607,1.227
600116.SH,20261009,6.21,6.27,6.18,6.2,6.21,129931.0,80907.53,-0.161
600117.SH,20261009,2.15,2.19,2.14,2.18,2.16,122995.25,26622.776,0.9259
600118.SH,20261009,56.0,56.46,52.86,54.66,56.47,242015.37,1311352.149,-3.2052
600119.SH,20261009,4.73,4.82,4.67,4.82,4.7,14350.1,6784.686,2.5532
600120.SH,20261009,4.61,4.69,4.6,4.67,4.6,363201.38,168687.752,1.5217
600121.SH,20261009,5.55,5.6,5.33,5.53,5.65,1823503.01,997060.402,-2.1239
600123.SH,20261009,7.01,7.1,6.96,7.07,6.99,181539.34,127534.126,1.1445
600125.SH,20261009,5.28,5.34,5.27,5.32,5.28,86736.31,46075.875,0.7576
600126.SH,20261009,5.83,5.97,5.77,5.95,5.88,270370.7,158757.04,1.1905
600127.SH,20261009,13.8,15.18,13.4,15.18,13.8,2019398.41,2959497.543,10.0
600128.SH,20261009,8.63,8.71,8.38,8.7,8.68,31767.0,27299.325,0.2304
600129.SH,20261009,13.42,14.02,13.28,13.97,13.42,185658.2,256252.815,4.0984
600130.SH,20261009,4.58,5.04,4.43,4.86,4.58,440077.68,209104.683,6.1135
600131.SH,20261009,15.07,15.83,14.93,15.57,15.07,235159.19,360543.417,3.3179
600132.SH,20261009,38.48,38.85,38.35,38.62,38.27,34464.53,133229.468,0.9146
600133.SH,20261009,7.79,7.87,7.68,7.79,7.81,118335.75,92166.223,-0.2561
600135.SH,20261009,7.59,7.59,7.22,7.56,7.59,98331.0,72704.988,-0.3953
600136.SH,20261009,1.46,1.49,1.44,1.48,1.46,77897.0,11379.786,1.3699
600137.SH,20261009,18.11,18.25,17.26,18.07,18.1,15626.0,27707.957,-0.1657
600138.SH,20261009,6.87,7.04,6.87,7.01,6.89,64223.0,44624.723,1.7417
600141.SH,20261009,26.9,27.3,26.66,27.3,26.87,203927.97,551771.348,1.6003
600143.SH,20261009,12.82,13.25,12.82,13.22,12.82,390191.0,511618.802,3.1201
600148.SH,20261009,15.74,15.75,15.1,15.71,15.7,19245.0,29730.568,0.0637
600149.SH,20261009,5.17,5.2,4.96,5.11,5.16,84696.0,42856.708,-0.969
600150.SH,20261009,39.99,40.47,38.18,38.54,39.81,1056024.09,4087925.871,-3.1902
600151.SH,20261009,9.19,9.19,8.76,9.04,9.12,208729.6,186645.248,-0.8772
600152.SH,20261009,8.85,8.96,8.36,8.73,9.18,950525.2,823446.232,-4.902
600153.SH,20261009,8.99,9.13,8.95,9.01,8.96,326951.92,296113.483,0.558
600155.SH,20261009,5.84,6.01,5.84,5.96,5.84,295264.42,175223.703,2.0548
600156.SH,20261009,7.11,7.39,6.8,7.35,7.15,249789.01,176798.643,2.7972
600157.SH,20261009,1.44,1.47,1.44,1.46,1.45,3702490.87,538926.948,0.6897
600158.SH,20261009,6.83,7.02,6.7,6.99,6.86,273601.85,187257.575,1.895
600159.SH,20261009,2.72,2.79,2.65,2.77,2.72,203922.0,55300.202,1.8382
600160.SH,20261009,32.4,33.24,31.71,33.03,32.28,408560.04,1327382.74,2.3234
600161.SH,20261009,12.51,12.86,12.51,12.73,12.55,188011.51,238981.539,1.4343
600162.SH,20261009,4.17,4.19,3.96,4.17,4.16,789490.89,321431.808,0.2404
600163.SH,20261009,5.63,5.66,5.52,5.6,5.67,460217.54,256345.465,-1.2346
600165.SH,20261009,3.3,3.38,3.2,3.38,3.3,157842.0,51694.452,2.4242
600166.SH,20261009,2.77,2.83,2.74,2.82,2.77,966089.26,269238.332,1.8051
600167.SH,20261009,5.86,6.08,5.78,6.05,5.8,217894.97,129214.397,4.3103
600168.SH,20261009,4.42,4.45,4.35,4.43,4.42,45407.0,19984.508,0.2262
600169.SH,20261009,2.19,2.23,2.19,2.22,2.2,115571.0,25595.46,0.9091
600170.SH,20261009,2.22,2.24,2.2,2.23,2.22,987001.9,219350.031,0.4505
600171.SH,20261009,21.21,21.33,20.63,21.23,21.3,94801.88,199055.398,-0.3286
600172.SH,20261009,13.25,13.73,12.62,13.61,13.5,1494619.25,1968038.049,0.8148
600173.SH,20261009,5.93,5.95,5.72,5.93,5.89,57170.0,33412.932,0.6791
600176.SH,20261009,39.0,39.28,36.01,38.57,39.55,2117315.37,7953408.1,-2.4779
600177.SH,20261009,8.4,8.52,8.36,8.37,8.4,309340.83,261103.12,-0.3571
600178.SH,20261009,9.77,10.25,9.59,9.85,9.77,97070.25,95480.706,0.8188
600179.SH,20261009,4.39,4.43,4.34,4.38,4.39,269958.29,118093.887,-0.2278
600180.SH,20261009,1.48,1.48,1.41,1.46,1.46,106588.0,15346.55,0.0
600182.SH,20261009,12.25,12.34,11.97,12.2,12.27,20235.0,24556.27,-0.5705
600183.SH,20261009,126.7,127.04,118.68,124.14,131.86,691572.2,8489130.205,-5.8547
600184.SH,20261009,17.37,17.37,16.21,16.96,17.38,145438.05,243378.924,-2.4166
600185.SH,20261009,4.71,4.77,4.64,4.77,4.69,240623.98,113241.073,1.7058
600186.SH,20261009,11.25,11.26,10.31,10.76,11.46,2133374.25,2248280.264,-6.1082
600187.SH,20261009,1.24,1.25,1.21,1.25,1.24,167329.51,20609.106,0.8065
600188.SH,20261009,20.02,20.77,19.84,20.48,19.95,538870.89,1097698.329,2.6566
600189.SH,20261009,8.72,8.94,8.6,8.76,8.76,394971.49,345478.238,0.0
600191.SH,20261009,8.71,8.92,8.57,8.9,8.73,65030.0,56755.591,1.9473
600192.SH,20261009,7.18,7.22,6.82,7.21,7.21,106377.99,74595.612,0.0
600195.SH,20261009,6.66,6.78,6.59,6.73,6.64,85396.65,57031.583,1.3554
600196.SH,20261009,23.58,24.03,23.54,23.89,23.76,229496.1,546672.821,0.5471
600197.SH,20261009,9.35,9.4,9.24,9.4,9.29,33618.83,31369.553,1.1841
600198.SH,20261009,7.09,7.19,6.92,7.16,7.09,133250.0,93987.05,0.9873
600199.SH,20261009,6.98,7.07,6.81,7.06,6.93,148514.38,103060.087,1.8759
600201.SH,20261009,11.52,11.9,11.35,11.84,11.59,149362.75,173105.743,2.157
600202.SH,20261009,5.14,5.22,5.0,5.21,5.16,64342.0,32867.105,0.969
600203.SH,20261009,9.55,9.68,9.27,9.67,9.64,114796.0,108841.466,0.3112
600206.SH,20261009,43.55,49.0,42.4,47.95,44.64,832777.48,3827215.97,7.4149
600207.SH,20261009,5.17,5.6,4.95,5.6,5.09,493298.04,271154.865,10.0196
600208.SH,20261009,2.85,2.89,2.8,2.86,2.85,912583.73,258369.06,0.3509
600210.SH,20261009,6.42,6.61,6.4,6.6,6.4,425916.0,278871.565,3.125
600211.SH,20261009,36.16,36.79,36.01,36.78,36.16,28792.39,105334.102,1.7146
600212.SH,20261009,5.59,5.71,5.46,5.67,5.63,66471.0,36990.462,0.7105
600215.SH,20261009,6.08,6.1,5.82,6.09,6.06,76137.04,45401.596,0.495
600216.SH,20261009,12.48,12.67,12.38,12.59,12.5,130135.02,163351.769,0.72
600217.SH,20261009,3.29,3.36,3.27,3.34,3.3,164175.23,54466.362,1.2121
600218.SH,20261009,7.99,8.5,7.95,8.43,8.05,267633.62,220678.14,4.7205
600219.SH,20261009,4.86,4.91,4.79,4.88,4.88,1456285.88,705536.797,0.0
600221.SH,20261009,1.21,1.23,1.21,1.22,1.22,1623421.84,197728.672,0.0
600222.SH,20261009,7.62,7.8,7.36,7.78,7.62,135629.38,102877.335,2.0997
600223.SH,20261009,5.73,5.84,5.7,5.83,5.69,116498.59,67348.206,2.4605
600226.SH,20261009,5.14,5.18,4.87,5.04,5.18,961243.88,479802.191,-2.7027
600227.SH,20261009,4.1,4.16,3.8,4.12,4.04,2239297.34,902811.978,1.9802
600228.SH,20261009,9.33,9.55,9.0,9.42,9.33,244230.0,226597.759,0.9646
600229.SH,20261009,5.68,5.93,5.56,5.91,5.67,101377.67,58174.912,4.2328
600230.SH,20261009,13.44,13.82,13.28,13.74,13.58,162353.55,220033.769,1.1782
600231.SH,20261009,1.68,1.72,1.65,1.71,1.69,235989.04,39704.485,1.1834
600232.SH,20261009,6.87,7.03,6.7,6.86,6.88,114027.1,77810.384,-0.2907
600233.SH,20261009,17.89,18.43,17.83,18.21,17.78,275470.68,502897.766,2.4184
600234.SH,20261009,18.72,19.27,17.92,19.04,18.82,25918.11,47922.478,1.169
600235.SH,20261009,5.98,5.98,5.78,5.95,5.94,57755.0,34100.715,0.1684
600236.SH,20261009,9.87,9.97,9.7,9.93,9.87,161502.4,159431.757,0.6079
600237.SH,20261009,8.59,8.64,8.08,8.42,8.84,438787.5,365081.022,-4.7511
600238.SH,20261009,4.05,4.06,3.97,4.04,4.05,27279.0,10937.77,-0.2469
600239.SH,20261009,1.41,1.43,1.39,1.42,1.42,152295.52,21429.651,0.0
600241.SH,20261009,11.76,11.76,11.76,11.76,10.69,58621.66,68939.072,10.0094
600243.SH,20261009,3.57,3.63,3.42,3.49,3.56,44835.0,15631.884,-1.9663
600246.SH,20261009,12.1,12.1,11.21,11.88,12.14,785698.37,918201.003,-2.1417
600248.SH,20261009,2.88,2.92,2.87,2.89,2.87,170132.63,49232.118,0.6969
600249.SH,20261009,5.32,5.45,5.26,5.44,5.34,91820.0,49178.999,1.8727
600250.SH,20261009,8.68,8.84,8.48,8.8,8.73,73958.0,64173.159,0.8018
600251.SH,20261009,10.24,10.43,10.07,10.39,10.33,177712.88,182073.777,0.5808
600252.SH,20261009,2.16,2.27,2.16,2.25,2.17,811053.65,180136.038,3.6866
600255.SH,20261009,3.32,3.35,3.23,3.35,3.34,631487.59,208438.951,0.2994
600256.SH,20261009,7.06,7.33,6.99,7.2,6.8,2792279.06,2000957.759,5.8824
600257.SH,20261009,5.43,5.53,5.29,5.51,5.4,129458.0,69950.309,2.037
600258.SH,20261009,10.75,11.01,10.73,10.97,10.74,180669.43,197027.241,2.1415
600259.SH,20261009,69.98,71.54,68.63,70.9,70.1,72718.85,509323.199,1.1412
600261.SH,20261009,3.25,3.28,3.17,3.27,3.26,206645.0,66572.448,0.3067
600262.SH,20261009,14.5,14.77,14.06,14.7,14.44,47530.2,68508.571,1.8006
600265.SH,20261009,22.62,22.95,22.45,22.88,22.63,7629.0,17298.263,1.1047
600266.SH,20261009,4.38,4.5,4.31,4.45,4.35,579348.56,255144.038,2.2989
600267.SH,20261009,11.63,11.99,11.41,11.94,11.64,303464.92,357395.85,2.5773
600268.SH,20261009,10.32,10.37,10.1,10.29,10.31,108815.72,111236.419,-0.194
600269.SH,20261009,3.83,3.89,3.81,3.87,3.82,219657.17,84841.583,1.3089
600271.SH,20261009,6.57,6.77,6.5,6.75,6.57,149902.2,99440.743,2.7397
600272.SH,20261009,15.43,15.68,14.47,15.65,15.5,245906.21,371369.89,0.9677
600273.SH,20261009,6.28,6.33,6.25,6.3,6.27,135247.17,85199.882,0.4785
600276.SH,20261009,46.64,47.24,45.8,46.85,47.01,628127.98,2925353.823,-0.3404
600278.SH,20261009,6.44,6.62,6.43,6.62,6.46,66756.2,43554.622,2.4768
600279.SH,20261009,4.35,4.4,4.29,4.34,4.35,62948.0,27277.019,-0.2299
600280.SH,20261009,2.97,3.18,2.92,3.17,2.96,567428.0,173200.047,7.0946
600281.SH,20261009,4.65,4.66,4.45,4.66,4.62,119392.0,54468.131,0.8658
600282.SH,20261009,4.61,4.69,4.58,4.61,4.61,518554.0,240727.316,0.0
600283.SH,20261009,8.06,8.07,7.95,8.06,8.03,19705.4,15791.438,0.3736
600284.SH,20261009,5.12,5.24,5.12,5.23,5.15,164675.94,85462.762,1.5534
600285.SH,20261009,19.15,19.8,19.09,19.66,19.08,144375.25,282320.913,3.0398
600287.SH,20261009,5.0,5.07,4.87,5.04,5.01,40646.0,20186.47,0.5988
600288.SH,20261009,10.21,10.5,9.98,10.48,10.21,134750.51,137794.66,2.6445
600289.SH,20261009,4.83,5.04,4.62,4.98,4.83,86666.0,41909.129,3.1056
600292.SH,20261009,11.46,11.46,11.21,11.31,11.4,59703.06,67478.558,-0.7895
600295.SH,20261009,13.15,13.4,13.06,13.21,13.13,77613.31,102741.889,0.6093
600298.SH,20261009,38.08,38.35,37.37,37.86,37.97,60868.0,230505.634,-0.2897
600299.SH,20261009,8.3,8.5,8.28,8.48,8.35,256583.45,215799.324,1.5569
600300.SH,20261009,3.1,3.17,3.08,3.16,3.08,303438.0,94909.538,2.5974
600301.SH,20261009,48.6,49.55,48.16,48.99,48.71,107575.79,525342.204,0.5748
600302.SH,20261009,6.76,6.82,6.48,6.8,6.76,28129.0,18702.231,0.5917
600303.SH,20261009,3.19,3.19,2.97,3.13,3.17,340909.0,104435.788,-1.2618
600305.SH,20261009,6.77,6.89,6.77,6.85,6.77,103802.36,71050.55,1.1817
600307.SH,20261009,1.45,1.48,1.45,1.48,1.46,416105.0,61041.052,1.3699
600308.SH,20261009,3.25,3.29,3.23,3.29,3.25,74307.89,24249.238,1.2308
600309.SH,20261009,69.79,70.56,69.45,70.2,69.79,198269.77,1388559.821,0.5875
600310.SH,20261009,5.0,5.07,4.7,4.85,4.97,1384222.83,665637.346,-2.4145
600312.SH,20261009,20.31,20.68,20.2,20.58,20.53,155138.85,317492.88,0.2435
600313.SH,20261009,6.9,7.37,6.76,7.35,6.88,1075042.48,764048.228,6.8314
600315.SH,20261009,18.46,19.58,18.46,19.45,18.5,183513.7,350096.459,5.1351
600316.SH,20261009,32.49,32.76,30.8,31.56,32.42,107003.78,336506.979,-2.6527
600318.SH,20261009,6.7,7.16,6.63,7.12,6.72,289666.27,199219.117,5.9524
600319.SH,20261009,6.3,6.34,6.09,6.32,6.3,44751.0,27799.76,0.3175
600320.SH,20261009,4.09,4.14,4.05,4.12,4.08,390563.34,159988.022,0.9804
600322.SH,20261009,2.82,2.85,2.73,2.83,2.82,368996.4,102832.218,0.3546
600323.SH,20261009,29.8,30.27,29.6,29.81,29.76,51555.59,154725.239,0.168
600325.SH,20261009,2.86,2.92,2.79,2.89,2.86,1256499.79,358204.582,1.049
600326.SH,20261009,6.51,6.64,6.4,6.63,6.53,159931.22,104287.322,1.5314
600327.SH,20261009,3.84,3.99,3.78,3.98,3.83,171855.43,66864.397,3.9164
600328.SH,20261009,5.7,5.8,5.69,5.79,5.7,157423.77,90507.096,1.5789
600329.SH,20261009,35.59,36.04,35.53,35.8,35.54,26442.99,94886.521,0.7316
600330.SH,20261009,23.85,24.1,22.22,23.23,24.21,954804.76,2207907.225,-4.0479
600331.SH,20261009,11.58,11.83,11.37,11.71,11.55,298224.47,346568.414,1.3853
600332.SH,20261009,19.69,20.04,19.69,19.97,19.69,110915.07,221156.861,1.422
600333.SH,20261009,6.81,7.0,6.62,6.87,6.84,217079.05,147339.05,0.4386
600335.SH,20261009,5.22,5.28,5.17,5.28,5.2,131420.1,68743.005,1.5385
600336.SH,20261009,6.13,6.22,5.94,6.22,6.14,75526.0,45831.891,1.3029
600337.SH,20261009,3.66,3.66,3.37,3.5,3.74,551025.16,190155.852,-6.4171
600338.SH,20261009,12.07,12.3,11.8,12.28,11.99,296498.61,358448.676,2.4187
600339.SH,20261009,3.36,3.41,3.33,3.35,3.37,691630.74,233112.366,-0.5935
600340.SH,20261009,1.33,1.38,1.29,1.32,1.34,975082.9,129517.488,-1.4925
600343.SH,20261009,19.0,19.03,17.43,18.39,19.1,303268.51,549864.579,-3.7173
600345.SH,20261009,46.0,46.18,43.38,45.58,46.42,63858.88,285822.325,-1.8096
600346.SH,20261009,16.32,16.6,16.2,16.45,16.4,220715.38,361751.356,0.3049
600348.SH,20261009,9.14,9.2,9.05,9.08,9.09,252871.97,230083.862,-0.11
600350.SH,20261009,10.27,10.71,10.26,10.58,10.26,221394.97,233932.663,3.1189
600351.SH,20261009,6.81,7.08,6.78,7.07,6.82,392235.32,273846.699,3.6657
600352.SH,20261009,12.29,12.52,12.17,12.48,12.35,344975.96,427388.746,1.0526
600353.SH,20261009,27.2,27.35,24.95,26.41,27.55,456695.77,1189194.115,-4.1379
600354.SH,20261009,9.26,9.99,8.9,9.99,9.08,1249456.07,1198876.915,10.022
600356.SH,20261009,10.7,10.94,10.32,10.73,10.8,165222.92,175188.232,-0.6481
600358.SH,20261009,5.6,5.63,5.44,5.54,5.47,89465.0,49258.153,1.2797
600359.SH,20261009,7.3,7.7,7.18,7.66,7.31,329266.75,245516.692,4.788
600360.SH,20261009,10.19,10.32,9.91,10.21,10.24,417005.6,421574.813,-0.293
600361.SH,20261009,3.45,3.51,3.44,3.5,3.45,370896.0,128934.448,1.4493
600362.SH,20261009,41.45,42.66,41.06,42.51,41.89,314191.58,1314805.24,1.4801
600363.SH,20261009,10.66,10.7,9.92,10.26,10.98,892241.85,914641.423,-6.5574
600365.SH,20261009,2.87,2.87,2.77,2.81,2.86,21468.0,6012.482,-1.7483
600366.SH,20261009,10.89,10.91,10.41,10.88,10.81,270908.5,288754.076,0.6475
600367.SH,20261009,32.55,32.56,30.46,32.1,32.62,216617.65,685128.794,-1.5941
600368.SH,20261009,4.24,4.28,4.23,4.24,4.27,201619.47,85606.411,-0.7026
600369.SH,20261009,3.89,3.96,3.88,3.94,3.88,335573.18,131853.125,1.5464
600370.SH,20261009,1.36,1.36,1.29,1.34,1.36,225025.43,29828.471,-1.4706
600371.SH,20261009,13.73,14.97,13.32,14.97,13.61,653956.93,949505.124,9.9927
600372.SH,20261009,11.16,11.26,10.98,11.19,11.16,190442.43,211872.922,0.2688
600373.SH,20261009,7.37,7.85,7.37,7.81,7.37,283434.11,216510.33,5.9701
600375.SH,20261009,3.64,3.72,3.58,3.7,3.65,187465.17,68397.463,1.3699
600376.SH,20261009,3.19,3.29,3.09,3.23,3.2,622459.23,197081.061,0.9375
600377.SH,20261009,13.19,13.5,13.19,13.49,13.19,177613.0,238530.205,2.2745
600378.SH,20261009,39.99,40.47,38.4,39.91,40.5,270757.51,1067524.108,-1.4568
600379.SH,20261009,13.42,13.51,12.75,13.43,13.45,100030.0,131397.728,-0.1487
600380.SH,20261009,9.87,10.17,9.86,10.13,9.9,240471.01,242051.596,2.3232
600381.SH,20261009,4.1,4.13,3.94,4.13,4.12,32317.42,13067.81,0.2427
600382.SH,20261009,5.7,5.7,5.5,5.69,5.67,98068.0,54985.539,0.3527
600383.SH,20261009,2.57,2.62,2.48,2.54,2.57,1726372.4,436509.358,-1.1673
600386.SH,20261009,3.5,3.61,3.44,3.59,3.52,86881.0,30580.448,1.9886
600388.SH,20261009,16.9,17.3,16.76,17.07,16.79,113961.24,195281.993,1.6677
600389.SH,20261009,17.95,18.18,17.8,18.11,17.95,53414.33,96396.183,0.8914
600390.SH,20261009,4.8,4.89,4.8,4.87,4.81,358140.49,173794.06,1.2474
600391.SH,20261009,39.18,39.37,36.09,37.41,39.38,164306.0,611867.026,-5.0025
600392.SH,20261009,19.63,19.91,18.88,19.84,19.7,388662.16,755713.647,0.7107
600395.SH,20261009,5.07,5.14,5.04,5.11,5.07,302522.64,154058.743,0.789
600396.SH,20261009,12.55,12.55,11.7,12.23,12.56,803038.88,962636.487,-2.6274
600397.SH,20261009,15.49,15.49,14.67,15.35,15.72,471072.0,709207.301,-2.3537
600398.SH,20261009,5.85,6.05,5.85,6.01,5.85,508687.43,304645.342,2.735
600399.SH,20261009,4.32,4.38,4.24,4.27,4.3,384433.0,164865.326,-0.6977
600400.SH,20261009,3.7,3.98,3.64,3.98,3.62,1949690.93,744163.051,9.9448
600403.SH,20261009,7.31,7.56,7.0,7.53,7.41,1222360.57,900356.471,1.6194
600405.SH,20261009,4.88,4.9,4.72,4.85,4.88,83495.0,40180.567,-0.6148
600406.SH,20261009,22.78,22.93,22.4,22.4,22.86,466398.56,1053867.051,-2.0122
600408.SH,20261009,3.49,3.78,3.31,3.78,3.44,2105631.62,750030.326,9.8837
600409.SH,20261009,6.32,6.42,6.21,6.34,6.32,233322.0,147072.941,0.3165
600410.SH,20261009,13.79,14.07,13.18,13.98,13.92,547638.18,745620.062,0.431
600415.SH,20261009,10.83,11.1,10.73,11.05,10.83,336373.32,367542.196,2.0314
600416.SH,20261009,8.22,8.31,8.12,8.28,8.24,110568.0,90891.719,0.4854
600418.SH,20261009,22.25,23.2,22.25,22.75,24.72,2827870.28,6346789.424,-7.9693
600419.SH,20261009,9.18,9.41,9.14,9.33,9.15,111483.3,103596.354,1.9672
600420.SH,20261009,8.42,8.54,8.4,8.51,8.42,90169.79,76597.486,1.0689
600422.SH,20261009,8.18,8.4,8.18,8.36,8.18,91350.0,75956.119,2.2005
600423.SH,20261009,2.66,2.69,2.63,2.69,2.67,18672.0,4964.658,0.7491
600425.SH,20261009,3.61,3.69,3.61,3.66,3.63,129294.1,47113.469,0.8264
600426.SH,20261009,19.73,20.21,19.73,20.12,19.82,292175.66,586116.064,1.5136
600428.SH,20261009,10.97,11.06,10.67,10.95,10.98,395671.6,432038.797,-0.2732
600429.SH,20261009,4.8,4.94,4.75,4.94,4.81,177427.0,86252.129,2.7027
600433.SH,20261009,3.26,3.34,3.23,3.32,3.28,237557.82,77953.078,1.2195
600435.SH,20261009,11.04,11.07,10.68,11.02,11.02,133020.37,144507.201,0.0
600436.SH,20261009,117.51,120.5,117.51,119.82,118.19,26601.93,316985.239,1.3791
600438.SH,20261009,11.43,11.73,11.18,11.65,11.44,489232.48,562508.204,1.8357
600439.SH,20261009,1.84,1.87,1.83,1.87,1.84,75860.71,14025.17,1.6304
600444.SH,20261009,14.5,14.65,13.96,14.45,14.5,25774.0,36726.892,-0.3448
600446.SH,20261009,10.14,10.7,9.98,10.68,10.15,214360.88,222804.483,5.2217
600448.SH,20261009,3.08,3.11,2.95,3.11,3.06,558229.06,169490.048,1.634
600449.SH,20261009,12.33,12.34,11.95,12.24,12.32,73754.0,89427.797,-0.6494
600452.SH,20261009,8.82,8.87,8.75,8.85,8.82,150688.19,132801.91,0.3401
600455.SH,20261009,24.52,24.87,23.39,24.71,24.52,15116.0,36487.739,0.7749
600456.SH,20261009,24.65,24.8,24.23,24.7,24.51,36870.0,90575.129,0.7752
600458.SH,20261009,11.08,11.28,10.92,11.27,10.76,416038.24,463490.73,4.7398
600459.SH,20261009,17.87,18.15,17.5,18.09,17.97,119316.11,212832.39,0.6678
600460.SH,20261009,29.2,29.52,27.8,29.09,29.64,671117.48,1923131.76,-1.8556
600461.SH,20261009,8.89,9.05,8.88,8.92,8.89,198900.72,178677.718,0.3375
600463.SH,20261009,8.25,8.42,7.83,8.19,8.21,45877.0,36993.475,-0.2436
600467.SH,20261009,2.38,2.45,2.36,2.45,2.39,373431.97,89692.98,2.5105
600468.SH,20261009,5.86,5.93,5.65,5.92,5.89,164589.4,95163.435,0.5093
600469.SH,20261009,4.94,5.03,4.92,5.02,4.93,69262.5,34483.533,1.8256
600470.SH,20261009,5.53,5.66,5.42,5.63,5.51,181007.67,100295.537,2.1779
600475.SH,20261009,14.59,14.77,14.22,14.53,14.4,68420.22,99060.949,0.9028
600476.SH,20261009,9.91,9.98,9.68,9.91,9.86,10098.01,9926.137,0.5071
600477.SH,20261009,2.41,2.45,2.36,2.44,2.41,263684.7,63476.215,1.2448
600478.SH,20261009,4.64,5.1,4.62,5.1,4.64,613826.29,308873.445,9.9138
600479.SH,20261009,12.12,12.48,11.75,12.44,12.13,484477.0,591594.859,2.5556
600480.SH,20261009,7.65,7.79,7.53,7.77,7.65,131874.71,101097.282,1.5686
600481.SH,20261009,3.97,4.05,3.88,4.04,3.97,312914.18,124247.878,1.7632
600482.SH,20261009,34.96,34.96,32.53,33.46,34.68,207645.2,691786.149,-3.5179
600483.SH,20261009,11.3,11.34,11.18,11.23,11.22,193602.44,218291.15,0.0891
600486.SH,20261009,51.55,52.96,51.28,52.58,51.55,31349.84,164278.936,1.9981
600487.SH,20261009,51.88,53.25,49.63,52.95,52.7,1435745.58,7392176.815,0.4744
600488.SH,20261009,6.49,6.54,6.23,6.47,6.52,922717.02,590755.037,-0.7669
600489.SH,20261009,21.68,23.05,21.68,22.95,21.48,922033.11,2066211.816,6.8436
600490.SH,20261009,6.79,6.88,6.65,6.83,6.71,302259.2,204558.406,1.7884
600491.SH,20261009,1.49,1.5,1.4,1.48,1.5,448886.0,65277.444,-1.3333
600493.SH,20261009,6.59,6.6,6.32,6.54,6.58,64111.0,41463.423,-0.6079
600495.SH,20261009,4.07,4.11,4.03,4.1,4.07,98076.43,39979.687,0.7371
600496.SH,20261009,3.36,3.37,3.3,3.34,3.35,296924.6,98956.323,-0.2985
600497.SH,20261009,8.75,8.93,8.58,8.91,8.8,642798.33,563109.524,1.25
600498.SH,20261009,33.9,34.15,31.96,33.65,34.49,604155.21,2002714.451,-2.4355
600499.SH,20261009,11.31,11.41,11.13,11.3,11.43,263680.97,297595.203,-1.1374
600500.SH,20261009,5.01,5.09,4.9,5.03,5.07,766883.62,382383.029,-0.789
600501.SH,20261009,14.89,14.97,14.06,14.63,14.73,86941.24,125550.305,-0.6789
600502.SH,20261009,4.24,4.28,4.22,4.25,4.24,334196.36,142100.349,0.2358
600503.SH,20261009,2.51,2.56,2.4,2.52,2.53,1033425.38,255883.599,-0.3953
600505.SH,20261009,10.58,10.6,10.31,10.49,10.59,54932.42,57200.007,-0.9443
600506.SH,20261009,16.04,16.1,15.3,16.03,16.03,112174.3,176176.587,0.0
600507.SH,20261009,4.13,4.18,4.09,4.1,4.12,246294.01,101828.897,-0.4854
600508.SH,20261009,10.64,10.78,10.51,10.67,10.65,179470.13,191242.672,0.1878
600509.SH,20261009,7.25,7.3,7.16,7.28,7.26,156867.53,113496.773,0.2755
600510.SH,20261009,6.28,6.33,6.0,6.25,6.24,100482.81,61976.183,0.1603
600511.SH,20261009,26.3,26.8,26.2,26.67,26.29,55233.11,147099.275,1.4454
600512.SH,20261009,2.07,2.11,2.05,2.11,2.08,247912.0,51569.776,1.4423
600513.SH,20261009,16.46,16.98,15.92,16.28,16.6,386084.54,632873.481,-1.9277
600515.SH,20261009,2.7,2.76,2.68,2.75,2.7,865639.98,235634.993,1.8519
600516.SH,20261009,5.27,5.41,5.26,5.39,5.29,503319.18,269832.62,1.8904
600517.SH,20261009,5.0,5.04,4.94,5.0,5.0,197825.18,98676.72,0.0
600518.SH,20261009,1.32,1.35,1.31,1.35,1.33,1491976.14,198820.575,1.5038
600519.SH,20261009,1255.42,1282.0,1255.42,1263.0,1255.79,35110.51,4453223.189,0.5741
600520.SH,20261009,23.41,23.41,21.42,22.6,23.41,86544.0,192699.111,-3.4601
600521.SH,20261009,16.77,17.46,16.58,17.45,16.65,721995.28,1238170.946,4.8048
600522.SH,20261009,30.0,30.34,28.48,30.09,30.49,1490511.67,4382802.445,-1.3119
600523.SH,20261009,11.7,11.75,11.43,11.72,11.7,40287.4,46698.036,0.1709
600525.SH,20261009,4.76,4.79,4.58,4.74,4.79,157907.0,74124.696,-1.0438
600526.SH,20261009,4.7,4.72,4.63,4.71,4.7,66555.87,31123.796,0.2128
600527.SH,20261009,2.16,2.21,2.13,2.21,2.17,453560.0,98449.903,1.8433
600528.SH,20261009,6.86,6.91,6.84,6.86,6.84,114831.49,78960.011,0.2924
600529.SH,20261009,18.12,18.39,18.09,18.28,18.1,58298.15,106594.614,0.9945
600530.SH,20261009,3.69,3.73,3.62,3.71,3.69,30629.03,11232.507,0.542
600531.SH,20261009,11.0,11.23,10.81,11.19,10.97,304453.83,335924.031,2.0055
600533.SH,20261009,2.24,2.3,2.18,2.27,2.24,202893.91,45367.019,1.3393
600535.SH,20261009,14.03,14.28,14.02,14.2,14.01,164597.2,233526.549,1.3562
600536.SH,20261009,30.17,31.42,29.8,31.32,30.21,139742.18,428247.671,3.6743
600537.SH,20261009,2.09,2.1,2.01,2.07,2.09,207081.0,42644.8,-0.9569
600538.SH,20261009,4.78,4.82,4.63,4.82,4.78,71281.0,33723.829,0.8368
600539.SH,20261009,13.24,13.39,12.6,13.37,13.3,83097.0,108311.666,0.5263
600540.SH,20261009,5.49,5.77,5.31,5.76,5.44,1100639.67,610747.868,5.8824
600543.SH,20261009,4.07,4.09,3.96,4.08,4.07,12778.0,5155.815,0.2457
600545.SH,20261009,3.82,3.84,3.48,3.66,3.85,820046.44,296192.162,-4.9351
600546.SH,20261009,13.56,13.95,13.5,13.9,13.56,211013.13,290477.109,2.5074
600547.SH,20261009,26.67,27.45,26.3,27.17,26.43,1178871.49,3171980.39,2.7998
600548.SH,20261009,8.16,8.35,8.13,8.34,8.16,71847.89,59457.381,2.2059
600549.SH,20261009,42.97,43.4,41.55,43.05,43.19,319506.09,1357767.468,-0.3241
600550.SH,20261009,10.49,10.49,10.12,10.33,10.42,184831.9,189763.064,-0.8637
600551.SH,20261009,7.95,8.26,7.8,8.23,7.95,256863.41,206942.764,3.522
600552.SH,20261009,15.73,15.79,14.39,15.12,15.99,599656.04,900763.044,-5.4409
600556.SH,20261009,4.5,4.8,4.43,4.77,4.48,603101.05,278851.695,6.4732
600557.SH,20261009,12.22,12.44,11.97,12.4,12.22,73642.02,90510.823,1.473
600558.SH,20261009,4.87,5.05,4.78,4.96,4.9,237470.38,116445.097,1.2245
600559.SH,20261009,11.03,11.12,10.96,11.09,10.95,103456.15,114340.195,1.2785
600560.SH,20261009,11.3,11.43,10.98,11.39,11.37,21780.0,24429.404,0.1759
600561.SH,20261009,6.09,6.14,5.85,6.06,6.09,48687.0,29032.123,-0.4926
600562.SH,20261009,26.39,26.67,25.13,26.48,26.44,106283.7,275607.858,0.1513
600563.SH,20261009,113.48,113.9,109.34,113.1,113.49,28701.17,320414.556,-0.3436
600566.SH,20261009,26.02,26.99,25.79,26.7,26.02,113613.58,303812.177,2.6134
600567.SH,20261009,1.31,1.33,1.31,1.32,1.31,468699.34,61768.999,0.7634
600568.SH,20261009,2.28,2.29,2.24,2.26,2.28,71151.0,16053.386,-0.8772
600569.SH,20261009,1.77,1.81,1.76,1.8,1.77,188765.41,33736.837,1.6949
600570.SH,20261009,18.81,19.52,18.61,19.49,18.83,204899.26,390777.455,3.505
600571.SH,20261009,10.02,10.65,9.9,10.6,10.07,109660.2,113000.385,5.2632
600572.SH,20261009,4.31,4.43,4.29,4.41,4.3,615229.43,268991.865,2.5581
600573.SH,20261009,11.1,11.94,10.99,11.76,11.11,215250.99,245029.133,5.8506
600575.SH,20261009,3.23,3.29,3.22,3.26,3.23,409739.0,133551.822,0.9288
600576.SH,20261009,5.18,5.27,5.12,5.26,5.19,52505.63,27249.76,1.3487
600577.SH,20261009,8.8,8.84,8.52,8.66,8.84,787927.71,682260.938,-2.0362
600578.SH,20261009,5.34,5.38,5.26,5.35,5.36,493047.02,262263.484,-0.1866
600579.SH,20261009,7.0,7.04,6.81,7.04,7.01,42100.0,29199.056,0.428
600580.SH,20261009,25.27,25.64,24.44,25.56,25.35,230982.09,578118.858,0.8284
600581.SH,20261009,2.46,2.48,2.41,2.48,2.45,71807.0,17479.593,1.2245
600582.SH,20261009,4.96,5.04,4.93,5.01,4.96,302886.12,151914.913,1.0081
600583.SH,20261009,6.58,6.7,6.51,6.59,6.61,432337.3,284763.701,-0.3026
600584.SH,20261009,62.03,63.18,58.73,62.74,62.6,685195.67,4177850.375,0.2236
600585.SH,20261009,17.3,17.54,17.3,17.39,17.38,196206.83,341271.907,0.0575
600586.SH,20261009,3.95,3.99,3.87,3.97,3.94,130325.0,51210.685,0.7614
600587.SH,20261009,12.9,13.12,12.62,13.12,12.99,143916.56,185888.057,1.0008
600588.SH,20261009,9.01,9.39,8.83,9.37,9.01,491094.17,447736.62,3.9956
600589.SH,20261009,7.09,7.13,6.78,7.12,7.09,384280.8,266876.795,0.4231
600590.SH,20261009,8.0,8.0,7.64,7.94,8.02,200676.24,156675.099,-0.9975
600592.SH,20261009,15.43,15.51,14.74,15.32,15.55,207239.8,312658.127,-1.4791
600593.SH,20261009,49.0,49.85,47.01,48.7,48.97,113000.0,544447.983,-0.5514
600594.SH,20261009,3.58,3.69,3.52,3.68,3.59,231692.28,83745.403,2.507
600595.SH,20261009,5.95,6.1,5.93,6.08,5.99,585847.13,352562.23,1.5025
600596.SH,20261009,10.48,10.98,10.48,10.95,10.48,462075.87,499765.566,4.4847
600597.SH,20261009,6.89,7.08,6.89,7.04,6.86,164113.39,115147.575,2.6239
600598.SH,20261009,12.7,13.21,12.6,13.16,12.64,401235.66,520758.664,4.1139
600600.SH,20261009,50.48,51.3,50.47,51.21,50.42,57338.24,292608.98,1.5668
600601.SH,20261009,12.42,12.46,11.39,11.93,12.65,2362011.31,2792474.427,-5.6917
600602.SH,20261009,15.64,16.02,15.32,15.98,15.71,155349.43,243417.811,1.7187
600603.SH,20261009,4.79,5.1,4.78,5.06,4.74,267723.9,132985.915,6.7511
600604.SH,20261009,4.7,4.8,4.63,4.76,4.74,171922.0,81007.991,0.4219
600605.SH,20261009,29.1,29.8,27.9,29.4,29.1,54366.6,156812.799,1.0309
600606.SH,20261009,1.47,1.5,1.44,1.48,1.47,2001200.23,292601.274,0.6803
600609.SH,20261009,3.5,3.58,3.42,3.58,3.53,399612.75,139303.519,1.4164
600610.SH,20261009,7.56,7.74,7.37,7.71,7.56,219287.21,166196.542,1.9841
600611.SH,20261009,4.23,4.34,4.16,4.33,4.25,340088.53,144470.13,1.8824
600612.SH,20261009,31.65,32.18,31.48,32.14,31.37,19177.2,61206.798,2.4546
600613.SH,20261009,8.36,8.75,7.94,8.72,8.2,906991.5,763684.701,6.3415
600615.SH,20261009,9.63,10.48,9.43,9.89,9.66,100167.14,98635.829,2.381
600616.SH,20261009,5.27,5.3,4.91,5.15,5.18,310880.36,157497.224,-0.5792
600617.SH,20261009,4.1,4.1,3.58,3.72,3.74,2095629.81,788142.37,-0.5348
600618.SH,20261009,9.87,10.02,9.76,9.98,9.85,62272.46,61769.636,1.3198
600619.SH,20261009,13.38,13.79,13.32,13.61,13.39,304914.48,414108.67,1.643
600620.SH,20261009,4.35,4.39,4.19,4.37,4.32,70539.0,30258.407,1.1574
600621.SH,20261009,13.23,14.48,13.16,14.48,13.16,500735.04,702519.115,10.0304
600622.SH,20261009,2.46,2.55,2.41,2.5,2.48,336093.2,83036.742,0.8065
600623.SH,20261009,8.7,8.8,8.6,8.72,8.69,127917.56,111242.379,0.3452
600624.SH,20261009,4.69,4.71,4.58,4.63,4.69,36265.94,16721.447,-1.2793
600626.SH,20261009,3.73,3.79,3.65,3.79,3.72,114835.01,42687.178,1.8817
600628.SH,20261009,6.34,6.48,6.28,6.46,6.35,75882.01,48519.402,1.7323
600629.SH,20261009,16.38,18.02,16.08,18.02,16.38,354470.84,616352.447,10.0122
600630.SH,20261009,7.59,7.93,7.39,7.92,7.66,504423.59,387417.088,3.3943
600633.SH,20261009,9.83,10.22,9.76,10.19,9.83,199358.46,199185.382,3.6623
600635.SH,20261009,4.51,4.55,4.43,4.49,4.5,300608.42,134584.198,-0.2222
600637.SH,20261009,8.47,8.79,8.36,8.76,8.48,435233.21,373228.574,3.3019
600638.SH,20261009,5.24,5.33,5.11,5.26,5.26,146805.96,76494.343,0.0
600639.SH,20261009,10.06,10.19,9.86,9.86,10.07,103095.33,102687.751,-2.0854
600640.SH,20261009,12.25,13.03,12.17,12.94,12.28,224573.04,284374.624,5.3746
600641.SH,20261009,44.2,45.87,41.45,44.66,45.32,732773.92,3217837.257,-1.4563
600642.SH,20261009,9.14,9.2,9.07,9.08,9.09,252443.55,230551.177,-0.11
600643.SH,20261009,4.01,4.14,3.98,4.12,4.01,180462.67,73330.553,2.7431
600644.SH,20261009,9.08,9.08,8.6,8.88,9.08,235103.67,206200.494,-2.2026
600645.SH,20261009,18.8,19.13,18.21,19.1,18.68,90561.45,169036.872,2.2484
600648.SH,20261009,9.74,9.82,9.45,9.59,9.81,44159.31,42461.914,-2.2426
600649.SH,20261009,4.0,4.06,3.94,4.03,3.99,316981.03,126552.799,1.0025
600650.SH,20261009,10.25,10.38,10.08,10.38,10.24,26949.0,27587.155,1.3672
600651.SH,20261009,4.9,5.05,4.9,5.03,4.92,197846.7,98484.71,2.2358
600653.SH,20261009,1.65,1.7,1.62,1.69,1.66,432360.86,71699.036,1.8072
600654.SH,20261009,2.96,3.12,2.91,3.1,2.97,768284.65,232342.754,4.3771
600655.SH,20261009,4.6,4.72,4.59,4.68,4.58,214768.51,100310.242,2.1834
600657.SH,20261009,3.34,3.42,3.23,3.34,3.35,759205.47,250476.059,-0.2985
600658.SH,20261009,4.13,4.2,4.02,4.19,4.13,172097.0,70696.395,1.4528
600660.SH,20261009,51.64,54.3,51.57,54.0,51.65,189023.96,1012166.155,4.5499
600661.SH,20261009,9.55,9.73,9.27,9.61,9.52,104917.24,99826.905,0.9454
600662.SH,20261009,4.25,4.33,4.21,4.32,4.24,150611.0,64314.757,1.8868
600663.SH,20261009,11.21,11.54,10.01,10.15,11.12,892669.18,939631.958,-8.723
600664.SH,20261009,7.17,7.42,6.82,7.39,7.24,4294503.81,3049962.226,2.0718
600665.SH,20261009,3.33,3.38,3.21,3.34,3.35,136275.15,44798.466,-0.2985
600666.SH,20261009,3.15,3.2,3.05,3.19,3.14,580033.0,181025.88,1.5924
600667.SH,20261009,16.51,16.52,15.27,16.32,16.55,1357941.06,2155007.895,-1.3897
600668.SH,20261009,7.38,7.46,7.32,7.45,7.38,41005.97,30339.848,0.9485
600671.SH,20261009,22.84,22.95,21.61,22.92,22.87,31924.26,70723.969,0.2186
600673.SH,20261009,29.85,29.88,28.12,29.76,30.15,245346.21,708739.894,-1.2935
600674.SH,20261009,16.93,17.2,16.85,17.04,16.91,439953.38,751341.033,0.7688
600675.SH,20261009,2.41,2.47,2.38,2.43,2.42,553293.4,133638.658,0.4132
600676.SH,20261009,6.5,6.69,6.47,6.67,6.5,76162.1,50133.931,2.6154
600678.SH,20261009,5.54,5.57,5.36,5.54,5.54,77091.0,42104.231,0.0
600679.SH,20261009,10.66,10.79,10.47,10.77,10.68,46351.01,49345.514,0.8427
600681.SH,20261009,3.63,3.64,3.56,3.59,3.63,240675.0,86332.867,-1.1019
600682.SH,20261009,5.73,5.87,5.66,5.86,5.75,148042.33,85445.236,1.913
600683.SH,20261009,8.77,8.86,8.34,8.84,8.74,164964.0,141849.948,1.1442
600684.SH,20261009,3.61,3.67,3.52,3.64,3.61,157719.63,56635.034,0.831
600685.SH,20261009,29.39,29.52,27.84,28.41,29.19,155566.85,441192.237,-2.6721
600686.SH,20261009,10.98,11.1,10.73,11.04,11.05,176662.62,192659.999,-0.0905
600688.SH,20261009,2.81,2.84,2.79,2.83,2.81,657241.35,185027.431,0.7117
600689.SH,20261009,11.95,11.95,11.4,11.89,11.89,27047.0,31543.865,0.0
600690.SH,20261009,20.43,20.95,20.43,20.81,20.43,302208.53,627331.209,1.86
600691.SH,20261009,2.76,2.8,2.71,2.8,2.76,392992.61,108288.806,1.4493
600692.SH,20261009,6.72,6.78,6.39,6.63,6.69,85709.0,56148.065,-0.8969
600693.SH,20261009,9.5,10.25,9.36,10.16,9.47,1032465.79,1018534.273,7.2862
600694.SH,20261009,14.4,14.82,14.38,14.8,14.42,57827.38,84569.073,2.6352
600697.SH,20261009,11.31,11.49,11.05,11.48,11.26,55720.0,62734.824,1.9538
600698.SH,20261009,6.66,6.67,6.39,6.63,6.63,179846.38,117086.819,0.0
600699.SH,20261009,20.4,22.38,20.39,22.0,21.11,768519.76,1644130.532,4.216
600702.SH,20261009,32.49,32.79,31.85,32.62,32.37,47117.82,152036.401,0.7723
600703.SH,20261009,11.8,11.82,11.24,11.78,11.88,936618.52,1077530.094,-0.8418
600704.SH,20261009,4.92,5.02,4.91,5.0,4.92,604178.31,301135.781,1.626
600706.SH,20261009,7.96,8.06,7.65,8.03,7.95,77425.32,60613.933,1.0063
600707.SH,20261009,8.88,9.0,8.33,8.73,9.15,1692533.29,1463364.426,-4.5902
600708.SH,20261009,3.07,3.11,2.98,3.09,3.07,218871.39,66434.136,0.6515
600710.SH,20261009,11.42,11.55,11.34,11.41,11.43,88153.8,100709.904,-0.175
600711.SH,20261009,10.16,10.68,10.15,10.62,10.28,619430.19,646694.936,3.3074
600712.SH,20261009,5.34,5.71,5.2,5.64,5.33,271991.4,148129.548,5.8161
600713.SH,20261009,5.0,5.14,4.97,5.14,5.01,177128.5,89881.893,2.5948
600714.SH,20261009,16.98,16.98,15.77,16.79,17.05,152127.1,248872.134,-1.5249
600715.SH,20261009,1.6,1.76,1.58,1.76,1.6,1252124.55,213668.564,10.0
600716.SH,20261009,3.7,3.75,3.61,3.71,3.7,75911.07,27910.46,0.2703
600717.SH,20261009,4.36,4.41,4.35,4.37,4.36,296021.44,129915.986,0.2294
600718.SH,20261009,7.81,8.32,7.81,8.26,7.82,179886.37,145535.522,5.6266
600719.SH,20261009,8.18,8.47,7.91,8.38,8.39,352989.18,288820.241,-0.1192
600720.SH,20261009,5.2,5.24,5.17,5.2,5.19,61290.0,31887.643,0.1927
600721.SH,20261009,12.64,12.75,11.74,12.61,12.58,851723.95,1040465.063,0.2385
600722.SH,20261009,16.35,17.05,15.43,16.88,16.19,1582764.81,2608503.538,4.2619
600724.SH,20261009,4.97,5.08,4.88,5.02,4.98,92406.0,45989.402,0.8032
600725.SH,20261009,3.33,3.34,3.22,3.33,3.33,173470.22,56994.888,0.0
600726.SH,20261009,5.02,5.04,4.8,4.98,5.01,537307.4,264099.59,-0.5988
600727.SH,20261009,7.81,7.85,7.69,7.83,7.8,150507.52,117092.475,0.3846
600728.SH,20261009,4.42,4.56,4.38,4.54,4.4,304670.0,136103.181,3.1818
600729.SH,20261009,18.5,19.05,18.43,19.02,18.47,48840.14,91822.767,2.9778
600730.SH,20261009,8.71,8.88,8.4,8.79,8.76,63717.0,54904.006,0.3425
600731.SH,20261009,5.91,5.95,5.82,5.93,5.91,30668.0,18071.27,0.3384
600732.SH,20261009,10.97,11.03,10.64,10.95,10.95,257432.39,279817.88,0.0
600733.SH,20261009,4.76,4.78,4.55,4.73,4.77,1290751.84,600795.616,-0.8386
600734.SH,20261009,1.85,1.87,1.79,1.87,1.85,318826.38,58185.891,1.0811
600735.SH,20261009,6.42,6.85,6.38,6.81,6.51,68551.2,45697.777,4.6083
600736.SH,20261009,6.47,6.54,6.27,6.48,6.48,197596.0,126216.64,0.0
600737.SH,20261009,15.1,15.73,14.74,15.61,15.12,1097071.45,1678325.478,3.2407
600738.SH,20261009,4.17,4.31,4.12,4.3,4.18,130777.0,55042.088,2.8708
600739.SH,20261009,10.15,10.39,10.13,10.33,10.13,139817.0,143513.368,1.9743
600740.SH,20261009,3.79,3.85,3.77,3.83,3.79,393755.14,150062.124,1.0554
600741.SH,20261009,15.14,15.55,15.13,15.55,15.15,227412.95,350525.088,2.6403
600742.SH,20261009,7.69,7.83,7.54,7.76,7.7,63131.0,48441.839,0.7792
600743.SH,20261009,2.34,2.37,2.24,2.36,2.33,844970.37,194601.76,1.2876
600744.SH,20261009,6.18,6.18,5.88,6.08,6.17,652256.35,391263.968,-1.4587
600745.SH,20261009,15.82,15.89,15.13,15.64,16.0,291174.1,450682.997,-2.25
600746.SH,20261009,7.39,7.89,7.35,7.56,7.18,391915.0,295918.148,5.2925
600748.SH,20261009,4.09,4.15,3.96,4.11,4.09,163041.3,65851.547,0.489
600749.SH,20261009,12.44,12.67,12.16,12.62,12.54,54434.0,67450.39,0.638
600750.SH,20261009,22.63,23.14,22.63,22.88,22.6,61704.34,141585.062,1.2389
600751.SH,20261009,2.88,2.94,2.85,2.92,2.87,301882.48,87189.827,1.7422
600753.SH,20261009,13.41,13.61,12.91,13.4,13.65,36337.26,48022.469,-1.8315
600754.SH,20261009,17.54,18.09,17.53,18.0,17.54,96899.43,173204.763,2.6226
600755.SH,20261009,5.68,5.8,5.65,5.79,5.69,199602.28,114590.691,1.7575
600756.SH,20261009,13.44,13.99,13.15,13.93,13.54,81531.71,110859.196,2.8804
600757.SH,20261009,7.38,7.63,7.35,7.56,7.36,142401.41,106786.708,2.7174
600758.SH,20261009,3.86,3.92,3.76,3.91,3.87,641888.88,246153.373,1.0336
600759.SH,20261009,2.3,2.3,2.22,2.27,2.29,826883.27,186830.793,-0.8734
600760.SH,20261009,43.65,43.98,42.87,43.32,43.57,82568.95,357279.584,-0.5738
600761.SH,20261009,14.99,15.19,14.93,15.06,14.92,83158.64,125389.708,0.9383
600763.SH,20261009,33.51,33.88,33.04,33.8,33.5,48856.38,163760.503,0.8955
600764.SH,20261009,18.31,18.49,17.72,18.06,18.31,63705.72,114670.473,-1.3654
600765.SH,20261009,12.99,13.19,12.89,13.14,13.03,110348.7,144018.787,0.8442
600768.SH,20261009,14.75,14.85,14.3,14.68,14.75,22338.0,32542.68,-0.4746
600769.SH,20261009,13.81,14.0,13.13,13.9,13.81,127254.0,171892.123,0.6517
600770.SH,20261009,5.97,6.01,5.56,5.88,6.03,621992.11,361851.691,-2.4876
600771.SH,20261009,14.01,14.43,13.98,14.38,14.01,124880.87,178213.404,2.641
600773.SH,20261009,9.87,10.02,9.57,9.89,9.82,189556.0,186085.712,0.7128
600774.SH,20261009,7.85,7.95,7.6,7.92,7.85,44352.0,34581.187,0.8917
600775.SH,20261009,9.48,9.57,9.06,9.5,9.44,212973.76,198374.078,0.6356
600776.SH,20261009,12.12,12.34,11.78,12.32,12.15,136872.85,164558.459,1.3992
600777.SH,20261009,4.05,4.24,4.05,4.13,4.05,519314.81,215264.809,1.9753
600778.SH,20261009,5.71,5.84,5.53,5.82,5.71,105128.64,59806.152,1.9264
600779.SH,20261009,26.04,26.38,25.71,26.24,25.99,14760.0,38382.075,0.9619
600780.SH,20261009,6.18,6.23,6.1,6.18,6.2,109027.91,67124.182,-0.3226
600782.SH,20261009,2.7,2.74,2.69,2.7,2.7,413739.45,112124.282,0.0
600783.SH,20261009,14.22,14.34,13.71,14.12,14.21,118704.97,166339.916,-0.6334
600784.SH,20261009,6.97,7.03,6.78,7.03,6.97,72339.0,50020.678,0.8608
600785.SH,20261009,10.9,11.84,10.72,11.59,10.76,514291.36,582777.612,7.7138
600787.SH,20261009,4.63,4.71,4.6,4.7,4.62,271294.79,126712.124,1.7316
600789.SH,20261009,8.03,8.4,7.91,8.28,8.15,1138534.12,933970.937,1.5951
600790.SH,20261009,3.79,3.79,3.63,3.76,3.77,416584.26,154041.356,-0.2653
600791.SH,20261009,6.65,6.9,6.29,6.72,6.71,158209.0,103856.895,0.149
600792.SH,20261009,5.16,5.25,4.73,5.04,5.22,926545.0,464280.241,-3.4483
600793.SH,20261009,16.47,16.47,15.36,16.02,16.51,43139.0,68283.762,-2.9679
600794.SH,20261009,3.18,3.23,3.13,3.21,3.18,134739.0,42911.112,0.9434
600795.SH,20261009,5.45,5.49,5.4,5.44,5.45,1136580.65,619591.031,-0.1835
600796.SH,20261009,5.11,5.19,5.04,5.19,5.12,53467.6,27387.705,1.3672
600797.SH,20261009,6.37,6.58,6.24,6.55,6.37,161743.28,103795.811,2.8257
600798.SH,20261009,3.49,3.5,3.37,3.46,3.47,209316.37,71499.086,-0.2882
600800.SH,20261009,3.22,3.26,3.13,3.25,3.22,179793.91,57538.441,0.9317
600801.SH,20261009,23.42,23.92,23.4,23.52,23.65,49777.38,117832.26,-0.5497
600802.SH,20261009,7.07,7.53,6.71,7.19,7.14,714041.59,497924.979,0.7003
600803.SH,20261009,19.49,19.75,19.45,19.49,19.49,92967.02,182167.067,0.0
600805.SH,20261009,4.67,4.73,4.63,4.72,4.65,125357.47,58738.854,1.5054
600807.SH,20261009,2.67,2.71,2.55,2.7,2.66,218684.9,57804.007,1.5038
600808.SH,20261009,2.43,2.46,2.4,2.42,2.44,707293.01,171498.399,-0.8197
600809.SH,20261009,115.17,117.1,114.35,115.73,115.1,53500.41,619726.687,0.5474
600810.SH,20261009,6.29,6.45,6.2,6.41,6.27,70248.63,44359.93,2.2329
600812.SH,20261009,5.6,6.03,5.58,6.03,5.48,1158722.39,687660.547,10.0365
600814.SH,20261009,6.87,7.25,6.81,7.19,6.88,171540.6,121393.669,4.5058
600815.SH,20261009,3.85,3.88,3.62,3.8,3.84,1148467.05,429400.519,-1.0417
600816.SH,20261009,2.38,2.42,2.37,2.41,2.38,534299.92,128057.769,1.2605
600817.SH,20261009,9.87,9.9,9.7,9.89,9.85,26915.82,26438.894,0.4061
600818.SH,20261009,9.84,9.84,9.3,9.6,9.84,54793.2,51919.317,-2.439
600819.SH,20261009,5.49,5.6,5.39,5.59,5.53,65127.0,35755.034,1.085
600820.SH,20261009,5.31,5.36,5.29,5.31,5.29,181323.0,96641.875,0.3781
600821.SH,20261009,5.62,5.69,5.53,5.68,5.59,402151.21,225343.824,1.61
600822.SH,20261009,9.02,9.21,8.86,9.19,9.02,61094.13,55195.303,1.8847
600824.SH,20261009,3.7,3.84,3.67,3.84,3.69,185905.64,69966.248,4.065
600825.SH,20261009,12.53,12.53,12.53,12.53,11.39,499290.48,625610.971,10.0088
600826.SH,20261009,7.85,8.1,7.84,8.08,7.9,64394.02,51340.405,2.2785
600827.SH,20261009,7.93,8.1,7.91,8.04,7.91,209380.81,168060.387,1.6435
600828.SH,20261009,4.27,4.6,4.27,4.57,4.31,346546.69,153303.349,6.0325
600829.SH,20261009,9.2,9.53,8.98,9.52,9.25,111944.67,103442.399,2.9189
600830.SH,20261009,8.54,9.09,8.47,8.91,8.54,319528.21,283647.147,4.3326
600831.SH,20261009,3.4,3.57,3.28,3.55,3.36,247891.0,84816.394,5.6548
600833.SH,20261009,10.39,10.6,10.23,10.56,10.39,49513.0,51553.54,1.6362
600834.SH,20261009,7.65,7.75,7.59,7.7,7.65,25128.0,19274.26,0.6536
600835.SH,20261009,17.73,17.98,17.42,17.82,17.7,49010.39,86715.02,0.678
600838.SH,20261009,8.16,8.78,8.07,8.7,8.11,264027.34,223082.658,7.275
600839.SH,20261009,6.4,6.43,6.26,6.42,6.43,401126.86,253871.591,-0.1555
600841.SH,20261009,5.73,5.73,5.48,5.66,5.68,134579.0,75142.108,-0.3521
600843.SH,20261009,7.41,8.18,7.41,8.18,7.44,367397.39,292866.986,9.9462
600844.SH,20261009,3.29,3.34,3.19,3.33,3.29,363470.0,118374.447,1.2158
600845.SH,20261009,17.41,17.78,17.17,17.7,17.38,118513.46,206995.595,1.8412
600846.SH,20261009,10.66,10.75,10.45,10.72,10.68,17351.99,18441.905,0.3745
600847.SH,20261009,13.49,13.98,12.45,13.18,13.1,102180.05,134797.435,0.6107
600848.SH,20261009,8.95,9.04,8.66,8.82,8.92,139793.31,122902.66,-1.1211
600850.SH,20261009,13.32,13.67,13.06,13.61,13.28,99238.17,132284.827,2.4849
600851.SH,20261009,7.7,7.85,7.5,7.82,7.66,64672.01,49503.682,2.0888
600853.SH,20261009,3.29,3.34,3.25,3.33,3.29,95306.8,31334.502,1.2158
600854.SH,20261009,4.74,4.77,4.6,4.76,4.74,70914.83,33240.364,0.4219
600855.SH,20261009,12.33,12.4,11.84,12.38,12.3,64486.0,78207.165,0.6504
600857.SH,20261009,17.13,18.33,16.34,17.98,17.05,100014.05,171963.082,5.4545
600858.SH,20261009,4.9,5.05,4.85,5.05,4.9,108110.02,53513.578,3.0612
600859.SH,20261009,9.69,9.9,9.67,9.89,9.67,139063.75,136208.195,2.2751
600860.SH,20261009,7.49,7.64,7.33,7.61,7.51,55415.0,41438.578,1.3316
600861.SH,20261009,12.79,12.93,12.77,12.88,12.81,21146.4,27203.262,0.5464
600862.SH,20261009,17.51,17.66,17.3,17.56,17.55,88969.77,155477.994,0.057
600863.SH,20261009,5.06,5.2,5.0,5.18,5.1,2253498.47,1155043.481,1.5686
600864.SH,20261009,5.49,5.91,5.49,5.82,5.5,733150.6,419349.988,5.8182
600865.SH,20261009,10.58,11.51,10.28,11.51,10.46,408179.53,449311.79,10.0382
600866.SH,20261009,4.27,4.42,4.23,4.4,4.25,351316.46,152919.433,3.5294
600867.SH,20261009,7.79,7.9,7.73,7.88,7.77,175672.13,137749.182,1.4157
600868.SH,20261009,2.75,2.78,2.67,2.77,2.75,358028.14,97388.953,0.7273
600869.SH,20261009,16.88,17.23,16.25,17.11,17.11,1131137.68,1898647.918,0.0
600871.SH,20261009,2.16,2.19,2.15,2.18,2.16,1209886.65,262694.69,0.9259
600872.SH,20261009,17.33,17.84,17.26,17.71,17.26,154750.43,272683.754,2.6072
600873.SH,20261009,7.6,7.76,7.51,7.7,7.55,282350.3,217081.508,1.9868
600874.SH,20261009,5.55,5.61,5.54,5.59,5.55,87336.0,48746.243,0.7207
600875.SH,20261009,23.27,23.55,22.78,23.5,23.48,246968.28,573421.318,0.0852
600876.SH,20261009,7.49,7.59,7.3,7.59,7.52,80851.06,60253.96,0.9309
600877.SH,20261009,11.03,11.14,10.71,11.04,11.03,125229.0,136736.626,0.0907
600879.SH,20261009,13.68,13.73,12.93,13.33,13.73,652759.33,863700.116,-2.9133
600880.SH,20261009,4.1,4.4,3.95,4.34,4.11,662364.72,278369.229,5.5961
600881.SH,20261009,1.86,1.92,1.84,1.92,1.86,1113777.0,209839.637,3.2258
600882.SH,20261009,19.99,21.13,19.44,21.13,19.21,156131.51,316678.834,9.9948
600883.SH,20261009,8.08,8.15,7.68,8.05,8.04,43189.03,34192.839,0.1244
600884.SH,20261009,11.75,12.15,11.67,11.99,11.87,748849.86,895602.386,1.011
600885.SH,20261009,32.29,32.54,31.75,32.26,32.29,116189.75,374246.927,-0.0929
600886.SH,20261009,15.7,15.99,15.65,15.78,15.64,347941.46,552339.902,0.8951
600887.SH,20261009,27.35,27.83,27.3,27.66,27.32,592445.47,1637951.84,1.2445
600888.SH,20261009,9.75,9.83,9.37,9.67,9.83,339426.69,324858.347,-1.6277
600889.SH,20261009,13.11,13.24,13.0,13.2,13.23,12490.26,16384.264,-0.2268
600892.SH,20261009,4.04,4.45,3.94,4.38,4.05,506412.0,212873.467,8.1481
600893.SH,20261009,37.92,38.39,36.96,37.83,38.09,226834.3,851927.897,-0.6826
600894.SH,20261009,7.67,7.76,7.58,7.76,7.66,78090.8,60046.297,1.3055
600895.SH,20261009,27.33,27.98,26.85,27.9,27.39,167092.71,458228.769,1.862
600897.SH,20261009,14.49,14.68,14.31,14.64,14.41,39787.86,57590.196,1.5961
600900.SH,20261009,28.98,29.4,28.91,28.99,28.9,1331032.66,3879076.274,0.3114
600901.SH,20261009,7.01,7.11,7.0,7.0,6.99,296660.4,209254.217,0.1431
600903.SH,20261009,6.78,6.87,6.66,6.79,6.84,423335.16,285961.002,-0.731
600905.SH,20261009,3.53,3.55,3.52,3.55,3.53,652545.0,230984.542,0.5666
600906.SH,20261009,6.23,6.37,6.2,6.34,6.22,242499.53,152692.531,1.9293
600908.SH,20261009,5.95,5.98,5.85,5.87,5.93,263148.9,155598.793,-1.0118
600909.SH,20261009,7.49,7.71,7.33,7.66,7.5,1010374.93,759798.527,2.1333
600916.SH,20261009,7.18,7.35,7.18,7.32,7.15,240294.18,174480.815,2.3776
600917.SH,20261009,4.94,5.01,4.89,4.96,4.96,66127.0,32650.455,0.0
600918.SH,20261009,5.38,5.5,5.37,5.47,5.36,338620.04,184244.992,2.0522
600919.SH,20261009,12.59,12.65,12.35,12.37,12.57,1066065.12,1330709.816,-1.5911
600925.SH,20261009,4.2,4.25,4.18,4.23,4.19,104930.0,44241.636,0.9547
600926.SH,20261009,17.39,17.5,17.15,17.15,17.43,454195.98,784720.183,-1.6064
600927.SH,20261009,11.98,12.2,11.85,12.16,11.94,59676.53,71886.616,1.8425
600928.SH,20261009,3.58,3.61,3.54,3.55,3.57,305715.64,108985.723,-0.5602
600929.SH,20261009,5.88,5.95,5.81,5.94,5.88,208509.87,122645.226,1.0204
600930.SH,20261009,3.98,4.02,3.94,3.97,3.98,1289909.56,512199.755,-0.2513
600933.SH,20261009,12.9,13.12,12.72,13.0,12.9,110380.51,142846.834,0.7752
600935.SH,20261009,2.3,2.35,2.28,2.34,2.3,189574.0,43849.467,1.7391
600936.SH,20261009,4.25,4.39,4.16,4.38,4.27,399256.18,170341.773,2.5761
600938.SH,20261009,34.17,34.37,33.78,33.82,34.17,370135.09,1260142.635,-1.0243
600939.SH,20261009,2.63,2.69,2.61,2.66,2.64,94379.0,24983.984,0.7576
600941.SH,20261009,97.68,98.88,97.58,97.98,97.96,128307.42,1262727.746,0.0204
600955.SH,20261009,12.64,13.25,12.6,13.06,12.59,64183.0,83081.771,3.7331
600956.SH,20261009,7.29,7.36,7.2,7.21,7.26,87347.0,63447.161,-0.6887
600958.SH,20261009,8.52,8.71,8.5,8.67,8.52,436432.56,375784.578,1.7606
600959.SH,20261009,3.09,3.19,3.06,3.19,3.09,427936.86,134133.709,3.2362
600960.SH,20261009,3.86,3.9,3.76,3.9,3.86,103281.0,39526.119,1.0363
600961.SH,20261009,22.24,22.75,21.73,22.6,22.24,268890.67,599394.22,1.6187
600962.SH,20261009,24.35,24.8,23.14,24.78,24.32,53756.75,128002.156,1.8914
600963.SH,20261009,3.37,3.4,3.33,3.39,3.36,254036.3,85551.223,0.8929
600965.SH,20261009,2.57,2.58,2.5,2.54,2.56,49366.0,12516.79,-0.7813
600966.SH,20261009,4.83,4.87,4.69,4.81,4.84,117049.0,55921.368,-0.6198
600967.SH,20261009,12.71,12.82,12.2,12.49,12.9,478702.45,596857.324,-3.1783
600968.SH,20261009,4.04,4.09,3.98,3.98,4.03,496248.0,200598.318,-1.2407
600969.SH,20261009,9.49,9.52,9.0,9.3,9.51,85496.22,78654.766,-2.2082
600970.SH,20261009,7.78,7.86,7.75,7.76,7.78,151741.0,118507.62,-0.2571
600971.SH,20261009,8.44,8.56,8.37,8.39,8.43,154046.87,130267.176,-0.4745
600973.SH,20261009,5.69,5.76,5.58,5.74,5.72,119687.81,67824.484,0.3497
600975.SH,20261009,5.1,5.18,5.08,5.18,5.09,127716.02,65611.781,1.7682
600976.SH,20261009,26.92,27.64,26.76,27.51,26.98,19539.0,53458.053,1.9644
600977.SH,20261009,13.39,14.1,13.35,13.93,13.4,516823.01,709179.877,3.9552
600979.SH,20261009,3.95,3.96,3.84,3.93,3.94,262715.1,102188.611,-0.2538
600980.SH,20261009,18.57,18.65,17.9,18.54,18.54,21011.39,38443.617,0.0
600981.SH,20261009,2.38,2.45,2.35,2.44,2.39,185350.0,44471.237,2.0921
600982.SH,20261009,5.31,5.35,5.25,5.31,5.35,461365.5,244456.514,-0.7477
600983.SH,20261009,7.5,7.56,7.37,7.5,7.5,15885.01,11880.243,0.0
600984.SH,20261009,3.62,3.69,3.55,3.69,3.65,279531.0,101149.534,1.0959
600985.SH,20261009,16.35,16.68,16.3,16.39,16.29,241037.14,396986.098,0.6139
600986.SH,20261009,6.8,7.18,6.65,7.17,6.77,575228.2,398332.076,5.9084
600987.SH,20261009,6.32,6.37,6.28,6.32,6.29,58812.0,37214.867,0.4769
600988.SH,20261009,39.68,42.0,39.5,41.38,39.07,762230.81,3097807.476,5.9125
600989.SH,20261009,23.34,23.43,22.94,23.25,23.32,581313.5,1346151.566,-0.3002
600990.SH,20261009,17.42,17.68,16.81,17.64,17.42,28313.24,48775.141,1.2629
600992.SH,20261009,10.31,10.33,9.78,10.15,10.39,106374.33,106670.437,-2.3099
600993.SH,20261009,22.65,23.13,22.6,22.95,22.65,54992.4,126270.193,1.3245
600995.SH,20261009,12.08,12.17,12.0,12.02,12.06,98485.0,118796.814,-0.3317
600996.SH,20261009,6.73,6.95,6.52,6.89,6.69,240027.49,161703.896,2.9895
600997.SH,20261009,5.31,5.42,5.3,5.35,5.31,145000.23,77709.126,0.7533
600998.SH,20261009,5.08,5.13,5.05,5.08,5.06,422193.88,214916.218,0.3953
600999.SH,20261009,16.85,17.16,16.63,17.04,16.86,441381.47,746280.146,1.0676
601000.SH,20261009,4.68,4.77,4.66,4.68,4.69,457275.45,215803.084,-0.2132
601001.SH,20261009,17.34,17.9,17.3,17.7,17.4,171967.0,303399.109,1.7241
601002.SH,20261009,5.26,5.3,5.09,5.22,5.3,164256.0,85325.817,-1.5094
601003.SH,20261009,3.58,3.62,3.55,3.58,3.57,166237.51,59517.952,0.2801
601005.SH,20261009,1.2,1.22,1.19,1.21,1.2,788810.0,95185.336,0.8333
601006.SH,20261009,4.83,4.9,4.82,4.87,4.84,1958875.64,954390.991,0.6198
601007.SH,20261009,6.7,6.84,6.66,6.81,6.73,52278.91,35280.676,1.1887
601008.SH,20261009,4.43,4.46,4.36,4.45,4.44,95583.25,42095.81,0.2252
601009.SH,20261009,12.12,12.2,11.9,11.91,12.11,575563.32,692975.143,-1.6515
601010.SH,20261009,1.41,1.41,1.37,1.4,1.4,106630.0,14830.813,0.0
601011.SH,20261009,3.0,3.05,2.93,3.04,2.97,672578.26,201606.38,2.3569
601012.SH,20261009,11.06,11.3,10.89,11.24,11.07,800816.43,889613.765,1.5357
601015.SH,20261009,3.84,3.87,3.71,3.84,3.83,1025534.63,389023.042,0.2611
601016.SH,20261009,3.28,3.28,3.21,3.26,3.28,791851.34,256822.345,-0.6098
601018.SH,20261009,3.61,3.65,3.6,3.63,3.59,825879.63,299728.249,1.1142
601019.SH,20261009,6.83,7.07,6.79,7.06,6.8,149602.39,103617.482,3.8235
601020.SH,20261009,19.5,19.76,19.1,19.65,19.35,178222.38,347458.704,1.5504
601021.SH,20261009,39.74,40.25,39.62,40.15,39.65,42308.14,169285.308,1.261
601022.SH,20261009,8.5,8.55,8.2,8.37,8.46,95654.66,79660.942,-1.0638
601026.SH,20261009,15.09,15.24,14.68,14.95,15.24,71260.6,106317.215,-1.9029
601033.SH,20261009,14.18,14.42,14.18,14.33,14.18,44496.0,63876.077,1.0578
601038.SH,20261009,13.81,13.96,13.5,13.76,13.78,56901.0,77926.675,-0.1451
601058.SH,20261009,13.0,13.3,12.95,13.19,12.94,329503.0,431963.436,1.932
601061.SH,20261009,10.8,11.04,10.59,10.99,10.87,139596.22,150983.753,1.104
601065.SH,20261009,6.64,6.78,6.63,6.76,6.64,46068.0,30895.614,1.8072
601066.SH,20261009,22.79,23.32,22.63,23.21,22.75,142350.18,327595.581,2.022
601068.SH,20261009,4.45,4.6,4.45,4.58,4.44,223195.0,100994.816,3.1532
601069.SH,20261009,24.59,26.55,24.49,26.55,24.14,281465.11,712910.47,9.9834
601077.SH,20261009,6.74,6.8,6.66,6.67,6.78,941344.0,633140.657,-1.6224
601083.SH,20261009,13.0,13.42,12.78,13.38,13.02,129648.86,170011.584,2.765
601086.SH,20261009,13.71,14.94,13.43,14.94,13.58,703519.19,1006742.995,10.0147
601088.SH,20261009,47.48,49.2,47.33,48.4,47.49,463313.74,2248003.087,1.9162
601089.SH,20261009,16.38,16.56,16.14,16.42,16.29,37805.47,61843.921,0.798
601091.SH,20261009,23.5,23.66,22.47,23.03,24.2,581990.61,1339327.373,-4.8347
601096.SH,20261009,4.05,4.11,4.01,4.1,4.04,222687.44,90396.042,1.4851
601098.SH,20261009,10.32,10.88,10.18,10.79,10.48,239908.84,253618.565,2.958
601099.SH,20261009,3.39,3.5,3.37,3.49,3.4,1374437.2,472992.299,2.6471
601100.SH,20261009,87.0,87.44,82.46,84.75,87.39,120718.68,1015312.626,-3.0209
601101.SH,20261009,13.1,13.28,12.98,13.17,13.15,182480.06,239248.684,0.1521
601106.SH,20261009,2.96,2.99,2.91,2.98,2.95,524655.88,154981.867,1.0169
601107.SH,20261009,6.28,6.41,6.27,6.39,6.27,158410.71,100675.599,1.9139
601108.SH,20261009,7.96,8.15,7.91,8.11,7.94,425499.5,342141.388,2.1411
601111.SH,20261009,5.74,5.8,5.73,5.78,5.74,427671.2,246476.882,0.6969
601112.SH,20261009,15.19,15.42,15.11,15.38,15.21,40333.6,61618.481,1.1177
601113.SH,20261009,3.49,3.54,3.43,3.54,3.49,108148.22,37724.011,1.4327
601116.SH,20261009,9.95,10.48,9.81,10.43,9.94,179536.61,182861.376,4.9296
601117.SH,20261009,7.13,7.26,7.11,7.25,7.15,541150.96,388707.335,1.3986
601118.SH,20261009,6.57,7.16,6.41,7.16,6.51,2842929.59,1930793.299,9.9846
601121.SH,20261009,7.13,7.16,6.96,7.11,7.1,103464.0,73042.375,0.1408
601123.SH,20261009,16.71,17.05,16.19,17.05,16.85,142911.19,237164.768,1.1869
601126.SH,20261009,35.3,35.3,33.39,34.34,35.27,181563.1,619125.554,-2.6368
601127.SH,20261009,47.77,47.8,43.86,46.58,47.97,478470.44,2164640.34,-2.8976
601128.SH,20261009,6.28,6.32,6.23,6.23,6.28,509537.17,319665.921,-0.7962
601133.SH,20261009,21.61,21.68,19.9,20.88,21.81,121357.56,251053.136,-4.2641
601136.SH,20261009,13.65,13.99,13.6,13.95,13.65,113395.79,156500.801,2.1978
601137.SH,20261009,18.34,18.45,17.83,18.16,18.41,115052.55,208871.837,-1.358
601138.SH,20261009,55.0,56.32,53.4,56.07,55.69,791141.09,4334954.97,0.6823
601139.SH,20261009,6.54,6.63,6.49,6.49,6.51,322183.05,211672.074,-0.3072
601155.SH,20261009,12.81,13.2,12.59,12.76,12.82,216412.94,276236.378,-0.468
601156.SH,20261009,18.57,18.66,18.35,18.55,18.47,46914.0,86654.566,0.4331
601158.SH,20261009,4.05,4.07,4.03,4.06,4.04,73997.0,29974.986,0.495
601162.SH,20261009,3.5,3.59,3.48,3.58,3.49,1294752.96,458162.118,2.5788
601163.SH,20261009,12.22,12.3,12.12,12.27,12.2,27731.0,33869.736,0.5738
601166.SH,20261009,18.24,18.37,18.04,18.05,18.24,914823.21,1665697.163,-1.0417
601168.SH,20261009,34.71,36.25,34.4,36.01,35.13,394878.29,1394578.557,2.505
601169.SH,20261009,5.68,5.69,5.56,5.57,5.66,1875468.0,1054679.785,-1.5901
601177.SH,20261009,13.65,13.66,13.05,13.58,13.7,59896.56,79887.285,-0.8759
601179.SH,20261009,11.8,11.83,11.3,11.66,11.79,620644.1,715160.635,-1.1026
601186.SH,20261009,6.07,6.1,6.06,6.07,6.06,478801.04,291135.58,0.165
601187.SH,20261009,6.89,6.94,6.82,6.83,6.89,235744.0,162147.951,-0.8708
601188.SH,20261009,2.88,2.92,2.87,2.91,2.89,148514.94,43048.517,0.692
601199.SH,20261009,6.2,6.3,6.08,6.27,6.21,121082.0,74868.917,0.9662
601200.SH,20261009,6.82,6.88,6.81,6.85,6.82,78217.52,53567.309,0.4399
601208.SH,20261009,49.18,50.97,46.01,48.47,50.92,982459.59,4750835.588,-4.8115
601211.SH,20261009,16.68,16.93,16.5,16.81,16.6,594685.65,994321.583,1.2651
601212.SH,20261009,5.64,5.75,5.48,5.73,5.57,1507635.18,848580.227,2.8725
601216.SH,20261009,4.77,4.89,4.77,4.85,4.77,1145176.0,555414.014,1.6771
601218.SH,20261009,5.92,5.94,5.45,5.8,5.95,1745282.38,997325.511,-2.521
601222.SH,20261009,6.06,6.13,6.03,6.04,6.04,274263.25,166461.033,0.0
601225.SH,20261009,26.72,27.3,26.52,26.97,26.6,400416.48,1082494.673,1.391
601226.SH,20261009,6.59,6.63,6.38,6.62,6.61,94751.0,61688.379,0.1513
601228.SH,20261009,3.16,3.19,3.14,3.14,3.16,309513.0,97986.631,-0.6329
601229.SH,20261009,9.83,9.87,9.63,9.63,9.81,674997.16,656581.7,-1.8349
601231.SH,20261009,22.74,22.78,21.72,22.63,23.07,203957.73,454833.163,-1.9072
601233.SH,20261009,22.74,23.05,22.06,22.95,22.68,251746.61,569209.471,1.1905
601236.SH,20261009,7.0,7.17,7.0,7.13,6.99,341139.9,242419.912,2.0029
601238.SH,20261009,5.3,5.3,5.15,5.27,5.36,778224.44,405620.821,-1.6791
601279.SH,20261009,3.59,3.64,3.49,3.62,3.61,134094.0,47790.808,0.277
601288.SH,20261009,7.04,7.09,6.98,6.98,7.02,3417517.81,2406076.6,-0.5698
601298.SH,20261009,10.06,10.18,10.0,10.04,10.05,128090.61,129000.319,-0.0995
601311.SH,20261009,7.4,7.61,7.37,7.53,7.4,222116.97,167178.795,1.7568
601318.SH,20261009,52.71,53.15,52.68,52.83,52.67,595936.34,3153261.224,0.3038
601319.SH,20261009,7.89,7.94,7.82,7.82,7.91,511033.78,401939.366,-1.1378
601326.SH,20261009,3.62,3.68,3.61,3.65,3.6,358087.99,130894.515,1.3889
601328.SH,20261009,7.84,7.92,7.77,7.78,7.83,2838248.08,2231787.607,-0.6386
601330.SH,20261009,8.28,8.31,8.15,8.24,8.32,88385.0,72543.343,-0.9615
601333.SH,20261009,3.1,3.14,3.09,3.09,3.09,718755.6,224072.22,0.0
601336.SH,20261009,56.0,57.0,55.84,56.9,56.12,95180.63,537066.391,1.3899
601339.SH,20261009,7.32,7.46,7.28,7.43,7.38,73292.0,54106.253,0.6775
601360.SH,20261009,8.62,9.13,8.54,9.11,8.67,1486617.69,1317446.426,5.075
601366.SH,20261009,3.6,3.74,3.57,3.73,3.6,163414.87,59645.598,3.6111
601368.SH,20261009,4.6,4.65,4.55,4.65,4.6,49685.0,22859.632,1.087
601369.SH,20261009,8.53,8.57,8.41,8.44,8.53,98144.7,83018.163,-1.0551
601375.SH,20261009,3.9,3.99,3.89,3.97,3.91,377229.72,149069.18,1.5345
601377.SH,20261009,5.68,5.8,5.66,5.77,5.68,637657.84,366079.746,1.5845
601388.SH,20261009,3.16,3.21,3.13,3.2,3.17,280816.24,89156.49,0.9464
601390.SH,20261009,4.27,4.31,4.27,4.29,4.28,856590.31,367358.49,0.2336
601398.SH,20261009,8.33,8.37,8.21,8.22,8.31,3387032.58,2810588.785,-1.083
601399.SH,20261009,3.11,3.15,3.07,3.13,3.13,788646.4,245403.805,0.0
601456.SH,20261009,8.4,8.52,8.38,8.49,8.38,153408.18,129607.522,1.3126
601500.SH,20261009,3.83,3.91,3.82,3.9,3.84,114897.8,44341.218,1.5625
601512.SH,20261009,8.41,8.58,8.25,8.34,8.39,48686.03,40737.104,-0.5959
601515.SH,20261009,3.18,3.27,3.15,3.24,3.18,235845.69,75889.918,1.8868
601518.SH,20261009,2.78,2.81,2.77,2.8,2.78,121746.6,33971.124,0.7194
601519.SH,20261009,8.39,9.17,8.26,9.17,8.34,964994.63,846133.219,9.952
601528.SH,20261009,5.16,5.21,5.12,5.12,5.15,226423.36,117058.149,-0.5825
601555.SH,20261009,8.0,8.24,8.0,8.18,7.97,383932.16,312589.515,2.6349
601566.SH,20261009,9.27,10.14,9.19,10.14,9.22,402010.27,389665.33,9.9783
601567.SH,20261009,13.7,13.84,13.26,13.36,13.75,244170.86,327222.804,-2.8364
601568.SH,20261009,3.58,3.63,3.57,3.59,3.57,218875.44,78808.726,0.5602
601577.SH,20261009,9.86,9.98,9.71,9.72,9.88,351873.0,345531.597,-1.6194
601579.SH,20261009,40.35,40.8,37.35,40.28,39.6,437289.29,1702515.127,1.7172
601588.SH,20261009,1.79,1.83,1.76,1.83,1.8,440623.01,79035.679,1.6667
601595.SH,20261009,22.41,24.74,22.41,24.74,22.49,125515.14,295094.661,10.0044
601598.SH,20261009,6.78,6.99,6.73,6.9,6.71,221480.94,152330.175,2.8316
601599.SH,20261009,3.2,3.35,3.18,3.35,3.21,307987.02,100807.392,4.3614
601600.SH,20261009,9.04,9.1,8.88,9.07,9.02,1235578.58,1111621.419,0.5543
601601.SH,20261009,30.91,31.34,30.8,31.15,30.83,303566.86,943392.836,1.038
601606.SH,20261009,30.5,30.65,29.41,30.4,30.5,138044.87,412983.842,-0.3279
601607.SH,20261009,16.54,16.75,16.5,16.68,16.47,172467.97,287608.847,1.275
601608.SH,20261009,4.59,4.64,4.52,4.63,4.6,268679.88,123167.707,0.6522
601609.SH,20261009,11.05,11.18,10.49,10.78,11.11,440123.96,474657.602,-2.9703
601611.SH,20261009,9.95,10.05,9.81,10.01,10.0,188354.5,186937.189,0.1
601615.SH,20261009,9.52,9.56,9.31,9.5,9.56,426040.59,402513.898,-0.6276
601616.SH,20261009,3.76,3.79,3.68,3.79,3.76,131530.4,49146.708,0.7979
601618.SH,20261009,2.55,2.59,2.54,2.57,2.55,896343.02,230335.507,0.7843
601619.SH,20261009,3.93,3.99,3.89,3.97,3.93,280868.43,110735.951,1.0178
601628.SH,20261009,35.95,36.38,35.73,36.15,35.94,158043.91,569819.927,0.5843
601633.SH,20261009,13.41,13.82,13.41,13.78,13.41,194278.07,264925.695,2.7591
601636.SH,20261009,5.2,5.26,5.08,5.23,5.22,445116.54,230607.128,0.1916
601658.SH,20261009,5.49,5.52,5.4,5.41,5.49,1913885.68,1041930.823,-1.4572
601665.SH,20261009,7.16,7.2,7.08,7.08,7.15,463944.0,330737.915,-0.979
601666.SH,20261009,8.93,9.1,8.83,8.96,8.85,244981.99,219351.264,1.2429
601668.SH,20261009,4.39,4.42,4.34,4.35,4.39,2495853.21,1092134.962,-0.9112
601669.SH,20261009,4.57,4.6,4.55,4.58,4.58,802754.81,367315.678,0.0
601677.SH,20261009,16.1,16.26,15.94,16.17,16.06,175184.27,282315.714,0.6849
601678.SH,20261009,5.66,5.75,5.61,5.74,5.66,532136.31,302301.322,1.4134
601686.SH,20261009,5.03,5.09,5.0,5.07,5.02,74606.0,37724.735,0.996
601688.SH,20261009,17.62,18.1,17.59,17.97,17.6,533613.39,952418.055,2.1023
601689.SH,20261009,42.22,43.33,41.37,43.05,42.88,222233.89,941049.269,0.3965
601696.SH,20261009,10.75,11.09,10.71,11.04,10.76,314037.52,342807.635,2.6022
601698.SH,20261009,22.9,23.07,21.95,22.58,22.99,186173.93,416811.106,-1.7834
601699.SH,20261009,15.28,15.75,15.2,15.52,15.27,297887.14,461678.594,1.6372
601700.SH,20261009,6.37,6.37,6.06,6.35,6.38,496577.58,307252.416,-0.4702
601702.SH,20261009,14.99,15.56,14.91,15.34,14.91,66184.94,101079.687,2.884
601717.SH,20261009,13.39,13.79,13.31,13.79,13.35,263691.6,357652.344,3.2959
601718.SH,20261009,1.93,1.95,1.92,1.94,1.93,98890.19,19114.868,0.5181
601727.SH,20261009,6.43,6.46,6.32,6.45,6.42,463893.89,296413.39,0.4673
601728.SH,20261009,6.43,6.55,6.41,6.49,6.42,1276632.42,830955.234,1.0903
601766.SH,20261009,6.21,6.32,6.19,6.3,6.22,1681723.27,1054509.878,1.2862
601777.SH,20261009,8.13,8.32,7.87,8.27,8.05,342734.29,277094.0,2.7329
601778.SH,20261009,3.37,3.4,3.28,3.38,3.37,849568.22,283449.608,0.2967
601788.SH,20261009,13.46,13.72,13.41,13.68,13.43,152148.3,206590.694,1.8615
601789.SH,20261009,4.18,4.25,4.11,4.24,4.18,269267.72,112601.818,1.4354
601798.SH,20261009,7.7,7.73,7.35,7.6,7.7,64964.0,48710.025,-1.2987
601799.SH,20261009,67.9,69.39,67.18,68.95,68.1,40259.5,274835.844,1.2482
601800.SH,20261009,6.06,6.16,6.06,6.07,6.05,610735.25,373703.202,0.3306
601801.SH,20261009,5.4,5.74,5.39,5.69,5.41,403777.81,225707.421,5.1756
601808.SH,20261009,12.58,12.75,12.53,12.57,12.56,177978.09,225292.825,0.0796
601811.SH,20261009,18.9,20.91,18.19,20.91,19.01,591606.46,1172870.481,9.9947
601816.SH,20261009,4.81,4.86,4.8,4.81,4.81,1823269.05,882021.934,0.0
601818.SH,20261009,3.08,3.1,3.06,3.06,3.08,2090914.28,643943.292,-0.6494
601825.SH,20261009,8.73,8.77,8.55,8.55,8.71,235870.99,203742.546,-1.837
601827.SH,20261009,8.17,8.22,7.95,8.04,7.9,137391.0,111082.606,1.7722
601828.SH,20261009,2.17,2.23,2.14,2.23,2.17,569266.11,124232.38,2.765
601838.SH,20261009,19.59,19.85,19.29,19.29,19.58,175566.05,341681.352,-1.4811
601857.SH,20261009,11.58,11.85,11.56,11.6,11.59,1719020.89,2015175.246,0.0863
601858.SH,20261009,21.2,22.47,20.96,22.23,21.15,120509.66,261794.275,5.1064
601860.SH,20261009,2.6,2.63,2.57,2.58,2.59,711808.43,184282.028,-0.3861
601865.SH,20261009,9.12,9.42,9.1,9.38,9.12,148773.0,137910.214,2.8509
601866.SH,20261009,2.47,2.51,2.45,2.46,2.47,867528.88,214290.516,-0.4049
601868.SH,20261009,2.39,2.4,2.36,2.39,2.38,2524144.03,601329.601,0.4202
601869.SH,20261009,386.12,393.0,366.01,387.87,393.99,100452.12,3819699.759,-1.5533
601872.SH,20261009,22.47,22.65,20.65,22.07,22.03,2115567.68,4564449.449,0.1816
601877.SH,20261009,25.72,25.75,25.31,25.59,25.69,136782.2,349363.591,-0.3893
601878.SH,20261009,8.87,8.98,8.83,8.96,8.84,195989.28,174520.974,1.3575
601880.SH,20261009,1.48,1.5,1.47,1.48,1.48,960504.98,142391.238,0.0
601881.SH,20261009,11.38,11.66,11.37,11.6,11.4,241500.88,278619.061,1.7544
601882.SH,20261009,21.5,21.63,20.5,20.99,21.6,65796.0,138287.735,-2.8241
601886.SH,20261009,12.78,13.16,12.69,13.07,12.89,106720.42,137942.724,1.3964
601888.SH,20261009,50.51,50.97,50.2,50.88,50.69,136836.84,692075.059,0.3748
601890.SH,20261009,9.45,9.5,8.93,9.17,9.46,490878.46,446796.776,-3.0655
601898.SH,20261009,14.09,14.64,14.05,14.39,14.09,444791.04,640791.458,2.1292
601899.SH,20261009,29.51,31.06,29.51,30.8,29.37,2383473.68,7241916.951,4.8689
601900.SH,20261009,12.43,12.94,12.37,12.9,12.37,159164.89,202338.927,4.2846
601901.SH,20261009,6.59,6.74,6.59,6.71,6.6,368281.87,245590.613,1.6667
601908.SH,20261009,2.91,2.97,2.89,2.96,2.92,363466.47,106819.013,1.3699
601916.SH,20261009,2.93,2.95,2.91,2.91,2.92,1678739.71,491706.823,-0.3425
601918.SH,20261009,11.53,11.98,11.41,11.58,11.53,479661.28,558941.998,0.4337
601919.SH,20261009,16.62,16.87,16.58,16.67,16.6,833184.81,1393396.874,0.4217
601921.SH,20261009,7.49,7.76,7.45,7.73,7.45,147191.06,112165.634,3.7584
601928.SH,20261009,8.34,8.65,8.32,8.62,8.33,180931.69,153380.661,3.4814
601929.SH,20261009,2.29,2.5,2.23,2.5,2.27,1997251.0,475031.39,10.1322
601933.SH,20261009,2.94,3.04,2.92,3.01,2.96,945635.08,281315.39,1.6892
601939.SH,20261009,11.14,11.23,10.97,10.98,11.15,1268803.67,1405255.982,-1.5247
601949.SH,20261009,5.7,6.05,5.61,6.0,5.73,589581.45,344184.35,4.712
601952.SH,20261009,8.96,9.41,8.92,9.38,8.94,317747.35,292754.343,4.9217
601956.SH,20261009,5.59,5.59,5.22,5.32,5.52,389156.41,207451.696,-3.6232
601958.SH,20261009,18.88,19.13,18.44,19.05,18.92,243094.26,456753.325,0.6871
601963.SH,20261009,11.25,11.3,10.91,10.91,11.2,174388.47,192970.925,-2.5893
601965.SH,20261009,14.02,14.51,13.92,14.35,14.05,196655.47,281491.447,2.1352
601966.SH,20261009,10.5,10.67,10.47,10.66,10.47,95854.47,101569.879,1.8147
601968.SH,20261009,4.47,4.54,4.45,4.51,4.47,78800.0,35481.339,0.8949
601969.SH,20261009,9.09,9.24,8.99,9.11,9.08,146226.29,133212.232,0.3304
601975.SH,20261009,4.98,5.08,4.54,4.78,4.97,4328554.15,2059249.564,-3.8229
601985.SH,20261009,9.16,9.21,9.1,9.11,9.17,1046208.37,958284.607,-0.6543
601988.SH,20261009,6.82,6.87,6.76,6.77,6.81,2978872.33,2032058.745,-0.5874
601990.SH,20261009,6.55,6.66,6.53,6.62,6.53,214382.67,141615.38,1.3783
601991.SH,20261009,5.33,5.36,5.22,5.34,5.35,1368749.1,723159.602,-0.1869
601992.SH,20261009,1.41,1.44,1.4,1.42,1.41,484050.43,68669.583,0.7092
601995.SH,20261009,30.19,31.15,30.12,31.1,30.19,222415.11,683167.138,3.0142
601996.SH,20261009,2.83,2.9,2.73,2.88,2.84,200749.31,56398.554,1.4085
601997.SH,20261009,5.65,5.69,5.61,5.63,5.64,379371.8,214224.743,-0.1773
601998.SH,20261009,9.1,9.17,8.96,9.0,9.08,542186.54,490180.095,-0.8811
601999.SH,20261009,6.67,7.15,6.51,7.1,6.7,242012.26,165615.297,5.9701
603000.SH,20261009,16.01,16.84,15.87,16.79,16.1,194595.11,319000.665,4.2857
603001.SH,20261009,11.25,11.49,10.82,11.4,11.33,103621.99,115472.945,0.6178
603002.SH,20261009,19.06,20.13,17.01,17.68,18.69,1591029.77,2962862.41,-5.404
603004.SH,20261009,19.61,20.58,19.15,19.75,19.77,62610.5,124024.193,-0.1012
603005.SH,20261009,25.61,25.68,24.04,25.1,25.82,361855.19,900495.624,-2.7885
603006.SH,20261009,10.74,10.85,10.2,10.61,10.77,33937.0,35549.843,-1.4856
603007.SH,20261009,4.42,4.45,4.26,4.44,4.43,141687.92,61609.959,0.2257
603008.SH,20261009,10.8,11.09,10.59,11.08,10.7,102053.57,111310.333,3.5514
603009.SH,20261009,43.39,43.75,40.62,42.99,43.35,88684.24,372467.465,-0.8304
603010.SH,20261009,12.18,12.55,11.83,12.48,12.18,87768.0,106630.665,2.4631
603011.SH,20261009,23.2,23.2,21.0,21.84,23.33,286007.07,620931.655,-6.3866
603012.SH,20261009,8.65,8.66,8.22,8.55,8.61,144777.33,121611.962,-0.6969
603013.SH,20261009,14.3,14.56,14.19,14.52,14.29,31501.1,45429.356,1.6095
603014.SH,20261009,30.0,30.5,29.85,30.45,29.97,12622.05,38083.764,1.6016
603015.SH,20261009,10.38,10.5,9.96,10.46,10.48,56171.02,57436.099,-0.1908
603016.SH,20261009,32.2,32.2,30.02,31.57,31.68,32416.43,100598.729,-0.3472
603017.SH,20261009,9.99,10.01,9.62,10.0,10.01,61913.0,60915.941,-0.0999
603018.SH,20261009,5.08,5.16,5.03,5.15,5.11,72755.4,37021.528,0.7828
603019.SH,20261009,76.39,76.63,72.61,75.37,76.78,273811.18,2033557.19,-1.8364
603020.SH,20261009,13.0,13.08,11.85,12.93,12.75,230838.27,291198.759,1.4118
603021.SH,20261009,4.28,4.5,4.13,4.5,4.26,94067.1,40310.366,5.6338
603022.SH,20261009,9.08,9.18,8.66,9.03,9.08,35512.0,31532.555,-0.5507
603023.SH,20261009,4.01,4.03,3.8,4.02,3.99,105598.0,41422.279,0.7519
603025.SH,20261009,12.71,12.96,12.53,12.91,12.71,53936.64,68740.122,1.5736
603026.SH,20261009,58.7,64.88,58.06,62.76,59.0,234381.96,1454912.617,6.3729
603027.SH,20261009,7.41,7.47,7.36,7.4,7.41,128425.57,95143.846,-0.135
603028.SH,20261009,7.11,7.11,6.69,7.01,7.07,47053.8,32406.497,-0.8487
603029.SH,20261009,16.61,16.72,15.98,16.64,16.66,26302.0,42937.173,-0.12
603030.SH,20261009,2.05,2.09,1.97,2.08,2.05,367255.0,74525.001,1.4634
603031.SH,20261009,33.6,33.94,32.18,33.35,33.9,83951.39,277276.396,-1.6224
603032.SH,20261009,18.03,18.66,17.61,18.56,18.14,110651.17,202186.383,2.3153
603033.SH,20261009,7.67,7.79,7.47,7.7,7.65,71420.36,54267.146,0.6536
603035.SH,20261009,10.41,10.5,10.27,10.49,10.39,24621.0,25612.012,0.9625
603036.SH,20261009,13.55,13.57,12.7,13.17,13.49,50305.0,65580.617,-2.3721
603037.SH,20261009,10.64,10.64,9.64,10.07,10.71,187449.36,187151.084,-5.9757
603038.SH,20261009,15.14,15.57,14.63,15.24,15.24,59891.0,90473.392,0.0
603039.SH,20261009,33.18,34.98,32.13,34.73,33.2,112263.77,375121.638,4.6084
603040.SH,20261009,42.53,42.71,40.04,42.0,42.53,31659.87,131034.687,-1.2462
603041.SH,20261009,11.46,11.57,11.11,11.55,11.43,27273.4,30979.666,1.0499
603042.SH,20261009,15.87,15.87,14.56,15.58,16.05,275543.44,420230.005,-2.9283
603043.SH,20261009,13.36,13.57,13.24,13.52,13.29,36525.8,49227.826,1.7306
603045.SH,20261009,45.2,45.2,42.44,44.47,45.03,47639.98,208376.536,-1.2436
603048.SH,20261009,24.25,24.34,22.73,23.34,24.12,33818.0,78876.404,-3.2338
603049.SH,20261009,43.63,43.86,43.1,43.71,43.41,28821.15,125331.644,0.6911
603050.SH,20261009,15.92,16.06,15.7,15.99,15.92,28563.92,45361.852,0.4397
603051.SH,20261009,23.23,23.48,21.68,22.6,23.5,66868.62,149734.63,-3.8298
603052.SH,20261009,48.25,48.49,44.1,46.82,48.25,43920.4,202580.88,-2.9637
603053.SH,20261009,8.84,8.86,8.77,8.82,8.83,20954.0,18466.332,-0.1133
603055.SH,20261009,9.42,9.71,9.42,9.7,9.45,88944.02,85439.487,2.6455
603057.SH,20261009,17.81,17.9,17.36,17.63,17.76,18635.0,32759.342,-0.732
603058.SH,20261009,8.35,8.76,7.99,8.66,8.39,89981.0,75482.37,3.2181
603059.SH,20261009,26.5,26.5,25.2,25.73,25.98,14486.0,37287.479,-0.9623
603060.SH,20261009,5.55,5.62,5.42,5.62,5.54,61446.04,33979.663,1.444
603061.SH,20261009,292.75,297.0,270.0,293.02,296.7,34867.82,987676.624,-1.2403
603062.SH,20261009,37.59,37.74,36.43,37.61,37.59,4399.56,16381.867,0.0532
603063.SH,20261009,26.53,26.53,24.83,25.76,26.66,186580.73,475131.71,-3.3758
603065.SH,20261009,13.93,14.26,13.11,13.68,14.03,174709.0,237945.706,-2.4947
603066.SH,20261009,9.22,9.29,8.95,9.29,9.27,43745.0,39834.093,0.2157
603067.SH,20261009,38.0,42.31,36.45,42.31,38.46,416381.58,1658361.885,10.0104
603068.SH,20261009,42.66,46.68,41.4,43.5,42.44,223074.5,973926.775,2.4976
603069.SH,20261009,13.24,13.52,12.88,13.51,13.24,39155.9,51653.023,2.0393
603070.SH,20261009,11.48,11.48,10.88,11.2,11.44,33041.0,36591.122,-2.0979
603071.SH,20261009,12.55,12.63,12.41,12.63,12.53,22393.0,28098.155,0.7981
603072.SH,20261009,29.23,29.56,28.95,29.51,29.17,16395.16,48069.68,1.1656
603073.SH,20261009,22.97,22.97,20.67,20.67,22.97,95831.0,201331.598,-10.0131
603075.SH,20261009,20.04,20.18,19.05,19.75,20.04,28461.0,55645.484,-1.4471
603076.SH,20261009,20.08,20.15,19.3,20.12,19.97,18491.4,36515.541,0.7511
603077.SH,20261009,2.18,2.24,2.18,2.23,2.19,1289542.99,284840.824,1.8265
603078.SH,20261009,28.41,28.66,26.53,27.63,28.14,192497.33,528327.031,-1.8124
603079.SH,20261009,13.3,13.44,12.62,13.31,13.32,55464.0,72345.339,-0.0751
603080.SH,20261009,20.31,20.4,19.51,20.13,20.4,28303.0,56427.621,-1.3235
603081.SH,20261009,9.41,9.46,9.12,9.46,9.44,30238.0,28125.513,0.2119
603082.SH,20261009,39.48,39.61,37.24,38.79,39.4,40657.36,155834.029,-1.5482
603083.SH,20261009,190.98,198.74,184.54,193.0,193.1,233609.4,4489282.113,-0.0518
603085.SH,20261009,10.1,10.22,9.52,9.82,10.15,136652.7,134300.146,-3.2512
603086.SH,20261009,6.12,6.14,5.9,6.11,6.21,188677.2,113299.623,-1.6103
603087.SH,20261009,73.56,76.4,72.31,75.52,73.56,107049.39,792535.063,2.6645
603088.SH,20261009,9.73,9.75,9.25,9.72,9.69,89104.38,84837.785,0.3096
603089.SH,20261009,9.43,9.48,9.12,9.45,9.48,30469.0,28326.429,-0.3165
603090.SH,20261009,34.9,34.98,32.5,34.7,34.9,42408.0,143020.184,-0.5731
603091.SH,20261009,46.11,46.12,44.91,45.82,45.8,8336.38,37792.705,0.0437
603092.SH,20261009,46.6,49.92,46.52,47.74,47.42,44387.11,213597.284,0.6748
603093.SH,20261009,13.07,13.67,12.73,13.52,13.09,223230.64,296338.662,3.285
603095.SH,20261009,13.76,13.78,13.0,13.7,13.82,32482.2,43627.905,-0.8683
603096.SH,20261009,15.75,17.33,15.22,17.33,15.75,43143.0,70710.476,10.0317
603097.SH,20261009,18.99,19.0,17.93,18.31,18.9,19314.8,35429.082,-3.1217
603098.SH,20261009,10.69,10.79,10.23,10.79,10.6,46183.99,48459.559,1.7925
603099.SH,20261009,43.2,43.93,41.7,42.82,43.12,143576.28,614741.462,-0.6957
603100.SH,20261009,18.44,18.76,18.22,18.63,18.46,46163.77,85423.075,0.9209
603101.SH,20261009,7.25,7.99,7.18,7.99,7.26,187528.31,146219.698,10.0551
603102.SH,20261009,36.71,36.91,35.71,36.73,36.75,12275.86,44557.995,-0.0544
603103.SH,20261009,15.32,16.45,15.22,16.3,15.35,69402.21,110219.391,6.1889
603105.SH,20261009,8.64,8.74,8.46,8.63,8.8,185762.72,159802.169,-1.9318
603106.SH,20261009,7.08,7.46,6.9,7.43,7.09,155865.9,112538.224,4.7955
603107.SH,20261009,12.42,12.42,12.16,12.29,12.42,24871.0,30486.198,-1.0467
603108.SH,20261009,9.7,10.06,9.41,9.97,9.66,162687.74,158131.929,3.2091
603109.SH,20261009,17.2,17.36,16.7,17.33,17.27,18224.28,31079.293,0.3474
603110.SH,20261009,23.55,23.9,21.95,23.38,23.95,94668.0,216251.918,-2.38
603111.SH,20261009,6.08,6.12,5.97,6.09,6.07,52410.0,31684.606,0.3295
603112.SH,20261009,16.68,16.81,15.66,16.45,16.65,92295.02,149244.235,-1.2012
603113.SH,20261009,5.01,5.1,4.97,5.09,5.0,148325.26,74759.474,1.8
603115.SH,20261009,65.02,65.33,60.83,64.11,66.3,83700.2,529349.063,-3.3032
603116.SH,20261009,7.21,7.21,6.86,7.18,7.15,131861.0,92524.744,0.4196
603117.SH,20261009,3.95,3.98,3.8,3.97,3.94,97312.0,37857.51,0.7614
603118.SH,20261009,14.8,15.1,13.98,14.64,15.08,534081.9,774462.439,-2.9178
603119.SH,20261009,48.48,49.07,45.19,48.55,48.84,102265.43,482979.1,-0.5938
603120.SH,20261009,53.17,54.13,50.61,52.9,53.7,27155.56,142148.089,-1.4898
603121.SH,20261009,11.82,11.95,11.25,11.89,11.92,56171.5,64871.475,-0.2517
603122.SH,20261009,13.83,13.93,13.02,13.76,13.56,317489.0,428445.638,1.4749
603123.SH,20261009,9.28,9.68,9.04,9.64,9.25,285728.07,267399.102,4.2162
603124.SH,20261009,114.22,114.88,103.91,108.39,115.45,53747.19,580574.662,-6.1152
603125.SH,20261009,20.92,21.01,19.98,20.63,20.9,31930.43,65379.033,-1.2919
603126.SH,20261009,6.38,6.5,6.32,6.49,6.37,82141.0,52737.608,1.8838
603127.SH,20261009,52.0,52.96,50.1,52.6,52.06,545135.58,2818919.862,1.0373
603128.SH,20261009,5.41,5.44,5.36,5.39,5.41,73305.74,39558.622,-0.3697
603129.SH,20261009,272.92,274.09,266.0,271.54,272.97,15542.0,419486.964,-0.5239
603130.SH,20261009,39.8,39.8,37.7,38.7,39.8,13595.75,52461.726,-2.7638
603131.SH,20261009,13.36,13.54,12.84,13.49,13.48,58641.0,77190.579,0.0742
603132.SH,20261009,17.86,17.97,17.0,17.61,17.86,73858.22,128466.045,-1.3998
603135.SH,20261009,8.46,8.46,8.13,8.39,8.39,69282.47,57400.388,0.0
603136.SH,20261009,8.91,9.11,8.8,9.11,8.92,57486.45,51417.688,2.13
603137.SH,20261009,19.37,19.38,17.62,18.65,19.56,178845.02,324170.478,-4.6524
603138.SH,20261009,13.1,13.95,12.44,13.9,13.13,179440.57,236811.225,5.8644
603139.SH,20261009,34.45,34.45,32.32,34.01,34.45,20346.0,67915.287,-1.2772
603150.SH,20261009,63.14,65.0,58.51,61.93,64.87,28517.0,175083.233,-4.5321
603151.SH,20261009,17.88,18.94,16.99,18.79,17.85,43945.36,79260.691,5.2661
603153.SH,20261009,13.58,13.68,13.35,13.62,13.59,15309.0,20637.924,0.2208
603155.SH,20261009,13.88,15.43,13.57,15.43,14.03,297641.51,452225.096,9.9786
603156.SH,20261009,41.88,42.58,40.6,42.36,42.2,92568.84,384419.495,0.3791
603158.SH,20261009,9.95,10.04,9.5,9.98,10.0,121573.0,118460.362,-0.2
603159.SH,20261009,22.12,22.43,21.53,21.88,22.27,39064.0,85867.375,-1.7512
603160.SH,20261009,51.43,52.88,50.83,51.95,51.55,43026.82,223499.389,0.7759
603161.SH,20261009,14.32,14.39,13.66,14.18,14.31,25218.8,35239.952,-0.9085
603162.SH,20261009,13.4,13.49,12.74,13.23,13.5,371480.44,484158.183,-2.0
603163.SH,20261009,71.23,71.69,66.16,69.55,72.0,19344.16,132752.915,-3.4028
603165.SH,20261009,13.83,13.91,13.32,13.79,13.88,74680.81,101337.128,-0.6484
603166.SH,20261009,10.4,10.56,10.11,10.53,10.37,67590.09,69834.143,1.5429
603167.SH,20261009,7.99,8.02,7.94,8.0,8.0,22543.6,17981.876,0.0
603168.SH,20261009,5.94,6.05,5.78,6.04,5.95,63619.54,37668.012,1.5126
603169.SH,20261009,6.08,6.12,5.97,6.1,6.06,141168.0,85270.01,0.6601
603170.SH,20261009,13.56,14.0,13.48,13.78,13.5,66427.28,91418.028,2.0741
603171.SH,20261009,37.44,40.06,36.8,39.8,37.44,63453.67,242927.201,6.3034
603172.SH,20261009,19.8,19.83,18.77,19.48,19.69,25527.99,49188.471,-1.0665
603173.SH,20261009,29.86,29.86,28.57,29.61,29.88,9399.0,27382.397,-0.9036
603175.SH,20261009,101.72,102.8,95.83,99.76,102.58,22404.04,222138.067,-2.7491
603176.SH,20261009,5.28,5.4,5.18,5.37,5.26,50139.0,26508.394,2.0913
603177.SH,20261009,10.78,11.03,10.2,10.63,10.8,36530.0,38183.085,-1.5741
603178.SH,20261009,16.2,16.29,15.66,16.23,16.3,81013.61,129554.299,-0.4294
603179.SH,20261009,37.0,37.42,34.96,37.1,37.51,198601.74,718999.918,-1.093
603180.SH,20261009,15.82,15.96,15.42,15.84,15.75,12173.0,19107.998,0.5714
603181.SH,20261009,12.29,12.36,12.1,12.32,12.24,37839.0,46334.721,0.6536
603182.SH,20261009,13.64,13.72,13.31,13.63,13.64,19716.0,26737.808,-0.0733
603183.SH,20261009,5.19,5.33,4.76,5.06,5.19,641615.2,327245.133,-2.5048
603185.SH,20261009,14.87,14.96,14.41,14.88,14.87,164299.37,241732.268,0.0672
603186.SH,20261009,215.5,217.0,201.83,206.46,224.25,225963.66,4624928.731,-7.9331
603187.SH,20261009,10.7,10.88,10.61,10.85,10.71,40126.28,43108.574,1.3072
603188.SH,20261009,4.92,5.3,4.84,5.07,5.04,665953.0,334335.341,0.5952
603189.SH,20261009,10.31,10.4,9.81,10.08,10.2,61072.0,61381.092,-1.1765
603190.SH,20261009,16.18,16.18,15.44,16.03,16.11,18470.2,29087.826,-0.4966
603191.SH,20261009,13.18,13.21,12.7,13.19,13.14,65698.0,84975.281,0.3805
603192.SH,20261009,21.11,21.11,19.95,20.84,21.15,35429.88,72686.316,-1.4657
603193.SH,20261009,19.53,19.99,19.43,19.94,19.43,25215.06,49677.195,2.6248
603194.SH,20261009,33.5,33.95,33.15,33.25,33.38,12816.2,42981.329,-0.3895
603195.SH,20261009,38.83,39.48,38.69,39.04,38.89,32723.39,128255.879,0.3857
603196.SH,20261009,17.48,17.75,16.8,17.73,17.44,27244.9,47203.812,1.6628
603197.SH,20261009,28.74,28.89,27.57,28.52,28.81,29163.52,82095.17,-1.0066
603198.SH,20261009,38.46,39.15,37.9,38.87,38.5,29700.34,114682.299,0.961
603199.SH,20261009,31.31,31.71,31.01,31.65,31.39,10775.99,33794.831,0.8283
603200.SH,20261009,49.21,54.13,47.51,53.92,49.21,359750.46,1838097.115,9.5712
603201.SH,20261009,14.8,15.13,14.45,14.93,15.17,35665.06,52461.978,-1.5821
603202.SH,20261009,50.34,50.94,49.87,50.64,50.34,9195.85,46349.378,0.5959
603203.SH,20261009,38.99,39.18,35.64,37.58,39.34,85354.3,318174.795,-4.4738
603205.SH,20261009,21.7,21.98,21.45,21.88,21.72,9245.93,20114.144,0.7366
603206.SH,20261009,13.28,13.61,12.93,13.58,13.31,33873.0,44941.831,2.0285
603207.SH,20261009,23.9,24.56,23.51,24.47,24.07,25229.22,60864.636,1.6618
603208.SH,20261009,11.48,11.48,10.98,11.35,11.4,21641.25,24282.289,-0.4386
603209.SH,20261009,15.07,15.28,14.87,15.18,15.12,60382.0,90996.932,0.3968
603210.SH,20261009,13.73,13.73,13.32,13.61,13.73,56759.5,76763.91,-0.874
603211.SH,20261009,18.4,18.51,17.52,18.35,18.52,42411.0,76460.149,-0.9179
603212.SH,20261009,11.36,11.38,10.75,11.3,11.3,99130.14,109467.793,0.0
603213.SH,20261009,13.68,13.86,13.63,13.86,13.7,23646.0,32573.32,1.1679
603214.SH,20261009,13.72,13.77,13.24,13.77,13.66,26016.5,35078.535,0.8053
603215.SH,20261009,15.14,15.4,14.97,15.31,15.24,19317.0,29368.412,0.4593
603216.SH,20261009,21.95,24.1,21.2,24.1,21.91,88969.0,201398.679,9.9954
603217.SH,20261009,26.77,26.77,25.01,25.7,26.5,31427.54,80716.529,-3.0189
603218.SH,20261009,9.48,9.63,9.39,9.44,9.51,144173.59,136784.894,-0.7361
603219.SH,20261009,13.0,13.07,12.34,12.82,13.1,70018.0,88926.172,-2.1374
603220.SH,20261009,15.68,15.99,15.24,15.94,15.88,182675.22,285657.625,0.3778
603221.SH,20261009,24.06,25.8,22.91,25.43,24.29,132549.01,322299.903,4.6933
603222.SH,20261009,7.99,8.32,7.78,8.3,8.05,207605.22,167461.482,3.1056
603223.SH,20261009,9.27,9.3,8.98,9.24,9.27,91056.96,83199.555,-0.3236
603225.SH,20261009,16.91,17.26,16.55,17.0,17.09,102455.28,172762.531,-0.5266
603226.SH,20261009,28.47,29.02,26.88,29.02,28.41,62579.56,175775.53,2.1471
603227.SH,20261009,7.54,7.63,7.5,7.57,7.53,67283.0,50979.479,0.5312
603228.SH,20261009,97.0,100.3,92.51,96.98,97.89,305766.38,2955367.097,-0.9296
603229.SH,20261009,8.05,8.21,7.91,8.19,8.06,80416.68,64965.015,1.6129
603230.SH,20261009,12.95,13.54,11.97,13.3,13.02,546078.71,698682.429,2.1505
603231.SH,20261009,17.02,17.09,16.81,17.01,17.05,17089.0,28932.271,-0.2346
603232.SH,20261009,15.39,16.98,14.57,16.98,15.44,250515.14,400137.732,9.9741
603233.SH,20261009,18.36,18.95,18.2,18.76,18.36,135820.12,253555.021,2.1786
603235.SH,20261009,25.61,25.99,25.53,25.94,25.77,5845.91,15115.789,0.6597
603236.SH,20261009,68.0,72.6,67.0,72.2,68.49,189968.54,1329209.733,5.4168
603237.SH,20261009,15.4,15.4,14.99,15.32,15.33,17534.0,26646.932,-0.0652
603238.SH,20261009,12.78,12.81,12.38,12.73,12.77,23298.0,29361.47,-0.3132
603239.SH,20261009,13.55,14.66,13.13,14.37,13.58,68062.08,95471.104,5.8174
603248.SH,20261009,21.4,21.4,19.39,20.64,21.44,180300.05,365545.255,-3.7313
603255.SH,20261009,31.33,32.2,30.71,31.89,31.2,21114.85,66593.686,2.2115
603256.SH,20261009,122.78,123.94,112.55,117.5,124.64,164868.09,1929986.564,-5.7285
603257.SH,20261009,63.0,63.81,60.7,63.57,63.39,13704.28,85356.234,0.284
603258.SH,20261009,13.8,14.65,13.41,14.5,13.88,62144.21,87093.049,4.4669
603259.SH,20261009,162.0,162.5,151.62,157.8,162.0,604496.66,9417207.735,-2.5926
603260.SH,20261009,31.81,33.48,31.4,33.04,31.33,189007.45,620601.371,5.458
603261.SH,20261009,47.76,49.62,46.2,49.26,47.61,18894.0,90201.903,3.4657
603262.SH,20261009,17.11,17.35,16.71,17.35,16.96,23049.49,39296.968,2.2995
603266.SH,20261009,21.26,22.37,21.08,22.21,21.31,172895.0,377224.542,4.2234
603267.SH,20261009,44.8,44.9,42.65,44.16,45.1,64676.75,281492.577,-2.0843
603268.SH,20261009,219.9,220.66,198.6,203.5,218.75,117135.68,2392832.301,-6.9714
603269.SH,20261009,24.44,24.44,21.93,23.12,24.3,299058.88,685102.147,-4.856
603270.SH,20261009,29.0,29.02,26.3,27.24,29.02,82362.32,224929.75,-6.1337
603271.SH,20261009,38.8,40.28,37.97,40.22,38.82,24106.07,94714.474,3.6064
603272.SH,20261009,15.01,15.01,14.1,14.43,15.01,21895.0,31536.382,-3.8641
603273.SH,20261009,14.4,14.5,13.6,14.14,14.44,25007.0,34947.689,-2.0776
603275.SH,20261009,36.1,36.26,34.33,35.85,36.11,10805.5,37931.603,-0.72
603276.SH,20261009,17.68,18.28,17.46,18.18,17.68,49388.9,88813.347,2.8281
603277.SH,20261009,11.23,11.33,10.82,11.21,11.18,21832.9,24226.87,0.2683
603278.SH,20261009,10.08,10.2,9.66,10.1,10.21,369122.37,366214.168,-1.0774
603279.SH,20261009,11.13,11.27,11.04,11.25,11.09,74906.06,83710.163,1.4427
603280.SH,20261009,27.72,28.9,27.61,28.9,27.89,31118.81,88316.134,3.6214
603281.SH,20261009,18.3,19.13,18.06,18.95,18.15,83605.59,156857.034,4.4077
603282.SH,20261009,17.4,17.4,16.16,16.99,17.1,18363.99,30569.398,-0.6433
603283.SH,20261009,38.96,39.0,36.12,37.67,39.16,158158.8,590491.853,-3.8049
603284.SH,20261009,40.15,41.02,39.77,41.0,40.23,9218.59,37249.415,1.914
603285.SH,20261009,36.95,37.27,33.84,35.36,36.91,40812.22,143371.761,-4.1994
603286.SH,20261009,42.6,44.2,39.6,43.59,42.83,45078.35,187748.004,1.7745
603288.SH,20261009,33.87,34.34,33.65,33.67,33.86,145261.49,494240.855,-0.5611
603289.SH,20261009,10.72,10.75,10.3,10.6,10.69,70533.65,74110.206,-0.8419
603290.SH,20261009,78.39,78.69,73.64,76.25,78.85,58512.73,442582.209,-3.2974
603291.SH,20261009,8.71,8.82,8.39,8.6,8.71,28487.0,24318.853,-1.2629
603293.SH,20261009,35.0,35.33,34.1,35.05,35.18,12132.0,42031.912,-0.3695
603296.SH,20261009,72.0,74.63,71.3,74.55,72.55,142468.87,1037772.215,2.7567
603297.SH,20261009,100.2,100.5,95.28,98.38,101.2,11612.0,113844.727,-2.7866
603298.SH,20261009,21.75,22.15,21.74,22.05,21.73,45019.64,98948.388,1.4726
603299.SH,20261009,8.76,8.82,8.69,8.77,8.71,55568.1,48743.263,0.6889
603300.SH,20261009,4.5,4.6,4.48,4.58,4.5,363933.52,165307.399,1.7778
603301.SH,20261009,78.8,81.36,78.41,81.0,78.49,18298.79,146174.954,3.1979
603303.SH,20261009,27.49,28.7,26.68,28.56,27.73,25630.44,70774.505,2.9931
603305.SH,20261009,10.82,11.15,10.55,11.06,10.87,179157.79,194093.279,1.7479
603306.SH,20261009,66.21,66.49,61.4,65.02,66.91,97866.33,624016.324,-2.8247
603307.SH,20261009,25.37,25.46,24.09,25.25,25.37,10993.45,27345.2,-0.473
603308.SH,20261009,35.86,36.02,33.11,34.28,36.07,252902.57,861113.937,-4.9626
603309.SH,20261009,11.14,11.33,11.03,11.26,11.14,29858.0,33338.491,1.0772
603310.SH,20261009,14.52,14.64,14.45,14.6,14.52,15680.0,22821.992,0.551
603311.SH,20261009,25.46,25.57,23.88,25.0,25.68,46583.0,115371.546,-2.648
603312.SH,20261009,32.9,33.06,31.62,32.16,33.08,7688.87,24815.671,-2.7811
603313.SH,20261009,6.25,6.54,6.2,6.38,6.22,252034.47,160594.76,2.5723
603315.SH,20261009,10.48,10.51,9.97,10.35,10.46,58365.0,59381.947,-1.0516
603316.SH,20261009,14.4,14.67,13.67,14.58,14.64,166741.5,236364.91,-0.4098
603317.SH,20261009,12.54,12.75,12.52,12.73,12.51,76710.53,96995.639,1.7586
603318.SH,20261009,9.19,9.2,8.64,8.9,9.09,336829.88,297060.318,-2.0902
603319.SH,20261009,26.07,26.8,24.92,26.55,26.21,166605.71,431458.659,1.2972
603320.SH,20261009,17.75,17.9,16.85,17.74,17.7,16721.65,28993.507,0.226
603321.SH,20261009,7.03,7.1,6.76,7.02,7.07,76388.0,52791.303,-0.7072
603322.SH,20261009,26.46,26.65,25.3,26.45,26.58,61754.0,160405.109,-0.4891
603323.SH,20261009,4.54,4.58,4.47,4.48,4.54,411293.52,185509.599,-1.3216
603324.SH,20261009,23.76,23.79,21.8,22.93,23.55,38469.0,87255.258,-2.6327
603325.SH,20261009,54.42,55.2,53.46,55.06,54.36,5715.86,31190.53,1.2877
603326.SH,20261009,7.68,7.76,7.36,7.6,7.68,34242.0,25789.449,-1.0417
603327.SH,20261009,7.94,8.01,7.76,8.01,7.94,119682.91,94424.176,0.8816
603328.SH,20261009,13.45,13.47,12.2,12.68,13.55,596713.66,761109.381,-6.4207
603329.SH,20261009,10.24,10.28,9.82,10.1,10.23,38202.8,38389.984,-1.2708
603330.SH,20261009,9.0,9.04,8.55,8.92,9.06,283263.69,248554.456,-1.5453
603331.SH,20261009,12.41,12.41,11.98,12.26,12.43,33792.92,41153.325,-1.3677
603332.SH,20261009,12.1,12.14,11.67,12.02,12.19,38350.0,45710.819,-1.3946
603333.SH,20261009,8.97,9.04,8.65,9.01,9.0,85409.0,75567.575,0.1111
603334.SH,20261009,33.15,33.15,32.23,33.02,33.41,23649.13,77180.897,-1.1673
603335.SH,20261009,5.95,6.0,5.75,5.99,5.95,95281.0,55836.004,0.6723
603336.SH,20261009,9.6,9.66,9.0,9.5,9.6,167322.22,156152.755,-1.0417
603337.SH,20261009,34.91,35.35,34.71,35.02,34.71,18750.16,65644.353,0.8931
603338.SH,20261009,52.2,53.39,51.3,51.48,52.26,26817.79,138926.678,-1.4925
603339.SH,20261009,12.05,12.13,11.62,12.08,12.08,67617.99,80216.093,0.0
603341.SH,20261009,33.8,34.72,33.37,34.47,33.95,68597.61,233942.767,1.5317
603344.SH,20261009,21.55,21.55,20.33,21.12,21.47,31218.54,64865.347,-1.6302
603345.SH,20261009,78.5,81.35,78.5,81.02,78.39,54195.16,435757.24,3.355
603348.SH,20261009,14.5,14.6,14.0,14.58,14.41,24588.18,35144.319,1.1797
603350.SH,20261009,28.4,28.4,27.16,28.07,28.28,6095.23,16908.71,-0.7426
603351.SH,20261009,28.49,28.62,27.6,28.48,28.49,19070.0,53671.521,-0.0351
603352.SH,20261009,25.0,25.54,24.94,25.52,25.0,13602.37,34450.697,2.08
603353.SH,20261009,36.99,36.99,34.2,35.5,37.13,59191.0,209733.611,-4.39
603355.SH,20261009,32.38,33.0,31.6,32.27,32.44,41810.41,135246.27,-0.524
603356.SH,20261009,16.61,16.61,15.36,16.47,16.41,28132.0,44852.977,0.3656
603357.SH,20261009,5.98,6.05,5.94,6.03,5.97,32313.0,19374.043,1.005
603358.SH,20261009,44.48,44.98,41.82,43.06,44.49,69700.87,299177.94,-3.2142
603359.SH,20261009,1.98,1.99,1.88,1.95,1.97,66233.6,12765.585,-1.0152
603360.SH,20261009,12.43,12.43,11.49,12.0,12.19,119807.21,141898.876,-1.5587
603363.SH,20261009,2.76,2.85,2.76,2.84,2.78,259384.11,72764.255,2.1583
603365.SH,20261009,16.46,17.12,16.35,17.1,16.41,35593.0,59769.546,4.2048
603366.SH,20261009,7.31,7.57,7.06,7.56,7.3,283989.38,208846.841,3.5616
603367.SH,20261009,14.32,14.71,14.12,14.68,14.44,90466.0,131181.414,1.662
603368.SH,20261009,15.2,15.51,15.2,15.48,15.22,44906.04,69041.674,1.7083
603369.SH,20261009,27.65,28.05,27.22,27.62,27.65,60314.94,166523.44,-0.1085
603370.SH,20261009,27.24,27.56,26.28,27.52,27.21,18333.86,49343.98,1.1393
603373.SH,20261009,51.94,52.77,48.3,50.0,52.2,42315.07,213257.996,-4.2146
603375.SH,20261009,41.82,42.1,38.58,40.43,41.78,36730.7,147188.169,-3.2312
603376.SH,20261009,26.85,28.47,26.26,28.15,26.85,40160.82,110845.206,4.8417
603377.SH,20261009,3.01,3.09,2.98,3.07,3.02,26992.72,8207.328,1.6556
603378.SH,20261009,4.66,4.7,4.25,4.45,4.72,103008.17,45580.083,-5.7203
603379.SH,20261009,47.56,48.66,47.06,48.32,47.75,57066.63,273138.066,1.1937
603380.SH,20261009,31.18,31.25,29.3,30.68,31.16,29658.9,89319.147,-1.5404
603381.SH,20261009,14.7,14.75,14.2,14.71,14.72,29789.9,43195.722,-0.0679
603382.SH,20261009,19.03,19.1,18.4,18.98,18.94,16283.0,30534.336,0.2112
603383.SH,20261009,26.21,27.19,25.81,27.17,26.11,35980.2,95473.102,4.0597
603385.SH,20261009,5.61,5.8,5.51,5.68,5.58,51562.0,29000.826,1.7921
603386.SH,20261009,17.07,17.41,15.75,16.47,17.5,118221.0,195087.071,-5.8857
603387.SH,20261009,10.05,10.1,9.68,10.05,10.16,135075.48,133243.527,-1.0827
603389.SH,20261009,43.13,43.8,42.25,43.2,43.5,9382.6,40175.476,-0.6897
603390.SH,20261009,11.23,11.31,10.19,10.74,11.32,182132.2,195300.047,-5.1237
603391.SH,20261009,71.07,71.89,67.49,70.86,71.89,36716.93,255412.911,-1.4327
603392.SH,20261009,26.49,27.06,25.99,26.96,26.5,67667.73,179663.497,1.7358
603393.SH,20261009,25.3,25.67,25.1,25.19,25.46,60122.0,152399.914,-1.0605
603395.SH,20261009,25.53,26.88,24.72,26.59,25.39,140370.19,364741.635,4.7263
603396.SH,20261009,31.6,31.98,29.51,30.35,31.91,162967.55,495453.444,-4.8887
603398.SH,20261009,7.78,8.56,7.56,8.56,7.78,126350.06,101478.78,10.0257
603399.SH,20261009,13.39,14.46,13.19,14.05,13.55,842486.37,1166494.601,3.69
603400.SH,20261009,45.8,46.25,42.93,42.93,47.7,65689.43,286680.592,-10.0
603402.SH,20261009,57.58,59.26,56.81,59.08,57.7,16636.57,96365.897,2.3917
603406.SH,20261009,27.93,28.22,27.46,28.11,27.93,15243.93,42518.352,0.6445
603407.SH,20261009,56.35,56.35,52.41,53.22,56.45,38873.0,208169.818,-5.7219
603408.SH,20261009,11.38,11.69,11.29,11.64,11.42,15583.0,17895.494,1.9264
603409.SH,20261009,17.46,17.62,16.76,17.47,17.55,24561.75,42207.24,-0.4558
603416.SH,20261009,44.39,45.4,43.32,45.11,44.15,16793.0,74437.583,2.1744
603418.SH,20261009,50.0,50.28,48.62,49.23,50.0,29178.41,143832.884,-1.54
603421.SH,20261009,6.1,6.19,5.84,6.18,6.11,185412.9,111734.59,1.1457
603429.SH,20261009,8.88,9.01,8.5,8.65,8.87,15796.0,13758.466,-2.4803
603435.SH,20261009,43.6,43.99,41.18,43.2,44.04,22728.0,96294.063,-1.9074
603439.SH,20261009,12.58,12.6,11.74,12.55,12.65,144041.26,175351.739,-0.7905
603444.SH,20261009,339.0,346.98,338.68,346.07,339.28,12659.21,434083.987,2.0013
603448.SH,20261009,58.01,58.05,55.55,57.73,58.32,32060.56,181965.859,-1.0117
603456.SH,20261009,16.26,16.41,15.85,16.31,16.35,210542.12,339369.037,-0.2446
603458.SH,20261009,10.78,11.14,10.37,10.99,10.77,121443.0,131413.906,2.0427
603459.SH,20261009,74.1,74.86,70.0,73.51,75.11,68944.91,497157.362,-2.1302
603466.SH,20261009,11.53,12.04,10.88,12.0,11.51,555370.72,635462.369,4.2572
603468.SH,20261009,21.89,22.11,21.21,22.08,21.95,32387.46,70198.076,0.5923
603477.SH,20261009,13.79,14.03,13.65,13.92,13.75,104046.79,143721.943,1.2364
603486.SH,20261009,47.65,48.81,47.6,48.66,47.96,34937.45,168320.312,1.4595
603488.SH,20261009,7.61,7.71,7.19,7.62,7.61,81394.0,60470.033,0.1314
603489.SH,20261009,27.63,27.97,27.02,27.9,27.8,20652.4,56834.227,0.3597
603496.SH,20261009,21.83,22.41,21.61,22.29,21.83,58368.75,128610.12,2.1072
603499.SH,20261009,12.37,12.43,11.82,12.3,12.45,46691.76,56778.735,-1.2048
603500.SH,20261009,9.88,10.09,9.28,10.04,9.83,156874.95,151335.918,2.1363
603501.SH,20261009,78.39,80.23,77.33,79.15,78.96,102901.99,809277.253,0.2406
603505.SH,20261009,14.03,14.19,13.9,14.06,13.9,95700.67,134696.587,1.1511
603506.SH,20261009,12.28,12.32,11.65,12.06,12.28,45138.6,53850.236,-1.7915
603507.SH,20261009,27.45,27.66,25.39,26.24,27.42,169502.26,445101.339,-4.3034
603508.SH,20261009,20.48,20.64,20.21,20.51,20.46,26521.38,54159.845,0.2444
603511.SH,20261009,12.94,13.03,12.7,12.97,12.88,16435.0,21162.122,0.6988
603515.SH,20261009,14.83,15.24,14.8,15.11,14.87,20065.99,30263.341,1.614
603516.SH,20261009,73.7,73.86,68.0,72.8,73.86,74881.85,531786.689,-1.4351
603517.SH,20261009,11.2,11.25,10.96,11.21,11.16,38330.0,42590.08,0.448
603518.SH,20261009,7.8,7.96,7.72,7.94,7.81,59819.77,46894.228,1.6645
603519.SH,20261009,16.65,17.35,16.12,17.17,16.43,80019.36,134295.477,4.504
603520.SH,20261009,8.56,8.74,8.39,8.72,8.55,83017.8,71184.475,1.9883
603527.SH,20261009,9.71,9.74,9.33,9.71,9.71,64663.0,61667.236,0.0
603528.SH,20261009,6.25,6.41,6.06,6.41,6.25,110532.0,68949.273,2.56
603529.SH,20261009,22.9,23.57,22.84,23.28,22.89,130809.51,304996.873,1.7038
603530.SH,20261009,40.71,41.58,38.5,40.0,40.71,45549.0,180658.152,-1.744
603533.SH,20261009,23.1,25.44,22.32,25.44,23.13,368144.36,872887.939,9.987
603535.SH,20261009,6.26,6.38,6.17,6.37,6.28,50090.45,31412.296,1.4331
603536.SH,20261009,10.19,10.33,9.97,10.31,10.19,66660.2,67763.851,1.1776
603538.SH,20261009,28.86,28.99,26.61,28.45,29.46,651272.91,1823060.402,-3.4284
603551.SH,20261009,9.43,9.62,9.42,9.56,9.49,34982.0,33397.572,0.7376
603556.SH,20261009,22.39,22.55,21.83,22.26,22.3,31048.0,68753.298,-0.1794
603557.SH,20261009,3.1,3.12,3.03,3.1,3.12,41150.0,12646.013,-0.641
603558.SH,20261009,12.87,12.92,12.67,12.83,12.85,28979.0,37128.836,-0.1556
603559.SH,20261009,8.54,8.66,8.15,8.61,8.61,92214.0,77399.684,0.0
603565.SH,20261009,11.81,11.9,11.44,11.75,11.78,193909.54,226783.511,-0.2547
603566.SH,20261009,10.17,10.31,10.1,10.29,10.18,27092.4,27707.458,1.0806
603567.SH,20261009,5.29,5.59,5.13,5.4,5.26,487151.69,261378.261,2.6616
603568.SH,20261009,13.35,13.52,13.09,13.1,13.36,125104.22,165245.523,-1.9461
603569.SH,20261009,5.93,5.97,5.82,5.96,5.92,34650.0,20437.506,0.6757
603577.SH,20261009,9.63,9.65,9.1,9.35,9.63,33431.0,31113.96,-2.9076
603578.SH,20261009,13.71,14.04,13.2,13.79,14.18,50170.0,68038.484,-2.7504
603579.SH,20261009,17.71,18.03,16.98,18.01,17.83,32873.0,57324.913,1.0095
603580.SH,20261009,73.28,73.28,67.0,69.8,72.67,50214.11,348803.933,-3.9494
603583.SH,20261009,27.2,28.43,27.06,28.27,27.28,74759.65,209478.817,3.629
603585.SH,20261009,10.62,10.82,10.45,10.81,10.63,38416.51,40801.817,1.6933
603586.SH,20261009,13.74,13.86,13.35,13.84,13.74,17614.0,23948.856,0.7278
603587.SH,20261009,12.4,12.52,12.2,12.48,12.37,28469.0,35241.298,0.8892
603588.SH,20261009,15.74,16.8,15.41,16.59,15.74,632988.42,1012911.744,5.4003
603589.SH,20261009,17.9,18.19,17.83,18.15,17.79,61947.37,111627.875,2.0236
603590.SH,20261009,31.33,31.39,29.9,30.98,31.19,57962.96,177118.521,-0.6733
603595.SH,20261009,30.8,30.92,29.31,30.0,31.0,19322.0,57990.855,-3.2258
603596.SH,20261009,27.2,27.48,26.68,27.29,27.33,102288.49,277148.445,-0.1464
603598.SH,20261009,18.7,19.8,17.82,19.62,18.49,336694.0,637951.936,6.1114
603599.SH,20261009,10.41,10.51,10.32,10.46,10.39,86009.11,89613.245,0.6737
603600.SH,20261009,10.12,10.24,9.89,10.23,10.1,35373.16,35613.671,1.2871
603601.SH,20261009,9.69,9.9,8.83,9.27,9.81,1137127.97,1051229.066,-5.5046
603602.SH,20261009,12.12,12.31,11.61,12.25,12.18,95823.55,114783.09,0.5747
603605.SH,20261009,55.12,56.6,54.88,56.22,55.12,52644.97,294040.075,1.9956
603606.SH,20261009,37.16,37.76,34.88,36.3,37.54,279130.73,1017885.404,-3.3031
603607.SH,20261009,21.89,21.89,20.65,21.68,22.05,50878.28,108514.142,-1.678
603608.SH,20261009,18.65,19.71,17.94,19.35,18.84,124782.0,233496.533,2.707
603609.SH,20261009,6.31,6.4,6.26,6.38,6.31,29532.95,18742.028,1.1094
603610.SH,20261009,12.96,13.0,12.32,12.74,12.96,51259.0,64822.012,-1.6975
603611.SH,20261009,16.0,16.17,15.5,15.85,15.9,19078.31,30064.138,-0.3145
603612.SH,20261009,16.15,16.51,15.93,16.32,16.17,97800.92,158902.454,0.9276
603613.SH,20261009,18.4,18.79,18.09,18.72,18.44,116112.3,214073.018,1.5184
603615.SH,20261009,18.23,18.3,17.51,18.14,18.23,27700.0,49457.973,-0.4937
603616.SH,20261009,5.59,5.63,5.39,5.57,5.65,112600.0,62143.371,-1.4159
603617.SH,20261009,6.7,6.74,6.42,6.68,6.66,61909.36,40716.545,0.3003
603618.SH,20261009,31.99,31.99,29.74,31.29,32.09,381569.71,1173360.867,-2.493
603619.SH,20261009,21.44,21.7,20.9,21.21,21.65,242070.17,514615.769,-2.0323
603626.SH,20261009,23.0,25.58,22.05,24.49,23.25,598575.51,1418877.611,5.3333
603628.SH,20261009,10.3,10.35,9.94,10.35,10.28,51686.84,52350.668,0.6809
603629.SH,20261009,93.5,95.0,89.58,94.58,93.64,196621.32,1811519.754,1.0038
603630.SH,20261009,16.99,17.39,15.79,16.27,15.81,303420.25,507423.188,2.9096
603633.SH,20261009,6.12,6.15,5.86,6.13,6.13,91535.77,55058.161,0.0
603636.SH,20261009,7.47,7.94,7.14,7.85,7.46,438253.57,331701.97,5.2279
603637.SH,20261009,13.47,13.5,12.5,12.99,13.52,84637.29,109761.806,-3.9201
603638.SH,20261009,19.6,19.82,18.57,19.25,19.79,141901.45,269676.375,-2.7287
603639.SH,20261009,10.42,10.54,10.34,10.49,10.45,11025.0,11547.267,0.3828
603648.SH,20261009,9.42,9.59,9.33,9.56,9.48,28224.0,26675.272,0.8439
603650.SH,20261009,59.07,59.07,54.77,57.39,59.07,121551.52,691292.34,-2.8441
603655.SH,20261009,30.0,30.13,28.09,29.55,29.95,13338.0,38662.974,-1.3356
603656.SH,20261009,17.21,17.22,16.49,17.09,17.18,22449.0,37792.372,-0.5239
603657.SH,20261009,37.39,37.65,35.49,36.65,37.37,57302.0,208164.316,-1.9267
603658.SH,20261009,33.22,33.53,32.95,33.45,33.21,25533.0,85073.804,0.7227
603659.SH,20261009,21.86,22.86,21.58,22.33,21.86,516416.09,1154217.364,2.15
603660.SH,20261009,8.95,8.95,8.36,8.88,8.88,161086.22,138919.044,0.0
603661.SH,20261009,33.7,33.99,32.3,33.83,33.65,25331.0,84135.233,0.5349
603662.SH,20261009,45.37,46.1,43.16,45.8,45.6,45910.29,204678.299,0.4386
603663.SH,20261009,41.76,41.79,38.68,39.9,41.73,202570.26,807876.705,-4.3853
603665.SH,20261009,24.15,25.25,23.75,25.07,24.2,47415.72,116199.976,3.595
603666.SH,20261009,25.33,25.5,23.43,24.57,25.28,34441.56,83412.546,-2.8085
603667.SH,20261009,46.87,47.94,44.0,47.5,47.0,138196.17,633680.236,1.0638
603668.SH,20261009,10.07,10.73,10.07,10.46,11.19,206153.1,211477.274,-6.5237
603669.SH,20261009,6.64,7.03,6.5,6.96,6.64,466551.18,318478.919,4.8193
603676.SH,20261009,8.99,9.23,8.91,9.18,9.05,27614.79,25150.098,1.4365
603677.SH,20261009,14.33,14.48,13.81,14.29,14.27,18095.0,25469.157,0.1402
603678.SH,20261009,41.59,41.77,38.2,39.7,42.17,208040.84,821041.852,-5.8572
603679.SH,20261009,22.33,22.49,20.6,21.92,22.33,84805.55,181565.56,-1.8361
603680.SH,20261009,10.2,10.28,9.96,10.13,10.2,39166.06,39502.193,-0.6863
603681.SH,20261009,18.3,18.4,17.34,18.14,18.41,60808.47,108467.981,-1.4666
603682.SH,20261009,9.3,9.39,8.5,9.01,9.12,244325.9,216211.912,-1.2061
603683.SH,20261009,14.84,14.84,14.07,14.7,14.86,156613.08,226503.683,-1.0767
603685.SH,20261009,25.95,28.28,25.3,28.1,26.17,56407.87,152101.245,7.3749
603686.SH,20261009,14.87,14.94,14.38,14.8,15.1,370972.64,544165.845,-1.9868
603687.SH,20261009,13.56,14.0,12.95,13.77,13.76,169088.89,225536.767,0.0727
603688.SH,20261009,41.02,41.2,38.4,40.28,41.52,122552.54,486175.599,-2.9865
603689.SH,20261009,7.85,7.89,7.81,7.85,7.85,51886.0,40724.743,0.0
603690.SH,20261009,21.43,21.43,19.96,20.73,21.5,182970.91,375144.16,-3.5814
603693.SH,20261009,12.19,12.23,11.75,12.0,12.36,142475.03,170565.753,-2.9126
603696.SH,20261009,13.46,14.25,13.1,14.09,13.47,291648.11,401726.786,4.6028
603697.SH,20261009,9.72,9.95,9.65,9.92,9.72,83127.19,82077.906,2.0576
603698.SH,20261009,20.4,20.5,19.16,19.76,20.28,118063.5,232321.091,-2.5641
603699.SH,20261009,42.69,43.16,40.75,41.67,42.64,46469.26,193795.654,-2.2749
603700.SH,20261009,11.6,11.61,11.06,11.49,11.63,46493.0,52610.377,-1.2038
603701.SH,20261009,19.07,19.54,18.65,19.45,18.95,46260.82,88246.601,2.6385
603703.SH,20261009,9.66,9.66,9.03,9.53,9.71,115712.0,108034.33,-1.8538
603706.SH,20261009,17.47,17.71,17.04,17.43,17.56,15233.0,26402.514,-0.7403
603707.SH,20261009,8.1,8.23,8.03,8.18,8.1,102539.17,83750.074,0.9877
603708.SH,20261009,8.97,9.31,8.9,9.31,8.95,75511.76,69124.449,4.0223
603709.SH,20261009,12.57,12.63,11.92,12.53,12.75,38331.58,47325.465,-1.7255
603711.SH,20261009,12.08,12.38,11.91,12.3,12.07,52056.94,63212.424,1.9056
603712.SH,20261009,11.21,11.31,10.82,11.26,11.26,105993.0,116964.82,0.0
603713.SH,20261009,67.0,69.37,65.91,69.07,66.93,25927.39,176605.893,3.1974
603716.SH,20261009,16.1,16.54,15.31,16.47,16.18,111646.47,177844.793,1.7923
603717.SH,20261009,6.0,6.09,5.69,6.06,6.02,90671.07,53289.358,0.6645
603718.SH,20261009,3.08,3.09,2.99,3.06,3.08,57032.0,17258.841,-0.6494
603719.SH,20261009,9.34,9.52,9.19,9.52,9.29,51465.26,48162.877,2.4758
603721.SH,20261009,18.06,19.44,17.69,19.31,18.06,114461.0,214020.958,6.9214
603722.SH,20261009,28.02,28.04,26.53,27.72,27.86,11949.0,32552.014,-0.5025
603725.SH,20261009,11.99,12.13,11.27,11.83,11.93,95694.72,111319.372,-0.8382
603726.SH,20261009,23.03,23.41,22.16,23.21,23.22,32437.0,73822.183,-0.0431
603727.SH,20261009,20.47,21.08,19.85,20.93,20.25,138600.23,284673.203,3.358
603728.SH,20261009,48.23,50.1,46.78,49.55,48.61,58342.88,282215.082,1.9338
603729.SH,20261009,12.52,12.69,12.21,12.58,12.49,14523.0,18052.601,0.7206
603730.SH,20261009,9.68,9.84,9.22,9.66,9.68,196845.08,187722.385,-0.2066
603733.SH,20261009,17.97,18.08,17.6,17.78,17.94,61322.99,109166.047,-0.8919
603737.SH,20261009,22.69,23.45,22.21,23.21,22.85,108017.34,246795.156,1.5755
603738.SH,20261009,31.18,31.18,28.07,29.89,31.15,274581.05,808829.241,-4.0449
603739.SH,20261009,13.58,13.98,13.3,13.84,13.71,255540.34,349428.317,0.9482
603755.SH,20261009,26.28,26.66,25.56,26.53,26.13,14912.0,38937.395,1.5308
603757.SH,20261009,69.04,73.94,62.66,72.78,69.61,128195.65,878390.44,4.5539
603758.SH,20261009,10.41,10.41,9.79,10.31,10.37,69787.0,70310.276,-0.5786
603759.SH,20261009,8.19,8.23,7.88,7.96,8.15,64699.04,51652.876,-2.3313
603766.SH,20261009,14.0,14.34,13.88,14.03,14.04,167149.52,237643.116,-0.0712
603767.SH,20261009,14.63,14.88,14.16,14.7,14.64,115432.0,167888.224,0.4098
603768.SH,20261009,12.25,12.3,11.72,12.01,12.22,43506.5,51980.429,-1.7185
603773.SH,20261009,76.71,79.17,72.76,76.8,80.7,240433.0,1827105.618,-4.8327
603776.SH,20261009,20.47,20.5,19.82,20.3,20.48,17994.27,36264.247,-0.8789
603777.SH,20261009,13.98,14.15,13.19,14.15,14.03,92870.14,126504.154,0.8553
603778.SH,20261009,8.09,8.39,7.9,8.32,8.2,537693.44,438107.342,1.4634
603779.SH,20261009,8.29,8.61,7.86,8.58,8.35,335772.05,276877.685,2.7545
603786.SH,20261009,36.5,37.68,35.79,37.55,36.4,22576.16,82970.571,3.1593
603787.SH,20261009,10.43,10.53,10.18,10.5,10.45,24247.0,25118.826,0.4785
603788.SH,20261009,14.5,14.69,13.76,14.16,15.0,128805.7,182817.436,-5.6
603789.SH,20261009,6.01,6.01,5.85,5.96,6.02,29911.3,17705.856,-0.9967
603790.SH,20261009,25.2,25.43,24.15,25.3,25.3,32148.76,79581.321,0.0
603797.SH,20261009,4.77,4.85,4.59,4.76,4.77,269037.0,126769.739,-0.2096
603798.SH,20261009,14.24,14.47,13.58,14.31,14.19,62276.9,86769.622,0.8457
603799.SH,20261009,34.8,35.75,34.36,35.6,35.23,438138.73,1541264.163,1.0502
603800.SH,20261009,50.59,50.91,46.12,48.35,50.93,52376.78,250690.457,-5.0658
603801.SH,20261009,6.21,6.35,6.13,6.33,6.16,76158.4,47396.437,2.7597
603803.SH,20261009,10.7,10.89,9.99,10.58,10.9,231268.41,241553.902,-2.9358
603806.SH,20261009,14.24,14.44,13.84,14.35,14.24,265486.56,375865.682,0.7725
603808.SH,20261009,8.82,8.89,8.64,8.86,8.82,35508.0,31179.057,0.4535
603809.SH,20261009,8.3,8.52,8.25,8.49,8.34,91049.35,76311.933,1.7986
603810.SH,20261009,12.37,13.65,12.26,12.95,12.41,100230.76,128959.725,4.3513
603811.SH,20261009,6.92,7.08,6.86,7.07,6.92,56791.0,39718.265,2.1676
603813.SH,20261009,26.1,26.1,24.19,25.69,25.87,6801.0,17136.369,-0.6958
603815.SH,20261009,5.08,5.09,4.89,5.02,5.07,107705.95,53676.271,-0.9862
603816.SH,20261009,23.17,23.72,23.12,23.53,23.29,45047.2,105631.704,1.0305
603817.SH,20261009,5.76,5.84,5.64,5.84,5.76,132181.0,75768.681,1.3889
603818.SH,20261009,4.11,4.38,4.06,4.29,4.05,552403.89,233868.496,5.9259
603819.SH,20261009,15.96,15.96,14.79,15.75,15.96,81015.82,124088.078,-1.3158
603822.SH,20261009,68.0,68.6,66.39,67.58,68.0,6942.0,46765.449,-0.6176
603823.SH,20261009,45.01,45.13,41.93,41.93,46.59,203173.18,855381.191,-10.0021
603825.SH,20261009,7.39,7.42,7.12,7.25,7.42,22879.0,16500.883,-2.2911
603826.SH,20261009,14.99,15.2,14.52,15.0,14.99,104825.3,155335.095,0.0667
603828.SH,20261009,6.05,6.05,5.4,5.82,5.96,37173.32,21171.122,-2.349
603829.SH,20261009,15.33,15.75,14.81,15.63,15.38,37199.71,56877.683,1.6255
603833.SH,20261009,30.68,31.18,30.32,31.08,30.69,33798.0,104239.29,1.2708
603836.SH,20261009,9.59,9.59,9.18,9.47,9.59,38605.4,36210.714,-1.2513
603838.SH,20261009,12.0,12.95,11.9,12.95,11.77,43018.0,53996.269,10.0255
603839.SH,20261009,6.8,6.86,6.54,6.83,6.8,48888.0,32823.074,0.4412
603843.SH,20261009,5.85,6.13,5.57,6.01,5.9,167973.2,97341.685,1.8644
603848.SH,20261009,13.67,13.7,13.22,13.64,13.77,24315.45,32777.04,-0.9441
603855.SH,20261009,16.79,16.83,16.41,16.73,16.79,19765.88,32794.552,-0.3574
603856.SH,20261009,11.78,11.86,11.54,11.75,11.84,26171.0,30571.813,-0.7601
603858.SH,20261009,14.63,14.84,14.61,14.81,14.6,57547.64,84975.72,1.4384
603859.SH,20261009,35.64,37.15,33.34,36.83,35.72,77531.0,270035.548,3.1075
603860.SH,20261009,26.38,26.77,25.0,26.5,26.37,17635.0,45743.278,0.493
603861.SH,20261009,10.95,11.09,10.63,10.99,11.0,56434.0,61264.918,-0.0909
603863.SH,20261009,12.99,13.93,12.81,13.88,13.62,239657.0,323844.747,1.909
603866.SH,20261009,4.3,4.42,4.28,4.4,4.3,206492.9,89949.784,2.3256
603867.SH,20261009,34.75,34.75,32.28,33.9,34.66,79766.75,266350.537,-2.1927
603868.SH,20261009,31.57,32.25,31.21,32.16,31.79,16300.47,51766.291,1.1639
603869.SH,20261009,8.36,8.36,8.1,8.28,8.4,7081.15,5806.482,-1.4286
603871.SH,20261009,12.2,12.36,12.1,12.29,12.18,89153.15,109371.183,0.9031
603876.SH,20261009,17.12,17.95,16.98,17.77,17.12,251366.18,441609.577,3.7967
603877.SH,20261009,12.15,12.32,11.97,12.32,12.16,29216.0,35552.687,1.3158
603878.SH,20261009,4.88,4.91,4.72,4.89,4.88,92769.32,44595.399,0.2049
603879.SH,20261009,5.03,5.03,4.73,4.99,5.01,86877.93,42497.759,-0.3992
603880.SH,20261009,8.32,8.56,7.89,8.56,8.29,95902.7,80138.556,3.2569
603881.SH,20261009,22.2,22.73,21.66,22.66,22.35,171720.09,380643.75,1.387
603882.SH,20261009,28.03,28.97,27.36,28.82,28.29,105965.61,296438.065,1.8735
603883.SH,20261009,13.27,13.54,13.21,13.53,13.28,121746.19,163273.964,1.8825
603885.SH,20261009,9.7,9.79,9.62,9.73,9.67,109621.88,106348.677,0.6205
603886.SH,20261009,13.2,13.28,12.7,13.1,13.21,45671.0,59055.414,-0.8327
603887.SH,20261009,8.33,8.36,7.94,8.33,8.25,158809.43,129447.275,0.9697
603888.SH,20261009,16.91,17.99,16.86,17.8,16.92,245529.8,428190.331,5.2009
603889.SH,20261009,6.19,6.38,6.15,6.34,6.24,119645.29,74920.889,1.6026
603890.SH,20261009,14.6,14.66,13.92,14.57,14.69,193719.21,276120.937,-0.8169
603893.SH,20261009,198.1,207.28,193.85,202.72,199.56,123003.15,2471748.269,1.5835
603895.SH,20261009,25.43,25.47,24.02,25.29,25.35,9356.0,23165.336,-0.2367
603896.SH,20261009,14.61,14.87,14.55,14.86,14.68,12555.0,18483.791,1.2262
603897.SH,20261009,28.01,28.4,26.16,27.46,28.3,79749.05,215744.095,-2.9682
603898.SH,20261009,11.6,11.86,11.4,11.74,11.55,36478.11,42384.948,1.645
603899.SH,20261009,22.25,22.53,22.2,22.4,22.13,22367.45,50133.692,1.2201
603900.SH,20261009,6.31,6.52,6.11,6.51,6.25,148679.0,94337.853,4.16
603901.SH,20261009,9.09,9.24,8.9,9.21,9.08,67159.55,60909.829,1.4317
603903.SH,20261009,13.16,13.28,12.62,13.1,13.07,82852.4,107498.011,0.2295
603906.SH,20261009,21.6,22.8,21.0,21.37,20.94,1068851.21,2342022.541,2.0535
603908.SH,20261009,20.05,20.19,19.0,19.75,20.12,24344.6,47475.489,-1.839
603909.SH,20261009,10.09,10.25,9.75,10.07,10.09,34652.37,34601.892,-0.1982
603912.SH,20261009,8.57,8.57,7.93,8.38,8.56,159003.56,130871.265,-2.1028
603915.SH,20261009,12.81,12.95,12.46,12.88,12.81,63625.86,80890.364,0.5464
603916.SH,20261009,10.41,10.41,9.96,10.3,10.34,65344.0,66392.792,-0.3868
603917.SH,20261009,13.7,13.79,12.98,13.6,13.74,49747.0,66471.462,-1.0189
603918.SH,20261009,10.2,10.71,9.96,10.66,10.19,122373.22,126662.415,4.6124
603919.SH,20261009,16.85,17.6,16.7,17.5,16.86,164261.95,282163.01,3.796
603920.SH,20261009,42.11,43.24,39.49,40.82,43.18,327542.23,1342301.514,-5.4655
603922.SH,20261009,11.4,11.68,11.0,11.38,11.47,10567.0,11971.645,-0.7847
603926.SH,20261009,16.35,16.67,15.38,16.5,16.25,40814.59,65400.59,1.5385
603927.SH,20261009,13.53,14.11,13.34,14.05,13.49,126888.92,174609.982,4.1512
603928.SH,20261009,15.08,15.38,13.18,13.69,14.38,597872.86,828324.867,-4.7983
603929.SH,20261009,135.93,136.5,126.01,132.5,137.8,39505.01,516015.381,-3.8462
603931.SH,20261009,31.15,31.24,28.9,30.4,31.24,46915.48,140642.188,-2.6889
603933.SH,20261009,18.11,18.16,17.28,18.1,18.12,27639.0,49075.735,-0.1104
603936.SH,20261009,18.94,18.94,17.06,17.69,18.95,520208.75,918140.244,-6.6491
603937.SH,20261009,13.0,13.49,12.75,13.16,13.16,150457.9,195288.625,0.0
603938.SH,20261009,40.84,41.1,38.0,40.4,41.39,125542.59,498515.763,-2.3919
603939.SH,20261009,23.59,24.27,23.43,24.05,23.53,175168.84,421241.325,2.2099
603948.SH,20261009,20.43,20.69,20.05,20.62,20.79,63740.5,130039.163,-0.8177
603949.SH,20261009,15.3,16.07,14.94,15.61,16.57,233440.6,361890.069,-5.7936
603950.SH,20261009,51.13,51.13,47.0,49.26,50.4,60491.71,293436.423,-2.2619
603955.SH,20261009,24.51,24.79,24.1,24.49,24.55,15347.46,37489.72,-0.2444
603956.SH,20261009,6.82,6.99,6.6,6.97,6.81,155459.55,105232.54,2.3495
603958.SH,20261009,17.71,17.95,16.94,17.79,17.71,65706.0,114470.682,0.4517
603959.SH,20261009,4.25,4.29,4.12,4.27,4.22,39998.0,16838.927,1.1848
603960.SH,20261009,16.02,16.26,15.12,15.99,16.19,61137.07,95422.264,-1.2353
603966.SH,20261009,7.6,7.7,7.17,7.35,7.57,120399.42,88743.065,-2.9062
603967.SH,20261009,12.56,12.84,12.46,12.66,12.58,55256.6,69650.631,0.6359
603968.SH,20261009,11.99,11.99,11.36,11.86,12.3,166144.09,194775.827,-3.5772
603969.SH,20261009,7.16,7.33,7.05,7.24,7.16,100029.05,71775.454,1.1173
603970.SH,20261009,11.79,11.98,11.65,11.95,11.68,69860.0,82651.764,2.3116
603976.SH,20261009,29.84,29.84,28.02,29.63,29.25,34021.52,98256.575,1.2991
603977.SH,20261009,10.51,10.64,10.27,10.6,10.48,61018.62,63727.62,1.145
603978.SH,20261009,26.78,26.89,24.61,25.19,26.25,169960.43,432862.823,-4.0381
603979.SH,20261009,71.24,75.5,71.24,75.05,72.13,67023.83,495393.561,4.0482
603980.SH,20261009,9.07,9.3,8.8,9.27,9.0,553371.39,498994.401,3.0
603982.SH,20261009,6.68,6.71,6.4,6.63,6.74,180343.59,117816.219,-1.632
603983.SH,20261009,28.93,29.42,27.96,29.1,28.93,36073.05,103215.252,0.5876
603985.SH,20261009,16.3,16.45,15.24,15.98,16.54,111636.77,175533.44,-3.3857
603986.SH,20261009,325.0,329.5,311.42,326.46,334.4,334512.82,10756244.366,-2.3744
603987.SH,20261009,7.53,7.68,7.45,7.64,7.56,47966.0,36338.597,1.0582
603988.SH,20261009,17.01,17.15,16.17,17.11,17.03,35469.01,58883.655,0.4698
603989.SH,20261009,26.55,26.65,24.81,26.37,26.89,159743.24,410655.537,-1.9338
603990.SH,20261009,19.0,19.64,18.42,19.4,19.05,164975.31,313334.998,1.8373
603991.SH,20261009,164.19,164.8,154.09,163.02,163.96,30156.03,481681.131,-0.5733
603992.SH,20261009,19.02,19.15,18.4,19.04,19.02,36383.65,68292.791,0.1052
603993.SH,20261009,16.61,17.33,16.52,17.22,16.61,1497036.21,2537818.596,3.6725
603995.SH,20261009,25.25,25.42,24.0,25.03,25.25,53570.0,132323.578,-0.8713
603997.SH,20261009,13.4,13.58,13.32,13.4,13.47,165574.0,222605.531,-0.5197
603998.SH,20261009,10.24,10.68,10.22,10.63,10.31,156778.0,164747.223,3.1038
603999.SH,20261009,6.63,7.0,6.39,6.96,6.6,210082.4,140773.79,5.4545
605001.SH,20261009,5.82,5.88,5.61,5.85,5.82,58958.5,33869.34,0.5155
605003.SH,20261009,24.08,24.6,23.35,24.5,24.21,10097.67,24182.56,1.1979
605005.SH,20261009,15.88,16.04,15.63,15.98,15.9,10832.0,17201.436,0.5031
605006.SH,20261009,14.13,14.2,13.11,13.77,14.23,254644.37,345611.599,-3.2326
605007.SH,20261009,15.12,15.77,14.95,15.35,15.12,64751.01,99568.436,1.5212
605008.SH,20261009,13.4,13.8,13.23,13.55,13.35,34910.8,46998.872,1.4981
605009.SH,20261009,25.2,25.94,25.13,25.89,25.13,23801.49,61127.351,3.0243
605011.SH,20261009,19.1,19.31,18.77,18.94,19.11,148088.15,280493.201,-0.8896
605016.SH,20261009,20.14,20.35,19.88,20.28,20.22,26699.1,53665.204,0.2967
605018.SH,20261009,11.35,11.42,10.75,11.36,11.46,82154.0,91052.002,-0.8726
605020.SH,20261009,30.03,30.93,29.02,30.7,29.94,134174.55,405117.876,2.5384
605028.SH,20261009,23.44,23.68,22.6,23.15,23.43,10184.0,23433.779,-1.195
605033.SH,20261009,19.6,19.82,19.11,19.75,19.75,23856.0,46524.249,0.0
605050.SH,20261009,10.22,10.3,10.01,10.2,10.21,20203.0,20452.048,-0.0979
605055.SH,20261009,8.56,8.79,8.23,8.61,8.56,42191.0,35696.404,0.5841
605056.SH,20261009,13.3,13.31,12.64,13.11,13.25,68585.0,88631.326,-1.0566
605058.SH,20261009,48.01,53.35,47.12,53.35,48.5,211891.09,1066564.773,10.0
605060.SH,20261009,38.23,38.23,34.02,35.49,37.53,56021.0,197844.326,-5.4357
605066.SH,20261009,6.75,6.92,6.65,6.84,6.72,96879.0,65685.486,1.7857
605068.SH,20261009,20.2,20.4,19.32,20.18,20.2,36988.0,73419.965,-0.099
605069.SH,20261009,12.75,13.2,12.21,13.1,12.69,216049.67,273010.686,3.2309
605077.SH,20261009,11.6,11.88,11.42,11.85,11.7,86598.9,101045.547,1.2821
605080.SH,20261009,22.82,23.81,22.14,22.86,22.62,19452.26,44230.744,1.061
605086.SH,20261009,23.0,23.28,22.38,22.99,23.1,14438.0,32929.206,-0.4762
605088.SH,20261009,23.6,23.6,21.32,22.05,23.69,144290.02,315517.273,-6.9228
605089.SH,20261009,22.53,22.89,22.24,22.85,22.43,18561.68,41990.398,1.8725
605090.SH,20261009,31.57,31.8,30.9,31.24,31.69,79487.39,248619.845,-1.42
605098.SH,20261009,54.35,56.26,53.12,56.1,54.02,14286.73,78142.282,3.8504
605099.SH,20261009,27.88,28.1,26.99,27.24,27.89,17504.18,47728.917,-2.3306
605100.SH,20261009,37.98,42.01,37.24,41.11,38.4,130553.95,511526.927,7.0573
605108.SH,20261009,12.0,12.3,11.9,12.28,12.0,26326.2,31826.269,2.3333
605111.SH,20261009,50.16,50.62,47.0,49.8,50.18,141911.76,694206.974,-0.7573
605116.SH,20261009,19.84,20.1,19.42,20.02,19.84,27584.0,54883.609,0.9073
605117.SH,20261009,76.4,76.97,74.4,75.68,76.96,102895.82,775797.576,-1.6632
605118.SH,20261009,30.95,30.95,29.39,30.48,31.06,40035.0,120801.227,-1.8674
605122.SH,20261009,12.13,12.13,11.39,11.99,12.08,38630.0,45449.79,-0.745
605123.SH,20261009,76.0,76.36,72.94,74.6,76.0,12934.0,96059.004,-1.8421
605128.SH,20261009,24.8,24.99,24.17,24.66,24.78,44122.26,108010.002,-0.4843
605133.SH,20261009,24.91,26.75,24.89,26.53,25.17,124683.62,323753.957,5.4033
605136.SH,20261009,8.58,9.44,8.55,9.44,8.58,170605.0,158789.251,10.0233
605138.SH,20261009,6.12,6.23,6.0,6.18,6.15,31975.0,19540.428,0.4878
605151.SH,20261009,18.31,18.5,17.5,18.48,18.42,17075.0,30853.289,0.3257
605155.SH,20261009,14.7,14.71,13.81,14.45,14.7,29790.0,42366.061,-1.7007
605158.SH,20261009,7.63,7.74,7.38,7.48,7.66,49961.0,37650.916,-2.3499
605162.SH,20261009,10.15,10.56,9.71,10.45,10.35,265686.1,266987.514,0.9662
605166.SH,20261009,8.43,8.46,8.15,8.44,8.39,42966.0,35712.869,0.5959
605167.SH,20261009,15.35,15.35,14.6,15.22,15.33,41682.47,62494.689,-0.7175
605168.SH,20261009,48.0,52.1,46.31,52.1,47.36,86382.04,432550.94,10.0084
605169.SH,20261009,13.46,13.6,12.82,13.2,13.52,51810.85,68197.419,-2.3669
605177.SH,20261009,26.9,28.29,25.14,28.29,25.72,151829.0,402750.333,9.9922
605178.SH,20261009,62.87,62.87,58.03,61.9,62.87,31664.4,190357.0,-1.5429
605179.SH,20261009,24.05,25.8,23.09,25.54,24.21,276450.21,684554.005,5.4936
605180.SH,20261009,13.86,13.96,13.2,13.85,13.86,33120.01,44763.928,-0.0722
605183.SH,20261009,16.41,16.65,16.22,16.59,16.43,16214.56,26682.893,0.9738
605186.SH,20261009,24.27,24.97,23.42,24.77,24.27,20129.0,48776.142,2.0602
605188.SH,20261009,12.7,13.84,12.4,13.84,12.58,233838.15,310725.69,10.0159
605189.SH,20261009,14.09,14.27,13.66,14.25,14.14,66359.96,92703.677,0.7779
605196.SH,20261009,33.88,34.2,32.0,33.2,34.0,113337.0,374057.59,-2.3529
605198.SH,20261009,64.47,65.31,61.47,62.25,63.6,30630.21,192858.092,-2.1226
605199.SH,20261009,5.83,5.87,5.65,5.81,5.83,15108.0,8684.697,-0.3431
605208.SH,20261009,14.67,14.82,14.05,14.77,14.51,74585.95,107665.52,1.7919
605218.SH,20261009,13.41,13.57,12.69,13.42,13.48,58559.0,76744.37,-0.4451
605222.SH,20261009,21.45,21.57,20.7,21.43,21.6,61860.0,130754.669,-0.787
605228.SH,20261009,11.25,11.59,11.09,11.53,11.25,66626.82,75975.837,2.4889
605255.SH,20261009,56.29,56.29,52.73,53.9,56.1,6787.0,36655.265,-3.9216
605258.SH,20261009,38.59,39.36,36.24,38.04,38.48,59614.0,224468.191,-1.1435
605259.SH,20261009,17.41,17.66,17.01,17.6,17.41,9369.86,16262.54,1.0913
605266.SH,20261009,16.06,16.23,15.73,16.23,16.06,17510.92,27992.28,1.0585
605268.SH,20261009,10.05,10.29,9.98,10.29,10.05,59464.0,60249.787,2.3881
605277.SH,20261009,16.51,16.63,15.75,16.28,16.64,88168.51,141979.008,-2.1635
605286.SH,20261009,25.2,25.2,23.99,24.7,25.2,24872.52,60839.97,-1.9841
605287.SH,20261009,36.78,40.18,35.26,40.18,36.53,92525.8,349821.921,9.9918
605288.SH,20261009,65.99,67.46,62.5,65.61,66.32,23991.36,155045.683,-1.0706
605289.SH,20261009,89.31,90.02,83.69,88.45,90.36,24565.07,213460.943,-2.1138
605296.SH,20261009,30.51,31.21,29.34,29.92,30.22,33773.77,101591.545,-0.9927
605298.SH,20261009,45.65,45.65,41.2,42.8,44.97,18307.14,77977.63,-4.8254
605299.SH,20261009,12.19,12.48,11.81,12.43,12.26,62237.0,75654.347,1.3866
605300.SH,20261009,10.47,10.61,10.37,10.61,10.5,53402.03,55989.798,1.0476
605303.SH,20261009,34.68,34.68,29.08,32.21,31.53,262834.09,849336.393,2.1567
605305.SH,20261009,30.41,30.68,29.78,30.12,30.56,29811.58,89662.568,-1.4398
605318.SH,20261009,72.73,73.0,67.18,69.47,71.91,11506.03,79814.534,-3.3931
605319.SH,20261009,22.04,22.47,21.28,21.38,22.09,50943.2,110425.312,-3.2141
605333.SH,20261009,16.55,16.58,16.15,16.5,16.49,20426.62,33475.456,0.0606
605336.SH,20261009,11.51,11.68,11.3,11.6,11.65,10887.3,12451.985,-0.4292
605337.SH,20261009,9.14,9.32,9.04,9.32,9.14,42520.09,39115.333,1.9694
605338.SH,20261009,18.8,18.98,18.67,18.98,18.77,29179.0,54967.863,1.1188
605339.SH,20261009,13.41,13.5,13.12,13.48,13.36,12845.93,17082.342,0.8982
605358.SH,20261009,41.61,42.46,38.69,40.64,42.67,395813.19,1596469.765,-4.7574
605365.SH,20261009,14.14,14.59,13.8,14.53,14.17,61919.29,87880.048,2.5406
605366.SH,20261009,11.0,11.58,9.94,9.94,11.04,947223.88,1033147.537,-9.9638
605368.SH,20261009,6.84,6.87,6.79,6.84,6.84,34808.0,23779.249,0.0
605369.SH,20261009,17.73,17.81,17.06,17.66,17.73,17815.2,30964.845,-0.3948
605376.SH,20261009,107.0,109.74,99.03,104.68,109.82,150412.2,1556459.548,-4.6804
605377.SH,20261009,8.09,8.12,7.9,8.05,8.08,35092.0,28102.126,-0.3713
605378.SH,20261009,18.45,18.99,17.62,18.08,17.27,285014.55,520790.925,4.6902
605388.SH,20261009,6.56,7.15,6.56,6.91,6.93,652978.67,446183.181,-0.2886
605389.SH,20261009,58.81,59.24,54.06,56.15,59.4,18267.6,102347.754,-5.4714
605398.SH,20261009,22.35,23.55,21.6,23.4,22.87,73823.86,166284.105,2.3174
605399.SH,20261009,11.83,13.06,11.8,13.06,11.87,60711.45,77810.099,10.0253
605488.SH,20261009,28.08,28.14,26.13,27.89,28.26,90028.87,244518.147,-1.3093
605499.SH,20261009,113.2,115.94,112.64,114.11,113.04,39787.31,454280.378,0.9466
605500.SH,20261009,7.47,7.55,7.27,7.54,7.53,45926.0,34059.095,0.1328
605507.SH,20261009,17.5,17.89,17.31,17.31,17.5,90390.75,158687.302,-1.0857
605555.SH,20261009,12.18,12.33,11.45,11.93,12.09,75869.39,89671.188,-1.3234
605566.SH,20261009,34.12,34.8,31.81,33.47,34.12,59105.0,195641.075,-1.905
605567.SH,20261009,9.74,9.84,9.36,9.68,9.73,51703.0,49286.852,-0.5139
605577.SH,20261009,15.02,16.2,14.45,16.2,14.73,387431.17,590208.806,9.9796
605580.SH,20261009,20.2,20.7,19.22,20.28,20.2,80066.0,159552.754,0.396
605588.SH,20261009,42.52,42.68,39.69,41.46,42.35,14424.0,59286.857,-2.1015
605589.SH,20261009,35.36,35.65,32.6,34.01,35.8,358999.05,1214158.921,-5.0
605598.SH,20261009,23.86,23.94,22.58,23.48,23.86,28845.0,66887.449,-1.5926
605599.SH,20261009,13.47,14.39,13.47,14.35,13.4,100051.8,140167.466,7.0896
688001.SH,20261009,56.49,56.7,51.08,55.2,56.72,123883.24,670514.682,-2.6798
688002.SH,20261009,171.5,172.0,164.68,170.72,171.82,92341.33,1555872.865,-0.6402
688003.SH,20261009,70.05,70.06,62.67,66.22,69.27,42689.62,280046.051,-4.4031
688004.SH,20261009,28.95,31.58,27.41,31.04,29.3,88442.28,259265.02,5.9386
688005.SH,20261009,24.37,25.24,23.91,24.55,24.38,231269.52,568281.684,0.6973
688006.SH,20261009,20.38,21.2,19.7,20.62,20.38,170338.75,350477.553,1.1776
688007.SH,20261009,10.08,10.28,9.71,10.22,10.15,91929.11,91467.426,0.6897
688008.SH,20261009,191.99,199.3,188.57,197.6,197.01,349919.76,6792373.34,0.2995
688009.SH,20261009,4.71,4.75,4.69,4.73,4.71,277573.07,131101.177,0.4246
688010.SH,20261009,25.58,25.58,23.4,24.73,25.63,49763.04,121571.144,-3.5115
688011.SH,20261009,58.61,61.5,56.0,60.97,58.24,26601.87,156819.034,4.6875
688012.SH,20261009,312.63,313.18,293.92,311.0,313.24,185875.89,5634388.327,-0.7151
688013.SH,20261009,24.46,24.47,22.78,24.0,24.34,14076.03,33169.801,-1.3969
688015.SH,20261009,16.53,16.91,16.31,16.84,16.55,21160.24,35082.565,1.7523
688016.SH,20261009,83.94,85.25,83.39,84.9,83.56,11839.63,99989.912,1.6036
688017.SH,20261009,255.0,266.0,244.67,263.76,255.88,56838.09,1445620.57,3.0796
688018.SH,20261009,116.68,121.68,113.87,116.9,117.65,66447.87,779351.391,-0.6375
688019.SH,20261009,202.17,203.3,192.16,201.4,204.21,60705.61,1201932.654,-1.376
688020.SH,20261009,124.8,124.8,107.5,117.78,126.06,47670.59,550471.497,-6.5683
688021.SH,20261009,20.0,20.1,18.46,19.57,19.87,15626.25,30173.145,-1.5098
688022.SH,20261009,9.97,10.48,9.8,10.47,9.81,111324.06,113532.297,6.7278
688023.SH,20261009,44.02,49.42,43.29,48.81,44.48,66008.34,306645.534,9.7347
688025.SH,20261009,388.0,398.16,368.58,394.32,389.42,34295.01,1321031.533,1.2583
688026.SH,20261009,28.96,28.96,25.0,27.95,29.25,180122.2,482702.877,-4.4444
688027.SH,20261009,313.0,321.5,302.39,318.07,314.96,17264.35,538658.958,0.9874
688028.SH,20261009,99.31,100.0,91.95,98.8,100.48,87993.74,847763.491,-1.672
688029.SH,20261009,80.9,83.98,80.0,83.3,80.9,22090.35,181161.868,2.9666
688030.SH,20261009,19.3,20.18,18.24,19.92,19.44,69194.91,132464.913,2.4691
688031.SH,20261009,85.95,85.95,79.06,84.82,86.26,67810.14,562401.78,-1.6694
688032.SH,20261009,66.66,68.98,66.66,68.11,67.35,8317.16,56617.183,1.1284
688033.SH,20261009,7.2,7.38,7.16,7.32,7.24,25667.52,18704.79,1.105
688035.SH,20261009,66.0,66.5,59.18,63.47,66.4,63439.47,397847.429,-4.4127
688036.SH,20261009,46.0,49.49,45.51,48.95,46.1,190224.95,909929.322,6.1822
688037.SH,20261009,311.63,311.63,283.57,307.54,311.63,51597.7,1535359.083,-1.3125
688038.SH,20261009,18.47,18.59,17.2,18.48,18.48,22906.33,41078.417,0.0
688039.SH,20261009,32.29,34.11,30.23,33.81,32.54,41942.58,134356.288,3.9029
688041.SH,20261009,217.78,221.48,209.66,219.59,220.53,188270.92,4054300.016,-0.4262
688045.SH,20261009,53.9,53.9,49.3,52.01,53.35,26134.88,134029.594,-2.5117
688046.SH,20261009,35.23,35.5,32.9,34.63,35.5,88334.29,300011.758,-2.4507
688047.SH,20261009,94.4,96.06,91.38,95.83,95.2,37959.34,355560.311,0.6618
688048.SH,20261009,223.0,230.5,212.72,219.2,231.76,162433.28,3588895.576,-5.4194
688049.SH,20261009,42.01,45.25,41.32,42.9,42.45,139362.65,601114.507,1.0601
688050.SH,20261009,37.89,39.35,37.61,39.16,37.79,34017.61,131685.455,3.6253
688051.SH,20261009,24.68,25.62,23.1,25.18,24.5,28838.22,70065.308,2.7755
688052.SH,20261009,209.91,210.49,199.03,206.77,209.77,31270.25,638142.313,-1.4301
688053.SH,20261009,38.48,38.48,36.58,38.05,38.55,8015.9,29980.697,-1.297
688055.SH,20261009,3.51,3.53,3.38,3.5,3.51,91343.1,31593.408,-0.2849
688056.SH,20261009,44.52,48.02,43.87,47.17,45.28,34336.2,157996.115,4.174
688057.SH,20261009,17.89,18.12,16.92,17.7,17.93,40378.54,70619.038,-1.2828
688058.SH,20261009,25.35,25.84,23.78,25.77,25.25,10530.49,26172.167,2.0594
688059.SH,20261009,80.0,80.2,72.2,77.28,80.2,41314.85,311838.325,-3.6409
688060.SH,20261009,35.92,36.37,34.11,36.15,35.68,5679.9,19952.643,1.3173
688061.SH,20261009,40.4,40.4,37.22,39.32,40.13,17134.82,66381.214,-2.0184
688062.SH,20261009,24.4,24.98,23.5,24.78,24.33,81287.12,196172.264,1.8496
688063.SH,20261009,41.0,42.66,40.88,42.11,41.2,92722.66,389016.014,2.2087
688065.SH,20261009,37.78,38.6,37.58,38.46,37.72,39001.28,148909.91,1.9618
688066.SH,20261009,9.17,9.35,8.98,9.19,9.17,104926.66,95798.717,0.2181
688067.SH,20261009,24.24,24.24,23.04,24.07,24.2,12425.38,29434.559,-0.5372
688068.SH,20261009,85.0,85.54,80.0,84.54,85.48,31683.23,262127.531,-1.0997
688069.SH,20261009,34.06,34.2,32.23,34.0,34.07,25348.18,84404.827,-0.2055
688070.SH,20261009,33.5,34.01,32.33,33.96,33.52,18315.56,60717.067,1.3126
688071.SH,20261009,33.59,35.68,33.16,35.35,33.71,33326.55,114839.04,4.865
688072.SH,20261009,607.0,624.93,580.01,616.25,616.07,52732.58,3171910.174,0.0292
688073.SH,20261009,71.5,71.96,66.28,70.5,70.8,44943.03,308875.561,-0.4237
688075.SH,20261009,30.6,30.97,30.03,30.89,30.64,9282.02,28264.104,0.8159
688076.SH,20261009,29.03,29.1,28.7,29.01,28.93,16358.43,47289.602,0.2765
688077.SH,20261009,26.89,27.04,25.66,26.71,26.9,29384.2,77562.173,-0.7063
688078.SH,20261009,30.11,30.4,28.61,29.88,30.32,15627.12,45995.577,-1.4512
688079.SH,20261009,14.37,14.41,12.9,14.04,14.54,218116.61,299444.814,-3.4388
688080.SH,20261009,35.83,35.98,34.04,35.9,35.83,10781.62,37909.727,0.1954
688081.SH,20261009,24.16,24.67,22.67,23.95,24.69,16418.73,38574.809,-2.9972
688082.SH,20261009,273.11,273.11,256.2,265.96,273.22,53322.6,1409406.112,-2.6572
688083.SH,20261009,47.69,51.11,47.36,50.9,47.78,24621.13,121052.293,6.5299
688084.SH,20261009,40.21,40.41,37.98,39.7,40.22,14372.09,56158.629,-1.2929
688085.SH,20261009,13.03,13.29,12.77,13.26,12.99,29225.47,37949.052,2.0785
688087.SH,20261009,31.27,31.59,30.61,31.29,31.45,17422.46,54205.047,-0.5087
688088.SH,20261009,27.58,28.7,27.29,28.61,27.4,58093.59,162405.626,4.4161
688089.SH,20261009,8.35,8.45,8.21,8.44,8.33,10897.63,9049.568,1.3205
688090.SH,20261009,66.35,67.8,62.0,66.72,67.13,83069.91,544947.082,-0.6108
688091.SH,20261009,36.5,37.07,35.3,36.8,36.58,28146.55,101650.547,0.6014
688092.SH,20261009,22.03,22.03,20.6,22.02,22.13,10872.7,23146.886,-0.4971
688093.SH,20261009,21.2,21.33,20.34,20.88,21.2,17890.93,37147.119,-1.5094
688095.SH,20261009,52.39,56.36,51.2,56.36,52.3,33097.6,178061.716,7.7629
688096.SH,20261009,7.98,8.16,7.41,8.06,8.03,129872.85,101185.196,0.3736
688097.SH,20261009,39.39,39.39,37.44,38.77,39.6,57327.19,219951.194,-2.096
688098.SH,20261009,8.36,8.49,8.08,8.32,8.41,36623.66,30125.583,-1.0702
688099.SH,20261009,100.0,103.78,97.89,99.71,94.57,390472.54,3913551.804,5.4351
688100.SH,20261009,24.26,25.6,23.82,25.25,24.26,36787.23,90786.299,4.0808
688101.SH,20261009,14.33,14.33,13.84,14.29,14.27,23496.13,33104.197,0.1402
688102.SH,20261009,28.34,28.34,25.9,27.17,28.43,149337.63,400568.508,-4.4319
688103.SH,20261009,70.9,70.92,63.74,68.11,70.52,32093.44,214734.853,-3.4175
688105.SH,20261009,25.84,26.81,24.5,26.6,26.2,185362.45,472393.039,1.5267
688106.SH,20261009,24.19,24.19,23.0,23.9,24.2,125861.1,297044.146,-1.2397
688107.SH,20261009,26.5,26.68,25.12,26.34,26.54,62642.36,162734.719,-0.7536
688108.SH,20261009,15.48,16.0,15.01,15.94,15.44,114950.98,178258.209,3.2383
688109.SH,20261009,64.43,66.28,59.01,62.67,64.21,10020.9,61646.615,-2.3984
688110.SH,20261009,104.79,105.75,99.0,104.38,105.73,141130.93,1445116.729,-1.2768
688111.SH,20261009,218.67,229.79,216.01,228.95,218.99,59124.07,1320274.877,4.5482
688112.SH,20261009,91.24,91.65,84.0,87.36,91.68,65545.84,573462.032,-4.712
688113.SH,20261009,36.56,36.6,34.91,36.42,36.47,7530.04,26935.613,-0.1371
688114.SH,20261009,66.56,68.8,63.05,67.95,66.56,117127.38,767256.266,2.0883
688115.SH,20261009,62.8,62.8,53.24,57.23,60.26,24886.86,140511.532,-5.0282
688116.SH,20261009,33.66,35.0,33.44,34.4,33.95,120561.32,412681.624,1.3255
688117.SH,20261009,17.9,18.16,17.36,18.03,17.98,81739.44,144930.687,0.2781
688118.SH,20261009,19.45,19.91,18.5,19.89,19.44,23791.05,45661.377,2.3148
688119.SH,20261009,3.78,3.79,3.61,3.79,3.73,114913.85,42591.207,1.6086
688120.SH,20261009,220.0,227.64,213.01,225.37,222.3,104793.56,2301878.56,1.381
688121.SH,20261009,1.02,1.03,0.95,1.01,1.08,138119.03,13725.434,-6.4815
688122.SH,20261009,52.1,54.85,51.86,54.78,52.22,190802.92,1024937.354,4.9023
688123.SH,20261009,148.91,149.35,138.0,147.35,150.53,86273.9,1252144.603,-2.1125
688125.SH,20261009,108.08,108.08,99.0,105.63,106.82,13364.43,137312.923,-1.114
688126.SH,20261009,21.28,21.55,20.42,21.37,21.57,536946.7,1128237.679,-0.9272
688127.SH,20261009,57.65,57.88,53.41,55.48,57.93,84306.71,464825.828,-4.2292
688128.SH,20261009,21.9,22.17,21.18,21.66,21.91,22996.19,49620.196,-1.141
688129.SH,20261009,22.42,22.49,21.58,22.39,22.37,9894.64,21821.085,0.0894
688130.SH,20261009,24.62,24.62,22.41,23.66,24.54,21985.23,51527.021,-3.586
688131.SH,20261009,94.53,95.68,89.0,93.16,94.15,58281.86,533438.952,-1.0515
688132.SH,20261009,15.74,15.85,15.0,15.72,15.76,20900.46,32348.105,-0.2538
688133.SH,20261009,20.68,21.17,19.92,21.15,20.64,59829.3,122332.533,2.4709
688135.SH,20261009,35.45,35.45,32.34,34.93,35.31,114169.47,388294.297,-1.0762
688136.SH,20261009,23.03,23.35,22.31,23.24,23.36,74642.49,170262.907,-0.5137
688137.SH,20261009,148.0,161.95,138.69,161.18,150.0,87942.32,1335902.706,7.4533
688138.SH,20261009,33.43,33.63,30.6,32.31,33.87,78521.33,253009.869,-4.6058
688139.SH,20261009,34.72,35.3,33.61,35.13,34.75,56797.97,196283.104,1.0935
688141.SH,20261009,88.86,88.86,82.68,86.66,90.39,182353.24,1560780.917,-4.1266
688143.SH,20261009,156.0,167.66,154.2,163.03,160.29,107420.81,1744634.943,1.7094
688146.SH,20261009,180.21,182.54,170.51,177.8,183.21,105448.95,1856001.128,-2.9529
688147.SH,20261009,89.43,89.98,82.59,89.01,89.25,105344.05,913912.885,-0.2689
688148.SH,20261009,6.12,6.28,5.96,6.21,6.06,282947.4,173874.702,2.4752
688150.SH,20261009,36.76,36.88,32.5,35.15,36.94,84031.09,289688.016,-4.8457
688151.SH,20261009,16.45,16.54,15.74,16.24,16.45,27169.88,43682.469,-1.2766
688152.SH,20261009,38.0,45.85,37.45,45.85,38.21,114547.42,482931.983,19.9948
688153.SH,20261009,24.36,24.69,23.2,24.07,24.33,46416.97,110907.562,-1.0686
688155.SH,20261009,56.8,58.4,55.33,56.25,56.96,50500.72,286916.514,-1.2465
688156.SH,20261009,24.12,24.56,21.1,22.8,24.36,83901.77,191283.328,-6.4039
688157.SH,20261009,18.53,18.71,17.48,18.09,18.48,25547.12,46056.465,-2.1104
688158.SH,20261009,27.03,27.48,25.77,27.37,27.23,139941.83,373211.008,0.5141
688159.SH,20261009,34.2,35.28,32.28,35.15,34.67,45351.79,152660.711,1.3845
688160.SH,20261009,87.01,89.7,83.5,88.92,87.61,12475.99,107645.963,1.4953
688161.SH,20261009,22.26,23.08,21.93,22.94,22.3,19291.85,43346.95,2.87
688162.SH,20261009,25.03,25.05,23.69,24.56,24.95,12671.27,30704.904,-1.5631
688163.SH,20261009,35.0,35.3,33.2,34.87,35.3,15255.17,52561.189,-1.2181
688165.SH,20261009,14.11,14.55,13.86,14.36,14.32,58641.49,83332.386,0.2793
688166.SH,20261009,33.38,33.79,32.0,33.53,33.43,82469.41,272920.877,0.2991
688167.SH,20261009,240.0,252.43,230.02,238.0,244.88,67034.37,1619894.231,-2.8095
688168.SH,20261009,39.0,39.83,35.3,39.56,39.44,65068.33,244778.74,0.3043
688169.SH,20261009,107.28,108.79,105.83,108.14,107.15,52668.82,564085.51,0.9239
688170.SH,20261009,58.5,58.99,53.12,56.0,59.19,54400.71,304571.12,-5.3894
688171.SH,20261009,24.32,26.24,23.37,25.9,24.14,48199.04,120197.494,7.2908
688172.SH,20261009,39.98,40.22,37.1,39.55,40.35,146231.96,566338.049,-1.9827
688173.SH,20261009,12.32,12.45,11.56,12.13,12.32,115309.64,138271.469,-1.5422
688175.SH,20261009,30.11,30.8,28.64,30.66,30.94,76789.52,229144.412,-0.905
688176.SH,20261009,13.08,13.7,12.61,13.47,12.94,201178.77,264225.708,4.0958
688177.SH,20261009,19.06,19.84,18.46,19.3,19.23,55855.75,106443.24,0.364
688178.SH,20261009,28.5,29.02,27.0,28.81,28.35,13618.26,38165.059,1.6226
688179.SH,20261009,20.1,20.44,18.5,20.1,20.13,247887.55,484539.44,-0.149
688180.SH,20261009,33.38,34.03,32.8,33.83,33.42,129154.6,431301.028,1.2268
688181.SH,20261009,40.0,40.47,36.9,38.61,39.7,76530.8,295008.88,-2.7456
688182.SH,20261009,25.35,25.42,23.76,24.74,25.6,51546.08,126635.861,-3.3594
688183.SH,20261009,103.12,103.69,95.16,101.2,105.22,166308.87,1648550.222,-3.8206
688184.SH,20261009,10.93,10.97,10.56,10.87,10.9,6747.36,7268.597,-0.2752
688185.SH,20261009,101.0,101.0,90.5,98.46,99.56,161113.53,1532559.355,-1.1049
688186.SH,20261009,14.09,14.31,13.87,14.23,14.16,36743.44,51838.288,0.4944
688187.SH,20261009,44.3,46.39,44.01,46.05,44.17,54649.23,248391.375,4.2563
688188.SH,20261009,94.05,96.36,92.75,95.32,94.6,23855.94,225142.721,0.7611
688189.SH,20261009,6.4,6.43,6.29,6.41,6.38,26704.15,16979.847,0.4702
688190.SH,20261009,64.71,66.54,62.7,66.17,65.16,10737.52,69161.914,1.55
688191.SH,20261009,18.42,18.44,17.15,18.15,18.42,53302.58,94491.505,-1.4658
688192.SH,20261009,57.32,61.5,56.21,59.95,58.3,78971.33,466470.655,2.8302
688193.SH,20261009,51.87,52.24,49.8,51.5,51.92,6801.48,34537.208,-0.8089
688195.SH,20261009,157.12,165.96,153.21,158.02,158.7,89299.05,1422066.732,-0.4285
688196.SH,20261009,36.88,37.86,35.22,36.63,36.12,82470.6,300222.043,1.412
688197.SH,20261009,35.03,35.85,32.8,35.51,34.75,27006.47,92603.465,2.1871
688198.SH,20261009,67.6,70.31,67.1,69.83,67.6,4888.3,33712.075,3.2988
688199.SH,20261009,25.23,26.7,24.68,26.03,25.41,77938.42,200575.515,2.44
688200.SH,20261009,365.26,369.16,333.22,351.05,367.09,52474.51,1819681.654,-4.3695
688201.SH,20261009,7.59,7.69,7.38,7.67,7.55,29147.75,21993.326,1.5894
688202.SH,20261009,105.83,105.83,98.81,104.0,105.83,61252.82,627376.431,-1.7292
688203.SH,20261009,18.7,19.47,17.77,19.22,18.45,183437.76,343744.03,4.1734
688205.SH,20261009,179.34,191.5,177.88,183.61,183.53,109373.37,2009649.046,0.0436
688206.SH,20261009,32.89,34.18,31.05,33.74,33.07,75804.6,247525.284,2.026
688207.SH,20261009,17.89,18.52,16.81,18.4,18.08,105151.23,186405.261,1.7699
688208.SH,20261009,24.08,24.5,23.48,24.4,23.85,73427.57,176397.484,2.3061
688209.SH,20261009,29.1,29.23,26.9,28.8,29.06,194266.03,545286.817,-0.8947
688210.SH,20261009,25.51,26.0,24.0,25.29,25.41,36421.41,90839.336,-0.4723
688211.SH,20261009,30.89,31.27,29.57,31.18,31.0,11622.41,35412.852,0.5806
688212.SH,20261009,26.61,27.28,26.01,27.08,26.89,25311.36,67042.376,0.7066
688213.SH,20261009,94.21,98.48,94.1,97.05,95.16,62069.31,600204.071,1.9861
688215.SH,20261009,42.2,42.2,39.02,41.17,41.14,14537.33,58656.123,0.0729
688216.SH,20261009,35.43,36.2,33.24,35.85,35.95,68707.28,239609.632,-0.2782
688217.SH,20261009,25.01,25.47,23.32,24.83,25.24,15194.37,37164.247,-1.6244
688218.SH,20261009,40.78,40.9,37.0,39.56,41.0,43379.66,168161.468,-3.5122
688219.SH,20261009,10.13,10.3,10.04,10.22,10.15,47450.21,48268.544,0.6897
688220.SH,20261009,86.0,88.58,80.84,83.59,84.71,82639.4,693638.936,-1.3222
688221.SH,20261009,15.84,15.9,14.84,15.85,15.85,143727.44,219774.452,0.0
688222.SH,20261009,41.74,42.44,39.22,41.45,41.92,218035.08,884060.418,-1.1212
688223.SH,20261009,3.78,3.9,3.74,3.89,3.79,861414.38,329719.946,2.6385
688225.SH,20261009,14.9,16.64,14.54,16.51,14.9,162963.63,255640.385,10.8054
688226.SH,20261009,29.57,29.8,26.91,28.42,29.17,75721.66,211732.887,-2.5711
688227.SH,20261009,67.38,67.54,61.49,66.2,67.38,36766.61,237548.701,-1.7513
688228.SH,20261009,87.0,87.4,82.28,85.98,85.9,17421.91,148156.377,0.0931
688229.SH,20261009,57.74,59.3,54.42,58.97,57.24,8469.67,48090.677,3.0224
688230.SH,20261009,54.55,55.8,51.58,54.75,54.99,14816.35,79864.221,-0.4364
688231.SH,20261009,30.31,30.31,27.82,29.0,30.24,57903.63,166220.244,-4.1005
688232.SH,20261009,17.54,18.11,17.35,18.0,17.58,31128.92,55244.853,2.3891
688233.SH,20261009,81.92,81.92,74.05,80.3,83.33,86129.33,671908.635,-3.6361
688234.SH,20261009,99.0,100.99,93.08,97.54,102.5,106702.41,1032553.201,-4.839
688235.SH,20261009,248.94,251.43,241.43,249.42,250.56,26943.11,664038.658,-0.455
688236.SH,20261009,14.09,14.28,13.74,14.21,14.05,16777.78,23392.753,1.1388
688237.SH,20261009,58.9,58.9,55.25,57.89,58.88,18130.78,103036.249,-1.6814
688238.SH,20261009,8.27,8.63,7.78,8.58,8.26,508185.52,415021.595,3.8741
688239.SH,20261009,51.02,51.28,47.61,48.91,51.53,73446.42,358671.902,-5.0844
688244.SH,20261009,20.04,24.33,18.66,24.0,20.65,236370.56,496980.442,16.2228
688246.SH,20261009,18.36,18.71,16.78,18.59,18.29,67429.06,119181.483,1.6402
688247.SH,20261009,9.57,9.99,9.28,9.97,9.62,80312.16,77429.627,3.6383
688248.SH,20261009,47.75,52.3,46.96,52.0,48.13,50799.22,252832.734,8.0407
688249.SH,20261009,29.74,30.17,28.3,29.96,30.01,245900.33,720472.359,-0.1666
688251.SH,20261009,18.0,18.29,16.8,18.29,18.0,32027.9,56432.573,1.6111
688252.SH,20261009,19.65,19.65,18.55,19.41,19.56,55972.83,106969.865,-0.7669
688253.SH,20261009,52.44,54.77,50.36,53.8,52.35,16096.38,84198.53,2.7698
688255.SH,20261009,25.1,25.33,23.76,25.21,24.93,26540.28,65279.678,1.1231
688256.SH,20261009,979.1,998.5,916.2,985.99,981.0,113679.66,10864375.371,0.5087
688257.SH,20261009,51.34,51.34,46.24,48.3,50.5,128902.39,619483.649,-4.3564
688258.SH,20261009,78.9,80.11,74.5,79.6,78.82,33657.27,259927.103,0.9896
688259.SH,20261009,30.99,31.03,29.05,30.09,30.9,17284.99,51826.166,-2.6214
688260.SH,20261009,94.88,95.35,84.58,92.02,96.51,67521.53,602585.947,-4.6524
688261.SH,20261009,67.91,68.77,63.8,67.06,68.38,40548.19,268441.305,-1.9304
688262.SH,20261009,25.36,25.6,23.85,25.22,25.37,99957.46,247534.263,-0.5912
688265.SH,20261009,62.04,62.85,56.8,60.93,61.11,48386.84,286868.728,-0.2946
688266.SH,20261009,103.49,105.77,99.71,104.25,103.29,33713.37,343418.535,0.9294
688267.SH,20261009,20.92,21.5,20.72,21.21,21.0,18307.96,38583.325,1.0
688268.SH,20261009,116.0,116.02,109.11,113.79,116.7,38784.18,437072.383,-2.4936
688269.SH,20261009,25.0,25.33,24.45,25.23,25.12,14096.26,35118.738,0.4379
688270.SH,20261009,52.89,52.89,50.02,51.5,52.92,54686.78,279542.275,-2.6833
688271.SH,20261009,106.33,108.28,105.0,107.78,106.42,51685.08,553547.249,1.278
688272.SH,20261009,27.99,28.49,26.22,28.16,27.85,15553.9,42807.741,1.1131
688273.SH,20261009,28.49,28.49,26.66,27.85,28.29,13633.63,37525.756,-1.5553
688275.SH,20261009,69.66,71.65,67.6,70.51,69.98,53141.4,371568.488,0.7574
688276.SH,20261009,17.42,17.85,16.86,17.79,17.33,39265.88,68061.208,2.6544
688277.SH,20261009,14.85,14.9,14.17,14.85,14.86,52646.35,76376.965,-0.0673
688278.SH,20261009,50.46,51.12,50.11,50.77,50.8,20835.95,105766.814,-0.0591
688279.SH,20261009,188.86,188.87,178.38,184.03,189.67,19730.9,363319.947,-2.9736
688280.SH,20261009,4.84,4.9,4.62,4.85,4.83,118530.6,56432.126,0.4141
688281.SH,20261009,48.0,48.73,46.08,47.73,48.2,29704.04,140965.519,-0.9751
688282.SH,20261009,49.67,50.58,47.58,50.29,49.67,7382.85,36206.939,1.2482
688283.SH,20261009,27.04,27.06,24.82,26.25,26.95,28409.75,73185.009,-2.5974
688285.SH,20261009,7.6,7.69,7.38,7.69,7.6,27352.35,20607.473,1.1842
688286.SH,20261009,47.0,49.25,44.44,47.19,47.86,44255.11,207356.568,-1.3999
688288.SH,20261009,19.63,19.93,18.75,19.87,19.5,18828.75,36316.252,1.8974
688289.SH,20261009,16.62,17.1,16.22,17.02,16.49,69507.98,116194.43,3.2141
688290.SH,20261009,54.44,54.44,51.22,54.1,54.28,7166.14,38013.923,-0.3316
688291.SH,20261009,37.01,37.4,34.73,37.1,37.12,16967.32,60922.822,-0.0539
688292.SH,20261009,20.95,21.27,19.0,21.23,20.71,65983.29,133073.98,2.5109
688293.SH,20261009,72.0,74.29,68.19,71.5,72.56,62833.01,442276.363,-1.4609
688295.SH,20261009,34.56,35.15,33.75,35.0,34.76,33792.13,116581.14,0.6904
688296.SH,20261009,23.49,24.84,22.9,24.39,24.6,42648.71,101561.55,-0.8537
688297.SH,20261009,41.8,41.93,39.6,39.93,41.57,72239.18,290781.003,-3.9452
688298.SH,20261009,19.08,19.52,18.73,19.5,19.12,24519.5,46912.962,1.9874
688299.SH,20261009,12.81,12.85,12.02,12.54,12.8,63760.66,79135.562,-2.0313
688300.SH,20261009,137.0,138.98,128.37,136.49,139.36,88995.24,1192967.925,-2.0594
688301.SH,20261009,79.98,80.6,77.79,79.99,80.41,54708.88,433438.403,-0.5223
688302.SH,20261009,31.6,32.2,30.55,32.09,31.57,13135.87,41170.439,1.6471
688303.SH,20261009,15.79,16.32,15.73,16.27,15.73,120706.0,193955.844,3.4329
688305.SH,20261009,53.14,53.71,51.51,53.59,53.0,15407.66,81023.157,1.1132
688306.SH,20261009,9.49,9.56,9.0,9.29,9.52,138539.83,128128.348,-2.416
688307.SH,20261009,41.6,41.6,38.74,40.78,41.48,32770.77,131120.064,-1.6876
688308.SH,20261009,74.11,74.33,67.7,72.6,74.53,67452.99,475617.471,-2.5896
688309.SH,20261009,73.03,73.03,66.0,70.78,72.88,19236.94,132770.23,-2.8814
688310.SH,20261009,14.79,14.8,13.59,14.62,14.72,23835.52,34008.112,-0.6793
688311.SH,20261009,23.25,23.3,21.7,22.68,23.41,42805.58,95832.442,-3.1183
688312.SH,20261009,42.54,42.65,39.4,41.86,42.8,74678.08,306992.768,-2.1963
688313.SH,20261009,125.0,133.97,125.0,131.97,127.6,270521.2,3511825.817,3.4248
688314.SH,20261009,28.88,29.35,27.93,29.35,29.02,13859.27,39520.543,1.1371
688315.SH,20261009,18.91,22.55,17.41,21.73,18.93,379350.26,754056.245,14.7913
688316.SH,20261009,44.99,45.03,41.9,44.33,45.44,24097.66,104519.448,-2.4428
688317.SH,20261009,18.66,19.24,18.28,19.19,18.65,85803.9,160233.495,2.8954
688318.SH,20261009,69.5,75.07,68.75,74.33,69.66,81548.05,586982.934,6.704
688319.SH,20261009,29.63,30.36,28.6,30.09,29.87,55373.64,162967.452,0.7365
688320.SH,20261009,33.2,33.2,30.6,32.17,33.0,34303.77,108384.989,-2.5152
688321.SH,20261009,23.97,24.45,23.56,24.31,24.06,84949.08,203367.269,1.0391
688322.SH,20261009,79.51,82.38,75.8,81.53,80.03,76002.13,599773.258,1.8743
688323.SH,20261009,22.75,22.92,21.11,22.45,22.98,98814.28,217723.343,-2.3064
688325.SH,20261009,104.5,104.96,99.58,102.45,105.0,11728.22,119441.677,-2.4286
688326.SH,20261009,54.83,56.3,53.4,55.88,54.88,13374.26,73368.885,1.8222
688327.SH,20261009,9.43,9.7,9.2,9.62,9.45,173108.91,163578.834,1.7989
688328.SH,20261009,72.55,74.01,69.8,73.05,74.91,71736.38,516557.806,-2.483
688329.SH,20261009,23.62,23.62,22.27,23.43,23.41,18596.56,42582.953,0.0854
688330.SH,20261009,35.51,35.98,34.44,35.8,35.5,14371.36,50532.141,0.8451
688331.SH,20261009,110.3,111.03,104.5,107.86,111.21,55542.54,592377.897,-3.0123
688332.SH,20261009,79.6,80.38,74.4,77.27,79.88,43761.34,337213.817,-3.2674
688333.SH,20261009,93.61,93.61,86.3,91.93,93.47,107845.71,968574.141,-1.6476
688334.SH,20261009,18.15,18.3,17.8,18.18,18.14,22504.23,40677.366,0.2205
688335.SH,20261009,17.55,17.77,16.61,17.77,17.53,23993.61,41064.956,1.3691
688336.SH,20261009,37.68,38.35,36.5,38.1,37.9,53105.7,198249.214,0.5277
688337.SH,20261009,43.59,44.18,40.63,42.9,44.0,79623.59,337973.226,-2.5
688338.SH,20261009,30.62,30.92,29.2,30.69,30.45,14026.89,41974.197,0.7882
688339.SH,20261009,20.35,20.54,18.91,19.67,20.35,92368.73,180349.73,-3.3415
688343.SH,20261009,55.44,58.2,53.73,55.48,56.0,94171.69,523138.025,-0.9286
688345.SH,20261009,45.87,52.5,45.6,51.9,46.24,43612.36,217006.793,12.2405
688347.SH,20261009,193.0,199.0,182.01,193.42,197.21,147553.55,2803665.396,-1.9218
688348.SH,20261009,30.26,30.95,29.57,30.84,30.1,16027.4,48542.398,2.4585
688349.SH,20261009,13.3,13.72,13.23,13.59,13.3,145150.35,196384.252,2.1805
688350.SH,20261009,28.5,28.69,27.4,27.94,28.22,15204.1,42548.252,-0.9922
688351.SH,20261009,16.98,17.15,16.44,17.02,16.74,33805.37,56588.597,1.6726
688352.SH,20261009,15.49,15.88,14.18,15.23,15.8,259132.56,387395.447,-3.6076
688353.SH,20261009,87.92,89.2,84.26,87.18,86.21,90997.53,792355.321,1.1252
688355.SH,20261009,16.82,16.82,15.75,16.46,16.82,13044.27,21210.66,-2.1403
688356.SH,20261009,108.46,109.86,98.58,107.9,108.81,79471.38,826115.537,-0.8363
688357.SH,20261009,26.11,26.63,25.63,26.38,26.38,7181.18,18777.518,0.0
688358.SH,20261009,28.35,28.35,27.18,28.19,27.79,9619.08,26680.144,1.4394
688359.SH,20261009,99.0,100.55,88.14,94.16,99.99,53324.16,495808.84,-5.8306
688360.SH,20261009,16.3,16.7,15.56,16.63,16.09,64917.86,106003.977,3.3561
688361.SH,20261009,330.0,349.48,316.41,341.88,331.48,92330.63,3055598.261,3.1374
688362.SH,20261009,50.49,50.77,46.3,49.61,50.92,167478.37,814465.323,-2.5727
688363.SH,20261009,34.58,35.04,34.22,34.88,34.5,29222.45,101169.752,1.1014
688365.SH,20261009,14.76,15.34,13.65,15.17,14.46,191082.26,276781.91,4.9101
688366.SH,20261009,29.84,30.87,29.64,30.77,29.78,6271.72,18983.411,3.3244
688367.SH,20261009,29.96,30.3,28.7,30.2,30.08,16309.1,48215.293,0.3989
688368.SH,20261009,110.87,111.54,102.5,105.39,111.98,44610.2,475101.065,-5.885
688369.SH,20261009,18.7,19.39,17.8,19.38,18.76,33110.95,61360.985,3.3049
688370.SH,20261009,29.16,29.28,27.95,29.0,28.81,15263.56,43757.499,0.6595
688371.SH,20261009,21.11,21.11,18.94,19.95,21.42,80682.0,160593.547,-6.8627
688372.SH,20261009,95.86,96.0,88.3,93.42,96.38,83876.81,772330.501,-3.0712
688373.SH,20261009,5.57,5.79,5.35,5.73,5.56,160559.35,88873.061,3.0576
688375.SH,20261009,69.2,69.2,64.61,67.59,69.2,55826.31,371589.574,-2.3266
688376.SH,20261009,53.58,53.89,50.24,52.92,53.58,18586.76,96952.216,-1.2318
688377.SH,20261009,16.66,16.66,15.81,16.35,16.68,24680.39,39910.31,-1.9784
688378.SH,20261009,43.95,43.95,39.71,42.89,44.08,123801.33,517587.198,-2.6996
688379.SH,20261009,50.26,50.38,45.85,48.52,50.26,34708.65,165903.784,-3.462
688380.SH,20261009,37.1,37.1,34.91,36.55,37.29,80714.71,290596.712,-1.9844
688381.SH,20261009,36.92,37.38,33.6,35.96,37.12,124791.53,442936.33,-3.125
688382.SH,20261009,17.25,17.39,16.64,17.26,17.33,109695.53,186715.639,-0.4039
688383.SH,20261009,117.9,117.98,104.3,110.67,119.22,33258.89,365001.32,-7.1716
688385.SH,20261009,54.1,54.81,50.71,52.75,54.32,126023.52,662757.972,-2.8903
688386.SH,20261009,44.32,44.32,40.8,42.48,44.09,25300.92,106403.376,-3.6516
688387.SH,20261009,12.0,12.2,10.8,11.25,12.23,656900.04,743019.024,-8.0131
688388.SH,20261009,26.4,26.5,24.19,25.08,26.45,355624.16,886923.387,-5.1796
688389.SH,20261009,11.28,11.38,11.04,11.32,11.37,25897.79,29017.055,-0.4398
688390.SH,20261009,54.57,55.09,52.64,54.0,54.75,73445.68,395281.789,-1.3699
688391.SH,20261009,25.28,25.28,24.0,24.88,25.21,13807.23,34084.403,-1.309
688392.SH,20261009,149.34,149.74,140.27,148.25,150.4,29256.48,425236.511,-1.4295
688393.SH,20261009,21.88,22.25,20.72,22.17,21.97,26391.7,56467.584,0.9103
688395.SH,20261009,25.73,25.8,24.25,25.4,25.75,15424.43,38693.513,-1.3592
688396.SH,20261009,51.5,52.24,49.33,51.9,52.02,158593.83,806128.339,-0.2307
688398.SH,20261009,21.39,21.39,19.53,20.22,21.29,22995.29,46614.808,-5.0258
688399.SH,20261009,28.85,31.39,27.5,29.92,27.22,80523.25,237274.905,9.9192
688400.SH,20261009,39.97,40.15,37.9,39.56,39.98,78791.57,307323.521,-1.0505
688401.SH,20261009,59.73,60.06,54.06,57.13,60.03,55431.61,314697.825,-4.8309
688403.SH,20261009,19.18,19.46,17.74,18.83,19.58,544127.64,1012629.434,-3.8304
688408.SH,20261009,22.53,22.85,22.16,22.7,22.58,29254.14,65971.889,0.5314
688409.SH,20261009,158.03,158.88,148.61,156.83,158.97,60387.44,927284.689,-1.3462
688410.SH,20261009,9.0,9.13,8.73,9.08,8.98,93005.7,82895.984,1.1136
688411.SH,20261009,164.0,164.5,154.62,159.47,163.8,32841.9,524191.759,-2.6435
688416.SH,20261009,66.71,66.88,61.15,65.6,66.97,55342.14,356097.261,-2.0457
688418.SH,20261009,27.82,28.19,26.0,27.44,28.17,35664.88,96254.375,-2.5914
688419.SH,20261009,45.52,45.74,41.88,44.49,45.97,30338.94,132804.421,-3.2195
688420.SH,20261009,22.63,22.63,21.53,22.27,22.63,11004.69,24250.132,-1.5908
688425.SH,20261009,3.95,4.0,3.95,3.97,3.96,148117.52,59021.978,0.2525
688426.SH,20261009,21.26,21.64,20.43,21.51,21.36,24787.43,51999.471,0.7022
688428.SH,20261009,26.69,28.38,26.02,28.12,27.03,146634.5,399933.347,4.0326
688429.SH,20261009,9.7,9.77,9.35,9.7,9.66,14900.3,14290.195,0.4141
688432.SH,20261009,44.53,46.88,42.16,45.63,44.93,575336.75,2585293.504,1.558
688433.SH,20261009,75.4,75.4,69.61,71.6,75.45,51179.87,366334.3,-5.1027
688435.SH,20261009,28.68,30.0,27.11,29.94,28.86,26937.13,76859.869,3.7422
688439.SH,20261009,35.73,36.37,35.14,36.25,35.79,21818.66,78009.162,1.2853
688443.SH,20261009,25.37,25.58,24.51,24.95,25.55,34626.21,86144.118,-2.3483
688448.SH,20261009,65.65,65.65,60.9,64.8,65.99,17617.18,111262.845,-1.8033
688449.SH,20261009,52.4,52.87,49.7,52.23,52.55,66576.07,342048.004,-0.6089
688450.SH,20261009,30.49,30.51,28.3,30.37,30.39,16066.68,47475.128,-0.0658
688455.SH,20261009,17.42,17.42,16.53,17.17,17.33,24904.67,42330.001,-0.9233
688456.SH,20261009,64.0,64.4,59.2,62.97,64.59,53771.08,332009.596,-2.5081
688458.SH,20261009,34.75,34.83,32.62,34.32,34.49,18757.63,63261.637,-0.4929
688459.SH,20261009,8.21,8.21,8.01,8.12,8.2,16280.42,13187.497,-0.9756
688466.SH,20261009,14.23,14.39,13.57,14.19,14.19,13563.18,18961.146,0.0
688468.SH,20261009,6.59,6.75,6.48,6.69,6.6,43891.96,28994.517,1.3636
688469.SH,20261009,8.24,8.62,8.15,8.58,8.36,1405231.58,1175127.878,2.6316
688472.SH,20261009,8.32,8.5,8.19,8.47,8.33,308828.61,258313.918,1.6807
688475.SH,20261009,26.57,27.84,26.41,27.63,26.68,41587.89,112715.413,3.5607
688478.SH,20261009,44.68,46.79,41.22,44.06,46.27,73375.27,318249.399,-4.7763
688479.SH,20261009,32.22,32.34,29.7,32.1,32.07,20220.86,62947.084,0.0935
688480.SH,20261009,63.2,63.2,59.41,62.8,62.85,10744.03,65795.78,-0.0796
688484.SH,20261009,30.77,31.76,29.56,31.25,30.7,94232.59,288874.304,1.7915
688485.SH,20261009,105.57,105.57,94.04,100.0,104.0,64893.06,646084.303,-3.8462
688486.SH,20261009,45.12,46.15,42.73,45.2,45.5,47202.11,209173.539,-0.6593
688488.SH,20261009,15.3,15.8,14.69,15.75,15.38,70568.48,107555.886,2.4057
688489.SH,20261009,26.3,27.9,25.0,27.56,26.39,34992.41,92440.801,4.4335
688498.SH,20261009,1225.89,1248.0,1156.0,1206.01,1290.4,72137.2,8676877.85,-6.5398
688499.SH,20261009,44.09,47.33,42.29,42.33,44.99,191869.41,858071.121,-5.9124
688500.SH,20261009,30.0,30.2,28.1,29.99,29.87,25550.0,74456.508,0.4017
688501.SH,20261009,15.12,15.39,14.41,15.04,15.08,38625.77,57574.134,-0.2653
688502.SH,20261009,368.89,375.2,335.49,369.2,373.1,14428.39,512728.426,-1.0453
688503.SH,20261009,65.11,65.11,60.18,62.08,65.6,110644.63,689953.272,-5.3659
688505.SH,20261009,8.3,8.39,8.0,8.36,8.26,89998.83,73635.85,1.2107
688506.SH,20261009,224.6,231.78,221.36,229.33,227.1,16435.43,371099.178,0.9819
688507.SH,20261009,125.55,127.71,116.8,126.66,125.45,30410.97,371442.226,0.9645
688508.SH,20261009,72.13,74.2,68.14,73.48,72.85,58760.68,419555.748,0.8648
688509.SH,20261009,4.16,4.26,4.03,4.25,4.15,74205.6,30732.145,2.4096
688510.SH,20261009,22.51,22.6,21.35,21.96,22.5,51608.23,112761.823,-2.4
688511.SH,20261009,20.41,21.09,19.82,20.53,20.6,37753.42,77244.341,-0.3398
688512.SH,20261009,16.25,16.6,14.81,15.72,16.35,364865.88,568931.13,-3.8532
688513.SH,20261009,47.01,47.41,45.0,46.19,47.5,25971.04,118754.055,-2.7579
688515.SH,20261009,125.27,126.32,117.84,124.19,126.99,25929.29,316385.099,-2.2049
688516.SH,20261009,40.59,40.59,37.88,39.22,40.31,66321.3,258858.677,-2.704
688517.SH,20261009,18.16,18.57,17.22,17.65,18.23,82092.33,147199.938,-3.1816
688518.SH,20261009,19.45,19.55,18.63,19.32,19.41,87669.8,167616.974,-0.4637
688519.SH,20261009,270.0,274.0,247.0,257.6,276.86,68517.46,1761634.66,-6.9566
688520.SH,20261009,34.57,36.65,34.05,36.22,34.7,38942.99,137504.127,4.3804
688521.SH,20261009,151.5,154.49,144.02,152.02,153.39,199316.82,2982089.486,-0.8931
688522.SH,20261009,18.08,18.17,17.18,17.57,17.81,60354.04,105908.283,-1.3476
688523.SH,20261009,37.48,37.97,35.06,36.34,37.75,34741.15,125967.841,-3.7351
688525.SH,20261009,180.0,182.99,173.0,181.01,183.18,179903.46,3198545.054,-1.1846
688526.SH,20261009,12.33,12.47,12.22,12.41,12.29,9681.34,11979.201,0.9764
688528.SH,20261009,10.28,10.29,9.62,10.14,10.31,20387.64,20311.42,-1.6489
688529.SH,20261009,14.89,15.0,14.06,14.85,14.78,17717.07,25664.635,0.4736
688530.SH,20261009,50.65,50.65,45.4,48.78,50.66,74497.61,356448.139,-3.711
688531.SH,20261009,119.0,119.0,106.6,115.93,119.33,56808.34,642170.906,-2.8492
688533.SH,20261009,19.69,19.7,18.92,19.57,19.63,10633.39,20562.226,-0.3057
688535.SH,20261009,90.0,90.91,84.0,89.1,91.36,58345.12,511341.668,-2.4737
688536.SH,20261009,278.63,288.0,272.22,286.36,280.0,51740.96,1448759.936,2.2714
688538.SH,20261009,2.06,2.11,2.05,2.1,2.06,729900.86,152119.993,1.9417
688539.SH,20261009,23.19,23.33,21.37,22.38,22.93,28052.94,61735.303,-2.3986
688543.SH,20261009,41.11,41.14,39.15,40.22,40.93,48365.95,193187.672,-1.7347
688545.SH,20261009,66.3,66.4,61.85,64.88,66.27,61924.63,395436.428,-2.0975
688548.SH,20261009,28.6,29.15,27.38,28.88,29.17,202977.16,575825.22,-0.9942
688549.SH,20261009,19.93,20.1,18.88,19.74,20.08,354972.62,690796.131,-1.6932
688550.SH,20261009,35.05,35.08,33.23,34.48,35.3,29854.07,101817.997,-2.3229
688551.SH,20261009,36.05,36.12,32.77,34.8,35.7,43079.96,147487.901,-2.521
688552.SH,20261009,28.41,28.49,26.15,27.36,28.51,39272.45,106370.158,-4.0337
688553.SH,20261009,11.65,11.95,11.11,11.85,11.55,177306.81,204802.975,2.5974
688556.SH,20261009,7.19,7.19,6.76,7.15,7.1,193968.36,135375.823,0.7042
688557.SH,20261009,20.41,20.62,19.56,20.52,20.33,17051.81,34417.291,0.9346
688558.SH,20261009,32.04,32.04,29.93,31.4,31.84,15236.04,47011.28,-1.3819
688559.SH,20261009,47.1,47.3,43.6,45.18,47.45,126388.58,569084.289,-4.784
688560.SH,20261009,12.86,12.91,12.32,12.84,12.86,34555.48,43739.28,-0.1555
688561.SH,20261009,28.05,31.37,27.84,31.06,27.93,223651.53,667023.181,11.2066
688562.SH,20261009,14.0,14.35,13.5,14.28,14.05,38564.13,53755.984,1.637
688563.SH,20261009,48.9,49.31,47.93,49.15,49.0,18661.51,90800.216,0.3061
688565.SH,20261009,11.43,11.43,10.7,11.2,11.38,24101.56,26565.881,-1.5817
688566.SH,20261009,27.07,27.54,26.98,27.46,27.26,22145.67,60388.133,0.7337
688567.SH,20261009,9.44,9.93,9.35,9.75,9.43,262518.42,254765.322,3.3934
688568.SH,20261009,29.9,30.35,28.12,29.05,29.98,110828.23,320349.442,-3.1021
688569.SH,20261009,18.38,18.47,17.94,18.42,18.26,10224.75,18626.678,0.8762
688570.SH,20261009,14.22,14.46,13.94,14.4,14.31,12599.11,17826.946,0.6289
688571.SH,20261009,8.06,8.09,7.66,8.0,8.06,55455.29,43634.102,-0.7444
688573.SH,20261009,18.2,19.12,17.54,17.75,18.08,88441.15,160140.985,-1.8252
688575.SH,20261009,10.47,10.55,10.21,10.46,10.51,84540.32,87618.781,-0.4757
688576.SH,20261009,40.11,40.2,38.14,39.55,39.49,4714.21,18341.164,0.1519
688577.SH,20261009,38.0,39.37,36.8,39.35,37.81,11536.73,43880.582,4.073
688578.SH,20261009,88.0,88.0,79.5,82.5,89.26,208959.97,1705330.49,-7.5734
688579.SH,20261009,7.68,8.03,7.5,8.01,7.78,51153.21,39653.528,2.9563
688580.SH,20261009,41.29,41.87,39.83,41.54,41.62,13623.32,55438.433,-0.1922
688581.SH,20261009,54.21,55.2,53.01,54.85,54.68,7973.83,43032.595,0.3109
688582.SH,20261009,34.5,34.5,32.28,33.27,34.47,56151.45,186559.706,-3.4813
688583.SH,20261009,75.72,75.72,70.8,73.88,75.1,10851.75,79158.055,-1.6245
688584.SH,20261009,24.87,24.87,22.33,23.47,24.73,147003.85,341075.577,-5.095
688585.SH,20261009,119.0,121.88,115.05,121.77,119.26,26901.14,318757.611,2.1046
688586.SH,20261009,10.82,11.05,10.38,10.96,10.75,69074.43,74148.306,1.9535
688588.SH,20261009,8.79,9.11,8.48,9.08,8.77,54842.01,48030.904,3.5348
688589.SH,20261009,19.98,19.99,18.7,19.68,19.84,32098.11,62190.604,-0.8065
688590.SH,20261009,11.54,12.02,10.9,11.97,11.56,111144.7,126539.357,3.5467
688591.SH,20261009,29.2,31.38,28.58,29.71,29.22,91446.73,271887.278,1.6769
688592.SH,20261009,21.85,22.28,21.12,22.06,21.93,11986.58,26055.37,0.5928
688593.SH,20261009,29.43,29.79,27.9,29.12,29.42,127270.85,366841.403,-1.0197
688595.SH,20261009,28.21,28.98,26.71,28.3,28.33,36406.86,101314.834,-0.1059
688596.SH,20261009,54.56,54.59,49.88,53.76,54.45,179652.73,941046.914,-1.2672
688597.SH,20261009,6.17,6.22,5.91,6.16,6.18,47678.5,28940.27,-0.3236
688598.SH,20261009,29.68,29.68,27.06,28.67,29.97,135811.98,383074.663,-4.3377
688599.SH,20261009,10.84,11.24,10.75,11.17,10.85,334905.44,368044.43,2.9493
688600.SH,20261009,32.27,32.47,30.03,32.2,32.2,34930.57,109643.736,0.0
688601.SH,20261009,55.01,55.46,50.17,52.88,55.51,60057.08,315009.08,-4.7379
688602.SH,20261009,6.7,6.91,6.62,6.88,6.71,62223.84,42354.912,2.5335
688603.SH,20261009,101.99,103.0,90.85,95.98,103.19,60939.66,581305.713,-6.9871
688605.SH,20261009,75.85,76.61,69.42,73.7,76.78,49187.61,355789.616,-4.0115
688606.SH,20261009,50.69,51.49,49.55,51.14,51.1,8025.55,40575.866,0.0783
688607.SH,20261009,35.47,36.4,33.55,36.4,35.24,19174.68,66524.943,3.2917
688608.SH,20261009,108.2,114.73,108.0,109.64,109.37,69001.87,763214.412,0.2469
688609.SH,20261009,8.56,8.61,8.11,8.6,8.6,191184.45,160204.899,0.0
688610.SH,20261009,133.65,135.78,125.06,132.65,135.43,14109.76,184268.398,-2.0527
688611.SH,20261009,59.8,61.56,56.9,61.48,59.5,14486.01,86513.368,3.3277
688612.SH,20261009,30.35,30.83,29.36,30.83,30.45,44940.28,134960.228,1.2479
688613.SH,20261009,19.08,19.21,17.91,18.57,19.12,77699.72,143190.375,-2.8766
688615.SH,20261009,79.0,83.88,78.01,83.52,79.26,47562.43,383164.188,5.3747
688616.SH,20261009,11.12,11.23,10.76,11.14,11.1,18204.69,20083.053,0.3604
688617.SH,20261009,243.03,247.45,237.66,242.85,244.4,11672.01,282687.184,-0.6342
688618.SH,20261009,27.47,27.65,25.23,26.42,27.69,26090.07,68587.974,-4.5865
688619.SH,20261009,13.09,13.1,12.13,12.93,13.04,35346.44,44484.748,-0.8436
688620.SH,20261009,14.48,15.35,13.84,14.61,14.62,303875.17,442443.371,-0.0684
688621.SH,20261009,67.57,68.14,63.63,67.05,67.71,22255.22,146285.262,-0.9747
688622.SH,20261009,111.51,112.2,106.16,109.75,112.1,5850.4,63909.269,-2.0963
688623.SH,20261009,63.38,63.82,60.0,61.42,64.28,8849.23,54503.74,-4.4493
688625.SH,20261009,64.9,65.22,57.8,61.34,66.57,113902.05,693512.103,-7.8564
688626.SH,20261009,40.28,40.88,38.21,40.49,40.33,27313.37,107675.706,0.3967
688627.SH,20261009,395.0,407.44,373.83,402.78,401.47,39152.01,1532500.414,0.3263
688628.SH,20261009,79.61,80.0,74.3,79.25,80.41,56612.55,438234.324,-1.4426
688629.SH,20261009,97.05,97.93,88.56,94.57,97.45,161964.51,1499253.031,-2.9554
688630.SH,20261009,358.56,365.47,335.32,360.54,366.77,45662.29,1605458.533,-1.6986
688631.SH,20261009,35.51,36.44,34.56,36.22,35.61,14187.74,50364.628,1.713
688633.SH,20261009,21.71,21.95,20.81,21.76,21.78,27118.0,57938.017,-0.0918
688635.SH,20261009,228.06,233.6,217.6,231.93,230.36,12741.83,289313.192,0.6815
688636.SH,20261009,18.81,19.22,17.97,19.06,18.92,75898.87,140807.906,0.74
688638.SH,20261009,34.82,34.97,33.24,34.28,34.82,7091.93,24109.467,-1.5508
688639.SH,20261009,18.96,19.42,18.36,19.34,18.76,96615.92,183212.32,3.0917
688646.SH,20261009,71.82,71.82,66.66,69.9,72.0,23036.08,159077.927,-2.9167
688648.SH,20261009,27.37,27.69,25.87,27.51,27.57,23821.1,63366.08,-0.2176
688651.SH,20261009,23.68,25.26,22.6,25.1,23.66,37339.03,89473.091,6.0862
688652.SH,20261009,127.38,131.97,120.65,127.51,129.14,45770.63,573648.435,-1.2622
688653.SH,20261009,13.37,13.59,12.71,13.36,13.5,157411.61,206794.434,-1.037
688655.SH,20261009,67.81,71.25,63.71,66.1,67.81,154304.36,1036177.289,-2.5218
688656.SH,20261009,126.51,127.21,115.0,120.0,126.51,10139.36,121456.994,-5.1458
688657.SH,20261009,32.54,33.17,31.31,33.06,32.5,9820.84,31644.848,1.7231
688658.SH,20261009,13.1,13.47,12.68,13.38,13.18,144824.13,189398.884,1.5175
688659.SH,20261009,9.0,9.04,8.49,9.0,9.04,28759.1,25225.103,-0.4425
688660.SH,20261009,8.83,9.04,8.5,8.7,8.9,283662.12,247786.94,-2.2472
688661.SH,20261009,93.4,109.99,91.66,106.0,92.9,99592.23,978652.717,14.1012
688662.SH,20261009,110.0,119.27,103.77,114.76,112.14,193350.68,2153140.624,2.3364
688663.SH,20261009,56.28,56.4,52.46,55.4,55.6,24386.09,132060.225,-0.3597
688665.SH,20261009,40.87,41.18,38.51,41.1,40.67,8119.4,32287.682,1.0573
688667.SH,20261009,94.64,95.05,89.35,94.24,94.53,7285.05,66990.182,-0.3068
688668.SH,20261009,193.08,196.95,176.6,187.0,196.95,53360.57,986922.001,-5.052
688669.SH,20261009,60.6,63.26,55.38,62.5,60.54,39663.75,233977.46,3.2375
688670.SH,20261009,18.2,19.45,17.82,19.17,18.22,28884.41,53383.69,5.2141
688671.SH,20261009,24.55,24.67,22.79,24.2,24.66,16638.53,39331.483,-1.8654
688676.SH,20261009,60.98,61.19,56.3,59.16,61.15,120694.76,699060.368,-3.2543
688677.SH,20261009,69.32,70.4,64.56,68.85,69.32,53582.8,361738.055,-0.678
688678.SH,20261009,29.17,29.6,26.18,28.8,29.24,402266.63,1114611.148,-1.5048
688679.SH,20261009,36.71,37.51,33.82,35.82,36.71,26676.11,94033.615,-2.4244
688680.SH,20261009,38.26,38.77,36.71,37.64,38.09,17307.99,65022.259,-1.1814
688681.SH,20261009,15.21,15.38,14.74,15.32,15.36,17119.11,25768.189,-0.2604
688682.SH,20261009,32.98,32.98,30.3,32.66,33.14,38802.01,122721.343,-1.4484
688683.SH,20261009,29.7,29.7,26.87,27.96,29.12,15620.81,43683.245,-3.9835
688685.SH,20261009,35.05,35.88,33.18,35.74,35.59,60854.47,210958.881,0.4215
688686.SH,20261009,123.0,123.51,113.35,120.11,123.64,17669.76,208846.006,-2.8551
688687.SH,20261009,18.12,18.45,17.65,18.33,18.21,40196.18,72198.516,0.659
688689.SH,20261009,36.45,37.32,34.15,35.86,36.88,66799.58,237556.018,-2.7657
688690.SH,20261009,43.68,44.07,40.89,42.69,44.07,105828.32,446709.666,-3.1314
688691.SH,20261009,54.28,54.56,50.88,53.88,54.78,38907.28,205519.181,-1.6429
688692.SH,20261009,175.0,188.8,174.62,187.59,175.7,13535.25,246159.28,6.7672
688693.SH,20261009,69.65,69.65,60.71,65.16,67.1,14601.63,93492.365,-2.8912
688695.SH,20261009,19.85,20.33,18.76,20.29,19.79,13615.16,26639.824,2.5265
688696.SH,20261009,80.0,83.29,78.18,82.83,79.17,12300.57,99368.595,4.623
688697.SH,20261009,14.0,14.13,13.1,13.7,14.08,80845.94,108843.395,-2.6989
688698.SH,20261009,39.51,39.68,37.77,39.4,39.72,32617.84,126527.407,-0.8056
688699.SH,20261009,56.6,57.79,52.47,55.72,57.17,51306.21,282746.768,-2.5363
688700.SH,20261009,57.34,57.79,52.96,56.2,58.0,119772.38,663784.628,-3.1034
688701.SH,20261009,8.44,8.48,7.92,8.43,8.44,26635.53,21864.137,-0.1185
688702.SH,20261009,266.85,268.05,246.8,265.1,268.64,69199.81,1789148.049,-1.3177
688707.SH,20261009,11.01,11.42,10.89,11.16,11.12,179537.28,200133.659,0.3597
688708.SH,20261009,37.33,38.1,36.35,37.21,37.52,13495.77,50108.097,-0.8262
688709.SH,20261009,24.0,24.62,22.82,23.65,24.24,39374.27,93056.241,-2.434
688710.SH,20261009,106.67,108.0,95.01,99.8,107.21,53192.46,530767.889,-6.9117
688711.SH,20261009,24.0,24.1,21.78,23.13,24.1,113274.64,258292.538,-4.0249
688712.SH,20261009,29.73,30.4,29.12,30.3,29.97,14557.31,43199.205,1.1011
688716.SH,20261009,24.59,24.79,23.46,24.64,24.59,16325.46,39391.071,0.2033
688717.SH,20261009,40.43,40.99,39.14,40.33,40.73,60574.03,242978.456,-0.9821
688718.SH,20261009,14.64,14.75,13.52,14.3,14.56,20321.07,28922.141,-1.7857
688719.SH,20261009,52.62,53.21,47.91,51.15,52.87,46397.47,233933.579,-3.2533
688720.SH,20261009,58.72,58.88,53.0,56.43,58.7,47592.51,264053.526,-3.8671
688721.SH,20261009,36.18,36.18,33.52,35.15,36.34,33412.13,115615.237,-3.2746
688722.SH,20261009,14.34,14.52,13.84,14.37,14.41,28294.79,40038.487,-0.2776
688726.SH,20261009,43.51,43.51,40.24,41.99,43.35,64721.04,269964.996,-3.1373
688727.SH,20261009,41.78,41.78,38.88,40.62,41.59,25678.78,102955.943,-2.3323
688728.SH,20261009,13.15,13.19,12.66,13.08,13.16,241362.74,311659.311,-0.6079
688729.SH,20261009,20.68,20.68,19.54,20.43,20.7,304037.1,611093.922,-1.3043
688733.SH,20261009,28.29,28.44,25.84,27.18,28.73,96568.98,259125.171,-5.3951
688737.SH,20261009,16.51,16.64,15.91,16.5,16.51,17495.71,28458.139,-0.0606
688739.SH,20261009,20.81,21.27,20.68,21.2,20.89,25614.65,53903.08,1.484
688750.SH,20261009,13.75,13.85,13.41,13.79,13.72,18756.79,25572.501,0.5102
688755.SH,20261009,28.75,29.12,27.6,28.88,29.32,24245.67,68693.439,-1.5007
688757.SH,20261009,26.05,26.07,23.7,25.2,26.05,98433.0,244286.833,-3.263
688758.SH,20261009,29.45,30.0,27.95,29.06,29.77,135621.48,387209.055,-2.385
688759.SH,20261009,20.83,20.83,19.34,20.05,20.73,52883.26,105115.207,-3.2803
688765.SH,20261009,37.25,38.1,34.97,37.86,36.23,51836.3,189037.078,4.499
688766.SH,20261009,328.44,331.0,307.03,327.75,333.79,78107.81,2506494.197,-1.8095
688767.SH,20261009,39.94,41.25,38.16,39.6,40.38,34114.43,134342.28,-1.9316
688768.SH,20261009,51.66,54.66,47.09,53.35,51.92,17354.59,88791.523,2.7542
688772.SH,20261009,13.8,14.06,13.56,13.94,13.9,176226.0,243499.218,0.2878
688775.SH,20261009,89.06,91.2,87.1,90.75,89.54,35895.37,319477.694,1.3514
688776.SH,20261009,45.0,45.41,41.21,42.93,45.03,33234.96,142074.707,-4.6636
688777.SH,20261009,76.5,79.5,73.99,77.93,77.08,161750.53,1239267.466,1.1028
688778.SH,20261009,46.38,48.29,45.75,47.4,46.28,211912.13,1001764.921,2.4201
688779.SH,20261009,7.65,8.12,7.6,8.0,7.64,583034.81,463701.991,4.712
688781.SH,20261009,39.0,43.8,37.24,43.02,39.2,66468.4,268214.728,9.7449
688783.SH,20261009,25.01,25.05,22.77,24.05,25.01,220781.47,524551.999,-3.8385
688785.SH,20261009,335.0,338.75,310.58,324.1,335.5,6035.91,194756.348,-3.3979
688786.SH,20261009,25.68,25.68,23.58,25.31,25.6,52256.14,128641.849,-1.1328
688787.SH,20261009,79.24,83.87,76.54,83.52,80.45,22215.32,177498.408,3.816
688788.SH,20261009,27.36,27.36,25.28,26.6,27.37,33010.08,85916.678,-2.8133
688789.SH,20261009,47.5,49.0,47.08,47.88,48.08,22095.27,105493.564,-0.416
688790.SH,20261009,93.0,95.35,88.59,93.68,94.5,15038.54,138168.116,-0.8677
688793.SH,20261009,17.72,18.1,16.71,17.97,17.63,20583.13,35728.289,1.9285
688795.SH,20261009,368.08,378.48,356.01,376.9,372.0,35981.79,1323838.48,1.3172
688796.SH,20261009,124.0,124.33,109.21,114.98,123.0,31318.29,357213.12,-6.5203
688797.SH,20261009,227.01,227.01,208.5,219.89,228.98,25162.43,545690.176,-3.9698
688798.SH,20261009,51.0,51.8,49.1,50.75,51.31,34906.57,176066.563,-1.0914
688799.SH,20261009,53.48,53.78,49.6,52.45,53.0,31561.06,161416.736,-1.0377
688800.SH,20261009,52.0,52.37,48.2,50.3,52.78,104162.15,517718.743,-4.6987
688801.SH,20261009,419.0,458.0,406.45,450.36,426.6,35094.14,1518722.309,5.5696
688802.SH,20261009,461.58,469.87,426.68,464.08,467.58,36669.96,1651260.654,-0.7485
688805.SH,20261009,38.49,38.58,36.9,38.4,38.23,10977.36,41177.465,0.4447
688806.SH,20261009,27.42,31.37,26.5,30.34,27.15,214700.49,631093.493,11.7495
688807.SH,20261009,265.14,274.5,253.15,261.15,268.24,15416.71,404921.874,-2.6432
688808.SH,20261009,1380.0,1430.83,1333.0,1390.0,1420.0,15109.03,2092451.034,-2.1127
688809.SH,20261009,465.0,489.0,452.3,479.6,470.0,16698.57,791848.373,2.0426
688811.SH,20261009,18.64,19.16,18.28,18.87,18.73,41935.3,78347.225,0.7475
688813.SH,20261009,119.0,120.8,107.4,115.63,122.87,60124.1,685725.814,-5.8924
688816.SH,20261009,47.34,47.68,45.55,47.07,46.94,3313.57,15389.681,0.2769
688818.SH,20261009,41.88,42.45,39.33,40.66,41.8,78133.67,316941.79,-2.7273
688819.SH,20261009,21.15,21.51,20.88,21.43,20.98,39154.01,83533.954,2.1449
688820.SH,20261009,103.98,112.44,99.26,111.55,105.95,106427.31,1115935.731,5.2855
688825.SH,20261009,49.81,51.36,48.0,51.0,50.52,3029904.27,14978593.299,0.9501
688826.SH,20261009,652.0,660.0,611.0,643.0,661.02,6832.38,432974.008,-2.7261
688828.SH,20261009,79.35,80.69,75.2,80.56,80.0,21986.86,171270.818,0.7
688835.SH,20261009,340.0,345.79,318.11,341.0,343.07,24366.21,805614.924,-0.6034
688836.SH,20261009,426.0,434.99,419.21,432.0,427.8,18902.81,806972.815,0.9818
688837.SH,20261009,49.29,49.5,44.94,47.25,49.6,114138.12,534978.002,-4.7379
688981.SH,20261009,106.0,109.55,102.8,108.42,107.08,461044.84,4868002.924,1.2514
689009.SH,20261009,36.56,37.18,36.55,36.94,36.56,72355.25,266778.438,1.0394
920000.BJ,20261009,13.9,14.27,13.75,14.19,13.9,7060.75,9923.73642,2.0863
920001.BJ,20261009,10.85,11.28,10.68,11.2,10.87,14631.71,16075.03906,3.0359
920002.BJ,20261009,48.99,50.5,48.0,50.0,49.14,11236.76,55280.19611,1.7501
920003.BJ,20261009,16.19,16.3,15.66,16.29,15.99,14387.38,23100.29734,1.8762
920005.BJ,20261009,23.5,24.09,23.16,24.03,23.64,3873.98,9154.34328,1.6497
920006.BJ,20261009,16.68,17.2,16.22,17.11,16.8,19497.91,32384.01555,1.8452
920007.BJ,20261009,31.85,32.38,31.47,32.32,31.95,924.81,2950.64401,1.1581
920008.BJ,20261009,20.11,20.66,19.53,20.6,20.45,8633.67,17391.85261,0.7335
920009.BJ,20261009,33.62,34.98,33.36,34.94,34.13,4919.69,16691.02664,2.3733
920010.BJ,20261009,9.14,9.29,9.02,9.26,9.35,78309.05,71656.05244,-0.9626
920011.BJ,20261009,17.52,17.69,16.9,17.55,17.35,4540.99,7841.66474,1.1527
920012.BJ,20261009,47.36,47.87,44.5,46.61,47.1,9518.0,44053.64584,-1.0403
920014.BJ,20261009,8.57,8.67,8.4,8.65,8.65,7641.28,6522.70183,0.0
920015.BJ,20261009,40.98,46.96,40.98,45.09,40.98,38857.68,171439.51316,10.0293
920016.BJ,20261009,14.71,14.91,14.25,14.9,14.75,9033.7,13180.84007,1.0169
920017.BJ,20261009,15.6,15.98,15.44,15.91,15.59,12404.18,19420.68192,2.0526
920018.BJ,20261009,14.55,14.86,14.38,14.83,14.63,6403.55,9384.49122,1.3671
920019.BJ,20261009,15.11,15.4,14.48,14.96,15.22,24303.87,36033.33387,-1.7083
920020.BJ,20261009,14.65,14.75,14.38,14.7,14.7,2054.06,2988.73915,0.0
920021.BJ,20261009,7.39,9.18,7.16,8.83,7.35,495461.84,410490.50027,20.1361
920022.BJ,20261009,16.7,16.95,16.45,16.83,16.68,3254.59,5444.72254,0.8993
920023.BJ,20261009,1.37,1.39,1.34,1.37,1.38,22961.67,3132.97038,-0.7246
920025.BJ,20261009,12.33,12.47,11.68,11.8,12.62,103643.93,124231.71815,-6.4976
920026.BJ,20261009,16.61,16.94,16.14,16.79,16.4,8993.38,14880.28207,2.378
920027.BJ,20261009,11.11,11.37,10.93,11.35,11.2,5466.34,6081.07653,1.3393
920028.BJ,20261009,15.27,15.85,14.82,15.7,15.15,19275.83,29692.40803,3.6304
920029.BJ,20261009,32.29,33.05,32.01,33.02,32.1,7183.18,23413.3249,2.866
920030.BJ,20261009,4.89,4.89,4.62,4.87,4.91,52818.81,25092.0792,-0.8147
920033.BJ,20261009,13.0,13.44,12.98,13.4,13.09,4163.93,5491.70156,2.3682
920035.BJ,20261009,23.1,23.69,22.6,23.49,23.26,3609.56,8329.30083,0.9888
920036.BJ,20261009,30.08,30.79,29.07,30.6,30.08,3958.15,11747.33392,1.7287
920037.BJ,20261009,36.75,38.15,36.27,37.7,36.64,7469.18,27794.28208,2.893
920038.BJ,20261009,37.59,39.56,36.89,39.27,37.26,28792.58,110045.50385,5.3945
920039.BJ,20261009,7.31,7.61,7.23,7.59,7.37,7956.01,5885.6617,2.9851
920045.BJ,20261009,465.0,519.87,451.01,515.5,481.66,12735.15,614280.72429,7.0257
920046.BJ,20261009,19.3,19.31,18.0,19.0,19.23,24326.64,45349.59866,-1.196
920047.BJ,20261009,14.86,15.28,14.56,15.18,14.81,32629.56,48709.60629,2.4983
920050.BJ,20261009,27.99,28.3,27.41,28.29,27.99,1833.44,5094.8015,1.0718
920055.BJ,20261009,24.76,25.22,24.65,25.2,24.82,1954.47,4857.89969,1.531
920056.BJ,20261009,14.27,14.82,13.9,14.7,14.3,13697.15,19815.45323,2.7972
920057.BJ,20261009,4.63,4.74,4.58,4.73,4.63,12169.68,5682.0276,2.1598
920058.BJ,20261009,22.49,22.66,21.68,22.28,22.5,6513.55,14413.46975,-0.9778
920059.BJ,20261009,11.91,12.07,11.51,12.04,11.98,15541.56,18407.34709,0.5008
920060.BJ,20261009,26.37,26.49,24.17,24.79,25.31,49530.63,123578.32515,-2.0545
920061.BJ,20261009,17.12,17.8,16.63,17.6,17.28,10800.37,18657.56876,1.8519
920062.BJ,20261009,6.88,7.05,6.82,7.03,6.97,12529.7,8688.62306,0.8608
920065.BJ,20261009,32.36,33.5,31.89,33.38,32.14,16206.5,52927.39393,3.8581
920066.BJ,20261009,20.31,20.47,19.16,19.89,20.6,23870.6,47088.06831,-3.4466
920068.BJ,20261009,14.8,15.03,14.36,14.87,14.84,8331.0,12225.81227,0.2022
920069.BJ,20261009,30.77,30.99,29.88,30.71,30.93,4460.5,13533.94256,-0.7113
920071.BJ,20261009,25.5,25.5,23.82,24.84,25.5,56697.31,138870.72612,-2.5882
920072.BJ,20261009,22.35,22.85,21.88,22.73,22.36,5784.04,12902.39307,1.6547
920075.BJ,20261009,15.41,16.5,15.12,16.5,15.43,20339.08,32464.67131,6.9345
920076.BJ,20261009,12.27,12.37,12.12,12.33,12.27,4315.21,5284.13331,0.489
920077.BJ,20261009,13.12,14.0,13.05,13.98,13.03,103815.99,141440.28782,7.2909
920078.BJ,20261009,16.93,17.34,16.63,17.33,16.99,14211.98,24159.58108,2.0012
920079.BJ,20261009,12.41,12.48,12.15,12.43,12.31,18391.91,22677.83261,0.9748
920080.BJ,20261009,19.8,20.08,19.36,19.9,19.8,2417.42,4769.15502,0.5051
920081.BJ,20261009,39.52,40.59,39.3,40.55,39.68,6599.14,26406.56146,2.1925
920082.BJ,20261009,7.63,7.76,7.52,7.75,7.65,4604.37,3518.81893,1.3072
920083.BJ,20261009,35.18,36.4,34.38,36.16,34.85,33730.88,120442.85408,3.759
920086.BJ,20261009,19.96,20.47,19.71,20.44,19.89,4827.64,9720.59874,2.7652
920087.BJ,20261009,14.83,17.3,14.75,16.92,14.89,264102.14,429711.56713,13.6333
920088.BJ,20261009,40.9,41.26,39.41,40.21,42.16,45009.52,180868.90992,-4.6252
920089.BJ,20261009,9.84,10.02,9.78,9.99,9.91,9414.04,9298.94414,0.8073
920090.BJ,20261009,3.01,3.05,2.94,3.05,3.02,14380.74,4321.10765,0.9934
920091.BJ,20261009,27.38,27.89,26.75,27.7,27.37,4292.67,11747.6855,1.2057
920092.BJ,20261009,23.35,24.73,23.03,24.61,23.35,11605.52,27845.17215,5.3961
920093.BJ,20261009,18.78,19.88,18.78,19.39,18.58,25019.42,48523.49557,4.3595
920096.BJ,20261009,29.16,29.48,27.69,29.38,29.25,7197.0,20629.46555,0.4444
920098.BJ,20261009,16.77,17.3,16.6,17.19,16.81,6124.83,10382.60532,2.2606
920099.BJ,20261009,16.0,16.4,15.5,15.91,16.0,5385.43,8494.5622,-0.5625
920100.BJ,20261009,28.48,29.19,28.03,29.15,28.39,9558.4,27324.06863,2.677
920101.BJ,20261009,16.03,16.35,15.72,16.27,16.03,4268.22,6838.80514,1.4972
920106.BJ,20261009,33.0,33.56,32.23,33.43,32.76,6586.64,21780.90702,2.0452
920107.BJ,20261009,18.72,19.09,18.49,19.06,18.8,8065.21,15157.58907,1.383
920108.BJ,20261009,8.44,8.55,8.33,8.5,8.41,5153.19,4358.50695,1.0702
920110.BJ,20261009,25.36,26.4,25.0,25.98,25.25,3805.75,9796.49995,2.8911
920111.BJ,20261009,25.2,26.2,25.08,26.0,25.15,16195.79,41566.15708,3.3797
920112.BJ,20261009,14.42,14.67,14.18,14.66,14.42,3084.1,4446.4376,1.6644
920116.BJ,20261009,42.57,43.59,41.37,43.56,42.82,18353.11,78293.27251,1.7282
920117.BJ,20261009,27.14,28.92,26.6,28.66,27.74,49890.15,139202.93772,3.3165
920118.BJ,20261009,20.1,20.68,19.85,20.68,20.37,4059.65,8195.45936,1.5218
920119.BJ,20261009,52.02,54.28,51.92,53.97,52.3,4584.02,24301.37768,3.1931
920121.BJ,20261009,26.6,26.99,26.38,26.95,26.63,1095.71,2925.22604,1.2017
920122.BJ,20261009,22.55,23.35,22.2,23.15,22.58,11781.59,26859.06077,2.5244
920123.BJ,20261009,10.67,10.95,10.53,10.88,10.7,11902.48,12789.88007,1.6822
920124.BJ,20261009,11.87,12.12,11.75,12.11,11.93,7537.68,8967.3569,1.5088
920125.BJ,20261009,127.0,133.3,121.2,132.0,130.1,10604.95,135559.60563,1.4604
920126.BJ,20261009,9.68,9.77,9.45,9.73,9.65,10425.95,10030.05673,0.829
920128.BJ,20261009,17.87,18.38,17.36,18.24,18.08,10947.5,19534.2079,0.885
920130.BJ,20261009,15.62,16.6,15.16,16.54,15.6,22791.21,36284.55212,6.0256
920132.BJ,20261009,8.7,9.05,8.58,9.05,8.77,9988.66,8822.07422,3.1927
920136.BJ,20261009,20.15,20.39,19.54,20.32,20.04,9768.8,19535.23689,1.3972
920138.BJ,20261009,31.66,32.23,30.44,31.42,32.3,31116.91,97237.90278,-2.7245
920139.BJ,20261009,13.89,14.07,13.48,14.05,13.91,27316.58,37713.89495,1.0065
920145.BJ,20261009,9.45,9.91,9.13,9.68,9.52,6417.77,6112.64165,1.6807
920146.BJ,20261009,5.6,5.9,5.5,5.9,5.66,95752.66,54492.60425,4.2403
920149.BJ,20261009,8.21,8.49,8.09,8.42,8.28,8609.3,7140.87516,1.6908
920152.BJ,20261009,11.7,13.24,11.7,12.85,11.85,30022.11,37664.25884,8.4388
920156.BJ,20261009,34.5,35.54,33.87,35.45,34.7,4351.46,15032.08773,2.1614
920157.BJ,20261009,81.1,86.38,72.01,75.55,13.75,122020.63,958833.20633,449.4545
920158.BJ,20261009,7.71,7.73,7.48,7.73,7.73,14382.33,10935.09373,0.0
920159.BJ,20261009,27.55,28.82,27.35,28.6,27.63,10197.05,28851.42026,3.5107
920160.BJ,20261009,18.55,18.87,18.45,18.83,18.55,1597.31,2974.38555,1.5094
920161.BJ,20261009,18.67,19.09,18.22,18.98,18.85,16529.95,30830.48934,0.6897
920163.BJ,20261009,9.19,9.49,9.08,9.45,9.18,4422.17,4104.3698,2.9412
920165.BJ,20261009,31.39,31.6,30.7,31.51,31.2,3810.51,11871.29536,0.9936
920166.BJ,20261009,19.03,19.81,19.03,19.78,19.23,2689.3,5211.56911,2.8601
920167.BJ,20261009,13.25,13.66,13.14,13.63,13.24,15822.01,21332.17208,2.9456
920168.BJ,20261009,14.79,15.38,14.65,15.25,14.92,3868.8,5804.07983,2.2118
920169.BJ,20261009,19.03,19.59,18.3,19.43,19.19,12444.87,23522.59877,1.2507
920171.BJ,20261009,15.05,16.06,14.81,15.8,14.94,22517.0,35103.26793,5.7564
920174.BJ,20261009,30.0,30.95,29.7,30.95,30.1,8986.56,27228.69486,2.8239
920175.BJ,20261009,7.78,8.1,7.71,8.1,7.8,37234.66,29641.92339,3.8462
920176.BJ,20261009,55.49,58.54,55.0,58.18,56.28,9601.07,54542.4448,3.376
920177.BJ,20261009,22.14,22.52,21.74,22.4,22.29,3677.57,8117.92524,0.4935
920178.BJ,20261009,76.79,78.18,74.0,77.86,77.9,6304.58,47968.58038,-0.0513
920179.BJ,20261009,52.15,52.15,47.06,49.33,51.69,33527.43,165500.05383,-4.5657
920180.BJ,20261009,11.4,11.46,11.0,11.43,11.35,4384.08,4924.63087,0.7048
920181.BJ,20261009,64.12,65.5,61.8,65.02,64.12,3421.51,21686.41746,1.4036
920183.BJ,20261009,28.26,29.4,28.12,29.1,28.57,2395.4,6858.85088,1.8551
920184.BJ,20261009,10.82,11.42,10.66,11.32,10.86,20720.1,23051.31059,4.2357
920185.BJ,20261009,21.01,21.95,20.78,21.82,21.01,125135.13,268558.00038,3.8553
920186.BJ,20261009,60.5,62.58,58.88,62.01,61.2,33712.98,202648.42194,1.3235
920187.BJ,20261009,16.7,16.9,16.45,16.88,16.69,2757.18,4589.30556,1.1384
920188.BJ,20261009,20.9,21.43,20.7,21.39,21.06,5011.62,10498.99092,1.567
920189.BJ,20261009,19.3,19.6,18.68,19.5,19.19,33512.27,64299.61791,1.6154
920190.BJ,20261009,22.21,23.11,21.87,23.09,22.22,21200.84,47684.04858,3.9154
920191.BJ,20261009,8.51,8.66,8.4,8.63,8.55,7051.98,5994.42457,0.9357
920193.BJ,20261009,28.49,29.8,27.6,29.48,28.66,28667.5,82872.03826,2.8611
920195.BJ,20261009,12.23,12.48,12.09,12.45,12.3,3598.23,4409.42354,1.2195
920198.BJ,20261009,7.66,7.94,7.5,7.9,7.7,17028.62,13137.39968,2.5974
920199.BJ,20261009,23.09,23.43,22.28,23.33,23.3,8209.89,18752.31002,0.1288
920200.BJ,20261009,30.11,30.49,27.36,28.26,30.41,29841.43,86103.9735,-7.07
920201.BJ,20261009,38.65,40.22,37.12,38.33,39.01,17106.52,66133.46788,-1.7431
920202.BJ,20261009,14.36,15.29,13.61,14.58,14.3,77511.29,111893.3447,1.958
920204.BJ,20261009,12.46,12.79,12.25,12.72,12.55,4211.13,5300.33262,1.3546
920206.BJ,20261009,40.27,41.49,39.25,41.05,40.79,20588.24,83121.03959,0.6374
920207.BJ,20261009,20.33,21.69,20.01,21.45,20.44,24408.54,50979.73412,4.9413
920208.BJ,20261009,10.73,10.94,10.55,10.86,10.73,23899.44,25648.67501,1.2116
920211.BJ,20261009,82.8,84.8,81.5,83.9,82.8,2424.37,20081.24142,1.3285
920212.BJ,20261009,9.92,10.37,9.71,10.36,9.9,16530.42,16629.09337,4.6465
920218.BJ,20261009,14.43,14.62,14.06,14.53,14.43,7975.37,11410.45231,0.693
920220.BJ,20261009,38.92,40.5,38.52,40.28,38.92,5543.5,21892.55827,3.4943
920221.BJ,20261009,11.96,12.35,11.86,12.3,12.04,6864.6,8295.14089,2.1595
920222.BJ,20261009,24.41,24.96,23.22,24.35,24.79,11633.32,28128.09066,-1.7749
920223.BJ,20261009,12.16,12.72,11.79,12.68,12.21,32795.43,40247.7051,3.8493
920225.BJ,20261009,16.0,16.59,15.6,16.51,16.02,31657.59,51019.56263,3.0587
920227.BJ,20261009,47.7,49.6,46.13,49.5,47.15,5502.02,26473.50317,4.9841
920229.BJ,20261009,45.03,45.35,41.83,43.43,44.99,23199.22,100452.64339,-3.4674
920230.BJ,20261009,10.8,11.33,10.8,11.27,10.9,14077.59,15654.10382,3.3945
920237.BJ,20261009,12.7,16.0,12.28,13.95,13.04,93229.14,128622.66737,6.9785
920238.BJ,20261009,57.49,60.2,57.0,60.0,57.58,14726.72,86109.51825,4.2028
920239.BJ,20261009,20.9,25.6,20.65,23.28,21.19,58658.65,133011.93854,9.8631
920242.BJ,20261009,13.15,13.55,13.02,13.48,13.19,4106.3,5507.36279,2.1986
920245.BJ,20261009,13.12,13.42,12.86,13.42,13.31,5514.26,7257.32791,0.8264
920247.BJ,20261009,14.07,14.65,14.05,14.6,14.15,14880.53,21339.27301,3.1802
920249.BJ,20261009,8.51,8.72,8.42,8.69,8.52,30273.78,25953.76474,1.9953
920252.BJ,20261009,16.46,19.01,16.15,17.0,16.83,107056.84,185554.43979,1.0101
920258.BJ,20261009,9.58,9.67,9.3,9.65,9.54,17978.54,17062.83777,1.153
920260.BJ,20261009,8.03,8.25,7.9,8.24,8.08,7646.14,6183.46442,1.9802
920261.BJ,20261009,13.34,13.44,13.19,13.4,13.27,8226.79,10990.08837,0.9797
920262.BJ,20261009,13.61,14.04,13.4,14.02,13.53,5861.22,8042.05969,3.6216
920263.BJ,20261009,6.2,6.46,6.06,6.39,6.29,8301.73,5215.43015,1.5898
920266.BJ,20261009,7.07,7.26,7.05,7.23,7.14,13597.38,9715.39341,1.2605
920267.BJ,20261009,15.18,15.88,14.68,15.5,15.18,6876.61,10437.54027,2.108
920268.BJ,20261009,28.05,28.88,27.72,28.78,28.19,22679.28,64578.49097,2.0929
920269.BJ,20261009,32.6,32.96,31.9,32.8,32.56,7242.86,23417.59798,0.7371
920270.BJ,20261009,11.12,11.21,10.57,11.09,11.03,6558.33,7156.48106,0.544
920271.BJ,20261009,8.7,8.93,8.57,8.89,8.77,5041.08,4402.09788,1.3683
920273.BJ,20261009,16.81,17.96,16.8,17.73,16.81,22812.32,39962.63792,5.4729
920274.BJ,20261009,14.97,16.15,14.65,15.89,15.04,17669.65,27384.64992,5.6516
920275.BJ,20261009,6.33,6.45,6.25,6.35,6.31,9089.49,5764.51907,0.6339
920278.BJ,20261009,6.06,6.26,6.0,6.24,6.09,6363.16,3904.84226,2.4631
920284.BJ,20261009,18.5,21.68,18.0,19.86,18.65,124136.42,245054.00072,6.4879
920288.BJ,20261009,17.17,17.43,16.64,17.41,17.19,17804.37,30301.80683,1.2798
920289.BJ,20261009,26.28,32.0,26.28,28.65,26.84,53855.67,155132.3062,6.7437
920298.BJ,20261009,66.0,73.15,62.05,72.64,66.66,41934.76,284836.2842,8.9709
920299.BJ,20261009,13.11,13.2,12.76,13.18,13.2,11053.94,14373.29396,-0.1515
920300.BJ,20261009,9.32,9.67,9.17,9.61,9.43,9116.25,8585.76178,1.9088
920304.BJ,20261009,9.27,9.39,9.04,9.31,9.23,16560.66,15294.93119,0.8667
920339.BJ,20261009,10.01,10.22,9.78,10.2,10.15,7176.76,7166.50604,0.4926
920344.BJ,20261009,21.6,22.8,21.18,22.32,22.21,67511.67,147232.2044,0.4953
920346.BJ,20261009,14.52,15.11,14.33,15.08,14.61,8228.75,12165.07635,3.217
920351.BJ,20261009,12.0,12.53,11.79,12.4,12.0,12399.0,15097.25751,3.3333
920357.BJ,20261009,14.16,14.48,13.9,14.44,14.2,13390.42,18979.57997,1.6901
920363.BJ,20261009,9.5,9.81,9.34,9.74,9.57,7247.78,6922.98616,1.7764
920367.BJ,20261009,23.75,25.1,23.69,24.92,24.16,32888.02,80841.9767,3.1457
920368.BJ,20261009,22.21,22.78,21.65,22.74,22.3,24274.39,53940.16603,1.9731
920370.BJ,20261009,2.84,2.9,2.78,2.9,2.85,17562.28,4994.91312,1.7544
920371.BJ,20261009,7.01,7.33,7.0,7.24,7.0,49653.79,35735.21037,3.4286
920374.BJ,20261009,14.63,15.18,14.38,15.16,14.78,5763.75,8554.57583,2.571
920375.BJ,20261009,6.23,6.25,5.96,6.24,6.14,25710.22,15712.08118,1.6287
920378.BJ,20261009,6.99,7.06,6.82,7.06,6.99,7819.57,5435.22188,1.0014
920392.BJ,20261009,13.16,13.28,12.79,13.28,13.15,5688.47,7429.77054,0.9886
920394.BJ,20261009,44.6,45.68,43.03,45.21,44.75,10075.21,44861.98534,1.0279
920395.BJ,20261009,6.45,6.69,6.37,6.61,6.48,7331.03,4791.1071,2.0062
920396.BJ,20261009,17.99,18.9,17.75,18.68,18.17,17041.37,31509.24524,2.8068
920402.BJ,20261009,7.75,8.48,7.7,8.13,7.76,84360.5,69012.41229,4.768
920403.BJ,20261009,19.35,20.99,19.19,20.74,19.28,59795.91,121746.04774,7.5726
920405.BJ,20261009,16.51,16.78,16.08,16.38,16.66,5434.21,8911.82074,-1.6807
920407.BJ,20261009,10.21,10.53,10.05,10.53,10.34,4159.25,4297.97444,1.8375
920414.BJ,20261009,7.81,7.95,7.65,7.95,7.81,9247.17,7207.70389,1.7926
920415.BJ,20261009,8.48,8.85,8.32,8.8,8.54,19939.21,17208.14847,3.0445
920418.BJ,20261009,17.57,18.64,17.19,18.52,17.45,28541.72,51216.26953,6.1318
920419.BJ,20261009,10.66,10.78,10.4,10.75,10.69,7131.19,7537.36859,0.5613
920422.BJ,20261009,9.16,9.5,9.13,9.45,9.2,13929.79,12984.45491,2.7174
920425.BJ,20261009,13.6,13.99,13.31,13.92,13.66,10250.23,14022.02966,1.9034
920427.BJ,20261009,9.67,10.3,9.06,9.52,9.81,70253.33,67711.7431,-2.9562
920429.BJ,20261009,10.34,10.85,10.34,10.85,10.46,18963.2,20085.52017,3.7285
920433.BJ,20261009,4.6,4.71,4.56,4.7,4.61,12502.48,5809.35474,1.9523
920436.BJ,20261009,10.6,10.72,10.19,10.67,10.45,6854.41,7201.44791,2.1053
920438.BJ,20261009,97.4,102.54,95.2,99.68,98.85,40712.78,402859.29412,0.8397
920445.BJ,20261009,7.11,7.17,6.85,7.11,7.07,24097.01,16873.79803,0.5658
920454.BJ,20261009,11.21,11.28,11.01,11.25,11.26,8391.12,9342.7011,-0.0888
920455.BJ,20261009,6.46,6.49,6.28,6.48,6.47,5369.23,3429.09901,0.1546
920469.BJ,20261009,5.48,5.59,5.27,5.59,5.55,26974.24,14629.29924,0.7207
920471.BJ,20261009,11.04,11.38,10.81,11.3,11.08,8228.43,9121.53893,1.9856
920475.BJ,20261009,11.03,11.32,10.71,11.27,10.93,5256.49,5792.85291,3.1107
920476.BJ,20261009,22.0,22.32,20.33,21.72,22.11,12544.82,26793.82844,-1.7639
920478.BJ,20261009,10.13,11.15,10.13,10.99,10.58,61062.34,65211.39122,3.8752
920489.BJ,20261009,11.9,12.11,11.75,12.07,11.89,11678.4,13950.14949,1.5139
920491.BJ,20261009,20.1,20.43,19.3,19.95,20.1,31711.83,62631.2207,-0.7463
920493.BJ,20261009,103.01,104.3,96.99,102.01,104.5,11954.26,120472.45819,-2.3828
920496.BJ,20261009,6.21,6.42,6.13,6.42,6.25,14220.77,8944.01832,2.72
920504.BJ,20261009,17.77,18.32,17.64,18.27,17.93,3540.94,6372.73817,1.8963
920505.BJ,20261009,24.13,25.17,24.03,25.05,24.6,5709.92,14024.57299,1.8293
920508.BJ,20261009,14.8,15.47,14.2,15.47,14.93,16302.13,24416.32035,3.6169
920509.BJ,20261009,21.64,22.08,20.85,22.05,21.93,41558.13,89214.05513,0.5472
920510.BJ,20261009,18.4,18.9,17.61,18.82,18.33,43574.52,79412.98429,2.6732
920519.BJ,20261009,10.81,11.0,10.66,10.89,10.86,18934.16,20463.09388,0.2762
920522.BJ,20261009,21.38,23.3,20.85,21.86,21.61,212580.71,470382.55333,1.1569
920523.BJ,20261009,15.85,17.22,15.48,16.44,16.02,56222.05,92606.65096,2.6217
920526.BJ,20261009,20.18,21.18,20.0,21.17,20.3,31833.65,66108.5126,4.2857
920527.BJ,20261009,14.13,14.71,13.84,14.44,14.29,10588.07,15006.60969,1.0497
920533.BJ,20261009,15.7,16.34,15.31,16.23,15.77,16906.24,26655.3777,2.9169
920541.BJ,20261009,9.26,9.43,9.07,9.37,9.33,3593.33,3339.04352,0.4287
920547.BJ,20261009,18.87,19.33,18.58,19.3,19.03,3241.88,6139.79357,1.4188
920553.BJ,20261009,6.51,6.66,6.42,6.65,6.5,8662.15,5681.52243,2.3077
920556.BJ,20261009,6.32,6.49,6.21,6.44,6.32,8655.67,5525.6209,1.8987
920564.BJ,20261009,13.05,13.65,12.81,13.63,13.15,11641.0,15458.15458,3.6502
920566.BJ,20261009,9.09,9.34,9.06,9.31,9.13,7909.51,7265.60513,1.9715
920570.BJ,20261009,24.54,25.19,23.72,25.19,24.66,4638.66,11381.63192,2.1492
920571.BJ,20261009,8.9,8.96,8.43,8.78,8.79,162725.66,141176.80887,-0.1138
920575.BJ,20261009,4.88,4.9,4.5,4.74,4.9,42693.94,20010.87299,-3.2653
920576.BJ,20261009,36.5,36.96,35.05,36.6,36.71,14559.44,52473.45344,-0.2996
920578.BJ,20261009,16.13,16.8,16.06,16.72,16.35,7499.21,12332.07562,2.263
920579.BJ,20261009,13.52,13.83,13.2,13.77,13.52,7629.43,10302.3455,1.8491
920580.BJ,20261009,10.67,11.17,10.36,11.07,10.68,15369.02,16400.23166,3.6517
920592.BJ,20261009,23.8,30.88,23.77,28.5,23.8,82559.78,228807.56024,19.7479
920593.BJ,20261009,22.82,23.67,22.27,23.67,22.55,17234.69,39611.77531,4.9667
920599.BJ,20261009,17.36,17.96,17.3,17.95,17.36,35434.26,62802.10442,3.3986
920608.BJ,20261009,13.22,13.97,13.12,13.76,13.36,6802.17,9217.72463,2.994
920627.BJ,20261009,17.17,23.17,17.12,22.13,17.83,175694.48,357229.39702,24.1167
920634.BJ,20261009,15.15,15.59,14.75,15.52,15.15,6320.01,9605.84876,2.4422
920639.BJ,20261009,6.14,6.15,5.99,6.13,6.1,7416.27,4508.86447,0.4918
920640.BJ,20261009,25.6,26.17,25.33,26.12,25.86,24129.67,62080.21215,1.0054
920641.BJ,20261009,12.96,13.18,12.5,13.17,12.89,7691.47,9838.54473,2.1722
920642.BJ,20261009,9.51,9.65,9.15,9.57,9.44,15981.61,14972.72562,1.3771
920651.BJ,20261009,18.51,18.98,18.29,18.84,18.51,6140.79,11476.53178,1.7828
920656.BJ,20261009,14.68,14.96,14.5,14.9,14.81,8187.31,12027.65188,0.6077
920662.BJ,20261009,17.54,18.05,17.22,18.03,17.61,6526.76,11551.36301,2.385
920663.BJ,20261009,11.75,12.06,11.62,12.06,11.78,6898.76,8185.79344,2.3769
920665.BJ,20261009,8.22,8.34,8.06,8.33,8.19,7674.19,6296.3562,1.7094
920670.BJ,20261009,12.08,12.52,12.01,12.4,12.18,8743.5,10746.36248,1.8062
920675.BJ,20261009,7.15,7.39,7.01,7.33,7.24,9810.97,7104.89531,1.2431
920679.BJ,20261009,15.23,15.65,15.07,15.57,15.45,2324.26,3574.26198,0.7767
920682.BJ,20261009,5.66,5.75,5.59,5.75,5.7,12750.14,7231.10557,0.8772
920685.BJ,20261009,12.45,12.56,12.02,12.47,12.35,9086.67,11168.655,0.9717
920689.BJ,20261009,18.93,19.17,18.33,19.05,18.95,5339.31,9934.75701,0.5277
920690.BJ,20261009,14.9,15.4,14.6,15.3,14.92,5679.11,8547.82287,2.5469
920693.BJ,20261009,22.69,23.16,22.11,23.16,22.85,3637.81,8243.55595,1.3567
920694.BJ,20261009,16.06,16.4,15.76,16.24,16.12,5265.23,8461.56026,0.7444
920699.BJ,20261009,56.7,62.96,56.1,59.0,56.68,13277.08,79524.52543,4.0932
920701.BJ,20261009,10.3,10.42,10.05,10.4,10.18,4823.88,4930.04129,2.1611
920703.BJ,20261009,9.51,9.7,9.34,9.53,9.59,6374.57,6023.36655,-0.6257
920706.BJ,20261009,15.48,15.88,14.9,15.85,15.63,23921.89,36996.25464,1.4075
920717.BJ,20261009,6.69,6.88,6.53,6.79,6.75,7568.76,5077.86059,0.5926
920718.BJ,20261009,10.08,10.3,9.78,10.22,10.15,4849.47,4853.96582,0.6897
920719.BJ,20261009,7.55,8.24,7.35,7.76,7.76,76935.4,59395.22276,0.0
920720.BJ,20261009,7.55,7.71,7.35,7.69,7.57,14447.66,10858.27389,1.5852
920725.BJ,20261009,76.51,77.68,71.0,76.48,77.24,33501.43,250839.85758,-0.9839
920726.BJ,20261009,14.91,15.57,14.7,15.51,14.99,30925.17,47179.2756,3.469
920729.BJ,20261009,7.02,7.33,7.0,7.2,7.1,35970.14,25674.08034,1.4085
920735.BJ,20261009,25.7,27.47,25.7,27.21,25.93,36336.19,96907.34853,4.9364
920748.BJ,20261009,32.73,34.5,31.09,34.29,32.47,45458.44,150291.9819,5.6052
920751.BJ,20261009,15.55,15.9,15.05,15.78,15.48,6002.18,9304.28779,1.938
920753.BJ,20261009,14.52,15.03,14.41,14.91,14.56,4900.91,7202.7329,2.4038
920765.BJ,20261009,10.73,11.2,10.63,11.18,10.84,8133.66,8871.75183,3.1365
920768.BJ,20261009,7.06,7.14,6.97,7.13,7.12,6703.38,4740.38506,0.1404
920770.BJ,20261009,10.0,10.37,9.82,10.32,10.03,27209.65,27545.64068,2.8913
920779.BJ,20261009,31.84,38.5,30.5,33.79,33.13,88059.41,294336.57468,1.9922
920781.BJ,20261009,5.52,5.64,5.44,5.62,5.53,8575.19,4752.07348,1.6275
920786.BJ,20261009,7.37,7.99,7.27,7.95,7.43,223378.23,171771.85921,6.9987
920790.BJ,20261009,21.2,23.3,21.03,22.57,21.1,31354.66,69848.23124,6.9668
920792.BJ,20261009,9.13,9.47,8.92,9.34,9.24,8933.09,8211.75249,1.0823
920799.BJ,20261009,29.33,32.06,29.33,31.78,29.38,51394.77,159065.93099,8.1688
920802.BJ,20261009,10.55,10.66,10.34,10.66,10.6,4493.74,4723.26128,0.566
920806.BJ,20261009,9.81,10.16,9.69,10.09,9.88,18186.92,18113.72525,2.1255
920807.BJ,20261009,8.73,9.02,8.61,8.99,8.86,20502.21,18057.81508,1.4673
920808.BJ,20261009,54.25,54.9,52.18,54.8,54.49,14969.69,80132.39555,0.5689
920809.BJ,20261009,7.05,7.41,7.04,7.28,7.1,198225.4,143560.58433,2.5352
920810.BJ,20261009,8.21,8.39,8.03,8.36,8.2,4253.39,3502.04673,1.9512
920819.BJ,20261009,3.05,3.1,3.01,3.09,3.05,48649.59,14844.62366,1.3115
920821.BJ,20261009,18.53,19.29,18.36,19.15,18.74,35926.21,67618.55684,2.1878
920826.BJ,20261009,8.31,8.98,8.2,8.83,8.28,62596.67,54295.39858,6.6425
920832.BJ,20261009,6.28,6.53,6.15,6.47,6.35,15068.9,9548.35806,1.8898
920833.BJ,20261009,9.4,9.64,9.16,9.64,9.5,5806.97,5449.48311,1.4737
920834.BJ,20261009,8.13,8.55,8.13,8.48,8.17,14240.32,11964.61478,3.7944
920837.BJ,20261009,9.7,9.97,9.45,9.92,9.67,7617.64,7367.19726,2.5853
920839.BJ,20261009,23.12,23.41,22.51,23.3,23.07,5609.25,12867.98122,0.997
920855.BJ,20261009,12.43,13.18,12.39,13.11,12.43,16969.13,21912.00781,5.4706
920856.BJ,20261009,10.56,10.85,10.3,10.82,10.46,8376.5,8823.10754,3.4417
920857.BJ,20261009,15.5,15.83,15.02,15.77,15.6,9329.47,14373.36368,1.0897
920866.BJ,20261009,6.18,6.5,6.18,6.45,6.18,33363.52,21325.23615,4.3689
920870.BJ,20261009,11.08,11.41,10.87,11.35,11.22,6329.65,7040.22248,1.1586
920871.BJ,20261009,11.13,11.42,10.84,11.33,11.13,12877.01,14446.86522,1.7969
920873.BJ,20261009,7.11,7.39,7.01,7.32,7.12,26647.52,19148.92305,2.809
920876.BJ,20261009,15.61,16.45,15.4,16.43,15.74,10063.36,16026.46474,4.3837
920879.BJ,20261009,12.16,12.43,11.99,12.4,12.24,7622.13,9313.11973,1.3072
920885.BJ,20261009,11.46,11.96,11.16,11.85,11.45,17984.4,20861.2089,3.4934
920892.BJ,20261009,11.12,11.34,10.83,11.26,11.01,10507.18,11644.42988,2.2707
920895.BJ,20261009,20.02,24.8,19.81,23.6,19.81,91591.01,206983.81375,19.1318
920896.BJ,20261009,11.99,12.16,11.51,12.12,11.84,4837.44,5748.22135,2.3649
920906.BJ,20261009,14.86,14.99,14.3,14.99,14.68,3588.37,5260.91992,2.1117
920914.BJ,20261009,17.26,18.35,17.17,18.07,17.33,33600.69,60074.67907,4.2701
920924.BJ,20261009,13.86,14.25,13.3,14.16,13.72,12267.27,17060.4148,3.207
920925.BJ,20261009,10.93,11.02,10.6,10.98,10.9,8755.2,9475.75167,0.7339
920926.BJ,20261009,10.11,10.32,9.69,10.12,10.14,26221.43,26161.9211,-0.1972
920931.BJ,20261009,9.69,9.93,9.53,9.81,9.78,4213.8,4104.88978,0.3067
920932.BJ,20261009,9.96,10.26,9.66,10.24,9.96,13170.52,13135.66886,2.8112
920942.BJ,20261009,16.38,16.9,16.05,16.8,16.38,5419.19,8902.91285,2.5641
920943.BJ,20261009,13.57,14.02,13.41,13.91,13.73,7895.4,10864.16603,1.311
920946.BJ,20261009,10.7,11.25,10.7,11.22,10.71,97371.31,107688.68988,4.7619
920950.BJ,20261009,12.62,12.98,12.46,12.96,12.75,3257.24,4146.69348,1.6471
920953.BJ,20261009,21.93,23.47,21.34,23.34,21.96,22184.39,50027.98453,6.2842
920957.BJ,20261009,9.32,9.65,9.1,9.62,9.4,10383.49,9792.55267,2.3404
920961.BJ,20261009,20.73,20.73,20.0,20.43,20.63,37247.88,75552.46015,-0.9695
920964.BJ,20261009,4.74,4.94,4.7,4.93,4.75,39207.94,19075.93653,3.7895
920970.BJ,20261009,6.21,6.4,6.15,6.37,6.15,32361.58,20420.24117,3.5772
920971.BJ,20261009,25.29,25.78,24.52,25.73,25.61,28623.63,71931.9037,0.4686
920974.BJ,20261009,6.12,6.18,6.01,6.17,6.1,5171.36,3160.46543,1.1475
920976.BJ,20261009,21.98,24.9,21.45,24.05,22.13,23521.37,55026.81993,8.676
920978.BJ,20261009,16.81,17.66,16.56,17.65,16.97,14867.93,25496.26489,4.0071
920981.BJ,20261009,27.2,27.6,26.02,27.4,27.44,13043.47,35138.62368,-0.1458
920982.BJ,20261009,131.54,135.82,128.0,130.3,132.0,15183.17,199061.16547,-1.2879
920985.BJ,20261009,4.52,4.83,4.52,4.78,4.57,70601.2,33320.20215,4.5952
920992.BJ,20261009,12.78,13.49,12.52,13.46,12.86,15629.41,20350.3669,4.6656
