prediction_id,signal_date,expected_buy_date,expected_exit_date,ts_code,name,industry,stage,stage_transition,stage_focus,path_label_code,path_label,path_explanation,path_days_observed,path_data_coverage,path_strength_latest,path_strength_delta,path_gap_slope,path_first_seal_slope,path_open_times_slope,path_turnover_slope,path_amount_log_slope,path_seal_ratio_slope,path_one_price_ratio,path_weak_to_strong,path_strong_to_weak,path_acceleration_consensus,path_divergence_reseal,stage_pool_size,focus_pool_size,market_max_limit_times,same_industry_stage_count,stage_pool_share,stage_recent_promotion_rate,stage_recent_promotion_samples,market_median_return,market_up_ratio,market_return_dispersion,market_equal_weight_return,market_down_ratio,market_strong_up_ratio,market_strong_down_ratio,market_limit_up_count_log,market_limit_down_count_log,market_limit_up_down_log_ratio,market_failed_limit_up_rate,market_reseal_rate,market_prev_limit_up_mean_return,market_prev_limit_up_positive_rate,market_prev_limit_up_open_gap_mean,market_focus_promotion_rate,market_limit_up_industry_concentration,market_limit_up_amount_top3_share,market_amount_ratio_5d,market_sentiment_score,market_sentiment_delta,market_sentiment_coverage,market_sentiment_acceleration,market_sentiment_regime_code,market_sentiment_regime_label,market_sentiment_breadth_score,market_sentiment_limit_ecology_score,market_sentiment_promotion_score,market_sentiment_profit_effect_score,market_sentiment_liquidity_score,market_eligible_stock_count,market_limit_up_count,market_limit_down_count,market_touched_up_count,market_failed_limit_up_count,market_reseal_count,market_prev_limit_up_sample,market_2_to_3_promotion_rate,market_2_to_3_promotion_samples,market_3_to_4_promotion_rate,market_3_to_4_promotion_samples,market_focus_promotion_samples,market_max_streak,source_rank,d_close,estimated_up_limit,recommended_max_price,max_auction_change_pct,observation_max_price,observation_auction_change_pct,observation_price_basis,observation_price_is_formal,observation_rank,observation_risk_tier,observation_risk_label,observation_selected,observation_pool_size,take_profit_pct,stop_loss_pct,take_profit_price,stop_loss_price,latest_exit_time,exit_policy_version,predicted_net_return,predicted_return_lcb,predicted_return_ucb,predicted_mean_return_lcb,predicted_mean_return_ucb,predicted_outcome_q10,predicted_outcome_q90,predicted_fill_probability,predicted_exit_probability,predicted_profit_probability,predicted_big_loss_probability,predicted_continuation_limit_up_probability,max_big_loss_probability,big_loss_threshold,min_return_lcb,conservative_ev,selection_score,shadow_rank,shadow_selected,gate_policy_ready,gate_stage_focus,gate_exit_probability,gate_fill_probability,gate_big_loss_probability,gate_mean_return_lcb,gate_conservative_ev,gate_selection_score,selection_policy_version,policy_max_big_loss_probability,policy_min_mean_return_lcb,policy_min_fill_probability,policy_min_exit_probability,policy_min_conservative_ev,policy_min_selection_score,policy_max_positions,risk_gate_pass,selected,action,price_action,entry_rule,exit_rule,guidance_only,broker_connected,order_type,market_order_allowed,mechanism_limit_pct,decision_universe_rule,decision_universe_reason,minute_available,model_ready,model_promoted,model_reason,model_version,model_artifact_sha256,generated_at_utc,source_snapshot_sha256,feature_contract
20260727-000533.SZ-auction_v10_tp15_sl5_time1100_oos_1,20260727,20260728,20260729,000533.SZ,顺钠股份,电网设备,3→4,3→4,1,DIVERGENCE_RESEAL,分歧回封,路径强度1.00→0.78；竞价斜率+2.83pct/板；首封每板提前4分钟；炸板变化+0.5/板,3.0,1.0,0.7787575757575756,-0.2212424242424243,0.0282722513089004,-4.5,0.5,0.0266409999999999,0.5094037054197074,-0.0824171063776414,0.3333333333333333,0.0,0.0,0.0,1.0,2.0,5.0,5.0,1.0,0.02,0.3636363636363636,11.0,0.027273,0.9406119862393628,0.1050563777609549,0.0268560913721744,0.0595351798790194,0.1193887297039159,0.0050939191340337,4.68213122712422,1.791759469228055,2.8903717578961645,0.1300813008130081,0.36,0.0276979210526315,0.6842105263157895,-4.626874795660152e-05,0.1333333333333333,0.0297999999999999,0.2743352325780902,0.7752710300590525,0.5742780242908806,0.2792691458395528,1.0,0.6947249127545728,EXPANSION,发酵,0.9443900066327072,0.8102227470433447,0.1333333333333333,0.7398717368421053,0.050542060118105,3141.0,107.0,5.0,123.0,16.0,36.0,38.0,0.1428571428571428,14.0,0.0,1.0,15.0,5.0,13.0,10.51,11.57,,,11.14,5.9943,model_diagnostic_cap,0,2.0,2.0,高风险观察,1,5,0.15,-0.05,,,11:00,tplus1_first_touch_tp15_sl5_time1100_v2,-0.022648148148148,-0.1127949308755759,0.145134889449237,-0.0332463687339436,-0.0120499275623523,-0.1127949308755759,0.145134889449237,0.1215134155536597,1.0,0.3588686630986697,0.4522859860268982,0.8695441153202896,0.55,-0.03,-0.05,-0.0044008182865222,-0.0317474937367998,1.0,1,0,1,1,0,1,1,1,1,nested_temporal_utility_v1,0.55,-0.05,0.2,0.9,-0.02,-0.0350300666320177,1,0,0,SHADOW_ONLY,没有安全买入价格，放弃,系统仅供人工参考：T日9:25前仅用限价单参与集合竞价；不得使用无上限市价单，高于上限或未成交均放弃,T+1按实际成交价计算15%止盈、5%止损，首次触发即人工退出；均未触发则11:00退出；一字跌停顺延,1,0,LIMIT_ONLY_MANUAL,0,10.0,a_share_price_limit_le_10_v2,eligible_limit_le_10:10.00%:main_board_10pct,1.0,1,0,selection_policy_not_ready,auction_v10_tp15_sl5_time1100_oos_1,d2347f958f0b3026765cc6189cd90159911fc82346ae9b0886bea8ae661a0c73,2026-07-27T15:37:12+00:00,5b0d37aefa59f1daf1f5bee290dced238da87ff12d71990e2b460bf5657a754a,D_CLOSE_STREAK_PATH_SENTIMENT_V10_NESTED_POLICY_NO_T_LEAKAGE
20260727-600617.SH-auction_v10_tp15_sl5_time1100_oos_1,20260727,20260728,20260729,600617.SH,国新能源,燃气Ⅱ,2→3,2→3,1,ACCELERATION_CONSENSUS,加速一致,路径强度0.75→0.86；竞价斜率+3.57pct/板；首封每板提前50分钟；炸板变化+0.0/板,2.0,1.0,0.8634028520499109,0.1162029498016216,0.0356951308278741,-49.55000000000007,0.0,0.003225,0.2340345906950993,0.1870861408699896,0.0,0.0,0.0,1.0,0.0,3.0,5.0,5.0,1.0,0.03,0.303030303030303,33.0,0.027273,0.9406119862393628,0.1050563777609549,0.0268560913721744,0.0595351798790194,0.1193887297039159,0.0050939191340337,4.68213122712422,1.791759469228055,2.8903717578961645,0.1300813008130081,0.36,0.0276979210526315,0.6842105263157895,-4.626874795660152e-05,0.1333333333333333,0.0297999999999999,0.2743352325780902,0.7752710300590525,0.5742780242908806,0.2792691458395528,1.0,0.6947249127545728,EXPANSION,发酵,0.9443900066327072,0.8102227470433447,0.1333333333333333,0.7398717368421053,0.050542060118105,3141.0,107.0,5.0,123.0,16.0,36.0,38.0,0.1428571428571428,14.0,0.0,1.0,15.0,5.0,16.0,3.73,4.1,,,3.95,5.8981,model_diagnostic_cap,0,1.0,2.0,高风险观察,1,5,0.15,-0.05,,,11:00,tplus1_first_touch_tp15_sl5_time1100_v2,-0.022648148148148,-0.1439636545008165,0.1453563264644159,-0.0332463687339436,-0.0120499275623523,-0.1439636545008165,0.1453563264644159,0.1166392759993367,1.0,0.3588686630986697,0.4522859860268982,0.789811504979186,0.55,-0.03,-0.05,-0.0042242929013704,-0.0321510309280596,2.0,1,0,1,1,0,1,1,1,1,nested_temporal_utility_v1,0.55,-0.05,0.2,0.9,-0.02,-0.0350300666320177,1,0,0,SHADOW_ONLY,没有安全买入价格，放弃,系统仅供人工参考：T日9:25前仅用限价单参与集合竞价；不得使用无上限市价单，高于上限或未成交均放弃,T+1按实际成交价计算15%止盈、5%止损，首次触发即人工退出；均未触发则11:00退出；一字跌停顺延,1,0,LIMIT_ONLY_MANUAL,0,10.0,a_share_price_limit_le_10_v2,eligible_limit_le_10:10.00%:main_board_10pct,0.0,1,0,selection_policy_not_ready,auction_v10_tp15_sl5_time1100_oos_1,d2347f958f0b3026765cc6189cd90159911fc82346ae9b0886bea8ae661a0c73,2026-07-27T15:37:12+00:00,5b0d37aefa59f1daf1f5bee290dced238da87ff12d71990e2b460bf5657a754a,D_CLOSE_STREAK_PATH_SENTIMENT_V10_NESTED_POLICY_NO_T_LEAKAGE
20260727-601606.SH-auction_v10_tp15_sl5_time1100_oos_1,20260727,20260728,20260729,601606.SH,长城军工,地面兵装,3→4,3→4,1,DIVERGENCE_RESEAL,分歧回封,路径强度0.90→0.61；竞价斜率+0.31pct/板；首封每板提前108分钟；炸板变化+2.0/板,3.0,1.0,0.6079738601296063,-0.2889619411824837,0.0030873805733656,-107.93333333333334,2.0,0.0281294999999999,0.530259096214138,-0.0455370376228954,0.0,0.0,0.0,0.0,1.0,2.0,5.0,5.0,1.0,0.02,0.3636363636363636,11.0,0.027273,0.9406119862393628,0.1050563777609549,0.0268560913721744,0.0595351798790194,0.1193887297039159,0.0050939191340337,4.68213122712422,1.791759469228055,2.8903717578961645,0.1300813008130081,0.36,0.0276979210526315,0.6842105263157895,-4.626874795660152e-05,0.1333333333333333,0.0297999999999999,0.2743352325780902,0.7752710300590525,0.5742780242908806,0.2792691458395528,1.0,0.6947249127545728,EXPANSION,发酵,0.9443900066327072,0.8102227470433447,0.1333333333333333,0.7398717368421053,0.050542060118105,3141.0,107.0,5.0,123.0,16.0,36.0,38.0,0.1428571428571428,14.0,0.0,1.0,15.0,5.0,9.0,35.26,38.79,,,37.38,6.0125,model_diagnostic_cap,0,5.0,2.0,高风险观察,1,5,0.15,-0.05,,,11:00,tplus1_first_touch_tp15_sl5_time1100_v2,-0.022648148148148,-0.1127949308755759,0.145134889449237,-0.0332463687339436,-0.0120499275623523,-0.1127949308755759,0.145134889449237,0.2985932609917665,1.0,0.3588686630986697,0.4522859860268982,0.7408848872299171,0.55,-0.03,-0.05,-0.0108140708350395,-0.0322137100318135,3.0,0,0,1,1,1,1,1,1,1,nested_temporal_utility_v1,0.55,-0.05,0.2,0.9,-0.02,-0.0350300666320177,1,0,0,REJECT,没有安全买入价格，放弃,系统仅供人工参考：T日9:25前仅用限价单参与集合竞价；不得使用无上限市价单，高于上限或未成交均放弃,T+1按实际成交价计算15%止盈、5%止损，首次触发即人工退出；均未触发则11:00退出；一字跌停顺延,1,0,LIMIT_ONLY_MANUAL,0,10.0,a_share_price_limit_le_10_v2,eligible_limit_le_10:10.00%:main_board_10pct,0.0,1,0,selection_policy_not_ready,auction_v10_tp15_sl5_time1100_oos_1,d2347f958f0b3026765cc6189cd90159911fc82346ae9b0886bea8ae661a0c73,2026-07-27T15:37:12+00:00,5b0d37aefa59f1daf1f5bee290dced238da87ff12d71990e2b460bf5657a754a,D_CLOSE_STREAK_PATH_SENTIMENT_V10_NESTED_POLICY_NO_T_LEAKAGE
20260727-603690.SH-auction_v10_tp15_sl5_time1100_oos_1,20260727,20260728,20260729,603690.SH,至纯科技,半导体,2→3,2→3,1,MIXED,路径混合,路径强度0.67→0.80；竞价斜率+6.30pct/板；首封每板提前3分钟；炸板变化+0.0/板,2.0,1.0,0.7987637436310001,0.1292943408654807,0.0630437923809719,-3.4833333333333485,0.0,0.0432809999999999,0.722691745090323,-0.1144736810740551,0.0,0.0,0.0,0.0,0.0,3.0,5.0,5.0,1.0,0.03,0.303030303030303,33.0,0.027273,0.9406119862393628,0.1050563777609549,0.0268560913721744,0.0595351798790194,0.1193887297039159,0.0050939191340337,4.68213122712422,1.791759469228055,2.8903717578961645,0.1300813008130081,0.36,0.0276979210526315,0.6842105263157895,-4.626874795660152e-05,0.1333333333333333,0.0297999999999999,0.2743352325780902,0.7752710300590525,0.5742780242908806,0.2792691458395528,1.0,0.6947249127545728,EXPANSION,发酵,0.9443900066327072,0.8102227470433447,0.1333333333333333,0.7398717368421053,0.050542060118105,3141.0,107.0,5.0,123.0,16.0,36.0,38.0,0.1428571428571428,14.0,0.0,1.0,15.0,5.0,15.0,24.88,27.37,,,26.37,5.9887,model_diagnostic_cap,0,4.0,2.0,高风险观察,1,5,0.15,-0.05,,,11:00,tplus1_first_touch_tp15_sl5_time1100_v2,-0.022648148148148,-0.1439636545008165,0.1453563264644159,-0.0332463687339436,-0.0120499275623523,-0.1439636545008165,0.1453563264644159,0.1853489167386942,1.0,0.3588686630986697,0.4522859860268982,0.7521512450555051,0.55,-0.03,-0.05,-0.006712731252382,-0.0322706225869387,4.0,0,0,1,1,0,1,1,1,1,nested_temporal_utility_v1,0.55,-0.05,0.2,0.9,-0.02,-0.0350300666320177,1,0,0,REJECT,没有安全买入价格，放弃,系统仅供人工参考：T日9:25前仅用限价单参与集合竞价；不得使用无上限市价单，高于上限或未成交均放弃,T+1按实际成交价计算15%止盈、5%止损，首次触发即人工退出；均未触发则11:00退出；一字跌停顺延,1,0,LIMIT_ONLY_MANUAL,0,10.0,a_share_price_limit_le_10_v2,eligible_limit_le_10:10.00%:main_board_10pct,0.0,1,0,selection_policy_not_ready,auction_v10_tp15_sl5_time1100_oos_1,d2347f958f0b3026765cc6189cd90159911fc82346ae9b0886bea8ae661a0c73,2026-07-27T15:37:12+00:00,5b0d37aefa59f1daf1f5bee290dced238da87ff12d71990e2b460bf5657a754a,D_CLOSE_STREAK_PATH_SENTIMENT_V10_NESTED_POLICY_NO_T_LEAKAGE
20260727-002388.SZ-auction_v10_tp15_sl5_time1100_oos_1,20260727,20260728,20260729,002388.SZ,新亚制程,其他电子,2→3,2→3,1,ACCELERATION_CONSENSUS,加速一致,路径强度0.68→0.74；竞价斜率+0.48pct/板；首封每板提前20分钟；炸板变化-1.0/板,2.0,1.0,0.7431818181818184,0.0614696969696972,0.0047956630525438,-20.450000000000045,-1.0,0.0272019999999999,0.3220031146755993,0.1103058118595481,0.0,0.0,0.0,1.0,0.0,3.0,5.0,5.0,1.0,0.03,0.303030303030303,33.0,0.027273,0.9406119862393628,0.1050563777609549,0.0268560913721744,0.0595351798790194,0.1193887297039159,0.0050939191340337,4.68213122712422,1.791759469228055,2.8903717578961645,0.1300813008130081,0.36,0.0276979210526315,0.6842105263157895,-4.626874795660152e-05,0.1333333333333333,0.0297999999999999,0.2743352325780902,0.7752710300590525,0.5742780242908806,0.2792691458395528,1.0,0.6947249127545728,EXPANSION,发酵,0.9443900066327072,0.8102227470433447,0.1333333333333333,0.7398717368421053,0.050542060118105,3141.0,107.0,5.0,123.0,16.0,36.0,38.0,0.1428571428571428,14.0,0.0,1.0,15.0,5.0,4.0,4.8,5.28,,,5.09,6.0417,model_diagnostic_cap,0,3.0,2.0,高风险观察,1,5,0.15,-0.05,,,11:00,tplus1_first_touch_tp15_sl5_time1100_v2,-0.022648148148148,-0.1439636545008165,0.1453563264644159,-0.0332463687339436,-0.0120499275623523,-0.1439636545008165,0.1453563264644159,0.1384356565267551,1.0,0.3588686630986697,0.4522859860268982,0.7477381320556725,0.55,-0.03,-0.05,-0.0050136864804086,-0.0323396014121498,5.0,0,0,1,1,0,1,1,1,1,nested_temporal_utility_v1,0.55,-0.05,0.2,0.9,-0.02,-0.0350300666320177,1,0,0,REJECT,没有安全买入价格，放弃,系统仅供人工参考：T日9:25前仅用限价单参与集合竞价；不得使用无上限市价单，高于上限或未成交均放弃,T+1按实际成交价计算15%止盈、5%止损，首次触发即人工退出；均未触发则11:00退出；一字跌停顺延,1,0,LIMIT_ONLY_MANUAL,0,10.0,a_share_price_limit_le_10_v2,eligible_limit_le_10:10.00%:main_board_10pct,0.0,1,0,selection_policy_not_ready,auction_v10_tp15_sl5_time1100_oos_1,d2347f958f0b3026765cc6189cd90159911fc82346ae9b0886bea8ae661a0c73,2026-07-27T15:37:12+00:00,5b0d37aefa59f1daf1f5bee290dced238da87ff12d71990e2b460bf5657a754a,D_CLOSE_STREAK_PATH_SENTIMENT_V10_NESTED_POLICY_NO_T_LEAKAGE
20260727-600176.SH-auction_v10_tp15_sl5_time1100_oos_1,20260727,20260728,20260729,600176.SH,中国巨石,玻璃玻纤,1→2,1→2,0,INSUFFICIENT,路径数据不足,连续涨停路径数据不足,1.0,1.0,0.4413644983193386,,,,,,,,0.0,0.0,0.0,0.0,0.0,93.0,5.0,5.0,4.0,0.93,,0.0,0.027273,0.9406119862393628,0.1050563777609549,0.0268560913721744,0.0595351798790194,0.1193887297039159,0.0050939191340337,4.68213122712422,1.791759469228055,2.8903717578961645,0.1300813008130081,0.36,0.0276979210526315,0.6842105263157895,-4.626874795660152e-05,0.1333333333333333,0.0297999999999999,0.2743352325780902,0.7752710300590525,0.5742780242908806,0.2792691458395528,1.0,0.6947249127545728,EXPANSION,发酵,0.9443900066327072,0.8102227470433447,0.1333333333333333,0.7398717368421053,0.050542060118105,3141.0,107.0,5.0,123.0,16.0,36.0,38.0,0.1428571428571428,14.0,0.0,1.0,15.0,5.0,6.0,41.07,45.17,,,43.53,5.9898,model_diagnostic_cap,0,,,,0,5,0.15,-0.05,,,11:00,tplus1_first_touch_tp15_sl5_time1100_v2,-0.022648148148148,-0.1127949308755759,0.145134889449237,-0.0332463687339436,-0.0120499275623523,-0.1127949308755759,0.145134889449237,0.4719668014456918,1.0,0.3588686630986697,0.4522859860268982,0.483886546857536,0.55,-0.03,-0.05,-0.0170930931450643,-0.0357447609275092,,0,0,0,1,1,1,1,1,0,nested_temporal_utility_v1,0.55,-0.05,0.2,0.9,-0.02,-0.0350300666320177,1,0,0,REJECT,没有安全买入价格，放弃,系统仅供人工参考：T日9:25前仅用限价单参与集合竞价；不得使用无上限市价单，高于上限或未成交均放弃,T+1按实际成交价计算15%止盈、5%止损，首次触发即人工退出；均未触发则11:00退出；一字跌停顺延,1,0,LIMIT_ONLY_MANUAL,0,10.0,a_share_price_limit_le_10_v2,eligible_limit_le_10:10.00%:main_board_10pct,0.0,1,0,outside_stage_2_to_3_3_to_4_focus,auction_v10_tp15_sl5_time1100_oos_1,d2347f958f0b3026765cc6189cd90159911fc82346ae9b0886bea8ae661a0c73,2026-07-27T15:37:12+00:00,5b0d37aefa59f1daf1f5bee290dced238da87ff12d71990e2b460bf5657a754a,D_CLOSE_STREAK_PATH_SENTIMENT_V10_NESTED_POLICY_NO_T_LEAKAGE
20260727-002484.SZ-auction_v10_tp15_sl5_time1100_oos_1,20260727,20260728,20260729,002484.SZ,江海股份,元件,1→2,1→2,0,INSUFFICIENT,路径数据不足,连续涨停路径数据不足,1.0,1.0,0.4393227428992549,,,,,,,,0.0,0.0,0.0,0.0,0.0,93.0,5.0,5.0,8.0,0.93,,0.0,0.027273,0.9406119862393628,0.1050563777609549,0.0268560913721744,0.0595351798790194,0.1193887297039159,0.0050939191340337,4.68213122712422,1.791759469228055,2.8903717578961645,0.1300813008130081,0.36,0.0276979210526315,0.6842105263157895,-4.626874795660152e-05,0.1333333333333333,0.0297999999999999,0.2743352325780902,0.7752710300590525,0.5742780242908806,0.2792691458395528,1.0,0.6947249127545728,EXPANSION,发酵,0.9443900066327072,0.8102227470433447,0.1333333333333333,0.7398717368421053,0.050542060118105,3141.0,107.0,5.0,123.0,16.0,36.0,38.0,0.1428571428571428,14.0,0.0,1.0,15.0,5.0,38.0,69.95,76.95,,,74.15,6.0043,model_diagnostic_cap,0,,,,0,5,0.15,-0.05,,,11:00,tplus1_first_touch_tp15_sl5_time1100_v2,-0.022648148148148,-0.1127949308755759,0.145134889449237,-0.0332463687339436,-0.0120499275623523,-0.1127949308755759,0.145134889449237,0.3447760457986515,1.0,0.3588686630986697,0.4522859860268982,0.4250423195100282,0.55,-0.03,-0.05,-0.0124866601781554,-0.0358719516831562,,0,0,0,1,1,1,1,1,0,nested_temporal_utility_v1,0.55,-0.05,0.2,0.9,-0.02,-0.0350300666320177,1,0,0,REJECT,没有安全买入价格，放弃,系统仅供人工参考：T日9:25前仅用限价单参与集合竞价；不得使用无上限市价单，高于上限或未成交均放弃,T+1按实际成交价计算15%止盈、5%止损，首次触发即人工退出；均未触发则11:00退出；一字跌停顺延,1,0,LIMIT_ONLY_MANUAL,0,10.0,a_share_price_limit_le_10_v2,eligible_limit_le_10:10.00%:main_board_10pct,0.0,1,0,outside_stage_2_to_3_3_to_4_focus,auction_v10_tp15_sl5_time1100_oos_1,d2347f958f0b3026765cc6189cd90159911fc82346ae9b0886bea8ae661a0c73,2026-07-27T15:37:12+00:00,5b0d37aefa59f1daf1f5bee290dced238da87ff12d71990e2b460bf5657a754a,D_CLOSE_STREAK_PATH_SENTIMENT_V10_NESTED_POLICY_NO_T_LEAKAGE
20260727-002636.SZ-auction_v10_tp15_sl5_time1100_oos_1,20260727,20260728,20260729,002636.SZ,金安国纪,元件,1→2,1→2,0,INSUFFICIENT,路径数据不足,连续涨停路径数据不足,1.0,1.0,0.4720934212141962,,,,,,,,0.0,0.0,0.0,0.0,0.0,93.0,5.0,5.0,8.0,0.93,,0.0,0.027273,0.9406119862393628,0.1050563777609549,0.0268560913721744,0.0595351798790194,0.1193887297039159,0.0050939191340337,4.68213122712422,1.791759469228055,2.8903717578961645,0.1300813008130081,0.36,0.0276979210526315,0.6842105263157895,-4.626874795660152e-05,0.1333333333333333,0.0297999999999999,0.2743352325780902,0.7752710300590525,0.5742780242908806,0.2792691458395528,1.0,0.6947249127545728,EXPANSION,发酵,0.9443900066327072,0.8102227470433447,0.1333333333333333,0.7398717368421053,0.050542060118105,3141.0,107.0,5.0,123.0,16.0,36.0,38.0,0.1428571428571428,14.0,0.0,1.0,15.0,5.0,26.0,63.69,70.06,,,67.51,5.9978,model_diagnostic_cap,0,,,,0,5,0.15,-0.05,,,11:00,tplus1_first_touch_tp15_sl5_time1100_v2,-0.022648148148148,-0.1127949308755759,0.145134889449237,-0.0332463687339436,-0.0120499275623523,-0.1127949308755759,0.145134889449237,0.3176011868583795,1.0,0.3588686630986697,0.4522859860268982,0.4522075033424009,0.55,-0.03,-0.05,-0.0115024757108428,-0.0358991265420965,,0,0,0,1,1,1,1,1,0,nested_temporal_utility_v1,0.55,-0.05,0.2,0.9,-0.02,-0.0350300666320177,1,0,0,REJECT,没有安全买入价格，放弃,系统仅供人工参考：T日9:25前仅用限价单参与集合竞价；不得使用无上限市价单，高于上限或未成交均放弃,T+1按实际成交价计算15%止盈、5%止损，首次触发即人工退出；均未触发则11:00退出；一字跌停顺延,1,0,LIMIT_ONLY_MANUAL,0,10.0,a_share_price_limit_le_10_v2,eligible_limit_le_10:10.00%:main_board_10pct,0.0,1,0,outside_stage_2_to_3_3_to_4_focus,auction_v10_tp15_sl5_time1100_oos_1,d2347f958f0b3026765cc6189cd90159911fc82346ae9b0886bea8ae661a0c73,2026-07-27T15:37:12+00:00,5b0d37aefa59f1daf1f5bee290dced238da87ff12d71990e2b460bf5657a754a,D_CLOSE_STREAK_PATH_SENTIMENT_V10_NESTED_POLICY_NO_T_LEAKAGE
20260727-002310.SZ-auction_v10_tp15_sl5_time1100_oos_1,20260727,20260728,20260729,002310.SZ,东方新能,电力,1→2,1→2,0,INSUFFICIENT,路径数据不足,连续涨停路径数据不足,1.0,1.0,0.6679545454545455,,,,,,,,0.0,0.0,0.0,0.0,0.0,93.0,5.0,5.0,4.0,0.93,,0.0,0.027273,0.9406119862393628,0.1050563777609549,0.0268560913721744,0.0595351798790194,0.1193887297039159,0.0050939191340337,4.68213122712422,1.791759469228055,2.8903717578961645,0.1300813008130081,0.36,0.0276979210526315,0.6842105263157895,-4.626874795660152e-05,0.1333333333333333,0.0297999999999999,0.2743352325780902,0.7752710300590525,0.5742780242908806,0.2792691458395528,1.0,0.6947249127545728,EXPANSION,发酵,0.9443900066327072,0.8102227470433447,0.1333333333333333,0.7398717368421053,0.050542060118105,3141.0,107.0,5.0,123.0,16.0,36.0,38.0,0.1428571428571428,14.0,0.0,1.0,15.0,5.0,46.0,2.41,2.65,,,2.55,5.8091,model_diagnostic_cap,0,,,,0,5,0.15,-0.05,,,11:00,tplus1_first_touch_tp15_sl5_time1100_v2,-0.022648148148148,-0.1127949308755759,0.145134889449237,-0.0332463687339436,-0.0120499275623523,-0.1127949308755759,0.145134889449237,0.3049287695617307,1.0,0.3588686630986697,0.4522859860268982,0.6172220292373957,0.55,-0.03,-0.05,-0.0110435222239424,-0.0359117989593932,,0,0,0,1,1,1,1,1,0,nested_temporal_utility_v1,0.55,-0.05,0.2,0.9,-0.02,-0.0350300666320177,1,0,0,REJECT,没有安全买入价格，放弃,系统仅供人工参考：T日9:25前仅用限价单参与集合竞价；不得使用无上限市价单，高于上限或未成交均放弃,T+1按实际成交价计算15%止盈、5%止损，首次触发即人工退出；均未触发则11:00退出；一字跌停顺延,1,0,LIMIT_ONLY_MANUAL,0,10.0,a_share_price_limit_le_10_v2,eligible_limit_le_10:10.00%:main_board_10pct,0.0,1,0,outside_stage_2_to_3_3_to_4_focus,auction_v10_tp15_sl5_time1100_oos_1,d2347f958f0b3026765cc6189cd90159911fc82346ae9b0886bea8ae661a0c73,2026-07-27T15:37:12+00:00,5b0d37aefa59f1daf1f5bee290dced238da87ff12d71990e2b460bf5657a754a,D_CLOSE_STREAK_PATH_SENTIMENT_V10_NESTED_POLICY_NO_T_LEAKAGE
20260727-002080.SZ-auction_v10_tp15_sl5_time1100_oos_1,20260727,20260728,20260729,002080.SZ,中材科技,玻璃玻纤,1→2,1→2,0,INSUFFICIENT,路径数据不足,连续涨停路径数据不足,1.0,1.0,0.3575581100779962,,,,,,,,0.0,0.0,0.0,0.0,0.0,93.0,5.0,5.0,4.0,0.93,,0.0,0.027273,0.9406119862393628,0.1050563777609549,0.0268560913721744,0.0595351798790194,0.1193887297039159,0.0050939191340337,4.68213122712422,1.791759469228055,2.8903717578961645,0.1300813008130081,0.36,0.0276979210526315,0.6842105263157895,-4.626874795660152e-05,0.1333333333333333,0.0297999999999999,0.2743352325780902,0.7752710300590525,0.5742780242908806,0.2792691458395528,1.0,0.6947249127545728,EXPANSION,发酵,0.9443900066327072,0.8102227470433447,0.1333333333333333,0.7398717368421053,0.050542060118105,3141.0,107.0,5.0,123.0,16.0,36.0,38.0,0.1428571428571428,14.0,0.0,1.0,15.0,5.0,72.0,51.94,57.13,,,55.06,6.0069,model_diagnostic_cap,0,,,,0,5,0.15,-0.05,,,11:00,tplus1_first_touch_tp15_sl5_time1100_v2,-0.022648148148148,-0.1127949308755759,0.145134889449237,-0.0332463687339436,-0.0120499275623523,-0.1127949308755759,0.145134889449237,0.2910734700476093,1.0,0.3588686630986697,0.4522859860268982,0.3304405114332274,0.55,-0.03,-0.05,-0.0105417286138363,-0.0359256542589073,,0,0,0,1,1,1,1,1,0,nested_temporal_utility_v1,0.55,-0.05,0.2,0.9,-0.02,-0.0350300666320177,1,0,0,REJECT,没有安全买入价格，放弃,系统仅供人工参考：T日9:25前仅用限价单参与集合竞价；不得使用无上限市价单，高于上限或未成交均放弃,T+1按实际成交价计算15%止盈、5%止损，首次触发即人工退出；均未触发则11:00退出；一字跌停顺延,1,0,LIMIT_ONLY_MANUAL,0,10.0,a_share_price_limit_le_10_v2,eligible_limit_le_10:10.00%:main_board_10pct,0.0,1,0,outside_stage_2_to_3_3_to_4_focus,auction_v10_tp15_sl5_time1100_oos_1,d2347f958f0b3026765cc6189cd90159911fc82346ae9b0886bea8ae661a0c73,2026-07-27T15:37:12+00:00,5b0d37aefa59f1daf1f5bee290dced238da87ff12d71990e2b460bf5657a754a,D_CLOSE_STREAK_PATH_SENTIMENT_V10_NESTED_POLICY_NO_T_LEAKAGE
20260727-002407.SZ-auction_v10_tp15_sl5_time1100_oos_1,20260727,20260728,20260729,002407.SZ,多氟多,化学制品,1→2,1→2,0,INSUFFICIENT,路径数据不足,连续涨停路径数据不足,1.0,1.0,0.4429629941092006,,,,,,,,0.0,0.0,0.0,0.0,0.0,93.0,5.0,5.0,4.0,0.93,,0.0,0.027273,0.9406119862393628,0.1050563777609549,0.0268560913721744,0.0595351798790194,0.1193887297039159,0.0050939191340337,4.68213122712422,1.791759469228055,2.8903717578961645,0.1300813008130081,0.36,0.0276979210526315,0.6842105263157895,-4.626874795660152e-05,0.1333333333333333,0.0297999999999999,0.2743352325780902,0.7752710300590525,0.5742780242908806,0.2792691458395528,1.0,0.6947249127545728,EXPANSION,发酵,0.9443900066327072,0.8102227470433447,0.1333333333333333,0.7398717368421053,0.050542060118105,3141.0,107.0,5.0,123.0,16.0,36.0,38.0,0.1428571428571428,14.0,0.0,1.0,15.0,5.0,71.0,33.57,36.92,,,35.58,5.9875,model_diagnostic_cap,0,,,,0,5,0.15,-0.05,,,11:00,tplus1_first_touch_tp15_sl5_time1100_v2,-0.022648148148148,-0.1127949308755759,0.145134889449237,-0.0332463687339436,-0.0120499275623523,-0.1127949308755759,0.145134889449237,0.2840616291329424,1.0,0.3588686630986697,0.4522859860268982,0.2630735322371444,0.55,-0.03,-0.05,-0.0102877826805511,-0.035932666099822,,0,0,0,1,1,1,1,1,0,nested_temporal_utility_v1,0.55,-0.05,0.2,0.9,-0.02,-0.0350300666320177,1,0,0,REJECT,没有安全买入价格，放弃,系统仅供人工参考：T日9:25前仅用限价单参与集合竞价；不得使用无上限市价单，高于上限或未成交均放弃,T+1按实际成交价计算15%止盈、5%止损，首次触发即人工退出；均未触发则11:00退出；一字跌停顺延,1,0,LIMIT_ONLY_MANUAL,0,10.0,a_share_price_limit_le_10_v2,eligible_limit_le_10:10.00%:main_board_10pct,0.0,1,0,outside_stage_2_to_3_3_to_4_focus,auction_v10_tp15_sl5_time1100_oos_1,d2347f958f0b3026765cc6189cd90159911fc82346ae9b0886bea8ae661a0c73,2026-07-27T15:37:12+00:00,5b0d37aefa59f1daf1f5bee290dced238da87ff12d71990e2b460bf5657a754a,D_CLOSE_STREAK_PATH_SENTIMENT_V10_NESTED_POLICY_NO_T_LEAKAGE
20260727-002353.SZ-auction_v10_tp15_sl5_time1100_oos_1,20260727,20260728,20260729,002353.SZ,杰瑞股份,专用设备,1→2,1→2,0,INSUFFICIENT,路径数据不足,连续涨停路径数据不足,1.0,1.0,0.4082463394028645,,,,,,,,0.0,0.0,0.0,0.0,0.0,93.0,5.0,5.0,1.0,0.93,,0.0,0.027273,0.9406119862393628,0.1050563777609549,0.0268560913721744,0.0595351798790194,0.1193887297039159,0.0050939191340337,4.68213122712422,1.791759469228055,2.8903717578961645,0.1300813008130081,0.36,0.0276979210526315,0.6842105263157895,-4.626874795660152e-05,0.1333333333333333,0.0297999999999999,0.2743352325780902,0.7752710300590525,0.5742780242908806,0.2792691458395528,1.0,0.6947249127545728,EXPANSION,发酵,0.9443900066327072,0.8102227470433447,0.1333333333333333,0.7398717368421053,0.050542060118105,3141.0,107.0,5.0,123.0,16.0,36.0,38.0,0.1428571428571428,14.0,0.0,1.0,15.0,5.0,14.0,151.02,166.12,,,160.08,5.9992,model_diagnostic_cap,0,,,,0,5,0.15,-0.05,,,11:00,tplus1_first_touch_tp15_sl5_time1100_v2,-0.022648148148148,-0.1127949308755759,0.145134889449237,-0.0332463687339436,-0.0120499275623523,-0.1127949308755759,0.145134889449237,0.2745337454717438,1.0,0.3588686630986697,0.4522859860268982,0.2319715323975855,0.55,-0.03,-0.05,-0.0099427139121603,-0.0359421939834831,,0,0,0,1,1,1,1,1,0,nested_temporal_utility_v1,0.55,-0.05,0.2,0.9,-0.02,-0.0350300666320177,1,0,0,REJECT,没有安全买入价格，放弃,系统仅供人工参考：T日9:25前仅用限价单参与集合竞价；不得使用无上限市价单，高于上限或未成交均放弃,T+1按实际成交价计算15%止盈、5%止损，首次触发即人工退出；均未触发则11:00退出；一字跌停顺延,1,0,LIMIT_ONLY_MANUAL,0,10.0,a_share_price_limit_le_10_v2,eligible_limit_le_10:10.00%:main_board_10pct,1.0,1,0,outside_stage_2_to_3_3_to_4_focus,auction_v10_tp15_sl5_time1100_oos_1,d2347f958f0b3026765cc6189cd90159911fc82346ae9b0886bea8ae661a0c73,2026-07-27T15:37:12+00:00,5b0d37aefa59f1daf1f5bee290dced238da87ff12d71990e2b460bf5657a754a,D_CLOSE_STREAK_PATH_SENTIMENT_V10_NESTED_POLICY_NO_T_LEAKAGE
20260727-000636.SZ-auction_v10_tp15_sl5_time1100_oos_1,20260727,20260728,20260729,000636.SZ,风华高科,元件,1→2,1→2,0,INSUFFICIENT,路径数据不足,连续涨停路径数据不足,1.0,1.0,0.5880886824469596,,,,,,,,0.0,0.0,0.0,0.0,0.0,93.0,5.0,5.0,8.0,0.93,,0.0,0.027273,0.9406119862393628,0.1050563777609549,0.0268560913721744,0.0595351798790194,0.1193887297039159,0.0050939191340337,4.68213122712422,1.791759469228055,2.8903717578961645,0.1300813008130081,0.36,0.0276979210526315,0.6842105263157895,-4.626874795660152e-05,0.1333333333333333,0.0297999999999999,0.2743352325780902,0.7752710300590525,0.5742780242908806,0.2792691458395528,1.0,0.6947249127545728,EXPANSION,发酵,0.9443900066327072,0.8102227470433447,0.1333333333333333,0.7398717368421053,0.050542060118105,3141.0,107.0,5.0,123.0,16.0,36.0,38.0,0.1428571428571428,14.0,0.0,1.0,15.0,5.0,7.0,44.24,48.66,,,46.89,5.9901,model_diagnostic_cap,0,,,,0,5,0.15,-0.05,,,11:00,tplus1_first_touch_tp15_sl5_time1100_v2,-0.022648148148148,-0.1127949308755759,0.145134889449237,-0.0332463687339436,-0.0120499275623523,-0.1127949308755759,0.145134889449237,0.2419935426787177,1.0,0.3588686630986697,0.4522859860268982,0.5720838536906806,0.55,-0.03,-0.05,-0.0087642142473603,-0.0359747341862762,,0,0,0,1,1,1,1,1,0,nested_temporal_utility_v1,0.55,-0.05,0.2,0.9,-0.02,-0.0350300666320177,1,0,0,REJECT,没有安全买入价格，放弃,系统仅供人工参考：T日9:25前仅用限价单参与集合竞价；不得使用无上限市价单，高于上限或未成交均放弃,T+1按实际成交价计算15%止盈、5%止损，首次触发即人工退出；均未触发则11:00退出；一字跌停顺延,1,0,LIMIT_ONLY_MANUAL,0,10.0,a_share_price_limit_le_10_v2,eligible_limit_le_10:10.00%:main_board_10pct,0.0,1,0,outside_stage_2_to_3_3_to_4_focus,auction_v10_tp15_sl5_time1100_oos_1,d2347f958f0b3026765cc6189cd90159911fc82346ae9b0886bea8ae661a0c73,2026-07-27T15:37:12+00:00,5b0d37aefa59f1daf1f5bee290dced238da87ff12d71990e2b460bf5657a754a,D_CLOSE_STREAK_PATH_SENTIMENT_V10_NESTED_POLICY_NO_T_LEAKAGE
20260727-605376.SH-auction_v10_tp15_sl5_time1100_oos_1,20260727,20260728,20260729,605376.SH,博迁新材,金属新材,1→2,1→2,0,INSUFFICIENT,路径数据不足,连续涨停路径数据不足,1.0,1.0,0.5243730144789936,,,,,,,,0.0,0.0,0.0,0.0,0.0,93.0,5.0,5.0,1.0,0.93,,0.0,0.027273,0.9406119862393628,0.1050563777609549,0.0268560913721744,0.0595351798790194,0.1193887297039159,0.0050939191340337,4.68213122712422,1.791759469228055,2.8903717578961645,0.1300813008130081,0.36,0.0276979210526315,0.6842105263157895,-4.626874795660152e-05,0.1333333333333333,0.0297999999999999,0.2743352325780902,0.7752710300590525,0.5742780242908806,0.2792691458395528,1.0,0.6947249127545728,EXPANSION,发酵,0.9443900066327072,0.8102227470433447,0.1333333333333333,0.7398717368421053,0.050542060118105,3141.0,107.0,5.0,123.0,16.0,36.0,38.0,0.1428571428571428,14.0,0.0,1.0,15.0,5.0,82.0,151.66,166.83,,,160.76,6.0003,model_diagnostic_cap,0,,,,0,5,0.15,-0.05,,,11:00,tplus1_first_touch_tp15_sl5_time1100_v2,-0.022648148148148,-0.1127949308755759,0.145134889449237,-0.0332463687339436,-0.0120499275623523,-0.1127949308755759,0.145134889449237,0.2364411057185232,1.0,0.3588686630986697,0.4522859860268982,0.3400855741426962,0.55,-0.03,-0.05,-0.0085631231497408,-0.0359802866232364,,0,0,0,1,1,1,1,1,0,nested_temporal_utility_v1,0.55,-0.05,0.2,0.9,-0.02,-0.0350300666320177,1,0,0,REJECT,没有安全买入价格，放弃,系统仅供人工参考：T日9:25前仅用限价单参与集合竞价；不得使用无上限市价单，高于上限或未成交均放弃,T+1按实际成交价计算15%止盈、5%止损，首次触发即人工退出；均未触发则11:00退出；一字跌停顺延,1,0,LIMIT_ONLY_MANUAL,0,10.0,a_share_price_limit_le_10_v2,eligible_limit_le_10:10.00%:main_board_10pct,0.0,1,0,outside_stage_2_to_3_3_to_4_focus,auction_v10_tp15_sl5_time1100_oos_1,d2347f958f0b3026765cc6189cd90159911fc82346ae9b0886bea8ae661a0c73,2026-07-27T15:37:12+00:00,5b0d37aefa59f1daf1f5bee290dced238da87ff12d71990e2b460bf5657a754a,D_CLOSE_STREAK_PATH_SENTIMENT_V10_NESTED_POLICY_NO_T_LEAKAGE
20260727-002364.SZ-auction_v10_tp15_sl5_time1100_oos_1,20260727,20260728,20260729,002364.SZ,中恒电气,其他电源,1→2,1→2,0,INSUFFICIENT,路径数据不足,连续涨停路径数据不足,1.0,1.0,0.5550834165834163,,,,,,,,0.0,0.0,0.0,0.0,0.0,93.0,5.0,5.0,2.0,0.93,,0.0,0.027273,0.9406119862393628,0.1050563777609549,0.0268560913721744,0.0595351798790194,0.1193887297039159,0.0050939191340337,4.68213122712422,1.791759469228055,2.8903717578961645,0.1300813008130081,0.36,0.0276979210526315,0.6842105263157895,-4.626874795660152e-05,0.1333333333333333,0.0297999999999999,0.2743352325780902,0.7752710300590525,0.5742780242908806,0.2792691458395528,1.0,0.6947249127545728,EXPANSION,发酵,0.9443900066327072,0.8102227470433447,0.1333333333333333,0.7398717368421053,0.050542060118105,3141.0,107.0,5.0,123.0,16.0,36.0,38.0,0.1428571428571428,14.0,0.0,1.0,15.0,5.0,1.0,40.0,44.0,,,42.4,6.0,model_diagnostic_cap,0,,,,0,5,0.15,-0.05,,,11:00,tplus1_first_touch_tp15_sl5_time1100_v2,-0.022648148148148,-0.1127949308755759,0.145134889449237,-0.0332463687339436,-0.0120499275623523,-0.1127949308755759,0.145134889449237,0.2189382159531075,1.0,0.3588686630986697,0.4522859860268982,0.599555993747312,0.55,-0.03,-0.05,-0.0079292257566368,-0.0359977895130018,,0,0,0,1,1,1,1,1,0,nested_temporal_utility_v1,0.55,-0.05,0.2,0.9,-0.02,-0.0350300666320177,1,0,0,REJECT,没有安全买入价格，放弃,系统仅供人工参考：T日9:25前仅用限价单参与集合竞价；不得使用无上限市价单，高于上限或未成交均放弃,T+1按实际成交价计算15%止盈、5%止损，首次触发即人工退出；均未触发则11:00退出；一字跌停顺延,1,0,LIMIT_ONLY_MANUAL,0,10.0,a_share_price_limit_le_10_v2,eligible_limit_le_10:10.00%:main_board_10pct,0.0,1,0,outside_stage_2_to_3_3_to_4_focus,auction_v10_tp15_sl5_time1100_oos_1,d2347f958f0b3026765cc6189cd90159911fc82346ae9b0886bea8ae661a0c73,2026-07-27T15:37:12+00:00,5b0d37aefa59f1daf1f5bee290dced238da87ff12d71990e2b460bf5657a754a,D_CLOSE_STREAK_PATH_SENTIMENT_V10_NESTED_POLICY_NO_T_LEAKAGE
20260727-002409.SZ-auction_v10_tp15_sl5_time1100_oos_1,20260727,20260728,20260729,002409.SZ,雅克科技,半导体,1→2,1→2,0,INSUFFICIENT,路径数据不足,连续涨停路径数据不足,1.0,1.0,0.4861958500176349,,,,,,,,0.0,0.0,0.0,0.0,0.0,93.0,5.0,5.0,1.0,0.93,,0.0,0.027273,0.9406119862393628,0.1050563777609549,0.0268560913721744,0.0595351798790194,0.1193887297039159,0.0050939191340337,4.68213122712422,1.791759469228055,2.8903717578961645,0.1300813008130081,0.36,0.0276979210526315,0.6842105263157895,-4.626874795660152e-05,0.1333333333333333,0.0297999999999999,0.2743352325780902,0.7752710300590525,0.5742780242908806,0.2792691458395528,1.0,0.6947249127545728,EXPANSION,发酵,0.9443900066327072,0.8102227470433447,0.1333333333333333,0.7398717368421053,0.050542060118105,3141.0,107.0,5.0,123.0,16.0,36.0,38.0,0.1428571428571428,14.0,0.0,1.0,15.0,5.0,8.0,169.35,186.29,,,179.51,5.9994,model_diagnostic_cap,0,,,,0,5,0.15,-0.05,,,11:00,tplus1_first_touch_tp15_sl5_time1100_v2,-0.022648148148148,-0.1127949308755759,0.145134889449237,-0.0332463687339436,-0.0120499275623523,-0.1127949308755759,0.145134889449237,0.2152243020208539,1.0,0.3588686630986697,0.4522859860268982,0.5515449475304182,0.55,-0.03,-0.05,-0.0077947199469436,-0.036001503426934,,0,0,0,1,1,1,1,1,0,nested_temporal_utility_v1,0.55,-0.05,0.2,0.9,-0.02,-0.0350300666320177,1,0,0,REJECT,没有安全买入价格，放弃,系统仅供人工参考：T日9:25前仅用限价单参与集合竞价；不得使用无上限市价单，高于上限或未成交均放弃,T+1按实际成交价计算15%止盈、5%止损，首次触发即人工退出；均未触发则11:00退出；一字跌停顺延,1,0,LIMIT_ONLY_MANUAL,0,10.0,a_share_price_limit_le_10_v2,eligible_limit_le_10:10.00%:main_board_10pct,0.0,1,0,outside_stage_2_to_3_3_to_4_focus,auction_v10_tp15_sl5_time1100_oos_1,d2347f958f0b3026765cc6189cd90159911fc82346ae9b0886bea8ae661a0c73,2026-07-27T15:37:12+00:00,5b0d37aefa59f1daf1f5bee290dced238da87ff12d71990e2b460bf5657a754a,D_CLOSE_STREAK_PATH_SENTIMENT_V10_NESTED_POLICY_NO_T_LEAKAGE
20260727-001267.SZ-auction_v10_tp15_sl5_time1100_oos_1,20260727,20260728,20260729,001267.SZ,汇绿生态,通信设备,1→2,1→2,0,INSUFFICIENT,路径数据不足,连续涨停路径数据不足,1.0,1.0,0.7756363636363637,,,,,,,,0.0,0.0,0.0,0.0,0.0,93.0,5.0,5.0,2.0,0.93,,0.0,0.027273,0.9406119862393628,0.1050563777609549,0.0268560913721744,0.0595351798790194,0.1193887297039159,0.0050939191340337,4.68213122712422,1.791759469228055,2.8903717578961645,0.1300813008130081,0.36,0.0276979210526315,0.6842105263157895,-4.626874795660152e-05,0.1333333333333333,0.0297999999999999,0.2743352325780902,0.7752710300590525,0.5742780242908806,0.2792691458395528,1.0,0.6947249127545728,EXPANSION,发酵,0.9443900066327072,0.8102227470433447,0.1333333333333333,0.7398717368421053,0.050542060118105,3141.0,107.0,5.0,123.0,16.0,36.0,38.0,0.1428571428571428,14.0,0.0,1.0,15.0,5.0,84.0,34.1,37.51,,,36.15,6.0117,model_diagnostic_cap,0,,,,0,5,0.15,-0.05,,,11:00,tplus1_first_touch_tp15_sl5_time1100_v2,-0.022648148148148,-0.1127949308755759,0.145134889449237,-0.0332463687339436,-0.0120499275623523,-0.1127949308755759,0.145134889449237,0.2107535699627325,1.0,0.3588686630986697,0.4522859860268982,0.5045171586367373,0.55,-0.03,-0.05,-0.0076328046612455,-0.0360059741589922,,0,0,0,1,1,1,1,1,0,nested_temporal_utility_v1,0.55,-0.05,0.2,0.9,-0.02,-0.0350300666320177,1,0,0,REJECT,没有安全买入价格，放弃,系统仅供人工参考：T日9:25前仅用限价单参与集合竞价；不得使用无上限市价单，高于上限或未成交均放弃,T+1按实际成交价计算15%止盈、5%止损，首次触发即人工退出；均未触发则11:00退出；一字跌停顺延,1,0,LIMIT_ONLY_MANUAL,0,10.0,a_share_price_limit_le_10_v2,eligible_limit_le_10:10.00%:main_board_10pct,0.0,1,0,outside_stage_2_to_3_3_to_4_focus,auction_v10_tp15_sl5_time1100_oos_1,d2347f958f0b3026765cc6189cd90159911fc82346ae9b0886bea8ae661a0c73,2026-07-27T15:37:12+00:00,5b0d37aefa59f1daf1f5bee290dced238da87ff12d71990e2b460bf5657a754a,D_CLOSE_STREAK_PATH_SENTIMENT_V10_NESTED_POLICY_NO_T_LEAKAGE
20260727-002879.SZ-auction_v10_tp15_sl5_time1100_oos_1,20260727,20260728,20260729,002879.SZ,长缆科技,电网设备,5→6,5→6,0,STRONG_TO_WEAK,强转弱,路径强度0.87→0.58；竞价斜率-2.85pct/板；首封每板推迟2分钟；炸板变化-1.0/板,4.0,1.0,0.5839025302108884,-0.2827641364557782,-0.028525046508524,1.7999999999999925,-1.0,0.0500069999999999,0.2543912370840881,0.0110977769479803,0.0,0.0,1.0,0.0,0.0,2.0,5.0,5.0,1.0,0.02,,0.0,0.027273,0.9406119862393628,0.1050563777609549,0.0268560913721744,0.0595351798790194,0.1193887297039159,0.0050939191340337,4.68213122712422,1.791759469228055,2.8903717578961645,0.1300813008130081,0.36,0.0276979210526315,0.6842105263157895,-4.626874795660152e-05,0.1333333333333333,0.0297999999999999,0.2743352325780902,0.7752710300590525,0.5742780242908806,0.2792691458395528,1.0,0.6947249127545728,EXPANSION,发酵,0.9443900066327072,0.8102227470433447,0.1333333333333333,0.7398717368421053,0.050542060118105,3141.0,107.0,5.0,123.0,16.0,36.0,38.0,0.1428571428571428,14.0,0.0,1.0,15.0,5.0,33.0,19.86,21.85,,,21.05,5.9919,model_diagnostic_cap,0,,,,0,5,0.15,-0.05,,,11:00,tplus1_first_touch_tp15_sl5_time1100_v2,-0.022648148148148,-0.1127949308755759,0.145134889449237,-0.0332463687339436,-0.0120499275623523,-0.1127949308755759,0.145134889449237,0.2053336150665146,1.0,0.3588686630986697,0.4522859860268982,0.8859770738618064,0.55,-0.03,-0.05,-0.007436511630466,-0.0360113941138884,,0,0,0,1,1,1,1,1,0,nested_temporal_utility_v1,0.55,-0.05,0.2,0.9,-0.02,-0.0350300666320177,1,0,0,REJECT,没有安全买入价格，放弃,系统仅供人工参考：T日9:25前仅用限价单参与集合竞价；不得使用无上限市价单，高于上限或未成交均放弃,T+1按实际成交价计算15%止盈、5%止损，首次触发即人工退出；均未触发则11:00退出；一字跌停顺延,1,0,LIMIT_ONLY_MANUAL,0,10.0,a_share_price_limit_le_10_v2,eligible_limit_le_10:10.00%:main_board_10pct,1.0,1,0,outside_stage_2_to_3_3_to_4_focus,auction_v10_tp15_sl5_time1100_oos_1,d2347f958f0b3026765cc6189cd90159911fc82346ae9b0886bea8ae661a0c73,2026-07-27T15:37:12+00:00,5b0d37aefa59f1daf1f5bee290dced238da87ff12d71990e2b460bf5657a754a,D_CLOSE_STREAK_PATH_SENTIMENT_V10_NESTED_POLICY_NO_T_LEAKAGE
20260727-600775.SH-auction_v10_tp15_sl5_time1100_oos_1,20260727,20260728,20260729,600775.SH,南京熊猫,通信设备,1→2,1→2,0,INSUFFICIENT,路径数据不足,连续涨停路径数据不足,1.0,1.0,0.6050757575757576,,,,,,,,0.0,0.0,0.0,0.0,0.0,93.0,5.0,5.0,2.0,0.93,,0.0,0.027273,0.9406119862393628,0.1050563777609549,0.0268560913721744,0.0595351798790194,0.1193887297039159,0.0050939191340337,4.68213122712422,1.791759469228055,2.8903717578961645,0.1300813008130081,0.36,0.0276979210526315,0.6842105263157895,-4.626874795660152e-05,0.1333333333333333,0.0297999999999999,0.2743352325780902,0.7752710300590525,0.5742780242908806,0.2792691458395528,1.0,0.6947249127545728,EXPANSION,发酵,0.9443900066327072,0.8102227470433447,0.1333333333333333,0.7398717368421053,0.050542060118105,3141.0,107.0,5.0,123.0,16.0,36.0,38.0,0.1428571428571428,14.0,0.0,1.0,15.0,5.0,20.0,9.41,10.36,,,9.97,5.9511,model_diagnostic_cap,0,,,,0,5,0.15,-0.05,,,11:00,tplus1_first_touch_tp15_sl5_time1100_v2,-0.022648148148148,-0.1127949308755759,0.145134889449237,-0.0332463687339436,-0.0120499275623523,-0.1127949308755759,0.145134889449237,0.2043480639228227,1.0,0.3588686630986697,0.4522859860268982,0.679253957869684,0.55,-0.03,-0.05,-0.0074008181930319,-0.0360123796650321,,0,0,0,1,1,1,1,1,0,nested_temporal_utility_v1,0.55,-0.05,0.2,0.9,-0.02,-0.0350300666320177,1,0,0,REJECT,没有安全买入价格，放弃,系统仅供人工参考：T日9:25前仅用限价单参与集合竞价；不得使用无上限市价单，高于上限或未成交均放弃,T+1按实际成交价计算15%止盈、5%止损，首次触发即人工退出；均未触发则11:00退出；一字跌停顺延,1,0,LIMIT_ONLY_MANUAL,0,10.0,a_share_price_limit_le_10_v2,eligible_limit_le_10:10.00%:main_board_10pct,0.0,1,0,outside_stage_2_to_3_3_to_4_focus,auction_v10_tp15_sl5_time1100_oos_1,d2347f958f0b3026765cc6189cd90159911fc82346ae9b0886bea8ae661a0c73,2026-07-27T15:37:12+00:00,5b0d37aefa59f1daf1f5bee290dced238da87ff12d71990e2b460bf5657a754a,D_CLOSE_STREAK_PATH_SENTIMENT_V10_NESTED_POLICY_NO_T_LEAKAGE
20260727-600667.SH-auction_v10_tp15_sl5_time1100_oos_1,20260727,20260728,20260729,600667.SH,太极实业,工程咨询,1→2,1→2,0,INSUFFICIENT,路径数据不足,连续涨停路径数据不足,1.0,1.0,0.8138884595795524,,,,,,,,0.0,0.0,0.0,0.0,0.0,93.0,5.0,5.0,1.0,0.93,,0.0,0.027273,0.9406119862393628,0.1050563777609549,0.0268560913721744,0.0595351798790194,0.1193887297039159,0.0050939191340337,4.68213122712422,1.791759469228055,2.8903717578961645,0.1300813008130081,0.36,0.0276979210526315,0.6842105263157895,-4.626874795660152e-05,0.1333333333333333,0.0297999999999999,0.2743352325780902,0.7752710300590525,0.5742780242908806,0.2792691458395528,1.0,0.6947249127545728,EXPANSION,发酵,0.9443900066327072,0.8102227470433447,0.1333333333333333,0.7398717368421053,0.050542060118105,3141.0,107.0,5.0,123.0,16.0,36.0,38.0,0.1428571428571428,14.0,0.0,1.0,15.0,5.0,5.0,17.92,19.71,,,19.0,6.0268,model_diagnostic_cap,0,,,,0,5,0.15,-0.05,,,11:00,tplus1_first_touch_tp15_sl5_time1100_v2,-0.022648148148148,-0.1127949308755759,0.145134889449237,-0.0332463687339436,-0.0120499275623523,-0.1127949308755759,0.145134889449237,0.2037240537845778,1.0,0.3588686630986697,0.4522859860268982,0.5760632975700288,0.55,-0.03,-0.05,-0.007378218587755,-0.0360130036751703,,0,0,0,1,1,1,1,1,0,nested_temporal_utility_v1,0.55,-0.05,0.2,0.9,-0.02,-0.0350300666320177,1,0,0,REJECT,没有安全买入价格，放弃,系统仅供人工参考：T日9:25前仅用限价单参与集合竞价；不得使用无上限市价单，高于上限或未成交均放弃,T+1按实际成交价计算15%止盈、5%止损，首次触发即人工退出；均未触发则11:00退出；一字跌停顺延,1,0,LIMIT_ONLY_MANUAL,0,10.0,a_share_price_limit_le_10_v2,eligible_limit_le_10:10.00%:main_board_10pct,0.0,1,0,outside_stage_2_to_3_3_to_4_focus,auction_v10_tp15_sl5_time1100_oos_1,d2347f958f0b3026765cc6189cd90159911fc82346ae9b0886bea8ae661a0c73,2026-07-27T15:37:12+00:00,5b0d37aefa59f1daf1f5bee290dced238da87ff12d71990e2b460bf5657a754a,D_CLOSE_STREAK_PATH_SENTIMENT_V10_NESTED_POLICY_NO_T_LEAKAGE
20260727-603228.SH-auction_v10_tp15_sl5_time1100_oos_1,20260727,20260728,20260729,603228.SH,景旺电子,元件,1→2,1→2,0,INSUFFICIENT,路径数据不足,连续涨停路径数据不足,1.0,1.0,0.5224545454545455,,,,,,,,0.0,0.0,0.0,0.0,0.0,93.0,5.0,5.0,8.0,0.93,,0.0,0.027273,0.9406119862393628,0.1050563777609549,0.0268560913721744,0.0595351798790194,0.1193887297039159,0.0050939191340337,4.68213122712422,1.791759469228055,2.8903717578961645,0.1300813008130081,0.36,0.0276979210526315,0.6842105263157895,-4.626874795660152e-05,0.1333333333333333,0.0297999999999999,0.2743352325780902,0.7752710300590525,0.5742780242908806,0.2792691458395528,1.0,0.6947249127545728,EXPANSION,发酵,0.9443900066327072,0.8102227470433447,0.1333333333333333,0.7398717368421053,0.050542060118105,3141.0,107.0,5.0,123.0,16.0,36.0,38.0,0.1428571428571428,14.0,0.0,1.0,15.0,5.0,11.0,82.06,90.27,,,86.98,5.9956,model_diagnostic_cap,0,,,,0,5,0.15,-0.05,,,11:00,tplus1_first_touch_tp15_sl5_time1100_v2,-0.022648148148148,-0.1127949308755759,0.145134889449237,-0.0332463687339436,-0.0120499275623523,-0.1127949308755759,0.145134889449237,0.1993425566919024,1.0,0.3588686630986697,0.4522859860268982,0.5160820566277231,0.55,-0.03,-0.05,-0.0072195351005043,-0.036017385172263,,0,0,0,1,0,1,1,1,0,nested_temporal_utility_v1,0.55,-0.05,0.2,0.9,-0.02,-0.0350300666320177,1,0,0,REJECT,没有安全买入价格，放弃,系统仅供人工参考：T日9:25前仅用限价单参与集合竞价；不得使用无上限市价单，高于上限或未成交均放弃,T+1按实际成交价计算15%止盈、5%止损，首次触发即人工退出；均未触发则11:00退出；一字跌停顺延,1,0,LIMIT_ONLY_MANUAL,0,10.0,a_share_price_limit_le_10_v2,eligible_limit_le_10:10.00%:main_board_10pct,0.0,1,0,outside_stage_2_to_3_3_to_4_focus,auction_v10_tp15_sl5_time1100_oos_1,d2347f958f0b3026765cc6189cd90159911fc82346ae9b0886bea8ae661a0c73,2026-07-27T15:37:12+00:00,5b0d37aefa59f1daf1f5bee290dced238da87ff12d71990e2b460bf5657a754a,D_CLOSE_STREAK_PATH_SENTIMENT_V10_NESTED_POLICY_NO_T_LEAKAGE
20260727-002292.SZ-auction_v10_tp15_sl5_time1100_oos_1,20260727,20260728,20260729,002292.SZ,奥飞娱乐,文娱用品,1→2,1→2,0,INSUFFICIENT,路径数据不足,连续涨停路径数据不足,1.0,1.0,0.60042820014222,,,,,,,,0.0,0.0,0.0,0.0,0.0,93.0,5.0,5.0,1.0,0.93,,0.0,0.027273,0.9406119862393628,0.1050563777609549,0.0268560913721744,0.0595351798790194,0.1193887297039159,0.0050939191340337,4.68213122712422,1.791759469228055,2.8903717578961645,0.1300813008130081,0.36,0.0276979210526315,0.6842105263157895,-4.626874795660152e-05,0.1333333333333333,0.0297999999999999,0.2743352325780902,0.7752710300590525,0.5742780242908806,0.2792691458395528,1.0,0.6947249127545728,EXPANSION,发酵,0.9443900066327072,0.8102227470433447,0.1333333333333333,0.7398717368421053,0.050542060118105,3141.0,107.0,5.0,123.0,16.0,36.0,38.0,0.1428571428571428,14.0,0.0,1.0,15.0,5.0,22.0,7.76,8.54,,,8.23,6.0567,model_diagnostic_cap,0,,,,0,5,0.15,-0.05,,,11:00,tplus1_first_touch_tp15_sl5_time1100_v2,-0.022648148148148,-0.1127949308755759,0.145134889449237,-0.0332463687339436,-0.0120499275623523,-0.1127949308755759,0.145134889449237,0.1992960613662761,1.0,0.3588686630986697,0.4522859860268982,0.6430745842321556,0.55,-0.03,-0.05,-0.0072178511919555,-0.0360174316675886,,0,0,0,1,0,1,1,1,0,nested_temporal_utility_v1,0.55,-0.05,0.2,0.9,-0.02,-0.0350300666320177,1,0,0,REJECT,没有安全买入价格，放弃,系统仅供人工参考：T日9:25前仅用限价单参与集合竞价；不得使用无上限市价单，高于上限或未成交均放弃,T+1按实际成交价计算15%止盈、5%止损，首次触发即人工退出；均未触发则11:00退出；一字跌停顺延,1,0,LIMIT_ONLY_MANUAL,0,10.0,a_share_price_limit_le_10_v2,eligible_limit_le_10:10.00%:main_board_10pct,0.0,1,0,outside_stage_2_to_3_3_to_4_focus,auction_v10_tp15_sl5_time1100_oos_1,d2347f958f0b3026765cc6189cd90159911fc82346ae9b0886bea8ae661a0c73,2026-07-27T15:37:12+00:00,5b0d37aefa59f1daf1f5bee290dced238da87ff12d71990e2b460bf5657a754a,D_CLOSE_STREAK_PATH_SENTIMENT_V10_NESTED_POLICY_NO_T_LEAKAGE
20260727-603256.SH-auction_v10_tp15_sl5_time1100_oos_1,20260727,20260728,20260729,603256.SH,宏和科技,玻璃玻纤,1→2,1→2,0,INSUFFICIENT,路径数据不足,连续涨停路径数据不足,1.0,1.0,0.5904886205699496,,,,,,,,0.0,0.0,0.0,0.0,0.0,93.0,5.0,5.0,4.0,0.93,,0.0,0.027273,0.9406119862393628,0.1050563777609549,0.0268560913721744,0.0595351798790194,0.1193887297039159,0.0050939191340337,4.68213122712422,1.791759469228055,2.8903717578961645,0.1300813008130081,0.36,0.0276979210526315,0.6842105263157895,-4.626874795660152e-05,0.1333333333333333,0.0297999999999999,0.2743352325780902,0.7752710300590525,0.5742780242908806,0.2792691458395528,1.0,0.6947249127545728,EXPANSION,发酵,0.9443900066327072,0.8102227470433447,0.1333333333333333,0.7398717368421053,0.050542060118105,3141.0,107.0,5.0,123.0,16.0,36.0,38.0,0.1428571428571428,14.0,0.0,1.0,15.0,5.0,54.0,160.35,176.39,,,169.97,5.9994,model_diagnostic_cap,0,,,,0,5,0.15,-0.05,,,11:00,tplus1_first_touch_tp15_sl5_time1100_v2,-0.022648148148148,-0.1127949308755759,0.145134889449237,-0.0332463687339436,-0.0120499275623523,-0.1127949308755759,0.145134889449237,0.187684407919477,1.0,0.3588686630986697,0.4522859860268982,0.4116429121391479,0.55,-0.03,-0.05,-0.0067973151005898,-0.0360290433210354,,0,0,0,1,0,1,1,1,0,nested_temporal_utility_v1,0.55,-0.05,0.2,0.9,-0.02,-0.0350300666320177,1,0,0,REJECT,没有安全买入价格，放弃,系统仅供人工参考：T日9:25前仅用限价单参与集合竞价；不得使用无上限市价单，高于上限或未成交均放弃,T+1按实际成交价计算15%止盈、5%止损，首次触发即人工退出；均未触发则11:00退出；一字跌停顺延,1,0,LIMIT_ONLY_MANUAL,0,10.0,a_share_price_limit_le_10_v2,eligible_limit_le_10:10.00%:main_board_10pct,0.0,1,0,outside_stage_2_to_3_3_to_4_focus,auction_v10_tp15_sl5_time1100_oos_1,d2347f958f0b3026765cc6189cd90159911fc82346ae9b0886bea8ae661a0c73,2026-07-27T15:37:12+00:00,5b0d37aefa59f1daf1f5bee290dced238da87ff12d71990e2b460bf5657a754a,D_CLOSE_STREAK_PATH_SENTIMENT_V10_NESTED_POLICY_NO_T_LEAKAGE
20260727-600488.SH-auction_v10_tp15_sl5_time1100_oos_1,20260727,20260728,20260729,600488.SH,津药药业,化学制药,1→2,1→2,0,INSUFFICIENT,路径数据不足,连续涨停路径数据不足,1.0,1.0,0.7508895846154692,,,,,,,,0.0,0.0,0.0,0.0,0.0,93.0,5.0,5.0,5.0,0.93,,0.0,0.027273,0.9406119862393628,0.1050563777609549,0.0268560913721744,0.0595351798790194,0.1193887297039159,0.0050939191340337,4.68213122712422,1.791759469228055,2.8903717578961645,0.1300813008130081,0.36,0.0276979210526315,0.6842105263157895,-4.626874795660152e-05,0.1333333333333333,0.0297999999999999,0.2743352325780902,0.7752710300590525,0.5742780242908806,0.2792691458395528,1.0,0.6947249127545728,EXPANSION,发酵,0.9443900066327072,0.8102227470433447,0.1333333333333333,0.7398717368421053,0.050542060118105,3141.0,107.0,5.0,123.0,16.0,36.0,38.0,0.1428571428571428,14.0,0.0,1.0,15.0,5.0,89.0,5.32,5.85,,,5.64,6.015,model_diagnostic_cap,0,,,,0,5,0.15,-0.05,,,11:00,tplus1_first_touch_tp15_sl5_time1100_v2,-0.022648148148148,-0.1127949308755759,0.145134889449237,-0.0332463687339436,-0.0120499275623523,-0.1127949308755759,0.145134889449237,0.1835425003777811,1.0,0.3588686630986697,0.4522859860268982,0.5409186366357291,0.55,-0.03,-0.05,-0.0066473087628737,-0.0360331852285771,,0,0,0,1,0,1,1,1,0,nested_temporal_utility_v1,0.55,-0.05,0.2,0.9,-0.02,-0.0350300666320177,1,0,0,REJECT,没有安全买入价格，放弃,系统仅供人工参考：T日9:25前仅用限价单参与集合竞价；不得使用无上限市价单，高于上限或未成交均放弃,T+1按实际成交价计算15%止盈、5%止损，首次触发即人工退出；均未触发则11:00退出；一字跌停顺延,1,0,LIMIT_ONLY_MANUAL,0,10.0,a_share_price_limit_le_10_v2,eligible_limit_le_10:10.00%:main_board_10pct,0.0,1,0,outside_stage_2_to_3_3_to_4_focus,auction_v10_tp15_sl5_time1100_oos_1,d2347f958f0b3026765cc6189cd90159911fc82346ae9b0886bea8ae661a0c73,2026-07-27T15:37:12+00:00,5b0d37aefa59f1daf1f5bee290dced238da87ff12d71990e2b460bf5657a754a,D_CLOSE_STREAK_PATH_SENTIMENT_V10_NESTED_POLICY_NO_T_LEAKAGE
20260727-603358.SH-auction_v10_tp15_sl5_time1100_oos_1,20260727,20260728,20260729,603358.SH,华达科技,汽车零部件,1→2,1→2,0,INSUFFICIENT,路径数据不足,连续涨停路径数据不足,1.0,1.0,0.8399012707722385,,,,,,,,0.0,0.0,0.0,0.0,0.0,93.0,5.0,5.0,4.0,0.93,,0.0,0.027273,0.9406119862393628,0.1050563777609549,0.0268560913721744,0.0595351798790194,0.1193887297039159,0.0050939191340337,4.68213122712422,1.791759469228055,2.8903717578961645,0.1300813008130081,0.36,0.0276979210526315,0.6842105263157895,-4.626874795660152e-05,0.1333333333333333,0.0297999999999999,0.2743352325780902,0.7752710300590525,0.5742780242908806,0.2792691458395528,1.0,0.6947249127545728,EXPANSION,发酵,0.9443900066327072,0.8102227470433447,0.1333333333333333,0.7398717368421053,0.050542060118105,3141.0,107.0,5.0,123.0,16.0,36.0,38.0,0.1428571428571428,14.0,0.0,1.0,15.0,5.0,19.0,34.05,37.46,,,36.09,5.9912,model_diagnostic_cap,0,,,,0,5,0.15,-0.05,,,11:00,tplus1_first_touch_tp15_sl5_time1100_v2,-0.022648148148148,-0.1127949308755759,0.145134889449237,-0.0332463687339436,-0.0120499275623523,-0.1127949308755759,0.145134889449237,0.1770530219444336,1.0,0.3588686630986697,0.4522859860268982,0.6480262464045848,0.55,-0.03,-0.05,-0.0064122810893502,-0.0360396747070105,,0,0,0,1,0,1,1,1,0,nested_temporal_utility_v1,0.55,-0.05,0.2,0.9,-0.02,-0.0350300666320177,1,0,0,REJECT,没有安全买入价格，放弃,系统仅供人工参考：T日9:25前仅用限价单参与集合竞价；不得使用无上限市价单，高于上限或未成交均放弃,T+1按实际成交价计算15%止盈、5%止损，首次触发即人工退出；均未触发则11:00退出；一字跌停顺延,1,0,LIMIT_ONLY_MANUAL,0,10.0,a_share_price_limit_le_10_v2,eligible_limit_le_10:10.00%:main_board_10pct,0.0,1,0,outside_stage_2_to_3_3_to_4_focus,auction_v10_tp15_sl5_time1100_oos_1,d2347f958f0b3026765cc6189cd90159911fc82346ae9b0886bea8ae661a0c73,2026-07-27T15:37:12+00:00,5b0d37aefa59f1daf1f5bee290dced238da87ff12d71990e2b460bf5657a754a,D_CLOSE_STREAK_PATH_SENTIMENT_V10_NESTED_POLICY_NO_T_LEAKAGE
20260727-002270.SZ-auction_v10_tp15_sl5_time1100_oos_1,20260727,20260728,20260729,002270.SZ,华明装备,电网设备,1→2,1→2,0,INSUFFICIENT,路径数据不足,连续涨停路径数据不足,1.0,1.0,0.535577310375788,,,,,,,,0.0,0.0,0.0,0.0,0.0,93.0,5.0,5.0,3.0,0.93,,0.0,0.027273,0.9406119862393628,0.1050563777609549,0.0268560913721744,0.0595351798790194,0.1193887297039159,0.0050939191340337,4.68213122712422,1.791759469228055,2.8903717578961645,0.1300813008130081,0.36,0.0276979210526315,0.6842105263157895,-4.626874795660152e-05,0.1333333333333333,0.0297999999999999,0.2743352325780902,0.7752710300590525,0.5742780242908806,0.2792691458395528,1.0,0.6947249127545728,EXPANSION,发酵,0.9443900066327072,0.8102227470433447,0.1333333333333333,0.7398717368421053,0.050542060118105,3141.0,107.0,5.0,123.0,16.0,36.0,38.0,0.1428571428571428,14.0,0.0,1.0,15.0,5.0,48.0,19.86,21.85,,,21.05,5.9919,model_diagnostic_cap,0,,,,0,5,0.15,-0.05,,,11:00,tplus1_first_touch_tp15_sl5_time1100_v2,-0.022648148148148,-0.1127949308755759,0.145134889449237,-0.0332463687339436,-0.0120499275623523,-0.1127949308755759,0.145134889449237,0.1687248128356247,1.0,0.3588686630986697,0.4522859860268982,0.4827999856218095,0.55,-0.03,-0.05,-0.0061106606075867,-0.0360480029161193,,0,0,0,1,0,1,1,1,0,nested_temporal_utility_v1,0.55,-0.05,0.2,0.9,-0.02,-0.0350300666320177,1,0,0,REJECT,没有安全买入价格，放弃,系统仅供人工参考：T日9:25前仅用限价单参与集合竞价；不得使用无上限市价单，高于上限或未成交均放弃,T+1按实际成交价计算15%止盈、5%止损，首次触发即人工退出；均未触发则11:00退出；一字跌停顺延,1,0,LIMIT_ONLY_MANUAL,0,10.0,a_share_price_limit_le_10_v2,eligible_limit_le_10:10.00%:main_board_10pct,0.0,1,0,outside_stage_2_to_3_3_to_4_focus,auction_v10_tp15_sl5_time1100_oos_1,d2347f958f0b3026765cc6189cd90159911fc82346ae9b0886bea8ae661a0c73,2026-07-27T15:37:12+00:00,5b0d37aefa59f1daf1f5bee290dced238da87ff12d71990e2b460bf5657a754a,D_CLOSE_STREAK_PATH_SENTIMENT_V10_NESTED_POLICY_NO_T_LEAKAGE
20260727-002309.SZ-auction_v10_tp15_sl5_time1100_oos_1,20260727,20260728,20260729,002309.SZ,中利集团,电网设备,1→2,1→2,0,INSUFFICIENT,路径数据不足,连续涨停路径数据不足,1.0,1.0,0.6125143115667266,,,,,,,,0.0,0.0,0.0,0.0,0.0,93.0,5.0,5.0,3.0,0.93,,0.0,0.027273,0.9406119862393628,0.1050563777609549,0.0268560913721744,0.0595351798790194,0.1193887297039159,0.0050939191340337,4.68213122712422,1.791759469228055,2.8903717578961645,0.1300813008130081,0.36,0.0276979210526315,0.6842105263157895,-4.626874795660152e-05,0.1333333333333333,0.0297999999999999,0.2743352325780902,0.7752710300590525,0.5742780242908806,0.2792691458395528,1.0,0.6947249127545728,EXPANSION,发酵,0.9443900066327072,0.8102227470433447,0.1333333333333333,0.7398717368421053,0.050542060118105,3141.0,107.0,5.0,123.0,16.0,36.0,38.0,0.1428571428571428,14.0,0.0,1.0,15.0,5.0,12.0,3.06,3.37,,,3.24,5.8824,model_diagnostic_cap,0,,,,0,5,0.15,-0.05,,,11:00,tplus1_first_touch_tp15_sl5_time1100_v2,-0.022648148148148,-0.1127949308755759,0.145134889449237,-0.0332463687339436,-0.0120499275623523,-0.1127949308755759,0.145134889449237,0.1668996734845783,1.0,0.3588686630986697,0.4522859860268982,0.6238687016517366,0.55,-0.03,-0.05,-0.0060445600326424,-0.0360498280554703,,0,0,0,1,0,1,1,1,0,nested_temporal_utility_v1,0.55,-0.05,0.2,0.9,-0.02,-0.0350300666320177,1,0,0,REJECT,没有安全买入价格，放弃,系统仅供人工参考：T日9:25前仅用限价单参与集合竞价；不得使用无上限市价单，高于上限或未成交均放弃,T+1按实际成交价计算15%止盈、5%止损，首次触发即人工退出；均未触发则11:00退出；一字跌停顺延,1,0,LIMIT_ONLY_MANUAL,0,10.0,a_share_price_limit_le_10_v2,eligible_limit_le_10:10.00%:main_board_10pct,0.0,1,0,outside_stage_2_to_3_3_to_4_focus,auction_v10_tp15_sl5_time1100_oos_1,d2347f958f0b3026765cc6189cd90159911fc82346ae9b0886bea8ae661a0c73,2026-07-27T15:37:12+00:00,5b0d37aefa59f1daf1f5bee290dced238da87ff12d71990e2b460bf5657a754a,D_CLOSE_STREAK_PATH_SENTIMENT_V10_NESTED_POLICY_NO_T_LEAKAGE
20260727-002051.SZ-auction_v10_tp15_sl5_time1100_oos_1,20260727,20260728,20260729,002051.SZ,中工国际,专业工程,1→2,1→2,0,INSUFFICIENT,路径数据不足,连续涨停路径数据不足,1.0,1.0,0.9119523281596448,,,,,,,,0.0,0.0,0.0,0.0,0.0,93.0,5.0,5.0,1.0,0.93,,0.0,0.027273,0.9406119862393628,0.1050563777609549,0.0268560913721744,0.0595351798790194,0.1193887297039159,0.0050939191340337,4.68213122712422,1.791759469228055,2.8903717578961645,0.1300813008130081,0.36,0.0276979210526315,0.6842105263157895,-4.626874795660152e-05,0.1333333333333333,0.0297999999999999,0.2743352325780902,0.7752710300590525,0.5742780242908806,0.2792691458395528,1.0,0.6947249127545728,EXPANSION,发酵,0.9443900066327072,0.8102227470433447,0.1333333333333333,0.7398717368421053,0.050542060118105,3141.0,107.0,5.0,123.0,16.0,36.0,38.0,0.1428571428571428,14.0,0.0,1.0,15.0,5.0,53.0,9.05,9.95,,,9.59,5.9669,model_diagnostic_cap,0,,,,0,5,0.15,-0.05,,,11:00,tplus1_first_touch_tp15_sl5_time1100_v2,-0.022648148148148,-0.1127949308755759,0.145134889449237,-0.0332463687339436,-0.0120499275623523,-0.1127949308755759,0.145134889449237,0.1630906620751534,1.0,0.3588686630986697,0.4522859860268982,0.6697776706379521,0.55,-0.03,-0.05,-0.0059066101035108,-0.0360536370668797,,0,0,0,1,0,1,1,1,0,nested_temporal_utility_v1,0.55,-0.05,0.2,0.9,-0.02,-0.0350300666320177,1,0,0,REJECT,没有安全买入价格，放弃,系统仅供人工参考：T日9:25前仅用限价单参与集合竞价；不得使用无上限市价单，高于上限或未成交均放弃,T+1按实际成交价计算15%止盈、5%止损，首次触发即人工退出；均未触发则11:00退出；一字跌停顺延,1,0,LIMIT_ONLY_MANUAL,0,10.0,a_share_price_limit_le_10_v2,eligible_limit_le_10:10.00%:main_board_10pct,0.0,1,0,outside_stage_2_to_3_3_to_4_focus,auction_v10_tp15_sl5_time1100_oos_1,d2347f958f0b3026765cc6189cd90159911fc82346ae9b0886bea8ae661a0c73,2026-07-27T15:37:12+00:00,5b0d37aefa59f1daf1f5bee290dced238da87ff12d71990e2b460bf5657a754a,D_CLOSE_STREAK_PATH_SENTIMENT_V10_NESTED_POLICY_NO_T_LEAKAGE
20260727-603115.SH-auction_v10_tp15_sl5_time1100_oos_1,20260727,20260728,20260729,603115.SH,海星股份,元件,1→2,1→2,0,INSUFFICIENT,路径数据不足,连续涨停路径数据不足,1.0,1.0,0.5060043290043289,,,,,,,,0.0,0.0,0.0,0.0,0.0,93.0,5.0,5.0,8.0,0.93,,0.0,0.027273,0.9406119862393628,0.1050563777609549,0.0268560913721744,0.0595351798790194,0.1193887297039159,0.0050939191340337,4.68213122712422,1.791759469228055,2.8903717578961645,0.1300813008130081,0.36,0.0276979210526315,0.6842105263157895,-4.626874795660152e-05,0.1333333333333333,0.0297999999999999,0.2743352325780902,0.7752710300590525,0.5742780242908806,0.2792691458395528,1.0,0.6947249127545728,EXPANSION,发酵,0.9443900066327072,0.8102227470433447,0.1333333333333333,0.7398717368421053,0.050542060118105,3141.0,107.0,5.0,123.0,16.0,36.0,38.0,0.1428571428571428,14.0,0.0,1.0,15.0,5.0,24.0,73.89,81.28,,,78.32,5.9954,model_diagnostic_cap,0,,,,0,5,0.15,-0.05,,,11:00,tplus1_first_touch_tp15_sl5_time1100_v2,-0.022648148148148,-0.1127949308755759,0.145134889449237,-0.0332463687339436,-0.0120499275623523,-0.1127949308755759,0.145134889449237,0.1624616188510703,1.0,0.3588686630986697,0.4522859860268982,0.5807711521652333,0.55,-0.03,-0.05,-0.0058838282163344,-0.0360542661101038,,0,0,0,1,0,1,1,1,0,nested_temporal_utility_v1,0.55,-0.05,0.2,0.9,-0.02,-0.0350300666320177,1,0,0,REJECT,没有安全买入价格，放弃,系统仅供人工参考：T日9:25前仅用限价单参与集合竞价；不得使用无上限市价单，高于上限或未成交均放弃,T+1按实际成交价计算15%止盈、5%止损，首次触发即人工退出；均未触发则11:00退出；一字跌停顺延,1,0,LIMIT_ONLY_MANUAL,0,10.0,a_share_price_limit_le_10_v2,eligible_limit_le_10:10.00%:main_board_10pct,0.0,1,0,outside_stage_2_to_3_3_to_4_focus,auction_v10_tp15_sl5_time1100_oos_1,d2347f958f0b3026765cc6189cd90159911fc82346ae9b0886bea8ae661a0c73,2026-07-27T15:37:12+00:00,5b0d37aefa59f1daf1f5bee290dced238da87ff12d71990e2b460bf5657a754a,D_CLOSE_STREAK_PATH_SENTIMENT_V10_NESTED_POLICY_NO_T_LEAKAGE
20260727-002448.SZ-auction_v10_tp15_sl5_time1100_oos_1,20260727,20260728,20260729,002448.SZ,中原内配,汽车零部件,1→2,1→2,0,INSUFFICIENT,路径数据不足,连续涨停路径数据不足,1.0,1.0,0.8401934945788158,,,,,,,,0.0,0.0,0.0,0.0,0.0,93.0,5.0,5.0,4.0,0.93,,0.0,0.027273,0.9406119862393628,0.1050563777609549,0.0268560913721744,0.0595351798790194,0.1193887297039159,0.0050939191340337,4.68213122712422,1.791759469228055,2.8903717578961645,0.1300813008130081,0.36,0.0276979210526315,0.6842105263157895,-4.626874795660152e-05,0.1333333333333333,0.0297999999999999,0.2743352325780902,0.7752710300590525,0.5742780242908806,0.2792691458395528,1.0,0.6947249127545728,EXPANSION,发酵,0.9443900066327072,0.8102227470433447,0.1333333333333333,0.7398717368421053,0.050542060118105,3141.0,107.0,5.0,123.0,16.0,36.0,38.0,0.1428571428571428,14.0,0.0,1.0,15.0,5.0,76.0,11.94,13.14,,,12.66,6.0302,model_diagnostic_cap,0,,,,0,5,0.15,-0.05,,,11:00,tplus1_first_touch_tp15_sl5_time1100_v2,-0.022648148148148,-0.1127949308755759,0.145134889449237,-0.0332463687339436,-0.0120499275623523,-0.1127949308755759,0.145134889449237,0.1513434947581329,1.0,0.3588686630986697,0.4522859860268982,0.5914744783040438,0.55,-0.03,-0.05,-0.0054811661432038,-0.0360653842341968,,0,0,0,1,0,1,1,1,0,nested_temporal_utility_v1,0.55,-0.05,0.2,0.9,-0.02,-0.0350300666320177,1,0,0,REJECT,没有安全买入价格，放弃,系统仅供人工参考：T日9:25前仅用限价单参与集合竞价；不得使用无上限市价单，高于上限或未成交均放弃,T+1按实际成交价计算15%止盈、5%止损，首次触发即人工退出；均未触发则11:00退出；一字跌停顺延,1,0,LIMIT_ONLY_MANUAL,0,10.0,a_share_price_limit_le_10_v2,eligible_limit_le_10:10.00%:main_board_10pct,0.0,1,0,outside_stage_2_to_3_3_to_4_focus,auction_v10_tp15_sl5_time1100_oos_1,d2347f958f0b3026765cc6189cd90159911fc82346ae9b0886bea8ae661a0c73,2026-07-27T15:37:12+00:00,5b0d37aefa59f1daf1f5bee290dced238da87ff12d71990e2b460bf5657a754a,D_CLOSE_STREAK_PATH_SENTIMENT_V10_NESTED_POLICY_NO_T_LEAKAGE
20260727-603989.SH-auction_v10_tp15_sl5_time1100_oos_1,20260727,20260728,20260729,603989.SH,艾华集团,元件,1→2,1→2,0,INSUFFICIENT,路径数据不足,连续涨停路径数据不足,1.0,1.0,0.3743639302690501,,,,,,,,0.0,0.0,0.0,0.0,0.0,93.0,5.0,5.0,8.0,0.93,,0.0,0.027273,0.9406119862393628,0.1050563777609549,0.0268560913721744,0.0595351798790194,0.1193887297039159,0.0050939191340337,4.68213122712422,1.791759469228055,2.8903717578961645,0.1300813008130081,0.36,0.0276979210526315,0.6842105263157895,-4.626874795660152e-05,0.1333333333333333,0.0297999999999999,0.2743352325780902,0.7752710300590525,0.5742780242908806,0.2792691458395528,1.0,0.6947249127545728,EXPANSION,发酵,0.9443900066327072,0.8102227470433447,0.1333333333333333,0.7398717368421053,0.050542060118105,3141.0,107.0,5.0,123.0,16.0,36.0,38.0,0.1428571428571428,14.0,0.0,1.0,15.0,5.0,28.0,28.86,31.74,,,30.59,5.9945,model_diagnostic_cap,0,,,,0,5,0.15,-0.05,,,11:00,tplus1_first_touch_tp15_sl5_time1100_v2,-0.022648148148148,-0.1127949308755759,0.145134889449237,-0.0332463687339436,-0.0120499275623523,-0.1127949308755759,0.145134889449237,0.1488678605716896,1.0,0.3588686630986697,0.4522859860268982,0.5277178627534841,0.55,-0.03,-0.05,-0.0053915067739169,-0.0360678598683832,,0,0,0,1,0,1,1,1,0,nested_temporal_utility_v1,0.55,-0.05,0.2,0.9,-0.02,-0.0350300666320177,1,0,0,REJECT,没有安全买入价格，放弃,系统仅供人工参考：T日9:25前仅用限价单参与集合竞价；不得使用无上限市价单，高于上限或未成交均放弃,T+1按实际成交价计算15%止盈、5%止损，首次触发即人工退出；均未触发则11:00退出；一字跌停顺延,1,0,LIMIT_ONLY_MANUAL,0,10.0,a_share_price_limit_le_10_v2,eligible_limit_le_10:10.00%:main_board_10pct,0.0,1,0,outside_stage_2_to_3_3_to_4_focus,auction_v10_tp15_sl5_time1100_oos_1,d2347f958f0b3026765cc6189cd90159911fc82346ae9b0886bea8ae661a0c73,2026-07-27T15:37:12+00:00,5b0d37aefa59f1daf1f5bee290dced238da87ff12d71990e2b460bf5657a754a,D_CLOSE_STREAK_PATH_SENTIMENT_V10_NESTED_POLICY_NO_T_LEAKAGE
20260727-002925.SZ-auction_v10_tp15_sl5_time1100_oos_1,20260727,20260728,20260729,002925.SZ,盈趣科技,消费电子,1→2,1→2,0,INSUFFICIENT,路径数据不足,连续涨停路径数据不足,1.0,1.0,0.6269079254079254,,,,,,,,0.0,0.0,0.0,0.0,0.0,93.0,5.0,5.0,1.0,0.93,,0.0,0.027273,0.9406119862393628,0.1050563777609549,0.0268560913721744,0.0595351798790194,0.1193887297039159,0.0050939191340337,4.68213122712422,1.791759469228055,2.8903717578961645,0.1300813008130081,0.36,0.0276979210526315,0.6842105263157895,-4.626874795660152e-05,0.1333333333333333,0.0297999999999999,0.2743352325780902,0.7752710300590525,0.5742780242908806,0.2792691458395528,1.0,0.6947249127545728,EXPANSION,发酵,0.9443900066327072,0.8102227470433447,0.1333333333333333,0.7398717368421053,0.050542060118105,3141.0,107.0,5.0,123.0,16.0,36.0,38.0,0.1428571428571428,14.0,0.0,1.0,15.0,5.0,41.0,22.83,25.12,,,24.2,6.0009,model_diagnostic_cap,0,,,,0,5,0.15,-0.05,,,11:00,tplus1_first_touch_tp15_sl5_time1100_v2,-0.022648148148148,-0.1127949308755759,0.145134889449237,-0.0332463687339436,-0.0120499275623523,-0.1127949308755759,0.145134889449237,0.1466714411247868,1.0,0.3588686630986697,0.4522859860268982,0.5952745918889657,0.55,-0.03,-0.05,-0.0053119596488298,-0.0360700562878301,,0,0,0,1,0,1,1,1,0,nested_temporal_utility_v1,0.55,-0.05,0.2,0.9,-0.02,-0.0350300666320177,1,0,0,REJECT,没有安全买入价格，放弃,系统仅供人工参考：T日9:25前仅用限价单参与集合竞价；不得使用无上限市价单，高于上限或未成交均放弃,T+1按实际成交价计算15%止盈、5%止损，首次触发即人工退出；均未触发则11:00退出；一字跌停顺延,1,0,LIMIT_ONLY_MANUAL,0,10.0,a_share_price_limit_le_10_v2,eligible_limit_le_10:10.00%:main_board_10pct,0.0,1,0,outside_stage_2_to_3_3_to_4_focus,auction_v10_tp15_sl5_time1100_oos_1,d2347f958f0b3026765cc6189cd90159911fc82346ae9b0886bea8ae661a0c73,2026-07-27T15:37:12+00:00,5b0d37aefa59f1daf1f5bee290dced238da87ff12d71990e2b460bf5657a754a,D_CLOSE_STREAK_PATH_SENTIMENT_V10_NESTED_POLICY_NO_T_LEAKAGE
20260727-603110.SH-auction_v10_tp15_sl5_time1100_oos_1,20260727,20260728,20260729,603110.SH,东方材料,化学制品,1→2,1→2,0,INSUFFICIENT,路径数据不足,连续涨停路径数据不足,1.0,1.0,0.6868912655971479,,,,,,,,0.0,0.0,0.0,0.0,0.0,93.0,5.0,5.0,4.0,0.93,,0.0,0.027273,0.9406119862393628,0.1050563777609549,0.0268560913721744,0.0595351798790194,0.1193887297039159,0.0050939191340337,4.68213122712422,1.791759469228055,2.8903717578961645,0.1300813008130081,0.36,0.0276979210526315,0.6842105263157895,-4.626874795660152e-05,0.1333333333333333,0.0297999999999999,0.2743352325780902,0.7752710300590525,0.5742780242908806,0.2792691458395528,1.0,0.6947249127545728,EXPANSION,发酵,0.9443900066327072,0.8102227470433447,0.1333333333333333,0.7398717368421053,0.050542060118105,3141.0,107.0,5.0,123.0,16.0,36.0,38.0,0.1428571428571428,14.0,0.0,1.0,15.0,5.0,98.0,20.6,22.66,,,21.84,6.0194,model_diagnostic_cap,0,,,,0,5,0.15,-0.05,,,11:00,tplus1_first_touch_tp15_sl5_time1100_v2,-0.022648148148148,-0.1127949308755759,0.145134889449237,-0.0332463687339436,-0.0120499275623523,-0.1127949308755759,0.145134889449237,0.1462276038946253,1.0,0.3588686630986697,0.4522859860268982,0.4993990368760909,0.55,-0.03,-0.05,-0.0052958853167091,-0.0360705001250603,,0,0,0,1,0,1,1,1,0,nested_temporal_utility_v1,0.55,-0.05,0.2,0.9,-0.02,-0.0350300666320177,1,0,0,REJECT,没有安全买入价格，放弃,系统仅供人工参考：T日9:25前仅用限价单参与集合竞价；不得使用无上限市价单，高于上限或未成交均放弃,T+1按实际成交价计算15%止盈、5%止损，首次触发即人工退出；均未触发则11:00退出；一字跌停顺延,1,0,LIMIT_ONLY_MANUAL,0,10.0,a_share_price_limit_le_10_v2,eligible_limit_le_10:10.00%:main_board_10pct,0.0,1,0,outside_stage_2_to_3_3_to_4_focus,auction_v10_tp15_sl5_time1100_oos_1,d2347f958f0b3026765cc6189cd90159911fc82346ae9b0886bea8ae661a0c73,2026-07-27T15:37:12+00:00,5b0d37aefa59f1daf1f5bee290dced238da87ff12d71990e2b460bf5657a754a,D_CLOSE_STREAK_PATH_SENTIMENT_V10_NESTED_POLICY_NO_T_LEAKAGE
20260727-603716.SH-auction_v10_tp15_sl5_time1100_oos_1,20260727,20260728,20260729,603716.SH,塞力医疗,医药商业,1→2,1→2,0,INSUFFICIENT,路径数据不足,连续涨停路径数据不足,1.0,1.0,0.7451818181818182,,,,,,,,0.0,0.0,0.0,0.0,0.0,93.0,5.0,5.0,2.0,0.93,,0.0,0.027273,0.9406119862393628,0.1050563777609549,0.0268560913721744,0.0595351798790194,0.1193887297039159,0.0050939191340337,4.68213122712422,1.791759469228055,2.8903717578961645,0.1300813008130081,0.36,0.0276979210526315,0.6842105263157895,-4.626874795660152e-05,0.1333333333333333,0.0297999999999999,0.2743352325780902,0.7752710300590525,0.5742780242908806,0.2792691458395528,1.0,0.6947249127545728,EXPANSION,发酵,0.9443900066327072,0.8102227470433447,0.1333333333333333,0.7398717368421053,0.050542060118105,3141.0,107.0,5.0,123.0,16.0,36.0,38.0,0.1428571428571428,14.0,0.0,1.0,15.0,5.0,59.0,14.94,16.44,,,15.84,6.0241,model_diagnostic_cap,0,,,,0,5,0.15,-0.05,,,11:00,tplus1_first_touch_tp15_sl5_time1100_v2,-0.022648148148148,-0.1127949308755759,0.145134889449237,-0.0332463687339436,-0.0120499275623523,-0.1127949308755759,0.145134889449237,0.1461699013268189,1.0,0.3588686630986697,0.4522859860268982,0.656765775451705,0.55,-0.03,-0.05,-0.0052937955185216,-0.0360705578276281,,0,0,0,1,0,1,1,1,0,nested_temporal_utility_v1,0.55,-0.05,0.2,0.9,-0.02,-0.0350300666320177,1,0,0,REJECT,没有安全买入价格，放弃,系统仅供人工参考：T日9:25前仅用限价单参与集合竞价；不得使用无上限市价单，高于上限或未成交均放弃,T+1按实际成交价计算15%止盈、5%止损，首次触发即人工退出；均未触发则11:00退出；一字跌停顺延,1,0,LIMIT_ONLY_MANUAL,0,10.0,a_share_price_limit_le_10_v2,eligible_limit_le_10:10.00%:main_board_10pct,0.0,1,0,outside_stage_2_to_3_3_to_4_focus,auction_v10_tp15_sl5_time1100_oos_1,d2347f958f0b3026765cc6189cd90159911fc82346ae9b0886bea8ae661a0c73,2026-07-27T15:37:12+00:00,5b0d37aefa59f1daf1f5bee290dced238da87ff12d71990e2b460bf5657a754a,D_CLOSE_STREAK_PATH_SENTIMENT_V10_NESTED_POLICY_NO_T_LEAKAGE
20260727-603906.SH-auction_v10_tp15_sl5_time1100_oos_1,20260727,20260728,20260729,603906.SH,龙蟠科技,电池,1→2,1→2,0,INSUFFICIENT,路径数据不足,连续涨停路径数据不足,1.0,1.0,0.6799781536293164,,,,,,,,0.0,0.0,0.0,0.0,0.0,93.0,5.0,5.0,3.0,0.93,,0.0,0.027273,0.9406119862393628,0.1050563777609549,0.0268560913721744,0.0595351798790194,0.1193887297039159,0.0050939191340337,4.68213122712422,1.791759469228055,2.8903717578961645,0.1300813008130081,0.36,0.0276979210526315,0.6842105263157895,-4.626874795660152e-05,0.1333333333333333,0.0297999999999999,0.2743352325780902,0.7752710300590525,0.5742780242908806,0.2792691458395528,1.0,0.6947249127545728,EXPANSION,发酵,0.9443900066327072,0.8102227470433447,0.1333333333333333,0.7398717368421053,0.050542060118105,3141.0,107.0,5.0,123.0,16.0,36.0,38.0,0.1428571428571428,14.0,0.0,1.0,15.0,5.0,23.0,18.96,20.85,,,20.1,6.0127,model_diagnostic_cap,0,,,,0,5,0.15,-0.05,,,11:00,tplus1_first_touch_tp15_sl5_time1100_v2,-0.022648148148148,-0.1127949308755759,0.145134889449237,-0.0332463687339436,-0.0120499275623523,-0.1127949308755759,0.145134889449237,0.1422884721637204,1.0,0.3588686630986697,0.4522859860268982,0.6898120709451097,0.55,-0.03,-0.05,-0.0051532228553224,-0.0360744392567912,,0,0,0,1,0,1,1,1,0,nested_temporal_utility_v1,0.55,-0.05,0.2,0.9,-0.02,-0.0350300666320177,1,0,0,REJECT,没有安全买入价格，放弃,系统仅供人工参考：T日9:25前仅用限价单参与集合竞价；不得使用无上限市价单，高于上限或未成交均放弃,T+1按实际成交价计算15%止盈、5%止损，首次触发即人工退出；均未触发则11:00退出；一字跌停顺延,1,0,LIMIT_ONLY_MANUAL,0,10.0,a_share_price_limit_le_10_v2,eligible_limit_le_10:10.00%:main_board_10pct,0.0,1,0,outside_stage_2_to_3_3_to_4_focus,auction_v10_tp15_sl5_time1100_oos_1,d2347f958f0b3026765cc6189cd90159911fc82346ae9b0886bea8ae661a0c73,2026-07-27T15:37:12+00:00,5b0d37aefa59f1daf1f5bee290dced238da87ff12d71990e2b460bf5657a754a,D_CLOSE_STREAK_PATH_SENTIMENT_V10_NESTED_POLICY_NO_T_LEAKAGE
20260727-603567.SH-auction_v10_tp15_sl5_time1100_oos_1,20260727,20260728,20260729,603567.SH,珍宝岛,中药Ⅱ,1→2,1→2,0,INSUFFICIENT,路径数据不足,连续涨停路径数据不足,1.0,1.0,0.5665284122899634,,,,,,,,0.0,0.0,0.0,0.0,0.0,93.0,5.0,5.0,2.0,0.93,,0.0,0.027273,0.9406119862393628,0.1050563777609549,0.0268560913721744,0.0595351798790194,0.1193887297039159,0.0050939191340337,4.68213122712422,1.791759469228055,2.8903717578961645,0.1300813008130081,0.36,0.0276979210526315,0.6842105263157895,-4.626874795660152e-05,0.1333333333333333,0.0297999999999999,0.2743352325780902,0.7752710300590525,0.5742780242908806,0.2792691458395528,1.0,0.6947249127545728,EXPANSION,发酵,0.9443900066327072,0.8102227470433447,0.1333333333333333,0.7398717368421053,0.050542060118105,3141.0,107.0,5.0,123.0,16.0,36.0,38.0,0.1428571428571428,14.0,0.0,1.0,15.0,5.0,69.0,6.44,7.09,,,6.83,6.0559,model_diagnostic_cap,0,,,,0,5,0.15,-0.05,,,11:00,tplus1_first_touch_tp15_sl5_time1100_v2,-0.022648148148148,-0.1127949308755759,0.145134889449237,-0.0332463687339436,-0.0120499275623523,-0.1127949308755759,0.145134889449237,0.130045348627376,1.0,0.3588686630986697,0.4522859860268982,0.4966413152084414,0.55,-0.03,-0.05,-0.0047098169836547,-0.0360866823803275,,0,0,0,1,0,1,1,1,0,nested_temporal_utility_v1,0.55,-0.05,0.2,0.9,-0.02,-0.0350300666320177,1,0,0,REJECT,没有安全买入价格，放弃,系统仅供人工参考：T日9:25前仅用限价单参与集合竞价；不得使用无上限市价单，高于上限或未成交均放弃,T+1按实际成交价计算15%止盈、5%止损，首次触发即人工退出；均未触发则11:00退出；一字跌停顺延,1,0,LIMIT_ONLY_MANUAL,0,10.0,a_share_price_limit_le_10_v2,eligible_limit_le_10:10.00%:main_board_10pct,1.0,1,0,outside_stage_2_to_3_3_to_4_focus,auction_v10_tp15_sl5_time1100_oos_1,d2347f958f0b3026765cc6189cd90159911fc82346ae9b0886bea8ae661a0c73,2026-07-27T15:37:12+00:00,5b0d37aefa59f1daf1f5bee290dced238da87ff12d71990e2b460bf5657a754a,D_CLOSE_STREAK_PATH_SENTIMENT_V10_NESTED_POLICY_NO_T_LEAKAGE
20260727-000676.SZ-auction_v10_tp15_sl5_time1100_oos_1,20260727,20260728,20260729,000676.SZ,智度股份,广告营销,1→2,1→2,0,INSUFFICIENT,路径数据不足,连续涨停路径数据不足,1.0,1.0,0.7191013986013987,,,,,,,,0.0,0.0,0.0,0.0,0.0,93.0,5.0,5.0,1.0,0.93,,0.0,0.027273,0.9406119862393628,0.1050563777609549,0.0268560913721744,0.0595351798790194,0.1193887297039159,0.0050939191340337,4.68213122712422,1.791759469228055,2.8903717578961645,0.1300813008130081,0.36,0.0276979210526315,0.6842105263157895,-4.626874795660152e-05,0.1333333333333333,0.0297999999999999,0.2743352325780902,0.7752710300590525,0.5742780242908806,0.2792691458395528,1.0,0.6947249127545728,EXPANSION,发酵,0.9443900066327072,0.8102227470433447,0.1333333333333333,0.7398717368421053,0.050542060118105,3141.0,107.0,5.0,123.0,16.0,36.0,38.0,0.1428571428571428,14.0,0.0,1.0,15.0,5.0,32.0,7.12,7.84,,,7.55,6.0393,model_diagnostic_cap,0,,,,0,5,0.15,-0.05,,,11:00,tplus1_first_touch_tp15_sl5_time1100_v2,-0.022648148148148,-0.1127949308755759,0.145134889449237,-0.0332463687339436,-0.0120499275623523,-0.1127949308755759,0.145134889449237,0.1264824781607554,1.0,0.3588686630986697,0.4522859860268982,0.5452377195103216,0.55,-0.03,-0.05,-0.0045807814740315,-0.0360902452507941,,0,0,0,1,0,1,1,1,0,nested_temporal_utility_v1,0.55,-0.05,0.2,0.9,-0.02,-0.0350300666320177,1,0,0,REJECT,没有安全买入价格，放弃,系统仅供人工参考：T日9:25前仅用限价单参与集合竞价；不得使用无上限市价单，高于上限或未成交均放弃,T+1按实际成交价计算15%止盈、5%止损，首次触发即人工退出；均未触发则11:00退出；一字跌停顺延,1,0,LIMIT_ONLY_MANUAL,0,10.0,a_share_price_limit_le_10_v2,eligible_limit_le_10:10.00%:main_board_10pct,0.0,1,0,outside_stage_2_to_3_3_to_4_focus,auction_v10_tp15_sl5_time1100_oos_1,d2347f958f0b3026765cc6189cd90159911fc82346ae9b0886bea8ae661a0c73,2026-07-27T15:37:12+00:00,5b0d37aefa59f1daf1f5bee290dced238da87ff12d71990e2b460bf5657a754a,D_CLOSE_STREAK_PATH_SENTIMENT_V10_NESTED_POLICY_NO_T_LEAKAGE
20260727-000862.SZ-auction_v10_tp15_sl5_time1100_oos_1,20260727,20260728,20260729,000862.SZ,银星能源,电力,1→2,1→2,0,INSUFFICIENT,路径数据不足,连续涨停路径数据不足,1.0,1.0,0.4653843599727909,,,,,,,,0.0,0.0,0.0,0.0,0.0,93.0,5.0,5.0,4.0,0.93,,0.0,0.027273,0.9406119862393628,0.1050563777609549,0.0268560913721744,0.0595351798790194,0.1193887297039159,0.0050939191340337,4.68213122712422,1.791759469228055,2.8903717578961645,0.1300813008130081,0.36,0.0276979210526315,0.6842105263157895,-4.626874795660152e-05,0.1333333333333333,0.0297999999999999,0.2743352325780902,0.7752710300590525,0.5742780242908806,0.2792691458395528,1.0,0.6947249127545728,EXPANSION,发酵,0.9443900066327072,0.8102227470433447,0.1333333333333333,0.7398717368421053,0.050542060118105,3141.0,107.0,5.0,123.0,16.0,36.0,38.0,0.1428571428571428,14.0,0.0,1.0,15.0,5.0,56.0,6.12,6.74,,,6.49,6.0458,model_diagnostic_cap,0,,,,0,5,0.15,-0.05,,,11:00,tplus1_first_touch_tp15_sl5_time1100_v2,-0.022648148148148,-0.1127949308755759,0.145134889449237,-0.0332463687339436,-0.0120499275623523,-0.1127949308755759,0.145134889449237,0.1217649063466604,1.0,0.3588686630986697,0.4522859860268982,0.5302050825388215,0.55,-0.03,-0.05,-0.0044099264600986,-0.0360949628226082,,0,0,0,1,0,1,1,1,0,nested_temporal_utility_v1,0.55,-0.05,0.2,0.9,-0.02,-0.0350300666320177,1,0,0,REJECT,没有安全买入价格，放弃,系统仅供人工参考：T日9:25前仅用限价单参与集合竞价；不得使用无上限市价单，高于上限或未成交均放弃,T+1按实际成交价计算15%止盈、5%止损，首次触发即人工退出；均未触发则11:00退出；一字跌停顺延,1,0,LIMIT_ONLY_MANUAL,0,10.0,a_share_price_limit_le_10_v2,eligible_limit_le_10:10.00%:main_board_10pct,0.0,1,0,outside_stage_2_to_3_3_to_4_focus,auction_v10_tp15_sl5_time1100_oos_1,d2347f958f0b3026765cc6189cd90159911fc82346ae9b0886bea8ae661a0c73,2026-07-27T15:37:12+00:00,5b0d37aefa59f1daf1f5bee290dced238da87ff12d71990e2b460bf5657a754a,D_CLOSE_STREAK_PATH_SENTIMENT_V10_NESTED_POLICY_NO_T_LEAKAGE
20260727-001317.SZ-auction_v10_tp15_sl5_time1100_oos_1,20260727,20260728,20260729,001317.SZ,三羊马,铁路公路,1→2,1→2,0,INSUFFICIENT,路径数据不足,连续涨停路径数据不足,1.0,1.0,0.7974426751592354,,,,,,,,0.0,0.0,0.0,0.0,0.0,93.0,5.0,5.0,1.0,0.93,,0.0,0.027273,0.9406119862393628,0.1050563777609549,0.0268560913721744,0.0595351798790194,0.1193887297039159,0.0050939191340337,4.68213122712422,1.791759469228055,2.8903717578961645,0.1300813008130081,0.36,0.0276979210526315,0.6842105263157895,-4.626874795660152e-05,0.1333333333333333,0.0297999999999999,0.2743352325780902,0.7752710300590525,0.5742780242908806,0.2792691458395528,1.0,0.6947249127545728,EXPANSION,发酵,0.9443900066327072,0.8102227470433447,0.1333333333333333,0.7398717368421053,0.050542060118105,3141.0,107.0,5.0,123.0,16.0,36.0,38.0,0.1428571428571428,14.0,0.0,1.0,15.0,5.0,73.0,51.81,56.99,,,54.92,6.0027,model_diagnostic_cap,0,,,,0,5,0.15,-0.05,,,11:00,tplus1_first_touch_tp15_sl5_time1100_v2,-0.022648148148148,-0.1127949308755759,0.145134889449237,-0.0332463687339436,-0.0120499275623523,-0.1127949308755759,0.145134889449237,0.1207835648966854,1.0,0.3588686630986697,0.4522859860268982,0.6011115201545544,0.55,-0.03,-0.05,-0.0043743854839958,-0.0360959441640582,,0,0,0,1,0,1,1,1,0,nested_temporal_utility_v1,0.55,-0.05,0.2,0.9,-0.02,-0.0350300666320177,1,0,0,REJECT,没有安全买入价格，放弃,系统仅供人工参考：T日9:25前仅用限价单参与集合竞价；不得使用无上限市价单，高于上限或未成交均放弃,T+1按实际成交价计算15%止盈、5%止损，首次触发即人工退出；均未触发则11:00退出；一字跌停顺延,1,0,LIMIT_ONLY_MANUAL,0,10.0,a_share_price_limit_le_10_v2,eligible_limit_le_10:10.00%:main_board_10pct,0.0,1,0,outside_stage_2_to_3_3_to_4_focus,auction_v10_tp15_sl5_time1100_oos_1,d2347f958f0b3026765cc6189cd90159911fc82346ae9b0886bea8ae661a0c73,2026-07-27T15:37:12+00:00,5b0d37aefa59f1daf1f5bee290dced238da87ff12d71990e2b460bf5657a754a,D_CLOSE_STREAK_PATH_SENTIMENT_V10_NESTED_POLICY_NO_T_LEAKAGE
20260727-600376.SH-auction_v10_tp15_sl5_time1100_oos_1,20260727,20260728,20260729,600376.SH,首开股份,房地产开发,1→2,1→2,0,INSUFFICIENT,路径数据不足,连续涨停路径数据不足,1.0,1.0,0.7091644729612855,,,,,,,,0.0,0.0,0.0,0.0,0.0,93.0,5.0,5.0,2.0,0.93,,0.0,0.027273,0.9406119862393628,0.1050563777609549,0.0268560913721744,0.0595351798790194,0.1193887297039159,0.0050939191340337,4.68213122712422,1.791759469228055,2.8903717578961645,0.1300813008130081,0.36,0.0276979210526315,0.6842105263157895,-4.626874795660152e-05,0.1333333333333333,0.0297999999999999,0.2743352325780902,0.7752710300590525,0.5742780242908806,0.2792691458395528,1.0,0.6947249127545728,EXPANSION,发酵,0.9443900066327072,0.8102227470433447,0.1333333333333333,0.7398717368421053,0.050542060118105,3141.0,107.0,5.0,123.0,16.0,36.0,38.0,0.1428571428571428,14.0,0.0,1.0,15.0,5.0,96.0,3.64,4.0,,,3.86,6.044,model_diagnostic_cap,0,,,,0,5,0.15,-0.05,,,11:00,tplus1_first_touch_tp15_sl5_time1100_v2,-0.022648148148148,-0.1127949308755759,0.145134889449237,-0.0332463687339436,-0.0120499275623523,-0.1127949308755759,0.145134889449237,0.1115735682070375,1.0,0.3588686630986697,0.4522859860268982,0.5138545958468138,0.55,-0.03,-0.05,-0.0040408295415022,-0.0361051541607479,,0,0,0,1,0,1,1,1,0,nested_temporal_utility_v1,0.55,-0.05,0.2,0.9,-0.02,-0.0350300666320177,1,0,0,REJECT,没有安全买入价格，放弃,系统仅供人工参考：T日9:25前仅用限价单参与集合竞价；不得使用无上限市价单，高于上限或未成交均放弃,T+1按实际成交价计算15%止盈、5%止损，首次触发即人工退出；均未触发则11:00退出；一字跌停顺延,1,0,LIMIT_ONLY_MANUAL,0,10.0,a_share_price_limit_le_10_v2,eligible_limit_le_10:10.00%:main_board_10pct,0.0,1,0,outside_stage_2_to_3_3_to_4_focus,auction_v10_tp15_sl5_time1100_oos_1,d2347f958f0b3026765cc6189cd90159911fc82346ae9b0886bea8ae661a0c73,2026-07-27T15:37:12+00:00,5b0d37aefa59f1daf1f5bee290dced238da87ff12d71990e2b460bf5657a754a,D_CLOSE_STREAK_PATH_SENTIMENT_V10_NESTED_POLICY_NO_T_LEAKAGE
20260727-002141.SZ-auction_v10_tp15_sl5_time1100_oos_1,20260727,20260728,20260729,002141.SZ,贤丰控股,元件,1→2,1→2,0,INSUFFICIENT,路径数据不足,连续涨停路径数据不足,1.0,1.0,0.765356257175916,,,,,,,,0.0,0.0,0.0,0.0,0.0,93.0,5.0,5.0,8.0,0.93,,0.0,0.027273,0.9406119862393628,0.1050563777609549,0.0268560913721744,0.0595351798790194,0.1193887297039159,0.0050939191340337,4.68213122712422,1.791759469228055,2.8903717578961645,0.1300813008130081,0.36,0.0276979210526315,0.6842105263157895,-4.626874795660152e-05,0.1333333333333333,0.0297999999999999,0.2743352325780902,0.7752710300590525,0.5742780242908806,0.2792691458395528,1.0,0.6947249127545728,EXPANSION,发酵,0.9443900066327072,0.8102227470433447,0.1333333333333333,0.7398717368421053,0.050542060118105,3141.0,107.0,5.0,123.0,16.0,36.0,38.0,0.1428571428571428,14.0,0.0,1.0,15.0,5.0,44.0,5.73,6.3,,,6.07,5.9337,model_diagnostic_cap,0,,,,0,5,0.15,-0.05,,,11:00,tplus1_first_touch_tp15_sl5_time1100_v2,-0.022648148148148,-0.1127949308755759,0.145134889449237,-0.0332463687339436,-0.0120499275623523,-0.1127949308755759,0.145134889449237,0.1098409975470482,1.0,0.3588686630986697,0.4522859860268982,0.4683080377900326,0.55,-0.03,-0.05,-0.0039780815016382,-0.0361068867314079,,0,0,0,1,0,1,1,1,0,nested_temporal_utility_v1,0.55,-0.05,0.2,0.9,-0.02,-0.0350300666320177,1,0,0,REJECT,没有安全买入价格，放弃,系统仅供人工参考：T日9:25前仅用限价单参与集合竞价；不得使用无上限市价单，高于上限或未成交均放弃,T+1按实际成交价计算15%止盈、5%止损，首次触发即人工退出；均未触发则11:00退出；一字跌停顺延,1,0,LIMIT_ONLY_MANUAL,0,10.0,a_share_price_limit_le_10_v2,eligible_limit_le_10:10.00%:main_board_10pct,0.0,1,0,outside_stage_2_to_3_3_to_4_focus,auction_v10_tp15_sl5_time1100_oos_1,d2347f958f0b3026765cc6189cd90159911fc82346ae9b0886bea8ae661a0c73,2026-07-27T15:37:12+00:00,5b0d37aefa59f1daf1f5bee290dced238da87ff12d71990e2b460bf5657a754a,D_CLOSE_STREAK_PATH_SENTIMENT_V10_NESTED_POLICY_NO_T_LEAKAGE
20260727-002640.SZ-auction_v10_tp15_sl5_time1100_oos_1,20260727,20260728,20260729,002640.SZ,跨境通,互联网电,1→2,1→2,0,INSUFFICIENT,路径数据不足,连续涨停路径数据不足,1.0,1.0,0.4887858973418673,,,,,,,,0.0,0.0,0.0,0.0,0.0,93.0,5.0,5.0,1.0,0.93,,0.0,0.027273,0.9406119862393628,0.1050563777609549,0.0268560913721744,0.0595351798790194,0.1193887297039159,0.0050939191340337,4.68213122712422,1.791759469228055,2.8903717578961645,0.1300813008130081,0.36,0.0276979210526315,0.6842105263157895,-4.626874795660152e-05,0.1333333333333333,0.0297999999999999,0.2743352325780902,0.7752710300590525,0.5742780242908806,0.2792691458395528,1.0,0.6947249127545728,EXPANSION,发酵,0.9443900066327072,0.8102227470433447,0.1333333333333333,0.7398717368421053,0.050542060118105,3141.0,107.0,5.0,123.0,16.0,36.0,38.0,0.1428571428571428,14.0,0.0,1.0,15.0,5.0,29.0,3.42,3.76,,,3.61,5.5556,model_diagnostic_cap,0,,,,0,5,0.15,-0.05,,,11:00,tplus1_first_touch_tp15_sl5_time1100_v2,-0.022648148148148,-0.1127949308755759,0.145134889449237,-0.0332463687339436,-0.0120499275623523,-0.1127949308755759,0.145134889449237,0.1073340898123472,1.0,0.3588686630986697,0.4522859860268982,0.6042457179758873,0.55,-0.03,-0.05,-0.0038872895067689,-0.0361093936391426,,0,0,0,1,0,1,1,1,0,nested_temporal_utility_v1,0.55,-0.05,0.2,0.9,-0.02,-0.0350300666320177,1,0,0,REJECT,没有安全买入价格，放弃,系统仅供人工参考：T日9:25前仅用限价单参与集合竞价；不得使用无上限市价单，高于上限或未成交均放弃,T+1按实际成交价计算15%止盈、5%止损，首次触发即人工退出；均未触发则11:00退出；一字跌停顺延,1,0,LIMIT_ONLY_MANUAL,0,10.0,a_share_price_limit_le_10_v2,eligible_limit_le_10:10.00%:main_board_10pct,0.0,1,0,outside_stage_2_to_3_3_to_4_focus,auction_v10_tp15_sl5_time1100_oos_1,d2347f958f0b3026765cc6189cd90159911fc82346ae9b0886bea8ae661a0c73,2026-07-27T15:37:12+00:00,5b0d37aefa59f1daf1f5bee290dced238da87ff12d71990e2b460bf5657a754a,D_CLOSE_STREAK_PATH_SENTIMENT_V10_NESTED_POLICY_NO_T_LEAKAGE
20260727-002174.SZ-auction_v10_tp15_sl5_time1100_oos_1,20260727,20260728,20260729,002174.SZ,游族网络,游戏Ⅱ,1→2,1→2,0,INSUFFICIENT,路径数据不足,连续涨停路径数据不足,1.0,1.0,0.5279545454545455,,,,,,,,0.0,0.0,0.0,0.0,0.0,93.0,5.0,5.0,1.0,0.93,,0.0,0.027273,0.9406119862393628,0.1050563777609549,0.0268560913721744,0.0595351798790194,0.1193887297039159,0.0050939191340337,4.68213122712422,1.791759469228055,2.8903717578961645,0.1300813008130081,0.36,0.0276979210526315,0.6842105263157895,-4.626874795660152e-05,0.1333333333333333,0.0297999999999999,0.2743352325780902,0.7752710300590525,0.5742780242908806,0.2792691458395528,1.0,0.6947249127545728,EXPANSION,发酵,0.9443900066327072,0.8102227470433447,0.1333333333333333,0.7398717368421053,0.050542060118105,3141.0,107.0,5.0,123.0,16.0,36.0,38.0,0.1428571428571428,14.0,0.0,1.0,15.0,5.0,88.0,11.34,12.47,,,12.02,5.9965,model_diagnostic_cap,0,,,,0,5,0.15,-0.05,,,11:00,tplus1_first_touch_tp15_sl5_time1100_v2,-0.022648148148148,-0.1127949308755759,0.145134889449237,-0.0332463687339436,-0.0120499275623523,-0.1127949308755759,0.145134889449237,0.1069656985178244,1.0,0.3588686630986697,0.4522859860268982,0.4094079793003775,0.55,-0.03,-0.05,-0.0038739475795575,-0.0361097620304371,,0,0,0,1,0,1,1,1,0,nested_temporal_utility_v1,0.55,-0.05,0.2,0.9,-0.02,-0.0350300666320177,1,0,0,REJECT,没有安全买入价格，放弃,系统仅供人工参考：T日9:25前仅用限价单参与集合竞价；不得使用无上限市价单，高于上限或未成交均放弃,T+1按实际成交价计算15%止盈、5%止损，首次触发即人工退出；均未触发则11:00退出；一字跌停顺延,1,0,LIMIT_ONLY_MANUAL,0,10.0,a_share_price_limit_le_10_v2,eligible_limit_le_10:10.00%:main_board_10pct,0.0,1,0,outside_stage_2_to_3_3_to_4_focus,auction_v10_tp15_sl5_time1100_oos_1,d2347f958f0b3026765cc6189cd90159911fc82346ae9b0886bea8ae661a0c73,2026-07-27T15:37:12+00:00,5b0d37aefa59f1daf1f5bee290dced238da87ff12d71990e2b460bf5657a754a,D_CLOSE_STREAK_PATH_SENTIMENT_V10_NESTED_POLICY_NO_T_LEAKAGE
20260727-001258.SZ-auction_v10_tp15_sl5_time1100_oos_1,20260727,20260728,20260729,001258.SZ,立新能源,电力,1→2,1→2,0,INSUFFICIENT,路径数据不足,连续涨停路径数据不足,1.0,1.0,0.6949160839160838,,,,,,,,0.0,0.0,0.0,0.0,0.0,93.0,5.0,5.0,4.0,0.93,,0.0,0.027273,0.9406119862393628,0.1050563777609549,0.0268560913721744,0.0595351798790194,0.1193887297039159,0.0050939191340337,4.68213122712422,1.791759469228055,2.8903717578961645,0.1300813008130081,0.36,0.0276979210526315,0.6842105263157895,-4.626874795660152e-05,0.1333333333333333,0.0297999999999999,0.2743352325780902,0.7752710300590525,0.5742780242908806,0.2792691458395528,1.0,0.6947249127545728,EXPANSION,发酵,0.9443900066327072,0.8102227470433447,0.1333333333333333,0.7398717368421053,0.050542060118105,3141.0,107.0,5.0,123.0,16.0,36.0,38.0,0.1428571428571428,14.0,0.0,1.0,15.0,5.0,18.0,14.33,15.76,,,15.19,6.0014,model_diagnostic_cap,0,,,,0,5,0.15,-0.05,,,11:00,tplus1_first_touch_tp15_sl5_time1100_v2,-0.022648148148148,-0.1127949308755759,0.145134889449237,-0.0332463687339436,-0.0120499275623523,-0.1127949308755759,0.145134889449237,0.1050133215199622,1.0,0.3588686630986697,0.4522859860268982,0.8812296204443393,0.55,-0.03,-0.05,-0.0038032388734016,-0.0361117144074349,,0,0,0,1,0,1,1,1,0,nested_temporal_utility_v1,0.55,-0.05,0.2,0.9,-0.02,-0.0350300666320177,1,0,0,REJECT,没有安全买入价格，放弃,系统仅供人工参考：T日9:25前仅用限价单参与集合竞价；不得使用无上限市价单，高于上限或未成交均放弃,T+1按实际成交价计算15%止盈、5%止损，首次触发即人工退出；均未触发则11:00退出；一字跌停顺延,1,0,LIMIT_ONLY_MANUAL,0,10.0,a_share_price_limit_le_10_v2,eligible_limit_le_10:10.00%:main_board_10pct,1.0,1,0,outside_stage_2_to_3_3_to_4_focus,auction_v10_tp15_sl5_time1100_oos_1,d2347f958f0b3026765cc6189cd90159911fc82346ae9b0886bea8ae661a0c73,2026-07-27T15:37:12+00:00,5b0d37aefa59f1daf1f5bee290dced238da87ff12d71990e2b460bf5657a754a,D_CLOSE_STREAK_PATH_SENTIMENT_V10_NESTED_POLICY_NO_T_LEAKAGE
20260727-603459.SH-auction_v10_tp15_sl5_time1100_oos_1,20260727,20260728,20260729,603459.SH,红板科技,元件,1→2,1→2,0,INSUFFICIENT,路径数据不足,连续涨停路径数据不足,1.0,1.0,0.4966143737912751,,,,,,,,0.0,0.0,0.0,0.0,0.0,93.0,5.0,5.0,8.0,0.93,,0.0,0.027273,0.9406119862393628,0.1050563777609549,0.0268560913721744,0.0595351798790194,0.1193887297039159,0.0050939191340337,4.68213122712422,1.791759469228055,2.8903717578961645,0.1300813008130081,0.36,0.0276979210526315,0.6842105263157895,-4.626874795660152e-05,0.1333333333333333,0.0297999999999999,0.2743352325780902,0.7752710300590525,0.5742780242908806,0.2792691458395528,1.0,0.6947249127545728,EXPANSION,发酵,0.9443900066327072,0.8102227470433447,0.1333333333333333,0.7398717368421053,0.050542060118105,3141.0,107.0,5.0,123.0,16.0,36.0,38.0,0.1428571428571428,14.0,0.0,1.0,15.0,5.0,3.0,92.5,101.75,,,98.05,6.0,model_diagnostic_cap,0,,,,0,5,0.15,-0.05,,,11:00,tplus1_first_touch_tp15_sl5_time1100_v2,-0.022648148148148,-0.1127949308755759,0.145134889449237,-0.0332463687339436,-0.0120499275623523,-0.1127949308755759,0.145134889449237,0.1033669602101491,1.0,0.3588686630986697,0.4522859860268982,0.6192320220005855,0.55,-0.03,-0.05,-0.0037436130541006,-0.0361133607687447,,0,0,0,1,0,1,1,1,0,nested_temporal_utility_v1,0.55,-0.05,0.2,0.9,-0.02,-0.0350300666320177,1,0,0,REJECT,没有安全买入价格，放弃,系统仅供人工参考：T日9:25前仅用限价单参与集合竞价；不得使用无上限市价单，高于上限或未成交均放弃,T+1按实际成交价计算15%止盈、5%止损，首次触发即人工退出；均未触发则11:00退出；一字跌停顺延,1,0,LIMIT_ONLY_MANUAL,0,10.0,a_share_price_limit_le_10_v2,eligible_limit_le_10:10.00%:main_board_10pct,0.0,1,0,outside_stage_2_to_3_3_to_4_focus,auction_v10_tp15_sl5_time1100_oos_1,d2347f958f0b3026765cc6189cd90159911fc82346ae9b0886bea8ae661a0c73,2026-07-27T15:37:12+00:00,5b0d37aefa59f1daf1f5bee290dced238da87ff12d71990e2b460bf5657a754a,D_CLOSE_STREAK_PATH_SENTIMENT_V10_NESTED_POLICY_NO_T_LEAKAGE
20260727-605006.SH-auction_v10_tp15_sl5_time1100_oos_1,20260727,20260728,20260729,605006.SH,山东玻纤,玻璃玻纤,1→2,1→2,0,INSUFFICIENT,路径数据不足,连续涨停路径数据不足,1.0,1.0,0.5079766621546263,,,,,,,,0.0,0.0,0.0,0.0,0.0,93.0,5.0,5.0,4.0,0.93,,0.0,0.027273,0.9406119862393628,0.1050563777609549,0.0268560913721744,0.0595351798790194,0.1193887297039159,0.0050939191340337,4.68213122712422,1.791759469228055,2.8903717578961645,0.1300813008130081,0.36,0.0276979210526315,0.6842105263157895,-4.626874795660152e-05,0.1333333333333333,0.0297999999999999,0.2743352325780902,0.7752710300590525,0.5742780242908806,0.2792691458395528,1.0,0.6947249127545728,EXPANSION,发酵,0.9443900066327072,0.8102227470433447,0.1333333333333333,0.7398717368421053,0.050542060118105,3141.0,107.0,5.0,123.0,16.0,36.0,38.0,0.1428571428571428,14.0,0.0,1.0,15.0,5.0,93.0,13.98,15.38,,,14.82,6.0086,model_diagnostic_cap,0,,,,0,5,0.15,-0.05,,,11:00,tplus1_first_touch_tp15_sl5_time1100_v2,-0.022648148148148,-0.1127949308755759,0.145134889449237,-0.0332463687339436,-0.0120499275623523,-0.1127949308755759,0.145134889449237,0.101395550124568,1.0,0.3588686630986697,0.4522859860268982,0.371160803735564,0.55,-0.03,-0.05,-0.003672215031789,-0.0361153321788303,,0,0,0,1,0,1,1,1,0,nested_temporal_utility_v1,0.55,-0.05,0.2,0.9,-0.02,-0.0350300666320177,1,0,0,REJECT,没有安全买入价格，放弃,系统仅供人工参考：T日9:25前仅用限价单参与集合竞价；不得使用无上限市价单，高于上限或未成交均放弃,T+1按实际成交价计算15%止盈、5%止损，首次触发即人工退出；均未触发则11:00退出；一字跌停顺延,1,0,LIMIT_ONLY_MANUAL,0,10.0,a_share_price_limit_le_10_v2,eligible_limit_le_10:10.00%:main_board_10pct,0.0,1,0,outside_stage_2_to_3_3_to_4_focus,auction_v10_tp15_sl5_time1100_oos_1,d2347f958f0b3026765cc6189cd90159911fc82346ae9b0886bea8ae661a0c73,2026-07-27T15:37:12+00:00,5b0d37aefa59f1daf1f5bee290dced238da87ff12d71990e2b460bf5657a754a,D_CLOSE_STREAK_PATH_SENTIMENT_V10_NESTED_POLICY_NO_T_LEAKAGE
20260727-001248.SZ-auction_v10_tp15_sl5_time1100_oos_1,20260727,20260728,20260729,001248.SZ,华润新能,电力,1→2,1→2,0,INSUFFICIENT,路径数据不足,连续涨停路径数据不足,1.0,1.0,0.5905776664280603,,,,,,,,0.0,0.0,0.0,0.0,0.0,93.0,5.0,5.0,4.0,0.93,,0.0,0.027273,0.9406119862393628,0.1050563777609549,0.0268560913721744,0.0595351798790194,0.1193887297039159,0.0050939191340337,4.68213122712422,1.791759469228055,2.8903717578961645,0.1300813008130081,0.36,0.0276979210526315,0.6842105263157895,-4.626874795660152e-05,0.1333333333333333,0.0297999999999999,0.2743352325780902,0.7752710300590525,0.5742780242908806,0.2792691458395528,1.0,0.6947249127545728,EXPANSION,发酵,0.9443900066327072,0.8102227470433447,0.1333333333333333,0.7398717368421053,0.050542060118105,3141.0,107.0,5.0,123.0,16.0,36.0,38.0,0.1428571428571428,14.0,0.0,1.0,15.0,5.0,35.0,13.97,15.37,,,14.81,6.0129,model_diagnostic_cap,0,,,,0,5,0.15,-0.05,,,11:00,tplus1_first_touch_tp15_sl5_time1100_v2,-0.022648148148148,-0.1127949308755759,0.145134889449237,-0.0332463687339436,-0.0120499275623523,-0.1127949308755759,0.145134889449237,0.1011939247681612,1.0,0.3588686630986697,0.4522859860268982,0.5081085385456322,0.55,-0.03,-0.05,-0.0036649128211528,-0.0361155338041867,,0,0,0,1,0,1,1,1,0,nested_temporal_utility_v1,0.55,-0.05,0.2,0.9,-0.02,-0.0350300666320177,1,0,0,REJECT,没有安全买入价格，放弃,系统仅供人工参考：T日9:25前仅用限价单参与集合竞价；不得使用无上限市价单，高于上限或未成交均放弃,T+1按实际成交价计算15%止盈、5%止损，首次触发即人工退出；均未触发则11:00退出；一字跌停顺延,1,0,LIMIT_ONLY_MANUAL,0,10.0,a_share_price_limit_le_10_v2,eligible_limit_le_10:10.00%:main_board_10pct,0.0,1,0,outside_stage_2_to_3_3_to_4_focus,auction_v10_tp15_sl5_time1100_oos_1,d2347f958f0b3026765cc6189cd90159911fc82346ae9b0886bea8ae661a0c73,2026-07-27T15:37:12+00:00,5b0d37aefa59f1daf1f5bee290dced238da87ff12d71990e2b460bf5657a754a,D_CLOSE_STREAK_PATH_SENTIMENT_V10_NESTED_POLICY_NO_T_LEAKAGE
20260727-002647.SZ-auction_v10_tp15_sl5_time1100_oos_1,20260727,20260728,20260729,002647.SZ,仁东控股,多元金融,1→2,1→2,0,INSUFFICIENT,路径数据不足,连续涨停路径数据不足,1.0,1.0,0.5318524130190796,,,,,,,,0.0,0.0,0.0,0.0,0.0,93.0,5.0,5.0,1.0,0.93,,0.0,0.027273,0.9406119862393628,0.1050563777609549,0.0268560913721744,0.0595351798790194,0.1193887297039159,0.0050939191340337,4.68213122712422,1.791759469228055,2.8903717578961645,0.1300813008130081,0.36,0.0276979210526315,0.6842105263157895,-4.626874795660152e-05,0.1333333333333333,0.0297999999999999,0.2743352325780902,0.7752710300590525,0.5742780242908806,0.2792691458395528,1.0,0.6947249127545728,EXPANSION,发酵,0.9443900066327072,0.8102227470433447,0.1333333333333333,0.7398717368421053,0.050542060118105,3141.0,107.0,5.0,123.0,16.0,36.0,38.0,0.1428571428571428,14.0,0.0,1.0,15.0,5.0,81.0,8.92,9.81,,,9.46,6.0538,model_diagnostic_cap,0,,,,0,5,0.15,-0.05,,,11:00,tplus1_first_touch_tp15_sl5_time1100_v2,-0.022648148148148,-0.1127949308755759,0.145134889449237,-0.0332463687339436,-0.0120499275623523,-0.1127949308755759,0.145134889449237,0.0959700952308984,1.0,0.3588686630986697,0.4522859860268982,0.462005750490895,0.55,-0.03,-0.05,-0.0034757228090993,-0.036120757633724,,0,0,0,1,0,1,1,1,0,nested_temporal_utility_v1,0.55,-0.05,0.2,0.9,-0.02,-0.0350300666320177,1,0,0,REJECT,没有安全买入价格，放弃,系统仅供人工参考：T日9:25前仅用限价单参与集合竞价；不得使用无上限市价单，高于上限或未成交均放弃,T+1按实际成交价计算15%止盈、5%止损，首次触发即人工退出；均未触发则11:00退出；一字跌停顺延,1,0,LIMIT_ONLY_MANUAL,0,10.0,a_share_price_limit_le_10_v2,eligible_limit_le_10:10.00%:main_board_10pct,0.0,1,0,outside_stage_2_to_3_3_to_4_focus,auction_v10_tp15_sl5_time1100_oos_1,d2347f958f0b3026765cc6189cd90159911fc82346ae9b0886bea8ae661a0c73,2026-07-27T15:37:12+00:00,5b0d37aefa59f1daf1f5bee290dced238da87ff12d71990e2b460bf5657a754a,D_CLOSE_STREAK_PATH_SENTIMENT_V10_NESTED_POLICY_NO_T_LEAKAGE
20260727-603988.SH-auction_v10_tp15_sl5_time1100_oos_1,20260727,20260728,20260729,603988.SH,中电电机,电机Ⅱ,1→2,1→2,0,INSUFFICIENT,路径数据不足,连续涨停路径数据不足,1.0,1.0,0.494530303030303,,,,,,,,0.0,0.0,0.0,0.0,0.0,93.0,5.0,5.0,1.0,0.93,,0.0,0.027273,0.9406119862393628,0.1050563777609549,0.0268560913721744,0.0595351798790194,0.1193887297039159,0.0050939191340337,4.68213122712422,1.791759469228055,2.8903717578961645,0.1300813008130081,0.36,0.0276979210526315,0.6842105263157895,-4.626874795660152e-05,0.1333333333333333,0.0297999999999999,0.2743352325780902,0.7752710300590525,0.5742780242908806,0.2792691458395528,1.0,0.6947249127545728,EXPANSION,发酵,0.9443900066327072,0.8102227470433447,0.1333333333333333,0.7398717368421053,0.050542060118105,3141.0,107.0,5.0,123.0,16.0,36.0,38.0,0.1428571428571428,14.0,0.0,1.0,15.0,5.0,10.0,18.04,19.84,,,19.12,5.9867,model_diagnostic_cap,0,,,,0,5,0.15,-0.05,,,11:00,tplus1_first_touch_tp15_sl5_time1100_v2,-0.022648148148148,-0.1127949308755759,0.145134889449237,-0.0332463687339436,-0.0120499275623523,-0.1127949308755759,0.145134889449237,0.0957358906663805,1.0,0.3588686630986697,0.4522859860268982,0.6599254438542346,0.55,-0.03,-0.05,-0.0034672406861533,-0.0361209918382885,,0,0,0,1,0,1,1,1,0,nested_temporal_utility_v1,0.55,-0.05,0.2,0.9,-0.02,-0.0350300666320177,1,0,0,REJECT,没有安全买入价格，放弃,系统仅供人工参考：T日9:25前仅用限价单参与集合竞价；不得使用无上限市价单，高于上限或未成交均放弃,T+1按实际成交价计算15%止盈、5%止损，首次触发即人工退出；均未触发则11:00退出；一字跌停顺延,1,0,LIMIT_ONLY_MANUAL,0,10.0,a_share_price_limit_le_10_v2,eligible_limit_le_10:10.00%:main_board_10pct,1.0,1,0,outside_stage_2_to_3_3_to_4_focus,auction_v10_tp15_sl5_time1100_oos_1,d2347f958f0b3026765cc6189cd90159911fc82346ae9b0886bea8ae661a0c73,2026-07-27T15:37:12+00:00,5b0d37aefa59f1daf1f5bee290dced238da87ff12d71990e2b460bf5657a754a,D_CLOSE_STREAK_PATH_SENTIMENT_V10_NESTED_POLICY_NO_T_LEAKAGE
20260727-002969.SZ-auction_v10_tp15_sl5_time1100_oos_1,20260727,20260728,20260729,002969.SZ,嘉美包装,包装印刷,1→2,1→2,0,INSUFFICIENT,路径数据不足,连续涨停路径数据不足,1.0,1.0,0.8685,,,,,,,,0.0,0.0,0.0,0.0,0.0,93.0,5.0,5.0,2.0,0.93,,0.0,0.027273,0.9406119862393628,0.1050563777609549,0.0268560913721744,0.0595351798790194,0.1193887297039159,0.0050939191340337,4.68213122712422,1.791759469228055,2.8903717578961645,0.1300813008130081,0.36,0.0276979210526315,0.6842105263157895,-4.626874795660152e-05,0.1333333333333333,0.0297999999999999,0.2743352325780902,0.7752710300590525,0.5742780242908806,0.2792691458395528,1.0,0.6947249127545728,EXPANSION,发酵,0.9443900066327072,0.8102227470433447,0.1333333333333333,0.7398717368421053,0.050542060118105,3141.0,107.0,5.0,123.0,16.0,36.0,38.0,0.1428571428571428,14.0,0.0,1.0,15.0,5.0,65.0,11.46,12.6,,,12.15,6.0209,model_diagnostic_cap,0,,,,0,5,0.15,-0.05,,,11:00,tplus1_first_touch_tp15_sl5_time1100_v2,-0.022648148148148,-0.1127949308755759,0.145134889449237,-0.0332463687339436,-0.0120499275623523,-0.1127949308755759,0.145134889449237,0.0925662131131347,1.0,0.3588686630986697,0.4522859860268982,0.6381108901677949,0.55,-0.03,-0.05,-0.0033524453372188,-0.0361241615158418,,0,0,0,1,0,1,1,1,0,nested_temporal_utility_v1,0.55,-0.05,0.2,0.9,-0.02,-0.0350300666320177,1,0,0,REJECT,没有安全买入价格，放弃,系统仅供人工参考：T日9:25前仅用限价单参与集合竞价；不得使用无上限市价单，高于上限或未成交均放弃,T+1按实际成交价计算15%止盈、5%止损，首次触发即人工退出；均未触发则11:00退出；一字跌停顺延,1,0,LIMIT_ONLY_MANUAL,0,10.0,a_share_price_limit_le_10_v2,eligible_limit_le_10:10.00%:main_board_10pct,0.0,1,0,outside_stage_2_to_3_3_to_4_focus,auction_v10_tp15_sl5_time1100_oos_1,d2347f958f0b3026765cc6189cd90159911fc82346ae9b0886bea8ae661a0c73,2026-07-27T15:37:12+00:00,5b0d37aefa59f1daf1f5bee290dced238da87ff12d71990e2b460bf5657a754a,D_CLOSE_STREAK_PATH_SENTIMENT_V10_NESTED_POLICY_NO_T_LEAKAGE
20260727-002173.SZ-auction_v10_tp15_sl5_time1100_oos_1,20260727,20260728,20260729,002173.SZ,创新医疗,医疗服务,1→2,1→2,0,INSUFFICIENT,路径数据不足,连续涨停路径数据不足,1.0,1.0,0.740353320438427,,,,,,,,0.0,0.0,0.0,0.0,0.0,93.0,5.0,5.0,1.0,0.93,,0.0,0.027273,0.9406119862393628,0.1050563777609549,0.0268560913721744,0.0595351798790194,0.1193887297039159,0.0050939191340337,4.68213122712422,1.791759469228055,2.8903717578961645,0.1300813008130081,0.36,0.0276979210526315,0.6842105263157895,-4.626874795660152e-05,0.1333333333333333,0.0297999999999999,0.2743352325780902,0.7752710300590525,0.5742780242908806,0.2792691458395528,1.0,0.6947249127545728,EXPANSION,发酵,0.9443900066327072,0.8102227470433447,0.1333333333333333,0.7398717368421053,0.050542060118105,3141.0,107.0,5.0,123.0,16.0,36.0,38.0,0.1428571428571428,14.0,0.0,1.0,15.0,5.0,2.0,20.69,22.76,,,21.93,5.9932,model_diagnostic_cap,0,,,,0,5,0.15,-0.05,,,11:00,tplus1_first_touch_tp15_sl5_time1100_v2,-0.022648148148148,-0.1127949308755759,0.145134889449237,-0.0332463687339436,-0.0120499275623523,-0.1127949308755759,0.145134889449237,0.0912834997984935,1.0,0.3588686630986697,0.4522859860268982,0.7163307606047452,0.55,-0.03,-0.05,-0.0033059896583481,-0.0361254442291564,,0,0,0,1,0,1,1,1,0,nested_temporal_utility_v1,0.55,-0.05,0.2,0.9,-0.02,-0.0350300666320177,1,0,0,REJECT,没有安全买入价格，放弃,系统仅供人工参考：T日9:25前仅用限价单参与集合竞价；不得使用无上限市价单，高于上限或未成交均放弃,T+1按实际成交价计算15%止盈、5%止损，首次触发即人工退出；均未触发则11:00退出；一字跌停顺延,1,0,LIMIT_ONLY_MANUAL,0,10.0,a_share_price_limit_le_10_v2,eligible_limit_le_10:10.00%:main_board_10pct,0.0,1,0,outside_stage_2_to_3_3_to_4_focus,auction_v10_tp15_sl5_time1100_oos_1,d2347f958f0b3026765cc6189cd90159911fc82346ae9b0886bea8ae661a0c73,2026-07-27T15:37:12+00:00,5b0d37aefa59f1daf1f5bee290dced238da87ff12d71990e2b460bf5657a754a,D_CLOSE_STREAK_PATH_SENTIMENT_V10_NESTED_POLICY_NO_T_LEAKAGE
20260727-002158.SZ-auction_v10_tp15_sl5_time1100_oos_1,20260727,20260728,20260729,002158.SZ,汉钟精机,通用设备,1→2,1→2,0,INSUFFICIENT,路径数据不足,连续涨停路径数据不足,1.0,1.0,0.3879833701694414,,,,,,,,0.0,0.0,0.0,0.0,0.0,93.0,5.0,5.0,1.0,0.93,,0.0,0.027273,0.9406119862393628,0.1050563777609549,0.0268560913721744,0.0595351798790194,0.1193887297039159,0.0050939191340337,4.68213122712422,1.791759469228055,2.8903717578961645,0.1300813008130081,0.36,0.0276979210526315,0.6842105263157895,-4.626874795660152e-05,0.1333333333333333,0.0297999999999999,0.2743352325780902,0.7752710300590525,0.5742780242908806,0.2792691458395528,1.0,0.6947249127545728,EXPANSION,发酵,0.9443900066327072,0.8102227470433447,0.1333333333333333,0.7398717368421053,0.050542060118105,3141.0,107.0,5.0,123.0,16.0,36.0,38.0,0.1428571428571428,14.0,0.0,1.0,15.0,5.0,77.0,27.35,30.09,,,28.99,5.9963,model_diagnostic_cap,0,,,,0,5,0.15,-0.05,,,11:00,tplus1_first_touch_tp15_sl5_time1100_v2,-0.022648148148148,-0.1127949308755759,0.145134889449237,-0.0332463687339436,-0.0120499275623523,-0.1127949308755759,0.145134889449237,0.0909653633640948,1.0,0.3588686630986697,0.4522859860268982,0.4166327323962413,0.55,-0.03,-0.05,-0.0032944677977228,-0.0361257623655908,,0,0,0,1,0,1,1,1,0,nested_temporal_utility_v1,0.55,-0.05,0.2,0.9,-0.02,-0.0350300666320177,1,0,0,REJECT,没有安全买入价格，放弃,系统仅供人工参考：T日9:25前仅用限价单参与集合竞价；不得使用无上限市价单，高于上限或未成交均放弃,T+1按实际成交价计算15%止盈、5%止损，首次触发即人工退出；均未触发则11:00退出；一字跌停顺延,1,0,LIMIT_ONLY_MANUAL,0,10.0,a_share_price_limit_le_10_v2,eligible_limit_le_10:10.00%:main_board_10pct,0.0,1,0,outside_stage_2_to_3_3_to_4_focus,auction_v10_tp15_sl5_time1100_oos_1,d2347f958f0b3026765cc6189cd90159911fc82346ae9b0886bea8ae661a0c73,2026-07-27T15:37:12+00:00,5b0d37aefa59f1daf1f5bee290dced238da87ff12d71990e2b460bf5657a754a,D_CLOSE_STREAK_PATH_SENTIMENT_V10_NESTED_POLICY_NO_T_LEAKAGE
20260727-603931.SH-auction_v10_tp15_sl5_time1100_oos_1,20260727,20260728,20260729,603931.SH,格林达,电子化学,1→2,1→2,0,INSUFFICIENT,路径数据不足,连续涨停路径数据不足,1.0,1.0,0.8088855116514692,,,,,,,,0.0,0.0,0.0,0.0,0.0,93.0,5.0,5.0,2.0,0.93,,0.0,0.027273,0.9406119862393628,0.1050563777609549,0.0268560913721744,0.0595351798790194,0.1193887297039159,0.0050939191340337,4.68213122712422,1.791759469228055,2.8903717578961645,0.1300813008130081,0.36,0.0276979210526315,0.6842105263157895,-4.626874795660152e-05,0.1333333333333333,0.0297999999999999,0.2743352325780902,0.7752710300590525,0.5742780242908806,0.2792691458395528,1.0,0.6947249127545728,EXPANSION,发酵,0.9443900066327072,0.8102227470433447,0.1333333333333333,0.7398717368421053,0.050542060118105,3141.0,107.0,5.0,123.0,16.0,36.0,38.0,0.1428571428571428,14.0,0.0,1.0,15.0,5.0,110.0,36.22,39.84,,,38.39,5.9912,model_diagnostic_cap,0,,,,0,5,0.15,-0.05,,,11:00,tplus1_first_touch_tp15_sl5_time1100_v2,-0.022648148148148,-0.1127949308755759,0.145134889449237,-0.0332463687339436,-0.0120499275623523,-0.1127949308755759,0.145134889449237,0.090757688362341,1.0,0.3588686630986697,0.4522859860268982,0.4803997824256547,0.55,-0.03,-0.05,-0.0032869464887282,-0.0361259700405926,,0,0,0,1,0,1,1,1,0,nested_temporal_utility_v1,0.55,-0.05,0.2,0.9,-0.02,-0.0350300666320177,1,0,0,REJECT,没有安全买入价格，放弃,系统仅供人工参考：T日9:25前仅用限价单参与集合竞价；不得使用无上限市价单，高于上限或未成交均放弃,T+1按实际成交价计算15%止盈、5%止损，首次触发即人工退出；均未触发则11:00退出；一字跌停顺延,1,0,LIMIT_ONLY_MANUAL,0,10.0,a_share_price_limit_le_10_v2,eligible_limit_le_10:10.00%:main_board_10pct,0.0,1,0,outside_stage_2_to_3_3_to_4_focus,auction_v10_tp15_sl5_time1100_oos_1,d2347f958f0b3026765cc6189cd90159911fc82346ae9b0886bea8ae661a0c73,2026-07-27T15:37:12+00:00,5b0d37aefa59f1daf1f5bee290dced238da87ff12d71990e2b460bf5657a754a,D_CLOSE_STREAK_PATH_SENTIMENT_V10_NESTED_POLICY_NO_T_LEAKAGE
20260727-002029.SZ-auction_v10_tp15_sl5_time1100_oos_1,20260727,20260728,20260729,002029.SZ,七 匹 狼,服装家纺,1→2,1→2,0,INSUFFICIENT,路径数据不足,连续涨停路径数据不足,1.0,1.0,0.5565865504358658,,,,,,,,0.0,0.0,0.0,0.0,0.0,93.0,5.0,5.0,3.0,0.93,,0.0,0.027273,0.9406119862393628,0.1050563777609549,0.0268560913721744,0.0595351798790194,0.1193887297039159,0.0050939191340337,4.68213122712422,1.791759469228055,2.8903717578961645,0.1300813008130081,0.36,0.0276979210526315,0.6842105263157895,-4.626874795660152e-05,0.1333333333333333,0.0297999999999999,0.2743352325780902,0.7752710300590525,0.5742780242908806,0.2792691458395528,1.0,0.6947249127545728,EXPANSION,发酵,0.9443900066327072,0.8102227470433447,0.1333333333333333,0.7398717368421053,0.050542060118105,3141.0,107.0,5.0,123.0,16.0,36.0,38.0,0.1428571428571428,14.0,0.0,1.0,15.0,5.0,92.0,8.0,8.8,,,8.44,5.5,model_diagnostic_cap,0,,,,0,5,0.15,-0.05,,,11:00,tplus1_first_touch_tp15_sl5_time1100_v2,-0.022648148148148,-0.1127949308755759,0.145134889449237,-0.0332463687339436,-0.0120499275623523,-0.1127949308755759,0.145134889449237,0.0897823281783334,1.0,0.3588686630986697,0.4522859860268982,0.4655152319691029,0.55,-0.03,-0.05,-0.0032516221345063,-0.0361269454007766,,0,0,0,1,0,1,1,1,0,nested_temporal_utility_v1,0.55,-0.05,0.2,0.9,-0.02,-0.0350300666320177,1,0,0,REJECT,没有安全买入价格，放弃,系统仅供人工参考：T日9:25前仅用限价单参与集合竞价；不得使用无上限市价单，高于上限或未成交均放弃,T+1按实际成交价计算15%止盈、5%止损，首次触发即人工退出；均未触发则11:00退出；一字跌停顺延,1,0,LIMIT_ONLY_MANUAL,0,10.0,a_share_price_limit_le_10_v2,eligible_limit_le_10:10.00%:main_board_10pct,0.0,1,0,outside_stage_2_to_3_3_to_4_focus,auction_v10_tp15_sl5_time1100_oos_1,d2347f958f0b3026765cc6189cd90159911fc82346ae9b0886bea8ae661a0c73,2026-07-27T15:37:12+00:00,5b0d37aefa59f1daf1f5bee290dced238da87ff12d71990e2b460bf5657a754a,D_CLOSE_STREAK_PATH_SENTIMENT_V10_NESTED_POLICY_NO_T_LEAKAGE
20260727-603608.SH-auction_v10_tp15_sl5_time1100_oos_1,20260727,20260728,20260729,603608.SH,天创时尚,服装家纺,1→2,1→2,0,INSUFFICIENT,路径数据不足,连续涨停路径数据不足,1.0,1.0,0.3314552504320624,,,,,,,,0.0,0.0,0.0,0.0,0.0,93.0,5.0,5.0,3.0,0.93,,0.0,0.027273,0.9406119862393628,0.1050563777609549,0.0268560913721744,0.0595351798790194,0.1193887297039159,0.0050939191340337,4.68213122712422,1.791759469228055,2.8903717578961645,0.1300813008130081,0.36,0.0276979210526315,0.6842105263157895,-4.626874795660152e-05,0.1333333333333333,0.0297999999999999,0.2743352325780902,0.7752710300590525,0.5742780242908806,0.2792691458395528,1.0,0.6947249127545728,EXPANSION,发酵,0.9443900066327072,0.8102227470433447,0.1333333333333333,0.7398717368421053,0.050542060118105,3141.0,107.0,5.0,123.0,16.0,36.0,38.0,0.1428571428571428,14.0,0.0,1.0,15.0,5.0,55.0,18.35,20.19,,,19.45,5.9946,model_diagnostic_cap,0,,,,0,5,0.15,-0.05,,,11:00,tplus1_first_touch_tp15_sl5_time1100_v2,-0.022648148148148,-0.1127949308755759,0.145134889449237,-0.0332463687339436,-0.0120499275623523,-0.1127949308755759,0.145134889449237,0.0892365535779092,1.0,0.3588686630986697,0.4522859860268982,0.4456564826297951,0.55,-0.03,-0.05,-0.0032318559644014,-0.036127491175377,,0,0,0,1,0,1,1,1,0,nested_temporal_utility_v1,0.55,-0.05,0.2,0.9,-0.02,-0.0350300666320177,1,0,0,REJECT,没有安全买入价格，放弃,系统仅供人工参考：T日9:25前仅用限价单参与集合竞价；不得使用无上限市价单，高于上限或未成交均放弃,T+1按实际成交价计算15%止盈、5%止损，首次触发即人工退出；均未触发则11:00退出；一字跌停顺延,1,0,LIMIT_ONLY_MANUAL,0,10.0,a_share_price_limit_le_10_v2,eligible_limit_le_10:10.00%:main_board_10pct,0.0,1,0,outside_stage_2_to_3_3_to_4_focus,auction_v10_tp15_sl5_time1100_oos_1,d2347f958f0b3026765cc6189cd90159911fc82346ae9b0886bea8ae661a0c73,2026-07-27T15:37:12+00:00,5b0d37aefa59f1daf1f5bee290dced238da87ff12d71990e2b460bf5657a754a,D_CLOSE_STREAK_PATH_SENTIMENT_V10_NESTED_POLICY_NO_T_LEAKAGE
20260727-600962.SH-auction_v10_tp15_sl5_time1100_oos_1,20260727,20260728,20260729,600962.SH,国投中鲁,农产品加,1→2,1→2,0,INSUFFICIENT,路径数据不足,连续涨停路径数据不足,1.0,1.0,0.6828973378646276,,,,,,,,0.0,0.0,0.0,0.0,0.0,93.0,5.0,5.0,2.0,0.93,,0.0,0.027273,0.9406119862393628,0.1050563777609549,0.0268560913721744,0.0595351798790194,0.1193887297039159,0.0050939191340337,4.68213122712422,1.791759469228055,2.8903717578961645,0.1300813008130081,0.36,0.0276979210526315,0.6842105263157895,-4.626874795660152e-05,0.1333333333333333,0.0297999999999999,0.2743352325780902,0.7752710300590525,0.5742780242908806,0.2792691458395528,1.0,0.6947249127545728,EXPANSION,发酵,0.9443900066327072,0.8102227470433447,0.1333333333333333,0.7398717368421053,0.050542060118105,3141.0,107.0,5.0,123.0,16.0,36.0,38.0,0.1428571428571428,14.0,0.0,1.0,15.0,5.0,51.0,23.57,25.92,,,24.98,5.9822,model_diagnostic_cap,0,,,,0,5,0.15,-0.05,,,11:00,tplus1_first_touch_tp15_sl5_time1100_v2,-0.022648148148148,-0.1127949308755759,0.145134889449237,-0.0332463687339436,-0.0120499275623523,-0.1127949308755759,0.145134889449237,0.0753981574894558,1.0,0.3588686630986697,0.4522859860268982,0.8701236458735422,0.55,-0.03,-0.05,-0.0027306745410604,-0.0361413295714654,,0,0,0,1,0,1,1,1,0,nested_temporal_utility_v1,0.55,-0.05,0.2,0.9,-0.02,-0.0350300666320177,1,0,0,REJECT,没有安全买入价格，放弃,系统仅供人工参考：T日9:25前仅用限价单参与集合竞价；不得使用无上限市价单，高于上限或未成交均放弃,T+1按实际成交价计算15%止盈、5%止损，首次触发即人工退出；均未触发则11:00退出；一字跌停顺延,1,0,LIMIT_ONLY_MANUAL,0,10.0,a_share_price_limit_le_10_v2,eligible_limit_le_10:10.00%:main_board_10pct,1.0,1,0,outside_stage_2_to_3_3_to_4_focus,auction_v10_tp15_sl5_time1100_oos_1,d2347f958f0b3026765cc6189cd90159911fc82346ae9b0886bea8ae661a0c73,2026-07-27T15:37:12+00:00,5b0d37aefa59f1daf1f5bee290dced238da87ff12d71990e2b460bf5657a754a,D_CLOSE_STREAK_PATH_SENTIMENT_V10_NESTED_POLICY_NO_T_LEAKAGE
20260727-002580.SZ-auction_v10_tp15_sl5_time1100_oos_1,20260727,20260728,20260729,002580.SZ,圣阳股份,电池,1→2,1→2,0,INSUFFICIENT,路径数据不足,连续涨停路径数据不足,1.0,1.0,0.9660130718954244,,,,,,,,0.0,0.0,0.0,0.0,0.0,93.0,5.0,5.0,3.0,0.93,,0.0,0.027273,0.9406119862393628,0.1050563777609549,0.0268560913721744,0.0595351798790194,0.1193887297039159,0.0050939191340337,4.68213122712422,1.791759469228055,2.8903717578961645,0.1300813008130081,0.36,0.0276979210526315,0.6842105263157895,-4.626874795660152e-05,0.1333333333333333,0.0297999999999999,0.2743352325780902,0.7752710300590525,0.5742780242908806,0.2792691458395528,1.0,0.6947249127545728,EXPANSION,发酵,0.9443900066327072,0.8102227470433447,0.1333333333333333,0.7398717368421053,0.050542060118105,3141.0,107.0,5.0,123.0,16.0,36.0,38.0,0.1428571428571428,14.0,0.0,1.0,15.0,5.0,60.0,16.87,18.55,,,17.88,5.987,model_diagnostic_cap,0,,,,0,5,0.15,-0.05,,,11:00,tplus1_first_touch_tp15_sl5_time1100_v2,-0.022648148148148,-0.1127949308755759,0.145134889449237,-0.0332463687339436,-0.0120499275623523,-0.1127949308755759,0.145134889449237,0.0748310799292975,1.0,0.3588686630986697,0.4522859860268982,0.6880649662821821,0.55,-0.03,-0.05,-0.002710136847463,-0.0361418966490256,,0,0,0,1,0,1,1,1,0,nested_temporal_utility_v1,0.55,-0.05,0.2,0.9,-0.02,-0.0350300666320177,1,0,0,REJECT,没有安全买入价格，放弃,系统仅供人工参考：T日9:25前仅用限价单参与集合竞价；不得使用无上限市价单，高于上限或未成交均放弃,T+1按实际成交价计算15%止盈、5%止损，首次触发即人工退出；均未触发则11:00退出；一字跌停顺延,1,0,LIMIT_ONLY_MANUAL,0,10.0,a_share_price_limit_le_10_v2,eligible_limit_le_10:10.00%:main_board_10pct,0.0,1,0,outside_stage_2_to_3_3_to_4_focus,auction_v10_tp15_sl5_time1100_oos_1,d2347f958f0b3026765cc6189cd90159911fc82346ae9b0886bea8ae661a0c73,2026-07-27T15:37:12+00:00,5b0d37aefa59f1daf1f5bee290dced238da87ff12d71990e2b460bf5657a754a,D_CLOSE_STREAK_PATH_SENTIMENT_V10_NESTED_POLICY_NO_T_LEAKAGE
20260727-000566.SZ-auction_v10_tp15_sl5_time1100_oos_1,20260727,20260728,20260729,000566.SZ,海南海药,化学制药,1→2,1→2,0,INSUFFICIENT,路径数据不足,连续涨停路径数据不足,1.0,1.0,0.8167878787878787,,,,,,,,0.0,0.0,0.0,0.0,0.0,93.0,5.0,5.0,5.0,0.93,,0.0,0.027273,0.9406119862393628,0.1050563777609549,0.0268560913721744,0.0595351798790194,0.1193887297039159,0.0050939191340337,4.68213122712422,1.791759469228055,2.8903717578961645,0.1300813008130081,0.36,0.0276979210526315,0.6842105263157895,-4.626874795660152e-05,0.1333333333333333,0.0297999999999999,0.2743352325780902,0.7752710300590525,0.5742780242908806,0.2792691458395528,1.0,0.6947249127545728,EXPANSION,发酵,0.9443900066327072,0.8102227470433447,0.1333333333333333,0.7398717368421053,0.050542060118105,3141.0,107.0,5.0,123.0,16.0,36.0,38.0,0.1428571428571428,14.0,0.0,1.0,15.0,5.0,50.0,5.3,5.83,,,5.62,6.0377,model_diagnostic_cap,0,,,,0,5,0.15,-0.05,,,11:00,tplus1_first_touch_tp15_sl5_time1100_v2,-0.022648148148148,-0.1127949308755759,0.145134889449237,-0.0332463687339436,-0.0120499275623523,-0.1127949308755759,0.145134889449237,0.074566015647532,1.0,0.3588686630986697,0.4522859860268982,0.6177701492022498,0.55,-0.03,-0.05,-0.0027005370865396,-0.0361421617133074,,0,0,0,1,0,1,1,1,0,nested_temporal_utility_v1,0.55,-0.05,0.2,0.9,-0.02,-0.0350300666320177,1,0,0,REJECT,没有安全买入价格，放弃,系统仅供人工参考：T日9:25前仅用限价单参与集合竞价；不得使用无上限市价单，高于上限或未成交均放弃,T+1按实际成交价计算15%止盈、5%止损，首次触发即人工退出；均未触发则11:00退出；一字跌停顺延,1,0,LIMIT_ONLY_MANUAL,0,10.0,a_share_price_limit_le_10_v2,eligible_limit_le_10:10.00%:main_board_10pct,0.0,1,0,outside_stage_2_to_3_3_to_4_focus,auction_v10_tp15_sl5_time1100_oos_1,d2347f958f0b3026765cc6189cd90159911fc82346ae9b0886bea8ae661a0c73,2026-07-27T15:37:12+00:00,5b0d37aefa59f1daf1f5bee290dced238da87ff12d71990e2b460bf5657a754a,D_CLOSE_STREAK_PATH_SENTIMENT_V10_NESTED_POLICY_NO_T_LEAKAGE
20260727-603660.SH-auction_v10_tp15_sl5_time1100_oos_1,20260727,20260728,20260729,603660.SH,苏州科达,计算机设,1→2,1→2,0,INSUFFICIENT,路径数据不足,连续涨停路径数据不足,1.0,1.0,0.7639458874458875,,,,,,,,0.0,0.0,0.0,0.0,0.0,93.0,5.0,5.0,2.0,0.93,,0.0,0.027273,0.9406119862393628,0.1050563777609549,0.0268560913721744,0.0595351798790194,0.1193887297039159,0.0050939191340337,4.68213122712422,1.791759469228055,2.8903717578961645,0.1300813008130081,0.36,0.0276979210526315,0.6842105263157895,-4.626874795660152e-05,0.1333333333333333,0.0297999999999999,0.2743352325780902,0.7752710300590525,0.5742780242908806,0.2792691458395528,1.0,0.6947249127545728,EXPANSION,发酵,0.9443900066327072,0.8102227470433447,0.1333333333333333,0.7398717368421053,0.050542060118105,3141.0,107.0,5.0,123.0,16.0,36.0,38.0,0.1428571428571428,14.0,0.0,1.0,15.0,5.0,79.0,8.48,9.33,,,8.99,6.0142,model_diagnostic_cap,0,,,,0,5,0.15,-0.05,,,11:00,tplus1_first_touch_tp15_sl5_time1100_v2,-0.022648148148148,-0.1127949308755759,0.145134889449237,-0.0332463687339436,-0.0120499275623523,-0.1127949308755759,0.145134889449237,0.0745611202676731,1.0,0.3588686630986697,0.4522859860268982,0.5846500648782542,0.55,-0.03,-0.05,-0.0027003597919001,-0.0361421666086872,,0,0,0,1,0,1,1,1,0,nested_temporal_utility_v1,0.55,-0.05,0.2,0.9,-0.02,-0.0350300666320177,1,0,0,REJECT,没有安全买入价格，放弃,系统仅供人工参考：T日9:25前仅用限价单参与集合竞价；不得使用无上限市价单，高于上限或未成交均放弃,T+1按实际成交价计算15%止盈、5%止损，首次触发即人工退出；均未触发则11:00退出；一字跌停顺延,1,0,LIMIT_ONLY_MANUAL,0,10.0,a_share_price_limit_le_10_v2,eligible_limit_le_10:10.00%:main_board_10pct,0.0,1,0,outside_stage_2_to_3_3_to_4_focus,auction_v10_tp15_sl5_time1100_oos_1,d2347f958f0b3026765cc6189cd90159911fc82346ae9b0886bea8ae661a0c73,2026-07-27T15:37:12+00:00,5b0d37aefa59f1daf1f5bee290dced238da87ff12d71990e2b460bf5657a754a,D_CLOSE_STREAK_PATH_SENTIMENT_V10_NESTED_POLICY_NO_T_LEAKAGE
20260727-002900.SZ-auction_v10_tp15_sl5_time1100_oos_1,20260727,20260728,20260729,002900.SZ,哈三联,化学制药,1→2,1→2,0,INSUFFICIENT,路径数据不足,连续涨停路径数据不足,1.0,1.0,0.5723216643915965,,,,,,,,0.0,0.0,0.0,0.0,0.0,93.0,5.0,5.0,5.0,0.93,,0.0,0.027273,0.9406119862393628,0.1050563777609549,0.0268560913721744,0.0595351798790194,0.1193887297039159,0.0050939191340337,4.68213122712422,1.791759469228055,2.8903717578961645,0.1300813008130081,0.36,0.0276979210526315,0.6842105263157895,-4.626874795660152e-05,0.1333333333333333,0.0297999999999999,0.2743352325780902,0.7752710300590525,0.5742780242908806,0.2792691458395528,1.0,0.6947249127545728,EXPANSION,发酵,0.9443900066327072,0.8102227470433447,0.1333333333333333,0.7398717368421053,0.050542060118105,3141.0,107.0,5.0,123.0,16.0,36.0,38.0,0.1428571428571428,14.0,0.0,1.0,15.0,5.0,25.0,12.54,13.79,,,13.29,5.9809,model_diagnostic_cap,0,,,,0,5,0.15,-0.05,,,11:00,tplus1_first_touch_tp15_sl5_time1100_v2,-0.022648148148148,-0.1127949308755759,0.145134889449237,-0.0332463687339436,-0.0120499275623523,-0.1127949308755759,0.145134889449237,0.0744722353881977,1.0,0.3588686630986697,0.4522859860268982,0.910191612855577,0.55,-0.03,-0.05,-0.002697140672421,-0.0361422554935667,,0,0,0,1,0,1,1,1,0,nested_temporal_utility_v1,0.55,-0.05,0.2,0.9,-0.02,-0.0350300666320177,1,0,0,REJECT,没有安全买入价格，放弃,系统仅供人工参考：T日9:25前仅用限价单参与集合竞价；不得使用无上限市价单，高于上限或未成交均放弃,T+1按实际成交价计算15%止盈、5%止损，首次触发即人工退出；均未触发则11:00退出；一字跌停顺延,1,0,LIMIT_ONLY_MANUAL,0,10.0,a_share_price_limit_le_10_v2,eligible_limit_le_10:10.00%:main_board_10pct,1.0,1,0,outside_stage_2_to_3_3_to_4_focus,auction_v10_tp15_sl5_time1100_oos_1,d2347f958f0b3026765cc6189cd90159911fc82346ae9b0886bea8ae661a0c73,2026-07-27T15:37:12+00:00,5b0d37aefa59f1daf1f5bee290dced238da87ff12d71990e2b460bf5657a754a,D_CLOSE_STREAK_PATH_SENTIMENT_V10_NESTED_POLICY_NO_T_LEAKAGE
20260727-002235.SZ-auction_v10_tp15_sl5_time1100_oos_1,20260727,20260728,20260729,002235.SZ,安妮股份,造纸,1→2,1→2,0,INSUFFICIENT,路径数据不足,连续涨停路径数据不足,1.0,1.0,0.7924848484848488,,,,,,,,0.0,0.0,0.0,0.0,0.0,93.0,5.0,5.0,1.0,0.93,,0.0,0.027273,0.9406119862393628,0.1050563777609549,0.0268560913721744,0.0595351798790194,0.1193887297039159,0.0050939191340337,4.68213122712422,1.791759469228055,2.8903717578961645,0.1300813008130081,0.36,0.0276979210526315,0.6842105263157895,-4.626874795660152e-05,0.1333333333333333,0.0297999999999999,0.2743352325780902,0.7752710300590525,0.5742780242908806,0.2792691458395528,1.0,0.6947249127545728,EXPANSION,发酵,0.9443900066327072,0.8102227470433447,0.1333333333333333,0.7398717368421053,0.050542060118105,3141.0,107.0,5.0,123.0,16.0,36.0,38.0,0.1428571428571428,14.0,0.0,1.0,15.0,5.0,52.0,7.22,7.95,,,7.65,5.9557,model_diagnostic_cap,0,,,,0,5,0.15,-0.05,,,11:00,tplus1_first_touch_tp15_sl5_time1100_v2,-0.022648148148148,-0.1127949308755759,0.145134889449237,-0.0332463687339436,-0.0120499275623523,-0.1127949308755759,0.145134889449237,0.0682785546792418,1.0,0.3588686630986697,0.4522859860268982,0.6464625951423948,0.55,-0.03,-0.05,-0.0024728258245446,-0.0361484491742757,,0,0,0,1,0,1,1,1,0,nested_temporal_utility_v1,0.55,-0.05,0.2,0.9,-0.02,-0.0350300666320177,1,0,0,REJECT,没有安全买入价格，放弃,系统仅供人工参考：T日9:25前仅用限价单参与集合竞价；不得使用无上限市价单，高于上限或未成交均放弃,T+1按实际成交价计算15%止盈、5%止损，首次触发即人工退出；均未触发则11:00退出；一字跌停顺延,1,0,LIMIT_ONLY_MANUAL,0,10.0,a_share_price_limit_le_10_v2,eligible_limit_le_10:10.00%:main_board_10pct,0.0,1,0,outside_stage_2_to_3_3_to_4_focus,auction_v10_tp15_sl5_time1100_oos_1,d2347f958f0b3026765cc6189cd90159911fc82346ae9b0886bea8ae661a0c73,2026-07-27T15:37:12+00:00,5b0d37aefa59f1daf1f5bee290dced238da87ff12d71990e2b460bf5657a754a,D_CLOSE_STREAK_PATH_SENTIMENT_V10_NESTED_POLICY_NO_T_LEAKAGE
20260727-002365.SZ-auction_v10_tp15_sl5_time1100_oos_1,20260727,20260728,20260729,002365.SZ,永安药业,化学制药,1→2,1→2,0,INSUFFICIENT,路径数据不足,连续涨停路径数据不足,1.0,1.0,0.8514482758620687,,,,,,,,0.0,0.0,0.0,0.0,0.0,93.0,5.0,5.0,5.0,0.93,,0.0,0.027273,0.9406119862393628,0.1050563777609549,0.0268560913721744,0.0595351798790194,0.1193887297039159,0.0050939191340337,4.68213122712422,1.791759469228055,2.8903717578961645,0.1300813008130081,0.36,0.0276979210526315,0.6842105263157895,-4.626874795660152e-05,0.1333333333333333,0.0297999999999999,0.2743352325780902,0.7752710300590525,0.5742780242908806,0.2792691458395528,1.0,0.6947249127545728,EXPANSION,发酵,0.9443900066327072,0.8102227470433447,0.1333333333333333,0.7398717368421053,0.050542060118105,3141.0,107.0,5.0,123.0,16.0,36.0,38.0,0.1428571428571428,14.0,0.0,1.0,15.0,5.0,61.0,12.79,14.07,,,13.56,6.0203,model_diagnostic_cap,0,,,,0,5,0.15,-0.05,,,11:00,tplus1_first_touch_tp15_sl5_time1100_v2,-0.022648148148148,-0.1127949308755759,0.145134889449237,-0.0332463687339436,-0.0120499275623523,-0.1127949308755759,0.145134889449237,0.0654229389297319,1.0,0.3588686630986697,0.4522859860268982,0.6896012736754589,0.55,-0.03,-0.05,-0.0023694047664461,-0.0361513047900252,,0,0,0,1,0,1,1,1,0,nested_temporal_utility_v1,0.55,-0.05,0.2,0.9,-0.02,-0.0350300666320177,1,0,0,REJECT,没有安全买入价格，放弃,系统仅供人工参考：T日9:25前仅用限价单参与集合竞价；不得使用无上限市价单，高于上限或未成交均放弃,T+1按实际成交价计算15%止盈、5%止损，首次触发即人工退出；均未触发则11:00退出；一字跌停顺延,1,0,LIMIT_ONLY_MANUAL,0,10.0,a_share_price_limit_le_10_v2,eligible_limit_le_10:10.00%:main_board_10pct,0.0,1,0,outside_stage_2_to_3_3_to_4_focus,auction_v10_tp15_sl5_time1100_oos_1,d2347f958f0b3026765cc6189cd90159911fc82346ae9b0886bea8ae661a0c73,2026-07-27T15:37:12+00:00,5b0d37aefa59f1daf1f5bee290dced238da87ff12d71990e2b460bf5657a754a,D_CLOSE_STREAK_PATH_SENTIMENT_V10_NESTED_POLICY_NO_T_LEAKAGE
20260727-000428.SZ-auction_v10_tp15_sl5_time1100_oos_1,20260727,20260728,20260729,000428.SZ,华天酒店,酒店餐饮,1→2,1→2,0,INSUFFICIENT,路径数据不足,连续涨停路径数据不足,1.0,1.0,0.8399545454545455,,,,,,,,0.0,0.0,0.0,0.0,0.0,93.0,5.0,5.0,2.0,0.93,,0.0,0.027273,0.9406119862393628,0.1050563777609549,0.0268560913721744,0.0595351798790194,0.1193887297039159,0.0050939191340337,4.68213122712422,1.791759469228055,2.8903717578961645,0.1300813008130081,0.36,0.0276979210526315,0.6842105263157895,-4.626874795660152e-05,0.1333333333333333,0.0297999999999999,0.2743352325780902,0.7752710300590525,0.5742780242908806,0.2792691458395528,1.0,0.6947249127545728,EXPANSION,发酵,0.9443900066327072,0.8102227470433447,0.1333333333333333,0.7398717368421053,0.050542060118105,3141.0,107.0,5.0,123.0,16.0,36.0,38.0,0.1428571428571428,14.0,0.0,1.0,15.0,5.0,78.0,3.34,3.67,,,3.54,5.988,model_diagnostic_cap,0,,,,0,5,0.15,-0.05,,,11:00,tplus1_first_touch_tp15_sl5_time1100_v2,-0.022648148148148,-0.1127949308755759,0.145134889449237,-0.0332463687339436,-0.0120499275623523,-0.1127949308755759,0.145134889449237,0.0647309307841735,1.0,0.3588686630986697,0.4522859860268982,0.6415846285615034,0.55,-0.03,-0.05,-0.0023443424958522,-0.0361519967981707,,0,0,0,1,0,1,1,1,0,nested_temporal_utility_v1,0.55,-0.05,0.2,0.9,-0.02,-0.0350300666320177,1,0,0,REJECT,没有安全买入价格，放弃,系统仅供人工参考：T日9:25前仅用限价单参与集合竞价；不得使用无上限市价单，高于上限或未成交均放弃,T+1按实际成交价计算15%止盈、5%止损，首次触发即人工退出；均未触发则11:00退出；一字跌停顺延,1,0,LIMIT_ONLY_MANUAL,0,10.0,a_share_price_limit_le_10_v2,eligible_limit_le_10:10.00%:main_board_10pct,0.0,1,0,outside_stage_2_to_3_3_to_4_focus,auction_v10_tp15_sl5_time1100_oos_1,d2347f958f0b3026765cc6189cd90159911fc82346ae9b0886bea8ae661a0c73,2026-07-27T15:37:12+00:00,5b0d37aefa59f1daf1f5bee290dced238da87ff12d71990e2b460bf5657a754a,D_CLOSE_STREAK_PATH_SENTIMENT_V10_NESTED_POLICY_NO_T_LEAKAGE
20260727-002242.SZ-auction_v10_tp15_sl5_time1100_oos_1,20260727,20260728,20260729,002242.SZ,九阳股份,小家电,1→2,1→2,0,INSUFFICIENT,路径数据不足,连续涨停路径数据不足,1.0,1.0,0.7360454545454546,,,,,,,,0.0,0.0,0.0,0.0,0.0,93.0,5.0,5.0,1.0,0.93,,0.0,0.027273,0.9406119862393628,0.1050563777609549,0.0268560913721744,0.0595351798790194,0.1193887297039159,0.0050939191340337,4.68213122712422,1.791759469228055,2.8903717578961645,0.1300813008130081,0.36,0.0276979210526315,0.6842105263157895,-4.626874795660152e-05,0.1333333333333333,0.0297999999999999,0.2743352325780902,0.7752710300590525,0.5742780242908806,0.2792691458395528,1.0,0.6947249127545728,EXPANSION,发酵,0.9443900066327072,0.8102227470433447,0.1333333333333333,0.7398717368421053,0.050542060118105,3141.0,107.0,5.0,123.0,16.0,36.0,38.0,0.1428571428571428,14.0,0.0,1.0,15.0,5.0,49.0,8.88,9.77,,,9.41,5.9685,model_diagnostic_cap,0,,,,0,5,0.15,-0.05,,,11:00,tplus1_first_touch_tp15_sl5_time1100_v2,-0.022648148148148,-0.1127949308755759,0.145134889449237,-0.0332463687339436,-0.0120499275623523,-0.1127949308755759,0.145134889449237,0.0562152420636722,1.0,0.3588686630986697,0.4522859860268982,0.6274855952266516,0.55,-0.03,-0.05,-0.0020359321160373,-0.0361605124868912,,0,0,0,1,0,1,1,1,0,nested_temporal_utility_v1,0.55,-0.05,0.2,0.9,-0.02,-0.0350300666320177,1,0,0,REJECT,没有安全买入价格，放弃,系统仅供人工参考：T日9:25前仅用限价单参与集合竞价；不得使用无上限市价单，高于上限或未成交均放弃,T+1按实际成交价计算15%止盈、5%止损，首次触发即人工退出；均未触发则11:00退出；一字跌停顺延,1,0,LIMIT_ONLY_MANUAL,0,10.0,a_share_price_limit_le_10_v2,eligible_limit_le_10:10.00%:main_board_10pct,0.0,1,0,outside_stage_2_to_3_3_to_4_focus,auction_v10_tp15_sl5_time1100_oos_1,d2347f958f0b3026765cc6189cd90159911fc82346ae9b0886bea8ae661a0c73,2026-07-27T15:37:12+00:00,5b0d37aefa59f1daf1f5bee290dced238da87ff12d71990e2b460bf5657a754a,D_CLOSE_STREAK_PATH_SENTIMENT_V10_NESTED_POLICY_NO_T_LEAKAGE
20260727-603630.SH-auction_v10_tp15_sl5_time1100_oos_1,20260727,20260728,20260729,603630.SH,拉芳家化,化妆品,1→2,1→2,0,INSUFFICIENT,路径数据不足,连续涨停路径数据不足,1.0,1.0,0.6576534813786722,,,,,,,,0.0,0.0,0.0,0.0,0.0,93.0,5.0,5.0,1.0,0.93,,0.0,0.027273,0.9406119862393628,0.1050563777609549,0.0268560913721744,0.0595351798790194,0.1193887297039159,0.0050939191340337,4.68213122712422,1.791759469228055,2.8903717578961645,0.1300813008130081,0.36,0.0276979210526315,0.6842105263157895,-4.626874795660152e-05,0.1333333333333333,0.0297999999999999,0.2743352325780902,0.7752710300590525,0.5742780242908806,0.2792691458395528,1.0,0.6947249127545728,EXPANSION,发酵,0.9443900066327072,0.8102227470433447,0.1333333333333333,0.7398717368421053,0.050542060118105,3141.0,107.0,5.0,123.0,16.0,36.0,38.0,0.1428571428571428,14.0,0.0,1.0,15.0,5.0,91.0,14.43,15.87,,,15.3,6.0291,model_diagnostic_cap,0,,,,0,5,0.15,-0.05,,,11:00,tplus1_first_touch_tp15_sl5_time1100_v2,-0.022648148148148,-0.1127949308755759,0.145134889449237,-0.0332463687339436,-0.0120499275623523,-0.1127949308755759,0.145134889449237,0.0540692758079911,1.0,0.3588686630986697,0.4522859860268982,0.5709780407620677,0.55,-0.03,-0.05,-0.0019582122404397,-0.0361626584531469,,0,0,0,1,0,1,1,1,0,nested_temporal_utility_v1,0.55,-0.05,0.2,0.9,-0.02,-0.0350300666320177,1,0,0,REJECT,没有安全买入价格，放弃,系统仅供人工参考：T日9:25前仅用限价单参与集合竞价；不得使用无上限市价单，高于上限或未成交均放弃,T+1按实际成交价计算15%止盈、5%止损，首次触发即人工退出；均未触发则11:00退出；一字跌停顺延,1,0,LIMIT_ONLY_MANUAL,0,10.0,a_share_price_limit_le_10_v2,eligible_limit_le_10:10.00%:main_board_10pct,0.0,1,0,outside_stage_2_to_3_3_to_4_focus,auction_v10_tp15_sl5_time1100_oos_1,d2347f958f0b3026765cc6189cd90159911fc82346ae9b0886bea8ae661a0c73,2026-07-27T15:37:12+00:00,5b0d37aefa59f1daf1f5bee290dced238da87ff12d71990e2b460bf5657a754a,D_CLOSE_STREAK_PATH_SENTIMENT_V10_NESTED_POLICY_NO_T_LEAKAGE
20260727-603097.SH-auction_v10_tp15_sl5_time1100_oos_1,20260727,20260728,20260729,603097.SH,江苏华辰,电网设备,1→2,1→2,0,INSUFFICIENT,路径数据不足,连续涨停路径数据不足,1.0,1.0,0.6533787878787879,,,,,,,,0.0,0.0,0.0,0.0,0.0,93.0,5.0,5.0,3.0,0.93,,0.0,0.027273,0.9406119862393628,0.1050563777609549,0.0268560913721744,0.0595351798790194,0.1193887297039159,0.0050939191340337,4.68213122712422,1.791759469228055,2.8903717578961645,0.1300813008130081,0.36,0.0276979210526315,0.6842105263157895,-4.626874795660152e-05,0.1333333333333333,0.0297999999999999,0.2743352325780902,0.7752710300590525,0.5742780242908806,0.2792691458395528,1.0,0.6947249127545728,EXPANSION,发酵,0.9443900066327072,0.8102227470433447,0.1333333333333333,0.7398717368421053,0.050542060118105,3141.0,107.0,5.0,123.0,16.0,36.0,38.0,0.1428571428571428,14.0,0.0,1.0,15.0,5.0,64.0,16.89,18.58,,,17.73,4.9734,model_diagnostic_cap,0,,,,0,5,0.15,-0.05,,,11:00,tplus1_first_touch_tp15_sl5_time1100_v2,-0.022648148148148,-0.1127949308755759,0.145134889449237,-0.0332463687339436,-0.0120499275623523,-0.1127949308755759,0.145134889449237,0.0522954169530752,1.0,0.3588686630986697,0.4522859860268982,0.616775829938501,0.55,-0.03,-0.05,-0.0018939688772616,-0.0361644323120018,,0,0,0,1,0,1,1,1,0,nested_temporal_utility_v1,0.55,-0.05,0.2,0.9,-0.02,-0.0350300666320177,1,0,0,REJECT,没有安全买入价格，放弃,系统仅供人工参考：T日9:25前仅用限价单参与集合竞价；不得使用无上限市价单，高于上限或未成交均放弃,T+1按实际成交价计算15%止盈、5%止损，首次触发即人工退出；均未触发则11:00退出；一字跌停顺延,1,0,LIMIT_ONLY_MANUAL,0,10.0,a_share_price_limit_le_10_v2,eligible_limit_le_10:10.00%:main_board_10pct,0.0,1,0,outside_stage_2_to_3_3_to_4_focus,auction_v10_tp15_sl5_time1100_oos_1,d2347f958f0b3026765cc6189cd90159911fc82346ae9b0886bea8ae661a0c73,2026-07-27T15:37:12+00:00,5b0d37aefa59f1daf1f5bee290dced238da87ff12d71990e2b460bf5657a754a,D_CLOSE_STREAK_PATH_SENTIMENT_V10_NESTED_POLICY_NO_T_LEAKAGE
20260727-003020.SZ-auction_v10_tp15_sl5_time1100_oos_1,20260727,20260728,20260729,003020.SZ,立方制药,化学制药,1→2,1→2,0,INSUFFICIENT,路径数据不足,连续涨停路径数据不足,1.0,1.0,0.7708181818181818,,,,,,,,0.0,0.0,0.0,0.0,0.0,93.0,5.0,5.0,5.0,0.93,,0.0,0.027273,0.9406119862393628,0.1050563777609549,0.0268560913721744,0.0595351798790194,0.1193887297039159,0.0050939191340337,4.68213122712422,1.791759469228055,2.8903717578961645,0.1300813008130081,0.36,0.0276979210526315,0.6842105263157895,-4.626874795660152e-05,0.1333333333333333,0.0297999999999999,0.2743352325780902,0.7752710300590525,0.5742780242908806,0.2792691458395528,1.0,0.6947249127545728,EXPANSION,发酵,0.9443900066327072,0.8102227470433447,0.1333333333333333,0.7398717368421053,0.050542060118105,3141.0,107.0,5.0,123.0,16.0,36.0,38.0,0.1428571428571428,14.0,0.0,1.0,15.0,5.0,58.0,17.16,18.88,,,18.19,6.0023,model_diagnostic_cap,0,,,,0,5,0.15,-0.05,,,11:00,tplus1_first_touch_tp15_sl5_time1100_v2,-0.022648148148148,-0.1127949308755759,0.145134889449237,-0.0332463687339436,-0.0120499275623523,-0.1127949308755759,0.145134889449237,0.0461352936735511,1.0,0.3588686630986697,0.4522859860268982,0.6629757570641118,0.55,-0.03,-0.05,-0.0016708693696703,-0.0361705924352813,,0,0,0,1,0,1,1,1,0,nested_temporal_utility_v1,0.55,-0.05,0.2,0.9,-0.02,-0.0350300666320177,1,0,0,REJECT,没有安全买入价格，放弃,系统仅供人工参考：T日9:25前仅用限价单参与集合竞价；不得使用无上限市价单，高于上限或未成交均放弃,T+1按实际成交价计算15%止盈、5%止损，首次触发即人工退出；均未触发则11:00退出；一字跌停顺延,1,0,LIMIT_ONLY_MANUAL,0,10.0,a_share_price_limit_le_10_v2,eligible_limit_le_10:10.00%:main_board_10pct,0.0,1,0,outside_stage_2_to_3_3_to_4_focus,auction_v10_tp15_sl5_time1100_oos_1,d2347f958f0b3026765cc6189cd90159911fc82346ae9b0886bea8ae661a0c73,2026-07-27T15:37:12+00:00,5b0d37aefa59f1daf1f5bee290dced238da87ff12d71990e2b460bf5657a754a,D_CLOSE_STREAK_PATH_SENTIMENT_V10_NESTED_POLICY_NO_T_LEAKAGE
20260727-603507.SH-auction_v10_tp15_sl5_time1100_oos_1,20260727,20260728,20260729,603507.SH,振江股份,风电设备,1→2,1→2,0,INSUFFICIENT,路径数据不足,连续涨停路径数据不足,1.0,1.0,0.5375857066319224,,,,,,,,0.0,0.0,0.0,0.0,0.0,93.0,5.0,5.0,2.0,0.93,,0.0,0.027273,0.9406119862393628,0.1050563777609549,0.0268560913721744,0.0595351798790194,0.1193887297039159,0.0050939191340337,4.68213122712422,1.791759469228055,2.8903717578961645,0.1300813008130081,0.36,0.0276979210526315,0.6842105263157895,-4.626874795660152e-05,0.1333333333333333,0.0297999999999999,0.2743352325780902,0.7752710300590525,0.5742780242908806,0.2792691458395528,1.0,0.6947249127545728,EXPANSION,发酵,0.9443900066327072,0.8102227470433447,0.1333333333333333,0.7398717368421053,0.050542060118105,3141.0,107.0,5.0,123.0,16.0,36.0,38.0,0.1428571428571428,14.0,0.0,1.0,15.0,5.0,109.0,24.61,27.07,,,26.09,6.0138,model_diagnostic_cap,0,,,,0,5,0.15,-0.05,,,11:00,tplus1_first_touch_tp15_sl5_time1100_v2,-0.022648148148148,-0.1127949308755759,0.145134889449237,-0.0332463687339436,-0.0120499275623523,-0.1127949308755759,0.145134889449237,0.0458328618568583,1.0,0.3588686630986697,0.4522859860268982,0.4135652519836332,0.55,-0.03,-0.05,-0.0016599162789086,-0.036170894867098,,0,0,0,1,0,1,1,1,0,nested_temporal_utility_v1,0.55,-0.05,0.2,0.9,-0.02,-0.0350300666320177,1,0,0,REJECT,没有安全买入价格，放弃,系统仅供人工参考：T日9:25前仅用限价单参与集合竞价；不得使用无上限市价单，高于上限或未成交均放弃,T+1按实际成交价计算15%止盈、5%止损，首次触发即人工退出；均未触发则11:00退出；一字跌停顺延,1,0,LIMIT_ONLY_MANUAL,0,10.0,a_share_price_limit_le_10_v2,eligible_limit_le_10:10.00%:main_board_10pct,0.0,1,0,outside_stage_2_to_3_3_to_4_focus,auction_v10_tp15_sl5_time1100_oos_1,d2347f958f0b3026765cc6189cd90159911fc82346ae9b0886bea8ae661a0c73,2026-07-27T15:37:12+00:00,5b0d37aefa59f1daf1f5bee290dced238da87ff12d71990e2b460bf5657a754a,D_CLOSE_STREAK_PATH_SENTIMENT_V10_NESTED_POLICY_NO_T_LEAKAGE
20260727-600683.SH-auction_v10_tp15_sl5_time1100_oos_1,20260727,20260728,20260729,600683.SH,京投发展,房地产开发,1→2,1→2,0,INSUFFICIENT,路径数据不足,连续涨停路径数据不足,1.0,1.0,0.7346363636363639,,,,,,,,0.0,0.0,0.0,0.0,0.0,93.0,5.0,5.0,2.0,0.93,,0.0,0.027273,0.9406119862393628,0.1050563777609549,0.0268560913721744,0.0595351798790194,0.1193887297039159,0.0050939191340337,4.68213122712422,1.791759469228055,2.8903717578961645,0.1300813008130081,0.36,0.0276979210526315,0.6842105263157895,-4.626874795660152e-05,0.1333333333333333,0.0297999999999999,0.2743352325780902,0.7752710300590525,0.5742780242908806,0.2792691458395528,1.0,0.6947249127545728,EXPANSION,发酵,0.9443900066327072,0.8102227470433447,0.1333333333333333,0.7398717368421053,0.050542060118105,3141.0,107.0,5.0,123.0,16.0,36.0,38.0,0.1428571428571428,14.0,0.0,1.0,15.0,5.0,83.0,8.27,9.09,,,8.77,6.0459,model_diagnostic_cap,0,,,,0,5,0.15,-0.05,,,11:00,tplus1_first_touch_tp15_sl5_time1100_v2,-0.022648148148148,-0.1127949308755759,0.145134889449237,-0.0332463687339436,-0.0120499275623523,-0.1127949308755759,0.145134889449237,0.0451685478043003,1.0,0.3588686630986697,0.4522859860268982,0.5886707813347886,0.55,-0.03,-0.05,-0.0016358569977406,-0.0361715591811506,,0,0,0,1,0,1,1,1,0,nested_temporal_utility_v1,0.55,-0.05,0.2,0.9,-0.02,-0.0350300666320177,1,0,0,REJECT,没有安全买入价格，放弃,系统仅供人工参考：T日9:25前仅用限价单参与集合竞价；不得使用无上限市价单，高于上限或未成交均放弃,T+1按实际成交价计算15%止盈、5%止损，首次触发即人工退出；均未触发则11:00退出；一字跌停顺延,1,0,LIMIT_ONLY_MANUAL,0,10.0,a_share_price_limit_le_10_v2,eligible_limit_le_10:10.00%:main_board_10pct,0.0,1,0,outside_stage_2_to_3_3_to_4_focus,auction_v10_tp15_sl5_time1100_oos_1,d2347f958f0b3026765cc6189cd90159911fc82346ae9b0886bea8ae661a0c73,2026-07-27T15:37:12+00:00,5b0d37aefa59f1daf1f5bee290dced238da87ff12d71990e2b460bf5657a754a,D_CLOSE_STREAK_PATH_SENTIMENT_V10_NESTED_POLICY_NO_T_LEAKAGE
20260727-603082.SH-auction_v10_tp15_sl5_time1100_oos_1,20260727,20260728,20260729,603082.SH,北自科技,自动化设,1→2,1→2,0,INSUFFICIENT,路径数据不足,连续涨停路径数据不足,1.0,1.0,0.7224521319388577,,,,,,,,0.0,0.0,0.0,0.0,0.0,93.0,5.0,5.0,2.0,0.93,,0.0,0.027273,0.9406119862393628,0.1050563777609549,0.0268560913721744,0.0595351798790194,0.1193887297039159,0.0050939191340337,4.68213122712422,1.791759469228055,2.8903717578961645,0.1300813008130081,0.36,0.0276979210526315,0.6842105263157895,-4.626874795660152e-05,0.1333333333333333,0.0297999999999999,0.2743352325780902,0.7752710300590525,0.5742780242908806,0.2792691458395528,1.0,0.6947249127545728,EXPANSION,发酵,0.9443900066327072,0.8102227470433447,0.1333333333333333,0.7398717368421053,0.050542060118105,3141.0,107.0,5.0,123.0,16.0,36.0,38.0,0.1428571428571428,14.0,0.0,1.0,15.0,5.0,36.0,37.29,41.02,,,39.53,6.007,model_diagnostic_cap,0,,,,0,5,0.15,-0.05,,,11:00,tplus1_first_touch_tp15_sl5_time1100_v2,-0.022648148148148,-0.1127949308755759,0.145134889449237,-0.0332463687339436,-0.0120499275623523,-0.1127949308755759,0.145134889449237,0.0450432346068808,1.0,0.3588686630986697,0.4522859860268982,0.7183260697311422,0.55,-0.03,-0.05,-0.0016313185637888,-0.036171684494348,,0,0,0,1,0,1,1,1,0,nested_temporal_utility_v1,0.55,-0.05,0.2,0.9,-0.02,-0.0350300666320177,1,0,0,REJECT,没有安全买入价格，放弃,系统仅供人工参考：T日9:25前仅用限价单参与集合竞价；不得使用无上限市价单，高于上限或未成交均放弃,T+1按实际成交价计算15%止盈、5%止损，首次触发即人工退出；均未触发则11:00退出；一字跌停顺延,1,0,LIMIT_ONLY_MANUAL,0,10.0,a_share_price_limit_le_10_v2,eligible_limit_le_10:10.00%:main_board_10pct,0.0,1,0,outside_stage_2_to_3_3_to_4_focus,auction_v10_tp15_sl5_time1100_oos_1,d2347f958f0b3026765cc6189cd90159911fc82346ae9b0886bea8ae661a0c73,2026-07-27T15:37:12+00:00,5b0d37aefa59f1daf1f5bee290dced238da87ff12d71990e2b460bf5657a754a,D_CLOSE_STREAK_PATH_SENTIMENT_V10_NESTED_POLICY_NO_T_LEAKAGE
20260727-601789.SH-auction_v10_tp15_sl5_time1100_oos_1,20260727,20260728,20260729,601789.SH,宁波建工,房屋建设,1→2,1→2,0,INSUFFICIENT,路径数据不足,连续涨停路径数据不足,1.0,1.0,0.6963333333333332,,,,,,,,0.0,0.0,0.0,0.0,0.0,93.0,5.0,5.0,1.0,0.93,,0.0,0.027273,0.9406119862393628,0.1050563777609549,0.0268560913721744,0.0595351798790194,0.1193887297039159,0.0050939191340337,4.68213122712422,1.791759469228055,2.8903717578961645,0.1300813008130081,0.36,0.0276979210526315,0.6842105263157895,-4.626874795660152e-05,0.1333333333333333,0.0297999999999999,0.2743352325780902,0.7752710300590525,0.5742780242908806,0.2792691458395528,1.0,0.6947249127545728,EXPANSION,发酵,0.9443900066327072,0.8102227470433447,0.1333333333333333,0.7398717368421053,0.050542060118105,3141.0,107.0,5.0,123.0,16.0,36.0,38.0,0.1428571428571428,14.0,0.0,1.0,15.0,5.0,63.0,4.41,4.85,,,4.67,5.8957,model_diagnostic_cap,0,,,,0,5,0.15,-0.05,,,11:00,tplus1_first_touch_tp15_sl5_time1100_v2,-0.022648148148148,-0.1127949308755759,0.145134889449237,-0.0332463687339436,-0.0120499275623523,-0.1127949308755759,0.145134889449237,0.0426952973895244,1.0,0.3588686630986697,0.4522859860268982,0.6308918169664711,0.55,-0.03,-0.05,-0.0015462839608631,-0.0361740324315654,,0,0,0,1,0,1,1,1,0,nested_temporal_utility_v1,0.55,-0.05,0.2,0.9,-0.02,-0.0350300666320177,1,0,0,REJECT,没有安全买入价格，放弃,系统仅供人工参考：T日9:25前仅用限价单参与集合竞价；不得使用无上限市价单，高于上限或未成交均放弃,T+1按实际成交价计算15%止盈、5%止损，首次触发即人工退出；均未触发则11:00退出；一字跌停顺延,1,0,LIMIT_ONLY_MANUAL,0,10.0,a_share_price_limit_le_10_v2,eligible_limit_le_10:10.00%:main_board_10pct,0.0,1,0,outside_stage_2_to_3_3_to_4_focus,auction_v10_tp15_sl5_time1100_oos_1,d2347f958f0b3026765cc6189cd90159911fc82346ae9b0886bea8ae661a0c73,2026-07-27T15:37:12+00:00,5b0d37aefa59f1daf1f5bee290dced238da87ff12d71990e2b460bf5657a754a,D_CLOSE_STREAK_PATH_SENTIMENT_V10_NESTED_POLICY_NO_T_LEAKAGE
20260727-002612.SZ-auction_v10_tp15_sl5_time1100_oos_1,20260727,20260728,20260729,002612.SZ,朗姿股份,服装家纺,1→2,1→2,0,INSUFFICIENT,路径数据不足,连续涨停路径数据不足,1.0,1.0,0.7477588932806327,,,,,,,,0.0,0.0,0.0,0.0,0.0,93.0,5.0,5.0,3.0,0.93,,0.0,0.027273,0.9406119862393628,0.1050563777609549,0.0268560913721744,0.0595351798790194,0.1193887297039159,0.0050939191340337,4.68213122712422,1.791759469228055,2.8903717578961645,0.1300813008130081,0.36,0.0276979210526315,0.6842105263157895,-4.626874795660152e-05,0.1333333333333333,0.0297999999999999,0.2743352325780902,0.7752710300590525,0.5742780242908806,0.2792691458395528,1.0,0.6947249127545728,EXPANSION,发酵,0.9443900066327072,0.8102227470433447,0.1333333333333333,0.7398717368421053,0.050542060118105,3141.0,107.0,5.0,123.0,16.0,36.0,38.0,0.1428571428571428,14.0,0.0,1.0,15.0,5.0,37.0,12.6,13.87,,,13.36,6.0317,model_diagnostic_cap,0,,,,0,5,0.15,-0.05,,,11:00,tplus1_first_touch_tp15_sl5_time1100_v2,-0.022648148148148,-0.1127949308755759,0.145134889449237,-0.0332463687339436,-0.0120499275623523,-0.1127949308755759,0.145134889449237,0.0419319662481718,1.0,0.3588686630986697,0.4522859860268982,0.6672877476062944,0.55,-0.03,-0.05,-0.0015186386047497,-0.0361747957627067,,0,0,0,1,0,1,1,1,0,nested_temporal_utility_v1,0.55,-0.05,0.2,0.9,-0.02,-0.0350300666320177,1,0,0,REJECT,没有安全买入价格，放弃,系统仅供人工参考：T日9:25前仅用限价单参与集合竞价；不得使用无上限市价单，高于上限或未成交均放弃,T+1按实际成交价计算15%止盈、5%止损，首次触发即人工退出；均未触发则11:00退出；一字跌停顺延,1,0,LIMIT_ONLY_MANUAL,0,10.0,a_share_price_limit_le_10_v2,eligible_limit_le_10:10.00%:main_board_10pct,0.0,1,0,outside_stage_2_to_3_3_to_4_focus,auction_v10_tp15_sl5_time1100_oos_1,d2347f958f0b3026765cc6189cd90159911fc82346ae9b0886bea8ae661a0c73,2026-07-27T15:37:12+00:00,5b0d37aefa59f1daf1f5bee290dced238da87ff12d71990e2b460bf5657a754a,D_CLOSE_STREAK_PATH_SENTIMENT_V10_NESTED_POLICY_NO_T_LEAKAGE
20260727-002522.SZ-auction_v10_tp15_sl5_time1100_oos_1,20260727,20260728,20260729,002522.SZ,浙江众成,塑料,1→2,1→2,0,INSUFFICIENT,路径数据不足,连续涨停路径数据不足,1.0,1.0,0.700105708245243,,,,,,,,0.0,0.0,0.0,0.0,0.0,93.0,5.0,5.0,2.0,0.93,,0.0,0.027273,0.9406119862393628,0.1050563777609549,0.0268560913721744,0.0595351798790194,0.1193887297039159,0.0050939191340337,4.68213122712422,1.791759469228055,2.8903717578961645,0.1300813008130081,0.36,0.0276979210526315,0.6842105263157895,-4.626874795660152e-05,0.1333333333333333,0.0297999999999999,0.2743352325780902,0.7752710300590525,0.5742780242908806,0.2792691458395528,1.0,0.6947249127545728,EXPANSION,发酵,0.9443900066327072,0.8102227470433447,0.1333333333333333,0.7398717368421053,0.050542060118105,3141.0,107.0,5.0,123.0,16.0,36.0,38.0,0.1428571428571428,14.0,0.0,1.0,15.0,5.0,74.0,4.77,5.24,,,5.06,6.0797,model_diagnostic_cap,0,,,,0,5,0.15,-0.05,,,11:00,tplus1_first_touch_tp15_sl5_time1100_v2,-0.022648148148148,-0.1127949308755759,0.145134889449237,-0.0332463687339436,-0.0120499275623523,-0.1127949308755759,0.145134889449237,0.0413090533370341,1.0,0.3588686630986697,0.4522859860268982,0.6182962110885437,0.55,-0.03,-0.05,-0.0014960787374482,-0.0361754186756179,,0,0,0,1,0,1,1,1,0,nested_temporal_utility_v1,0.55,-0.05,0.2,0.9,-0.02,-0.0350300666320177,1,0,0,REJECT,没有安全买入价格，放弃,系统仅供人工参考：T日9:25前仅用限价单参与集合竞价；不得使用无上限市价单，高于上限或未成交均放弃,T+1按实际成交价计算15%止盈、5%止损，首次触发即人工退出；均未触发则11:00退出；一字跌停顺延,1,0,LIMIT_ONLY_MANUAL,0,10.0,a_share_price_limit_le_10_v2,eligible_limit_le_10:10.00%:main_board_10pct,0.0,1,0,outside_stage_2_to_3_3_to_4_focus,auction_v10_tp15_sl5_time1100_oos_1,d2347f958f0b3026765cc6189cd90159911fc82346ae9b0886bea8ae661a0c73,2026-07-27T15:37:12+00:00,5b0d37aefa59f1daf1f5bee290dced238da87ff12d71990e2b460bf5657a754a,D_CLOSE_STREAK_PATH_SENTIMENT_V10_NESTED_POLICY_NO_T_LEAKAGE
20260727-600594.SH-auction_v10_tp15_sl5_time1100_oos_1,20260727,20260728,20260729,600594.SH,益佰制药,中药Ⅱ,1→2,1→2,0,INSUFFICIENT,路径数据不足,连续涨停路径数据不足,1.0,1.0,0.7034545454545456,,,,,,,,0.0,0.0,0.0,0.0,0.0,93.0,5.0,5.0,2.0,0.93,,0.0,0.027273,0.9406119862393628,0.1050563777609549,0.0268560913721744,0.0595351798790194,0.1193887297039159,0.0050939191340337,4.68213122712422,1.791759469228055,2.8903717578961645,0.1300813008130081,0.36,0.0276979210526315,0.6842105263157895,-4.626874795660152e-05,0.1333333333333333,0.0297999999999999,0.2743352325780902,0.7752710300590525,0.5742780242908806,0.2792691458395528,1.0,0.6947249127545728,EXPANSION,发酵,0.9443900066327072,0.8102227470433447,0.1333333333333333,0.7398717368421053,0.050542060118105,3141.0,107.0,5.0,123.0,16.0,36.0,38.0,0.1428571428571428,14.0,0.0,1.0,15.0,5.0,85.0,3.63,3.99,,,3.85,6.0606,model_diagnostic_cap,0,,,,0,5,0.15,-0.05,,,11:00,tplus1_first_touch_tp15_sl5_time1100_v2,-0.022648148148148,-0.1127949308755759,0.145134889449237,-0.0332463687339436,-0.0120499275623523,-0.1127949308755759,0.145134889449237,0.0406812252669588,1.0,0.3588686630986697,0.4522859860268982,0.5974975321713144,0.55,-0.03,-0.05,-0.0014733408591737,-0.0361760465036879,,0,0,0,1,0,1,1,1,0,nested_temporal_utility_v1,0.55,-0.05,0.2,0.9,-0.02,-0.0350300666320177,1,0,0,REJECT,没有安全买入价格，放弃,系统仅供人工参考：T日9:25前仅用限价单参与集合竞价；不得使用无上限市价单，高于上限或未成交均放弃,T+1按实际成交价计算15%止盈、5%止损，首次触发即人工退出；均未触发则11:00退出；一字跌停顺延,1,0,LIMIT_ONLY_MANUAL,0,10.0,a_share_price_limit_le_10_v2,eligible_limit_le_10:10.00%:main_board_10pct,0.0,1,0,outside_stage_2_to_3_3_to_4_focus,auction_v10_tp15_sl5_time1100_oos_1,d2347f958f0b3026765cc6189cd90159911fc82346ae9b0886bea8ae661a0c73,2026-07-27T15:37:12+00:00,5b0d37aefa59f1daf1f5bee290dced238da87ff12d71990e2b460bf5657a754a,D_CLOSE_STREAK_PATH_SENTIMENT_V10_NESTED_POLICY_NO_T_LEAKAGE
20260727-601218.SH-auction_v10_tp15_sl5_time1100_oos_1,20260727,20260728,20260729,601218.SH,吉鑫科技,风电设备,1→2,1→2,0,INSUFFICIENT,路径数据不足,连续涨停路径数据不足,1.0,1.0,0.7942424242424242,,,,,,,,0.0,0.0,0.0,0.0,0.0,93.0,5.0,5.0,2.0,0.93,,0.0,0.027273,0.9406119862393628,0.1050563777609549,0.0268560913721744,0.0595351798790194,0.1193887297039159,0.0050939191340337,4.68213122712422,1.791759469228055,2.8903717578961645,0.1300813008130081,0.36,0.0276979210526315,0.6842105263157895,-4.626874795660152e-05,0.1333333333333333,0.0297999999999999,0.2743352325780902,0.7752710300590525,0.5742780242908806,0.2792691458395528,1.0,0.6947249127545728,EXPANSION,发酵,0.9443900066327072,0.8102227470433447,0.1333333333333333,0.7398717368421053,0.050542060118105,3141.0,107.0,5.0,123.0,16.0,36.0,38.0,0.1428571428571428,14.0,0.0,1.0,15.0,5.0,40.0,4.47,4.92,,,4.74,6.0403,model_diagnostic_cap,0,,,,0,5,0.15,-0.05,,,11:00,tplus1_first_touch_tp15_sl5_time1100_v2,-0.022648148148148,-0.1127949308755759,0.145134889449237,-0.0332463687339436,-0.0120499275623523,-0.1127949308755759,0.145134889449237,0.0374235620782427,1.0,0.3588686630986697,0.4522859860268982,0.6523325373494439,0.55,-0.03,-0.05,-0.0013553589584353,-0.0361793041668767,,0,0,0,1,0,1,1,1,0,nested_temporal_utility_v1,0.55,-0.05,0.2,0.9,-0.02,-0.0350300666320177,1,0,0,REJECT,没有安全买入价格，放弃,系统仅供人工参考：T日9:25前仅用限价单参与集合竞价；不得使用无上限市价单，高于上限或未成交均放弃,T+1按实际成交价计算15%止盈、5%止损，首次触发即人工退出；均未触发则11:00退出；一字跌停顺延,1,0,LIMIT_ONLY_MANUAL,0,10.0,a_share_price_limit_le_10_v2,eligible_limit_le_10:10.00%:main_board_10pct,0.0,1,0,outside_stage_2_to_3_3_to_4_focus,auction_v10_tp15_sl5_time1100_oos_1,d2347f958f0b3026765cc6189cd90159911fc82346ae9b0886bea8ae661a0c73,2026-07-27T15:37:12+00:00,5b0d37aefa59f1daf1f5bee290dced238da87ff12d71990e2b460bf5657a754a,D_CLOSE_STREAK_PATH_SENTIMENT_V10_NESTED_POLICY_NO_T_LEAKAGE
20260727-603402.SH-auction_v10_tp15_sl5_time1100_oos_1,20260727,20260728,20260729,603402.SH,陕西旅游,旅游及景,1→2,1→2,0,INSUFFICIENT,路径数据不足,连续涨停路径数据不足,1.0,1.0,0.4781763997591812,,,,,,,,0.0,0.0,0.0,0.0,0.0,93.0,5.0,5.0,1.0,0.93,,0.0,0.027273,0.9406119862393628,0.1050563777609549,0.0268560913721744,0.0595351798790194,0.1193887297039159,0.0050939191340337,4.68213122712422,1.791759469228055,2.8903717578961645,0.1300813008130081,0.36,0.0276979210526315,0.6842105263157895,-4.626874795660152e-05,0.1333333333333333,0.0297999999999999,0.2743352325780902,0.7752710300590525,0.5742780242908806,0.2792691458395528,1.0,0.6947249127545728,EXPANSION,发酵,0.9443900066327072,0.8102227470433447,0.1333333333333333,0.7398717368421053,0.050542060118105,3141.0,107.0,5.0,123.0,16.0,36.0,38.0,0.1428571428571428,14.0,0.0,1.0,15.0,5.0,21.0,66.42,73.06,,,70.41,6.0072,model_diagnostic_cap,0,,,,0,5,0.15,-0.05,,,11:00,tplus1_first_touch_tp15_sl5_time1100_v2,-0.022648148148148,-0.1127949308755759,0.145134889449237,-0.0332463687339436,-0.0120499275623523,-0.1127949308755759,0.145134889449237,0.0360549754047742,1.0,0.3588686630986697,0.4522859860268982,0.6888230537059497,0.55,-0.03,-0.05,-0.0013057932275088,-0.0361806727535501,,0,0,0,1,0,1,1,1,0,nested_temporal_utility_v1,0.55,-0.05,0.2,0.9,-0.02,-0.0350300666320177,1,0,0,REJECT,没有安全买入价格，放弃,系统仅供人工参考：T日9:25前仅用限价单参与集合竞价；不得使用无上限市价单，高于上限或未成交均放弃,T+1按实际成交价计算15%止盈、5%止损，首次触发即人工退出；均未触发则11:00退出；一字跌停顺延,1,0,LIMIT_ONLY_MANUAL,0,10.0,a_share_price_limit_le_10_v2,eligible_limit_le_10:10.00%:main_board_10pct,0.0,1,0,outside_stage_2_to_3_3_to_4_focus,auction_v10_tp15_sl5_time1100_oos_1,d2347f958f0b3026765cc6189cd90159911fc82346ae9b0886bea8ae661a0c73,2026-07-27T15:37:12+00:00,5b0d37aefa59f1daf1f5bee290dced238da87ff12d71990e2b460bf5657a754a,D_CLOSE_STREAK_PATH_SENTIMENT_V10_NESTED_POLICY_NO_T_LEAKAGE
20260727-603330.SH-auction_v10_tp15_sl5_time1100_oos_1,20260727,20260728,20260729,603330.SH,天洋新材,塑料,1→2,1→2,0,INSUFFICIENT,路径数据不足,连续涨停路径数据不足,1.0,1.0,0.7788636363636364,,,,,,,,0.0,0.0,0.0,0.0,0.0,93.0,5.0,5.0,2.0,0.93,,0.0,0.027273,0.9406119862393628,0.1050563777609549,0.0268560913721744,0.0595351798790194,0.1193887297039159,0.0050939191340337,4.68213122712422,1.791759469228055,2.8903717578961645,0.1300813008130081,0.36,0.0276979210526315,0.6842105263157895,-4.626874795660152e-05,0.1333333333333333,0.0297999999999999,0.2743352325780902,0.7752710300590525,0.5742780242908806,0.2792691458395528,1.0,0.6947249127545728,EXPANSION,发酵,0.9443900066327072,0.8102227470433447,0.1333333333333333,0.7398717368421053,0.050542060118105,3141.0,107.0,5.0,123.0,16.0,36.0,38.0,0.1428571428571428,14.0,0.0,1.0,15.0,5.0,86.0,6.61,7.27,,,7.01,6.0514,model_diagnostic_cap,0,,,,0,5,0.15,-0.05,,,11:00,tplus1_first_touch_tp15_sl5_time1100_v2,-0.022648148148148,-0.1127949308755759,0.145134889449237,-0.0332463687339436,-0.0120499275623523,-0.1127949308755759,0.145134889449237,0.0352836569836115,1.0,0.3588686630986697,0.4522859860268982,0.5827630184553966,0.55,-0.03,-0.05,-0.0012778585982572,-0.0361814440719713,,0,0,0,1,0,1,1,1,0,nested_temporal_utility_v1,0.55,-0.05,0.2,0.9,-0.02,-0.0350300666320177,1,0,0,REJECT,没有安全买入价格，放弃,系统仅供人工参考：T日9:25前仅用限价单参与集合竞价；不得使用无上限市价单，高于上限或未成交均放弃,T+1按实际成交价计算15%止盈、5%止损，首次触发即人工退出；均未触发则11:00退出；一字跌停顺延,1,0,LIMIT_ONLY_MANUAL,0,10.0,a_share_price_limit_le_10_v2,eligible_limit_le_10:10.00%:main_board_10pct,0.0,1,0,outside_stage_2_to_3_3_to_4_focus,auction_v10_tp15_sl5_time1100_oos_1,d2347f958f0b3026765cc6189cd90159911fc82346ae9b0886bea8ae661a0c73,2026-07-27T15:37:12+00:00,5b0d37aefa59f1daf1f5bee290dced238da87ff12d71990e2b460bf5657a754a,D_CLOSE_STREAK_PATH_SENTIMENT_V10_NESTED_POLICY_NO_T_LEAKAGE
20260727-002775.SZ-auction_v10_tp15_sl5_time1100_oos_1,20260727,20260728,20260729,002775.SZ,文科股份,基础建设,1→2,1→2,0,INSUFFICIENT,路径数据不足,连续涨停路径数据不足,1.0,1.0,0.7767857142857142,,,,,,,,0.0,0.0,0.0,0.0,0.0,93.0,5.0,5.0,2.0,0.93,,0.0,0.027273,0.9406119862393628,0.1050563777609549,0.0268560913721744,0.0595351798790194,0.1193887297039159,0.0050939191340337,4.68213122712422,1.791759469228055,2.8903717578961645,0.1300813008130081,0.36,0.0276979210526315,0.6842105263157895,-4.626874795660152e-05,0.1333333333333333,0.0297999999999999,0.2743352325780902,0.7752710300590525,0.5742780242908806,0.2792691458395528,1.0,0.6947249127545728,EXPANSION,发酵,0.9443900066327072,0.8102227470433447,0.1333333333333333,0.7398717368421053,0.050542060118105,3141.0,107.0,5.0,123.0,16.0,36.0,38.0,0.1428571428571428,14.0,0.0,1.0,15.0,5.0,111.0,3.89,4.27,,,4.12,5.9126,model_diagnostic_cap,0,,,,0,5,0.15,-0.05,,,11:00,tplus1_first_touch_tp15_sl5_time1100_v2,-0.022648148148148,-0.1127949308755759,0.145134889449237,-0.0332463687339436,-0.0120499275623523,-0.1127949308755759,0.145134889449237,0.0330744940264791,1.0,0.3588686630986697,0.4522859860268982,0.6615630797561384,0.55,-0.03,-0.05,-0.0011978499449299,-0.0361836532349284,,0,0,0,1,0,1,1,1,0,nested_temporal_utility_v1,0.55,-0.05,0.2,0.9,-0.02,-0.0350300666320177,1,0,0,REJECT,没有安全买入价格，放弃,系统仅供人工参考：T日9:25前仅用限价单参与集合竞价；不得使用无上限市价单，高于上限或未成交均放弃,T+1按实际成交价计算15%止盈、5%止损，首次触发即人工退出；均未触发则11:00退出；一字跌停顺延,1,0,LIMIT_ONLY_MANUAL,0,10.0,a_share_price_limit_le_10_v2,eligible_limit_le_10:10.00%:main_board_10pct,1.0,1,0,outside_stage_2_to_3_3_to_4_focus,auction_v10_tp15_sl5_time1100_oos_1,d2347f958f0b3026765cc6189cd90159911fc82346ae9b0886bea8ae661a0c73,2026-07-27T15:37:12+00:00,5b0d37aefa59f1daf1f5bee290dced238da87ff12d71990e2b460bf5657a754a,D_CLOSE_STREAK_PATH_SENTIMENT_V10_NESTED_POLICY_NO_T_LEAKAGE
20260727-600829.SH-auction_v10_tp15_sl5_time1100_oos_1,20260727,20260728,20260729,600829.SH,人民同泰,医药商业,1→2,1→2,0,INSUFFICIENT,路径数据不足,连续涨停路径数据不足,1.0,1.0,0.6759081996434936,,,,,,,,0.0,0.0,0.0,0.0,0.0,93.0,5.0,5.0,2.0,0.93,,0.0,0.027273,0.9406119862393628,0.1050563777609549,0.0268560913721744,0.0595351798790194,0.1193887297039159,0.0050939191340337,4.68213122712422,1.791759469228055,2.8903717578961645,0.1300813008130081,0.36,0.0276979210526315,0.6842105263157895,-4.626874795660152e-05,0.1333333333333333,0.0297999999999999,0.2743352325780902,0.7752710300590525,0.5742780242908806,0.2792691458395528,1.0,0.6947249127545728,EXPANSION,发酵,0.9443900066327072,0.8102227470433447,0.1333333333333333,0.7398717368421053,0.050542060118105,3141.0,107.0,5.0,123.0,16.0,36.0,38.0,0.1428571428571428,14.0,0.0,1.0,15.0,5.0,101.0,9.37,10.3,,,9.93,5.9765,model_diagnostic_cap,0,,,,0,5,0.15,-0.05,,,11:00,tplus1_first_touch_tp15_sl5_time1100_v2,-0.022648148148148,-0.1127949308755759,0.145134889449237,-0.0332463687339436,-0.0120499275623523,-0.1127949308755759,0.145134889449237,0.0329469617795435,1.0,0.3588686630986697,0.4522859860268982,0.5393627867526428,0.55,-0.03,-0.05,-0.001193231144266,-0.0361837807671754,,0,0,0,1,0,1,1,1,0,nested_temporal_utility_v1,0.55,-0.05,0.2,0.9,-0.02,-0.0350300666320177,1,0,0,REJECT,没有安全买入价格，放弃,系统仅供人工参考：T日9:25前仅用限价单参与集合竞价；不得使用无上限市价单，高于上限或未成交均放弃,T+1按实际成交价计算15%止盈、5%止损，首次触发即人工退出；均未触发则11:00退出；一字跌停顺延,1,0,LIMIT_ONLY_MANUAL,0,10.0,a_share_price_limit_le_10_v2,eligible_limit_le_10:10.00%:main_board_10pct,0.0,1,0,outside_stage_2_to_3_3_to_4_focus,auction_v10_tp15_sl5_time1100_oos_1,d2347f958f0b3026765cc6189cd90159911fc82346ae9b0886bea8ae661a0c73,2026-07-27T15:37:12+00:00,5b0d37aefa59f1daf1f5bee290dced238da87ff12d71990e2b460bf5657a754a,D_CLOSE_STREAK_PATH_SENTIMENT_V10_NESTED_POLICY_NO_T_LEAKAGE
20260727-603315.SH-auction_v10_tp15_sl5_time1100_oos_1,20260727,20260728,20260729,603315.SH,福鞍股份,环境治理,1→2,1→2,0,INSUFFICIENT,路径数据不足,连续涨停路径数据不足,1.0,1.0,0.773981790380873,,,,,,,,0.0,0.0,0.0,0.0,0.0,93.0,5.0,5.0,1.0,0.93,,0.0,0.027273,0.9406119862393628,0.1050563777609549,0.0268560913721744,0.0595351798790194,0.1193887297039159,0.0050939191340337,4.68213122712422,1.791759469228055,2.8903717578961645,0.1300813008130081,0.36,0.0276979210526315,0.6842105263157895,-4.626874795660152e-05,0.1333333333333333,0.0297999999999999,0.2743352325780902,0.7752710300590525,0.5742780242908806,0.2792691458395528,1.0,0.6947249127545728,EXPANSION,发酵,0.9443900066327072,0.8102227470433447,0.1333333333333333,0.7398717368421053,0.050542060118105,3141.0,107.0,5.0,123.0,16.0,36.0,38.0,0.1428571428571428,14.0,0.0,1.0,15.0,5.0,107.0,12.03,13.23,,,12.75,5.985,model_diagnostic_cap,0,,,,0,5,0.15,-0.05,,,11:00,tplus1_first_touch_tp15_sl5_time1100_v2,-0.022648148148148,-0.1127949308755759,0.145134889449237,-0.0332463687339436,-0.0120499275623523,-0.1127949308755759,0.145134889449237,0.0318425883977093,1.0,0.3588686630986697,0.4522859860268982,0.533388705568039,0.55,-0.03,-0.05,-0.001153234354185,-0.0361848851405572,,0,0,0,1,0,1,1,1,0,nested_temporal_utility_v1,0.55,-0.05,0.2,0.9,-0.02,-0.0350300666320177,1,0,0,REJECT,没有安全买入价格，放弃,系统仅供人工参考：T日9:25前仅用限价单参与集合竞价；不得使用无上限市价单，高于上限或未成交均放弃,T+1按实际成交价计算15%止盈、5%止损，首次触发即人工退出；均未触发则11:00退出；一字跌停顺延,1,0,LIMIT_ONLY_MANUAL,0,10.0,a_share_price_limit_le_10_v2,eligible_limit_le_10:10.00%:main_board_10pct,0.0,1,0,outside_stage_2_to_3_3_to_4_focus,auction_v10_tp15_sl5_time1100_oos_1,d2347f958f0b3026765cc6189cd90159911fc82346ae9b0886bea8ae661a0c73,2026-07-27T15:37:12+00:00,5b0d37aefa59f1daf1f5bee290dced238da87ff12d71990e2b460bf5657a754a,D_CLOSE_STREAK_PATH_SENTIMENT_V10_NESTED_POLICY_NO_T_LEAKAGE
20260727-603790.SH-auction_v10_tp15_sl5_time1100_oos_1,20260727,20260728,20260729,603790.SH,雅运股份,化学制品,1→2,1→2,0,INSUFFICIENT,路径数据不足,连续涨停路径数据不足,1.0,1.0,0.7763501507218785,,,,,,,,0.0,0.0,0.0,0.0,0.0,93.0,5.0,5.0,4.0,0.93,,0.0,0.027273,0.9406119862393628,0.1050563777609549,0.0268560913721744,0.0595351798790194,0.1193887297039159,0.0050939191340337,4.68213122712422,1.791759469228055,2.8903717578961645,0.1300813008130081,0.36,0.0276979210526315,0.6842105263157895,-4.626874795660152e-05,0.1333333333333333,0.0297999999999999,0.2743352325780902,0.7752710300590525,0.5742780242908806,0.2792691458395528,1.0,0.6947249127545728,EXPANSION,发酵,0.9443900066327072,0.8102227470433447,0.1333333333333333,0.7398717368421053,0.050542060118105,3141.0,107.0,5.0,123.0,16.0,36.0,38.0,0.1428571428571428,14.0,0.0,1.0,15.0,5.0,105.0,21.05,23.15,,,22.31,5.9857,model_diagnostic_cap,0,,,,0,5,0.15,-0.05,,,11:00,tplus1_first_touch_tp15_sl5_time1100_v2,-0.022648148148148,-0.1127949308755759,0.145134889449237,-0.0332463687339436,-0.0120499275623523,-0.1127949308755759,0.145134889449237,0.0294188948433586,1.0,0.3588686630986697,0.4522859860268982,0.4644594586180733,0.55,-0.03,-0.05,-0.0010654561046286,-0.0361873088341115,,0,0,0,1,0,1,1,1,0,nested_temporal_utility_v1,0.55,-0.05,0.2,0.9,-0.02,-0.0350300666320177,1,0,0,REJECT,没有安全买入价格，放弃,系统仅供人工参考：T日9:25前仅用限价单参与集合竞价；不得使用无上限市价单，高于上限或未成交均放弃,T+1按实际成交价计算15%止盈、5%止损，首次触发即人工退出；均未触发则11:00退出；一字跌停顺延,1,0,LIMIT_ONLY_MANUAL,0,10.0,a_share_price_limit_le_10_v2,eligible_limit_le_10:10.00%:main_board_10pct,0.0,1,0,outside_stage_2_to_3_3_to_4_focus,auction_v10_tp15_sl5_time1100_oos_1,d2347f958f0b3026765cc6189cd90159911fc82346ae9b0886bea8ae661a0c73,2026-07-27T15:37:12+00:00,5b0d37aefa59f1daf1f5bee290dced238da87ff12d71990e2b460bf5657a754a,D_CLOSE_STREAK_PATH_SENTIMENT_V10_NESTED_POLICY_NO_T_LEAKAGE
20260727-603435.SH-auction_v10_tp15_sl5_time1100_oos_1,20260727,20260728,20260729,603435.SH,嘉德利,电子化学,1→2,1→2,0,INSUFFICIENT,路径数据不足,连续涨停路径数据不足,1.0,1.0,0.5252261440591011,,,,,,,,0.0,0.0,0.0,0.0,0.0,93.0,5.0,5.0,2.0,0.93,,0.0,0.027273,0.9406119862393628,0.1050563777609549,0.0268560913721744,0.0595351798790194,0.1193887297039159,0.0050939191340337,4.68213122712422,1.791759469228055,2.8903717578961645,0.1300813008130081,0.36,0.0276979210526315,0.6842105263157895,-4.626874795660152e-05,0.1333333333333333,0.0297999999999999,0.2743352325780902,0.7752710300590525,0.5742780242908806,0.2792691458395528,1.0,0.6947249127545728,EXPANSION,发酵,0.9443900066327072,0.8102227470433447,0.1333333333333333,0.7398717368421053,0.050542060118105,3141.0,107.0,5.0,123.0,16.0,36.0,38.0,0.1428571428571428,14.0,0.0,1.0,15.0,5.0,47.0,48.76,53.63,,,51.69,6.009,model_diagnostic_cap,0,,,,0,5,0.15,-0.05,,,11:00,tplus1_first_touch_tp15_sl5_time1100_v2,-0.022648148148148,-0.1127949308755759,0.145134889449237,-0.0332463687339436,-0.0120499275623523,-0.1127949308755759,0.145134889449237,0.0284665518559353,1.0,0.3588686630986697,0.4522859860268982,0.6278975002243764,0.55,-0.03,-0.05,-0.0010309653579485,-0.036188261177099,,0,0,0,1,0,1,1,1,0,nested_temporal_utility_v1,0.55,-0.05,0.2,0.9,-0.02,-0.0350300666320177,1,0,0,REJECT,没有安全买入价格，放弃,系统仅供人工参考：T日9:25前仅用限价单参与集合竞价；不得使用无上限市价单，高于上限或未成交均放弃,T+1按实际成交价计算15%止盈、5%止损，首次触发即人工退出；均未触发则11:00退出；一字跌停顺延,1,0,LIMIT_ONLY_MANUAL,0,10.0,a_share_price_limit_le_10_v2,eligible_limit_le_10:10.00%:main_board_10pct,0.0,1,0,outside_stage_2_to_3_3_to_4_focus,auction_v10_tp15_sl5_time1100_oos_1,d2347f958f0b3026765cc6189cd90159911fc82346ae9b0886bea8ae661a0c73,2026-07-27T15:37:12+00:00,5b0d37aefa59f1daf1f5bee290dced238da87ff12d71990e2b460bf5657a754a,D_CLOSE_STREAK_PATH_SENTIMENT_V10_NESTED_POLICY_NO_T_LEAKAGE
20260727-003032.SZ-auction_v10_tp15_sl5_time1100_oos_1,20260727,20260728,20260729,003032.SZ,传智教育,教育,1→2,1→2,0,INSUFFICIENT,路径数据不足,连续涨停路径数据不足,1.0,1.0,0.79,,,,,,,,0.0,0.0,0.0,0.0,0.0,93.0,5.0,5.0,1.0,0.93,,0.0,0.027273,0.9406119862393628,0.1050563777609549,0.0268560913721744,0.0595351798790194,0.1193887297039159,0.0050939191340337,4.68213122712422,1.791759469228055,2.8903717578961645,0.1300813008130081,0.36,0.0276979210526315,0.6842105263157895,-4.626874795660152e-05,0.1333333333333333,0.0297999999999999,0.2743352325780902,0.7752710300590525,0.5742780242908806,0.2792691458395528,1.0,0.6947249127545728,EXPANSION,发酵,0.9443900066327072,0.8102227470433447,0.1333333333333333,0.7398717368421053,0.050542060118105,3141.0,107.0,5.0,123.0,16.0,36.0,38.0,0.1428571428571428,14.0,0.0,1.0,15.0,5.0,68.0,6.02,6.63,,,6.38,5.9801,model_diagnostic_cap,0,,,,0,5,0.15,-0.05,,,11:00,tplus1_first_touch_tp15_sl5_time1100_v2,-0.022648148148148,-0.1127949308755759,0.145134889449237,-0.0332463687339436,-0.0120499275623523,-0.1127949308755759,0.145134889449237,0.0283949661493109,1.0,0.3588686630986697,0.4522859860268982,0.6148134948943993,0.55,-0.03,-0.05,-0.0010283727579024,-0.0361883327628056,,0,0,0,1,0,1,1,1,0,nested_temporal_utility_v1,0.55,-0.05,0.2,0.9,-0.02,-0.0350300666320177,1,0,0,REJECT,没有安全买入价格，放弃,系统仅供人工参考：T日9:25前仅用限价单参与集合竞价；不得使用无上限市价单，高于上限或未成交均放弃,T+1按实际成交价计算15%止盈、5%止损，首次触发即人工退出；均未触发则11:00退出；一字跌停顺延,1,0,LIMIT_ONLY_MANUAL,0,10.0,a_share_price_limit_le_10_v2,eligible_limit_le_10:10.00%:main_board_10pct,0.0,1,0,outside_stage_2_to_3_3_to_4_focus,auction_v10_tp15_sl5_time1100_oos_1,d2347f958f0b3026765cc6189cd90159911fc82346ae9b0886bea8ae661a0c73,2026-07-27T15:37:12+00:00,5b0d37aefa59f1daf1f5bee290dced238da87ff12d71990e2b460bf5657a754a,D_CLOSE_STREAK_PATH_SENTIMENT_V10_NESTED_POLICY_NO_T_LEAKAGE
20260727-002918.SZ-auction_v10_tp15_sl5_time1100_oos_1,20260727,20260728,20260729,002918.SZ,蒙娜丽莎,家居用品,1→2,1→2,0,INSUFFICIENT,路径数据不足,连续涨停路径数据不足,1.0,1.0,0.7604304812834226,,,,,,,,0.0,0.0,0.0,0.0,0.0,93.0,5.0,5.0,3.0,0.93,,0.0,0.027273,0.9406119862393628,0.1050563777609549,0.0268560913721744,0.0595351798790194,0.1193887297039159,0.0050939191340337,4.68213122712422,1.791759469228055,2.8903717578961645,0.1300813008130081,0.36,0.0276979210526315,0.6842105263157895,-4.626874795660152e-05,0.1333333333333333,0.0297999999999999,0.2743352325780902,0.7752710300590525,0.5742780242908806,0.2792691458395528,1.0,0.6947249127545728,EXPANSION,发酵,0.9443900066327072,0.8102227470433447,0.1333333333333333,0.7398717368421053,0.050542060118105,3141.0,107.0,5.0,123.0,16.0,36.0,38.0,0.1428571428571428,14.0,0.0,1.0,15.0,5.0,39.0,9.33,10.27,,,9.89,6.0021,model_diagnostic_cap,0,,,,0,5,0.15,-0.05,,,11:00,tplus1_first_touch_tp15_sl5_time1100_v2,-0.022648148148148,-0.1127949308755759,0.145134889449237,-0.0332463687339436,-0.0120499275623523,-0.1127949308755759,0.145134889449237,0.0277268927817515,1.0,0.3588686630986697,0.4522859860268982,0.676963209352083,0.55,-0.03,-0.05,-0.0010041773266466,-0.0361890008361731,,0,0,0,1,0,1,1,1,0,nested_temporal_utility_v1,0.55,-0.05,0.2,0.9,-0.02,-0.0350300666320177,1,0,0,REJECT,没有安全买入价格，放弃,系统仅供人工参考：T日9:25前仅用限价单参与集合竞价；不得使用无上限市价单，高于上限或未成交均放弃,T+1按实际成交价计算15%止盈、5%止损，首次触发即人工退出；均未触发则11:00退出；一字跌停顺延,1,0,LIMIT_ONLY_MANUAL,0,10.0,a_share_price_limit_le_10_v2,eligible_limit_le_10:10.00%:main_board_10pct,0.0,1,0,outside_stage_2_to_3_3_to_4_focus,auction_v10_tp15_sl5_time1100_oos_1,d2347f958f0b3026765cc6189cd90159911fc82346ae9b0886bea8ae661a0c73,2026-07-27T15:37:12+00:00,5b0d37aefa59f1daf1f5bee290dced238da87ff12d71990e2b460bf5657a754a,D_CLOSE_STREAK_PATH_SENTIMENT_V10_NESTED_POLICY_NO_T_LEAKAGE
20260727-603657.SH-auction_v10_tp15_sl5_time1100_oos_1,20260727,20260728,20260729,603657.SH,春光科技,家电零部,1→2,1→2,0,INSUFFICIENT,路径数据不足,连续涨停路径数据不足,1.0,1.0,0.7739387755102043,,,,,,,,0.0,0.0,0.0,0.0,0.0,93.0,5.0,5.0,1.0,0.93,,0.0,0.027273,0.9406119862393628,0.1050563777609549,0.0268560913721744,0.0595351798790194,0.1193887297039159,0.0050939191340337,4.68213122712422,1.791759469228055,2.8903717578961645,0.1300813008130081,0.36,0.0276979210526315,0.6842105263157895,-4.626874795660152e-05,0.1333333333333333,0.0297999999999999,0.2743352325780902,0.7752710300590525,0.5742780242908806,0.2792691458395528,1.0,0.6947249127545728,EXPANSION,发酵,0.9443900066327072,0.8102227470433447,0.1333333333333333,0.7398717368421053,0.050542060118105,3141.0,107.0,5.0,123.0,16.0,36.0,38.0,0.1428571428571428,14.0,0.0,1.0,15.0,5.0,106.0,21.59,23.75,,,22.89,6.0213,model_diagnostic_cap,0,,,,0,5,0.15,-0.05,,,11:00,tplus1_first_touch_tp15_sl5_time1100_v2,-0.022648148148148,-0.1127949308755759,0.145134889449237,-0.0332463687339436,-0.0120499275623523,-0.1127949308755759,0.145134889449237,0.0263561509674338,1.0,0.3588686630986697,0.4522859860268982,0.4087253055981799,0.55,-0.03,-0.05,-0.0009545335435707,-0.0361903715779875,,0,0,0,1,0,1,1,1,0,nested_temporal_utility_v1,0.55,-0.05,0.2,0.9,-0.02,-0.0350300666320177,1,0,0,REJECT,没有安全买入价格，放弃,系统仅供人工参考：T日9:25前仅用限价单参与集合竞价；不得使用无上限市价单，高于上限或未成交均放弃,T+1按实际成交价计算15%止盈、5%止损，首次触发即人工退出；均未触发则11:00退出；一字跌停顺延,1,0,LIMIT_ONLY_MANUAL,0,10.0,a_share_price_limit_le_10_v2,eligible_limit_le_10:10.00%:main_board_10pct,0.0,1,0,outside_stage_2_to_3_3_to_4_focus,auction_v10_tp15_sl5_time1100_oos_1,d2347f958f0b3026765cc6189cd90159911fc82346ae9b0886bea8ae661a0c73,2026-07-27T15:37:12+00:00,5b0d37aefa59f1daf1f5bee290dced238da87ff12d71990e2b460bf5657a754a,D_CLOSE_STREAK_PATH_SENTIMENT_V10_NESTED_POLICY_NO_T_LEAKAGE
20260727-605128.SH-auction_v10_tp15_sl5_time1100_oos_1,20260727,20260728,20260729,605128.SH,上海沿浦,汽车零部件,1→2,1→2,0,INSUFFICIENT,路径数据不足,连续涨停路径数据不足,1.0,1.0,0.5675959342165375,,,,,,,,0.0,0.0,0.0,0.0,0.0,93.0,5.0,5.0,4.0,0.93,,0.0,0.027273,0.9406119862393628,0.1050563777609549,0.0268560913721744,0.0595351798790194,0.1193887297039159,0.0050939191340337,4.68213122712422,1.791759469228055,2.8903717578961645,0.1300813008130081,0.36,0.0276979210526315,0.6842105263157895,-4.626874795660152e-05,0.1333333333333333,0.0297999999999999,0.2743352325780902,0.7752710300590525,0.5742780242908806,0.2792691458395528,1.0,0.6947249127545728,EXPANSION,发酵,0.9443900066327072,0.8102227470433447,0.1333333333333333,0.7398717368421053,0.050542060118105,3141.0,107.0,5.0,123.0,16.0,36.0,38.0,0.1428571428571428,14.0,0.0,1.0,15.0,5.0,80.0,21.87,24.06,,,23.18,5.9899,model_diagnostic_cap,0,,,,0,5,0.15,-0.05,,,11:00,tplus1_first_touch_tp15_sl5_time1100_v2,-0.022648148148148,-0.1127949308755759,0.145134889449237,-0.0332463687339436,-0.0120499275623523,-0.1127949308755759,0.145134889449237,0.0249282567005971,1.0,0.3588686630986697,0.4522859860268982,0.4904273606501002,0.55,-0.03,-0.05,-0.000902819885683,-0.0361917994722543,,0,0,0,1,0,1,1,1,0,nested_temporal_utility_v1,0.55,-0.05,0.2,0.9,-0.02,-0.0350300666320177,1,0,0,REJECT,没有安全买入价格，放弃,系统仅供人工参考：T日9:25前仅用限价单参与集合竞价；不得使用无上限市价单，高于上限或未成交均放弃,T+1按实际成交价计算15%止盈、5%止损，首次触发即人工退出；均未触发则11:00退出；一字跌停顺延,1,0,LIMIT_ONLY_MANUAL,0,10.0,a_share_price_limit_le_10_v2,eligible_limit_le_10:10.00%:main_board_10pct,0.0,1,0,outside_stage_2_to_3_3_to_4_focus,auction_v10_tp15_sl5_time1100_oos_1,d2347f958f0b3026765cc6189cd90159911fc82346ae9b0886bea8ae661a0c73,2026-07-27T15:37:12+00:00,5b0d37aefa59f1daf1f5bee290dced238da87ff12d71990e2b460bf5657a754a,D_CLOSE_STREAK_PATH_SENTIMENT_V10_NESTED_POLICY_NO_T_LEAKAGE
20260727-603610.SH-auction_v10_tp15_sl5_time1100_oos_1,20260727,20260728,20260729,603610.SH,麒盛科技,家居用品,1→2,1→2,0,INSUFFICIENT,路径数据不足,连续涨停路径数据不足,1.0,1.0,0.5574666666666667,,,,,,,,0.0,0.0,0.0,0.0,0.0,93.0,5.0,5.0,3.0,0.93,,0.0,0.027273,0.9406119862393628,0.1050563777609549,0.0268560913721744,0.0595351798790194,0.1193887297039159,0.0050939191340337,4.68213122712422,1.791759469228055,2.8903717578961645,0.1300813008130081,0.36,0.0276979210526315,0.6842105263157895,-4.626874795660152e-05,0.1333333333333333,0.0297999999999999,0.2743352325780902,0.7752710300590525,0.5742780242908806,0.2792691458395528,1.0,0.6947249127545728,EXPANSION,发酵,0.9443900066327072,0.8102227470433447,0.1333333333333333,0.7398717368421053,0.050542060118105,3141.0,107.0,5.0,123.0,16.0,36.0,38.0,0.1428571428571428,14.0,0.0,1.0,15.0,5.0,100.0,13.78,15.15,,,14.61,6.0232,model_diagnostic_cap,0,,,,0,5,0.15,-0.05,,,11:00,tplus1_first_touch_tp15_sl5_time1100_v2,-0.022648148148148,-0.1127949308755759,0.145134889449237,-0.0332463687339436,-0.0120499275623523,-0.1127949308755759,0.145134889449237,0.0245774024422767,1.0,0.3588686630986697,0.4522859860268982,0.4676561998745266,0.55,-0.03,-0.05,-0.0008901130925368,-0.0361921503265126,,0,0,0,1,0,1,1,1,0,nested_temporal_utility_v1,0.55,-0.05,0.2,0.9,-0.02,-0.0350300666320177,1,0,0,REJECT,没有安全买入价格，放弃,系统仅供人工参考：T日9:25前仅用限价单参与集合竞价；不得使用无上限市价单，高于上限或未成交均放弃,T+1按实际成交价计算15%止盈、5%止损，首次触发即人工退出；均未触发则11:00退出；一字跌停顺延,1,0,LIMIT_ONLY_MANUAL,0,10.0,a_share_price_limit_le_10_v2,eligible_limit_le_10:10.00%:main_board_10pct,0.0,1,0,outside_stage_2_to_3_3_to_4_focus,auction_v10_tp15_sl5_time1100_oos_1,d2347f958f0b3026765cc6189cd90159911fc82346ae9b0886bea8ae661a0c73,2026-07-27T15:37:12+00:00,5b0d37aefa59f1daf1f5bee290dced238da87ff12d71990e2b460bf5657a754a,D_CLOSE_STREAK_PATH_SENTIMENT_V10_NESTED_POLICY_NO_T_LEAKAGE
20260727-002951.SZ-auction_v10_tp15_sl5_time1100_oos_1,20260727,20260728,20260729,002951.SZ,金时科技,其他电源,1→2,1→2,0,INSUFFICIENT,路径数据不足,连续涨停路径数据不足,1.0,1.0,0.7842272727272728,,,,,,,,0.0,0.0,0.0,0.0,0.0,93.0,5.0,5.0,2.0,0.93,,0.0,0.027273,0.9406119862393628,0.1050563777609549,0.0268560913721744,0.0595351798790194,0.1193887297039159,0.0050939191340337,4.68213122712422,1.791759469228055,2.8903717578961645,0.1300813008130081,0.36,0.0276979210526315,0.6842105263157895,-4.626874795660152e-05,0.1333333333333333,0.0297999999999999,0.2743352325780902,0.7752710300590525,0.5742780242908806,0.2792691458395528,1.0,0.6947249127545728,EXPANSION,发酵,0.9443900066327072,0.8102227470433447,0.1333333333333333,0.7398717368421053,0.050542060118105,3141.0,107.0,5.0,123.0,16.0,36.0,38.0,0.1428571428571428,14.0,0.0,1.0,15.0,5.0,27.0,12.31,13.54,,,13.05,6.0114,model_diagnostic_cap,0,,,,0,5,0.15,-0.05,,,11:00,tplus1_first_touch_tp15_sl5_time1100_v2,-0.022648148148148,-0.1127949308755759,0.145134889449237,-0.0332463687339436,-0.0120499275623523,-0.1127949308755759,0.145134889449237,0.0245221900206064,1.0,0.3588686630986697,0.4522859860268982,0.6394681310787714,0.55,-0.03,-0.05,-0.000888113479294,-0.0361922055389343,,0,0,0,1,0,1,1,1,0,nested_temporal_utility_v1,0.55,-0.05,0.2,0.9,-0.02,-0.0350300666320177,1,0,0,REJECT,没有安全买入价格，放弃,系统仅供人工参考：T日9:25前仅用限价单参与集合竞价；不得使用无上限市价单，高于上限或未成交均放弃,T+1按实际成交价计算15%止盈、5%止损，首次触发即人工退出；均未触发则11:00退出；一字跌停顺延,1,0,LIMIT_ONLY_MANUAL,0,10.0,a_share_price_limit_le_10_v2,eligible_limit_le_10:10.00%:main_board_10pct,0.0,1,0,outside_stage_2_to_3_3_to_4_focus,auction_v10_tp15_sl5_time1100_oos_1,d2347f958f0b3026765cc6189cd90159911fc82346ae9b0886bea8ae661a0c73,2026-07-27T15:37:12+00:00,5b0d37aefa59f1daf1f5bee290dced238da87ff12d71990e2b460bf5657a754a,D_CLOSE_STREAK_PATH_SENTIMENT_V10_NESTED_POLICY_NO_T_LEAKAGE
20260727-603389.SH-auction_v10_tp15_sl5_time1100_oos_1,20260727,20260728,20260729,603389.SH,亚振家居,家居用品,1→2,1→2,0,INSUFFICIENT,路径数据不足,连续涨停路径数据不足,1.0,1.0,0.6942987012987013,,,,,,,,0.0,0.0,0.0,0.0,0.0,93.0,5.0,5.0,3.0,0.93,,0.0,0.027273,0.9406119862393628,0.1050563777609549,0.0268560913721744,0.0595351798790194,0.1193887297039159,0.0050939191340337,4.68213122712422,1.791759469228055,2.8903717578961645,0.1300813008130081,0.36,0.0276979210526315,0.6842105263157895,-4.626874795660152e-05,0.1333333333333333,0.0297999999999999,0.2743352325780902,0.7752710300590525,0.5742780242908806,0.2792691458395528,1.0,0.6947249127545728,EXPANSION,发酵,0.9443900066327072,0.8102227470433447,0.1333333333333333,0.7398717368421053,0.050542060118105,3141.0,107.0,5.0,123.0,16.0,36.0,38.0,0.1428571428571428,14.0,0.0,1.0,15.0,5.0,34.0,42.35,46.59,,,44.89,5.9976,model_diagnostic_cap,0,,,,0,5,0.15,-0.05,,,11:00,tplus1_first_touch_tp15_sl5_time1100_v2,-0.022648148148148,-0.1127949308755759,0.145134889449237,-0.0332463687339436,-0.0120499275623523,-0.1127949308755759,0.145134889449237,0.0240295874611523,1.0,0.3588686630986697,0.4522859860268982,0.578498983976919,0.55,-0.03,-0.05,-0.0008702730265196,-0.0361926981414937,,0,0,0,1,0,1,1,1,0,nested_temporal_utility_v1,0.55,-0.05,0.2,0.9,-0.02,-0.0350300666320177,1,0,0,REJECT,没有安全买入价格，放弃,系统仅供人工参考：T日9:25前仅用限价单参与集合竞价；不得使用无上限市价单，高于上限或未成交均放弃,T+1按实际成交价计算15%止盈、5%止损，首次触发即人工退出；均未触发则11:00退出；一字跌停顺延,1,0,LIMIT_ONLY_MANUAL,0,10.0,a_share_price_limit_le_10_v2,eligible_limit_le_10:10.00%:main_board_10pct,0.0,1,0,outside_stage_2_to_3_3_to_4_focus,auction_v10_tp15_sl5_time1100_oos_1,d2347f958f0b3026765cc6189cd90159911fc82346ae9b0886bea8ae661a0c73,2026-07-27T15:37:12+00:00,5b0d37aefa59f1daf1f5bee290dced238da87ff12d71990e2b460bf5657a754a,D_CLOSE_STREAK_PATH_SENTIMENT_V10_NESTED_POLICY_NO_T_LEAKAGE
20260727-603955.SH-auction_v10_tp15_sl5_time1100_oos_1,20260727,20260728,20260729,603955.SH,大千生态,基础建设,1→2,1→2,0,INSUFFICIENT,路径数据不足,连续涨停路径数据不足,1.0,1.0,0.7418881118881121,,,,,,,,0.0,0.0,0.0,0.0,0.0,93.0,5.0,5.0,2.0,0.93,,0.0,0.027273,0.9406119862393628,0.1050563777609549,0.0268560913721744,0.0595351798790194,0.1193887297039159,0.0050939191340337,4.68213122712422,1.791759469228055,2.8903717578961645,0.1300813008130081,0.36,0.0276979210526315,0.6842105263157895,-4.626874795660152e-05,0.1333333333333333,0.0297999999999999,0.2743352325780902,0.7752710300590525,0.5742780242908806,0.2792691458395528,1.0,0.6947249127545728,EXPANSION,发酵,0.9443900066327072,0.8102227470433447,0.1333333333333333,0.7398717368421053,0.050542060118105,3141.0,107.0,5.0,123.0,16.0,36.0,38.0,0.1428571428571428,14.0,0.0,1.0,15.0,5.0,104.0,18.62,20.48,,,19.74,6.015,model_diagnostic_cap,0,,,,0,5,0.15,-0.05,,,11:00,tplus1_first_touch_tp15_sl5_time1100_v2,-0.022648148148148,-0.1127949308755759,0.145134889449237,-0.0332463687339436,-0.0120499275623523,-0.1127949308755759,0.145134889449237,0.0218952629352151,1.0,0.3588686630986697,0.4522859860268982,0.4298143148177917,0.55,-0.03,-0.05,-0.0007929747762785,-0.0361948324660197,,0,0,0,1,0,1,1,1,0,nested_temporal_utility_v1,0.55,-0.05,0.2,0.9,-0.02,-0.0350300666320177,1,0,0,REJECT,没有安全买入价格，放弃,系统仅供人工参考：T日9:25前仅用限价单参与集合竞价；不得使用无上限市价单，高于上限或未成交均放弃,T+1按实际成交价计算15%止盈、5%止损，首次触发即人工退出；均未触发则11:00退出；一字跌停顺延,1,0,LIMIT_ONLY_MANUAL,0,10.0,a_share_price_limit_le_10_v2,eligible_limit_le_10:10.00%:main_board_10pct,0.0,1,0,outside_stage_2_to_3_3_to_4_focus,auction_v10_tp15_sl5_time1100_oos_1,d2347f958f0b3026765cc6189cd90159911fc82346ae9b0886bea8ae661a0c73,2026-07-27T15:37:12+00:00,5b0d37aefa59f1daf1f5bee290dced238da87ff12d71990e2b460bf5657a754a,D_CLOSE_STREAK_PATH_SENTIMENT_V10_NESTED_POLICY_NO_T_LEAKAGE
20260727-001328.SZ-auction_v10_tp15_sl5_time1100_oos_1,20260727,20260728,20260729,001328.SZ,登康口腔,个护用品,1→2,1→2,0,INSUFFICIENT,路径数据不足,连续涨停路径数据不足,1.0,1.0,0.5219370629370631,,,,,,,,0.0,0.0,0.0,0.0,0.0,93.0,5.0,5.0,1.0,0.93,,0.0,0.027273,0.9406119862393628,0.1050563777609549,0.0268560913721744,0.0595351798790194,0.1193887297039159,0.0050939191340337,4.68213122712422,1.791759469228055,2.8903717578961645,0.1300813008130081,0.36,0.0276979210526315,0.6842105263157895,-4.626874795660152e-05,0.1333333333333333,0.0297999999999999,0.2743352325780902,0.7752710300590525,0.5742780242908806,0.2792691458395528,1.0,0.6947249127545728,EXPANSION,发酵,0.9443900066327072,0.8102227470433447,0.1333333333333333,0.7398717368421053,0.050542060118105,3141.0,107.0,5.0,123.0,16.0,36.0,38.0,0.1428571428571428,14.0,0.0,1.0,15.0,5.0,70.0,31.42,34.57,,,33.31,6.0153,model_diagnostic_cap,0,,,,0,5,0.15,-0.05,,,11:00,tplus1_first_touch_tp15_sl5_time1100_v2,-0.022648148148148,-0.1127949308755759,0.145134889449237,-0.0332463687339436,-0.0120499275623523,-0.1127949308755759,0.145134889449237,0.0217532153029768,1.0,0.3588686630986697,0.4522859860268982,0.4873214775057782,0.55,-0.03,-0.05,-0.0007878302758572,-0.0361949745136519,,0,0,0,1,0,1,1,1,0,nested_temporal_utility_v1,0.55,-0.05,0.2,0.9,-0.02,-0.0350300666320177,1,0,0,REJECT,没有安全买入价格，放弃,系统仅供人工参考：T日9:25前仅用限价单参与集合竞价；不得使用无上限市价单，高于上限或未成交均放弃,T+1按实际成交价计算15%止盈、5%止损，首次触发即人工退出；均未触发则11:00退出；一字跌停顺延,1,0,LIMIT_ONLY_MANUAL,0,10.0,a_share_price_limit_le_10_v2,eligible_limit_le_10:10.00%:main_board_10pct,0.0,1,0,outside_stage_2_to_3_3_to_4_focus,auction_v10_tp15_sl5_time1100_oos_1,d2347f958f0b3026765cc6189cd90159911fc82346ae9b0886bea8ae661a0c73,2026-07-27T15:37:12+00:00,5b0d37aefa59f1daf1f5bee290dced238da87ff12d71990e2b460bf5657a754a,D_CLOSE_STREAK_PATH_SENTIMENT_V10_NESTED_POLICY_NO_T_LEAKAGE
20260727-605068.SH-auction_v10_tp15_sl5_time1100_oos_1,20260727,20260728,20260729,605068.SH,明新旭腾,汽车零部件,1→2,1→2,0,INSUFFICIENT,路径数据不足,连续涨停路径数据不足,1.0,1.0,0.80087556415216,,,,,,,,0.0,0.0,0.0,0.0,0.0,93.0,5.0,5.0,4.0,0.93,,0.0,0.027273,0.9406119862393628,0.1050563777609549,0.0268560913721744,0.0595351798790194,0.1193887297039159,0.0050939191340337,4.68213122712422,1.791759469228055,2.8903717578961645,0.1300813008130081,0.36,0.0276979210526315,0.6842105263157895,-4.626874795660152e-05,0.1333333333333333,0.0297999999999999,0.2743352325780902,0.7752710300590525,0.5742780242908806,0.2792691458395528,1.0,0.6947249127545728,EXPANSION,发酵,0.9443900066327072,0.8102227470433447,0.1333333333333333,0.7398717368421053,0.050542060118105,3141.0,107.0,5.0,123.0,16.0,36.0,38.0,0.1428571428571428,14.0,0.0,1.0,15.0,5.0,30.0,15.47,17.02,,,16.4,6.0116,model_diagnostic_cap,0,,,,0,5,0.15,-0.05,,,11:00,tplus1_first_touch_tp15_sl5_time1100_v2,-0.022648148148148,-0.1127949308755759,0.145134889449237,-0.0332463687339436,-0.0120499275623523,-0.1127949308755759,0.145134889449237,0.0215678661989147,1.0,0.3588686630986697,0.4522859860268982,0.4750222416924733,0.55,-0.03,-0.05,-0.0007811175378206,-0.036195159862756,,0,0,0,1,0,1,1,1,0,nested_temporal_utility_v1,0.55,-0.05,0.2,0.9,-0.02,-0.0350300666320177,1,0,0,REJECT,没有安全买入价格，放弃,系统仅供人工参考：T日9:25前仅用限价单参与集合竞价；不得使用无上限市价单，高于上限或未成交均放弃,T+1按实际成交价计算15%止盈、5%止损，首次触发即人工退出；均未触发则11:00退出；一字跌停顺延,1,0,LIMIT_ONLY_MANUAL,0,10.0,a_share_price_limit_le_10_v2,eligible_limit_le_10:10.00%:main_board_10pct,0.0,1,0,outside_stage_2_to_3_3_to_4_focus,auction_v10_tp15_sl5_time1100_oos_1,d2347f958f0b3026765cc6189cd90159911fc82346ae9b0886bea8ae661a0c73,2026-07-27T15:37:12+00:00,5b0d37aefa59f1daf1f5bee290dced238da87ff12d71990e2b460bf5657a754a,D_CLOSE_STREAK_PATH_SENTIMENT_V10_NESTED_POLICY_NO_T_LEAKAGE
20260727-600847.SH-auction_v10_tp15_sl5_time1100_oos_1,20260727,20260728,20260729,600847.SH,万里股份,电池,1→2,1→2,0,INSUFFICIENT,路径数据不足,连续涨停路径数据不足,1.0,1.0,0.7484251336898395,,,,,,,,0.0,0.0,0.0,0.0,0.0,93.0,5.0,5.0,3.0,0.93,,0.0,0.027273,0.9406119862393628,0.1050563777609549,0.0268560913721744,0.0595351798790194,0.1193887297039159,0.0050939191340337,4.68213122712422,1.791759469228055,2.8903717578961645,0.1300813008130081,0.36,0.0276979210526315,0.6842105263157895,-4.626874795660152e-05,0.1333333333333333,0.0297999999999999,0.2743352325780902,0.7752710300590525,0.5742780242908806,0.2792691458395528,1.0,0.6947249127545728,EXPANSION,发酵,0.9443900066327072,0.8102227470433447,0.1333333333333333,0.7398717368421053,0.050542060118105,3141.0,107.0,5.0,123.0,16.0,36.0,38.0,0.1428571428571428,14.0,0.0,1.0,15.0,5.0,99.0,11.22,12.34,,,11.89,5.9715,model_diagnostic_cap,0,,,,0,5,0.15,-0.05,,,11:00,tplus1_first_touch_tp15_sl5_time1100_v2,-0.022648148148148,-0.1127949308755759,0.145134889449237,-0.0332463687339436,-0.0120499275623523,-0.1127949308755759,0.145134889449237,0.0214449315073663,1.0,0.3588686630986697,0.4522859860268982,0.3104843180649552,0.55,-0.03,-0.05,-0.0007766652455683,-0.0361952827974475,,0,0,0,1,0,1,1,1,0,nested_temporal_utility_v1,0.55,-0.05,0.2,0.9,-0.02,-0.0350300666320177,1,0,0,REJECT,没有安全买入价格，放弃,系统仅供人工参考：T日9:25前仅用限价单参与集合竞价；不得使用无上限市价单，高于上限或未成交均放弃,T+1按实际成交价计算15%止盈、5%止损，首次触发即人工退出；均未触发则11:00退出；一字跌停顺延,1,0,LIMIT_ONLY_MANUAL,0,10.0,a_share_price_limit_le_10_v2,eligible_limit_le_10:10.00%:main_board_10pct,0.0,1,0,outside_stage_2_to_3_3_to_4_focus,auction_v10_tp15_sl5_time1100_oos_1,d2347f958f0b3026765cc6189cd90159911fc82346ae9b0886bea8ae661a0c73,2026-07-27T15:37:12+00:00,5b0d37aefa59f1daf1f5bee290dced238da87ff12d71990e2b460bf5657a754a,D_CLOSE_STREAK_PATH_SENTIMENT_V10_NESTED_POLICY_NO_T_LEAKAGE
20260727-003030.SZ-auction_v10_tp15_sl5_time1100_oos_1,20260727,20260728,20260729,003030.SZ,祖名股份,农产品加,1→2,1→2,0,INSUFFICIENT,路径数据不足,连续涨停路径数据不足,1.0,1.0,0.5635361871138572,,,,,,,,0.0,0.0,0.0,0.0,0.0,93.0,5.0,5.0,2.0,0.93,,0.0,0.027273,0.9406119862393628,0.1050563777609549,0.0268560913721744,0.0595351798790194,0.1193887297039159,0.0050939191340337,4.68213122712422,1.791759469228055,2.8903717578961645,0.1300813008130081,0.36,0.0276979210526315,0.6842105263157895,-4.626874795660152e-05,0.1333333333333333,0.0297999999999999,0.2743352325780902,0.7752710300590525,0.5742780242908806,0.2792691458395528,1.0,0.6947249127545728,EXPANSION,发酵,0.9443900066327072,0.8102227470433447,0.1333333333333333,0.7398717368421053,0.050542060118105,3141.0,107.0,5.0,123.0,16.0,36.0,38.0,0.1428571428571428,14.0,0.0,1.0,15.0,5.0,94.0,22.61,24.88,,,23.97,6.015,model_diagnostic_cap,0,,,,0,5,0.15,-0.05,,,11:00,tplus1_first_touch_tp15_sl5_time1100_v2,-0.022648148148148,-0.1127949308755759,0.145134889449237,-0.0332463687339436,-0.0120499275623523,-0.1127949308755759,0.145134889449237,0.0184319121500938,1.0,0.3588686630986697,0.4522859860268982,0.4758140684435193,0.55,-0.03,-0.05,-0.0006675435438639,-0.0361982958168048,,0,0,0,1,0,1,1,1,0,nested_temporal_utility_v1,0.55,-0.05,0.2,0.9,-0.02,-0.0350300666320177,1,0,0,REJECT,没有安全买入价格，放弃,系统仅供人工参考：T日9:25前仅用限价单参与集合竞价；不得使用无上限市价单，高于上限或未成交均放弃,T+1按实际成交价计算15%止盈、5%止损，首次触发即人工退出；均未触发则11:00退出；一字跌停顺延,1,0,LIMIT_ONLY_MANUAL,0,10.0,a_share_price_limit_le_10_v2,eligible_limit_le_10:10.00%:main_board_10pct,0.0,1,0,outside_stage_2_to_3_3_to_4_focus,auction_v10_tp15_sl5_time1100_oos_1,d2347f958f0b3026765cc6189cd90159911fc82346ae9b0886bea8ae661a0c73,2026-07-27T15:37:12+00:00,5b0d37aefa59f1daf1f5bee290dced238da87ff12d71990e2b460bf5657a754a,D_CLOSE_STREAK_PATH_SENTIMENT_V10_NESTED_POLICY_NO_T_LEAKAGE
20260727-603221.SH-auction_v10_tp15_sl5_time1100_oos_1,20260727,20260728,20260729,603221.SH,爱丽家居,家居用品,5→6,5→6,0,STABLE_STRONG,持续强势,路径强度1.00→1.00；竞价斜率+0.01pct/板；首封每板提前0分钟；炸板变化+0.0/板,4.0,1.0,1.0,0.0,6.337135614701654e-05,-0.0055555555555505,0.0,0.0005786666666666,0.5868736286691872,-44.22639228312451,1.0,0.0,0.0,0.0,0.0,2.0,5.0,5.0,1.0,0.02,,0.0,0.027273,0.9406119862393628,0.1050563777609549,0.0268560913721744,0.0595351798790194,0.1193887297039159,0.0050939191340337,4.68213122712422,1.791759469228055,2.8903717578961645,0.1300813008130081,0.36,0.0276979210526315,0.6842105263157895,-4.626874795660152e-05,0.1333333333333333,0.0297999999999999,0.2743352325780902,0.7752710300590525,0.5742780242908806,0.2792691458395528,1.0,0.6947249127545728,EXPANSION,发酵,0.9443900066327072,0.8102227470433447,0.1333333333333333,0.7398717368421053,0.050542060118105,3141.0,107.0,5.0,123.0,16.0,36.0,38.0,0.1428571428571428,14.0,0.0,1.0,15.0,5.0,57.0,15.4,16.94,,,16.32,5.974,model_diagnostic_cap,0,,,,0,5,0.15,-0.05,,,11:00,tplus1_first_touch_tp15_sl5_time1100_v2,-0.022648148148148,-0.1127949308755759,0.145134889449237,-0.0332463687339436,-0.0120499275623523,-0.1127949308755759,0.145134889449237,0.0176935213794692,1.0,0.3588686630986697,0.4522859860268982,6.956940387132383e-06,0.55,-0.03,-0.05,-0.0006408014463666,-0.0361990342075754,,0,0,0,1,0,1,1,1,0,nested_temporal_utility_v1,0.55,-0.05,0.2,0.9,-0.02,-0.0350300666320177,1,0,0,REJECT,没有安全买入价格，放弃,系统仅供人工参考：T日9:25前仅用限价单参与集合竞价；不得使用无上限市价单，高于上限或未成交均放弃,T+1按实际成交价计算15%止盈、5%止损，首次触发即人工退出；均未触发则11:00退出；一字跌停顺延,1,0,LIMIT_ONLY_MANUAL,0,10.0,a_share_price_limit_le_10_v2,eligible_limit_le_10:10.00%:main_board_10pct,1.0,1,0,outside_stage_2_to_3_3_to_4_focus,auction_v10_tp15_sl5_time1100_oos_1,d2347f958f0b3026765cc6189cd90159911fc82346ae9b0886bea8ae661a0c73,2026-07-27T15:37:12+00:00,5b0d37aefa59f1daf1f5bee290dced238da87ff12d71990e2b460bf5657a754a,D_CLOSE_STREAK_PATH_SENTIMENT_V10_NESTED_POLICY_NO_T_LEAKAGE
20260727-001223.SZ-auction_v10_tp15_sl5_time1100_oos_1,20260727,20260728,20260729,001223.SZ,欧克科技,自动化设,1→2,1→2,0,INSUFFICIENT,路径数据不足,连续涨停路径数据不足,1.0,1.0,0.5112710922171353,,,,,,,,0.0,0.0,0.0,0.0,0.0,93.0,5.0,5.0,2.0,0.93,,0.0,0.027273,0.9406119862393628,0.1050563777609549,0.0268560913721744,0.0595351798790194,0.1193887297039159,0.0050939191340337,4.68213122712422,1.791759469228055,2.8903717578961645,0.1300813008130081,0.36,0.0276979210526315,0.6842105263157895,-4.626874795660152e-05,0.1333333333333333,0.0297999999999999,0.2743352325780902,0.7752710300590525,0.5742780242908806,0.2792691458395528,1.0,0.6947249127545728,EXPANSION,发酵,0.9443900066327072,0.8102227470433447,0.1333333333333333,0.7398717368421053,0.050542060118105,3141.0,107.0,5.0,123.0,16.0,36.0,38.0,0.1428571428571428,14.0,0.0,1.0,15.0,5.0,95.0,30.6,33.66,,,32.44,6.0131,model_diagnostic_cap,0,,,,0,5,0.15,-0.05,,,11:00,tplus1_first_touch_tp15_sl5_time1100_v2,-0.022648148148148,-0.1127949308755759,0.145134889449237,-0.0332463687339436,-0.0120499275623523,-0.1127949308755759,0.145134889449237,0.0175893570903432,1.0,0.3588686630986697,0.4522859860268982,0.4004715368587799,0.55,-0.03,-0.05,-0.0006370289566683,-0.0361991383718646,,0,0,0,1,0,1,1,1,0,nested_temporal_utility_v1,0.55,-0.05,0.2,0.9,-0.02,-0.0350300666320177,1,0,0,REJECT,没有安全买入价格，放弃,系统仅供人工参考：T日9:25前仅用限价单参与集合竞价；不得使用无上限市价单，高于上限或未成交均放弃,T+1按实际成交价计算15%止盈、5%止损，首次触发即人工退出；均未触发则11:00退出；一字跌停顺延,1,0,LIMIT_ONLY_MANUAL,0,10.0,a_share_price_limit_le_10_v2,eligible_limit_le_10:10.00%:main_board_10pct,0.0,1,0,outside_stage_2_to_3_3_to_4_focus,auction_v10_tp15_sl5_time1100_oos_1,d2347f958f0b3026765cc6189cd90159911fc82346ae9b0886bea8ae661a0c73,2026-07-27T15:37:12+00:00,5b0d37aefa59f1daf1f5bee290dced238da87ff12d71990e2b460bf5657a754a,D_CLOSE_STREAK_PATH_SENTIMENT_V10_NESTED_POLICY_NO_T_LEAKAGE
20260727-603607.SH-auction_v10_tp15_sl5_time1100_oos_1,20260727,20260728,20260729,603607.SH,京华激光,包装印刷,1→2,1→2,0,INSUFFICIENT,路径数据不足,连续涨停路径数据不足,1.0,1.0,0.6038658929722759,,,,,,,,0.0,0.0,0.0,0.0,0.0,93.0,5.0,5.0,2.0,0.93,,0.0,0.027273,0.9406119862393628,0.1050563777609549,0.0268560913721744,0.0595351798790194,0.1193887297039159,0.0050939191340337,4.68213122712422,1.791759469228055,2.8903717578961645,0.1300813008130081,0.36,0.0276979210526315,0.6842105263157895,-4.626874795660152e-05,0.1333333333333333,0.0297999999999999,0.2743352325780902,0.7752710300590525,0.5742780242908806,0.2792691458395528,1.0,0.6947249127545728,EXPANSION,发酵,0.9443900066327072,0.8102227470433447,0.1333333333333333,0.7398717368421053,0.050542060118105,3141.0,107.0,5.0,123.0,16.0,36.0,38.0,0.1428571428571428,14.0,0.0,1.0,15.0,5.0,90.0,20.63,22.7,,,21.87,6.0107,model_diagnostic_cap,0,,,,0,5,0.15,-0.05,,,11:00,tplus1_first_touch_tp15_sl5_time1100_v2,-0.022648148148148,-0.1127949308755759,0.145134889449237,-0.0332463687339436,-0.0120499275623523,-0.1127949308755759,0.145134889449237,0.0167964127180987,1.0,0.3588686630986697,0.4522859860268982,0.4693682294952788,0.55,-0.03,-0.05,-0.0006083111062345,-0.0361999313162368,,0,0,0,1,0,1,1,1,0,nested_temporal_utility_v1,0.55,-0.05,0.2,0.9,-0.02,-0.0350300666320177,1,0,0,REJECT,没有安全买入价格，放弃,系统仅供人工参考：T日9:25前仅用限价单参与集合竞价；不得使用无上限市价单，高于上限或未成交均放弃,T+1按实际成交价计算15%止盈、5%止损，首次触发即人工退出；均未触发则11:00退出；一字跌停顺延,1,0,LIMIT_ONLY_MANUAL,0,10.0,a_share_price_limit_le_10_v2,eligible_limit_le_10:10.00%:main_board_10pct,0.0,1,0,outside_stage_2_to_3_3_to_4_focus,auction_v10_tp15_sl5_time1100_oos_1,d2347f958f0b3026765cc6189cd90159911fc82346ae9b0886bea8ae661a0c73,2026-07-27T15:37:12+00:00,5b0d37aefa59f1daf1f5bee290dced238da87ff12d71990e2b460bf5657a754a,D_CLOSE_STREAK_PATH_SENTIMENT_V10_NESTED_POLICY_NO_T_LEAKAGE
20260727-002577.SZ-auction_v10_tp15_sl5_time1100_oos_1,20260727,20260728,20260729,002577.SZ,雷柏科技,计算机设,1→2,1→2,0,INSUFFICIENT,路径数据不足,连续涨停路径数据不足,1.0,1.0,0.5629090909090909,,,,,,,,0.0,0.0,0.0,0.0,0.0,93.0,5.0,5.0,2.0,0.93,,0.0,0.027273,0.9406119862393628,0.1050563777609549,0.0268560913721744,0.0595351798790194,0.1193887297039159,0.0050939191340337,4.68213122712422,1.791759469228055,2.8903717578961645,0.1300813008130081,0.36,0.0276979210526315,0.6842105263157895,-4.626874795660152e-05,0.1333333333333333,0.0297999999999999,0.2743352325780902,0.7752710300590525,0.5742780242908806,0.2792691458395528,1.0,0.6947249127545728,EXPANSION,发酵,0.9443900066327072,0.8102227470433447,0.1333333333333333,0.7398717368421053,0.050542060118105,3141.0,107.0,5.0,123.0,16.0,36.0,38.0,0.1428571428571428,14.0,0.0,1.0,15.0,5.0,103.0,17.68,19.45,,,18.74,5.9955,model_diagnostic_cap,0,,,,0,5,0.15,-0.05,,,11:00,tplus1_first_touch_tp15_sl5_time1100_v2,-0.022648148148148,-0.1127949308755759,0.145134889449237,-0.0332463687339436,-0.0120499275623523,-0.1127949308755759,0.145134889449237,0.0167151748349071,1.0,0.3588686630986697,0.4522859860268982,0.394689615832707,0.55,-0.03,-0.05,-0.0006053689359377,-0.03620001255412,,0,0,0,1,0,1,1,1,0,nested_temporal_utility_v1,0.55,-0.05,0.2,0.9,-0.02,-0.0350300666320177,1,0,0,REJECT,没有安全买入价格，放弃,系统仅供人工参考：T日9:25前仅用限价单参与集合竞价；不得使用无上限市价单，高于上限或未成交均放弃,T+1按实际成交价计算15%止盈、5%止损，首次触发即人工退出；均未触发则11:00退出；一字跌停顺延,1,0,LIMIT_ONLY_MANUAL,0,10.0,a_share_price_limit_le_10_v2,eligible_limit_le_10:10.00%:main_board_10pct,0.0,1,0,outside_stage_2_to_3_3_to_4_focus,auction_v10_tp15_sl5_time1100_oos_1,d2347f958f0b3026765cc6189cd90159911fc82346ae9b0886bea8ae661a0c73,2026-07-27T15:37:12+00:00,5b0d37aefa59f1daf1f5bee290dced238da87ff12d71990e2b460bf5657a754a,D_CLOSE_STREAK_PATH_SENTIMENT_V10_NESTED_POLICY_NO_T_LEAKAGE
20260727-001358.SZ-auction_v10_tp15_sl5_time1100_oos_1,20260727,20260728,20260729,001358.SZ,兴欣新材,化学制品,1→2,1→2,0,INSUFFICIENT,路径数据不足,连续涨停路径数据不足,1.0,1.0,0.5743407971339003,,,,,,,,0.0,0.0,0.0,0.0,0.0,93.0,5.0,5.0,4.0,0.93,,0.0,0.027273,0.9406119862393628,0.1050563777609549,0.0268560913721744,0.0595351798790194,0.1193887297039159,0.0050939191340337,4.68213122712422,1.791759469228055,2.8903717578961645,0.1300813008130081,0.36,0.0276979210526315,0.6842105263157895,-4.626874795660152e-05,0.1333333333333333,0.0297999999999999,0.2743352325780902,0.7752710300590525,0.5742780242908806,0.2792691458395528,1.0,0.6947249127545728,EXPANSION,发酵,0.9443900066327072,0.8102227470433447,0.1333333333333333,0.7398717368421053,0.050542060118105,3141.0,107.0,5.0,123.0,16.0,36.0,38.0,0.1428571428571428,14.0,0.0,1.0,15.0,5.0,75.0,22.3,24.53,,,23.64,6.009,model_diagnostic_cap,0,,,,0,5,0.15,-0.05,,,11:00,tplus1_first_touch_tp15_sl5_time1100_v2,-0.022648148148148,-0.1127949308755759,0.145134889449237,-0.0332463687339436,-0.0120499275623523,-0.1127949308755759,0.145134889449237,0.0153993386865579,1.0,0.3588686630986697,0.4522859860268982,0.3541884535337529,0.55,-0.03,-0.05,-0.000557713656417,-0.0362013283902683,,0,0,0,1,0,1,1,1,0,nested_temporal_utility_v1,0.55,-0.05,0.2,0.9,-0.02,-0.0350300666320177,1,0,0,REJECT,没有安全买入价格，放弃,系统仅供人工参考：T日9:25前仅用限价单参与集合竞价；不得使用无上限市价单，高于上限或未成交均放弃,T+1按实际成交价计算15%止盈、5%止损，首次触发即人工退出；均未触发则11:00退出；一字跌停顺延,1,0,LIMIT_ONLY_MANUAL,0,10.0,a_share_price_limit_le_10_v2,eligible_limit_le_10:10.00%:main_board_10pct,0.0,1,0,outside_stage_2_to_3_3_to_4_focus,auction_v10_tp15_sl5_time1100_oos_1,d2347f958f0b3026765cc6189cd90159911fc82346ae9b0886bea8ae661a0c73,2026-07-27T15:37:12+00:00,5b0d37aefa59f1daf1f5bee290dced238da87ff12d71990e2b460bf5657a754a,D_CLOSE_STREAK_PATH_SENTIMENT_V10_NESTED_POLICY_NO_T_LEAKAGE
20260727-605108.SH-auction_v10_tp15_sl5_time1100_oos_1,20260727,20260728,20260729,605108.SH,同庆楼,酒店餐饮,1→2,1→2,0,INSUFFICIENT,路径数据不足,连续涨停路径数据不足,1.0,1.0,0.5058181818181818,,,,,,,,0.0,0.0,0.0,0.0,0.0,93.0,5.0,5.0,2.0,0.93,,0.0,0.027273,0.9406119862393628,0.1050563777609549,0.0268560913721744,0.0595351798790194,0.1193887297039159,0.0050939191340337,4.68213122712422,1.791759469228055,2.8903717578961645,0.1300813008130081,0.36,0.0276979210526315,0.6842105263157895,-4.626874795660152e-05,0.1333333333333333,0.0297999999999999,0.2743352325780902,0.7752710300590525,0.5742780242908806,0.2792691458395528,1.0,0.6947249127545728,EXPANSION,发酵,0.9443900066327072,0.8102227470433447,0.1333333333333333,0.7398717368421053,0.050542060118105,3141.0,107.0,5.0,123.0,16.0,36.0,38.0,0.1428571428571428,14.0,0.0,1.0,15.0,5.0,102.0,12.21,13.43,,,12.94,5.9787,model_diagnostic_cap,0,,,,0,5,0.15,-0.05,,,11:00,tplus1_first_touch_tp15_sl5_time1100_v2,-0.022648148148148,-0.1127949308755759,0.145134889449237,-0.0332463687339436,-0.0120499275623523,-0.1127949308755759,0.145134889449237,0.0139058927947603,1.0,0.3588686630986697,0.4522859860268982,0.3837087949405751,0.55,-0.03,-0.05,-0.0005036259331758,-0.0362028218361601,,0,0,0,1,0,1,1,1,0,nested_temporal_utility_v1,0.55,-0.05,0.2,0.9,-0.02,-0.0350300666320177,1,0,0,REJECT,没有安全买入价格，放弃,系统仅供人工参考：T日9:25前仅用限价单参与集合竞价；不得使用无上限市价单，高于上限或未成交均放弃,T+1按实际成交价计算15%止盈、5%止损，首次触发即人工退出；均未触发则11:00退出；一字跌停顺延,1,0,LIMIT_ONLY_MANUAL,0,10.0,a_share_price_limit_le_10_v2,eligible_limit_le_10:10.00%:main_board_10pct,0.0,1,0,outside_stage_2_to_3_3_to_4_focus,auction_v10_tp15_sl5_time1100_oos_1,d2347f958f0b3026765cc6189cd90159911fc82346ae9b0886bea8ae661a0c73,2026-07-27T15:37:12+00:00,5b0d37aefa59f1daf1f5bee290dced238da87ff12d71990e2b460bf5657a754a,D_CLOSE_STREAK_PATH_SENTIMENT_V10_NESTED_POLICY_NO_T_LEAKAGE
