prediction_id,signal_date,expected_buy_date,expected_exit_date,ts_code,name,industry,stage,stage_transition,stage_focus,path_label_code,path_label,path_explanation,path_days_observed,path_data_coverage,path_strength_latest,path_strength_delta,path_gap_slope,path_first_seal_slope,path_open_times_slope,path_turnover_slope,path_amount_log_slope,path_seal_ratio_slope,path_one_price_ratio,path_weak_to_strong,path_strong_to_weak,path_acceleration_consensus,path_divergence_reseal,stage_pool_size,focus_pool_size,market_max_limit_times,same_industry_stage_count,stage_pool_share,stage_recent_promotion_rate,stage_recent_promotion_samples,market_median_return,market_up_ratio,market_return_dispersion,market_equal_weight_return,market_down_ratio,market_strong_up_ratio,market_strong_down_ratio,market_limit_up_count_log,market_limit_down_count_log,market_limit_up_down_log_ratio,market_failed_limit_up_rate,market_reseal_rate,market_prev_limit_up_mean_return,market_prev_limit_up_positive_rate,market_prev_limit_up_open_gap_mean,market_focus_promotion_rate,market_limit_up_industry_concentration,market_limit_up_amount_top3_share,market_amount_ratio_5d,market_sentiment_score,market_sentiment_delta,market_sentiment_coverage,market_sentiment_acceleration,market_sentiment_regime_code,market_sentiment_regime_label,market_sentiment_breadth_score,market_sentiment_limit_ecology_score,market_sentiment_promotion_score,market_sentiment_profit_effect_score,market_sentiment_liquidity_score,market_eligible_stock_count,market_limit_up_count,market_limit_down_count,market_touched_up_count,market_failed_limit_up_count,market_reseal_count,market_prev_limit_up_sample,market_2_to_3_promotion_rate,market_2_to_3_promotion_samples,market_3_to_4_promotion_rate,market_3_to_4_promotion_samples,market_focus_promotion_samples,market_max_streak,source_rank,d_close,estimated_up_limit,recommended_max_price,max_auction_change_pct,observation_max_price,observation_auction_change_pct,observation_price_basis,observation_price_is_formal,observation_rank,observation_risk_tier,observation_risk_label,observation_selected,observation_pool_size,promotion_rank,promotion_rank_score,predicted_promotion_probability,promotion_rank_quality_ready,promotion_probability_quality_ready,trade_rank,trade_score,trade_predicted_conditional_net_return,trade_predicted_mean_return_lcb,trade_predicted_fill_probability,trade_predicted_public_market_buyable_probability,trade_predicted_big_loss_probability,trade_predicted_outcome_q10,trade_tail_loss_proxy,trade_base_score,trade_tail_risk_weight,trade_gate_pass,trade_shadow_selected,trade_selected,trade_selector_policy_ready,trade_selector_promoted,trade_selector_version,trade_selector_artifact_sha256,trade_model_reason,take_profit_pct,stop_loss_pct,take_profit_price,stop_loss_price,latest_exit_time,exit_policy_version,predicted_net_return,predicted_return_lcb,predicted_return_ucb,predicted_mean_return_lcb,predicted_mean_return_ucb,predicted_outcome_q10,predicted_outcome_q90,predicted_fill_probability,predicted_public_market_buyable_probability,predicted_actual_order_fill_probability,actual_order_fill_probability_available,predicted_exit_probability,predicted_profit_probability,predicted_big_loss_probability,predicted_continuation_limit_up_probability,max_big_loss_probability,big_loss_threshold,min_return_lcb,conservative_ev,selection_score,shadow_rank,shadow_selected,gate_policy_ready,gate_stage_focus,gate_exit_probability,gate_fill_probability,gate_big_loss_probability,gate_mean_return_lcb,gate_conservative_ev,gate_selection_score,selection_policy_version,policy_max_big_loss_probability,policy_min_mean_return_lcb,policy_min_fill_probability,policy_min_exit_probability,policy_min_conservative_ev,policy_min_selection_score,policy_max_positions,risk_gate_pass,first_layer_selected,first_layer_shadow_selected,selected,action,price_action,entry_rule,exit_rule,guidance_only,broker_connected,order_type,market_order_allowed,mechanism_limit_pct,decision_universe_rule,decision_universe_reason,minute_available,model_ready,model_promoted,first_layer_model_promoted,model_reason,model_version,model_artifact_sha256,generated_at_utc,source_snapshot_sha256,feature_contract
20260826-601038.SH-auction_v13_five_year_promotion_blend_oos_1,20260826,20260827,20260828,601038.SH,一拖股份,专用设备,1→2,1→2,0,INSUFFICIENT,路径数据不足,连续涨停路径数据不足,1.0,1.0,0.6495979869775516,,,,,,,,0.0,0.0,0.0,0.0,0.0,36.0,11.0,5.0,1.0,0.7346938775510204,,0.0,0.001577,0.5310978907517577,0.024062417738724248,0.005473425206874602,0.36123488224061107,0.03564608529598982,0.0054105665181413114,3.970291913552122,1.0986122886681096,2.8716796248840124,0.38823529411764707,0.5714285714285714,0.02511436923076923,0.6153846153846154,0.01695532393113437,0.3333333333333333,0.04206580591420241,0.3337330965980972,0.9201175500337607,0.563607400416874,0.022837185193347542,1.0,-0.06552731287746405,NEUTRAL,震荡,0.6126173673880756,0.74758534107279,0.3333333333333333,0.6968400615384616,0.34023510006752145,3142.0,52.0,2.0,85.0,33.0,28.0,65.0,0.25,4.0,0.5,2.0,6.0,5.0,49.0,14.33,15.76,,,13.69,-4.4662,model_diagnostic_cap,0,,,,0,11,,,,1,0,,,,,,,,,,,,0,0,0,0,0,trade_selector_v2_nested_oos_top10_promotion_rank,,outside_observation_top10,,,,,09:30,tplus1_open_0930_v1,0.008309100251009983,-0.06292852294261861,0.10187994739130982,0.004645133184523597,0.01197306731749637,-0.06292852294261861,0.10187994739130982,0.14765707874359787,0.14765707874359787,,0,0.997380890414758,0.35264342037249485,0.1896621417708146,0.19290442482272788,0.45,-0.03,-0.05,0.00036741223247454234,0.0026359375973670413,,0,0,0,1,1,1,1,1,1,nested_temporal_utility_v1,0.45,-0.05,0.05,0.9,0.0,-0.023022523477772033,1,0,0,0,0,REJECT,没有安全买入价格，放弃,系统仅供人工参考：T日9:25前仅用限价单参与集合竞价；不得使用无上限市价单，高于上限或未成交均放弃,T+1固定按9:30开盘集合竞价成交价退出；一字跌停无法成交时顺延至首个可成交开盘,1,0,LIMIT_ONLY_MANUAL,0,10.0,a_share_price_limit_le_10_v2,eligible_limit_le_10:10.00%:main_board_10pct,0.0,1,0,0,outside_stage_2_to_3_3_to_4_focus,auction_v13_five_year_promotion_blend_oos_1,7b00b5ccb4dad0b56631861d0531909d0951aee23397e45f3004b9be2c91913f,2026-08-26T11:50:11+00:00,a9188ffc88cc97087607208c3714cfe611b1d206891d5ea752339e63d06dc95f,D_CLOSE_STREAK_PATH_SENTIMENT_V12_OPEN0930_TOP10_META_SELECTOR_NO_T_LEAKAGE
20260826-000997.SZ-auction_v13_five_year_promotion_blend_oos_1,20260826,20260827,20260828,000997.SZ,新 大 陆,计算机设,1→2,1→2,0,INSUFFICIENT,路径数据不足,连续涨停路径数据不足,1.0,1.0,0.6722254122650324,,,,,,,,0.0,0.0,0.0,0.0,0.0,36.0,11.0,5.0,2.0,0.7346938775510204,,0.0,0.001577,0.5310978907517577,0.024062417738724248,0.005473425206874602,0.36123488224061107,0.03564608529598982,0.0054105665181413114,3.970291913552122,1.0986122886681096,2.8716796248840124,0.38823529411764707,0.5714285714285714,0.02511436923076923,0.6153846153846154,0.01695532393113437,0.3333333333333333,0.04206580591420241,0.3337330965980972,0.9201175500337607,0.563607400416874,0.022837185193347542,1.0,-0.06552731287746405,NEUTRAL,震荡,0.6126173673880756,0.74758534107279,0.3333333333333333,0.6968400615384616,0.34023510006752145,3142.0,52.0,2.0,85.0,33.0,28.0,65.0,0.25,4.0,0.5,2.0,6.0,5.0,29.0,20.69,22.76,,,19.97,-3.4799,model_diagnostic_cap,0,,,,0,11,,,,1,0,,,,,,,,,,,,0,0,0,0,0,trade_selector_v2_nested_oos_top10_promotion_rank,,outside_observation_top10,,,,,09:30,tplus1_open_0930_v1,0.0064297869312682065,-0.06480783626236038,0.10000063407156805,0.0027658198647818196,0.010093753997754593,-0.06480783626236038,0.10000063407156805,0.14765707874359787,0.14765707874359787,,0,0.9954913062458198,0.35264342037249485,0.19307087434754772,0.16046029632818917,0.45,-0.03,-0.05,6.0868088881304335e-05,0.0005598830918763645,,0,0,0,1,1,1,1,1,1,nested_temporal_utility_v1,0.45,-0.05,0.05,0.9,0.0,-0.023022523477772033,1,0,0,0,0,REJECT,没有安全买入价格，放弃,系统仅供人工参考：T日9:25前仅用限价单参与集合竞价；不得使用无上限市价单，高于上限或未成交均放弃,T+1固定按9:30开盘集合竞价成交价退出；一字跌停无法成交时顺延至首个可成交开盘,1,0,LIMIT_ONLY_MANUAL,0,10.0,a_share_price_limit_le_10_v2,eligible_limit_le_10:10.00%:main_board_10pct,0.0,1,0,0,outside_stage_2_to_3_3_to_4_focus,auction_v13_five_year_promotion_blend_oos_1,7b00b5ccb4dad0b56631861d0531909d0951aee23397e45f3004b9be2c91913f,2026-08-26T11:50:11+00:00,a9188ffc88cc97087607208c3714cfe611b1d206891d5ea752339e63d06dc95f,D_CLOSE_STREAK_PATH_SENTIMENT_V12_OPEN0930_TOP10_META_SELECTOR_NO_T_LEAKAGE
20260826-603118.SH-auction_v13_five_year_promotion_blend_oos_1,20260826,20260827,20260828,603118.SH,共进股份,通信设备,1→2,1→2,0,INSUFFICIENT,路径数据不足,连续涨停路径数据不足,1.0,1.0,0.674930489585802,,,,,,,,0.0,0.0,0.0,0.0,0.0,36.0,11.0,5.0,2.0,0.7346938775510204,,0.0,0.001577,0.5310978907517577,0.024062417738724248,0.005473425206874602,0.36123488224061107,0.03564608529598982,0.0054105665181413114,3.970291913552122,1.0986122886681096,2.8716796248840124,0.38823529411764707,0.5714285714285714,0.02511436923076923,0.6153846153846154,0.01695532393113437,0.3333333333333333,0.04206580591420241,0.3337330965980972,0.9201175500337607,0.563607400416874,0.022837185193347542,1.0,-0.06552731287746405,NEUTRAL,震荡,0.6126173673880756,0.74758534107279,0.3333333333333333,0.6968400615384616,0.34023510006752145,3142.0,52.0,2.0,85.0,33.0,28.0,65.0,0.25,4.0,0.5,2.0,6.0,5.0,41.0,17.88,19.67,,,17.52,-2.0134,model_diagnostic_cap,0,,,,0,11,,,,1,0,,,,,,,,,,,,0,0,0,0,0,trade_selector_v2_nested_oos_top10_promotion_rank,,outside_observation_top10,,,,,09:30,tplus1_open_0930_v1,-0.0026916012658511172,-0.0739292244594797,0.09087924587444872,-0.006355568332337504,0.0009723658006352697,-0.0739292244594797,0.09087924587444872,0.14765707874359787,0.14765707874359787,,0,0.9936792127910302,0.35264342037249485,0.20769264191818249,0.16134199556841178,0.45,-0.03,-0.05,-0.0013641180922553332,-0.009090762805101483,,0,0,0,1,1,1,1,0,1,nested_temporal_utility_v1,0.45,-0.05,0.05,0.9,0.0,-0.023022523477772033,1,0,0,0,0,REJECT,没有安全买入价格，放弃,系统仅供人工参考：T日9:25前仅用限价单参与集合竞价；不得使用无上限市价单，高于上限或未成交均放弃,T+1固定按9:30开盘集合竞价成交价退出；一字跌停无法成交时顺延至首个可成交开盘,1,0,LIMIT_ONLY_MANUAL,0,10.0,a_share_price_limit_le_10_v2,eligible_limit_le_10:10.00%:main_board_10pct,0.0,1,0,0,outside_stage_2_to_3_3_to_4_focus,auction_v13_five_year_promotion_blend_oos_1,7b00b5ccb4dad0b56631861d0531909d0951aee23397e45f3004b9be2c91913f,2026-08-26T11:50:11+00:00,a9188ffc88cc97087607208c3714cfe611b1d206891d5ea752339e63d06dc95f,D_CLOSE_STREAK_PATH_SENTIMENT_V12_OPEN0930_TOP10_META_SELECTOR_NO_T_LEAKAGE
20260826-603106.SH-auction_v13_five_year_promotion_blend_oos_1,20260826,20260827,20260828,603106.SH,恒银科技,计算机设,1→2,1→2,0,INSUFFICIENT,路径数据不足,连续涨停路径数据不足,1.0,1.0,0.44167607802468006,,,,,,,,0.0,0.0,0.0,0.0,0.0,36.0,11.0,5.0,2.0,0.7346938775510204,,0.0,0.001577,0.5310978907517577,0.024062417738724248,0.005473425206874602,0.36123488224061107,0.03564608529598982,0.0054105665181413114,3.970291913552122,1.0986122886681096,2.8716796248840124,0.38823529411764707,0.5714285714285714,0.02511436923076923,0.6153846153846154,0.01695532393113437,0.3333333333333333,0.04206580591420241,0.3337330965980972,0.9201175500337607,0.563607400416874,0.022837185193347542,1.0,-0.06552731287746405,NEUTRAL,震荡,0.6126173673880756,0.74758534107279,0.3333333333333333,0.6968400615384616,0.34023510006752145,3142.0,52.0,2.0,85.0,33.0,28.0,65.0,0.25,4.0,0.5,2.0,6.0,5.0,28.0,8.2,9.03,,,8.86,8.0488,model_diagnostic_cap,0,,,,0,11,,,,1,0,,,,,,,,,,,,0,0,0,0,0,trade_selector_v2_nested_oos_top10_promotion_rank,,outside_observation_top10,,,,,09:30,tplus1_open_0930_v1,-0.0006062759581688623,-0.07184389915179745,0.09296457118213097,-0.004270243024655249,0.0030576911083175246,-0.07184389915179745,0.09296457118213097,0.14765707874359787,0.14765707874359787,,0,0.9977757459804633,0.35264342037249485,0.3104685252087343,0.281958028160909,0.45,-0.03,-0.05,-0.0014812285436657583,-0.00988388733666413,,0,0,0,1,1,1,1,0,1,nested_temporal_utility_v1,0.45,-0.05,0.05,0.9,0.0,-0.023022523477772033,1,0,0,0,0,REJECT,没有安全买入价格，放弃,系统仅供人工参考：T日9:25前仅用限价单参与集合竞价；不得使用无上限市价单，高于上限或未成交均放弃,T+1固定按9:30开盘集合竞价成交价退出；一字跌停无法成交时顺延至首个可成交开盘,1,0,LIMIT_ONLY_MANUAL,0,10.0,a_share_price_limit_le_10_v2,eligible_limit_le_10:10.00%:main_board_10pct,0.0,1,0,0,outside_stage_2_to_3_3_to_4_focus,auction_v13_five_year_promotion_blend_oos_1,7b00b5ccb4dad0b56631861d0531909d0951aee23397e45f3004b9be2c91913f,2026-08-26T11:50:11+00:00,a9188ffc88cc97087607208c3714cfe611b1d206891d5ea752339e63d06dc95f,D_CLOSE_STREAK_PATH_SENTIMENT_V12_OPEN0930_TOP10_META_SELECTOR_NO_T_LEAKAGE
20260826-002072.SZ-auction_v13_five_year_promotion_blend_oos_1,20260826,20260827,20260828,002072.SZ,凯瑞德,贸易Ⅱ,1→2,1→2,0,INSUFFICIENT,路径数据不足,连续涨停路径数据不足,1.0,1.0,0.6174152334152336,,,,,,,,0.0,0.0,0.0,0.0,0.0,36.0,11.0,5.0,1.0,0.7346938775510204,,0.0,0.001577,0.5310978907517577,0.024062417738724248,0.005473425206874602,0.36123488224061107,0.03564608529598982,0.0054105665181413114,3.970291913552122,1.0986122886681096,2.8716796248840124,0.38823529411764707,0.5714285714285714,0.02511436923076923,0.6153846153846154,0.01695532393113437,0.3333333333333333,0.04206580591420241,0.3337330965980972,0.9201175500337607,0.563607400416874,0.022837185193347542,1.0,-0.06552731287746405,NEUTRAL,震荡,0.6126173673880756,0.74758534107279,0.3333333333333333,0.6968400615384616,0.34023510006752145,3142.0,52.0,2.0,85.0,33.0,28.0,65.0,0.25,4.0,0.5,2.0,6.0,5.0,25.0,8.09,8.9,,,7.69,-4.9444,model_diagnostic_cap,0,,,,0,11,,,,1,0,,,,,,,,,,,,0,0,0,0,0,trade_selector_v2_nested_oos_top10_promotion_rank,,outside_observation_top10,,,,,09:30,tplus1_open_0930_v1,-0.003857606456058397,-0.07509522964968698,0.08971324068424144,-0.007521573522544784,-0.0001936393895720103,-0.07509522964968698,0.08971324068424144,0.14765707874359787,0.14765707874359787,,0,0.9970914352875576,0.35264342037249485,0.23403899362398475,0.2905701350169878,0.45,-0.03,-0.05,-0.0016278018320010973,-0.01087654742165646,,0,0,0,1,1,1,1,0,1,nested_temporal_utility_v1,0.45,-0.05,0.05,0.9,0.0,-0.023022523477772033,1,0,0,0,0,REJECT,没有安全买入价格，放弃,系统仅供人工参考：T日9:25前仅用限价单参与集合竞价；不得使用无上限市价单，高于上限或未成交均放弃,T+1固定按9:30开盘集合竞价成交价退出；一字跌停无法成交时顺延至首个可成交开盘,1,0,LIMIT_ONLY_MANUAL,0,10.0,a_share_price_limit_le_10_v2,eligible_limit_le_10:10.00%:main_board_10pct,0.0,1,0,0,outside_stage_2_to_3_3_to_4_focus,auction_v13_five_year_promotion_blend_oos_1,7b00b5ccb4dad0b56631861d0531909d0951aee23397e45f3004b9be2c91913f,2026-08-26T11:50:11+00:00,a9188ffc88cc97087607208c3714cfe611b1d206891d5ea752339e63d06dc95f,D_CLOSE_STREAK_PATH_SENTIMENT_V12_OPEN0930_TOP10_META_SELECTOR_NO_T_LEAKAGE
20260826-603083.SH-auction_v13_five_year_promotion_blend_oos_1,20260826,20260827,20260828,603083.SH,剑桥科技,通信设备,1→2,1→2,0,INSUFFICIENT,路径数据不足,连续涨停路径数据不足,1.0,1.0,0.7024189351475834,,,,,,,,0.0,0.0,0.0,0.0,0.0,36.0,11.0,5.0,2.0,0.7346938775510204,,0.0,0.001577,0.5310978907517577,0.024062417738724248,0.005473425206874602,0.36123488224061107,0.03564608529598982,0.0054105665181413114,3.970291913552122,1.0986122886681096,2.8716796248840124,0.38823529411764707,0.5714285714285714,0.02511436923076923,0.6153846153846154,0.01695532393113437,0.3333333333333333,0.04206580591420241,0.3337330965980972,0.9201175500337607,0.563607400416874,0.022837185193347542,1.0,-0.06552731287746405,NEUTRAL,震荡,0.6126173673880756,0.74758534107279,0.3333333333333333,0.6968400615384616,0.34023510006752145,3142.0,52.0,2.0,85.0,33.0,28.0,65.0,0.25,4.0,0.5,2.0,6.0,5.0,7.0,190.85,209.94,,,184.17,-3.5001,model_diagnostic_cap,0,,,,0,11,,,,1,0,,,,,,,,,,,,0,0,0,0,0,trade_selector_v2_nested_oos_top10_promotion_rank,,outside_observation_top10,,,,,09:30,tplus1_open_0930_v1,-0.005519658872501715,-0.0767572820661303,0.08805118826779812,-0.009183625938988102,-0.0018556918060153283,-0.0767572820661303,0.08805118826779812,0.14765707874359787,0.14765707874359787,,0,0.9925090186340546,0.35264342037249485,0.20937481110236644,0.1486412124466636,0.45,-0.03,-0.05,-0.001797791715141737,-0.01202779519512638,,0,0,0,1,1,1,1,0,1,nested_temporal_utility_v1,0.45,-0.05,0.05,0.9,0.0,-0.023022523477772033,1,0,0,0,0,REJECT,没有安全买入价格，放弃,系统仅供人工参考：T日9:25前仅用限价单参与集合竞价；不得使用无上限市价单，高于上限或未成交均放弃,T+1固定按9:30开盘集合竞价成交价退出；一字跌停无法成交时顺延至首个可成交开盘,1,0,LIMIT_ONLY_MANUAL,0,10.0,a_share_price_limit_le_10_v2,eligible_limit_le_10:10.00%:main_board_10pct,0.0,1,0,0,outside_stage_2_to_3_3_to_4_focus,auction_v13_five_year_promotion_blend_oos_1,7b00b5ccb4dad0b56631861d0531909d0951aee23397e45f3004b9be2c91913f,2026-08-26T11:50:11+00:00,a9188ffc88cc97087607208c3714cfe611b1d206891d5ea752339e63d06dc95f,D_CLOSE_STREAK_PATH_SENTIMENT_V12_OPEN0930_TOP10_META_SELECTOR_NO_T_LEAKAGE
20260826-002963.SZ-auction_v13_five_year_promotion_blend_oos_1,20260826,20260827,20260828,002963.SZ,豪尔赛,装修装饰,2→3,2→3,1,WEAK_TO_STRONG,弱转强,路径强度0.52→0.73；竞价斜率+3.39pct/板；首封每板提前234分钟；炸板变化+2.0/板,2.0,1.0,0.7340412748171367,0.21647796898344818,0.033907400381124386,-233.60000000000002,2.0,-0.004227999999999996,0.0738060364698363,0.16177288259312772,0.0,1.0,0.0,0.0,0.0,10.0,11.0,5.0,1.0,0.20408163265306123,0.19230769230769232,104.0,0.001577,0.5310978907517577,0.024062417738724248,0.005473425206874602,0.36123488224061107,0.03564608529598982,0.0054105665181413114,3.970291913552122,1.0986122886681096,2.8716796248840124,0.38823529411764707,0.5714285714285714,0.02511436923076923,0.6153846153846154,0.01695532393113437,0.3333333333333333,0.04206580591420241,0.3337330965980972,0.9201175500337607,0.563607400416874,0.022837185193347542,1.0,-0.06552731287746405,NEUTRAL,震荡,0.6126173673880756,0.74758534107279,0.3333333333333333,0.6968400615384616,0.34023510006752145,3142.0,52.0,2.0,85.0,33.0,28.0,65.0,0.25,4.0,0.5,2.0,6.0,5.0,23.0,22.35,24.58,,,21.34,-4.519,model_diagnostic_cap,0,3.0,2.0,高风险观察,1,11,7.0,0.5421884253209293,0.5077440605508444,1,0,5.0,-0.013307259140814057,-0.015519691715786137,-0.026957795555480946,0.21637591761956482,0.21637591761956482,0.3762060431964712,-0.1224252969844654,-0.04605713656567861,-0.005833017750317816,0.75,0,0,0,0,0,trade_selector_v2_nested_oos_top10_promotion_rank,09e291bea250d767c2b96d6ea82144aa896033e61d57d3212a5ef3a8b670f304,below_learned_policy,,,,,09:30,tplus1_open_0930_v1,-0.003247098121947261,-0.09470163601996356,0.11130351067552283,-0.006911065188433648,0.0004168689445391261,-0.09470163601996356,0.11130351067552283,0.14765707874359787,0.14765707874359787,,0,0.9989903896289839,0.35264342037249485,0.3640398748874459,0.3141784165024745,0.45,-0.03,-0.05,-0.002099502763145183,-0.012500225725865472,1.0,1,0,1,1,1,1,1,0,1,nested_temporal_utility_v1,0.45,-0.05,0.05,0.9,0.0,-0.023022523477772033,1,0,0,1,0,REJECT,没有安全买入价格，放弃,系统仅供人工参考：T日9:25前仅用限价单参与集合竞价；不得使用无上限市价单，高于上限或未成交均放弃,T+1固定按9:30开盘集合竞价成交价退出；一字跌停无法成交时顺延至首个可成交开盘,1,0,LIMIT_ONLY_MANUAL,0,10.0,a_share_price_limit_le_10_v2,eligible_limit_le_10:10.00%:main_board_10pct,1.0,1,0,0,selection_policy_not_ready,auction_v13_five_year_promotion_blend_oos_1,7b00b5ccb4dad0b56631861d0531909d0951aee23397e45f3004b9be2c91913f,2026-08-26T11:50:11+00:00,a9188ffc88cc97087607208c3714cfe611b1d206891d5ea752339e63d06dc95f,D_CLOSE_STREAK_PATH_SENTIMENT_V12_OPEN0930_TOP10_META_SELECTOR_NO_T_LEAKAGE
20260826-600969.SH-auction_v13_five_year_promotion_blend_oos_1,20260826,20260827,20260828,600969.SH,郴电国际,电力,1→2,1→2,0,INSUFFICIENT,路径数据不足,连续涨停路径数据不足,1.0,1.0,0.710311134601832,,,,,,,,0.0,0.0,0.0,0.0,0.0,36.0,11.0,5.0,3.0,0.7346938775510204,,0.0,0.001577,0.5310978907517577,0.024062417738724248,0.005473425206874602,0.36123488224061107,0.03564608529598982,0.0054105665181413114,3.970291913552122,1.0986122886681096,2.8716796248840124,0.38823529411764707,0.5714285714285714,0.02511436923076923,0.6153846153846154,0.01695532393113437,0.3333333333333333,0.04206580591420241,0.3337330965980972,0.9201175500337607,0.563607400416874,0.022837185193347542,1.0,-0.06552731287746405,NEUTRAL,震荡,0.6126173673880756,0.74758534107279,0.3333333333333333,0.6968400615384616,0.34023510006752145,3142.0,52.0,2.0,85.0,33.0,28.0,65.0,0.25,4.0,0.5,2.0,6.0,5.0,46.0,9.5,10.45,,,9.03,-4.9474,model_diagnostic_cap,0,,,,0,11,,,,1,0,,,,,,,,,,,,0,0,0,0,0,trade_selector_v2_nested_oos_top10_promotion_rank,,outside_observation_top10,,,,,09:30,tplus1_open_0930_v1,-0.005864796100901499,-0.07710241929453009,0.08770605103939834,-0.009528763167387886,-0.0022008290344151123,-0.07710241929453009,0.08770605103939834,0.14765707874359787,0.14765707874359787,,0,0.999395791637991,0.35264342037249485,0.24009076965392323,0.2677681229693065,0.45,-0.03,-0.05,-0.0019339724921823046,-0.01295007252987605,,0,0,0,1,1,1,1,0,1,nested_temporal_utility_v1,0.45,-0.05,0.05,0.9,0.0,-0.023022523477772033,1,0,0,0,0,REJECT,没有安全买入价格，放弃,系统仅供人工参考：T日9:25前仅用限价单参与集合竞价；不得使用无上限市价单，高于上限或未成交均放弃,T+1固定按9:30开盘集合竞价成交价退出；一字跌停无法成交时顺延至首个可成交开盘,1,0,LIMIT_ONLY_MANUAL,0,10.0,a_share_price_limit_le_10_v2,eligible_limit_le_10:10.00%:main_board_10pct,0.0,1,0,0,outside_stage_2_to_3_3_to_4_focus,auction_v13_five_year_promotion_blend_oos_1,7b00b5ccb4dad0b56631861d0531909d0951aee23397e45f3004b9be2c91913f,2026-08-26T11:50:11+00:00,a9188ffc88cc97087607208c3714cfe611b1d206891d5ea752339e63d06dc95f,D_CLOSE_STREAK_PATH_SENTIMENT_V12_OPEN0930_TOP10_META_SELECTOR_NO_T_LEAKAGE
20260826-600604.SH-auction_v13_five_year_promotion_blend_oos_1,20260826,20260827,20260828,600604.SH,市北高新,房地产开发,1→2,1→2,0,INSUFFICIENT,路径数据不足,连续涨停路径数据不足,1.0,1.0,0.5934268836234589,,,,,,,,0.0,0.0,0.0,0.0,0.0,36.0,11.0,5.0,1.0,0.7346938775510204,,0.0,0.001577,0.5310978907517577,0.024062417738724248,0.005473425206874602,0.36123488224061107,0.03564608529598982,0.0054105665181413114,3.970291913552122,1.0986122886681096,2.8716796248840124,0.38823529411764707,0.5714285714285714,0.02511436923076923,0.6153846153846154,0.01695532393113437,0.3333333333333333,0.04206580591420241,0.3337330965980972,0.9201175500337607,0.563607400416874,0.022837185193347542,1.0,-0.06552731287746405,NEUTRAL,震荡,0.6126173673880756,0.74758534107279,0.3333333333333333,0.6968400615384616,0.34023510006752145,3142.0,52.0,2.0,85.0,33.0,28.0,65.0,0.25,4.0,0.5,2.0,6.0,5.0,47.0,5.1,5.61,,,5.51,8.0392,model_diagnostic_cap,0,,,,0,11,,,,1,0,,,,,,,,,,,,0,0,0,0,0,trade_selector_v2_nested_oos_top10_promotion_rank,,outside_observation_top10,,,,,09:30,tplus1_open_0930_v1,-0.0033235638668096647,-0.07456118706043825,0.09024728327349017,-0.006987530933296052,0.0003404031996767222,-0.07456118706043825,0.09024728327349017,0.14765707874359787,0.14765707874359787,,0,0.9975222860278685,0.35264342037249485,0.3428688161989449,0.22838194826886643,0.45,-0.03,-0.05,-0.0020278505657116016,-0.013585856972640987,,0,0,0,1,1,1,1,0,1,nested_temporal_utility_v1,0.45,-0.05,0.05,0.9,0.0,-0.023022523477772033,1,0,0,0,0,REJECT,没有安全买入价格，放弃,系统仅供人工参考：T日9:25前仅用限价单参与集合竞价；不得使用无上限市价单，高于上限或未成交均放弃,T+1固定按9:30开盘集合竞价成交价退出；一字跌停无法成交时顺延至首个可成交开盘,1,0,LIMIT_ONLY_MANUAL,0,10.0,a_share_price_limit_le_10_v2,eligible_limit_le_10:10.00%:main_board_10pct,1.0,1,0,0,outside_stage_2_to_3_3_to_4_focus,auction_v13_five_year_promotion_blend_oos_1,7b00b5ccb4dad0b56631861d0531909d0951aee23397e45f3004b9be2c91913f,2026-08-26T11:50:11+00:00,a9188ffc88cc97087607208c3714cfe611b1d206891d5ea752339e63d06dc95f,D_CLOSE_STREAK_PATH_SENTIMENT_V12_OPEN0930_TOP10_META_SELECTOR_NO_T_LEAKAGE
20260826-600371.SH-auction_v13_five_year_promotion_blend_oos_1,20260826,20260827,20260828,600371.SH,万向德农,种植业,2→3,2→3,1,DIVERGENCE_RESEAL,分歧回封,路径强度0.60→0.68；竞价斜率+5.84pct/板；首封每板推迟2分钟；炸板变化+1.0/板,2.0,1.0,0.6804334425117455,0.08395492314082131,0.05836685226494298,1.8833333333333258,1.0,0.0025160000000000182,0.10719234760323104,-0.03807004840117091,0.0,0.0,0.0,0.0,1.0,10.0,11.0,5.0,1.0,0.20408163265306123,0.19230769230769232,104.0,0.001577,0.5310978907517577,0.024062417738724248,0.005473425206874602,0.36123488224061107,0.03564608529598982,0.0054105665181413114,3.970291913552122,1.0986122886681096,2.8716796248840124,0.38823529411764707,0.5714285714285714,0.02511436923076923,0.6153846153846154,0.01695532393113437,0.3333333333333333,0.04206580591420241,0.3337330965980972,0.9201175500337607,0.563607400416874,0.022837185193347542,1.0,-0.06552731287746405,NEUTRAL,震荡,0.6126173673880756,0.74758534107279,0.3333333333333333,0.6968400615384616,0.34023510006752145,3142.0,52.0,2.0,85.0,33.0,28.0,65.0,0.25,4.0,0.5,2.0,6.0,5.0,15.0,9.54,10.5,,,9.3,-2.5157,model_diagnostic_cap,0,4.0,2.0,高风险观察,1,11,10.0,0.47540066376571655,0.3491521636584821,1,0,7.0,-0.016347230603942057,-0.015519691715786137,-0.026957795555480946,0.28896933042164735,0.28896933042164735,0.3225152581266135,-0.1224252969844654,-0.03948402625817218,-0.0077899761313109895,0.75,0,0,0,0,0,trade_selector_v2_nested_oos_top10_promotion_rank,09e291bea250d767c2b96d6ea82144aa896033e61d57d3212a5ef3a8b670f304,below_learned_policy,,,,,09:30,tplus1_open_0930_v1,-0.004398812452087177,-0.09585335035010348,0.11015179634538291,-0.008062779518573563,-0.00073484538560079,-0.09585335035010348,0.11015179634538291,0.14765707874359787,0.14765707874359787,,0,0.9917747271350876,0.35264342037249485,0.37501236703735263,0.3085908617789464,0.45,-0.03,-0.05,-0.002371438703054974,-0.014369835718815043,2.0,1,0,1,1,1,1,1,0,1,nested_temporal_utility_v1,0.45,-0.05,0.05,0.9,0.0,-0.023022523477772033,1,0,0,1,0,REJECT,没有安全买入价格，放弃,系统仅供人工参考：T日9:25前仅用限价单参与集合竞价；不得使用无上限市价单，高于上限或未成交均放弃,T+1固定按9:30开盘集合竞价成交价退出；一字跌停无法成交时顺延至首个可成交开盘,1,0,LIMIT_ONLY_MANUAL,0,10.0,a_share_price_limit_le_10_v2,eligible_limit_le_10:10.00%:main_board_10pct,1.0,1,0,0,selection_policy_not_ready,auction_v13_five_year_promotion_blend_oos_1,7b00b5ccb4dad0b56631861d0531909d0951aee23397e45f3004b9be2c91913f,2026-08-26T11:50:11+00:00,a9188ffc88cc97087607208c3714cfe611b1d206891d5ea752339e63d06dc95f,D_CLOSE_STREAK_PATH_SENTIMENT_V12_OPEN0930_TOP10_META_SELECTOR_NO_T_LEAKAGE
20260826-001258.SZ-auction_v13_five_year_promotion_blend_oos_1,20260826,20260827,20260828,001258.SZ,立新能源,电力,1→2,1→2,0,INSUFFICIENT,路径数据不足,连续涨停路径数据不足,1.0,1.0,0.545590909090909,,,,,,,,0.0,0.0,0.0,0.0,0.0,36.0,11.0,5.0,3.0,0.7346938775510204,,0.0,0.001577,0.5310978907517577,0.024062417738724248,0.005473425206874602,0.36123488224061107,0.03564608529598982,0.0054105665181413114,3.970291913552122,1.0986122886681096,2.8716796248840124,0.38823529411764707,0.5714285714285714,0.02511436923076923,0.6153846153846154,0.01695532393113437,0.3333333333333333,0.04206580591420241,0.3337330965980972,0.9201175500337607,0.563607400416874,0.022837185193347542,1.0,-0.06552731287746405,NEUTRAL,震荡,0.6126173673880756,0.74758534107279,0.3333333333333333,0.6968400615384616,0.34023510006752145,3142.0,52.0,2.0,85.0,33.0,28.0,65.0,0.25,4.0,0.5,2.0,6.0,5.0,12.0,13.52,14.87,,,14.13,4.5118,model_diagnostic_cap,0,,,,0,11,,,,1,0,,,,,,,,,,,,0,0,0,0,0,trade_selector_v2_nested_oos_top10_promotion_rank,,outside_observation_top10,,,,,09:30,tplus1_open_0930_v1,-0.004336491527997038,-0.07557411472162562,0.08923435561230281,-0.008000458594483425,-0.0006725244615106512,-0.07557411472162562,0.08923435561230281,0.14765707874359787,0.14765707874359787,,0,0.9976093484979331,0.35264342037249485,0.34084827783927163,0.21228006365717628,0.45,-0.03,-0.05,-0.002167823331890855,-0.014533815359534932,,0,0,0,1,1,1,1,0,1,nested_temporal_utility_v1,0.45,-0.05,0.05,0.9,0.0,-0.023022523477772033,1,0,0,0,0,REJECT,没有安全买入价格，放弃,系统仅供人工参考：T日9:25前仅用限价单参与集合竞价；不得使用无上限市价单，高于上限或未成交均放弃,T+1固定按9:30开盘集合竞价成交价退出；一字跌停无法成交时顺延至首个可成交开盘,1,0,LIMIT_ONLY_MANUAL,0,10.0,a_share_price_limit_le_10_v2,eligible_limit_le_10:10.00%:main_board_10pct,0.0,1,0,0,outside_stage_2_to_3_3_to_4_focus,auction_v13_five_year_promotion_blend_oos_1,7b00b5ccb4dad0b56631861d0531909d0951aee23397e45f3004b9be2c91913f,2026-08-26T11:50:11+00:00,a9188ffc88cc97087607208c3714cfe611b1d206891d5ea752339e63d06dc95f,D_CLOSE_STREAK_PATH_SENTIMENT_V12_OPEN0930_TOP10_META_SELECTOR_NO_T_LEAKAGE
20260826-600095.SH-auction_v13_five_year_promotion_blend_oos_1,20260826,20260827,20260828,600095.SH,湘财股份,证券Ⅱ,1→2,1→2,0,INSUFFICIENT,路径数据不足,连续涨停路径数据不足,1.0,1.0,0.6556666666666666,,,,,,,,0.0,0.0,0.0,0.0,0.0,36.0,11.0,5.0,2.0,0.7346938775510204,,0.0,0.001577,0.5310978907517577,0.024062417738724248,0.005473425206874602,0.36123488224061107,0.03564608529598982,0.0054105665181413114,3.970291913552122,1.0986122886681096,2.8716796248840124,0.38823529411764707,0.5714285714285714,0.02511436923076923,0.6153846153846154,0.01695532393113437,0.3333333333333333,0.04206580591420241,0.3337330965980972,0.9201175500337607,0.563607400416874,0.022837185193347542,1.0,-0.06552731287746405,NEUTRAL,震荡,0.6126173673880756,0.74758534107279,0.3333333333333333,0.6968400615384616,0.34023510006752145,3142.0,52.0,2.0,85.0,33.0,28.0,65.0,0.25,4.0,0.5,2.0,6.0,5.0,32.0,8.67,9.54,,,8.28,-4.4983,model_diagnostic_cap,0,,,,0,11,,,,1,0,,,,,,,,,,,,0,0,0,0,0,trade_selector_v2_nested_oos_top10_promotion_rank,,outside_observation_top10,,,,,09:30,tplus1_open_0930_v1,-0.008625278454061903,-0.07986290164769048,0.08494556868623794,-0.01228924552054829,-0.004961311387575516,-0.07986290164769048,0.08494556868623794,0.14765707874359787,0.14765707874359787,,0,0.9984865826620338,0.35264342037249485,0.20621548275407175,0.18356059768539015,0.45,-0.03,-0.05,-0.002198232032284087,-0.014739756724838767,,0,0,0,1,1,1,1,0,1,nested_temporal_utility_v1,0.45,-0.05,0.05,0.9,0.0,-0.023022523477772033,1,0,0,0,0,REJECT,没有安全买入价格，放弃,系统仅供人工参考：T日9:25前仅用限价单参与集合竞价；不得使用无上限市价单，高于上限或未成交均放弃,T+1固定按9:30开盘集合竞价成交价退出；一字跌停无法成交时顺延至首个可成交开盘,1,0,LIMIT_ONLY_MANUAL,0,10.0,a_share_price_limit_le_10_v2,eligible_limit_le_10:10.00%:main_board_10pct,0.0,1,0,0,outside_stage_2_to_3_3_to_4_focus,auction_v13_five_year_promotion_blend_oos_1,7b00b5ccb4dad0b56631861d0531909d0951aee23397e45f3004b9be2c91913f,2026-08-26T11:50:11+00:00,a9188ffc88cc97087607208c3714cfe611b1d206891d5ea752339e63d06dc95f,D_CLOSE_STREAK_PATH_SENTIMENT_V12_OPEN0930_TOP10_META_SELECTOR_NO_T_LEAKAGE
20260826-603615.SH-auction_v13_five_year_promotion_blend_oos_1,20260826,20260827,20260828,603615.SH,茶花股份,家居用品,1→2,1→2,0,INSUFFICIENT,路径数据不足,连续涨停路径数据不足,1.0,1.0,0.6002991751837904,,,,,,,,0.0,0.0,0.0,0.0,0.0,36.0,11.0,5.0,1.0,0.7346938775510204,,0.0,0.001577,0.5310978907517577,0.024062417738724248,0.005473425206874602,0.36123488224061107,0.03564608529598982,0.0054105665181413114,3.970291913552122,1.0986122886681096,2.8716796248840124,0.38823529411764707,0.5714285714285714,0.02511436923076923,0.6153846153846154,0.01695532393113437,0.3333333333333333,0.04206580591420241,0.3337330965980972,0.9201175500337607,0.563607400416874,0.022837185193347542,1.0,-0.06552731287746405,NEUTRAL,震荡,0.6126173673880756,0.74758534107279,0.3333333333333333,0.6968400615384616,0.34023510006752145,3142.0,52.0,2.0,85.0,33.0,28.0,65.0,0.25,4.0,0.5,2.0,6.0,5.0,35.0,18.61,20.47,,,17.68,-4.9973,model_diagnostic_cap,0,,,,0,11,,,,1,0,,,,,,,,,,,,0,0,0,0,0,trade_selector_v2_nested_oos_top10_promotion_rank,,outside_observation_top10,,,,,09:30,tplus1_open_0930_v1,-0.007898908111377032,-0.07913653130500561,0.08567193902892281,-0.011562875177863419,-0.004234941044890646,-0.07913653130500561,0.08567193902892281,0.14765707874359787,0.14765707874359787,,0,0.9984380758150159,0.35264342037249485,0.2816628527806993,0.27447713334250273,0.45,-0.03,-0.05,-0.002425546576074313,-0.01627923282530362,,0,0,0,1,1,1,1,0,1,nested_temporal_utility_v1,0.45,-0.05,0.05,0.9,0.0,-0.023022523477772033,1,0,0,0,0,REJECT,没有安全买入价格，放弃,系统仅供人工参考：T日9:25前仅用限价单参与集合竞价；不得使用无上限市价单，高于上限或未成交均放弃,T+1固定按9:30开盘集合竞价成交价退出；一字跌停无法成交时顺延至首个可成交开盘,1,0,LIMIT_ONLY_MANUAL,0,10.0,a_share_price_limit_le_10_v2,eligible_limit_le_10:10.00%:main_board_10pct,0.0,1,0,0,outside_stage_2_to_3_3_to_4_focus,auction_v13_five_year_promotion_blend_oos_1,7b00b5ccb4dad0b56631861d0531909d0951aee23397e45f3004b9be2c91913f,2026-08-26T11:50:11+00:00,a9188ffc88cc97087607208c3714cfe611b1d206891d5ea752339e63d06dc95f,D_CLOSE_STREAK_PATH_SENTIMENT_V12_OPEN0930_TOP10_META_SELECTOR_NO_T_LEAKAGE
20260826-603121.SH-auction_v13_five_year_promotion_blend_oos_1,20260826,20260827,20260828,603121.SH,华培动力,汽车零部件,1→2,1→2,0,INSUFFICIENT,路径数据不足,连续涨停路径数据不足,1.0,1.0,0.6889668109668109,,,,,,,,0.0,0.0,0.0,0.0,0.0,36.0,11.0,5.0,1.0,0.7346938775510204,,0.0,0.001577,0.5310978907517577,0.024062417738724248,0.005473425206874602,0.36123488224061107,0.03564608529598982,0.0054105665181413114,3.970291913552122,1.0986122886681096,2.8716796248840124,0.38823529411764707,0.5714285714285714,0.02511436923076923,0.6153846153846154,0.01695532393113437,0.3333333333333333,0.04206580591420241,0.3337330965980972,0.9201175500337607,0.563607400416874,0.022837185193347542,1.0,-0.06552731287746405,NEUTRAL,震荡,0.6126173673880756,0.74758534107279,0.3333333333333333,0.6968400615384616,0.34023510006752145,3142.0,52.0,2.0,85.0,33.0,28.0,65.0,0.25,4.0,0.5,2.0,6.0,5.0,30.0,13.83,15.22,,,13.14,-4.9892,model_diagnostic_cap,0,,,,0,11,,,,1,0,,,,,,,,,,,,0,0,0,0,0,trade_selector_v2_nested_oos_top10_promotion_rank,,outside_observation_top10,,,,,09:30,tplus1_open_0930_v1,-0.010023338014859984,-0.08126096120848857,0.08354750912543986,-0.013687305081346371,-0.006359370948373598,-0.08126096120848857,0.08354750912543986,0.14765707874359787,0.14765707874359787,,0,0.9988130531012795,0.35264342037249485,0.2337017818117788,0.20415239780373665,0.45,-0.03,-0.05,-0.002524011538103349,-0.016946081735405773,,0,0,0,1,1,1,1,0,1,nested_temporal_utility_v1,0.45,-0.05,0.05,0.9,0.0,-0.023022523477772033,1,0,0,0,0,REJECT,没有安全买入价格，放弃,系统仅供人工参考：T日9:25前仅用限价单参与集合竞价；不得使用无上限市价单，高于上限或未成交均放弃,T+1固定按9:30开盘集合竞价成交价退出；一字跌停无法成交时顺延至首个可成交开盘,1,0,LIMIT_ONLY_MANUAL,0,10.0,a_share_price_limit_le_10_v2,eligible_limit_le_10:10.00%:main_board_10pct,0.0,1,0,0,outside_stage_2_to_3_3_to_4_focus,auction_v13_five_year_promotion_blend_oos_1,7b00b5ccb4dad0b56631861d0531909d0951aee23397e45f3004b9be2c91913f,2026-08-26T11:50:11+00:00,a9188ffc88cc97087607208c3714cfe611b1d206891d5ea752339e63d06dc95f,D_CLOSE_STREAK_PATH_SENTIMENT_V12_OPEN0930_TOP10_META_SELECTOR_NO_T_LEAKAGE
20260826-600362.SH-auction_v13_five_year_promotion_blend_oos_1,20260826,20260827,20260828,600362.SH,江西铜业,工业金属,1→2,1→2,0,INSUFFICIENT,路径数据不足,连续涨停路径数据不足,1.0,1.0,0.654030008077104,,,,,,,,0.0,0.0,0.0,0.0,0.0,36.0,11.0,5.0,4.0,0.7346938775510204,,0.0,0.001577,0.5310978907517577,0.024062417738724248,0.005473425206874602,0.36123488224061107,0.03564608529598982,0.0054105665181413114,3.970291913552122,1.0986122886681096,2.8716796248840124,0.38823529411764707,0.5714285714285714,0.02511436923076923,0.6153846153846154,0.01695532393113437,0.3333333333333333,0.04206580591420241,0.3337330965980972,0.9201175500337607,0.563607400416874,0.022837185193347542,1.0,-0.06552731287746405,NEUTRAL,震荡,0.6126173673880756,0.74758534107279,0.3333333333333333,0.6968400615384616,0.34023510006752145,3142.0,52.0,2.0,85.0,33.0,28.0,65.0,0.25,4.0,0.5,2.0,6.0,5.0,3.0,48.57,53.43,,,47.11,-3.006,model_diagnostic_cap,0,,,,0,11,,,,1,0,,,,,,,,,,,,0,0,0,0,0,trade_selector_v2_nested_oos_top10_promotion_rank,,outside_observation_top10,,,,,09:30,tplus1_open_0930_v1,-0.011101091920070822,-0.0823387151136994,0.08246975522022902,-0.014765058986557208,-0.007437124853584436,-0.0823387151136994,0.08246975522022902,0.14765707874359787,0.14765707874359787,,0,0.9987211844703255,0.35264342037249485,0.2148945545887495,0.1363885896850403,0.45,-0.03,-0.05,-0.002600517177104441,-0.017464212255473434,,0,0,0,1,1,1,1,0,1,nested_temporal_utility_v1,0.45,-0.05,0.05,0.9,0.0,-0.023022523477772033,1,0,0,0,0,REJECT,没有安全买入价格，放弃,系统仅供人工参考：T日9:25前仅用限价单参与集合竞价；不得使用无上限市价单，高于上限或未成交均放弃,T+1固定按9:30开盘集合竞价成交价退出；一字跌停无法成交时顺延至首个可成交开盘,1,0,LIMIT_ONLY_MANUAL,0,10.0,a_share_price_limit_le_10_v2,eligible_limit_le_10:10.00%:main_board_10pct,0.0,1,0,0,outside_stage_2_to_3_3_to_4_focus,auction_v13_five_year_promotion_blend_oos_1,7b00b5ccb4dad0b56631861d0531909d0951aee23397e45f3004b9be2c91913f,2026-08-26T11:50:11+00:00,a9188ffc88cc97087607208c3714cfe611b1d206891d5ea752339e63d06dc95f,D_CLOSE_STREAK_PATH_SENTIMENT_V12_OPEN0930_TOP10_META_SELECTOR_NO_T_LEAKAGE
20260826-003040.SZ-auction_v13_five_year_promotion_blend_oos_1,20260826,20260827,20260828,003040.SZ,楚天龙,通信设备,4→5,4→5,0,STRONG_TO_WEAK,强转弱,路径强度0.96→0.43；竞价斜率-2.44pct/板；首封每板推迟19分钟；炸板变化+2.0/板,4.0,1.0,0.4344097835606126,-0.5220196168262348,-0.02436228145600457,18.73333333333335,2.0,0.056607,0.49766101647453215,-0.06599478009266155,0.0,0.0,1.0,0.0,0.0,1.0,11.0,5.0,1.0,0.02040816326530612,,0.0,0.001577,0.5310978907517577,0.024062417738724248,0.005473425206874602,0.36123488224061107,0.03564608529598982,0.0054105665181413114,3.970291913552122,1.0986122886681096,2.8716796248840124,0.38823529411764707,0.5714285714285714,0.02511436923076923,0.6153846153846154,0.01695532393113437,0.3333333333333333,0.04206580591420241,0.3337330965980972,0.9201175500337607,0.563607400416874,0.022837185193347542,1.0,-0.06552731287746405,NEUTRAL,震荡,0.6126173673880756,0.74758534107279,0.3333333333333333,0.6968400615384616,0.34023510006752145,3142.0,52.0,2.0,85.0,33.0,28.0,65.0,0.25,4.0,0.5,2.0,6.0,5.0,19.0,17.03,18.74,,,18.31,7.5161,model_diagnostic_cap,0,,,,0,11,,,,1,0,,,,,,,,,,,,0,0,0,0,0,trade_selector_v2_nested_oos_top10_promotion_rank,,outside_observation_top10,,,,,09:30,tplus1_open_0930_v1,-0.006525279027736135,-0.07776290222136473,0.0870455681125637,-0.010189246094222521,-0.002861311961249748,-0.07776290222136473,0.0870455681125637,0.14765707874359787,0.14765707874359787,,0,0.9972163855712234,0.35264342037249485,0.3707742446896342,0.2795032974013157,0.45,-0.03,-0.05,-0.0026264779132945267,-0.017640030011120394,,0,0,0,1,1,1,1,0,1,nested_temporal_utility_v1,0.45,-0.05,0.05,0.9,0.0,-0.023022523477772033,1,0,0,0,0,REJECT,没有安全买入价格，放弃,系统仅供人工参考：T日9:25前仅用限价单参与集合竞价；不得使用无上限市价单，高于上限或未成交均放弃,T+1固定按9:30开盘集合竞价成交价退出；一字跌停无法成交时顺延至首个可成交开盘,1,0,LIMIT_ONLY_MANUAL,0,10.0,a_share_price_limit_le_10_v2,eligible_limit_le_10:10.00%:main_board_10pct,1.0,1,0,0,outside_stage_2_to_3_3_to_4_focus,auction_v13_five_year_promotion_blend_oos_1,7b00b5ccb4dad0b56631861d0531909d0951aee23397e45f3004b9be2c91913f,2026-08-26T11:50:11+00:00,a9188ffc88cc97087607208c3714cfe611b1d206891d5ea752339e63d06dc95f,D_CLOSE_STREAK_PATH_SENTIMENT_V12_OPEN0930_TOP10_META_SELECTOR_NO_T_LEAKAGE
20260826-600272.SH-auction_v13_five_year_promotion_blend_oos_1,20260826,20260827,20260828,600272.SH,开开实业,医药商业,1→2,1→2,0,INSUFFICIENT,路径数据不足,连续涨停路径数据不足,1.0,1.0,0.5614910165671111,,,,,,,,0.0,0.0,0.0,0.0,0.0,36.0,11.0,5.0,1.0,0.7346938775510204,,0.0,0.001577,0.5310978907517577,0.024062417738724248,0.005473425206874602,0.36123488224061107,0.03564608529598982,0.0054105665181413114,3.970291913552122,1.0986122886681096,2.8716796248840124,0.38823529411764707,0.5714285714285714,0.02511436923076923,0.6153846153846154,0.01695532393113437,0.3333333333333333,0.04206580591420241,0.3337330965980972,0.9201175500337607,0.563607400416874,0.022837185193347542,1.0,-0.06552731287746405,NEUTRAL,震荡,0.6126173673880756,0.74758534107279,0.3333333333333333,0.6968400615384616,0.34023510006752145,3142.0,52.0,2.0,85.0,33.0,28.0,65.0,0.25,4.0,0.5,2.0,6.0,5.0,34.0,21.1,23.21,,,20.68,-1.9905,model_diagnostic_cap,0,,,,0,11,,,,1,0,,,,,,,,,,,,0,0,0,0,0,trade_selector_v2_nested_oos_top10_promotion_rank,,outside_observation_top10,,,,,09:30,tplus1_open_0930_v1,-0.009897254246496037,-0.08113487744012463,0.0836735928938038,-0.013561221312982423,-0.00623328718000965,-0.08113487744012463,0.0836735928938038,0.14765707874359787,0.14765707874359787,,0,0.9983520797065989,0.35264342037249485,0.27236182588811614,0.2889895206562423,0.45,-0.03,-0.05,-0.0026800505516039186,-0.01800284795906598,,0,0,0,1,1,1,1,0,1,nested_temporal_utility_v1,0.45,-0.05,0.05,0.9,0.0,-0.023022523477772033,1,0,0,0,0,REJECT,没有安全买入价格，放弃,系统仅供人工参考：T日9:25前仅用限价单参与集合竞价；不得使用无上限市价单，高于上限或未成交均放弃,T+1固定按9:30开盘集合竞价成交价退出；一字跌停无法成交时顺延至首个可成交开盘,1,0,LIMIT_ONLY_MANUAL,0,10.0,a_share_price_limit_le_10_v2,eligible_limit_le_10:10.00%:main_board_10pct,1.0,1,0,0,outside_stage_2_to_3_3_to_4_focus,auction_v13_five_year_promotion_blend_oos_1,7b00b5ccb4dad0b56631861d0531909d0951aee23397e45f3004b9be2c91913f,2026-08-26T11:50:11+00:00,a9188ffc88cc97087607208c3714cfe611b1d206891d5ea752339e63d06dc95f,D_CLOSE_STREAK_PATH_SENTIMENT_V12_OPEN0930_TOP10_META_SELECTOR_NO_T_LEAKAGE
20260826-601212.SH-auction_v13_five_year_promotion_blend_oos_1,20260826,20260827,20260828,601212.SH,白银有色,工业金属,1→2,1→2,0,INSUFFICIENT,路径数据不足,连续涨停路径数据不足,1.0,1.0,0.6308865180586519,,,,,,,,0.0,0.0,0.0,0.0,0.0,36.0,11.0,5.0,4.0,0.7346938775510204,,0.0,0.001577,0.5310978907517577,0.024062417738724248,0.005473425206874602,0.36123488224061107,0.03564608529598982,0.0054105665181413114,3.970291913552122,1.0986122886681096,2.8716796248840124,0.38823529411764707,0.5714285714285714,0.02511436923076923,0.6153846153846154,0.01695532393113437,0.3333333333333333,0.04206580591420241,0.3337330965980972,0.9201175500337607,0.563607400416874,0.022837185193347542,1.0,-0.06552731287746405,NEUTRAL,震荡,0.6126173673880756,0.74758534107279,0.3333333333333333,0.6968400615384616,0.34023510006752145,3142.0,52.0,2.0,85.0,33.0,28.0,65.0,0.25,4.0,0.5,2.0,6.0,5.0,17.0,7.24,7.97,,,7.13,-1.5193,model_diagnostic_cap,0,,,,0,11,,,,1,0,,,,,,,,,,,,0,0,0,0,0,trade_selector_v2_nested_oos_top10_promotion_rank,,outside_observation_top10,,,,,09:30,tplus1_open_0930_v1,-0.01031265693259232,-0.0815502801262209,0.08325819020770753,-0.013976623999078706,-0.006648689866105933,-0.0815502801262209,0.08325819020770753,0.14765707874359787,0.14765707874359787,,0,0.9991130318354395,0.35264342037249485,0.2734045062094108,0.17393489908497756,0.45,-0.03,-0.05,-0.002740388474223897,-0.018411483448359068,,0,0,0,1,1,1,1,0,1,nested_temporal_utility_v1,0.45,-0.05,0.05,0.9,0.0,-0.023022523477772033,1,0,0,0,0,REJECT,没有安全买入价格，放弃,系统仅供人工参考：T日9:25前仅用限价单参与集合竞价；不得使用无上限市价单，高于上限或未成交均放弃,T+1固定按9:30开盘集合竞价成交价退出；一字跌停无法成交时顺延至首个可成交开盘,1,0,LIMIT_ONLY_MANUAL,0,10.0,a_share_price_limit_le_10_v2,eligible_limit_le_10:10.00%:main_board_10pct,1.0,1,0,0,outside_stage_2_to_3_3_to_4_focus,auction_v13_five_year_promotion_blend_oos_1,7b00b5ccb4dad0b56631861d0531909d0951aee23397e45f3004b9be2c91913f,2026-08-26T11:50:11+00:00,a9188ffc88cc97087607208c3714cfe611b1d206891d5ea752339e63d06dc95f,D_CLOSE_STREAK_PATH_SENTIMENT_V12_OPEN0930_TOP10_META_SELECTOR_NO_T_LEAKAGE
20260826-603618.SH-auction_v13_five_year_promotion_blend_oos_1,20260826,20260827,20260828,603618.SH,杭电股份,电网设备,1→2,1→2,0,INSUFFICIENT,路径数据不足,连续涨停路径数据不足,1.0,1.0,0.8009759665621735,,,,,,,,0.0,0.0,0.0,0.0,0.0,36.0,11.0,5.0,3.0,0.7346938775510204,,0.0,0.001577,0.5310978907517577,0.024062417738724248,0.005473425206874602,0.36123488224061107,0.03564608529598982,0.0054105665181413114,3.970291913552122,1.0986122886681096,2.8716796248840124,0.38823529411764707,0.5714285714285714,0.02511436923076923,0.6153846153846154,0.01695532393113437,0.3333333333333333,0.04206580591420241,0.3337330965980972,0.9201175500337607,0.563607400416874,0.022837185193347542,1.0,-0.06552731287746405,NEUTRAL,震荡,0.6126173673880756,0.74758534107279,0.3333333333333333,0.6968400615384616,0.34023510006752145,3142.0,52.0,2.0,85.0,33.0,28.0,65.0,0.25,4.0,0.5,2.0,6.0,5.0,14.0,31.92,35.11,,,31.12,-2.5063,model_diagnostic_cap,0,,,,0,11,,,,1,0,,,,,,,,,,,,0,0,0,0,0,trade_selector_v2_nested_oos_top10_promotion_rank,,outside_observation_top10,,,,,09:30,tplus1_open_0930_v1,-0.012028259836364855,-0.08326588302999344,0.08154258730393499,-0.015692226902851242,-0.008364292769878469,-0.08326588302999344,0.08154258730393499,0.14765707874359787,0.14765707874359787,,0,0.9969218638460238,0.35264342037249485,0.27605645927481387,0.13698108138355966,0.45,-0.03,-0.05,-0.0030216338497747407,-0.020316203343564487,,0,0,0,1,1,1,1,0,1,nested_temporal_utility_v1,0.45,-0.05,0.05,0.9,0.0,-0.023022523477772033,1,0,0,0,0,REJECT,没有安全买入价格，放弃,系统仅供人工参考：T日9:25前仅用限价单参与集合竞价；不得使用无上限市价单，高于上限或未成交均放弃,T+1固定按9:30开盘集合竞价成交价退出；一字跌停无法成交时顺延至首个可成交开盘,1,0,LIMIT_ONLY_MANUAL,0,10.0,a_share_price_limit_le_10_v2,eligible_limit_le_10:10.00%:main_board_10pct,0.0,1,0,0,outside_stage_2_to_3_3_to_4_focus,auction_v13_five_year_promotion_blend_oos_1,7b00b5ccb4dad0b56631861d0531909d0951aee23397e45f3004b9be2c91913f,2026-08-26T11:50:11+00:00,a9188ffc88cc97087607208c3714cfe611b1d206891d5ea752339e63d06dc95f,D_CLOSE_STREAK_PATH_SENTIMENT_V12_OPEN0930_TOP10_META_SELECTOR_NO_T_LEAKAGE
20260826-000533.SZ-auction_v13_five_year_promotion_blend_oos_1,20260826,20260827,20260828,000533.SZ,顺钠股份,电网设备,1→2,1→2,0,INSUFFICIENT,路径数据不足,连续涨停路径数据不足,1.0,1.0,0.7148181818181818,,,,,,,,0.0,0.0,0.0,0.0,0.0,36.0,11.0,5.0,3.0,0.7346938775510204,,0.0,0.001577,0.5310978907517577,0.024062417738724248,0.005473425206874602,0.36123488224061107,0.03564608529598982,0.0054105665181413114,3.970291913552122,1.0986122886681096,2.8716796248840124,0.38823529411764707,0.5714285714285714,0.02511436923076923,0.6153846153846154,0.01695532393113437,0.3333333333333333,0.04206580591420241,0.3337330965980972,0.9201175500337607,0.563607400416874,0.022837185193347542,1.0,-0.06552731287746405,NEUTRAL,震荡,0.6126173673880756,0.74758534107279,0.3333333333333333,0.6968400615384616,0.34023510006752145,3142.0,52.0,2.0,85.0,33.0,28.0,65.0,0.25,4.0,0.5,2.0,6.0,5.0,6.0,11.61,12.78,,,11.03,-4.9957,model_diagnostic_cap,0,,,,0,11,,,,1,0,,,,,,,,,,,,0,0,0,0,0,trade_selector_v2_nested_oos_top10_promotion_rank,,outside_observation_top10,,,,,09:30,tplus1_open_0930_v1,-0.012439236577515504,-0.08367685977114409,0.08113161056278434,-0.01610320364400189,-0.008775269511029117,-0.08367685977114409,0.08113161056278434,0.14765707874359787,0.14765707874359787,,0,0.9984203847198465,0.35264342037249485,0.2744340861639295,0.20780833322639283,0.45,-0.03,-0.05,-0.0030640674678458005,-0.020603582847697467,,0,0,0,1,1,1,1,0,1,nested_temporal_utility_v1,0.45,-0.05,0.05,0.9,0.0,-0.023022523477772033,1,0,0,0,0,REJECT,没有安全买入价格，放弃,系统仅供人工参考：T日9:25前仅用限价单参与集合竞价；不得使用无上限市价单，高于上限或未成交均放弃,T+1固定按9:30开盘集合竞价成交价退出；一字跌停无法成交时顺延至首个可成交开盘,1,0,LIMIT_ONLY_MANUAL,0,10.0,a_share_price_limit_le_10_v2,eligible_limit_le_10:10.00%:main_board_10pct,0.0,1,0,0,outside_stage_2_to_3_3_to_4_focus,auction_v13_five_year_promotion_blend_oos_1,7b00b5ccb4dad0b56631861d0531909d0951aee23397e45f3004b9be2c91913f,2026-08-26T11:50:11+00:00,a9188ffc88cc97087607208c3714cfe611b1d206891d5ea752339e63d06dc95f,D_CLOSE_STREAK_PATH_SENTIMENT_V12_OPEN0930_TOP10_META_SELECTOR_NO_T_LEAKAGE
20260826-600227.SH-auction_v13_five_year_promotion_blend_oos_1,20260826,20260827,20260828,600227.SH,赤天化,农化制品,1→2,1→2,0,INSUFFICIENT,路径数据不足,连续涨停路径数据不足,1.0,1.0,0.5656908292660715,,,,,,,,0.0,0.0,0.0,0.0,0.0,36.0,11.0,5.0,2.0,0.7346938775510204,,0.0,0.001577,0.5310978907517577,0.024062417738724248,0.005473425206874602,0.36123488224061107,0.03564608529598982,0.0054105665181413114,3.970291913552122,1.0986122886681096,2.8716796248840124,0.38823529411764707,0.5714285714285714,0.02511436923076923,0.6153846153846154,0.01695532393113437,0.3333333333333333,0.04206580591420241,0.3337330965980972,0.9201175500337607,0.563607400416874,0.022837185193347542,1.0,-0.06552731287746405,NEUTRAL,震荡,0.6126173673880756,0.74758534107279,0.3333333333333333,0.6968400615384616,0.34023510006752145,3142.0,52.0,2.0,85.0,33.0,28.0,65.0,0.25,4.0,0.5,2.0,6.0,5.0,31.0,4.19,4.61,,,4.53,8.1146,model_diagnostic_cap,0,,,,0,11,,,,1,0,,,,,,,,,,,,0,0,0,0,0,trade_selector_v2_nested_oos_top10_promotion_rank,,outside_observation_top10,,,,,09:30,tplus1_open_0930_v1,-0.012114247509256085,-0.08335187070288468,0.08145659963104375,-0.015778214575742473,-0.008450280442769699,-0.08335187070288468,0.08145659963104375,0.14765707874359787,0.14765707874359787,,0,0.9965308196689567,0.35264342037249485,0.33103106212330347,0.19137406252302536,0.45,-0.03,-0.05,-0.0032807392382550138,-0.022070981310763755,,0,0,0,1,1,1,1,0,1,nested_temporal_utility_v1,0.45,-0.05,0.05,0.9,0.0,-0.023022523477772033,1,0,0,0,0,REJECT,没有安全买入价格，放弃,系统仅供人工参考：T日9:25前仅用限价单参与集合竞价；不得使用无上限市价单，高于上限或未成交均放弃,T+1固定按9:30开盘集合竞价成交价退出；一字跌停无法成交时顺延至首个可成交开盘,1,0,LIMIT_ONLY_MANUAL,0,10.0,a_share_price_limit_le_10_v2,eligible_limit_le_10:10.00%:main_board_10pct,0.0,1,0,0,outside_stage_2_to_3_3_to_4_focus,auction_v13_five_year_promotion_blend_oos_1,7b00b5ccb4dad0b56631861d0531909d0951aee23397e45f3004b9be2c91913f,2026-08-26T11:50:11+00:00,a9188ffc88cc97087607208c3714cfe611b1d206891d5ea752339e63d06dc95f,D_CLOSE_STREAK_PATH_SENTIMENT_V12_OPEN0930_TOP10_META_SELECTOR_NO_T_LEAKAGE
20260826-000536.SZ-auction_v13_five_year_promotion_blend_oos_1,20260826,20260827,20260828,000536.SZ,华映科技,光学光电,1→2,1→2,0,INSUFFICIENT,路径数据不足,连续涨停路径数据不足,1.0,1.0,0.6967272727272726,,,,,,,,0.0,0.0,0.0,0.0,0.0,36.0,11.0,5.0,1.0,0.7346938775510204,,0.0,0.001577,0.5310978907517577,0.024062417738724248,0.005473425206874602,0.36123488224061107,0.03564608529598982,0.0054105665181413114,3.970291913552122,1.0986122886681096,2.8716796248840124,0.38823529411764707,0.5714285714285714,0.02511436923076923,0.6153846153846154,0.01695532393113437,0.3333333333333333,0.04206580591420241,0.3337330965980972,0.9201175500337607,0.563607400416874,0.022837185193347542,1.0,-0.06552731287746405,NEUTRAL,震荡,0.6126173673880756,0.74758534107279,0.3333333333333333,0.6968400615384616,0.34023510006752145,3142.0,52.0,2.0,85.0,33.0,28.0,65.0,0.25,4.0,0.5,2.0,6.0,5.0,33.0,3.59,3.95,,,3.41,-5.0139,model_diagnostic_cap,0,,,,0,11,,,,1,0,,,,,,,,,,,,0,0,0,0,0,trade_selector_v2_nested_oos_top10_promotion_rank,,outside_observation_top10,,,,,09:30,tplus1_open_0930_v1,-0.016079037744476575,-0.08731666093810517,0.07749180939582326,-0.01974300481096296,-0.012415070677990189,-0.08731666093810517,0.07749180939582326,0.14765707874359787,0.14765707874359787,,0,0.9976026236545861,0.35264342037249485,0.279676980490609,0.19408174354553165,0.45,-0.03,-0.05,-0.0036307717996803077,-0.024441558897721948,,0,0,0,1,1,1,1,0,0,nested_temporal_utility_v1,0.45,-0.05,0.05,0.9,0.0,-0.023022523477772033,1,0,0,0,0,REJECT,没有安全买入价格，放弃,系统仅供人工参考：T日9:25前仅用限价单参与集合竞价；不得使用无上限市价单，高于上限或未成交均放弃,T+1固定按9:30开盘集合竞价成交价退出；一字跌停无法成交时顺延至首个可成交开盘,1,0,LIMIT_ONLY_MANUAL,0,10.0,a_share_price_limit_le_10_v2,eligible_limit_le_10:10.00%:main_board_10pct,0.0,1,0,0,outside_stage_2_to_3_3_to_4_focus,auction_v13_five_year_promotion_blend_oos_1,7b00b5ccb4dad0b56631861d0531909d0951aee23397e45f3004b9be2c91913f,2026-08-26T11:50:11+00:00,a9188ffc88cc97087607208c3714cfe611b1d206891d5ea752339e63d06dc95f,D_CLOSE_STREAK_PATH_SENTIMENT_V12_OPEN0930_TOP10_META_SELECTOR_NO_T_LEAKAGE
20260826-001268.SZ-auction_v13_five_year_promotion_blend_oos_1,20260826,20260827,20260828,001268.SZ,联合精密,家电零部,1→2,1→2,0,INSUFFICIENT,路径数据不足,连续涨停路径数据不足,1.0,1.0,0.5794656509950021,,,,,,,,0.0,0.0,0.0,0.0,0.0,36.0,11.0,5.0,1.0,0.7346938775510204,,0.0,0.001577,0.5310978907517577,0.024062417738724248,0.005473425206874602,0.36123488224061107,0.03564608529598982,0.0054105665181413114,3.970291913552122,1.0986122886681096,2.8716796248840124,0.38823529411764707,0.5714285714285714,0.02511436923076923,0.6153846153846154,0.01695532393113437,0.3333333333333333,0.04206580591420241,0.3337330965980972,0.9201175500337607,0.563607400416874,0.022837185193347542,1.0,-0.06552731287746405,NEUTRAL,震荡,0.6126173673880756,0.74758534107279,0.3333333333333333,0.6968400615384616,0.34023510006752145,3142.0,52.0,2.0,85.0,33.0,28.0,65.0,0.25,4.0,0.5,2.0,6.0,5.0,43.0,24.55,27.0,,,26.51,7.9837,model_diagnostic_cap,0,,,,0,11,,,,1,0,,,,,,,,,,,,0,0,0,0,0,trade_selector_v2_nested_oos_top10_promotion_rank,,outside_observation_top10,,,,,09:30,tplus1_open_0930_v1,-0.013433430086460531,-0.08467105328008911,0.08013741705383931,-0.01709739715294692,-0.009769463019974145,-0.08467105328008911,0.08013741705383931,0.14765707874359787,0.14765707874359787,,0,0.9979702491456285,0.35264342037249485,0.3959809399663847,0.3286804549877075,0.45,-0.03,-0.05,-0.0037526080631672216,-0.02526668874942705,,0,0,0,1,1,1,1,0,0,nested_temporal_utility_v1,0.45,-0.05,0.05,0.9,0.0,-0.023022523477772033,1,0,0,0,0,REJECT,没有安全买入价格，放弃,系统仅供人工参考：T日9:25前仅用限价单参与集合竞价；不得使用无上限市价单，高于上限或未成交均放弃,T+1固定按9:30开盘集合竞价成交价退出；一字跌停无法成交时顺延至首个可成交开盘,1,0,LIMIT_ONLY_MANUAL,0,10.0,a_share_price_limit_le_10_v2,eligible_limit_le_10:10.00%:main_board_10pct,1.0,1,0,0,outside_stage_2_to_3_3_to_4_focus,auction_v13_five_year_promotion_blend_oos_1,7b00b5ccb4dad0b56631861d0531909d0951aee23397e45f3004b9be2c91913f,2026-08-26T11:50:11+00:00,a9188ffc88cc97087607208c3714cfe611b1d206891d5ea752339e63d06dc95f,D_CLOSE_STREAK_PATH_SENTIMENT_V12_OPEN0930_TOP10_META_SELECTOR_NO_T_LEAKAGE
20260826-603200.SH-auction_v13_five_year_promotion_blend_oos_1,20260826,20260827,20260828,603200.SH,上海洗霸,环境治理,1→2,1→2,0,INSUFFICIENT,路径数据不足,连续涨停路径数据不足,1.0,1.0,0.6458903467666353,,,,,,,,0.0,0.0,0.0,0.0,0.0,36.0,11.0,5.0,1.0,0.7346938775510204,,0.0,0.001577,0.5310978907517577,0.024062417738724248,0.005473425206874602,0.36123488224061107,0.03564608529598982,0.0054105665181413114,3.970291913552122,1.0986122886681096,2.8716796248840124,0.38823529411764707,0.5714285714285714,0.02511436923076923,0.6153846153846154,0.01695532393113437,0.3333333333333333,0.04206580591420241,0.3337330965980972,0.9201175500337607,0.563607400416874,0.022837185193347542,1.0,-0.06552731287746405,NEUTRAL,震荡,0.6126173673880756,0.74758534107279,0.3333333333333333,0.6968400615384616,0.34023510006752145,3142.0,52.0,2.0,85.0,33.0,28.0,65.0,0.25,4.0,0.5,2.0,6.0,5.0,26.0,42.69,46.96,,,41.2,-3.4903,model_diagnostic_cap,0,,,,0,11,,,,1,0,,,,,,,,,,,,0,0,0,0,0,trade_selector_v2_nested_oos_top10_promotion_rank,,outside_observation_top10,,,,,09:30,tplus1_open_0930_v1,-0.01634874906375898,-0.08758637225738757,0.07722209807654086,-0.020012716130245366,-0.012684781997272594,-0.08758637225738757,0.07722209807654086,0.14765707874359787,0.14765707874359787,,0,0.9975961766911275,0.35264342037249485,0.33762571212149556,0.17792270608525407,0.45,-0.03,-0.05,-0.003927340395064585,-0.02645005451410387,,0,0,0,1,1,1,1,0,0,nested_temporal_utility_v1,0.45,-0.05,0.05,0.9,0.0,-0.023022523477772033,1,0,0,0,0,REJECT,没有安全买入价格，放弃,系统仅供人工参考：T日9:25前仅用限价单参与集合竞价；不得使用无上限市价单，高于上限或未成交均放弃,T+1固定按9:30开盘集合竞价成交价退出；一字跌停无法成交时顺延至首个可成交开盘,1,0,LIMIT_ONLY_MANUAL,0,10.0,a_share_price_limit_le_10_v2,eligible_limit_le_10:10.00%:main_board_10pct,1.0,1,0,0,outside_stage_2_to_3_3_to_4_focus,auction_v13_five_year_promotion_blend_oos_1,7b00b5ccb4dad0b56631861d0531909d0951aee23397e45f3004b9be2c91913f,2026-08-26T11:50:11+00:00,a9188ffc88cc97087607208c3714cfe611b1d206891d5ea752339e63d06dc95f,D_CLOSE_STREAK_PATH_SENTIMENT_V12_OPEN0930_TOP10_META_SELECTOR_NO_T_LEAKAGE
20260826-603392.SH-auction_v13_five_year_promotion_blend_oos_1,20260826,20260827,20260828,603392.SH,万泰生物,医疗器械,1→2,1→2,0,INSUFFICIENT,路径数据不足,连续涨停路径数据不足,1.0,1.0,0.7014197131456914,,,,,,,,0.0,0.0,0.0,0.0,0.0,36.0,11.0,5.0,1.0,0.7346938775510204,,0.0,0.001577,0.5310978907517577,0.024062417738724248,0.005473425206874602,0.36123488224061107,0.03564608529598982,0.0054105665181413114,3.970291913552122,1.0986122886681096,2.8716796248840124,0.38823529411764707,0.5714285714285714,0.02511436923076923,0.6153846153846154,0.01695532393113437,0.3333333333333333,0.04206580591420241,0.3337330965980972,0.9201175500337607,0.563607400416874,0.022837185193347542,1.0,-0.06552731287746405,NEUTRAL,震荡,0.6126173673880756,0.74758534107279,0.3333333333333333,0.6968400615384616,0.34023510006752145,3142.0,52.0,2.0,85.0,33.0,28.0,65.0,0.25,4.0,0.5,2.0,6.0,5.0,22.0,30.91,34.0,,,29.98,-3.0087,model_diagnostic_cap,0,,,,0,11,,,,1,0,,,,,,,,,,,,0,0,0,0,0,trade_selector_v2_nested_oos_top10_promotion_rank,,outside_observation_top10,,,,,09:30,tplus1_open_0930_v1,-0.01902302436412114,-0.09026064755774972,0.0745478227761787,-0.022686991430607525,-0.015359057297634753,-0.09026064755774972,0.0745478227761787,0.14765707874359787,0.14765707874359787,,0,0.9988587089002033,0.35264342037249485,0.2884048875581315,0.17162978580104146,0.45,-0.03,-0.05,-0.004094860887730304,-0.02758457846711132,,0,0,0,1,1,1,1,0,0,nested_temporal_utility_v1,0.45,-0.05,0.05,0.9,0.0,-0.023022523477772033,1,0,0,0,0,REJECT,没有安全买入价格，放弃,系统仅供人工参考：T日9:25前仅用限价单参与集合竞价；不得使用无上限市价单，高于上限或未成交均放弃,T+1固定按9:30开盘集合竞价成交价退出；一字跌停无法成交时顺延至首个可成交开盘,1,0,LIMIT_ONLY_MANUAL,0,10.0,a_share_price_limit_le_10_v2,eligible_limit_le_10:10.00%:main_board_10pct,0.0,1,0,0,outside_stage_2_to_3_3_to_4_focus,auction_v13_five_year_promotion_blend_oos_1,7b00b5ccb4dad0b56631861d0531909d0951aee23397e45f3004b9be2c91913f,2026-08-26T11:50:11+00:00,a9188ffc88cc97087607208c3714cfe611b1d206891d5ea752339e63d06dc95f,D_CLOSE_STREAK_PATH_SENTIMENT_V12_OPEN0930_TOP10_META_SELECTOR_NO_T_LEAKAGE
20260826-603979.SH-auction_v13_five_year_promotion_blend_oos_1,20260826,20260827,20260828,603979.SH,金诚信,工业金属,1→2,1→2,0,INSUFFICIENT,路径数据不足,连续涨停路径数据不足,1.0,1.0,0.8458831640657253,,,,,,,,0.0,0.0,0.0,0.0,0.0,36.0,11.0,5.0,4.0,0.7346938775510204,,0.0,0.001577,0.5310978907517577,0.024062417738724248,0.005473425206874602,0.36123488224061107,0.03564608529598982,0.0054105665181413114,3.970291913552122,1.0986122886681096,2.8716796248840124,0.38823529411764707,0.5714285714285714,0.02511436923076923,0.6153846153846154,0.01695532393113437,0.3333333333333333,0.04206580591420241,0.3337330965980972,0.9201175500337607,0.563607400416874,0.022837185193347542,1.0,-0.06552731287746405,NEUTRAL,震荡,0.6126173673880756,0.74758534107279,0.3333333333333333,0.6968400615384616,0.34023510006752145,3142.0,52.0,2.0,85.0,33.0,28.0,65.0,0.25,4.0,0.5,2.0,6.0,5.0,8.0,80.71,88.78,,,76.67,-5.0056,model_diagnostic_cap,0,,,,0,11,,,,1,0,,,,,,,,,,,,0,0,0,0,0,trade_selector_v2_nested_oos_top10_promotion_rank,,outside_observation_top10,,,,,09:30,tplus1_open_0930_v1,-0.01921991820809099,-0.09045754140171958,0.07435092893220885,-0.022883885274577378,-0.015555951141604605,-0.09045754140171958,0.07435092893220885,0.14765707874359787,0.14765707874359787,,0,0.9983652719766266,0.35264342037249485,0.30317927001567263,0.14401236128158182,0.45,-0.03,-0.05,-0.004193022894905103,-0.028249375630986243,,0,0,0,1,1,1,1,0,0,nested_temporal_utility_v1,0.45,-0.05,0.05,0.9,0.0,-0.023022523477772033,1,0,0,0,0,REJECT,没有安全买入价格，放弃,系统仅供人工参考：T日9:25前仅用限价单参与集合竞价；不得使用无上限市价单，高于上限或未成交均放弃,T+1固定按9:30开盘集合竞价成交价退出；一字跌停无法成交时顺延至首个可成交开盘,1,0,LIMIT_ONLY_MANUAL,0,10.0,a_share_price_limit_le_10_v2,eligible_limit_le_10:10.00%:main_board_10pct,0.0,1,0,0,outside_stage_2_to_3_3_to_4_focus,auction_v13_five_year_promotion_blend_oos_1,7b00b5ccb4dad0b56631861d0531909d0951aee23397e45f3004b9be2c91913f,2026-08-26T11:50:11+00:00,a9188ffc88cc97087607208c3714cfe611b1d206891d5ea752339e63d06dc95f,D_CLOSE_STREAK_PATH_SENTIMENT_V12_OPEN0930_TOP10_META_SELECTOR_NO_T_LEAKAGE
20260826-002366.SZ-auction_v13_five_year_promotion_blend_oos_1,20260826,20260827,20260828,002366.SZ,融发核电,其他电源,1→2,1→2,0,INSUFFICIENT,路径数据不足,连续涨停路径数据不足,1.0,1.0,0.9,,,,,,,,0.0,0.0,0.0,0.0,0.0,36.0,11.0,5.0,1.0,0.7346938775510204,,0.0,0.001577,0.5310978907517577,0.024062417738724248,0.005473425206874602,0.36123488224061107,0.03564608529598982,0.0054105665181413114,3.970291913552122,1.0986122886681096,2.8716796248840124,0.38823529411764707,0.5714285714285714,0.02511436923076923,0.6153846153846154,0.01695532393113437,0.3333333333333333,0.04206580591420241,0.3337330965980972,0.9201175500337607,0.563607400416874,0.022837185193347542,1.0,-0.06552731287746405,NEUTRAL,震荡,0.6126173673880756,0.74758534107279,0.3333333333333333,0.6968400615384616,0.34023510006752145,3142.0,52.0,2.0,85.0,33.0,28.0,65.0,0.25,4.0,0.5,2.0,6.0,5.0,9.0,6.24,6.87,,,5.96,-4.4872,model_diagnostic_cap,0,,,,0,11,,,,1,0,,,,,,,,,,,,0,0,0,0,0,trade_selector_v2_nested_oos_top10_promotion_rank,,outside_observation_top10,,,,,09:30,tplus1_open_0930_v1,-0.019001501724185337,-0.09023912491781393,0.0745693454161145,-0.022665468790671724,-0.01533753465769895,-0.09023912491781393,0.0745693454161145,0.14765707874359787,0.14765707874359787,,0,0.9859866239210946,0.35264342037249485,0.2943301580158466,0.17282239401682492,0.45,-0.03,-0.05,-0.004212962884654819,-0.02838441818986241,,0,0,0,1,1,1,1,0,0,nested_temporal_utility_v1,0.45,-0.05,0.05,0.9,0.0,-0.023022523477772033,1,0,0,0,0,REJECT,没有安全买入价格，放弃,系统仅供人工参考：T日9:25前仅用限价单参与集合竞价；不得使用无上限市价单，高于上限或未成交均放弃,T+1固定按9:30开盘集合竞价成交价退出；一字跌停无法成交时顺延至首个可成交开盘,1,0,LIMIT_ONLY_MANUAL,0,10.0,a_share_price_limit_le_10_v2,eligible_limit_le_10:10.00%:main_board_10pct,0.0,1,0,0,outside_stage_2_to_3_3_to_4_focus,auction_v13_five_year_promotion_blend_oos_1,7b00b5ccb4dad0b56631861d0531909d0951aee23397e45f3004b9be2c91913f,2026-08-26T11:50:11+00:00,a9188ffc88cc97087607208c3714cfe611b1d206891d5ea752339e63d06dc95f,D_CLOSE_STREAK_PATH_SENTIMENT_V12_OPEN0930_TOP10_META_SELECTOR_NO_T_LEAKAGE
20260826-002721.SZ-auction_v13_five_year_promotion_blend_oos_1,20260826,20260827,20260828,002721.SZ,金一文化,饰品,1→2,1→2,0,INSUFFICIENT,路径数据不足,连续涨停路径数据不足,1.0,1.0,0.6213290043290044,,,,,,,,0.0,0.0,0.0,0.0,0.0,36.0,11.0,5.0,1.0,0.7346938775510204,,0.0,0.001577,0.5310978907517577,0.024062417738724248,0.005473425206874602,0.36123488224061107,0.03564608529598982,0.0054105665181413114,3.970291913552122,1.0986122886681096,2.8716796248840124,0.38823529411764707,0.5714285714285714,0.02511436923076923,0.6153846153846154,0.01695532393113437,0.3333333333333333,0.04206580591420241,0.3337330965980972,0.9201175500337607,0.563607400416874,0.022837185193347542,1.0,-0.06552731287746405,NEUTRAL,震荡,0.6126173673880756,0.74758534107279,0.3333333333333333,0.6968400615384616,0.34023510006752145,3142.0,52.0,2.0,85.0,33.0,28.0,65.0,0.25,4.0,0.5,2.0,6.0,5.0,20.0,3.08,3.39,,,2.93,-4.8701,model_diagnostic_cap,0,,,,0,11,,,,1,0,,,,,,,,,,,,0,0,0,0,0,trade_selector_v2_nested_oos_top10_promotion_rank,,outside_observation_top10,,,,,09:30,tplus1_open_0930_v1,-0.01821774544888622,-0.0894553686425148,0.07535310169141363,-0.021881712515372607,-0.014553778382399834,-0.0894553686425148,0.07535310169141363,0.14765707874359787,0.14765707874359787,,0,0.9902035337141925,0.35264342037249485,0.3341257210686768,0.18439446709582005,0.45,-0.03,-0.05,-0.00424238579114861,-0.028583683316493302,,0,0,0,1,1,1,1,0,0,nested_temporal_utility_v1,0.45,-0.05,0.05,0.9,0.0,-0.023022523477772033,1,0,0,0,0,REJECT,没有安全买入价格，放弃,系统仅供人工参考：T日9:25前仅用限价单参与集合竞价；不得使用无上限市价单，高于上限或未成交均放弃,T+1固定按9:30开盘集合竞价成交价退出；一字跌停无法成交时顺延至首个可成交开盘,1,0,LIMIT_ONLY_MANUAL,0,10.0,a_share_price_limit_le_10_v2,eligible_limit_le_10:10.00%:main_board_10pct,0.0,1,0,0,outside_stage_2_to_3_3_to_4_focus,auction_v13_five_year_promotion_blend_oos_1,7b00b5ccb4dad0b56631861d0531909d0951aee23397e45f3004b9be2c91913f,2026-08-26T11:50:11+00:00,a9188ffc88cc97087607208c3714cfe611b1d206891d5ea752339e63d06dc95f,D_CLOSE_STREAK_PATH_SENTIMENT_V12_OPEN0930_TOP10_META_SELECTOR_NO_T_LEAKAGE
20260826-002094.SZ-auction_v13_five_year_promotion_blend_oos_1,20260826,20260827,20260828,002094.SZ,青岛金王,家居用品,2→3,2→3,1,STABLE_STRONG,持续强势,路径强度0.74→0.68；竞价斜率-1.97pct/板；首封每板提前9分钟；炸板变化+0.0/板,2.0,1.0,0.6775050514957286,-0.06593208583502586,-0.019651055249585436,-9.25,0.0,0.095826,1.1003281668795317,-0.08507798977282327,0.0,0.0,0.0,0.0,0.0,10.0,11.0,5.0,1.0,0.20408163265306123,0.19230769230769232,104.0,0.001577,0.5310978907517577,0.024062417738724248,0.005473425206874602,0.36123488224061107,0.03564608529598982,0.0054105665181413114,3.970291913552122,1.0986122886681096,2.8716796248840124,0.38823529411764707,0.5714285714285714,0.02511436923076923,0.6153846153846154,0.01695532393113437,0.3333333333333333,0.04206580591420241,0.3337330965980972,0.9201175500337607,0.563607400416874,0.022837185193347542,1.0,-0.06552731287746405,NEUTRAL,震荡,0.6126173673880756,0.74758534107279,0.3333333333333333,0.6968400615384616,0.34023510006752145,3142.0,52.0,2.0,85.0,33.0,28.0,65.0,0.25,4.0,0.5,2.0,6.0,5.0,48.0,5.65,6.21,,,5.93,4.9558,model_diagnostic_cap,0,7.0,2.0,高风险观察,1,11,6.0,0.5764249450616699,0.5077440605508444,1,0,4.0,-0.012814446825497811,-0.015519691715786137,-0.026957795555480946,0.1721128978907929,0.1721128978907929,0.5172779729849967,-0.1224252969844654,-0.06332790946621049,-0.004639784313801363,0.75,0,0,0,0,0,trade_selector_v2_nested_oos_top10_promotion_rank,09e291bea250d767c2b96d6ea82144aa896033e61d57d3212a5ef3a8b670f304,below_learned_policy,,,,,09:30,tplus1_open_0930_v1,-0.01744507796817258,-0.10889961586618888,0.09710553082929752,-0.021109045034658967,-0.013781110901686194,-0.10889961586618888,0.09710553082929752,0.14765707874359787,0.14765707874359787,,0,0.9991168127398501,0.35264342037249485,0.4326597485102901,0.26763347276728555,0.45,-0.03,-0.05,-0.004498967930424602,-0.028983205343908754,3.0,0,0,1,1,1,1,1,0,0,nested_temporal_utility_v1,0.45,-0.05,0.05,0.9,0.0,-0.023022523477772033,1,0,0,0,0,REJECT,没有安全买入价格，放弃,系统仅供人工参考：T日9:25前仅用限价单参与集合竞价；不得使用无上限市价单，高于上限或未成交均放弃,T+1固定按9:30开盘集合竞价成交价退出；一字跌停无法成交时顺延至首个可成交开盘,1,0,LIMIT_ONLY_MANUAL,0,10.0,a_share_price_limit_le_10_v2,eligible_limit_le_10:10.00%:main_board_10pct,1.0,1,0,0,selection_policy_not_ready,auction_v13_five_year_promotion_blend_oos_1,7b00b5ccb4dad0b56631861d0531909d0951aee23397e45f3004b9be2c91913f,2026-08-26T11:50:11+00:00,a9188ffc88cc97087607208c3714cfe611b1d206891d5ea752339e63d06dc95f,D_CLOSE_STREAK_PATH_SENTIMENT_V12_OPEN0930_TOP10_META_SELECTOR_NO_T_LEAKAGE
20260826-000712.SZ-auction_v13_five_year_promotion_blend_oos_1,20260826,20260827,20260828,000712.SZ,锦龙股份,证券Ⅱ,1→2,1→2,0,INSUFFICIENT,路径数据不足,连续涨停路径数据不足,1.0,1.0,0.6788038815117468,,,,,,,,0.0,0.0,0.0,0.0,0.0,36.0,11.0,5.0,2.0,0.7346938775510204,,0.0,0.001577,0.5310978907517577,0.024062417738724248,0.005473425206874602,0.36123488224061107,0.03564608529598982,0.0054105665181413114,3.970291913552122,1.0986122886681096,2.8716796248840124,0.38823529411764707,0.5714285714285714,0.02511436923076923,0.6153846153846154,0.01695532393113437,0.3333333333333333,0.04206580591420241,0.3337330965980972,0.9201175500337607,0.563607400416874,0.022837185193347542,1.0,-0.06552731287746405,NEUTRAL,震荡,0.6126173673880756,0.74758534107279,0.3333333333333333,0.6968400615384616,0.34023510006752145,3142.0,52.0,2.0,85.0,33.0,28.0,65.0,0.25,4.0,0.5,2.0,6.0,5.0,13.0,9.75,10.73,,,9.41,-3.4872,model_diagnostic_cap,0,,,,0,11,,,,1,0,,,,,,,,,,,,0,0,0,0,0,trade_selector_v2_nested_oos_top10_promotion_rank,,outside_observation_top10,,,,,09:30,tplus1_open_0930_v1,-0.022606040372334633,-0.09384366356596321,0.07096480676796521,-0.02627000743882102,-0.018942073305848246,-0.09384366356596321,0.07096480676796521,0.14765707874359787,0.14765707874359787,,0,0.998161157703272,0.35264342037249485,0.25286692887626844,0.17860525314815384,0.45,-0.03,-0.05,-0.004471645548291067,-0.03013633327471549,,0,0,0,1,1,1,1,0,0,nested_temporal_utility_v1,0.45,-0.05,0.05,0.9,0.0,-0.023022523477772033,1,0,0,0,0,REJECT,没有安全买入价格，放弃,系统仅供人工参考：T日9:25前仅用限价单参与集合竞价；不得使用无上限市价单，高于上限或未成交均放弃,T+1固定按9:30开盘集合竞价成交价退出；一字跌停无法成交时顺延至首个可成交开盘,1,0,LIMIT_ONLY_MANUAL,0,10.0,a_share_price_limit_le_10_v2,eligible_limit_le_10:10.00%:main_board_10pct,0.0,1,0,0,outside_stage_2_to_3_3_to_4_focus,auction_v13_five_year_promotion_blend_oos_1,7b00b5ccb4dad0b56631861d0531909d0951aee23397e45f3004b9be2c91913f,2026-08-26T11:50:11+00:00,a9188ffc88cc97087607208c3714cfe611b1d206891d5ea752339e63d06dc95f,D_CLOSE_STREAK_PATH_SENTIMENT_V12_OPEN0930_TOP10_META_SELECTOR_NO_T_LEAKAGE
20260826-002047.SZ-auction_v13_five_year_promotion_blend_oos_1,20260826,20260827,20260828,002047.SZ,宝鹰股份,装修装饰,1→2,1→2,0,INSUFFICIENT,路径数据不足,连续涨停路径数据不足,1.0,1.0,0.6988333333333335,,,,,,,,0.0,0.0,0.0,0.0,0.0,36.0,11.0,5.0,1.0,0.7346938775510204,,0.0,0.001577,0.5310978907517577,0.024062417738724248,0.005473425206874602,0.36123488224061107,0.03564608529598982,0.0054105665181413114,3.970291913552122,1.0986122886681096,2.8716796248840124,0.38823529411764707,0.5714285714285714,0.02511436923076923,0.6153846153846154,0.01695532393113437,0.3333333333333333,0.04206580591420241,0.3337330965980972,0.9201175500337607,0.563607400416874,0.022837185193347542,1.0,-0.06552731287746405,NEUTRAL,震荡,0.6126173673880756,0.74758534107279,0.3333333333333333,0.6968400615384616,0.34023510006752145,3142.0,52.0,2.0,85.0,33.0,28.0,65.0,0.25,4.0,0.5,2.0,6.0,5.0,24.0,3.63,3.99,,,3.5,-3.5813,model_diagnostic_cap,0,,,,0,11,,,,1,0,,,,,,,,,,,,0,0,0,0,0,trade_selector_v2_nested_oos_top10_promotion_rank,,outside_observation_top10,,,,,09:30,tplus1_open_0930_v1,-0.02231196562668816,-0.09354958882031675,0.07125888151361168,-0.025975932693174546,-0.018647998560201773,-0.09354958882031675,0.07125888151361168,0.14765707874359787,0.14765707874359787,,0,0.9983864577586635,0.35264342037249485,0.33233181784728316,0.22057903912837715,0.45,-0.03,-0.05,-0.004778566574059979,-0.03221494019542988,,0,0,0,1,1,1,1,0,0,nested_temporal_utility_v1,0.45,-0.05,0.05,0.9,0.0,-0.023022523477772033,1,0,0,0,0,REJECT,没有安全买入价格，放弃,系统仅供人工参考：T日9:25前仅用限价单参与集合竞价；不得使用无上限市价单，高于上限或未成交均放弃,T+1固定按9:30开盘集合竞价成交价退出；一字跌停无法成交时顺延至首个可成交开盘,1,0,LIMIT_ONLY_MANUAL,0,10.0,a_share_price_limit_le_10_v2,eligible_limit_le_10:10.00%:main_board_10pct,0.0,1,0,0,outside_stage_2_to_3_3_to_4_focus,auction_v13_five_year_promotion_blend_oos_1,7b00b5ccb4dad0b56631861d0531909d0951aee23397e45f3004b9be2c91913f,2026-08-26T11:50:11+00:00,a9188ffc88cc97087607208c3714cfe611b1d206891d5ea752339e63d06dc95f,D_CLOSE_STREAK_PATH_SENTIMENT_V12_OPEN0930_TOP10_META_SELECTOR_NO_T_LEAKAGE
20260826-002703.SZ-auction_v13_five_year_promotion_blend_oos_1,20260826,20260827,20260828,002703.SZ,浙江世宝,汽车零部件,2→3,2→3,1,WEAK_TO_STRONG,弱转强,路径强度0.51→0.76；竞价斜率+8.15pct/板；首封每板提前27分钟；炸板变化-2.0/板,2.0,1.0,0.7597519589074561,0.25400541080040584,0.08147015708452399,-26.899999999999977,-2.0,-0.0034690000000000276,0.0902601543540591,0.03955212550553915,0.0,1.0,0.0,0.0,0.0,10.0,11.0,5.0,1.0,0.20408163265306123,0.19230769230769232,104.0,0.001577,0.5310978907517577,0.024062417738724248,0.005473425206874602,0.36123488224061107,0.03564608529598982,0.0054105665181413114,3.970291913552122,1.0986122886681096,2.8716796248840124,0.38823529411764707,0.5714285714285714,0.02511436923076923,0.6153846153846154,0.01695532393113437,0.3333333333333333,0.04206580591420241,0.3337330965980972,0.9201175500337607,0.563607400416874,0.022837185193347542,1.0,-0.06552731287746405,NEUTRAL,震荡,0.6126173673880756,0.74758534107279,0.3333333333333333,0.6968400615384616,0.34023510006752145,3142.0,52.0,2.0,85.0,33.0,28.0,65.0,0.25,4.0,0.5,2.0,6.0,5.0,27.0,17.46,19.21,,,16.59,-4.9828,model_diagnostic_cap,0,2.0,2.0,高风险观察,1,11,9.0,0.5235631468423633,0.4446209864283349,1,0,6.0,-0.01606764339968664,-0.015519691715786137,-0.026957795555480946,0.2810671602571724,0.2810671602571724,0.329003539258207,-0.1224252969844654,-0.04027835600262621,-0.007576951043572452,0.75,0,0,0,0,0,trade_selector_v2_nested_oos_top10_promotion_rank,09e291bea250d767c2b96d6ea82144aa896033e61d57d3212a5ef3a8b670f304,below_learned_policy,,,,,09:30,tplus1_open_0930_v1,-0.02341895685352202,-0.11487349475153832,0.09113165194394807,-0.027082923920008408,-0.019754989787035635,-0.11487349475153832,0.09113165194394807,0.14765707874359787,0.14765707874359787,,0,0.9983387323138474,0.35264342037249485,0.3508586231709578,0.24109197952658923,0.45,-0.03,-0.05,-0.005024442433373577,-0.03267466195658184,4.0,0,0,1,1,1,1,1,0,0,nested_temporal_utility_v1,0.45,-0.05,0.05,0.9,0.0,-0.023022523477772033,1,0,0,0,0,REJECT,没有安全买入价格，放弃,系统仅供人工参考：T日9:25前仅用限价单参与集合竞价；不得使用无上限市价单，高于上限或未成交均放弃,T+1固定按9:30开盘集合竞价成交价退出；一字跌停无法成交时顺延至首个可成交开盘,1,0,LIMIT_ONLY_MANUAL,0,10.0,a_share_price_limit_le_10_v2,eligible_limit_le_10:10.00%:main_board_10pct,0.0,1,0,0,selection_policy_not_ready,auction_v13_five_year_promotion_blend_oos_1,7b00b5ccb4dad0b56631861d0531909d0951aee23397e45f3004b9be2c91913f,2026-08-26T11:50:11+00:00,a9188ffc88cc97087607208c3714cfe611b1d206891d5ea752339e63d06dc95f,D_CLOSE_STREAK_PATH_SENTIMENT_V12_OPEN0930_TOP10_META_SELECTOR_NO_T_LEAKAGE
20260826-600468.SH-auction_v13_five_year_promotion_blend_oos_1,20260826,20260827,20260828,600468.SH,百利电气,电网设备,1→2,1→2,0,INSUFFICIENT,路径数据不足,连续涨停路径数据不足,1.0,1.0,0.8059696969696971,,,,,,,,0.0,0.0,0.0,0.0,0.0,36.0,11.0,5.0,3.0,0.7346938775510204,,0.0,0.001577,0.5310978907517577,0.024062417738724248,0.005473425206874602,0.36123488224061107,0.03564608529598982,0.0054105665181413114,3.970291913552122,1.0986122886681096,2.8716796248840124,0.38823529411764707,0.5714285714285714,0.02511436923076923,0.6153846153846154,0.01695532393113437,0.3333333333333333,0.04206580591420241,0.3337330965980972,0.9201175500337607,0.563607400416874,0.022837185193347542,1.0,-0.06552731287746405,NEUTRAL,震荡,0.6126173673880756,0.74758534107279,0.3333333333333333,0.6968400615384616,0.34023510006752145,3142.0,52.0,2.0,85.0,33.0,28.0,65.0,0.25,4.0,0.5,2.0,6.0,5.0,38.0,6.57,7.23,,,6.24,-5.0228,model_diagnostic_cap,0,,,,0,11,,,,1,0,,,,,,,,,,,,0,0,0,0,0,trade_selector_v2_nested_oos_top10_promotion_rank,,outside_observation_top10,,,,,09:30,tplus1_open_0930_v1,-0.022622124968721385,-0.09385974816234997,0.07094872217157845,-0.02628609203520777,-0.018958157902235,-0.09385974816234997,0.07094872217157845,0.14765707874359787,0.14765707874359787,,0,0.9957512509663016,0.35264342037249485,0.395994810312551,0.16328556924860138,0.45,-0.03,-0.05,-0.0051258278880368284,-0.03456674965103924,,0,0,0,1,1,1,1,0,0,nested_temporal_utility_v1,0.45,-0.05,0.05,0.9,0.0,-0.023022523477772033,1,0,0,0,0,REJECT,没有安全买入价格，放弃,系统仅供人工参考：T日9:25前仅用限价单参与集合竞价；不得使用无上限市价单，高于上限或未成交均放弃,T+1固定按9:30开盘集合竞价成交价退出；一字跌停无法成交时顺延至首个可成交开盘,1,0,LIMIT_ONLY_MANUAL,0,10.0,a_share_price_limit_le_10_v2,eligible_limit_le_10:10.00%:main_board_10pct,0.0,1,0,0,outside_stage_2_to_3_3_to_4_focus,auction_v13_five_year_promotion_blend_oos_1,7b00b5ccb4dad0b56631861d0531909d0951aee23397e45f3004b9be2c91913f,2026-08-26T11:50:11+00:00,a9188ffc88cc97087607208c3714cfe611b1d206891d5ea752339e63d06dc95f,D_CLOSE_STREAK_PATH_SENTIMENT_V12_OPEN0930_TOP10_META_SELECTOR_NO_T_LEAKAGE
20260826-605162.SH-auction_v13_five_year_promotion_blend_oos_1,20260826,20260827,20260828,605162.SH,新中港,电力,1→2,1→2,0,INSUFFICIENT,路径数据不足,连续涨停路径数据不足,1.0,1.0,0.7730454545454546,,,,,,,,0.0,0.0,0.0,0.0,0.0,36.0,11.0,5.0,3.0,0.7346938775510204,,0.0,0.001577,0.5310978907517577,0.024062417738724248,0.005473425206874602,0.36123488224061107,0.03564608529598982,0.0054105665181413114,3.970291913552122,1.0986122886681096,2.8716796248840124,0.38823529411764707,0.5714285714285714,0.02511436923076923,0.6153846153846154,0.01695532393113437,0.3333333333333333,0.04206580591420241,0.3337330965980972,0.9201175500337607,0.563607400416874,0.022837185193347542,1.0,-0.06552731287746405,NEUTRAL,震荡,0.6126173673880756,0.74758534107279,0.3333333333333333,0.6968400615384616,0.34023510006752145,3142.0,52.0,2.0,85.0,33.0,28.0,65.0,0.25,4.0,0.5,2.0,6.0,5.0,44.0,9.9,10.89,,,9.75,-1.5152,model_diagnostic_cap,0,,,,0,11,,,,1,0,,,,,,,,,,,,0,0,0,0,0,trade_selector_v2_nested_oos_top10_promotion_rank,,outside_observation_top10,,,,,09:30,tplus1_open_0930_v1,-0.023805424084040506,-0.09504304727766909,0.06976542305625934,-0.027469391150526892,-0.02014145701755412,-0.09504304727766909,0.06976542305625934,0.14765707874359787,0.14765707874359787,,0,0.9991886060633093,0.35264342037249485,0.37055665452480346,0.20668247280151059,0.45,-0.03,-0.05,-0.005162489174906004,-0.03481503633787555,,0,0,0,1,1,1,1,0,0,nested_temporal_utility_v1,0.45,-0.05,0.05,0.9,0.0,-0.023022523477772033,1,0,0,0,0,REJECT,没有安全买入价格，放弃,系统仅供人工参考：T日9:25前仅用限价单参与集合竞价；不得使用无上限市价单，高于上限或未成交均放弃,T+1固定按9:30开盘集合竞价成交价退出；一字跌停无法成交时顺延至首个可成交开盘,1,0,LIMIT_ONLY_MANUAL,0,10.0,a_share_price_limit_le_10_v2,eligible_limit_le_10:10.00%:main_board_10pct,0.0,1,0,0,outside_stage_2_to_3_3_to_4_focus,auction_v13_five_year_promotion_blend_oos_1,7b00b5ccb4dad0b56631861d0531909d0951aee23397e45f3004b9be2c91913f,2026-08-26T11:50:11+00:00,a9188ffc88cc97087607208c3714cfe611b1d206891d5ea752339e63d06dc95f,D_CLOSE_STREAK_PATH_SENTIMENT_V12_OPEN0930_TOP10_META_SELECTOR_NO_T_LEAKAGE
20260826-600103.SH-auction_v13_five_year_promotion_blend_oos_1,20260826,20260827,20260828,600103.SH,青山纸业,造纸,2→3,2→3,1,DIVERGENCE_RESEAL,分歧回封,路径强度0.75→0.73；竞价斜率+1.59pct/板；首封每板提前10分钟；炸板变化+1.0/板,2.0,1.0,0.7260378787878791,-0.021104585929285657,0.01587301587301604,-9.883333333333326,1.0,0.02667799999999998,0.3864282650577344,0.09854374517905419,0.0,0.0,0.0,0.0,1.0,10.0,11.0,5.0,1.0,0.20408163265306123,0.19230769230769232,104.0,0.001577,0.5310978907517577,0.024062417738724248,0.005473425206874602,0.36123488224061107,0.03564608529598982,0.0054105665181413114,3.970291913552122,1.0986122886681096,2.8716796248840124,0.38823529411764707,0.5714285714285714,0.02511436923076923,0.6153846153846154,0.01695532393113437,0.3333333333333333,0.04206580591420241,0.3337330965980972,0.9201175500337607,0.563607400416874,0.022837185193347542,1.0,-0.06552731287746405,NEUTRAL,震荡,0.6126173673880756,0.74758534107279,0.3333333333333333,0.6968400615384616,0.34023510006752145,3142.0,52.0,2.0,85.0,33.0,28.0,65.0,0.25,4.0,0.5,2.0,6.0,5.0,4.0,3.47,3.82,,,3.42,-1.4409,model_diagnostic_cap,0,5.0,2.0,高风险观察,1,11,5.0,0.5995974653005789,0.5077440605508444,1,0,8.0,-0.020778539253010847,-0.015519691715786137,-0.026957795555480946,0.3465258651877737,0.3465258651877737,0.35945351700260453,-0.1224252969844654,-0.044006203571154444,-0.009341573428418154,0.75,0,0,0,0,0,trade_selector_v2_nested_oos_top10_promotion_rank,09e291bea250d767c2b96d6ea82144aa896033e61d57d3212a5ef3a8b670f304,below_learned_policy,,,,,09:30,tplus1_open_0930_v1,-0.02594640608992704,-0.11740094398794335,0.08860420270754304,-0.029610373156413426,-0.022282439023440653,-0.11740094398794335,0.08860420270754304,0.14765707874359787,0.14765707874359787,,0,0.9981457131022792,0.35264342037249485,0.3960132034597542,0.286057092898074,0.45,-0.03,-0.05,-0.005599085039460065,-0.03634157399537174,5.0,0,0,1,1,1,1,1,0,0,nested_temporal_utility_v1,0.45,-0.05,0.05,0.9,0.0,-0.023022523477772033,1,0,0,0,0,REJECT,没有安全买入价格，放弃,系统仅供人工参考：T日9:25前仅用限价单参与集合竞价；不得使用无上限市价单，高于上限或未成交均放弃,T+1固定按9:30开盘集合竞价成交价退出；一字跌停无法成交时顺延至首个可成交开盘,1,0,LIMIT_ONLY_MANUAL,0,10.0,a_share_price_limit_le_10_v2,eligible_limit_le_10:10.00%:main_board_10pct,0.0,1,0,0,selection_policy_not_ready,auction_v13_five_year_promotion_blend_oos_1,7b00b5ccb4dad0b56631861d0531909d0951aee23397e45f3004b9be2c91913f,2026-08-26T11:50:11+00:00,a9188ffc88cc97087607208c3714cfe611b1d206891d5ea752339e63d06dc95f,D_CLOSE_STREAK_PATH_SENTIMENT_V12_OPEN0930_TOP10_META_SELECTOR_NO_T_LEAKAGE
20260826-605169.SH-auction_v13_five_year_promotion_blend_oos_1,20260826,20260827,20260828,605169.SH,洪通燃气,燃气Ⅱ,1→2,1→2,0,INSUFFICIENT,路径数据不足,连续涨停路径数据不足,1.0,1.0,0.8616348887101096,,,,,,,,0.0,0.0,0.0,0.0,0.0,36.0,11.0,5.0,1.0,0.7346938775510204,,0.0,0.001577,0.5310978907517577,0.024062417738724248,0.005473425206874602,0.36123488224061107,0.03564608529598982,0.0054105665181413114,3.970291913552122,1.0986122886681096,2.8716796248840124,0.38823529411764707,0.5714285714285714,0.02511436923076923,0.6153846153846154,0.01695532393113437,0.3333333333333333,0.04206580591420241,0.3337330965980972,0.9201175500337607,0.563607400416874,0.022837185193347542,1.0,-0.06552731287746405,NEUTRAL,震荡,0.6126173673880756,0.74758534107279,0.3333333333333333,0.6968400615384616,0.34023510006752145,3142.0,52.0,2.0,85.0,33.0,28.0,65.0,0.25,4.0,0.5,2.0,6.0,5.0,42.0,12.41,13.65,,,11.79,-4.996,model_diagnostic_cap,0,,,,0,11,,,,1,0,,,,,,,,,,,,0,0,0,0,0,trade_selector_v2_nested_oos_top10_promotion_rank,,outside_observation_top10,,,,,09:30,tplus1_open_0930_v1,-0.026413763906813655,-0.09765138710044224,0.06715708323348618,-0.03007773097330004,-0.02274979684032727,-0.09765138710044224,0.06715708323348618,0.14765707874359787,0.14765707874359787,,0,0.9956035575440246,0.35264342037249485,0.41771154013850437,0.2071759145947045,0.45,-0.03,-0.05,-0.005782979482829091,-0.039017275155023956,,0,0,0,1,1,1,1,0,0,nested_temporal_utility_v1,0.45,-0.05,0.05,0.9,0.0,-0.023022523477772033,1,0,0,0,0,REJECT,没有安全买入价格，放弃,系统仅供人工参考：T日9:25前仅用限价单参与集合竞价；不得使用无上限市价单，高于上限或未成交均放弃,T+1固定按9:30开盘集合竞价成交价退出；一字跌停无法成交时顺延至首个可成交开盘,1,0,LIMIT_ONLY_MANUAL,0,10.0,a_share_price_limit_le_10_v2,eligible_limit_le_10:10.00%:main_board_10pct,0.0,1,0,0,outside_stage_2_to_3_3_to_4_focus,auction_v13_five_year_promotion_blend_oos_1,7b00b5ccb4dad0b56631861d0531909d0951aee23397e45f3004b9be2c91913f,2026-08-26T11:50:11+00:00,a9188ffc88cc97087607208c3714cfe611b1d206891d5ea752339e63d06dc95f,D_CLOSE_STREAK_PATH_SENTIMENT_V12_OPEN0930_TOP10_META_SELECTOR_NO_T_LEAKAGE
20260826-002742.SZ-auction_v13_five_year_promotion_blend_oos_1,20260826,20260827,20260828,002742.SZ,冀衡医药,化学制药,2→3,2→3,1,ACCELERATION_CONSENSUS,加速一致,路径强度0.77→1.00；竞价斜率+10.98pct/板；首封每板提前18分钟；炸板变化+0.0/板,2.0,1.0,1.0,0.23051374207188158,0.10983911513323286,-18.100000000000023,0.0,-0.067695,-1.2054791920142485,1.5713262206066063,0.5,0.0,0.0,1.0,0.0,10.0,11.0,5.0,1.0,0.20408163265306123,0.19230769230769232,104.0,0.001577,0.5310978907517577,0.024062417738724248,0.005473425206874602,0.36123488224061107,0.03564608529598982,0.0054105665181413114,3.970291913552122,1.0986122886681096,2.8716796248840124,0.38823529411764707,0.5714285714285714,0.02511436923076923,0.6153846153846154,0.01695532393113437,0.3333333333333333,0.04206580591420241,0.3337330965980972,0.9201175500337607,0.563607400416874,0.022837185193347542,1.0,-0.06552731287746405,NEUTRAL,震荡,0.6126173673880756,0.74758534107279,0.3333333333333333,0.6968400615384616,0.34023510006752145,3142.0,52.0,2.0,85.0,33.0,28.0,65.0,0.25,4.0,0.5,2.0,6.0,5.0,45.0,5.15,5.67,,,5.56,7.9612,model_diagnostic_cap,0,1.0,2.0,高风险观察,1,11,2.0,0.8309256630833786,0.9378161628624305,1,0,2.0,-0.009486517748685707,-0.015519691715786137,-0.026957795555480946,0.15908353599208913,0.15908353599208913,0.3558579155838465,-0.1224252969844654,-0.043566010999625225,-0.004288541439517734,0.75,1,1,0,0,0,trade_selector_v2_nested_oos_top10_promotion_rank,09e291bea250d767c2b96d6ea82144aa896033e61d57d3212a5ef3a8b670f304,relative_best_two_only,,,,,09:30,tplus1_open_0930_v1,-0.030595728030697496,-0.12205026592871379,0.0839548807667726,-0.034259695097183886,-0.02693176096421111,-0.12205026592871379,0.0839548807667726,0.14765707874359787,0.14765707874359787,,0,0.9978222044723584,0.35264342037249485,0.3434086868318105,0.3561372436196246,0.45,-0.03,-0.05,-0.006054955874714833,-0.03907853511519217,6.0,0,0,1,1,1,1,1,0,0,nested_temporal_utility_v1,0.45,-0.05,0.05,0.9,0.0,-0.023022523477772033,1,0,0,0,0,SHADOW_ONLY,没有安全买入价格，放弃,系统仅供人工参考：T日9:25前仅用限价单参与集合竞价；不得使用无上限市价单，高于上限或未成交均放弃,T+1固定按9:30开盘集合竞价成交价退出；一字跌停无法成交时顺延至首个可成交开盘,1,0,LIMIT_ONLY_MANUAL,0,10.0,a_share_price_limit_le_10_v2,eligible_limit_le_10:10.00%:main_board_10pct,1.0,1,0,0,selection_policy_not_ready,auction_v13_five_year_promotion_blend_oos_1,7b00b5ccb4dad0b56631861d0531909d0951aee23397e45f3004b9be2c91913f,2026-08-26T11:50:11+00:00,a9188ffc88cc97087607208c3714cfe611b1d206891d5ea752339e63d06dc95f,D_CLOSE_STREAK_PATH_SENTIMENT_V12_OPEN0930_TOP10_META_SELECTOR_NO_T_LEAKAGE
20260826-605277.SH-auction_v13_five_year_promotion_blend_oos_1,20260826,20260827,20260828,605277.SH,新亚电子,消费电子,1→2,1→2,0,INSUFFICIENT,路径数据不足,连续涨停路径数据不足,1.0,1.0,0.9947216905901114,,,,,,,,0.0,0.0,0.0,0.0,0.0,36.0,11.0,5.0,1.0,0.7346938775510204,,0.0,0.001577,0.5310978907517577,0.024062417738724248,0.005473425206874602,0.36123488224061107,0.03564608529598982,0.0054105665181413114,3.970291913552122,1.0986122886681096,2.8716796248840124,0.38823529411764707,0.5714285714285714,0.02511436923076923,0.6153846153846154,0.01695532393113437,0.3333333333333333,0.04206580591420241,0.3337330965980972,0.9201175500337607,0.563607400416874,0.022837185193347542,1.0,-0.06552731287746405,NEUTRAL,震荡,0.6126173673880756,0.74758534107279,0.3333333333333333,0.6968400615384616,0.34023510006752145,3142.0,52.0,2.0,85.0,33.0,28.0,65.0,0.25,4.0,0.5,2.0,6.0,5.0,40.0,16.69,18.36,,,16.11,-3.4751,model_diagnostic_cap,0,,,,0,11,,,,1,0,,,,,,,,,,,,0,0,0,0,0,trade_selector_v2_nested_oos_top10_promotion_rank,,outside_observation_top10,,,,,09:30,tplus1_open_0930_v1,-0.027579197910444622,-0.09881682110407321,0.06599164922985522,-0.03124316497693101,-0.023915230843958236,-0.09881682110407321,0.06599164922985522,0.14765707874359787,0.14765707874359787,,0,0.9906937852642793,0.35264342037249485,0.4197956867495064,0.1853329114398728,0.45,-0.03,-0.05,-0.0060005443648874866,-0.04049072217097225,,0,0,0,1,1,1,1,0,0,nested_temporal_utility_v1,0.45,-0.05,0.05,0.9,0.0,-0.023022523477772033,1,0,0,0,0,REJECT,没有安全买入价格，放弃,系统仅供人工参考：T日9:25前仅用限价单参与集合竞价；不得使用无上限市价单，高于上限或未成交均放弃,T+1固定按9:30开盘集合竞价成交价退出；一字跌停无法成交时顺延至首个可成交开盘,1,0,LIMIT_ONLY_MANUAL,0,10.0,a_share_price_limit_le_10_v2,eligible_limit_le_10:10.00%:main_board_10pct,0.0,1,0,0,outside_stage_2_to_3_3_to_4_focus,auction_v13_five_year_promotion_blend_oos_1,7b00b5ccb4dad0b56631861d0531909d0951aee23397e45f3004b9be2c91913f,2026-08-26T11:50:11+00:00,a9188ffc88cc97087607208c3714cfe611b1d206891d5ea752339e63d06dc95f,D_CLOSE_STREAK_PATH_SENTIMENT_V12_OPEN0930_TOP10_META_SELECTOR_NO_T_LEAKAGE
20260826-000890.SZ-auction_v13_five_year_promotion_blend_oos_1,20260826,20260827,20260828,000890.SZ,法尔胜,环保设备,1→2,1→2,0,INSUFFICIENT,路径数据不足,连续涨停路径数据不足,1.0,1.0,0.9038163138231632,,,,,,,,0.0,0.0,0.0,0.0,0.0,36.0,11.0,5.0,1.0,0.7346938775510204,,0.0,0.001577,0.5310978907517577,0.024062417738724248,0.005473425206874602,0.36123488224061107,0.03564608529598982,0.0054105665181413114,3.970291913552122,1.0986122886681096,2.8716796248840124,0.38823529411764707,0.5714285714285714,0.02511436923076923,0.6153846153846154,0.01695532393113437,0.3333333333333333,0.04206580591420241,0.3337330965980972,0.9201175500337607,0.563607400416874,0.022837185193347542,1.0,-0.06552731287746405,NEUTRAL,震荡,0.6126173673880756,0.74758534107279,0.3333333333333333,0.6968400615384616,0.34023510006752145,3142.0,52.0,2.0,85.0,33.0,28.0,65.0,0.25,4.0,0.5,2.0,6.0,5.0,21.0,7.98,8.78,,,7.7,-3.5088,model_diagnostic_cap,0,,,,0,11,,,,1,0,,,,,,,,,,,,0,0,0,0,0,trade_selector_v2_nested_oos_top10_promotion_rank,,outside_observation_top10,,,,,09:30,tplus1_open_0930_v1,-0.0305426918987523,-0.10178031509238089,0.06302815524154753,-0.03420665896523869,-0.026878724832265912,-0.10178031509238089,0.06302815524154753,0.14765707874359787,0.14765707874359787,,0,0.9974268828317628,0.35264342037249485,0.3482285346715444,0.2525840483654483,0.45,-0.03,-0.05,-0.00607139385589478,-0.04097054671856689,,0,0,0,1,1,1,1,0,0,nested_temporal_utility_v1,0.45,-0.05,0.05,0.9,0.0,-0.023022523477772033,1,0,0,0,0,REJECT,没有安全买入价格，放弃,系统仅供人工参考：T日9:25前仅用限价单参与集合竞价；不得使用无上限市价单，高于上限或未成交均放弃,T+1固定按9:30开盘集合竞价成交价退出；一字跌停无法成交时顺延至首个可成交开盘,1,0,LIMIT_ONLY_MANUAL,0,10.0,a_share_price_limit_le_10_v2,eligible_limit_le_10:10.00%:main_board_10pct,0.0,1,0,0,outside_stage_2_to_3_3_to_4_focus,auction_v13_five_year_promotion_blend_oos_1,7b00b5ccb4dad0b56631861d0531909d0951aee23397e45f3004b9be2c91913f,2026-08-26T11:50:11+00:00,a9188ffc88cc97087607208c3714cfe611b1d206891d5ea752339e63d06dc95f,D_CLOSE_STREAK_PATH_SENTIMENT_V12_OPEN0930_TOP10_META_SELECTOR_NO_T_LEAKAGE
20260826-002942.SZ-auction_v13_five_year_promotion_blend_oos_1,20260826,20260827,20260828,002942.SZ,新农股份,农化制品,1→2,1→2,0,INSUFFICIENT,路径数据不足,连续涨停路径数据不足,1.0,1.0,0.7912727272727272,,,,,,,,0.0,0.0,0.0,0.0,0.0,36.0,11.0,5.0,2.0,0.7346938775510204,,0.0,0.001577,0.5310978907517577,0.024062417738724248,0.005473425206874602,0.36123488224061107,0.03564608529598982,0.0054105665181413114,3.970291913552122,1.0986122886681096,2.8716796248840124,0.38823529411764707,0.5714285714285714,0.02511436923076923,0.6153846153846154,0.01695532393113437,0.3333333333333333,0.04206580591420241,0.3337330965980972,0.9201175500337607,0.563607400416874,0.022837185193347542,1.0,-0.06552731287746405,NEUTRAL,震荡,0.6126173673880756,0.74758534107279,0.3333333333333333,0.6968400615384616,0.34023510006752145,3142.0,52.0,2.0,85.0,33.0,28.0,65.0,0.25,4.0,0.5,2.0,6.0,5.0,39.0,17.28,19.01,,,16.42,-4.9769,model_diagnostic_cap,0,,,,0,11,,,,1,0,,,,,,,,,,,,0,0,0,0,0,trade_selector_v2_nested_oos_top10_promotion_rank,,outside_observation_top10,,,,,09:30,tplus1_open_0930_v1,-0.029000311328880604,-0.10023793452250919,0.06457053581141924,-0.032664278395366994,-0.025336344262394218,-0.10023793452250919,0.06457053581141924,0.14765707874359787,0.14765707874359787,,0,0.998940531811905,0.35264342037249485,0.40930200000345446,0.22070851516609483,0.45,-0.03,-0.05,-0.006103013281693836,-0.04118468765964539,,0,0,0,1,1,1,1,0,0,nested_temporal_utility_v1,0.45,-0.05,0.05,0.9,0.0,-0.023022523477772033,1,0,0,0,0,REJECT,没有安全买入价格，放弃,系统仅供人工参考：T日9:25前仅用限价单参与集合竞价；不得使用无上限市价单，高于上限或未成交均放弃,T+1固定按9:30开盘集合竞价成交价退出；一字跌停无法成交时顺延至首个可成交开盘,1,0,LIMIT_ONLY_MANUAL,0,10.0,a_share_price_limit_le_10_v2,eligible_limit_le_10:10.00%:main_board_10pct,0.0,1,0,0,outside_stage_2_to_3_3_to_4_focus,auction_v13_five_year_promotion_blend_oos_1,7b00b5ccb4dad0b56631861d0531909d0951aee23397e45f3004b9be2c91913f,2026-08-26T11:50:11+00:00,a9188ffc88cc97087607208c3714cfe611b1d206891d5ea752339e63d06dc95f,D_CLOSE_STREAK_PATH_SENTIMENT_V12_OPEN0930_TOP10_META_SELECTOR_NO_T_LEAKAGE
20260826-002295.SZ-auction_v13_five_year_promotion_blend_oos_1,20260826,20260827,20260828,002295.SZ,精艺股份,工业金属,1→2,1→2,0,INSUFFICIENT,路径数据不足,连续涨停路径数据不足,1.0,1.0,0.701217391304348,,,,,,,,0.0,0.0,0.0,0.0,0.0,36.0,11.0,5.0,4.0,0.7346938775510204,,0.0,0.001577,0.5310978907517577,0.024062417738724248,0.005473425206874602,0.36123488224061107,0.03564608529598982,0.0054105665181413114,3.970291913552122,1.0986122886681096,2.8716796248840124,0.38823529411764707,0.5714285714285714,0.02511436923076923,0.6153846153846154,0.01695532393113437,0.3333333333333333,0.04206580591420241,0.3337330965980972,0.9201175500337607,0.563607400416874,0.022837185193347542,1.0,-0.06552731287746405,NEUTRAL,震荡,0.6126173673880756,0.74758534107279,0.3333333333333333,0.6968400615384616,0.34023510006752145,3142.0,52.0,2.0,85.0,33.0,28.0,65.0,0.25,4.0,0.5,2.0,6.0,5.0,11.0,10.09,11.1,,,9.59,-4.9554,model_diagnostic_cap,0,,,,0,11,,,,1,0,,,,,,,,,,,,0,0,0,0,0,trade_selector_v2_nested_oos_top10_promotion_rank,,outside_observation_top10,,,,,09:30,tplus1_open_0930_v1,-0.028506171505886992,-0.09974379469951558,0.06506467563441284,-0.03217013857237338,-0.024842204439400606,-0.09974379469951558,0.06506467563441284,0.14765707874359787,0.14765707874359787,,0,0.9990344848364219,0.35264342037249485,0.4456626381339645,0.22551622396049875,0.45,-0.03,-0.05,-0.006190423565710882,-0.04177666932934124,,0,0,0,1,1,1,1,0,0,nested_temporal_utility_v1,0.45,-0.05,0.05,0.9,0.0,-0.023022523477772033,1,0,0,0,0,REJECT,没有安全买入价格，放弃,系统仅供人工参考：T日9:25前仅用限价单参与集合竞价；不得使用无上限市价单，高于上限或未成交均放弃,T+1固定按9:30开盘集合竞价成交价退出；一字跌停无法成交时顺延至首个可成交开盘,1,0,LIMIT_ONLY_MANUAL,0,10.0,a_share_price_limit_le_10_v2,eligible_limit_le_10:10.00%:main_board_10pct,0.0,1,0,0,outside_stage_2_to_3_3_to_4_focus,auction_v13_five_year_promotion_blend_oos_1,7b00b5ccb4dad0b56631861d0531909d0951aee23397e45f3004b9be2c91913f,2026-08-26T11:50:11+00:00,a9188ffc88cc97087607208c3714cfe611b1d206891d5ea752339e63d06dc95f,D_CLOSE_STREAK_PATH_SENTIMENT_V12_OPEN0930_TOP10_META_SELECTOR_NO_T_LEAKAGE
20260826-002418.SZ-auction_v13_five_year_promotion_blend_oos_1,20260826,20260827,20260828,002418.SZ,康盛股份,家电零部,2→3,2→3,1,ACCELERATION_CONSENSUS,加速一致,路径强度0.65→1.00；竞价斜率+11.48pct/板；首封每板提前35分钟；炸板变化-1.0/板,2.0,1.0,1.0,0.3544361179361182,0.11482152442297378,-35.14999999999998,-1.0,0.02133099999999999,0.34615019795048596,0.08151109678863921,0.0,0.0,0.0,1.0,0.0,10.0,11.0,5.0,1.0,0.20408163265306123,0.19230769230769232,104.0,0.001577,0.5310978907517577,0.024062417738724248,0.005473425206874602,0.36123488224061107,0.03564608529598982,0.0054105665181413114,3.970291913552122,1.0986122886681096,2.8716796248840124,0.38823529411764707,0.5714285714285714,0.02511436923076923,0.6153846153846154,0.01695532393113437,0.3333333333333333,0.04206580591420241,0.3337330965980972,0.9201175500337607,0.563607400416874,0.022837185193347542,1.0,-0.06552731287746405,NEUTRAL,震荡,0.6126173673880756,0.74758534107279,0.3333333333333333,0.6968400615384616,0.34023510006752145,3142.0,52.0,2.0,85.0,33.0,28.0,65.0,0.25,4.0,0.5,2.0,6.0,5.0,5.0,4.46,4.91,,,4.24,-4.9327,model_diagnostic_cap,0,6.0,2.0,高风险观察,1,11,8.0,0.5278165467383742,0.4446209864283349,1,0,9.0,-0.021431981807243497,-0.015519691715786137,-0.026957795555480946,0.3614183669533334,0.3614183669533334,0.35223495874221084,-0.1224252969844654,-0.04312246943232608,-0.009743042446323753,0.75,0,0,0,0,0,trade_selector_v2_nested_oos_top10_promotion_rank,09e291bea250d767c2b96d6ea82144aa896033e61d57d3212a5ef3a8b670f304,below_learned_policy,,,,,09:30,tplus1_open_0930_v1,-0.030164654069966424,-0.12161919196798272,0.08438595472750367,-0.03382862113645281,-0.026500687003480038,-0.12161919196798272,0.08438595472750367,0.14765707874359787,0.14765707874359787,,0,0.9976298575237088,0.35264342037249485,0.4322168123271825,0.25344854211156354,0.45,-0.03,-0.05,-0.006386119273758236,-0.04183476577429505,7.0,0,0,1,1,1,1,1,0,0,nested_temporal_utility_v1,0.45,-0.05,0.05,0.9,0.0,-0.023022523477772033,1,0,0,0,0,REJECT,没有安全买入价格，放弃,系统仅供人工参考：T日9:25前仅用限价单参与集合竞价；不得使用无上限市价单，高于上限或未成交均放弃,T+1固定按9:30开盘集合竞价成交价退出；一字跌停无法成交时顺延至首个可成交开盘,1,0,LIMIT_ONLY_MANUAL,0,10.0,a_share_price_limit_le_10_v2,eligible_limit_le_10:10.00%:main_board_10pct,1.0,1,0,0,selection_policy_not_ready,auction_v13_five_year_promotion_blend_oos_1,7b00b5ccb4dad0b56631861d0531909d0951aee23397e45f3004b9be2c91913f,2026-08-26T11:50:11+00:00,a9188ffc88cc97087607208c3714cfe611b1d206891d5ea752339e63d06dc95f,D_CLOSE_STREAK_PATH_SENTIMENT_V12_OPEN0930_TOP10_META_SELECTOR_NO_T_LEAKAGE
20260826-002855.SZ-auction_v13_five_year_promotion_blend_oos_1,20260826,20260827,20260828,002855.SZ,捷荣技术,消费电子,2→3,2→3,1,ACCELERATION_CONSENSUS,加速一致,路径强度0.67→1.00；竞价斜率+11.60pct/板；首封每板提前109分钟；炸板变化+0.0/板,2.0,1.0,1.0,0.3266363636363636,0.11599999999999988,-109.10000000000002,0.0,-0.010137,-0.6125143960915231,2.8032658597604714,0.5,0.0,0.0,1.0,0.0,10.0,11.0,5.0,1.0,0.20408163265306123,0.19230769230769232,104.0,0.001577,0.5310978907517577,0.024062417738724248,0.005473425206874602,0.36123488224061107,0.03564608529598982,0.0054105665181413114,3.970291913552122,1.0986122886681096,2.8716796248840124,0.38823529411764707,0.5714285714285714,0.02511436923076923,0.6153846153846154,0.01695532393113437,0.3333333333333333,0.04206580591420241,0.3337330965980972,0.9201175500337607,0.563607400416874,0.022837185193347542,1.0,-0.06552731287746405,NEUTRAL,震荡,0.6126173673880756,0.74758534107279,0.3333333333333333,0.6968400615384616,0.34023510006752145,3142.0,52.0,2.0,85.0,33.0,28.0,65.0,0.25,4.0,0.5,2.0,6.0,5.0,18.0,12.1,13.31,,,12.04,-0.4959,model_diagnostic_cap,0,10.0,2.0,高风险观察,1,11,3.0,0.8071301218215134,0.9378161628624305,1,0,3.0,-0.011804690504707335,-0.015519691715786137,-0.026957795555480946,0.18678818391279153,0.18678818391279153,0.39469486140923343,-0.1224252969844654,-0.048320635626267816,-0.005035397674100609,0.75,0,0,0,0,0,trade_selector_v2_nested_oos_top10_promotion_rank,09e291bea250d767c2b96d6ea82144aa896033e61d57d3212a5ef3a8b670f304,below_learned_policy,,,,,09:30,tplus1_open_0930_v1,-0.03331605119575981,-0.12477058909377611,0.08123455760171028,-0.0369800182622462,-0.029652084129273424,-0.12477058909377611,0.08123455760171028,0.14765707874359787,0.14765707874359787,,0,0.9978871556986179,0.35264342037249485,0.46725432658782745,0.3686001115290656,0.45,-0.03,-0.05,-0.0070047518825351205,-0.04544866557207481,8.0,0,0,1,1,1,0,1,0,0,nested_temporal_utility_v1,0.45,-0.05,0.05,0.9,0.0,-0.023022523477772033,1,0,0,0,0,REJECT,没有安全买入价格，放弃,系统仅供人工参考：T日9:25前仅用限价单参与集合竞价；不得使用无上限市价单，高于上限或未成交均放弃,T+1固定按9:30开盘集合竞价成交价退出；一字跌停无法成交时顺延至首个可成交开盘,1,0,LIMIT_ONLY_MANUAL,0,10.0,a_share_price_limit_le_10_v2,eligible_limit_le_10:10.00%:main_board_10pct,1.0,1,0,0,selection_policy_not_ready,auction_v13_five_year_promotion_blend_oos_1,7b00b5ccb4dad0b56631861d0531909d0951aee23397e45f3004b9be2c91913f,2026-08-26T11:50:11+00:00,a9188ffc88cc97087607208c3714cfe611b1d206891d5ea752339e63d06dc95f,D_CLOSE_STREAK_PATH_SENTIMENT_V12_OPEN0930_TOP10_META_SELECTOR_NO_T_LEAKAGE
20260826-600479.SH-auction_v13_five_year_promotion_blend_oos_1,20260826,20260827,20260828,600479.SH,千金药业,中药Ⅱ,1→2,1→2,0,INSUFFICIENT,路径数据不足,连续涨停路径数据不足,1.0,1.0,0.9919545454545458,,,,,,,,0.0,0.0,0.0,0.0,0.0,36.0,11.0,5.0,1.0,0.7346938775510204,,0.0,0.001577,0.5310978907517577,0.024062417738724248,0.005473425206874602,0.36123488224061107,0.03564608529598982,0.0054105665181413114,3.970291913552122,1.0986122886681096,2.8716796248840124,0.38823529411764707,0.5714285714285714,0.02511436923076923,0.6153846153846154,0.01695532393113437,0.3333333333333333,0.04206580591420241,0.3337330965980972,0.9201175500337607,0.563607400416874,0.022837185193347542,1.0,-0.06552731287746405,NEUTRAL,震荡,0.6126173673880756,0.74758534107279,0.3333333333333333,0.6968400615384616,0.34023510006752145,3142.0,52.0,2.0,85.0,33.0,28.0,65.0,0.25,4.0,0.5,2.0,6.0,5.0,37.0,11.02,12.12,,,10.47,-4.9909,model_diagnostic_cap,0,,,,0,11,,,,1,0,,,,,,,,,,,,0,0,0,0,0,trade_selector_v2_nested_oos_top10_promotion_rank,,outside_observation_top10,,,,,09:30,tplus1_open_0930_v1,-0.03269150144837428,-0.10392912464200287,0.06087934569192556,-0.03635546851486067,-0.029027534381887894,-0.10392912464200287,0.06087934569192556,0.14765707874359787,0.14765707874359787,,0,0.99321452495661,0.35264342037249485,0.4275696509662665,0.19481650117735128,0.45,-0.03,-0.05,-0.0067712383433817325,-0.045710207650788176,,0,0,0,1,1,1,1,0,0,nested_temporal_utility_v1,0.45,-0.05,0.05,0.9,0.0,-0.023022523477772033,1,0,0,0,0,REJECT,没有安全买入价格，放弃,系统仅供人工参考：T日9:25前仅用限价单参与集合竞价；不得使用无上限市价单，高于上限或未成交均放弃,T+1固定按9:30开盘集合竞价成交价退出；一字跌停无法成交时顺延至首个可成交开盘,1,0,LIMIT_ONLY_MANUAL,0,10.0,a_share_price_limit_le_10_v2,eligible_limit_le_10:10.00%:main_board_10pct,0.0,1,0,0,outside_stage_2_to_3_3_to_4_focus,auction_v13_five_year_promotion_blend_oos_1,7b00b5ccb4dad0b56631861d0531909d0951aee23397e45f3004b9be2c91913f,2026-08-26T11:50:11+00:00,a9188ffc88cc97087607208c3714cfe611b1d206891d5ea752339e63d06dc95f,D_CLOSE_STREAK_PATH_SENTIMENT_V12_OPEN0930_TOP10_META_SELECTOR_NO_T_LEAKAGE
20260826-002949.SZ-auction_v13_five_year_promotion_blend_oos_1,20260826,20260827,20260828,002949.SZ,华阳国际,工程咨询,2→3,2→3,1,WEAK_TO_STRONG,弱转强,路径强度0.51→0.63；竞价斜率+0.33pct/板；首封每板推迟3分钟；炸板变化-5.0/板,2.0,1.0,0.6321720430107527,0.12623197635152084,0.0032957488606674135,3.3500000000000227,-5.0,0.0015400000000000136,0.0878621921633318,0.1580750402537675,0.0,1.0,0.0,0.0,0.0,10.0,11.0,5.0,1.0,0.20408163265306123,0.19230769230769232,104.0,0.001577,0.5310978907517577,0.024062417738724248,0.005473425206874602,0.36123488224061107,0.03564608529598982,0.0054105665181413114,3.970291913552122,1.0986122886681096,2.8716796248840124,0.38823529411764707,0.5714285714285714,0.02511436923076923,0.6153846153846154,0.01695532393113437,0.3333333333333333,0.04206580591420241,0.3337330965980972,0.9201175500337607,0.563607400416874,0.022837185193347542,1.0,-0.06552731287746405,NEUTRAL,震荡,0.6126173673880756,0.74758534107279,0.3333333333333333,0.6968400615384616,0.34023510006752145,3142.0,52.0,2.0,85.0,33.0,28.0,65.0,0.25,4.0,0.5,2.0,6.0,5.0,16.0,13.68,15.04,,,13.41,-1.9737,model_diagnostic_cap,0,,,,0,11,,,,1,0,,,,,,,,,,,,0,0,0,0,0,trade_selector_v2_nested_oos_top10_promotion_rank,,outside_observation_top10,,,,,09:30,tplus1_open_0930_v1,-0.03399431927891222,-0.12544885717692852,0.08055628951855787,-0.03765828634539861,-0.030330352212425835,-0.12544885717692852,0.08055628951855787,0.14765707874359787,0.14765707874359787,,0,0.9977259984573178,0.35264342037249485,0.488627325217164,0.26980812457574443,0.45,-0.03,-0.05,-0.007200769002919827,-0.04727014141093894,9.0,0,0,1,1,1,0,1,0,0,nested_temporal_utility_v1,0.45,-0.05,0.05,0.9,0.0,-0.023022523477772033,1,0,0,0,0,REJECT,没有安全买入价格，放弃,系统仅供人工参考：T日9:25前仅用限价单参与集合竞价；不得使用无上限市价单，高于上限或未成交均放弃,T+1固定按9:30开盘集合竞价成交价退出；一字跌停无法成交时顺延至首个可成交开盘,1,0,LIMIT_ONLY_MANUAL,0,10.0,a_share_price_limit_le_10_v2,eligible_limit_le_10:10.00%:main_board_10pct,1.0,1,0,0,selection_policy_not_ready,auction_v13_five_year_promotion_blend_oos_1,7b00b5ccb4dad0b56631861d0531909d0951aee23397e45f3004b9be2c91913f,2026-08-26T11:50:11+00:00,a9188ffc88cc97087607208c3714cfe611b1d206891d5ea752339e63d06dc95f,D_CLOSE_STREAK_PATH_SENTIMENT_V12_OPEN0930_TOP10_META_SELECTOR_NO_T_LEAKAGE
20260826-603396.SH-auction_v13_five_year_promotion_blend_oos_1,20260826,20260827,20260828,603396.SH,金辰股份,光伏设备,1→2,1→2,0,INSUFFICIENT,路径数据不足,连续涨停路径数据不足,1.0,1.0,1.0,,,,,,,,1.0,0.0,0.0,0.0,0.0,36.0,11.0,5.0,1.0,0.7346938775510204,,0.0,0.001577,0.5310978907517577,0.024062417738724248,0.005473425206874602,0.36123488224061107,0.03564608529598982,0.0054105665181413114,3.970291913552122,1.0986122886681096,2.8716796248840124,0.38823529411764707,0.5714285714285714,0.02511436923076923,0.6153846153846154,0.01695532393113437,0.3333333333333333,0.04206580591420241,0.3337330965980972,0.9201175500337607,0.563607400416874,0.022837185193347542,1.0,-0.06552731287746405,NEUTRAL,震荡,0.6126173673880756,0.74758534107279,0.3333333333333333,0.6968400615384616,0.34023510006752145,3142.0,52.0,2.0,85.0,33.0,28.0,65.0,0.25,4.0,0.5,2.0,6.0,5.0,36.0,28.44,31.29,,,27.02,-4.993,model_diagnostic_cap,0,,,,0,11,,,,1,0,,,,,,,,,,,,0,0,0,0,0,trade_selector_v2_nested_oos_top10_promotion_rank,,outside_observation_top10,,,,,09:30,tplus1_open_0930_v1,-0.035152748350746166,-0.10639037154437475,0.058418098789553674,-0.038816715417232556,-0.031488781284259776,-0.10639037154437475,0.058418098789553674,0.14765707874359787,0.14765707874359787,,0,0.9939986520457736,0.35264342037249485,0.4384285139822586,0.26363650996718396,0.45,-0.03,-0.05,-0.007176971415027762,-0.04845801408918164,,0,0,0,1,1,1,1,0,0,nested_temporal_utility_v1,0.45,-0.05,0.05,0.9,0.0,-0.023022523477772033,1,0,0,0,0,REJECT,没有安全买入价格，放弃,系统仅供人工参考：T日9:25前仅用限价单参与集合竞价；不得使用无上限市价单，高于上限或未成交均放弃,T+1固定按9:30开盘集合竞价成交价退出；一字跌停无法成交时顺延至首个可成交开盘,1,0,LIMIT_ONLY_MANUAL,0,10.0,a_share_price_limit_le_10_v2,eligible_limit_le_10:10.00%:main_board_10pct,0.0,1,0,0,outside_stage_2_to_3_3_to_4_focus,auction_v13_five_year_promotion_blend_oos_1,7b00b5ccb4dad0b56631861d0531909d0951aee23397e45f3004b9be2c91913f,2026-08-26T11:50:11+00:00,a9188ffc88cc97087607208c3714cfe611b1d206891d5ea752339e63d06dc95f,D_CLOSE_STREAK_PATH_SENTIMENT_V12_OPEN0930_TOP10_META_SELECTOR_NO_T_LEAKAGE
20260826-000428.SZ-auction_v13_five_year_promotion_blend_oos_1,20260826,20260827,20260828,000428.SZ,华天酒店,酒店餐饮,2→3,2→3,1,STABLE_STRONG,持续强势,路径强度0.84→0.88；竞价斜率+2.13pct/板；首封每板推迟7分钟；炸板变化+0.0/板,2.0,1.0,0.8754482029598305,0.036058925570553235,0.021310432569974447,7.300000000000068,0.0,0.027706000000000005,1.0196027418323723,-0.7483796235594222,0.0,0.0,0.0,0.0,0.0,10.0,11.0,5.0,1.0,0.20408163265306123,0.19230769230769232,104.0,0.001577,0.5310978907517577,0.024062417738724248,0.005473425206874602,0.36123488224061107,0.03564608529598982,0.0054105665181413114,3.970291913552122,1.0986122886681096,2.8716796248840124,0.38823529411764707,0.5714285714285714,0.02511436923076923,0.6153846153846154,0.01695532393113437,0.3333333333333333,0.04206580591420241,0.3337330965980972,0.9201175500337607,0.563607400416874,0.022837185193347542,1.0,-0.06552731287746405,NEUTRAL,震荡,0.6126173673880756,0.74758534107279,0.3333333333333333,0.6968400615384616,0.34023510006752145,3142.0,52.0,2.0,85.0,33.0,28.0,65.0,0.25,4.0,0.5,2.0,6.0,5.0,10.0,4.75,5.22,,,4.51,-5.0526,model_diagnostic_cap,0,9.0,2.0,高风险观察,1,11,4.0,0.652661920733927,0.5375854214123006,1,0,10.0,-0.02510771152057833,-0.015519691715786137,-0.026957795555480946,0.3813486710739398,0.3813486710739398,0.4234577667571674,-0.1224252969844654,-0.0518419428556247,-0.01028031951016562,0.75,0,0,0,0,0,trade_selector_v2_nested_oos_top10_promotion_rank,09e291bea250d767c2b96d6ea82144aa896033e61d57d3212a5ef3a8b670f304,below_learned_policy,,,,,09:30,tplus1_open_0930_v1,-0.038546893871871185,-0.1300014317698875,0.0760037149255989,-0.042210860938357575,-0.034882926805384795,-0.1300014317698875,0.0760037149255989,0.14765707874359787,0.14765707874359787,,0,0.9963523664558519,0.35264342037249485,0.45215852992005323,0.24935923035711874,0.45,-0.03,-0.05,-0.007721583919142639,-0.050899578216150994,10.0,0,0,1,1,1,0,1,0,0,nested_temporal_utility_v1,0.45,-0.05,0.05,0.9,0.0,-0.023022523477772033,1,0,0,0,0,REJECT,没有安全买入价格，放弃,系统仅供人工参考：T日9:25前仅用限价单参与集合竞价；不得使用无上限市价单，高于上限或未成交均放弃,T+1固定按9:30开盘集合竞价成交价退出；一字跌停无法成交时顺延至首个可成交开盘,1,0,LIMIT_ONLY_MANUAL,0,10.0,a_share_price_limit_le_10_v2,eligible_limit_le_10:10.00%:main_board_10pct,1.0,1,0,0,selection_policy_not_ready,auction_v13_five_year_promotion_blend_oos_1,7b00b5ccb4dad0b56631861d0531909d0951aee23397e45f3004b9be2c91913f,2026-08-26T11:50:11+00:00,a9188ffc88cc97087607208c3714cfe611b1d206891d5ea752339e63d06dc95f,D_CLOSE_STREAK_PATH_SENTIMENT_V12_OPEN0930_TOP10_META_SELECTOR_NO_T_LEAKAGE
20260826-000017.SZ-auction_v13_five_year_promotion_blend_oos_1,20260826,20260827,20260828,000017.SZ,深中华A,饰品,5→6,5→6,0,DIVERGENCE_RESEAL,分歧回封,路径强度0.90→0.65；竞价斜率-2.42pct/板；首封每板推迟12分钟；炸板变化+0.3/板,4.0,1.0,0.6530473685381023,-0.24695263146189772,-0.02423740610075124,11.799999999999992,0.3333333333333333,0.048928,0.3948787728414847,-0.023884633127210775,0.25,0.0,0.0,0.0,1.0,1.0,11.0,5.0,1.0,0.02040816326530612,,0.0,0.001577,0.5310978907517577,0.024062417738724248,0.005473425206874602,0.36123488224061107,0.03564608529598982,0.0054105665181413114,3.970291913552122,1.0986122886681096,2.8716796248840124,0.38823529411764707,0.5714285714285714,0.02511436923076923,0.6153846153846154,0.01695532393113437,0.3333333333333333,0.04206580591420241,0.3337330965980972,0.9201175500337607,0.563607400416874,0.022837185193347542,1.0,-0.06552731287746405,NEUTRAL,震荡,0.6126173673880756,0.74758534107279,0.3333333333333333,0.6968400615384616,0.34023510006752145,3142.0,52.0,2.0,85.0,33.0,28.0,65.0,0.25,4.0,0.5,2.0,6.0,5.0,2.0,9.46,10.41,,,9.46,0.0,model_diagnostic_cap,0,,,,0,11,,,,1,0,,,,,,,,,,,,0,0,0,0,0,trade_selector_v2_nested_oos_top10_promotion_rank,,outside_observation_top10,,,,,09:30,tplus1_open_0930_v1,-0.044984254595242426,-0.11622187778887101,0.048586592545057414,-0.048648221661728816,-0.041320287528756036,-0.11622187778887101,0.048586592545057414,0.14765707874359787,0.14765707874359787,,0,0.9946123250827138,0.35264342037249485,0.4162123435643408,0.3558195162813011,0.45,-0.03,-0.05,-0.008525721003599216,-0.05759235156929336,,0,0,0,1,1,1,1,0,0,nested_temporal_utility_v1,0.45,-0.05,0.05,0.9,0.0,-0.023022523477772033,1,0,0,0,0,REJECT,没有安全买入价格，放弃,系统仅供人工参考：T日9:25前仅用限价单参与集合竞价；不得使用无上限市价单，高于上限或未成交均放弃,T+1固定按9:30开盘集合竞价成交价退出；一字跌停无法成交时顺延至首个可成交开盘,1,0,LIMIT_ONLY_MANUAL,0,10.0,a_share_price_limit_le_10_v2,eligible_limit_le_10:10.00%:main_board_10pct,1.0,1,0,0,outside_stage_2_to_3_3_to_4_focus,auction_v13_five_year_promotion_blend_oos_1,7b00b5ccb4dad0b56631861d0531909d0951aee23397e45f3004b9be2c91913f,2026-08-26T11:50:11+00:00,a9188ffc88cc97087607208c3714cfe611b1d206891d5ea752339e63d06dc95f,D_CLOSE_STREAK_PATH_SENTIMENT_V12_OPEN0930_TOP10_META_SELECTOR_NO_T_LEAKAGE
20260826-002084.SZ-auction_v13_five_year_promotion_blend_oos_1,20260826,20260827,20260828,002084.SZ,海鸥住工,家居用品,3→4,3→4,1,STABLE_STRONG,持续强势,路径强度1.00→1.00；竞价斜率+0.04pct/板；首封每板推迟0分钟；炸板变化+0.0/板,3.0,1.0,1.0,0.0,0.0004354368776614548,0.0,0.0,-0.0012085,-0.09559792136786527,4.145021139722528,1.0,0.0,0.0,0.0,0.0,1.0,11.0,5.0,1.0,0.02040816326530612,0.3125,16.0,0.001577,0.5310978907517577,0.024062417738724248,0.005473425206874602,0.36123488224061107,0.03564608529598982,0.0054105665181413114,3.970291913552122,1.0986122886681096,2.8716796248840124,0.38823529411764707,0.5714285714285714,0.02511436923076923,0.6153846153846154,0.01695532393113437,0.3333333333333333,0.04206580591420241,0.3337330965980972,0.9201175500337607,0.563607400416874,0.022837185193347542,1.0,-0.06552731287746405,NEUTRAL,震荡,0.6126173673880756,0.74758534107279,0.3333333333333333,0.6968400615384616,0.34023510006752145,3142.0,52.0,2.0,85.0,33.0,28.0,65.0,0.25,4.0,0.5,2.0,6.0,5.0,1.0,4.79,5.27,,,5.15,7.5157,model_diagnostic_cap,0,8.0,2.0,高风险观察,1,11,1.0,0.9333349776558135,0.999999,1,0,1.0,-0.004618452366882448,-0.015519691715786137,-0.026957795555480946,0.08188233442451663,0.08188233442451663,0.3206933101361083,-0.1224252969844654,-0.039260973734344326,-0.002207367231021639,0.75,1,1,0,0,0,trade_selector_v2_nested_oos_top10_promotion_rank,09e291bea250d767c2b96d6ea82144aa896033e61d57d3212a5ef3a8b670f304,relative_best_two_only,,,,,09:30,tplus1_open_0930_v1,-0.049678469046974205,-0.15534352777896,0.09169873855618552,-0.053342436113460595,-0.046014501980487815,-0.15534352777896,0.09169873855618552,0.14765707874359787,0.14765707874359787,,0,0.9944595165797709,0.35264342037249485,0.45105195382871244,0.46050151857625166,0.45,-0.03,-0.05,-0.009374312611681574,-0.06103688716122217,11.0,0,0,1,1,1,0,0,0,0,nested_temporal_utility_v1,0.45,-0.05,0.05,0.9,0.0,-0.023022523477772033,1,0,0,0,0,SHADOW_ONLY,没有安全买入价格，放弃,系统仅供人工参考：T日9:25前仅用限价单参与集合竞价；不得使用无上限市价单，高于上限或未成交均放弃,T+1固定按9:30开盘集合竞价成交价退出；一字跌停无法成交时顺延至首个可成交开盘,1,0,LIMIT_ONLY_MANUAL,0,10.0,a_share_price_limit_le_10_v2,eligible_limit_le_10:10.00%:main_board_10pct,1.0,1,0,0,selection_policy_not_ready,auction_v13_five_year_promotion_blend_oos_1,7b00b5ccb4dad0b56631861d0531909d0951aee23397e45f3004b9be2c91913f,2026-08-26T11:50:11+00:00,a9188ffc88cc97087607208c3714cfe611b1d206891d5ea752339e63d06dc95f,D_CLOSE_STREAK_PATH_SENTIMENT_V12_OPEN0930_TOP10_META_SELECTOR_NO_T_LEAKAGE
