ts_code,trade_date,open,high,low,close,pre_close,vol,amount,pct_chg
000001.SZ,20260811,11.31,11.4,11.24,11.26,11.29,663360.53,749686.46202,-0.2657
000002.SZ,20260811,3.24,3.27,3.22,3.23,3.25,812993.47,263354.86275,-0.6154
000006.SZ,20260811,6.83,6.91,6.69,6.79,6.85,173238.5,117856.774,-0.8759
000007.SZ,20260811,10.48,10.75,10.22,10.61,10.38,108182.34,113774.2338,2.2158
000008.SZ,20260811,2.45,2.46,2.42,2.44,2.45,223808.23,54631.99848,-0.4082
000009.SZ,20260811,8.16,8.32,8.09,8.12,8.19,495152.53,405404.39503,-0.8547
000010.SZ,20260811,1.54,1.58,1.53,1.56,1.54,168834.98,26267.67548,1.2987
000011.SZ,20260811,7.94,8.25,7.88,8.18,7.93,101419.2,82010.0122,3.1526
000012.SZ,20260811,3.87,3.88,3.82,3.85,3.88,181423.34,69886.97181,-0.7732
000014.SZ,20260811,10.19,10.43,10.08,10.33,10.19,61478.0,63168.264,1.3739
000016.SZ,20260811,2.55,2.56,2.52,2.55,2.57,88599.0,22490.042,-0.7782
000017.SZ,20260811,6.26,6.37,6.18,6.18,6.3,58615.0,36610.705,-1.9048
000019.SZ,20260811,6.22,6.23,6.14,6.18,6.21,79126.51,48932.59838,-0.4831
000020.SZ,20260811,11.01,11.24,10.99,11.17,11.15,23988.0,26689.819,0.1794
000021.SZ,20260811,39.91,41.25,39.31,39.81,40.2,1121358.31,4525310.89187,-0.9701
000025.SZ,20260811,15.27,15.32,15.05,15.08,15.16,58152.7,88232.42547,-0.5277
000026.SZ,20260811,19.09,20.64,18.66,20.03,19.07,275563.84,543835.9513,5.0341
000027.SZ,20260811,6.36,6.41,6.33,6.37,6.37,181442.32,115592.92741,0.0
000028.SZ,20260811,20.47,21.39,20.25,20.65,20.45,100330.23,209578.38089,0.978
000029.SZ,20260811,22.44,23.21,22.23,22.98,22.31,53546.0,122217.5337,3.0031
000030.SZ,20260811,4.28,4.29,4.24,4.28,4.29,69900.24,29815.22644,-0.2331
000031.SZ,20260811,2.24,2.27,2.22,2.24,2.25,310885.0,69656.69091,-0.4444
000032.SZ,20260811,14.51,14.89,14.18,14.71,14.5,425632.06,623020.25426,1.4483
000034.SZ,20260811,24.4,24.9,23.89,24.35,24.4,339581.34,829504.67139,-0.2049
000035.SZ,20260811,4.9,5.01,4.84,4.85,4.91,336005.0,164489.952,-1.222
000036.SZ,20260811,4.26,4.31,4.21,4.22,4.28,174540.0,74261.723,-1.4019
000037.SZ,20260811,10.14,10.25,10.05,10.13,10.3,234212.0,237430.098,-1.6505
000039.SZ,20260811,9.78,9.78,8.9,8.99,8.89,1188123.36,1100594.35823,1.1249
000042.SZ,20260811,8.45,8.97,8.44,8.79,8.47,82407.87,71740.41186,3.778
001914.SZ,20260811,8.8,8.88,8.75,8.78,8.82,46968.14,41367.18548,-0.4535
000045.SZ,20260811,9.99,10.05,9.89,9.98,10.03,37382.0,37299.76343,-0.4985
000048.SZ,20260811,21.72,22.71,21.2,21.94,21.87,147762.71,326226.57452,0.3201
000049.SZ,20260811,24.88,25.22,24.7,24.78,24.88,67160.15,167055.07549,-0.4019
000050.SZ,20260811,6.72,6.76,6.64,6.67,6.75,205447.0,137645.70079,-1.1852
000055.SZ,20260811,3.51,3.54,3.47,3.5,3.53,66538.5,23278.1255,-0.8499
000056.SZ,20260811,1.97,1.99,1.91,1.92,1.97,208697.0,40564.755,-2.5381
000058.SZ,20260811,6.7,6.82,6.67,6.78,6.76,56309.0,38072.784,0.2959
000059.SZ,20260811,4.68,4.7,4.62,4.64,4.66,156149.82,72669.46248,-0.4292
000060.SZ,20260811,6.94,7.03,6.67,6.69,6.94,1689768.68,1155047.03339,-3.6023
000061.SZ,20260811,5.87,5.9,5.8,5.87,5.89,152480.89,89320.88476,-0.3396
000062.SZ,20260811,23.0,23.56,22.88,23.26,23.24,216425.0,503811.62679,0.0861
000063.SZ,20260811,34.13,34.57,34.03,34.19,34.3,852714.85,2926293.44841,-0.3207
000065.SZ,20260811,9.21,9.21,9.06,9.12,9.22,129125.95,118186.82515,-1.0846
000066.SZ,20260811,14.68,14.8,14.5,14.57,14.71,695198.01,1018248.6016,-0.9517
000068.SZ,20260811,2.94,2.98,2.9,2.97,2.93,109096.61,32172.18416,1.3652
000069.SZ,20260811,1.84,1.84,1.81,1.83,1.84,381914.4,69847.2382,-0.5435
000070.SZ,20260811,14.3,14.62,14.04,14.37,14.45,357311.0,512868.1966,-0.5536
000078.SZ,20260811,1.74,1.82,1.73,1.77,1.77,1065956.1,189500.99303,0.0
000088.SZ,20260811,4.46,4.46,4.39,4.4,4.46,192958.01,85246.33437,-1.3453
000089.SZ,20260811,6.58,6.61,6.51,6.54,6.56,106720.36,70027.58129,-0.3049
000090.SZ,20260811,3.49,3.53,3.45,3.5,3.5,130991.2,45728.41112,0.0
000096.SZ,20260811,8.0,8.0,7.81,7.89,7.9,60131.64,47394.95848,-0.1266
000099.SZ,20260811,14.43,14.43,14.15,14.24,14.45,58067.02,82686.47149,-1.4533
000100.SZ,20260811,4.84,5.09,4.83,5.0,4.87,8585714.93,4300172.20284,2.6694
000151.SZ,20260811,10.16,10.23,10.07,10.16,10.17,43746.0,44483.4,-0.0983
000153.SZ,20260811,5.82,6.02,5.76,5.91,5.84,166510.41,98286.56596,1.1986
000155.SZ,20260811,12.41,12.57,12.24,12.28,12.49,352330.0,435982.80392,-1.6813
000156.SZ,20260811,6.87,6.94,6.82,6.88,6.87,75377.0,51904.796,0.1456
000157.SZ,20260811,7.21,7.23,7.07,7.08,7.24,661851.89,471980.81252,-2.2099
000158.SZ,20260811,13.55,13.65,13.31,13.44,13.56,208430.33,280998.23821,-0.885
000159.SZ,20260811,5.8,5.89,5.74,5.77,5.79,78032.0,45214.228,-0.3454
000166.SZ,20260811,4.56,4.58,4.53,4.54,4.56,445915.67,203012.377,-0.4386
000301.SZ,20260811,13.52,13.63,12.91,12.99,13.53,339089.21,449482.78358,-3.9911
000333.SZ,20260811,85.26,86.12,85.03,85.62,85.3,195091.79,1671643.82692,0.3751
000338.SZ,20260811,32.0,32.08,30.99,31.14,32.08,884862.8,2781147.99016,-2.9302
000400.SZ,20260811,22.8,22.81,22.42,22.47,22.85,150717.12,340464.93795,-1.663
000401.SZ,20260811,3.64,3.64,3.59,3.6,3.64,67335.0,24304.118,-1.0989
000402.SZ,20260811,2.51,2.59,2.5,2.54,2.53,582735.07,148660.5463,0.3953
000403.SZ,20260811,10.6,10.88,10.58,10.71,10.67,105601.99,113526.80945,0.3749
000404.SZ,20260811,7.93,7.99,7.86,7.93,7.94,95616.67,75765.86661,-0.1259
000407.SZ,20260811,4.1,4.12,4.04,4.09,4.1,106318.24,43407.36416,-0.2439
000408.SZ,20260811,88.0,88.9,82.28,82.38,89.2,333453.28,2829989.03746,-7.6457
000409.SZ,20260811,9.05,9.15,8.76,8.84,8.85,84782.13,75471.7246,-0.113
000410.SZ,20260811,5.2,5.46,5.16,5.24,5.06,645066.2,340228.15376,3.5573
000411.SZ,20260811,9.83,9.98,9.74,9.86,9.83,47894.2,47297.892,0.3052
000415.SZ,20260811,4.65,4.68,4.53,4.54,4.64,351490.08,161327.4564,-2.1552
000417.SZ,20260811,5.98,6.02,5.92,5.99,6.02,253919.78,151995.58066,-0.4983
000419.SZ,20260811,5.02,5.07,4.96,5.04,5.02,100329.0,50456.611,0.3984
000420.SZ,20260811,3.85,3.85,3.79,3.8,3.85,375290.31,142959.67553,-1.2987
000421.SZ,20260811,5.45,5.5,5.41,5.46,5.47,66930.0,36498.745,-0.1828
000422.SZ,20260811,13.64,13.66,13.32,13.39,13.66,369118.77,497688.54269,-1.9766
000423.SZ,20260811,53.6,54.77,53.47,53.62,54.06,49402.0,266715.13,-0.8139
000425.SZ,20260811,8.34,8.37,8.11,8.13,8.35,1246092.6,1025565.8396,-2.6347
000426.SZ,20260811,41.67,41.8,38.56,38.73,40.67,1133261.23,4567684.03263,-4.7701
000428.SZ,20260811,4.21,4.4,4.1,4.31,4.32,849706.21,363967.86134,-0.2315
000429.SZ,20260811,13.2,13.4,13.1,13.29,13.25,121514.66,161371.0812,0.3019
000430.SZ,20260811,6.56,6.61,6.47,6.59,6.56,72322.98,47492.84384,0.4573
000488.SZ,20260811,1.91,1.92,1.9,1.91,1.92,79813.5,15231.7045,-0.5208
000498.SZ,20260811,5.03,5.03,4.97,4.98,5.02,65580.97,32757.81903,-0.7968
000501.SZ,20260811,7.29,7.29,7.18,7.23,7.28,45867.0,33168.742,-0.6868
000503.SZ,20260811,7.54,7.56,7.39,7.42,7.54,131982.2,98327.9736,-1.5915
000504.SZ,20260811,8.65,8.8,8.6,8.65,8.8,64577.64,56228.6451,-1.7045
000505.SZ,20260811,5.84,5.86,5.72,5.72,5.84,97148.2,56056.45661,-2.0548
000506.SZ,20260811,21.0,21.0,18.58,18.89,19.94,1698955.52,3370527.97268,-5.2658
000507.SZ,20260811,5.02,5.02,4.97,4.99,5.03,67225.0,33558.953,-0.7952
000509.SZ,20260811,3.26,3.32,3.22,3.28,3.28,179536.0,58774.176,0.0
000510.SZ,20260811,17.19,17.37,16.5,16.54,17.34,631079.03,1067611.70889,-4.6136
000513.SZ,20260811,30.61,31.13,30.5,30.75,30.73,71809.69,222049.02265,0.0651
000514.SZ,20260811,3.98,4.02,3.92,3.99,3.99,78700.33,31336.02168,0.0
000516.SZ,20260811,4.26,4.31,4.23,4.24,4.29,175754.0,74851.478,-1.1655
000517.SZ,20260811,2.18,2.33,2.15,2.3,2.18,533217.25,120950.64222,5.5046
000518.SZ,20260811,4.12,4.35,4.08,4.22,4.13,826989.57,349042.18102,2.1792
000519.SZ,20260811,14.88,14.97,14.71,14.78,15.01,350952.93,520075.61663,-1.5323
000520.SZ,20260811,3.97,4.01,3.89,3.91,3.98,108800.0,42781.959,-1.7588
000521.SZ,20260811,4.99,4.99,4.92,4.93,4.99,49665.0,24550.851,-1.2024
000523.SZ,20260811,2.96,2.96,2.91,2.92,2.97,218262.32,63928.01292,-1.6835
000524.SZ,20260811,9.5,9.59,9.41,9.45,9.54,57044.18,54082.2198,-0.9434
000525.SZ,20260811,4.56,4.61,4.47,4.49,4.59,178073.48,80446.71694,-2.1786
000526.SZ,20260811,36.3,36.96,35.9,36.25,36.37,40712.0,148271.189,-0.3299
000528.SZ,20260811,8.44,8.44,8.17,8.2,8.45,405322.34,336199.09464,-2.9586
000529.SZ,20260811,4.88,4.91,4.83,4.86,4.87,34851.77,16978.6396,-0.2053
000530.SZ,20260811,5.01,5.05,4.96,5.04,5.04,110816.0,55611.965,0.0
000531.SZ,20260811,5.88,5.94,5.84,5.89,5.92,89996.87,53013.86491,-0.5068
000532.SZ,20260811,10.87,10.92,10.73,10.84,10.87,29646.0,32124.996,-0.276
000533.SZ,20260811,12.01,13.5,12.01,12.87,12.65,1645300.26,2124038.23455,1.7391
000534.SZ,20260811,28.15,28.15,27.36,27.7,28.39,80720.0,224098.938,-2.4304
000536.SZ,20260811,3.33,3.37,3.26,3.34,3.33,408788.07,136066.15074,0.3003
000537.SZ,20260811,8.48,9.06,8.22,8.77,8.32,1208290.41,1038163.86941,5.4087
000538.SZ,20260811,51.01,51.43,50.8,50.83,51.19,84993.14,434091.25892,-0.7033
000539.SZ,20260811,5.91,6.02,5.84,5.92,5.96,588354.44,350237.65158,-0.6711
000541.SZ,20260811,4.99,5.01,4.92,4.93,4.98,59948.93,29713.65904,-1.004
000543.SZ,20260811,7.87,7.93,7.81,7.82,7.88,235670.68,185114.21944,-0.7614
000544.SZ,20260811,7.45,7.5,7.39,7.41,7.46,36082.0,26841.517,-0.6702
000545.SZ,20260811,2.64,2.65,2.56,2.57,2.62,312633.02,80673.80616,-1.9084
000546.SZ,20260811,4.82,4.88,4.8,4.83,4.86,125606.0,60726.089,-0.6173
000547.SZ,20260811,15.5,15.89,15.01,15.68,16.39,909138.36,1417644.5869,-4.3319
000548.SZ,20260811,4.49,4.51,4.43,4.47,4.5,46208.0,20634.719,-0.6667
000550.SZ,20260811,16.39,16.75,16.27,16.39,16.37,55988.25,92224.49124,0.1222
000551.SZ,20260811,13.58,13.74,13.44,13.52,13.67,108757.05,147699.58787,-1.0973
000552.SZ,20260811,2.56,2.59,2.53,2.58,2.55,775195.53,199082.16821,1.1765
000553.SZ,20260811,5.47,5.48,5.38,5.41,5.48,61842.8,33544.235,-1.2774
000554.SZ,20260811,6.65,6.72,6.51,6.57,6.56,220849.0,145431.758,0.1524
000555.SZ,20260811,10.82,11.3,10.74,10.98,10.87,333749.95,369519.21871,1.012
000557.SZ,20260811,3.72,3.73,3.68,3.69,3.73,62623.0,23151.614,-1.0724
000558.SZ,20260811,3.54,3.58,3.49,3.54,3.54,214060.5,75687.033,0.0
000559.SZ,20260811,11.7,11.98,11.64,11.81,11.8,391097.28,462925.99342,0.0847
000560.SZ,20260811,2.22,2.26,2.2,2.22,2.24,1031778.14,229650.14388,-0.8929
000561.SZ,20260811,7.67,7.68,7.5,7.63,7.73,73407.92,55696.61996,-1.2937
000563.SZ,20260811,3.01,3.02,2.99,3.0,3.01,241617.49,72536.2561,-0.3322
000564.SZ,20260811,1.43,1.45,1.42,1.45,1.43,1540819.13,221066.02407,1.3986
000565.SZ,20260811,6.04,6.05,5.92,5.99,6.03,59853.0,35776.188,-0.6633
000566.SZ,20260811,5.97,6.15,5.82,5.86,6.05,2348167.94,1402095.92456,-3.1405
000567.SZ,20260811,6.3,6.32,6.18,6.19,6.3,133162.7,82995.1059,-1.746
000568.SZ,20260811,90.56,91.15,89.38,90.18,90.75,81640.91,736771.52302,-0.6281
000570.SZ,20260811,5.05,5.05,4.96,5.0,5.05,77133.0,38641.868,-0.9901
000571.SZ,20260811,7.1,7.55,6.78,7.38,7.12,496658.88,355271.13967,3.6517
000572.SZ,20260811,3.96,3.98,3.85,3.93,3.94,329925.5,129360.53976,-0.2538
000573.SZ,20260811,3.74,3.75,3.66,3.71,3.72,143139.78,53034.65804,-0.2688
000576.SZ,20260811,7.35,7.35,7.18,7.28,7.42,82908.0,60134.778,-1.8868
000581.SZ,20260811,17.49,17.54,17.37,17.47,17.49,44092.43,77029.75548,-0.1144
000582.SZ,20260811,13.24,13.44,13.03,13.15,13.28,457974.14,605931.86337,-0.9789
000586.SZ,20260811,12.13,12.52,11.9,12.32,12.13,59679.0,73066.632,1.5664
000589.SZ,20260811,4.36,4.39,4.31,4.31,4.4,323323.78,140449.01108,-2.0455
000590.SZ,20260811,9.05,9.17,8.9,9.01,9.02,29794.25,26888.70975,-0.1109
000591.SZ,20260811,4.47,4.51,4.43,4.48,4.48,374320.94,167486.64976,0.0
000592.SZ,20260811,6.67,6.78,6.53,6.69,6.71,927221.48,618164.65356,-0.2981
000593.SZ,20260811,24.83,25.57,22.75,22.97,24.75,503356.81,1215197.87836,-7.1919
000595.SZ,20260811,6.2,6.56,6.2,6.34,6.36,853546.0,546109.356,-0.3145
000596.SZ,20260811,96.4,96.4,93.33,94.87,96.57,62078.84,588426.62012,-1.7604
000597.SZ,20260811,4.77,4.9,4.75,4.83,4.79,169770.41,82286.01633,0.8351
000598.SZ,20260811,7.21,7.27,7.16,7.18,7.21,123786.0,89190.46688,-0.4161
000599.SZ,20260811,5.06,5.06,4.97,5.0,5.02,82593.0,41388.897,-0.3984
000600.SZ,20260811,8.66,8.99,8.53,8.84,8.67,529213.01,464432.39612,1.9608
000601.SZ,20260811,6.65,6.73,6.6,6.67,6.7,377561.84,251987.7415,-0.4478
000603.SZ,20260811,37.8,39.33,34.25,34.55,37.12,1255999.28,4627498.83341,-6.9235
000605.SZ,20260811,6.03,6.07,5.95,6.01,6.03,37989.85,22856.59125,-0.3317
000607.SZ,20260811,3.65,3.72,3.6,3.67,3.66,109584.04,40240.1451,0.2732
000608.SZ,20260811,7.65,7.81,7.52,7.68,7.68,272688.0,209777.55016,0.0
000609.SZ,20260811,10.35,10.46,10.12,10.17,10.19,46104.0,47320.011,-0.1963
000610.SZ,20260811,5.86,6.18,5.81,6.14,5.89,44732.0,27116.022,4.2445
000612.SZ,20260811,11.74,12.05,11.5,11.54,11.68,490593.13,578393.40362,-1.1986
000615.SZ,20260811,3.37,3.39,3.27,3.37,3.37,78596.3,26213.8527,0.0
000617.SZ,20260811,7.18,7.25,7.13,7.15,7.16,636175.79,456652.79687,-0.1397
000619.SZ,20260811,4.79,4.88,4.73,4.83,4.82,66872.17,32218.89494,0.2075
000620.SZ,20260811,2.73,2.85,2.72,2.78,2.76,2025948.14,566720.60951,0.7246
000623.SZ,20260811,18.28,18.42,18.07,18.08,18.28,130125.07,237542.24623,-1.0941
000625.SZ,20260811,7.4,7.41,7.33,7.35,7.42,503760.13,370701.72946,-0.9434
000626.SZ,20260811,7.93,7.97,7.75,7.83,7.95,89794.0,70540.356,-1.5094
000628.SZ,20260811,38.98,39.4,38.15,38.9,38.99,59900.25,232579.54955,-0.2308
000629.SZ,20260811,3.18,3.2,3.13,3.13,3.2,1037003.47,327569.47216,-2.1875
000630.SZ,20260811,6.91,6.97,6.54,6.56,6.9,4521040.09,3040323.68206,-4.9275
000631.SZ,20260811,2.97,2.98,2.92,2.95,2.97,81177.65,23982.97075,-0.6734
000632.SZ,20260811,3.37,3.38,3.28,3.34,3.37,45588.0,15214.377,-0.8902
000633.SZ,20260811,5.36,5.38,5.28,5.3,5.35,71455.0,37985.92932,-0.9346
000635.SZ,20260811,6.57,6.57,6.45,6.5,6.56,38400.0,24999.7395,-0.9146
000636.SZ,20260811,60.88,67.87,60.88,65.85,61.7,2631303.64,17293417.4628,6.7261
000637.SZ,20260811,3.92,3.94,3.85,3.89,3.9,81958.0,31922.415,-0.2564
000639.SZ,20260811,1.6,1.77,1.59,1.71,1.61,1158686.72,197501.90336,6.2112
000650.SZ,20260811,5.44,5.53,5.41,5.42,5.44,169875.51,92929.34093,-0.3676
000651.SZ,20260811,40.63,40.8,40.37,40.54,40.67,319290.68,1296816.68428,-0.3196
000652.SZ,20260811,3.5,3.55,3.47,3.51,3.51,113248.22,39627.48676,0.0
000655.SZ,20260811,7.02,7.06,6.84,6.85,7.06,74812.02,51844.1207,-2.9745
000656.SZ,20260811,1.29,1.35,1.27,1.3,1.29,4548451.15,596971.99338,0.7752
000657.SZ,20260811,69.02,70.7,67.72,68.15,72.8,1272998.43,8789879.81312,-6.3874
000659.SZ,20260811,2.87,2.96,2.82,2.93,2.87,243597.0,70967.403,2.0906
000661.SZ,20260811,82.29,91.0,82.11,86.8,83.0,264483.52,2323955.99965,4.5783
000663.SZ,20260811,5.57,5.64,5.51,5.58,5.6,48493.0,27080.411,-0.3571
000665.SZ,20260811,4.06,4.06,3.97,4.02,4.02,87635.0,35147.2208,0.0
000668.SZ,20260811,21.09,21.88,20.12,21.31,21.09,55311.0,117010.874,1.0431
000669.SZ,20260811,3.52,3.62,3.5,3.54,3.53,38834.33,13751.98149,0.2833
000670.SZ,20260811,6.88,6.93,6.8,6.83,6.92,262709.0,180480.91,-1.3006
000672.SZ,20260811,13.9,14.26,13.76,13.91,14.06,140888.03,197040.11061,-1.0669
000676.SZ,20260811,7.43,7.6,7.35,7.37,7.48,956093.26,711095.08991,-1.4706
000677.SZ,20260811,1.73,1.83,1.72,1.79,1.73,438674.52,77702.04702,3.4682
000678.SZ,20260811,8.99,9.11,8.78,9.05,8.96,111632.16,100433.98564,1.0045
000679.SZ,20260811,6.1,6.2,6.0,6.14,6.08,47816.0,29221.066,0.9868
000680.SZ,20260811,10.93,11.1,10.53,10.85,11.4,535302.94,580948.09453,-4.8246
000681.SZ,20260811,18.42,18.47,18.01,18.16,18.36,214880.03,391350.81156,-1.0893
000682.SZ,20260811,12.19,12.22,12.03,12.06,12.21,123699.23,149810.69387,-1.2285
000683.SZ,20260811,6.13,6.23,5.98,5.99,6.13,970982.51,590976.64566,-2.2838
000685.SZ,20260811,11.26,11.34,11.16,11.17,11.26,120793.07,135917.28575,-0.7993
000686.SZ,20260811,8.08,8.11,8.02,8.02,8.08,112177.14,90469.47784,-0.7426
000688.SZ,20260811,32.08,32.9,31.48,31.54,32.16,197403.23,635449.45011,-1.9279
000690.SZ,20260811,4.84,4.89,4.82,4.83,4.86,390092.73,189243.94387,-0.6173
000691.SZ,20260811,10.0,10.2,9.68,10.08,10.03,84411.0,84407.825,0.4985
000692.SZ,20260811,4.09,4.12,4.0,4.04,4.13,280113.7,113427.0767,-2.1792
000695.SZ,20260811,12.76,12.98,12.61,12.82,12.73,59393.93,76137.04533,0.707
000697.SZ,20260811,8.9,8.98,8.7,8.87,9.01,73717.67,65134.76496,-1.5538
000698.SZ,20260811,3.47,3.5,3.43,3.46,3.47,31008.9,10752.9012,-0.2882
000700.SZ,20260811,11.39,12.2,11.34,11.98,11.49,719136.03,854271.80363,4.2646
000701.SZ,20260811,5.1,5.12,5.02,5.08,5.1,93202.0,47308.855,-0.3922
000702.SZ,20260811,5.44,5.56,5.41,5.47,5.49,60016.25,32901.90075,-0.3643
000703.SZ,20260811,17.71,18.06,16.8,17.5,18.18,1027027.97,1799850.64406,-3.7404
000705.SZ,20260811,6.88,7.08,6.87,6.92,6.92,69302.34,48378.63794,0.0
000707.SZ,20260811,4.61,4.66,4.56,4.58,4.6,72421.0,33346.452,-0.4348
000708.SZ,20260811,13.92,14.03,13.73,13.76,13.93,138741.56,192220.7627,-1.2204
000709.SZ,20260811,2.14,2.15,2.1,2.11,2.15,760681.6,161593.42773,-1.8605
000710.SZ,20260811,9.74,9.8,9.5,9.57,9.99,375083.0,360387.048,-4.2042
000711.SZ,20260811,5.59,5.74,5.56,5.6,5.78,833889.0,470379.079,-3.1142
000712.SZ,20260811,9.5,9.53,9.21,9.23,9.38,338889.52,315708.09099,-1.5991
000713.SZ,20260811,5.85,5.9,5.82,5.82,5.87,42097.26,24619.82281,-0.8518
000715.SZ,20260811,4.96,4.97,4.89,4.93,4.96,51013.4,25139.2442,-0.6048
000716.SZ,20260811,4.85,4.85,4.78,4.8,4.83,114256.78,54978.58662,-0.6211
000717.SZ,20260811,2.27,2.27,2.21,2.21,2.27,159967.0,35611.13795,-2.6432
000718.SZ,20260811,1.89,1.93,1.88,1.91,1.9,240645.4,45959.57026,0.5263
000719.SZ,20260811,12.33,12.5,12.14,12.19,12.36,35009.9,43069.875,-1.3754
000720.SZ,20260811,3.63,3.72,3.59,3.67,3.69,477461.69,174607.28522,-0.542
000721.SZ,20260811,6.7,6.76,6.62,6.69,6.75,150046.0,100281.335,-0.8889
000722.SZ,20260811,13.66,13.9,13.58,13.73,13.81,164531.7,225979.87599,-0.5793
000723.SZ,20260811,3.61,3.64,3.55,3.58,3.58,442358.95,158525.44255,0.0
000725.SZ,20260811,5.82,6.04,5.79,5.91,5.89,13599558.76,8056810.7864,0.3396
000726.SZ,20260811,6.0,6.01,5.93,5.93,6.0,33440.0,19944.135,-1.1667
000727.SZ,20260811,2.25,2.27,2.22,2.24,2.25,606976.0,136253.065,-0.4444
000728.SZ,20260811,7.22,7.23,7.18,7.18,7.22,139666.65,100515.17195,-0.554
000729.SZ,20260811,12.79,13.0,12.72,12.82,12.8,184863.5,238321.2125,0.1563
000731.SZ,20260811,5.86,5.89,5.77,5.79,5.89,55632.0,32376.805,-1.6978
000733.SZ,20260811,41.08,42.38,40.9,41.7,41.48,181741.84,759247.78077,0.5304
000735.SZ,20260811,5.31,5.33,5.18,5.18,5.32,229189.49,120278.99037,-2.6316
000736.SZ,20260811,4.45,4.6,4.45,4.5,4.5,152302.0,68840.15,0.0
000737.SZ,20260811,14.62,14.69,14.01,14.01,14.51,752877.11,1078635.19796,-3.4459
000738.SZ,20260811,18.5,18.67,18.3,18.48,18.74,108653.0,201069.39836,-1.3874
000739.SZ,20260811,22.94,23.49,22.3,22.4,23.25,435609.64,996990.57168,-3.6559
000750.SZ,20260811,3.8,3.81,3.76,3.77,3.8,318031.26,120324.71673,-0.7895
000751.SZ,20260811,5.24,5.39,5.14,5.14,5.29,889313.31,466500.98389,-2.8355
000752.SZ,20260811,9.18,9.23,9.11,9.15,9.18,20555.0,18807.343,-0.3268
000753.SZ,20260811,4.85,4.85,4.76,4.8,4.85,109853.42,52846.46902,-1.0309
000755.SZ,20260811,4.7,4.76,4.66,4.67,4.73,35415.0,16685.401,-1.2685
000756.SZ,20260811,14.01,14.24,13.96,13.98,14.13,118503.18,166986.61184,-1.0616
000757.SZ,20260811,4.35,4.42,4.23,4.38,4.31,154393.0,66955.867,1.6241
000758.SZ,20260811,6.3,6.36,6.13,6.13,6.32,393474.11,245288.92569,-3.0063
000759.SZ,20260811,6.94,7.1,6.82,7.02,6.99,794691.02,555322.8769,0.4292
000761.SZ,20260811,2.34,2.34,2.29,2.3,2.33,110124.0,25391.61,-1.2876
000762.SZ,20260811,24.32,24.39,23.68,23.7,24.32,184751.15,443489.29688,-2.5493
000766.SZ,20260811,17.21,17.33,16.76,16.79,17.31,202716.72,343668.20728,-3.004
000767.SZ,20260811,3.84,3.94,3.79,3.89,3.87,1610883.27,626035.79839,0.5168
000768.SZ,20260811,21.3,21.33,21.01,21.01,21.54,240523.81,508810.11776,-2.4605
000776.SZ,20260811,20.92,21.24,20.84,20.89,20.92,699009.61,1469178.13929,-0.1434
000777.SZ,20260811,17.83,17.84,17.57,17.61,17.91,70176.01,123982.00132,-1.675
000778.SZ,20260811,3.79,3.81,3.74,3.76,3.8,452690.69,170725.08908,-1.0526
000779.SZ,20260811,12.0,12.73,10.41,12.73,11.57,1343325.9,1460861.32682,10.0259
000782.SZ,20260811,7.98,7.99,7.59,7.77,7.97,214586.0,167016.983,-2.5094
000783.SZ,20260811,8.98,9.03,8.78,8.78,9.02,1000801.45,889495.44742,-2.6608
000785.SZ,20260811,2.27,2.3,2.24,2.27,2.28,480266.35,108931.535,-0.4386
000786.SZ,20260811,18.33,18.53,18.16,18.48,18.39,161159.88,296774.7384,0.4894
000788.SZ,20260811,5.44,5.52,5.4,5.46,5.48,164650.25,89997.92125,-0.365
000789.SZ,20260811,4.16,4.17,4.1,4.12,4.16,27299.26,11278.87312,-0.9615
000790.SZ,20260811,4.05,4.15,4.03,4.08,4.05,193143.64,78623.63971,0.7407
000791.SZ,20260811,7.92,7.98,7.84,7.87,7.94,201572.75,159405.65925,-0.8816
000792.SZ,20260811,29.36,29.86,28.67,28.68,29.5,579996.43,1694484.95737,-2.7797
000793.SZ,20260811,2.21,2.23,2.19,2.22,2.21,122901.0,27140.575,0.4525
000795.SZ,20260811,8.7,8.72,8.6,8.62,8.74,121226.0,104754.417,-1.373
000796.SZ,20260811,3.92,3.95,3.84,3.9,3.94,238026.99,92825.36613,-1.0152
000797.SZ,20260811,2.42,2.44,2.39,2.42,2.43,154490.64,37371.53504,-0.4115
000798.SZ,20260811,8.38,8.55,8.3,8.31,8.43,81837.0,68451.528,-1.4235
000799.SZ,20260811,41.0,41.68,40.93,41.18,41.58,84250.15,347292.7662,-0.962
000800.SZ,20260811,6.2,6.23,6.13,6.15,6.22,133250.01,82156.98815,-1.1254
000801.SZ,20260811,11.52,11.62,11.4,11.45,11.61,73009.14,83996.70251,-1.3781
000802.SZ,20260811,5.17,5.17,5.17,5.17,4.7,491410.35,254059.15095,10.0
000803.SZ,20260811,7.18,7.24,7.07,7.13,7.17,67344.0,48198.686,-0.5579
000807.SZ,20260811,28.13,28.99,27.16,27.23,27.85,1200302.8,3367194.14338,-2.2262
000809.SZ,20260811,3.45,3.47,3.39,3.44,3.44,103177.0,35485.47,0.0
000810.SZ,20260811,9.6,9.79,9.54,9.65,9.63,144615.0,139783.752,0.2077
000811.SZ,20260811,42.0,43.04,41.11,41.55,42.48,333170.02,1400613.68249,-2.1893
000812.SZ,20260811,3.65,3.66,3.57,3.58,3.66,216868.42,78330.14945,-2.1858
000813.SZ,20260811,3.48,3.65,3.47,3.54,3.5,539861.53,191317.81956,1.1429
000815.SZ,20260811,18.51,19.37,17.85,18.88,18.22,1588415.33,2988098.84061,3.6224
000816.SZ,20260811,2.75,2.76,2.7,2.72,2.75,222763.59,60775.31348,-1.0909
000818.SZ,20260811,13.78,13.87,13.49,13.67,13.82,151410.56,207585.19506,-1.0854
000819.SZ,20260811,12.09,12.11,11.88,11.93,12.05,39394.87,47139.71532,-0.9959
000820.SZ,20260811,3.77,4.25,3.7,4.13,3.86,872676.31,351707.49956,6.9948
000821.SZ,20260811,7.27,7.37,7.2,7.35,7.27,64976.0,47406.555,1.1004
000822.SZ,20260811,4.37,4.48,4.29,4.41,4.35,176473.39,77396.39489,1.3793
000823.SZ,20260811,14.68,15.09,14.54,14.78,14.92,413939.56,613666.22513,-0.9383
000825.SZ,20260811,3.54,3.55,3.47,3.47,3.56,394939.92,137926.51558,-2.5281
000826.SZ,20260811,1.81,1.81,1.75,1.77,1.82,181864.6,32249.5384,-2.7473
000828.SZ,20260811,9.98,10.04,9.87,9.89,9.99,53068.0,52710.298,-1.001
000829.SZ,20260811,8.43,8.8,8.32,8.69,8.43,437953.7,376804.35613,3.0842
000830.SZ,20260811,12.9,13.09,12.5,12.52,12.9,474249.26,603484.77612,-2.9457
000831.SZ,20260811,57.66,57.77,55.78,55.84,58.36,520274.21,2948677.63887,-4.318
000833.SZ,20260811,20.47,20.56,20.16,20.16,20.59,186375.75,378691.9384,-2.0884
000837.SZ,20260811,10.56,10.99,10.48,10.88,10.48,626252.69,674984.72758,3.8168
000838.SZ,20260811,2.6,2.65,2.46,2.62,2.47,764274.7,197202.63512,6.0729
000839.SZ,20260811,2.97,3.13,2.92,2.95,2.96,1526235.28,462818.85,-0.3378
000848.SZ,20260811,9.0,9.13,8.88,8.91,8.97,146988.25,132025.38708,-0.6689
000850.SZ,20260811,4.11,4.13,4.06,4.08,4.12,70290.0,28772.271,-0.9709
000852.SZ,20260811,5.35,5.4,5.28,5.33,5.32,120025.64,64085.94825,0.188
000856.SZ,20260811,8.05,8.08,7.92,7.99,8.04,33280.0,26638.551,-0.6219
000858.SZ,20260811,76.16,76.16,74.99,75.0,76.19,336614.63,2539084.63497,-1.5619
000859.SZ,20260811,9.56,10.48,9.53,10.48,9.53,1253213.93,1280296.1769,9.9685
000860.SZ,20260811,10.9,10.96,10.74,10.76,10.98,90399.0,97832.4647,-2.0036
000862.SZ,20260811,5.79,5.81,5.7,5.75,5.92,371929.0,213920.771,-2.8716
000863.SZ,20260811,4.31,4.39,4.18,4.31,4.24,220136.5,94804.411,1.6509
000868.SZ,20260811,3.64,3.67,3.6,3.65,3.64,85112.0,30924.132,0.2747
000869.SZ,20260811,17.51,17.59,17.29,17.44,17.56,15843.01,27614.56645,-0.6834
000875.SZ,20260811,5.2,5.38,5.16,5.29,5.19,489658.5,257853.35575,1.9268
000876.SZ,20260811,7.11,7.15,7.0,7.01,7.15,343056.22,242461.69592,-1.958
000877.SZ,20260811,3.84,3.86,3.79,3.8,3.87,111848.0,42647.396,-1.8088
000878.SZ,20260811,17.14,17.35,16.47,16.5,17.16,610889.95,1031871.84126,-3.8462
000880.SZ,20260811,23.97,25.4,23.97,24.63,23.76,339589.66,840204.16964,3.6616
000881.SZ,20260811,6.61,6.62,6.51,6.55,6.67,90746.6,59502.07882,-1.7991
000882.SZ,20260811,1.43,1.46,1.42,1.44,1.43,622042.64,89622.49916,0.6993
000883.SZ,20260811,4.63,4.66,4.58,4.61,4.64,208952.47,96432.17367,-0.6466
000885.SZ,20260811,12.95,13.02,12.85,12.85,12.97,29136.0,37696.372,-0.9252
000886.SZ,20260811,4.6,4.61,4.52,4.55,4.6,94761.0,43142.525,-1.087
000887.SZ,20260811,19.27,19.95,19.1,19.58,19.27,336131.86,656553.15099,1.6087
000888.SZ,20260811,9.82,9.93,9.76,9.83,9.85,60824.37,59823.8734,-0.203
000889.SZ,20260811,4.06,4.07,3.95,3.98,4.0,449445.4,179369.0648,-0.5
000890.SZ,20260811,7.56,7.56,7.34,7.46,7.58,121016.0,90189.302,-1.5831
000892.SZ,20260811,4.23,4.33,4.11,4.21,4.18,911768.34,383090.01284,0.7177
000893.SZ,20260811,48.22,49.85,47.31,47.35,48.16,160034.59,774647.86613,-1.6819
000895.SZ,20260811,24.94,25.1,24.65,24.89,24.95,130181.41,323917.6096,-0.2405
000897.SZ,20260811,1.77,1.8,1.75,1.78,1.77,339843.4,60463.4324,0.565
000898.SZ,20260811,2.03,2.04,1.98,1.99,2.04,431044.18,86299.03482,-2.451
000899.SZ,20260811,10.98,11.08,10.86,10.91,11.04,135855.98,148842.13712,-1.1775
000900.SZ,20260811,3.71,3.71,3.66,3.67,3.7,76547.01,28154.55566,-0.8108
000901.SZ,20260811,14.7,14.91,14.4,14.8,15.27,168008.54,247699.45028,-3.0779
000902.SZ,20260811,13.5,13.78,13.28,13.34,13.53,98604.1,133331.0001,-1.4043
000903.SZ,20260811,1.85,1.87,1.84,1.86,1.85,131641.0,24442.824,0.5405
000905.SZ,20260811,8.78,8.78,8.6,8.62,8.79,71684.0,62033.052,-1.934
000906.SZ,20260811,5.52,5.52,5.43,5.46,5.52,57575.46,31517.2727,-1.087
000908.SZ,20260811,6.85,7.06,6.81,6.88,6.95,333205.96,230147.21814,-1.0072
000909.SZ,20260811,4.36,4.59,4.35,4.48,4.32,42505.0,18979.28414,3.7037
000910.SZ,20260811,5.41,5.41,5.3,5.33,5.41,33474.0,17879.499,-1.4787
000911.SZ,20260811,4.81,4.81,4.66,4.7,4.95,95500.0,45110.578,-5.0505
000912.SZ,20260811,3.79,3.81,3.71,3.71,3.79,191601.67,71700.67826,-2.1108
000913.SZ,20260811,11.54,11.61,11.44,11.46,11.55,34180.99,39304.16266,-0.7792
000915.SZ,20260811,26.21,26.3,25.91,26.0,26.17,22175.2,57949.3208,-0.6496
000917.SZ,20260811,7.17,7.27,7.11,7.18,7.14,178392.84,128307.87108,0.5602
000919.SZ,20260811,6.56,6.63,6.51,6.53,6.58,117749.0,77288.183,-0.7599
000920.SZ,20260811,11.61,11.75,11.46,11.62,11.67,80402.07,93553.53434,-0.4284
000921.SZ,20260811,26.83,27.89,26.66,27.25,26.8,112355.03,307387.25805,1.6791
000922.SZ,20260811,11.9,12.24,11.82,11.97,11.98,139454.51,168170.60269,-0.0835
000923.SZ,20260811,15.36,16.33,14.91,14.96,15.32,302664.16,471539.64747,-2.3499
000925.SZ,20260811,7.77,7.82,7.58,7.66,7.77,135771.88,104007.41808,-1.4157
000926.SZ,20260811,2.17,2.2,2.15,2.17,2.19,234176.0,50872.317,-0.9132
000927.SZ,20260811,2.48,2.48,2.44,2.46,2.47,273931.99,67339.67255,-0.4049
000928.SZ,20260811,5.13,5.14,5.05,5.08,5.14,128516.53,65308.18477,-1.1673
000929.SZ,20260811,9.02,9.11,8.88,9.01,9.02,28156.0,25297.617,-0.1109
000930.SZ,20260811,4.79,4.8,4.72,4.77,4.79,129093.08,61379.215,-0.4175
000931.SZ,20260811,4.22,4.23,4.17,4.19,4.22,56293.24,23606.7986,-0.7109
000932.SZ,20260811,3.73,3.74,3.65,3.66,3.73,886575.67,326040.35995,-1.8767
000933.SZ,20260811,27.74,28.43,26.84,26.91,27.34,858011.31,2370622.13937,-1.5728
000935.SZ,20260811,22.94,23.59,22.8,23.4,22.94,72154.49,167955.01435,2.0052
000936.SZ,20260811,5.27,5.28,5.19,5.24,5.28,79036.42,41427.38566,-0.7576
000937.SZ,20260811,4.8,4.8,4.69,4.75,4.74,168056.82,79556.39961,0.211
000938.SZ,20260811,37.62,38.6,36.67,37.39,37.63,2251032.66,8471822.76717,-0.6378
000948.SZ,20260811,15.23,15.8,14.95,15.09,15.21,222366.25,341304.35442,-0.789
000949.SZ,20260811,6.63,6.69,6.48,6.5,6.65,342924.8,225611.516,-2.2556
000950.SZ,20260811,5.47,5.64,5.47,5.59,5.51,396397.23,221289.10154,1.4519
000951.SZ,20260811,21.71,22.12,21.36,21.38,21.79,93969.53,203384.67562,-1.8816
000952.SZ,20260811,6.25,6.31,6.12,6.23,6.19,87274.4,54273.3362,0.6462
000953.SZ,20260811,6.07,6.26,6.01,6.18,6.1,121196.25,74780.088,1.3115
000955.SZ,20260811,4.37,4.38,4.23,4.33,4.38,98712.0,42465.876,-1.1416
000957.SZ,20260811,10.36,10.47,10.22,10.23,10.36,103300.02,106916.8693,-1.2548
000958.SZ,20260811,5.48,5.71,5.44,5.59,5.48,333494.98,185165.99482,2.0073
000959.SZ,20260811,3.72,3.73,3.63,3.65,3.71,319235.73,116964.77461,-1.6173
000960.SZ,20260811,40.19,40.4,38.21,38.4,40.5,765020.78,3000308.21023,-5.1852
000962.SZ,20260811,56.0,57.59,54.05,54.79,57.45,420975.96,2335615.88109,-4.6301
000963.SZ,20260811,29.35,30.45,29.35,29.81,29.63,376198.68,1129673.55318,0.6075
000965.SZ,20260811,3.2,3.21,3.15,3.19,3.2,95442.9,30389.5702,-0.3125
000966.SZ,20260811,4.22,4.27,4.16,4.23,4.23,356173.05,150537.09405,0.0
000967.SZ,20260811,8.9,9.5,8.81,9.33,9.01,1671394.24,1535704.9427,3.5516
000968.SZ,20260811,7.23,7.36,7.12,7.25,7.23,342623.02,247040.26991,0.2766
000969.SZ,20260811,17.25,17.35,17.05,17.1,17.35,230819.84,397239.40843,-1.4409
000970.SZ,20260811,13.6,13.61,13.35,13.36,13.74,407866.09,549130.36234,-2.7656
000972.SZ,20260811,3.46,3.46,3.4,3.41,3.47,69881.0,23939.223,-1.7291
000973.SZ,20260811,13.65,13.89,13.33,13.71,13.68,734506.72,1000422.0743,0.2193
000975.SZ,20260811,27.5,28.13,25.54,25.96,27.14,883265.97,2368187.31127,-4.3478
000977.SZ,20260811,76.7,77.2,75.01,75.11,76.7,538912.2,4090115.24222,-2.073
000978.SZ,20260811,6.17,6.21,6.09,6.13,6.17,78445.0,48219.437,-0.6483
000980.SZ,20260811,1.75,1.77,1.71,1.76,1.75,859998.49,150480.61324,0.5714
000981.SZ,20260811,2.96,2.96,2.88,2.91,2.96,2880142.96,838143.23265,-1.6892
000983.SZ,20260811,6.84,6.89,6.62,6.87,6.77,774979.86,524994.30384,1.4771
000985.SZ,20260811,15.5,15.51,15.17,15.4,15.44,13494.5,20714.2085,-0.2591
000987.SZ,20260811,7.8,7.82,7.7,7.71,7.83,217660.05,168805.90955,-1.5326
000988.SZ,20260811,103.41,105.83,101.21,103.8,103.68,437707.98,4546090.60603,0.1157
000989.SZ,20260811,9.41,9.54,9.34,9.36,9.5,278772.17,263148.05165,-1.4737
000990.SZ,20260811,6.92,7.11,6.76,6.76,6.92,611101.18,422030.76061,-2.3121
000993.SZ,20260811,10.41,10.5,10.29,10.34,10.47,80770.04,83822.14436,-1.2416
000995.SZ,20260811,10.91,11.05,10.85,10.92,11.0,72098.0,78905.1725,-0.7273
000997.SZ,20260811,18.39,18.5,18.1,18.18,18.42,115920.8,212294.5869,-1.3029
000998.SZ,20260811,8.37,8.39,8.22,8.24,8.38,132388.0,109708.12953,-1.6706
000999.SZ,20260811,25.25,25.49,25.11,25.14,25.27,112735.7,284884.06004,-0.5144
001201.SZ,20260811,11.87,12.0,11.79,11.85,11.93,28984.96,34507.03904,-0.6706
001202.SZ,20260811,13.58,13.79,13.34,13.71,13.59,25003.01,34159.94577,0.883
001203.SZ,20260811,28.11,28.85,27.23,27.58,28.43,245354.52,686085.94145,-2.9898
001205.SZ,20260811,13.9,13.91,13.71,13.74,13.91,20142.46,27761.95026,-1.2221
001206.SZ,20260811,17.58,17.88,16.96,17.68,17.62,99608.5,172938.3615,0.3405
001207.SZ,20260811,16.78,17.16,16.23,16.32,15.99,122943.27,205044.30303,2.0638
001208.SZ,20260811,15.19,15.3,14.85,15.06,15.71,277577.0,418780.909,-4.1375
001209.SZ,20260811,17.12,17.24,16.82,17.12,17.22,10628.6,18096.782,-0.5807
001210.SZ,20260811,22.53,22.76,21.73,21.78,22.6,56686.86,125359.24972,-3.6283
001211.SZ,20260811,22.68,23.48,22.21,23.16,22.61,48275.3,111517.53421,2.4326
001212.SZ,20260811,34.58,35.39,33.92,34.71,34.88,30060.38,104310.7123,-0.4874
001213.SZ,20260811,3.57,3.57,3.53,3.54,3.57,60679.0,21508.187,-0.8403
001215.SZ,20260811,33.3,33.47,32.82,32.91,33.3,10291.0,34085.184,-1.1712
001216.SZ,20260811,15.79,16.37,15.08,15.24,15.0,99170.0,153851.38168,1.6
001217.SZ,20260811,10.02,10.22,9.9,9.92,10.01,34689.0,34632.0,-0.8991
001218.SZ,20260811,26.15,26.15,25.1,25.59,26.16,27195.2,69435.5452,-2.1789
001219.SZ,20260811,12.81,13.03,12.77,12.88,12.94,23495.08,30196.64215,-0.4637
001220.SZ,20260811,30.33,31.37,29.87,31.11,30.35,14416.09,44425.08985,2.5041
001221.SZ,20260811,39.71,41.66,38.58,40.39,39.94,35348.42,141095.69178,1.1267
001222.SZ,20260811,15.5,15.6,14.93,15.05,15.41,110575.6,167128.8292,-2.3361
001223.SZ,20260811,38.95,40.57,38.21,39.51,38.95,39861.87,158317.03602,1.4377
001225.SZ,20260811,45.38,48.29,44.5,46.65,45.49,25480.26,118142.46926,2.55
001226.SZ,20260811,41.86,42.7,41.51,42.44,41.86,5415.0,22843.689,1.3856
001227.SZ,20260811,2.15,2.15,2.11,2.13,2.15,605012.56,128774.79691,-0.9302
001228.SZ,20260811,28.48,28.7,27.83,27.99,28.48,13984.0,39477.872,-1.7205
001229.SZ,20260811,40.36,41.28,39.56,40.5,40.9,52336.8,212097.9902,-0.978
001230.SZ,20260811,20.38,21.7,20.29,21.35,20.32,108325.14,227249.93699,5.0689
001231.SZ,20260811,20.52,20.52,19.9,20.04,20.27,11326.8,22740.8232,-1.1347
001232.SZ,20260811,175.05,177.99,168.85,169.09,180.1,122575.69,2100679.94366,-6.1133
001233.SZ,20260811,45.84,49.99,45.65,47.7,45.5,48138.53,229413.05283,4.8352
001234.SZ,20260811,20.91,22.09,20.53,21.91,20.92,26893.0,58005.241,4.7323
001236.SZ,20260811,7.7,7.76,7.63,7.7,7.71,87760.42,67555.1475,-0.1297
001237.SZ,20260811,55.2,55.54,54.29,54.95,55.21,16476.01,90553.02612,-0.4709
001238.SZ,20260811,25.83,25.87,25.1,25.22,25.83,8935.4,22790.68866,-2.3616
001239.SZ,20260811,12.01,12.02,11.81,11.9,12.01,16256.0,19388.494,-0.9159
001248.SZ,20260811,13.15,13.24,13.09,13.12,13.2,676885.47,890949.93135,-0.6061
001255.SZ,20260811,25.56,25.63,24.99,25.31,25.47,10627.0,26878.9475,-0.6282
001256.SZ,20260811,27.6,27.86,26.06,27.44,27.79,47150.56,127863.38052,-1.2594
001257.SZ,20260811,26.46,26.72,25.45,25.48,26.85,223561.4,580290.61618,-5.1024
001258.SZ,20260811,14.0,15.93,13.1,15.93,14.48,2436951.48,3628988.25127,10.0138
001259.SZ,20260811,47.0,47.65,45.6,46.44,47.51,8801.0,40978.708,-2.2522
001260.SZ,20260811,17.36,17.5,17.04,17.38,17.33,9604.0,16633.579,0.2885
001266.SZ,20260811,34.75,35.6,34.3,35.18,34.64,38881.0,136438.546,1.5589
001267.SZ,20260811,42.52,42.97,39.3,39.54,42.97,535191.61,2154367.94286,-7.9823
001268.SZ,20260811,19.31,19.55,18.84,19.35,19.54,20793.9,40020.0439,-0.9724
001269.SZ,20260811,19.69,19.81,19.42,19.76,19.72,16437.4,32341.117,0.2028
001270.SZ,20260811,112.0,114.3,110.01,111.77,118.0,105015.9,1174634.70911,-5.2797
001277.SZ,20260811,29.18,29.3,28.66,29.13,29.16,6897.0,20022.323,-0.1029
001278.SZ,20260811,15.67,16.05,15.43,15.8,15.67,24898.0,39130.626,0.8296
001279.SZ,20260811,25.54,25.54,25.09,25.37,25.31,8021.55,20308.00489,0.2371
001280.SZ,20260811,66.98,67.77,64.4,64.4,67.06,90955.05,595221.30432,-3.9666
001282.SZ,20260811,16.44,16.46,16.15,16.27,16.46,19244.17,31367.74676,-1.1543
001283.SZ,20260811,43.18,43.92,42.51,43.4,43.16,31370.4,135685.0145,0.5561
001285.SZ,20260811,42.88,42.88,41.95,42.12,42.35,7450.89,31462.58814,-0.5431
001286.SZ,20260811,10.71,10.85,10.67,10.7,10.64,221492.65,238515.00653,0.5639
001287.SZ,20260811,22.9,23.45,22.88,23.11,23.15,167278.86,388212.79128,-0.1728
001288.SZ,20260811,28.06,28.13,27.05,27.72,27.85,46094.0,127767.514,-0.4668
001289.SZ,20260811,16.06,16.09,15.86,15.96,16.05,39359.02,62902.7862,-0.5607
001296.SZ,20260811,20.0,20.0,19.48,19.51,20.14,61713.35,121326.94073,-3.1281
001298.SZ,20260811,17.46,17.72,17.35,17.56,17.54,55270.66,96995.96576,0.114
001299.SZ,20260811,9.99,10.11,9.86,10.0,10.07,39340.9,39327.4046,-0.6951
001300.SZ,20260811,11.49,11.49,10.85,11.22,11.57,126048.0,140184.594,-3.0251
001301.SZ,20260811,52.17,55.52,51.86,54.95,52.5,58987.97,319984.90802,4.6667
001306.SZ,20260811,52.3,54.76,52.06,54.21,53.19,8075.58,43455.55316,1.9177
001308.SZ,20260811,18.93,18.93,18.61,18.64,18.93,26167.45,49005.6839,-1.532
001309.SZ,20260811,397.5,414.0,395.02,400.99,400.8,180554.58,7311670.35553,0.0474
001311.SZ,20260811,17.49,18.41,17.17,18.08,17.58,66873.21,119576.0469,2.8441
001312.SZ,20260811,18.01,18.02,17.72,17.88,18.05,22068.29,39405.86581,-0.9418
001313.SZ,20260811,7.46,7.46,7.26,7.27,7.46,111057.0,81383.04696,-2.5469
001314.SZ,20260811,53.34,56.09,53.0,55.63,53.9,38826.0,213350.744,3.2096
001316.SZ,20260811,26.99,27.6,26.56,26.89,27.0,22647.88,61067.34776,-0.4074
001317.SZ,20260811,56.21,58.57,56.2,57.96,56.62,53449.0,307380.53048,2.3667
001318.SZ,20260811,11.35,11.69,11.2,11.35,11.24,90350.0,102928.867,0.9786
001319.SZ,20260811,19.62,19.71,19.29,19.53,19.62,9705.0,18937.019,-0.4587
001322.SZ,20260811,6.14,6.2,6.09,6.17,6.18,30154.0,18587.705,-0.1618
001323.SZ,20260811,17.07,17.35,16.95,17.17,17.15,27173.0,46591.2637,0.1166
001324.SZ,20260811,19.63,19.9,19.3,19.52,19.68,25017.0,48869.548,-0.813
001325.SZ,20260811,37.25,39.17,36.53,38.2,37.46,28581.57,108053.1792,1.9754
001326.SZ,20260811,58.97,60.22,58.01,59.78,58.81,11062.11,65475.68441,1.6494
001328.SZ,20260811,30.83,31.07,29.0,29.85,31.1,36972.69,110354.43628,-4.0193
001330.SZ,20260811,5.45,5.5,5.23,5.38,5.39,1144073.36,614494.87452,-0.1855
001331.SZ,20260811,56.36,57.39,54.05,55.87,57.46,86329.44,480836.54093,-2.7671
001332.SZ,20260811,31.71,31.71,31.1,31.38,31.54,12024.22,37733.49302,-0.5073
001333.SZ,20260811,19.73,19.73,19.27,19.4,19.64,7124.99,13854.71449,-1.222
001335.SZ,20260811,32.25,32.25,31.36,31.92,32.06,5758.0,18285.016,-0.4367
001336.SZ,20260811,18.26,18.56,18.0,18.32,18.25,14363.65,26171.7236,0.3836
001337.SZ,20260811,52.5,52.72,47.2,47.36,51.38,327685.74,1638088.63393,-7.8241
001338.SZ,20260811,8.88,8.9,8.76,8.78,8.89,39148.0,34491.958,-1.2373
001339.SZ,20260811,82.5,83.86,80.8,82.79,82.4,85430.69,705648.06518,0.4733
001356.SZ,20260811,8.78,8.8,8.64,8.74,8.8,31316.29,27261.72885,-0.6818
001358.SZ,20260811,25.98,26.42,25.9,25.96,26.66,40543.91,105770.52554,-2.6257
001359.SZ,20260811,86.8,89.88,85.6,86.86,87.69,38956.15,341385.39413,-0.9465
001360.SZ,20260811,16.26,17.61,16.02,17.04,16.01,123853.56,209563.13419,6.4335
001365.SZ,20260811,37.53,38.74,36.85,37.99,37.53,69708.01,264210.43631,1.2257
001366.SZ,20260811,11.91,12.08,11.7,12.0,11.9,32198.0,38492.16,0.8403
001367.SZ,20260811,19.3,19.46,18.98,19.15,19.12,16013.0,30747.096,0.1569
001368.SZ,20260811,21.9,22.2,21.64,22.03,21.95,7975.0,17508.145,0.3645
001369.SZ,20260811,13.19,13.56,13.01,13.3,13.29,174040.3,230563.40429,0.0752
001373.SZ,20260811,27.93,28.28,27.37,27.9,27.95,13416.0,37376.128,-0.1789
001376.SZ,20260811,12.28,12.65,12.08,12.09,12.13,494261.24,611659.26208,-0.3298
001378.SZ,20260811,20.42,21.31,20.13,21.25,20.42,83126.6,172462.3964,4.0646
001379.SZ,20260811,15.89,15.96,15.6,15.8,15.94,11579.0,18285.06,-0.8783
001380.SZ,20260811,16.87,16.87,16.33,16.59,16.68,12861.88,21274.64228,-0.5396
001382.SZ,20260811,17.35,17.44,17.13,17.18,17.47,24502.35,42154.7293,-1.66
001386.SZ,20260811,15.12,15.23,15.03,15.07,15.2,23109.96,34907.64905,-0.8553
001387.SZ,20260811,12.05,12.17,11.86,12.08,12.08,21130.2,25417.0594,0.0
001388.SZ,20260811,25.25,25.25,23.35,23.87,25.29,148033.53,356201.75171,-5.6149
001389.SZ,20260811,167.8,170.58,161.71,164.6,168.24,70491.2,1172040.30729,-2.1636
001390.SZ,20260811,18.11,18.25,17.75,18.01,18.02,13447.05,24227.24785,-0.0555
001391.SZ,20260811,4.32,4.32,4.25,4.26,4.31,178138.39,76150.23253,-1.1601
001393.SZ,20260811,45.01,47.2,44.68,46.0,45.2,46444.21,214689.83565,1.7699
001395.SZ,20260811,29.74,30.39,29.74,30.15,29.88,20424.54,61488.03953,0.9036
001396.SZ,20260811,35.88,36.06,35.0,35.16,36.13,9180.63,32388.18591,-2.6847
001399.SZ,20260811,23.77,25.0,23.77,24.05,23.93,582548.17,1427991.70679,0.5015
001400.SZ,20260811,75.03,75.98,73.51,75.0,76.55,15140.13,113331.1587,-2.0248
001696.SZ,20260811,15.9,16.04,15.59,15.72,16.24,553398.57,871849.46426,-3.202
001872.SZ,20260811,22.17,22.33,21.82,21.82,22.17,17057.0,37532.566,-1.5787
001896.SZ,20260811,13.48,13.88,13.39,13.53,13.66,594651.53,811558.07111,-0.9517
001965.SZ,20260811,9.4,9.42,9.25,9.38,9.43,191333.24,178483.76813,-0.5302
001979.SZ,20260811,7.23,7.31,7.17,7.23,7.2,533420.22,386154.61526,0.4167
002001.SZ,20260811,31.03,31.37,30.4,30.4,31.07,248334.05,766693.44429,-2.1564
002003.SZ,20260811,10.35,10.52,10.32,10.44,10.35,90411.51,94323.74011,0.8696
002004.SZ,20260811,4.48,4.53,4.44,4.5,4.47,243337.2,109367.273,0.6711
002005.SZ,20260811,2.27,2.32,2.23,2.28,2.28,116230.0,26386.593,0.0
002006.SZ,20260811,14.18,14.35,13.88,13.94,14.04,65313.0,91746.177,-0.7123
002007.SZ,20260811,13.37,13.54,13.3,13.37,13.4,115540.67,155230.54089,-0.2239
002008.SZ,20260811,94.66,96.87,93.28,95.38,95.91,303574.03,2890575.44211,-0.5526
002009.SZ,20260811,17.75,18.22,17.51,17.97,17.91,154121.0,276420.54922,0.335
002010.SZ,20260811,4.81,4.89,4.78,4.82,4.84,184266.91,89055.60362,-0.4132
002011.SZ,20260811,10.32,10.38,10.25,10.27,10.32,76302.14,78707.25683,-0.4845
002012.SZ,20260811,6.63,6.65,6.48,6.51,6.66,101816.0,66684.556,-2.2523
002014.SZ,20260811,10.9,10.94,10.76,10.79,10.91,36030.0,38998.967,-1.0999
002015.SZ,20260811,15.5,15.75,15.36,15.38,15.61,434348.25,673825.51098,-1.4734
002016.SZ,20260811,4.49,4.54,4.44,4.47,4.5,65150.0,29209.719,-0.6667
002017.SZ,20260811,13.81,14.07,13.71,13.87,13.84,105467.0,146681.408,0.2168
002019.SZ,20260811,10.3,10.43,10.27,10.29,10.35,126532.72,131010.2822,-0.5797
002020.SZ,20260811,14.15,14.54,14.1,14.24,14.23,231036.55,331339.6786,0.0703
002021.SZ,20260811,2.72,2.83,2.69,2.76,2.73,336427.81,93551.60746,1.0989
002022.SZ,20260811,5.4,5.56,5.39,5.5,5.42,111560.62,61271.8033,1.476
002023.SZ,20260811,10.39,10.41,10.26,10.32,10.51,212236.78,219087.8924,-1.8078
002024.SZ,20260811,1.23,1.24,1.22,1.22,1.23,156590.25,19181.1665,-0.813
002025.SZ,20260811,62.82,65.47,61.8,64.05,64.28,133065.52,843364.20227,-0.3578
002026.SZ,20260811,10.84,10.84,10.57,10.6,10.73,49988.99,53171.54028,-1.2116
002027.SZ,20260811,5.29,5.4,5.29,5.31,5.29,1618818.65,865041.44115,0.3781
002028.SZ,20260811,167.0,167.0,159.68,162.92,165.42,68919.44,1126175.11368,-1.5113
002029.SZ,20260811,9.07,9.27,9.03,9.15,9.05,177769.92,162980.16494,1.105
002030.SZ,20260811,5.6,5.68,5.54,5.6,5.65,183155.59,102852.91577,-0.885
002031.SZ,20260811,5.25,5.84,5.2,5.84,5.31,1425327.15,806525.60934,9.9812
002032.SZ,20260811,41.3,41.68,41.1,41.42,41.48,16293.3,67466.52157,-0.1446
002033.SZ,20260811,8.95,8.98,8.8,8.85,8.83,269166.37,239313.66199,0.2265
002034.SZ,20260811,14.39,14.41,14.16,14.2,14.37,59301.74,84536.97678,-1.183
002035.SZ,20260811,4.88,4.91,4.83,4.85,4.9,78533.5,38166.13,-1.0204
002036.SZ,20260811,7.24,7.29,7.1,7.21,7.31,403166.91,290920.77622,-1.368
002037.SZ,20260811,7.4,7.5,7.24,7.32,7.57,195604.33,143650.13557,-3.3025
002038.SZ,20260811,5.92,6.08,5.89,5.96,5.98,343450.59,205999.60929,-0.3344
002039.SZ,20260811,20.0,20.07,19.7,19.7,19.98,65633.5,130578.30828,-1.4014
002040.SZ,20260811,8.22,8.22,8.08,8.09,8.19,38889.1,31601.6569,-1.221
002041.SZ,20260811,8.91,8.94,8.7,8.72,8.96,139624.29,122920.18063,-2.6786
002042.SZ,20260811,3.86,3.91,3.8,3.87,3.87,200271.0,77308.407,0.0
002043.SZ,20260811,12.7,12.93,12.59,12.68,12.7,78800.87,100641.22245,-0.1575
002044.SZ,20260811,5.2,5.22,5.06,5.06,5.3,2430872.0,1246908.43792,-4.5283
002045.SZ,20260811,8.72,8.81,8.66,8.74,8.75,200163.48,174933.0965,-0.1143
002046.SZ,20260811,46.4,48.18,45.47,46.45,46.88,82899.11,385497.48091,-0.9172
002047.SZ,20260811,3.35,3.56,3.27,3.56,3.24,252251.0,86677.1165,9.8765
002048.SZ,20260811,19.2,19.74,19.02,19.49,19.27,182905.48,355454.3656,1.1417
002049.SZ,20260811,67.51,68.19,67.1,67.3,68.0,169108.31,1143216.49168,-1.0294
002050.SZ,20260811,38.3,40.45,38.03,39.7,38.53,987445.55,3901447.42624,3.0366
002051.SZ,20260811,9.15,9.18,9.0,9.07,9.19,189834.2,172376.22543,-1.3058
002052.SZ,20260811,9.43,9.51,9.2,9.29,9.5,116427.0,108577.842,-2.2105
002053.SZ,20260811,9.72,9.72,9.54,9.64,9.71,54181.92,52229.95745,-0.7209
002054.SZ,20260811,7.36,7.36,7.22,7.23,7.36,90321.73,65741.85252,-1.7663
002055.SZ,20260811,5.54,5.59,5.49,5.56,5.56,66131.0,36688.112,0.0
002056.SZ,20260811,21.7,23.41,21.57,22.64,21.9,467683.16,1054585.78816,3.379
002057.SZ,20260811,8.85,8.88,8.69,8.72,8.92,197734.05,173458.8506,-2.2422
002058.SZ,20260811,17.28,17.28,16.7,16.99,17.34,37423.0,63443.857,-2.0185
002059.SZ,20260811,4.52,4.55,4.48,4.52,4.54,72430.0,32738.721,-0.4405
002060.SZ,20260811,3.32,3.32,3.28,3.28,3.33,123958.0,40885.367,-1.5015
002061.SZ,20260811,3.54,3.55,3.51,3.52,3.55,110020.51,38810.03792,-0.8451
002062.SZ,20260811,7.9,7.9,7.53,7.57,7.91,190866.6,146225.1212,-4.2984
002063.SZ,20260811,5.63,5.66,5.56,5.59,5.63,209040.63,117106.28391,-0.7105
002064.SZ,20260811,11.8,11.98,11.51,11.53,11.83,388757.24,456738.79913,-2.5359
002065.SZ,20260811,7.41,7.53,7.31,7.41,7.45,359814.32,267221.2708,-0.5369
002066.SZ,20260811,20.49,20.49,19.87,19.9,20.48,31628.0,63489.721,-2.832
002067.SZ,20260811,4.5,4.53,4.37,4.44,4.51,555351.44,246708.76379,-1.5521
002068.SZ,20260811,8.06,8.39,7.98,8.17,8.11,374179.47,307885.90856,0.7398
002069.SZ,20260811,3.36,3.39,3.31,3.34,3.35,86008.01,28757.36136,-0.2985
002072.SZ,20260811,7.29,7.37,7.13,7.26,7.3,34235.0,24785.131,-0.5479
002073.SZ,20260811,5.7,5.72,5.63,5.66,5.7,96950.99,54889.78252,-0.7018
002074.SZ,20260811,28.15,28.18,27.69,27.71,28.14,221395.26,617277.60337,-1.5281
002075.SZ,20260811,3.96,3.96,3.83,3.85,3.95,459949.34,178566.87427,-2.5316
002076.SZ,20260811,2.09,2.11,2.06,2.08,2.09,211093.0,44007.169,-0.4785
002077.SZ,20260811,12.62,12.8,12.54,12.61,12.73,203449.11,257970.29479,-0.9427
002078.SZ,20260811,14.02,14.35,13.99,14.16,14.03,201289.72,286594.81316,0.9266
002079.SZ,20260811,9.56,9.77,9.54,9.58,9.67,240859.15,232264.46275,-0.9307
002080.SZ,20260811,55.21,57.97,53.81,56.77,56.84,546115.02,3073802.72176,-0.1232
002081.SZ,20260811,3.96,4.03,3.92,3.97,4.01,606614.73,241004.13306,-0.9975
002082.SZ,20260811,10.43,11.07,10.23,10.83,10.5,140655.0,150015.415,3.1429
002083.SZ,20260811,12.1,12.3,11.71,11.72,12.12,747980.76,895110.28141,-3.3003
002084.SZ,20260811,3.56,3.58,3.38,3.4,3.57,432703.92,149923.36598,-4.7619
002085.SZ,20260811,10.77,10.81,10.64,10.76,10.84,171373.95,183764.9576,-0.738
002086.SZ,20260811,1.99,2.03,1.97,2.02,2.02,535066.35,107213.06268,0.0
002088.SZ,20260811,7.66,7.66,7.5,7.62,7.6,22850.8,17323.365,0.2632
002090.SZ,20260811,9.53,9.54,9.36,9.45,9.52,47101.0,44558.397,-0.7353
002091.SZ,20260811,7.76,7.87,7.71,7.73,7.78,101454.11,79044.3011,-0.6427
002092.SZ,20260811,4.6,4.65,4.55,4.57,4.6,435247.5,199573.696,-0.6522
002093.SZ,20260811,6.99,6.99,6.82,6.91,6.97,81402.2,56154.2416,-0.8608
002094.SZ,20260811,4.83,4.84,4.72,4.78,4.82,114282.41,54541.80457,-0.8299
002095.SZ,20260811,14.38,14.52,14.26,14.47,14.49,20969.0,30210.60504,-0.138
002096.SZ,20260811,9.63,9.69,9.52,9.56,9.63,57897.0,55524.742,-0.7269
002097.SZ,20260811,7.47,7.47,7.27,7.36,7.46,172770.97,127068.54086,-1.3405
002098.SZ,20260811,6.9,6.95,6.83,6.87,6.91,32509.02,22364.15574,-0.5789
002099.SZ,20260811,5.41,5.48,5.38,5.41,5.42,97300.52,52892.26532,-0.1845
002100.SZ,20260811,7.31,7.47,7.18,7.18,7.28,237047.6,172842.3841,-1.3736
002101.SZ,20260811,8.72,8.75,8.61,8.71,8.75,42486.65,36906.5075,-0.4571
002102.SZ,20260811,2.28,2.28,2.24,2.25,2.28,125113.0,28263.739,-1.3158
002103.SZ,20260811,6.75,6.87,6.67,6.85,6.77,80126.82,54153.89076,1.1817
002104.SZ,20260811,10.76,11.19,10.61,10.9,10.82,588696.09,641799.42233,0.7394
002105.SZ,20260811,5.68,5.72,5.61,5.65,5.7,54090.0,30665.4885,-0.8772
002106.SZ,20260811,10.4,10.53,10.31,10.35,10.48,164341.39,171134.45438,-1.2405
002107.SZ,20260811,6.26,6.35,6.24,6.25,6.3,94845.6,59691.358,-0.7937
002108.SZ,20260811,4.4,4.42,4.35,4.38,4.42,189295.66,83036.915,-0.905
002109.SZ,20260811,2.62,2.64,2.58,2.63,2.61,51884.8,13550.9597,0.7663
002110.SZ,20260811,3.13,3.14,3.03,3.04,3.13,306574.0,94027.323,-2.8754
002111.SZ,20260811,9.64,9.68,9.5,9.57,9.67,61732.37,59174.22783,-1.0341
002112.SZ,20260811,17.68,17.79,17.24,17.26,17.7,381675.82,663579.34486,-2.4859
002114.SZ,20260811,7.5,7.64,7.38,7.4,7.66,116559.0,87553.574,-3.3943
002115.SZ,20260811,11.88,11.89,11.64,11.67,11.9,397884.23,466658.5282,-1.9328
002116.SZ,20260811,7.14,7.14,7.06,7.1,7.15,24876.3,17664.8916,-0.6993
002117.SZ,20260811,8.2,8.25,8.05,8.16,8.2,45108.24,36779.16532,-0.4878
002119.SZ,20260811,23.58,24.3,23.38,23.83,23.9,309701.88,740122.24138,-0.2929
002120.SZ,20260811,6.78,6.85,6.74,6.78,6.8,269005.77,182931.9175,-0.2941
002121.SZ,20260811,5.17,5.22,5.08,5.17,5.19,170999.35,88332.07611,-0.3854
002122.SZ,20260811,2.63,2.7,2.6,2.61,2.6,303303.0,80474.594,0.3846
002123.SZ,20260811,8.72,8.8,8.54,8.62,8.71,215219.52,186670.81052,-1.0333
002124.SZ,20260811,2.31,2.31,2.25,2.26,2.31,584602.88,133195.33941,-2.1645
002125.SZ,20260811,12.76,12.81,12.6,12.63,12.76,146943.88,186608.00288,-1.0188
002126.SZ,20260811,41.5,42.8,40.6,41.71,41.88,191658.78,799489.87718,-0.4059
002127.SZ,20260811,3.18,3.2,3.13,3.16,3.19,394473.2,124804.2201,-0.9404
002128.SZ,20260811,28.27,28.57,27.52,27.61,27.95,120689.53,336773.89313,-1.2165
002129.SZ,20260811,8.89,9.54,8.87,9.29,8.92,2000991.66,1854232.62302,4.148
002130.SZ,20260811,17.23,17.3,17.03,17.07,17.23,193494.99,331816.90639,-0.9286
002131.SZ,20260811,5.41,5.46,5.24,5.3,5.4,4046977.44,2158100.53783,-1.8519
002132.SZ,20260811,4.2,4.22,4.14,4.15,4.23,348804.0,145680.082,-1.8913
002133.SZ,20260811,2.7,2.73,2.67,2.71,2.7,100901.7,27246.0251,0.3704
002134.SZ,20260811,22.3,22.89,22.13,22.56,22.52,60587.0,136308.179,0.1776
002135.SZ,20260811,6.39,6.39,6.19,6.22,6.39,101702.0,63630.63,-2.6604
002136.SZ,20260811,12.42,12.7,12.25,12.44,12.5,43570.5,54377.0075,-0.48
002137.SZ,20260811,7.95,8.05,7.87,7.93,8.03,216174.0,171971.95,-1.2453
002138.SZ,20260811,47.12,52.46,47.1,49.78,48.1,467786.22,2334774.8075,3.4927
002139.SZ,20260811,10.13,10.22,10.04,10.1,10.16,164711.47,166799.16264,-0.5906
002140.SZ,20260811,9.24,9.24,9.02,9.03,9.23,84931.19,77305.14343,-2.1668
002141.SZ,20260811,6.51,7.39,6.4,6.88,6.72,3898021.33,2769995.49709,2.381
002142.SZ,20260811,31.97,32.5,31.97,32.14,32.0,206170.12,665037.4065,0.4375
002144.SZ,20260811,10.98,11.12,10.86,10.99,11.03,39927.0,43847.551,-0.3626
002145.SZ,20260811,4.56,4.57,4.48,4.48,4.58,490386.97,221524.67963,-2.1834
002146.SZ,20260811,1.13,1.16,1.13,1.15,1.14,1000062.55,114200.5727,0.8772
002148.SZ,20260811,6.55,6.56,6.41,6.5,6.56,122053.45,79228.03995,-0.9146
002149.SZ,20260811,39.39,41.4,38.05,40.0,41.33,519938.32,2085525.35608,-3.218
002150.SZ,20260811,20.98,22.59,20.87,22.06,21.11,171583.54,375451.53435,4.5002
002151.SZ,20260811,29.05,29.55,28.66,29.23,29.9,122366.17,357411.28647,-2.2408
002152.SZ,20260811,10.22,10.26,10.07,10.1,10.23,216411.55,220158.03817,-1.2708
002153.SZ,20260811,9.62,9.82,8.71,8.85,9.04,1070220.77,967385.6541,-2.1018
002154.SZ,20260811,4.26,4.41,4.26,4.32,4.28,357981.93,155555.52776,0.9346
002155.SZ,20260811,27.3,27.55,25.58,25.7,27.08,1010255.43,2696991.05315,-5.096
002156.SZ,20260811,62.49,64.3,61.8,62.06,63.2,866147.34,5451314.49504,-1.8038
002157.SZ,20260811,2.97,3.0,2.94,2.95,2.98,966333.68,286889.05464,-1.0067
002158.SZ,20260811,27.58,28.2,27.5,27.79,27.76,85941.0,239613.4994,0.1081
002159.SZ,20260811,13.42,13.57,13.31,13.4,13.54,21619.0,29020.3245,-1.034
002160.SZ,20260811,4.01,4.12,3.96,3.98,4.01,278590.32,112176.8833,-0.7481
002161.SZ,20260811,5.96,6.05,5.88,5.91,5.9,143952.73,85662.9737,0.1695
002162.SZ,20260811,4.11,4.14,4.06,4.07,4.14,104827.0,42908.651,-1.6908
002163.SZ,20260811,8.44,8.48,8.28,8.38,8.46,151005.55,126548.56654,-0.9456
002164.SZ,20260811,11.65,12.04,11.6,11.9,11.69,130960.78,155902.5292,1.7964
002165.SZ,20260811,6.97,6.98,6.74,6.78,6.97,512288.71,349078.62722,-2.726
002166.SZ,20260811,6.85,6.89,6.76,6.77,6.84,114828.0,78390.42,-1.0234
002167.SZ,20260811,17.96,18.94,17.55,17.77,18.11,1272228.39,2291258.18445,-1.8774
002168.SZ,20260811,3.88,3.88,3.78,3.81,3.79,64663.0,24704.573,0.5277
002169.SZ,20260811,12.86,13.28,12.7,13.04,12.97,203944.3,266321.0318,0.5397
002170.SZ,20260811,11.79,12.22,11.52,11.55,11.69,321510.92,381624.41228,-1.1976
002171.SZ,20260811,9.92,9.97,9.78,9.8,9.98,353327.72,348786.52504,-1.8036
002172.SZ,20260811,3.38,3.44,3.36,3.41,3.41,176145.0,60001.0945,0.0
002173.SZ,20260811,21.24,21.98,21.1,21.24,21.92,633045.52,1357984.27172,-3.1022
002174.SZ,20260811,11.94,12.05,11.76,11.79,11.99,208605.82,247298.20467,-1.6681
002175.SZ,20260811,2.44,2.62,2.42,2.55,2.44,362705.24,91672.74192,4.5082
002176.SZ,20260811,9.22,9.35,9.16,9.25,9.3,502201.94,465166.08651,-0.5376
002177.SZ,20260811,5.81,5.85,5.71,5.77,5.8,228994.32,132466.89261,-0.5172
002178.SZ,20260811,4.63,4.67,4.52,4.63,4.63,106465.0,49096.253,0.0
002179.SZ,20260811,35.16,35.51,34.8,35.18,35.5,174363.1,613381.73788,-0.9014
002180.SZ,20260811,18.23,18.4,17.82,17.91,18.7,311743.49,561174.52109,-4.2246
002181.SZ,20260811,9.21,9.37,8.98,9.22,9.2,445549.81,409131.672,0.2174
002182.SZ,20260811,12.92,13.05,12.63,12.66,12.87,214370.68,273916.36608,-1.6317
002183.SZ,20260811,4.63,4.68,4.56,4.64,4.64,414176.73,191938.26967,0.0
002184.SZ,20260811,10.02,10.1,9.86,9.98,10.02,49083.63,49015.77915,-0.3992
002185.SZ,20260811,17.88,18.43,17.66,17.93,18.06,2946338.74,5329551.25604,-0.7198
002186.SZ,20260811,9.39,9.55,9.33,9.43,9.42,44960.0,42434.388,0.1062
002187.SZ,20260811,5.41,5.41,5.3,5.38,5.38,88384.0,47382.394,0.0
002188.SZ,20260811,5.39,5.45,5.33,5.4,5.41,73475.87,39587.06471,-0.1848
002189.SZ,20260811,19.71,19.88,19.2,19.22,20.1,56539.69,109419.6191,-4.3781
002190.SZ,20260811,24.04,24.04,23.28,23.58,24.15,70381.34,165787.59122,-2.3602
002191.SZ,20260811,3.77,3.78,3.73,3.73,3.78,91129.0,34103.032,-1.3228
002192.SZ,20260811,70.02,70.95,69.0,69.05,70.24,143852.93,1004086.71404,-1.6942
002193.SZ,20260811,4.81,4.94,4.65,4.78,4.71,93781.0,45122.354,1.4862
002194.SZ,20260811,10.01,11.0,10.01,11.0,10.0,748830.27,782053.9559,10.0
002195.SZ,20260811,6.95,6.99,6.83,6.85,7.0,1285032.45,885292.42477,-2.1429
002196.SZ,20260811,11.2,11.36,10.98,11.27,11.18,244510.29,274206.38131,0.805
002197.SZ,20260811,7.3,7.38,7.11,7.32,7.28,340648.0,248297.513,0.5495
002198.SZ,20260811,3.41,3.48,3.36,3.43,3.39,49714.51,16984.18493,1.1799
002199.SZ,20260811,13.61,13.83,13.35,13.65,14.0,105010.86,143204.01932,-2.5
002200.SZ,20260811,6.8,7.1,6.68,7.07,6.83,66459.83,46029.22023,3.5139
002201.SZ,20260811,8.32,8.4,8.22,8.32,8.47,143489.72,119583.41608,-1.771
002202.SZ,20260811,20.01,20.34,19.76,19.92,21.68,2266538.7,4545158.37974,-8.1181
002203.SZ,20260811,19.56,19.71,19.06,19.19,19.75,230670.12,446908.9599,-2.8354
002204.SZ,20260811,5.4,5.43,5.36,5.38,5.41,153351.84,82734.80428,-0.5545
002205.SZ,20260811,10.54,10.88,10.47,10.82,10.59,33783.4,36115.429,2.1719
002206.SZ,20260811,5.41,5.45,5.32,5.34,5.43,105149.0,56444.8595,-1.6575
002207.SZ,20260811,6.14,6.3,6.07,6.29,6.11,119638.0,74036.067,2.946
002208.SZ,20260811,11.42,11.47,11.14,11.37,11.4,345733.09,392481.36884,-0.2632
002209.SZ,20260811,11.25,11.42,11.1,11.33,11.34,24422.5,27507.8615,-0.0882
002210.SZ,20260811,2.3,2.31,2.25,2.29,2.3,503015.52,115037.95108,-0.4348
002211.SZ,20260811,3.81,3.84,3.78,3.8,3.82,57271.03,21760.24634,-0.5236
002212.SZ,20260811,6.6,7.17,6.49,7.17,6.52,708500.71,496362.09397,9.9693
002213.SZ,20260811,30.02,30.28,29.6,29.67,30.04,94154.59,281719.25578,-1.2317
002214.SZ,20260811,14.74,15.22,14.3,14.8,14.94,135374.82,199200.03602,-0.9371
002215.SZ,20260811,9.26,9.27,9.07,9.09,9.21,103657.17,94748.60538,-1.3029
002216.SZ,20260811,13.15,13.25,12.82,12.85,13.15,70901.85,92519.59314,-2.2814
002217.SZ,20260811,1.53,1.54,1.5,1.52,1.54,1014646.87,154375.88324,-1.2987
002218.SZ,20260811,4.25,4.25,4.16,4.19,4.3,605715.0,254194.744,-2.5581
002219.SZ,20260811,2.17,2.2,2.16,2.18,2.18,755269.79,164394.28227,0.0
002221.SZ,20260811,5.68,5.71,5.57,5.58,5.64,194519.72,109259.36648,-1.0638
002222.SZ,20260811,60.11,64.95,59.71,63.13,61.14,332507.78,2081976.94369,3.2548
002223.SZ,20260811,27.48,27.6,26.82,26.85,27.55,133028.11,361061.26646,-2.5408
002224.SZ,20260811,3.59,3.62,3.56,3.59,3.62,70321.25,25237.64975,-0.8287
002225.SZ,20260811,3.82,3.88,3.78,3.81,3.85,175976.0,67451.057,-1.039
002226.SZ,20260811,5.15,5.42,5.09,5.39,5.15,626048.75,333613.07643,4.6602
002227.SZ,20260811,6.25,6.39,6.15,6.32,6.28,26114.0,16404.561,0.6369
002228.SZ,20260811,3.14,3.14,3.08,3.1,3.14,135628.0,42123.668,-1.2739
002229.SZ,20260811,10.68,11.74,10.5,11.74,10.67,731927.36,840333.59934,10.0281
002230.SZ,20260811,43.55,43.65,42.83,42.88,43.49,334572.25,1445126.52162,-1.4026
002232.SZ,20260811,14.65,14.83,14.53,14.66,14.75,34101.0,50114.249,-0.6102
002233.SZ,20260811,7.31,7.32,7.16,7.21,7.3,113761.5,81993.89538,-1.2329
002234.SZ,20260811,7.79,8.26,7.73,7.85,7.89,197124.39,157196.09158,-0.507
002235.SZ,20260811,8.72,9.55,8.63,9.55,8.68,392585.98,358513.09174,10.023
002236.SZ,20260811,16.81,16.88,16.63,16.66,16.85,312929.2,524045.70181,-1.1276
002237.SZ,20260811,14.92,15.09,14.15,14.15,14.73,416064.15,606887.71505,-3.9375
002238.SZ,20260811,6.16,6.19,6.08,6.12,6.17,30241.3,18542.4409,-0.8104
002239.SZ,20260811,2.53,2.55,2.51,2.52,2.53,389280.79,98447.42608,-0.3953
002240.SZ,20260811,32.7,32.86,31.86,31.93,32.84,387041.98,1250297.54655,-2.771
002241.SZ,20260811,22.68,23.0,22.62,22.7,22.83,493152.59,1123381.81366,-0.5694
002242.SZ,20260811,9.1,9.12,8.97,8.97,9.18,84086.27,75836.38649,-2.2876
002243.SZ,20260811,7.3,7.44,7.22,7.32,7.27,116745.0,85512.124,0.6878
002244.SZ,20260811,8.65,8.83,8.62,8.66,8.71,215373.06,187336.58814,-0.5741
002245.SZ,20260811,17.03,18.28,16.92,17.74,17.19,1029621.21,1823458.41187,3.1995
002246.SZ,20260811,20.43,22.47,20.27,22.47,20.43,285742.54,622488.81818,9.9853
002247.SZ,20260811,2.33,2.36,2.29,2.33,2.34,192341.5,44880.628,-0.4274
002248.SZ,20260811,10.94,11.06,10.81,11.06,10.05,217637.21,239822.22014,10.0498
002249.SZ,20260811,7.43,7.5,7.35,7.42,7.44,304828.6,226412.7898,-0.2688
002250.SZ,20260811,17.3,17.72,17.23,17.44,17.54,187405.0,327302.04067,-0.5701
002251.SZ,20260811,3.75,4.06,3.69,3.89,3.75,2252417.41,871138.36608,3.7333
002252.SZ,20260811,5.02,5.08,4.96,4.98,5.02,426670.26,214064.77852,-0.7968
002253.SZ,20260811,9.91,9.95,9.78,9.88,9.9,33816.0,33391.573,-0.202
002254.SZ,20260811,12.49,12.79,12.45,12.56,12.6,180051.14,227329.99836,-0.3175
002255.SZ,20260811,8.6,8.61,8.44,8.47,8.58,88722.02,75483.04196,-1.2821
002256.SZ,20260811,3.62,3.97,3.56,3.97,3.61,842602.6,327544.7494,9.9723
002258.SZ,20260811,14.36,14.4,14.18,14.23,14.48,164776.02,235247.49041,-1.7265
002259.SZ,20260811,4.09,4.1,3.99,4.01,4.1,112100.0,45155.465,-2.1951
002261.SZ,20260811,26.0,26.79,25.5,26.32,26.01,561486.81,1473463.88371,1.1918
002262.SZ,20260811,22.3,23.22,22.18,22.55,22.37,196382.31,448204.48967,0.8046
002263.SZ,20260811,3.05,3.09,3.02,3.06,3.07,386471.95,118465.49526,-0.3257
002264.SZ,20260811,6.66,6.71,6.58,6.62,6.66,111306.5,74010.4995,-0.6006
002265.SZ,20260811,20.19,20.44,19.67,19.75,20.55,266100.82,528247.16352,-3.8929
002266.SZ,20260811,5.16,5.18,4.96,4.97,5.18,1014193.36,512327.04795,-4.0541
002267.SZ,20260811,7.17,7.18,7.1,7.12,7.15,50145.67,35774.45605,-0.4196
002268.SZ,20260811,14.48,14.98,14.4,14.67,14.44,184694.12,272363.14727,1.5928
002269.SZ,20260811,1.46,1.49,1.45,1.48,1.46,453632.75,66871.9045,1.3699
002270.SZ,20260811,20.2,21.2,20.02,20.41,20.3,212790.37,437818.81695,0.5419
002271.SZ,20260811,11.74,11.9,11.65,11.71,11.79,260213.5,306487.966,-0.6785
002272.SZ,20260811,14.57,14.85,14.32,14.68,14.59,179665.65,262356.57517,0.6169
002273.SZ,20260811,26.71,27.49,26.4,27.1,26.93,383605.02,1037283.23082,0.6313
002274.SZ,20260811,5.76,5.78,5.66,5.67,5.76,174580.71,99665.05712,-1.5625
002275.SZ,20260811,13.41,13.56,13.34,13.36,13.48,19153.9,25745.003,-0.8902
002276.SZ,20260811,10.5,10.55,10.33,10.46,10.51,126081.0,131683.22425,-0.4757
002277.SZ,20260811,5.72,5.76,5.65,5.69,5.75,110773.59,63212.00069,-1.0435
002278.SZ,20260811,8.03,8.14,7.92,8.04,8.07,83939.0,67249.692,-0.3717
002279.SZ,20260811,7.01,7.32,6.95,7.02,7.06,638524.74,452657.92314,-0.5666
002281.SZ,20260811,175.84,186.69,173.1,184.07,178.3,543406.3,9799361.27266,3.2361
002282.SZ,20260811,5.96,5.96,5.85,5.89,5.95,41319.0,24331.063,-1.0084
002283.SZ,20260811,9.07,9.32,9.0,9.03,9.07,262506.0,240483.04121,-0.441
002284.SZ,20260811,9.49,9.65,9.45,9.55,9.54,112787.0,107905.438,0.1048
002285.SZ,20260811,2.21,2.22,2.15,2.18,2.19,374098.79,81898.22482,-0.4566
002286.SZ,20260811,8.19,8.19,8.06,8.09,8.19,70180.92,56958.47864,-1.221
002287.SZ,20260811,20.8,21.08,20.66,20.68,20.83,27386.23,57074.72571,-0.7201
002289.SZ,20260811,37.62,38.5,36.28,37.07,37.5,81378.0,304801.079,-1.1467
002290.SZ,20260811,59.4,60.78,58.28,59.21,59.91,53955.6,320860.14298,-1.1684
002291.SZ,20260811,5.62,5.65,5.52,5.54,5.65,288524.0,160664.80762,-1.9469
002292.SZ,20260811,8.41,8.52,8.32,8.35,8.43,372114.8,311842.76479,-0.949
002293.SZ,20260811,11.43,11.46,11.1,11.1,11.41,64997.85,73026.01151,-2.7169
002294.SZ,20260811,36.06,36.64,35.6,35.6,36.04,315980.92,1137369.01619,-1.2209
002295.SZ,20260811,8.98,9.0,8.81,8.9,8.99,34398.0,30651.187,-1.0011
002296.SZ,20260811,9.07,9.07,8.9,8.95,9.1,69548.0,62417.743,-1.6484
002297.SZ,20260811,18.73,19.18,18.42,18.7,19.14,466238.51,875420.4735,-2.2989
002298.SZ,20260811,9.5,9.61,9.02,9.12,9.34,998319.64,916346.6311,-2.3555
002299.SZ,20260811,17.05,17.37,16.97,17.0,17.14,131596.32,226108.61496,-0.8168
002300.SZ,20260811,7.79,7.83,7.59,7.61,7.9,738299.48,566325.28809,-3.6709
002301.SZ,20260811,7.4,7.49,7.3,7.34,7.41,116516.56,86137.09977,-0.9447
002302.SZ,20260811,5.06,5.07,4.92,4.95,5.09,203387.18,100988.8777,-2.7505
002303.SZ,20260811,5.4,5.5,5.29,5.32,5.47,576036.73,309801.33472,-2.7422
002304.SZ,20260811,41.29,41.57,40.8,41.1,41.57,59122.0,243279.55704,-1.1306
002305.SZ,20260811,2.13,2.16,2.12,2.14,2.15,111136.0,23797.502,-0.4651
002306.SZ,20260811,1.91,1.95,1.88,1.91,1.91,77576.0,14840.636,0.0
002307.SZ,20260811,3.06,3.07,3.01,3.04,3.07,167695.54,50931.24138,-0.9772
002309.SZ,20260811,3.41,3.47,3.37,3.41,3.43,2537168.65,862665.39806,-0.5831
002310.SZ,20260811,2.52,2.55,2.47,2.55,2.53,1205513.7,303952.77701,0.7905
002311.SZ,20260811,46.5,46.94,45.73,46.35,46.59,104448.85,484433.46362,-0.5151
002312.SZ,20260811,8.57,8.65,8.49,8.52,8.61,189289.85,161922.70573,-1.0453
002313.SZ,20260811,8.27,8.39,8.2,8.33,8.34,42956.0,35668.024,-0.1199
002314.SZ,20260811,2.14,2.17,2.11,2.16,2.15,209997.05,45071.85875,0.4651
002315.SZ,20260811,27.85,28.0,27.21,27.24,27.83,60030.61,164669.20828,-2.12
002316.SZ,20260811,4.5,4.54,4.42,4.51,4.53,91025.0,40909.357,-0.4415
002317.SZ,20260811,27.65,29.78,27.21,28.43,27.78,541732.85,1556039.16871,2.3398
002318.SZ,20260811,20.22,20.39,19.7,19.77,20.34,107087.9,213709.0635,-2.8024
002319.SZ,20260811,12.3,12.31,11.31,11.49,12.27,180199.0,211106.673,-6.357
002320.SZ,20260811,6.81,6.82,6.7,6.71,6.81,98822.01,66662.97678,-1.4684
002321.SZ,20260811,1.96,2.01,1.95,1.99,1.97,312576.0,62113.508,1.0152
002322.SZ,20260811,10.76,10.83,10.67,10.71,10.82,23393.0,25079.044,-1.0166
002323.SZ,20260811,1.32,1.35,1.31,1.33,1.31,449535.96,59663.22347,1.5267
002324.SZ,20260811,9.46,9.49,9.29,9.38,9.49,125242.0,117572.85,-1.1591
002326.SZ,20260811,19.31,19.58,19.15,19.33,19.47,212986.32,413424.31484,-0.7191
002327.SZ,20260811,6.65,6.77,6.62,6.64,6.64,56199.43,37660.06811,0.0
002328.SZ,20260811,7.2,7.26,7.17,7.22,7.26,214627.14,154598.71974,-0.551
002329.SZ,20260811,3.7,3.82,3.64,3.82,3.47,517295.78,196008.50968,10.0865
002330.SZ,20260811,3.97,3.99,3.9,3.93,3.97,87485.0,34494.91,-1.0076
002331.SZ,20260811,7.16,7.16,6.99,7.06,7.12,45891.0,32407.392,-0.8427
002332.SZ,20260811,8.63,8.66,8.51,8.52,8.57,114508.0,98253.64,-0.5834
002333.SZ,20260811,5.54,5.64,5.5,5.6,5.55,71906.62,40193.4882,0.9009
002334.SZ,20260811,6.73,7.03,6.72,6.82,6.71,193394.99,132148.40253,1.6393
002335.SZ,20260811,32.0,32.1,30.76,31.29,31.28,298586.37,936618.5819,0.032
002337.SZ,20260811,4.66,4.68,4.57,4.64,4.66,48830.0,22627.11603,-0.4292
002338.SZ,20260811,44.38,45.5,44.26,44.5,45.93,110193.6,493119.92907,-3.1134
002339.SZ,20260811,7.41,7.41,7.26,7.31,7.45,120159.9,88060.46251,-1.8792
002340.SZ,20260811,6.89,6.89,6.76,6.77,6.91,1059172.26,721591.24416,-2.026
002342.SZ,20260811,8.29,8.32,8.05,8.16,8.41,471071.86,384918.69916,-2.9727
002343.SZ,20260811,5.25,5.29,5.16,5.26,5.23,75709.2,39703.4032,0.5736
002344.SZ,20260811,3.86,3.9,3.84,3.85,3.88,72393.0,27957.075,-0.7732
002345.SZ,20260811,11.54,11.95,10.95,11.01,11.65,653717.71,745654.66336,-5.4936
002346.SZ,20260811,20.55,21.07,20.27,20.75,20.77,52511.42,108445.72022,-0.0963
002347.SZ,20260811,6.01,6.09,5.88,6.03,6.02,103770.0,62185.08,0.1661
002348.SZ,20260811,12.58,12.72,11.87,11.92,12.57,405389.0,491246.40398,-5.171
002349.SZ,20260811,6.91,6.98,6.86,6.92,6.89,123806.0,85814.304,0.4354
002350.SZ,20260811,16.64,16.64,15.01,15.01,16.68,345571.15,527997.61485,-10.012
002351.SZ,20260811,10.16,10.18,10.04,10.09,10.18,64407.25,65068.22312,-0.8841
002352.SZ,20260811,33.8,33.99,33.51,33.59,33.8,161410.0,544180.595,-0.6213
002353.SZ,20260811,142.85,147.17,141.99,144.39,145.85,82466.14,1194642.86175,-1.001
002354.SZ,20260811,8.24,8.57,8.01,8.32,8.37,3975867.85,3320828.95667,-0.5974
002355.SZ,20260811,4.68,4.76,4.53,4.71,4.68,389756.09,181922.14272,0.641
002356.SZ,20260811,2.75,2.77,2.71,2.75,2.76,110854.0,30450.841,-0.3623
002357.SZ,20260811,9.06,9.17,8.94,9.08,9.06,59961.0,54485.634,0.2208
002358.SZ,20260811,5.74,5.74,5.6,5.63,5.75,168327.0,95197.321,-2.087
002360.SZ,20260811,5.56,5.56,5.28,5.31,5.46,47167.0,25398.534,-2.7473
002361.SZ,20260811,11.4,12.05,11.27,11.84,12.49,1808855.7,2130962.51664,-5.2042
002362.SZ,20260811,15.9,16.05,15.72,15.9,16.04,25641.0,40754.437,-0.8728
002363.SZ,20260811,6.49,6.57,6.42,6.5,6.54,41574.0,27023.889,-0.6116
002364.SZ,20260811,40.64,43.31,38.32,41.08,39.37,690412.69,2849571.31442,4.3434
002365.SZ,20260811,13.52,13.88,13.44,13.45,13.68,273487.5,372583.228,-1.6813
002366.SZ,20260811,6.2,6.28,6.11,6.27,6.33,743104.74,459747.71962,-0.9479
002367.SZ,20260811,5.45,5.5,5.41,5.41,5.46,85719.5,46670.5045,-0.9158
002368.SZ,20260811,14.5,14.61,14.29,14.42,14.57,60795.97,87902.63192,-1.0295
002369.SZ,20260811,5.83,5.93,5.79,5.92,5.89,266770.0,156826.004,0.5093
002370.SZ,20260811,5.84,6.12,5.82,5.86,5.81,994489.37,594802.19892,0.8606
002371.SZ,20260811,753.03,767.74,742.55,746.1,760.0,67209.16,5063292.1675,-1.8289
002372.SZ,20260811,8.6,8.67,8.49,8.59,8.65,159596.38,137016.41864,-0.6936
002373.SZ,20260811,7.91,7.96,7.8,7.88,7.91,137997.0,108740.837,-0.3793
002374.SZ,20260811,3.36,3.39,3.15,3.18,3.4,464053.35,148733.6977,-6.4706
002375.SZ,20260811,3.56,3.59,3.53,3.56,3.56,104645.0,37259.299,0.0
002376.SZ,20260811,6.46,6.69,6.42,6.52,6.5,268778.28,176012.94544,0.3077
002377.SZ,20260811,2.7,2.7,2.63,2.68,2.69,192161.0,51417.138,-0.3717
002378.SZ,20260811,27.5,27.6,26.7,26.7,28.28,559871.68,1520492.48366,-5.587
002379.SZ,20260811,20.15,21.23,19.3,19.4,19.76,887567.46,1794094.00114,-1.8219
002380.SZ,20260811,29.49,29.73,28.83,29.26,29.32,42098.0,123483.508,-0.2046
002381.SZ,20260811,5.52,5.55,5.46,5.5,5.53,45707.0,25159.1485,-0.5425
002382.SZ,20260811,6.04,6.16,6.01,6.09,6.07,130037.82,79323.34412,0.3295
002383.SZ,20260811,7.06,7.09,6.92,7.02,7.1,77419.0,54280.178,-1.1268
002384.SZ,20260811,188.5,200.6,184.11,193.87,185.94,911486.12,17589174.3998,4.2648
002385.SZ,20260811,3.09,3.1,3.03,3.04,3.09,549383.0,168009.608,-1.6181
002386.SZ,20260811,5.97,5.97,5.86,5.86,5.97,139716.32,82438.696,-1.8425
002387.SZ,20260811,7.1,7.14,7.01,7.06,7.12,96662.2,68372.581,-0.8427
002388.SZ,20260811,5.74,6.02,5.56,5.87,5.74,894194.02,520648.2516,2.2648
002389.SZ,20260811,19.01,19.01,18.74,18.83,19.35,241949.51,456680.53125,-2.6873
002390.SZ,20260811,3.05,3.1,3.04,3.06,3.07,225962.0,69437.383,-0.3257
002391.SZ,20260811,5.35,5.38,5.17,5.19,5.37,178684.42,93247.91714,-3.352
002392.SZ,20260811,7.57,7.67,7.47,7.5,7.58,107487.9,81007.1524,-1.0554
002393.SZ,20260811,14.8,14.99,14.73,14.79,14.89,28621.5,42600.07694,-0.6716
002394.SZ,20260811,9.98,10.15,9.78,9.94,9.98,49360.9,49252.5025,-0.4008
002395.SZ,20260811,12.52,12.55,12.36,12.43,12.51,19860.0,24712.928,-0.6395
002396.SZ,20260811,29.58,31.12,29.5,29.95,30.03,788022.29,2382785.19427,-0.2664
002397.SZ,20260811,3.63,3.64,3.54,3.59,3.64,168959.25,60634.02875,-1.3736
002398.SZ,20260811,4.16,4.16,4.09,4.1,4.16,132695.73,54628.39436,-1.4423
002399.SZ,20260811,10.96,11.2,10.72,10.78,10.96,228247.4,250246.66518,-1.6423
002400.SZ,20260811,6.95,7.01,6.83,6.91,6.94,561275.84,388764.98211,-0.4323
002401.SZ,20260811,12.39,12.47,12.24,12.33,12.41,24861.34,30723.52855,-0.6446
002402.SZ,20260811,21.31,21.67,21.19,21.42,21.57,183199.62,392532.70662,-0.6954
002403.SZ,20260811,9.65,9.81,9.5,9.75,9.65,38148.3,36826.1224,1.0363
002404.SZ,20260811,6.01,6.02,5.92,5.94,6.0,44344.0,26422.627,-1.0
002405.SZ,20260811,6.65,6.71,6.54,6.64,6.65,335120.82,222316.39438,-0.1504
002406.SZ,20260811,6.82,6.89,6.76,6.84,6.86,88482.0,60508.485,-0.2915
002407.SZ,20260811,37.05,39.3,36.52,37.28,38.51,2056988.23,7737066.75386,-3.194
002408.SZ,20260811,5.14,5.23,5.08,5.09,5.14,277628.88,142885.30404,-0.9728
002409.SZ,20260811,151.41,156.3,148.02,150.29,155.24,289599.8,4405127.28438,-3.1886
002410.SZ,20260811,9.58,9.69,9.47,9.51,9.54,202405.95,193299.3328,-0.3145
002412.SZ,20260811,7.2,7.37,7.18,7.23,7.27,267653.5,194567.8005,-0.5502
002413.SZ,20260811,8.7,8.81,8.44,8.7,9.03,1038666.03,900279.81899,-3.6545
002414.SZ,20260811,14.22,14.41,14.01,14.04,14.22,726655.45,1031623.93095,-1.2658
002415.SZ,20260811,37.26,38.03,36.28,36.37,37.44,1062284.76,3928209.83925,-2.8579
002416.SZ,20260811,9.63,10.57,9.57,10.29,9.67,608117.38,616574.61141,6.4116
002418.SZ,20260811,3.76,4.12,3.72,3.84,3.75,948956.96,369245.47141,2.4
002419.SZ,20260811,4.6,4.63,4.55,4.58,4.61,78391.0,35921.325,-0.6508
002420.SZ,20260811,5.79,5.85,5.69,5.8,5.82,66465.0,38398.642,-0.3436
002421.SZ,20260811,3.51,3.6,3.41,3.53,3.49,3161676.69,1114546.17899,1.1461
002422.SZ,20260811,46.41,48.18,45.88,46.42,46.41,395663.51,1863852.28175,0.0215
002423.SZ,20260811,9.19,9.21,9.04,9.06,9.21,121061.94,110178.5467,-1.6287
002424.SZ,20260811,4.6,4.68,4.57,4.58,4.59,98969.0,45691.5,-0.2179
002425.SZ,20260811,3.31,3.64,3.22,3.47,3.31,1836225.15,635705.25277,4.8338
002426.SZ,20260811,2.74,2.77,2.69,2.74,2.76,628232.7,171951.9338,-0.7246
002427.SZ,20260811,4.39,4.42,4.35,4.39,4.43,83295.0,36512.771,-0.9029
002428.SZ,20260811,97.92,104.58,96.8,100.28,102.58,940254.44,9427206.37417,-2.2422
002429.SZ,20260811,8.15,8.38,8.03,8.18,7.99,898779.9,737051.62625,2.378
002430.SZ,20260811,23.86,24.06,23.68,23.76,23.99,96711.42,230675.4545,-0.9587
002431.SZ,20260811,1.32,1.34,1.32,1.34,1.33,136421.0,18122.375,0.7519
002432.SZ,20260811,71.68,72.78,70.12,70.8,72.28,307748.33,2197079.22689,-2.0476
002434.SZ,20260811,5.78,5.84,5.72,5.8,5.8,153375.19,88544.9512,0.0
002436.SZ,20260811,32.9,34.54,32.42,33.23,33.44,985859.96,3301950.08459,-0.628
002437.SZ,20260811,3.36,3.77,3.36,3.51,3.43,5899324.82,2122965.41115,2.3324
002438.SZ,20260811,14.1,14.3,13.97,14.08,14.16,87386.06,123471.77456,-0.565
002439.SZ,20260811,14.29,14.7,14.22,14.32,14.32,333073.86,482735.83485,0.0
002440.SZ,20260811,13.58,13.93,12.9,13.02,13.87,668182.1,889514.48982,-6.1283
002441.SZ,20260811,8.03,8.03,7.9,7.96,8.03,41342.0,32861.24,-0.8717
002442.SZ,20260811,5.09,5.12,5.0,5.04,5.13,93535.45,47281.9348,-1.7544
002443.SZ,20260811,9.03,9.09,8.67,8.75,9.13,287693.04,252826.63146,-4.1621
002444.SZ,20260811,30.67,31.06,30.29,30.56,30.94,96313.13,295357.10913,-1.2282
002445.SZ,20260811,2.98,3.06,2.96,3.03,2.99,508670.5,153390.3505,1.3378
002446.SZ,20260811,8.63,9.08,8.61,8.83,8.81,369399.92,326416.90202,0.227
002448.SZ,20260811,12.31,12.45,12.16,12.21,12.29,171841.5,211810.298,-0.6509
002449.SZ,20260811,6.46,6.46,6.36,6.4,6.46,54696.27,35039.75333,-0.9288
002451.SZ,20260811,7.43,7.5,7.31,7.41,7.51,99725.12,74035.60216,-1.3316
002452.SZ,20260811,11.6,11.62,11.29,11.31,11.59,114941.72,131160.03753,-2.4159
002453.SZ,20260811,4.44,4.5,4.33,4.43,4.42,94837.26,41889.51622,0.2262
002454.SZ,20260811,5.08,5.09,4.99,5.05,5.08,79001.0,39857.8126,-0.5906
002455.SZ,20260811,7.35,7.49,7.28,7.28,7.38,744758.64,547671.88159,-1.355
002456.SZ,20260811,7.31,7.35,7.06,7.26,7.4,1216419.3,876962.76239,-1.8919
002457.SZ,20260811,11.53,11.6,11.13,11.16,11.52,309397.75,347768.5804,-3.125
002458.SZ,20260811,10.65,10.99,10.45,10.52,9.99,1898745.86,2052049.3309,5.3053
002459.SZ,20260811,7.76,7.84,7.69,7.69,7.8,355664.79,276279.17345,-1.4103
002460.SZ,20260811,54.14,54.38,53.26,53.42,54.13,335333.51,1804403.24894,-1.3117
002461.SZ,20260811,8.81,8.87,8.7,8.76,8.81,45243.0,39712.196,-0.5675
002462.SZ,20260811,12.07,12.28,12.0,12.14,12.08,38936.0,47376.156,0.4967
002463.SZ,20260811,120.07,124.98,119.14,121.0,122.7,375931.77,4583757.26864,-1.3855
002465.SZ,20260811,10.55,10.73,10.42,10.6,10.92,609490.79,645563.12647,-2.9304
002466.SZ,20260811,48.61,49.15,48.03,48.09,48.91,404477.55,1960844.73043,-1.6765
002467.SZ,20260811,4.79,4.88,4.72,4.83,4.8,324171.29,156505.24866,0.625
002468.SZ,20260811,14.67,14.95,14.38,14.42,14.7,168931.23,245994.11101,-1.9048
002469.SZ,20260811,5.96,5.96,5.79,5.84,5.86,48015.76,28050.51612,-0.3413
002470.SZ,20260811,2.01,2.02,1.97,1.98,2.01,679642.0,135093.481,-1.4925
002471.SZ,20260811,5.8,5.89,5.69,5.85,5.89,593847.54,344446.59765,-0.6791
002472.SZ,20260811,38.21,39.8,37.84,39.1,38.51,316242.67,1232024.66377,1.5321
002474.SZ,20260811,6.76,6.95,6.62,6.68,7.04,676292.91,453882.9975,-5.1136
002475.SZ,20260811,55.31,56.23,54.52,55.63,55.79,846676.68,4698061.67167,-0.2868
002476.SZ,20260811,4.69,4.69,4.57,4.57,4.64,72717.0,33518.923,-1.5086
002478.SZ,20260811,6.4,6.44,6.27,6.29,6.42,96048.0,60894.979,-2.0249
002479.SZ,20260811,5.81,5.87,5.71,5.73,5.8,184409.0,106551.922,-1.2069
002480.SZ,20260811,5.68,5.74,5.66,5.68,5.75,77520.0,44211.464,-1.2174
002481.SZ,20260811,4.27,4.29,4.21,4.23,4.3,76539.95,32475.68272,-1.6279
002482.SZ,20260811,1.28,1.29,1.26,1.27,1.29,387391.39,49447.20652,-1.5504
002483.SZ,20260811,5.26,5.31,5.2,5.23,5.25,93441.0,49031.461,-0.381
002484.SZ,20260811,64.2,69.89,62.88,65.6,66.11,533727.56,3524693.47532,-0.7714
002485.SZ,20260811,5.8,5.88,5.63,5.87,5.78,21019.54,12099.30372,1.5571
002486.SZ,20260811,2.43,2.46,2.39,2.43,2.43,178126.07,43241.42708,0.0
002487.SZ,20260811,42.09,42.38,41.26,41.65,42.1,167736.51,700928.52513,-1.0689
002488.SZ,20260811,8.92,8.95,8.61,8.8,8.96,249784.96,218590.04588,-1.7857
002489.SZ,20260811,2.76,2.77,2.71,2.74,2.76,178608.99,48951.25097,-0.7246
002490.SZ,20260811,8.09,8.3,7.95,8.23,7.92,985512.0,804951.26557,3.9141
002491.SZ,20260811,17.25,17.63,16.72,17.13,17.37,1144809.9,1968763.82159,-1.3817
002492.SZ,20260811,5.61,5.69,5.57,5.64,5.64,56555.0,31888.355,0.0
002493.SZ,20260811,13.52,13.65,13.0,13.04,13.52,482111.94,639967.55645,-3.5503
002494.SZ,20260811,4.8,4.85,4.74,4.81,4.83,73660.0,35338.773,-0.4141
002495.SZ,20260811,2.38,2.39,2.34,2.37,2.38,145973.8,34522.866,-0.4202
002496.SZ,20260811,2.06,2.09,2.01,2.06,2.04,236302.0,48485.7924,0.9804
002497.SZ,20260811,18.93,19.63,18.8,18.88,19.09,404162.85,774341.66599,-1.1001
002498.SZ,20260811,6.91,7.2,6.87,6.95,7.01,1517929.18,1065012.11584,-0.8559
002500.SZ,20260811,5.37,5.39,5.32,5.34,5.38,124964.69,66868.79617,-0.7435
002501.SZ,20260811,1.33,1.34,1.3,1.31,1.32,202085.0,26612.949,-0.7576
002506.SZ,20260811,2.74,2.75,2.67,2.72,2.72,1830120.87,498101.76155,0.0
002507.SZ,20260811,11.61,11.7,11.52,11.58,11.6,107083.85,124186.1316,-0.1724
002508.SZ,20260811,15.72,16.06,15.6,15.91,15.77,128283.75,204553.56186,0.8878
002510.SZ,20260811,5.72,5.72,5.59,5.66,5.71,122678.0,69288.078,-0.8757
002511.SZ,20260811,7.35,7.4,7.24,7.26,7.34,95687.69,69963.2149,-1.0899
002512.SZ,20260811,3.73,3.88,3.71,3.84,3.81,242967.85,92324.3697,0.7874
002513.SZ,20260811,5.25,5.25,5.13,5.19,5.25,60046.5,31187.5725,-1.1429
002514.SZ,20260811,1.93,2.03,1.88,1.99,1.91,447782.0,87763.635,4.1885
002515.SZ,20260811,6.91,7.23,6.86,7.05,6.97,517367.66,364897.07362,1.1478
002516.SZ,20260811,5.4,5.44,5.32,5.39,5.4,105863.16,57008.65178,-0.1852
002517.SZ,20260811,18.31,18.53,17.91,17.96,18.31,699919.02,1274758.45356,-1.9115
002518.SZ,20260811,34.31,35.26,33.6,34.21,33.39,214951.64,740758.0012,2.4558
002519.SZ,20260811,5.65,5.68,5.48,5.62,5.72,374518.3,210173.0484,-1.7483
002520.SZ,20260811,6.0,6.08,5.86,5.99,5.95,451511.34,269777.16411,0.6723
002521.SZ,20260811,7.06,7.14,6.96,7.09,7.1,51061.28,36028.83898,-0.1408
002522.SZ,20260811,5.07,5.11,4.98,5.04,5.07,219554.86,110821.74311,-0.5917
002523.SZ,20260811,3.37,3.38,3.31,3.34,3.38,195476.07,65387.42264,-1.1834
002524.SZ,20260811,4.01,4.06,3.96,3.99,4.05,157457.0,63085.778,-1.4815
002526.SZ,20260811,2.8,2.82,2.75,2.77,2.78,287174.22,79754.30873,-0.3597
002527.SZ,20260811,11.64,11.85,11.51,11.71,11.75,68033.2,79549.6824,-0.3404
002528.SZ,20260811,4.56,4.63,4.54,4.63,4.62,60612.77,27766.78492,0.2165
002529.SZ,20260811,7.06,7.16,6.93,7.11,7.04,41961.0,29663.272,0.9943
002530.SZ,20260811,7.31,7.34,7.18,7.25,7.32,91355.44,66347.42052,-0.9563
002531.SZ,20260811,6.68,6.69,6.51,6.61,6.71,271369.34,179322.41074,-1.4903
002532.SZ,20260811,14.1,14.75,13.75,13.8,13.94,1333128.38,1896364.95304,-1.0043
002533.SZ,20260811,11.56,11.58,11.42,11.45,11.58,65003.0,74780.808,-1.1226
002534.SZ,20260811,15.85,16.14,15.67,15.95,15.88,84387.37,134341.65796,0.4408
002535.SZ,20260811,2.52,2.54,2.46,2.53,2.51,125054.0,31349.174,0.7968
002536.SZ,20260811,39.49,41.26,38.99,39.72,39.52,475496.8,1915868.5469,0.5061
002537.SZ,20260811,5.89,5.93,5.81,5.87,5.88,141228.5,82919.69,-0.1701
002538.SZ,20260811,7.2,7.42,7.19,7.29,7.18,197033.41,144100.28607,1.532
002539.SZ,20260811,12.8,13.03,12.61,12.67,12.8,197516.32,252464.39485,-1.0156
002540.SZ,20260811,5.22,5.25,5.15,5.17,5.22,94024.95,48797.20915,-0.9579
002541.SZ,20260811,20.7,20.89,20.16,20.24,20.57,137000.16,279537.93371,-1.6043
002542.SZ,20260811,1.7,1.77,1.67,1.76,1.71,308326.0,53428.848,2.924
002543.SZ,20260811,6.73,6.73,6.6,6.63,6.71,34093.05,22658.38437,-1.1923
002544.SZ,20260811,16.82,16.97,16.43,16.7,17.23,110981.59,185732.45772,-3.076
002545.SZ,20260811,19.36,19.43,18.11,18.21,18.92,283262.86,529167.87111,-3.7526
002546.SZ,20260811,8.64,8.64,8.33,8.34,8.64,265706.26,224239.25918,-3.4722
002547.SZ,20260811,2.57,2.7,2.55,2.7,2.6,331802.0,87505.981,3.8462
002548.SZ,20260811,4.16,4.19,4.1,4.12,4.18,245690.0,101750.128,-1.4354
002549.SZ,20260811,14.7,14.72,14.42,14.55,14.76,228380.68,333316.35192,-1.4228
002550.SZ,20260811,6.79,6.94,6.75,6.78,6.83,301655.28,206922.49152,-0.7321
002551.SZ,20260811,3.16,3.19,3.12,3.15,3.17,126145.36,39846.14032,-0.6309
002552.SZ,20260811,53.01,57.6,53.01,54.61,52.36,553828.67,3050694.41979,4.2972
002553.SZ,20260811,16.04,16.1,15.7,15.99,16.01,53947.0,85828.625,-0.1249
002554.SZ,20260811,2.92,2.94,2.86,2.92,2.88,197442.28,57191.99219,1.3889
002555.SZ,20260811,19.95,20.15,19.6,19.6,19.98,399548.54,793539.86506,-1.9019
002556.SZ,20260811,5.09,5.14,5.06,5.06,5.1,97235.58,49469.00148,-0.7843
002557.SZ,20260811,19.66,19.96,19.55,19.62,19.6,79329.5,156522.0811,0.102
002558.SZ,20260811,29.5,30.1,28.66,28.7,29.79,770555.06,2261982.02588,-3.6589
002559.SZ,20260811,9.78,10.08,9.72,9.81,9.78,354925.5,350633.419,0.3067
002560.SZ,20260811,6.5,6.51,6.34,6.42,6.54,230169.37,147944.0814,-1.8349
002561.SZ,20260811,6.83,6.83,6.68,6.77,6.78,40617.3,27448.2504,-0.1475
002562.SZ,20260811,4.63,4.64,4.57,4.59,4.64,136777.0,62935.023,-1.0776
002563.SZ,20260811,6.18,6.28,6.07,6.08,6.18,184256.38,113598.44646,-1.6181
002564.SZ,20260811,4.59,4.71,4.49,4.63,4.56,156403.0,71904.152,1.5351
002565.SZ,20260811,9.54,9.7,9.37,9.58,9.88,516652.31,494148.94457,-3.0364
002566.SZ,20260811,6.77,6.86,6.71,6.8,6.79,88408.0,60104.966,0.1473
002567.SZ,20260811,3.74,3.75,3.67,3.69,3.73,150129.44,55640.48047,-1.0724
002568.SZ,20260811,19.78,20.06,19.54,19.59,19.99,145580.48,287252.18809,-2.001
002569.SZ,20260811,12.64,12.78,12.4,12.65,12.65,13312.0,16726.45,0.0
002570.SZ,20260811,4.52,4.58,4.49,4.49,4.53,194833.61,88071.86589,-0.883
002571.SZ,20260811,10.9,10.98,10.75,10.86,10.94,28800.0,31398.675,-0.7313
002572.SZ,20260811,8.28,8.33,8.22,8.27,8.31,63176.93,52291.1605,-0.4813
002573.SZ,20260811,3.26,3.28,3.23,3.25,3.27,58104.88,18892.948,-0.6116
002574.SZ,20260811,4.71,4.72,4.63,4.65,4.7,72809.0,34044.084,-1.0638
002575.SZ,20260811,5.35,5.61,5.2,5.48,5.3,525688.79,285259.40825,3.3962
002576.SZ,20260811,14.77,14.87,14.59,14.78,14.78,24062.0,35538.665,0.0
002577.SZ,20260811,18.72,19.36,18.44,19.05,18.73,52266.18,99031.76082,1.7085
002578.SZ,20260811,3.44,3.47,3.35,3.35,3.46,265530.36,90397.2596,-3.1792
002579.SZ,20260811,14.81,15.0,14.48,14.58,14.82,715531.92,1051698.89967,-1.6194
002580.SZ,20260811,21.5,22.79,20.71,20.97,20.99,1380716.89,2965166.29548,-0.0953
002581.SZ,20260811,3.8,3.97,3.78,3.83,3.86,61614.0,23967.552,-0.7772
002582.SZ,20260811,10.33,10.42,10.14,10.14,10.43,260186.62,266412.39168,-2.7804
002583.SZ,20260811,8.45,8.45,8.3,8.35,8.43,146876.54,122871.4977,-0.949
002584.SZ,20260811,8.22,8.36,8.14,8.18,8.34,252508.0,207350.8135,-1.9185
002585.SZ,20260811,9.41,10.52,9.41,10.52,9.56,603677.41,622982.11922,10.0418
002586.SZ,20260811,3.83,3.93,3.78,3.81,3.8,33268.0,12757.278,0.2632
002587.SZ,20260811,5.59,5.62,5.48,5.53,5.66,194646.0,107891.894,-2.2968
002588.SZ,20260811,8.85,8.97,8.71,8.74,8.84,111596.43,98398.85376,-1.1312
002589.SZ,20260811,3.32,3.32,3.15,3.23,3.34,2482778.18,806813.6997,-3.2934
002590.SZ,20260811,9.53,9.63,9.46,9.55,9.59,35433.0,33840.8235,-0.4171
002591.SZ,20260811,6.31,6.36,6.23,6.29,6.31,75832.02,47747.2886,-0.317
002592.SZ,20260811,6.26,6.32,6.16,6.27,6.21,27533.0,17158.606,0.9662
002593.SZ,20260811,4.46,4.48,4.39,4.45,4.46,85503.0,37970.233,-0.2242
002594.SZ,20260811,91.18,91.66,89.93,90.12,91.15,242227.6,2191435.22335,-1.13
002595.SZ,20260811,53.14,53.99,50.36,51.09,53.22,68084.98,353180.73833,-4.0023
002596.SZ,20260811,3.31,3.38,3.3,3.3,3.36,217744.0,72520.166,-1.7857
002597.SZ,20260811,20.16,20.35,20.05,20.13,20.24,59754.15,120630.86664,-0.5435
002598.SZ,20260811,6.75,6.84,6.61,6.7,6.73,25525.02,17126.89322,-0.4458
002599.SZ,20260811,6.22,6.23,6.09,6.13,6.22,87140.0,53593.859,-1.4469
002600.SZ,20260811,12.53,12.76,12.41,12.68,12.63,1138228.64,1432095.49054,0.3959
002601.SZ,20260811,16.4,16.67,16.0,16.01,16.55,272040.99,442178.85858,-3.2628
002602.SZ,20260811,14.4,14.84,14.15,14.21,14.31,1042149.2,1506093.24288,-0.6988
002603.SZ,20260811,16.83,17.23,16.72,16.87,16.89,299909.97,511478.31843,-0.1184
002605.SZ,20260811,18.49,18.77,18.27,18.33,18.55,61412.0,113513.836,-1.186
002606.SZ,20260811,14.7,14.9,14.52,14.61,14.84,237636.28,349136.06543,-1.5499
002607.SZ,20260811,2.18,2.19,2.15,2.16,2.21,1605060.71,347663.62904,-2.2624
002608.SZ,20260811,7.38,7.4,7.29,7.31,7.37,141728.06,104001.35186,-0.8141
002609.SZ,20260811,7.9,7.94,7.79,7.82,7.93,48548.0,38110.637,-1.3871
002611.SZ,20260811,16.02,16.18,15.88,15.96,15.95,252143.05,403480.31035,0.0627
002612.SZ,20260811,16.6,17.2,16.18,16.89,16.75,219430.46,366410.18872,0.8358
002613.SZ,20260811,3.39,3.44,3.36,3.39,3.42,217035.0,73723.679,-0.8772
002614.SZ,20260811,4.99,5.04,4.92,4.93,5.02,86378.5,42856.2395,-1.7928
002615.SZ,20260811,6.64,6.72,6.58,6.69,6.7,57803.0,38488.213,-0.1493
002616.SZ,20260811,4.8,4.87,4.76,4.83,4.84,97915.43,47235.80914,-0.2066
002617.SZ,20260811,6.33,6.39,6.27,6.34,6.38,611152.82,387628.72814,-0.627
002620.SZ,20260811,5.16,5.21,5.02,5.11,5.07,52725.5,26967.084,0.789
002622.SZ,20260811,2.65,2.66,2.5,2.52,2.62,849528.0,216827.586,-3.8168
002623.SZ,20260811,16.98,17.2,16.48,16.9,16.87,51936.66,87389.72786,0.1778
002624.SZ,20260811,11.73,12.0,11.62,11.67,11.73,478839.48,564093.84225,-0.5115
002625.SZ,20260811,30.6,31.3,30.03,30.69,30.95,245352.41,754554.67856,-0.8401
002626.SZ,20260811,16.46,17.04,16.01,16.01,16.46,242115.16,398592.99203,-2.7339
002627.SZ,20260811,6.67,6.69,6.52,6.58,6.65,109290.82,72290.34931,-1.0526
002628.SZ,20260811,4.97,5.13,4.89,5.08,4.97,252318.0,127331.956,2.2133
002629.SZ,20260811,4.76,4.76,4.61,4.68,4.7,135080.0,63555.81,-0.4255
002630.SZ,20260811,1.67,1.7,1.65,1.68,1.67,130673.6,21957.5078,0.5988
002631.SZ,20260811,8.9,9.19,8.33,8.38,9.16,457761.21,395081.26391,-8.5153
002632.SZ,20260811,8.39,8.46,8.3,8.36,8.44,92286.0,77397.292,-0.9479
002633.SZ,20260811,15.26,15.26,14.5,14.74,15.21,32127.0,47364.907,-3.0901
002634.SZ,20260811,4.47,4.6,4.36,4.47,4.48,68512.0,30733.395,-0.2232
002635.SZ,20260811,15.03,15.6,14.98,15.39,15.17,179683.26,275629.67716,1.4502
002636.SZ,20260811,64.8,69.83,62.92,68.0,66.78,785044.83,5262734.58108,1.8269
002637.SZ,20260811,11.03,11.03,10.68,10.69,11.02,98166.25,106108.356,-2.9946
002638.SZ,20260811,3.7,3.76,3.68,3.7,3.73,150283.0,55945.61266,-0.8043
002639.SZ,20260811,12.6,12.6,12.37,12.43,12.61,192525.84,239836.26371,-1.4274
002640.SZ,20260811,3.45,3.52,3.42,3.46,3.49,1117855.0,387912.667,-0.8596
002641.SZ,20260811,3.94,3.94,3.88,3.9,3.94,72512.3,28255.1867,-1.0152
002642.SZ,20260811,7.56,7.56,7.39,7.46,7.5,130429.0,97434.969,-0.5333
002643.SZ,20260811,14.0,14.24,13.88,13.98,14.09,162569.43,228526.32064,-0.7807
002644.SZ,20260811,8.15,8.15,7.99,8.0,8.09,31778.5,25623.2255,-1.1125
002645.SZ,20260811,19.68,20.11,19.21,19.56,20.1,489141.25,959738.42035,-2.6866
002646.SZ,20260811,7.15,7.2,7.03,7.05,7.21,73007.0,51859.34401,-2.2191
002647.SZ,20260811,11.0,11.1,10.41,10.75,10.49,508241.0,545944.132,2.4786
002648.SZ,20260811,26.58,27.16,25.94,25.95,26.46,519840.09,1377632.43408,-1.9274
002649.SZ,20260811,10.48,10.55,10.0,10.36,10.79,487695.14,504619.43167,-3.9852
002650.SZ,20260811,6.33,6.36,6.03,6.09,6.33,39524.0,24479.206,-3.7915
002651.SZ,20260811,7.93,7.93,7.73,7.83,7.93,57402.0,44825.456,-1.261
002652.SZ,20260811,3.95,3.97,3.86,3.91,3.95,113786.0,44619.566,-1.0127
002653.SZ,20260811,70.28,72.14,68.78,69.83,70.28,82191.21,577786.59021,-0.6403
002654.SZ,20260811,13.3,13.72,13.17,13.29,13.52,432942.38,580850.50252,-1.7012
002655.SZ,20260811,31.28,32.21,30.5,31.13,31.27,367663.64,1154408.82369,-0.4477
002656.SZ,20260811,2.99,3.02,2.93,2.99,2.97,101650.0,30347.824,0.6734
002657.SZ,20260811,15.88,16.03,15.55,15.85,15.88,90468.47,143418.35324,-0.1889
002658.SZ,20260811,7.4,7.4,7.3,7.34,7.41,33444.0,24575.78,-0.9447
002659.SZ,20260811,4.77,4.84,4.71,4.73,4.8,248940.05,118710.6876,-1.4583
002660.SZ,20260811,7.21,7.39,7.14,7.31,7.24,54346.0,39571.754,0.9669
002661.SZ,20260811,7.76,7.79,7.64,7.71,7.78,22421.0,17283.062,-0.8997
002662.SZ,20260811,3.31,3.35,3.26,3.27,3.31,102598.0,33709.558,-1.2085
002663.SZ,20260811,1.64,1.67,1.61,1.65,1.64,358277.23,58897.83918,0.6098
002664.SZ,20260811,16.36,16.62,16.0,16.3,16.38,63839.36,104118.23668,-0.4884
002666.SZ,20260811,4.2,4.21,4.14,4.17,4.22,80715.5,33677.386,-1.1848
002667.SZ,20260811,15.96,16.3,14.36,14.55,15.95,343168.21,521053.72223,-8.7774
002668.SZ,20260811,10.35,10.45,10.09,10.13,10.37,201140.49,205299.54279,-2.3144
002669.SZ,20260811,12.25,12.98,12.18,12.63,12.33,220219.7,277967.1736,2.4331
002670.SZ,20260811,11.2,11.6,11.12,11.38,11.23,353991.3,402293.79502,1.3357
002671.SZ,20260811,3.93,3.98,3.91,3.96,3.95,94416.0,37288.347,0.2532
002672.SZ,20260811,3.68,3.72,3.63,3.66,3.68,86362.11,31692.84793,-0.5435
002673.SZ,20260811,6.72,6.74,6.67,6.68,6.73,167670.2,112287.89384,-0.7429
002674.SZ,20260811,28.05,28.5,27.42,27.96,29.52,231419.12,646298.427,-5.2846
002675.SZ,20260811,13.15,13.4,13.11,13.34,13.19,102470.04,136225.06901,1.1372
002676.SZ,20260811,5.1,5.1,4.98,5.04,5.11,76000.0,38244.639,-1.3699
002677.SZ,20260811,6.98,7.13,6.82,7.1,6.94,106099.02,74294.51519,2.3055
002678.SZ,20260811,4.67,4.77,4.57,4.74,4.65,71539.0,33603.96,1.9355
002679.SZ,20260811,8.99,9.08,8.84,9.06,9.0,28102.7,25260.1112,0.6667
002681.SZ,20260811,4.58,4.64,4.51,4.59,4.6,349737.46,160369.30268,-0.2174
002682.SZ,20260811,4.6,4.62,4.46,4.57,4.55,164976.0,75198.643,0.4396
002683.SZ,20260811,28.9,29.09,28.16,28.17,28.81,83156.76,236854.64016,-2.2215
002685.SZ,20260811,5.52,6.07,5.5,6.07,5.52,573137.31,340266.33023,9.9638
002686.SZ,20260811,6.31,6.34,6.18,6.2,6.36,144275.0,90055.406,-2.5157
002687.SZ,20260811,5.44,5.98,5.36,5.98,5.44,289801.67,170022.14005,9.9265
002688.SZ,20260811,5.24,5.32,5.22,5.22,5.25,103337.0,54375.706,-0.5714
002689.SZ,20260811,2.77,2.82,2.74,2.75,2.74,70696.4,19622.7762,0.365
002690.SZ,20260811,15.41,15.5,15.27,15.31,15.43,34473.0,52959.1744,-0.7777
002691.SZ,20260811,4.29,4.36,4.26,4.32,4.31,16651.92,7174.78076,0.232
002692.SZ,20260811,4.2,4.2,4.06,4.15,4.19,93215.99,38429.72093,-0.9547
002693.SZ,20260811,9.76,10.04,9.76,9.85,9.95,257417.0,255094.874,-1.005
002694.SZ,20260811,2.17,2.21,2.13,2.19,2.19,31687.0,6916.334,0.0
002695.SZ,20260811,11.25,11.41,10.98,11.1,11.29,111699.0,124503.951,-1.6829
002696.SZ,20260811,5.87,6.14,5.78,5.9,6.03,347394.1,205958.0763,-2.1559
002697.SZ,20260811,4.73,4.77,4.66,4.71,4.74,149259.08,70315.5546,-0.6329
002698.SZ,20260811,13.42,13.5,13.01,13.05,13.56,286616.99,377141.51655,-3.7611
002700.SZ,20260811,6.05,6.17,5.98,6.08,6.06,74904.0,45418.243,0.33
002701.SZ,20260811,4.9,4.94,4.85,4.86,4.9,197904.09,96699.62905,-0.8163
002702.SZ,20260811,4.96,5.04,4.87,4.96,4.93,415032.0,205709.862,0.6085
002703.SZ,20260811,14.87,15.73,14.55,15.59,14.87,777185.1,1191704.77773,4.842
002705.SZ,20260811,12.04,12.17,11.88,11.95,12.03,70007.69,83696.34096,-0.665
002706.SZ,20260811,8.98,9.08,8.83,8.98,9.03,247950.58,222606.38017,-0.5537
002707.SZ,20260811,5.21,5.25,5.13,5.22,5.2,143653.0,74664.705,0.3846
002708.SZ,20260811,10.65,10.83,10.58,10.66,10.74,129840.0,139085.965,-0.7449
002709.SZ,20260811,39.5,40.2,39.04,39.48,39.62,585965.69,2328045.06582,-0.3534
002712.SZ,20260811,4.83,4.88,4.76,4.85,4.83,110204.0,53170.737,0.4141
002713.SZ,20260811,9.51,9.95,9.45,9.78,9.6,180995.6,176357.6084,1.875
002714.SZ,20260811,40.26,40.79,40.0,40.11,40.24,498983.21,2011139.63095,-0.3231
002715.SZ,20260811,13.79,15.03,13.66,15.03,13.66,85261.26,123370.96514,10.0293
002716.SZ,20260811,9.67,10.34,9.58,9.59,9.4,4795577.69,4802019.20661,2.0213
002717.SZ,20260811,1.02,1.05,1.01,1.04,1.02,498035.55,51253.02065,1.9608
002718.SZ,20260811,86.47,87.28,84.52,85.95,86.47,7816.0,67107.714,-0.6014
002719.SZ,20260811,6.07,6.12,5.96,6.07,6.06,35062.0,21243.409,0.165
002721.SZ,20260811,2.83,3.05,2.83,3.05,2.77,2436974.9,732228.7595,10.1083
002722.SZ,20260811,12.97,12.97,12.78,12.85,12.95,20030.0,25747.456,-0.7722
002723.SZ,20260811,7.17,7.2,7.04,7.11,7.18,89240.4,63430.692,-0.9749
002724.SZ,20260811,5.46,5.49,5.38,5.44,5.46,63629.0,34533.523,-0.3663
002725.SZ,20260811,11.6,11.73,11.5,11.58,11.64,34459.0,40103.926,-0.5155
002726.SZ,20260811,2.16,2.25,2.13,2.19,2.17,716659.74,157279.50883,0.9217
002727.SZ,20260811,11.68,12.91,11.68,12.67,11.74,436343.02,554356.78127,7.9216
002728.SZ,20260811,9.35,9.49,9.25,9.29,9.37,183661.76,172242.826,-0.8538
002729.SZ,20260811,13.9,14.38,13.67,14.25,13.98,65209.66,91946.02103,1.9313
002730.SZ,20260811,22.57,22.77,21.89,22.4,22.51,106706.0,239042.7092,-0.4887
002731.SZ,20260811,1.63,1.72,1.63,1.67,1.64,324834.47,54220.88356,1.8293
002732.SZ,20260811,13.85,14.08,13.82,13.96,13.97,16496.0,23009.785,-0.0716
002733.SZ,20260811,19.19,19.42,18.85,19.16,19.19,103466.49,198413.81234,-0.1563
002734.SZ,20260811,16.5,16.51,15.75,15.9,16.56,203246.73,326656.69949,-3.9855
002735.SZ,20260811,11.9,12.11,11.84,12.04,12.01,104680.0,125751.438,0.2498
002736.SZ,20260811,10.16,10.18,10.09,10.09,10.16,187136.06,189488.56381,-0.689
002737.SZ,20260811,13.42,13.74,13.4,13.57,13.5,54928.48,74724.42084,0.5185
002738.SZ,20260811,54.2,55.2,53.09,53.26,54.35,177205.73,959710.88319,-2.0055
002739.SZ,20260811,10.3,10.75,10.12,10.12,9.93,3054447.33,3177487.10436,1.9134
002741.SZ,20260811,24.81,25.56,24.51,24.93,25.16,313791.74,785256.74524,-0.9141
002742.SZ,20260811,4.05,4.35,4.05,4.27,4.31,481210.64,202319.2808,-0.9281
002743.SZ,20260811,4.05,4.08,3.97,4.05,4.05,91390.0,36891.773,0.0
002745.SZ,20260811,11.1,11.42,11.09,11.13,11.17,428693.83,481549.32222,-0.3581
002746.SZ,20260811,6.57,6.65,6.46,6.5,6.57,245150.84,160581.43634,-1.0654
002747.SZ,20260811,34.38,36.62,33.9,36.12,34.63,970399.11,3438624.9835,4.3026
002748.SZ,20260811,12.26,12.26,11.78,11.79,12.0,113849.0,135776.259,-1.75
002749.SZ,20260811,9.04,9.04,8.82,8.84,9.11,53475.49,47569.4701,-2.9638
002752.SZ,20260811,6.04,6.08,5.96,5.99,6.04,90605.69,54513.27414,-0.8278
002753.SZ,20260811,6.25,6.31,6.19,6.23,6.29,23184.0,14449.982,-0.9539
002755.SZ,20260811,13.7,14.05,13.63,13.79,13.8,87213.0,121043.50655,-0.0725
002756.SZ,20260811,48.86,49.28,48.23,48.31,49.21,91082.12,443672.64473,-1.8289
002757.SZ,20260811,18.0,18.15,17.16,17.73,17.48,234194.98,415226.47536,1.4302
002758.SZ,20260811,7.99,8.0,7.84,7.86,7.96,48401.93,38223.62684,-1.2563
002759.SZ,20260811,17.94,19.45,17.67,18.79,18.03,508539.06,948813.31235,4.2152
002760.SZ,20260811,17.79,17.94,17.53,17.71,17.95,33104.0,58732.707,-1.337
002761.SZ,20260811,7.28,7.31,7.1,7.26,7.28,82559.0,59764.619,-0.2747
002762.SZ,20260811,9.03,10.31,8.98,10.31,9.37,234057.94,224857.17091,10.032
002763.SZ,20260811,7.55,7.66,7.54,7.59,7.54,55683.0,42351.329,0.6631
002765.SZ,20260811,7.09,7.23,6.98,7.18,7.09,125173.16,89259.20976,1.2694
002766.SZ,20260811,4.08,4.18,4.02,4.06,4.1,385048.0,157532.59,-0.9756
002767.SZ,20260811,17.55,18.14,17.38,18.06,17.71,31842.51,56969.27253,1.9763
002768.SZ,20260811,59.0,59.55,57.92,58.86,59.26,80095.4,471622.01488,-0.675
002769.SZ,20260811,7.03,7.05,6.91,6.97,7.02,54036.0,37656.288,-0.7123
002771.SZ,20260811,12.9,13.02,12.63,12.88,12.91,37778.0,48574.3,-0.2324
002772.SZ,20260811,10.93,10.98,10.62,10.64,10.93,93024.11,100122.23566,-2.6532
002773.SZ,20260811,22.71,23.38,22.56,23.02,22.86,116054.97,268268.39142,0.6999
002774.SZ,20260811,16.83,16.95,16.01,16.18,17.0,99555.0,162929.436,-4.8235
002775.SZ,20260811,3.87,3.91,3.79,3.85,3.91,221551.32,85514.0972,-1.5345
002777.SZ,20260811,13.56,13.58,13.29,13.36,13.58,65450.0,87777.396,-1.62
002778.SZ,20260811,15.81,16.41,15.57,15.93,15.45,50934.4,81387.649,3.1068
002779.SZ,20260811,74.67,78.55,73.73,76.77,74.41,44163.58,338681.82958,3.1716
002780.SZ,20260811,13.57,13.66,13.41,13.45,13.59,33546.0,45290.712,-1.0302
002782.SZ,20260811,15.45,15.61,15.15,15.41,15.65,104985.0,161581.39498,-1.5335
002783.SZ,20260811,8.02,8.29,7.87,7.89,8.21,291432.64,233094.73031,-3.8977
002785.SZ,20260811,35.2,35.3,34.36,34.72,35.39,45443.0,157662.024,-1.8932
002786.SZ,20260811,7.85,7.87,7.68,7.82,7.84,58266.32,45451.21392,-0.2551
002787.SZ,20260811,21.17,21.69,20.5,21.36,21.34,126472.67,267171.11886,0.0937
002788.SZ,20260811,11.31,12.12,11.31,11.7,11.5,346091.11,407756.91593,1.7391
002789.SZ,20260811,9.75,10.18,9.66,10.03,9.75,19844.4,19726.9894,2.8718
002790.SZ,20260811,5.9,5.93,5.79,5.83,5.9,40326.0,23512.657,-1.1864
002791.SZ,20260811,15.85,16.09,15.43,15.52,15.97,55962.02,87433.1341,-2.8178
002792.SZ,20260811,33.8,35.13,32.32,33.74,34.1,674574.06,2264364.49367,-1.0557
002793.SZ,20260811,5.27,5.44,5.21,5.28,5.3,602404.19,320191.75726,-0.3774
002795.SZ,20260811,6.87,7.14,6.69,7.08,6.87,164580.68,114684.50132,3.0568
002796.SZ,20260811,31.22,31.74,30.52,31.0,31.2,103535.75,322740.98825,-0.641
002797.SZ,20260811,6.56,6.58,6.52,6.53,6.57,345653.53,226377.62354,-0.6088
002798.SZ,20260811,5.62,5.67,5.56,5.59,5.65,59349.0,33383.455,-1.0619
002799.SZ,20260811,6.77,6.86,6.64,6.77,6.76,59627.0,40204.645,0.1479
002800.SZ,20260811,13.79,13.88,13.31,13.62,13.62,35763.0,48827.434,0.0
002801.SZ,20260811,28.2,28.4,27.57,28.27,28.07,16108.05,45199.12525,0.7125
002802.SZ,20260811,11.74,11.74,11.51,11.61,11.74,18350.0,21320.752,-1.1073
002803.SZ,20260811,19.44,19.5,18.57,18.73,19.54,173322.95,330131.96605,-4.1453
002805.SZ,20260811,18.93,19.29,18.79,19.02,19.09,122613.6,233318.5417,-0.3667
002806.SZ,20260811,14.29,14.34,13.88,14.06,14.32,54674.78,77216.48099,-1.8156
002807.SZ,20260811,3.97,3.99,3.93,3.94,3.98,321680.29,127158.63634,-1.005
002809.SZ,20260811,8.3,8.32,8.12,8.25,8.31,46448.7,38225.59843,-0.722
002810.SZ,20260811,20.52,20.91,20.39,20.61,20.61,41099.93,84718.55281,0.0
002811.SZ,20260811,10.54,10.54,10.36,10.4,10.55,26145.0,27293.459,-1.4218
002812.SZ,20260811,55.69,57.2,55.2,55.41,55.95,210575.14,1182737.58796,-0.9651
002813.SZ,20260811,21.14,21.14,20.46,20.84,20.92,14651.48,30437.0742,-0.3824
002815.SZ,20260811,12.85,13.06,12.63,12.87,12.87,260873.96,335422.31829,0.0
002816.SZ,20260811,26.01,26.24,25.53,25.6,26.25,15923.0,41095.26,-2.4762
002817.SZ,20260811,6.58,6.61,6.47,6.53,6.56,51911.9,34006.4412,-0.4573
002818.SZ,20260811,10.9,10.97,10.82,10.85,10.93,26488.9,28847.4822,-0.7319
002819.SZ,20260811,20.69,20.69,20.15,20.33,20.64,20274.0,41303.05,-1.5019
002820.SZ,20260811,9.38,9.5,9.23,9.41,9.41,50100.0,47070.016,0.0
002821.SZ,20260811,174.79,184.3,172.3,175.64,176.0,183990.12,3277116.32584,-0.2045
002822.SZ,20260811,3.15,3.18,3.13,3.16,3.16,54859.0,17296.588,0.0
002823.SZ,20260811,13.34,13.46,13.15,13.37,13.39,41182.85,54903.68366,-0.1494
002824.SZ,20260811,23.03,23.33,22.43,22.77,23.26,122265.56,279641.88442,-2.1066
002825.SZ,20260811,8.64,9.08,8.5,9.02,8.58,82941.05,73648.63792,5.1282
002826.SZ,20260811,17.5,17.85,17.46,17.51,17.79,55873.0,98597.81474,-1.5739
002827.SZ,20260811,59.58,59.58,56.51,58.61,59.58,222706.94,1291521.11534,-1.6281
002828.SZ,20260811,13.51,14.0,12.78,12.89,12.87,503636.1,662240.215,0.1554
002829.SZ,20260811,20.89,21.19,20.59,20.95,21.43,83332.0,174379.40358,-2.2399
002830.SZ,20260811,13.84,14.09,13.55,13.95,13.84,24110.39,33453.67875,0.7948
002831.SZ,20260811,28.22,28.7,27.66,27.78,28.3,84128.19,236740.4649,-1.8375
002832.SZ,20260811,26.07,27.19,25.72,26.25,25.91,176889.74,470193.72888,1.3122
002833.SZ,20260811,18.75,18.75,18.32,18.41,18.8,41672.98,77014.97928,-2.0745
002835.SZ,20260811,12.4,12.48,12.29,12.4,12.45,15619.0,19355.613,-0.4016
002836.SZ,20260811,10.12,10.17,9.88,10.04,10.08,19798.08,19866.23144,-0.3968
002837.SZ,20260811,55.33,55.83,54.08,54.68,55.24,265499.7,1459715.37592,-1.0138
002838.SZ,20260811,25.79,26.27,25.65,25.88,25.99,49839.0,129307.663,-0.4232
002839.SZ,20260811,4.36,4.37,4.32,4.33,4.36,235361.15,102122.36955,-0.6881
002840.SZ,20260811,8.2,8.25,8.08,8.1,8.23,124276.28,101372.1523,-1.5796
002841.SZ,20260811,50.52,50.82,49.52,49.66,51.05,80379.93,402502.52779,-2.7228
002842.SZ,20260811,42.01,42.79,39.9,40.24,42.22,687378.09,2835521.8841,-4.6897
002843.SZ,20260811,16.21,16.48,16.05,16.37,16.37,66797.9,108950.1068,0.0
002845.SZ,20260811,12.93,13.13,12.87,12.98,13.02,66217.6,86230.9678,-0.3072
002846.SZ,20260811,10.77,10.98,10.75,10.87,10.9,63106.6,68595.55308,-0.2752
002847.SZ,20260811,50.29,50.92,49.68,49.96,50.79,42182.0,211558.15701,-1.6342
002848.SZ,20260811,12.95,13.37,12.7,13.26,12.96,72852.0,95236.31599,2.3148
002849.SZ,20260811,16.65,17.11,16.3,16.87,16.5,52771.0,88279.698,2.2424
002850.SZ,20260811,180.0,198.06,179.95,193.83,180.81,85230.27,1630118.37348,7.2009
002851.SZ,20260811,119.82,122.8,117.48,119.0,120.7,213459.68,2563827.70098,-1.4085
002852.SZ,20260811,7.9,7.97,7.83,7.91,7.88,52172.8,41227.662,0.3807
002853.SZ,20260811,21.35,21.58,20.6,21.07,21.35,12474.0,26145.424,-1.3115
002855.SZ,20260811,10.11,10.13,9.9,10.07,10.11,23891.0,23941.223,-0.3956
002856.SZ,20260811,14.25,14.96,13.8,14.74,14.31,45951.0,65418.2726,3.0049
002857.SZ,20260811,16.62,16.75,16.39,16.57,16.63,16746.0,27706.558,-0.3608
002858.SZ,20260811,11.81,11.97,11.75,11.89,11.91,29495.0,34937.65,-0.1679
002859.SZ,20260811,73.93,81.32,73.18,81.32,73.93,193557.46,1521094.49439,9.9959
002860.SZ,20260811,16.54,17.1,16.24,16.66,16.54,124877.0,208247.19536,0.7255
002861.SZ,20260811,16.4,16.7,16.01,16.32,16.36,45164.1,74074.8614,-0.2445
002862.SZ,20260811,13.79,13.9,13.6,13.72,13.82,28346.8,38897.0444,-0.7236
002863.SZ,20260811,4.55,4.57,4.48,4.54,4.55,87543.6,39655.0708,-0.2198
002864.SZ,20260811,22.0,22.26,21.88,21.94,22.06,32013.75,70605.55865,-0.544
002865.SZ,20260811,44.5,45.45,43.7,44.85,46.02,89646.93,399196.71129,-2.5424
002866.SZ,20260811,15.66,15.91,15.5,15.83,15.71,79091.7,124482.4546,0.7638
002867.SZ,20260811,12.92,13.04,12.76,12.76,12.93,57545.88,74151.80097,-1.3148
002868.SZ,20260811,23.35,23.73,22.85,23.35,23.49,16243.0,38019.084,-0.596
002869.SZ,20260811,16.19,16.24,15.94,16.09,16.18,16413.12,26396.84127,-0.5562
002870.SZ,20260811,42.58,44.44,42.19,43.17,42.58,52714.62,227449.37288,1.3856
002871.SZ,20260811,16.48,16.63,16.14,16.45,16.55,22278.88,36489.19852,-0.6042
002872.SZ,20260811,5.35,5.44,5.32,5.32,5.34,30799.0,16534.657,-0.3745
002873.SZ,20260811,8.22,8.43,8.18,8.3,8.26,68375.4,56635.21388,0.4843
002875.SZ,20260811,13.93,14.04,13.64,14.0,13.92,35226.0,48871.002,0.5747
002876.SZ,20260811,27.41,28.09,27.3,27.8,27.68,27336.29,76072.09084,0.4335
002877.SZ,20260811,7.31,7.4,7.24,7.35,7.33,40393.25,29570.85225,0.2729
002878.SZ,20260811,12.6,12.8,12.51,12.71,12.71,44358.08,56218.4072,0.0
002879.SZ,20260811,18.0,18.5,17.9,18.0,18.33,218311.8,397120.5494,-1.8003
002880.SZ,20260811,20.89,21.01,20.67,20.72,20.95,17688.68,36815.10904,-1.0979
002881.SZ,20260811,37.14,38.65,36.65,38.16,37.15,93706.36,356267.21775,2.7187
002882.SZ,20260811,23.0,23.8,22.44,22.51,23.48,198863.63,452862.92188,-4.1312
002883.SZ,20260811,8.8,8.82,8.73,8.8,8.81,11451.0,10053.17,-0.1135
002884.SZ,20260811,16.25,16.41,16.12,16.13,16.3,25516.46,41394.05858,-1.0429
002885.SZ,20260811,31.96,32.0,28.72,30.39,31.91,560462.8,1666494.01809,-4.7634
002886.SZ,20260811,19.56,19.72,19.23,19.5,19.67,53602.0,104521.038,-0.8643
002887.SZ,20260811,10.99,11.01,10.53,10.55,11.0,60596.9,64859.636,-4.0909
002888.SZ,20260811,17.72,18.02,17.39,17.8,17.72,15894.74,28290.6589,0.4515
002889.SZ,20260811,12.18,12.51,12.17,12.42,12.32,63225.41,78444.6197,0.8117
002890.SZ,20260811,14.51,14.59,14.1,14.1,14.59,23522.1,33559.9982,-3.3585
002891.SZ,20260811,31.8,32.25,31.05,31.21,31.87,126742.07,399302.77271,-2.0709
002892.SZ,20260811,9.68,9.77,9.52,9.66,9.69,66907.44,64606.1306,-0.3096
002893.SZ,20260811,9.85,9.92,9.75,9.83,9.89,51019.0,50219.771,-0.6067
002895.SZ,20260811,35.3,35.96,34.21,34.29,35.36,65883.99,230890.34997,-3.026
002896.SZ,20260811,76.0,84.28,75.0,83.0,76.88,248323.53,1971400.88289,7.9605
002897.SZ,20260811,57.35,58.62,56.32,57.18,57.44,71782.65,412337.32394,-0.4526
002899.SZ,20260811,20.21,20.35,19.88,20.13,20.36,22720.0,45650.388,-1.1297
002900.SZ,20260811,14.3,15.8,14.3,14.58,14.83,625697.71,935714.69198,-1.6858
002901.SZ,20260811,44.03,45.54,43.88,44.43,44.2,36156.26,162158.28832,0.5204
002902.SZ,20260811,24.08,24.54,23.79,24.26,24.18,133958.78,324607.52283,0.3309
002903.SZ,20260811,29.1,29.35,27.01,28.15,29.1,161565.4,454255.36705,-3.2646
002905.SZ,20260811,7.95,8.08,7.8,7.86,7.85,90594.0,71750.302,0.1274
002906.SZ,20260811,26.08,26.43,25.9,26.3,26.06,38576.0,101417.30662,0.921
002907.SZ,20260811,13.87,13.97,13.65,13.69,13.9,52498.0,72435.933,-1.5108
002908.SZ,20260811,7.28,7.3,7.1,7.14,7.29,88820.63,63769.33683,-2.0576
002909.SZ,20260811,5.19,5.2,5.08,5.15,5.16,55243.0,28432.01,-0.1938
002910.SZ,20260811,9.39,9.59,9.24,9.49,9.48,77736.0,73668.543,0.1055
002911.SZ,20260811,11.15,11.25,11.09,11.18,11.13,46154.84,51532.09856,0.4492
002912.SZ,20260811,20.62,20.62,20.14,20.28,20.62,46010.6,93634.85405,-1.6489
002913.SZ,20260811,54.85,56.68,52.77,55.46,55.33,90729.16,497389.22814,0.235
002915.SZ,20260811,18.03,18.47,17.82,17.98,18.42,122823.21,221873.49833,-2.3887
002916.SZ,20260811,365.71,395.98,363.01,380.7,372.4,118289.2,4507948.60093,2.2288
002917.SZ,20260811,10.75,10.81,10.6,10.6,10.84,45355.0,48436.956,-2.214
002918.SZ,20260811,9.87,10.03,9.75,9.88,10.01,112254.5,111051.5315,-1.2987
002919.SZ,20260811,18.17,18.75,17.88,18.3,18.05,51114.44,93836.71452,1.385
002920.SZ,20260811,92.28,95.81,92.05,95.16,92.79,98001.71,930349.22992,2.5542
002921.SZ,20260811,22.61,22.61,21.51,22.2,22.61,67779.0,148763.758,-1.8134
002922.SZ,20260811,26.14,26.26,25.35,25.65,26.29,185356.89,477434.0232,-2.4344
002923.SZ,20260811,11.4,11.69,11.3,11.49,11.49,121928.56,140996.6592,0.0
002925.SZ,20260811,23.0,23.98,22.98,23.65,23.21,157131.88,371510.29889,1.8957
002926.SZ,20260811,8.31,8.39,8.3,8.34,8.34,92819.5,77465.44,0.0
002927.SZ,20260811,15.98,16.19,15.52,15.93,16.05,61079.0,97071.872,-0.7477
002928.SZ,20260811,6.49,6.59,6.4,6.5,6.58,332338.55,216095.9936,-1.2158
002929.SZ,20260811,56.29,57.07,53.99,55.2,56.85,138526.02,769916.65475,-2.9024
002930.SZ,20260811,9.03,9.05,8.91,8.94,9.02,48406.06,43431.68564,-0.8869
002931.SZ,20260811,50.94,52.43,50.56,51.45,51.16,92088.06,475555.04431,0.5668
002932.SZ,20260811,15.25,15.28,15.05,15.21,15.26,5859.55,8891.59676,-0.3277
002933.SZ,20260811,27.4,27.55,26.92,27.13,27.62,12355.0,33606.34209,-1.7741
002935.SZ,20260811,16.77,16.88,16.31,16.54,17.06,56174.78,93325.7014,-3.0481
002936.SZ,20260811,1.78,1.79,1.76,1.77,1.77,530854.64,93970.44744,0.0
002937.SZ,20260811,30.1,30.64,29.54,30.02,30.12,52172.0,157034.76314,-0.332
002938.SZ,20260811,96.88,99.4,95.53,96.67,98.52,197643.07,1927181.77177,-1.8778
002939.SZ,20260811,8.32,8.37,8.21,8.24,8.33,344284.0,284439.42755,-1.0804
002940.SZ,20260811,26.26,27.1,26.1,26.67,26.6,119754.5,320663.253,0.2632
002941.SZ,20260811,10.89,11.0,10.78,10.97,10.89,88698.59,96746.88828,0.7346
002942.SZ,20260811,15.73,15.79,15.46,15.6,15.76,11855.3,18464.6941,-1.0152
002943.SZ,20260811,35.78,35.78,33.82,35.0,35.19,141490.17,492587.64173,-0.5399
002945.SZ,20260811,14.5,14.63,14.38,14.44,14.56,107655.18,155981.6369,-0.8242
002946.SZ,20260811,16.87,17.37,16.74,16.95,16.97,99132.01,169044.99533,-0.1179
002947.SZ,20260811,57.49,59.05,57.12,57.91,57.78,43465.18,252972.50704,0.225
002948.SZ,20260811,5.83,5.87,5.72,5.75,5.8,325045.59,188154.9801,-0.8621
002949.SZ,20260811,10.65,10.77,10.5,10.61,10.65,23712.0,25159.926,-0.3756
002950.SZ,20260811,9.49,9.6,9.44,9.48,9.59,61252.57,58283.02708,-1.147
002951.SZ,20260811,15.46,16.76,15.1,15.93,15.47,227395.05,360199.43585,2.9735
002952.SZ,20260811,20.0,20.15,19.62,20.0,20.03,27338.12,54518.20558,-0.1498
002953.SZ,20260811,9.93,10.1,9.81,9.88,9.93,67484.0,66888.98698,-0.5035
002955.SZ,20260811,35.05,36.6,34.8,35.17,35.13,54626.1,195438.954,0.1139
002956.SZ,20260811,18.22,18.4,17.91,17.96,18.18,39119.32,70809.26076,-1.2101
002957.SZ,20260811,38.96,39.9,38.28,38.8,39.21,182981.06,713807.02014,-1.0457
002958.SZ,20260811,3.0,3.02,2.97,2.99,3.01,464855.01,138955.85701,-0.6645
002959.SZ,20260811,34.85,34.98,34.49,34.52,34.84,7011.0,24293.5905,-0.9185
002960.SZ,20260811,8.23,8.3,8.16,8.23,8.23,76681.01,63285.83608,0.0
002961.SZ,20260811,19.69,19.72,19.38,19.45,19.75,35007.04,68246.97045,-1.519
002962.SZ,20260811,13.06,13.15,12.8,13.03,13.25,125123.93,162587.82502,-1.6604
002963.SZ,20260811,17.94,20.09,17.92,20.09,18.26,182952.0,350741.27238,10.0219
002965.SZ,20260811,31.81,32.11,30.71,31.58,32.11,148832.57,467195.51586,-1.6506
002966.SZ,20260811,8.35,8.42,8.27,8.35,8.35,279601.59,233164.41673,0.0
002967.SZ,20260811,17.51,17.6,17.23,17.3,17.66,40733.0,70808.143,-2.0385
002968.SZ,20260811,9.14,9.24,9.08,9.1,9.17,24885.5,22742.8545,-0.7634
002969.SZ,20260811,14.19,14.57,13.69,14.14,14.47,617695.56,872043.16922,-2.2806
002970.SZ,20260811,52.7,55.48,52.39,54.54,53.2,50136.0,273204.57809,2.5188
002971.SZ,20260811,43.83,45.9,43.31,45.0,44.38,287158.0,1282739.8074,1.397
002972.SZ,20260811,13.7,14.0,13.36,13.51,13.74,71307.0,97599.188,-1.6739
002973.SZ,20260811,11.99,12.23,11.54,12.04,11.85,127915.0,153391.646,1.6034
002975.SZ,20260811,99.46,100.18,95.0,97.72,100.99,151304.53,1482832.71238,-3.2379
002976.SZ,20260811,22.2,23.41,21.8,22.98,22.26,44758.3,100867.5671,3.2345
002977.SZ,20260811,21.8,21.86,21.46,21.61,22.0,7843.0,16966.831,-1.7727
002978.SZ,20260811,27.3,27.35,26.83,26.87,27.45,35690.0,96593.9027,-2.1129
002979.SZ,20260811,58.5,61.39,57.5,60.8,58.85,204491.61,1227146.12382,3.3135
002980.SZ,20260811,83.26,85.3,80.73,84.1,84.52,54577.6,454307.0764,-0.4969
002981.SZ,20260811,23.19,23.37,23.07,23.26,23.3,10513.0,24438.8584,-0.1717
002982.SZ,20260811,12.33,12.64,12.25,12.35,12.4,49968.12,61965.078,-0.4032
002983.SZ,20260811,19.85,19.98,19.61,19.79,19.86,15788.99,31260.33813,-0.3525
002984.SZ,20260811,14.49,14.55,14.28,14.32,14.47,60683.0,87320.513,-1.0366
002985.SZ,20260811,26.2,26.31,25.8,26.18,26.44,26856.39,70030.89045,-0.9834
002986.SZ,20260811,12.98,13.19,12.65,12.94,12.8,59452.0,76961.246,1.0938
002987.SZ,20260811,11.35,11.65,11.19,11.37,11.3,183148.94,208845.43344,0.6195
002988.SZ,20260811,21.48,21.53,21.16,21.19,21.56,29620.74,63067.97832,-1.7161
002989.SZ,20260811,23.36,23.5,22.65,22.93,23.43,55176.7,126729.44682,-2.134
002990.SZ,20260811,55.0,55.59,51.5,52.17,56.76,193943.0,1027794.967,-8.0867
002991.SZ,20260811,43.91,43.99,43.15,43.23,43.64,8108.14,35239.31974,-0.9395
002992.SZ,20260811,35.69,35.99,35.29,35.46,36.12,14695.0,52145.395,-1.8272
002993.SZ,20260811,37.81,38.6,37.18,38.04,38.07,54088.05,205412.35565,-0.0788
002995.SZ,20260811,18.37,18.39,17.92,18.25,18.41,65003.72,118472.6054,-0.8691
002996.SZ,20260811,6.36,6.36,6.22,6.25,6.36,75451.3,47467.9836,-1.7296
002997.SZ,20260811,27.6,27.6,27.2,27.21,27.49,16366.0,44805.556,-1.0186
002998.SZ,20260811,8.2,8.2,7.93,7.97,8.17,111307.0,89486.391,-2.448
002999.SZ,20260811,5.88,5.95,5.83,5.87,5.88,64943.0,38260.805,-0.1701
003000.SZ,20260811,10.79,10.89,10.67,10.7,10.85,38355.0,41232.267,-1.3825
003001.SZ,20260811,19.8,19.9,19.17,19.21,19.93,147863.97,286515.21058,-3.6126
003002.SZ,20260811,17.25,17.25,16.67,16.86,17.07,25109.0,42340.195,-1.2302
003003.SZ,20260811,10.91,11.03,10.81,10.86,10.99,33409.0,36394.863,-1.1829
003004.SZ,20260811,66.8,71.48,65.96,68.52,66.5,21758.12,149765.9744,3.0376
003005.SZ,20260811,13.99,14.05,13.67,13.88,13.89,39969.0,55468.5202,-0.072
003006.SZ,20260811,14.61,14.75,14.22,14.24,14.57,53340.0,76775.92,-2.2649
003007.SZ,20260811,39.38,39.99,38.18,39.1,39.6,30732.0,120153.054,-1.2626
003008.SZ,20260811,19.04,19.3,18.77,19.16,19.05,13108.0,24983.164,0.5774
003009.SZ,20260811,49.63,50.25,48.62,49.58,51.81,43541.34,215593.64526,-4.3042
003010.SZ,20260811,27.34,29.98,27.3,29.26,27.65,221377.17,642475.61046,5.8228
003011.SZ,20260811,19.8,20.5,19.38,20.2,19.8,35627.2,71692.6698,2.0202
003012.SZ,20260811,4.76,4.78,4.7,4.71,4.76,71122.19,33653.80587,-1.0504
003013.SZ,20260811,18.1,18.34,17.31,17.47,18.35,67762.61,119130.64774,-4.7956
003015.SZ,20260811,11.76,11.76,11.53,11.59,11.7,40586.0,47073.492,-0.9402
003016.SZ,20260811,6.9,7.01,6.9,6.92,6.97,35665.0,24813.013,-0.7174
003017.SZ,20260811,22.08,22.14,21.81,21.83,22.09,13392.4,29448.9422,-1.177
003018.SZ,20260811,37.8,39.59,37.41,38.58,38.3,106511.94,409968.86846,0.7311
003019.SZ,20260811,24.0,24.13,23.67,23.86,24.06,24068.94,57545.66866,-0.8313
003020.SZ,20260811,18.4,18.85,18.18,18.48,18.45,155990.81,290355.78168,0.1626
003021.SZ,20260811,79.67,81.82,78.4,81.04,79.55,39777.57,320191.43814,1.873
003022.SZ,20260811,20.6,20.7,20.35,20.41,20.59,76201.43,156268.7312,-0.8742
003023.SZ,20260811,23.96,25.88,23.8,25.65,23.95,89485.43,222877.94985,7.0981
003025.SZ,20260811,12.4,12.6,12.33,12.51,12.39,45141.6,56391.17762,0.9685
003026.SZ,20260811,29.28,29.85,28.95,29.25,29.64,66190.0,194598.55896,-1.3158
003027.SZ,20260811,16.7,16.86,16.45,16.69,16.77,15667.0,26118.333,-0.477
003028.SZ,20260811,22.72,22.96,22.13,22.81,22.72,6462.9,14654.5746,0.3961
003029.SZ,20260811,17.1,17.6,16.85,17.19,17.14,80218.77,138252.50138,0.2917
003030.SZ,20260811,22.8,23.21,22.7,22.96,22.97,23050.29,53071.86916,-0.0435
003031.SZ,20260811,112.32,124.01,110.67,117.64,112.74,164222.13,1944295.14095,4.3463
003032.SZ,20260811,11.45,12.66,11.4,11.74,12.03,975315.26,1175518.03095,-2.4106
003033.SZ,20260811,62.87,65.03,62.2,65.0,63.53,10650.0,68128.985,2.3139
003035.SZ,20260811,5.6,5.68,5.54,5.59,5.66,216307.0,121436.951,-1.2367
003036.SZ,20260811,54.02,54.88,52.4,53.5,55.4,134417.11,719802.49212,-3.4296
003037.SZ,20260811,5.8,5.84,5.73,5.78,5.84,32911.0,19044.951,-1.0274
003038.SZ,20260811,11.08,11.19,11.0,11.04,11.14,31761.4,35206.921,-0.8977
003039.SZ,20260811,12.17,12.2,11.97,12.01,12.18,32559.0,39245.75,-1.3957
003040.SZ,20260811,12.56,13.09,12.34,12.6,12.57,334139.96,425914.13746,0.2387
003041.SZ,20260811,43.23,43.79,42.66,43.35,43.24,15059.61,65236.2123,0.2544
003042.SZ,20260811,13.44,13.47,13.21,13.42,13.4,27658.3,36912.7644,0.1493
003043.SZ,20260811,73.0,74.25,70.0,71.71,74.25,69755.17,501145.87266,-3.4209
003816.SZ,20260811,3.95,3.99,3.93,3.98,3.95,759979.9,301856.16386,0.7595
300001.SZ,20260811,36.3,37.81,35.5,35.65,35.36,292087.43,1063785.46101,0.8201
300002.SZ,20260811,8.56,8.62,8.42,8.43,8.59,393119.75,334078.10856,-1.8626
300003.SZ,20260811,13.02,13.26,12.95,13.03,13.11,291318.75,382174.62599,-0.6102
300004.SZ,20260811,8.37,8.42,8.2,8.27,8.45,120684.5,100272.769,-2.1302
300005.SZ,20260811,10.98,11.77,10.78,11.58,11.06,578926.44,651904.01365,4.7016
300006.SZ,20260811,5.38,5.46,5.22,5.32,5.35,419949.89,223390.45171,-0.5607
300007.SZ,20260811,34.54,35.65,34.11,35.14,34.74,135910.01,476811.95201,1.1514
300008.SZ,20260811,6.35,6.36,6.21,6.22,6.4,416098.13,260146.32203,-2.8125
300009.SZ,20260811,8.59,8.78,8.5,8.57,8.52,378755.91,328306.7965,0.5869
300010.SZ,20260811,2.29,2.31,2.27,2.27,2.3,265744.13,60654.85877,-1.3043
300011.SZ,20260811,6.02,6.04,5.93,5.98,6.05,40868.24,24472.866,-1.157
300012.SZ,20260811,14.52,14.55,14.13,14.16,14.55,279783.05,400141.98402,-2.6804
300013.SZ,20260811,3.99,4.17,3.88,4.15,3.96,340482.67,138373.67371,4.798
300014.SZ,20260811,55.4,56.97,55.02,56.05,55.22,542512.08,3043782.90465,1.5031
300015.SZ,20260811,9.0,9.07,8.88,8.9,9.07,932546.39,836997.85472,-1.8743
300016.SZ,20260811,8.5,8.67,8.47,8.52,8.54,212222.89,181856.53243,-0.2342
300017.SZ,20260811,14.84,15.14,14.5,14.81,14.8,1474453.34,2192899.81785,0.0676
300018.SZ,20260811,12.05,12.06,11.75,11.81,12.06,83811.26,99701.95677,-2.073
300019.SZ,20260811,15.0,15.0,14.82,14.83,15.03,45249.98,67412.82864,-1.3307
300020.SZ,20260811,3.59,3.65,3.55,3.56,3.6,73479.0,26332.368,-1.1111
300021.SZ,20260811,3.97,3.98,3.89,3.89,3.98,138169.18,54125.79102,-2.2613
300022.SZ,20260811,8.59,8.59,8.21,8.26,8.6,145491.0,121074.892,-3.9535
300024.SZ,20260811,15.62,16.26,15.44,16.0,15.78,551519.44,874223.27637,1.3942
300025.SZ,20260811,4.97,5.18,4.89,5.09,5.0,142369.0,71848.12415,1.8
300026.SZ,20260811,3.38,3.6,3.38,3.49,3.41,1184510.45,414958.09307,2.346
300027.SZ,20260811,1.78,1.84,1.77,1.82,1.79,298070.01,53948.89998,1.676
300030.SZ,20260811,6.86,6.9,6.78,6.82,6.89,51496.0,35204.099,-1.016
300031.SZ,20260811,21.98,22.1,21.67,21.74,21.93,113185.81,247324.32106,-0.8664
300032.SZ,20260811,3.75,3.81,3.72,3.75,3.76,167220.0,62956.47,-0.266
300033.SZ,20260811,237.8,241.91,235.1,235.99,238.51,115121.06,2749960.23392,-1.0566
300034.SZ,20260811,15.95,15.96,15.75,15.82,16.28,96551.0,153089.6474,-2.8256
300035.SZ,20260811,13.9,13.97,13.75,13.81,13.95,75018.32,103847.09325,-1.0036
300036.SZ,20260811,11.82,11.82,11.52,11.64,11.72,78822.14,91834.33594,-0.6826
300037.SZ,20260811,66.05,67.65,65.2,65.82,66.55,110093.92,732224.27542,-1.0969
300039.SZ,20260811,5.78,6.32,5.76,5.86,5.84,853618.89,511503.14189,0.3425
300040.SZ,20260811,6.6,6.74,6.53,6.64,6.68,506240.0,335959.208,-0.5988
300041.SZ,20260811,11.03,11.11,10.88,10.88,11.02,165327.04,181222.93969,-1.2704
300042.SZ,20260811,41.5,42.82,40.7,41.99,42.55,261019.68,1091541.04564,-1.3161
300043.SZ,20260811,4.9,4.98,4.84,4.87,4.91,287519.0,140877.011,-0.8147
300044.SZ,20260811,5.2,5.27,5.14,5.18,5.21,93912.4,48727.894,-0.5758
300045.SZ,20260811,13.7,13.74,13.36,13.48,13.79,133339.0,180143.353,-2.248
300046.SZ,20260811,24.77,24.96,24.5,24.59,24.84,38197.0,94419.342,-1.0064
300047.SZ,20260811,10.16,10.22,10.03,10.13,10.18,113134.37,114573.82521,-0.4912
300048.SZ,20260811,5.3,5.32,5.22,5.24,5.33,64134.0,33753.069,-1.6886
300049.SZ,20260811,42.19,46.13,42.09,44.88,42.47,145743.03,647058.28058,5.6746
300050.SZ,20260811,6.35,6.35,6.15,6.24,6.32,139014.0,86683.454,-1.2658
300051.SZ,20260811,8.22,9.18,8.05,8.93,8.3,699510.59,611011.88361,7.5904
300052.SZ,20260811,11.29,11.43,11.02,11.16,11.28,181566.0,203996.425,-1.0638
300053.SZ,20260811,12.81,13.03,12.71,12.82,13.21,188537.53,242744.61482,-2.9523
300054.SZ,20260811,77.3,79.0,76.22,76.52,78.65,279162.0,2161364.82865,-2.7082
300055.SZ,20260811,6.17,6.22,6.07,6.11,6.12,141478.93,86985.04688,-0.1634
300056.SZ,20260811,8.71,8.73,8.21,8.38,8.73,146448.43,122167.30232,-4.0092
300057.SZ,20260811,6.51,6.56,6.42,6.5,6.58,240702.23,156825.999,-1.2158
300058.SZ,20260811,16.08,16.1,15.52,15.6,16.08,4098376.27,6458409.23464,-2.9851
300059.SZ,20260811,19.94,20.08,19.83,19.84,20.03,1796453.5,3579513.06955,-0.9486
300061.SZ,20260811,6.74,6.77,6.54,6.7,6.74,139924.89,93570.33919,-0.5935
300062.SZ,20260811,7.17,7.3,7.06,7.2,7.63,838497.2,600457.89682,-5.6356
300063.SZ,20260811,9.52,9.57,9.26,9.35,9.48,359860.0,338768.891,-1.3713
300065.SZ,20260811,16.75,17.07,16.38,16.76,17.5,487846.18,817923.71822,-4.2286
300066.SZ,20260811,5.31,5.4,5.23,5.24,5.38,185644.06,98103.41868,-2.6022
300067.SZ,20260811,5.61,5.67,5.53,5.59,5.62,483434.09,271445.15873,-0.5338
300068.SZ,20260811,4.17,4.26,4.15,4.2,4.18,318770.24,134121.6168,0.4785
300069.SZ,20260811,28.85,29.89,28.3,29.4,29.42,71120.5,207034.6965,-0.068
300070.SZ,20260811,3.51,3.53,3.48,3.5,3.51,244586.56,85672.729,-0.2849
300071.SZ,20260811,4.63,4.65,4.46,4.52,4.6,644169.0,292641.041,-1.7391
300072.SZ,20260811,3.54,3.72,3.54,3.66,3.56,565030.77,206316.00125,2.809
300073.SZ,20260811,42.39,42.55,41.81,42.0,42.48,85402.36,360229.09091,-1.1299
300074.SZ,20260811,3.75,3.83,3.7,3.78,3.77,174973.0,65934.258,0.2653
300075.SZ,20260811,11.2,11.29,11.04,11.18,11.23,83599.0,93441.7138,-0.4452
300076.SZ,20260811,4.72,5.0,4.72,4.82,4.7,165992.02,81245.58705,2.5532
300077.SZ,20260811,19.0,20.4,18.9,19.9,19.17,541931.93,1068407.5093,3.808
300078.SZ,20260811,3.15,3.19,3.08,3.16,3.17,310523.95,97565.91845,-0.3155
300079.SZ,20260811,4.54,4.74,4.49,4.61,4.56,360503.07,165956.96235,1.0965
300080.SZ,20260811,3.76,3.79,3.71,3.76,3.77,117229.0,44016.903,-0.2653
300081.SZ,20260811,3.05,3.07,3.02,3.06,3.05,58082.0,17716.466,0.3279
300082.SZ,20260811,7.96,7.96,7.82,7.85,7.97,52063.0,41023.431,-1.5056
300083.SZ,20260811,14.22,14.59,13.78,14.03,14.57,1094489.74,1553119.26476,-3.7062
300084.SZ,20260811,12.08,12.11,11.69,11.76,12.0,88431.0,104612.686,-2.0
300085.SZ,20260811,30.3,31.1,30.11,30.75,30.58,305885.51,937698.46502,0.5559
300086.SZ,20260811,6.76,6.9,6.75,6.79,6.85,180630.5,123302.2765,-0.8759
300087.SZ,20260811,5.35,5.35,5.28,5.29,5.37,96127.1,51067.2928,-1.4898
300088.SZ,20260811,7.6,7.74,7.52,7.58,7.69,1112367.24,848333.90076,-1.4304
300091.SZ,20260811,2.56,2.64,2.55,2.59,2.55,69475.0,18084.103,1.5686
300092.SZ,20260811,11.66,12.98,11.6,12.69,11.57,194113.22,239049.64782,9.6802
300093.SZ,20260811,23.11,23.45,22.83,22.92,23.4,53266.0,123100.896,-2.0513
300094.SZ,20260811,2.89,2.92,2.85,2.87,2.91,427891.8,123437.2714,-1.3746
300095.SZ,20260811,8.39,8.49,8.17,8.4,8.37,76388.0,63715.567,0.3584
300096.SZ,20260811,9.14,9.34,9.04,9.09,9.15,40355.0,37090.96,-0.6557
300097.SZ,20260811,9.1,9.19,8.83,9.05,9.14,58570.0,53017.05,-0.9847
300098.SZ,20260811,4.66,4.7,4.6,4.66,4.68,274501.48,127637.0471,-0.4274
300099.SZ,20260811,6.2,6.21,6.06,6.11,6.19,114934.53,70469.52442,-1.2924
300100.SZ,20260811,22.95,23.66,22.68,23.38,23.03,96971.21,225942.25233,1.5198
300101.SZ,20260811,15.3,15.33,14.98,15.06,15.28,65509.0,98879.511,-1.4398
300102.SZ,20260811,18.79,19.06,18.39,18.73,19.33,299506.11,562932.6096,-3.104
300103.SZ,20260811,8.06,8.17,7.95,8.0,8.1,42967.51,34527.43,-1.2346
300105.SZ,20260811,8.28,9.34,8.18,8.82,8.16,729601.99,636522.43427,8.0882
300106.SZ,20260811,9.66,9.99,9.64,9.84,9.78,105964.13,104083.00779,0.6135
300107.SZ,20260811,6.46,6.49,6.41,6.46,6.54,90418.04,58366.60688,-1.2232
300109.SZ,20260811,13.63,13.94,13.42,13.68,13.76,64726.63,88251.78233,-0.5814
300110.SZ,20260811,2.82,2.89,2.79,2.84,2.81,317480.0,90470.87,1.0676
300111.SZ,20260811,3.09,3.13,3.04,3.1,3.1,307725.36,95163.47124,0.0
300112.SZ,20260811,9.06,9.26,8.85,9.09,9.14,147423.29,133725.36919,-0.547
300113.SZ,20260811,18.34,18.62,18.01,18.27,18.29,197805.37,363516.09633,-0.1093
300115.SZ,20260811,27.29,28.5,27.22,28.18,27.68,411810.56,1151980.64559,1.8064
300118.SZ,20260811,10.41,10.6,10.15,10.36,10.52,340339.45,352834.47625,-1.5209
300119.SZ,20260811,18.37,18.58,18.11,18.12,18.38,33172.0,60848.415,-1.4146
300120.SZ,20260811,6.83,6.95,6.74,6.88,6.88,199713.0,137012.516,0.0
300121.SZ,20260811,9.73,9.77,9.62,9.67,9.79,75238.34,72917.2428,-1.2257
300122.SZ,20260811,13.32,13.62,13.21,13.33,13.35,299575.38,402081.10317,-0.1498
300123.SZ,20260811,4.42,4.57,4.37,4.55,4.47,266317.9,118504.363,1.7897
300124.SZ,20260811,64.01,65.0,63.79,63.97,64.34,198731.23,1278367.57571,-0.5751
300125.SZ,20260811,9.22,9.76,8.98,9.5,9.46,182787.51,170165.24897,0.4228
300126.SZ,20260811,6.3,6.37,6.18,6.28,6.3,30297.25,18980.03925,-0.3175
300127.SZ,20260811,25.85,25.98,25.39,25.44,26.23,77912.85,199408.24592,-3.0118
300128.SZ,20260811,4.7,4.77,4.66,4.73,4.73,195095.36,92133.05828,0.0
300129.SZ,20260811,8.12,8.28,7.99,8.14,8.38,257120.09,209125.47039,-2.864
300130.SZ,20260811,19.5,19.54,19.15,19.26,19.5,87077.92,167882.3203,-1.2308
300131.SZ,20260811,15.9,16.73,15.56,15.59,16.01,852824.31,1366601.51861,-2.6234
300132.SZ,20260811,6.89,6.97,6.62,6.77,6.83,228205.73,154440.13494,-0.8785
300133.SZ,20260811,7.3,7.36,7.18,7.24,7.3,510965.33,372076.11553,-0.8219
300134.SZ,20260811,8.53,8.7,8.47,8.59,8.63,221874.18,190533.92178,-0.4635
300135.SZ,20260811,3.35,3.38,3.31,3.33,3.35,108238.0,36038.984,-0.597
300136.SZ,20260811,65.98,69.85,64.75,67.29,68.36,674706.28,4540108.20551,-1.5652
300137.SZ,20260811,12.33,12.45,12.03,12.26,12.41,194799.03,238331.95069,-1.2087
300138.SZ,20260811,11.71,11.77,11.37,11.39,11.7,63868.69,73462.99353,-2.6496
300139.SZ,20260811,53.3,54.99,49.31,49.5,52.49,697395.96,3641790.1978,-5.6963
300140.SZ,20260811,5.54,5.67,5.53,5.59,5.54,139477.97,78058.41723,0.9025
300141.SZ,20260811,10.81,11.11,10.63,10.64,11.08,160204.0,172877.727,-3.9711
300142.SZ,20260811,13.06,13.46,13.01,13.19,13.13,835313.21,1110946.60828,0.457
300143.SZ,20260811,7.65,7.81,7.61,7.68,7.74,122814.23,94845.742,-0.7752
300144.SZ,20260811,6.18,6.21,6.12,6.13,6.2,295349.86,181739.84584,-1.129
300145.SZ,20260811,4.42,4.45,4.36,4.38,4.46,480717.69,211625.66009,-1.7937
300146.SZ,20260811,10.08,10.14,9.94,9.98,10.11,152089.08,152535.41856,-1.2859
300147.SZ,20260811,7.58,7.79,7.55,7.56,7.61,70330.12,53854.06356,-0.657
300148.SZ,20260811,3.54,3.55,3.46,3.48,3.53,189715.5,66179.4695,-1.4164
300149.SZ,20260811,10.32,11.9,10.25,11.07,10.48,823317.04,900615.38843,5.6298
300150.SZ,20260811,4.24,4.27,4.16,4.23,4.24,49428.0,20860.618,-0.2358
300151.SZ,20260811,16.01,16.34,15.78,16.05,16.1,94524.07,151958.03449,-0.3106
300152.SZ,20260811,1.7,1.76,1.67,1.68,1.67,366899.0,62477.108,0.5988
300153.SZ,20260811,21.53,22.57,21.53,21.75,21.76,91278.95,200855.04419,-0.046
300154.SZ,20260811,9.59,9.65,9.16,9.33,9.47,104042.5,97421.018,-1.4784
300155.SZ,20260811,4.29,4.34,4.23,4.32,4.3,66857.0,28641.376,0.4651
300157.SZ,20260811,4.5,4.68,4.35,4.38,4.37,830711.4,368167.19189,0.2288
300158.SZ,20260811,5.26,6.16,5.26,6.01,5.26,1150485.69,680233.13103,14.2586
300159.SZ,20260811,3.07,3.11,3.01,3.05,3.09,347034.0,106004.007,-1.2945
300160.SZ,20260811,4.4,4.4,4.33,4.37,4.39,49297.0,21525.469,-0.4556
300161.SZ,20260811,29.79,32.97,29.72,31.63,28.67,174378.47,543101.91825,10.3244
300162.SZ,20260811,7.8,7.84,7.66,7.74,7.91,233879.0,181538.358,-2.1492
300163.SZ,20260811,6.75,6.86,6.61,6.72,6.75,283853.0,190397.101,-0.4444
300164.SZ,20260811,11.18,11.71,10.83,11.66,10.7,2236967.29,2545183.73593,8.972
300165.SZ,20260811,5.36,5.47,5.23,5.39,5.39,121946.0,65448.218,0.0
300166.SZ,20260811,14.18,14.48,13.71,14.18,13.99,574818.03,814537.58093,1.3581
300167.SZ,20260811,4.14,4.51,4.04,4.38,4.15,110855.0,47319.527,5.5422
300168.SZ,20260811,5.22,5.31,5.15,5.23,5.27,167936.24,87879.53828,-0.759
300169.SZ,20260811,5.7,5.79,5.62,5.73,5.76,132695.0,75860.218,-0.5208
300170.SZ,20260811,17.85,18.64,17.24,18.01,17.6,976315.28,1763920.4633,2.3295
300171.SZ,20260811,13.0,14.31,12.96,13.79,13.12,347203.45,475070.44518,5.1067
300172.SZ,20260811,4.61,4.72,4.57,4.61,4.61,229169.16,105928.58326,0.0
300173.SZ,20260811,3.33,3.4,3.32,3.34,3.34,50397.0,16874.487,0.0
300174.SZ,20260811,19.3,20.35,19.22,19.85,19.6,276386.64,551386.3012,1.2755
300175.SZ,20260811,5.78,6.58,5.75,6.17,5.78,282888.24,174682.12224,6.7474
300176.SZ,20260811,5.32,5.33,5.18,5.23,5.33,133425.46,70046.61608,-1.8762
300177.SZ,20260811,6.31,6.35,6.21,6.27,6.37,92525.0,58092.134,-1.5699
300179.SZ,20260811,35.99,36.63,34.86,35.73,35.96,298146.13,1068566.12028,-0.6396
300180.SZ,20260811,4.44,4.46,4.38,4.43,4.43,166296.0,73526.356,0.0
300181.SZ,20260811,14.35,14.8,14.29,14.62,14.36,316954.78,463394.07257,1.8106
300182.SZ,20260811,5.35,5.41,5.27,5.29,5.36,1019428.05,543381.92409,-1.306
300183.SZ,20260811,10.65,10.69,10.48,10.58,10.72,27037.02,28585.46614,-1.306
300184.SZ,20260811,12.58,12.98,12.48,12.66,12.78,644084.98,820334.02067,-0.939
300185.SZ,20260811,2.81,2.82,2.78,2.8,2.82,548859.0,153679.168,-0.7092
300187.SZ,20260811,4.78,4.81,4.74,4.77,4.8,73294.02,34897.07748,-0.625
300188.SZ,20260811,11.03,11.46,10.92,11.21,11.11,176813.95,198636.3088,0.9001
300189.SZ,20260811,4.85,4.9,4.77,4.79,4.89,879293.17,423551.82846,-2.045
300190.SZ,20260811,3.91,3.93,3.77,3.8,3.88,180924.0,69223.819,-2.0619
300191.SZ,20260811,34.63,34.99,33.18,34.09,33.7,270291.32,925559.46189,1.1573
300192.SZ,20260811,13.05,13.67,12.92,13.56,13.14,167866.67,224436.15605,3.1963
300193.SZ,20260811,7.81,8.01,7.75,7.82,7.88,57633.13,45385.59319,-0.7614
300194.SZ,20260811,3.87,3.94,3.85,3.89,3.89,255977.11,99973.18551,0.0
300195.SZ,20260811,5.58,5.61,5.46,5.5,5.59,80038.0,44150.615,-1.61
300196.SZ,20260811,18.0,18.3,17.71,17.89,18.11,138836.0,249812.756,-1.2148
300197.SZ,20260811,1.89,1.94,1.87,1.92,1.9,969778.0,185101.745,1.0526
300198.SZ,20260811,2.22,2.25,2.18,2.21,2.22,67287.0,14898.503,-0.4505
300199.SZ,20260811,24.97,26.95,24.84,25.89,25.24,1090067.38,2851736.43468,2.5753
300200.SZ,20260811,8.76,9.0,8.7,8.91,8.86,114386.89,101707.70541,0.5643
300201.SZ,20260811,16.03,16.76,15.89,15.95,16.14,309723.59,504617.39724,-1.1772
300203.SZ,20260811,12.75,12.79,12.57,12.57,12.72,45078.0,57070.397,-1.1792
300204.SZ,20260811,23.85,24.8,23.65,24.01,24.14,368340.6,890560.23884,-0.5385
300205.SZ,20260811,5.12,5.13,5.05,5.05,5.13,20170.0,10245.942,-1.5595
300206.SZ,20260811,12.49,12.49,12.2,12.24,12.43,35313.0,43539.987,-1.5286
300207.SZ,20260811,18.65,18.84,18.48,18.64,18.79,364659.59,680547.92075,-0.7983
300209.SZ,20260811,38.15,38.68,34.88,34.92,38.39,1639850.81,5982093.47455,-9.0388
300210.SZ,20260811,8.85,8.88,8.71,8.82,8.93,76364.9,67000.514,-1.2318
300211.SZ,20260811,7.64,7.83,7.58,7.8,7.66,25745.4,19832.2742,1.8277
300212.SZ,20260811,8.0,8.65,7.9,8.53,8.04,222464.84,186182.03435,6.0945
300213.SZ,20260811,6.43,6.5,6.35,6.45,6.45,87011.82,56069.84236,0.0
300214.SZ,20260811,12.97,14.19,12.84,13.01,12.58,905443.33,1213952.43821,3.4181
300215.SZ,20260811,6.37,6.38,6.19,6.27,6.37,73937.0,46370.302,-1.5699
300217.SZ,20260811,4.56,4.63,4.47,4.55,4.57,207605.78,94284.06722,-0.4376
300218.SZ,20260811,12.5,12.57,12.38,12.42,12.6,16782.0,20868.844,-1.4286
300219.SZ,20260811,6.89,7.1,6.81,7.0,6.93,179644.0,125058.444,1.0101
300220.SZ,20260811,10.7,10.89,10.58,10.76,10.76,21507.45,23082.9619,0.0
300221.SZ,20260811,13.92,14.01,13.62,13.75,14.02,174282.0,240349.356,-1.9258
300222.SZ,20260811,10.85,10.89,10.67,10.7,10.93,198431.35,213729.28049,-2.1043
300223.SZ,20260811,136.19,141.66,136.19,137.86,138.48,309555.63,4303817.77773,-0.4477
300224.SZ,20260811,11.6,11.65,11.48,11.48,11.68,132113.06,152342.27106,-1.7123
300225.SZ,20260811,7.15,7.47,7.09,7.35,7.25,118913.0,86775.113,1.3793
300226.SZ,20260811,16.67,16.8,16.45,16.47,16.79,54149.05,89721.01688,-1.9059
300227.SZ,20260811,11.7,11.97,11.31,11.61,11.92,252048.24,294795.9014,-2.6007
300228.SZ,20260811,7.51,7.52,7.39,7.4,7.51,84763.0,63056.717,-1.4647
300229.SZ,20260811,15.07,15.48,14.71,14.97,15.07,308902.1,466582.36278,-0.6636
300230.SZ,20260811,4.28,4.28,4.24,4.25,4.29,66528.0,28344.193,-0.9324
300231.SZ,20260811,8.82,8.84,8.63,8.72,8.82,125490.0,109745.01101,-1.1338
300232.SZ,20260811,5.35,5.37,5.28,5.29,5.36,80972.32,43092.25992,-1.306
300233.SZ,20260811,13.96,14.26,13.82,13.97,13.99,132834.04,186084.78772,-0.143
300234.SZ,20260811,9.09,9.48,9.0,9.27,9.15,196251.0,181214.591,1.3115
300235.SZ,20260811,11.45,11.62,11.28,11.52,11.51,38899.56,44678.50662,0.0869
300236.SZ,20260811,93.09,94.68,91.78,92.01,94.5,70254.19,653230.36997,-2.6349
300237.SZ,20260811,2.07,2.09,2.03,2.04,2.05,158552.61,32564.81388,-0.4878
300238.SZ,20260811,11.8,12.1,11.77,11.87,11.92,50804.03,60511.72179,-0.4195
300239.SZ,20260811,5.08,5.13,5.03,5.07,5.1,63521.0,32300.495,-0.5882
300240.SZ,20260811,5.76,5.77,5.65,5.7,5.74,48403.0,27594.904,-0.6969
300241.SZ,20260811,5.53,5.56,5.48,5.5,5.57,145516.0,80316.334,-1.2567
300242.SZ,20260811,4.45,4.5,4.39,4.42,4.49,201063.0,89166.593,-1.559
300243.SZ,20260811,14.7,14.89,14.55,14.64,14.81,117683.85,172921.41385,-1.1479
300244.SZ,20260811,20.81,21.48,20.72,20.91,21.14,358488.77,755543.89271,-1.088
300245.SZ,20260811,5.83,5.87,5.72,5.85,5.82,48058.0,27896.855,0.5155
300246.SZ,20260811,14.32,16.59,14.32,16.03,15.41,353309.63,544978.47124,4.0234
300247.SZ,20260811,3.9,3.93,3.75,3.76,3.87,222239.0,84238.396,-2.8424
300248.SZ,20260811,9.53,9.57,9.25,9.35,9.68,254791.12,238881.77891,-3.4091
300249.SZ,20260811,12.64,13.13,12.09,12.79,12.29,352457.0,447081.61875,4.0683
300250.SZ,20260811,15.75,15.8,15.2,15.58,15.75,76912.0,119507.699,-1.0794
300251.SZ,20260811,11.99,12.28,11.93,12.06,12.02,667070.45,807040.04061,0.3328
300252.SZ,20260811,11.7,11.77,11.5,11.6,11.8,186018.21,216396.57329,-1.6949
300253.SZ,20260811,7.8,8.01,7.66,7.88,7.87,765373.45,604139.33045,0.1271
300254.SZ,20260811,8.79,9.01,8.7,8.87,8.83,113152.5,100102.117,0.453
300255.SZ,20260811,27.64,28.64,27.18,27.56,27.62,577175.36,1610631.63822,-0.2172
300256.SZ,20260811,2.7,2.72,2.66,2.7,2.7,166283.0,44853.922,0.0
300257.SZ,20260811,19.13,19.32,18.66,18.98,19.18,63203.88,120015.39884,-1.0428
300258.SZ,20260811,10.25,10.64,10.13,10.55,10.28,136465.52,142295.0594,2.6265
300259.SZ,20260811,4.34,4.34,4.18,4.2,4.36,573746.0,242046.532,-3.6697
300260.SZ,20260811,59.49,60.13,57.36,58.05,59.61,185473.3,1087467.97456,-2.617
300261.SZ,20260811,5.34,5.41,5.28,5.31,5.4,179793.55,95591.73447,-1.6667
300263.SZ,20260811,10.05,10.19,9.95,9.98,10.16,433721.66,435830.76322,-1.7717
300264.SZ,20260811,6.85,6.94,6.66,6.87,6.87,115688.0,79020.147,0.0
300265.SZ,20260811,14.65,14.69,14.31,14.58,14.79,189840.89,276192.45772,-1.4199
300266.SZ,20260811,1.9,1.92,1.88,1.92,1.9,181535.0,34539.761,1.0526
300267.SZ,20260811,3.27,3.31,3.25,3.25,3.29,305372.68,100039.93368,-1.2158
300268.SZ,20260811,11.65,11.65,11.31,11.46,11.52,18340.17,20972.8958,-0.5208
300269.SZ,20260811,4.88,4.95,4.74,4.89,4.86,172030.0,83504.516,0.6173
300270.SZ,20260811,13.32,13.52,13.04,13.22,13.4,138702.0,184493.959,-1.3433
300271.SZ,20260811,5.77,5.88,5.66,5.84,5.77,160846.09,93080.6602,1.2132
300272.SZ,20260811,5.87,5.92,5.82,5.84,5.89,84255.41,49404.54335,-0.8489
300274.SZ,20260811,113.82,122.21,113.08,120.07,113.71,848249.82,10094967.2863,5.5932
300275.SZ,20260811,9.01,9.16,8.75,8.88,8.84,69728.0,62036.466,0.4525
300276.SZ,20260811,6.9,7.08,6.76,6.87,6.91,432324.26,298620.80408,-0.5789
300277.SZ,20260811,12.66,12.72,12.35,12.4,12.59,99977.04,124428.82956,-1.5091
300278.SZ,20260811,3.93,4.01,3.87,3.95,3.95,152237.0,59987.016,0.0
300279.SZ,20260811,5.73,5.73,5.59,5.66,5.73,96467.0,54615.398,-1.2216
300281.SZ,20260811,6.25,6.75,6.16,6.67,6.27,163816.0,107410.822,6.3796
300283.SZ,20260811,14.52,14.95,14.25,14.59,14.77,485746.0,709260.94874,-1.2187
300284.SZ,20260811,5.46,5.57,5.39,5.55,5.5,163865.54,89691.27372,0.9091
300285.SZ,20260811,74.02,83.64,72.5,72.88,76.11,1995601.46,15519228.3939,-4.2439
300286.SZ,20260811,20.82,20.95,20.56,20.71,20.89,30534.0,63422.065,-0.8617
300287.SZ,20260811,3.88,3.92,3.8,3.87,3.89,311644.34,120504.64461,-0.5141
300288.SZ,20260811,10.23,10.3,10.03,10.16,10.22,46409.0,47156.0196,-0.5871
300289.SZ,20260811,6.03,6.05,5.93,5.98,6.07,63576.0,38048.826,-1.4827
300290.SZ,20260811,6.06,6.36,6.06,6.09,5.98,350557.5,217242.9885,1.8395
300291.SZ,20260811,5.43,5.65,5.4,5.45,5.51,425160.9,232870.5072,-1.0889
300292.SZ,20260811,4.27,4.32,4.23,4.26,4.33,321102.0,137332.343,-1.6166
300293.SZ,20260811,16.22,16.35,16.05,16.17,16.27,61449.48,99604.8672,-0.6146
300294.SZ,20260811,15.7,15.88,15.57,15.72,15.75,59581.44,93608.64448,-0.1905
300295.SZ,20260811,11.94,12.34,11.67,12.33,12.02,33673.0,40474.501,2.579
300296.SZ,20260811,5.44,5.49,5.39,5.41,5.47,339242.0,184095.9,-1.0969
300298.SZ,20260811,16.56,16.84,16.45,16.57,16.6,68895.16,114956.19114,-0.1807
300299.SZ,20260811,5.57,5.61,5.47,5.55,5.56,161043.07,89234.27285,-0.1799
300300.SZ,20260811,8.1,8.34,8.01,8.17,8.2,335926.2,274605.58289,-0.3659
300301.SZ,20260811,3.28,3.36,3.23,3.28,3.25,77009.0,25315.797,0.9231
300302.SZ,20260811,29.73,30.61,29.36,29.98,30.06,184468.49,554369.77273,-0.2661
300303.SZ,20260811,7.2,7.28,7.15,7.2,7.24,356082.37,256974.59844,-0.5525
300304.SZ,20260811,11.6,11.85,11.45,11.68,11.68,204039.64,237920.1546,0.0
300305.SZ,20260811,6.14,6.76,6.08,6.5,6.17,377161.53,243560.39718,5.3485
300306.SZ,20260811,9.8,9.96,9.71,9.88,9.87,23176.22,22771.02484,0.1013
300307.SZ,20260811,7.55,7.85,7.3,7.66,7.6,491095.4,372456.8182,0.7895
300308.SZ,20260811,880.14,898.48,850.4,886.96,864.58,339737.22,29958629.1862,2.5885
300310.SZ,20260811,4.47,4.5,4.38,4.44,4.48,188333.48,83635.33132,-0.8929
300311.SZ,20260811,6.45,6.96,6.25,6.56,6.57,1068855.47,716073.63056,-0.1522
300313.SZ,20260811,8.45,8.48,8.32,8.36,8.45,36969.0,31034.851,-1.0651
300314.SZ,20260811,10.43,11.09,10.35,10.69,10.54,83697.0,89599.671,1.4231
300315.SZ,20260811,4.33,4.39,4.28,4.31,4.35,529439.93,228793.39797,-0.9195
300316.SZ,20260811,41.4,43.19,41.2,42.47,41.66,182679.07,774434.97838,1.9443
300317.SZ,20260811,4.79,4.97,4.71,4.85,4.84,1309240.52,634794.58324,0.2066
300318.SZ,20260811,4.99,5.13,4.99,5.07,5.03,91750.0,46589.315,0.7952
300319.SZ,20260811,16.29,18.57,16.21,17.79,16.53,1927103.01,3390123.68659,7.6225
300320.SZ,20260811,8.38,8.4,8.24,8.26,8.38,42139.0,34942.65,-1.432
300321.SZ,20260811,33.65,33.9,32.45,33.1,33.23,28258.5,93439.1565,-0.3912
300322.SZ,20260811,18.16,18.63,18.04,18.26,18.44,188273.88,344883.46158,-0.9761
300323.SZ,20260811,11.87,12.37,11.79,12.04,12.0,499125.69,603357.93852,0.3333
300324.SZ,20260811,3.8,3.83,3.72,3.77,3.81,236766.0,89425.499,-1.0499
300326.SZ,20260811,6.22,6.25,6.16,6.2,6.25,38862.5,24152.5245,-0.8
300327.SZ,20260811,22.65,23.18,22.55,22.92,22.87,80871.76,185305.11837,0.2186
300328.SZ,20260811,14.88,14.95,14.4,14.43,14.87,283480.29,415973.54411,-2.959
300329.SZ,20260811,12.4,12.4,11.94,12.03,12.34,30315.0,36577.427,-2.5122
300331.SZ,20260811,46.27,50.68,45.5,48.75,46.76,175768.47,847357.91528,4.2558
300332.SZ,20260811,4.9,4.96,4.84,4.88,4.87,208195.17,101853.17178,0.2053
300334.SZ,20260811,8.5,8.64,8.39,8.56,8.65,67189.0,57182.195,-1.0405
300335.SZ,20260811,5.58,5.58,5.46,5.51,5.59,141943.0,78243.136,-1.4311
300337.SZ,20260811,10.32,10.39,10.08,10.23,10.56,196203.28,201328.30135,-3.125
300338.SZ,20260811,2.83,2.87,2.79,2.86,2.84,32801.0,9303.827,0.7042
300339.SZ,20260811,38.21,38.43,37.55,37.67,38.17,171308.72,649263.55928,-1.3099
300340.SZ,20260811,8.66,8.69,8.51,8.6,8.67,43472.0,37374.362,-0.8074
300341.SZ,20260811,13.22,13.34,13.1,13.22,13.36,33183.0,43883.769,-1.0479
300342.SZ,20260811,35.93,36.11,34.59,35.51,37.0,174193.52,619437.9193,-4.027
300343.SZ,20260811,6.1,6.17,6.01,6.05,6.15,241959.0,146560.488,-1.626
300345.SZ,20260811,6.48,7.05,6.36,6.81,6.37,568932.65,382206.3743,6.9074
300346.SZ,20260811,58.51,59.92,57.86,58.75,59.39,465794.78,2745715.93083,-1.0776
300347.SZ,20260811,54.6,56.55,54.02,54.69,54.97,249555.77,1373902.48136,-0.5094
300348.SZ,20260811,9.6,9.62,9.42,9.5,9.53,135252.0,128794.46226,-0.3148
300349.SZ,20260811,10.72,10.86,10.55,10.63,10.72,77354.59,82827.06538,-0.8396
300350.SZ,20260811,4.44,4.44,4.33,4.38,4.42,85089.2,37204.9426,-0.905
300351.SZ,20260811,14.19,14.26,13.94,14.14,14.2,63894.35,90244.81772,-0.4225
300352.SZ,20260811,2.51,2.61,2.48,2.51,2.51,237982.58,60412.58048,0.0
300353.SZ,20260811,20.03,20.2,19.53,19.58,20.28,169267.0,335086.78664,-3.4517
300354.SZ,20260811,30.71,31.03,30.19,30.49,31.07,18760.86,57371.72224,-1.8668
300355.SZ,20260811,2.97,2.98,2.93,2.97,2.98,175916.23,52028.85339,-0.3356
300357.SZ,20260811,24.89,25.98,24.81,25.39,25.01,163042.55,416308.72946,1.5194
300358.SZ,20260811,9.1,9.39,9.01,9.15,9.18,353278.52,325753.31881,-0.3268
300359.SZ,20260811,4.41,4.44,4.25,4.35,4.42,268119.0,116940.86,-1.5837
300360.SZ,20260811,12.41,12.41,12.2,12.23,12.43,36900.0,45313.6,-1.609
300363.SZ,20260811,21.65,22.51,21.2,21.79,21.65,602297.0,1314059.08262,0.6467
300364.SZ,20260811,25.72,25.93,24.86,25.22,25.7,533597.39,1353652.76638,-1.8677
300365.SZ,20260811,4.82,4.84,4.73,4.8,4.83,99943.31,47901.59294,-0.6211
300366.SZ,20260811,5.04,5.22,5.04,5.07,5.06,90578.0,46485.639,0.1976
300368.SZ,20260811,9.5,9.85,9.2,9.62,9.47,391286.13,374469.59775,1.5839
300369.SZ,20260811,7.52,8.36,7.49,7.93,7.51,1154345.02,922286.67244,5.5925
300370.SZ,20260811,2.17,2.21,2.15,2.19,2.16,308919.0,67342.848,1.3889
300371.SZ,20260811,10.39,10.45,10.25,10.35,10.39,16926.89,17499.04648,-0.385
300373.SZ,20260811,93.5,99.2,92.77,96.2,94.11,156453.75,1509709.35081,2.2208
300374.SZ,20260811,11.09,11.23,11.0,11.07,11.19,26334.0,29241.969,-1.0724
300375.SZ,20260811,3.99,4.02,3.93,3.99,4.0,79935.0,31799.229,-0.25
300376.SZ,20260811,4.91,4.99,4.77,4.86,4.82,335660.96,164269.52724,0.8299
300377.SZ,20260811,14.29,14.59,14.07,14.5,14.29,314580.63,452835.94242,1.4696
300378.SZ,20260811,36.9,36.9,35.66,35.86,36.52,87907.43,317299.72591,-1.8072
300380.SZ,20260811,30.0,30.3,29.6,29.83,30.3,19712.0,58978.523,-1.5512
300381.SZ,20260811,6.12,6.17,6.05,6.06,6.15,57325.5,35040.7775,-1.4634
300382.SZ,20260811,14.14,14.44,13.86,14.12,14.25,165796.42,234613.44978,-0.9123
300383.SZ,20260811,13.62,13.65,13.29,13.33,13.44,561740.14,755641.12507,-0.8185
300384.SZ,20260811,12.45,12.48,12.3,12.33,12.45,18189.0,22509.51582,-0.9639
300385.SZ,20260811,10.9,11.06,10.72,10.97,11.0,33986.0,37025.193,-0.2727
300386.SZ,20260811,11.6,11.82,11.4,11.54,11.78,152880.07,177286.56246,-2.0374
300387.SZ,20260811,7.31,7.37,7.23,7.27,7.34,38248.0,27926.984,-0.9537
300388.SZ,20260811,6.91,6.97,6.83,6.84,6.92,48249.0,33297.237,-1.1561
300389.SZ,20260811,12.48,12.56,12.34,12.38,12.6,65527.0,81534.405,-1.746
300390.SZ,20260811,61.8,63.16,61.06,61.75,62.46,307120.57,1913137.25101,-1.1367
300393.SZ,20260811,6.26,6.37,6.19,6.29,6.31,132342.65,83286.8152,-0.317
300394.SZ,20260811,218.22,228.58,216.88,222.49,223.03,318682.6,7116847.85102,-0.2421
300395.SZ,20260811,86.8,89.91,86.5,87.94,86.95,242770.54,2141114.82439,1.1386
300396.SZ,20260811,7.41,7.48,7.29,7.4,7.48,31161.0,23011.542,-1.0695
300397.SZ,20260811,11.55,11.64,11.21,11.28,11.9,309929.05,351132.8829,-5.2101
300398.SZ,20260811,36.28,37.65,35.85,36.68,36.5,355742.09,1308732.99242,0.4932
300399.SZ,20260811,17.83,17.88,17.43,17.63,17.82,25140.0,44317.152,-1.0662
300400.SZ,20260811,31.51,32.0,29.58,30.11,30.9,144090.25,437204.04306,-2.5566
300401.SZ,20260811,14.46,15.5,14.34,15.0,14.55,446066.48,667898.599,3.0928
300402.SZ,20260811,15.15,15.15,14.86,14.87,15.33,29429.0,44025.41724,-3.0007
300403.SZ,20260811,9.75,9.83,9.48,9.64,9.78,171123.98,165135.18972,-1.4315
300404.SZ,20260811,11.1,12.43,11.01,11.79,11.23,530014.05,620139.78519,4.9866
300405.SZ,20260811,5.62,5.68,5.52,5.62,5.62,72296.0,40430.2635,0.0
300406.SZ,20260811,11.8,11.92,11.71,11.83,11.83,42986.0,50913.579,0.0
300407.SZ,20260811,12.78,13.29,12.56,12.57,12.78,137358.0,176251.837,-1.6432
300408.SZ,20260811,123.0,137.77,123.0,130.05,126.9,902245.94,11911361.7371,2.4823
300409.SZ,20260811,18.9,18.97,18.6,18.65,19.07,205616.26,385442.53865,-2.2024
300410.SZ,20260811,7.8,7.93,7.73,7.79,7.87,118638.0,92627.41342,-1.0165
300411.SZ,20260811,7.48,7.57,7.36,7.5,7.52,59129.0,44238.323,-0.266
300412.SZ,20260811,4.42,4.63,4.39,4.53,4.47,151396.4,68173.9912,1.3423
300413.SZ,20260811,16.1,16.27,15.99,16.02,16.18,124664.23,200655.49168,-0.9889
300414.SZ,20260811,11.75,11.85,11.53,11.79,11.85,123266.86,144122.67989,-0.5063
300415.SZ,20260811,21.19,21.98,20.96,21.53,21.21,100338.14,216178.38684,1.5087
300416.SZ,20260811,15.16,15.19,14.85,14.86,15.35,171657.23,257762.41123,-3.1922
300417.SZ,20260811,10.9,11.06,10.71,10.94,10.94,26904.0,29304.915,0.0
300418.SZ,20260811,44.46,44.46,42.97,43.28,44.28,529552.98,2309799.50955,-2.2584
300419.SZ,20260811,9.59,9.6,8.98,9.15,9.58,143615.0,133027.702,-4.4885
300420.SZ,20260811,8.0,8.13,7.8,7.95,8.15,715853.5,570676.7151,-2.454
300421.SZ,20260811,17.7,18.12,17.32,17.8,17.7,74565.02,132522.73246,0.565
300422.SZ,20260811,4.64,4.68,4.57,4.61,4.66,102948.49,47629.46146,-1.073
300423.SZ,20260811,5.94,6.09,5.78,5.88,5.89,100514.47,59128.22696,-0.1698
300424.SZ,20260811,14.48,14.56,14.07,14.41,14.61,80257.53,114809.21436,-1.3689
300425.SZ,20260811,4.08,4.09,4.02,4.05,4.07,77963.36,31554.85572,-0.4914
300426.SZ,20260811,6.84,7.8,6.84,7.8,6.5,570228.65,421059.2093,20.0
300427.SZ,20260811,7.1,7.15,6.93,7.0,7.24,351047.78,246467.07756,-3.3149
300428.SZ,20260811,19.33,19.48,18.92,18.94,19.38,87402.24,167401.99664,-2.2704
300429.SZ,20260811,10.5,10.71,10.38,10.6,10.64,155590.86,164565.46019,-0.3759
300430.SZ,20260811,4.7,4.92,4.66,4.91,4.72,78956.24,37805.65188,4.0254
300432.SZ,20260811,16.18,16.5,16.02,16.33,16.22,325788.2,532122.14385,0.6782
300433.SZ,20260811,34.5,35.19,33.92,34.6,34.89,755482.86,2622366.87887,-0.8312
300434.SZ,20260811,11.44,12.05,11.36,11.77,11.6,272388.14,321185.2012,1.4655
300435.SZ,20260811,17.11,17.29,16.99,17.04,17.32,78994.37,135194.47788,-1.6166
300436.SZ,20260811,95.77,102.66,94.8,100.6,96.7,103545.28,1024077.09649,4.0331
300437.SZ,20260811,11.31,11.49,11.11,11.18,11.33,54181.45,60897.4923,-1.3239
300438.SZ,20260811,62.42,65.8,62.28,65.12,62.81,295901.64,1911918.85681,3.6778
300439.SZ,20260811,9.22,9.25,9.08,9.11,9.24,32892.0,30101.291,-1.4069
300440.SZ,20260811,19.45,19.48,18.61,18.9,19.38,111235.02,211354.48976,-2.4768
300441.SZ,20260811,6.99,6.99,6.89,6.89,6.95,50963.52,35362.18812,-0.8633
300442.SZ,20260811,68.93,69.37,66.58,67.85,67.68,273142.11,1860746.43167,0.2512
300443.SZ,20260811,21.28,21.28,20.85,20.94,21.28,44434.38,93490.38218,-1.5977
300444.SZ,20260811,11.24,11.39,10.99,11.29,11.42,798955.0,892112.732,-1.1384
300445.SZ,20260811,19.17,19.18,18.78,18.84,19.27,17693.6,33545.322,-2.2314
300446.SZ,20260811,14.03,14.05,13.8,13.87,14.14,61670.99,85775.93204,-1.9095
300447.SZ,20260811,13.9,13.98,13.59,13.8,14.05,31333.85,43131.0623,-1.7794
300448.SZ,20260811,5.76,5.85,5.62,5.78,5.78,131464.0,75800.964,0.0
300449.SZ,20260811,7.18,8.3,7.06,7.77,7.19,270009.34,208026.34442,8.0668
300450.SZ,20260811,34.89,35.66,34.76,34.9,35.05,317430.47,1117376.41225,-0.428
300451.SZ,20260811,3.66,3.72,3.61,3.68,3.69,212367.4,77921.4523,-0.271
300452.SZ,20260811,12.78,12.86,12.65,12.71,12.78,40603.35,51839.39471,-0.5477
300453.SZ,20260811,9.69,9.73,9.33,9.38,9.71,189408.99,180197.05435,-3.3986
300454.SZ,20260811,125.69,129.29,122.0,125.55,124.06,197922.35,2499646.9077,1.201
300455.SZ,20260811,19.21,19.44,18.78,19.2,19.85,80681.4,155081.91492,-3.2746
300456.SZ,20260811,31.14,32.28,31.02,31.6,31.47,173333.62,548057.7677,0.4131
300457.SZ,20260811,20.38,20.65,20.2,20.31,20.42,73170.83,149210.378,-0.5387
300458.SZ,20260811,33.58,35.98,33.54,34.74,33.99,760659.8,2644333.6122,2.2065
300459.SZ,20260811,3.82,3.86,3.76,3.8,3.82,718859.51,273781.18644,-0.5236
300460.SZ,20260811,8.62,8.98,8.55,8.76,8.67,30561.0,26876.516,1.0381
300461.SZ,20260811,31.73,36.88,31.05,35.36,31.88,117175.0,405703.40184,10.9159
300462.SZ,20260811,11.43,11.45,11.21,11.4,11.43,5793.0,6582.956,-0.2625
300463.SZ,20260811,9.37,9.59,9.35,9.45,9.42,95759.57,90901.87883,0.3185
300464.SZ,20260811,6.6,6.75,6.42,6.57,6.6,85852.0,56591.532,-0.4545
300465.SZ,20260811,12.89,12.96,12.54,12.66,12.82,135325.76,172417.94596,-1.248
300466.SZ,20260811,7.45,7.5,7.31,7.43,7.43,53014.0,39275.835,0.0
300467.SZ,20260811,34.54,35.16,34.06,34.51,34.54,31806.0,110408.602,-0.0869
300468.SZ,20260811,21.87,22.05,21.46,21.79,21.82,190622.42,414790.27797,-0.1375
300469.SZ,20260811,61.26,62.83,58.08,58.08,60.73,81009.91,481351.13794,-4.3636
300470.SZ,20260811,29.87,29.88,29.49,29.58,29.9,13955.0,41301.503,-1.0702
300471.SZ,20260811,9.8,9.81,9.63,9.68,9.81,43545.51,42165.33974,-1.3252
300472.SZ,20260811,6.99,7.17,6.9,7.14,6.92,36405.0,25620.388,3.1792
300473.SZ,20260811,22.7,23.43,22.51,22.96,22.62,52434.5,120027.3975,1.5031
300474.SZ,20260811,53.36,53.76,52.8,53.12,54.09,71932.62,383473.5446,-1.7933
300475.SZ,20260811,154.0,161.8,153.3,158.0,156.64,293817.59,4641486.31062,0.8682
300476.SZ,20260811,280.0,282.77,272.0,274.53,286.0,426629.33,11819117.3799,-4.0105
300477.SZ,20260811,2.64,2.66,2.62,2.63,2.69,184146.0,48580.825,-2.2305
300478.SZ,20260811,30.26,30.71,29.35,29.69,30.47,37393.0,112424.312,-2.5599
300479.SZ,20260811,14.19,14.19,13.79,14.03,14.09,28990.0,40593.998,-0.4258
300480.SZ,20260811,34.57,35.57,34.02,34.28,35.13,184821.49,638484.77361,-2.4196
300481.SZ,20260811,13.99,13.99,13.79,13.8,14.01,63503.94,88175.41078,-1.4989
300482.SZ,20260811,17.8,17.96,17.69,17.74,17.89,55520.87,98955.35914,-0.8385
300483.SZ,20260811,24.01,25.0,23.56,24.88,23.68,187446.06,457565.18717,5.0676
300484.SZ,20260811,13.24,14.08,13.08,13.75,13.25,98951.02,135170.37406,3.7736
300485.SZ,20260811,9.7,10.01,9.65,9.94,9.78,131501.0,129811.986,1.636
300486.SZ,20260811,20.08,20.08,19.6,19.71,20.11,57655.75,114060.59625,-1.9891
300487.SZ,20260811,69.51,69.52,67.21,67.74,69.79,71405.17,488267.31643,-2.9374
300488.SZ,20260811,32.1,32.59,31.35,32.01,32.33,53472.44,171252.45236,-0.9898
300489.SZ,20260811,233.05,237.0,217.2,222.0,237.0,146143.5,3270288.7965,-6.3291
300490.SZ,20260811,12.22,12.39,11.85,11.94,12.19,167792.0,201472.956,-2.0509
300491.SZ,20260811,27.98,28.39,26.91,27.85,28.19,88578.0,245253.07876,-1.2061
300492.SZ,20260811,26.51,27.27,26.36,26.61,26.61,46348.36,124263.19828,0.0
300493.SZ,20260811,12.93,13.14,12.77,12.94,12.99,96095.78,124572.53052,-0.3849
300494.SZ,20260811,8.83,8.96,8.77,8.81,8.9,93635.0,82935.11832,-1.0112
300496.SZ,20260811,61.51,62.06,60.77,61.3,61.53,103417.27,636289.21025,-0.3738
300497.SZ,20260811,18.9,19.0,18.41,18.65,19.03,310269.3,578613.91989,-1.9968
300498.SZ,20260811,14.0,14.13,13.75,13.77,14.04,519556.37,722413.83663,-1.9231
300499.SZ,20260811,28.7,29.0,28.03,28.29,28.35,158295.23,451979.56816,-0.2116
300500.SZ,20260811,9.41,9.44,9.21,9.34,9.41,33855.1,31630.5145,-0.7439
300501.SZ,20260811,10.27,10.5,10.09,10.38,10.28,31508.26,32490.82694,0.9728
300502.SZ,20260811,410.2,420.58,398.88,415.3,399.6,483612.25,19977399.8933,3.9289
300503.SZ,20260811,72.42,77.0,71.0,75.35,72.24,280457.51,2090963.23693,4.3051
300504.SZ,20260811,14.56,14.71,14.3,14.56,14.65,49775.0,72200.9,-0.6143
300505.SZ,20260811,19.35,19.62,19.05,19.11,19.55,134271.26,258908.99793,-2.2506
300506.SZ,20260811,4.99,5.36,4.91,5.28,5.11,626154.08,321246.64789,3.3268
300507.SZ,20260811,6.64,6.66,6.52,6.54,6.67,76503.85,50297.91317,-1.949
300508.SZ,20260811,45.98,47.36,44.91,46.63,46.55,45255.0,209532.6484,0.1719
300509.SZ,20260811,8.62,8.7,8.44,8.62,8.63,39132.67,33518.20411,-0.1159
300510.SZ,20260811,3.52,3.54,3.44,3.51,3.55,253847.0,88737.439,-1.1268
300511.SZ,20260811,5.44,5.49,5.35,5.36,5.49,152873.22,82612.27664,-2.3679
300512.SZ,20260811,7.18,7.26,7.12,7.22,7.21,27869.5,20059.583,0.1387
300513.SZ,20260811,7.26,7.37,7.17,7.26,7.29,49545.0,35990.204,-0.4115
300514.SZ,20260811,9.75,9.85,9.57,9.76,9.73,25025.75,24296.0515,0.3083
300515.SZ,20260811,16.05,16.36,15.95,15.97,16.13,46388.0,74680.573,-0.9919
300516.SZ,20260811,30.98,31.27,30.41,30.87,31.47,38851.53,119800.90224,-1.9066
300517.SZ,20260811,10.0,10.6,9.97,10.47,10.09,57394.9,59142.3648,3.7661
300518.SZ,20260811,25.02,25.59,23.94,24.4,25.08,102504.32,253479.44328,-2.7113
300519.SZ,20260811,14.26,14.5,14.2,14.28,14.35,47884.0,68811.102,-0.4878
300520.SZ,20260811,27.02,27.07,25.83,25.95,26.99,109998.59,288190.90588,-3.8533
300521.SZ,20260811,23.9,24.9,23.66,24.31,24.21,38074.0,92662.303,0.4131
300522.SZ,20260811,13.59,14.02,13.28,13.67,13.67,145806.6,198993.8566,0.0
300523.SZ,20260811,19.81,20.13,19.78,19.83,20.0,17895.0,35646.349,-0.85
300525.SZ,20260811,9.05,9.09,8.85,8.93,9.0,186776.03,167414.43526,-0.7778
300527.SZ,20260811,7.92,8.06,7.88,7.89,7.96,68148.0,54171.14,-0.8794
300528.SZ,20260811,14.89,15.66,14.5,15.03,14.8,405611.89,613690.50806,1.5541
300529.SZ,20260811,16.28,16.86,16.18,16.37,16.41,134132.83,220716.64672,-0.2438
300530.SZ,20260811,20.5,20.74,20.0,20.3,20.73,99825.0,203469.1855,-2.0743
300531.SZ,20260811,17.0,17.26,16.82,16.9,17.14,128035.0,218723.683,-1.4002
300532.SZ,20260811,7.18,7.18,7.06,7.07,7.23,100116.62,71057.51347,-2.213
300533.SZ,20260811,15.55,15.65,15.31,15.51,15.51,55219.18,85434.50269,0.0
300534.SZ,20260811,15.54,16.95,15.54,15.7,15.88,934963.08,1527971.18022,-1.1335
300535.SZ,20260811,15.38,15.75,15.1,15.65,15.5,31796.8,49018.90582,0.9677
300536.SZ,20260811,8.98,9.21,8.82,9.11,9.04,78306.0,70635.138,0.7743
300537.SZ,20260811,19.95,20.29,19.81,20.02,20.22,70533.0,141449.925,-0.9891
300538.SZ,20260811,15.16,15.16,14.7,14.92,15.08,34001.0,50646.602,-1.061
300539.SZ,20260811,19.35,19.92,18.97,19.66,19.4,78204.0,152693.756,1.3402
300540.SZ,20260811,33.42,34.12,33.02,33.19,34.12,183962.64,616417.90544,-2.7257
300541.SZ,20260811,10.79,10.79,10.58,10.6,10.79,97153.98,103604.21234,-1.7609
300542.SZ,20260811,12.21,12.41,12.08,12.28,12.2,46041.0,56543.152,0.6557
300543.SZ,20260811,7.83,7.95,7.7,7.88,7.84,55150.0,43297.677,0.5102
300545.SZ,20260811,28.26,28.85,28.19,28.4,28.65,46531.0,132641.067,-0.8726
300546.SZ,20260811,16.61,16.67,16.29,16.39,16.76,48671.96,80015.6125,-2.2076
300547.SZ,20260811,25.3,25.75,25.02,25.34,25.42,49577.0,126127.536,-0.3147
300548.SZ,20260811,168.44,178.0,167.01,173.91,171.15,148904.76,2588820.92581,1.6126
300549.SZ,20260811,14.1,14.29,13.92,14.14,14.17,14622.0,20607.821,-0.2117
300550.SZ,20260811,12.1,12.39,11.81,12.34,12.13,46221.8,56242.47068,1.7312
300551.SZ,20260811,10.48,10.62,10.12,10.24,10.31,93731.0,96571.584,-0.679
300552.SZ,20260811,22.09,22.89,21.71,22.84,22.23,152458.58,344362.04134,2.744
300553.SZ,20260811,45.55,45.84,43.74,45.39,45.55,37217.58,167110.05014,-0.3513
300554.SZ,20260811,20.92,20.95,20.54,20.7,20.98,24947.0,51783.254,-1.3346
300555.SZ,20260811,12.54,12.7,12.38,12.39,12.54,11081.0,13875.307,-1.1962
300556.SZ,20260811,16.24,16.58,16.08,16.37,16.23,54188.0,88706.989,0.8626
300557.SZ,20260811,26.24,26.84,25.91,26.32,26.23,29466.62,77991.8516,0.3431
300558.SZ,20260811,69.78,71.36,67.9,68.12,69.88,187684.27,1304123.72488,-2.5186
300559.SZ,20260811,11.35,11.4,11.07,11.13,11.42,83921.0,93910.585,-2.5394
300560.SZ,20260811,16.74,16.74,16.08,16.13,16.76,98599.5,160161.2125,-3.7589
300561.SZ,20260811,17.94,18.15,17.48,17.65,18.06,223205.61,396580.91517,-2.2702
300562.SZ,20260811,15.55,16.06,15.5,15.65,15.98,136436.4,215239.5072,-2.0651
300563.SZ,20260811,23.74,23.95,23.52,23.55,23.92,21064.0,49917.418,-1.5468
300564.SZ,20260811,12.7,12.71,12.33,12.42,12.75,31204.0,38896.479,-2.5882
300565.SZ,20260811,9.91,9.91,9.66,9.8,9.78,92691.5,90726.287,0.2045
300566.SZ,20260811,27.31,27.68,26.18,26.64,28.21,220461.64,593315.95548,-5.5654
300567.SZ,20260811,231.85,233.8,218.94,222.5,235.66,92134.57,2081515.39405,-5.5843
300568.SZ,20260811,14.01,14.15,13.64,13.87,14.13,624494.23,868956.29104,-1.8401
300569.SZ,20260811,4.98,4.98,4.88,4.91,4.99,101239.59,49852.01905,-1.6032
300570.SZ,20260811,139.21,143.86,137.0,140.45,141.99,138421.25,1944304.58083,-1.0846
300571.SZ,20260811,33.87,34.2,33.02,33.67,34.09,57380.0,193627.827,-1.232
300572.SZ,20260811,20.27,21.13,19.9,20.72,20.45,39020.0,80391.269,1.3203
300573.SZ,20260811,42.68,44.17,42.6,43.05,42.95,115526.01,503034.06987,0.2328
300575.SZ,20260811,5.68,5.68,5.55,5.59,5.64,117478.0,65855.7115,-0.8865
300576.SZ,20260811,32.25,33.88,31.31,32.9,32.74,391766.05,1269458.13379,0.4887
300577.SZ,20260811,18.22,18.27,17.94,18.05,18.36,30618.0,55400.037,-1.6885
300578.SZ,20260811,16.55,16.74,16.28,16.51,16.71,24639.0,40629.298,-1.1969
300579.SZ,20260811,22.88,22.88,22.21,22.51,22.45,29078.94,65547.98552,0.2673
300580.SZ,20260811,20.77,22.24,20.6,21.96,20.93,195532.26,422007.03666,4.9212
300581.SZ,20260811,10.3,10.35,10.04,10.25,10.53,164794.03,168076.28053,-2.6591
300582.SZ,20260811,11.24,11.32,11.03,11.2,11.25,38115.0,42635.846,-0.4444
300583.SZ,20260811,13.02,13.09,12.8,12.87,13.03,29864.2,38668.8236,-1.2279
300584.SZ,20260811,35.24,35.66,34.66,34.82,35.71,55834.33,195927.46354,-2.4923
300585.SZ,20260811,15.99,16.45,15.74,16.19,15.9,57318.0,92643.532,1.8239
300586.SZ,20260811,9.23,9.63,9.23,9.41,9.41,239345.97,226064.77629,0.0
300587.SZ,20260811,5.07,5.19,5.0,5.16,5.07,455859.07,232801.65739,1.7751
300588.SZ,20260811,22.42,22.57,22.13,22.29,22.61,24764.0,55348.598,-1.4153
300589.SZ,20260811,13.63,13.76,13.14,13.29,13.92,289607.08,386272.058,-4.5259
300590.SZ,20260811,10.94,11.03,10.83,10.9,11.04,119704.68,130928.10306,-1.2681
300591.SZ,20260811,7.92,8.3,7.74,8.1,8.03,306769.0,246755.664,0.8717
300592.SZ,20260811,16.5,16.99,15.9,16.7,16.56,183116.8,302046.2576,0.8454
300593.SZ,20260811,27.05,28.69,26.6,27.93,27.33,252394.23,703120.5264,2.1954
300594.SZ,20260811,15.36,15.63,15.25,15.31,15.5,13612.0,20963.852,-1.2258
300595.SZ,20260811,11.65,11.98,11.65,11.79,11.76,142647.18,168754.83498,0.2551
300596.SZ,20260811,43.18,43.28,41.4,41.55,43.1,40553.0,171195.84635,-3.5963
300597.SZ,20260811,7.75,7.84,7.57,7.76,7.72,57713.0,44486.246,0.5181
300598.SZ,20260811,29.52,29.75,29.0,29.47,29.51,45158.83,132896.62589,-0.1355
300599.SZ,20260811,11.84,12.6,11.59,11.74,11.81,101459.0,120619.735,-0.5927
300600.SZ,20260811,10.52,10.53,10.16,10.3,10.53,56646.0,58340.83,-2.1842
300601.SZ,20260811,12.68,13.04,12.66,12.77,12.75,176999.25,227773.3749,0.1569
300602.SZ,20260811,36.05,37.56,35.74,36.63,36.2,163769.64,604948.60138,1.1878
300603.SZ,20260811,7.97,8.01,7.83,7.93,7.96,64518.0,51118.757,-0.3769
300604.SZ,20260811,283.05,289.66,278.88,281.04,288.08,169202.86,4811629.09967,-2.4438
300605.SZ,20260811,10.87,11.0,10.68,10.83,10.98,121188.35,131335.22605,-1.3661
300606.SZ,20260811,35.0,37.3,34.5,36.65,35.54,112521.69,405872.4388,3.1232
300607.SZ,20260811,32.68,34.07,32.37,33.45,32.83,317104.75,1059492.73363,1.8885
300608.SZ,20260811,10.61,10.65,10.34,10.57,10.58,77226.19,81442.85093,-0.0945
300609.SZ,20260811,26.0,26.14,25.32,26.0,26.0,21528.0,55442.039,0.0
300610.SZ,20260811,10.01,10.15,9.9,10.08,10.07,30525.0,30677.32,0.0993
300611.SZ,20260811,24.14,24.2,23.8,23.89,24.2,20770.5,49728.3625,-1.281
300612.SZ,20260811,12.59,12.59,12.19,12.25,12.51,49102.87,60354.65888,-2.0783
300613.SZ,20260811,73.34,75.73,72.2,74.43,74.15,151460.25,1120109.51741,0.3776
300614.SZ,20260811,10.69,10.86,10.45,10.64,10.71,21287.0,22570.9,-0.6536
300615.SZ,20260811,16.5,17.38,16.0,16.71,17.3,320354.14,536990.22355,-3.4104
300616.SZ,20260811,10.48,10.56,10.25,10.46,10.5,42502.5,44206.1325,-0.381
300617.SZ,20260811,41.86,42.17,40.51,41.49,42.48,61848.0,255917.607,-2.3305
300618.SZ,20260811,38.84,39.0,37.35,37.61,39.9,211963.73,803581.78706,-5.7393
300619.SZ,20260811,27.0,27.2,26.38,26.43,26.87,58041.62,154799.14868,-1.6375
300620.SZ,20260811,275.4,288.71,275.4,281.0,284.5,94073.64,2663622.00893,-1.2302
300621.SZ,20260811,7.27,7.36,7.16,7.27,7.31,42843.5,31024.0165,-0.5472
300622.SZ,20260811,15.88,15.98,15.65,15.7,15.87,75921.58,119656.87308,-1.0712
300623.SZ,20260811,26.37,27.08,26.1,26.65,26.62,198434.42,529404.5908,0.1127
300624.SZ,20260811,55.9,56.84,54.55,55.96,55.74,91484.1,512022.40727,0.3947
300625.SZ,20260811,9.78,9.78,9.42,9.59,9.62,15513.0,14856.537,-0.3119
300626.SZ,20260811,29.8,31.85,29.52,31.65,30.23,52341.64,161870.96481,4.6973
300627.SZ,20260811,28.26,28.81,27.82,28.15,28.51,89579.63,253386.20015,-1.2627
300628.SZ,20260811,39.89,40.42,39.4,39.4,40.03,120916.25,481665.60388,-1.5738
300629.SZ,20260811,17.66,17.72,17.33,17.54,17.86,56936.33,99912.43541,-1.7917
300631.SZ,20260811,22.67,22.79,22.37,22.42,22.61,22154.96,49974.19924,-0.8403
300632.SZ,20260811,18.4,19.61,18.21,19.27,18.71,253341.06,482450.20696,2.9931
300633.SZ,20260811,20.36,20.68,20.34,20.51,20.45,33626.0,68949.994,0.2934
300634.SZ,20260811,20.31,22.24,19.94,21.17,20.22,290511.56,619830.00995,4.6983
300635.SZ,20260811,11.89,11.92,11.62,11.91,11.89,28267.5,33387.9355,0.1682
300636.SZ,20260811,7.02,7.12,6.98,7.03,7.05,56157.0,39614.587,-0.2837
300637.SZ,20260811,9.08,9.14,8.96,9.04,9.12,43028.0,38975.919,-0.8772
300638.SZ,20260811,20.42,21.78,20.21,21.23,20.43,310583.11,654668.51626,3.9158
300639.SZ,20260811,5.84,6.09,5.81,5.98,5.89,220572.73,131720.13548,1.528
300640.SZ,20260811,6.86,7.03,6.8,6.88,6.97,130155.0,89969.14208,-1.2912
300641.SZ,20260811,14.98,15.0,14.76,14.88,15.06,68961.98,102406.90582,-1.1952
300642.SZ,20260811,13.84,13.85,13.4,13.58,13.79,48621.9,66079.2728,-1.5228
300643.SZ,20260811,19.02,19.77,18.7,18.8,19.21,69827.51,132768.68867,-2.1343
300644.SZ,20260811,21.86,21.94,21.48,21.73,21.89,13976.0,30346.999,-0.7309
300645.SZ,20260811,13.28,13.3,12.93,13.11,13.19,34315.25,44869.331,-0.6065
300647.SZ,20260811,5.7,5.71,5.55,5.62,5.71,134140.5,75457.4355,-1.5762
300648.SZ,20260811,40.13,40.31,39.3,39.85,40.13,13070.21,52139.13621,-0.6977
300649.SZ,20260811,25.5,26.16,24.8,24.85,25.59,67198.1,171736.1761,-2.8918
300650.SZ,20260811,11.64,11.68,11.45,11.56,11.64,34290.0,39701.866,-0.6873
300651.SZ,20260811,17.96,17.97,17.52,17.8,17.97,45093.0,80070.656,-0.946
300652.SZ,20260811,30.17,30.59,29.33,30.37,29.94,24411.3,73421.0129,1.4362
300653.SZ,20260811,15.19,15.36,15.06,15.09,15.35,20750.5,31468.482,-1.6938
300654.SZ,20260811,11.28,11.32,10.91,11.0,11.43,229987.0,254372.34839,-3.762
300655.SZ,20260811,13.2,13.53,13.15,13.31,13.37,434852.32,580683.94061,-0.4488
300656.SZ,20260811,27.24,27.32,25.96,26.4,27.38,60874.0,161090.335,-3.5793
300657.SZ,20260811,35.41,36.16,34.9,35.6,35.6,185754.23,662857.7093,0.0
300658.SZ,20260811,11.07,11.18,10.77,10.96,11.07,69900.08,76599.18852,-0.9937
300659.SZ,20260811,10.5,10.66,10.36,10.6,10.5,51245.0,54046.195,0.9524
300660.SZ,20260811,26.88,27.96,26.7,27.56,27.02,99491.48,273280.60197,1.9985
300661.SZ,20260811,110.84,118.5,110.5,115.49,110.27,193308.98,2234765.62134,4.7338
300662.SZ,20260811,20.93,21.43,20.77,20.78,21.12,38681.65,81234.54345,-1.6098
300663.SZ,20260811,9.85,9.9,9.53,9.77,9.92,394761.67,382856.93325,-1.5121
300664.SZ,20260811,4.63,4.66,4.6,4.64,4.66,61597.0,28495.2015,-0.4292
300665.SZ,20260811,9.51,9.81,9.28,9.65,9.49,107764.5,103291.7805,1.686
300666.SZ,20260811,256.0,261.0,250.01,253.99,261.68,161304.51,4118218.22062,-2.9387
300667.SZ,20260811,14.5,14.53,14.21,14.28,14.81,74579.0,106684.813,-3.5787
300668.SZ,20260811,35.49,36.75,34.16,36.08,35.85,54462.55,194167.99425,0.6416
300669.SZ,20260811,22.67,22.99,22.36,22.96,22.75,10577.68,24050.24912,0.9231
300670.SZ,20260811,6.15,6.21,6.04,6.13,6.19,58832.0,35999.10688,-0.9693
300671.SZ,20260811,62.74,63.88,61.16,62.22,62.82,111788.6,699748.28535,-0.9551
300672.SZ,20260811,167.8,171.14,161.11,165.75,170.52,118195.65,1967897.84268,-2.7973
300673.SZ,20260811,13.95,14.06,13.63,13.68,13.95,35383.9,48706.7584,-1.9355
300674.SZ,20260811,16.33,16.47,16.03,16.2,16.27,127623.23,207346.33569,-0.4302
300675.SZ,20260811,12.77,12.82,12.57,12.77,12.78,21751.0,27633.725,-0.0782
300676.SZ,20260811,40.28,42.56,40.26,41.27,40.69,134016.43,554720.65913,1.4254
300677.SZ,20260811,49.29,52.7,49.06,51.1,49.6,114217.3,585373.75985,3.0242
300678.SZ,20260811,23.6,23.68,23.23,23.41,23.6,40477.9,94930.7796,-0.8051
300679.SZ,20260811,40.37,42.1,40.05,41.31,40.87,149899.64,618424.25512,1.0766
300680.SZ,20260811,21.89,22.5,21.64,22.15,22.11,72092.1,159358.93145,0.1809
300681.SZ,20260811,21.05,21.48,20.95,21.36,21.23,59468.82,126329.5186,0.6123
300682.SZ,20260811,11.63,11.75,11.4,11.65,11.6,132903.0,153996.69966,0.431
300683.SZ,20260811,29.14,31.22,28.52,30.65,29.17,150519.0,450684.8729,5.0737
300684.SZ,20260811,51.26,52.19,50.0,51.04,51.75,100816.76,515433.28192,-1.372
300685.SZ,20260811,18.56,19.05,18.5,18.68,18.74,102422.6,192352.0194,-0.3202
300686.SZ,20260811,15.91,16.3,15.09,15.8,15.94,196077.06,306082.68614,-0.8783
300687.SZ,20260811,27.38,27.9,26.83,27.31,27.25,128177.93,350656.44318,0.2202
300688.SZ,20260811,31.45,31.97,30.6,31.42,31.45,94861.0,297682.3111,-0.0954
300689.SZ,20260811,52.82,54.7,52.08,53.75,53.43,20883.04,111766.92032,0.5989
300690.SZ,20260811,21.77,21.77,21.24,21.5,21.69,21096.0,45302.011,-0.876
300691.SZ,20260811,13.58,13.68,13.38,13.49,13.66,22902.87,30937.30209,-1.2445
300692.SZ,20260811,9.5,10.39,9.5,9.92,9.55,521946.93,527264.44701,3.8743
300693.SZ,20260811,42.5,44.14,41.73,43.87,38.85,416232.01,1784989.25204,12.9215
300694.SZ,20260811,10.9,10.97,10.66,10.82,10.9,33224.0,35885.246,-0.7339
300695.SZ,20260811,50.55,51.6,49.51,51.33,50.56,11047.86,56118.7481,1.5229
300696.SZ,20260811,20.71,22.33,20.5,22.04,21.17,127816.57,274638.48609,4.1096
300697.SZ,20260811,14.72,14.81,14.26,14.28,14.84,108717.99,157304.27752,-3.7736
300698.SZ,20260811,26.39,26.86,25.3,26.08,25.6,61441.49,160872.37345,1.875
300699.SZ,20260811,26.07,26.25,25.85,25.97,26.66,114560.36,298450.27994,-2.5881
300700.SZ,20260811,18.7,18.93,18.17,18.64,18.63,93556.04,173616.8988,0.0537
300701.SZ,20260811,9.7,9.78,9.59,9.71,9.75,25303.12,24502.68932,-0.4103
300702.SZ,20260811,22.46,23.09,22.37,22.57,22.65,46412.45,105720.84337,-0.3532
300703.SZ,20260811,13.88,13.88,13.53,13.63,13.94,67335.25,92021.10325,-2.2238
300705.SZ,20260811,11.29,11.49,11.26,11.32,11.35,72016.0,81962.386,-0.2643
300706.SZ,20260811,53.35,54.73,52.4,53.03,54.16,95893.0,513236.29204,-2.0864
300707.SZ,20260811,12.2,12.27,12.05,12.1,12.27,43317.0,52560.118,-1.3855
300708.SZ,20260811,7.82,7.82,7.69,7.73,7.82,94884.55,73547.88895,-1.1509
300709.SZ,20260811,38.13,38.86,37.89,38.36,38.13,64923.43,248715.14342,0.6032
300710.SZ,20260811,28.08,28.72,27.3,28.4,28.4,26821.0,75352.6285,0.0
300711.SZ,20260811,18.54,19.28,17.92,18.11,18.65,169966.02,314801.67541,-2.8954
300712.SZ,20260811,21.6,22.08,21.32,21.91,21.82,25959.0,56420.7,0.4125
300713.SZ,20260811,13.12,13.29,12.87,13.05,13.18,20965.0,27387.235,-0.9863
300715.SZ,20260811,13.91,14.39,13.64,14.18,14.03,95989.0,134679.087,1.0691
300716.SZ,20260811,18.13,18.47,17.79,17.88,18.13,16297.03,29220.93952,-1.3789
300717.SZ,20260811,18.42,18.61,18.18,18.38,18.53,20294.0,37358.257,-0.8095
300718.SZ,20260811,65.01,70.2,64.25,68.66,65.41,168881.6,1140887.68748,4.9687
300719.SZ,20260811,11.69,11.8,11.42,11.67,11.82,35020.0,40611.529,-1.269
300720.SZ,20260811,78.0,81.44,74.88,80.02,79.75,157442.13,1238765.4679,0.3386
300721.SZ,20260811,23.45,23.56,22.96,23.33,23.74,109614.4,255452.1258,-1.727
300722.SZ,20260811,22.1,22.3,21.61,21.96,22.56,34515.53,75707.43694,-2.6596
300723.SZ,20260811,36.55,37.96,36.51,37.08,37.3,113066.44,421378.4959,-0.5898
300724.SZ,20260811,59.38,60.44,58.7,59.64,59.6,75037.4,448102.59245,0.0671
300725.SZ,20260811,48.97,51.07,48.15,49.75,49.61,397135.39,1967106.57893,0.2822
300726.SZ,20260811,53.59,58.35,53.23,55.09,54.44,225892.18,1269942.20866,1.194
300727.SZ,20260811,27.63,28.08,27.18,27.33,27.87,29030.89,79936.48939,-1.9376
300729.SZ,20260811,10.4,10.42,10.26,10.32,10.39,18747.0,19333.011,-0.6737
300730.SZ,20260811,12.08,12.08,11.81,11.91,12.1,33236.5,39700.3085,-1.5702
300731.SZ,20260811,37.22,38.17,36.9,37.31,37.88,47110.0,176950.7822,-1.5048
300732.SZ,20260811,6.13,6.23,6.11,6.2,6.19,58431.46,36087.78814,0.1616
300733.SZ,20260811,14.4,14.64,14.05,14.58,14.35,73947.87,106321.9966,1.6028
300735.SZ,20260811,20.55,20.93,20.48,20.58,20.71,88844.64,183532.55292,-0.6277
300736.SZ,20260811,28.01,28.32,27.45,27.6,28.0,23215.05,64534.231,-1.4286
300737.SZ,20260811,5.19,5.21,5.11,5.13,5.22,158777.29,81792.48994,-1.7241
300738.SZ,20260811,23.1,23.23,22.5,22.89,22.84,586438.41,1342760.13298,0.2189
300739.SZ,20260811,22.62,23.22,22.35,22.87,22.89,97359.98,222459.81759,-0.0874
300740.SZ,20260811,22.28,22.73,22.15,22.33,22.23,250053.18,560919.9818,0.4498
300741.SZ,20260811,13.5,13.53,13.39,13.42,13.5,19185.0,25780.181,-0.5926
300743.SZ,20260811,15.29,15.32,14.99,15.16,15.23,17315.73,26249.52653,-0.4596
300745.SZ,20260811,29.29,29.68,28.6,29.04,29.58,61889.86,180083.3335,-1.8256
300746.SZ,20260811,14.92,15.11,14.68,14.93,15.05,51415.0,76474.477,-0.7973
300747.SZ,20260811,34.85,35.76,34.69,35.27,35.33,126913.28,447536.88966,-0.1698
300748.SZ,20260811,28.15,28.2,27.64,27.66,28.4,289289.18,804611.35846,-2.6056
300749.SZ,20260811,23.0,23.41,21.8,23.37,23.5,64234.0,145438.848,-0.5532
300750.SZ,20260811,395.0,395.28,389.52,390.4,393.87,162991.62,6397141.51479,-0.881
300751.SZ,20260811,169.01,174.76,166.8,170.24,172.14,46721.15,798394.39872,-1.1038
300752.SZ,20260811,10.29,10.34,10.1,10.23,10.34,41506.34,42446.27536,-1.0638
300753.SZ,20260811,23.46,24.5,23.17,23.88,23.88,159014.36,383050.45279,0.0
300755.SZ,20260811,11.76,11.88,11.52,11.68,11.89,57211.22,66858.27959,-1.7662
300756.SZ,20260811,31.47,32.17,30.81,31.73,31.53,37613.0,118884.025,0.6343
300757.SZ,20260811,476.15,499.0,476.15,488.8,488.18,52032.3,2535872.78886,0.127
300758.SZ,20260811,11.19,11.21,10.9,10.93,11.26,116074.63,127457.02041,-2.9307
300759.SZ,20260811,47.44,50.23,46.0,47.59,47.03,1178506.98,5670867.69228,1.1907
300760.SZ,20260811,154.86,155.96,153.28,153.49,155.58,90602.96,1399453.33137,-1.3434
300761.SZ,20260811,19.18,19.5,19.01,19.05,19.4,84827.0,163169.162,-1.8041
300762.SZ,20260811,31.36,31.8,30.69,31.11,33.13,355807.58,1114126.33895,-6.0972
300763.SZ,20260811,61.88,65.8,61.47,65.58,62.1,190682.14,1221194.47484,5.6039
300765.SZ,20260811,39.97,45.0,39.02,43.31,40.78,331745.32,1391170.01341,6.204
300766.SZ,20260811,25.15,25.79,24.0,24.93,24.47,481242.34,1206041.66764,1.8799
300767.SZ,20260811,18.77,18.77,18.01,18.2,18.52,51129.5,93401.78009,-1.7279
300768.SZ,20260811,16.86,16.96,16.53,16.54,16.79,110724.18,185159.01933,-1.489
300769.SZ,20260811,46.74,47.31,46.4,46.45,47.17,106743.63,499420.06802,-1.5264
300770.SZ,20260811,34.5,34.83,34.24,34.43,34.51,14424.98,49737.53684,-0.2318
300771.SZ,20260811,12.08,12.08,11.8,11.94,12.1,31452.0,37495.83719,-1.3223
300772.SZ,20260811,12.4,12.45,12.2,12.3,12.48,112764.21,138777.17977,-1.4423
300773.SZ,20260811,16.01,16.1,15.75,15.83,16.0,321991.25,512528.48895,-1.0625
300774.SZ,20260811,10.96,11.23,10.81,10.84,11.0,65154.0,71139.383,-1.4545
300775.SZ,20260811,21.66,21.97,21.46,21.73,22.16,113101.69,245529.21215,-1.9404
300776.SZ,20260811,114.81,118.72,112.89,115.5,115.9,71475.03,827886.71801,-0.3451
300777.SZ,20260811,24.95,25.22,24.45,24.6,25.25,76808.18,189911.48286,-2.5743
300778.SZ,20260811,10.68,10.82,10.41,10.78,10.68,34163.15,36290.2894,0.9363
300779.SZ,20260811,74.22,75.6,71.4,72.2,74.03,100751.69,728291.61755,-2.472
300780.SZ,20260811,20.38,20.85,19.84,20.5,20.58,63980.0,130345.096,-0.3887
300781.SZ,20260811,29.58,29.68,28.33,28.53,28.98,40615.96,116812.34656,-1.5528
300782.SZ,20260811,75.9,79.56,75.44,77.55,76.41,149862.14,1161298.20376,1.492
300783.SZ,20260811,17.9,18.23,17.79,17.85,18.0,71850.0,129171.584,-0.8333
300784.SZ,20260811,40.68,41.15,39.89,40.85,40.97,5651.5,22932.579,-0.2929
300785.SZ,20260811,40.51,41.29,39.5,40.02,39.69,132537.5,535389.2084,0.8314
300786.SZ,20260811,15.76,15.94,15.45,15.7,15.94,76032.5,118948.6725,-1.5056
300787.SZ,20260811,8.88,9.11,8.84,9.03,8.91,36840.36,33210.09028,1.3468
300788.SZ,20260811,26.06,26.13,25.45,25.6,26.06,27162.0,69813.235,-1.7652
300789.SZ,20260811,18.5,18.67,18.18,18.44,18.66,43501.0,80190.84,-1.179
300790.SZ,20260811,17.39,17.94,17.31,17.65,17.5,169454.98,298745.09868,0.8571
300791.SZ,20260811,17.38,17.38,16.98,17.0,17.31,14840.94,25349.45412,-1.7909
300792.SZ,20260811,25.32,25.49,24.85,25.0,25.29,47056.0,118348.533,-1.1467
300793.SZ,20260811,11.34,11.46,11.14,11.26,11.34,45063.0,50818.896,-0.7055
300795.SZ,20260811,15.82,16.43,14.9,15.2,16.14,366881.6,571388.7422,-5.824
300796.SZ,20260811,6.82,6.83,6.69,6.76,6.78,41348.0,27921.62,-0.295
300797.SZ,20260811,13.19,13.27,12.9,12.91,13.33,38094.5,49483.506,-3.1508
300798.SZ,20260811,7.65,7.88,7.62,7.66,7.78,274606.92,212346.84816,-1.5424
300800.SZ,20260811,10.02,10.05,9.86,9.99,10.0,25010.5,24908.538,-0.1
300801.SZ,20260811,23.88,24.11,23.61,23.98,23.94,68713.0,164298.165,0.1671
300802.SZ,20260811,22.57,22.99,22.26,22.48,23.13,81958.2,185495.27082,-2.8102
300803.SZ,20260811,83.33,85.37,82.97,84.14,83.93,137046.61,1157865.92285,0.2502
300804.SZ,20260811,43.16,43.81,41.78,42.68,43.9,19532.09,82963.8255,-2.779
300805.SZ,20260811,8.6,8.6,8.32,8.42,8.55,88027.0,74187.58,-1.5205
300806.SZ,20260811,46.6,50.78,46.6,48.66,47.11,426747.5,2082894.14133,3.2902
300807.SZ,20260811,38.65,38.65,37.74,38.04,38.2,7920.0,30263.989,-0.4188
300808.SZ,20260811,18.9,20.47,18.4,19.56,18.81,31728.0,61817.5574,3.9872
300809.SZ,20260811,24.68,26.25,24.68,25.54,25.1,118941.77,304596.1262,1.753
300810.SZ,20260811,24.65,24.79,24.26,24.53,24.94,13551.1,33225.5505,-1.6439
300811.SZ,20260811,69.19,74.9,69.19,72.6,70.48,168099.73,1222145.70973,3.0079
300812.SZ,20260811,19.36,19.74,19.12,19.5,19.53,49547.2,96631.67688,-0.1536
300813.SZ,20260811,20.5,20.8,20.18,20.51,20.75,18107.5,37175.934,-1.1566
300814.SZ,20260811,137.68,141.0,134.01,137.41,140.0,67420.89,929525.40331,-1.85
300815.SZ,20260811,16.72,16.74,16.32,16.48,16.71,43751.36,72023.54781,-1.3764
300816.SZ,20260811,52.0,53.96,50.0,52.45,52.46,35818.8,186264.8254,-0.0191
300817.SZ,20260811,15.77,15.89,15.44,15.71,15.78,21944.0,34416.98731,-0.4436
300818.SZ,20260811,21.55,22.38,21.07,21.13,21.64,39868.1,85894.6556,-2.3567
300819.SZ,20260811,46.48,47.13,45.3,46.41,46.78,33392.0,154577.076,-0.7909
300820.SZ,20260811,52.76,53.85,51.8,52.77,53.4,39956.93,210997.7411,-1.1798
300821.SZ,20260811,16.78,17.18,16.67,16.87,17.02,433112.41,733543.63167,-0.8813
300822.SZ,20260811,12.07,12.08,11.73,11.92,12.07,38777.62,46023.23094,-1.2428
300823.SZ,20260811,14.78,14.94,14.56,14.85,14.81,21130.0,31226.842,0.2701
300824.SZ,20260811,7.99,8.07,7.89,7.94,8.07,44491.0,35439.034,-1.6109
300825.SZ,20260811,11.08,11.15,10.78,11.02,11.09,141123.23,155560.91124,-0.6312
300826.SZ,20260811,14.38,14.48,14.16,14.23,14.5,43810.0,62536.719,-1.8621
300827.SZ,20260811,25.65,26.45,25.34,26.08,25.71,183363.48,476914.63671,1.4391
300828.SZ,20260811,16.7,18.08,16.61,17.65,17.35,166550.5,289379.3195,1.7291
300829.SZ,20260811,14.84,14.84,14.61,14.76,14.84,24277.07,35741.81869,-0.5391
300830.SZ,20260811,8.52,8.56,8.32,8.41,8.48,60369.0,50879.317,-0.8255
300831.SZ,20260811,15.33,15.41,15.1,15.22,15.33,43920.0,66985.952,-0.7175
300832.SZ,20260811,49.02,50.25,47.81,48.31,49.02,101933.49,497222.19661,-1.4484
300833.SZ,20260811,36.4,37.22,36.4,36.48,37.0,4998.53,18356.26046,-1.4054
300834.SZ,20260811,39.27,40.0,38.4,39.65,39.44,16046.69,63307.21184,0.5325
300835.SZ,20260811,147.66,159.04,145.35,152.09,147.67,43992.65,672016.73714,2.9932
300836.SZ,20260811,49.66,51.3,47.39,49.88,49.73,35828.75,177003.63852,0.3016
300837.SZ,20260811,23.42,23.73,23.18,23.63,23.64,16276.0,38212.124,-0.0423
300838.SZ,20260811,13.75,13.75,13.45,13.64,13.75,16627.5,22649.211,-0.8
300839.SZ,20260811,10.89,10.9,10.61,10.81,10.81,39646.5,42746.7065,0.0
300840.SZ,20260811,20.73,20.73,20.1,20.3,20.8,62831.0,128321.819,-2.4038
300841.SZ,20260811,48.85,50.38,48.7,48.71,49.05,25585.76,126529.3034,-0.6932
300842.SZ,20260811,57.92,58.82,56.9,57.82,57.97,32124.8,186245.974,-0.2588
300843.SZ,20260811,124.35,127.86,118.51,123.95,121.31,103770.69,1286435.88374,2.1762
300844.SZ,20260811,24.35,24.49,23.08,23.75,23.6,13501.0,31841.223,0.6356
300845.SZ,20260811,10.97,11.18,10.86,11.04,11.05,44352.28,48869.0729,-0.0905
300846.SZ,20260811,21.08,21.38,20.35,20.87,21.03,263294.63,551182.7817,-0.7608
300847.SZ,20260811,14.74,14.87,14.55,14.72,15.02,78954.0,116258.737,-1.9973
300848.SZ,20260811,13.19,13.21,12.89,12.95,13.21,29849.45,38840.58345,-1.9682
300849.SZ,20260811,21.5,22.99,21.5,22.78,22.0,31999.05,71787.0934,3.5455
300850.SZ,20260811,29.47,29.47,28.58,28.78,29.4,98296.0,283939.88666,-2.1088
300851.SZ,20260811,23.84,24.19,23.6,23.98,23.96,9673.0,23142.347,0.0835
300852.SZ,20260811,43.92,45.12,43.48,44.03,44.3,64997.11,287783.67786,-0.6095
300853.SZ,20260811,26.13,27.68,25.41,26.81,26.38,62432.0,166302.654,1.63
300854.SZ,20260811,17.75,18.26,17.32,17.93,17.97,74296.8,132640.19482,-0.2226
300855.SZ,20260811,31.07,31.31,30.7,30.99,31.32,34190.55,106037.4868,-1.0536
300856.SZ,20260811,11.04,11.1,10.89,10.91,11.14,34890.4,38266.7902,-2.0646
300857.SZ,20260811,250.0,253.3,244.53,245.22,252.1,147875.09,3675005.31499,-2.7291
300858.SZ,20260811,14.64,14.9,14.56,14.72,14.75,29757.01,43885.07771,-0.2034
300859.SZ,20260811,27.0,27.75,27.0,27.55,27.43,28480.0,78039.912,0.4375
300860.SZ,20260811,26.5,26.7,26.2,26.4,26.77,15956.39,42167.34206,-1.3821
300861.SZ,20260811,17.3,17.53,17.15,17.3,17.37,115750.76,200925.70946,-0.403
300862.SZ,20260811,27.37,27.37,27.37,27.37,22.81,6242.2,17084.9014,19.9912
300863.SZ,20260811,41.18,42.2,40.95,41.43,41.59,58444.76,243270.55565,-0.3847
300864.SZ,20260811,18.98,19.01,18.71,18.92,19.09,8628.0,16282.088,-0.8905
300865.SZ,20260811,24.31,24.6,23.8,24.05,24.44,19799.0,47745.527,-1.5957
300866.SZ,20260811,121.83,123.89,119.53,121.01,119.95,34514.79,420100.46922,0.8837
300867.SZ,20260811,16.64,16.86,16.49,16.5,16.76,27371.9,45427.3107,-1.5513
300868.SZ,20260811,89.09,90.68,86.0,87.51,88.73,31786.75,280506.04845,-1.375
300869.SZ,20260811,11.4,11.49,11.3,11.37,11.46,28187.33,32138.85521,-0.7853
300870.SZ,20260811,204.8,214.63,203.21,205.5,209.7,72145.02,1502836.59765,-2.0029
300871.SZ,20260811,23.07,23.47,22.98,23.18,23.14,43153.41,100288.6019,0.1729
300872.SZ,20260811,16.22,16.24,15.72,15.83,16.13,81952.21,130374.53507,-1.8599
300873.SZ,20260811,17.15,17.46,16.6,17.19,17.37,115967.52,198170.35176,-1.0363
300875.SZ,20260811,36.0,36.21,34.81,35.39,37.92,87667.42,310486.04726,-6.6719
300876.SZ,20260811,15.57,15.69,15.33,15.57,15.56,16849.4,26133.7132,0.0643
300877.SZ,20260811,25.07,25.56,24.75,25.26,25.25,9488.16,23912.25884,0.0396
300878.SZ,20260811,33.25,33.88,32.4,33.3,33.27,32219.8,106928.7262,0.0902
300879.SZ,20260811,17.59,17.75,17.11,17.53,17.77,42082.0,73211.915,-1.3506
300880.SZ,20260811,20.1,20.2,19.7,19.74,20.27,28726.0,56980.131,-2.6147
300881.SZ,20260811,33.85,33.86,33.03,33.15,33.96,10499.91,34987.80611,-2.3852
300882.SZ,20260811,15.2,15.3,14.99,15.07,15.31,17983.96,27231.53912,-1.5676
300883.SZ,20260811,5.96,6.08,5.89,6.0,5.97,160944.05,96362.34821,0.5025
300884.SZ,20260811,11.7,11.86,11.51,11.72,11.67,38288.56,44903.46051,0.4284
300885.SZ,20260811,21.0,21.3,20.75,21.02,20.94,36406.0,76595.338,0.382
300886.SZ,20260811,23.64,26.38,23.47,26.06,23.64,56258.62,142564.8023,10.2369
300887.SZ,20260811,7.61,7.64,7.47,7.53,7.79,240861.14,181654.09918,-3.3376
300888.SZ,20260811,29.85,29.86,29.32,29.33,29.93,44267.35,130836.30091,-2.0047
300889.SZ,20260811,22.3,22.39,21.7,22.0,22.31,39207.38,86477.2594,-1.3895
300890.SZ,20260811,26.98,27.06,26.52,26.7,27.05,34488.19,92339.3113,-1.2939
300891.SZ,20260811,7.35,7.49,7.21,7.25,7.44,73212.46,53262.2205,-2.5538
300892.SZ,20260811,23.97,24.92,23.72,23.72,24.7,76488.55,184494.91482,-3.9676
300893.SZ,20260811,16.73,16.73,16.38,16.46,16.73,16605.64,27429.27128,-1.6139
300894.SZ,20260811,12.03,12.04,11.66,11.7,12.05,69808.61,82445.21353,-2.9046
300895.SZ,20260811,53.7,58.65,51.67,55.9,52.65,138147.16,763643.39788,6.1728
300896.SZ,20260811,105.05,106.49,103.58,103.63,105.58,47194.16,493412.0436,-1.8469
300897.SZ,20260811,15.9,16.0,15.56,15.82,15.97,41273.21,65272.21425,-0.9393
300898.SZ,20260811,21.1,22.02,21.0,21.46,21.36,71984.46,154997.27429,0.4682
300899.SZ,20260811,28.45,28.96,28.21,28.6,28.72,3984.0,11414.618,-0.4178
300900.SZ,20260811,23.63,24.24,23.4,23.81,25.16,220323.3,525140.69435,-5.3657
300901.SZ,20260811,15.87,16.48,15.87,16.2,16.05,35287.89,57068.37394,0.9346
300902.SZ,20260811,17.18,18.59,16.95,18.36,17.1,125904.28,226925.32364,7.3684
300903.SZ,20260811,69.64,76.8,67.51,75.3,69.98,467723.65,3396604.30399,7.6022
300904.SZ,20260811,42.77,42.77,41.4,41.88,42.79,7108.42,29775.13732,-2.1267
300905.SZ,20260811,39.12,39.5,38.38,39.1,39.42,41164.94,160591.38046,-0.8118
300906.SZ,20260811,27.69,27.95,26.92,27.57,28.12,15894.69,43661.79292,-1.9559
300907.SZ,20260811,40.4,41.27,39.26,40.92,40.55,16593.0,67232.958,0.9125
300908.SZ,20260811,25.49,25.56,24.43,24.78,24.96,35521.78,88007.04748,-0.7212
300909.SZ,20260811,50.0,53.19,49.63,51.91,50.23,46209.31,238424.81792,3.3446
300910.SZ,20260811,29.39,29.65,28.96,29.05,29.38,39766.68,116053.36482,-1.1232
300911.SZ,20260811,21.4,21.56,20.93,21.21,21.44,71245.84,151404.40398,-1.0728
300912.SZ,20260811,21.3,21.56,20.2,21.55,21.39,101895.64,214408.49568,0.748
300913.SZ,20260811,35.16,35.55,34.71,35.19,35.26,53185.58,187331.19746,-0.1985
300915.SZ,20260811,20.74,21.2,20.68,20.89,20.96,16046.8,33558.17634,-0.334
300916.SZ,20260811,25.19,25.62,24.28,25.01,25.41,72583.39,181796.64155,-1.5742
300917.SZ,20260811,26.62,26.88,26.33,26.41,26.83,49670.05,131891.34063,-1.5654
300918.SZ,20260811,10.7,10.83,10.5,10.71,10.68,54843.78,58541.90216,0.2809
300919.SZ,20260811,41.5,41.75,41.18,41.25,41.8,85128.46,353017.5889,-1.3158
300920.SZ,20260811,32.83,33.57,32.06,32.71,32.5,13194.0,43407.9862,0.6462
300921.SZ,20260811,15.32,15.53,15.06,15.38,15.32,57041.12,87630.20136,0.3916
300922.SZ,20260811,17.33,17.4,16.79,17.03,17.62,68360.16,116487.18049,-3.3485
300923.SZ,20260811,23.71,23.99,23.38,23.67,23.75,12368.0,29348.873,-0.3368
300925.SZ,20260811,15.25,15.44,15.04,15.2,15.29,53212.0,81044.152,-0.5886
300926.SZ,20260811,17.79,18.09,17.54,18.01,17.76,36895.1,65640.6362,1.4077
300927.SZ,20260811,22.88,22.98,22.43,22.45,23.03,49782.34,112493.10228,-2.5185
300928.SZ,20260811,25.63,25.85,25.29,25.6,25.76,9727.0,24925.763,-0.6211
300929.SZ,20260811,14.19,14.3,13.83,14.02,14.24,34752.0,48897.06623,-1.5449
300930.SZ,20260811,25.8,25.8,25.18,25.31,25.81,14159.0,36035.351,-1.9372
300931.SZ,20260811,11.95,12.09,11.68,11.95,11.95,29941.0,35617.407,0.0
300932.SZ,20260811,10.27,10.38,10.0,10.03,10.29,113438.71,114760.76522,-2.5267
300933.SZ,20260811,6.85,6.86,6.68,6.74,6.89,130441.0,87989.69423,-2.1771
300935.SZ,20260811,30.38,31.19,29.09,30.63,29.94,63142.5,190917.5348,2.3046
300936.SZ,20260811,72.85,77.28,72.85,76.15,73.8,42235.84,318849.91934,3.1843
300937.SZ,20260811,26.0,28.31,25.59,27.18,26.76,131120.22,358776.56141,1.5695
300938.SZ,20260811,28.0,29.2,27.19,28.6,28.24,143573.67,405949.27179,1.2748
300939.SZ,20260811,61.27,63.97,61.0,62.83,61.96,25877.5,161798.34862,1.4041
300940.SZ,20260811,14.24,14.3,14.0,14.08,14.3,34750.97,49074.00855,-1.5385
300941.SZ,20260811,15.06,15.15,14.82,14.97,15.19,56807.56,85131.40362,-1.4483
300942.SZ,20260811,6.79,6.88,6.7,6.77,6.85,56721.8,38448.6934,-1.1679
300943.SZ,20260811,27.91,28.8,27.48,27.81,28.2,98721.74,276615.22603,-1.383
300945.SZ,20260811,12.9,12.92,12.24,12.29,12.93,213669.64,267841.59527,-4.9497
300946.SZ,20260811,40.52,41.23,39.99,40.75,40.81,9624.0,39152.426,-0.147
300947.SZ,20260811,14.38,14.53,14.19,14.28,14.51,22940.0,32828.707,-1.5851
300948.SZ,20260811,21.38,21.67,20.26,21.36,21.3,41223.23,86932.26337,0.2817
300949.SZ,20260811,22.25,22.25,21.78,22.03,22.2,8485.2,18674.04335,-0.7658
300950.SZ,20260811,17.16,17.19,16.91,17.04,17.12,10398.0,17748.192,-0.4673
300951.SZ,20260811,66.04,69.88,63.33,68.2,66.79,62944.76,420143.57141,2.1111
300952.SZ,20260811,17.4,17.68,16.85,17.46,17.34,44989.41,77931.44127,0.692
300953.SZ,20260811,100.23,107.36,98.59,105.68,100.65,90637.96,945891.12708,4.9975
300955.SZ,20260811,30.97,31.74,30.23,31.31,31.0,15618.5,48353.35019,1.0
300956.SZ,20260811,11.2,11.2,10.93,11.12,11.2,27396.12,30407.8834,-0.7143
300957.SZ,20260811,33.82,34.44,33.55,33.63,33.93,74543.64,252886.83686,-0.8842
300958.SZ,20260811,11.68,11.87,11.61,11.76,11.78,23373.0,27388.119,-0.1698
300959.SZ,20260811,99.01,99.86,96.0,97.89,99.32,25705.73,251968.09634,-1.4398
300960.SZ,20260811,16.35,16.35,16.02,16.17,16.29,12935.58,20969.48482,-0.7366
300961.SZ,20260811,11.78,12.03,11.54,11.82,11.78,39226.0,46027.512,0.3396
300962.SZ,20260811,13.39,13.39,13.14,13.19,13.4,17755.52,23457.0294,-1.5672
300963.SZ,20260811,12.22,12.22,11.91,12.03,12.28,100025.09,120556.62591,-2.0358
300964.SZ,20260811,55.4,56.58,54.43,55.81,55.78,56639.55,314947.92811,0.0538
300965.SZ,20260811,45.0,45.0,43.09,44.07,45.5,11451.0,50268.797,-3.1429
300966.SZ,20260811,26.69,27.09,26.14,26.69,26.74,22996.68,61481.93942,-0.187
300967.SZ,20260811,16.05,16.98,16.02,16.51,16.39,99409.87,164241.52034,0.7322
300968.SZ,20260811,10.95,11.0,10.75,10.9,10.99,96783.0,105464.17617,-0.8189
300969.SZ,20260811,74.5,83.27,73.16,79.72,74.96,47725.97,372698.7071,6.3501
300970.SZ,20260811,17.82,17.89,17.42,17.47,17.81,38816.7,68257.47252,-1.909
300971.SZ,20260811,19.15,19.29,18.88,19.02,19.26,16438.23,31382.86897,-1.2461
300972.SZ,20260811,205.12,209.68,201.28,202.25,206.4,14880.01,305074.61286,-2.0107
300973.SZ,20260811,26.31,26.71,25.92,26.04,26.3,38494.85,100972.42686,-0.9886
300975.SZ,20260811,27.49,29.24,27.17,27.8,27.69,705789.1,1988998.01371,0.3973
300976.SZ,20260811,56.63,57.2,54.89,55.62,56.93,46256.41,259330.71149,-2.3011
300977.SZ,20260811,16.13,16.33,15.83,16.07,16.24,11894.0,19159.856,-1.0468
300978.SZ,20260811,8.82,8.87,8.68,8.7,8.92,44645.5,38942.2775,-2.4664
300979.SZ,20260811,34.18,36.23,34.08,36.1,34.11,63872.95,226627.56685,5.8341
300980.SZ,20260811,22.29,22.79,21.78,22.43,22.33,41479.01,92572.98036,0.4478
300981.SZ,20260811,15.05,15.96,14.94,15.55,15.38,246439.96,381463.17565,1.1053
300982.SZ,20260811,15.87,16.18,15.56,15.84,15.87,49187.11,77941.62312,-0.189
300983.SZ,20260811,42.26,42.5,41.16,42.2,42.25,8560.98,35922.56005,-0.1183
300984.SZ,20260811,33.31,35.06,31.74,33.99,33.55,60584.17,201593.62247,1.3115
300985.SZ,20260811,33.79,35.22,33.09,34.4,33.97,45079.23,154109.74745,1.2658
300986.SZ,20260811,14.36,15.37,13.8,14.0,14.5,976407.55,1400892.90118,-3.4483
300987.SZ,20260811,13.74,13.79,13.47,13.64,13.74,27636.0,37593.108,-0.7278
300988.SZ,20260811,15.09,15.09,14.83,14.94,15.14,28446.61,42549.17598,-1.321
300989.SZ,20260811,13.3,13.62,13.08,13.13,13.41,53123.95,70204.1254,-2.088
300990.SZ,20260811,72.52,75.87,71.9,72.22,72.79,64597.92,473469.45979,-0.7831
300991.SZ,20260811,28.34,28.85,27.78,28.58,28.48,17862.29,50819.08931,0.3511
300992.SZ,20260811,25.29,25.67,24.02,24.61,25.53,22271.0,54616.387,-3.6036
300993.SZ,20260811,10.13,10.14,9.95,9.97,10.18,26565.0,26645.44,-2.0629
300994.SZ,20260811,11.38,11.55,11.33,11.42,11.47,19344.75,22118.0575,-0.4359
300995.SZ,20260811,27.28,27.28,25.97,26.66,26.67,13724.0,36357.39664,-0.0375
300996.SZ,20260811,19.25,20.93,18.44,20.68,19.5,1002160.6,2009869.9733,6.0513
300997.SZ,20260811,17.88,18.89,17.85,18.85,18.19,287366.45,532847.94323,3.6284
300998.SZ,20260811,25.5,26.2,25.27,25.65,25.71,26488.35,68017.6108,-0.2334
300999.SZ,20260811,26.32,26.58,26.26,26.28,26.44,72290.0,190856.50591,-0.6051
301000.SZ,20260811,25.86,26.34,25.36,26.09,25.85,48666.91,126148.20062,0.9284
301001.SZ,20260811,24.52,24.67,23.99,24.29,24.54,13297.0,32304.362,-1.0187
301002.SZ,20260811,28.46,28.6,27.72,28.18,28.48,46530.04,131281.38676,-1.0534
301003.SZ,20260811,50.73,52.88,50.35,52.58,51.4,14911.5,77223.071,2.2957
301004.SZ,20260811,36.0,36.5,35.44,35.68,36.34,5510.04,19682.99164,-1.8162
301005.SZ,20260811,75.0,77.85,72.12,76.14,83.44,180884.84,1370534.03735,-8.7488
301006.SZ,20260811,13.77,13.83,13.46,13.61,13.85,17943.85,24443.391,-1.7329
301007.SZ,20260811,29.2,29.48,28.42,28.95,29.82,56497.29,163232.17905,-2.9175
301008.SZ,20260811,37.92,44.44,36.12,42.45,38.3,213368.8,863528.26336,10.8355
301009.SZ,20260811,9.26,9.35,9.1,9.24,9.26,25490.05,23474.18685,-0.216
301010.SZ,20260811,17.3,18.0,17.03,17.6,17.34,28847.5,50427.084,1.4994
301011.SZ,20260811,15.56,15.59,15.06,15.26,15.39,17883.0,27290.175,-0.8447
301012.SZ,20260811,26.5,26.93,26.03,26.23,26.8,86617.0,228809.856,-2.1269
301013.SZ,20260811,45.34,51.0,45.33,46.42,47.04,496145.93,2394750.86501,-1.318
301015.SZ,20260811,24.02,24.93,23.99,24.55,24.23,111392.83,272675.66784,1.3207
301016.SZ,20260811,13.11,13.17,12.83,13.01,13.15,35527.79,46283.38859,-1.0646
301017.SZ,20260811,13.75,14.5,13.67,14.04,13.79,135012.0,191568.358,1.8129
301018.SZ,20260811,93.33,96.5,90.5,91.5,89.42,243369.0,2283322.28932,2.3261
301019.SZ,20260811,15.5,15.55,15.26,15.4,15.58,14558.47,22427.24952,-1.1553
301020.SZ,20260811,20.88,21.06,20.53,20.93,20.86,18218.0,37988.133,0.3356
301021.SZ,20260811,66.88,68.66,65.38,67.03,66.85,84525.9,568362.76668,0.2693
301022.SZ,20260811,23.51,23.58,23.01,23.43,23.49,11768.0,27410.18,-0.2554
301023.SZ,20260811,29.61,30.41,29.28,29.97,29.77,14192.0,42368.2256,0.6718
301024.SZ,20260811,32.5,34.0,31.9,32.75,32.71,8801.0,28840.4,0.1223
301025.SZ,20260811,9.06,9.13,8.91,8.92,9.13,51305.32,46012.41208,-2.3001
301026.SZ,20260811,22.16,22.26,21.5,21.52,22.37,148702.61,323881.80579,-3.7997
301027.SZ,20260811,20.8,20.99,20.32,20.55,20.95,33860.22,69559.0002,-1.9093
301028.SZ,20260811,12.81,13.1,12.66,12.88,12.92,32367.0,41653.359,-0.3096
301029.SZ,20260811,27.2,27.73,27.05,27.19,27.22,80907.15,221682.76298,-0.1102
301030.SZ,20260811,8.26,8.56,8.07,8.52,8.27,72387.6,60161.4,3.023
301031.SZ,20260811,87.89,91.1,87.79,89.81,87.23,36315.84,326712.79259,2.9577
301032.SZ,20260811,10.17,10.19,10.0,10.09,10.17,28392.0,28658.013,-0.7866
301033.SZ,20260811,59.05,61.0,58.09,59.89,59.7,18447.84,109531.26416,0.3183
301035.SZ,20260811,53.6,54.37,52.15,52.3,54.17,10173.37,54037.47991,-3.4521
301036.SZ,20260811,22.01,22.61,22.01,22.23,22.51,12812.14,28505.85517,-1.2439
301037.SZ,20260811,13.1,13.26,12.9,13.12,13.22,15257.6,20019.25232,-0.7564
301038.SZ,20260811,17.15,17.22,16.68,16.79,17.23,38986.8,65578.9715,-2.5537
301039.SZ,20260811,8.08,8.13,7.85,7.9,8.07,142319.77,113383.00638,-2.1066
301040.SZ,20260811,26.96,27.15,26.23,27.0,27.04,19776.59,52829.63195,-0.1479
301041.SZ,20260811,24.3,24.76,24.11,24.42,24.52,32043.44,78236.1593,-0.4078
301042.SZ,20260811,32.48,33.85,31.64,33.4,32.73,78481.33,256909.15255,2.0471
301043.SZ,20260811,43.52,43.98,42.15,42.99,43.99,7230.0,31056.931,-2.2732
301045.SZ,20260811,64.51,68.06,64.51,66.28,66.25,43902.6,292224.24725,0.0453
301046.SZ,20260811,20.4,20.6,19.7,20.18,20.42,31464.73,63538.24969,-1.1753
301047.SZ,20260811,113.62,126.98,111.35,118.98,113.61,147561.18,1766040.02007,4.7267
301048.SZ,20260811,9.15,9.21,9.05,9.09,9.22,47069.77,42881.12816,-1.41
301049.SZ,20260811,19.73,19.85,19.3,19.6,19.82,10197.25,20005.55525,-1.11
301050.SZ,20260811,31.53,31.98,31.12,31.69,32.07,29374.67,92655.35787,-1.1849
301051.SZ,20260811,20.48,22.28,20.02,22.03,20.72,277826.37,591386.38591,6.3224
301052.SZ,20260811,24.95,25.23,24.38,25.0,24.98,36369.18,90475.63475,0.0801
301053.SZ,20260811,38.89,40.12,38.4,39.67,39.0,37159.51,146297.84412,1.7179
301055.SZ,20260811,29.99,31.12,29.25,30.87,30.32,33244.6,100993.26572,1.814
301056.SZ,20260811,10.73,11.27,10.64,11.08,10.78,44882.0,49361.882,2.7829
301057.SZ,20260811,21.94,22.05,21.4,21.84,22.04,17435.53,37951.88727,-0.9074
301058.SZ,20260811,8.51,8.58,8.39,8.41,8.59,57538.1,48668.94379,-2.0955
301059.SZ,20260811,11.67,11.67,11.46,11.47,11.73,24479.83,28173.60744,-2.2165
301060.SZ,20260811,9.87,10.2,9.76,9.86,9.97,177638.24,177413.91881,-1.1033
301061.SZ,20260811,36.56,36.66,35.78,36.13,36.68,24237.43,87782.55906,-1.4995
301062.SZ,20260811,6.8,6.9,6.58,6.84,6.7,80896.21,54875.58996,2.0896
301063.SZ,20260811,17.99,18.14,17.71,17.93,17.99,14031.5,25142.6455,-0.3335
301065.SZ,20260811,19.0,19.25,18.84,18.96,19.14,16668.25,31799.32825,-0.9404
301066.SZ,20260811,12.72,12.72,12.32,12.46,12.58,21856.4,27232.7488,-0.9539
301067.SZ,20260811,30.45,31.98,30.45,30.91,31.24,39636.0,123154.81018,-1.0563
301068.SZ,20260811,29.8,30.36,29.25,29.66,30.01,12513.0,37181.074,-1.1663
301069.SZ,20260811,17.21,17.26,16.96,17.05,17.26,50134.52,85601.24068,-1.2167
301070.SZ,20260811,67.09,67.78,64.93,65.46,67.6,27130.28,180026.77788,-3.1657
301071.SZ,20260811,59.62,60.58,58.21,59.21,60.03,99607.87,592005.51091,-1.366
301072.SZ,20260811,35.03,37.27,34.6,36.08,35.15,33037.02,118225.65788,2.6458
301073.SZ,20260811,18.38,18.89,18.11,18.29,18.49,55875.8,102477.4154,-1.0817
301075.SZ,20260811,55.66,57.36,54.57,55.94,55.66,13083.0,73554.772,0.5031
301076.SZ,20260811,22.66,22.76,22.1,22.52,22.68,33658.13,75675.17828,-0.7055
301077.SZ,20260811,20.88,21.0,20.5,20.88,20.81,12091.0,25115.207,0.3364
301078.SZ,20260811,7.52,7.52,7.42,7.47,7.48,135844.37,101541.4859,-0.1337
301079.SZ,20260811,29.79,30.06,28.93,29.44,30.01,30092.3,88426.91118,-1.8994
301080.SZ,20260811,79.09,88.88,76.37,82.3,77.7,345382.88,2835993.65064,5.9202
301081.SZ,20260811,12.2,12.5,12.01,12.5,12.31,24017.0,29585.819,1.5435
301082.SZ,20260811,11.31,11.38,10.85,10.9,11.09,190494.25,209108.48764,-1.7133
301083.SZ,20260811,13.9,14.15,13.77,14.04,14.09,17097.0,23894.253,-0.3549
301085.SZ,20260811,62.7,63.1,59.44,61.15,61.18,36541.9,223028.412,-0.049
301086.SZ,20260811,117.62,120.09,112.7,115.59,116.22,35036.82,405296.31883,-0.5421
301087.SZ,20260811,50.41,51.26,50.0,50.09,50.83,15459.46,78241.63369,-1.4558
301088.SZ,20260811,12.6,12.68,12.38,12.59,12.71,15413.0,19264.82185,-0.9441
301089.SZ,20260811,24.5,25.0,24.3,24.59,24.73,32423.99,80441.37724,-0.5661
301090.SZ,20260811,6.57,6.61,6.49,6.56,6.61,57636.42,37766.33594,-0.7564
301091.SZ,20260811,19.98,20.18,19.16,19.24,20.27,131449.2,256096.72805,-5.0814
301092.SZ,20260811,45.49,46.5,43.9,45.81,45.4,33197.46,150786.57126,0.9031
301093.SZ,20260811,80.0,81.95,76.81,78.8,81.06,68066.82,538306.51001,-2.7881
301095.SZ,20260811,73.11,74.77,71.81,73.55,73.2,51458.16,378178.15867,0.4781
301096.SZ,20260811,45.18,48.0,44.68,46.84,45.76,47698.36,222439.73018,2.3601
301097.SZ,20260811,34.8,35.3,33.77,34.57,34.7,5690.38,19639.09048,-0.3746
301098.SZ,20260811,8.56,8.73,8.29,8.61,8.64,69342.93,59066.21487,-0.3472
301099.SZ,20260811,49.27,51.77,49.11,50.18,50.04,87936.52,443810.13299,0.2798
301100.SZ,20260811,16.7,16.7,16.31,16.53,16.6,13363.0,22044.067,-0.4217
301101.SZ,20260811,29.7,30.08,29.32,29.96,29.79,17763.0,52816.37,0.5707
301102.SZ,20260811,10.09,10.2,9.88,9.94,10.14,20518.0,20616.644,-1.9724
301103.SZ,20260811,17.39,17.59,17.02,17.1,17.38,40863.79,70494.91301,-1.611
301105.SZ,20260811,47.32,48.7,46.56,48.37,47.32,5364.0,25495.322,2.2189
301106.SZ,20260811,17.14,17.23,16.71,17.11,17.06,18152.53,30876.28852,0.2931
301107.SZ,20260811,19.84,20.23,19.6,20.01,19.88,13533.8,26969.30515,0.6539
301108.SZ,20260811,38.19,38.19,37.2,37.52,38.15,15006.31,56491.34377,-1.6514
301109.SZ,20260811,13.73,14.04,13.73,13.86,13.79,47816.66,66568.85017,0.5076
301110.SZ,20260811,37.9,38.02,37.25,37.55,38.0,28719.09,108210.81843,-1.1842
301111.SZ,20260811,19.83,20.26,19.6,19.88,19.89,32129.0,63997.443,-0.0503
301112.SZ,20260811,32.27,32.88,31.28,32.59,32.32,13138.17,42244.09117,0.8354
301113.SZ,20260811,16.33,16.65,16.03,16.32,16.36,14083.8,22903.89812,-0.2445
301115.SZ,20260811,31.72,32.05,30.2,30.63,31.67,59773.49,186194.5783,-3.2839
301116.SZ,20260811,9.09,9.22,9.02,9.05,9.15,38183.0,34799.481,-1.0929
301117.SZ,20260811,18.63,20.45,18.1,19.79,18.92,136339.14,265782.46909,4.5983
301118.SZ,20260811,22.54,22.75,22.2,22.39,22.78,20980.46,47091.63243,-1.712
301119.SZ,20260811,21.28,24.69,20.83,23.48,21.27,53301.64,121968.13684,10.3902
301120.SZ,20260811,15.45,15.72,15.21,15.49,15.6,104314.96,161364.22665,-0.7051
301121.SZ,20260811,33.79,34.27,33.56,34.1,34.16,8548.0,29034.372,-0.1756
301122.SZ,20260811,31.4,32.86,31.4,32.12,31.82,35405.15,114184.36665,0.9428
301123.SZ,20260811,69.67,72.48,68.8,70.46,70.5,75095.53,531063.07716,-0.0567
301125.SZ,20260811,13.75,14.08,13.32,13.93,13.75,41355.32,56762.76936,1.3091
301126.SZ,20260811,9.82,10.09,9.77,9.94,9.87,43661.0,43478.107,0.7092
301127.SZ,20260811,14.78,15.57,14.52,15.07,14.74,276718.11,417994.32773,2.2388
301128.SZ,20260811,107.43,112.2,106.6,111.0,109.29,58290.8,640296.53219,1.5646
301129.SZ,20260811,21.41,21.54,21.07,21.22,21.34,11439.0,24357.871,-0.5623
301130.SZ,20260811,25.35,25.65,25.07,25.39,25.58,10713.5,27182.9315,-0.7428
301131.SZ,20260811,34.26,34.43,33.66,33.96,34.19,6828.83,23258.01056,-0.6727
301132.SZ,20260811,33.85,34.6,33.25,33.7,34.21,37921.69,128122.8414,-1.4908
301133.SZ,20260811,27.58,28.58,26.76,28.25,27.84,29273.6,81344.89806,1.4727
301135.SZ,20260811,16.6,16.85,16.33,16.63,16.7,19663.47,32607.38469,-0.4192
301136.SZ,20260811,11.63,11.75,11.42,11.59,11.71,40016.3,46273.5938,-1.0248
301137.SZ,20260811,35.89,36.47,35.4,36.14,36.49,60076.84,216091.7427,-0.9592
301138.SZ,20260811,27.11,27.35,26.38,26.81,27.06,8393.0,22500.425,-0.9239
301139.SZ,20260811,3.56,3.99,3.55,3.74,3.65,179027.34,68248.28582,2.4658
301141.SZ,20260811,45.6,46.58,43.8,43.87,46.59,68344.96,305525.89978,-5.8382
301148.SZ,20260811,50.2,54.8,48.52,53.2,49.2,27551.3,142998.30406,8.1301
301149.SZ,20260811,7.97,8.05,7.83,7.84,8.03,55087.73,43441.44185,-2.3661
301150.SZ,20260811,39.03,39.83,38.48,38.83,39.45,161052.44,629560.29266,-1.5716
301151.SZ,20260811,17.3,17.56,17.08,17.4,17.56,33469.24,58152.63027,-0.9112
301152.SZ,20260811,20.57,20.57,19.9,20.3,20.62,37651.88,76312.42556,-1.5519
301153.SZ,20260811,17.93,18.01,17.6,17.81,17.92,34770.19,61868.90766,-0.6138
301155.SZ,20260811,48.84,49.0,46.1,46.34,49.81,78803.0,370587.95558,-6.9665
301156.SZ,20260811,11.57,11.73,11.37,11.47,11.57,30878.8,35641.9103,-0.8643
301157.SZ,20260811,61.24,61.6,59.29,60.15,61.18,7408.0,44785.471,-1.6836
301158.SZ,20260811,15.5,15.8,15.19,15.43,15.48,99581.62,153235.59554,-0.323
301159.SZ,20260811,34.31,35.76,34.31,34.86,34.93,60831.0,213110.60701,-0.2004
301160.SZ,20260811,37.35,39.16,36.34,38.52,37.41,41574.61,158571.54824,2.9671
301161.SZ,20260811,27.22,28.7,27.06,27.26,27.18,47651.96,131438.29576,0.2943
301162.SZ,20260811,41.22,41.69,40.97,41.1,41.79,12816.12,52907.65632,-1.6511
301163.SZ,20260811,23.55,23.7,23.1,23.42,23.55,12055.0,28225.4703,-0.552
301165.SZ,20260811,123.1,132.96,120.12,127.7,121.2,336408.13,4245660.24411,5.363
301166.SZ,20260811,28.85,29.25,28.53,28.82,29.13,17305.0,49948.522,-1.0642
301167.SZ,20260811,13.99,14.14,13.77,13.96,14.03,19742.2,27448.5336,-0.4989
301168.SZ,20260811,45.39,45.39,44.1,44.3,44.94,19717.36,87742.2636,-1.4241
301169.SZ,20260811,53.0,53.0,51.0,51.42,53.13,19257.0,99749.061,-3.2185
301170.SZ,20260811,23.1,23.11,22.66,22.91,23.08,6259.5,14331.9095,-0.7366
301171.SZ,20260811,38.32,39.32,37.06,38.02,37.95,787324.71,3009838.67251,0.1845
301172.SZ,20260811,17.95,18.09,17.57,17.98,17.99,46277.5,82881.9525,-0.0556
301173.SZ,20260811,31.28,31.45,30.86,31.4,31.28,4366.0,13611.179,0.3836
301175.SZ,20260811,5.56,5.56,5.47,5.49,5.56,113307.0,62401.644,-1.259
301176.SZ,20260811,46.71,48.88,46.71,47.49,47.74,97746.79,466249.41609,-0.5237
301177.SZ,20260811,24.0,24.08,23.33,23.35,23.93,11111.0,26239.297,-2.4237
301178.SZ,20260811,36.19,37.03,35.01,36.4,36.28,24026.84,86840.08514,0.3308
301179.SZ,20260811,19.99,20.09,19.71,19.89,20.12,19486.63,38833.45819,-1.1431
301180.SZ,20260811,11.72,11.84,11.46,11.73,11.78,30305.0,35346.258,-0.4244
301181.SZ,20260811,22.65,23.25,22.14,22.98,22.64,19938.5,45424.73504,1.5018
301182.SZ,20260811,68.37,73.99,66.8,72.89,68.6,46003.78,326579.25003,6.2536
301183.SZ,20260811,178.31,197.0,172.81,191.3,179.91,82552.76,1533059.36122,6.3309
301185.SZ,20260811,17.26,17.3,16.63,16.83,17.4,65446.78,110334.7375,-3.2759
301186.SZ,20260811,35.38,36.27,34.56,35.69,35.37,14439.7,51057.5273,0.9047
301187.SZ,20260811,16.15,16.18,15.73,15.73,16.05,17540.0,27764.951,-1.9938
301188.SZ,20260811,38.01,39.5,37.08,38.95,37.99,182307.57,701511.43673,2.527
301189.SZ,20260811,49.23,49.74,47.8,49.29,49.19,28639.67,139917.3134,0.2033
301190.SZ,20260811,18.89,19.25,18.68,19.04,19.1,69153.92,130851.88453,-0.3141
301191.SZ,20260811,92.49,95.66,91.12,93.48,93.38,34456.68,322659.14106,0.1071
301192.SZ,20260811,20.05,20.19,19.63,20.02,20.06,10432.0,20823.115,-0.1994
301193.SZ,20260811,18.28,18.46,17.93,18.05,18.3,26479.38,48031.35979,-1.3661
301195.SZ,20260811,27.91,29.84,27.91,28.4,26.9,51985.17,148597.14238,5.5762
301196.SZ,20260811,82.33,84.87,80.9,82.0,82.67,52771.81,436500.85303,-0.8105
301197.SZ,20260811,25.81,25.9,24.58,25.12,25.0,46639.0,117900.643,0.48
301198.SZ,20260811,12.47,12.68,12.19,12.54,12.49,29074.45,36174.34875,0.4003
301199.SZ,20260811,18.68,18.85,18.26,18.68,18.69,14627.0,27194.675,-0.0535
301200.SZ,20260811,272.45,281.0,270.5,272.76,276.01,24151.13,665915.00598,-1.1775
301201.SZ,20260811,35.8,43.62,35.41,39.94,36.35,278230.55,1114365.1163,9.8762
301202.SZ,20260811,35.33,36.84,33.64,34.25,33.81,45961.03,160312.20212,1.3014
301203.SZ,20260811,33.58,34.34,33.31,33.76,33.86,4816.0,16269.508,-0.2953
301205.SZ,20260811,287.03,298.8,276.6,293.91,287.0,84944.25,2455092.29348,2.4077
301206.SZ,20260811,23.96,24.02,23.68,23.81,24.08,11841.27,28212.26545,-1.1213
301207.SZ,20260811,18.16,18.36,18.03,18.03,18.23,42934.8,78035.6414,-1.0971
301208.SZ,20260811,29.86,29.95,29.3,29.6,29.91,10420.85,30933.71244,-1.0364
301209.SZ,20260811,52.0,60.3,50.51,58.74,51.06,70167.02,390886.19809,15.0411
301210.SZ,20260811,24.42,24.64,24.08,24.32,24.41,25404.3,61891.82903,-0.3687
301211.SZ,20260811,11.49,11.89,11.43,11.69,11.59,113871.22,133083.42796,0.8628
301212.SZ,20260811,22.9,22.94,22.21,22.75,22.9,14339.0,32403.325,-0.655
301213.SZ,20260811,45.0,45.3,43.8,44.82,45.35,20143.69,89680.89823,-1.1687
301215.SZ,20260811,5.33,5.34,5.26,5.32,5.32,79008.16,41880.52112,0.0
301216.SZ,20260811,17.15,17.19,16.65,16.69,17.2,151465.48,255508.15533,-2.9651
301217.SZ,20260811,117.9,126.4,114.12,120.99,120.99,616335.43,7492105.4472,0.0
301218.SZ,20260811,48.52,48.55,46.0,46.4,48.5,92848.69,434364.60425,-4.3299
301219.SZ,20260811,51.82,51.89,49.94,49.96,52.79,160474.61,813152.91601,-5.3609
301220.SZ,20260811,28.3,28.3,27.7,27.94,28.31,8671.6,24271.962,-1.307
301221.SZ,20260811,28.97,29.67,28.7,29.28,29.33,17764.61,52046.02165,-0.1705
301222.SZ,20260811,25.0,25.14,24.51,24.89,25.1,11052.01,27469.28822,-0.8367
301223.SZ,20260811,16.66,16.98,16.44,16.66,16.66,12745.0,21309.304,0.0
301225.SZ,20260811,55.47,60.09,52.35,59.55,55.47,51835.17,295060.96876,7.3553
301226.SZ,20260811,29.52,30.05,29.04,29.7,29.82,13888.0,41024.10268,-0.4024
301227.SZ,20260811,25.01,26.11,24.4,25.97,25.29,23466.4,59648.92698,2.6888
301228.SZ,20260811,68.0,70.1,67.28,67.85,69.12,23214.0,158985.529,-1.8374
301229.SZ,20260811,12.38,12.47,12.12,12.36,12.36,23494.72,28890.76716,0.0
301230.SZ,20260811,35.1,39.6,34.15,37.97,35.1,405874.03,1497838.18008,8.1766
301231.SZ,20260811,27.8,27.87,26.95,27.5,27.8,33903.88,93221.22816,-1.0791
301232.SZ,20260811,108.12,109.14,103.5,106.14,113.72,60576.24,644844.89316,-6.6655
301233.SZ,20260811,35.37,35.37,33.7,34.23,36.1,23357.49,79748.47917,-5.1801
301234.SZ,20260811,88.6,93.5,85.0,87.3,91.89,52178.73,465630.44547,-4.9951
301235.SZ,20260811,47.57,51.44,44.7,49.0,48.2,169011.86,813542.43784,1.6598
301236.SZ,20260811,40.95,41.97,40.5,40.81,40.95,264152.95,1089135.23885,-0.3419
301237.SZ,20260811,54.75,56.72,54.0,55.5,54.75,15385.79,85243.61239,1.3699
301238.SZ,20260811,16.65,16.76,16.55,16.55,16.76,66137.93,110061.60294,-1.253
301239.SZ,20260811,37.01,38.55,36.51,36.51,38.0,88412.66,328988.39477,-3.9211
301246.SZ,20260811,20.91,21.3,20.75,21.07,21.07,74484.22,156952.90517,0.0
301248.SZ,20260811,60.5,61.8,58.69,60.94,61.09,41739.0,252096.52292,-0.2455
301251.SZ,20260811,41.23,44.28,40.88,42.6,42.89,122670.12,524877.3418,-0.6761
301252.SZ,20260811,30.61,31.79,29.93,31.1,30.61,26799.95,82989.36825,1.6008
301255.SZ,20260811,20.99,21.11,20.41,20.93,20.9,13882.0,28896.34954,0.1435
301256.SZ,20260811,10.7,10.96,10.6,10.79,10.84,64313.12,69279.0952,-0.4613
301257.SZ,20260811,49.03,52.36,48.48,50.4,49.01,104583.96,529916.14194,2.8362
301258.SZ,20260811,26.3,26.56,25.91,26.16,26.17,13856.01,36469.49737,-0.0382
301259.SZ,20260811,23.5,25.1,23.5,24.88,23.79,72929.64,179489.59083,4.5818
301260.SZ,20260811,14.08,14.3,13.83,14.14,14.15,21202.3,29931.363,-0.0707
301261.SZ,20260811,58.2,61.49,57.58,60.0,58.98,33629.61,200908.32258,1.7294
301262.SZ,20260811,20.13,20.2,19.73,19.81,20.12,46683.76,92822.20835,-1.5408
301263.SZ,20260811,21.62,21.92,21.27,21.34,21.75,39580.63,85485.05011,-1.8851
301265.SZ,20260811,20.74,21.35,20.53,20.6,20.73,70763.74,147841.82299,-0.6271
301266.SZ,20260811,21.66,21.95,21.14,21.72,21.66,26121.79,56375.40626,0.277
301267.SZ,20260811,16.53,16.98,16.5,16.56,16.65,64908.69,108637.57826,-0.5405
301268.SZ,20260811,13.68,13.8,13.2,13.51,13.6,37633.75,50553.49325,-0.6618
301269.SZ,20260811,93.0,100.0,92.6,97.96,93.13,124611.72,1208493.30646,5.1863
301270.SZ,20260811,33.49,34.23,33.05,33.86,34.43,51930.46,175009.8357,-1.6555
301272.SZ,20260811,34.37,34.45,33.6,33.91,34.36,5612.14,19044.85776,-1.3097
301273.SZ,20260811,37.27,40.4,36.82,39.1,37.88,61098.01,238040.3714,3.2207
301275.SZ,20260811,44.65,45.41,43.87,44.9,44.41,73939.42,329839.03966,1.1034
301276.SZ,20260811,21.19,21.19,20.4,20.8,20.99,14083.2,29147.562,-0.9052
301277.SZ,20260811,10.61,10.96,10.61,10.76,10.75,74440.53,80739.86321,0.093
301278.SZ,20260811,27.67,28.02,27.32,27.72,27.86,8628.89,23902.38767,-0.5025
301279.SZ,20260811,20.5,21.0,19.74,20.66,20.89,55970.9,114222.02423,-1.101
301280.SZ,20260811,40.88,40.98,39.8,40.67,40.68,10655.84,43087.31656,-0.0246
301281.SZ,20260811,40.5,44.17,40.5,43.9,40.66,38701.93,167061.57791,7.9685
301282.SZ,20260811,23.69,24.25,23.5,23.8,23.88,56417.27,134961.927,-0.335
301283.SZ,20260811,26.15,26.46,26.05,26.1,26.42,7793.35,20451.7858,-1.2112
301285.SZ,20260811,78.43,78.93,74.84,77.06,78.14,34981.77,269607.39823,-1.3821
301286.SZ,20260811,40.66,42.0,40.15,41.01,41.13,11433.0,46930.147,-0.2918
301287.SZ,20260811,35.3,35.97,34.73,35.4,35.3,5827.0,20487.144,0.2833
301288.SZ,20260811,17.65,18.0,17.13,17.15,17.71,13144.0,22724.243,-3.1621
301289.SZ,20260811,44.33,44.33,43.6,43.64,44.35,5374.0,23596.312,-1.6009
301290.SZ,20260811,29.0,29.27,28.42,29.0,29.08,14516.0,41986.914,-0.2751
301291.SZ,20260811,40.0,41.85,39.26,39.55,40.4,78019.86,313944.95639,-2.104
301292.SZ,20260811,69.01,71.68,68.4,68.78,69.15,115982.22,811542.01703,-0.5351
301293.SZ,20260811,56.18,57.18,55.77,55.9,57.14,103306.94,583040.92951,-2.1701
301295.SZ,20260811,46.37,47.99,45.17,45.6,46.12,30930.27,143884.54315,-1.1275
301296.SZ,20260811,6.43,6.44,6.33,6.36,6.45,31438.0,20050.9,-1.3953
301297.SZ,20260811,34.48,35.6,34.26,34.81,35.03,156177.95,545735.44532,-0.628
301298.SZ,20260811,12.73,12.84,12.51,12.69,12.8,14868.65,18822.7928,-0.8594
301299.SZ,20260811,44.95,44.95,43.73,44.12,44.7,6881.0,30458.098,-1.2975
301300.SZ,20260811,31.51,31.69,30.73,31.36,31.39,6691.49,20875.18303,-0.0956
301301.SZ,20260811,9.0,9.18,8.91,9.02,9.04,134811.0,122152.392,-0.2212
301302.SZ,20260811,24.35,24.35,23.66,24.08,24.46,43146.24,103418.39248,-1.5536
301303.SZ,20260811,14.1,15.14,14.09,15.0,14.19,106873.23,157718.80042,5.7082
301305.SZ,20260811,23.29,23.29,22.67,22.93,23.13,36381.66,83382.86775,-0.8647
301306.SZ,20260811,94.69,96.23,91.28,94.7,97.51,33707.72,316010.79895,-2.8818
301307.SZ,20260811,53.35,53.99,51.0,52.3,53.88,73872.63,388050.65682,-2.9324
301308.SZ,20260811,412.0,442.0,406.66,417.5,412.5,288112.6,12326403.4363,1.2121
301309.SZ,20260811,30.36,32.87,30.36,31.19,30.48,19937.0,63357.835,2.3294
301310.SZ,20260811,51.01,52.6,50.59,51.03,51.54,74595.47,383037.28996,-0.9895
301311.SZ,20260811,13.9,13.96,13.59,13.78,13.92,15720.01,21594.21383,-1.0057
301312.SZ,20260811,65.55,71.43,63.6,69.45,66.21,100187.57,684615.45512,4.8935
301313.SZ,20260811,36.6,37.59,35.88,37.0,36.86,64485.82,238015.14162,0.3798
301314.SZ,20260811,41.5,42.37,40.94,41.88,41.75,5191.6,21631.5142,0.3114
301315.SZ,20260811,38.64,38.91,38.05,38.47,38.65,8564.35,33006.7685,-0.4657
301316.SZ,20260811,39.93,40.8,39.31,40.72,39.95,106863.91,430066.1641,1.9274
301317.SZ,20260811,44.99,45.11,43.67,44.57,45.12,19510.0,86812.599,-1.219
301318.SZ,20260811,20.87,20.99,20.54,20.95,20.88,6534.25,13577.7725,0.3352
301319.SZ,20260811,109.0,118.26,108.5,111.1,113.6,142523.21,1605894.66797,-2.2007
301320.SZ,20260811,12.98,13.16,12.78,13.06,12.99,16340.0,21226.955,0.5389
301321.SZ,20260811,38.41,39.83,36.5,36.81,38.2,100054.1,378388.2904,-3.6387
301322.SZ,20260811,37.45,39.5,35.78,38.99,37.52,55330.0,209869.03261,3.9179
301323.SZ,20260811,75.29,76.8,73.83,75.1,76.04,11311.09,85236.37081,-1.2362
301325.SZ,20260811,32.17,32.49,31.5,32.1,32.17,10227.28,32788.72988,-0.2176
301326.SZ,20260811,103.66,107.29,98.97,100.23,105.24,26339.82,266176.97092,-4.7605
301327.SZ,20260811,45.63,45.76,44.95,45.28,45.76,11825.85,53548.19801,-1.049
301328.SZ,20260811,59.0,61.0,56.23,59.21,59.95,57571.43,336670.49471,-1.2344
301329.SZ,20260811,19.7,20.01,19.35,19.79,19.85,38198.11,75191.80503,-0.3023
301330.SZ,20260811,24.4,24.65,24.11,24.41,24.54,15714.22,38377.52254,-0.5297
301331.SZ,20260811,21.6,22.16,21.44,21.92,21.61,18681.0,40879.409,1.4345
301332.SZ,20260811,8.04,8.13,7.87,7.96,8.07,72759.38,58292.29958,-1.3631
301333.SZ,20260811,57.4,69.0,57.4,62.61,58.0,98192.03,619484.04402,7.9483
301335.SZ,20260811,22.44,22.59,22.1,22.33,22.58,15667.21,34981.10683,-1.1072
301336.SZ,20260811,44.7,46.46,44.0,45.7,45.49,28693.45,130905.0971,0.4616
301337.SZ,20260811,25.07,26.3,24.77,25.91,25.21,18148.0,46517.604,2.7767
301338.SZ,20260811,97.9,100.0,95.63,97.31,98.59,39254.65,384202.72799,-1.2983
301339.SZ,20260811,11.8,11.93,11.63,11.73,11.86,50068.75,58928.62176,-1.0961
301345.SZ,20260811,259.29,262.99,253.04,254.9,260.55,10869.0,279328.706,-2.1685
301348.SZ,20260811,20.55,20.71,20.27,20.39,20.64,59420.35,121684.48229,-1.2112
301349.SZ,20260811,42.57,43.67,42.17,42.43,43.07,27981.35,119456.75375,-1.486
301353.SZ,20260811,19.5,19.91,19.1,19.61,19.78,32338.94,63014.12843,-0.8595
301355.SZ,20260811,10.08,10.22,9.95,10.12,10.13,27366.74,27550.72144,-0.0987
301356.SZ,20260811,19.64,19.74,19.16,19.49,19.67,21565.16,41924.7172,-0.9151
301357.SZ,20260811,111.49,112.14,104.91,106.28,113.23,96808.31,1037449.1568,-6.1379
301358.SZ,20260811,66.06,67.99,65.4,66.64,66.75,187440.8,1255759.83933,-0.1648
301359.SZ,20260811,16.58,16.93,16.38,16.6,16.8,19113.32,31666.39748,-1.1905
301360.SZ,20260811,50.88,53.08,50.42,52.04,50.89,26956.64,139994.00185,2.2598
301361.SZ,20260811,28.31,28.57,27.89,28.29,28.61,11949.0,33743.5,-1.1185
301362.SZ,20260811,133.0,135.58,126.68,127.0,133.05,51139.46,662152.35948,-4.5472
301363.SZ,20260811,17.0,17.45,16.97,17.15,17.26,109652.28,188970.44,-0.6373
301365.SZ,20260811,39.32,40.44,38.21,38.88,39.32,32428.92,127117.85998,-1.119
301366.SZ,20260811,53.51,55.9,52.92,53.27,53.95,187949.55,1019744.31434,-1.2604
301367.SZ,20260811,46.3,47.97,46.02,46.58,46.45,23970.75,112831.55363,0.2799
301368.SZ,20260811,43.08,44.29,41.73,43.7,43.02,29980.61,129716.64823,1.5807
301369.SZ,20260811,134.91,137.7,131.1,133.63,137.2,22897.75,308244.50465,-2.602
301370.SZ,20260811,8.85,9.25,8.81,9.03,8.89,86387.16,78379.42101,1.5748
301371.SZ,20260811,26.2,26.76,25.88,26.42,26.55,26088.32,68760.42167,-0.4896
301372.SZ,20260811,30.8,30.98,30.2,30.83,30.75,10157.0,31142.917,0.2602
301373.SZ,20260811,89.88,91.96,87.79,89.12,91.25,60556.84,543190.23342,-2.3342
301376.SZ,20260811,20.75,20.98,20.15,20.24,20.8,54840.59,112535.43966,-2.6923
301377.SZ,20260811,430.0,445.0,426.3,429.01,437.45,30846.31,1341779.30611,-1.9294
301378.SZ,20260811,26.52,26.72,25.96,26.45,26.72,27265.42,71831.3728,-1.0105
301379.SZ,20260811,22.02,22.66,21.68,22.18,22.37,131342.95,291414.67388,-0.8494
301380.SZ,20260811,32.22,32.29,31.49,31.72,32.22,25658.4,81616.1202,-1.5518
301381.SZ,20260811,22.99,23.25,22.6,22.77,23.01,57190.45,130702.33689,-1.043
301382.SZ,20260811,38.47,39.13,37.86,38.85,38.73,126942.84,490132.12452,0.3098
301383.SZ,20260811,22.19,22.48,21.83,22.28,22.17,11016.0,24426.145,0.4962
301386.SZ,20260811,20.38,20.38,19.88,20.05,20.35,8909.0,17897.263,-1.4742
301387.SZ,20260811,56.74,56.75,54.1,55.3,56.88,20261.51,112204.00136,-2.7778
301388.SZ,20260811,23.81,24.09,23.5,23.92,23.96,10974.0,26146.452,-0.1669
301389.SZ,20260811,51.48,52.65,50.35,51.5,52.16,70295.08,362562.81051,-1.2653
301390.SZ,20260811,31.0,31.03,30.18,30.41,30.95,11267.33,34346.64101,-1.7447
301391.SZ,20260811,50.65,50.82,49.59,50.36,50.49,8544.4,42966.1374,-0.2575
301392.SZ,20260811,173.49,177.58,169.0,173.7,174.26,41056.06,713255.37599,-0.3214
301393.SZ,20260811,66.88,69.0,65.88,66.58,66.98,39581.16,266112.00856,-0.5972
301395.SZ,20260811,12.46,12.68,12.36,12.58,12.6,26648.4,33450.4514,-0.1587
301396.SZ,20260811,200.0,202.0,186.78,192.36,198.2,178950.99,3447252.14259,-2.9465
301397.SZ,20260811,26.45,27.59,26.32,27.19,26.61,49314.12,133531.07179,2.1796
301398.SZ,20260811,34.48,35.36,33.61,34.91,34.77,17921.01,61885.49136,0.4026
301399.SZ,20260811,17.14,17.63,16.71,17.05,17.35,49925.14,85365.55591,-1.7291
301408.SZ,20260811,15.56,17.3,15.55,16.3,15.86,381443.83,629177.32459,2.7743
301413.SZ,20260811,66.0,70.88,64.64,69.7,66.06,83014.87,568576.52623,5.5101
301418.SZ,20260811,38.26,38.36,37.28,37.95,38.59,16939.98,64091.39556,-1.6585
301419.SZ,20260811,31.13,31.68,30.51,31.14,31.19,23759.5,74107.2275,-0.1603
301421.SZ,20260811,78.0,80.0,76.66,78.28,78.6,53409.98,419576.03463,-0.4071
301428.SZ,20260811,29.52,30.01,28.9,29.75,29.57,29663.78,87487.35213,0.6087
301429.SZ,20260811,16.9,17.2,16.66,16.95,16.91,17477.0,29678.798,0.2365
301439.SZ,20260811,15.25,15.35,15.0,15.18,15.35,56373.0,85514.67098,-1.1075
301446.SZ,20260811,39.38,39.88,38.2,39.0,39.69,10306.61,40234.35852,-1.7385
301448.SZ,20260811,43.0,44.75,42.5,44.04,43.74,16746.0,73755.195,0.6859
301449.SZ,20260811,40.1,41.45,39.46,40.66,40.82,33538.85,135371.95241,-0.392
301456.SZ,20260811,23.8,23.9,23.3,23.57,23.96,12261.09,28915.74158,-1.6277
301458.SZ,20260811,36.7,39.48,36.6,38.63,37.16,120682.8,462859.69525,3.9559
301459.SZ,20260811,36.2,36.2,34.79,35.21,36.13,17278.0,61024.43278,-2.5464
301468.SZ,20260811,33.87,34.18,33.32,33.43,34.21,41226.31,138580.83012,-2.28
301469.SZ,20260811,28.84,28.93,28.0,28.65,28.99,9209.96,26212.18064,-1.1728
301479.SZ,20260811,47.63,48.28,46.8,47.85,47.75,16224.0,77358.988,0.2094
301486.SZ,20260811,155.13,160.3,151.55,153.11,158.19,52450.21,811831.02349,-3.2113
301487.SZ,20260811,16.57,16.57,16.25,16.42,16.65,93499.11,153553.19196,-1.3814
301488.SZ,20260811,102.52,105.19,101.79,104.97,103.54,18107.49,187963.69159,1.3811
301489.SZ,20260811,98.0,100.8,96.77,99.02,99.8,39458.82,390797.96038,-0.7816
301491.SZ,20260811,39.8,41.02,39.53,40.68,39.87,15383.81,62141.21728,2.0316
301498.SZ,20260811,43.54,44.46,42.92,42.93,43.76,67313.28,292992.61474,-1.8967
301499.SZ,20260811,24.83,25.48,24.31,25.27,24.71,25451.91,63726.26692,2.2663
301500.SZ,20260811,24.69,25.35,24.17,24.19,24.68,126319.41,310599.82559,-1.9854
301501.SZ,20260811,29.02,29.18,28.45,28.69,29.08,11738.4,33667.8534,-1.3411
301502.SZ,20260811,51.62,53.63,50.0,52.75,51.96,7688.0,40122.318,1.5204
301503.SZ,20260811,22.07,22.12,21.63,21.81,22.07,7464.0,16340.0489,-1.1781
301505.SZ,20260811,16.56,16.61,16.27,16.5,16.53,16097.94,26475.58644,-0.1815
301507.SZ,20260811,12.67,12.96,12.67,12.85,12.77,38974.58,50032.25256,0.6265
301508.SZ,20260811,23.87,24.14,23.8,24.02,24.14,11011.67,26390.949,-0.4971
301509.SZ,20260811,31.4,32.87,31.32,32.04,31.86,58130.53,186752.39331,0.565
301510.SZ,20260811,26.68,27.01,26.3,26.75,26.73,61926.86,165359.77996,0.0748
301511.SZ,20260811,87.0,90.03,85.45,85.96,88.7,375736.52,3281291.41625,-3.0891
301512.SZ,20260811,30.41,31.0,29.87,30.71,30.6,10078.41,30669.17859,0.3595
301513.SZ,20260811,49.89,50.84,48.89,49.87,49.89,11743.52,58454.54723,-0.0401
301515.SZ,20260811,19.0,19.19,18.75,19.02,19.17,10134.99,19228.92905,-0.7825
301516.SZ,20260811,15.88,16.16,15.53,16.0,15.95,53887.25,85700.25129,0.3135
301517.SZ,20260811,40.64,40.96,39.3,40.45,41.08,28108.96,112945.92319,-1.5336
301518.SZ,20260811,25.54,25.54,24.78,25.0,25.35,17699.0,44347.345,-1.3807
301519.SZ,20260811,12.04,12.18,11.77,11.84,12.04,21429.25,25488.9395,-1.6611
301520.SZ,20260811,57.72,70.39,57.38,70.39,58.66,211993.92,1404170.94733,19.9966
301522.SZ,20260811,24.3,24.3,23.77,23.92,24.66,55916.0,134115.57196,-3.0008
301525.SZ,20260811,41.75,43.8,41.26,43.07,41.75,17747.37,75992.66322,3.1617
301526.SZ,20260811,37.79,40.54,36.81,39.39,38.12,2334166.71,9068571.34795,3.3316
301528.SZ,20260811,53.0,54.01,52.3,52.55,53.15,14189.71,75427.43483,-1.1289
301529.SZ,20260811,80.12,96.16,77.8,96.16,80.13,62753.52,557583.95155,20.005
301531.SZ,20260811,51.0,52.49,50.42,51.38,51.5,25785.09,132803.10622,-0.233
301533.SZ,20260811,26.75,26.75,25.93,26.16,26.5,8287.29,21704.95877,-1.283
301535.SZ,20260811,16.16,16.18,15.75,15.98,16.16,38608.4,61522.012,-1.1139
301536.SZ,20260811,120.41,128.1,120.08,125.79,121.6,168018.15,2094911.39348,3.4457
301538.SZ,20260811,39.5,40.58,39.1,39.75,39.67,16407.82,65243.161,0.2017
301539.SZ,20260811,15.0,15.0,14.64,14.9,15.02,16856.0,24957.92618,-0.7989
301548.SZ,20260811,64.58,64.8,63.0,64.0,64.63,12227.0,78276.4626,-0.9748
301550.SZ,20260811,72.06,87.42,72.06,87.42,72.85,145535.69,1173063.68009,20.0
301551.SZ,20260811,22.11,22.44,21.55,21.59,22.18,106876.72,232996.58837,-2.6601
301552.SZ,20260811,25.9,26.3,25.54,26.07,26.79,42476.41,110379.98669,-2.6876
301555.SZ,20260811,31.49,31.54,30.88,31.06,31.47,13491.0,42092.68499,-1.3028
301556.SZ,20260811,59.71,62.44,59.62,61.5,60.4,18452.51,112981.87282,1.8212
301557.SZ,20260811,82.2,82.75,79.89,81.38,82.73,6895.14,55791.6174,-1.6318
301558.SZ,20260811,6.67,6.68,6.56,6.62,6.68,46048.0,30505.665,-0.8982
301559.SZ,20260811,13.39,13.56,13.21,13.21,13.35,21931.94,29168.58368,-1.0487
301560.SZ,20260811,23.86,24.4,23.35,23.95,24.1,16171.57,38618.01289,-0.6224
301563.SZ,20260811,126.0,129.5,125.38,126.9,127.45,15269.61,194753.03981,-0.4315
301565.SZ,20260811,19.61,19.9,19.5,19.78,19.75,34682.01,68380.33576,0.1519
301566.SZ,20260811,24.85,29.88,24.6,28.19,24.9,665794.21,1857185.54529,13.2129
301567.SZ,20260811,34.55,36.5,34.3,35.7,35.07,14217.75,50357.611,1.7964
301568.SZ,20260811,67.51,69.96,65.8,67.45,68.33,35624.0,241959.337,-1.2879
301571.SZ,20260811,67.58,68.63,64.2,64.6,68.0,48733.33,321216.70666,-5.0
301575.SZ,20260811,27.91,27.91,27.6,27.69,27.91,6009.74,16668.7506,-0.7882
301577.SZ,20260811,54.16,55.94,53.52,54.72,54.51,12973.12,71153.34664,0.3853
301578.SZ,20260811,22.79,23.12,22.53,22.96,22.9,16384.78,37403.01969,0.262
301580.SZ,20260811,55.01,55.45,53.02,53.2,55.77,78505.01,423393.58132,-4.6082
301581.SZ,20260811,36.51,36.91,36.15,36.75,36.98,4641.0,16967.572,-0.622
301583.SZ,20260811,159.0,173.99,158.99,166.31,163.28,142361.48,2395088.45041,1.8557
301584.SZ,20260811,23.53,24.21,23.28,23.38,23.6,68135.78,161071.4286,-0.9322
301585.SZ,20260811,27.88,28.4,27.28,27.52,27.89,21348.9,59176.75143,-1.3266
301586.SZ,20260811,32.4,32.4,31.5,31.87,32.22,6178.0,19646.459,-1.0863
301587.SZ,20260811,21.96,21.96,21.4,21.58,21.95,28743.92,62235.37744,-1.6856
301588.SZ,20260811,31.5,32.38,30.05,31.97,32.76,65652.52,206512.58797,-2.4115
301589.SZ,20260811,142.29,143.6,138.2,141.5,146.34,6886.47,97385.22538,-3.3074
301590.SZ,20260811,76.8,77.19,74.49,76.35,77.05,6482.2,49277.196,-0.9085
301591.SZ,20260811,29.73,29.9,29.19,29.54,29.92,28239.73,83459.90346,-1.2701
301592.SZ,20260811,106.08,110.8,105.6,107.26,106.6,16536.0,179318.4102,0.6191
301595.SZ,20260811,41.12,41.99,40.15,41.77,40.93,10306.75,42773.5085,2.0523
301596.SZ,20260811,49.12,58.09,47.75,54.71,48.9,78098.75,412033.43031,11.8814
301598.SZ,20260811,48.41,48.93,47.87,48.72,48.93,4273.59,20686.00275,-0.4292
301599.SZ,20260811,35.0,35.88,34.74,35.33,35.23,26633.03,94048.6032,0.2838
301600.SZ,20260811,87.87,89.89,87.32,88.85,87.88,7803.42,69122.38565,1.1038
301601.SZ,20260811,16.34,16.37,15.96,16.31,16.38,15139.0,24477.235,-0.4274
301602.SZ,20260811,15.5,15.55,15.22,15.32,15.49,23158.0,35557.468,-1.0975
301603.SZ,20260811,124.23,127.15,122.11,123.87,124.0,16177.97,202187.36116,-0.1048
301606.SZ,20260811,53.45,53.66,51.9,53.11,53.45,24760.93,130664.30925,-0.6361
301607.SZ,20260811,40.17,41.48,39.36,40.69,40.11,122655.89,497384.53844,1.446
301608.SZ,20260811,46.43,47.15,45.53,46.07,46.42,15081.86,69746.35134,-0.754
301609.SZ,20260811,36.11,36.11,35.06,35.49,36.16,28444.34,100757.61298,-1.8529
301611.SZ,20260811,102.72,107.33,100.5,103.5,105.02,109746.41,1139814.01304,-1.4473
301613.SZ,20260811,39.57,39.75,38.65,39.31,39.59,15337.01,59996.95369,-0.7072
301616.SZ,20260811,35.49,35.5,34.8,35.24,35.6,5048.0,17733.739,-1.0112
301617.SZ,20260811,47.8,48.12,46.88,47.07,47.91,10215.5,48258.1051,-1.7533
301618.SZ,20260811,33.5,33.65,32.76,33.02,33.36,8137.4,26923.6444,-1.0192
301622.SZ,20260811,43.55,43.55,41.82,42.18,43.55,19383.34,82105.2254,-3.1458
301626.SZ,20260811,245.04,260.0,240.51,257.1,247.52,23599.0,586303.24832,3.8704
301628.SZ,20260811,81.99,84.73,80.61,84.48,82.36,22676.27,188890.17175,2.5741
301629.SZ,20260811,253.29,259.84,246.2,254.06,255.85,8078.73,204434.63929,-0.6996
301630.SZ,20260811,171.22,175.36,169.0,171.54,173.61,9881.58,170135.31652,-1.1923
301631.SZ,20260811,61.38,62.49,60.61,61.5,61.81,17272.66,106413.6107,-0.5015
301632.SZ,20260811,15.48,15.6,15.09,15.17,15.61,31193.56,47480.17313,-2.8187
301633.SZ,20260811,60.45,60.96,59.3,59.4,60.93,8591.73,51397.75059,-2.5111
301636.SZ,20260811,40.95,41.29,40.26,40.96,41.4,7324.77,29905.34353,-1.0628
301638.SZ,20260811,23.73,23.95,23.37,23.6,23.87,93282.72,220600.41379,-1.1311
301656.SZ,20260811,17.31,17.34,16.98,17.09,17.36,45461.71,77788.82035,-1.5553
301658.SZ,20260811,24.9,25.15,24.23,24.97,24.76,42787.79,106271.80347,0.8481
301662.SZ,20260811,70.44,72.9,70.14,71.19,71.0,28783.05,205763.47976,0.2676
301665.SZ,20260811,23.13,23.13,22.72,22.82,23.32,32564.78,74443.05581,-2.1441
301666.SZ,20260811,425.51,442.86,422.27,433.08,432.0,18564.0,804271.58804,0.25
301667.SZ,20260811,71.9,73.06,69.57,69.95,71.99,37141.57,262656.22231,-2.8337
301668.SZ,20260811,37.95,37.97,37.0,37.42,38.39,27859.7,103941.18265,-2.5267
301669.SZ,20260811,30.03,31.87,29.67,30.9,30.85,112793.75,345686.1406,0.1621
301677.SZ,20260811,62.58,65.0,61.6,62.38,63.6,55740.26,351864.75644,-1.9182
301678.SZ,20260811,45.81,47.23,45.52,45.98,45.77,33085.07,153268.35099,0.4588
301680.SZ,20260811,92.83,93.99,91.19,91.65,92.83,5528.52,51114.60173,-1.2711
301682.SZ,20260811,129.26,137.97,129.04,132.78,131.9,34996.94,469247.19153,0.6672
301683.SZ,20260811,101.86,104.68,101.74,102.74,102.83,9116.6,94442.46399,-0.0875
301687.SZ,20260811,50.12,51.36,49.69,50.66,50.97,29716.18,150353.75373,-0.6082
301696.SZ,20260811,104.0,108.56,103.21,105.79,105.6,29771.97,315640.17278,0.1799
301707.SZ,20260811,102.6,102.6,97.77,97.8,108.2,130287.91,1296731.67561,-9.6118
301717.SZ,20260811,450.0,554.73,420.0,503.0,65.99,149390.86,7040170.35026,662.2367
302132.SZ,20260811,58.6,58.7,57.59,58.16,59.78,83238.21,483471.57694,-2.7099
600000.SH,20260811,9.27,9.34,9.18,9.21,9.29,509424.33,470381.696,-0.8611
600004.SH,20260811,7.66,7.68,7.57,7.59,7.66,73361.85,55793.687,-0.9138
600006.SH,20260811,5.46,5.46,5.37,5.41,5.47,147614.79,79657.526,-1.0969
600007.SH,20260811,18.49,18.64,18.4,18.53,18.49,21023.5,38965.357,0.2163
600008.SH,20260811,2.86,2.88,2.84,2.86,2.86,557373.97,159282.992,0.0
600009.SH,20260811,23.91,23.97,23.47,23.5,23.92,167780.68,397129.559,-1.7559
600010.SH,20260811,2.28,2.29,2.23,2.24,2.29,4677518.09,1054114.065,-2.1834
600011.SH,20260811,6.99,7.07,6.97,6.98,6.99,942529.49,661068.435,-0.1431
600012.SH,20260811,16.06,16.3,15.85,16.08,15.89,84992.55,136707.567,1.1957
600015.SH,20260811,6.77,6.8,6.72,6.74,6.76,364390.15,245962.711,-0.2959
600016.SH,20260811,3.53,3.54,3.49,3.49,3.53,1591458.61,559074.996,-1.1331
600017.SH,20260811,2.72,2.73,2.68,2.69,2.72,241550.83,65101.027,-1.1029
600018.SH,20260811,5.18,5.21,5.14,5.15,5.16,415659.8,215124.863,-0.1938
600019.SH,20260811,5.79,5.83,5.72,5.73,5.78,1026779.19,591531.645,-0.8651
600020.SH,20260811,3.8,3.81,3.75,3.75,3.8,115400.92,43612.739,-1.3158
600021.SH,20260811,14.76,14.87,14.52,14.53,14.8,390256.51,572349.833,-1.8243
600022.SH,20260811,1.36,1.36,1.33,1.34,1.35,665448.73,89465.684,-0.7407
600023.SH,20260811,4.96,5.01,4.95,4.98,4.96,333300.01,166175.685,0.4032
600025.SH,20260811,9.77,9.9,9.75,9.78,9.74,200478.0,197059.28,0.4107
600026.SH,20260811,17.54,17.75,16.29,16.3,17.66,964558.03,1628570.872,-7.701
600027.SH,20260811,4.67,4.71,4.65,4.66,4.67,566124.89,264645.008,-0.2141
600028.SH,20260811,5.15,5.21,5.1,5.11,5.12,2172446.56,1118241.711,-0.1953
600029.SH,20260811,5.12,5.15,5.05,5.05,5.15,998771.4,507782.992,-1.9417
600030.SH,20260811,27.92,28.12,27.74,27.74,27.95,1065258.47,2971782.667,-0.7513
600031.SH,20260811,19.7,19.88,19.01,19.04,19.74,857710.22,1661329.412,-3.5461
600032.SH,20260811,7.51,7.65,7.48,7.55,7.65,354696.35,267764.28,-1.3072
600033.SH,20260811,3.58,3.58,3.51,3.51,3.57,207920.0,73540.485,-1.6807
600035.SH,20260811,3.46,3.48,3.43,3.43,3.47,117001.0,40341.954,-1.1527
600036.SH,20260811,39.0,39.2,38.77,38.95,38.91,500769.53,1949602.571,0.1028
600037.SH,20260811,7.01,7.09,6.96,7.03,7.02,127018.0,89376.976,0.1425
600038.SH,20260811,26.86,27.1,26.56,26.76,26.99,54287.48,145418.443,-0.8522
600039.SH,20260811,8.48,8.71,8.41,8.53,8.45,201146.0,172756.938,0.9467
600048.SH,20260811,5.33,5.39,5.3,5.31,5.36,1060674.92,565898.801,-0.9328
600050.SH,20260811,4.33,4.34,4.3,4.32,4.33,903805.14,390356.122,-0.2309
600051.SH,20260811,6.22,6.28,6.17,6.22,6.26,39904.32,24842.606,-0.639
600052.SH,20260811,3.82,3.94,3.82,3.89,3.85,126715.0,49267.796,1.039
600053.SH,20260811,7.35,7.37,7.23,7.3,7.37,12327.4,8999.625,-0.9498
600054.SH,20260811,11.37,11.38,11.18,11.2,11.36,53342.98,60105.846,-1.4085
600055.SH,20260811,11.42,11.54,11.28,11.39,11.51,57850.0,65990.039,-1.0426
600056.SH,20260811,9.44,9.8,9.42,9.61,9.47,337492.5,325756.846,1.4784
600057.SH,20260811,6.39,6.41,6.3,6.31,6.36,112512.1,71309.365,-0.7862
600058.SH,20260811,11.26,11.76,11.04,11.05,11.3,284222.05,322503.942,-2.2124
600059.SH,20260811,7.99,8.02,7.9,7.93,7.99,86465.0,68651.561,-0.7509
600060.SH,20260811,25.9,26.92,25.81,26.6,26.0,96614.78,256540.508,2.3077
600061.SH,20260811,6.42,6.47,6.39,6.39,6.43,211784.04,136007.531,-0.6221
600062.SH,20260811,16.4,16.68,16.32,16.38,16.4,143141.02,236446.488,-0.122
600063.SH,20260811,6.1,6.22,5.99,6.08,6.05,592135.79,362691.321,0.4959
600064.SH,20260811,7.65,7.74,7.57,7.57,7.65,150029.48,114839.682,-1.0458
600066.SH,20260811,33.33,33.47,30.31,30.35,32.97,459048.65,1445196.486,-7.9466
600067.SH,20260811,2.81,2.83,2.76,2.79,2.82,167002.83,46836.843,-1.0638
600071.SH,20260811,15.75,15.75,15.5,15.55,15.77,15191.0,23675.892,-1.3951
600072.SH,20260811,9.0,9.02,8.86,8.92,9.02,135009.4,120674.793,-1.1086
600073.SH,20260811,5.24,5.26,5.17,5.21,5.24,62182.32,32406.624,-0.5725
600075.SH,20260811,4.63,4.66,4.57,4.6,4.62,129381.4,59706.817,-0.4329
600076.SH,20260811,3.06,3.1,3.0,3.08,3.06,174332.95,53268.033,0.6536
600078.SH,20260811,11.38,11.39,10.84,10.85,11.52,308787.1,341519.246,-5.816
600079.SH,20260811,18.13,18.31,17.86,17.96,18.12,139614.0,252654.362,-0.883
600080.SH,20260811,4.92,5.01,4.91,4.96,4.96,16102.24,7992.792,0.0
600081.SH,20260811,10.0,10.1,9.93,10.09,10.04,26381.0,26476.302,0.498
600082.SH,20260811,2.86,2.92,2.84,2.89,2.85,51699.0,14861.388,1.4035
600084.SH,20260811,4.25,4.26,4.21,4.23,4.25,23761.0,10045.246,-0.4706
600085.SH,20260811,25.11,25.33,24.86,24.89,25.14,104818.5,262751.92,-0.9944
600088.SH,20260811,11.86,11.96,11.68,11.87,11.86,35633.32,42202.28,0.0843
600089.SH,20260811,21.48,21.61,21.24,21.38,21.47,728651.56,1563582.303,-0.4192
600094.SH,20260811,4.4,4.47,4.36,4.36,4.44,146340.8,64626.005,-1.8018
600095.SH,20260811,8.15,8.21,8.1,8.13,8.18,202165.5,164775.293,-0.6112
600096.SH,20260811,30.12,30.93,29.81,29.83,30.14,361281.63,1094651.319,-1.0285
600097.SH,20260811,8.61,8.61,8.46,8.51,8.63,28712.01,24501.351,-1.3905
600098.SH,20260811,6.29,6.32,6.25,6.28,6.3,175356.95,110143.158,-0.3175
600099.SH,20260811,8.86,8.99,8.8,8.88,8.9,32622.0,28923.753,-0.2247
600100.SH,20260811,7.12,7.12,7.01,7.02,7.1,157886.88,111494.956,-1.1268
600101.SH,20260811,8.26,8.31,8.18,8.21,8.28,125530.59,103454.179,-0.8454
600103.SH,20260811,2.96,3.0,2.91,2.95,2.98,681345.0,201607.708,-1.0067
600104.SH,20260811,10.5,10.52,10.29,10.3,10.48,518207.36,537516.168,-1.7176
600105.SH,20260811,36.99,38.33,36.73,37.46,37.67,1008023.25,3786276.513,-0.5575
600106.SH,20260811,4.55,4.55,4.47,4.51,4.56,76682.08,34563.255,-1.0965
600107.SH,20260811,5.21,5.76,5.21,5.76,5.24,29196.4,16175.467,9.9237
600108.SH,20260811,3.24,3.24,3.15,3.16,3.26,623867.0,198805.44,-3.0675
600109.SH,20260811,8.74,8.78,8.66,8.68,8.73,182360.19,158890.883,-0.5727
600110.SH,20260811,10.15,10.46,10.1,10.22,10.41,1239646.6,1273662.646,-1.8252
600111.SH,20260811,43.18,43.18,41.81,41.85,43.67,890111.88,3779346.579,-4.1676
600113.SH,20260811,31.78,32.2,30.92,31.81,31.9,50080.25,157841.962,-0.2821
600114.SH,20260811,29.3,30.98,29.1,29.91,29.53,201890.3,609119.938,1.2868
600115.SH,20260811,3.67,3.67,3.59,3.6,3.7,1649363.64,598611.275,-2.7027
600116.SH,20260811,6.52,6.65,6.52,6.59,6.57,158393.15,104559.86,0.3044
600117.SH,20260811,2.3,2.31,2.25,2.26,2.3,136694.0,31034.683,-1.7391
600118.SH,20260811,65.77,66.8,62.31,63.52,69.13,619147.51,3973464.194,-8.1151
600119.SH,20260811,4.59,4.59,4.49,4.54,4.62,22829.0,10345.875,-1.7316
600120.SH,20260811,5.15,5.17,5.09,5.1,5.15,235585.65,120778.267,-0.9709
600121.SH,20260811,4.2,4.25,3.97,4.06,4.03,1057591.62,430867.949,0.7444
600123.SH,20260811,7.3,7.34,7.1,7.31,7.24,292153.36,211187.746,0.9669
600125.SH,20260811,5.48,5.5,5.45,5.45,5.49,58289.24,31876.214,-0.7286
600126.SH,20260811,7.21,7.37,6.79,7.37,6.7,1566444.51,1115980.113,10.0
600127.SH,20260811,6.26,6.31,6.12,6.15,6.3,359446.69,222369.747,-2.381
600128.SH,20260811,8.27,8.29,8.17,8.23,8.28,29947.0,24646.161,-0.6039
600129.SH,20260811,16.17,16.39,15.88,15.89,16.25,250326.17,404936.026,-2.2154
600130.SH,20260811,4.33,4.42,4.29,4.37,4.36,242864.0,105736.703,0.2294
600131.SH,20260811,15.61,15.89,15.43,15.7,15.62,63325.84,99374.334,0.5122
600132.SH,20260811,44.36,44.49,43.53,43.57,44.31,39242.65,172172.337,-1.6701
600133.SH,20260811,8.45,8.6,8.35,8.56,8.44,175256.65,149170.937,1.4218
600135.SH,20260811,7.46,7.57,7.37,7.49,7.64,80630.89,60269.041,-1.9634
600136.SH,20260811,1.43,1.54,1.43,1.49,1.43,205783.02,30449.73,4.1958
600137.SH,20260811,18.0,18.19,17.77,18.07,17.98,11618.0,20927.006,0.5006
600138.SH,20260811,7.15,7.19,7.09,7.12,7.15,57755.13,41153.121,-0.4196
600141.SH,20260811,32.61,32.76,31.46,31.53,33.06,449271.76,1433774.186,-4.6279
600143.SH,20260811,15.56,16.1,15.38,15.82,15.71,514750.5,809791.71,0.7002
600148.SH,20260811,15.5,15.55,15.27,15.42,15.49,13291.0,20470.807,-0.4519
600149.SH,20260811,4.92,4.94,4.84,4.9,4.92,66059.0,32360.593,-0.4065
600150.SH,20260811,34.8,35.03,33.96,33.97,34.83,1000970.16,3446200.32,-2.4691
600151.SH,20260811,10.5,11.36,10.38,10.96,11.03,365771.76,401318.569,-0.6346
600152.SH,20260811,8.25,8.31,8.1,8.22,8.28,135075.0,110908.432,-0.7246
600153.SH,20260811,8.68,8.8,8.65,8.72,8.7,121599.05,106127.757,0.2299
600155.SH,20260811,5.91,6.12,5.89,5.97,5.92,348493.77,209534.212,0.8446
600156.SH,20260811,8.33,8.42,8.08,8.3,8.26,120014.01,99153.172,0.4843
600157.SH,20260811,1.6,1.62,1.59,1.6,1.6,4214839.76,677561.123,0.0
600158.SH,20260811,7.27,7.29,7.16,7.23,7.26,243774.13,176027.363,-0.4132
600159.SH,20260811,2.52,2.55,2.49,2.53,2.54,152644.0,38522.238,-0.3937
600160.SH,20260811,44.01,44.44,42.13,42.22,44.26,363598.0,1566521.814,-4.6091
600161.SH,20260811,12.78,12.88,12.68,12.71,12.78,130876.18,167205.719,-0.5477
600162.SH,20260811,3.86,4.29,3.86,4.29,3.9,960896.99,400355.943,10.0
600163.SH,20260811,5.32,5.34,5.21,5.25,5.32,172847.0,91271.304,-1.3158
600165.SH,20260811,2.41,2.47,2.39,2.44,2.41,44251.0,10777.704,1.2448
600166.SH,20260811,3.06,3.09,3.04,3.05,3.07,919236.0,281170.967,-0.6515
600167.SH,20260811,5.83,5.84,5.73,5.75,5.83,54974.99,31812.794,-1.3722
600168.SH,20260811,4.33,4.4,4.32,4.34,4.34,52216.51,22697.837,0.0
600169.SH,20260811,2.05,2.08,2.05,2.05,2.06,89548.0,18485.017,-0.4854
600170.SH,20260811,2.32,2.34,2.3,2.31,2.33,811848.63,187995.071,-0.8584
600171.SH,20260811,23.22,23.65,23.19,23.41,23.38,120438.64,282248.433,0.1283
600172.SH,20260811,12.15,12.55,11.9,12.34,12.37,1235814.52,1516216.151,-0.2425
600173.SH,20260811,6.3,6.38,6.2,6.35,6.3,59446.01,37559.341,0.7937
600176.SH,20260811,42.5,44.13,41.55,42.69,43.28,2507564.39,10755287.108,-1.3632
600177.SH,20260811,7.69,7.81,7.69,7.75,7.69,224653.04,174650.92,0.7802
600178.SH,20260811,10.07,10.07,9.58,9.74,10.15,160148.97,155635.48,-4.0394
600179.SH,20260811,4.23,4.27,4.2,4.25,4.24,269835.89,114063.51,0.2358
600180.SH,20260811,1.58,1.6,1.54,1.56,1.58,184150.0,28919.016,-1.2658
600182.SH,20260811,13.06,13.31,13.01,13.17,13.12,21904.93,28752.62,0.3811
600183.SH,20260811,135.8,140.58,133.66,135.3,138.57,587915.13,8047117.212,-2.3598
600184.SH,20260811,17.76,18.13,17.63,17.87,18.06,140999.74,252716.868,-1.052
600185.SH,20260811,4.76,4.81,4.71,4.77,4.77,134565.93,64193.923,0.0
600186.SH,20260811,10.87,11.15,10.47,10.61,10.88,3160930.63,3408410.323,-2.4816
600187.SH,20260811,1.35,1.38,1.35,1.37,1.35,232654.0,31818.017,1.4815
600188.SH,20260811,22.15,22.68,21.5,22.1,21.78,747581.94,1656670.644,1.4692
600189.SH,20260811,7.54,7.57,7.41,7.44,7.57,101555.04,75920.525,-1.7173
600191.SH,20260811,10.54,10.54,9.65,9.95,10.53,178417.72,177057.196,-5.5081
600192.SH,20260811,7.76,7.86,7.54,7.54,7.89,294729.36,224748.489,-4.436
600195.SH,20260811,6.68,6.7,6.59,6.61,6.67,48436.93,32094.998,-0.8996
600196.SH,20260811,23.92,24.86,23.88,24.33,24.12,487347.72,1194082.108,0.8706
600197.SH,20260811,10.53,10.59,10.43,10.45,10.57,52554.05,55093.188,-1.1353
600198.SH,20260811,7.21,7.24,7.12,7.16,7.27,128278.0,92085.098,-1.5131
600199.SH,20260811,7.98,8.07,7.82,7.87,8.09,350770.1,277913.772,-2.7194
600201.SH,20260811,13.98,14.03,13.67,13.69,13.97,150183.93,207139.183,-2.0043
600202.SH,20260811,5.0,5.01,4.91,4.99,5.0,51958.0,25801.521,-0.2
600203.SH,20260811,10.32,10.39,10.13,10.16,10.31,166869.4,170548.479,-1.4549
600206.SH,20260811,50.64,54.12,50.03,52.65,52.03,1447330.11,7596914.593,1.1916
600207.SH,20260811,4.5,4.51,4.4,4.48,4.49,144083.25,64429.741,-0.2227
600208.SH,20260811,3.09,3.11,3.05,3.06,3.1,858592.18,264069.087,-1.2903
600210.SH,20260811,6.16,6.18,6.12,6.12,6.16,90577.0,55614.919,-0.6494
600211.SH,20260811,39.75,40.29,39.2,39.25,39.73,39548.12,157359.635,-1.2082
600212.SH,20260811,5.51,5.51,5.36,5.47,5.51,58404.06,31796.628,-0.726
600215.SH,20260811,6.38,6.49,6.28,6.43,6.38,56849.0,36343.775,0.7837
600216.SH,20260811,12.42,12.6,12.37,12.52,12.42,232440.81,290261.538,0.8052
600217.SH,20260811,3.19,3.21,3.16,3.16,3.21,77688.02,24678.815,-1.5576
600218.SH,20260811,7.64,7.67,7.57,7.65,7.67,37570.04,28657.851,-0.2608
600219.SH,20260811,5.02,5.17,4.85,4.88,5.02,3255776.48,1626949.503,-2.7888
600221.SH,20260811,1.33,1.35,1.33,1.33,1.34,1887443.01,252420.01,-0.7463
600222.SH,20260811,7.8,7.92,7.71,7.72,7.81,142838.5,111449.595,-1.1524
600223.SH,20260811,5.69,5.76,5.65,5.66,5.7,79977.0,45544.694,-0.7018
600226.SH,20260811,6.04,6.18,5.88,6.04,6.05,1123818.04,679557.61,-0.1653
600227.SH,20260811,3.65,3.72,3.54,3.58,3.67,2391511.48,865432.852,-2.4523
600228.SH,20260811,8.06,8.39,7.97,8.24,8.25,303766.01,250146.377,-0.1212
600229.SH,20260811,5.17,5.2,5.1,5.13,5.17,30145.0,15516.917,-0.7737
600230.SH,20260811,15.72,15.75,15.18,15.37,15.93,212217.39,328192.639,-3.5154
600231.SH,20260811,1.72,1.73,1.69,1.7,1.72,119630.17,20495.234,-1.1628
600232.SH,20260811,6.45,6.52,6.33,6.46,6.5,78820.75,50658.215,-0.6154
600233.SH,20260811,18.98,19.36,18.88,18.98,18.89,226463.96,432392.199,0.4764
600234.SH,20260811,20.97,21.65,20.68,21.26,21.22,24213.01,51375.089,0.1885
600235.SH,20260811,5.71,5.75,5.63,5.72,5.71,43451.0,24714.403,0.1751
600236.SH,20260811,10.8,10.98,10.66,10.67,10.89,265678.73,286884.175,-2.0202
600237.SH,20260811,8.72,8.96,8.69,8.74,8.84,341356.31,300912.81,-1.1312
600238.SH,20260811,4.31,4.36,4.28,4.36,4.31,41780.0,18084.0,1.1601
600239.SH,20260811,1.4,1.43,1.39,1.42,1.41,168331.89,23833.055,0.7092
600241.SH,20260811,7.29,7.35,7.19,7.33,7.26,46299.15,33654.138,0.9642
600243.SH,20260811,3.57,3.62,3.51,3.62,3.55,47282.0,16851.752,1.9718
600246.SH,20260811,12.3,12.58,12.03,12.38,12.4,701847.35,865732.701,-0.1613
600248.SH,20260811,2.87,2.89,2.84,2.87,2.87,138970.67,39754.778,0.0
600249.SH,20260811,5.32,5.36,5.26,5.29,5.33,81114.75,42991.907,-0.7505
600250.SH,20260811,8.55,8.68,8.51,8.6,8.59,63004.0,54147.845,0.1164
600251.SH,20260811,9.7,9.7,9.52,9.55,9.73,114036.85,109182.859,-1.8499
600252.SH,20260811,2.25,2.3,2.24,2.27,2.25,649807.0,147941.06,0.8889
600255.SH,20260811,3.44,3.54,3.35,3.36,3.45,831057.13,283906.686,-2.6087
600256.SH,20260811,5.89,5.94,5.73,5.87,5.79,1483168.93,868281.316,1.3817
600257.SH,20260811,5.41,5.53,5.38,5.41,5.49,136554.0,74237.463,-1.4572
600258.SH,20260811,12.25,12.57,12.18,12.25,12.3,156619.89,193022.93,-0.4065
600259.SH,20260811,89.06,90.49,86.2,86.21,90.5,130505.32,1154593.578,-4.7403
600261.SH,20260811,3.08,3.09,3.04,3.05,3.07,60751.0,18588.083,-0.6515
600262.SH,20260811,15.18,15.69,15.04,15.18,15.25,113440.24,173609.269,-0.459
600265.SH,20260811,23.45,25.37,23.2,24.58,23.57,21541.0,52661.53,4.2851
600266.SH,20260811,4.15,4.25,4.15,4.18,4.18,571809.57,239680.083,0.0
600267.SH,20260811,14.07,14.28,13.78,13.85,14.24,1089624.4,1525516.071,-2.7388
600268.SH,20260811,11.27,11.28,11.07,11.09,11.25,136136.94,151703.68,-1.4222
600269.SH,20260811,3.91,3.93,3.8,3.83,3.94,481477.01,185107.923,-2.7919
600271.SH,20260811,7.04,7.12,6.94,7.02,7.05,127978.32,89936.129,-0.4255
600272.SH,20260811,14.9,15.7,14.8,15.7,14.27,484394.9,752039.618,10.021
600273.SH,20260811,6.95,7.02,6.84,6.84,6.93,142373.98,98393.543,-1.2987
600276.SH,20260811,53.79,55.8,53.76,54.97,54.18,1207617.41,6656983.256,1.4581
600278.SH,20260811,6.35,6.41,6.33,6.36,6.4,36653.0,23324.224,-0.625
600279.SH,20260811,4.32,4.34,4.27,4.28,4.32,57836.0,24866.045,-0.9259
600280.SH,20260811,2.99,3.04,2.93,3.02,2.98,295729.0,88390.053,1.3423
600281.SH,20260811,4.48,4.54,4.43,4.47,4.53,87950.0,39345.352,-1.3245
600282.SH,20260811,4.72,4.77,4.67,4.68,4.73,411228.2,193467.269,-1.0571
600283.SH,20260811,8.04,8.1,7.97,8.0,8.06,33897.4,27163.837,-0.7444
600284.SH,20260811,5.17,5.17,5.08,5.09,5.17,127452.8,65248.467,-1.5474
600285.SH,20260811,22.3,22.79,22.28,22.55,22.39,121149.0,273084.956,0.7146
600287.SH,20260811,4.78,4.83,4.73,4.82,4.77,41629.0,19888.192,1.0482
600288.SH,20260811,11.3,11.47,11.1,11.4,11.29,237959.17,269423.657,0.9743
600289.SH,20260811,4.39,4.61,4.37,4.52,4.39,36104.0,16257.251,2.9613
600292.SH,20260811,12.54,12.98,12.42,12.69,12.52,159968.7,203870.888,1.3578
600293.SH,20260811,2.84,2.85,2.79,2.82,2.86,212773.0,60019.936,-1.3986
600295.SH,20260811,12.6,13.04,12.37,12.6,12.59,123109.88,156356.724,0.0794
600298.SH,20260811,43.59,44.49,42.86,43.38,43.49,143672.35,629572.13,-0.2529
600299.SH,20260811,8.58,8.78,8.46,8.47,8.58,449707.97,386133.617,-1.2821
600300.SH,20260811,3.2,3.22,3.15,3.18,3.2,215544.01,68612.817,-0.625
600301.SH,20260811,50.94,51.38,48.2,48.42,50.93,143521.33,712245.708,-4.9283
600302.SH,20260811,6.59,6.74,6.48,6.68,6.6,23731.01,15727.75,1.2121
600303.SH,20260811,2.9,2.93,2.85,2.92,2.91,202205.0,58599.141,0.3436
600305.SH,20260811,6.95,7.0,6.88,6.9,6.96,71722.46,49691.406,-0.8621
600307.SH,20260811,1.48,1.48,1.45,1.45,1.47,366347.0,53661.199,-1.3605
600308.SH,20260811,3.27,3.27,3.23,3.24,3.27,58607.2,18992.165,-0.9174
600309.SH,20260811,78.04,79.0,75.62,75.65,78.01,390772.6,3013651.281,-3.0253
600310.SH,20260811,4.52,4.61,4.48,4.57,4.57,579134.07,263673.74,0.0
600312.SH,20260811,20.29,20.29,19.75,19.79,20.29,220452.98,440074.64,-2.4643
600313.SH,20260811,5.87,5.88,5.72,5.72,5.88,260967.54,150716.999,-2.7211
600315.SH,20260811,17.95,18.5,17.8,17.91,18.02,99183.23,180324.541,-0.6104
600316.SH,20260811,27.8,28.97,27.52,28.29,28.53,252668.43,715926.35,-0.8412
600318.SH,20260811,6.66,6.73,6.56,6.67,6.65,123160.5,82015.769,0.3008
600319.SH,20260811,6.24,6.28,6.13,6.24,6.23,31443.0,19525.141,0.1605
600320.SH,20260811,4.19,4.2,4.11,4.13,4.18,317540.2,131773.369,-1.1962
600322.SH,20260811,2.66,2.7,2.63,2.67,2.69,169359.84,45199.247,-0.7435
600323.SH,20260811,29.93,30.42,29.76,29.82,29.98,42641.45,127995.267,-0.5337
600325.SH,20260811,2.46,2.51,2.43,2.48,2.46,648296.13,160578.188,0.813
600326.SH,20260811,8.16,8.18,7.81,7.83,8.36,1173995.49,930021.091,-6.3397
600327.SH,20260811,4.0,4.05,3.91,3.91,3.94,602348.18,238666.993,-0.7614
600328.SH,20260811,6.45,6.46,6.38,6.4,6.45,101592.28,65180.771,-0.7752
600329.SH,20260811,37.02,37.48,36.76,36.79,37.21,34086.0,126405.939,-1.1287
600330.SH,20260811,22.98,24.08,22.5,23.25,23.48,1170952.16,2724508.74,-0.9796
600331.SH,20260811,14.26,14.26,13.5,13.51,14.09,726424.88,1001227.576,-4.1164
600332.SH,20260811,21.62,21.9,21.45,21.53,21.59,100773.98,218505.021,-0.2779
600333.SH,20260811,6.25,6.31,6.19,6.25,6.2,112543.63,70202.06,0.8065
600335.SH,20260811,5.14,5.2,5.11,5.13,5.16,81933.43,42155.133,-0.5814
600336.SH,20260811,6.37,6.41,6.29,6.32,6.38,55315.54,35125.929,-0.9404
600337.SH,20260811,2.95,3.09,2.92,2.97,2.89,297558.4,88908.656,2.7682
600338.SH,20260811,14.26,14.4,13.8,13.84,14.36,484461.85,682672.379,-3.6212
600339.SH,20260811,3.38,3.4,3.31,3.32,3.34,599787.0,200542.184,-0.5988
600340.SH,20260811,1.1,1.11,1.08,1.09,1.11,488395.9,53391.039,-1.8018
600343.SH,20260811,19.58,19.99,19.36,19.58,20.7,366367.17,721647.402,-5.4106
600345.SH,20260811,46.6,47.28,45.95,46.18,47.13,49085.88,228327.207,-2.0157
600346.SH,20260811,18.43,18.6,17.86,17.92,18.34,299090.43,544652.541,-2.2901
600348.SH,20260811,8.77,8.87,8.64,8.8,8.72,288571.57,253566.822,0.9174
600350.SH,20260811,10.65,11.06,10.65,10.86,10.7,187041.27,203724.748,1.4953
600351.SH,20260811,6.91,7.06,6.87,6.91,6.96,308969.65,215457.729,-0.7184
600352.SH,20260811,13.84,14.17,13.48,13.51,13.99,774330.69,1061408.222,-3.431
600353.SH,20260811,27.18,30.03,26.69,29.4,27.3,746116.61,2149141.161,7.6923
600354.SH,20260811,6.2,6.23,6.02,6.04,6.25,376043.04,229484.212,-3.36
600356.SH,20260811,9.06,9.06,8.73,8.84,9.06,144243.72,127949.092,-2.4283
600358.SH,20260811,5.43,5.43,5.24,5.39,5.41,81490.0,43440.335,-0.3697
600359.SH,20260811,6.24,6.24,6.1,6.13,6.21,53529.52,32988.29,-1.2882
600360.SH,20260811,10.63,10.79,10.51,10.54,10.7,460800.18,489791.282,-1.4953
600361.SH,20260811,3.77,3.81,3.7,3.71,3.79,409643.0,153573.705,-2.1108
600362.SH,20260811,48.83,49.77,46.08,46.2,48.74,912616.45,4367179.624,-5.2113
600363.SH,20260811,19.27,21.1,19.22,20.55,20.52,1004199.84,2023827.234,0.1462
600365.SH,20260811,2.82,2.9,2.79,2.82,2.84,20914.0,5942.724,-0.7042
600366.SH,20260811,12.45,12.55,12.27,12.3,12.54,401788.46,496953.124,-1.9139
600367.SH,20260811,32.9,35.38,32.42,33.75,33.1,577756.46,1956104.987,1.9637
600368.SH,20260811,4.03,4.05,3.97,3.99,4.07,241104.29,96406.563,-1.9656
600369.SH,20260811,4.14,4.16,4.11,4.13,4.15,237905.33,98317.902,-0.4819
600370.SH,20260811,1.52,1.55,1.51,1.53,1.52,167459.55,25601.544,0.6579
600371.SH,20260811,7.24,7.34,7.14,7.26,7.27,56198.0,40627.631,-0.1376
600372.SH,20260811,11.4,11.44,11.3,11.3,11.54,251370.59,285339.642,-2.0797
600373.SH,20260811,7.26,7.3,7.16,7.18,7.29,130910.55,94322.484,-1.5089
600375.SH,20260811,4.05,4.08,3.98,4.0,4.03,211407.0,85225.845,-0.7444
600376.SH,20260811,3.91,4.16,3.81,4.02,4.0,1433663.83,570059.954,0.5
600377.SH,20260811,12.03,12.11,11.92,12.07,11.97,77131.27,92835.354,0.8354
600378.SH,20260811,48.39,49.45,47.24,47.68,48.83,535293.39,2584023.32,-2.3551
600379.SH,20260811,13.98,14.21,13.3,13.45,14.27,249718.7,339065.355,-5.7463
600380.SH,20260811,10.23,10.55,10.23,10.39,10.28,250516.6,261985.719,1.07
600381.SH,20260811,4.27,4.56,4.23,4.45,4.25,78812.85,35012.374,4.7059
600382.SH,20260811,6.52,6.52,6.36,6.37,6.53,118016.88,75859.791,-2.4502
600383.SH,20260811,2.27,2.3,2.24,2.25,2.28,790896.76,179572.559,-1.3158
600386.SH,20260811,3.39,3.41,3.34,3.38,3.38,60289.02,20366.772,0.0
600388.SH,20260811,17.91,18.49,17.68,17.82,17.64,235370.74,426594.177,1.0204
600389.SH,20260811,20.71,20.71,19.92,19.94,20.72,119535.0,241556.397,-3.7645
600390.SH,20260811,4.9,4.91,4.85,4.87,4.91,230993.35,112640.174,-0.8147
600391.SH,20260811,30.5,30.9,30.03,30.43,31.25,69692.9,212455.259,-2.624
600392.SH,20260811,25.0,25.0,23.85,23.86,25.39,1113206.27,2704627.867,-6.026
600395.SH,20260811,5.18,5.2,5.05,5.16,5.13,274046.8,140096.859,0.5848
600396.SH,20260811,16.75,17.72,16.41,16.8,17.21,2326114.3,3995529.857,-2.3823
600397.SH,20260811,17.24,17.7,16.89,17.04,17.89,1262965.04,2174073.594,-4.7513
600398.SH,20260811,6.1,6.19,6.09,6.09,6.11,196093.0,120297.175,-0.3273
600399.SH,20260811,4.34,4.36,4.24,4.26,4.38,310710.68,132935.237,-2.7397
600400.SH,20260811,3.12,3.17,3.04,3.15,3.14,516733.47,160548.49,0.3185
600403.SH,20260811,7.0,7.35,6.7,6.7,6.68,1737641.59,1216302.959,0.2994
600405.SH,20260811,4.44,4.45,4.32,4.39,4.42,67259.79,29571.107,-0.6787
600406.SH,20260811,24.12,24.13,23.89,23.99,24.14,388413.2,931158.59,-0.6214
600408.SH,20260811,2.88,2.9,2.8,2.86,2.83,474041.0,135485.427,1.0601
600409.SH,20260811,6.93,6.99,6.82,6.89,6.93,264807.24,183153.24,-0.5772
600410.SH,20260811,15.56,15.95,15.37,15.65,15.69,545850.39,857025.06,-0.2549
600415.SH,20260811,12.19,12.37,12.0,12.0,12.15,760956.71,924304.792,-1.2346
600416.SH,20260811,9.13,9.15,8.94,9.02,9.15,122782.55,110770.172,-1.4208
600418.SH,20260811,23.67,24.53,23.4,24.02,23.79,774105.24,1849170.656,0.9668
600419.SH,20260811,8.9,9.09,8.8,8.88,8.96,101700.0,90797.453,-0.8929
600420.SH,20260811,8.74,8.86,8.7,8.72,8.75,85632.63,75139.422,-0.3429
600422.SH,20260811,8.8,9.2,8.76,9.04,8.81,196973.54,177317.603,2.6107
600423.SH,20260811,2.92,2.94,2.89,2.89,2.92,54019.0,15746.48,-1.0274
600425.SH,20260811,3.65,3.66,3.58,3.59,3.63,168490.0,60991.095,-1.1019
600426.SH,20260811,21.65,21.87,20.85,21.0,21.65,609184.55,1294681.686,-3.0023
600428.SH,20260811,11.48,11.82,11.4,11.43,11.65,520551.79,603132.203,-1.8884
600429.SH,20260811,4.6,4.72,4.58,4.61,4.63,172490.6,80159.403,-0.432
600433.SH,20260811,3.4,3.4,3.32,3.36,3.42,292338.0,98354.171,-1.7544
600435.SH,20260811,10.79,10.79,10.55,10.66,10.88,187249.0,199601.804,-2.0221
600436.SH,20260811,139.68,143.04,138.69,138.81,139.77,74462.34,1047490.452,-0.6868
600438.SH,20260811,12.6,13.05,12.5,12.84,12.71,709863.26,906604.523,1.0228
600439.SH,20260811,1.86,1.91,1.85,1.88,1.86,264627.6,49867.808,1.0753
600444.SH,20260811,13.8,14.09,13.62,13.82,13.8,31052.5,42945.263,0.1449
600446.SH,20260811,11.2,11.4,11.07,11.13,11.26,136704.83,153093.639,-1.1545
600448.SH,20260811,2.87,2.88,2.81,2.88,2.86,97180.2,27701.39,0.6993
600449.SH,20260811,12.56,13.11,12.56,12.58,13.95,646840.65,815336.323,-9.8208
600452.SH,20260811,9.71,9.75,9.58,9.63,9.73,190075.72,183614.627,-1.0277
600455.SH,20260811,24.26,24.47,23.95,24.1,24.48,12609.0,30442.156,-1.5523
600456.SH,20260811,28.65,28.65,28.12,28.19,28.91,68253.01,193240.876,-2.4905
600458.SH,20260811,11.6,11.72,11.48,11.51,11.67,136880.64,158658.665,-1.371
600459.SH,20260811,21.4,21.71,20.74,20.79,21.79,365016.51,772319.983,-4.5893
600460.SH,20260811,31.81,33.05,31.8,32.05,32.17,723555.51,2340745.56,-0.373
600461.SH,20260811,9.0,9.15,8.99,9.03,8.99,88701.43,80344.378,0.4449
600463.SH,20260811,8.22,8.3,8.12,8.21,8.26,37025.5,30368.695,-0.6053
600467.SH,20260811,2.31,2.33,2.28,2.29,2.32,262087.02,60393.761,-1.2931
600468.SH,20260811,6.4,6.46,6.3,6.31,6.63,483164.19,307493.92,-4.8265
600469.SH,20260811,5.51,5.57,5.46,5.48,5.52,60887.27,33501.543,-0.7246
600470.SH,20260811,5.75,5.77,5.63,5.66,5.77,152155.16,86541.719,-1.9064
600475.SH,20260811,14.58,14.71,14.31,14.52,14.58,74688.21,108446.688,-0.4115
600476.SH,20260811,9.52,9.88,9.34,9.84,9.48,14073.0,13472.851,3.7975
600477.SH,20260811,2.46,2.47,2.42,2.44,2.46,242274.66,59145.753,-0.813
600478.SH,20260811,5.02,5.05,4.96,4.99,5.03,163261.5,81709.406,-0.7952
600479.SH,20260811,9.91,10.03,9.86,9.9,9.91,56093.6,55818.979,-0.1009
600480.SH,20260811,8.79,8.79,8.61,8.71,8.77,119180.8,103718.071,-0.6842
600481.SH,20260811,4.4,4.43,4.32,4.39,4.38,361324.97,158661.619,0.2283
600482.SH,20260811,31.51,33.58,31.0,32.61,31.99,366698.93,1200009.932,1.9381
600483.SH,20260811,10.51,10.61,10.47,10.48,10.51,95180.26,100073.964,-0.2854
600486.SH,20260811,55.86,56.98,53.63,54.1,55.97,97755.22,538920.022,-3.3411
600487.SH,20260811,57.99,59.27,56.36,57.62,59.62,1916263.65,11052134.546,-3.3546
600488.SH,20260811,6.01,6.11,5.91,5.93,6.2,1232827.51,737366.185,-4.3548
600489.SH,20260811,27.12,27.19,24.79,24.95,26.62,1487046.22,3865180.077,-6.2735
600490.SH,20260811,7.9,8.07,7.37,7.39,7.9,1523990.99,1172581.078,-6.4557
600491.SH,20260811,1.23,1.24,1.23,1.24,1.23,216477.0,26723.59,0.813
600493.SH,20260811,6.15,6.19,6.06,6.15,6.13,52738.0,32278.753,0.3263
600495.SH,20260811,3.94,3.95,3.89,3.93,3.93,86244.55,33820.018,0.0
600496.SH,20260811,3.35,3.43,3.31,3.31,3.35,213581.0,71508.62,-1.194
600497.SH,20260811,10.55,10.86,10.26,10.26,10.73,2003870.65,2112999.086,-4.3802
600498.SH,20260811,37.51,39.42,37.21,38.22,38.3,727839.63,2790941.801,-0.2089
600499.SH,20260811,14.15,14.85,14.11,14.73,14.22,658778.7,963300.634,3.5865
600500.SH,20260811,5.3,5.49,5.21,5.35,5.31,1970497.21,1051001.927,0.7533
600501.SH,20260811,14.85,14.85,14.31,14.66,15.08,60076.0,87834.468,-2.7851
600502.SH,20260811,4.61,4.67,4.59,4.59,4.62,246916.44,114030.763,-0.6494
600503.SH,20260811,2.16,2.21,2.13,2.18,2.17,242161.91,52580.373,0.4608
600505.SH,20260811,11.36,11.48,11.28,11.34,11.4,72736.14,82560.437,-0.5263
600506.SH,20260811,14.73,14.84,14.55,14.65,14.72,34770.8,51095.334,-0.4755
600507.SH,20260811,4.35,4.35,4.24,4.25,4.34,304544.94,130393.64,-2.0737
600508.SH,20260811,8.89,8.92,8.72,8.84,8.74,106808.77,94329.786,1.1442
600509.SH,20260811,7.77,7.81,7.68,7.69,7.77,189935.6,146777.281,-1.0296
600510.SH,20260811,6.71,7.04,6.65,6.87,6.74,118419.2,81359.244,1.9288
600511.SH,20260811,27.72,28.36,27.45,27.48,27.66,71325.0,198826.586,-0.6508
600512.SH,20260811,2.03,2.04,2.0,2.01,2.03,174973.0,35284.545,-0.9852
600513.SH,20260811,17.6,18.25,17.35,17.4,17.67,231904.46,409363.828,-1.528
600515.SH,20260811,2.93,2.94,2.9,2.91,2.93,623952.88,181952.356,-0.6826
600516.SH,20260811,5.2,5.22,5.14,5.16,5.22,355473.67,183585.931,-1.1494
600517.SH,20260811,5.05,5.06,4.97,4.98,5.06,183646.26,91988.754,-1.581
600518.SH,20260811,1.37,1.49,1.36,1.43,1.36,5057920.43,720909.525,5.1471
600519.SH,20260811,1348.0,1352.65,1338.0,1346.5,1348.86,27073.0,3640046.368,-0.175
600520.SH,20260811,25.1,25.41,24.62,25.15,25.16,71929.44,180098.343,-0.0397
600521.SH,20260811,17.99,18.73,17.85,18.24,18.19,629934.06,1159124.011,0.2749
600522.SH,20260811,32.33,33.2,31.87,32.34,32.92,1914376.04,6221011.245,-1.7618
600523.SH,20260811,11.56,11.58,11.37,11.46,11.59,30363.52,34801.079,-1.1217
600525.SH,20260811,5.08,5.14,5.05,5.1,5.08,66957.2,34120.286,0.3937
600526.SH,20260811,4.5,4.51,4.45,4.47,4.52,74274.0,33250.407,-1.1062
600527.SH,20260811,2.21,2.22,2.17,2.18,2.21,422658.97,92507.816,-1.3575
600528.SH,20260811,7.22,7.23,7.12,7.13,7.17,79626.33,56988.385,-0.5579
600529.SH,20260811,19.1,19.43,19.02,19.13,19.18,90168.28,173184.847,-0.2607
600530.SH,20260811,3.81,3.85,3.8,3.83,3.85,120173.05,45967.401,-0.5195
600531.SH,20260811,13.95,14.7,13.59,13.62,13.9,1110838.92,1569298.738,-2.0144
600533.SH,20260811,2.17,2.19,2.15,2.17,2.18,91329.0,19783.831,-0.4587
600535.SH,20260811,15.6,15.85,15.49,15.53,15.63,191332.96,299636.409,-0.6398
600536.SH,20260811,32.38,32.48,31.81,32.05,32.4,128605.04,413195.205,-1.0802
600537.SH,20260811,2.2,2.28,2.17,2.26,2.21,235680.53,52352.257,2.2624
600538.SH,20260811,5.34,5.39,5.1,5.13,5.39,215193.0,112259.478,-4.8237
600539.SH,20260811,14.75,15.45,14.58,15.03,15.0,150017.01,225772.444,0.2
600540.SH,20260811,4.03,4.06,3.95,3.95,4.03,338470.0,135368.258,-1.9851
600543.SH,20260811,3.93,3.97,3.9,3.97,3.94,20797.0,8204.6,0.7614
600545.SH,20260811,4.37,4.45,4.33,4.36,4.44,581066.51,255186.273,-1.8018
600546.SH,20260811,13.4,13.45,13.04,13.11,13.3,238457.2,314556.378,-1.4286
600547.SH,20260811,32.2,32.55,29.99,30.05,31.47,1204410.12,3785538.789,-4.5122
600548.SH,20260811,8.38,8.39,8.27,8.28,8.38,33008.46,27459.026,-1.1933
600549.SH,20260811,58.0,58.47,56.3,56.41,59.95,754671.23,4345096.159,-5.9049
600550.SH,20260811,11.9,12.1,11.8,11.8,12.0,339911.98,404977.879,-1.6667
600551.SH,20260811,6.93,6.98,6.89,6.91,6.96,35249.47,24421.633,-0.7184
600552.SH,20260811,17.58,18.59,17.58,18.01,17.86,680084.29,1234437.372,0.8399
600556.SH,20260811,5.14,5.18,5.03,5.06,5.12,495317.0,252410.733,-1.1719
600557.SH,20260811,12.8,12.94,12.66,12.67,12.74,82094.2,105193.15,-0.5495
600558.SH,20260811,4.83,4.83,4.75,4.76,4.83,77607.5,37130.699,-1.4493
600559.SH,20260811,12.13,12.23,11.98,12.01,12.16,120411.36,145366.056,-1.2336
600560.SH,20260811,11.2,11.25,11.01,11.19,11.19,19853.0,22109.665,0.0
600561.SH,20260811,5.56,5.75,5.56,5.7,5.78,59670.0,33892.332,-1.3841
600562.SH,20260811,26.36,26.65,25.8,26.01,26.75,108057.45,283205.524,-2.7664
600563.SH,20260811,134.12,138.98,133.5,136.03,135.5,42918.11,586805.669,0.3911
600566.SH,20260811,25.85,26.14,25.62,25.65,25.89,48816.02,126259.631,-0.927
600567.SH,20260811,1.34,1.36,1.34,1.35,1.34,613455.0,82807.505,0.7463
600568.SH,20260811,2.26,2.26,2.2,2.22,2.27,105700.0,23486.774,-2.2026
600569.SH,20260811,1.8,1.81,1.77,1.79,1.8,182540.68,32620.96,-0.5556
600570.SH,20260811,23.07,23.19,22.76,22.8,23.07,214545.28,492453.751,-1.1704
600571.SH,20260811,10.65,10.65,10.33,10.48,10.55,85576.21,89713.332,-0.6635
600572.SH,20260811,4.32,4.4,4.31,4.32,4.34,442279.67,192669.145,-0.4608
600573.SH,20260811,9.9,9.95,9.77,9.84,9.9,51159.5,50379.575,-0.6061
600575.SH,20260811,3.48,3.48,3.42,3.43,3.46,332269.0,114259.49,-0.8671
600576.SH,20260811,5.65,5.69,5.6,5.62,5.67,70716.0,39825.72,-0.8818
600577.SH,20260811,8.23,8.3,8.16,8.2,8.26,303159.0,249602.772,-0.7264
600578.SH,20260811,5.86,6.27,5.77,6.12,5.92,2454680.44,1496702.319,3.3784
600579.SH,20260811,7.31,7.32,7.19,7.19,7.33,46606.0,33783.304,-1.91
600580.SH,20260811,35.02,37.5,34.53,36.65,35.45,905981.06,3273577.332,3.385
600581.SH,20260811,2.38,2.38,2.31,2.31,2.36,69903.0,16321.32,-2.1186
600582.SH,20260811,5.02,5.11,4.92,4.93,4.87,431784.6,216006.259,1.232
600583.SH,20260811,5.6,5.65,5.48,5.51,5.55,377532.21,210013.667,-0.7207
600584.SH,20260811,77.1,80.64,76.6,77.67,78.52,1307868.17,10283784.796,-1.0825
600585.SH,20260811,17.85,17.86,17.6,17.62,17.84,223226.53,395087.353,-1.2332
600586.SH,20260811,4.21,4.22,4.14,4.21,4.21,110845.65,46404.858,0.0
600587.SH,20260811,12.85,13.0,12.67,12.68,12.84,68235.0,87412.644,-1.2461
600588.SH,20260811,11.89,12.15,11.6,11.92,11.86,747421.12,890882.509,0.5059
600589.SH,20260811,8.26,8.28,7.99,8.14,8.18,475163.51,387096.194,-0.489
600590.SH,20260811,8.66,9.14,8.47,8.81,8.69,474692.79,418428.396,1.3809
600592.SH,20260811,14.7,14.84,14.45,14.7,14.75,60468.21,88724.824,-0.339
600593.SH,20260811,40.06,41.32,39.81,40.77,40.17,54464.72,220538.97,1.4937
600594.SH,20260811,3.75,4.1,3.73,3.83,3.78,527951.26,205178.499,1.3228
600595.SH,20260811,6.8,7.14,6.58,6.6,6.77,2268735.17,1551220.069,-2.5111
600596.SH,20260811,11.1,11.15,10.87,10.89,11.16,310593.49,341910.681,-2.4194
600597.SH,20260811,6.89,6.95,6.82,6.84,6.88,85136.41,58493.797,-0.5814
600598.SH,20260811,12.18,12.27,12.01,12.04,12.21,176050.27,213678.225,-1.3923
600600.SH,20260811,53.8,53.84,53.31,53.35,53.86,46975.45,251337.232,-0.9469
600601.SH,20260811,12.96,13.3,12.6,12.74,13.22,2849386.9,3683528.303,-3.6309
600602.SH,20260811,18.28,18.57,17.75,18.41,18.0,540401.68,987937.881,2.2778
600603.SH,20260811,4.5,4.57,4.41,4.53,4.47,114349.76,51512.087,1.3423
600604.SH,20260811,4.45,4.76,4.42,4.55,4.48,252026.65,116450.188,1.5625
600605.SH,20260811,23.5,25.85,23.27,25.6,23.69,79597.65,198720.087,8.0625
600606.SH,20260811,1.3,1.31,1.29,1.3,1.3,1037417.58,134936.228,0.0
600609.SH,20260811,3.32,3.33,3.27,3.29,3.33,132549.02,43718.486,-1.2012
600610.SH,20260811,7.16,7.17,7.02,7.04,7.19,101734.58,71832.8,-2.0862
600611.SH,20260811,4.54,5.02,4.5,5.02,4.56,1994664.09,982363.335,10.0877
600612.SH,20260811,36.33,36.9,35.13,35.18,36.22,35313.34,127335.495,-2.8713
600613.SH,20260811,5.16,5.26,5.16,5.17,5.19,102935.0,53603.34,-0.3854
600615.SH,20260811,9.64,9.69,9.4,9.44,9.6,27716.2,26340.815,-1.6667
600616.SH,20260811,4.25,4.27,4.19,4.21,4.24,54579.6,23084.093,-0.7075
600617.SH,20260811,3.53,3.57,3.46,3.54,3.54,401106.87,141496.579,0.0
600618.SH,20260811,10.58,10.66,10.38,10.39,10.57,68158.6,71625.825,-1.7029
600619.SH,20260811,14.03,15.12,13.98,14.68,14.05,571564.76,841736.826,4.484
600620.SH,20260811,4.3,4.35,4.26,4.28,4.33,34445.5,14807.47,-1.1547
600621.SH,20260811,13.24,13.33,13.18,13.19,13.24,61434.23,81407.312,-0.3776
600622.SH,20260811,2.2,2.24,2.18,2.23,2.21,192945.0,42733.984,0.905
600623.SH,20260811,8.46,8.82,8.45,8.5,8.5,178483.0,153812.717,0.0
600624.SH,20260811,4.0,4.19,4.0,4.12,3.98,60292.9,24805.839,3.5176
600626.SH,20260811,3.52,3.59,3.47,3.56,3.54,112767.0,39891.096,0.565
600628.SH,20260811,6.17,6.27,6.14,6.18,6.19,95652.0,59339.059,-0.1616
600629.SH,20260811,16.02,17.1,16.01,16.33,16.27,435781.6,724420.879,0.3688
600630.SH,20260811,6.79,6.81,6.69,6.72,6.75,84666.44,57078.487,-0.4444
600633.SH,20260811,11.37,11.39,11.13,11.17,11.22,197807.76,222348.844,-0.4456
600635.SH,20260811,4.73,4.78,4.69,4.75,4.71,277724.54,131705.792,0.8493
600637.SH,20260811,8.24,8.3,8.14,8.16,8.3,303756.11,249375.326,-1.6867
600638.SH,20260811,5.01,5.05,4.97,5.0,5.04,54017.0,27020.056,-0.7937
600639.SH,20260811,9.58,9.62,9.51,9.53,9.62,26335.98,25168.195,-0.9356
600640.SH,20260811,10.71,10.93,10.62,10.79,10.75,54266.58,58565.57,0.3721
600641.SH,20260811,33.73,35.8,32.09,32.47,34.41,1504644.9,5048875.609,-5.6379
600642.SH,20260811,8.38,8.52,8.34,8.47,8.37,279651.73,236618.391,1.1947
600643.SH,20260811,3.98,4.02,3.94,4.0,3.99,114559.6,45641.076,0.2506
600644.SH,20260811,10.31,10.61,10.21,10.5,10.46,458380.51,479092.764,0.3824
600645.SH,20260811,19.8,20.38,19.7,19.89,19.95,98118.59,196966.358,-0.3008
600648.SH,20260811,9.09,9.13,8.96,9.03,9.09,17757.0,16028.467,-0.6601
600649.SH,20260811,3.73,3.8,3.69,3.77,3.72,247824.1,93156.001,1.3441
600650.SH,20260811,10.63,11.43,10.62,11.07,10.73,121114.76,134772.33,3.1687
600651.SH,20260811,6.31,6.36,6.17,6.18,6.34,284297.86,177606.539,-2.5237
600653.SH,20260811,1.71,1.73,1.69,1.71,1.71,166857.2,28516.865,0.0
600654.SH,20260811,2.95,3.04,2.93,3.01,2.97,867239.96,260614.918,1.3468
600655.SH,20260811,4.65,4.7,4.63,4.65,4.66,88861.0,41402.151,-0.2146
600657.SH,20260811,2.57,2.64,2.55,2.61,2.6,208538.21,54091.72,0.3846
600658.SH,20260811,4.04,4.1,3.99,4.06,4.04,101472.23,41094.433,0.495
600660.SH,20260811,56.6,56.95,55.7,55.79,56.59,83034.85,467414.619,-1.4137
600661.SH,20260811,9.6,9.64,9.43,9.6,9.72,87059.0,82931.186,-1.2346
600662.SH,20260811,4.5,4.54,4.46,4.5,4.5,103127.7,46480.896,0.0
600663.SH,20260811,9.35,9.65,9.34,9.61,9.39,244685.12,233665.666,2.3429
600664.SH,20260811,7.76,8.27,7.76,8.27,7.52,6787521.02,5494869.237,9.9734
600665.SH,20260811,3.34,3.43,3.25,3.4,3.35,139405.4,46952.407,1.4925
600666.SH,20260811,3.85,3.9,3.76,3.86,3.86,1079443.0,415751.502,0.0
600667.SH,20260811,18.84,21.2,18.8,21.2,19.27,3198630.87,6466750.5,10.0156
600668.SH,20260811,7.54,7.83,7.5,7.74,7.58,128498.58,98858.16,2.1108
600671.SH,20260811,21.62,21.71,21.12,21.5,21.7,25873.0,55331.104,-0.9217
600673.SH,20260811,33.0,33.46,32.45,32.7,33.28,252966.17,833544.98,-1.7428
600674.SH,20260811,15.1,15.46,15.1,15.22,15.05,277055.6,422965.646,1.1296
600675.SH,20260811,2.27,2.3,2.24,2.28,2.26,321855.33,73177.099,0.885
600676.SH,20260811,6.95,7.09,6.88,6.97,7.0,106326.65,74372.85,-0.4286
600678.SH,20260811,5.62,5.71,5.57,5.64,5.62,63929.41,36103.813,0.3559
600679.SH,20260811,9.62,9.62,9.48,9.51,9.58,22781.0,21752.334,-0.7307
600681.SH,20260811,3.48,3.51,3.45,3.46,3.49,152693.52,53064.495,-0.8596
600682.SH,20260811,5.67,6.0,5.66,5.8,5.7,334816.03,195847.509,1.7544
600683.SH,20260811,10.68,10.68,10.65,10.68,9.71,96908.01,103497.216,9.9897
600684.SH,20260811,3.51,3.54,3.44,3.5,3.51,120877.0,42342.271,-0.2849
600685.SH,20260811,26.8,27.17,26.43,26.63,27.06,131981.88,353249.066,-1.5891
600686.SH,20260811,12.1,12.6,12.05,12.16,12.12,235213.0,289078.99,0.33
600688.SH,20260811,2.88,2.9,2.83,2.84,2.87,619872.25,177805.271,-1.0453
600689.SH,20260811,10.59,10.73,10.48,10.62,10.56,22733.5,24094.008,0.5682
600690.SH,20260811,22.1,22.39,22.0,22.0,22.25,332182.04,735836.773,-1.1236
600691.SH,20260811,2.52,2.56,2.48,2.5,2.53,230932.44,57920.589,-1.1858
600692.SH,20260811,6.13,6.27,6.09,6.19,6.16,52103.25,32165.357,0.487
600693.SH,20260811,9.98,10.24,9.84,9.92,10.16,724190.11,723183.211,-2.3622
600694.SH,20260811,14.58,14.66,14.45,14.51,14.58,24464.35,35579.699,-0.4801
600697.SH,20260811,10.8,10.82,10.61,10.73,10.73,26235.0,28134.325,0.0
600698.SH,20260811,7.3,7.52,7.09,7.35,7.22,872855.15,636189.363,1.8006
600699.SH,20260811,21.27,21.56,21.0,21.32,21.18,276720.88,590720.534,0.661
600702.SH,20260811,37.98,38.27,37.3,37.53,38.05,113060.08,425224.78,-1.3666
600703.SH,20260811,13.51,13.79,13.42,13.46,13.82,1529283.91,2076285.549,-2.6049
600704.SH,20260811,4.97,4.98,4.88,4.89,4.98,506235.85,249207.343,-1.8072
600706.SH,20260811,7.91,7.94,7.76,7.87,7.9,52322.23,41081.719,-0.3797
600707.SH,20260811,9.23,9.53,9.14,9.3,9.31,843298.46,788774.364,-0.1074
600708.SH,20260811,3.18,3.24,3.16,3.19,3.2,127155.67,40780.381,-0.3125
600710.SH,20260811,10.66,10.81,10.56,10.63,10.65,80097.04,85584.518,-0.1878
600711.SH,20260811,12.73,13.18,12.25,12.4,12.74,2284330.77,2898495.969,-2.6688
600712.SH,20260811,5.5,5.63,5.49,5.6,5.57,205259.6,114387.601,0.5386
600713.SH,20260811,5.2,5.3,5.17,5.27,5.2,204030.15,107390.4,1.3462
600714.SH,20260811,15.2,15.43,14.92,15.12,15.28,127941.0,193619.349,-1.0471
600715.SH,20260811,1.64,1.8,1.64,1.8,1.64,878669.88,155548.064,9.7561
600716.SH,20260811,3.56,3.62,3.52,3.56,3.56,54686.38,19476.558,0.0
600717.SH,20260811,4.26,4.27,4.2,4.2,4.26,164917.53,69721.599,-1.4085
600718.SH,20260811,8.4,8.43,8.28,8.33,8.36,80104.62,66854.499,-0.3589
600719.SH,20260811,7.81,7.81,7.66,7.69,7.81,94437.5,72813.204,-1.5365
600720.SH,20260811,5.25,5.27,5.2,5.2,5.24,58938.0,30773.182,-0.7634
600721.SH,20260811,12.75,12.75,12.57,12.75,11.59,668309.58,851697.29,10.0086
600722.SH,20260811,12.44,12.85,11.8,12.13,12.52,1352446.95,1652593.526,-3.115
600724.SH,20260811,5.19,5.19,5.06,5.11,5.2,71496.0,36553.382,-1.7308
600725.SH,20260811,3.3,3.31,3.22,3.26,3.3,144896.4,47173.926,-1.2121
600726.SH,20260811,6.26,6.59,6.1,6.14,6.26,1821718.08,1142597.0,-1.9169
600727.SH,20260811,7.6,7.66,7.48,7.51,7.67,136865.24,103265.134,-2.086
600728.SH,20260811,4.79,4.81,4.72,4.74,4.77,217413.87,103455.351,-0.6289
600729.SH,20260811,20.6,20.87,20.29,20.37,20.66,50588.83,103909.387,-1.4037
600730.SH,20260811,11.02,11.38,10.18,10.18,11.31,196447.0,209353.657,-9.9912
600731.SH,20260811,5.85,5.85,5.75,5.79,5.85,83653.0,48432.857,-1.0256
600732.SH,20260811,12.16,12.44,11.96,12.19,12.28,244299.57,297644.856,-0.7329
600733.SH,20260811,5.43,5.48,5.35,5.42,5.46,736819.17,400066.999,-0.7326
600734.SH,20260811,1.66,1.69,1.64,1.67,1.67,365609.4,60943.291,0.0
600735.SH,20260811,6.53,6.55,6.41,6.49,6.57,27394.0,17729.05,-1.2177
600736.SH,20260811,6.65,6.66,6.53,6.6,6.69,139946.86,92322.006,-1.3453
600737.SH,20260811,13.75,13.87,13.08,13.12,13.96,698045.3,928497.832,-6.0172
600738.SH,20260811,4.01,4.04,3.97,4.02,4.03,77844.0,31189.802,-0.2481
600739.SH,20260811,10.87,11.01,10.85,10.87,10.9,141735.77,154849.366,-0.2752
600740.SH,20260811,3.65,3.66,3.58,3.65,3.6,402620.09,146003.449,1.3889
600741.SH,20260811,15.97,16.12,15.86,15.86,15.98,123951.15,197893.49,-0.7509
600742.SH,20260811,7.74,7.85,7.62,7.65,7.65,66210.45,50901.724,0.0
600743.SH,20260811,2.25,2.37,2.25,2.26,2.27,397938.0,91370.68,-0.4405
600744.SH,20260811,7.52,7.81,7.45,7.48,7.73,1732649.47,1313216.127,-3.2342
600745.SH,20260811,16.4,17.97,16.2,17.48,16.49,646317.14,1106704.276,6.0036
600746.SH,20260811,6.93,7.03,6.76,6.79,6.99,178234.01,121941.208,-2.8612
600748.SH,20260811,3.86,4.19,3.84,4.01,3.88,265385.71,106726.431,3.3505
600749.SH,20260811,14.55,14.56,14.22,14.29,14.63,74179.0,106495.885,-2.324
600750.SH,20260811,24.86,25.38,24.61,24.64,24.86,50903.14,127087.305,-0.885
600751.SH,20260811,3.23,3.38,3.18,3.24,3.23,438247.58,143853.15,0.3096
600753.SH,20260811,9.93,10.3,9.68,10.04,9.94,14132.0,14059.199,1.006
600754.SH,20260811,19.92,20.33,19.55,19.6,19.95,137970.18,273721.839,-1.7544
600755.SH,20260811,5.75,5.79,5.72,5.75,5.77,81366.0,46822.532,-0.3466
600756.SH,20260811,15.8,16.15,15.42,15.63,15.78,232593.84,368821.479,-0.9506
600757.SH,20260811,7.77,7.85,7.69,7.7,7.76,81437.0,63115.719,-0.7732
600758.SH,20260811,3.6,3.66,3.48,3.5,3.54,713005.96,252039.969,-1.1299
600759.SH,20260811,2.35,2.56,2.35,2.56,2.33,3052364.83,762280.717,9.8712
600760.SH,20260811,44.55,45.12,43.9,44.5,45.1,239125.72,1061701.281,-1.3304
600761.SH,20260811,17.49,17.62,17.01,17.15,17.41,117051.0,202455.032,-1.4934
600763.SH,20260811,36.68,37.5,36.68,37.19,37.02,99518.78,369874.205,0.4592
600764.SH,20260811,18.68,18.68,18.23,18.32,18.7,52919.0,97167.108,-2.0321
600765.SH,20260811,13.66,13.72,13.52,13.58,13.9,160233.07,218291.257,-2.3022
600768.SH,20260811,15.09,15.2,14.7,14.78,14.99,73305.0,109769.395,-1.4009
600769.SH,20260811,14.99,15.28,14.72,15.03,15.23,77546.0,116438.22,-1.3132
600770.SH,20260811,5.22,5.28,5.18,5.21,5.25,161170.0,84322.091,-0.7619
600771.SH,20260811,14.18,14.46,14.0,14.03,14.22,101570.33,144232.037,-1.3361
600773.SH,20260811,11.27,11.38,11.11,11.16,11.38,164692.0,185284.879,-1.9332
600774.SH,20260811,7.16,7.31,7.1,7.21,7.2,46642.0,33595.689,0.1389
600775.SH,20260811,9.98,10.13,9.92,10.0,10.12,154481.54,154769.252,-1.1858
600776.SH,20260811,12.8,12.92,12.69,12.78,12.91,97500.13,124809.172,-1.007
600777.SH,20260811,4.25,4.31,4.21,4.25,4.2,277153.8,117784.529,1.1905
600778.SH,20260811,5.57,5.6,5.48,5.56,5.57,54745.26,30360.803,-0.1795
600779.SH,20260811,28.67,28.94,28.5,28.69,28.95,29234.39,83839.612,-0.8981
600780.SH,20260811,6.03,6.08,5.95,5.98,6.03,94994.13,57023.763,-0.8292
600782.SH,20260811,2.81,2.81,2.74,2.75,2.8,326746.0,90283.861,-1.7857
600783.SH,20260811,16.39,17.46,16.25,17.15,18.02,373955.9,631925.446,-4.828
600784.SH,20260811,8.2,8.33,7.98,8.07,8.22,187507.0,152734.503,-1.8248
600785.SH,20260811,8.98,9.06,8.81,9.0,8.96,82207.8,73675.649,0.4464
600787.SH,20260811,4.62,4.65,4.56,4.58,4.61,126244.03,58059.398,-0.6508
600789.SH,20260811,7.6,7.76,7.5,7.51,7.56,451687.9,345093.225,-0.6614
600790.SH,20260811,3.36,3.36,3.31,3.32,3.35,118459.77,39473.449,-0.8955
600791.SH,20260811,7.49,7.89,7.32,7.75,7.49,199026.0,152997.177,3.4713
600792.SH,20260811,3.79,3.8,3.65,3.71,3.71,188062.0,69746.401,0.0
600793.SH,20260811,16.0,16.0,14.8,15.3,15.66,124914.0,191127.275,-2.2989
600794.SH,20260811,3.16,3.17,3.13,3.14,3.17,78180.0,24568.576,-0.9464
600795.SH,20260811,5.03,5.1,5.02,5.06,5.02,999415.77,506836.2,0.7968
600796.SH,20260811,5.13,5.14,5.05,5.07,5.15,58704.01,29878.225,-1.5534
600797.SH,20260811,7.58,7.78,7.37,7.57,7.46,694307.29,526476.177,1.4745
600798.SH,20260811,3.26,3.27,3.22,3.24,3.26,100783.0,32673.13,-0.6135
600800.SH,20260811,3.38,3.44,3.33,3.37,3.39,167965.57,56905.842,-0.59
600801.SH,20260811,23.81,24.55,23.63,24.38,24.02,147490.46,356332.289,1.4988
600802.SH,20260811,4.55,4.59,4.46,4.54,4.57,65723.2,29809.739,-0.6565
600803.SH,20260811,17.65,17.8,17.45,17.49,17.55,46981.0,82634.638,-0.3419
600805.SH,20260811,4.42,4.42,4.34,4.38,4.41,45981.0,20100.432,-0.6803
600807.SH,20260811,2.6,2.63,2.57,2.6,2.61,95580.5,24816.767,-0.3831
600808.SH,20260811,2.59,2.6,2.53,2.54,2.59,571221.44,145910.053,-1.9305
600809.SH,20260811,122.7,123.8,120.65,120.72,123.1,79445.5,967613.907,-1.9334
600810.SH,20260811,6.55,6.55,6.34,6.35,6.54,105925.33,67988.289,-2.9052
600812.SH,20260811,5.01,5.1,4.97,5.01,5.02,281297.25,142047.991,-0.1992
600814.SH,20260811,6.71,6.74,6.65,6.68,6.73,44035.0,29496.349,-0.7429
600815.SH,20260811,3.54,3.68,3.46,3.6,3.61,1140597.0,411008.694,-0.277
600816.SH,20260811,2.55,2.62,2.52,2.53,2.56,653177.69,166487.12,-1.1719
600817.SH,20260811,9.48,9.48,9.34,9.37,9.44,16517.0,15523.752,-0.7415
600818.SH,20260811,7.81,7.81,7.28,7.31,7.81,113989.0,85351.67,-6.402
600819.SH,20260811,5.49,5.5,5.36,5.43,5.47,53729.0,29175.542,-0.7313
600820.SH,20260811,5.43,5.46,5.4,5.44,5.43,138463.71,75242.072,0.1842
600821.SH,20260811,6.57,6.63,6.41,6.52,6.55,615319.28,402208.35,-0.458
600822.SH,20260811,8.35,8.65,8.3,8.52,8.4,54802.61,46692.908,1.4286
600824.SH,20260811,3.62,3.66,3.59,3.62,3.62,88860.17,32228.136,0.0
600825.SH,20260811,5.11,5.11,5.01,5.03,5.09,61571.0,31041.494,-1.1788
600826.SH,20260811,8.08,8.24,8.02,8.02,8.17,33198.51,26782.683,-1.836
600827.SH,20260811,7.76,7.88,7.7,7.8,7.77,134811.0,105193.335,0.3861
600828.SH,20260811,4.0,4.03,3.94,3.98,4.0,114253.0,45545.038,-0.5
600829.SH,20260811,10.2,10.95,10.18,10.74,10.54,467524.35,500110.501,1.8975
600830.SH,20260811,8.14,8.14,8.0,8.1,8.12,30567.01,24688.63,-0.2463
600831.SH,20260811,3.43,3.43,3.35,3.42,3.4,94943.25,32261.765,0.5882
600833.SH,20260811,10.89,12.11,10.61,12.11,11.01,380332.66,446405.965,9.9909
600834.SH,20260811,7.38,7.52,7.3,7.4,7.38,29106.26,21614.187,0.271
600835.SH,20260811,18.9,19.15,18.75,18.96,18.95,38841.29,73717.688,0.0528
600838.SH,20260811,7.43,7.52,7.35,7.43,7.42,63904.97,47511.789,0.1348
600839.SH,20260811,6.9,6.94,6.83,6.84,6.94,479970.31,329841.952,-1.4409
600841.SH,20260811,5.85,5.91,5.75,5.8,5.85,161569.0,93943.982,-0.8547
600843.SH,20260811,7.14,7.18,7.01,7.1,7.17,64252.0,45482.421,-0.9763
600844.SH,20260811,3.61,3.67,3.46,3.48,3.57,553650.01,195512.051,-2.521
600845.SH,20260811,18.4,18.56,18.08,18.31,18.32,158221.44,290342.813,-0.0546
600846.SH,20260811,12.85,13.2,12.63,12.65,12.85,73280.7,94409.106,-1.5564
600847.SH,20260811,12.54,12.77,12.26,12.49,12.54,16497.66,20619.042,-0.3987
600848.SH,20260811,8.76,8.85,8.71,8.82,8.78,64682.94,56941.746,0.4556
600850.SH,20260811,15.55,15.58,15.28,15.35,15.56,89263.56,137616.188,-1.3496
600851.SH,20260811,8.42,8.7,8.38,8.49,8.47,107631.16,92309.688,0.2361
600853.SH,20260811,3.26,3.28,3.23,3.24,3.26,64862.84,21064.715,-0.6135
600854.SH,20260811,4.54,4.54,4.46,4.51,4.54,43913.1,19760.093,-0.6608
600855.SH,20260811,12.8,12.8,12.51,12.66,13.03,71475.72,90492.0,-2.8396
600857.SH,20260811,17.6,18.45,17.6,17.94,17.77,45960.0,83391.13,0.9567
600858.SH,20260811,4.9,4.94,4.84,4.9,4.93,65131.0,31861.283,-0.6085
600859.SH,20260811,10.25,10.32,10.13,10.19,10.27,110861.24,113254.188,-0.779
600860.SH,20260811,8.43,8.49,8.27,8.45,8.43,33910.74,28508.809,0.2372
600861.SH,20260811,13.33,13.38,13.16,13.17,13.32,22964.12,30390.054,-1.1261
600862.SH,20260811,18.45,18.53,18.12,18.15,18.64,154680.27,282038.656,-2.6288
600863.SH,20260811,4.71,5.18,4.68,5.18,4.71,2184321.4,1102493.069,9.9788
600864.SH,20260811,5.42,5.47,5.39,5.43,5.42,208353.25,113198.289,0.1845
600865.SH,20260811,9.03,9.06,8.88,8.92,9.0,53612.62,47953.638,-0.8889
600866.SH,20260811,4.48,4.48,4.38,4.39,4.48,201025.27,88856.069,-2.0089
600867.SH,20260811,8.37,8.82,8.36,8.45,8.38,493218.99,422335.794,0.8353
600868.SH,20260811,2.85,2.87,2.82,2.84,2.87,398515.45,113244.175,-1.0453
600869.SH,20260811,15.3,16.13,15.26,15.78,15.66,1023376.76,1606719.496,0.7663
600871.SH,20260811,2.27,2.29,2.25,2.27,2.24,1390080.81,315488.902,1.3393
600872.SH,20260811,19.56,19.78,19.32,19.35,19.56,98157.86,192057.924,-1.0736
600873.SH,20260811,8.15,8.16,7.92,7.96,8.11,266818.0,213769.479,-1.8496
600874.SH,20260811,5.62,5.64,5.57,5.59,5.61,56777.01,31787.556,-0.3565
600875.SH,20260811,27.07,27.26,26.71,26.79,27.19,338945.47,914248.358,-1.4711
600876.SH,20260811,7.05,7.13,6.99,7.06,7.11,22958.0,16224.769,-0.7032
600877.SH,20260811,13.19,13.68,13.09,13.28,13.48,230959.84,309301.661,-1.4837
600879.SH,20260811,15.65,15.87,15.29,15.53,16.45,1167465.55,1822914.946,-5.5927
600880.SH,20260811,4.02,4.06,3.97,4.0,4.05,121395.0,48710.894,-1.2346
600881.SH,20260811,1.7,1.87,1.68,1.87,1.7,1717087.85,306697.224,10.0
600882.SH,20260811,22.38,22.6,22.17,22.21,22.46,53091.49,118516.577,-1.1131
600883.SH,20260811,7.66,7.79,7.55,7.65,7.69,31740.01,24286.428,-0.5202
600884.SH,20260811,12.13,12.4,12.12,12.13,12.07,618180.24,756157.955,0.4971
600885.SH,20260811,35.05,35.33,34.76,34.99,35.3,102972.89,360819.032,-0.8782
600886.SH,20260811,14.34,14.48,14.19,14.28,14.26,255903.21,367092.912,0.1403
600887.SH,20260811,26.26,26.46,26.06,26.1,26.26,463576.39,1214555.641,-0.6093
600888.SH,20260811,10.01,10.33,10.01,10.06,10.16,625557.95,636635.328,-0.9843
600889.SH,20260811,13.72,14.09,13.65,13.95,13.72,20893.0,29141.712,1.6764
600892.SH,20260811,3.73,4.07,3.67,3.92,3.82,1010271.0,393217.825,2.6178
600893.SH,20260811,36.4,36.83,35.89,36.2,36.9,300332.13,1091751.605,-1.897
600894.SH,20260811,7.89,7.95,7.83,7.84,7.94,30604.0,24094.609,-1.2594
600895.SH,20260811,32.65,33.49,32.51,32.56,33.09,345572.08,1141097.15,-1.6017
600897.SH,20260811,14.74,14.84,14.68,14.71,14.77,9746.14,14379.826,-0.4062
600900.SH,20260811,28.09,28.4,27.96,28.31,28.05,1091507.49,3087915.915,0.9269
600901.SH,20260811,6.5,6.56,6.43,6.43,6.51,258187.95,167356.371,-1.2289
600903.SH,20260811,6.46,6.47,6.35,6.42,6.45,141940.4,90864.897,-0.4651
600905.SH,20260811,3.78,3.8,3.77,3.78,3.78,600022.77,227060.02,0.0
600906.SH,20260811,6.6,6.66,6.55,6.57,6.62,195041.5,128699.538,-0.7553
600908.SH,20260811,5.42,5.45,5.38,5.39,5.42,116478.28,62981.411,-0.5535
600909.SH,20260811,8.19,8.32,8.16,8.2,8.24,931499.43,767733.32,-0.4854
600916.SH,20260811,8.16,8.26,7.84,7.88,8.1,619486.54,497217.349,-2.716
600917.SH,20260811,4.87,4.92,4.84,4.86,4.87,36063.0,17562.819,-0.2053
600918.SH,20260811,5.58,5.63,5.57,5.58,5.6,199175.72,111382.533,-0.3571
600919.SH,20260811,11.78,11.9,11.73,11.75,11.81,669887.21,790688.924,-0.508
600925.SH,20260811,4.38,4.39,4.31,4.38,4.37,95104.3,41431.845,0.2288
600926.SH,20260811,16.14,16.25,16.03,16.03,16.1,266199.37,429032.391,-0.4348
600927.SH,20260811,13.03,13.05,12.93,12.96,13.07,54902.0,71246.483,-0.8416
600928.SH,20260811,3.57,3.59,3.53,3.54,3.58,153889.02,54732.595,-1.1173
600929.SH,20260811,5.39,5.48,5.28,5.33,5.36,187921.9,100949.282,-0.5597
600930.SH,20260811,4.23,4.25,4.19,4.21,4.23,1373009.08,580260.809,-0.4728
600933.SH,20260811,13.8,13.98,13.64,13.85,13.8,67508.98,93101.147,0.3623
600935.SH,20260811,2.33,2.33,2.29,2.3,2.33,123454.0,28461.814,-1.2876
600936.SH,20260811,6.03,6.27,6.03,6.08,6.16,1211947.92,743369.883,-1.2987
600938.SH,20260811,32.73,33.75,32.28,33.7,32.0,801118.56,2665494.101,5.3125
600939.SH,20260811,2.63,2.65,2.6,2.63,2.64,79654.0,20939.331,-0.3788
600941.SH,20260811,96.52,97.26,96.02,96.42,96.7,68915.69,664525.129,-0.2896
600955.SH,20260811,12.92,12.92,12.65,12.68,12.87,27608.0,35084.947,-1.4763
600956.SH,20260811,7.39,7.4,7.28,7.29,7.36,65947.37,48359.606,-0.9511
600958.SH,20260811,9.16,9.22,9.12,9.15,9.19,444633.93,407486.034,-0.4353
600959.SH,20260811,3.09,3.12,3.07,3.08,3.1,202581.34,62562.969,-0.6452
600960.SH,20260811,4.05,4.05,3.96,4.02,4.04,67016.5,26786.046,-0.495
600961.SH,20260811,29.9,30.17,28.5,28.58,30.17,801546.53,2350999.672,-5.2701
600962.SH,20260811,27.87,28.99,27.13,28.81,28.15,121069.69,340945.309,2.3446
600963.SH,20260811,3.37,3.43,3.31,3.36,3.36,299243.73,100708.925,0.0
600965.SH,20260811,2.64,2.64,2.59,2.61,2.64,27132.0,7087.635,-1.1364
600966.SH,20260811,5.13,5.16,5.03,5.05,5.13,108633.63,55137.604,-1.5595
600967.SH,20260811,12.03,12.04,11.76,11.82,12.2,412291.11,488797.296,-3.1148
600968.SH,20260811,3.93,3.95,3.88,3.9,3.89,361952.5,141629.293,0.2571
600969.SH,20260811,8.59,8.82,8.44,8.59,8.6,96027.8,82747.32,-0.1163
600970.SH,20260811,7.9,7.97,7.81,7.84,7.89,209821.51,165579.929,-0.6337
600971.SH,20260811,8.49,8.5,8.16,8.43,8.43,174454.4,145720.059,0.0
600973.SH,20260811,6.25,6.25,6.14,6.15,6.3,192248.79,118850.484,-2.381
600975.SH,20260811,5.04,5.06,4.93,4.95,5.04,111857.0,55759.154,-1.7857
600976.SH,20260811,29.52,30.0,29.37,29.68,29.56,26983.02,80086.428,0.406
600977.SH,20260811,13.05,13.27,12.83,12.84,12.99,740105.87,966991.344,-1.1547
600979.SH,20260811,4.06,4.09,4.01,4.06,4.06,226764.4,92057.041,0.0
600980.SH,20260811,19.59,19.68,19.21,19.22,19.73,33567.0,65282.63,-2.5849
600981.SH,20260811,2.45,2.46,2.41,2.43,2.45,114094.0,27769.119,-0.8163
600982.SH,20260811,5.18,5.21,5.1,5.14,5.2,243958.06,125796.248,-1.1538
600983.SH,20260811,7.82,7.83,7.73,7.76,7.81,20650.78,16088.93,-0.6402
600985.SH,20260811,17.03,17.11,16.46,16.83,16.86,297137.44,495756.074,-0.1779
600986.SH,20260811,8.06,8.25,7.95,8.14,8.03,1081336.06,879067.031,1.3699
600987.SH,20260811,6.81,6.83,6.72,6.75,6.81,49444.93,33469.535,-0.8811
600988.SH,20260811,44.8,45.99,39.8,40.3,43.73,1220211.07,5167809.411,-7.8436
600989.SH,20260811,24.27,24.57,23.65,23.79,23.9,764546.29,1836408.178,-0.4603
600990.SH,20260811,18.41,18.43,17.8,17.99,18.41,31734.05,57146.446,-2.2814
600992.SH,20260811,9.78,10.1,9.65,9.98,10.44,130387.25,129238.663,-4.4061
600993.SH,20260811,23.69,24.07,23.61,23.82,23.79,48440.27,115502.198,0.1261
600995.SH,20260811,12.8,12.97,12.71,12.84,12.8,150229.12,192916.694,0.3125
600996.SH,20260811,6.97,7.11,6.91,7.06,6.98,173400.58,121761.954,1.1461
600997.SH,20260811,5.52,5.56,5.37,5.53,5.47,138485.05,75722.885,1.0969
600998.SH,20260811,5.02,5.17,5.01,5.07,5.05,436616.75,223450.839,0.396
600999.SH,20260811,18.16,18.34,18.02,18.03,18.21,456678.45,831088.902,-0.9885
601000.SH,20260811,4.65,4.69,4.6,4.63,4.64,386080.77,179077.043,-0.2155
601001.SH,20260811,18.59,18.6,17.39,17.47,18.0,301021.44,532397.737,-2.9444
601002.SH,20260811,5.49,5.5,5.34,5.35,5.47,115773.0,62337.378,-2.1938
601003.SH,20260811,3.82,3.85,3.76,3.83,3.83,253661.96,96500.498,0.0
601005.SH,20260811,1.2,1.21,1.2,1.2,1.21,359982.0,43261.534,-0.8264
601006.SH,20260811,4.78,4.79,4.73,4.76,4.78,1184473.75,563576.653,-0.4184
601007.SH,20260811,6.69,6.74,6.65,6.7,6.72,49705.13,33300.604,-0.2976
601008.SH,20260811,4.36,4.42,4.35,4.36,4.37,59972.74,26231.673,-0.2288
601009.SH,20260811,11.27,11.37,11.21,11.24,11.25,275016.09,309916.948,-0.0889
601010.SH,20260811,1.4,1.43,1.39,1.42,1.41,190824.5,27034.234,0.7092
601011.SH,20260811,2.72,2.76,2.66,2.7,2.72,271565.45,73174.796,-0.7353
601012.SH,20260811,12.94,12.99,12.78,12.79,12.94,797427.64,1026677.115,-1.1592
601015.SH,20260811,3.52,3.55,3.37,3.48,3.43,708125.78,245560.408,1.4577
601016.SH,20260811,3.56,3.71,3.52,3.68,3.58,2654067.4,969628.901,2.7933
601018.SH,20260811,3.39,3.41,3.35,3.36,3.39,347712.98,117381.314,-0.885
601019.SH,20260811,7.03,7.09,6.95,6.98,7.07,79765.0,55870.13,-1.273
601020.SH,20260811,23.78,24.02,22.63,22.66,23.27,598282.18,1396221.206,-2.6214
601021.SH,20260811,45.52,45.58,44.85,44.95,45.83,64851.98,292700.452,-1.9201
601022.SH,20260811,8.15,8.18,8.02,8.03,8.16,43826.0,35360.239,-1.5931
601026.SH,20260811,15.24,15.48,15.02,15.32,15.24,45823.09,70122.261,0.5249
601033.SH,20260811,14.47,14.53,14.33,14.35,14.48,23732.0,34184.154,-0.8978
601038.SH,20260811,13.53,13.58,13.05,13.13,13.48,66955.11,88947.074,-2.5964
601058.SH,20260811,13.8,14.08,13.53,13.55,13.87,237170.82,326278.063,-2.3071
601059.SH,20260811,16.67,16.8,16.59,16.71,16.68,50487.48,84446.768,0.1799
601061.SH,20260811,12.57,13.17,12.13,12.18,12.56,426655.0,537803.886,-3.0255
601065.SH,20260811,6.94,6.94,6.84,6.86,6.94,39362.23,27066.533,-1.1527
601066.SH,20260811,25.9,26.26,25.69,25.71,25.96,283742.27,736582.841,-0.963
601068.SH,20260811,4.67,4.67,4.56,4.58,4.66,91505.74,42119.92,-1.7167
601069.SH,20260811,30.8,30.8,28.51,28.72,30.28,481763.92,1434516.278,-5.1519
601077.SH,20260811,6.45,6.58,6.45,6.51,6.46,585572.7,381818.247,0.774
601083.SH,20260811,11.4,11.49,11.29,11.35,11.39,46145.0,52428.463,-0.3512
601086.SH,20260811,8.15,8.25,8.06,8.19,8.17,185262.0,151310.346,0.2448
601088.SH,20260811,44.94,45.13,44.3,44.7,44.68,253124.79,1133033.508,0.0448
601089.SH,20260811,17.92,18.89,17.81,18.34,17.92,54659.39,100369.634,2.3438
601096.SH,20260811,4.37,4.37,4.29,4.32,4.37,168279.0,72789.009,-1.1442
601098.SH,20260811,10.55,10.55,10.3,10.34,10.49,96135.0,99867.968,-1.4299
601099.SH,20260811,3.42,3.43,3.39,3.39,3.42,630275.06,214562.968,-0.8772
601100.SH,20260811,103.01,108.47,102.32,107.22,103.88,97275.76,1034568.441,3.2152
601101.SH,20260811,13.71,13.71,12.44,12.49,13.39,751271.89,962969.228,-6.7214
601106.SH,20260811,3.19,3.2,3.14,3.18,3.21,395661.22,125395.392,-0.9346
601107.SH,20260811,5.6,5.63,5.55,5.57,5.58,83201.72,46442.358,-0.1792
601108.SH,20260811,8.38,8.42,8.31,8.32,8.41,328592.39,274551.791,-1.0702
601111.SH,20260811,6.04,6.06,5.94,5.95,6.09,1021931.57,611872.622,-2.2989
601112.SH,20260811,15.64,15.64,15.4,15.41,15.66,35256.03,54530.834,-1.5964
601113.SH,20260811,3.48,3.48,3.42,3.43,3.47,65162.0,22425.208,-1.1527
601116.SH,20260811,10.71,11.03,10.6,10.92,10.72,152178.28,165358.803,1.8657
601117.SH,20260811,7.71,7.77,7.61,7.61,7.69,651014.15,500161.793,-1.0403
601118.SH,20260811,5.52,5.53,5.36,5.37,5.52,567014.37,307860.788,-2.7174
601121.SH,20260811,7.36,7.39,7.18,7.2,7.36,145766.86,106108.013,-2.1739
601126.SH,20260811,45.69,46.19,44.12,44.95,45.89,234357.94,1058422.482,-2.0484
601127.SH,20260811,56.11,56.2,55.1,55.21,56.03,199395.83,1104059.32,-1.4635
601128.SH,20260811,6.13,6.14,6.08,6.09,6.13,480703.77,293280.908,-0.6525
601133.SH,20260811,26.24,26.77,25.57,26.33,26.3,112846.24,296247.655,0.1141
601136.SH,20260811,14.55,14.67,14.48,14.49,14.62,59850.93,87171.715,-0.8892
601137.SH,20260811,17.49,17.72,17.4,17.49,17.6,92884.56,162906.189,-0.625
601138.SH,20260811,67.93,68.19,65.52,66.01,69.18,1358340.51,9051098.041,-4.5822
601139.SH,20260811,6.41,6.46,6.32,6.32,6.4,166646.0,106255.005,-1.25
601155.SH,20260811,11.25,11.48,11.05,11.06,11.26,210238.88,237591.436,-1.7762
601156.SH,20260811,17.85,18.49,17.75,18.14,17.87,196749.41,358455.689,1.5109
601158.SH,20260811,4.2,4.2,4.15,4.16,4.2,50803.0,21174.444,-0.9524
601162.SH,20260811,3.62,3.65,3.61,3.62,3.63,807624.85,293052.201,-0.2755
601163.SH,20260811,13.4,13.43,13.27,13.28,13.4,28326.0,37775.068,-0.8955
601166.SH,20260811,18.32,18.39,18.15,18.22,18.34,691335.24,1260383.887,-0.6543
601168.SH,20260811,42.3,42.81,38.84,39.21,42.45,1278722.62,5180499.983,-7.6325
601169.SH,20260811,5.03,5.05,5.0,5.01,5.03,810115.31,406733.73,-0.3976
601177.SH,20260811,13.35,13.63,13.13,13.48,13.37,68161.81,91462.207,0.8227
601179.SH,20260811,13.85,14.05,13.8,13.8,14.07,1151093.47,1599948.454,-1.919
601186.SH,20260811,6.17,6.18,6.11,6.12,6.17,343781.02,211101.596,-0.8104
601187.SH,20260811,7.3,7.44,7.27,7.38,7.27,193378.0,142119.705,1.5131
601188.SH,20260811,2.9,2.9,2.86,2.86,2.89,104804.0,30140.193,-1.0381
601198.SH,20260811,13.82,13.98,13.75,13.8,13.82,146538.0,203263.615,-0.1447
601199.SH,20260811,6.2,6.5,6.07,6.33,6.06,567387.29,355654.106,4.4554
601200.SH,20260811,7.06,7.1,7.02,7.04,7.06,58676.24,41359.857,-0.2833
601208.SH,20260811,45.16,49.25,44.31,47.67,45.38,1074818.89,5041885.949,5.0463
601211.SH,20260811,18.17,18.39,18.05,18.1,18.2,508747.89,925823.214,-0.5495
601212.SH,20260811,5.99,6.48,5.81,5.83,5.9,5031277.79,3104358.634,-1.1864
601216.SH,20260811,4.59,4.63,4.55,4.56,4.59,510982.04,234104.939,-0.6536
601218.SH,20260811,4.68,4.75,4.58,4.65,4.68,338368.44,157821.692,-0.641
601222.SH,20260811,5.68,5.71,5.63,5.66,5.67,123032.04,69695.077,-0.1764
601225.SH,20260811,26.25,26.37,25.59,25.93,26.04,451712.67,1170698.828,-0.4224
601226.SH,20260811,6.3,6.34,6.2,6.26,6.32,73285.75,45979.793,-0.9494
601228.SH,20260811,3.08,3.09,3.04,3.05,3.08,155869.0,47701.579,-0.974
601229.SH,20260811,9.27,9.36,9.22,9.23,9.27,408027.66,378471.104,-0.4315
601231.SH,20260811,27.21,28.25,27.12,27.22,27.68,262207.0,726667.787,-1.6618
601233.SH,20260811,24.4,24.98,23.8,23.89,24.4,466798.58,1141679.735,-2.0902
601236.SH,20260811,7.05,7.07,6.98,7.0,7.05,89578.0,62918.005,-0.7092
601238.SH,20260811,5.32,5.34,5.22,5.23,5.33,257979.4,135980.041,-1.8762
601279.SH,20260811,3.27,3.27,3.19,3.25,3.26,85877.0,27738.03,-0.3067
601288.SH,20260811,6.46,6.51,6.42,6.48,6.46,3869870.92,2500624.299,0.3096
601298.SH,20260811,8.89,8.92,8.76,8.78,8.88,70368.05,62129.745,-1.1261
601311.SH,20260811,7.93,7.96,7.86,7.87,7.93,109623.28,86730.916,-0.7566
601318.SH,20260811,53.3,53.44,52.5,52.55,53.32,646895.22,3413185.519,-1.4441
601319.SH,20260811,7.05,7.07,6.98,6.99,7.07,578734.0,406126.632,-1.1315
601326.SH,20260811,3.41,3.45,3.38,3.39,3.4,199159.05,67948.983,-0.2941
601328.SH,20260811,6.92,6.95,6.86,6.92,6.9,1314186.92,906863.634,0.2899
601330.SH,20260811,7.24,7.26,7.17,7.2,7.25,65680.0,47303.27,-0.6897
601333.SH,20260811,2.97,2.98,2.94,2.95,2.96,494628.0,146202.824,-0.3378
601336.SH,20260811,59.86,60.06,58.31,58.36,60.06,244557.54,1445041.839,-2.8305
601339.SH,20260811,8.06,8.06,7.83,7.86,8.0,152416.17,120639.406,-1.75
601360.SH,20260811,9.65,9.87,9.52,9.67,9.61,1028128.64,998561.097,0.6243
601366.SH,20260811,3.56,3.6,3.53,3.57,3.58,70587.0,25177.331,-0.2793
601368.SH,20260811,4.5,4.63,4.5,4.53,4.52,67815.2,30840.26,0.2212
601369.SH,20260811,9.36,9.46,9.21,9.22,9.39,138041.0,128512.11,-1.8104
601375.SH,20260811,4.14,4.16,4.11,4.12,4.14,231282.0,95571.432,-0.4831
601377.SH,20260811,5.9,5.92,5.86,5.86,5.91,462082.21,272027.806,-0.846
601388.SH,20260811,3.39,3.45,3.33,3.34,3.41,522575.1,177036.485,-2.0528
601390.SH,20260811,4.52,4.54,4.46,4.47,4.52,827628.69,372129.0,-1.1062
601398.SH,20260811,7.52,7.6,7.51,7.6,7.53,3320984.13,2509699.866,0.9296
601399.SH,20260811,3.31,3.32,3.27,3.28,3.32,499634.77,164389.41,-1.2048
601456.SH,20260811,9.02,9.12,8.97,8.98,8.97,170325.0,153955.418,0.1115
601500.SH,20260811,4.08,4.1,4.01,4.02,4.07,129898.4,52635.476,-1.2285
601512.SH,20260811,7.91,7.98,7.88,7.89,7.93,24131.0,19124.502,-0.5044
601515.SH,20260811,3.54,3.65,3.53,3.56,3.58,235675.31,84763.456,-0.5587
601518.SH,20260811,2.79,2.81,2.76,2.76,2.79,91191.4,25368.623,-1.0753
601519.SH,20260811,8.27,8.27,8.12,8.16,8.27,250157.96,204850.734,-1.3301
601528.SH,20260811,4.94,4.96,4.85,4.86,4.92,146844.93,71750.322,-1.2195
601555.SH,20260811,7.98,8.01,7.93,7.94,8.0,258506.63,205747.344,-0.75
601566.SH,20260811,8.61,8.66,8.54,8.57,8.66,38574.0,33135.483,-1.0393
601567.SH,20260811,16.0,16.0,15.71,15.75,16.01,112236.0,177402.849,-1.624
601568.SH,20260811,3.77,3.77,3.7,3.72,3.76,147205.6,54934.889,-1.0638
601577.SH,20260811,9.23,9.28,9.17,9.19,9.22,132091.29,121715.093,-0.3254
601579.SH,20260811,15.55,15.84,15.42,15.43,15.67,58250.57,90567.011,-1.5316
601588.SH,20260811,1.71,1.75,1.71,1.72,1.73,257960.18,44608.036,-0.578
601595.SH,20260811,18.03,19.66,17.98,18.51,17.99,157679.61,293118.788,2.8905
601598.SH,20260811,6.69,6.78,6.62,6.69,6.68,133227.75,89427.15,0.1497
601599.SH,20260811,3.08,3.13,3.07,3.08,3.1,175606.0,54458.833,-0.6452
601600.SH,20260811,10.15,10.4,9.77,9.82,10.05,3284159.77,3310441.468,-2.2886
601601.SH,20260811,30.9,30.97,30.47,30.52,30.94,442698.67,1356487.977,-1.3575
601606.SH,20260811,37.37,37.63,35.2,35.62,36.18,587135.39,2112945.765,-1.5478
601607.SH,20260811,16.73,16.94,16.65,16.69,16.72,115170.31,193541.339,-0.1794
601608.SH,20260811,4.89,4.92,4.83,4.88,4.93,276012.45,134566.2,-1.0142
601609.SH,20260811,10.36,10.42,10.17,10.18,10.4,211080.04,217048.168,-2.1154
601611.SH,20260811,11.71,11.84,11.6,11.7,11.91,459854.52,538609.696,-1.7632
601615.SH,20260811,11.6,11.77,11.43,11.55,11.69,409962.26,475505.249,-1.1976
601616.SH,20260811,3.72,3.73,3.66,3.69,3.74,183914.0,67906.406,-1.3369
601618.SH,20260811,2.63,2.64,2.6,2.6,2.64,611206.0,159981.558,-1.5152
601619.SH,20260811,4.59,5.06,4.53,4.93,4.6,1297787.84,629942.039,7.1739
601628.SH,20260811,37.51,37.88,37.05,37.15,37.7,324923.82,1212966.612,-1.4589
601633.SH,20260811,15.7,15.77,15.53,15.59,15.69,118839.0,185724.894,-0.6373
601636.SH,20260811,6.03,6.28,5.98,6.17,6.07,837848.12,514256.553,1.6474
601658.SH,20260811,4.96,4.98,4.94,4.96,4.96,972047.0,481756.538,0.0
601665.SH,20260811,6.25,6.3,6.2,6.23,6.24,266854.77,166605.614,-0.1603
601666.SH,20260811,9.49,9.49,9.1,9.34,9.35,383687.29,354895.735,-0.107
601668.SH,20260811,4.54,4.58,4.51,4.52,4.54,1510125.86,685202.551,-0.4405
601669.SH,20260811,4.81,4.82,4.77,4.77,4.82,971660.4,464900.69,-1.0373
601677.SH,20260811,17.43,17.61,17.02,17.02,17.41,267870.96,462910.148,-2.2401
601678.SH,20260811,7.3,7.38,7.11,7.11,7.43,1695478.03,1223829.433,-4.3069
601686.SH,20260811,5.22,5.22,5.13,5.15,5.22,58128.0,30012.157,-1.341
601688.SH,20260811,19.4,19.49,19.2,19.23,19.39,506985.11,980200.823,-0.8252
601689.SH,20260811,49.2,51.73,48.9,50.93,49.48,359609.85,1817375.289,2.9305
601696.SH,20260811,11.93,12.02,11.85,11.9,11.96,238232.83,284379.114,-0.5017
601698.SH,20260811,26.31,26.75,25.74,26.05,27.56,398188.86,1041518.227,-5.479
601699.SH,20260811,16.5,16.67,15.97,16.28,16.29,434223.15,707490.02,-0.0614
601700.SH,20260811,6.6,7.1,6.59,6.9,7.08,2070578.04,1425871.199,-2.5424
601702.SH,20260811,15.8,16.19,15.4,15.4,15.81,103867.09,163256.199,-2.5933
601717.SH,20260811,16.3,16.47,15.8,15.86,16.03,214141.0,344501.414,-1.0605
601718.SH,20260811,1.81,1.83,1.79,1.82,1.8,283971.87,51570.261,1.1111
601727.SH,20260811,6.86,6.87,6.79,6.8,6.85,455433.32,310441.539,-0.7299
601728.SH,20260811,6.26,6.33,6.24,6.32,6.27,784584.9,493615.383,0.7974
601766.SH,20260811,5.96,6.06,5.96,5.98,5.97,1452738.6,872254.169,0.1675
601777.SH,20260811,8.42,8.5,8.23,8.48,8.41,201702.46,169838.435,0.8323
601778.SH,20260811,3.85,3.87,3.78,3.81,3.85,895233.1,342734.881,-1.039
601788.SH,20260811,14.67,14.73,14.58,14.61,14.69,139179.81,203816.48,-0.5446
601789.SH,20260811,4.36,4.61,4.3,4.58,4.37,1043985.13,471704.997,4.8055
601798.SH,20260811,7.67,7.73,7.55,7.64,7.66,46871.0,35852.901,-0.2611
601799.SH,20260811,96.12,97.19,94.8,95.92,96.11,17439.0,167485.936,-0.1977
601800.SH,20260811,6.08,6.09,6.03,6.04,6.08,230822.4,139685.853,-0.6579
601801.SH,20260811,5.5,5.52,5.43,5.47,5.5,74285.36,40629.743,-0.5455
601808.SH,20260811,12.25,12.36,12.12,12.15,12.12,215354.75,262937.035,0.2475
601811.SH,20260811,12.0,12.09,11.91,11.91,12.08,16156.0,19335.436,-1.4073
601816.SH,20260811,5.02,5.08,5.02,5.04,5.0,1323779.33,669808.965,0.8
601818.SH,20260811,3.06,3.06,3.02,3.02,3.05,1958200.0,594499.813,-0.9836
601825.SH,20260811,8.24,8.31,8.22,8.26,8.24,161982.0,133875.897,0.2427
601827.SH,20260811,8.79,8.93,8.67,8.68,8.84,84204.0,73709.994,-1.81
601828.SH,20260811,2.23,2.26,2.22,2.24,2.24,322063.04,72082.083,0.0
601838.SH,20260811,18.13,18.29,18.07,18.11,18.1,140550.01,255476.153,0.0552
601857.SH,20260811,10.99,11.22,10.95,11.06,10.85,1363308.11,1508316.282,1.9355
601858.SH,20260811,25.51,25.98,24.56,24.58,25.86,392543.21,988456.498,-4.9497
601860.SH,20260811,2.57,2.57,2.53,2.54,2.56,450698.66,114727.865,-0.7813
601865.SH,20260811,11.07,11.21,10.94,11.12,11.18,299447.04,331249.129,-0.5367
601866.SH,20260811,2.43,2.43,2.37,2.38,2.42,573811.0,137437.765,-1.6529
601868.SH,20260811,2.61,2.63,2.59,2.59,2.61,2229613.2,581373.954,-0.7663
601869.SH,20260811,334.0,344.0,325.56,335.92,343.09,100926.28,3377442.323,-2.0898
601872.SH,20260811,17.88,18.28,16.43,16.48,18.18,1659282.67,2849496.171,-9.3509
601877.SH,20260811,25.48,25.51,25.23,25.3,25.53,109931.02,278934.077,-0.9009
601878.SH,20260811,9.48,9.5,9.42,9.44,9.48,156298.85,147670.507,-0.4219
601880.SH,20260811,1.47,1.48,1.45,1.46,1.47,807211.32,117944.384,-0.6803
601881.SH,20260811,12.4,12.43,12.3,12.32,12.41,216790.0,268012.701,-0.7252
601882.SH,20260811,20.25,21.25,20.01,21.05,19.88,208589.68,430347.796,5.8853
601886.SH,20260811,9.11,9.83,8.97,9.53,9.1,259949.8,245279.812,4.7253
601888.SH,20260811,56.1,56.16,55.41,55.45,56.24,252727.85,1408175.669,-1.4047
601890.SH,20260811,8.63,8.63,8.43,8.47,8.63,143587.18,121975.832,-1.854
601898.SH,20260811,14.64,14.72,14.12,14.34,14.4,450912.19,647130.285,-0.4167
601899.SH,20260811,35.66,35.77,33.11,33.18,35.45,4475414.72,15298737.728,-6.4034
601900.SH,20260811,11.87,11.97,11.76,11.81,11.84,53047.04,62900.711,-0.2534
601901.SH,20260811,7.04,7.06,7.0,7.01,7.05,296950.31,208650.334,-0.5674
601908.SH,20260811,3.1,3.13,3.06,3.09,3.11,256393.27,79430.109,-0.6431
601916.SH,20260811,2.91,2.93,2.88,2.89,2.91,987143.9,286088.6,-0.6873
601918.SH,20260811,10.26,10.29,9.95,9.99,10.2,366733.74,369468.367,-2.0588
601919.SH,20260811,15.65,15.79,15.44,15.48,15.64,603613.18,942505.557,-1.023
601921.SH,20260811,7.28,7.32,7.21,7.28,7.27,41375.54,30069.751,0.1376
601928.SH,20260811,9.23,9.27,9.1,9.12,9.24,108971.99,99876.889,-1.2987
601929.SH,20260811,2.42,2.55,2.4,2.48,2.43,978776.16,241814.116,2.0576
601933.SH,20260811,3.25,3.33,3.23,3.29,3.27,1555306.48,510024.088,0.6116
601939.SH,20260811,10.11,10.27,10.1,10.23,10.13,1430048.94,1457007.647,0.9872
601949.SH,20260811,5.33,5.33,5.22,5.25,5.3,81606.0,42893.233,-0.9434
601952.SH,20260811,8.34,8.46,8.27,8.27,8.33,105487.52,88239.175,-0.7203
601956.SH,20260811,4.95,4.97,4.88,4.91,4.98,42142.0,20722.18,-1.4056
601958.SH,20260811,24.2,24.21,23.13,23.13,24.67,725829.66,1713161.592,-6.2424
601963.SH,20260811,10.99,11.11,10.95,11.0,10.97,83355.46,91811.887,0.2735
601965.SH,20260811,14.38,14.47,14.13,14.14,14.38,54524.14,77880.476,-1.669
601966.SH,20260811,11.3,11.42,11.2,11.21,11.34,88938.98,100367.445,-1.1464
601968.SH,20260811,4.54,4.56,4.49,4.52,4.54,58416.0,26443.317,-0.4405
601969.SH,20260811,9.44,9.5,9.19,9.24,9.37,198628.0,185484.473,-1.3874
601975.SH,20260811,3.7,3.8,3.59,3.61,3.71,2139421.0,788101.594,-2.6954
601985.SH,20260811,8.85,8.89,8.82,8.88,8.85,821672.88,728583.097,0.339
601988.SH,20260811,5.83,5.88,5.82,5.88,5.82,1982152.4,1161820.195,1.0309
601990.SH,20260811,6.75,6.77,6.73,6.74,6.76,119359.17,80496.579,-0.2959
601991.SH,20260811,6.26,6.48,6.2,6.27,6.34,3230889.73,2047598.332,-1.1041
601992.SH,20260811,1.42,1.43,1.4,1.41,1.42,441615.02,62365.633,-0.7042
601995.SH,20260811,34.9,35.66,34.84,34.92,34.97,202233.59,711892.551,-0.143
601996.SH,20260811,2.47,2.62,2.46,2.55,2.47,423710.99,108132.767,3.2389
601997.SH,20260811,5.64,5.66,5.59,5.62,5.64,249382.02,140176.826,-0.3546
601998.SH,20260811,7.53,7.58,7.49,7.52,7.52,326824.4,246214.6,0.0
601999.SH,20260811,6.16,6.16,6.05,6.07,6.12,29887.0,18183.803,-0.817
603000.SH,20260811,17.0,17.11,16.77,16.99,17.06,144071.19,243862.355,-0.4103
603001.SH,20260811,7.29,7.78,7.25,7.65,7.37,203433.75,154188.141,3.7992
603002.SH,20260811,15.06,15.38,14.77,14.93,15.18,557502.9,838620.914,-1.6469
603004.SH,20260811,21.12,21.21,20.4,20.48,21.42,36118.07,74727.711,-4.3884
603005.SH,20260811,32.6,33.39,32.51,32.77,33.02,286236.07,943113.431,-0.7571
603006.SH,20260811,11.3,11.36,11.1,11.25,11.25,17713.0,19892.578,0.0
603007.SH,20260811,4.88,4.94,4.8,4.89,4.92,151236.96,73647.349,-0.6098
603008.SH,20260811,8.01,8.35,7.93,8.2,8.0,76864.0,62612.524,2.5
603009.SH,20260811,39.98,44.0,39.55,44.0,40.0,110688.1,467213.307,10.0
603010.SH,20260811,11.25,11.41,11.17,11.25,11.35,83368.47,94000.455,-0.8811
603011.SH,20260811,23.4,24.89,22.79,24.05,23.95,997928.68,2383300.84,0.4175
603012.SH,20260811,8.27,8.94,7.96,8.94,8.13,589763.66,510155.39,9.9631
603013.SH,20260811,17.09,17.09,16.71,16.77,16.98,28030.25,47091.826,-1.2367
603014.SH,20260811,34.3,34.75,33.39,33.74,33.86,25437.03,86264.75,-0.3544
603015.SH,20260811,10.8,10.93,10.57,10.7,10.88,44501.0,47709.894,-1.6544
603016.SH,20260811,29.25,29.5,28.55,29.22,29.28,19610.25,56924.669,-0.2049
603017.SH,20260811,9.51,9.58,9.38,9.51,9.7,42872.2,40673.05,-1.9588
603018.SH,20260811,5.33,5.34,5.26,5.32,5.35,53554.0,28382.261,-0.5607
603019.SH,20260811,85.76,87.59,84.87,86.35,86.24,317487.46,2744653.752,0.1276
603020.SH,20260811,11.01,11.53,10.48,10.52,11.01,178588.0,194414.326,-4.4505
603021.SH,20260811,6.57,6.57,6.27,6.37,6.57,52567.97,33523.76,-3.0441
603022.SH,20260811,8.68,8.78,8.61,8.69,8.73,25349.0,22053.731,-0.4582
603023.SH,20260811,4.01,4.17,3.95,4.16,3.99,127327.36,52038.291,4.2607
603025.SH,20260811,13.53,13.69,13.41,13.53,13.54,57720.9,78208.847,-0.0739
603026.SH,20260811,66.5,68.26,66.22,67.15,66.91,84938.87,573417.418,0.3587
603027.SH,20260811,7.6,7.64,7.39,7.41,7.6,204963.3,153604.78,-2.5
603028.SH,20260811,6.99,7.04,6.81,6.99,6.96,35719.0,24822.575,0.431
603029.SH,20260811,15.7,16.0,15.54,15.77,15.77,29952.5,47243.441,0.0
603030.SH,20260811,2.08,2.09,2.02,2.07,2.07,263567.98,54214.184,0.0
603031.SH,20260811,40.0,40.95,39.5,40.4,40.35,83211.51,335673.817,0.1239
603032.SH,20260811,19.25,19.82,19.15,19.56,19.39,76500.47,149240.331,0.8767
603033.SH,20260811,7.99,8.03,7.85,7.94,7.99,49926.57,39624.486,-0.6258
603035.SH,20260811,11.14,11.23,11.06,11.16,11.15,34209.0,38093.519,0.0897
603036.SH,20260811,13.23,13.65,12.98,13.41,13.18,64012.0,85424.838,1.7451
603037.SH,20260811,10.5,10.5,10.26,10.42,10.41,23003.16,23857.731,0.0961
603038.SH,20260811,15.06,16.45,14.5,15.82,15.06,216056.59,335468.152,5.0465
603039.SH,20260811,46.0,46.39,42.62,44.73,45.35,400115.48,1786635.982,-1.3671
603040.SH,20260811,55.0,57.0,54.31,56.01,55.93,23252.1,129718.574,0.143
603041.SH,20260811,11.03,11.06,10.83,10.92,11.03,21308.0,23337.613,-0.9973
603042.SH,20260811,13.13,13.36,12.98,13.16,13.17,58402.89,76920.66,-0.0759
603043.SH,20260811,13.91,14.03,13.7,13.87,13.86,36701.12,50926.556,0.0722
603045.SH,20260811,54.5,56.3,54.36,54.59,55.19,61893.0,342247.594,-1.0872
603048.SH,20260811,21.35,21.75,21.09,21.4,21.42,17116.0,36695.469,-0.0934
603049.SH,20260811,49.8,50.04,48.42,48.43,49.67,27607.34,135651.555,-2.4965
603050.SH,20260811,18.38,18.38,17.77,18.06,18.39,37239.86,67173.735,-1.7945
603051.SH,20260811,21.83,21.89,21.4,21.58,21.91,38572.05,83344.612,-1.5062
603052.SH,20260811,53.44,54.22,52.0,53.15,53.68,28944.31,154348.887,-0.9873
603053.SH,20260811,9.38,9.39,8.86,8.9,9.0,82647.0,74185.157,-1.1111
603055.SH,20260811,8.52,8.69,8.4,8.45,8.44,67299.49,57469.489,0.1185
603057.SH,20260811,23.4,23.75,22.75,23.25,23.03,23763.63,55085.79,0.9553
603058.SH,20260811,10.3,10.44,10.14,10.17,10.3,72543.0,74391.713,-1.2621
603059.SH,20260811,25.45,25.77,24.93,25.34,25.44,12754.99,32365.329,-0.3931
603060.SH,20260811,5.57,5.57,5.48,5.51,5.56,50804.81,27998.303,-0.8993
603061.SH,20260811,315.0,336.36,314.0,319.48,319.99,38190.2,1248264.835,-0.1594
603062.SH,20260811,38.54,39.28,38.16,38.88,38.7,3020.0,11716.52,0.4651
603063.SH,20260811,32.1,34.6,31.93,33.67,32.3,368191.76,1232599.5,4.2415
603065.SH,20260811,17.3,17.59,16.37,17.01,17.75,500291.0,844155.306,-4.169
603066.SH,20260811,9.18,9.2,9.05,9.16,9.19,29024.0,26486.409,-0.3264
603067.SH,20260811,34.8,34.88,32.72,34.26,35.32,337034.99,1144894.989,-3.0011
603068.SH,20260811,40.5,41.98,40.2,40.53,40.98,140237.85,573802.95,-1.0981
603069.SH,20260811,13.36,13.46,13.22,13.3,13.42,23154.0,30853.713,-0.8942
603070.SH,20260811,11.83,11.95,11.62,11.66,11.8,21451.0,25155.605,-1.1864
603071.SH,20260811,12.07,12.19,11.96,12.1,12.06,26405.0,31875.025,0.3317
603072.SH,20260811,33.0,33.2,32.4,32.52,33.23,25201.07,82157.357,-2.1366
603073.SH,20260811,16.6,16.74,16.35,16.52,16.75,13944.0,23071.402,-1.3731
603075.SH,20260811,19.4,19.4,19.02,19.2,19.4,15617.99,29940.429,-1.0309
603076.SH,20260811,20.9,21.0,20.53,20.96,20.74,16173.35,33694.755,1.0608
603077.SH,20260811,2.5,2.5,2.41,2.42,2.48,1640007.0,400651.093,-2.4194
603078.SH,20260811,36.0,36.96,35.4,35.68,36.26,256006.3,924677.89,-1.5996
603079.SH,20260811,12.17,12.3,11.98,12.18,12.21,28520.25,34621.995,-0.2457
603080.SH,20260811,19.4,19.4,18.9,18.95,19.16,11495.0,21891.686,-1.096
603081.SH,20260811,9.5,9.65,9.32,9.62,9.5,50157.0,47748.61,1.2632
603082.SH,20260811,39.1,43.0,38.52,41.43,40.03,82879.2,340154.61,3.4974
603083.SH,20260811,147.77,156.21,145.58,152.35,147.92,187782.48,2846526.429,2.9949
603085.SH,20260811,9.99,10.12,9.81,10.04,9.98,52332.0,52251.473,0.6012
603086.SH,20260811,5.69,5.72,5.62,5.64,5.68,58289.0,32961.293,-0.7042
603087.SH,20260811,74.47,74.47,71.66,74.47,67.7,165620.31,1227027.984,10.0
603088.SH,20260811,9.48,9.7,9.39,9.39,9.57,66779.0,63579.531,-1.8809
603089.SH,20260811,9.04,9.04,8.82,8.9,9.01,23284.5,20695.491,-1.2209
603090.SH,20260811,39.8,39.98,39.06,39.4,39.89,19550.08,77192.878,-1.2284
603091.SH,20260811,49.98,49.98,48.41,48.53,49.88,4540.85,22232.925,-2.7065
603092.SH,20260811,50.1,50.17,49.2,49.71,50.41,19101.09,94751.793,-1.3886
603093.SH,20260811,12.5,12.51,12.16,12.18,12.5,106549.8,130847.137,-2.56
603095.SH,20260811,13.22,13.28,12.97,13.14,13.22,23246.98,30526.338,-0.6051
603096.SH,20260811,15.23,15.35,14.94,15.23,15.14,16779.2,25483.256,0.5945
603097.SH,20260811,21.5,21.53,20.71,20.99,21.47,36855.43,77879.444,-2.2357
603098.SH,20260811,10.35,10.35,10.06,10.14,10.27,32130.2,32655.613,-1.2658
603099.SH,20260811,40.0,41.36,39.84,40.66,40.2,79997.67,325205.056,1.1443
603100.SH,20260811,18.38,18.42,18.21,18.25,18.38,30789.6,56282.004,-0.7073
603101.SH,20260811,7.48,7.48,7.34,7.38,7.46,59913.7,44272.913,-1.0724
603102.SH,20260811,37.5,41.47,37.08,38.23,39.75,53821.7,210503.017,-3.8239
603103.SH,20260811,15.49,16.07,15.38,15.72,15.49,115833.18,181877.91,1.4848
603105.SH,20260811,7.28,7.32,7.17,7.27,7.32,54093.0,39223.333,-0.6831
603106.SH,20260811,8.75,9.34,8.4,9.34,8.49,599328.09,536713.838,10.0118
603107.SH,20260811,12.15,12.17,12.03,12.08,12.15,21578.49,26067.789,-0.5761
603108.SH,20260811,10.92,10.98,10.62,10.68,11.06,314095.56,338171.252,-3.4358
603109.SH,20260811,17.3,17.63,17.21,17.52,17.37,19472.59,33993.643,0.8636
603110.SH,20260811,26.49,26.8,25.78,26.04,26.5,116262.52,306567.762,-1.7358
603111.SH,20260811,5.85,5.88,5.77,5.79,5.87,50564.12,29443.801,-1.3629
603112.SH,20260811,15.55,15.67,15.29,15.45,15.6,34349.03,53145.38,-0.9615
603113.SH,20260811,4.64,4.65,4.56,4.59,4.61,66824.0,30717.707,-0.4338
603115.SH,20260811,76.01,79.8,74.99,75.11,78.2,81335.0,622288.142,-3.9514
603116.SH,20260811,6.01,6.2,5.97,6.16,6.05,68870.7,42034.045,1.8182
603117.SH,20260811,3.75,3.81,3.7,3.78,3.75,82008.4,30850.923,0.8
603118.SH,20260811,14.59,14.93,14.32,14.69,14.68,671294.82,983973.17,0.0681
603119.SH,20260811,54.26,57.2,52.86,56.46,53.8,204489.12,1133887.603,4.9442
603120.SH,20260811,47.79,48.07,47.04,47.41,48.06,14802.65,70552.949,-1.3525
603121.SH,20260811,12.45,12.48,11.99,12.36,12.24,53506.69,65461.145,0.9804
603122.SH,20260811,12.17,13.04,12.17,12.33,12.62,491490.0,612765.111,-2.2979
603123.SH,20260811,9.78,10.05,9.67,9.67,9.86,392537.99,384733.796,-1.927
603124.SH,20260811,138.2,140.77,134.7,136.58,141.11,52845.61,726054.576,-3.2103
603125.SH,20260811,23.45,23.78,23.14,23.45,23.56,33676.3,79035.632,-0.4669
603126.SH,20260811,6.07,6.11,6.0,6.04,6.1,46766.29,28276.899,-0.9836
603127.SH,20260811,52.47,53.47,50.92,51.2,52.8,641769.82,3332893.168,-3.0303
603128.SH,20260811,5.32,5.34,5.28,5.31,5.32,61264.6,32524.938,-0.188
603129.SH,20260811,301.77,308.96,296.13,297.82,303.27,10437.33,314574.233,-1.7971
603130.SH,20260811,44.33,44.78,42.8,44.11,44.33,29958.0,131159.322,-0.4963
603131.SH,20260811,15.45,15.78,15.3,15.6,15.99,65413.0,101911.593,-2.439
603132.SH,20260811,18.62,19.82,18.62,19.0,18.8,126176.88,242854.776,1.0638
603135.SH,20260811,9.56,9.65,9.38,9.54,9.59,50251.2,47788.401,-0.5214
603136.SH,20260811,9.09,9.16,8.98,9.09,9.13,29911.0,27144.597,-0.4381
603137.SH,20260811,27.25,30.34,26.84,30.34,27.58,340997.14,985331.302,10.0073
603138.SH,20260811,13.51,13.53,13.05,13.35,13.43,53677.52,71275.556,-0.5957
603139.SH,20260811,35.51,35.75,34.86,35.31,35.62,13503.99,47749.039,-0.8703
603150.SH,20260811,52.66,53.93,51.93,52.97,53.02,15311.0,81095.184,-0.0943
603151.SH,20260811,14.4,14.78,14.0,14.49,14.12,137537.0,197217.74,2.6204
603153.SH,20260811,13.45,13.49,13.25,13.28,13.43,13751.0,18314.21,-1.1169
603155.SH,20260811,14.08,14.12,13.77,13.87,14.1,89068.55,124171.792,-1.6312
603156.SH,20260811,50.0,52.31,49.5,49.83,50.88,160857.6,813662.523,-2.0637
603158.SH,20260811,10.57,10.7,9.97,9.99,11.08,504802.44,513080.834,-9.8375
603159.SH,20260811,21.08,21.5,20.47,20.47,21.04,38187.0,79447.114,-2.7091
603160.SH,20260811,51.88,52.95,51.69,52.11,52.1,42807.68,223954.148,0.0192
603161.SH,20260811,15.84,16.31,15.47,15.83,15.49,140535.94,223825.159,2.195
603162.SH,20260811,12.8,12.9,11.84,11.89,12.68,645672.35,787393.374,-6.2303
603163.SH,20260811,82.0,84.56,81.69,83.98,83.06,25322.0,211752.869,1.1076
603165.SH,20260811,14.1,14.1,13.88,14.0,14.05,30906.39,43122.566,-0.3559
603166.SH,20260811,11.37,12.17,11.17,11.82,11.38,185167.79,218076.562,3.8664
603167.SH,20260811,8.77,8.77,8.69,8.69,8.76,28065.5,24464.801,-0.7991
603168.SH,20260811,5.59,5.66,5.52,5.56,5.59,67100.0,37450.938,-0.5367
603169.SH,20260811,6.94,6.94,6.76,6.84,6.91,94956.8,64918.578,-1.013
603170.SH,20260811,13.33,13.7,13.2,13.25,13.34,24631.5,33080.617,-0.6747
603171.SH,20260811,48.37,48.99,46.95,47.2,47.96,89015.99,424590.601,-1.5847
603172.SH,20260811,17.5,17.84,17.19,17.6,17.53,18450.0,32339.375,0.3993
603173.SH,20260811,32.09,32.12,31.68,31.7,32.1,5602.0,17866.665,-1.2461
603175.SH,20260811,84.43,91.59,84.37,89.55,85.72,44741.18,393258.296,4.468
603176.SH,20260811,4.74,4.77,4.66,4.73,4.71,31260.0,14764.881,0.4246
603177.SH,20260811,9.25,9.45,9.16,9.34,9.35,24197.5,22583.926,-0.107
603178.SH,20260811,17.35,18.1,16.96,17.82,17.29,191893.81,335223.675,3.0654
603179.SH,20260811,37.97,41.66,37.3,41.66,37.87,304677.0,1222329.341,10.0079
603180.SH,20260811,15.11,15.32,14.88,15.15,15.11,11753.0,17772.632,0.2647
603181.SH,20260811,13.52,13.52,13.1,13.11,13.52,55533.28,73680.404,-3.0325
603182.SH,20260811,12.83,12.9,12.69,12.77,12.83,15931.25,20375.636,-0.4677
603183.SH,20260811,4.64,4.68,4.55,4.62,4.68,227522.26,104933.736,-1.2821
603185.SH,20260811,16.9,17.43,16.71,17.25,16.9,139737.94,239781.634,2.071
603186.SH,20260811,147.9,153.0,143.26,148.0,152.0,206336.33,3061993.474,-2.6316
603187.SH,20260811,12.71,12.84,12.54,12.59,12.77,53677.57,67989.636,-1.4096
603188.SH,20260811,4.76,4.88,4.76,4.88,4.44,220505.0,107272.534,9.9099
603189.SH,20260811,9.36,9.55,9.24,9.49,9.39,26295.0,24739.322,1.065
603190.SH,20260811,16.98,17.04,16.71,16.88,17.04,14558.5,24589.185,-0.939
603191.SH,20260811,14.24,14.27,13.89,14.0,14.3,54755.0,76816.678,-2.0979
603192.SH,20260811,22.24,22.24,21.42,21.6,22.06,19809.0,42936.973,-2.0852
603193.SH,20260811,21.17,21.95,20.9,21.64,21.12,43176.01,92777.984,2.4621
603194.SH,20260811,34.42,34.5,34.02,34.09,34.42,9947.99,33964.115,-0.9587
603195.SH,20260811,41.05,41.37,40.71,40.9,41.05,27707.46,113896.481,-0.3654
603196.SH,20260811,21.59,21.98,21.04,21.16,21.6,34775.84,74703.256,-2.037
603197.SH,20260811,30.34,30.78,30.2,30.5,30.53,19096.0,58254.609,-0.0983
603198.SH,20260811,39.06,41.35,39.01,40.25,40.18,106581.98,430224.934,0.1742
603199.SH,20260811,33.08,33.22,32.79,32.94,33.19,12935.78,42686.897,-0.7532
603200.SH,20260811,38.37,38.51,37.82,37.91,38.42,35048.79,133696.209,-1.3274
603201.SH,20260811,16.4,17.15,15.91,16.82,16.73,99767.48,166101.246,0.538
603202.SH,20260811,53.81,53.95,53.3,53.6,53.84,6602.94,35407.931,-0.4458
603203.SH,20260811,43.5,44.76,42.95,43.47,43.8,78082.55,342254.591,-0.7534
603205.SH,20260811,21.88,22.23,21.66,21.98,21.88,10008.1,21965.953,0.457
603206.SH,20260811,14.6,14.69,14.33,14.69,14.59,57426.83,83575.465,0.6854
603207.SH,20260811,23.5,23.8,23.34,23.44,23.66,13021.0,30631.981,-0.9298
603208.SH,20260811,11.3,11.5,11.12,11.25,11.27,24383.43,27493.546,-0.1775
603209.SH,20260811,13.89,13.99,13.7,13.7,13.93,25162.8,34736.575,-1.6511
603210.SH,20260811,13.86,13.86,13.68,13.75,13.88,24071.72,33079.715,-0.9366
603211.SH,20260811,26.37,27.37,26.01,26.86,26.69,62737.65,167268.874,0.6369
603212.SH,20260811,11.42,11.95,11.41,11.76,11.54,134492.14,158001.331,1.9064
603213.SH,20260811,13.86,13.88,13.73,13.77,13.86,13844.0,19088.796,-0.6494
603214.SH,20260811,13.85,13.96,13.65,13.76,13.86,17264.0,23805.569,-0.7215
603215.SH,20260811,14.87,15.08,14.74,14.92,14.86,13484.0,20129.265,0.4038
603216.SH,20260811,21.36,21.36,20.7,20.8,21.36,37473.7,78494.15,-2.6217
603217.SH,20260811,24.96,25.25,24.2,24.97,24.96,25656.81,63718.225,0.0401
603218.SH,20260811,10.08,10.09,9.99,10.01,10.08,54099.0,54232.431,-0.6944
603219.SH,20260811,14.23,14.74,14.16,14.49,14.36,28592.76,41427.844,0.9053
603220.SH,20260811,19.59,19.63,18.71,19.05,19.23,221853.22,423757.981,-0.936
603222.SH,20260811,8.71,9.06,8.7,8.86,8.83,314008.35,279882.654,0.3398
603223.SH,20260811,10.72,10.84,10.57,10.78,10.8,93756.39,100267.3,-0.1852
603225.SH,20260811,19.9,20.13,19.09,19.11,19.93,150742.78,294439.56,-4.1144
603226.SH,20260811,49.28,50.37,48.21,49.3,49.75,22576.5,111190.819,-0.9045
603227.SH,20260811,7.81,7.82,7.7,7.72,7.85,60424.0,46807.624,-1.6561
603228.SH,20260811,92.01,93.0,87.55,89.28,96.0,677036.99,6084816.418,-7.0
603229.SH,20260811,8.09,8.33,8.07,8.17,8.17,82624.17,67994.655,0.0
603230.SH,20260811,9.22,9.22,9.09,9.14,9.2,13671.0,12515.706,-0.6522
603231.SH,20260811,15.56,15.66,15.46,15.65,15.66,11186.0,17408.482,-0.0639
603232.SH,20260811,15.86,16.88,15.72,16.36,15.8,177367.92,289559.756,3.5443
603233.SH,20260811,18.24,19.99,18.11,18.86,18.23,197933.47,380227.91,3.4558
603235.SH,20260811,24.73,24.75,23.77,23.84,24.68,14686.03,35379.345,-3.4036
603236.SH,20260811,50.0,53.26,49.52,52.2,50.16,168236.61,879442.036,4.067
603237.SH,20260811,14.61,14.65,14.45,14.54,14.61,6265.12,9105.462,-0.4791
603238.SH,20260811,12.36,12.46,12.2,12.36,12.34,24176.4,29841.687,0.1621
603239.SH,20260811,14.92,14.92,14.45,14.7,14.8,37311.0,54630.213,-0.6757
603248.SH,20260811,19.26,19.26,18.91,19.1,19.26,20746.04,39621.971,-0.8307
603255.SH,20260811,27.88,28.11,27.34,27.86,28.04,10460.0,28894.025,-0.6419
603256.SH,20260811,151.01,158.97,149.03,152.82,157.54,213864.06,3295910.744,-2.9961
603257.SH,20260811,67.28,67.76,65.0,65.0,67.12,8883.78,59022.38,-3.1585
603258.SH,20260811,13.48,13.63,13.23,13.38,13.41,29266.0,39252.217,-0.2237
603259.SH,20260811,160.41,165.8,157.77,160.21,161.34,920758.05,14939163.904,-0.7004
603260.SH,20260811,35.54,35.85,35.22,35.53,35.53,76166.69,271072.021,0.0
603261.SH,20260811,48.51,49.17,47.11,48.93,49.25,11944.0,57796.451,-0.6497
603262.SH,20260811,19.62,19.62,19.03,19.18,19.64,39995.11,76866.385,-2.3422
603266.SH,20260811,15.99,16.1,15.77,15.97,16.07,14974.0,23858.77,-0.6223
603267.SH,20260811,51.3,54.31,51.25,52.83,51.92,146292.33,777755.385,1.7527
603268.SH,20260811,180.0,180.4,172.46,173.25,183.26,82385.52,1450727.802,-5.4622
603269.SH,20260811,15.66,16.25,14.95,15.96,15.53,455319.82,713971.113,2.7688
603270.SH,20260811,27.39,28.28,26.7,27.85,27.34,38395.0,106391.568,1.8654
603271.SH,20260811,44.6,44.7,43.07,43.19,44.62,24060.0,105252.705,-3.2048
603272.SH,20260811,15.95,16.1,15.22,16.03,15.81,33172.0,51796.803,1.3915
603273.SH,20260811,14.3,14.52,14.13,14.46,14.36,21547.81,30972.241,0.6964
603275.SH,20260811,36.48,37.13,36.08,36.82,36.58,7809.0,28645.822,0.6561
603276.SH,20260811,15.53,15.88,15.41,15.49,15.58,27114.4,42376.977,-0.5777
603277.SH,20260811,10.68,10.73,10.36,10.58,10.69,31139.39,32816.188,-1.029
603278.SH,20260811,9.58,9.8,9.4,9.69,9.66,188766.5,182075.913,0.3106
603279.SH,20260811,12.9,12.9,12.65,12.68,12.89,51626.25,65858.276,-1.6292
603280.SH,20260811,25.95,26.28,25.54,26.04,26.07,10863.39,28175.874,-0.1151
603281.SH,20260811,21.21,21.45,20.96,21.26,21.48,26518.35,56238.645,-1.0242
603282.SH,20260811,15.08,15.08,14.76,14.94,15.03,12086.0,18046.394,-0.5988
603283.SH,20260811,44.1,44.98,43.3,43.86,44.43,148273.97,654689.59,-1.2829
603284.SH,20260811,40.35,44.44,40.18,44.44,40.4,47436.26,204675.005,10.0
603285.SH,20260811,33.75,34.66,33.35,33.38,34.28,34439.41,116014.801,-2.6254
603286.SH,20260811,42.33,43.67,41.33,43.17,42.36,41523.0,178109.381,1.9122
603288.SH,20260811,36.77,36.92,36.13,36.17,36.78,167361.97,610351.752,-1.6585
603289.SH,20260811,8.45,8.59,8.3,8.49,8.46,34645.0,29295.414,0.3546
603290.SH,20260811,86.5,89.18,86.39,87.13,87.43,53527.35,469819.528,-0.3431
603291.SH,20260811,9.34,9.52,9.21,9.25,9.39,53305.12,49898.474,-1.4909
603293.SH,20260811,37.18,37.49,36.66,37.22,37.34,11391.0,42281.822,-0.3214
603296.SH,20260811,80.28,83.16,79.9,80.03,80.81,244291.05,1995951.435,-0.9652
603297.SH,20260811,103.0,103.69,101.18,101.69,103.22,13842.9,141605.885,-1.4823
603298.SH,20260811,26.62,27.25,26.29,26.41,26.88,62184.16,165549.867,-1.7485
603299.SH,20260811,9.19,9.19,8.88,8.93,9.16,96537.99,87151.845,-2.5109
603300.SH,20260811,5.0,5.13,4.95,5.03,5.01,368788.94,185877.245,0.3992
603301.SH,20260811,84.08,84.5,82.01,82.15,84.42,16587.65,137312.149,-2.6889
603303.SH,20260811,22.0,23.15,21.81,22.96,22.18,37390.44,84777.724,3.5167
603305.SH,20260811,11.9,12.03,11.78,11.92,11.9,144049.48,171676.579,0.1681
603306.SH,20260811,74.0,76.0,70.5,70.8,78.0,218126.61,1579372.244,-9.2308
603307.SH,20260811,25.06,25.22,24.51,25.1,25.06,5042.05,12538.78,0.1596
603308.SH,20260811,47.39,48.15,47.0,47.64,48.38,102083.11,485911.421,-1.5296
603309.SH,20260811,11.76,11.95,11.7,11.75,11.82,55080.62,65208.409,-0.5922
603310.SH,20260811,14.98,14.98,14.75,14.78,14.92,14048.0,20811.085,-0.9383
603311.SH,20260811,29.78,29.91,28.55,28.64,29.99,50950.0,148387.275,-4.5015
603312.SH,20260811,32.53,32.53,31.97,32.3,32.53,5734.0,18486.037,-0.707
603313.SH,20260811,6.2,6.47,6.16,6.33,6.27,196179.0,124231.308,0.9569
603315.SH,20260811,11.88,11.95,11.65,11.81,11.99,57754.8,68150.845,-1.5013
603316.SH,20260811,14.36,14.44,14.03,14.25,14.36,81299.6,116038.581,-0.766
603317.SH,20260811,14.6,14.88,14.51,14.51,14.64,110222.84,161745.303,-0.888
603318.SH,20260811,9.33,9.33,9.08,9.13,9.23,316942.19,291334.941,-1.0834
603319.SH,20260811,27.28,27.96,26.91,27.68,27.32,148364.46,407346.773,1.3177
603320.SH,20260811,16.74,16.92,16.42,16.77,16.74,14873.0,24800.067,0.1792
603321.SH,20260811,6.3,6.32,6.2,6.25,6.31,30877.0,19332.841,-0.9509
603322.SH,20260811,26.98,27.19,26.38,26.75,26.95,29722.0,79777.927,-0.7421
603323.SH,20260811,4.23,4.24,4.17,4.18,4.22,265558.43,111397.67,-0.9479
603324.SH,20260811,27.79,28.58,26.93,27.87,27.8,44413.5,122935.27,0.2518
603325.SH,20260811,55.02,55.33,54.24,54.3,55.26,3178.8,17382.499,-1.7372
603326.SH,20260811,6.78,6.85,6.69,6.79,6.78,32970.0,22349.292,0.1475
603327.SH,20260811,9.08,9.39,9.05,9.33,9.13,371430.62,343343.199,2.1906
603328.SH,20260811,11.0,11.64,11.0,11.04,11.42,540791.83,606676.643,-3.3275
603329.SH,20260811,10.24,10.35,10.16,10.22,10.3,22839.5,23391.771,-0.7767
603330.SH,20260811,7.95,8.13,7.85,8.03,7.95,160126.49,127933.105,1.0063
603331.SH,20260811,13.13,13.62,12.91,13.41,13.25,90315.0,120213.428,1.2075
603332.SH,20260811,11.27,11.38,11.21,11.26,11.37,23786.6,26839.423,-0.9675
603333.SH,20260811,9.18,9.55,8.87,9.45,9.24,334079.0,310167.138,2.2727
603334.SH,20260811,33.49,33.86,32.7,33.55,33.45,14912.18,49658.63,0.299
603335.SH,20260811,6.87,6.93,6.71,6.73,6.9,136426.95,92313.836,-2.4638
603336.SH,20260811,9.96,10.15,9.84,9.99,10.1,134232.32,134373.319,-1.0891
603337.SH,20260811,43.88,45.08,43.61,44.22,44.29,53856.3,239045.527,-0.158
603338.SH,20260811,57.65,58.38,55.55,55.67,57.37,53101.62,300489.445,-2.9632
603339.SH,20260811,13.93,14.06,13.58,13.83,14.01,108189.89,149812.491,-1.2848
603341.SH,20260811,38.93,39.95,37.85,39.94,39.22,187614.0,733023.145,1.8358
603344.SH,20260811,22.64,23.0,22.25,22.41,22.74,23645.65,53151.486,-1.4512
603345.SH,20260811,85.88,87.14,84.72,84.82,85.89,47809.56,410644.915,-1.2458
603348.SH,20260811,14.59,14.6,14.33,14.49,14.53,21211.78,30641.6,-0.2753
603350.SH,20260811,28.25,29.38,28.11,28.8,28.26,11893.83,34273.479,1.9108
603351.SH,20260811,26.3,27.17,26.03,26.65,26.5,27907.0,74947.006,0.566
603352.SH,20260811,27.68,29.79,27.25,28.43,27.83,41957.39,119124.816,2.1559
603353.SH,20260811,30.8,30.98,29.18,29.96,29.93,31496.5,93860.33,0.1002
603355.SH,20260811,28.01,28.43,26.72,27.08,28.02,33383.71,91046.007,-3.3547
603356.SH,20260811,16.0,16.88,15.9,16.54,16.03,32012.0,52938.138,3.1815
603357.SH,20260811,6.07,6.09,6.0,6.04,6.09,25359.14,15322.117,-0.821
603358.SH,20260811,40.59,40.99,39.6,40.03,41.02,84661.97,338917.31,-2.4135
603359.SH,20260811,2.3,2.34,2.26,2.32,2.31,89997.4,20705.458,0.4329
603360.SH,20260811,13.93,13.96,13.67,13.76,13.93,59856.16,82491.987,-1.2204
603363.SH,20260811,2.94,2.95,2.89,2.91,2.95,320378.22,93280.679,-1.3559
603365.SH,20260811,18.08,18.11,17.75,17.85,18.03,10354.0,18523.094,-0.9983
603366.SH,20260811,6.94,6.96,6.85,6.9,6.94,63353.0,43743.74,-0.5764
603367.SH,20260811,14.79,15.03,14.61,14.63,14.9,140232.0,207423.259,-1.8121
603368.SH,20260811,15.83,16.09,15.76,15.92,15.82,60897.43,97239.355,0.6321
603369.SH,20260811,28.33,28.8,27.93,27.93,28.39,133598.2,378037.802,-1.6203
603370.SH,20260811,34.43,34.93,34.23,34.68,34.58,4725.68,16348.171,0.2892
603373.SH,20260811,40.03,40.97,39.19,40.9,39.77,22902.84,92066.9,2.8413
603375.SH,20260811,37.3,37.73,36.68,37.11,37.39,13964.0,51999.551,-0.7489
603376.SH,20260811,26.26,26.32,25.91,26.11,26.26,11800.35,30761.795,-0.5712
603377.SH,20260811,3.05,3.14,3.0,3.06,3.08,39674.0,12104.2,-0.6494
603378.SH,20260811,5.45,5.6,5.35,5.44,5.55,48756.06,26384.693,-1.982
603379.SH,20260811,67.06,67.74,65.5,65.58,67.72,71897.9,478956.936,-3.1601
603380.SH,20260811,32.7,33.64,32.5,33.08,33.06,19349.0,64105.403,0.0605
603381.SH,20260811,15.31,15.31,14.93,15.11,15.28,32259.0,48715.945,-1.1126
603382.SH,20260811,19.9,19.94,19.25,19.25,20.0,73824.04,143509.08,-3.75
603383.SH,20260811,30.08,30.1,29.64,29.76,30.07,28584.08,85298.484,-1.0309
603385.SH,20260811,5.42,5.46,5.32,5.39,5.42,31572.6,17009.308,-0.5535
603386.SH,20260811,13.08,13.36,12.98,13.18,13.18,53246.2,70257.007,0.0
603387.SH,20260811,9.28,9.41,9.18,9.2,9.32,109224.17,101564.85,-1.2876
603389.SH,20260811,44.3,49.0,43.81,45.8,44.71,35455.8,163632.849,2.4379
603390.SH,20260811,10.11,10.18,10.02,10.13,10.18,44097.0,44564.212,-0.4912
603391.SH,20260811,61.68,66.32,61.6,64.4,62.6,28752.69,185771.235,2.8754
603392.SH,20260811,30.22,31.3,30.13,30.71,30.46,63511.19,195671.938,0.8207
603393.SH,20260811,26.87,26.94,25.95,26.06,26.47,128636.67,338309.676,-1.5489
603395.SH,20260811,22.63,22.63,22.28,22.35,22.61,25578.84,57263.642,-1.1499
603396.SH,20260811,24.98,25.28,24.37,25.04,24.97,28050.07,69694.884,0.2803
603398.SH,20260811,10.33,10.48,10.11,10.22,10.33,48410.64,49759.252,-1.0649
603399.SH,20260811,16.0,16.59,15.7,15.72,16.52,835146.82,1336398.699,-4.8426
603400.SH,20260811,45.6,47.57,45.11,47.35,44.97,77114.0,357315.633,5.2924
603402.SH,20260811,67.9,68.37,66.7,67.22,67.88,13923.3,93730.898,-0.9723
603406.SH,20260811,27.5,27.5,26.77,27.05,27.31,24521.81,66361.826,-0.952
603407.SH,20260811,64.99,71.25,64.52,64.67,66.33,120817.7,810659.041,-2.5026
603408.SH,20260811,10.54,10.55,10.38,10.41,10.57,16023.0,16725.379,-1.5137
603409.SH,20260811,17.94,18.34,17.8,18.13,17.95,25361.27,45788.89,1.0028
603416.SH,20260811,50.3,50.73,49.39,49.79,50.4,27339.44,136921.615,-1.2103
603418.SH,20260811,43.88,44.24,43.5,44.24,43.88,8739.11,38399.187,0.8204
603421.SH,20260811,5.96,6.05,5.88,5.99,6.0,165582.9,99079.212,-0.1667
603429.SH,20260811,7.49,7.64,7.38,7.53,7.5,14182.0,10661.051,0.4
603435.SH,20260811,54.0,55.2,53.56,54.23,54.54,32802.3,178251.527,-0.5684
603439.SH,20260811,11.68,12.89,11.3,12.65,11.72,262103.0,324180.514,7.9352
603444.SH,20260811,394.36,399.98,385.75,386.25,394.8,21440.12,841075.333,-2.1657
603456.SH,20260811,16.32,17.25,16.32,16.8,16.51,531609.4,896413.912,1.7565
603458.SH,20260811,9.46,10.02,9.4,9.77,9.45,147017.48,144034.506,3.3862
603459.SH,20260811,101.64,104.06,99.14,99.31,102.66,140112.89,1415613.818,-3.2632
603466.SH,20260811,11.29,11.37,11.09,11.34,11.28,423924.37,478640.638,0.5319
603468.SH,20260811,28.65,28.75,28.0,28.09,29.1,119278.84,336590.003,-3.4708
603477.SH,20260811,15.35,15.55,15.24,15.27,15.47,136180.76,209490.165,-1.2928
603486.SH,20260811,58.68,59.89,58.33,59.3,58.97,54572.96,323796.358,0.5596
603488.SH,20260811,8.56,9.38,8.32,9.38,8.53,126049.8,113766.761,9.9648
603489.SH,20260811,27.41,28.0,27.0,27.64,27.26,25452.8,70069.848,1.394
603496.SH,20260811,25.36,25.56,24.85,25.15,25.48,102270.54,257702.966,-1.2951
603499.SH,20260811,12.86,12.89,12.54,12.58,12.84,30098.26,38202.297,-2.0249
603500.SH,20260811,9.68,9.83,9.6,9.79,9.69,55406.0,53932.183,1.032
603501.SH,20260811,89.0,94.89,88.68,93.26,89.14,410879.94,3803650.781,4.6219
603505.SH,20260811,16.73,16.79,16.57,16.61,16.84,121173.22,202007.254,-1.3658
603506.SH,20260811,10.93,10.97,10.36,10.59,10.97,62569.0,66068.28,-3.464
603507.SH,20260811,24.26,24.32,23.6,23.78,24.44,68935.04,164443.086,-2.7005
603508.SH,20260811,22.11,22.28,21.9,22.06,22.1,57354.4,126769.861,-0.181
603511.SH,20260811,12.36,12.55,12.31,12.44,12.44,13885.0,17239.072,0.0
603515.SH,20260811,17.04,17.3,16.96,17.17,17.03,13410.5,23017.357,0.8221
603516.SH,20260811,98.62,101.68,97.58,99.52,99.07,41596.14,414481.119,0.4542
603517.SH,20260811,11.31,11.32,11.14,11.15,11.31,26692.0,29983.836,-1.4147
603518.SH,20260811,8.21,8.22,8.05,8.09,8.19,47164.4,38285.271,-1.221
603519.SH,20260811,16.09,16.49,15.68,15.71,16.32,128478.0,206338.885,-3.7377
603520.SH,20260811,9.01,9.13,8.98,9.0,9.08,69742.12,63147.044,-0.8811
603527.SH,20260811,10.37,10.37,10.04,10.06,10.41,81109.0,82232.535,-3.3622
603528.SH,20260811,6.4,6.4,6.24,6.33,6.38,59542.49,37639.8,-0.7837
603529.SH,20260811,21.32,21.75,21.17,21.21,21.27,68246.86,146300.424,-0.2821
603530.SH,20260811,45.4,48.5,44.7,47.38,45.39,70674.01,332073.542,4.3842
603533.SH,20260811,23.0,23.05,22.4,22.5,22.82,149989.08,339330.339,-1.4023
603535.SH,20260811,6.45,6.51,6.38,6.47,6.47,24850.63,16043.141,0.0
603536.SH,20260811,9.43,9.72,9.33,9.55,9.48,62396.0,59672.946,0.7384
603538.SH,20260811,28.6,31.42,28.58,30.3,29.2,875257.31,2648016.927,3.7671
603551.SH,20260811,9.58,9.58,9.43,9.53,9.55,14931.96,14184.776,-0.2094
603556.SH,20260811,25.08,25.67,24.9,25.24,25.61,115158.82,290494.333,-1.4447
603557.SH,20260811,3.85,3.9,3.76,3.9,3.85,46290.0,17750.185,1.2987
603558.SH,20260811,12.88,12.98,12.76,12.78,12.88,25867.0,33238.429,-0.7764
603559.SH,20260811,9.02,9.08,8.87,8.93,9.11,82398.0,73549.229,-1.9759
603565.SH,20260811,10.4,10.62,10.39,10.39,10.4,123415.5,129682.451,-0.0962
603566.SH,20260811,10.56,10.56,10.32,10.37,10.56,41572.25,43273.764,-1.7992
603567.SH,20260811,6.91,7.08,6.81,6.92,7.06,826701.14,572664.142,-1.983
603568.SH,20260811,15.76,15.86,15.56,15.63,15.75,59000.37,92499.724,-0.7619
603569.SH,20260811,5.93,5.97,5.87,5.91,5.94,26683.4,15790.338,-0.5051
603577.SH,20260811,10.34,10.65,10.3,10.36,10.45,85472.9,89258.398,-0.8612
603578.SH,20260811,12.03,12.61,11.83,12.39,12.09,40300.0,49617.363,2.4814
603579.SH,20260811,18.4,18.58,18.1,18.46,18.4,19491.38,35755.631,0.3261
603580.SH,20260811,58.03,62.99,55.61,56.88,59.21,166889.39,996762.108,-3.9351
603583.SH,20260811,25.64,25.65,25.05,25.28,25.64,47023.05,119254.171,-1.4041
603585.SH,20260811,10.33,10.33,10.14,10.14,10.34,34789.6,35497.89,-1.9342
603586.SH,20260811,13.68,13.76,13.46,13.57,13.65,13024.5,17691.861,-0.5861
603587.SH,20260811,11.79,11.96,11.73,11.73,11.79,21031.4,24890.804,-0.5089
603588.SH,20260811,14.51,14.88,14.01,14.01,14.69,628669.81,900806.476,-4.629
603589.SH,20260811,20.4,20.75,20.12,20.18,20.5,66119.16,134160.068,-1.561
603590.SH,20260811,32.66,33.93,32.66,33.05,32.88,40247.03,134112.856,0.517
603595.SH,20260811,26.63,27.79,26.2,27.21,27.0,25010.0,67823.765,0.7778
603596.SH,20260811,26.87,27.4,26.7,27.04,26.87,117811.01,319485.026,0.6327
603598.SH,20260811,18.25,18.56,17.81,17.95,18.14,118686.02,214619.85,-1.0474
603599.SH,20260811,10.5,10.51,10.21,10.23,10.52,143076.73,147535.232,-2.7567
603600.SH,20260811,9.72,9.76,9.53,9.59,9.72,42757.0,41128.316,-1.3374
603601.SH,20260811,9.56,9.83,9.51,9.69,9.94,778641.03,754666.397,-2.5151
603602.SH,20260811,11.12,11.42,11.09,11.32,11.29,36621.0,41310.72,0.2657
603605.SH,20260811,59.1,60.96,58.52,58.89,59.03,63502.96,379299.403,-0.2372
603606.SH,20260811,38.6,39.19,38.48,38.83,38.57,159796.05,620022.798,0.6741
603607.SH,20260811,21.88,22.37,21.55,22.23,21.95,28726.0,63367.213,1.2756
603608.SH,20260811,18.85,19.77,18.57,19.61,19.0,156486.0,302689.273,3.2105
603609.SH,20260811,6.4,6.45,6.28,6.31,6.46,34488.0,21943.85,-2.322
603610.SH,20260811,15.58,15.81,15.28,15.56,15.41,70455.02,109624.479,0.9734
603611.SH,20260811,17.28,17.35,17.07,17.18,17.32,16709.0,28732.578,-0.8083
603612.SH,20260811,17.25,17.34,16.93,16.96,17.32,83013.13,142043.543,-2.0785
603613.SH,20260811,19.6,19.63,19.18,19.19,19.62,68515.33,132213.04,-2.1916
603615.SH,20260811,16.4,16.55,16.02,16.31,16.34,21169.0,34505.786,-0.1836
603616.SH,20260811,5.41,5.49,5.35,5.44,5.53,123826.0,67219.732,-1.6275
603617.SH,20260811,7.18,7.25,7.07,7.11,7.21,98616.0,70333.916,-1.387
603618.SH,20260811,26.75,27.8,26.22,27.1,27.02,656264.34,1774159.072,0.2961
603619.SH,20260811,23.68,24.0,23.0,23.34,22.98,559243.2,1305650.446,1.5666
603626.SH,20260811,15.76,16.94,15.43,16.56,15.77,530150.62,858889.928,5.0095
603628.SH,20260811,9.68,9.72,9.55,9.63,9.68,27396.0,26402.813,-0.5165
603629.SH,20260811,125.81,126.16,117.98,118.22,125.81,409888.51,4966221.604,-6.0329
603630.SH,20260811,15.09,15.58,15.04,15.35,15.23,80770.2,123831.236,0.7879
603633.SH,20260811,6.37,6.47,6.27,6.38,6.37,65980.0,42068.53,0.157
603636.SH,20260811,7.39,7.47,7.14,7.37,7.57,254898.5,186676.061,-2.642
603637.SH,20260811,13.69,13.7,12.91,13.42,13.69,74094.5,98400.076,-1.9722
603638.SH,20260811,20.23,20.45,20.12,20.16,20.39,83749.19,169540.792,-1.128
603639.SH,20260811,10.75,10.8,10.58,10.62,10.74,20944.12,22308.077,-1.1173
603648.SH,20260811,9.49,9.49,9.34,9.39,9.48,15967.6,14999.885,-0.9494
603650.SH,20260811,64.79,66.38,64.3,64.68,65.58,170007.09,1110379.522,-1.3724
603655.SH,20260811,30.7,33.79,29.7,33.79,30.72,55728.0,177465.963,9.9935
603656.SH,20260811,17.9,17.9,17.48,17.69,17.8,11919.99,21012.408,-0.618
603657.SH,20260811,27.0,28.55,26.0,27.8,27.25,42992.0,117830.289,2.0183
603658.SH,20260811,32.7,33.29,32.6,32.62,32.85,25232.1,83143.479,-0.7002
603659.SH,20260811,24.39,24.75,24.1,24.21,24.48,230367.03,562290.746,-1.1029
603660.SH,20260811,12.27,12.43,11.9,12.1,12.25,264986.92,322647.419,-1.2245
603661.SH,20260811,32.0,32.15,31.53,31.83,32.15,14294.0,45628.593,-0.9953
603662.SH,20260811,52.92,54.44,52.3,53.8,53.08,66475.97,356200.416,1.3564
603663.SH,20260811,40.05,41.8,39.68,40.45,40.69,223892.24,910246.643,-0.5898
603665.SH,20260811,22.79,23.12,22.28,22.43,22.93,16567.0,37311.749,-2.1805
603666.SH,20260811,26.0,26.06,25.43,25.79,26.07,31400.0,80775.518,-1.074
603667.SH,20260811,54.02,57.38,53.3,56.62,54.31,278516.75,1559815.679,4.2534
603668.SH,20260811,10.81,10.89,10.5,10.51,10.92,105908.3,112005.482,-3.7546
603669.SH,20260811,6.07,6.31,6.06,6.18,6.14,215950.0,134280.372,0.6515
603676.SH,20260811,9.4,9.4,9.17,9.18,9.47,49627.47,45945.507,-3.0623
603677.SH,20260811,14.0,14.06,13.69,13.84,13.9,17592.73,24330.104,-0.4317
603678.SH,20260811,49.51,54.8,49.51,50.5,51.54,384863.86,2020411.895,-2.0179
603679.SH,20260811,22.22,22.6,21.83,22.51,22.44,66490.14,148288.842,0.3119
603680.SH,20260811,10.58,10.63,10.47,10.51,10.65,45618.0,48046.678,-1.3146
603681.SH,20260811,18.03,18.43,17.93,18.12,18.13,49930.0,90984.883,-0.0552
603682.SH,20260811,11.58,12.19,11.4,11.8,11.58,223897.01,265342.44,1.8998
603683.SH,20260811,15.71,15.87,15.38,15.68,15.73,199291.84,311690.634,-0.3179
603685.SH,20260811,27.28,28.28,26.59,27.38,27.28,29220.45,80057.676,0.3666
603686.SH,20260811,13.46,13.48,13.18,13.31,13.46,73758.94,98033.255,-1.1144
603687.SH,20260811,14.73,14.73,14.13,14.4,14.73,134917.84,194123.943,-2.2403
603688.SH,20260811,48.6,49.76,47.82,48.6,48.87,110562.24,539694.049,-0.5525
603689.SH,20260811,7.51,7.56,7.46,7.46,7.52,34539.4,25933.069,-0.7979
603690.SH,20260811,24.73,25.5,24.5,24.82,25.08,347594.46,867021.763,-1.0367
603693.SH,20260811,12.4,12.56,12.23,12.36,12.49,78861.25,97647.115,-1.0408
603696.SH,20260811,13.85,14.6,13.66,14.01,13.95,312537.68,443271.166,0.4301
603697.SH,20260811,10.01,10.2,9.96,10.02,10.12,63648.2,64231.407,-0.9881
603698.SH,20260811,23.81,23.84,23.09,23.39,24.19,158552.48,372390.142,-3.3072
603699.SH,20260811,52.81,53.7,51.3,51.38,53.34,57749.55,301430.771,-3.6745
603700.SH,20260811,11.84,11.85,11.6,11.6,11.79,43689.99,51086.885,-1.6115
603701.SH,20260811,20.45,20.66,20.21,20.22,20.49,23271.0,47550.289,-1.3177
603703.SH,20260811,9.3,9.41,9.17,9.27,9.37,53814.0,49955.306,-1.0672
603706.SH,20260811,19.48,19.64,19.16,19.29,19.34,11158.69,21559.685,-0.2585
603707.SH,20260811,8.14,8.32,8.11,8.22,8.16,128483.81,105993.914,0.7353
603708.SH,20260811,9.57,9.59,9.41,9.52,9.57,30922.0,29359.842,-0.5225
603709.SH,20260811,11.51,11.65,11.34,11.46,11.58,22314.2,25597.78,-1.0363
603711.SH,20260811,12.3,12.6,11.82,11.92,12.19,198661.92,241169.24,-2.2149
603712.SH,20260811,12.27,12.28,11.96,12.08,12.42,106642.01,129052.761,-2.7375
603713.SH,20260811,66.97,67.29,65.51,65.84,67.29,24519.37,162158.736,-2.1549
603716.SH,20260811,18.2,18.51,17.38,17.74,18.67,302759.5,543654.961,-4.9813
603717.SH,20260811,6.34,6.5,6.23,6.43,6.42,123657.0,78949.102,0.1558
603718.SH,20260811,2.97,2.99,2.93,2.95,2.97,48289.0,14271.647,-0.6734
603719.SH,20260811,9.98,10.13,9.88,9.9,10.08,44632.0,44565.348,-1.7857
603721.SH,20260811,17.8,18.15,17.67,17.68,17.9,33123.0,59205.843,-1.2291
603722.SH,20260811,31.3,31.68,30.74,31.5,31.4,13308.0,41550.625,0.3185
603725.SH,20260811,11.0,11.25,10.71,10.81,11.22,217579.61,235975.792,-3.6542
603726.SH,20260811,23.93,24.2,23.77,23.8,24.07,31574.0,75613.729,-1.1217
603727.SH,20260811,19.54,19.58,18.8,18.98,19.21,31488.46,60252.006,-1.1973
603728.SH,20260811,51.5,53.5,50.85,52.89,51.72,79381.24,416172.342,2.2622
603729.SH,20260811,11.44,11.48,11.23,11.37,11.44,6781.0,7717.07,-0.6119
603730.SH,20260811,10.33,10.42,10.1,10.27,10.34,81605.39,83688.791,-0.677
603733.SH,20260811,21.07,21.85,20.9,21.49,21.09,106924.77,229738.654,1.8966
603737.SH,20260811,23.83,23.83,23.39,23.42,23.83,57924.62,136575.642,-1.7205
603738.SH,20260811,35.7,37.74,35.0,36.74,36.24,492899.0,1810403.271,1.3797
603739.SH,20260811,12.17,12.48,12.07,12.2,12.24,37987.0,46407.979,-0.3268
603755.SH,20260811,23.58,23.59,23.12,23.34,23.63,7844.0,18319.916,-1.2273
603757.SH,20260811,62.04,62.99,60.9,61.5,62.7,81046.0,502123.398,-1.9139
603758.SH,20260811,12.68,12.68,12.68,12.68,11.53,44703.01,56683.417,9.974
603759.SH,20260811,7.56,7.56,7.4,7.43,7.54,27620.96,20579.882,-1.4589
603766.SH,20260811,13.76,14.03,13.55,13.57,13.87,164177.9,226309.632,-2.1629
603767.SH,20260811,15.25,15.28,14.79,15.21,15.18,39345.0,59319.897,0.1976
603768.SH,20260811,11.4,11.48,11.24,11.25,11.35,31635.0,35929.804,-0.8811
603773.SH,20260811,95.67,99.97,92.79,95.41,95.63,248838.08,2392276.187,-0.2301
603776.SH,20260811,21.73,22.0,21.43,21.49,21.76,30978.75,67260.685,-1.2408
603777.SH,20260811,14.15,14.52,14.06,14.18,14.42,61660.6,88164.672,-1.6644
603778.SH,20260811,10.72,10.95,10.7,10.83,10.92,307291.29,333367.955,-0.8242
603779.SH,20260811,7.89,8.1,7.76,7.88,7.88,168919.0,133936.044,0.0
603786.SH,20260811,43.0,44.09,42.72,43.61,43.0,23144.84,100892.679,1.4186
603787.SH,20260811,10.14,10.21,10.03,10.09,10.15,37014.0,37473.327,-0.5911
603788.SH,20260811,14.22,14.39,14.03,14.06,14.15,14716.0,20853.675,-0.636
603789.SH,20260811,6.56,6.65,6.41,6.44,6.67,27349.0,17721.653,-3.4483
603790.SH,20260811,23.05,24.56,22.8,24.25,23.25,69173.0,164682.581,4.3011
603797.SH,20260811,4.68,5.05,4.66,5.05,4.59,316699.42,157247.62,10.0218
603798.SH,20260811,13.94,13.94,13.53,13.64,13.82,26698.3,36501.002,-1.3025
603799.SH,20260811,45.2,45.2,43.6,43.62,46.07,1123896.64,4979204.067,-5.318
603800.SH,20260811,62.76,64.67,62.3,63.06,62.85,55204.87,350860.401,0.3341
603801.SH,20260811,6.0,6.01,5.9,5.93,6.0,51020.6,30315.156,-1.1667
603803.SH,20260811,10.37,10.54,10.1,10.45,10.38,133548.76,138511.557,0.6744
603806.SH,20260811,15.21,15.45,15.1,15.12,15.3,224669.38,343299.241,-1.1765
603808.SH,20260811,8.61,8.94,8.53,8.6,8.54,63656.9,55538.757,0.7026
603809.SH,20260811,9.51,9.67,9.44,9.62,9.55,111685.89,106916.479,0.733
603810.SH,20260811,12.15,12.27,11.98,12.08,12.15,20386.0,24673.768,-0.5761
603811.SH,20260811,7.45,7.51,7.39,7.4,7.46,42064.7,31310.912,-0.8043
603813.SH,20260811,31.81,31.91,30.47,31.41,31.81,5231.0,16419.892,-1.2575
603815.SH,20260811,5.58,5.6,5.34,5.58,5.49,115220.0,63112.681,1.6393
603816.SH,20260811,24.7,25.21,24.61,24.63,24.85,47075.21,117089.318,-0.8853
603817.SH,20260811,5.73,5.8,5.69,5.73,5.76,55450.0,31838.864,-0.5208
603818.SH,20260811,3.65,3.66,3.57,3.6,3.67,183584.5,66248.7,-1.9074
603819.SH,20260811,14.23,14.54,13.96,14.25,14.35,58586.02,83292.994,-0.6969
603822.SH,20260811,57.43,59.9,57.1,58.81,57.45,6052.0,35658.494,2.3673
603823.SH,20260811,68.86,75.22,67.91,75.22,68.38,260261.68,1878325.443,10.0029
603825.SH,20260811,8.23,8.29,8.09,8.15,8.23,22644.0,18531.618,-0.9721
603826.SH,20260811,17.92,18.18,17.61,17.75,17.92,103055.08,183780.309,-0.9487
603828.SH,20260811,4.25,4.25,4.13,4.17,4.21,13156.38,5474.92,-0.9501
603829.SH,20260811,15.12,15.12,14.64,14.95,15.06,28151.0,41783.488,-0.7304
603833.SH,20260811,32.45,32.5,31.99,32.28,32.45,42562.35,137286.639,-0.5239
603836.SH,20260811,8.95,9.01,8.85,8.95,8.94,24814.0,22139.417,0.1119
603838.SH,20260811,9.27,9.49,9.12,9.36,9.25,24446.0,22754.601,1.1892
603839.SH,20260811,7.0,7.12,6.96,7.05,7.07,37349.6,26291.731,-0.2829
603843.SH,20260811,7.07,7.4,6.96,7.24,7.0,125643.64,89990.207,3.4286
603848.SH,20260811,13.43,13.48,13.27,13.4,13.43,11137.0,14922.437,-0.2234
603855.SH,20260811,16.56,16.56,16.26,16.3,16.5,16120.0,26432.243,-1.2121
603856.SH,20260811,11.57,11.58,11.37,11.38,11.57,41701.0,47654.422,-1.6422
603858.SH,20260811,15.89,16.06,15.75,15.8,15.87,61103.43,97357.803,-0.4411
603859.SH,20260811,43.1,43.15,42.0,42.48,43.03,67511.3,287376.886,-1.2782
603860.SH,20260811,26.35,26.46,26.09,26.31,26.35,7239.0,19014.416,-0.1518
603861.SH,20260811,12.47,12.59,12.22,12.36,12.47,85310.0,105932.242,-0.8821
603863.SH,20260811,12.59,13.79,12.3,13.7,12.59,123664.26,160934.369,8.8165
603866.SH,20260811,4.35,4.38,4.28,4.31,4.35,87377.74,37772.746,-0.9195
603867.SH,20260811,28.94,28.99,28.25,28.56,28.93,47229.75,135365.437,-1.2789
603868.SH,20260811,31.0,31.17,30.64,30.81,31.17,7063.0,21812.788,-1.155
603869.SH,20260811,8.88,8.94,8.84,8.93,8.93,7353.15,6541.173,0.0
603871.SH,20260811,12.6,12.88,12.54,12.55,12.67,57271.75,72583.798,-0.9471
603876.SH,20260811,21.81,22.0,21.3,21.32,21.86,132747.0,286612.854,-2.4703
603877.SH,20260811,12.85,13.06,12.84,12.95,12.89,20631.51,26713.884,0.4655
603878.SH,20260811,5.04,5.15,4.98,5.04,5.1,114592.8,57922.371,-1.1765
603879.SH,20260811,5.37,5.42,5.29,5.34,5.37,77817.52,41654.311,-0.5587
603880.SH,20260811,7.78,7.83,7.49,7.77,7.7,62383.65,47970.347,0.9091
603881.SH,20260811,27.1,27.1,25.89,26.28,25.48,818741.59,2167538.686,3.1397
603882.SH,20260811,31.0,32.08,31.0,31.46,30.95,245505.56,776480.032,1.6478
603883.SH,20260811,13.14,14.01,13.02,14.01,12.74,324542.74,445995.562,9.9686
603885.SH,20260811,11.03,11.05,10.72,10.79,11.07,124834.54,135482.211,-2.5294
603886.SH,20260811,10.86,10.88,10.64,10.72,10.85,22316.0,24022.032,-1.1982
603887.SH,20260811,9.48,10.32,9.2,10.32,9.38,362907.39,360338.565,10.0213
603888.SH,20260811,16.75,16.8,16.58,16.63,16.75,60586.93,100911.607,-0.7164
603889.SH,20260811,5.77,5.8,5.69,5.74,5.77,55233.1,31650.957,-0.5199
603890.SH,20260811,18.53,18.72,18.1,18.35,18.54,175909.06,324097.317,-1.0248
603893.SH,20260811,203.5,220.58,203.5,213.36,205.3,181674.76,3854641.855,3.926
603895.SH,20260811,24.56,24.85,24.14,24.54,24.69,9916.0,24344.064,-0.6075
603896.SH,20260811,15.25,15.5,15.25,15.36,15.35,24228.68,37261.405,0.0651
603897.SH,20260811,26.38,29.14,26.08,29.14,26.49,113954.06,316157.746,10.0038
603898.SH,20260811,10.94,11.11,10.73,10.87,10.94,26319.0,28593.474,-0.6399
603899.SH,20260811,22.82,23.06,22.5,22.55,22.83,27384.67,62265.7,-1.2265
603900.SH,20260811,6.36,6.53,6.14,6.16,6.39,152749.78,95939.936,-3.5994
603901.SH,20260811,9.6,9.78,9.54,9.68,9.66,56256.17,54443.212,0.207
603903.SH,20260811,12.76,13.16,12.51,12.68,13.08,78137.11,99404.227,-3.0581
603906.SH,20260811,20.27,20.27,19.8,19.83,20.29,233484.59,466488.47,-2.2671
603908.SH,20260811,18.9,18.98,18.62,18.76,18.91,9559.6,17956.951,-0.7932
603909.SH,20260811,9.41,9.52,9.3,9.45,9.41,20694.0,19518.429,0.4251
603912.SH,20260811,7.85,8.37,7.74,8.07,7.72,501957.58,405271.113,4.5337
603915.SH,20260811,13.62,13.72,13.42,13.57,13.6,42913.0,58252.493,-0.2206
603916.SH,20260811,10.78,11.05,10.66,10.82,10.95,88419.0,96093.425,-1.1872
603917.SH,20260811,12.6,12.83,12.36,12.54,12.62,43602.0,54804.376,-0.6339
603918.SH,20260811,11.4,11.65,11.2,11.28,11.33,189431.38,215494.457,-0.4413
603919.SH,20260811,16.85,17.35,16.81,17.18,17.04,149173.8,255488.609,0.8216
603920.SH,20260811,35.78,36.72,35.3,36.09,36.07,165618.68,597455.714,0.0554
603922.SH,20260811,11.0,11.14,10.81,10.94,11.0,10110.0,11073.69,-0.5455
603926.SH,20260811,16.16,17.07,15.65,16.81,16.02,66512.26,109578.115,4.9313
603927.SH,20260811,13.98,14.03,13.75,13.84,13.92,69237.2,96123.269,-0.5747
603928.SH,20260811,12.9,13.11,12.76,12.92,13.01,240750.37,311088.056,-0.6918
603929.SH,20260811,162.82,168.48,161.36,163.37,162.85,50311.0,830682.621,0.3193
603931.SH,20260811,36.28,36.87,35.0,35.94,36.27,54541.0,196639.576,-0.9098
603933.SH,20260811,19.89,20.54,19.73,20.41,20.13,49439.61,99917.935,1.391
603936.SH,20260811,15.29,15.58,14.93,15.2,15.36,471708.63,719688.705,-1.0417
603937.SH,20260811,11.52,11.59,11.35,11.48,11.58,40917.0,46965.807,-0.8636
603938.SH,20260811,42.0,43.5,41.8,42.54,42.92,106038.5,452596.581,-0.8854
603939.SH,20260811,23.69,25.77,23.4,24.64,23.43,321193.23,801657.139,5.1643
603948.SH,20260811,21.17,21.48,21.0,21.12,21.37,11952.0,25364.403,-1.1699
603949.SH,20260811,14.55,14.55,14.27,14.42,14.53,24503.4,35341.6,-0.7571
603950.SH,20260811,60.17,60.85,57.01,57.27,60.96,85069.0,494410.094,-6.0531
603955.SH,20260811,20.85,21.11,20.3,20.87,20.64,14063.8,29209.32,1.1143
603956.SH,20260811,6.95,7.23,6.8,7.05,6.95,368363.0,258735.295,1.4388
603958.SH,20260811,14.91,14.98,14.52,14.67,14.89,29460.0,43334.614,-1.4775
603959.SH,20260811,4.52,4.56,4.36,4.55,4.49,91048.4,40460.727,1.3363
603960.SH,20260811,16.13,16.43,15.99,16.29,16.21,38093.25,61957.423,0.4935
603966.SH,20260811,8.16,8.16,8.02,8.03,8.13,44606.81,36037.495,-1.23
603967.SH,20260811,11.6,11.7,11.52,11.6,11.66,19233.7,22370.518,-0.5146
603968.SH,20260811,10.33,10.44,10.21,10.31,10.37,19463.1,20107.385,-0.5786
603969.SH,20260811,7.51,7.54,7.13,7.14,7.51,230249.05,167593.875,-4.9268
603970.SH,20260811,10.61,10.65,10.44,10.48,10.64,23780.0,25001.483,-1.5038
603976.SH,20260811,28.09,28.44,27.53,27.73,28.09,36771.46,102858.511,-1.2816
603977.SH,20260811,12.29,12.42,12.04,12.04,12.21,101882.0,124327.059,-1.3923
603978.SH,20260811,19.91,20.04,19.54,19.77,19.91,69150.19,136996.562,-0.7032
603979.SH,20260811,79.95,80.86,76.01,76.01,80.18,91833.61,716063.211,-5.2008
603980.SH,20260811,6.88,6.97,6.77,6.78,6.93,268255.6,183308.863,-2.1645
603982.SH,20260811,6.09,6.14,5.98,6.09,6.09,46950.0,28455.27,0.0
603983.SH,20260811,30.93,30.93,29.3,29.59,30.83,51103.0,152880.387,-4.0221
603985.SH,20260811,17.05,17.18,16.65,16.84,17.05,72431.42,122522.769,-1.2317
603986.SH,20260811,397.0,414.78,396.58,402.29,403.03,436502.3,17721401.026,-0.1836
603987.SH,20260811,7.63,7.7,7.56,7.59,7.65,51282.0,39078.485,-0.7843
603988.SH,20260811,23.5,24.8,23.21,23.36,23.51,237555.6,567393.654,-0.638
603989.SH,20260811,28.55,30.55,28.2,29.12,28.81,345093.65,1012369.039,1.076
603990.SH,20260811,23.89,24.88,23.54,24.2,23.54,385678.49,931487.347,2.8037
603991.SH,20260811,133.99,134.9,131.04,131.42,133.99,19214.01,255104.151,-1.9181
603992.SH,20260811,23.34,23.47,22.84,22.85,23.36,42700.83,98362.633,-2.1832
603993.SH,20260811,20.77,21.03,19.11,19.13,20.75,4045819.0,8036675.489,-7.8072
603995.SH,20260811,24.8,24.98,23.81,24.17,24.73,83484.5,202397.755,-2.2645
603997.SH,20260811,12.62,13.03,12.47,12.7,12.6,155391.25,198825.819,0.7937
603998.SH,20260811,9.7,9.79,9.64,9.71,9.74,69529.0,67686.813,-0.308
603999.SH,20260811,5.64,5.66,5.56,5.59,5.65,41501.0,23210.37,-1.0619
605001.SH,20260811,5.68,5.71,5.6,5.68,5.68,47967.56,27132.185,0.0
605003.SH,20260811,21.0,21.08,20.59,20.83,21.0,12326.0,25688.885,-0.8095
605005.SH,20260811,15.56,15.67,15.4,15.43,15.58,9260.0,14345.812,-0.9628
605006.SH,20260811,14.58,15.12,14.54,14.82,14.79,316014.26,468648.621,0.2028
605007.SH,20260811,16.78,17.0,15.97,15.99,16.77,96978.22,158100.066,-4.6512
605008.SH,20260811,11.71,11.78,11.64,11.69,11.81,13203.0,15439.564,-1.0161
605009.SH,20260811,24.44,24.46,23.9,23.95,24.35,11056.01,26684.475,-1.6427
605011.SH,20260811,17.87,17.87,17.56,17.6,17.98,53738.0,94988.55,-2.1135
605016.SH,20260811,21.78,22.55,21.43,21.5,21.84,55831.0,121965.338,-1.5568
605018.SH,20260811,12.53,12.95,12.37,12.8,12.54,46427.0,58851.425,2.0734
605020.SH,20260811,35.7,36.18,34.85,34.85,35.9,95010.7,335269.919,-2.9248
605028.SH,20260811,25.87,27.4,25.56,26.34,25.94,35792.5,94471.416,1.542
605033.SH,20260811,20.0,21.09,19.5,19.6,19.6,128867.04,260328.113,0.0
605050.SH,20260811,11.02,11.02,10.73,10.77,10.94,26430.9,28626.409,-1.5539
605055.SH,20260811,9.19,9.69,9.19,9.6,9.28,47452.0,45123.593,3.4483
605056.SH,20260811,15.1,15.5,14.92,15.2,15.27,63020.01,95704.722,-0.4584
605058.SH,20260811,26.9,26.96,26.37,26.64,26.81,15489.0,41316.024,-0.6341
605060.SH,20260811,42.2,42.79,41.02,41.85,42.26,26944.0,113409.926,-0.9702
605066.SH,20260811,6.76,6.76,6.6,6.64,6.77,59567.75,39573.881,-1.9202
605068.SH,20260811,21.3,21.45,20.2,20.46,21.1,97221.0,201170.172,-3.0332
605069.SH,20260811,11.07,11.22,10.85,11.03,11.13,49456.6,54673.5,-0.8985
605077.SH,20260811,11.41,11.41,11.1,11.14,11.24,35894.21,40160.295,-0.8897
605080.SH,20260811,21.23,21.24,20.72,20.79,21.14,14316.2,29876.51,-1.6556
605086.SH,20260811,24.07,25.02,24.07,24.54,24.34,14578.0,35892.01,0.8217
605088.SH,20260811,21.53,21.63,21.16,21.25,21.52,46423.57,98884.135,-1.2546
605089.SH,20260811,20.31,20.38,20.0,20.26,20.23,8892.54,17986.27,0.1483
605090.SH,20260811,34.11,34.4,33.18,33.72,35.14,181027.34,610158.413,-4.041
605098.SH,20260811,57.8,59.31,57.25,58.3,58.28,9820.18,57219.751,0.0343
605099.SH,20260811,32.8,34.18,32.72,33.45,33.09,19285.76,64479.562,1.0879
605100.SH,20260811,32.28,32.84,32.0,32.5,32.41,30699.6,99734.875,0.2777
605108.SH,20260811,12.98,13.08,12.85,12.98,13.1,29167.0,37824.599,-0.916
605111.SH,20260811,55.5,58.4,55.01,56.3,55.68,203266.45,1157626.695,1.1135
605116.SH,20260811,20.36,20.62,20.13,20.53,20.45,27946.34,57149.661,0.3912
605117.SH,20260811,85.18,92.3,84.8,91.4,85.76,260060.74,2343677.615,6.5765
605118.SH,20260811,29.36,29.77,28.97,29.46,29.61,27723.82,81503.623,-0.5066
605122.SH,20260811,11.29,11.43,11.16,11.4,11.33,20092.8,22701.973,0.6178
605123.SH,20260811,78.44,79.2,77.51,78.3,79.86,22797.48,178647.61,-1.9534
605128.SH,20260811,25.18,26.36,24.8,25.69,25.08,134034.35,346158.622,2.4322
605133.SH,20260811,25.55,25.92,25.13,25.76,25.63,40235.46,102983.736,0.5072
605136.SH,20260811,8.48,8.54,8.4,8.47,8.51,63328.0,53662.867,-0.47
605138.SH,20260811,5.96,5.97,5.87,5.9,5.94,30574.0,18073.026,-0.6734
605151.SH,20260811,18.45,18.66,18.18,18.49,18.53,11624.0,21461.03,-0.2159
605155.SH,20260811,14.33,15.16,14.3,14.68,14.48,45281.28,67131.76,1.3812
605158.SH,20260811,7.21,7.21,7.05,7.09,7.19,28157.0,20031.582,-1.3908
605162.SH,20260811,9.43,9.55,9.02,9.1,9.33,383915.08,352725.905,-2.4652
605166.SH,20260811,8.89,8.97,8.77,8.81,8.86,40495.0,35839.27,-0.5643
605167.SH,20260811,15.7,15.88,14.9,15.13,14.96,134732.77,204154.505,1.1364
605168.SH,20260811,42.27,45.71,42.0,43.36,42.27,77932.39,338392.313,2.5787
605169.SH,20260811,10.22,10.32,10.09,10.25,10.2,21245.36,21738.172,0.4902
605177.SH,20260811,17.29,18.07,17.12,17.54,17.4,24574.0,43224.349,0.8046
605178.SH,20260811,66.2,66.3,64.33,64.77,66.19,32855.0,214236.502,-2.1453
605179.SH,20260811,25.72,27.63,25.0,27.63,25.12,415990.01,1115570.768,9.992
605180.SH,20260811,12.5,12.62,12.35,12.48,12.6,14410.0,17979.721,-0.9524
605183.SH,20260811,15.03,15.06,14.81,14.81,14.98,12311.0,18334.239,-1.1348
605186.SH,20260811,26.66,26.95,25.51,26.73,26.64,33637.0,88658.08,0.3378
605188.SH,20260811,12.95,13.2,12.91,13.09,13.08,65275.9,85297.159,0.0765
605189.SH,20260811,16.88,17.24,16.55,17.1,16.78,292910.18,495157.702,1.907
605196.SH,20260811,34.4,37.27,34.4,35.75,34.3,267805.43,961982.352,4.2274
605198.SH,20260811,68.73,70.63,66.8,68.0,68.73,50344.0,347293.644,-1.0621
605199.SH,20260811,6.06,6.18,6.04,6.06,6.11,16061.0,9821.078,-0.8183
605208.SH,20260811,13.81,13.95,13.51,13.72,13.77,89295.5,122616.133,-0.3631
605218.SH,20260811,14.35,14.95,14.03,14.67,14.38,45463.74,66122.644,2.0167
605222.SH,20260811,20.5,20.5,19.63,19.9,20.34,73518.04,146536.024,-2.1632
605228.SH,20260811,10.96,11.46,10.76,11.33,10.97,91980.47,102651.045,3.2817
605255.SH,20260811,69.98,71.6,69.0,70.38,69.42,8638.0,60701.312,1.3829
605258.SH,20260811,26.85,27.05,26.46,26.72,26.96,12901.0,34524.715,-0.8902
605259.SH,20260811,18.48,18.48,18.16,18.16,18.48,6607.0,12072.312,-1.7316
605266.SH,20260811,17.02,18.28,16.8,17.44,17.02,63032.98,111758.84,2.4677
605268.SH,20260811,9.33,9.35,9.21,9.32,9.33,20834.0,19370.136,-0.1072
605277.SH,20260811,15.04,15.22,14.91,15.09,15.15,35803.74,54057.827,-0.396
605286.SH,20260811,25.63,28.17,25.01,28.17,25.61,90525.14,241778.839,9.9961
605287.SH,20260811,38.74,39.44,37.8,38.9,39.08,49674.0,192263.105,-0.4606
605288.SH,20260811,57.05,63.39,55.0,63.39,57.63,36949.45,218278.837,9.9948
605289.SH,20260811,103.11,103.11,99.06,99.35,103.1,32993.6,331847.054,-3.6372
605296.SH,20260811,31.46,31.96,31.1,31.37,31.57,33836.89,106851.996,-0.6335
605298.SH,20260811,49.94,49.94,48.11,48.72,49.0,8072.0,39714.175,-0.5714
605299.SH,20260811,12.56,12.87,12.51,12.77,12.74,86860.0,110553.146,0.2355
605300.SH,20260811,9.91,9.99,9.81,9.85,9.93,23322.14,23054.014,-0.8056
605303.SH,20260811,21.23,21.67,20.68,21.42,21.34,31392.0,66610.386,0.3749
605305.SH,20260811,39.72,39.8,38.81,38.9,39.75,33914.99,133004.072,-2.1384
605318.SH,20260811,77.75,78.7,75.0,77.5,78.08,9919.0,76468.499,-0.7428
605319.SH,20260811,24.89,25.2,24.6,24.91,24.89,17340.2,43183.044,0.0804
605333.SH,20260811,17.44,17.44,17.04,17.19,17.31,19766.44,33912.868,-0.6932
605336.SH,20260811,12.76,13.48,11.9,12.24,12.95,71285.01,90601.042,-5.4826
605337.SH,20260811,9.88,10.04,9.75,9.79,9.92,97536.32,96331.396,-1.3105
605338.SH,20260811,20.13,20.23,19.6,19.87,20.13,30337.88,60235.36,-1.2916
605339.SH,20260811,13.44,13.68,13.35,13.56,13.45,18014.0,24383.116,0.8178
605358.SH,20260811,43.85,44.93,43.34,43.81,44.24,332162.26,1462829.008,-0.972
605365.SH,20260811,14.04,14.07,13.63,13.84,14.05,38046.0,52636.642,-1.4947
605366.SH,20260811,8.21,8.29,8.08,8.22,8.29,211941.88,174035.711,-0.8444
605368.SH,20260811,6.75,6.8,6.68,6.79,6.71,47978.0,32379.494,1.1923
605369.SH,20260811,17.65,17.85,17.27,17.42,17.74,15666.0,27483.731,-1.8038
605376.SH,20260811,170.0,191.16,170.0,172.16,173.99,216643.49,3881177.43,-1.0518
605377.SH,20260811,9.33,9.36,8.93,9.01,9.4,103615.2,94307.093,-4.1489
605378.SH,20260811,14.34,14.41,14.09,14.2,14.32,14684.88,20849.302,-0.838
605388.SH,20260811,6.08,6.25,6.05,6.17,6.2,241156.8,148532.773,-0.4839
605389.SH,20260811,72.3,74.88,70.7,71.86,74.47,11798.82,84925.677,-3.5048
605398.SH,20260811,21.2,21.2,20.62,21.02,21.01,11953.21,25043.516,0.0476
605399.SH,20260811,10.89,10.99,10.72,10.89,10.99,25435.13,27592.174,-0.9099
605488.SH,20260811,27.79,29.37,27.56,28.76,28.16,87064.19,248699.07,2.1307
605499.SH,20260811,129.0,129.92,125.61,126.37,130.83,107588.47,1365326.96,-3.409
605500.SH,20260811,7.03,7.04,6.91,6.96,7.07,37936.0,26435.079,-1.5559
605507.SH,20260811,15.92,16.24,15.79,15.81,15.92,49971.87,79755.605,-0.691
605555.SH,20260811,12.29,12.29,11.96,12.15,12.25,33771.87,41074.654,-0.8163
605566.SH,20260811,25.93,26.51,25.46,26.34,26.09,28974.0,75342.671,0.9582
605567.SH,20260811,9.11,9.2,8.98,9.09,9.12,29388.0,26720.645,-0.3289
605577.SH,20260811,9.8,9.82,9.66,9.74,9.77,28118.0,27365.405,-0.3071
605580.SH,20260811,18.41,18.59,18.28,18.35,18.51,30100.0,55432.025,-0.8644
605588.SH,20260811,46.02,48.5,45.55,47.39,46.53,19795.0,93543.145,1.8483
605589.SH,20260811,41.19,42.5,40.55,41.3,41.59,310873.31,1290382.395,-0.6973
605598.SH,20260811,28.06,28.46,27.55,27.86,28.59,29982.0,83547.622,-2.5533
605599.SH,20260811,17.08,17.71,16.52,16.61,17.07,151404.27,258682.489,-2.6948
688001.SH,20260811,49.49,50.64,47.8,49.26,49.36,61745.62,304416.852,-0.2026
688002.SH,20260811,169.0,175.42,166.2,166.75,169.0,133664.65,2282362.454,-1.3314
688003.SH,20260811,76.6,79.29,74.81,78.06,77.5,50627.06,390557.064,0.7226
688004.SH,20260811,24.08,24.08,23.0,23.58,24.2,25265.86,59123.447,-2.562
688005.SH,20260811,27.84,28.34,27.68,27.78,28.08,95715.57,267362.535,-1.0684
688006.SH,20260811,22.57,22.6,22.18,22.31,22.56,69106.72,154683.586,-1.1082
688007.SH,20260811,10.9,10.96,10.7,10.84,10.99,40202.86,43537.807,-1.3649
688008.SH,20260811,203.55,214.4,202.85,206.7,206.92,361665.53,7554171.345,-0.1063
688009.SH,20260811,4.97,4.99,4.91,4.94,4.97,284914.99,140926.767,-0.6036
688010.SH,20260811,26.82,27.11,26.27,26.75,27.14,32559.4,87052.18,-1.437
688011.SH,20260811,84.0,86.8,82.5,84.1,85.39,23093.83,195040.947,-1.5107
688012.SH,20260811,378.0,384.0,362.0,363.1,389.99,304791.99,11412088.549,-6.895
688013.SH,20260811,25.71,26.11,25.34,25.46,25.85,11013.76,28217.516,-1.5087
688015.SH,20260811,16.17,16.17,15.85,15.93,16.14,12369.78,19752.006,-1.3011
688016.SH,20260811,94.66,95.96,94.02,94.3,95.12,16700.59,158607.923,-0.8621
688017.SH,20260811,333.89,371.6,327.37,365.0,333.89,156325.91,5477268.895,9.3174
688018.SH,20260811,110.0,117.77,109.48,114.47,111.0,57550.2,655401.222,3.1261
688019.SH,20260811,249.0,255.4,243.99,246.0,253.08,59921.19,1492557.467,-2.7975
688020.SH,20260811,139.09,143.0,134.33,136.7,142.3,51054.7,701967.568,-3.9353
688021.SH,20260811,21.04,21.23,20.66,20.77,21.04,9103.54,18985.81,-1.2833
688022.SH,20260811,8.25,8.31,8.16,8.28,8.3,9776.05,8068.09,-0.241
688023.SH,20260811,39.7,42.11,39.45,41.34,39.59,51138.17,209719.958,4.4203
688025.SH,20260811,336.0,349.9,328.0,343.0,340.6,29025.89,989994.953,0.7046
688026.SH,20260811,17.93,18.98,17.2,18.44,18.07,105762.59,194055.136,2.0476
688027.SH,20260811,413.5,416.48,406.53,407.5,417.68,15141.82,623000.902,-2.4373
688028.SH,20260811,86.0,88.93,84.52,86.22,86.87,54385.93,471952.563,-0.7482
688029.SH,20260811,72.84,73.77,70.84,70.96,72.85,30845.8,222164.162,-2.5944
688030.SH,20260811,18.17,18.17,17.69,17.85,18.03,31455.37,56325.076,-0.9983
688031.SH,20260811,114.01,116.44,110.5,114.0,113.11,59216.32,673668.598,0.7868
688032.SH,20260811,79.15,80.47,78.15,79.81,79.15,10515.19,83772.204,0.8339
688033.SH,20260811,6.17,6.23,6.15,6.17,6.18,42021.59,25993.407,-0.1618
688035.SH,20260811,63.15,63.5,59.99,61.2,63.58,55213.67,340549.825,-3.7433
688036.SH,20260811,58.11,58.19,56.82,57.27,58.11,125320.72,717713.858,-1.4455
688037.SH,20260811,318.3,323.3,302.03,315.15,322.2,55947.07,1762568.045,-2.1881
688038.SH,20260811,17.3,17.71,17.05,17.54,17.46,14127.4,24643.909,0.4582
688039.SH,20260811,35.9,36.26,35.12,35.58,36.1,13154.58,46793.22,-1.4404
688041.SH,20260811,285.79,292.77,285.51,287.01,290.44,122356.62,3542933.967,-1.181
688045.SH,20260811,54.35,57.09,53.91,55.4,55.0,19756.8,109383.694,0.7273
688046.SH,20260811,37.0,40.8,35.88,39.52,37.39,348002.89,1321214.616,5.6967
688047.SH,20260811,110.01,112.88,109.3,111.05,111.07,39452.11,438337.222,-0.018
688048.SH,20260811,278.0,294.9,263.05,285.29,284.5,133940.76,3746797.249,0.2777
688049.SH,20260811,41.58,43.45,40.93,42.4,41.73,92531.54,390921.925,1.6056
688050.SH,20260811,41.8,42.99,41.28,42.08,41.85,39443.21,166298.712,0.5496
688051.SH,20260811,24.07,24.79,24.01,24.5,24.54,10994.3,26874.79,-0.163
688052.SH,20260811,205.5,221.31,204.2,219.0,206.33,34840.07,749823.135,6.1406
688053.SH,20260811,33.5,34.38,33.11,34.02,34.51,5805.0,19614.968,-1.4199
688055.SH,20260811,3.9,3.9,3.82,3.85,3.91,113254.09,43783.992,-1.5345
688056.SH,20260811,42.88,42.88,41.54,42.35,43.03,8865.18,37488.327,-1.5803
688057.SH,20260811,19.41,19.5,18.71,18.77,19.66,77125.32,147469.136,-4.527
688058.SH,20260811,22.84,23.28,22.55,23.05,23.02,8054.48,18514.988,0.1303
688059.SH,20260811,94.75,98.65,94.22,95.4,94.65,65846.13,632913.516,0.7924
688060.SH,20260811,34.8,35.06,34.01,34.2,35.2,4202.39,14464.777,-2.8409
688061.SH,20260811,36.5,38.04,36.15,37.13,36.97,12716.79,47188.49,0.4328
688062.SH,20260811,30.67,35.49,30.41,33.19,30.9,215433.5,714182.231,7.411
688063.SH,20260811,44.78,46.0,44.42,45.25,44.93,50483.32,228555.09,0.7122
688065.SH,20260811,47.31,49.79,46.69,48.77,47.53,90235.65,438121.763,2.6089
688066.SH,20260811,9.02,9.45,8.89,9.22,9.18,89222.87,81863.65,0.4357
688067.SH,20260811,22.99,22.99,22.21,22.45,22.67,10496.67,23612.758,-0.9704
688068.SH,20260811,105.35,121.49,102.52,112.56,107.9,72147.85,803941.724,4.3188
688069.SH,20260811,37.2,38.03,36.22,36.79,37.93,17246.53,63361.951,-3.0055
688070.SH,20260811,33.68,34.57,33.33,33.8,34.74,12198.7,41311.358,-2.7058
688071.SH,20260811,36.0,38.63,35.22,37.98,36.16,46427.1,172453.527,5.0332
688072.SH,20260811,710.0,728.42,693.13,700.0,728.0,59236.57,4217264.5,-3.8462
688073.SH,20260811,75.17,78.7,70.26,75.41,73.92,99900.09,737427.963,2.0157
688075.SH,20260811,29.85,29.85,29.16,29.47,29.72,6773.82,19936.938,-0.8412
688076.SH,20260811,28.01,28.82,27.87,28.13,28.16,22414.21,63265.456,-0.1065
688077.SH,20260811,25.99,27.05,25.93,26.34,26.52,31577.72,83625.467,-0.6787
688078.SH,20260811,23.39,23.59,22.99,23.27,23.3,9291.2,21665.072,-0.1288
688079.SH,20260811,15.49,15.93,15.25,15.58,15.68,111733.18,174136.285,-0.6378
688080.SH,20260811,36.39,36.7,36.0,36.44,36.75,9229.43,33571.086,-0.8435
688081.SH,20260811,29.4,30.15,29.35,29.82,30.15,12557.41,37372.98,-1.0945
688082.SH,20260811,320.79,323.98,303.9,311.95,323.02,89421.4,2818057.878,-3.427
688083.SH,20260811,50.95,51.49,50.1,50.83,50.86,20395.56,103640.433,-0.059
688084.SH,20260811,48.56,49.59,46.82,48.43,50.06,33201.32,160001.502,-3.2561
688085.SH,20260811,13.57,14.45,13.41,13.94,13.58,92557.71,129809.589,2.651
688087.SH,20260811,40.52,41.88,39.08,39.65,40.8,17591.41,70366.541,-2.8186
688088.SH,20260811,34.21,34.53,33.68,34.01,34.11,54226.59,185268.742,-0.2932
688089.SH,20260811,7.9,7.94,7.75,7.85,7.87,21048.34,16501.716,-0.2541
688090.SH,20260811,65.75,68.35,65.3,67.04,66.55,72093.85,481453.856,0.7363
688091.SH,20260811,40.31,42.56,40.31,41.3,41.01,39144.34,163056.42,0.7071
688092.SH,20260811,22.74,22.95,22.45,22.7,22.69,6524.91,14803.112,0.0441
688093.SH,20260811,26.9,26.9,26.36,26.5,26.9,18246.54,48525.61,-1.487
688095.SH,20260811,68.94,69.69,66.3,67.8,67.86,62400.01,425088.394,-0.0884
688096.SH,20260811,8.75,9.22,8.75,8.91,8.85,73719.02,66354.178,0.678
688097.SH,20260811,42.79,44.13,42.33,43.29,42.79,53679.95,232382.271,1.1685
688098.SH,20260811,8.7,8.89,8.63,8.65,8.9,28162.56,24547.215,-2.809
688099.SH,20260811,96.99,102.27,96.01,99.0,97.41,182242.7,1805663.629,1.6323
688100.SH,20260811,30.15,30.58,29.53,29.83,29.93,34002.19,102095.55,-0.3341
688101.SH,20260811,15.73,15.73,15.45,15.49,15.73,41190.69,64072.897,-1.5257
688102.SH,20260811,34.79,35.51,33.5,34.05,38.51,381779.46,1319584.449,-11.5814
688103.SH,20260811,77.62,80.33,75.55,77.79,77.21,35687.54,278226.67,0.7512
688105.SH,20260811,22.5,24.87,22.5,22.66,23.08,245579.39,571432.379,-1.8198
688106.SH,20260811,29.9,30.56,29.55,29.89,30.19,190748.41,573395.053,-0.9937
688107.SH,20260811,32.61,33.47,32.07,32.9,32.8,50020.88,164068.028,0.3049
688108.SH,20260811,18.74,19.06,18.1,18.12,18.66,197618.29,368077.518,-2.8939
688109.SH,20260811,74.5,80.5,74.39,78.5,75.25,14240.34,111233.849,4.3189
688110.SH,20260811,112.01,114.77,110.9,112.21,113.28,122427.72,1382309.219,-0.9446
688111.SH,20260811,262.0,269.89,258.88,261.4,262.6,98635.28,2603615.161,-0.457
688112.SH,20260811,50.8,50.9,49.12,50.11,50.81,23547.79,117900.858,-1.3777
688113.SH,20260811,36.21,36.61,35.79,36.17,36.54,4229.4,15294.972,-1.0126
688114.SH,20260811,60.04,68.0,59.8,65.0,61.64,205651.24,1316671.0,5.451
688115.SH,20260811,54.82,57.63,53.02,53.46,56.18,15086.98,81680.279,-4.8416
688116.SH,20260811,33.7,33.93,33.21,33.51,33.69,39636.52,133341.496,-0.5343
688117.SH,20260811,25.79,27.2,25.79,26.27,26.15,101610.9,270919.869,0.4589
688118.SH,20260811,21.0,21.05,20.58,20.78,21.0,16718.4,34824.779,-1.0476
688119.SH,20260811,4.05,4.06,3.95,3.98,4.09,103547.4,41292.81,-2.6895
688120.SH,20260811,258.31,278.5,258.23,268.33,263.53,161336.69,4372927.292,1.8214
688121.SH,20260811,2.16,2.22,2.15,2.16,2.14,87130.55,19011.135,0.9346
688122.SH,20260811,52.97,53.3,52.31,52.6,53.58,77706.78,410389.908,-1.829
688123.SH,20260811,129.35,132.96,126.5,128.99,131.1,82528.7,1071192.209,-1.6095
688125.SH,20260811,117.03,123.2,117.0,121.53,120.19,12877.31,155740.493,1.1149
688126.SH,20260811,25.62,26.37,25.3,25.58,25.87,702914.33,1813377.814,-1.121
688127.SH,20260811,65.0,66.15,63.85,64.7,65.04,50384.6,327790.05,-0.5228
688128.SH,20260811,22.61,22.68,22.3,22.41,22.67,20971.96,47167.59,-1.1469
688129.SH,20260811,21.33,21.77,20.96,21.4,21.56,8097.79,17310.319,-0.7421
688130.SH,20260811,26.15,26.78,24.64,24.74,25.76,75122.77,189551.302,-3.9596
688131.SH,20260811,96.8,100.18,94.5,95.0,97.73,93659.27,910593.938,-2.7934
688132.SH,20260811,13.59,13.59,13.22,13.39,13.59,12637.89,16983.059,-1.4717
688133.SH,20260811,24.61,24.98,23.86,24.63,24.46,46811.59,114388.852,0.695
688135.SH,20260811,24.71,25.48,24.27,24.81,25.11,114727.91,285230.456,-1.1947
688136.SH,20260811,20.52,21.3,20.3,20.71,20.53,65936.82,137441.287,0.8768
688137.SH,20260811,54.26,62.3,52.0,56.5,54.9,79031.09,442963.59,2.9144
688138.SH,20260811,31.75,33.9,31.29,32.9,32.2,101234.35,332931.619,2.1739
688139.SH,20260811,28.93,29.41,28.81,28.96,29.15,26939.37,78506.525,-0.6518
688141.SH,20260811,140.0,147.5,137.18,140.0,141.31,128353.75,1828383.542,-0.927
688143.SH,20260811,99.51,107.48,97.23,104.36,103.0,125649.21,1286621.629,1.3204
688146.SH,20260811,318.0,334.0,311.11,311.11,325.3,197683.16,6381269.612,-4.3621
688147.SH,20260811,109.9,115.4,105.5,110.85,110.48,110560.96,1225221.612,0.3349
688148.SH,20260811,6.7,6.83,6.5,6.68,7.4,434048.49,289782.227,-9.7297
688150.SH,20260811,40.63,41.8,39.8,40.15,40.9,85701.93,348491.694,-1.8337
688151.SH,20260811,17.0,17.17,16.69,16.95,17.44,79017.46,133451.723,-2.8096
688152.SH,20260811,28.75,28.78,28.11,28.55,28.62,10626.05,30282.558,-0.2446
688153.SH,20260811,26.0,26.49,25.62,26.04,26.05,33496.22,87340.912,-0.0384
688155.SH,20260811,62.0,62.4,61.27,61.47,62.05,17260.06,106567.727,-0.9347
688156.SH,20260811,20.77,21.41,20.53,20.93,21.14,22721.91,47468.732,-0.9934
688157.SH,20260811,19.35,19.55,18.93,19.42,19.32,17737.58,34192.18,0.5176
688158.SH,20260811,34.58,35.7,33.32,35.06,34.03,315611.62,1100605.036,3.0267
688159.SH,20260811,33.18,33.4,32.55,32.98,33.2,21677.75,71600.782,-0.6627
688160.SH,20260811,109.66,116.44,107.15,114.42,110.16,26454.98,297582.606,3.8671
688161.SH,20260811,22.38,22.58,22.15,22.25,22.41,10477.09,23398.823,-0.714
688162.SH,20260811,23.09,23.39,22.81,23.29,23.09,10557.29,24349.464,0.8662
688163.SH,20260811,32.07,33.58,31.6,32.6,32.23,11611.54,38028.889,1.148
688165.SH,20260811,17.52,17.97,17.25,17.61,17.55,91334.22,161124.957,0.3419
688166.SH,20260811,37.85,43.38,37.22,40.23,37.41,371422.2,1505231.78,7.5381
688167.SH,20260811,200.04,209.88,195.9,204.6,202.88,80779.84,1645156.695,0.8478
688168.SH,20260811,36.22,37.56,35.16,36.7,36.56,36583.82,133361.675,0.3829
688169.SH,20260811,110.97,113.68,109.39,111.47,110.63,56953.36,636402.356,0.7593
688170.SH,20260811,51.93,52.2,50.18,51.1,52.19,33821.41,173351.9,-2.0885
688171.SH,20260811,28.65,29.29,28.39,28.98,28.53,22244.47,64389.939,1.5773
688172.SH,20260811,55.58,57.0,54.2,55.5,56.45,89707.67,499307.912,-1.6829
688173.SH,20260811,13.67,14.03,13.61,13.8,13.85,60270.4,83413.725,-0.361
688175.SH,20260811,18.91,19.16,18.5,18.85,19.24,25694.76,48407.142,-2.027
688176.SH,20260811,12.76,13.19,12.53,12.8,12.87,145808.07,187665.616,-0.5439
688177.SH,20260811,19.46,20.38,19.28,19.85,19.43,63944.0,127250.755,2.1616
688178.SH,20260811,27.27,28.57,27.02,28.12,27.51,12962.63,36069.85,2.2174
688179.SH,20260811,20.81,22.3,20.7,21.56,21.06,144942.98,312417.206,2.3742
688180.SH,20260811,38.31,39.5,38.31,38.49,38.91,210753.38,820121.269,-1.0794
688181.SH,20260811,39.53,40.15,38.41,39.29,40.07,42131.56,165955.548,-1.9466
688182.SH,20260811,25.67,26.6,25.63,26.06,26.2,53228.42,139001.993,-0.5344
688183.SH,20260811,110.03,113.22,108.58,111.08,112.32,103527.29,1151460.457,-1.104
688184.SH,20260811,11.87,11.97,11.67,11.8,11.97,5484.17,6481.412,-1.4202
688185.SH,20260811,55.0,57.2,54.75,55.58,54.86,34083.03,190394.903,1.3124
688186.SH,20260811,14.75,14.75,14.49,14.54,14.72,35222.4,51367.362,-1.2228
688187.SH,20260811,49.88,51.0,49.29,49.47,50.18,64062.1,321853.529,-1.4149
688188.SH,20260811,105.35,105.98,103.01,103.01,105.24,20865.01,217313.228,-2.119
688189.SH,20260811,6.74,6.99,6.69,6.89,6.83,63713.19,43560.146,0.8785
688190.SH,20260811,74.88,79.79,74.88,79.45,75.6,20281.88,157651.539,5.0926
688191.SH,20260811,21.23,21.79,20.92,21.66,21.65,65283.84,139683.686,0.0462
688192.SH,20260811,54.79,61.49,54.79,58.08,55.85,144583.62,836894.489,3.9928
688193.SH,20260811,47.69,48.76,46.81,47.62,47.8,4971.22,23754.854,-0.3766
688195.SH,20260811,145.0,151.33,137.8,146.44,148.5,139804.65,2021616.019,-1.3872
688196.SH,20260811,35.32,35.32,34.24,34.63,35.17,9782.99,33880.93,-1.5354
688197.SH,20260811,35.82,38.08,35.82,36.87,36.22,28605.35,105967.546,1.7946
688198.SH,20260811,81.5,83.5,81.5,81.69,81.96,8761.25,72226.566,-0.3294
688199.SH,20260811,23.02,23.37,22.86,23.12,23.22,29923.94,69134.596,-0.4307
688200.SH,20260811,425.0,425.0,399.01,416.3,422.1,41184.54,1695509.313,-1.3741
688201.SH,20260811,7.32,7.38,7.22,7.35,7.33,12534.67,9170.418,0.2729
688202.SH,20260811,103.2,110.0,100.58,103.7,103.1,138319.96,1462834.514,0.582
688203.SH,20260811,12.05,12.2,10.88,11.62,12.17,145915.66,168190.88,-4.5193
688205.SH,20260811,133.28,137.88,132.0,135.1,136.0,57936.16,783912.785,-0.6618
688206.SH,20260811,36.5,37.38,35.81,36.11,35.16,97388.55,356461.845,2.7019
688207.SH,20260811,19.21,19.82,18.86,19.6,19.42,95419.83,185815.016,0.9269
688208.SH,20260811,27.95,28.07,27.51,27.53,27.99,76573.52,212835.644,-1.6434
688209.SH,20260811,21.99,22.58,21.84,21.9,21.99,101319.93,224692.981,-0.4093
688210.SH,20260811,28.4,29.18,27.73,28.93,28.24,26624.54,76305.261,2.4433
688211.SH,20260811,31.0,31.19,30.36,31.0,30.85,7331.56,22661.198,0.4862
688212.SH,20260811,28.44,30.74,28.1,29.81,28.2,50803.56,150333.662,5.7092
688213.SH,20260811,94.65,99.88,94.51,99.25,96.4,96328.96,942252.637,2.9564
688215.SH,20260811,44.38,44.85,43.2,44.39,44.37,16802.84,74135.114,0.0451
688216.SH,20260811,30.33,31.2,30.06,30.5,30.92,34269.06,105145.353,-1.3583
688217.SH,20260811,24.52,24.69,23.62,24.12,24.6,12490.39,29970.695,-1.9512
688218.SH,20260811,41.28,43.4,40.08,43.0,40.66,47323.56,199710.883,5.755
688219.SH,20260811,10.73,10.82,10.65,10.72,10.78,37363.71,40095.962,-0.5566
688220.SH,20260811,104.05,106.8,102.4,104.19,104.5,69717.85,728016.694,-0.2967
688221.SH,20260811,20.89,22.48,20.7,21.49,21.11,227060.29,490868.512,1.8001
688222.SH,20260811,36.13,38.92,35.73,37.58,36.38,366308.32,1372685.084,3.2985
688223.SH,20260811,4.56,4.57,4.44,4.44,4.56,941559.94,423406.711,-2.6316
688225.SH,20260811,13.15,13.55,12.88,13.23,13.14,110696.78,147088.133,0.6849
688226.SH,20260811,29.93,30.68,29.5,29.9,30.19,43453.7,130823.19,-0.9606
688227.SH,20260811,82.32,82.78,79.01,81.0,83.0,26567.23,215756.802,-2.4096
688228.SH,20260811,74.65,76.06,73.3,74.89,74.06,16573.26,123758.638,1.1207
688229.SH,20260811,70.71,73.45,69.58,72.88,70.21,13949.07,100361.404,3.8029
688230.SH,20260811,55.3,56.17,53.86,55.45,54.78,12659.15,69682.051,1.2231
688231.SH,20260811,29.43,30.15,28.39,28.54,30.05,47322.21,136343.231,-5.025
688232.SH,20260811,19.27,19.49,19.03,19.2,19.4,20234.1,39017.173,-1.0309
688233.SH,20260811,117.0,119.98,111.67,114.14,119.22,119407.72,1381271.658,-4.261
688234.SH,20260811,102.0,105.2,100.59,102.08,103.77,97996.74,1006677.111,-1.6286
688235.SH,20260811,298.4,314.85,297.02,300.3,299.79,94618.03,2895053.798,0.1701
688236.SH,20260811,15.34,15.58,15.16,15.32,15.41,19578.89,30138.09,-0.584
688237.SH,20260811,58.02,59.96,57.96,58.88,59.72,13607.95,80201.854,-1.4066
688238.SH,20260811,7.1,7.33,7.02,7.12,7.17,282139.29,201801.704,-0.6974
688239.SH,20260811,44.24,45.8,44.03,45.06,45.94,43208.03,194168.024,-1.9155
688244.SH,20260811,16.1,16.1,15.58,15.81,16.1,16471.38,25965.22,-1.8012
688246.SH,20260811,19.49,19.64,19.1,19.34,19.53,15175.56,29465.152,-0.9729
688247.SH,20260811,9.24,9.6,9.2,9.32,9.32,77500.18,72682.954,0.0
688248.SH,20260811,48.97,49.84,47.44,47.48,48.94,41010.17,198194.182,-2.9832
688249.SH,20260811,39.88,40.98,39.12,39.7,40.18,144686.84,579347.005,-1.1946
688251.SH,20260811,21.79,21.79,20.84,21.38,21.66,10963.44,23524.645,-1.2927
688252.SH,20260811,19.78,19.82,19.3,19.35,19.86,57238.99,111843.815,-2.568
688253.SH,20260811,71.5,72.31,65.52,66.47,71.34,42138.68,290202.718,-6.8265
688255.SH,20260811,26.2,26.54,25.48,26.14,26.22,29074.09,75704.488,-0.3051
688256.SH,20260811,1100.0,1123.99,1070.0,1090.64,1124.0,134160.47,14751222.439,-2.968
688257.SH,20260811,61.15,62.16,59.2,60.3,62.21,141494.32,860358.957,-3.0702
688258.SH,20260811,111.7,112.7,108.0,109.3,111.67,29397.98,325302.396,-2.1223
688259.SH,20260811,30.01,30.93,30.01,30.58,30.62,9723.69,29699.825,-0.1306
688260.SH,20260811,111.0,132.2,110.78,122.1,114.71,121022.24,1491677.088,6.4423
688261.SH,20260811,70.0,74.18,69.9,72.22,71.26,62430.57,451547.752,1.3472
688262.SH,20260811,27.16,27.44,26.53,27.16,27.16,84634.6,228878.701,0.0
688265.SH,20260811,45.9,48.0,44.22,46.19,46.55,49336.92,228651.326,-0.7734
688266.SH,20260811,119.0,125.28,116.56,120.5,119.55,91151.24,1105818.094,0.7946
688267.SH,20260811,18.75,18.98,18.37,18.76,18.75,21002.05,39272.42,0.0533
688268.SH,20260811,154.1,158.68,151.0,154.7,155.55,74833.89,1159203.392,-0.5464
688269.SH,20260811,31.13,31.3,30.72,30.78,31.29,9906.79,30712.909,-1.6299
688270.SH,20260811,65.36,67.29,65.05,65.1,70.25,98877.22,652153.267,-7.331
688271.SH,20260811,112.5,113.15,110.95,111.09,112.7,53734.08,601088.685,-1.4286
688272.SH,20260811,29.3,30.31,28.61,29.63,29.39,18894.94,55732.295,0.8166
688273.SH,20260811,31.65,32.2,30.66,31.65,31.57,8965.8,28259.536,0.2534
688275.SH,20260811,80.72,81.97,79.8,80.61,81.21,29398.8,237742.152,-0.7388
688276.SH,20260811,15.92,16.14,15.73,15.91,15.99,22511.88,35833.343,-0.5003
688277.SH,20260811,17.54,17.68,16.71,17.14,17.65,90470.57,155316.204,-2.8895
688278.SH,20260811,58.37,61.36,57.89,60.47,58.37,67040.69,402967.564,3.5977
688279.SH,20260811,163.35,172.04,162.0,169.13,165.09,16686.77,279293.961,2.4472
688280.SH,20260811,5.76,5.83,5.71,5.8,5.81,104163.39,60135.301,-0.1721
688281.SH,20260811,48.5,48.96,47.68,48.03,48.95,25009.27,120697.263,-1.8795
688282.SH,20260811,58.03,58.96,55.05,57.48,58.71,13668.88,77516.515,-2.095
688283.SH,20260811,28.19,29.27,27.82,28.75,28.56,10745.31,30630.739,0.6653
688285.SH,20260811,7.57,7.62,7.47,7.58,7.57,20145.87,15208.933,0.1321
688286.SH,20260811,44.31,46.46,44.31,45.5,45.26,32541.62,148015.394,0.5303
688288.SH,20260811,18.5,18.75,18.12,18.31,18.39,16889.51,31073.978,-0.435
688289.SH,20260811,15.95,15.98,15.62,15.62,16.06,51602.37,81475.52,-2.7397
688290.SH,20260811,67.52,68.0,65.3,65.87,67.63,14998.75,99351.518,-2.6024
688291.SH,20260811,41.68,41.9,40.66,41.2,41.94,15298.41,63201.471,-1.7644
688292.SH,20260811,17.54,17.82,17.22,17.62,17.79,32653.8,57315.132,-0.9556
688293.SH,20260811,65.0,67.3,63.02,63.71,66.85,78592.36,511903.939,-4.6971
688295.SH,20260811,42.78,42.78,41.66,41.96,43.11,57134.11,240331.563,-2.6676
688296.SH,20260811,20.42,21.16,19.74,21.12,20.03,82990.84,170365.921,5.4418
688297.SH,20260811,41.72,41.95,41.33,41.43,42.2,55746.95,231571.207,-1.8246
688298.SH,20260811,19.79,19.84,19.53,19.65,19.72,12599.97,24787.883,-0.355
688299.SH,20260811,13.07,13.19,12.82,12.98,13.05,43057.25,56011.313,-0.5364
688300.SH,20260811,145.63,148.68,141.66,143.46,148.3,112972.71,1635607.789,-3.2637
688301.SH,20260811,90.9,95.9,89.23,93.44,90.55,74418.83,691645.926,3.1916
688302.SH,20260811,37.89,39.1,36.8,38.37,37.56,22575.56,86235.182,2.1565
688303.SH,20260811,18.7,18.95,18.43,18.76,18.81,100248.21,187634.868,-0.2658
688305.SH,20260811,63.99,68.0,63.19,65.54,61.46,90392.81,594039.433,6.6385
688306.SH,20260811,9.36,9.36,9.14,9.18,9.34,108299.91,99975.775,-1.7131
688307.SH,20260811,45.25,46.77,44.36,45.87,46.44,45277.36,207228.977,-1.2274
688308.SH,20260811,101.03,102.59,97.4,100.87,103.64,108606.54,1088393.257,-2.6727
688309.SH,20260811,72.0,75.94,67.5,74.8,70.5,48593.67,348193.243,6.0993
688310.SH,20260811,15.16,15.28,14.75,15.02,15.1,16171.62,24300.109,-0.5298
688311.SH,20260811,23.8,24.27,23.52,23.93,24.72,49458.02,118323.572,-3.1958
688312.SH,20260811,45.63,47.25,44.9,46.37,46.9,52397.15,241899.396,-1.1301
688313.SH,20260811,128.79,133.36,125.57,130.5,134.01,245859.5,3194480.048,-2.6192
688314.SH,20260811,34.21,34.36,33.4,33.47,34.4,6466.11,21795.912,-2.7035
688315.SH,20260811,15.19,15.69,14.98,15.21,15.19,92997.57,142251.899,0.1317
688316.SH,20260811,52.73,53.8,51.3,52.85,52.9,30227.67,160007.014,-0.0945
688317.SH,20260811,17.48,17.71,17.24,17.46,17.67,20438.59,35643.518,-1.1885
688318.SH,20260811,79.76,82.1,78.3,80.32,79.82,51550.94,413845.05,0.6264
688319.SH,20260811,27.22,29.4,27.22,28.66,27.6,96969.93,276673.213,3.8406
688320.SH,20260811,31.28,33.3,30.8,32.6,31.19,41169.11,132420.52,4.5207
688321.SH,20260811,29.03,31.98,28.99,30.63,29.3,258166.67,792324.069,4.5392
688322.SH,20260811,108.0,117.42,107.84,114.38,109.42,173522.55,1963816.205,4.533
688323.SH,20260811,26.7,28.03,26.59,27.26,27.33,128022.45,349751.722,-0.2561
688325.SH,20260811,106.46,109.5,104.32,107.51,106.7,9472.07,101647.097,0.7591
688326.SH,20260811,68.04,68.92,67.45,68.32,68.57,11945.59,81474.735,-0.3646
688327.SH,20260811,11.07,11.11,10.8,10.93,11.03,141509.87,155235.256,-0.9066
688328.SH,20260811,77.52,79.22,74.6,77.01,78.47,68172.05,524809.223,-1.8606
688329.SH,20260811,19.9,20.04,19.54,19.77,19.99,13874.8,27489.453,-1.1006
688330.SH,20260811,33.46,33.66,32.95,33.35,33.61,7402.26,24668.579,-0.7736
688331.SH,20260811,133.0,137.51,131.75,132.0,134.45,118818.81,1601719.967,-1.8222
688332.SH,20260811,86.3,90.91,86.0,89.18,86.95,46586.94,413984.647,2.5647
688333.SH,20260811,108.11,111.19,105.5,108.7,110.31,111952.86,1214915.061,-1.4595
688334.SH,20260811,18.35,18.38,18.13,18.15,18.42,11599.31,21144.259,-1.4658
688335.SH,20260811,20.57,23.22,20.57,22.48,21.0,52543.66,117520.708,7.0476
688336.SH,20260811,45.65,49.59,45.14,47.9,46.53,171738.4,822064.598,2.9443
688337.SH,20260811,43.53,43.69,42.4,43.3,43.56,29587.76,127496.001,-0.5969
688338.SH,20260811,30.79,30.79,28.99,29.24,30.46,27890.13,83081.351,-4.0053
688339.SH,20260811,17.75,18.0,17.64,17.72,17.93,17576.62,31270.802,-1.1712
688343.SH,20260811,59.41,60.83,58.41,60.0,59.99,68195.2,407550.321,0.0167
688345.SH,20260811,56.56,56.56,54.8,55.0,55.62,11793.15,65352.967,-1.1147
688347.SH,20260811,261.11,270.69,256.43,262.5,264.0,161458.03,4267830.392,-0.5682
688348.SH,20260811,33.0,33.25,32.44,32.83,33.02,11659.12,38360.886,-0.5754
688349.SH,20260811,15.06,15.14,14.74,14.76,15.11,74350.95,110619.487,-2.3163
688350.SH,20260811,29.18,29.93,29.18,29.33,29.55,15724.58,46505.532,-0.7445
688351.SH,20260811,20.68,20.97,20.38,20.56,20.74,36223.05,74829.176,-0.8679
688352.SH,20260811,17.51,17.99,17.2,17.48,17.7,150471.79,264843.802,-1.2429
688353.SH,20260811,95.5,98.9,93.61,93.82,96.2,71397.72,689942.936,-2.474
688355.SH,20260811,17.62,17.93,17.51,17.63,17.96,8965.21,15845.033,-1.8374
688356.SH,20260811,76.72,80.7,75.1,78.48,77.3,28011.45,218299.292,1.5265
688357.SH,20260811,27.5,27.64,27.16,27.46,27.5,4131.17,11331.079,-0.1455
688358.SH,20260811,29.85,30.36,29.57,29.82,29.77,11099.66,33268.522,0.168
688359.SH,20260811,103.03,107.5,99.14,104.2,103.15,59155.04,613116.633,1.0179
688360.SH,20260811,15.7,16.14,15.45,16.0,15.76,43793.8,69257.374,1.5228
688361.SH,20260811,354.0,365.59,343.99,348.3,362.45,76639.6,2724042.864,-3.904
688362.SH,20260811,67.6,70.4,65.81,68.1,68.1,275050.57,1882238.498,0.0
688363.SH,20260811,38.81,38.99,38.35,38.59,38.92,31638.85,122198.034,-0.8479
688365.SH,20260811,16.06,16.6,15.89,16.32,16.18,142329.13,232216.642,0.8653
688366.SH,20260811,32.82,33.28,32.4,32.66,32.78,8216.42,26904.691,-0.3661
688367.SH,20260811,30.93,31.89,30.22,30.46,30.99,8707.74,26748.928,-1.7102
688368.SH,20260811,123.23,126.58,121.0,124.3,125.13,29611.02,367818.473,-0.6633
688369.SH,20260811,22.21,22.45,21.29,21.43,22.1,87392.15,189426.418,-3.0317
688370.SH,20260811,24.33,24.33,23.33,23.35,24.25,8921.26,21101.772,-3.7113
688371.SH,20260811,27.6,30.05,27.22,28.6,27.88,110381.27,317468.637,2.5825
688372.SH,20260811,128.72,136.0,128.0,130.38,131.0,87447.57,1153174.288,-0.4733
688373.SH,20260811,5.3,5.45,5.24,5.33,5.32,142276.14,75971.342,0.188
688375.SH,20260811,79.52,82.5,78.01,80.3,82.8,49317.06,397871.872,-3.0193
688376.SH,20260811,70.35,70.63,67.63,69.05,70.22,16989.76,117528.702,-1.6662
688377.SH,20260811,20.58,20.7,19.96,20.55,20.48,29250.91,59411.718,0.3418
688378.SH,20260811,41.22,42.38,40.81,41.23,41.46,46813.8,194615.284,-0.5548
688379.SH,20260811,49.75,50.08,48.42,49.2,49.94,20258.82,100064.094,-1.4818
688380.SH,20260811,39.75,40.67,39.5,39.69,40.1,83957.2,336121.383,-1.0224
688381.SH,20260811,31.5,33.5,31.21,32.53,32.12,78339.27,253629.39,1.2765
688382.SH,20260811,20.13,21.88,19.97,20.96,20.43,249586.82,524726.675,2.5942
688383.SH,20260811,119.89,121.66,115.02,118.3,120.66,21063.63,249654.412,-1.9559
688385.SH,20260811,54.3,55.08,53.5,53.89,55.18,124102.45,673052.076,-2.3378
688386.SH,20260811,54.0,57.29,52.74,55.75,53.88,28437.79,156511.933,3.4707
688387.SH,20260811,14.11,14.32,13.48,13.51,14.72,803604.49,1104016.48,-8.2201
688388.SH,20260811,27.8,28.39,27.43,27.65,28.05,289176.95,806163.314,-1.426
688389.SH,20260811,11.22,11.46,11.22,11.43,11.34,31190.65,35434.006,0.7937
688390.SH,20260811,67.32,68.95,65.86,68.21,67.3,95369.28,646595.498,1.3522
688391.SH,20260811,26.11,26.27,25.59,25.95,26.02,8421.49,21829.904,-0.269
688392.SH,20260811,154.42,158.0,143.7,149.09,152.0,42849.53,639161.322,-1.9145
688393.SH,20260811,20.0,20.68,19.7,20.14,20.25,19783.97,39805.975,-0.5432
688395.SH,20260811,23.93,24.06,22.54,22.56,24.51,46155.12,106013.379,-7.9559
688396.SH,20260811,59.45,61.08,59.25,59.72,60.02,144376.82,868647.936,-0.4998
688398.SH,20260811,20.8,20.92,20.42,20.67,20.72,10054.46,20819.364,-0.2413
688399.SH,20260811,29.76,29.76,28.86,29.19,29.76,20630.62,60370.116,-1.9153
688400.SH,20260811,46.7,48.86,46.48,48.01,47.2,120223.92,574009.179,1.7161
688401.SH,20260811,69.0,72.9,67.81,69.78,69.87,53790.64,377408.914,-0.1288
688403.SH,20260811,24.35,24.98,23.62,24.29,24.46,439231.56,1071341.388,-0.695
688408.SH,20260811,26.9,27.26,26.6,26.94,27.21,20897.3,56312.847,-0.9923
688409.SH,20260811,208.0,216.63,204.03,206.88,210.0,84425.65,1776232.577,-1.4857
688410.SH,20260811,11.24,11.36,11.11,11.16,11.28,73281.65,82199.606,-1.0638
688411.SH,20260811,208.6,216.37,206.6,212.24,208.6,21461.69,455774.922,1.745
688416.SH,20260811,72.17,73.67,70.66,71.78,72.1,42170.91,304183.2,-0.4438
688418.SH,20260811,35.2,38.64,34.89,38.07,36.38,69871.08,258382.238,4.6454
688419.SH,20260811,47.53,48.79,46.16,46.71,48.1,42702.23,202455.416,-2.8898
688420.SH,20260811,22.48,22.5,21.93,21.99,22.4,6384.75,14104.472,-1.8304
688425.SH,20260811,4.2,4.21,4.16,4.17,4.22,145726.33,60844.827,-1.1848
688426.SH,20260811,19.38,19.83,18.85,19.54,19.55,16400.58,32034.697,-0.0512
688428.SH,20260811,29.45,32.5,28.67,31.4,29.36,256908.91,793973.614,6.9482
688429.SH,20260811,11.21,11.21,10.64,10.92,11.16,33884.24,36966.192,-2.1505
688432.SH,20260811,40.32,43.23,39.5,40.2,41.74,773281.99,3154431.051,-3.6895
688433.SH,20260811,91.2,93.79,89.99,91.48,93.15,42631.87,392421.676,-1.7928
688435.SH,20260811,31.68,31.76,30.7,31.33,31.42,12772.44,39887.336,-0.2864
688439.SH,20260811,40.12,40.2,39.43,39.71,40.4,19428.36,77285.527,-1.7079
688443.SH,20260811,24.6,27.24,24.5,26.33,24.79,77481.69,202451.761,6.2122
688448.SH,20260811,53.0,55.92,51.15,54.75,51.78,40717.63,219395.623,5.7358
688449.SH,20260811,57.28,66.0,56.8,63.63,57.85,168081.31,1049118.108,9.9914
688450.SH,20260811,34.5,34.93,33.21,34.33,34.7,24138.8,82252.187,-1.0663
688455.SH,20260811,15.28,15.44,15.01,15.3,15.36,15457.69,23579.523,-0.3906
688456.SH,20260811,83.35,85.49,81.3,83.05,84.19,63488.89,530345.126,-1.3541
688458.SH,20260811,33.81,34.45,33.32,33.89,33.89,13158.7,44671.256,0.0
688459.SH,20260811,8.23,8.23,8.11,8.12,8.23,10215.91,8331.797,-1.3366
688466.SH,20260811,13.72,13.97,13.6,13.86,13.8,11122.76,15339.84,0.4348
688468.SH,20260811,6.32,6.36,6.24,6.3,6.35,24998.65,15715.296,-0.7874
688469.SH,20260811,8.89,9.42,8.73,9.17,8.48,3558887.43,3253410.694,8.1368
688472.SH,20260811,10.37,10.47,10.26,10.36,10.43,301809.44,312894.372,-0.6711
688475.SH,20260811,31.25,31.4,30.45,30.52,31.29,59796.29,183878.308,-2.4609
688478.SH,20260811,47.0,49.33,46.69,47.27,48.8,57047.15,272282.113,-3.1352
688479.SH,20260811,33.5,34.4,32.61,33.36,33.34,25318.24,85119.619,0.06
688480.SH,20260811,79.0,82.94,79.0,79.5,82.23,11002.99,89004.046,-3.32
688484.SH,20260811,35.78,37.65,35.78,36.72,36.32,108391.11,398752.847,1.1013
688485.SH,20260811,61.99,65.62,58.0,64.5,62.5,65371.78,404000.773,3.2
688486.SH,20260811,45.06,45.65,44.31,44.77,45.1,30716.46,138046.823,-0.7317
688488.SH,20260811,17.12,18.1,17.12,17.28,17.35,101092.13,177884.886,-0.4035
688489.SH,20260811,23.68,23.94,23.4,23.6,23.7,11333.95,26853.915,-0.4219
688496.SH,20260811,0.86,0.88,0.86,0.88,0.86,58730.85,5113.041,2.3256
688498.SH,20260811,1380.0,1396.0,1291.0,1351.0,1415.1,52391.53,7081205.704,-4.5297
688499.SH,20260811,36.66,37.24,36.29,36.91,36.93,28466.07,104720.563,-0.0542
688500.SH,20260811,35.81,39.64,35.81,38.48,36.91,21791.5,82798.715,4.2536
688501.SH,20260811,13.25,13.54,13.06,13.44,13.45,20765.44,27658.866,-0.0743
688502.SH,20260811,389.87,399.2,375.51,385.3,393.68,12898.27,500714.058,-2.1286
688503.SH,20260811,74.24,78.8,72.88,75.28,74.44,161983.09,1229102.618,1.1284
688505.SH,20260811,7.86,8.09,7.86,7.95,7.94,69542.67,55426.192,0.1259
688506.SH,20260811,315.18,326.0,306.1,311.92,319.07,27484.63,871005.698,-2.2409
688507.SH,20260811,171.49,180.88,166.87,174.98,171.41,81700.4,1424119.148,2.0827
688508.SH,20260811,87.06,87.7,83.18,83.28,87.5,59980.24,508731.525,-4.8229
688509.SH,20260811,4.21,4.34,4.15,4.23,4.23,62847.46,26734.374,0.0
688510.SH,20260811,22.31,22.65,21.78,22.21,22.64,38708.11,86029.241,-1.8993
688511.SH,20260811,22.65,23.01,22.3,22.66,22.76,10414.41,23577.124,-0.4394
688512.SH,20260811,14.81,15.1,14.39,14.52,14.83,125876.94,184455.588,-2.0904
688513.SH,20260811,47.52,52.12,47.3,50.11,48.0,43615.74,218409.414,4.3958
688515.SH,20260811,150.89,154.49,147.67,151.65,152.65,28720.54,435525.738,-0.6551
688516.SH,20260811,41.45,42.05,40.95,41.32,41.96,65256.75,270637.451,-1.5253
688517.SH,20260811,15.9,16.01,15.66,15.82,15.92,22067.88,34981.821,-0.6281
688518.SH,20260811,19.99,20.08,19.67,19.67,19.96,89375.46,177209.509,-1.4529
688519.SH,20260811,289.0,298.47,279.01,285.0,303.02,90451.26,2596301.485,-5.9468
688520.SH,20260811,37.62,40.48,37.5,38.81,37.9,53599.65,208731.793,2.4011
688521.SH,20260811,208.76,216.3,207.69,211.51,212.75,119340.92,2531791.931,-0.5828
688522.SH,20260811,19.67,19.67,19.31,19.43,19.76,33463.1,65116.176,-1.67
688523.SH,20260811,45.3,46.88,45.13,45.99,49.36,67574.19,311344.658,-6.8274
688525.SH,20260811,238.9,251.0,238.06,242.06,242.0,317317.12,7794862.653,0.0248
688526.SH,20260811,13.2,13.2,12.9,12.95,13.23,19513.36,25411.277,-2.1164
688528.SH,20260811,9.53,9.66,9.35,9.52,9.63,21016.71,19986.533,-1.1423
688529.SH,20260811,15.8,16.33,15.52,16.2,15.85,20481.26,32692.217,2.2082
688530.SH,20260811,60.98,63.49,60.0,60.0,62.5,119184.86,731963.797,-4.0
688531.SH,20260811,132.25,133.8,127.68,131.92,132.27,37719.04,494369.798,-0.2646
688533.SH,20260811,21.88,21.99,21.56,21.76,21.91,7435.12,16163.679,-0.6846
688535.SH,20260811,102.92,104.66,100.25,101.5,103.64,65098.09,667422.387,-2.0648
688536.SH,20260811,247.24,270.3,247.23,266.09,248.0,55414.14,1462262.223,7.2944
688538.SH,20260811,2.38,2.4,2.37,2.37,2.39,441746.28,105362.759,-0.8368
688539.SH,20260811,27.0,27.0,26.0,26.34,28.27,43910.85,116191.796,-6.827
688543.SH,20260811,40.16,40.56,39.48,39.63,41.19,81908.56,325999.154,-3.7873
688545.SH,20260811,87.8,90.44,85.48,86.4,90.24,161209.04,1412447.199,-4.2553
688548.SH,20260811,36.98,38.71,36.9,37.17,37.66,229456.74,864663.698,-1.3011
688549.SH,20260811,28.29,29.45,27.46,28.19,29.17,1003690.41,2847385.809,-3.3596
688550.SH,20260811,39.25,39.25,37.95,38.17,39.3,47743.66,183691.93,-2.8753
688551.SH,20260811,39.39,40.27,38.38,39.1,39.18,30504.9,119940.026,-0.2042
688552.SH,20260811,28.66,28.66,27.3,28.08,28.38,46360.52,129616.472,-1.0571
688553.SH,20260811,11.86,12.63,11.82,12.25,12.04,158644.45,194313.735,1.7442
688556.SH,20260811,8.68,8.7,8.55,8.59,8.69,127545.7,109938.923,-1.1507
688557.SH,20260811,20.2,20.2,19.72,19.94,20.13,10905.22,21714.119,-0.9439
688558.SH,20260811,32.07,32.94,31.9,32.34,31.91,17765.64,57723.398,1.3475
688559.SH,20260811,47.0,47.7,46.15,47.29,47.28,70563.21,332131.806,0.0212
688560.SH,20260811,12.25,12.27,11.99,12.2,12.28,28232.89,34338.286,-0.6515
688561.SH,20260811,27.0,28.0,26.73,27.47,26.73,119866.52,330785.198,2.7684
688562.SH,20260811,14.7,14.72,14.33,14.52,14.81,26877.4,39006.184,-1.9581
688563.SH,20260811,52.08,52.8,51.26,52.44,52.8,20023.31,104154.062,-0.6818
688565.SH,20260811,11.21,11.23,10.93,10.98,11.21,20308.45,22441.536,-2.0517
688566.SH,20260811,25.32,26.05,25.1,25.55,25.51,23384.69,59877.491,0.1568
688567.SH,20260811,10.25,10.26,10.09,10.16,10.24,63082.65,64235.315,-0.7813
688568.SH,20260811,35.48,36.28,34.8,35.79,36.88,99293.15,355190.194,-2.9555
688569.SH,20260811,17.27,17.43,17.19,17.22,17.38,7413.23,12806.596,-0.9206
688570.SH,20260811,16.39,16.74,15.58,15.67,15.08,41154.34,65964.637,3.9125
688571.SH,20260811,9.2,9.71,9.09,9.42,9.26,132486.55,125211.856,1.7279
688573.SH,20260811,16.36,16.75,16.03,16.39,16.36,17012.29,27883.457,0.1834
688575.SH,20260811,9.5,9.58,9.37,9.45,9.55,74871.54,70820.945,-1.0471
688576.SH,20260811,40.5,41.1,40.07,40.76,40.78,3918.16,15913.718,-0.049
688577.SH,20260811,42.24,44.36,41.87,43.52,42.29,21822.34,95069.584,2.9085
688578.SH,20260811,114.96,122.95,114.86,117.97,116.18,130371.69,1555361.305,1.5407
688579.SH,20260811,8.29,8.29,8.04,8.13,8.21,33634.11,27390.115,-0.9744
688580.SH,20260811,49.8,50.25,49.03,49.15,49.82,14887.19,73918.328,-1.3448
688581.SH,20260811,54.13,54.13,52.52,53.13,53.4,8711.78,46278.373,-0.5056
688582.SH,20260811,41.75,42.58,41.2,42.03,42.44,27561.7,115733.676,-0.9661
688583.SH,20260811,74.22,78.29,72.0,75.69,74.43,16521.99,124488.516,1.6929
688584.SH,20260811,29.08,29.42,28.11,28.77,29.13,142564.57,411064.597,-1.2358
688585.SH,20260811,160.0,175.1,158.0,167.0,162.59,61175.21,1027148.555,2.7123
688586.SH,20260811,10.72,10.76,10.56,10.65,10.91,50696.83,54067.613,-2.3831
688588.SH,20260811,9.81,9.91,9.76,9.78,9.93,24512.44,24069.76,-1.5106
688589.SH,20260811,18.17,18.37,17.97,18.04,18.32,25816.37,46907.503,-1.5284
688590.SH,20260811,13.9,13.92,13.5,13.62,13.66,49873.08,68279.48,-0.2928
688591.SH,20260811,27.98,28.88,27.73,28.29,28.17,40845.66,115674.37,0.426
688592.SH,20260811,24.87,24.88,24.07,24.24,24.91,7201.38,17502.884,-2.6897
688593.SH,20260811,31.73,35.2,31.28,33.57,32.31,262668.7,870947.726,3.8997
688595.SH,20260811,28.48,29.19,28.08,28.65,28.48,34246.75,98293.11,0.5969
688596.SH,20260811,69.25,74.66,69.25,69.98,70.5,338192.14,2413373.098,-0.7376
688597.SH,20260811,6.79,6.87,6.68,6.77,6.83,68925.4,46452.6,-0.8785
688598.SH,20260811,30.68,33.79,30.42,32.15,30.99,231860.28,743581.37,3.7431
688599.SH,20260811,13.51,13.69,13.35,13.39,13.81,388623.38,524225.699,-3.0413
688600.SH,20260811,28.98,29.05,27.51,27.8,29.13,65422.18,185555.002,-4.5657
688601.SH,20260811,42.25,45.12,41.18,44.35,41.65,57057.7,248822.499,6.4826
688602.SH,20260811,6.71,6.79,6.64,6.7,6.74,50744.34,34131.124,-0.5935
688603.SH,20260811,109.58,111.8,106.0,108.5,111.39,54143.85,590562.18,-2.5945
688605.SH,20260811,77.24,80.4,76.3,77.22,78.46,42709.97,333507.058,-1.5804
688606.SH,20260811,47.0,52.02,46.2,49.89,47.2,15590.45,76844.06,5.6992
688607.SH,20260811,47.0,48.75,46.81,47.6,47.52,16095.5,76747.024,0.1684
688608.SH,20260811,110.4,117.27,109.0,114.64,110.35,74114.08,845108.802,3.8876
688609.SH,20260811,9.23,9.27,8.98,9.15,9.32,182031.36,166186.734,-1.824
688610.SH,20260811,151.15,155.69,145.0,152.52,155.55,17313.1,261665.892,-1.9479
688611.SH,20260811,60.33,63.5,59.37,62.54,61.15,13934.23,86133.156,2.2731
688612.SH,20260811,33.0,34.0,31.02,32.45,34.7,106880.68,345599.397,-6.4841
688613.SH,20260811,15.61,15.85,15.47,15.69,15.75,23095.33,36254.076,-0.381
688615.SH,20260811,123.55,126.78,119.5,122.88,121.67,85944.02,1061255.937,0.9945
688616.SH,20260811,10.8,10.93,10.67,10.74,10.77,15907.36,17167.016,-0.2786
688617.SH,20260811,210.79,219.79,209.1,217.77,211.01,16146.47,349181.529,3.2036
688618.SH,20260811,28.97,29.17,28.0,28.89,28.93,21656.08,62010.359,-0.1383
688619.SH,20260811,14.63,14.9,14.13,14.74,14.52,33496.96,48724.899,1.5152
688620.SH,20260811,15.8,16.28,15.47,15.95,15.95,153250.32,243905.75,0.0
688621.SH,20260811,62.58,65.6,62.53,63.86,64.3,28670.47,184021.415,-0.6843
688622.SH,20260811,113.0,115.65,111.06,112.7,113.08,2536.13,28656.972,-0.336
688623.SH,20260811,59.15,62.75,58.62,62.17,59.78,16141.41,97946.538,3.998
688625.SH,20260811,57.09,57.79,54.6,55.2,57.18,48123.07,267787.826,-3.4627
688626.SH,20260811,45.54,45.98,44.81,45.18,45.82,18538.68,84132.556,-1.3968
688627.SH,20260811,468.0,470.0,432.5,444.8,463.0,46503.98,2101766.434,-3.9309
688628.SH,20260811,66.4,67.81,64.87,67.16,66.49,23441.35,156147.975,1.0077
688629.SH,20260811,147.33,153.0,146.2,147.78,149.3,117414.41,1754329.339,-1.0181
688630.SH,20260811,421.02,434.66,414.0,415.0,430.3,40634.89,1719584.799,-3.5557
688631.SH,20260811,43.01,43.43,41.52,42.14,43.1,16272.15,68406.815,-2.2274
688633.SH,20260811,24.42,24.78,24.2,24.56,24.58,23759.13,58177.096,-0.0814
688635.SH,20260811,248.96,256.69,244.11,250.02,249.9,16845.43,422123.987,0.048
688636.SH,20260811,19.61,20.15,19.31,19.93,20.0,79704.85,157959.233,-0.35
688638.SH,20260811,33.12,33.55,32.6,33.04,33.12,5262.95,17426.775,-0.2415
688639.SH,20260811,17.97,18.06,17.57,17.59,18.09,53821.49,95463.312,-2.764
688646.SH,20260811,74.54,76.22,73.41,74.06,74.0,8688.31,65181.009,0.0811
688648.SH,20260811,32.14,32.18,31.4,32.01,32.25,9531.47,30300.274,-0.7442
688651.SH,20260811,23.2,23.6,23.05,23.36,23.44,9436.14,22021.942,-0.3413
688652.SH,20260811,158.97,161.85,150.01,152.62,160.7,64969.26,1003324.963,-5.028
688653.SH,20260811,13.73,14.0,13.59,13.78,13.92,124797.84,172307.542,-1.0057
688655.SH,20260811,34.66,35.6,34.01,35.14,35.71,71854.09,251213.612,-1.5962
688656.SH,20260811,89.0,95.58,88.52,92.15,90.7,5400.2,49665.568,1.5987
688657.SH,20260811,33.07,33.61,32.55,33.28,33.12,11910.5,39420.232,0.4831
688658.SH,20260811,13.21,14.0,13.01,13.44,13.16,157263.71,212226.98,2.1277
688659.SH,20260811,9.96,10.51,9.88,10.16,10.04,51009.17,52394.306,1.1952
688660.SH,20260811,9.01,9.37,8.89,9.17,9.05,219415.97,201549.006,1.326
688661.SH,20260811,101.2,104.2,98.4,101.67,103.45,45780.4,464224.746,-1.7206
688662.SH,20260811,82.14,84.9,80.03,82.54,83.4,112646.74,928833.438,-1.0312
688663.SH,20260811,51.7,56.0,51.7,54.03,52.22,55361.33,301065.006,3.4661
688665.SH,20260811,45.52,46.14,44.85,45.3,45.52,4502.84,20439.783,-0.4833
688667.SH,20260811,88.05,89.12,86.87,87.3,88.81,4626.01,40600.235,-1.7003
688668.SH,20260811,235.89,249.37,232.9,243.97,239.0,47104.25,1141744.776,2.0795
688669.SH,20260811,70.0,71.33,65.13,66.86,70.64,45465.13,305897.439,-5.3511
688670.SH,20260811,15.82,15.96,15.43,15.59,15.82,12782.52,20028.163,-1.4539
688671.SH,20260811,24.06,24.47,23.62,24.1,24.03,13053.25,31443.893,0.2913
688676.SH,20260811,69.0,70.98,67.5,68.79,70.0,108559.02,748769.683,-1.7286
688677.SH,20260811,72.49,79.0,71.6,76.31,73.76,66203.95,501130.933,3.4572
688678.SH,20260811,17.68,18.27,17.49,18.02,18.0,121353.04,217172.395,0.1111
688679.SH,20260811,33.0,33.98,31.72,33.45,33.3,29348.52,96418.469,0.4505
688680.SH,20260811,35.74,35.94,34.96,35.63,35.95,8295.22,29487.299,-0.8901
688681.SH,20260811,16.7,17.29,16.7,16.88,16.93,17811.77,30183.604,-0.2953
688682.SH,20260811,30.61,31.65,30.61,31.28,31.9,10743.65,33590.73,-1.9436
688683.SH,20260811,31.82,32.06,30.51,30.59,32.18,22343.09,69606.261,-4.941
688685.SH,20260811,41.01,42.46,41.01,41.4,42.01,27500.52,115018.015,-1.452
688686.SH,20260811,112.7,118.15,112.51,116.21,113.7,13713.37,159179.894,2.2076
688687.SH,20260811,17.91,18.24,17.7,17.7,17.95,40612.25,72799.569,-1.3928
688689.SH,20260811,39.79,41.44,39.5,40.11,40.25,94253.82,381885.847,-0.3478
688690.SH,20260811,43.25,44.46,42.4,43.13,43.31,133994.7,582348.529,-0.4156
688691.SH,20260811,65.95,67.95,65.65,66.8,67.45,38020.89,254336.134,-0.9637
688692.SH,20260811,239.49,245.69,235.17,241.98,239.51,14762.34,356620.869,1.0313
688693.SH,20260811,83.1,91.6,83.1,85.96,85.2,74667.3,657149.903,0.892
688695.SH,20260811,20.07,20.2,19.5,19.63,20.24,14271.96,28116.169,-3.0138
688696.SH,20260811,73.72,75.48,72.51,75.16,73.71,14809.91,109838.729,1.9672
688697.SH,20260811,14.65,15.32,14.3,14.48,14.72,154340.79,227312.97,-1.6304
688698.SH,20260811,48.72,50.66,48.08,49.96,48.72,50112.75,249084.961,2.5452
688699.SH,20260811,61.36,62.8,60.59,62.16,61.45,32455.25,200444.564,1.1554
688700.SH,20260811,58.96,59.1,56.5,57.78,59.05,151716.82,877819.837,-2.1507
688701.SH,20260811,8.02,8.22,7.85,7.97,8.22,24239.13,19352.064,-3.0414
688702.SH,20260811,400.0,417.06,390.01,393.6,403.96,76266.26,3069267.873,-2.5646
688707.SH,20260811,10.88,10.88,10.62,10.73,10.86,45429.54,48716.546,-1.1971
688708.SH,20260811,46.44,46.44,45.36,45.65,46.55,11708.05,53650.59,-1.9334
688709.SH,20260811,26.67,27.37,26.6,26.62,27.01,47200.27,127033.1,-1.4439
688710.SH,20260811,88.54,95.11,86.21,93.85,89.01,46256.12,421827.942,5.4376
688711.SH,20260811,24.7,26.49,24.51,25.78,24.91,120369.09,308199.614,3.4926
688712.SH,20260811,34.6,36.67,34.5,35.73,34.82,55836.68,200039.808,2.6134
688716.SH,20260811,28.76,29.48,28.23,29.04,29.08,17979.42,51997.243,-0.1376
688717.SH,20260811,59.14,62.69,58.44,62.39,59.49,80140.94,487825.32,4.8748
688718.SH,20260811,13.9,14.25,13.56,14.11,13.87,21605.81,30107.262,1.7304
688719.SH,20260811,47.73,49.95,46.7,48.09,48.05,37868.33,182938.985,0.0832
688720.SH,20260811,66.0,66.49,63.09,65.15,66.47,46003.08,299571.139,-1.9859
688721.SH,20260811,40.21,42.43,39.4,41.38,41.02,61402.19,251956.458,0.8776
688722.SH,20260811,14.36,14.51,14.14,14.33,14.48,26351.43,37737.584,-1.0359
688726.SH,20260811,44.05,45.35,43.21,45.18,43.84,90679.81,404240.409,3.0566
688727.SH,20260811,49.2,49.49,47.71,48.03,49.69,45187.74,218986.597,-3.3407
688728.SH,20260811,16.0,16.52,15.9,16.24,16.19,329584.29,534400.351,0.3088
688729.SH,20260811,27.0,27.69,26.23,26.81,27.51,358010.87,967216.051,-2.5445
688733.SH,20260811,28.61,29.3,28.22,28.47,28.82,32591.19,93358.268,-1.2144
688737.SH,20260811,18.7,18.7,18.19,18.42,18.64,15758.21,29047.417,-1.1803
688739.SH,20260811,20.62,21.1,20.52,20.83,20.66,28985.07,60343.329,0.8228
688750.SH,20260811,14.98,15.04,14.64,14.71,15.03,36774.7,54411.306,-2.1291
688755.SH,20260811,26.51,27.96,26.51,27.6,26.98,23873.05,65804.044,2.298
688757.SH,20260811,32.14,33.2,31.6,32.27,32.41,67316.02,218214.687,-0.432
688758.SH,20260811,29.37,29.78,27.8,28.14,29.65,165652.24,477355.333,-5.0927
688759.SH,20260811,25.09,27.5,25.09,26.78,25.73,84302.38,224097.956,4.0808
688765.SH,20260811,38.73,40.4,38.32,39.39,38.92,56732.07,223726.431,1.2076
688766.SH,20260811,365.0,388.89,360.07,384.5,374.5,149891.25,5667623.525,2.6702
688767.SH,20260811,38.51,39.5,38.51,38.98,38.84,11673.17,45544.862,0.3605
688768.SH,20260811,44.99,45.52,44.39,44.65,45.28,3644.51,16316.967,-1.3913
688772.SH,20260811,14.58,14.74,14.35,14.5,14.69,149037.64,216439.721,-1.2934
688775.SH,20260811,132.0,139.8,129.61,137.6,133.4,58678.91,791399.931,3.1484
688776.SH,20260811,50.8,50.96,49.05,50.26,51.28,17212.47,86114.664,-1.9891
688777.SH,20260811,102.97,104.5,98.29,98.78,103.0,190057.67,1919607.465,-4.0971
688778.SH,20260811,48.85,49.9,48.2,48.35,49.12,58447.64,284889.898,-1.5676
688779.SH,20260811,8.0,8.03,7.93,7.97,8.01,164781.93,131599.379,-0.4994
688781.SH,20260811,37.47,37.86,37.03,37.12,37.69,13228.77,49573.955,-1.5123
688783.SH,20260811,31.45,32.19,30.6,31.06,31.65,235708.5,738421.832,-1.8641
688785.SH,20260811,275.48,283.43,266.01,277.0,277.0,6030.51,166211.921,0.0
688786.SH,20260811,27.25,28.6,27.14,27.77,27.5,58412.43,163086.544,0.9818
688787.SH,20260811,109.1,110.78,107.2,108.72,109.42,13556.21,147807.982,-0.6397
688788.SH,20260811,30.68,31.49,30.12,30.53,30.91,26651.0,81974.675,-1.2294
688789.SH,20260811,45.7,48.06,45.2,46.81,45.93,23596.53,110341.917,1.916
688790.SH,20260811,96.87,97.99,94.92,97.25,96.87,3696.64,35709.531,0.3923
688793.SH,20260811,19.26,19.8,19.01,19.57,19.65,31699.23,61639.429,-0.4071
688795.SH,20260811,570.0,579.89,568.0,572.0,573.97,8475.19,486081.879,-0.3432
688796.SH,20260811,137.0,149.99,136.02,138.2,137.0,54706.46,773903.651,0.8759
688797.SH,20260811,342.37,351.97,329.0,339.0,351.8,43431.18,1480146.714,-3.6384
688798.SH,20260811,55.01,56.06,54.57,55.22,55.22,25002.67,138369.703,0.0
688799.SH,20260811,45.98,48.3,44.43,46.62,46.19,43424.02,200994.856,0.9309
688800.SH,20260811,54.8,56.26,53.4,55.2,55.09,103272.09,567062.623,0.1997
688802.SH,20260811,708.0,722.8,696.0,702.88,715.01,9412.98,667455.992,-1.6965
688805.SH,20260811,40.62,42.76,39.79,41.79,40.6,20063.63,83427.685,2.931
688806.SH,20260811,27.0,28.78,27.0,28.02,27.95,121233.3,340542.987,0.2504
688807.SH,20260811,244.0,269.18,239.59,258.52,247.1,22633.87,577420.524,4.6216
688808.SH,20260811,2099.9,2117.99,2021.0,2062.03,2139.0,8281.74,1715084.023,-3.5984
688809.SH,20260811,475.0,481.99,458.03,460.07,483.98,12854.97,601273.569,-4.9403
688811.SH,20260811,22.81,22.97,22.5,22.58,23.03,47983.63,109020.068,-1.954
688813.SH,20260811,113.0,118.41,111.47,114.43,118.2,57201.48,655872.507,-3.1895
688816.SH,20260811,48.98,52.32,48.78,52.32,50.58,16761.51,84339.774,3.4401
688818.SH,20260811,48.27,48.81,46.0,47.99,50.8,134567.17,644089.429,-5.5315
688819.SH,20260811,22.22,22.43,22.03,22.18,22.26,23123.35,51447.654,-0.3594
688820.SH,20260811,137.86,141.88,135.58,137.57,139.89,98943.9,1371699.185,-1.6584
688825.SH,20260811,50.81,51.3,50.05,50.4,51.3,2840951.05,14398885.241,-1.7544
688828.SH,20260811,110.0,118.0,97.79,110.23,21.22,218056.78,2323592.153,419.4628
688981.SH,20260811,124.85,128.43,124.5,125.41,126.25,371759.96,4700641.121,-0.6653
689009.SH,20260811,44.6,47.34,44.18,45.5,42.35,328336.37,1510184.822,7.438
920000.BJ,20260811,15.4,15.77,14.82,14.86,15.47,22113.44,33453.50781,-3.9431
920001.BJ,20260811,11.88,11.92,11.73,11.76,11.95,8495.08,10042.00416,-1.59
920002.BJ,20260811,55.33,58.49,54.97,57.62,55.95,19030.58,108558.11643,2.9848
920003.BJ,20260811,17.0,17.15,16.83,16.95,17.0,1220.31,2067.81381,-0.2941
920005.BJ,20260811,25.44,25.45,24.7,24.71,25.37,3072.14,7662.80832,-2.6015
920006.BJ,20260811,17.41,17.76,16.9,16.94,17.95,28132.07,48035.96038,-5.6267
920007.BJ,20260811,37.68,37.68,36.62,37.02,37.41,1333.92,4968.5043,-1.0425
920008.BJ,20260811,20.29,20.29,19.65,19.71,20.25,7432.32,14735.01535,-2.6667
920009.BJ,20260811,36.74,38.86,36.3,37.87,37.02,7326.3,27739.85354,2.2961
920010.BJ,20260811,8.74,8.99,8.59,8.62,8.62,69527.3,60815.94031,0.0
920011.BJ,20260811,19.35,20.1,19.26,19.72,19.52,11079.31,21749.98489,1.0246
920012.BJ,20260811,47.96,48.57,47.11,47.4,48.65,8560.26,40800.99868,-2.5694
920014.BJ,20260811,9.16,9.16,8.91,8.92,9.03,17510.79,15774.07445,-1.2182
920015.BJ,20260811,44.18,44.18,43.25,43.27,44.51,14068.32,61392.55742,-2.7859
920016.BJ,20260811,12.97,13.68,12.78,13.12,12.97,10412.08,13705.18203,1.1565
920017.BJ,20260811,17.79,18.24,17.23,17.64,17.79,53472.55,95004.34639,-0.8432
920018.BJ,20260811,16.73,16.81,16.21,16.22,16.9,23503.71,38661.74612,-4.0237
920019.BJ,20260811,15.11,15.34,14.74,14.78,15.19,23672.23,35439.92605,-2.6991
920020.BJ,20260811,15.4,15.5,15.3,15.3,15.49,2590.47,3988.09409,-1.2266
920021.BJ,20260811,7.4,7.58,7.24,7.25,7.38,137745.09,101729.35503,-1.7615
920022.BJ,20260811,19.73,19.83,19.4,19.62,19.78,1557.88,3053.38725,-0.8089
920023.BJ,20260811,1.9,1.92,1.87,1.89,1.92,40591.39,7691.67207,-1.5625
920026.BJ,20260811,18.23,18.45,17.64,18.1,18.23,7354.15,13234.02951,-0.7131
920027.BJ,20260811,11.7,11.88,11.63,11.71,11.79,7389.08,8689.03189,-0.6785
920028.BJ,20260811,14.12,14.12,13.68,13.68,14.14,11389.05,15742.39738,-3.2532
920029.BJ,20260811,35.61,37.55,35.05,35.72,35.25,17890.18,65213.55738,1.3333
920030.BJ,20260811,4.49,4.52,4.43,4.49,4.51,10889.31,4874.58212,-0.4435
920033.BJ,20260811,14.58,14.97,14.47,14.53,14.58,7956.76,11649.58636,-0.3429
920035.BJ,20260811,24.43,24.45,23.81,23.81,24.43,6651.83,16016.97413,-2.5379
920036.BJ,20260811,31.0,31.0,30.31,30.4,31.15,6246.79,19072.82425,-2.4077
920037.BJ,20260811,43.78,44.4,43.01,43.35,43.75,13198.78,57804.65433,-0.9143
920038.BJ,20260811,45.26,46.05,41.61,41.61,46.06,81622.87,351558.18696,-9.6613
920039.BJ,20260811,8.01,8.07,7.9,7.99,8.05,5258.16,4190.22943,-0.7453
920045.BJ,20260811,348.98,357.1,336.68,351.45,338.98,14395.59,501650.28257,3.6787
920046.BJ,20260811,21.91,22.5,21.91,21.98,22.68,48559.96,107399.81316,-3.0864
920047.BJ,20260811,17.78,18.63,17.6,17.92,18.09,60080.99,108672.4324,-0.9397
920050.BJ,20260811,29.0,29.17,28.51,28.71,29.05,2214.69,6389.6591,-1.1704
920055.BJ,20260811,27.76,27.76,27.13,27.21,27.77,3533.74,9652.36769,-2.0166
920056.BJ,20260811,17.19,17.19,16.77,16.77,17.07,2977.17,5023.50929,-1.7575
920057.BJ,20260811,5.04,5.05,4.95,4.96,5.04,6435.4,3207.82186,-1.5873
920058.BJ,20260811,27.65,28.45,27.3,28.22,27.67,5174.8,14489.36668,1.9877
920060.BJ,20260811,22.66,23.06,22.3,22.54,22.88,16153.64,36627.83713,-1.486
920061.BJ,20260811,18.51,18.7,18.08,18.08,18.8,15375.2,28164.5238,-3.8298
920062.BJ,20260811,7.84,7.84,7.66,7.66,7.86,24363.02,18842.88862,-2.5445
920065.BJ,20260811,38.0,38.0,36.7,36.75,38.18,23640.61,87880.56594,-3.7454
920066.BJ,20260811,17.07,17.28,16.9,16.97,17.12,2980.5,5070.74667,-0.8762
920068.BJ,20260811,15.77,15.89,15.38,15.4,15.95,12165.85,18870.83327,-3.4483
920069.BJ,20260811,34.34,35.75,34.33,34.5,34.93,6165.49,21474.83931,-1.231
920072.BJ,20260811,28.0,28.85,27.51,28.13,28.33,17918.64,50403.61685,-0.706
920075.BJ,20260811,15.96,16.01,15.6,15.64,15.93,5206.62,8200.26407,-1.8205
920076.BJ,20260811,12.94,12.97,12.71,12.73,12.94,4329.79,5557.20058,-1.6229
920077.BJ,20260811,14.6,14.72,14.33,14.36,14.78,36009.15,52253.22298,-2.8417
920078.BJ,20260811,20.22,20.39,19.56,19.57,20.43,23545.56,46649.74996,-4.2095
920079.BJ,20260811,14.81,14.81,14.47,14.5,14.8,60325.12,87966.58102,-2.027
920080.BJ,20260811,21.68,21.86,21.6,21.79,21.85,724.02,1569.35064,-0.2746
920081.BJ,20260811,40.5,40.5,39.3,39.3,40.49,11669.76,46529.90145,-2.939
920082.BJ,20260811,8.48,8.54,8.34,8.35,8.53,10884.63,9176.68263,-2.1102
920083.BJ,20260811,33.56,33.74,32.38,32.38,33.78,17976.75,59085.54469,-4.1445
920086.BJ,20260811,21.6,21.6,20.99,21.08,21.58,6459.16,13704.8886,-2.317
920087.BJ,20260811,11.25,11.59,11.06,11.08,11.49,72639.92,81801.90666,-3.5683
920088.BJ,20260811,47.6,48.89,46.0,48.2,44.44,79631.49,377867.61214,8.4608
920089.BJ,20260811,10.42,10.44,10.22,10.27,10.5,11095.94,11422.87673,-2.1905
920090.BJ,20260811,3.88,3.96,3.8,3.92,3.9,37136.56,14442.99208,0.5128
920091.BJ,20260811,31.0,31.44,30.56,30.8,31.23,3669.2,11354.41654,-1.3769
920092.BJ,20260811,30.5,32.1,29.4,31.07,30.6,53121.12,165406.61422,1.5359
920096.BJ,20260811,36.59,36.76,35.01,35.9,36.62,12220.86,43676.36045,-1.9661
920098.BJ,20260811,17.65,18.1,17.36,17.38,17.57,8017.94,14218.85923,-1.0814
920099.BJ,20260811,19.31,19.66,19.23,19.5,19.49,5705.67,11105.91087,0.0513
920100.BJ,20260811,35.01,37.8,34.65,37.3,35.38,28736.8,104840.94913,5.4268
920101.BJ,20260811,17.45,17.45,17.04,17.07,17.42,3079.68,5289.07455,-2.0092
920106.BJ,20260811,37.88,38.14,37.37,37.55,37.88,3932.36,14807.80772,-0.8712
920108.BJ,20260811,9.3,9.3,9.13,9.13,9.23,3788.94,3481.23398,-1.0834
920110.BJ,20260811,26.18,26.47,26.06,26.2,26.55,984.2,2580.60407,-1.3183
920111.BJ,20260811,27.3,27.38,26.77,26.87,27.4,14762.35,39786.23447,-1.9343
920112.BJ,20260811,17.0,17.25,16.7,16.74,17.01,2902.54,4910.08439,-1.5873
920116.BJ,20260811,49.0,49.02,48.0,48.31,51.9,35649.02,172830.35505,-6.9171
920117.BJ,20260811,32.0,36.78,32.0,33.33,34.49,108180.13,376359.74127,-3.3633
920118.BJ,20260811,20.16,20.16,19.4,19.63,20.17,8038.08,15910.27235,-2.6772
920119.BJ,20260811,49.85,49.85,48.84,48.87,49.85,2950.64,14520.90193,-1.9659
920121.BJ,20260811,28.46,28.48,28.11,28.13,28.46,1453.94,4106.64417,-1.1595
920122.BJ,20260811,22.96,23.19,22.54,22.63,23.19,9403.51,21376.65201,-2.4148
920123.BJ,20260811,11.04,11.25,10.78,10.85,11.1,9986.02,10987.39521,-2.2523
920124.BJ,20260811,12.91,12.91,12.68,12.7,12.91,9873.29,12618.33666,-1.6266
920125.BJ,20260811,136.5,136.5,130.2,132.48,138.0,20254.11,268674.70638,-4.0
920126.BJ,20260811,10.51,10.61,10.32,10.4,10.6,18907.54,19739.54635,-1.8868
920128.BJ,20260811,18.46,18.88,18.03,18.5,18.46,15176.58,28065.71794,0.2167
920130.BJ,20260811,19.91,22.73,19.91,20.91,19.71,88082.95,187695.40483,6.0883
920132.BJ,20260811,8.68,8.77,8.58,8.66,8.67,5445.18,4733.34283,-0.1153
920136.BJ,20260811,21.4,21.4,20.8,21.06,21.6,20761.75,43709.50152,-2.5
920139.BJ,20260811,15.46,15.49,15.19,15.2,15.38,26328.67,40314.84964,-1.1704
920145.BJ,20260811,10.26,10.38,10.06,10.18,10.16,5194.97,5304.56031,0.1969
920146.BJ,20260811,5.18,5.19,5.06,5.11,5.12,14005.91,7178.5692,-0.1953
920149.BJ,20260811,8.1,8.11,7.99,8.03,8.11,4633.64,3722.76636,-0.9864
920152.BJ,20260811,13.79,13.79,13.42,13.53,13.74,6305.68,8545.7217,-1.5284
920156.BJ,20260811,39.81,39.96,38.59,38.68,39.99,10142.35,39518.47034,-3.2758
920158.BJ,20260811,8.58,8.7,8.42,8.42,8.54,11863.32,10094.6833,-1.4052
920159.BJ,20260811,28.96,29.17,28.51,28.51,28.94,4442.14,12763.60392,-1.4858
920160.BJ,20260811,19.97,19.98,19.62,19.68,20.02,4314.22,8545.88295,-1.6983
920161.BJ,20260811,24.51,24.88,24.0,24.28,24.74,27485.23,66967.22433,-1.8593
920163.BJ,20260811,11.23,11.35,11.1,11.25,11.25,4492.44,5029.40918,0.0
920165.BJ,20260811,60.95,61.48,44.44,45.94,19.26,79318.82,417444.48221,138.5254
920166.BJ,20260811,21.52,24.0,21.22,23.28,22.06,17471.45,39866.33526,5.5304
920167.BJ,20260811,15.38,15.38,15.13,15.2,15.39,7754.07,11807.84226,-1.2346
920168.BJ,20260811,16.03,16.03,15.81,15.83,16.03,3133.13,4980.97025,-1.2477
920169.BJ,20260811,18.75,18.8,18.05,18.21,19.1,17092.41,31199.22104,-4.6597
920171.BJ,20260811,17.05,17.45,16.94,17.01,17.18,11940.47,20538.30353,-0.9895
920174.BJ,20260811,29.07,29.4,28.68,28.72,29.38,9200.1,26657.54737,-2.2464
920175.BJ,20260811,8.26,8.28,8.06,8.07,8.22,11783.51,9558.59037,-1.8248
920176.BJ,20260811,74.0,74.3,68.29,68.29,77.0,28706.46,203991.6621,-11.3117
920177.BJ,20260811,25.2,25.2,24.82,24.82,25.27,2370.61,5915.0154,-1.7808
920178.BJ,20260811,108.0,109.56,103.1,104.8,112.21,22746.13,241344.3078,-6.6037
920179.BJ,20260811,57.5,59.7,56.16,56.24,61.49,68126.92,393978.99958,-8.538
920180.BJ,20260811,12.15,12.36,12.0,12.06,12.18,5783.62,7034.24675,-0.9852
920181.BJ,20260811,71.37,71.9,69.91,69.94,72.14,5786.61,40774.11434,-3.0496
920183.BJ,20260811,29.89,29.89,29.11,29.45,29.68,1926.66,5662.19865,-0.7749
920184.BJ,20260811,11.76,11.76,11.51,11.52,11.76,11795.1,13694.00318,-2.0408
920185.BJ,20260811,21.61,21.78,21.29,21.33,21.67,28888.93,62221.32697,-1.569
920186.BJ,20260811,75.08,75.88,73.33,73.86,76.07,41921.82,311634.41582,-2.9052
920187.BJ,20260811,19.93,19.93,19.26,19.43,19.93,10308.09,20141.47369,-2.5088
920188.BJ,20260811,23.48,23.56,22.93,23.05,23.48,6840.21,15783.37005,-1.8313
920189.BJ,20260811,21.96,21.96,20.95,21.11,21.97,51528.05,109393.78285,-3.9144
920190.BJ,20260811,25.0,25.0,23.5,23.65,25.69,75164.74,179933.48283,-7.9408
920191.BJ,20260811,9.0,9.0,8.82,8.87,9.0,8356.97,7437.21481,-1.4444
920193.BJ,20260811,34.67,35.35,33.23,34.02,35.29,55991.33,190592.30848,-3.5988
920195.BJ,20260811,12.5,12.56,12.3,12.37,12.46,4476.6,5569.33185,-0.7223
920198.BJ,20260811,8.0,8.05,7.84,7.84,8.02,21040.97,16603.68253,-2.2444
920199.BJ,20260811,26.82,27.7,26.53,27.22,27.18,16762.11,45677.70161,0.1472
920200.BJ,20260811,30.45,30.45,29.5,29.96,30.49,15585.98,46711.09372,-1.7383
920204.BJ,20260811,12.95,13.18,12.8,12.8,13.07,8862.16,11410.1756,-2.0658
920206.BJ,20260811,35.0,35.25,33.81,34.22,34.9,5966.06,20451.90681,-1.9484
920207.BJ,20260811,23.3,23.84,23.04,23.2,23.57,23611.03,55187.92183,-1.5698
920208.BJ,20260811,12.67,12.8,12.47,12.54,12.72,15337.58,19256.34949,-1.4151
920211.BJ,20260811,108.38,112.87,104.5,109.66,109.05,7659.73,83640.92035,0.5594
920212.BJ,20260811,9.58,9.64,9.43,9.51,9.55,5139.94,4904.92806,-0.4188
920218.BJ,20260811,18.27,18.3,17.5,17.61,18.4,20893.48,37274.53722,-4.2935
920220.BJ,20260811,41.76,42.46,40.53,41.55,42.0,7888.75,32562.10333,-1.0714
920221.BJ,20260811,13.32,13.42,12.95,13.16,13.32,12552.03,16563.06875,-1.2012
920222.BJ,20260811,28.99,29.39,28.01,28.45,30.5,33690.77,96492.46918,-6.7213
920223.BJ,20260811,11.45,11.46,11.13,11.2,11.45,16722.12,18821.96431,-2.1834
920225.BJ,20260811,14.72,14.82,14.31,14.4,14.72,19608.64,28372.04807,-2.1739
920227.BJ,20260811,50.1,50.99,49.17,49.5,50.29,3073.7,15281.21965,-1.5709
920230.BJ,20260811,10.8,11.4,10.76,10.86,11.11,43122.45,47800.73519,-2.2502
920237.BJ,20260811,13.27,13.27,12.88,12.91,13.27,6489.0,8438.60203,-2.7129
920238.BJ,20260811,72.58,74.23,69.7,70.79,73.58,37889.64,269922.58799,-3.7918
920239.BJ,20260811,22.94,22.94,22.23,22.31,22.78,8786.86,19664.31249,-2.0632
920242.BJ,20260811,14.12,14.2,13.95,14.0,14.08,2002.25,2810.8004,-0.5682
920245.BJ,20260811,13.03,13.1,12.85,13.1,13.09,4761.7,6154.6115,0.0764
920247.BJ,20260811,14.9,15.09,14.66,14.79,14.89,13198.02,19596.88995,-0.6716
920249.BJ,20260811,9.1,9.17,8.96,9.04,9.16,33067.71,30017.96607,-1.31
920252.BJ,20260811,16.1,16.25,15.91,15.94,16.29,13891.94,22259.40572,-2.1486
920258.BJ,20260811,13.34,13.35,12.8,12.8,13.3,75291.96,97236.40932,-3.7594
920260.BJ,20260811,8.14,8.14,7.89,7.98,8.05,4062.42,3241.11197,-0.8696
920261.BJ,20260811,13.8,13.98,13.67,13.79,13.76,9696.06,13446.0509,0.218
920262.BJ,20260811,14.47,14.55,14.22,14.35,14.47,7812.24,11209.72997,-0.8293
920263.BJ,20260811,7.31,7.31,7.15,7.2,7.27,6415.18,4613.47757,-0.9629
920266.BJ,20260811,7.59,8.05,7.5,7.67,7.65,62079.94,48111.2329,0.2614
920267.BJ,20260811,17.77,18.26,17.44,17.96,18.15,19582.35,34798.57137,-1.0468
920270.BJ,20260811,12.36,12.45,12.07,12.23,12.27,5422.93,6635.84398,-0.326
920271.BJ,20260811,9.79,9.8,9.51,9.51,9.82,10204.6,9839.49334,-3.1568
920273.BJ,20260811,17.42,17.77,17.04,17.09,17.5,19369.22,33557.43265,-2.3429
920274.BJ,20260811,13.96,15.41,13.96,14.96,15.47,11245.86,16951.51038,-3.2967
920275.BJ,20260811,6.8,6.82,6.59,6.63,6.82,5988.36,4014.00091,-2.7859
920278.BJ,20260811,6.39,6.78,6.34,6.47,6.39,36425.69,23758.35328,1.252
920284.BJ,20260811,18.5,19.08,18.23,18.36,18.67,23348.82,43288.78053,-1.6604
920299.BJ,20260811,16.6,16.72,16.23,16.28,16.72,14301.8,23467.52191,-2.6316
920300.BJ,20260811,9.83,9.91,9.64,9.72,9.81,9745.65,9507.85508,-0.9174
920304.BJ,20260811,8.86,8.91,8.69,8.73,8.95,17598.9,15471.72943,-2.4581
920339.BJ,20260811,11.53,12.3,11.5,12.03,11.58,18341.8,21801.95075,3.886
920344.BJ,20260811,19.37,20.37,19.0,19.91,19.59,20554.81,41057.67393,1.6335
920346.BJ,20260811,15.3,15.45,15.1,15.22,15.37,2314.67,3536.82879,-0.9759
920351.BJ,20260811,11.76,11.84,11.42,11.44,11.76,7827.9,9069.43109,-2.7211
920357.BJ,20260811,16.45,16.54,16.12,16.32,16.56,18186.2,29658.75632,-1.4493
920363.BJ,20260811,10.58,10.58,10.3,10.35,10.58,9824.64,10169.17786,-2.1739
920367.BJ,20260811,23.58,25.86,23.58,24.38,24.74,79564.6,198766.2426,-1.4551
920368.BJ,20260811,25.19,25.19,24.5,24.64,25.2,28169.13,69928.55297,-2.2222
920370.BJ,20260811,2.74,2.96,2.73,2.76,2.72,45373.6,12736.2909,1.4706
920371.BJ,20260811,7.17,7.27,7.08,7.11,7.23,13880.42,9949.35476,-1.6598
920374.BJ,20260811,15.48,15.63,15.16,15.3,15.54,4570.05,6993.8001,-1.5444
920375.BJ,20260811,7.77,7.77,7.54,7.57,7.66,20260.0,15421.31637,-1.1749
920378.BJ,20260811,7.28,7.43,7.11,7.38,7.34,14772.11,10758.06878,0.545
920392.BJ,20260811,13.85,14.01,13.64,13.75,13.8,4598.63,6342.92606,-0.3623
920394.BJ,20260811,45.99,45.99,44.77,45.0,46.05,8222.64,37105.93182,-2.2801
920395.BJ,20260811,7.25,7.25,7.11,7.14,7.21,3455.84,2474.83222,-0.9709
920396.BJ,20260811,21.55,21.64,21.05,21.23,21.55,18214.75,38766.10321,-1.4849
920402.BJ,20260811,9.06,9.12,8.96,9.02,9.14,41421.19,37427.94675,-1.3129
920403.BJ,20260811,19.32,19.32,18.4,18.48,19.17,24098.02,45188.67114,-3.5994
920405.BJ,20260811,18.48,19.38,17.96,19.18,18.48,16416.41,31075.14216,3.7879
920407.BJ,20260811,10.92,10.92,10.64,10.73,10.9,4108.04,4427.73077,-1.5596
920414.BJ,20260811,8.3,8.36,8.16,8.26,8.31,9552.1,7904.00308,-0.6017
920415.BJ,20260811,9.29,9.29,9.04,9.08,9.21,12574.45,11454.78064,-1.4115
920418.BJ,20260811,19.33,19.99,18.94,19.6,19.5,22180.15,43213.17164,0.5128
920419.BJ,20260811,10.89,10.89,10.51,10.59,10.85,10697.79,11422.32751,-2.3963
920422.BJ,20260811,9.51,9.57,9.37,9.37,9.55,7953.29,7494.1173,-1.8848
920425.BJ,20260811,14.63,14.76,14.4,14.6,14.63,12826.05,18667.73184,-0.2051
920427.BJ,20260811,8.8,8.92,8.7,8.7,8.83,9280.11,8134.76396,-1.4723
920429.BJ,20260811,9.25,9.31,9.04,9.12,9.31,8903.46,8143.74601,-2.0408
920433.BJ,20260811,4.94,5.74,4.87,5.28,4.94,121163.71,63874.65493,6.8826
920436.BJ,20260811,10.61,10.69,10.45,10.49,10.65,5193.49,5477.62717,-1.5023
920438.BJ,20260811,112.0,118.88,111.72,114.68,114.84,34900.81,403533.91993,-0.1393
920445.BJ,20260811,6.6,6.65,6.5,6.51,6.65,16172.45,10625.22641,-2.1053
920454.BJ,20260811,11.06,11.24,10.98,11.13,11.13,5223.15,5791.63367,0.0
920455.BJ,20260811,5.97,5.97,5.83,5.89,5.94,5454.73,3226.60811,-0.8418
920469.BJ,20260811,5.68,5.69,5.52,5.62,5.68,15544.05,8672.62289,-1.0563
920471.BJ,20260811,11.42,11.52,11.3,11.36,11.45,5634.51,6414.18461,-0.786
920475.BJ,20260811,12.05,12.06,11.6,11.7,11.87,7214.62,8491.60157,-1.4322
920476.BJ,20260811,22.52,22.88,22.35,22.52,22.8,7606.7,17134.76488,-1.2281
920478.BJ,20260811,11.41,12.58,11.03,12.03,11.79,89436.54,107618.66592,2.0356
920489.BJ,20260811,13.72,14.06,13.58,13.58,13.9,36889.61,50754.66444,-2.3022
920491.BJ,20260811,23.19,23.29,22.22,22.28,23.19,41944.67,94856.69706,-3.9241
920493.BJ,20260811,120.28,123.37,118.26,119.15,120.21,14443.9,174286.76772,-0.8818
920496.BJ,20260811,6.49,6.57,6.4,6.42,6.53,13718.96,8860.94219,-1.6845
920504.BJ,20260811,17.92,18.9,17.92,17.96,18.6,15254.87,27672.83677,-3.4409
920505.BJ,20260811,29.8,30.3,29.36,29.8,30.76,19184.19,57155.58095,-3.1209
920508.BJ,20260811,15.67,15.67,15.08,15.3,15.4,5191.99,7930.85244,-0.6494
920509.BJ,20260811,20.5,20.5,20.19,20.3,20.58,16370.47,33279.66647,-1.3605
920510.BJ,20260811,23.0,26.83,22.4,25.92,22.75,148467.86,365267.02494,13.9341
920519.BJ,20260811,10.09,10.14,9.94,10.04,10.12,4102.43,4115.55715,-0.7905
920522.BJ,20260811,22.65,22.77,22.15,22.22,22.64,41442.32,92865.71097,-1.8551
920523.BJ,20260811,15.93,16.07,15.73,15.73,15.91,6411.97,10144.84574,-1.1314
920526.BJ,20260811,20.41,20.69,19.89,20.07,21.0,22455.64,45254.86098,-4.4286
920527.BJ,20260811,14.06,14.17,13.8,13.92,14.17,7632.0,10656.86076,-1.7643
920533.BJ,20260811,18.28,20.03,18.1,19.44,18.25,40237.48,77154.1156,6.5205
920541.BJ,20260811,9.78,9.87,9.76,9.78,9.84,3914.4,3841.14965,-0.6098
920547.BJ,20260811,18.69,19.08,18.51,18.66,18.74,6035.05,11349.75033,-0.4269
920553.BJ,20260811,6.88,7.89,6.76,7.23,6.9,64718.38,47627.58957,4.7826
920556.BJ,20260811,6.99,7.18,6.82,6.82,6.85,33121.53,23069.93885,-0.438
920564.BJ,20260811,14.9,14.9,14.24,14.33,14.61,8903.33,12896.1419,-1.9165
920566.BJ,20260811,9.9,10.18,9.9,10.04,10.04,24961.4,25093.17363,0.0
920570.BJ,20260811,25.45,26.68,24.61,26.07,25.2,17464.27,45287.45501,3.4524
920571.BJ,20260811,8.6,8.85,8.57,8.57,8.88,132493.76,115238.25677,-3.491
920575.BJ,20260811,4.86,5.19,4.86,5.13,4.85,93186.02,47437.55624,5.7732
920576.BJ,20260811,42.5,43.49,41.01,41.88,46.1,30108.99,126044.28781,-9.154
920578.BJ,20260811,17.09,18.28,16.79,17.96,17.09,28340.0,49889.77404,5.0907
920579.BJ,20260811,15.21,15.43,15.03,15.24,15.35,9931.98,15117.87322,-0.7166
920580.BJ,20260811,11.5,11.5,11.24,11.24,11.51,13536.04,15344.1875,-2.3458
920592.BJ,20260811,21.43,21.52,21.01,21.14,21.5,11372.23,24135.69918,-1.6744
920593.BJ,20260811,25.31,26.55,25.14,26.07,25.33,34575.21,89806.67858,2.9214
920599.BJ,20260811,17.16,17.25,16.94,17.18,17.08,21694.48,37214.83906,0.5855
920608.BJ,20260811,13.88,13.88,13.55,13.55,13.8,1683.11,2296.19904,-1.8116
920627.BJ,20260811,14.5,14.5,14.22,14.26,14.57,6800.26,9730.77702,-2.1277
920634.BJ,20260811,17.95,18.04,17.28,17.36,18.02,22483.38,39551.04857,-3.6626
920639.BJ,20260811,6.33,6.33,6.21,6.21,6.32,11262.41,7036.06722,-1.7405
920640.BJ,20260811,27.44,27.86,27.0,27.06,28.06,29867.71,81245.30465,-3.5638
920641.BJ,20260811,13.04,13.05,12.71,12.79,12.98,7338.6,9454.70856,-1.4638
920642.BJ,20260811,10.6,10.69,10.35,10.43,10.92,32159.28,33716.32557,-4.4872
920651.BJ,20260811,22.18,24.29,21.75,24.29,22.06,19916.27,46290.44306,10.1088
920656.BJ,20260811,14.18,14.39,13.99,14.05,14.22,4339.57,6150.59954,-1.1955
920662.BJ,20260811,19.05,19.05,18.49,18.62,19.19,12770.27,23851.38655,-2.9703
920663.BJ,20260811,12.78,13.36,12.61,13.11,12.88,10447.89,13591.54626,1.7857
920665.BJ,20260811,8.98,8.98,8.8,8.85,9.0,13187.9,11695.49065,-1.6667
920670.BJ,20260811,13.68,13.88,13.33,13.39,13.83,27036.85,36640.16477,-3.1815
920675.BJ,20260811,7.5,7.5,7.31,7.35,7.45,10071.85,7430.6956,-1.3423
920679.BJ,20260811,15.76,15.88,15.55,15.58,15.86,1669.33,2617.57848,-1.7654
920682.BJ,20260811,5.81,5.89,5.8,5.82,5.89,14617.89,8523.65464,-1.1885
920685.BJ,20260811,12.51,12.8,12.38,12.57,12.83,28381.68,35705.20246,-2.0265
920689.BJ,20260811,20.38,20.42,20.01,20.06,20.33,3493.54,7023.06456,-1.3281
920690.BJ,20260811,18.59,19.18,18.2,19.15,18.77,36239.56,67831.79342,2.0245
920693.BJ,20260811,23.85,23.85,23.15,23.17,23.79,6374.76,14891.98936,-2.6061
920694.BJ,20260811,14.25,14.32,14.1,14.17,14.37,3045.02,4326.65704,-1.3918
920699.BJ,20260811,83.6,83.62,77.77,79.41,82.4,17528.9,140707.1698,-3.6286
920701.BJ,20260811,13.64,14.07,13.24,13.88,13.61,25807.81,35185.08236,1.9838
920703.BJ,20260811,9.62,9.85,9.62,9.78,9.68,5314.04,5182.72521,1.0331
920706.BJ,20260811,15.08,15.12,14.7,14.75,15.25,16644.91,24768.05902,-3.2787
920717.BJ,20260811,8.15,8.19,8.0,8.0,8.14,10642.76,8616.69631,-1.7199
920718.BJ,20260811,9.86,10.0,9.73,9.86,9.91,9391.47,9286.4572,-0.5045
920719.BJ,20260811,7.98,7.98,7.87,7.88,8.04,8563.35,6786.35344,-1.99
920720.BJ,20260811,9.82,9.88,9.67,9.69,9.82,12214.18,11932.57054,-1.3238
920725.BJ,20260811,75.98,76.5,72.06,73.79,76.07,31939.92,236020.0544,-2.9972
920726.BJ,20260811,16.7,17.17,16.28,16.32,16.62,31203.64,51774.21524,-1.8051
920729.BJ,20260811,6.82,6.94,6.79,6.8,6.88,10096.25,6920.55602,-1.1628
920735.BJ,20260811,24.71,25.89,24.5,25.13,24.9,36741.93,92210.76662,0.9237
920748.BJ,20260811,24.25,24.5,23.63,23.98,24.41,12315.3,29565.40987,-1.7616
920751.BJ,20260811,17.02,17.05,16.25,16.32,17.31,14063.0,23192.90741,-5.7192
920753.BJ,20260811,15.42,15.65,15.19,15.26,15.54,3696.43,5655.50805,-1.8018
920765.BJ,20260811,12.27,12.3,12.14,12.14,12.29,5896.03,7184.19278,-1.2205
920768.BJ,20260811,7.16,7.17,7.04,7.14,7.16,11666.21,8283.72012,-0.2793
920770.BJ,20260811,10.75,10.77,10.54,10.56,10.74,17077.39,18167.15289,-1.676
920779.BJ,20260811,25.1,25.2,24.48,24.6,25.34,11535.3,28442.03261,-2.9203
920781.BJ,20260811,5.89,5.89,5.73,5.75,5.89,21862.69,12693.61948,-2.3769
920786.BJ,20260811,7.11,7.34,7.0,7.04,7.17,124855.56,89057.56527,-1.8131
920790.BJ,20260811,23.85,24.47,23.39,23.47,23.81,27112.38,64795.09129,-1.428
920792.BJ,20260811,10.1,10.1,9.9,9.91,10.05,2402.59,2395.4155,-1.393
920799.BJ,20260811,30.52,30.82,30.04,30.18,30.48,21865.41,66436.15661,-0.9843
920802.BJ,20260811,10.83,10.86,10.53,10.67,10.72,3405.49,3632.38927,-0.4664
920806.BJ,20260811,10.45,10.5,10.33,10.35,10.51,17758.09,18459.91683,-1.5224
920807.BJ,20260811,10.15,10.15,9.73,9.88,10.1,34221.5,33760.02703,-2.1782
920808.BJ,20260811,61.5,61.98,60.1,60.9,60.87,13007.93,79531.53791,0.0493
920809.BJ,20260811,7.92,7.98,7.83,7.95,7.93,67713.0,53509.22257,0.2522
920810.BJ,20260811,8.82,8.88,8.63,8.69,8.82,9060.01,7907.43317,-1.4739
920819.BJ,20260811,2.85,2.89,2.82,2.84,2.84,37358.18,10668.87913,0.0
920821.BJ,20260811,19.03,19.17,18.45,18.65,19.17,27093.3,50728.54268,-2.7126
920826.BJ,20260811,8.26,8.4,8.0,8.0,8.3,26235.29,21453.3936,-3.6145
920832.BJ,20260811,6.39,6.56,6.31,6.31,6.39,11887.86,7636.63618,-1.252
920833.BJ,20260811,8.76,9.13,8.73,8.95,8.8,8585.02,7665.57328,1.7045
920834.BJ,20260811,9.04,9.25,8.93,9.19,9.13,15370.26,13989.7852,0.6572
920837.BJ,20260811,9.87,9.95,9.8,9.8,9.95,4853.39,4780.35015,-1.5075
920839.BJ,20260811,25.21,25.75,25.02,25.43,25.28,5242.03,13348.14314,0.5934
920855.BJ,20260811,12.55,12.55,12.17,12.45,12.44,875.55,1080.31052,0.0804
920856.BJ,20260811,11.47,11.5,11.23,11.49,11.49,12393.42,14101.03727,0.0
920857.BJ,20260811,19.35,19.75,19.06,19.29,19.55,7565.43,14657.1388,-1.3299
920866.BJ,20260811,6.03,6.03,5.95,5.97,6.04,11859.19,7081.5518,-1.1589
920870.BJ,20260811,12.65,13.8,12.6,13.0,12.53,62293.48,81983.50679,3.751
920871.BJ,20260811,11.2,11.21,10.99,11.13,11.27,4647.32,5149.92554,-1.2422
920873.BJ,20260811,7.43,7.48,7.31,7.35,7.48,11159.68,8250.76778,-1.738
920876.BJ,20260811,16.36,16.55,16.03,16.26,16.48,8917.29,14494.35978,-1.335
920879.BJ,20260811,13.42,13.42,13.04,13.05,13.33,7040.44,9226.8604,-2.1005
920885.BJ,20260811,12.5,12.56,12.09,12.27,13.02,29059.76,35746.42243,-5.7604
920892.BJ,20260811,10.45,10.48,10.3,10.35,10.51,4087.69,4239.56864,-1.5224
920895.BJ,20260811,12.86,12.95,12.68,12.76,12.86,4855.45,6235.27853,-0.7776
920896.BJ,20260811,12.34,12.5,12.14,12.34,12.41,5056.22,6235.1383,-0.5641
920906.BJ,20260811,16.87,17.09,16.68,16.87,16.87,6759.27,11412.82586,0.0
920914.BJ,20260811,19.3,19.67,18.82,18.82,19.48,22438.22,43139.31654,-3.3881
920924.BJ,20260811,15.45,15.72,15.07,15.47,15.51,27262.57,42130.7986,-0.2579
920925.BJ,20260811,12.78,13.0,12.53,12.58,12.77,19933.53,25389.31713,-1.4879
920926.BJ,20260811,10.81,10.82,10.5,10.5,10.65,5943.7,6315.41512,-1.4085
920931.BJ,20260811,9.94,9.94,9.71,9.71,9.84,2997.61,2939.97822,-1.3211
920932.BJ,20260811,13.05,13.33,12.6,12.66,12.64,22413.14,28719.7451,0.1582
920942.BJ,20260811,18.06,18.06,17.66,17.66,18.24,9848.06,17531.74139,-3.1798
920943.BJ,20260811,15.6,16.25,15.46,15.97,17.29,43438.95,68779.03802,-7.6345
920946.BJ,20260811,9.34,9.64,9.29,9.41,9.41,25721.49,24350.02386,0.0
920950.BJ,20260811,13.01,13.03,12.71,12.77,12.97,1347.05,1726.27584,-1.542
920953.BJ,20260811,24.69,24.87,24.14,24.17,24.81,16419.44,40179.89384,-2.5796
920957.BJ,20260811,9.53,9.58,9.26,9.28,9.57,10030.05,9400.91711,-3.0303
920961.BJ,20260811,19.43,19.44,18.88,19.05,19.87,24888.35,47597.26549,-4.1268
920964.BJ,20260811,4.58,4.6,4.52,4.53,4.57,11688.16,5319.78536,-0.8753
920970.BJ,20260811,6.36,6.66,6.23,6.26,6.51,90916.67,58032.17086,-3.8402
920971.BJ,20260811,25.98,26.99,25.64,26.18,26.27,33149.04,87406.15809,-0.3426
920974.BJ,20260811,6.24,6.24,6.09,6.11,6.23,8931.24,5484.30017,-1.9262
920976.BJ,20260811,18.15,18.2,17.67,17.7,18.03,9241.03,16527.68416,-1.8303
920978.BJ,20260811,20.43,20.89,20.03,20.42,20.29,15851.24,32361.5016,0.6407
920981.BJ,20260811,29.7,30.39,29.05,29.58,29.92,20943.59,62229.12655,-1.1364
920982.BJ,20260811,135.0,142.0,133.3,139.31,136.29,16829.39,234193.53785,2.2159
920985.BJ,20260811,4.84,4.86,4.77,4.79,4.84,17941.51,8620.41823,-1.0331
920992.BJ,20260811,12.08,12.16,11.9,11.93,12.1,5180.74,6218.74308,-1.405
