ts_code,trade_date,open,high,low,close,vol,amount
000001.SZ,20260825,11.57,11.64,11.53,11.59,994881.15,1152242.45667
000002.SZ,20260825,3.05,3.1,3.03,3.09,671713.04,206479.68655
000006.SZ,20260825,6.88,7.25,6.85,7.15,193382.86,137062.933
000007.SZ,20260825,12.49,12.91,12.41,12.82,140870.25,179395.21177
000008.SZ,20260825,2.46,2.52,2.45,2.51,538967.0,134397.174
000009.SZ,20260825,7.25,7.29,7.17,7.26,176285.42,127554.71312
000010.SZ,20260825,1.51,1.55,1.51,1.53,172954.0,26497.673
000011.SZ,20260825,7.97,8.16,7.93,8.1,55658.0,44960.928
000012.SZ,20260825,3.7,3.77,3.68,3.75,169916.63,63495.31732
000014.SZ,20260825,9.89,10.45,9.87,10.42,72016.66,73943.66504
000017.SZ,20260825,8.6,8.6,8.48,8.6,578558.92,497483.9152
000019.SZ,20260825,6.39,6.86,6.37,6.65,313886.85,208903.95871
000020.SZ,20260825,11.85,12.72,11.56,12.69,213071.67,261407.36445
000021.SZ,20260825,36.04,37.33,35.09,36.82,626335.91,2278034.19846
000025.SZ,20260825,15.71,16.53,15.71,16.0,163482.84,262892.52064
000026.SZ,20260825,19.5,20.5,19.1,20.25,120788.26,239693.4252
000027.SZ,20260825,6.14,6.19,6.13,6.17,193487.32,119246.31008
000028.SZ,20260825,19.52,19.87,19.52,19.87,23632.38,46685.59887
000029.SZ,20260825,22.63,22.79,22.18,22.52,41860.0,93852.156
000030.SZ,20260825,4.24,4.33,4.24,4.31,66150.61,28481.49611
000031.SZ,20260825,2.11,2.21,2.11,2.19,480093.6,104639.795
000032.SZ,20260825,14.1,14.44,13.98,14.33,274005.72,389795.17185
000034.SZ,20260825,22.68,23.34,22.6,23.24,138358.63,319167.17036
000035.SZ,20260825,4.62,4.65,4.59,4.6,222212.01,102616.59176
000036.SZ,20260825,3.99,4.07,3.97,4.06,161167.8,65020.7517
000037.SZ,20260825,9.28,9.4,9.16,9.39,94580.92,88066.42952
000039.SZ,20260825,9.19,9.28,9.03,9.1,262887.12,239802.97799
000042.SZ,20260825,8.11,8.48,8.09,8.44,96703.14,80801.11252
001914.SZ,20260825,8.65,8.86,8.63,8.84,50794.0,44648.31828
000045.SZ,20260825,10.52,10.82,10.41,10.77,95207.2,101852.47013
000048.SZ,20260825,21.88,22.19,21.31,21.5,106975.03,231406.0782
000049.SZ,20260825,23.29,23.49,23.13,23.38,57610.37,134423.07873
000050.SZ,20260825,6.37,6.56,6.35,6.54,186529.75,120498.98325
000055.SZ,20260825,3.5,3.6,3.48,3.59,117298.0,41771.103
000056.SZ,20260825,2.01,2.18,2.01,2.07,316249.0,66247.128
000058.SZ,20260825,6.71,6.96,6.7,6.95,71278.98,48876.1099
000059.SZ,20260825,4.65,4.83,4.62,4.76,495273.57,235794.93713
000060.SZ,20260825,6.61,6.67,6.44,6.56,1028964.46,673677.20395
000061.SZ,20260825,5.76,6.08,5.74,6.04,555693.71,332353.67367
000062.SZ,20260825,21.58,22.22,21.4,22.15,112137.45,245749.72471
000063.SZ,20260825,32.92,33.5,32.83,33.42,433397.77,1442725.3558
000065.SZ,20260825,9.98,10.14,9.75,9.98,688485.66,684326.7545
000066.SZ,20260825,13.76,14.1,13.73,14.05,470524.79,657434.70867
000068.SZ,20260825,3.1,3.16,3.08,3.16,123011.0,38473.807
000069.SZ,20260825,1.73,1.79,1.73,1.77,342860.49,60575.21823
000070.SZ,20260825,14.27,16.07,14.16,16.07,535899.74,833419.09976
000078.SZ,20260825,1.58,1.63,1.56,1.61,515869.02,82764.27395
000088.SZ,20260825,4.47,4.54,4.47,4.53,243768.16,110076.10732
000089.SZ,20260825,6.52,6.65,6.49,6.59,213580.0,140858.666
000090.SZ,20260825,3.38,3.51,3.38,3.5,168096.65,58450.82925
000096.SZ,20260825,7.91,8.11,7.88,8.1,76293.0,61491.255
000099.SZ,20260825,13.61,13.67,13.24,13.6,90149.18,121358.85336
000100.SZ,20260825,4.87,4.93,4.83,4.91,2552986.58,1247025.80146
000151.SZ,20260825,9.85,10.09,9.83,10.03,56913.81,56949.48862
000153.SZ,20260825,5.89,6.21,5.86,6.19,313270.99,190901.58793
000155.SZ,20260825,12.05,12.33,11.84,12.02,352468.38,424467.55203
000156.SZ,20260825,6.7,6.87,6.67,6.86,89112.06,60750.40068
000157.SZ,20260825,7.04,7.11,7.02,7.07,290603.08,205170.70606
000158.SZ,20260825,12.47,12.64,12.37,12.58,160652.8,201154.75721
000159.SZ,20260825,5.86,6.01,5.83,6.0,141325.06,84194.03282
000166.SZ,20260825,4.43,4.47,4.43,4.47,419087.2,186723.1285
000301.SZ,20260825,13.3,13.5,12.97,13.02,269728.4,354993.00179
000333.SZ,20260825,86.2,87.4,86.03,86.69,253055.23,2195605.97704
000338.SZ,20260825,26.84,27.55,26.5,27.02,821510.87,2225506.35046
000400.SZ,20260825,21.87,22.36,21.82,22.27,136739.94,303545.19053
000401.SZ,20260825,3.53,3.59,3.51,3.58,80031.7,28583.2256
000402.SZ,20260825,2.42,2.49,2.42,2.48,377974.68,93226.61064
000403.SZ,20260825,10.25,11.03,10.24,10.98,180461.29,193877.941
000404.SZ,20260825,7.05,7.15,7.01,7.14,78545.56,55883.4906
000407.SZ,20260825,4.05,4.16,4.05,4.14,179678.9,74048.57213
000408.SZ,20260825,78.8,78.85,75.18,75.72,122755.34,937548.41528
000409.SZ,20260825,8.53,8.72,8.46,8.72,45077.95,38963.35161
000410.SZ,20260825,5.03,5.14,5.0,5.13,143010.0,72660.86546
000411.SZ,20260825,9.51,9.84,9.51,9.84,33055.96,32225.26673
000415.SZ,20260825,4.52,4.61,4.43,4.46,532317.43,238785.24532
000417.SZ,20260825,5.47,5.68,5.44,5.67,214051.27,119860.63527
000419.SZ,20260825,4.86,4.99,4.84,4.97,70020.01,34620.38987
000420.SZ,20260825,3.63,3.71,3.61,3.7,414454.64,152653.2378
000421.SZ,20260825,5.5,5.71,5.48,5.66,181239.39,101924.20621
000422.SZ,20260825,12.2,12.38,12.16,12.32,150805.26,185769.07101
000423.SZ,20260825,48.18,49.06,48.18,48.89,68760.3,334784.3563
000425.SZ,20260825,7.93,8.03,7.92,8.02,526675.04,421303.19911
000426.SZ,20260825,41.5,41.5,38.79,39.5,949069.26,3776710.85327
000428.SZ,20260825,4.01,4.32,4.0,4.32,181287.51,76787.3104
000429.SZ,20260825,13.29,13.51,13.27,13.45,91653.03,122667.23877
000430.SZ,20260825,6.74,6.93,6.74,6.85,153647.0,105318.109
000488.SZ,20260825,1.85,1.89,1.84,1.89,99804.91,18670.83234
000498.SZ,20260825,4.98,5.02,4.97,5.0,105309.29,52687.904
000501.SZ,20260825,7.01,7.28,7.0,7.27,105643.7,76136.0815
000503.SZ,20260825,6.67,6.92,6.66,6.88,113291.27,77265.27795
000504.SZ,20260825,8.17,8.32,8.05,8.3,30951.0,25489.365
000505.SZ,20260825,6.57,7.28,6.52,6.98,975941.97,683164.67553
000506.SZ,20260825,22.3,22.3,20.3,20.61,1006231.61,2121703.57684
000507.SZ,20260825,4.95,5.02,4.95,5.0,76224.39,38101.49608
000509.SZ,20260825,3.36,3.47,3.35,3.46,255953.0,87855.161
000510.SZ,20260825,16.45,16.7,15.6,16.37,380853.27,614465.30913
000513.SZ,20260825,26.05,26.36,25.74,25.97,111862.41,290207.67702
000514.SZ,20260825,3.93,4.07,3.92,4.05,125131.38,50302.27228
000516.SZ,20260825,4.09,4.18,4.07,4.18,163309.05,67658.74606
000517.SZ,20260825,2.32,2.34,2.24,2.31,498780.62,114166.89436
000518.SZ,20260825,3.71,3.86,3.62,3.84,628762.11,236136.69772
000519.SZ,20260825,13.74,14.11,13.73,14.09,284112.99,397328.34804
000520.SZ,20260825,4.29,4.31,4.13,4.24,324890.0,137238.921
000521.SZ,20260825,4.83,4.88,4.81,4.87,53609.36,26033.2708
000523.SZ,20260825,3.1,3.38,3.09,3.25,1400156.72,462142.2267
000524.SZ,20260825,9.89,10.2,9.88,10.2,240150.24,242578.32254
000525.SZ,20260825,4.25,4.45,4.18,4.39,321212.71,139987.61244
000526.SZ,20260825,34.58,37.3,33.71,36.28,75163.0,267332.448
000528.SZ,20260825,8.02,8.12,8.02,8.12,187323.9,151657.13363
000529.SZ,20260825,4.92,5.06,4.89,5.06,42433.5,21283.5518
000530.SZ,20260825,4.97,5.18,4.93,5.17,232703.65,118568.9632
000531.SZ,20260825,5.58,5.65,5.58,5.64,48711.21,27423.75243
000532.SZ,20260825,11.02,11.38,11.01,11.34,62844.0,70800.146
000533.SZ,20260825,10.5,10.6,10.29,10.55,314461.15,329599.26281
000534.SZ,20260825,23.91,24.75,23.02,24.15,168220.78,398342.75163
000536.SZ,20260825,3.14,3.29,3.12,3.26,459725.2,148419.3038
000537.SZ,20260825,7.5,7.6,7.45,7.57,129080.2,97495.5402
000538.SZ,20260825,49.5,50.03,49.49,50.0,67369.9,335744.05758
000539.SZ,20260825,5.28,5.34,5.24,5.33,344549.56,182847.39691
000541.SZ,20260825,4.88,4.94,4.87,4.93,47540.32,23400.31764
000543.SZ,20260825,7.44,7.49,7.4,7.47,143635.71,107175.90596
000544.SZ,20260825,7.13,7.3,7.11,7.27,38956.0,28199.8065
000545.SZ,20260825,2.5,2.6,2.48,2.59,445457.4,114060.10857
000546.SZ,20260825,4.74,4.83,4.71,4.81,124439.0,59496.23
000547.SZ,20260825,13.38,13.91,13.25,13.83,447745.63,610914.29021
000548.SZ,20260825,4.45,4.55,4.42,4.55,61615.0,27726.651
000550.SZ,20260825,15.6,15.83,15.54,15.74,32007.83,50374.78281
000551.SZ,20260825,12.1,12.45,12.02,12.41,136124.36,166903.11892
000552.SZ,20260825,2.6,2.69,2.6,2.63,972034.07,257124.26148
000553.SZ,20260825,5.41,5.54,5.41,5.48,81377.01,44759.60346
000554.SZ,20260825,6.36,6.55,6.36,6.54,157764.61,102519.57382
000555.SZ,20260825,10.18,10.55,10.13,10.51,186670.0,194560.227
000557.SZ,20260825,3.61,3.69,3.59,3.67,93038.0,34045.039
000558.SZ,20260825,3.39,3.62,3.39,3.53,507201.16,178996.176
000559.SZ,20260825,10.84,11.27,10.77,11.18,322137.03,357688.13366
000560.SZ,20260825,2.15,2.39,2.15,2.39,2848471.41,657564.17665
000561.SZ,20260825,7.5,7.84,7.44,7.79,135138.0,104312.934
000563.SZ,20260825,2.97,3.05,2.96,3.04,648455.7,195997.00625
000564.SZ,20260825,1.42,1.47,1.42,1.45,2666230.41,387122.51804
000565.SZ,20260825,5.89,6.05,5.82,6.03,107333.11,64275.7522
000566.SZ,20260825,4.5,4.97,4.47,4.97,1017138.21,489612.70753
000567.SZ,20260825,5.86,6.04,5.84,6.0,154233.63,91829.91693
000568.SZ,20260825,85.53,86.29,84.0,84.73,88288.98,747357.63599
000570.SZ,20260825,4.99,5.15,4.98,5.14,146755.62,74780.27888
000571.SZ,20260825,5.93,6.21,5.86,6.15,210398.32,127329.9878
000572.SZ,20260825,3.79,3.9,3.73,3.87,492912.06,189125.6528
000573.SZ,20260825,3.61,3.72,3.58,3.71,157155.22,57521.16518
000576.SZ,20260825,7.03,7.29,7.01,7.22,84092.16,60401.61612
000581.SZ,20260825,17.28,17.54,17.21,17.49,51013.73,88768.3402
000582.SZ,20260825,10.34,11.0,10.31,10.82,425881.07,458532.00979
000586.SZ,20260825,12.58,13.07,12.32,12.94,73910.0,94786.276
000589.SZ,20260825,4.24,4.33,4.24,4.32,201361.63,86366.32281
000590.SZ,20260825,9.0,9.45,8.95,9.41,67068.0,61965.714
000591.SZ,20260825,4.25,4.29,4.23,4.28,233750.85,99700.39825
000592.SZ,20260825,5.85,6.25,5.81,6.18,1278938.69,776484.28195
000593.SZ,20260825,22.4,23.35,21.78,23.1,177612.43,401673.13912
000595.SZ,20260825,5.66,5.99,5.44,5.78,512612.3,293543.4702
000596.SZ,20260825,91.51,92.69,90.0,90.86,27951.15,253934.10665
000597.SZ,20260825,4.84,5.01,4.78,4.99,238297.47,117619.846
000598.SZ,20260825,7.16,7.23,7.1,7.14,121363.0,86770.677
000599.SZ,20260825,4.6,4.75,4.57,4.73,96134.04,45051.28884
000600.SZ,20260825,7.93,7.97,7.86,7.96,106211.3,84259.63102
000601.SZ,20260825,6.06,6.2,6.0,6.14,312274.72,190746.50774
000603.SZ,20260825,39.7,39.7,35.95,36.27,951033.97,3512665.05856
000605.SZ,20260825,5.84,6.01,5.71,6.0,37168.81,21986.56751
000607.SZ,20260825,3.63,3.76,3.61,3.75,128083.0,47439.344
000608.SZ,20260825,7.11,7.35,7.0,7.25,154928.16,112162.17464
000609.SZ,20260825,9.9,10.24,9.66,10.08,53058.0,52499.592
000610.SZ,20260825,6.03,6.23,6.03,6.13,25442.0,15609.538
000612.SZ,20260825,11.06,11.15,10.8,10.94,256485.06,281412.66498
000615.SZ,20260825,3.27,3.31,3.27,3.31,40443.0,13317.1855
000617.SZ,20260825,7.21,7.8,7.17,7.45,3207254.04,2397449.59479
000619.SZ,20260825,4.8,4.97,4.78,4.94,47026.0,23054.379
000620.SZ,20260825,3.31,3.64,3.26,3.47,6228493.13,2146220.49566
000623.SZ,20260825,17.92,18.06,17.92,18.06,77871.16,140078.19535
000625.SZ,20260825,7.03,7.11,7.02,7.1,279559.57,197735.19898
000626.SZ,20260825,8.02,8.35,7.93,8.26,149442.0,122487.78372
000628.SZ,20260825,47.37,48.11,45.83,47.86,159413.64,750018.27676
000629.SZ,20260825,3.02,3.04,3.0,3.03,780842.55,236053.65143
000630.SZ,20260825,6.6,6.65,6.36,6.43,2631474.07,1697481.61827
000631.SZ,20260825,2.92,2.98,2.9,2.97,93274.87,27573.99887
000632.SZ,20260825,3.66,3.74,3.57,3.64,65280.16,24023.67956
000633.SZ,20260825,5.23,5.39,5.2,5.37,62532.0,33343.008
000635.SZ,20260825,6.3,6.48,6.22,6.46,43504.0,27786.841
000636.SZ,20260825,50.79,52.59,49.46,51.33,838384.7,4275621.04243
000637.SZ,20260825,4.0,4.12,3.98,4.11,78836.0,32149.303
000639.SZ,20260825,1.82,1.86,1.75,1.77,870569.23,156748.1854
000650.SZ,20260825,5.32,5.5,5.31,5.49,233386.12,126850.01071
000651.SZ,20260825,41.46,41.98,41.41,41.62,485757.09,2024059.69909
000652.SZ,20260825,3.38,3.48,3.37,3.47,108435.84,37396.35844
000655.SZ,20260825,7.06,7.17,7.0,7.12,99659.5,70801.4315
000656.SZ,20260825,1.24,1.28,1.23,1.26,1501575.78,187967.94492
000657.SZ,20260825,65.7,65.86,62.0,63.81,788191.38,5027663.48239
000659.SZ,20260825,2.58,2.85,2.57,2.85,388654.82,105634.4813
000661.SZ,20260825,76.0,80.49,75.7,79.8,96950.92,763664.90036
000663.SZ,20260825,5.59,5.81,5.59,5.8,54462.68,31178.45245
000665.SZ,20260825,3.77,3.92,3.76,3.9,166618.58,64497.30733
000668.SZ,20260825,22.03,23.0,21.6,22.7,32401.0,72542.875
000669.SZ,20260825,4.12,4.21,4.1,4.17,66799.0,27747.99
000670.SZ,20260825,7.05,7.1,6.58,6.99,679327.26,464643.87678
000672.SZ,20260825,13.89,14.03,13.48,13.82,181142.55,249101.69545
000676.SZ,20260825,6.4,6.75,6.38,6.73,777243.88,516397.07711
000677.SZ,20260825,1.68,1.74,1.68,1.72,217280.98,37224.35561
000678.SZ,20260825,8.27,8.85,8.21,8.65,242247.25,208057.52485
000679.SZ,20260825,5.99,6.18,5.98,6.16,57786.0,35259.824
000680.SZ,20260825,10.24,10.37,10.23,10.34,112882.0,116277.327
000681.SZ,20260825,16.44,16.89,16.29,16.85,159970.23,266942.12993
000682.SZ,20260825,11.47,11.56,11.44,11.52,84613.29,97342.69349
000683.SZ,20260825,6.15,6.22,6.06,6.17,689368.28,422941.12924
000685.SZ,20260825,11.15,11.3,11.07,11.13,104057.76,115931.96186
000686.SZ,20260825,7.79,7.86,7.78,7.85,119737.55,93687.64412
000688.SZ,20260825,33.56,33.68,30.51,30.97,313974.67,991615.46111
000690.SZ,20260825,4.94,4.98,4.88,4.93,713109.7,351264.68679
000691.SZ,20260825,10.12,10.44,10.05,10.22,49269.9,50306.6251
000692.SZ,20260825,4.17,4.26,4.11,4.24,180567.54,75966.84418
000695.SZ,20260825,13.86,15.35,13.74,15.35,199645.01,299793.12635
000697.SZ,20260825,8.22,8.33,8.15,8.28,48536.0,40000.476
000698.SZ,20260825,3.52,3.58,3.5,3.57,35163.0,12474.25
000700.SZ,20260825,10.62,10.98,10.47,10.89,230439.05,248871.77657
000701.SZ,20260825,4.98,5.07,4.93,5.05,102273.57,51312.52028
000702.SZ,20260825,5.43,5.66,5.4,5.64,64765.0,36028.88199
000703.SZ,20260825,19.29,19.38,18.0,18.34,1191167.71,2207488.95509
000705.SZ,20260825,6.93,7.24,6.9,7.21,74586.6,53047.9587
000707.SZ,20260825,4.57,4.68,4.55,4.65,84000.23,38983.40295
000708.SZ,20260825,13.94,13.98,13.66,13.81,110084.4,151848.50456
000709.SZ,20260825,2.09,2.12,2.09,2.11,595504.87,125564.68548
000710.SZ,20260825,9.61,9.8,9.33,9.51,406707.3,385953.4113
000711.SZ,20260825,6.54,6.67,6.18,6.2,1531737.33,976564.23682
000712.SZ,20260825,8.89,9.2,8.74,8.86,387749.37,343227.14073
000713.SZ,20260825,6.0,6.44,5.95,6.24,283726.54,177699.03133
000715.SZ,20260825,5.16,5.35,5.14,5.34,128226.6,67629.6541
000716.SZ,20260825,4.68,5.19,4.67,5.02,698123.44,348645.27251
000717.SZ,20260825,2.22,2.3,2.21,2.29,347801.61,78926.63019
000718.SZ,20260825,1.84,1.92,1.84,1.91,262540.9,49744.759
000719.SZ,20260825,11.7,12.13,11.7,12.11,60101.27,71856.55124
000720.SZ,20260825,3.6,3.74,3.56,3.71,343391.0,126199.919
000721.SZ,20260825,6.37,6.71,6.37,6.69,182776.69,120789.91678
000722.SZ,20260825,12.83,12.96,12.6,12.93,84537.11,108535.43368
000723.SZ,20260825,3.92,4.09,3.86,3.87,2759387.41,1092286.3929
000725.SZ,20260825,5.65,5.79,5.53,5.74,10082391.74,5719471.6701
000726.SZ,20260825,5.87,5.96,5.84,5.95,41944.01,24868.65594
000727.SZ,20260825,2.17,2.31,2.16,2.27,1408460.7,317667.64538
000728.SZ,20260825,7.23,7.4,7.21,7.35,731266.36,536164.73988
000729.SZ,20260825,11.38,11.61,11.3,11.41,218954.51,250565.10168
000731.SZ,20260825,6.2,6.24,6.11,6.17,80540.0,49808.722
000733.SZ,20260825,38.71,39.76,38.58,39.58,82099.91,322903.96269
000735.SZ,20260825,5.25,5.51,5.24,5.49,766661.89,414588.06336
000736.SZ,20260825,4.27,4.64,4.24,4.45,337969.33,150701.66857
000737.SZ,20260825,14.9,15.05,14.29,14.53,733584.99,1070339.05849
000738.SZ,20260825,17.74,17.92,17.53,17.77,72358.14,128231.81054
000739.SZ,20260825,19.65,20.95,19.32,20.87,275082.52,559494.25569
000750.SZ,20260825,3.69,3.72,3.68,3.72,228878.75,84934.02945
000751.SZ,20260825,5.22,5.3,5.05,5.13,848301.06,435426.24879
000752.SZ,20260825,8.82,8.95,8.81,8.82,17276.0,15290.835
000753.SZ,20260825,4.59,4.79,4.57,4.76,187608.22,88343.80998
000755.SZ,20260825,4.75,4.82,4.75,4.81,37734.1,18056.6238
000756.SZ,20260825,13.05,13.57,12.99,13.52,107742.13,144219.6498
000757.SZ,20260825,4.28,4.44,4.26,4.43,101452.9,44355.5908
000758.SZ,20260825,6.13,6.17,6.0,6.1,252155.38,153503.30922
000759.SZ,20260825,5.59,6.23,5.57,6.13,1017500.35,615267.34071
000761.SZ,20260825,2.33,2.4,2.31,2.39,188215.98,44699.44722
000762.SZ,20260825,23.15,23.37,22.43,22.8,150479.8,344158.3746
000766.SZ,20260825,15.65,16.17,15.56,16.01,201839.53,320837.30384
000767.SZ,20260825,3.4,3.48,3.38,3.46,617473.06,212684.95662
000768.SZ,20260825,20.7,20.9,20.32,20.46,344755.54,708339.0425
000776.SZ,20260825,20.51,20.63,20.28,20.43,353851.9,722286.57971
000777.SZ,20260825,16.91,17.35,16.82,17.33,67385.42,115812.5953
000778.SZ,20260825,3.61,3.68,3.58,3.64,820978.54,297773.44171
000779.SZ,20260825,9.02,10.01,8.85,10.01,632021.15,608006.76229
000782.SZ,20260825,7.91,7.94,7.64,7.88,165361.75,129010.51851
000783.SZ,20260825,8.57,8.64,8.47,8.6,665335.21,568864.75459
000785.SZ,20260825,2.23,2.31,2.23,2.29,711680.0,162255.99
000786.SZ,20260825,16.99,17.19,16.86,17.0,199345.64,338713.88577
000788.SZ,20260825,5.47,5.73,5.42,5.7,253686.77,142425.20481
000789.SZ,20260825,4.07,4.14,4.05,4.14,33844.0,13949.844
000790.SZ,20260825,4.02,4.19,3.99,4.18,175962.12,72137.9169
000791.SZ,20260825,7.23,7.29,7.18,7.21,159301.51,114893.388
000792.SZ,20260825,28.38,28.59,27.28,27.45,762406.49,2114147.00763
000793.SZ,20260825,2.14,2.15,2.12,2.14,77772.1,16612.6824
000795.SZ,20260825,8.63,9.42,8.6,9.02,598194.54,548382.07426
000796.SZ,20260825,3.82,4.18,3.8,4.18,405819.76,167037.95068
000797.SZ,20260825,2.36,2.45,2.36,2.44,291284.52,70464.25284
000798.SZ,20260825,8.62,9.06,8.6,9.01,191614.03,171209.46787
000799.SZ,20260825,38.5,39.34,38.35,38.92,58908.86,228637.60839
000800.SZ,20260825,6.13,6.25,6.11,6.24,133693.59,83088.15598
000801.SZ,20260825,11.09,11.43,11.01,11.39,105820.99,119566.01567
000802.SZ,20260825,3.8,3.94,3.79,3.9,913101.59,355306.42555
000803.SZ,20260825,7.26,7.48,7.26,7.31,64901.0,47639.78545
000807.SZ,20260825,26.16,26.35,25.77,26.13,441382.95,1150212.37165
000809.SZ,20260825,3.39,3.47,3.33,3.46,110728.0,37933.587
000810.SZ,20260825,9.28,9.75,9.23,9.69,203567.45,194728.14406
000811.SZ,20260825,39.91,43.92,39.18,42.6,608422.26,2547510.65895
000812.SZ,20260825,3.54,3.64,3.52,3.63,125625.96,45244.10052
000813.SZ,20260825,3.17,3.33,3.14,3.31,398017.9,129254.3728
000815.SZ,20260825,15.66,17.29,15.53,16.7,808845.56,1343196.17567
000816.SZ,20260825,2.78,2.84,2.75,2.84,263029.0,74104.25
000818.SZ,20260825,11.56,12.08,11.55,12.0,157351.26,186988.25939
000819.SZ,20260825,11.92,12.1,11.75,12.07,38603.68,46175.013
000820.SZ,20260825,3.44,3.72,3.42,3.59,265314.0,94202.194
000821.SZ,20260825,6.92,7.15,6.89,7.12,60870.0,42868.522
000822.SZ,20260825,4.25,4.41,4.25,4.39,160057.0,69982.517
000823.SZ,20260825,14.3,14.98,14.03,14.86,329379.82,481019.88803
000825.SZ,20260825,3.45,3.52,3.44,3.51,319346.0,111517.2989
000826.SZ,20260825,2.01,2.04,1.97,1.97,239913.51,47854.37089
000828.SZ,20260825,9.89,10.05,9.87,10.0,96881.4,96617.7906
000829.SZ,20260825,8.23,8.58,8.19,8.55,213630.32,180448.01614
000830.SZ,20260825,11.74,12.11,11.73,11.89,309343.98,369639.87086
000831.SZ,20260825,58.22,59.85,57.13,57.83,323540.0,1881551.52572
000833.SZ,20260825,21.0,21.55,20.8,20.88,221476.71,466243.24775
000837.SZ,20260825,9.7,10.19,9.69,10.11,185375.1,185351.161
000838.SZ,20260825,3.0,3.11,2.88,2.94,549913.44,164540.05186
000839.SZ,20260825,2.7,2.75,2.69,2.73,384800.0,105172.147
000848.SZ,20260825,8.44,8.62,8.43,8.59,130429.11,111738.24659
000850.SZ,20260825,4.25,4.41,4.22,4.41,167663.04,72894.07335
000852.SZ,20260825,5.1,5.37,5.08,5.34,237869.19,126050.36299
000856.SZ,20260825,8.24,8.63,8.24,8.6,84882.99,71828.40648
000858.SZ,20260825,71.5,71.8,71.19,71.52,180303.45,1287974.01466
000859.SZ,20260825,8.55,8.74,8.46,8.68,243676.88,210349.883
000860.SZ,20260825,10.26,10.53,10.21,10.44,88352.48,92210.7625
000862.SZ,20260825,5.13,5.25,5.1,5.22,150835.0,78462.057
000863.SZ,20260825,4.09,4.25,4.09,4.23,164533.39,69030.7371
000868.SZ,20260825,3.48,3.55,3.45,3.54,106903.83,37597.40008
000869.SZ,20260825,15.92,16.13,15.88,16.0,19311.36,30926.75045
000875.SZ,20260825,5.03,5.06,4.88,4.91,470134.0,231914.331
000876.SZ,20260825,6.84,7.05,6.84,7.03,374441.93,261682.78062
000877.SZ,20260825,3.65,3.71,3.62,3.71,94339.83,34779.37246
000878.SZ,20260825,16.5,16.67,15.83,16.17,406684.98,656169.58546
000880.SZ,20260825,22.86,23.32,22.66,23.05,54440.63,125191.64226
000881.SZ,20260825,6.34,6.45,6.32,6.43,58725.9,37563.7691
000882.SZ,20260825,1.41,1.48,1.41,1.47,663026.0,96354.807
000883.SZ,20260825,4.48,4.57,4.48,4.54,218173.53,99043.6239
000885.SZ,20260825,12.09,12.18,12.05,12.15,50581.2,61334.30678
000886.SZ,20260825,4.53,4.69,4.51,4.67,158797.5,73553.1095
000887.SZ,20260825,20.96,21.19,20.37,20.87,367268.26,765597.93113
000888.SZ,20260825,9.78,10.04,9.78,9.97,125198.6,124564.73304
000889.SZ,20260825,3.85,4.05,3.82,4.01,564483.6,223479.0626
000890.SZ,20260825,6.93,7.32,6.92,7.25,103555.0,74366.696
000892.SZ,20260825,3.64,3.77,3.6,3.74,296918.0,109881.584
000893.SZ,20260825,46.39,48.81,46.24,46.38,164922.91,783940.25756
000895.SZ,20260825,25.39,25.58,25.06,25.17,98986.65,250114.5021
000897.SZ,20260825,1.75,1.82,1.75,1.82,341605.4,61365.1816
000898.SZ,20260825,1.99,2.03,1.99,2.02,295532.76,59628.43534
000899.SZ,20260825,9.3,9.53,9.25,9.49,107851.0,101699.3711
000900.SZ,20260825,3.63,3.71,3.63,3.7,134267.47,49399.88455
000901.SZ,20260825,13.25,13.77,13.11,13.67,134480.53,182332.31898
000902.SZ,20260825,13.82,13.95,13.58,13.72,130102.0,178834.18244
000903.SZ,20260825,1.87,1.89,1.85,1.87,122934.0,23025.041
000905.SZ,20260825,8.46,8.97,8.46,8.88,176185.32,155463.74378
000906.SZ,20260825,5.27,5.43,5.26,5.42,90127.17,48355.6026
000908.SZ,20260825,6.38,6.55,6.33,6.53,160921.0,103732.165
000909.SZ,20260825,4.13,4.29,4.1,4.28,19908.55,8423.6491
000910.SZ,20260825,5.29,5.45,5.27,5.42,53317.0,28744.525
000911.SZ,20260825,4.97,5.12,4.86,4.93,81785.01,40822.38791
000912.SZ,20260825,3.82,4.03,3.78,3.92,653542.3,255829.33539
000913.SZ,20260825,11.4,11.73,11.36,11.64,38617.4,44645.69127
000915.SZ,20260825,23.64,24.3,23.55,24.27,36544.6,88047.61844
000917.SZ,20260825,6.85,7.05,6.81,7.0,191813.0,133644.207
000919.SZ,20260825,6.51,6.73,6.43,6.71,173860.44,115267.20429
000920.SZ,20260825,11.25,11.48,11.12,11.41,51973.0,58876.651
000921.SZ,20260825,24.8,25.71,24.78,25.67,82784.94,210186.44232
000922.SZ,20260825,11.71,11.88,11.7,11.83,45013.44,53130.855
000923.SZ,20260825,15.8,15.95,15.1,15.61,186123.68,288675.16556
000925.SZ,20260825,9.01,9.01,8.19,8.37,859130.43,725081.39986
000926.SZ,20260825,2.18,2.23,2.17,2.21,291794.62,64484.36509
000927.SZ,20260825,2.42,2.48,2.41,2.48,544130.44,133806.14472
000928.SZ,20260825,5.03,5.12,5.02,5.11,144677.78,73758.29326
000929.SZ,20260825,8.74,9.06,8.7,9.03,23554.0,21012.752
000930.SZ,20260825,4.77,4.91,4.75,4.89,272289.47,132630.50397
000931.SZ,20260825,5.49,5.52,5.04,5.22,1325546.75,691985.91377
000932.SZ,20260825,3.63,3.66,3.61,3.66,616049.36,224092.82037
000933.SZ,20260825,25.9,26.22,25.65,26.01,282682.32,733317.96252
000935.SZ,20260825,21.95,22.7,21.94,22.59,32459.54,72655.82047
000936.SZ,20260825,5.39,5.71,5.37,5.63,381049.57,212749.62381
000937.SZ,20260825,4.81,4.92,4.8,4.86,260559.47,126949.80689
000938.SZ,20260825,34.0,35.34,33.96,35.1,1066408.83,3713520.26326
000948.SZ,20260825,13.56,14.46,13.48,14.37,154476.34,219610.51468
000949.SZ,20260825,6.91,7.18,6.81,7.04,455557.96,319849.16254
000950.SZ,20260825,5.4,5.6,5.37,5.58,364457.73,200998.6489
000951.SZ,20260825,19.78,20.13,19.64,20.07,69515.63,138280.97077
000952.SZ,20260825,6.33,6.57,6.22,6.53,66118.04,42636.58486
000953.SZ,20260825,6.18,6.42,6.1,6.42,93451.0,58762.788
000955.SZ,20260825,4.07,4.24,4.03,4.22,136940.5,57025.95
000957.SZ,20260825,10.31,10.45,10.27,10.42,65409.0,67958.338
000958.SZ,20260825,5.25,5.32,5.24,5.31,103298.37,54590.43662
000959.SZ,20260825,3.52,3.58,3.51,3.56,301898.24,107035.31548
000960.SZ,20260825,35.46,35.98,34.22,34.9,503199.84,1751294.28631
000962.SZ,20260825,50.01,54.04,50.01,51.99,256824.07,1346264.00372
000963.SZ,20260825,27.05,27.32,26.93,27.28,128970.36,350600.74805
000965.SZ,20260825,3.11,3.23,3.11,3.22,195749.29,62440.0114
000966.SZ,20260825,3.97,4.02,3.96,4.01,264670.87,105801.126
000967.SZ,20260825,8.08,8.24,7.95,8.17,432190.52,350897.59697
000968.SZ,20260825,7.0,7.2,6.97,7.16,266310.68,190082.46862
000969.SZ,20260825,16.38,16.69,16.23,16.63,143813.75,237328.8745
000970.SZ,20260825,12.09,12.26,11.97,12.13,225242.38,272842.55501
000972.SZ,20260825,3.52,3.67,3.51,3.64,138203.01,50175.57564
000973.SZ,20260825,14.4,14.58,13.91,14.04,479006.99,677542.66311
000975.SZ,20260825,29.26,29.39,27.5,27.8,558772.76,1571228.86914
000977.SZ,20260825,71.43,74.99,71.42,74.11,400853.9,2937106.20801
000978.SZ,20260825,6.09,6.23,6.09,6.21,69502.0,43026.915
000980.SZ,20260825,1.62,1.67,1.61,1.66,906405.97,149479.08502
000981.SZ,20260825,2.61,2.7,2.6,2.67,1864337.71,496868.84831
000983.SZ,20260825,7.38,7.54,7.29,7.32,1132060.98,837056.10447
000985.SZ,20260825,15.71,16.1,15.64,15.93,22229.0,35293.272
000987.SZ,20260825,7.48,7.56,7.45,7.55,229520.56,172568.37994
000988.SZ,20260825,101.06,106.49,100.02,105.27,348942.24,3612940.03645
000989.SZ,20260825,8.6,8.9,8.52,8.85,215995.0,189374.521
000990.SZ,20260825,6.28,6.45,6.26,6.38,283630.91,180736.52104
000993.SZ,20260825,9.62,9.85,9.62,9.81,39740.29,38850.03814
000995.SZ,20260825,10.87,11.24,10.7,11.08,137173.0,151559.68774
000997.SZ,20260825,18.28,18.98,18.28,18.81,234304.77,440691.10652
000998.SZ,20260825,8.68,9.27,8.6,8.92,714904.69,642227.58842
000999.SZ,20260825,23.55,24.13,23.47,24.11,97470.99,232987.2437
001201.SZ,20260825,11.86,12.07,11.76,12.05,30530.8,36641.35404
001202.SZ,20260825,13.54,13.7,13.13,13.6,23773.72,32183.9938
001203.SZ,20260825,27.41,27.75,25.8,26.1,274999.09,729356.34354
001205.SZ,20260825,14.55,14.69,14.48,14.63,24066.0,35037.85
001206.SZ,20260825,16.12,16.73,16.06,16.67,41343.0,68514.085
001207.SZ,20260825,16.68,16.87,16.27,16.84,41402.2,68880.615
001208.SZ,20260825,13.02,13.6,12.95,13.5,113575.44,151844.85428
001209.SZ,20260825,17.5,17.67,17.35,17.5,18890.0,33056.2336
001210.SZ,20260825,26.29,27.2,25.79,26.89,100892.52,268309.40097
001211.SZ,20260825,24.19,24.33,23.84,23.99,27962.1,67192.67675
001212.SZ,20260825,32.3,32.98,32.05,32.82,24010.88,78141.56108
001213.SZ,20260825,3.49,3.56,3.49,3.55,71581.98,25327.4809
001215.SZ,20260825,30.76,31.5,30.52,31.37,15022.0,46798.364
001216.SZ,20260825,14.31,14.6,14.31,14.52,17657.4,25598.9708
001217.SZ,20260825,9.91,10.12,9.9,10.12,36821.0,37013.232
001218.SZ,20260825,23.23,24.22,23.23,24.08,23683.4,56169.4574
001219.SZ,20260825,12.33,12.63,12.3,12.6,20579.45,25835.18818
001220.SZ,20260825,31.63,32.0,31.45,31.86,6639.79,21095.75443
001221.SZ,20260825,37.8,38.5,37.21,38.47,18687.19,70895.46709
001222.SZ,20260825,14.13,14.58,14.05,14.54,29545.14,42618.5943
001223.SZ,20260825,40.2,40.47,39.1,39.95,12475.56,49659.77368
001225.SZ,20260825,46.1,50.16,45.66,49.52,22827.0,110133.744
001226.SZ,20260825,47.97,47.97,45.61,46.79,6533.0,30293.95
001227.SZ,20260825,2.13,2.17,2.12,2.15,1034110.41,222133.24425
001228.SZ,20260825,29.08,29.46,28.85,29.34,17658.0,51739.393
001229.SZ,20260825,43.56,44.03,41.89,42.37,42692.4,182082.011
001230.SZ,20260825,23.17,24.25,23.09,23.76,156145.28,370092.1641
001231.SZ,20260825,20.6,21.12,20.57,20.91,14320.0,29884.319
001232.SZ,20260825,140.51,154.36,140.51,149.12,58959.09,872875.15405
001233.SZ,20260825,43.09,44.1,42.81,44.09,9234.99,40335.09175
001234.SZ,20260825,21.72,22.31,21.67,22.2,15123.0,33381.322
001236.SZ,20260825,7.64,7.89,7.64,7.83,146381.16,114250.98739
001237.SZ,20260825,51.3,52.53,51.05,52.45,11711.79,60879.9545
001238.SZ,20260825,24.68,25.36,24.66,25.23,4909.98,12314.90824
001239.SZ,20260825,11.93,12.2,11.81,12.16,18853.0,22785.238
001248.SZ,20260825,12.01,12.12,11.9,12.12,346128.43,416228.67099
001255.SZ,20260825,25.7,26.29,25.27,26.15,11781.08,30401.77192
001256.SZ,20260825,22.23,22.87,21.97,22.61,35157.0,79317.577
001257.SZ,20260825,25.36,26.0,24.73,25.54,268779.96,681148.34778
001258.SZ,20260825,12.31,12.75,11.85,12.29,1104809.06,1351908.79009
001259.SZ,20260825,44.8,46.39,44.11,46.09,11107.61,50467.04408
001260.SZ,20260825,17.64,18.23,17.4,18.05,38886.51,69513.10198
001266.SZ,20260825,33.57,34.73,32.95,34.54,17359.2,58978.938
001267.SZ,20260825,37.91,38.7,36.5,38.14,357060.07,1345176.11873
001268.SZ,20260825,23.39,24.66,22.13,22.32,138839.43,325402.83301
001269.SZ,20260825,18.92,19.23,18.73,19.15,11750.0,22318.168
001270.SZ,20260825,97.83,101.25,96.58,100.0,54303.89,539548.84357
001277.SZ,20260825,30.81,34.4,30.81,33.36,109055.47,353312.28121
001278.SZ,20260825,15.83,16.39,15.62,16.34,27364.0,44280.535
001279.SZ,20260825,25.0,25.54,24.96,25.5,6880.0,17448.192
001280.SZ,20260825,69.6,69.61,67.08,68.87,90050.07,616112.72363
001282.SZ,20260825,15.78,16.25,15.63,16.16,18061.61,28944.96096
001283.SZ,20260825,44.35,44.9,42.3,44.45,56035.9,244151.12861
001285.SZ,20260825,40.44,42.3,40.16,42.13,17072.48,70922.56881
001286.SZ,20260825,9.38,9.54,9.35,9.42,190538.65,179911.45112
001287.SZ,20260825,21.95,22.72,21.56,22.52,165981.43,368645.58207
001288.SZ,20260825,25.6,26.77,25.58,26.4,44387.81,116743.92116
001289.SZ,20260825,15.67,15.78,15.67,15.7,34505.18,54219.55632
001296.SZ,20260825,19.17,19.69,19.04,19.62,14697.0,28572.392
001298.SZ,20260825,17.11,17.8,17.02,17.71,59061.81,103454.72906
001299.SZ,20260825,9.94,10.08,9.89,9.98,27646.14,27656.3724
001300.SZ,20260825,11.42,11.9,11.3,11.88,55172.0,64412.902
001301.SZ,20260825,63.51,63.79,61.39,63.0,58687.67,366510.73315
001306.SZ,20260825,53.04,54.7,52.18,54.51,5006.0,26898.533
001308.SZ,20260825,17.6,18.0,17.49,17.97,18433.9,32799.2423
001309.SZ,20260825,390.0,406.85,386.15,397.03,105314.47,4179621.5669
001311.SZ,20260825,17.5,17.77,17.33,17.51,36306.3,63752.6515
001312.SZ,20260825,17.13,17.45,17.06,17.44,13886.34,24021.27675
001313.SZ,20260825,7.63,7.78,7.56,7.75,117058.55,90069.3347
001314.SZ,20260825,53.35,53.4,49.85,51.1,43636.7,223210.8404
001316.SZ,20260825,26.54,26.88,25.82,26.74,31938.63,84408.1362
001317.SZ,20260825,47.0,51.16,46.53,50.67,73667.26,364018.83764
001318.SZ,20260825,10.95,11.61,10.94,11.37,61416.99,69326.24508
001319.SZ,20260825,19.29,19.93,19.2,19.84,26212.0,51483.11
001322.SZ,20260825,6.16,6.28,6.13,6.27,26012.0,16234.073
001323.SZ,20260825,18.46,19.58,18.18,19.5,38227.56,72356.12625
001324.SZ,20260825,17.5,18.73,17.35,18.58,45439.0,82517.835
001325.SZ,20260825,39.2,41.0,38.72,40.79,23579.49,94496.40017
001326.SZ,20260825,64.99,67.0,61.8,66.4,30713.02,199033.24232
001328.SZ,20260825,27.89,28.96,27.8,28.81,18486.01,53082.43359
001330.SZ,20260825,4.68,4.96,4.62,4.93,778105.0,379062.56701
001331.SZ,20260825,44.0,44.5,41.8,43.31,62529.86,268056.11344
001332.SZ,20260825,28.15,29.66,27.23,28.48,44878.79,124673.65506
001333.SZ,20260825,20.45,20.64,19.88,20.57,40068.0,81364.72645
001335.SZ,20260825,31.01,32.24,30.81,32.16,8997.0,28499.406
001336.SZ,20260825,18.45,18.92,18.21,18.72,12246.6,22902.0919
001337.SZ,20260825,56.71,59.05,54.07,55.0,358496.58,2019391.30254
001338.SZ,20260825,8.6,9.18,8.6,8.84,147697.0,130561.738
001339.SZ,20260825,73.31,78.19,71.85,77.69,75162.71,563971.98211
001356.SZ,20260825,9.29,9.36,9.21,9.32,85438.47,79170.18391
001358.SZ,20260825,25.37,25.88,24.93,25.82,23829.04,60752.74034
001359.SZ,20260825,87.65,87.71,83.6,86.81,36716.72,314166.23886
001360.SZ,20260825,18.0,18.17,17.11,17.83,103383.56,181251.93392
001365.SZ,20260825,33.8,34.67,33.45,34.56,35022.93,119579.17225
001366.SZ,20260825,12.04,12.55,11.88,12.5,65204.09,80341.25978
001367.SZ,20260825,20.37,20.87,20.01,20.61,71671.32,146982.41873
001368.SZ,20260825,23.25,23.38,22.74,23.13,19465.0,44803.692
001369.SZ,20260825,12.29,12.58,12.24,12.44,51708.93,64286.81183
001373.SZ,20260825,27.73,29.16,27.53,28.9,15582.0,44545.77945
001376.SZ,20260825,10.34,10.56,10.24,10.49,81516.05,84811.9193
001378.SZ,20260825,20.01,21.0,19.7,20.92,45363.86,92709.786
001379.SZ,20260825,15.75,16.2,15.72,16.18,18524.0,29629.711
001380.SZ,20260825,16.72,17.38,16.55,17.22,20232.8,34444.27104
001382.SZ,20260825,16.47,16.96,16.3,16.8,22334.73,37264.73041
001386.SZ,20260825,15.12,15.43,15.12,15.36,23013.94,35295.14276
001387.SZ,20260825,11.94,12.35,11.84,12.34,28094.72,34158.9961
001388.SZ,20260825,20.7,21.42,20.65,21.35,36749.46,77800.70416
001389.SZ,20260825,149.29,154.68,145.31,151.08,53443.43,801389.44144
001390.SZ,20260825,17.11,17.34,17.11,17.27,10136.0,17501.236
001391.SZ,20260825,4.09,4.15,4.08,4.14,184088.57,76013.23927
001393.SZ,20260825,41.16,41.87,40.52,41.6,16924.66,70014.64982
001395.SZ,20260825,28.25,28.97,28.16,28.78,13700.18,39246.42318
001396.SZ,20260825,33.26,34.5,33.26,34.25,7575.22,25762.13467
001399.SZ,20260825,22.35,22.69,21.95,22.6,198530.64,443360.69032
001400.SZ,20260825,78.61,84.5,78.58,81.92,47969.19,392102.09731
001696.SZ,20260825,14.67,15.1,14.56,15.01,285458.45,425114.30998
001872.SZ,20260825,23.39,23.72,23.05,23.34,34426.0,80257.191
001896.SZ,20260825,11.8,11.99,11.67,11.85,462222.5,547650.91418
001965.SZ,20260825,9.35,9.75,9.35,9.65,392086.08,374843.94441
001979.SZ,20260825,7.2,7.28,7.11,7.18,840585.46,603163.41429
002001.SZ,20260825,26.26,26.54,26.13,26.32,246871.44,649968.0577
002003.SZ,20260825,10.75,10.91,10.62,10.89,137126.16,147785.43924
002004.SZ,20260825,4.44,4.57,4.44,4.54,242623.53,109587.91843
002005.SZ,20260825,2.36,2.4,2.35,2.38,127887.0,30382.937
002006.SZ,20260825,12.85,13.22,12.78,13.18,52397.56,68310.15964
002007.SZ,20260825,12.8,13.14,12.79,13.13,112231.93,145945.89051
002008.SZ,20260825,84.04,86.66,82.33,85.05,304219.04,2564813.69709
002009.SZ,20260825,16.11,16.84,16.08,16.69,98785.66,163617.24114
002010.SZ,20260825,4.64,4.71,4.62,4.7,115722.68,54133.18127
002011.SZ,20260825,9.79,10.08,9.79,10.06,102081.26,101681.74966
002012.SZ,20260825,6.68,7.0,6.51,6.9,188119.25,128043.74089
002014.SZ,20260825,10.92,11.2,10.92,11.15,46859.81,51973.61479
002015.SZ,20260825,15.85,17.12,15.74,15.88,1948235.85,3166516.19414
002016.SZ,20260825,4.46,4.59,4.46,4.58,74836.03,34005.64074
002017.SZ,20260825,15.39,17.27,15.23,16.95,968523.74,1577471.79443
002019.SZ,20260825,9.84,10.03,9.77,9.99,92243.02,91697.05014
002020.SZ,20260825,12.65,12.94,12.64,12.9,75232.87,96202.37756
002021.SZ,20260825,2.61,2.7,2.58,2.68,271201.76,72087.3134
002022.SZ,20260825,5.51,5.68,5.45,5.65,75152.79,42065.58435
002023.SZ,20260825,9.75,10.1,9.61,10.03,145591.57,144309.0659
002024.SZ,20260825,1.17,1.19,1.17,1.18,170117.01,20080.69518
002025.SZ,20260825,58.59,61.5,57.88,60.67,110257.28,661692.27382
002026.SZ,20260825,10.03,11.15,9.8,11.0,184935.89,196725.05547
002027.SZ,20260825,4.89,4.98,4.88,4.97,1302465.55,642947.61268
002028.SZ,20260825,173.2,175.0,169.19,169.6,58937.66,1007894.70667
002029.SZ,20260825,8.46,8.84,8.45,8.81,159259.36,137963.64415
002030.SZ,20260825,5.38,5.57,5.32,5.54,281166.44,154044.75703
002031.SZ,20260825,4.98,5.18,4.96,5.16,901574.28,460187.25435
002032.SZ,20260825,40.5,40.98,40.48,40.72,13900.0,56607.067
002033.SZ,20260825,9.0,9.16,8.95,9.15,241607.34,220064.13951
002034.SZ,20260825,13.5,13.74,13.48,13.67,61911.37,84512.7093
002035.SZ,20260825,4.69,4.85,4.69,4.83,169216.0,81359.483
002036.SZ,20260825,6.5,6.85,6.41,6.81,547533.4,367024.81552
002037.SZ,20260825,6.68,6.82,6.68,6.81,36735.16,24894.52882
002038.SZ,20260825,6.08,6.41,5.99,6.37,952691.25,594468.66507
002039.SZ,20260825,19.4,19.58,19.28,19.46,53250.7,103340.4708
002040.SZ,20260825,8.71,9.48,8.71,8.83,293696.26,265689.9844
002041.SZ,20260825,10.18,11.21,10.16,11.21,848296.52,931125.38375
002042.SZ,20260825,3.74,3.89,3.73,3.86,263151.82,100686.23606
002043.SZ,20260825,13.31,13.38,12.87,12.93,95149.0,123900.25326
002044.SZ,20260825,4.58,4.68,4.58,4.67,448977.54,207898.88356
002045.SZ,20260825,8.7,9.07,8.7,9.01,383338.79,342230.59458
002046.SZ,20260825,46.7,50.0,46.07,49.73,121577.24,591189.65557
002047.SZ,20260825,3.17,3.34,3.15,3.3,457722.59,149177.79721
002048.SZ,20260825,18.88,19.24,18.55,19.14,110808.89,210012.2651
002049.SZ,20260825,60.3,61.69,60.2,61.46,107331.26,655552.00115
002050.SZ,20260825,35.48,36.27,35.13,35.95,336060.67,1202989.46304
002051.SZ,20260825,8.36,8.5,8.31,8.49,161908.87,136506.8427
002052.SZ,20260825,8.9,9.0,8.61,8.8,259040.02,227346.06928
002053.SZ,20260825,9.19,9.26,9.13,9.21,43690.2,40208.0642
002054.SZ,20260825,7.11,7.26,7.05,7.25,111533.37,80284.2539
002055.SZ,20260825,5.92,6.18,5.92,6.18,114377.19,69546.81914
002056.SZ,20260825,21.21,21.49,20.63,21.24,156711.18,330771.02438
002057.SZ,20260825,8.68,8.83,8.61,8.81,147135.12,128395.54316
002058.SZ,20260825,15.63,16.44,15.63,16.39,20024.0,32365.394
002059.SZ,20260825,4.45,4.6,4.45,4.54,162936.0,74157.489
002060.SZ,20260825,3.11,3.22,3.1,3.2,248694.91,79064.35701
002061.SZ,20260825,3.48,3.56,3.47,3.53,182115.69,64258.32388
002062.SZ,20260825,7.79,8.15,7.68,8.05,153117.61,122164.32529
002063.SZ,20260825,5.27,5.39,5.26,5.38,173341.09,92563.08215
002064.SZ,20260825,11.34,11.53,11.1,11.2,317334.54,358069.70778
002065.SZ,20260825,6.76,6.88,6.76,6.86,236391.0,161649.796
002066.SZ,20260825,21.5,22.5,21.5,22.22,43419.0,96593.967
002067.SZ,20260825,3.91,4.03,3.9,4.02,321822.86,128668.1754
002068.SZ,20260825,7.66,7.87,7.62,7.82,145926.0,113478.287
002069.SZ,20260825,3.48,3.58,3.48,3.57,117943.01,41774.87548
002072.SZ,20260825,7.27,7.36,7.2,7.35,47228.91,34390.7175
002073.SZ,20260825,5.95,6.0,5.92,5.95,235959.9,140366.25645
002074.SZ,20260825,27.17,27.73,26.85,26.93,255066.21,692886.20089
002075.SZ,20260825,3.58,3.69,3.57,3.68,283016.54,103279.23681
002076.SZ,20260825,2.05,2.13,2.04,2.13,303007.0,63566.669
002077.SZ,20260825,11.92,12.2,11.71,12.14,152239.29,182548.81088
002078.SZ,20260825,13.66,13.94,13.66,13.88,100125.48,138670.86181
002079.SZ,20260825,9.23,9.42,8.99,9.37,256934.51,236980.80208
002080.SZ,20260825,48.3,49.67,46.59,49.0,592292.93,2859534.61651
002081.SZ,20260825,4.96,5.5,4.82,5.5,2196421.7,1145819.00796
002082.SZ,20260825,9.35,9.64,9.34,9.6,61761.0,58878.198
002083.SZ,20260825,10.25,10.3,10.02,10.2,313577.01,318948.00908
002084.SZ,20260825,4.35,4.35,4.35,4.35,25551.77,11115.01995
002085.SZ,20260825,10.14,10.36,10.09,10.34,160228.91,164612.71394
002086.SZ,20260825,2.0,2.1,1.99,2.1,666959.13,137045.01458
002088.SZ,20260825,8.12,8.52,8.11,8.43,35307.69,29533.70243
002090.SZ,20260825,9.45,9.66,9.35,9.56,79013.0,75416.175
002091.SZ,20260825,7.65,7.81,7.65,7.79,89966.74,69895.51272
002092.SZ,20260825,4.4,4.52,4.4,4.46,438619.0,195932.249
002093.SZ,20260825,6.6,6.88,6.57,6.86,117165.5,79494.21
002094.SZ,20260825,4.68,5.14,4.62,5.14,373528.45,185731.18254
002095.SZ,20260825,13.95,14.32,13.88,14.32,24943.55,35389.4713
002096.SZ,20260825,9.28,9.32,9.2,9.3,30008.0,27810.292
002097.SZ,20260825,7.15,7.31,7.09,7.3,202361.0,146698.45553
002098.SZ,20260825,7.0,7.18,6.95,7.16,32144.0,22855.394
002099.SZ,20260825,5.06,5.2,5.02,5.19,123077.18,63233.71208
002100.SZ,20260825,7.16,7.32,7.13,7.26,169075.43,122631.85229
002101.SZ,20260825,8.6,8.82,8.54,8.81,66883.0,58489.201
002102.SZ,20260825,2.27,2.27,2.22,2.26,95862.0,21533.752
002103.SZ,20260825,6.45,6.67,6.38,6.63,77597.0,51051.638
002104.SZ,20260825,11.22,11.89,10.95,11.33,1128504.94,1288630.41159
002105.SZ,20260825,5.72,6.07,5.72,6.04,83280.0,49479.52
002106.SZ,20260825,10.0,10.34,9.89,10.29,120053.19,121805.54692
002107.SZ,20260825,6.1,6.34,6.03,6.32,100259.61,62564.08586
002108.SZ,20260825,4.35,4.49,4.33,4.45,393197.01,173814.08645
002109.SZ,20260825,2.68,2.8,2.68,2.78,98118.5,27053.9785
002110.SZ,20260825,2.94,3.03,2.94,3.02,253146.0,75699.071
002111.SZ,20260825,9.35,9.55,9.35,9.54,64232.4,60862.885
002112.SZ,20260825,15.2,15.32,14.85,15.3,99647.09,150907.3478
002114.SZ,20260825,7.33,7.5,7.29,7.45,76426.01,56605.91531
002115.SZ,20260825,10.52,10.75,10.25,10.69,606770.72,637950.30459
002116.SZ,20260825,7.03,7.25,7.03,7.23,43225.06,31149.28164
002117.SZ,20260825,8.04,8.19,7.97,8.19,92403.0,74885.212
002119.SZ,20260825,22.53,22.96,21.65,22.75,251139.66,561138.89996
002120.SZ,20260825,6.6,6.63,6.57,6.61,246771.81,163003.7616
002121.SZ,20260825,4.96,5.08,4.94,5.04,248006.5,124497.2215
002122.SZ,20260825,2.71,2.78,2.67,2.78,151424.11,41538.75827
002123.SZ,20260825,7.67,7.91,7.64,7.88,146672.0,114486.046
002124.SZ,20260825,2.21,2.29,2.18,2.28,747784.36,168972.20555
002125.SZ,20260825,13.2,13.23,12.66,12.87,391991.04,503833.21226
002126.SZ,20260825,38.04,41.79,37.8,41.2,236999.17,952071.62996
002127.SZ,20260825,2.8,2.91,2.77,2.89,308010.0,88242.3
002128.SZ,20260825,27.4,27.77,26.84,26.86,105415.7,286291.4612
002129.SZ,20260825,9.25,9.32,9.12,9.22,680929.34,628527.09536
002130.SZ,20260825,16.29,17.2,16.2,17.05,524471.79,879136.1262
002131.SZ,20260825,4.37,4.52,4.34,4.5,3083164.39,1369955.9215
002132.SZ,20260825,5.19,5.24,4.68,4.81,2252208.07,1091336.18632
002133.SZ,20260825,2.69,2.79,2.67,2.79,133511.81,36790.98277
002134.SZ,20260825,20.18,20.99,19.92,20.93,52930.01,108541.61082
002135.SZ,20260825,6.5,6.72,6.29,6.54,317762.63,207771.26294
002136.SZ,20260825,12.2,12.7,12.2,12.58,79362.25,99341.8403
002137.SZ,20260825,7.32,7.61,7.27,7.6,154267.0,115760.651
002138.SZ,20260825,47.0,48.23,45.76,47.49,206725.2,971678.4253
002139.SZ,20260825,9.48,9.75,9.4,9.68,172396.81,166790.50985
002140.SZ,20260825,8.9,9.18,8.9,9.12,55065.01,50180.69111
002141.SZ,20260825,5.82,6.2,5.66,6.13,1128570.35,679539.57061
002142.SZ,20260825,33.91,34.12,33.48,33.56,245061.42,825329.51503
002144.SZ,20260825,10.75,11.33,10.71,11.29,78691.5,87591.5015
002145.SZ,20260825,4.29,4.35,4.28,4.35,308407.1,133354.67077
002146.SZ,20260825,1.13,1.17,1.12,1.16,1005055.15,116109.25372
002148.SZ,20260825,6.08,6.33,5.99,6.27,145129.31,90196.34419
002149.SZ,20260825,36.03,36.82,35.13,36.3,216369.73,779346.85497
002150.SZ,20260825,21.72,22.02,21.05,21.79,55398.1,119345.72579
002151.SZ,20260825,27.61,28.68,27.37,28.41,94425.56,264505.88644
002152.SZ,20260825,9.48,9.77,9.45,9.74,247405.65,239128.2442
002153.SZ,20260825,7.55,7.8,7.5,7.77,187056.12,143722.66852
002154.SZ,20260825,4.0,4.1,3.98,4.08,258807.6,104912.3892
002156.SZ,20260825,60.0,62.06,59.33,60.9,635927.25,3864744.96769
002157.SZ,20260825,2.93,2.97,2.92,2.96,964124.66,284098.9018
002158.SZ,20260825,25.73,26.93,24.96,26.61,75881.29,196902.27878
002159.SZ,20260825,13.23,13.59,13.23,13.58,31650.5,42615.6545
002160.SZ,20260825,3.95,4.05,3.93,4.03,158999.17,63652.63191
002161.SZ,20260825,5.67,6.0,5.62,5.95,162235.5,94884.993
002162.SZ,20260825,3.9,4.06,3.88,4.04,124715.4,49919.0049
002163.SZ,20260825,7.82,8.26,7.77,8.2,291391.33,236963.65368
002164.SZ,20260825,10.84,11.15,10.76,11.12,67069.0,73806.699
002165.SZ,20260825,7.92,8.38,7.79,7.8,1596661.87,1288822.40409
002166.SZ,20260825,6.57,6.79,6.56,6.78,93989.7,63050.2083
002167.SZ,20260825,16.53,17.01,15.73,16.19,581322.65,948865.02925
002168.SZ,20260825,3.96,4.05,3.95,3.98,67104.0,26758.838
002169.SZ,20260825,12.16,12.31,11.87,12.22,146951.42,177753.65986
002170.SZ,20260825,11.1,11.37,11.07,11.15,157193.0,176290.73082
002171.SZ,20260825,9.62,9.75,9.45,9.7,376100.7,361639.20317
002172.SZ,20260825,4.6,4.88,4.5,4.62,2386517.73,1121455.55724
002173.SZ,20260825,18.21,19.0,18.15,18.61,517266.3,959194.47483
002174.SZ,20260825,11.92,12.17,11.77,12.13,187268.53,224195.38574
002175.SZ,20260825,2.51,2.58,2.51,2.57,101048.0,25804.003
002176.SZ,20260825,10.07,10.07,9.35,9.35,1760883.05,1696070.33968
002177.SZ,20260825,5.79,6.02,5.72,5.97,692423.36,411557.32728
002178.SZ,20260825,4.48,4.62,4.43,4.6,147573.0,67301.923
002179.SZ,20260825,32.87,33.92,32.37,33.37,215202.08,712500.37803
002180.SZ,20260825,16.51,17.17,16.43,17.1,75714.99,128431.75272
002181.SZ,20260825,8.04,8.4,7.99,8.36,213176.0,175959.036
002182.SZ,20260825,11.47,12.13,11.39,11.96,243377.23,288718.85123
002183.SZ,20260825,4.33,4.48,4.32,4.47,410826.2,181535.7796
002184.SZ,20260825,9.8,10.2,9.66,10.16,79180.2,79519.85989
002185.SZ,20260825,16.5,17.06,16.0,16.84,1914222.61,3175221.08174
002186.SZ,20260825,9.17,9.52,9.12,9.5,50285.62,47263.523
002187.SZ,20260825,5.3,5.49,5.25,5.48,117766.0,63776.441
002188.SZ,20260825,5.34,5.6,5.31,5.59,98864.01,54250.26389
002189.SZ,20260825,17.82,18.55,17.81,18.49,24079.33,44340.0615
002190.SZ,20260825,22.53,23.02,22.4,22.85,38275.0,86993.09436
002191.SZ,20260825,3.61,3.72,3.6,3.7,93904.75,34555.03483
002192.SZ,20260825,75.2,75.88,71.63,72.15,340004.66,2491756.64332
002193.SZ,20260825,4.72,4.95,4.65,4.91,67548.03,32955.41078
002194.SZ,20260825,9.74,10.17,9.7,10.11,259682.2,260784.4338
002195.SZ,20260825,6.16,6.34,6.11,6.33,995089.96,623100.66755
002196.SZ,20260825,10.2,10.57,10.12,10.53,169334.0,176035.537
002197.SZ,20260825,6.46,6.71,6.34,6.66,212527.0,139890.323
002198.SZ,20260825,3.33,3.4,3.31,3.4,36500.0,12300.673
002199.SZ,20260825,12.12,12.28,11.83,12.19,52579.05,63655.6656
002200.SZ,20260825,6.54,6.86,6.48,6.83,48654.2,32641.1897
002201.SZ,20260825,7.85,8.17,7.81,8.14,114105.1,91484.3141
002202.SZ,20260825,18.13,18.62,18.08,18.46,811665.93,1496442.63499
002203.SZ,20260825,19.13,19.43,18.52,19.1,250006.3,478107.77361
002204.SZ,20260825,5.1,5.16,5.09,5.14,161779.94,83088.41034
002205.SZ,20260825,10.34,10.88,10.34,10.83,23915.0,25573.049
002206.SZ,20260825,5.2,5.26,5.18,5.24,61176.0,32036.128
002207.SZ,20260825,5.55,5.76,5.52,5.75,53510.0,30231.967
002208.SZ,20260825,10.4,10.54,10.04,10.5,287526.28,296609.42356
002209.SZ,20260825,12.73,13.55,12.66,13.5,187670.0,247514.08779
002210.SZ,20260825,2.2,2.29,2.18,2.28,784882.74,177111.65817
002211.SZ,20260825,3.81,3.91,3.77,3.87,69105.0,26563.843
002212.SZ,20260825,6.06,6.28,6.05,6.26,308371.87,191137.24218
002213.SZ,20260825,30.4,33.28,29.65,32.63,233683.16,738555.47314
002214.SZ,20260825,14.76,15.11,14.71,15.08,64400.47,96100.80707
002215.SZ,20260825,9.44,9.7,9.41,9.52,318420.63,304844.76254
002216.SZ,20260825,12.0,12.12,11.71,11.9,108928.1,130059.09382
002217.SZ,20260825,1.44,1.46,1.43,1.46,683427.88,98938.63472
002218.SZ,20260825,3.8,3.96,3.79,3.94,315561.0,123091.263
002219.SZ,20260825,2.13,2.21,2.11,2.19,1227207.49,266270.02777
002221.SZ,20260825,5.37,5.6,5.33,5.52,269976.5,148991.03508
002222.SZ,20260825,61.44,64.46,60.22,63.75,207560.69,1298062.83441
002223.SZ,20260825,25.92,26.49,25.8,26.43,87909.6,230437.38191
002224.SZ,20260825,3.61,3.72,3.58,3.7,160093.75,58800.49975
002225.SZ,20260825,3.54,3.62,3.51,3.6,159955.0,57355.859
002226.SZ,20260825,5.0,5.14,4.88,5.1,211283.2,105760.2614
002227.SZ,20260825,6.2,6.39,6.19,6.35,17985.0,11333.493
002228.SZ,20260825,3.07,3.18,3.06,3.17,239867.8,75475.936
002229.SZ,20260825,10.4,10.98,10.3,10.91,417914.91,447422.39812
002230.SZ,20260825,38.87,39.35,38.73,39.35,215572.3,844042.71334
002232.SZ,20260825,13.98,14.33,13.87,14.17,39987.0,56664.986
002233.SZ,20260825,7.11,7.24,7.1,7.23,90387.14,64913.71246
002234.SZ,20260825,7.76,8.01,7.76,8.0,64954.0,51626.21849
002235.SZ,20260825,8.08,8.85,7.92,8.79,457291.05,387341.397
002236.SZ,20260825,16.02,16.21,15.99,16.18,208678.5,336378.231
002237.SZ,20260825,15.4,15.45,14.64,14.89,461528.18,692709.02817
002238.SZ,20260825,6.32,6.68,6.28,6.6,160827.72,105106.8789
002239.SZ,20260825,2.47,2.56,2.46,2.55,658667.97,166580.25121
002240.SZ,20260825,31.34,32.17,30.2,30.7,605326.46,1877895.12562
002241.SZ,20260825,23.49,23.62,22.68,23.07,851457.86,1959858.08143
002242.SZ,20260825,8.13,8.38,8.12,8.36,71761.0,59547.878
002243.SZ,20260825,7.24,7.53,7.23,7.5,153791.81,114355.36674
002244.SZ,20260825,8.97,9.13,8.94,8.98,217700.43,196089.64354
002245.SZ,20260825,17.95,17.95,17.2,17.65,463462.33,812234.5286
002246.SZ,20260825,19.32,19.76,19.2,19.65,81666.45,159158.86793
002247.SZ,20260825,2.35,2.44,2.32,2.43,256961.5,61669.094
002248.SZ,20260825,9.48,9.99,9.28,9.85,303601.53,293488.3655
002249.SZ,20260825,6.65,6.72,6.53,6.69,666639.15,442595.65259
002250.SZ,20260825,14.45,15.12,14.21,15.0,149946.14,220497.26446
002251.SZ,20260825,3.49,3.71,3.48,3.68,1274861.88,462619.75505
002252.SZ,20260825,4.8,4.91,4.78,4.9,465290.2,226441.851
002253.SZ,20260825,9.38,9.76,9.3,9.72,40863.0,39369.991
002254.SZ,20260825,12.12,12.35,12.01,12.25,134038.16,163629.81644
002255.SZ,20260825,7.56,7.72,7.55,7.7,87989.74,67205.92091
002256.SZ,20260825,3.31,3.38,3.29,3.38,291721.77,97696.51066
002258.SZ,20260825,14.1,14.4,14.03,14.24,138376.9,196541.28735
002259.SZ,20260825,3.79,4.19,3.78,4.19,285647.24,114220.10408
002261.SZ,20260825,24.9,25.3,24.8,25.18,202719.97,509546.09643
002262.SZ,20260825,21.72,21.99,21.55,21.83,84682.17,184652.57593
002263.SZ,20260825,2.94,3.05,2.93,3.04,444429.02,133553.05196
002264.SZ,20260825,6.39,6.65,6.39,6.64,150132.49,98540.20095
002265.SZ,20260825,18.01,18.82,17.98,18.22,149012.57,273147.10704
002266.SZ,20260825,4.81,4.86,4.76,4.8,522895.17,251134.58398
002267.SZ,20260825,7.02,7.11,7.02,7.08,53357.0,37754.017
002268.SZ,20260825,13.57,13.82,13.51,13.78,71302.7,97734.99309
002269.SZ,20260825,1.41,1.46,1.4,1.45,551906.0,79590.609
002270.SZ,20260825,19.47,19.77,19.34,19.51,83137.2,162456.20158
002271.SZ,20260825,10.74,10.93,10.73,10.83,328358.06,355554.79639
002272.SZ,20260825,15.13,16.45,14.89,16.09,422318.61,668502.93593
002273.SZ,20260825,24.87,25.63,24.08,25.37,435338.54,1081557.15858
002274.SZ,20260825,6.06,6.49,5.95,6.47,838896.88,519423.15762
002275.SZ,20260825,12.5,12.64,12.41,12.54,34319.45,43018.61137
002276.SZ,20260825,10.01,10.3,9.92,10.27,143355.93,146253.22772
002277.SZ,20260825,6.44,6.71,6.31,6.58,745672.07,487220.60365
002278.SZ,20260825,7.98,8.49,7.98,8.33,155258.15,128770.14127
002279.SZ,20260825,6.18,6.37,6.15,6.36,228505.85,143805.4177
002281.SZ,20260825,164.23,169.98,160.31,167.32,268358.51,4433016.36077
002282.SZ,20260825,5.9,6.17,5.88,6.16,116544.75,70928.357
002283.SZ,20260825,8.58,8.73,8.41,8.68,137930.36,118770.6085
002284.SZ,20260825,9.29,9.57,9.11,9.54,302612.69,283450.99633
002285.SZ,20260825,2.09,2.22,2.07,2.2,782693.32,170143.82696
002286.SZ,20260825,7.76,8.0,7.74,7.97,63951.61,50697.98341
002287.SZ,20260825,19.72,20.14,19.6,20.09,21857.04,43699.24188
002289.SZ,20260825,38.83,39.57,37.79,39.19,36860.01,142860.664
002290.SZ,20260825,61.2,63.43,59.56,62.06,52709.07,323940.08419
002291.SZ,20260825,5.05,5.21,5.05,5.19,170354.0,87734.42907
002292.SZ,20260825,7.75,8.12,7.75,8.08,506308.32,405558.64124
002293.SZ,20260825,11.71,11.78,11.51,11.54,75924.8,88035.9833
002294.SZ,20260825,31.48,32.11,31.21,31.92,145666.74,463335.60185
002295.SZ,20260825,9.0,9.25,8.95,9.17,29081.12,26503.72196
002296.SZ,20260825,8.68,9.05,8.68,8.99,96528.5,86153.7957
002297.SZ,20260825,17.0,17.78,16.62,17.55,467786.42,805280.05255
002298.SZ,20260825,7.79,7.98,7.67,7.96,192034.95,151318.01421
002299.SZ,20260825,15.8,16.55,15.8,16.55,145802.35,238146.26148
002300.SZ,20260825,6.54,6.77,6.52,6.76,137944.29,92307.77421
002301.SZ,20260825,7.57,7.87,7.43,7.83,143082.01,110122.56149
002302.SZ,20260825,4.61,4.75,4.61,4.73,68916.0,32451.358
002303.SZ,20260825,4.72,4.92,4.58,4.89,432280.77,206910.49797
002304.SZ,20260825,38.97,39.44,38.97,39.43,34325.26,134649.61015
002305.SZ,20260825,2.08,2.14,2.07,2.14,228674.0,48328.456
002306.SZ,20260825,2.08,2.25,2.08,2.15,229667.0,50034.914
002307.SZ,20260825,2.86,2.98,2.85,2.97,259324.84,76183.87058
002309.SZ,20260825,2.9,2.98,2.89,2.96,755739.0,222450.986
002310.SZ,20260825,2.29,2.37,2.29,2.35,723619.58,169064.60752
002311.SZ,20260825,45.28,45.8,43.61,45.0,167613.51,752677.76458
002312.SZ,20260825,8.1,8.3,8.1,8.21,171840.69,141061.5619
002313.SZ,20260825,8.8,8.86,8.53,8.7,150510.08,130488.3588
002314.SZ,20260825,2.1,2.19,2.09,2.18,314910.23,68084.62414
002315.SZ,20260825,25.14,25.59,25.02,25.3,42728.64,108327.88939
002316.SZ,20260825,4.4,4.59,4.34,4.59,105974.0,47676.387
002317.SZ,20260825,24.06,25.57,23.39,25.49,391001.21,955928.46488
002318.SZ,20260825,19.4,19.73,19.0,19.58,111825.0,217447.644
002319.SZ,20260825,10.82,11.25,10.8,11.07,103111.0,113845.254
002320.SZ,20260825,6.4,6.56,6.38,6.52,163561.25,106022.06583
002321.SZ,20260825,2.03,2.08,2.01,2.07,246309.97,50735.43088
002322.SZ,20260825,11.69,11.95,11.63,11.89,99468.9,117884.295
002323.SZ,20260825,1.28,1.3,1.27,1.29,294131.04,37840.05212
002324.SZ,20260825,8.93,9.04,8.72,8.98,168395.14,150079.93328
002326.SZ,20260825,19.72,19.8,19.01,19.41,241972.38,468979.00863
002327.SZ,20260825,6.69,6.72,6.61,6.69,39567.0,26368.938
002328.SZ,20260825,7.07,7.49,7.04,7.47,307805.88,225527.98891
002329.SZ,20260825,3.69,3.93,3.64,3.91,976185.85,372172.36581
002330.SZ,20260825,4.01,4.14,4.0,4.12,128840.0,52688.85
002331.SZ,20260825,6.78,6.99,6.76,6.97,70475.0,48792.817
002332.SZ,20260825,8.43,8.57,8.41,8.56,109207.5,93119.0279
002333.SZ,20260825,5.18,5.8,5.16,5.67,497649.23,278675.31203
002334.SZ,20260825,6.43,6.72,6.43,6.69,161669.45,107077.31374
002335.SZ,20260825,29.37,30.65,29.23,30.33,139562.98,419769.40304
002337.SZ,20260825,4.6,4.79,4.56,4.77,86025.95,40642.27055
002338.SZ,20260825,42.6,42.94,41.51,42.7,32547.0,137920.13094
002339.SZ,20260825,7.07,7.53,7.03,7.45,232298.0,170607.7205
002340.SZ,20260825,6.5,6.56,6.43,6.51,573642.59,372077.75888
002342.SZ,20260825,7.36,7.67,7.31,7.61,344249.85,259236.22485
002343.SZ,20260825,4.92,5.21,4.89,5.17,132760.4,67754.5874
002344.SZ,20260825,3.8,3.91,3.8,3.91,91549.54,35532.9536
002345.SZ,20260825,9.65,9.86,9.53,9.55,193898.0,186612.811
002346.SZ,20260825,21.53,21.57,19.97,20.62,114940.66,236473.3343
002347.SZ,20260825,5.8,6.1,5.8,6.05,171156.25,102655.818
002348.SZ,20260825,10.96,11.26,10.84,11.21,126912.02,140896.38876
002349.SZ,20260825,6.79,7.01,6.74,7.0,139779.95,96815.5435
002350.SZ,20260825,14.11,14.42,14.0,14.36,58912.67,83772.6821
002351.SZ,20260825,9.87,10.17,9.82,10.15,99714.65,100417.45462
002352.SZ,20260825,33.04,33.2,32.79,32.92,146685.15,483534.29919
002353.SZ,20260825,139.86,144.05,138.5,141.38,114250.29,1612420.85232
002354.SZ,20260825,6.92,7.08,6.79,7.05,1424016.02,990472.56416
002355.SZ,20260825,4.67,4.85,4.6,4.81,201556.01,95706.85647
002356.SZ,20260825,2.7,2.81,2.69,2.8,196583.68,54350.941
002357.SZ,20260825,10.74,11.17,10.66,11.13,94822.0,103984.586
002358.SZ,20260825,5.27,5.44,5.26,5.42,119756.88,64470.17384
002360.SZ,20260825,5.66,5.73,5.58,5.71,33937.0,19184.359
002361.SZ,20260825,10.0,10.4,9.88,10.32,704273.67,717239.89355
002362.SZ,20260825,15.63,16.03,15.5,16.0,30027.0,47517.92
002363.SZ,20260825,6.42,6.65,6.38,6.62,53460.63,35103.90069
002364.SZ,20260825,36.56,38.55,36.09,38.14,315914.05,1185216.19614
002365.SZ,20260825,15.01,15.98,14.7,15.72,518105.91,794253.23909
002366.SZ,20260825,5.59,5.68,5.56,5.67,191234.0,107933.436
002367.SZ,20260825,5.29,5.38,5.09,5.37,119905.31,63336.32168
002368.SZ,20260825,13.42,13.53,13.26,13.48,59107.72,79324.62371
002369.SZ,20260825,5.76,5.98,5.73,5.98,195158.41,115155.29417
002370.SZ,20260825,5.4,5.63,5.36,5.6,223062.24,123468.48916
002371.SZ,20260825,707.5,707.5,676.66,700.4,75216.65,5211216.97247
002372.SZ,20260825,8.37,8.56,8.36,8.46,89408.99,75802.37753
002373.SZ,20260825,7.41,7.69,7.37,7.64,172015.38,130167.38833
002374.SZ,20260825,3.04,3.1,3.02,3.07,135625.0,41690.98
002375.SZ,20260825,3.57,3.7,3.56,3.68,126958.0,46355.672
002376.SZ,20260825,6.71,6.81,6.66,6.78,118888.0,80263.41996
002377.SZ,20260825,2.67,2.77,2.66,2.75,246443.0,67183.338
002378.SZ,20260825,25.2,25.5,24.42,24.95,264991.23,659839.38359
002379.SZ,20260825,18.34,18.4,17.82,17.93,335631.68,606108.40421
002380.SZ,20260825,27.06,28.15,26.86,28.02,44458.0,122679.78466
002381.SZ,20260825,5.47,5.6,5.45,5.58,39597.12,21935.73698
002382.SZ,20260825,5.75,6.01,5.69,6.0,205192.02,120995.65066
002383.SZ,20260825,6.73,7.2,6.69,7.03,207517.0,146056.51178
002384.SZ,20260825,187.08,196.99,186.3,190.84,553985.25,10599337.0916
002385.SZ,20260825,3.17,3.38,3.16,3.26,1541411.99,505373.88548
002386.SZ,20260825,5.89,5.94,5.83,5.91,130524.8,76853.0693
002387.SZ,20260825,7.32,7.35,7.13,7.24,207457.9,149681.61007
002388.SZ,20260825,6.12,6.54,6.05,6.45,555316.1,350236.5047
002389.SZ,20260825,17.45,17.73,17.4,17.69,82796.4,145901.26834
002390.SZ,20260825,2.98,3.11,2.96,3.1,233290.55,71390.5971
002391.SZ,20260825,5.07,5.21,5.06,5.18,74466.86,38449.95648
002392.SZ,20260825,7.62,7.79,7.5,7.75,118298.0,91133.689
002393.SZ,20260825,13.88,14.24,13.75,14.18,31398.04,44173.05224
002394.SZ,20260825,9.6,10.56,9.4,10.19,152661.31,154983.98496
002395.SZ,20260825,11.85,12.28,11.61,12.23,28879.0,34864.535
002396.SZ,20260825,30.89,31.66,30.51,30.84,684879.02,2124165.52218
002397.SZ,20260825,3.49,3.65,3.46,3.62,223527.33,79712.96779
002398.SZ,20260825,4.06,4.2,4.06,4.18,124960.0,51919.15
002399.SZ,20260825,10.03,10.39,9.91,10.31,96111.28,98145.02802
002400.SZ,20260825,6.3,6.5,6.28,6.47,511878.54,329490.53643
002401.SZ,20260825,12.19,12.42,12.09,12.42,44769.07,55328.8323
002402.SZ,20260825,18.12,18.77,17.94,18.65,242196.0,446163.773
002403.SZ,20260825,9.12,9.6,9.12,9.53,47139.91,44604.83745
002404.SZ,20260825,5.63,5.8,5.58,5.77,118143.0,67683.532
002405.SZ,20260825,6.24,6.5,6.23,6.46,426342.97,273194.22032
002406.SZ,20260825,6.59,6.73,6.53,6.72,92878.97,61904.81523
002407.SZ,20260825,34.17,34.38,32.69,33.88,1014448.9,3410138.01138
002408.SZ,20260825,5.25,5.49,5.23,5.44,575637.56,311934.37348
002409.SZ,20260825,135.2,139.5,130.18,137.19,217639.82,2940007.9641
002410.SZ,20260825,8.49,8.62,8.28,8.61,451330.36,381160.43876
002412.SZ,20260825,11.92,12.33,10.76,12.33,1058712.23,1236227.03591
002413.SZ,20260825,7.48,7.83,7.43,7.78,394562.75,303441.72107
002414.SZ,20260825,13.28,13.39,12.76,13.21,769895.08,1001548.19644
002415.SZ,20260825,33.98,35.13,33.89,34.75,649120.37,2245130.88137
002416.SZ,20260825,9.35,9.5,9.29,9.44,127887.77,120333.51674
002418.SZ,20260825,3.63,4.05,3.61,4.05,945555.3,374789.46086
002419.SZ,20260825,4.59,4.71,4.59,4.69,82568.88,38610.91784
002420.SZ,20260825,5.83,6.02,5.78,6.0,77914.08,46269.86544
002421.SZ,20260825,2.99,3.16,2.95,3.14,1682074.97,518617.57387
002422.SZ,20260825,41.26,42.82,40.73,42.57,268391.4,1122806.25604
002423.SZ,20260825,9.3,9.74,9.3,9.62,613961.8,587923.58268
002424.SZ,20260825,4.5,4.58,4.48,4.58,60258.84,27413.37588
002425.SZ,20260825,2.98,3.16,2.96,3.13,354358.09,108919.91454
002426.SZ,20260825,2.57,2.7,2.55,2.67,758119.69,199589.81423
002427.SZ,20260825,4.55,4.74,4.48,4.54,328045.67,150095.07643
002428.SZ,20260825,90.61,95.37,90.61,94.23,590605.6,5507400.91404
002429.SZ,20260825,7.82,8.05,7.63,7.94,513814.52,403504.66604
002430.SZ,20260825,22.8,23.39,22.63,23.22,102354.0,236865.15946
002431.SZ,20260825,1.38,1.42,1.38,1.39,186255.01,26060.8754
002432.SZ,20260825,66.81,66.81,63.5,65.6,200284.47,1299529.94467
002434.SZ,20260825,5.65,5.95,5.6,5.91,204722.1,119468.8757
002436.SZ,20260825,32.2,34.06,31.81,33.31,789556.8,2597840.89105
002437.SZ,20260825,3.95,4.33,3.86,4.3,7904177.14,3342669.55346
002438.SZ,20260825,13.48,13.88,13.26,13.75,100699.62,137263.34089
002439.SZ,20260825,13.08,13.3,13.06,13.27,96652.7,127684.7801
002440.SZ,20260825,12.22,12.38,11.73,12.09,354829.87,428107.72926
002441.SZ,20260825,7.72,7.94,7.68,7.91,45402.99,35650.35109
002442.SZ,20260825,4.89,5.04,4.85,5.02,103434.0,51497.602
002443.SZ,20260825,9.29,9.96,9.1,9.77,304323.91,291411.16061
002444.SZ,20260825,28.59,29.65,28.45,29.48,112321.5,328439.52101
002445.SZ,20260825,3.71,3.71,3.71,3.71,56438.2,20938.5722
002446.SZ,20260825,8.2,8.59,8.14,8.52,191610.58,161252.28306
002448.SZ,20260825,12.22,12.69,12.06,12.59,164807.0,205945.499
002449.SZ,20260825,6.49,6.63,6.4,6.61,209288.13,136844.24498
002451.SZ,20260825,7.17,8.13,7.11,8.13,339146.78,258714.36
002452.SZ,20260825,11.09,11.32,11.03,11.27,70775.36,79149.13068
002453.SZ,20260825,4.35,4.5,4.28,4.47,123636.0,54497.424
002454.SZ,20260825,5.01,5.25,5.0,5.23,151045.43,77842.0531
002455.SZ,20260825,7.28,7.88,7.22,7.71,932343.86,711547.28791
002456.SZ,20260825,6.9,7.19,6.85,7.16,781681.97,553952.55441
002457.SZ,20260825,10.54,11.08,10.51,11.02,201320.0,218996.93
002458.SZ,20260825,8.75,8.89,8.7,8.85,349811.1,308334.85065
002459.SZ,20260825,7.12,7.24,7.09,7.23,226368.9,162282.8152
002460.SZ,20260825,54.6,55.77,52.92,53.05,459700.45,2474969.63643
002461.SZ,20260825,8.58,8.69,8.55,8.65,41888.0,36221.171
002462.SZ,20260825,11.9,12.26,11.88,12.24,23449.0,28473.066
002463.SZ,20260825,113.08,118.12,112.22,114.29,411054.33,4734042.96561
002465.SZ,20260825,9.78,10.05,9.67,9.99,438645.34,434470.06657
002466.SZ,20260825,49.1,49.1,46.6,47.01,549762.1,2612593.44476
002467.SZ,20260825,4.44,4.55,4.36,4.53,270030.92,121164.96691
002468.SZ,20260825,14.1,14.17,13.94,13.96,105816.51,148364.93007
002469.SZ,20260825,6.61,6.82,6.39,6.66,318068.01,208219.17201
002470.SZ,20260825,1.92,1.99,1.91,1.97,1214314.0,238966.382
002471.SZ,20260825,5.17,5.38,5.14,5.35,351170.27,185760.06417
002472.SZ,20260825,34.98,35.93,34.96,35.7,108178.72,384986.10883
002474.SZ,20260825,5.96,6.27,5.92,6.23,222123.45,136781.95168
002475.SZ,20260825,52.6,55.69,51.88,54.86,1336501.39,7241525.0784
002476.SZ,20260825,5.03,5.15,5.0,5.14,93087.0,47477.572
002478.SZ,20260825,6.24,6.92,6.14,6.92,491304.75,325471.69994
002479.SZ,20260825,5.73,5.84,5.7,5.78,221730.54,128092.53902
002480.SZ,20260825,5.33,5.37,5.27,5.34,60596.0,32297.101
002481.SZ,20260825,4.14,4.25,4.12,4.25,113670.73,47904.34796
002482.SZ,20260825,1.25,1.31,1.25,1.29,730812.12,94012.87989
002483.SZ,20260825,5.19,5.37,5.11,5.35,201911.37,105906.3
002484.SZ,20260825,59.48,61.0,56.87,60.03,337505.31,1993415.83688
002485.SZ,20260825,6.02,6.12,5.94,6.05,18814.0,11348.012
002486.SZ,20260825,2.56,2.7,2.54,2.7,281411.0,74071.369
002487.SZ,20260825,34.71,35.66,33.77,35.16,321535.57,1117760.09983
002488.SZ,20260825,7.79,8.09,7.65,8.06,249048.52,198185.24998
002489.SZ,20260825,2.75,2.83,2.74,2.83,242827.0,68128.317
002490.SZ,20260825,8.09,8.5,8.02,8.29,746572.2,620940.89848
002491.SZ,20260825,20.66,22.04,19.6,21.4,2856683.49,6021230.7509
002492.SZ,20260825,5.37,5.68,5.35,5.63,85867.0,47781.817
002493.SZ,20260825,13.65,13.82,13.05,13.22,434120.9,577802.79889
002494.SZ,20260825,4.59,4.9,4.59,4.88,132593.58,63868.56444
002495.SZ,20260825,2.36,2.44,2.35,2.41,207322.0,49673.695
002496.SZ,20260825,2.0,2.08,1.98,2.07,285053.4,58615.2494
002497.SZ,20260825,19.3,19.63,18.57,18.64,485091.3,918218.59093
002498.SZ,20260825,6.18,6.28,6.11,6.26,411340.18,256302.78171
002500.SZ,20260825,5.28,5.32,5.25,5.31,153139.6,81125.0072
002501.SZ,20260825,1.26,1.28,1.26,1.27,207155.09,26301.80343
002506.SZ,20260825,2.69,2.76,2.61,2.74,5210446.35,1397306.14721
002507.SZ,20260825,11.19,11.33,11.19,11.27,79918.6,90190.2785
002508.SZ,20260825,16.43,16.72,16.43,16.56,69142.08,114733.55804
002510.SZ,20260825,5.54,5.79,5.54,5.76,299374.88,170679.52972
002511.SZ,20260825,7.06,7.17,7.02,7.12,108171.06,76945.4799
002512.SZ,20260825,3.98,4.0,3.9,3.97,178624.0,70679.888
002513.SZ,20260825,5.13,5.44,5.12,5.38,106969.0,57106.202
002514.SZ,20260825,1.65,1.8,1.63,1.8,449445.0,77824.632
002515.SZ,20260825,7.81,8.77,7.66,8.35,1494470.84,1254883.85026
002516.SZ,20260825,5.23,5.39,5.2,5.37,141666.31,75452.09644
002517.SZ,20260825,16.38,16.68,16.3,16.54,404953.17,669999.1769
002518.SZ,20260825,34.02,35.67,33.21,35.21,157123.21,543891.06804
002519.SZ,20260825,5.19,5.43,5.16,5.4,264346.29,141084.32799
002520.SZ,20260825,5.76,6.22,5.71,6.15,423601.82,254286.82072
002521.SZ,20260825,6.68,6.81,6.67,6.76,38296.24,25847.975
002522.SZ,20260825,5.18,5.42,5.12,5.39,485793.1,257136.96659
002523.SZ,20260825,3.4,3.46,3.38,3.45,253533.07,87045.63234
002524.SZ,20260825,3.91,4.08,3.89,4.04,214114.0,85542.06
002526.SZ,20260825,2.63,2.74,2.62,2.72,279047.46,75167.8691
002527.SZ,20260825,11.01,11.41,10.94,11.31,74543.0,83822.867
002528.SZ,20260825,6.0,6.54,5.71,5.75,492611.38,301535.32423
002529.SZ,20260825,6.85,7.09,6.82,7.08,41573.0,29121.145
002530.SZ,20260825,7.04,7.39,7.03,7.37,241225.16,175207.24952
002531.SZ,20260825,6.03,6.16,5.99,6.12,232349.98,141349.002
002532.SZ,20260825,12.65,12.72,12.41,12.57,590191.2,741075.50145
002533.SZ,20260825,11.13,11.29,11.07,11.26,34744.0,39020.073
002534.SZ,20260825,14.95,15.09,14.45,14.83,83385.26,123230.18703
002535.SZ,20260825,2.48,2.59,2.46,2.57,161474.0,41045.9179
002536.SZ,20260825,48.48,52.65,47.0,51.56,758905.76,3795234.56013
002537.SZ,20260825,5.88,6.42,5.85,6.27,1092290.04,680228.05813
002538.SZ,20260825,7.32,7.38,7.25,7.33,64547.0,47256.541
002539.SZ,20260825,12.83,13.1,12.69,12.88,171244.71,221318.26563
002540.SZ,20260825,5.11,5.15,5.07,5.12,74369.0,38028.984
002541.SZ,20260825,19.57,19.87,19.4,19.57,71517.71,140496.71206
002542.SZ,20260825,1.85,1.9,1.82,1.82,319915.0,59441.99
002543.SZ,20260825,7.25,7.35,7.06,7.33,181274.55,131353.76574
002544.SZ,20260825,15.85,16.33,15.73,16.1,93145.28,149504.28897
002545.SZ,20260825,17.4,17.64,16.93,17.03,149269.24,257045.695
002546.SZ,20260825,7.78,7.95,7.72,7.92,105639.0,83144.861
002547.SZ,20260825,2.47,2.56,2.44,2.53,217589.76,54761.17824
002548.SZ,20260825,4.01,4.13,3.97,4.12,260800.46,106765.2806
002549.SZ,20260825,13.27,13.44,13.14,13.36,115590.09,153876.16271
002550.SZ,20260825,6.5,6.6,6.43,6.59,138663.16,90775.63926
002551.SZ,20260825,3.29,3.4,3.27,3.38,137979.3,46224.16561
002552.SZ,20260825,55.99,58.45,53.36,55.6,385389.73,2139412.61126
002553.SZ,20260825,14.8,15.6,14.8,15.52,99161.0,151556.147
002554.SZ,20260825,2.88,3.0,2.87,2.97,274161.9,81170.2829
002555.SZ,20260825,18.35,18.72,18.31,18.69,211472.58,391670.61018
002556.SZ,20260825,5.06,5.23,5.06,5.17,142397.85,73718.0546
002557.SZ,20260825,18.85,19.14,18.61,18.62,75898.92,142581.67516
002558.SZ,20260825,26.6,27.4,26.32,26.71,703712.43,1898847.85773
002559.SZ,20260825,9.04,9.26,8.82,9.2,217817.0,197210.106
002560.SZ,20260825,5.9,6.12,5.88,6.08,185867.83,111858.96462
002561.SZ,20260825,6.66,6.99,6.62,6.89,95918.91,65868.73428
002562.SZ,20260825,4.75,5.08,4.71,4.99,405629.09,200012.29838
002563.SZ,20260825,5.83,5.94,5.81,5.88,176604.31,103777.73703
002564.SZ,20260825,4.29,4.45,4.24,4.42,130254.6,57019.1252
002565.SZ,20260825,8.34,8.67,8.23,8.61,345558.88,293457.04713
002566.SZ,20260825,6.73,7.13,6.69,7.11,118214.0,82454.184
002567.SZ,20260825,3.59,3.74,3.59,3.74,309794.62,114468.63031
002568.SZ,20260825,17.81,18.09,17.81,17.9,69108.12,123768.92886
002569.SZ,20260825,10.98,11.5,10.7,11.25,11830.0,13301.13
002570.SZ,20260825,4.42,4.56,4.4,4.56,167379.68,75441.8904
002571.SZ,20260825,10.56,11.05,10.51,10.95,55585.0,60279.217
002572.SZ,20260825,8.1,8.23,8.09,8.19,66753.5,54590.222
002573.SZ,20260825,3.17,3.21,3.15,3.21,113394.24,36195.3878
002574.SZ,20260825,4.95,5.25,4.9,4.99,421133.03,214414.53488
002575.SZ,20260825,4.83,5.12,4.79,5.08,300879.09,151034.24043
002576.SZ,20260825,13.85,14.4,13.84,14.38,21305.0,30328.953
002577.SZ,20260825,18.3,19.09,18.12,19.08,37710.82,70323.7411
002578.SZ,20260825,3.87,4.03,3.79,4.01,342081.7,133557.1179
002579.SZ,20260825,13.65,14.02,13.13,13.92,535150.14,729793.35222
002580.SZ,20260825,21.42,22.05,20.19,21.23,1112411.82,2338854.25763
002581.SZ,20260825,5.06,5.66,4.97,5.62,209306.65,112556.96392
002582.SZ,20260825,10.0,10.25,9.95,10.19,221699.0,224490.224
002583.SZ,20260825,8.18,8.42,8.16,8.37,233406.0,195151.351
002584.SZ,20260825,7.98,8.18,7.88,8.14,204370.43,164692.27688
002585.SZ,20260825,9.61,9.9,9.31,9.85,517776.62,499510.83567
002586.SZ,20260825,4.47,4.48,4.27,4.38,94801.0,41339.617
002587.SZ,20260825,5.28,5.5,5.25,5.48,122441.28,66280.01228
002588.SZ,20260825,7.66,7.79,7.64,7.73,130669.0,101062.805
002589.SZ,20260825,2.98,3.26,2.96,3.24,1519106.11,477720.43012
002590.SZ,20260825,9.25,9.56,9.2,9.56,53981.0,51101.959
002591.SZ,20260825,6.14,6.42,6.1,6.39,158988.0,99866.26
002592.SZ,20260825,6.95,7.15,6.86,7.05,69187.0,48266.525
002593.SZ,20260825,4.39,4.5,4.37,4.48,161254.0,71717.996
002594.SZ,20260825,90.49,91.5,89.91,91.36,274502.27,2492097.98368
002595.SZ,20260825,48.0,48.14,47.31,47.9,23689.58,113223.45516
002596.SZ,20260825,3.17,3.27,3.17,3.25,237106.0,76617.648
002597.SZ,20260825,19.76,20.05,19.72,19.94,35607.16,70917.72344
002598.SZ,20260825,6.58,6.71,6.56,6.7,18730.0,12457.525
002599.SZ,20260825,5.71,5.96,5.7,5.93,76855.8,45104.492
002600.SZ,20260825,11.91,12.25,11.73,12.17,663804.55,797426.43038
002601.SZ,20260825,15.3,15.73,15.25,15.69,123453.24,191721.02803
002602.SZ,20260825,13.69,14.1,13.66,14.06,785207.64,1100002.15673
002603.SZ,20260825,15.75,16.12,15.67,16.09,163783.98,260712.22591
002605.SZ,20260825,17.26,17.57,17.26,17.51,32430.09,56607.13459
002606.SZ,20260825,13.13,13.21,12.77,13.18,150631.85,196057.45332
002607.SZ,20260825,1.99,2.06,1.98,2.05,1311031.04,266267.3379
002608.SZ,20260825,7.0,7.08,6.99,7.04,90431.0,63719.638
002609.SZ,20260825,7.5,7.8,7.5,7.79,64971.0,50097.636
002611.SZ,20260825,14.32,14.76,14.32,14.67,149236.01,217940.70688
002612.SZ,20260825,14.7,14.98,14.43,14.86,73980.0,108951.248
002613.SZ,20260825,3.4,3.49,3.37,3.48,241587.56,83185.47732
002614.SZ,20260825,5.44,5.85,5.41,5.79,486537.42,277744.00427
002615.SZ,20260825,6.36,6.75,6.31,6.69,168556.99,111619.67934
002616.SZ,20260825,4.7,4.83,4.7,4.82,78769.26,37753.2285
002617.SZ,20260825,5.99,6.16,5.95,6.14,486324.0,295590.391
002620.SZ,20260825,5.89,6.05,5.6,5.74,164323.53,95267.63726
002622.SZ,20260825,2.46,2.64,2.45,2.63,319746.0,82054.821
002623.SZ,20260825,15.51,15.82,15.27,15.78,24981.91,39019.57661
002624.SZ,20260825,10.75,11.02,10.63,10.97,291197.23,318048.96349
002625.SZ,20260825,27.55,28.58,27.02,28.38,167977.61,470407.58069
002626.SZ,20260825,16.3,16.94,16.3,16.79,70807.0,118195.184
002627.SZ,20260825,7.01,7.18,6.8,6.88,524651.39,368378.55534
002628.SZ,20260825,4.76,4.84,4.72,4.8,114785.52,54943.38339
002629.SZ,20260825,4.72,4.92,4.7,4.89,98822.0,47822.52
002630.SZ,20260825,1.61,1.64,1.59,1.63,71385.6,11601.9584
002631.SZ,20260825,8.5,8.9,8.34,8.81,289406.01,250058.76162
002632.SZ,20260825,8.29,8.53,8.2,8.49,123897.0,103868.724
002633.SZ,20260825,14.16,14.73,14.05,14.7,16075.0,23282.179
002634.SZ,20260825,4.22,4.28,4.18,4.24,36616.71,15477.76315
002635.SZ,20260825,15.25,15.78,14.77,15.64,193531.0,297010.498
002636.SZ,20260825,58.83,66.52,57.8,64.06,547737.92,3462995.761
002637.SZ,20260825,11.02,11.56,10.87,11.16,216850.15,242652.69472
002638.SZ,20260825,4.16,4.4,4.11,4.36,553619.0,237106.425
002639.SZ,20260825,11.41,11.88,11.17,11.82,238147.37,277882.40589
002640.SZ,20260825,3.16,3.33,3.15,3.32,1280261.89,419751.73614
002641.SZ,20260825,3.92,3.99,3.91,3.98,82044.0,32575.76286
002642.SZ,20260825,7.02,7.27,6.98,7.26,130414.03,93610.40795
002643.SZ,20260825,12.81,13.07,12.51,13.02,165617.51,212440.75877
002644.SZ,20260825,8.17,8.54,8.08,8.51,132823.0,111319.388
002645.SZ,20260825,18.76,19.26,18.36,18.85,316896.1,594322.72974
002646.SZ,20260825,6.76,6.95,6.76,6.94,44506.0,30722.09999
002647.SZ,20260825,11.62,11.85,11.18,11.28,470273.0,537533.758
002648.SZ,20260825,26.64,27.09,26.44,26.56,359348.02,959911.03469
002649.SZ,20260825,9.38,9.82,9.35,9.81,230629.94,224330.2044
002650.SZ,20260825,6.21,6.35,6.14,6.29,36258.0,22725.80756
002651.SZ,20260825,8.4,8.5,8.23,8.33,364999.48,303290.21453
002652.SZ,20260825,3.91,4.12,3.89,4.1,159312.0,64448.105
002653.SZ,20260825,64.13,64.98,62.68,64.32,41715.72,266600.48507
002654.SZ,20260825,13.3,13.91,13.16,13.56,665426.76,900464.02441
002655.SZ,20260825,34.21,38.23,33.6,37.49,423838.41,1551746.09564
002656.SZ,20260825,2.95,3.01,2.94,3.0,125789.83,37501.06934
002657.SZ,20260825,14.93,15.84,14.71,15.76,147923.43,228861.5692
002658.SZ,20260825,7.1,7.47,7.08,7.4,81084.21,59395.9617
002659.SZ,20260825,4.41,4.58,4.39,4.57,138217.0,62077.449
002660.SZ,20260825,7.3,7.6,7.29,7.57,50367.03,37674.66319
002661.SZ,20260825,7.9,8.15,7.87,8.14,33126.0,26773.152
002662.SZ,20260825,3.19,3.28,3.18,3.28,89240.94,29017.39456
002663.SZ,20260825,1.63,1.73,1.63,1.72,393558.16,66685.5342
002664.SZ,20260825,14.85,15.34,14.76,15.3,40735.8,61621.95479
002666.SZ,20260825,4.3,4.38,4.11,4.22,256755.18,108407.28014
002667.SZ,20260825,19.6,21.4,19.5,20.63,330907.2,674739.4616
002668.SZ,20260825,9.7,9.96,9.62,9.9,183738.96,180644.7808
002669.SZ,20260825,11.28,11.65,11.05,11.59,107849.04,122793.86008
002670.SZ,20260825,10.75,10.91,10.71,10.85,149122.91,161086.38667
002671.SZ,20260825,3.9,4.01,3.88,4.0,99318.0,39394.022
002672.SZ,20260825,3.63,3.75,3.61,3.73,70123.0,26017.092
002673.SZ,20260825,6.47,6.58,6.47,6.57,226454.28,148258.16394
002674.SZ,20260825,26.22,26.93,25.73,26.2,120323.5,317139.083
002675.SZ,20260825,12.72,13.0,12.64,12.96,55381.98,71445.89464
002676.SZ,20260825,5.0,5.21,5.0,5.17,154771.23,79595.92464
002677.SZ,20260825,6.64,7.0,6.64,6.94,68631.0,47202.446
002678.SZ,20260825,4.78,4.86,4.75,4.82,110666.26,53289.47284
002679.SZ,20260825,9.29,9.62,9.22,9.59,55113.8,52292.2634
002681.SZ,20260825,4.3,4.47,4.29,4.45,291731.36,128479.70668
002682.SZ,20260825,4.48,4.77,4.47,4.73,422923.75,197545.709
002683.SZ,20260825,29.0,29.79,28.71,29.2,71714.37,210026.85756
002685.SZ,20260825,5.38,5.55,5.33,5.52,283757.56,155421.73724
002686.SZ,20260825,6.11,6.82,6.05,6.82,383040.95,252138.1033
002687.SZ,20260825,6.42,6.54,6.0,6.45,321669.35,202846.41325
002688.SZ,20260825,5.16,5.28,5.12,5.27,80208.0,41878.448
002689.SZ,20260825,2.86,2.88,2.83,2.87,33488.3,9581.1357
002690.SZ,20260825,15.3,15.43,15.22,15.31,26972.6,41349.6685
002691.SZ,20260825,4.15,4.34,4.12,4.32,20884.0,8888.87
002692.SZ,20260825,4.15,4.3,4.14,4.26,108536.0,46119.713
002693.SZ,20260825,8.88,9.28,8.64,9.23,210868.25,188974.04025
002694.SZ,20260825,2.13,2.34,2.11,2.34,67298.8,15163.1892
002695.SZ,20260825,11.2,11.21,10.85,11.03,155468.69,171620.15836
002696.SZ,20260825,6.01,6.35,5.97,6.31,172085.5,107436.565
002697.SZ,20260825,4.46,4.61,4.46,4.6,192952.11,88046.06641
002698.SZ,20260825,12.27,12.45,12.12,12.35,82638.24,101562.32793
002700.SZ,20260825,6.24,6.42,6.24,6.39,61167.0,38841.543
002701.SZ,20260825,4.72,4.83,4.7,4.79,228441.0,109164.49434
002702.SZ,20260825,4.77,4.92,4.73,4.9,176732.4,85517.2062
002703.SZ,20260825,14.1,15.87,13.92,15.87,755366.72,1159846.92357
002705.SZ,20260825,11.06,11.31,11.01,11.28,56797.12,63860.70044
002706.SZ,20260825,9.51,9.84,9.39,9.78,314802.23,303881.42941
002707.SZ,20260825,5.26,5.41,5.24,5.39,299222.84,160488.62184
002708.SZ,20260825,11.27,11.89,11.27,11.84,169308.64,197290.61848
002709.SZ,20260825,37.0,37.14,35.5,36.4,556625.07,2019222.40404
002712.SZ,20260825,4.61,4.86,4.61,4.84,145087.4,69071.4256
002713.SZ,20260825,8.95,9.96,8.87,9.96,157511.38,149460.35605
002714.SZ,20260825,38.76,39.98,38.62,39.93,535318.29,2122281.65704
002715.SZ,20260825,14.02,14.4,13.86,14.39,34797.0,49477.788
002716.SZ,20260825,11.55,11.7,10.51,10.77,4744842.8,5251667.58228
002717.SZ,20260825,0.96,1.01,0.95,0.99,600504.66,59340.57518
002718.SZ,20260825,84.54,85.26,80.88,84.52,11411.0,95442.082
002719.SZ,20260825,5.99,6.16,5.96,6.15,24237.6,14799.9488
002721.SZ,20260825,2.82,2.88,2.74,2.8,1572442.0,439493.909
002722.SZ,20260825,12.68,13.04,12.68,12.98,28813.74,37232.71538
002723.SZ,20260825,7.37,7.69,7.26,7.63,91333.0,68795.04
002724.SZ,20260825,6.4,6.8,6.36,6.71,427985.1,284605.12401
002725.SZ,20260825,11.05,11.45,10.95,11.4,41207.0,46319.574
002726.SZ,20260825,2.85,3.09,2.79,2.85,1376976.06,407693.40053
002727.SZ,20260825,11.42,11.84,11.4,11.77,80634.67,94155.46205
002728.SZ,20260825,8.61,8.96,8.51,8.92,154238.4,135848.5396
002729.SZ,20260825,13.51,14.0,13.32,13.91,35655.04,49011.95156
002730.SZ,20260825,20.57,21.62,20.38,21.38,62760.31,132074.48459
002731.SZ,20260825,1.2,1.31,1.15,1.15,608838.28,73957.38288
002732.SZ,20260825,13.58,14.04,13.58,14.02,11089.0,15423.377
002733.SZ,20260825,18.36,18.64,17.96,18.54,84439.25,154733.2015
002734.SZ,20260825,14.51,14.98,14.42,14.91,126673.83,186549.09157
002735.SZ,20260825,11.18,11.64,11.16,11.52,143995.2,164284.4256
002736.SZ,20260825,9.82,9.89,9.82,9.88,122364.22,120730.39141
002737.SZ,20260825,12.87,13.25,12.75,13.25,45384.51,59219.56351
002738.SZ,20260825,53.69,53.69,49.28,50.35,336260.23,1713947.53045
002739.SZ,20260825,8.18,8.33,8.16,8.31,383428.27,317816.19995
002741.SZ,20260825,25.0,25.5,24.01,24.97,213353.02,529346.02226
002742.SZ,20260825,4.21,4.68,4.21,4.68,483381.11,221288.28448
002743.SZ,20260825,4.47,4.68,4.42,4.64,271195.0,124444.102
002745.SZ,20260825,11.06,11.25,10.87,11.2,343011.4,380282.64816
002746.SZ,20260825,6.24,6.42,6.24,6.4,216661.5,137909.7765
002747.SZ,20260825,31.06,32.25,30.57,31.68,482073.71,1516154.642
002748.SZ,20260825,11.94,12.38,11.71,12.25,87234.38,106114.12168
002749.SZ,20260825,8.56,8.72,8.56,8.68,27903.51,24164.1713
002752.SZ,20260825,5.82,6.01,5.79,5.99,113680.95,67431.90805
002753.SZ,20260825,6.75,6.95,6.73,6.93,90020.88,62004.37042
002755.SZ,20260825,11.86,12.3,11.75,12.18,125718.5,150946.64143
002756.SZ,20260825,46.5,46.87,44.35,44.64,189965.78,859211.04555
002757.SZ,20260825,15.55,16.12,15.48,16.02,76719.25,121692.083
002758.SZ,20260825,7.86,8.12,7.86,8.08,69847.67,56295.50436
002759.SZ,20260825,18.0,18.25,17.18,17.57,236830.1,417235.1933
002760.SZ,20260825,17.28,17.83,17.14,17.75,32939.0,57632.241
002761.SZ,20260825,7.07,7.21,7.01,7.2,99044.0,70848.125
002762.SZ,20260825,9.97,9.97,9.32,9.47,97109.0,93085.155
002763.SZ,20260825,7.32,7.53,7.32,7.52,44994.81,33540.3855
002765.SZ,20260825,6.87,7.04,6.84,7.01,56687.0,39482.919
002766.SZ,20260825,3.99,4.22,3.96,4.16,408313.38,168158.0346
002767.SZ,20260825,17.85,18.12,17.48,18.06,15903.0,28449.999
002768.SZ,20260825,59.0,62.64,57.87,61.53,92726.14,560908.81369
002769.SZ,20260825,6.9,7.08,6.83,7.05,65949.0,46030.547
002771.SZ,20260825,12.0,12.45,11.88,12.37,61037.5,74564.3859
002772.SZ,20260825,10.2,10.84,10.16,10.74,154991.53,164156.45316
002773.SZ,20260825,20.3,20.56,20.3,20.45,44577.0,91096.508
002774.SZ,20260825,16.2,16.74,15.88,16.5,123798.0,202482.572
002775.SZ,20260825,3.49,3.71,3.47,3.68,140407.79,50681.99659
002777.SZ,20260825,12.38,12.78,12.36,12.77,65029.44,82386.2193
002778.SZ,20260825,15.37,15.92,15.36,15.87,20071.0,31626.675
002779.SZ,20260825,73.23,75.9,71.65,75.3,24158.3,178967.6657
002780.SZ,20260825,12.9,13.48,12.9,13.4,38374.56,50856.55928
002782.SZ,20260825,14.84,15.33,14.56,15.21,63114.0,94674.98363
002783.SZ,20260825,7.76,7.98,7.7,7.95,89835.75,70773.6465
002785.SZ,20260825,34.36,34.49,33.3,34.14,49480.94,167666.79773
002786.SZ,20260825,7.9,8.07,7.84,8.06,91161.65,72855.3609
002787.SZ,20260825,20.5,21.65,20.07,21.31,109239.0,228635.09215
002788.SZ,20260825,10.62,11.41,10.35,11.26,219307.0,241436.457
002789.SZ,20260825,9.7,10.36,9.65,10.23,27148.4,27146.447
002790.SZ,20260825,5.86,6.02,5.84,6.02,45345.6,27014.40568
002791.SZ,20260825,14.51,14.9,14.39,14.88,22115.0,32677.943
002792.SZ,20260825,29.67,31.49,29.5,31.15,250102.89,765440.5646
002793.SZ,20260825,4.6,4.89,4.51,4.83,455887.12,216247.2024
002795.SZ,20260825,7.09,7.15,6.87,7.12,117775.0,82858.804
002796.SZ,20260825,29.0,29.87,28.16,29.5,60256.0,175372.39
002797.SZ,20260825,6.32,6.38,6.31,6.37,291879.36,185154.36632
002798.SZ,20260825,5.56,5.76,5.52,5.74,74669.36,42363.94616
002799.SZ,20260825,6.65,6.98,6.61,6.93,70547.0,48468.092
002800.SZ,20260825,13.2,14.58,13.2,14.37,82736.28,117444.10116
002801.SZ,20260825,26.39,26.88,26.14,26.81,5583.84,14856.39576
002802.SZ,20260825,11.77,12.28,11.77,12.13,35768.15,43208.30569
002803.SZ,20260825,18.33,18.63,18.09,18.58,59488.7,109561.62141
002805.SZ,20260825,19.29,19.39,18.32,18.73,191671.31,358854.87416
002806.SZ,20260825,13.95,14.48,13.81,14.44,57213.14,81580.60454
002807.SZ,20260825,4.06,4.08,4.01,4.03,381730.02,154034.16064
002809.SZ,20260825,8.32,8.63,8.32,8.59,67898.89,57997.75562
002810.SZ,20260825,21.66,21.66,20.78,21.45,59840.1,126970.53082
002811.SZ,20260825,13.03,13.45,12.95,13.12,137787.28,182039.38062
002812.SZ,20260825,55.59,55.91,52.76,53.79,214826.04,1157249.26231
002813.SZ,20260825,19.99,21.07,19.99,20.98,22034.0,45695.483
002815.SZ,20260825,13.19,13.5,13.03,13.44,285482.0,379235.973
002816.SZ,20260825,24.34,24.38,23.68,24.06,12470.0,29945.137
002817.SZ,20260825,6.52,6.74,6.45,6.71,59286.89,39409.18406
002818.SZ,20260825,11.01,11.04,10.87,10.97,42195.9,46195.8939
002819.SZ,20260825,20.85,21.15,20.43,21.07,37710.0,78617.759
002820.SZ,20260825,9.27,9.95,9.18,9.76,308399.87,297934.35396
002821.SZ,20260825,156.48,172.23,154.2,172.23,170217.41,2807272.40754
002822.SZ,20260825,3.13,3.15,3.12,3.14,39821.0,12485.611
002823.SZ,20260825,12.72,13.12,12.6,13.08,46893.12,60620.12244
002824.SZ,20260825,23.8,25.5,23.35,25.27,204899.58,501750.97754
002825.SZ,20260825,8.9,9.08,8.75,9.02,40031.21,35837.28993
002826.SZ,20260825,16.97,17.6,16.82,17.5,37550.61,65061.29628
002827.SZ,20260825,55.01,55.08,52.88,53.2,93726.49,504381.81037
002828.SZ,20260825,12.18,12.39,12.01,12.25,130011.5,159432.918
002829.SZ,20260825,18.84,19.58,18.61,19.48,54183.71,103619.73313
002830.SZ,20260825,13.56,14.1,13.45,14.0,28720.8,39761.70398
002831.SZ,20260825,24.89,25.46,24.56,25.13,70145.25,175844.74824
002832.SZ,20260825,24.15,24.64,23.92,24.03,61609.83,148915.30192
002833.SZ,20260825,17.68,18.08,17.52,18.0,29327.86,52518.4465
002835.SZ,20260825,12.3,12.69,12.2,12.67,19797.0,24810.434
002836.SZ,20260825,9.7,10.19,9.63,10.14,18971.32,18945.1356
002837.SZ,20260825,53.54,60.23,53.01,60.23,964758.86,5646530.14447
002838.SZ,20260825,24.19,24.3,23.07,23.72,73738.83,174105.27622
002839.SZ,20260825,4.42,4.43,4.35,4.37,238982.6,104633.1624
002840.SZ,20260825,8.12,8.38,8.0,8.26,171816.61,141294.76947
002841.SZ,20260825,48.34,48.95,46.16,46.91,69581.94,326569.53338
002842.SZ,20260825,38.15,38.63,36.4,37.41,284704.53,1063538.45284
002843.SZ,20260825,15.03,16.2,15.0,16.07,110034.79,172434.32265
002845.SZ,20260825,12.87,13.24,12.67,13.22,79755.89,103760.06379
002846.SZ,20260825,10.45,10.67,10.4,10.67,50930.75,53795.2803
002847.SZ,20260825,44.1,45.5,43.88,45.3,34583.42,155585.27617
002848.SZ,20260825,13.2,13.28,12.82,13.23,31364.0,41267.074
002849.SZ,20260825,18.54,19.03,18.21,18.84,76999.6,144368.5126
002850.SZ,20260825,181.5,184.14,177.07,177.18,35513.96,637982.26806
002851.SZ,20260825,117.0,122.79,115.76,121.32,202340.94,2419377.65284
002852.SZ,20260825,7.82,8.08,7.73,8.06,107384.69,86021.58271
002853.SZ,20260825,20.82,23.12,20.51,22.79,107837.5,242762.5652
002855.SZ,20260825,9.84,11.0,9.81,11.0,47638.89,50633.74512
002856.SZ,20260825,13.98,15.49,13.98,15.49,47617.4,70577.7902
002857.SZ,20260825,19.18,20.0,19.05,19.89,35620.0,69626.575
002858.SZ,20260825,11.44,11.92,11.41,11.86,35419.0,41579.78
002859.SZ,20260825,64.0,64.98,61.08,63.66,129309.7,814247.41653
002860.SZ,20260825,15.15,15.71,15.07,15.52,147478.08,226854.42881
002861.SZ,20260825,15.32,15.75,14.96,15.64,44062.2,68010.2644
002862.SZ,20260825,13.25,13.76,13.18,13.76,20696.8,28066.5234
002863.SZ,20260825,4.6,4.78,4.58,4.78,164161.48,77439.75071
002864.SZ,20260825,21.3,22.42,21.06,22.38,48477.8,106876.0708
002865.SZ,20260825,39.39,40.4,38.43,40.18,73568.44,291403.64968
002866.SZ,20260825,14.58,15.01,14.5,14.97,60292.18,89124.6031
002867.SZ,20260825,12.35,12.44,12.22,12.37,77641.97,95612.29365
002868.SZ,20260825,21.5,22.15,21.39,22.07,11290.0,24671.316
002869.SZ,20260825,15.93,16.37,15.75,16.28,21100.0,34043.942
002870.SZ,20260825,46.89,47.5,46.16,47.08,24378.0,114377.91
002871.SZ,20260825,16.24,16.96,15.99,16.81,30559.5,50765.949
002872.SZ,20260825,5.31,5.38,5.29,5.38,19889.5,10608.5435
002873.SZ,20260825,8.3,8.87,8.3,8.78,102336.0,88643.779
002875.SZ,20260825,12.78,13.18,12.53,13.12,40796.0,52682.975
002876.SZ,20260825,28.99,29.32,28.35,28.94,27177.48,78694.41268
002877.SZ,20260825,7.28,7.56,7.24,7.53,57210.73,42655.34015
002878.SZ,20260825,12.03,12.54,12.01,12.51,47333.0,58473.896
002879.SZ,20260825,15.5,16.5,15.4,16.44,101624.07,164559.7858
002880.SZ,20260825,21.19,22.55,21.19,22.55,34926.6,78240.666
002881.SZ,20260825,39.58,40.15,38.7,39.8,62262.01,245532.71428
002882.SZ,20260825,23.72,23.99,21.96,22.18,227579.27,513002.62757
002883.SZ,20260825,9.2,9.3,9.14,9.3,8337.0,7668.361
002884.SZ,20260825,15.81,15.92,15.5,15.73,42241.47,66430.17087
002885.SZ,20260825,27.55,28.94,26.84,28.45,133820.44,374903.38137
002886.SZ,20260825,20.29,21.86,19.9,21.26,284805.55,600038.6922
002887.SZ,20260825,9.02,9.65,8.91,9.46,57298.9,53252.8857
002888.SZ,20260825,17.26,18.02,17.13,17.99,17885.0,31728.876
002889.SZ,20260825,12.4,12.91,12.38,12.86,41202.96,52630.16024
002890.SZ,20260825,14.03,14.51,14.01,14.47,16324.71,23369.8615
002891.SZ,20260825,28.23,29.36,28.03,28.8,70197.9,201824.39646
002892.SZ,20260825,8.91,9.15,8.85,9.11,67599.2,61271.4481
002893.SZ,20260825,9.8,10.15,9.76,10.03,83897.0,83724.823
002895.SZ,20260825,33.03,33.36,32.0,32.1,69362.66,224542.45302
002896.SZ,20260825,63.5,65.43,63.12,64.75,79697.77,514909.01439
002897.SZ,20260825,54.62,58.87,53.45,57.72,97545.0,546407.46118
002899.SZ,20260825,19.04,19.7,19.01,19.68,25526.0,49626.096
002900.SZ,20260825,13.4,14.2,12.74,14.09,432846.5,585288.1886
002901.SZ,20260825,45.52,45.98,44.9,45.77,20462.01,93290.27033
002902.SZ,20260825,23.91,24.69,23.35,24.45,77524.03,186726.73956
002903.SZ,20260825,32.1,32.35,30.6,31.04,196964.37,615503.35138
002905.SZ,20260825,7.65,7.93,7.62,7.9,49146.08,38491.72792
002906.SZ,20260825,29.86,29.86,27.22,27.41,352221.89,1005946.83782
002907.SZ,20260825,14.09,15.74,13.9,15.74,168265.0,254303.035
002908.SZ,20260825,6.86,7.29,6.8,7.19,114392.0,81663.65888
002909.SZ,20260825,5.15,5.34,5.09,5.31,64208.0,33755.42
002910.SZ,20260825,9.27,9.92,9.27,9.81,79771.0,77561.913
002911.SZ,20260825,11.05,11.16,10.96,11.04,59050.15,65276.88578
002912.SZ,20260825,18.8,19.35,18.55,19.24,23442.0,44808.019
002913.SZ,20260825,56.36,57.77,54.71,56.84,50259.0,281818.3905
002915.SZ,20260825,16.6,16.85,16.4,16.76,46913.0,78392.246
002916.SZ,20260825,339.99,346.5,332.0,341.0,76447.61,2593118.31298
002917.SZ,20260825,10.08,10.37,10.08,10.34,23559.47,24210.83416
002918.SZ,20260825,9.68,10.21,9.68,10.13,100286.28,100234.26748
002919.SZ,20260825,16.9,17.55,16.7,17.43,27652.0,47586.137
002920.SZ,20260825,86.0,86.4,84.31,86.2,45161.15,386307.21343
002921.SZ,20260825,21.68,21.97,21.27,21.75,30103.98,65275.10528
002922.SZ,20260825,24.3,24.9,23.56,24.45,130674.55,316497.95315
002923.SZ,20260825,10.93,11.26,10.65,11.17,99328.22,109593.7652
002925.SZ,20260825,21.94,22.7,21.57,22.52,94241.85,208211.0831
002926.SZ,20260825,8.21,8.35,8.21,8.28,135578.0,112255.049
002927.SZ,20260825,15.65,16.26,15.31,16.12,55964.1,88854.4088
002928.SZ,20260825,6.16,6.28,6.15,6.25,143763.37,89391.90788
002929.SZ,20260825,51.82,54.8,51.4,54.22,125683.51,675752.08691
002930.SZ,20260825,8.48,8.84,8.48,8.8,63657.0,55453.19665
002931.SZ,20260825,46.0,47.36,45.51,46.94,50795.04,236109.9828
002932.SZ,20260825,15.1,15.33,15.1,15.33,5464.4,8317.16204
002933.SZ,20260825,26.12,26.8,25.76,26.73,11180.0,29597.198
002935.SZ,20260825,15.42,15.77,15.2,15.71,35190.77,54735.6882
002936.SZ,20260825,1.76,1.78,1.75,1.77,847853.7,149875.00002
002937.SZ,20260825,28.57,30.1,27.93,30.0,93949.56,273868.16009
002938.SZ,20260825,86.88,89.38,84.88,87.44,165679.0,1443342.39484
002939.SZ,20260825,7.93,7.99,7.93,7.99,137619.26,109670.8819
002940.SZ,20260825,24.86,25.9,24.65,25.82,102001.0,257415.48454
002941.SZ,20260825,10.47,10.91,10.47,10.87,134761.43,144886.42183
002942.SZ,20260825,15.55,15.84,15.53,15.71,14361.5,22549.8035
002943.SZ,20260825,32.13,33.29,31.16,32.72,78443.67,253897.38468
002945.SZ,20260825,13.81,13.91,13.68,13.81,67437.87,92892.68586
002946.SZ,20260825,15.85,16.35,15.74,16.24,74312.24,119862.44038
002947.SZ,20260825,55.0,59.61,52.68,59.61,119833.31,687782.58512
002948.SZ,20260825,5.99,6.02,5.88,5.91,399123.4,236701.1615
002949.SZ,20260825,11.3,12.44,11.3,12.44,216342.55,266158.33961
002950.SZ,20260825,9.19,9.42,9.09,9.41,60659.0,56403.466
002951.SZ,20260825,16.0,16.54,15.1,16.48,62501.0,101734.804
002952.SZ,20260825,19.53,20.03,19.12,19.82,23883.0,47122.696
002953.SZ,20260825,10.46,11.55,10.2,10.93,342695.12,372441.96478
002955.SZ,20260825,34.35,35.65,33.77,35.05,36274.0,125713.24
002956.SZ,20260825,16.67,17.08,16.5,16.97,31571.02,53049.99278
002957.SZ,20260825,40.0,41.87,39.02,41.01,129360.25,523555.16899
002958.SZ,20260825,2.94,2.97,2.92,2.95,687810.43,202477.48351
002959.SZ,20260825,32.29,33.22,32.23,33.11,5093.46,16793.0896
002960.SZ,20260825,8.4,8.52,8.3,8.48,58519.87,49475.24515
002961.SZ,20260825,18.48,18.88,18.43,18.79,46556.21,87311.17265
002962.SZ,20260825,12.4,12.77,12.14,12.7,66973.72,83780.2369
002963.SZ,20260825,18.48,20.32,18.31,20.32,109929.0,212936.519
002965.SZ,20260825,29.52,31.05,29.18,30.83,118101.82,358295.01955
002966.SZ,20260825,8.7,8.85,8.58,8.61,277454.47,240257.74088
002967.SZ,20260825,17.06,17.3,16.97,17.15,37057.0,63549.967
002968.SZ,20260825,9.09,9.41,9.0,9.39,28608.75,26547.03525
002969.SZ,20260825,12.32,12.59,11.96,12.44,291461.12,357961.22915
002970.SZ,20260825,49.27,50.78,47.97,50.53,28266.0,139687.33
002971.SZ,20260825,42.84,43.28,41.42,42.82,145963.36,618231.20976
002972.SZ,20260825,12.5,12.78,12.13,12.63,44865.0,56038.199
002973.SZ,20260825,11.6,11.97,11.01,11.93,133576.0,154166.76
002975.SZ,20260825,108.0,114.0,103.02,107.18,265231.31,2851208.67767
002976.SZ,20260825,23.32,24.82,22.53,24.69,94506.74,227091.541
002977.SZ,20260825,20.3,21.36,20.15,21.06,6183.79,12874.8411
002978.SZ,20260825,25.97,26.12,25.68,26.05,21024.0,54548.735
002979.SZ,20260825,53.69,56.1,52.72,55.4,82777.84,451882.70743
002980.SZ,20260825,91.68,96.9,90.85,94.52,86203.85,807904.08744
002981.SZ,20260825,23.28,23.75,23.03,23.64,15034.74,35439.491
002982.SZ,20260825,12.31,12.65,12.25,12.64,31588.32,39615.63456
002983.SZ,20260825,19.21,19.51,18.71,19.39,17905.59,34371.79731
002984.SZ,20260825,14.09,14.49,14.07,14.39,148228.39,213010.06805
002985.SZ,20260825,25.02,25.64,24.87,25.55,28061.22,71038.2479
002986.SZ,20260825,13.24,13.5,13.16,13.4,27648.04,37099.6758
002987.SZ,20260825,11.15,11.72,11.03,11.58,321038.71,367968.81967
002988.SZ,20260825,23.7,23.85,23.07,23.69,64734.31,152058.34353
002989.SZ,20260825,23.7,24.46,23.16,24.37,54188.0,130074.526
002990.SZ,20260825,47.0,48.18,45.47,47.57,68302.01,319734.06438
002991.SZ,20260825,38.78,39.45,38.68,39.27,11799.0,46182.438
002992.SZ,20260825,33.5,34.33,33.16,34.14,8281.3,28052.8778
002993.SZ,20260825,36.61,38.52,35.96,37.87,57249.24,214323.23514
002995.SZ,20260825,16.4,17.11,16.3,17.08,48681.88,81864.52164
002996.SZ,20260825,6.25,6.36,6.24,6.35,76132.47,48100.43928
002997.SZ,20260825,28.25,28.43,27.96,28.4,24784.31,69946.85482
002998.SZ,20260825,7.81,8.02,7.78,8.0,90650.0,71936.153
002999.SZ,20260825,6.19,6.38,6.16,6.27,230550.9,144044.2714
003000.SZ,20260825,9.8,9.8,9.42,9.76,118726.51,114056.59144
003001.SZ,20260825,15.15,15.75,15.0,15.7,69576.4,107845.617
003002.SZ,20260825,16.35,16.74,16.16,16.66,18284.0,30203.193
003003.SZ,20260825,10.91,11.29,10.9,11.25,33171.0,37050.42
003004.SZ,20260825,67.9,69.55,65.07,68.84,12329.12,83174.65388
003005.SZ,20260825,13.13,13.72,13.13,13.69,26371.6,35652.8904
003006.SZ,20260825,13.3,13.64,13.24,13.49,94630.68,127674.10119
003007.SZ,20260825,38.75,39.3,38.1,39.16,27717.93,107423.36168
003008.SZ,20260825,19.2,19.9,19.1,19.82,12822.1,25153.93452
003009.SZ,20260825,45.36,46.48,44.71,46.22,26077.73,119427.93949
003010.SZ,20260825,28.15,30.4,27.91,30.0,171266.95,507199.9643
003011.SZ,20260825,20.31,20.9,20.02,20.8,20701.4,42709.5924
003012.SZ,20260825,4.65,4.78,4.65,4.74,80884.0,38329.754
003013.SZ,20260825,18.27,18.88,17.49,18.05,154034.23,284022.65538
003015.SZ,20260825,11.93,12.29,11.88,12.23,50666.0,61362.56
003016.SZ,20260825,6.78,7.04,6.75,7.02,40929.0,28460.315
003017.SZ,20260825,22.45,23.0,22.19,22.9,19999.4,45514.61092
003018.SZ,20260825,41.0,45.98,40.28,45.98,203637.94,882941.18744
003019.SZ,20260825,24.48,25.02,24.18,24.79,43896.0,108248.619
003020.SZ,20260825,17.29,19.16,17.13,18.65,115462.92,211171.0555
003021.SZ,20260825,65.6,72.78,65.5,72.78,59805.64,416117.0238
003022.SZ,20260825,20.04,20.18,19.6,19.8,86688.0,171796.5905
003023.SZ,20260825,27.26,27.39,26.6,26.85,39862.83,107251.28124
003025.SZ,20260825,12.27,12.59,12.15,12.56,27304.16,33911.84891
003026.SZ,20260825,28.57,29.18,27.9,29.0,50721.2,145283.8379
003027.SZ,20260825,16.38,16.98,16.29,16.89,21182.0,35315.278
003028.SZ,20260825,22.21,23.06,21.96,22.98,9548.1,21653.78111
003029.SZ,20260825,16.49,17.1,16.28,17.03,46108.63,77900.82385
003030.SZ,20260825,21.6,22.19,21.55,22.04,23167.0,50665.81
003031.SZ,20260825,128.01,131.89,124.95,128.0,115625.83,1481613.85881
003032.SZ,20260825,9.74,10.25,9.61,10.18,557150.61,559429.2791
003033.SZ,20260825,63.7,65.39,62.02,64.61,10522.0,67074.175
003035.SZ,20260825,5.9,6.13,5.67,5.69,1458399.41,854243.25129
003036.SZ,20260825,50.47,52.97,49.11,51.45,59463.98,302598.37014
003037.SZ,20260825,5.54,5.71,5.53,5.71,23256.0,13161.222
003038.SZ,20260825,10.65,11.06,10.65,11.03,30488.04,33217.3616
003039.SZ,20260825,11.99,12.02,11.87,12.02,31225.0,37351.3147
003040.SZ,20260825,15.21,15.48,13.82,15.48,452915.3,678449.06211
003041.SZ,20260825,38.36,39.3,37.72,39.05,12089.0,46761.233
003042.SZ,20260825,13.64,14.32,13.6,13.9,83570.97,116929.09609
003043.SZ,20260825,70.81,77.07,69.0,76.41,71620.64,531180.31483
003816.SZ,20260825,3.89,3.98,3.88,3.96,1377610.51,543876.52322
300001.SZ,20260825,36.2,36.49,35.43,36.32,122204.49,441244.64359
300002.SZ,20260825,7.85,7.98,7.81,7.95,196111.91,155637.89636
300003.SZ,20260825,11.77,12.02,11.72,11.96,220658.01,262365.65585
300004.SZ,20260825,9.45,9.5,9.12,9.17,453413.66,420435.39017
300005.SZ,20260825,10.21,10.47,9.96,10.38,343357.1,351948.96162
300006.SZ,20260825,5.01,5.93,4.85,5.6,1021689.68,549188.07736
300007.SZ,20260825,30.37,31.47,30.05,31.23,62629.01,193205.98988
300008.SZ,20260825,6.02,6.19,5.99,6.18,352119.36,215775.94196
300009.SZ,20260825,8.4,8.82,8.26,8.64,663771.49,568462.26098
300010.SZ,20260825,2.24,2.4,2.23,2.4,697070.83,162914.71125
300011.SZ,20260825,5.9,6.1,5.85,6.06,81386.92,49073.95248
300012.SZ,20260825,15.02,15.22,14.9,15.15,281472.22,424041.30237
300013.SZ,20260825,4.0,4.1,3.97,4.09,130787.5,53049.556
300014.SZ,20260825,55.27,55.27,53.96,54.57,322126.36,1758401.65332
300015.SZ,20260825,8.33,8.53,8.31,8.51,563569.14,476044.82163
300016.SZ,20260825,9.74,9.79,9.38,9.71,682810.12,654591.03408
300017.SZ,20260825,15.08,15.19,14.82,15.1,1346420.57,2023292.58617
300018.SZ,20260825,11.14,11.38,11.01,11.21,65811.74,73842.92324
300019.SZ,20260825,14.02,14.36,13.85,14.27,39305.73,55595.61104
300020.SZ,20260825,3.39,3.47,3.39,3.42,52448.63,17997.80057
300021.SZ,20260825,3.83,4.02,3.83,3.97,197843.0,78016.28
300022.SZ,20260825,8.17,8.18,8.04,8.09,61697.0,50027.314
300024.SZ,20260825,14.15,14.56,14.14,14.45,207442.04,298562.35987
300025.SZ,20260825,5.08,5.31,5.04,5.27,94469.4,49221.61692
300026.SZ,20260825,3.31,3.45,3.29,3.45,698184.95,236668.93797
300027.SZ,20260825,1.83,1.85,1.82,1.84,249181.93,45772.00719
300030.SZ,20260825,6.74,7.01,6.69,6.99,76802.0,52768.858
300031.SZ,20260825,21.29,21.7,21.16,21.44,106065.5,227583.9256
300032.SZ,20260825,3.77,3.91,3.72,3.9,244073.0,94087.495
300033.SZ,20260825,216.72,217.32,212.82,215.48,75924.54,1633225.4438
300034.SZ,20260825,15.5,16.0,15.25,15.78,127807.86,199051.66295
300035.SZ,20260825,13.49,13.59,13.22,13.46,185335.38,248338.29687
300036.SZ,20260825,10.87,11.28,10.81,11.24,78829.88,87661.68568
300037.SZ,20260825,61.88,62.0,59.19,60.6,156914.13,946729.32403
300039.SZ,20260825,5.32,5.65,5.22,5.6,534083.7,293728.15674
300040.SZ,20260825,5.8,5.87,5.54,5.86,389562.43,221604.82995
300041.SZ,20260825,10.55,10.74,10.29,10.67,168563.49,177583.38003
300042.SZ,20260825,38.59,40.04,37.51,39.72,98780.58,385525.17652
300043.SZ,20260825,4.31,4.46,4.31,4.46,187799.49,82617.64584
300044.SZ,20260825,5.39,5.5,5.32,5.36,162612.2,87818.374
300045.SZ,20260825,12.35,12.68,12.16,12.6,108346.42,135054.30963
300046.SZ,20260825,23.98,24.41,23.5,24.31,65184.95,156279.54328
300047.SZ,20260825,8.89,9.27,8.87,9.25,152773.3,139581.33
300048.SZ,20260825,4.9,5.05,4.88,5.03,92761.98,46512.54786
300049.SZ,20260825,39.75,44.48,38.0,43.94,197447.37,812507.89792
300050.SZ,20260825,6.5,6.7,6.5,6.61,200174.0,132554.83
300051.SZ,20260825,8.13,8.56,8.05,8.41,192119.0,160382.607
300052.SZ,20260825,10.37,10.77,10.28,10.68,99980.0,105699.552
300053.SZ,20260825,11.35,11.95,11.27,11.86,152621.84,178471.78016
300054.SZ,20260825,72.69,72.75,69.36,72.19,243614.12,1735257.96756
300055.SZ,20260825,5.74,5.99,5.73,5.97,177048.7,104256.40748
300056.SZ,20260825,8.38,8.59,8.37,8.49,61531.45,52155.96412
300057.SZ,20260825,6.45,6.58,6.41,6.54,211739.09,137778.93595
300058.SZ,20260825,13.16,13.42,12.92,13.33,1716916.55,2269192.47253
300059.SZ,20260825,18.92,18.97,18.76,18.93,1301220.71,2455256.28972
300061.SZ,20260825,5.81,5.96,5.63,5.91,305472.92,177760.17216
300062.SZ,20260825,6.13,6.29,6.06,6.29,150854.18,93661.07886
300063.SZ,20260825,8.57,8.78,8.45,8.72,231393.0,200069.346
300065.SZ,20260825,14.61,15.37,14.48,15.25,292664.05,439095.7232
300066.SZ,20260825,4.86,4.99,4.82,4.97,125129.5,61584.3725
300067.SZ,20260825,5.06,5.24,5.04,5.22,276032.55,142640.20403
300068.SZ,20260825,3.85,3.97,3.82,3.96,247447.38,97112.46272
300069.SZ,20260825,25.04,26.94,24.73,26.65,166766.58,433504.29736
300070.SZ,20260825,3.43,3.47,3.41,3.45,370358.77,127591.96365
300071.SZ,20260825,3.82,4.0,3.82,3.98,475169.5,186576.70351
300072.SZ,20260825,3.7,3.76,3.68,3.72,193460.76,72062.69986
300073.SZ,20260825,41.41,41.68,39.98,40.42,131523.24,533591.77799
300074.SZ,20260825,3.72,3.9,3.7,3.87,181909.0,69418.638
300075.SZ,20260825,10.55,10.96,10.53,10.91,118051.16,127885.97348
300076.SZ,20260825,4.4,4.5,4.33,4.49,47027.0,20782.084
300077.SZ,20260825,19.42,20.44,19.0,20.22,468412.62,918393.5224
300078.SZ,20260825,3.07,3.17,3.02,3.14,259377.0,80853.15871
300079.SZ,20260825,4.38,4.57,4.35,4.56,255870.74,114949.51246
300080.SZ,20260825,3.73,3.81,3.72,3.78,145768.56,54998.76844
300081.SZ,20260825,3.05,3.1,3.02,3.08,71174.0,21831.749
300082.SZ,20260825,8.3,8.98,8.22,8.34,351590.2,297666.3964
300083.SZ,20260825,13.3,13.88,13.11,13.78,1014756.21,1378181.26405
300084.SZ,20260825,10.23,10.38,9.97,10.25,49182.0,50109.127
300085.SZ,20260825,28.7,29.25,28.52,28.87,211328.53,611561.38648
300086.SZ,20260825,6.41,6.78,6.33,6.77,198270.66,131565.52684
300087.SZ,20260825,5.44,5.87,5.41,5.66,226371.63,128777.33604
300088.SZ,20260825,6.87,7.08,6.72,7.01,819738.28,567887.55404
300091.SZ,20260825,2.51,2.51,2.47,2.49,30406.01,7585.07149
300092.SZ,20260825,11.84,12.02,11.67,11.97,50892.81,60624.97211
300093.SZ,20260825,24.37,25.84,23.56,25.22,156348.1,382539.15694
300094.SZ,20260825,2.8,2.93,2.79,2.92,511071.5,147148.29336
300095.SZ,20260825,7.94,8.2,7.85,8.16,56511.0,45716.975
300096.SZ,20260825,9.66,9.66,9.27,9.39,38693.81,36288.69985
300097.SZ,20260825,8.77,10.54,8.59,10.54,467012.04,453799.96172
300098.SZ,20260825,4.36,4.51,4.35,4.49,327898.32,145767.9154
300099.SZ,20260825,5.88,6.07,5.84,6.04,97932.36,58679.73773
300100.SZ,20260825,20.04,21.6,19.94,21.49,110572.75,231346.40763
300101.SZ,20260825,13.74,14.3,13.74,14.26,60540.44,85435.00465
300102.SZ,20260825,17.28,18.1,17.05,17.96,212129.38,373940.40127
300103.SZ,20260825,7.37,7.87,7.3,7.7,70407.0,53771.445
300105.SZ,20260825,7.56,7.76,7.41,7.74,164640.0,125661.01093
300106.SZ,20260825,9.68,10.73,9.68,10.6,177284.45,182192.39698
300107.SZ,20260825,6.26,6.52,6.26,6.49,106110.0,68436.404
300109.SZ,20260825,15.67,15.99,15.2,15.8,340771.13,529834.24346
300110.SZ,20260825,2.79,2.9,2.76,2.89,270867.4,77172.691
300111.SZ,20260825,2.9,3.07,2.85,3.03,435155.46,129726.96062
300112.SZ,20260825,9.34,11.18,9.02,10.69,577954.37,591339.38831
300113.SZ,20260825,15.9,16.1,15.5,16.02,179230.36,282731.42441
300115.SZ,20260825,24.8,26.34,24.56,25.99,346022.6,883821.20416
300118.SZ,20260825,9.56,9.95,9.48,9.88,246304.18,240486.36497
300119.SZ,20260825,17.17,17.62,17.17,17.48,42723.86,74654.8256
300120.SZ,20260825,8.89,9.23,8.75,9.11,555367.86,501379.6938
300121.SZ,20260825,9.48,9.68,9.45,9.64,59476.0,57072.913
300122.SZ,20260825,12.79,13.1,12.56,13.04,475629.11,611967.3278
300123.SZ,20260825,4.32,4.44,4.29,4.41,146071.0,64115.339
300124.SZ,20260825,60.0,61.99,59.5,61.39,440511.17,2680429.90809
300125.SZ,20260825,8.63,9.73,8.55,9.52,191319.94,177447.77852
300126.SZ,20260825,6.34,6.63,6.26,6.56,57008.0,36991.707
300127.SZ,20260825,24.95,25.98,24.59,25.21,69934.02,176870.60712
300128.SZ,20260825,4.77,4.91,4.63,4.86,419640.47,200267.13597
300129.SZ,20260825,7.01,7.24,6.96,7.18,143189.69,102065.50945
300130.SZ,20260825,19.53,19.65,18.67,18.96,359988.85,686154.34136
300131.SZ,20260825,16.5,16.64,15.96,16.28,541980.0,879783.75849
300132.SZ,20260825,6.22,6.37,6.15,6.37,109624.98,69250.6815
300133.SZ,20260825,6.78,6.92,6.77,6.91,321451.95,220829.81976
300134.SZ,20260825,8.03,8.38,8.02,8.35,111694.38,92048.7651
300135.SZ,20260825,3.48,3.56,3.47,3.51,359708.0,126458.727
300136.SZ,20260825,58.04,60.59,56.71,59.84,356790.17,2104033.5674
300137.SZ,20260825,11.24,11.66,10.81,11.46,234286.8,264914.7098
300138.SZ,20260825,10.9,11.11,10.68,11.07,61006.0,66495.663
300139.SZ,20260825,57.75,58.47,54.03,55.02,617902.57,3441232.05324
300140.SZ,20260825,5.37,5.46,5.37,5.45,93863.0,50878.876
300141.SZ,20260825,9.75,10.04,9.6,9.98,53053.08,52550.08368
300142.SZ,20260825,14.5,14.82,14.1,14.42,2210146.77,3175607.4428
300143.SZ,20260825,7.42,7.87,7.37,7.83,152226.9,116735.9461
300144.SZ,20260825,5.79,5.92,5.78,5.91,316442.11,186225.96838
300145.SZ,20260825,4.16,4.41,4.14,4.37,793018.59,341514.27458
300146.SZ,20260825,9.57,9.73,9.55,9.73,73181.77,70974.23768
300147.SZ,20260825,6.8,6.8,6.6,6.69,66480.01,44374.4347
300148.SZ,20260825,3.3,3.43,3.28,3.42,180689.01,61036.01841
300149.SZ,20260825,9.54,10.22,9.43,10.14,369855.0,365714.91724
300150.SZ,20260825,4.22,4.36,4.18,4.35,52284.0,22472.141
300151.SZ,20260825,15.88,16.27,15.36,16.16,117428.64,185484.87486
300152.SZ,20260825,1.62,1.75,1.59,1.7,266007.0,44438.975
300153.SZ,20260825,20.57,21.54,20.34,21.34,79153.36,166429.25807
300154.SZ,20260825,11.43,12.2,11.33,12.0,151503.92,179701.3
300155.SZ,20260825,4.27,4.59,4.27,4.55,198712.33,88640.26286
300157.SZ,20260825,3.82,4.03,3.79,4.01,490828.77,194643.68178
300158.SZ,20260825,5.09,5.34,5.01,5.31,246749.0,129049.584
300159.SZ,20260825,2.83,2.98,2.83,2.95,439101.2,128667.3662
300160.SZ,20260825,4.3,4.42,4.29,4.41,62823.0,27508.792
300161.SZ,20260825,25.67,26.33,25.46,26.29,31842.54,82755.43472
300162.SZ,20260825,7.33,7.67,7.21,7.6,172681.47,129393.89685
300163.SZ,20260825,6.55,6.71,6.46,6.64,180667.0,119386.998
300164.SZ,20260825,9.39,10.29,9.27,9.85,1334572.01,1304976.90238
300165.SZ,20260825,5.03,5.38,5.03,5.35,260723.48,136310.268
300166.SZ,20260825,12.9,13.08,12.59,12.96,281258.8,361761.59599
300167.SZ,20260825,3.98,4.05,3.89,4.02,51133.0,20309.44
300168.SZ,20260825,4.89,5.05,4.86,5.03,119908.78,59708.11
300169.SZ,20260825,5.41,5.58,5.41,5.56,76706.0,42179.692
300170.SZ,20260825,14.99,15.29,14.78,15.18,275408.37,414110.88479
300171.SZ,20260825,13.65,14.35,13.48,14.24,207885.01,290085.5892
300172.SZ,20260825,4.53,4.67,4.53,4.66,97773.6,45203.1154
300173.SZ,20260825,3.23,3.29,3.2,3.28,37428.0,12179.48453
300174.SZ,20260825,18.81,18.97,18.15,18.75,111033.0,206203.53034
300175.SZ,20260825,5.92,6.01,5.72,5.96,100148.0,58982.416
300176.SZ,20260825,4.54,4.8,4.5,4.76,260633.76,122556.42976
300177.SZ,20260825,6.04,6.35,6.02,6.32,103134.5,64434.177
300179.SZ,20260825,34.17,36.25,33.1,35.65,360447.64,1268615.69853
300180.SZ,20260825,4.55,4.99,4.51,4.91,1442115.48,691892.92636
300181.SZ,20260825,13.9,14.11,13.84,14.08,107537.94,150629.68706
300182.SZ,20260825,4.77,4.91,4.76,4.89,733825.0,355639.71232
300183.SZ,20260825,10.3,10.68,10.2,10.65,47415.0,49887.643
300184.SZ,20260825,11.72,11.98,11.37,11.87,436439.7,511292.89299
300185.SZ,20260825,2.68,2.72,2.67,2.71,515831.58,139626.77298
300187.SZ,20260825,4.55,4.69,4.52,4.68,80369.0,37178.051
300188.SZ,20260825,10.41,10.6,10.28,10.54,112473.25,117788.23914
300189.SZ,20260825,5.92,6.72,5.72,6.23,3258711.21,2044769.2126
300190.SZ,20260825,3.59,3.68,3.53,3.65,152622.6,55107.767
300191.SZ,20260825,34.2,35.69,33.42,34.62,209060.06,726239.32129
300192.SZ,20260825,17.65,17.95,16.15,17.68,465110.03,802669.17053
300193.SZ,20260825,7.6,7.77,7.54,7.75,38984.85,30072.1775
300194.SZ,20260825,3.86,3.99,3.84,3.98,195347.83,76823.4633
300195.SZ,20260825,5.43,5.67,5.43,5.65,84107.74,46980.2993
300196.SZ,20260825,16.25,16.8,15.89,16.7,111216.0,182304.99
300197.SZ,20260825,1.97,2.05,1.96,2.04,948308.26,190823.62382
300198.SZ,20260825,2.33,2.34,2.29,2.31,67286.0,15543.097
300199.SZ,20260825,22.09,23.7,21.71,23.48,589492.48,1334904.37051
300200.SZ,20260825,8.37,8.56,8.26,8.53,62568.0,52850.382
300201.SZ,20260825,14.0,14.49,13.75,14.21,192104.96,272570.55464
300203.SZ,20260825,12.92,13.75,12.9,13.6,137146.88,184513.68644
300204.SZ,20260825,20.73,21.49,20.62,21.32,198111.54,417290.30374
300205.SZ,20260825,4.68,4.76,4.68,4.72,8506.0,4021.751
300206.SZ,20260825,11.95,12.08,11.79,12.02,49880.85,59651.37085
300207.SZ,20260825,17.76,17.94,17.56,17.78,271149.68,481129.70309
300209.SZ,20260825,33.0,35.5,32.56,34.71,931741.73,3232408.20308
300210.SZ,20260825,8.09,8.32,8.02,8.3,57586.0,47487.476
300211.SZ,20260825,7.4,7.56,7.35,7.5,16294.37,12173.05913
300212.SZ,20260825,7.36,8.01,7.14,7.81,156200.12,118983.96666
300213.SZ,20260825,6.18,6.44,6.11,6.4,121984.0,77064.247
300214.SZ,20260825,12.37,12.37,11.66,11.93,409173.0,485522.061
300215.SZ,20260825,5.9,6.09,5.88,6.07,62632.0,37665.52
300217.SZ,20260825,4.19,4.33,4.18,4.32,142177.66,60951.69946
300218.SZ,20260825,12.52,12.8,12.46,12.75,14972.0,19003.981
300219.SZ,20260825,6.9,6.99,6.79,6.98,166549.46,115130.56462
300220.SZ,20260825,10.59,11.23,10.59,11.16,28084.2,30932.8726
300221.SZ,20260825,14.03,14.1,13.25,13.79,285946.0,389602.665
300222.SZ,20260825,9.96,10.29,9.88,10.27,142255.16,144156.12964
300223.SZ,20260825,131.58,134.98,128.51,134.1,210697.02,2780927.51125
300224.SZ,20260825,10.98,11.24,10.92,11.09,101966.45,112970.29615
300225.SZ,20260825,7.06,7.31,7.0,7.29,110066.38,79001.88846
300226.SZ,20260825,16.0,17.06,15.9,16.87,146348.63,243711.90719
300227.SZ,20260825,11.65,12.2,11.31,11.97,197411.03,233150.26671
300228.SZ,20260825,7.1,7.36,7.1,7.31,95412.0,69230.183
300229.SZ,20260825,13.09,13.37,12.93,13.27,152946.81,201512.68834
300230.SZ,20260825,4.24,4.33,4.22,4.32,84375.51,36189.35357
300231.SZ,20260825,7.97,8.29,7.91,8.26,98118.17,80248.78123
300232.SZ,20260825,5.25,5.49,5.25,5.47,323426.14,174875.48641
300233.SZ,20260825,12.98,13.57,12.86,13.51,128607.48,171680.72402
300234.SZ,20260825,9.58,9.8,9.21,9.69,111656.31,107382.40518
300235.SZ,20260825,10.7,11.26,10.66,11.05,96953.53,106382.02067
300236.SZ,20260825,87.54,87.77,83.0,86.7,97238.33,832767.5931
300237.SZ,20260825,1.93,1.99,1.93,1.98,88968.8,17447.583
300238.SZ,20260825,11.47,11.92,11.27,11.85,58009.46,67762.11154
300239.SZ,20260825,4.98,5.22,4.93,5.19,154140.15,78879.376
300240.SZ,20260825,6.0,6.2,6.0,6.2,84757.0,52089.066
300241.SZ,20260825,5.55,5.77,5.48,5.74,200268.0,113035.76249
300242.SZ,20260825,3.94,4.05,3.91,4.03,107654.22,42914.10978
300243.SZ,20260825,15.95,16.2,15.28,16.0,211449.0,333425.913
300244.SZ,20260825,19.84,19.85,18.82,19.46,339923.33,653584.93415
300245.SZ,20260825,5.46,5.67,5.46,5.65,38341.51,21447.19803
300246.SZ,20260825,14.79,15.58,14.45,15.44,133504.5,201117.38087
300247.SZ,20260825,3.66,3.78,3.64,3.77,117443.0,43839.469
300248.SZ,20260825,8.29,8.73,8.19,8.7,118691.35,101811.24284
300249.SZ,20260825,12.36,13.13,12.3,13.05,185407.73,238783.23216
300250.SZ,20260825,14.61,15.41,14.52,15.34,65875.0,99405.172
300251.SZ,20260825,10.76,10.95,10.75,10.86,213063.94,231662.18076
300252.SZ,20260825,11.28,11.74,11.11,11.65,201937.07,231836.23923
300253.SZ,20260825,6.95,7.09,6.89,7.08,331827.74,232351.96883
300254.SZ,20260825,9.47,9.54,9.05,9.25,302568.71,278952.07741
300255.SZ,20260825,23.16,24.21,22.8,24.09,267911.29,636045.472
300256.SZ,20260825,2.68,3.2,2.64,2.92,1124977.07,331405.43276
300257.SZ,20260825,17.0,18.05,16.88,17.94,98427.0,172932.642
300258.SZ,20260825,9.21,9.62,9.16,9.57,91412.25,85647.01175
300259.SZ,20260825,4.05,4.42,3.99,4.35,603167.68,255219.06064
300260.SZ,20260825,57.6,58.45,55.1,57.54,145298.94,828874.49402
300261.SZ,20260825,4.88,4.99,4.8,4.98,95601.0,47343.196
300263.SZ,20260825,9.91,10.06,9.63,9.95,490078.5,483858.6158
300264.SZ,20260825,6.33,6.53,6.19,6.5,119074.99,76642.11052
300265.SZ,20260825,13.23,13.89,13.1,13.78,154858.38,210575.81294
300266.SZ,20260825,1.82,1.89,1.81,1.88,197863.0,36695.09513
300267.SZ,20260825,3.16,3.3,3.13,3.29,401621.0,129847.55
300268.SZ,20260825,12.36,12.89,12.36,12.79,56594.83,71944.69757
300269.SZ,20260825,4.65,4.91,4.55,4.87,174677.1,83590.4372
300270.SZ,20260825,11.31,11.6,11.14,11.37,138976.01,158509.70057
300271.SZ,20260825,5.3,5.51,5.25,5.49,89855.42,48778.05916
300272.SZ,20260825,5.74,5.92,5.63,5.91,74194.28,43271.53436
300274.SZ,20260825,111.0,111.0,108.38,109.59,238070.31,2608411.54718
300275.SZ,20260825,8.92,9.1,8.86,9.06,48413.15,43511.15262
300276.SZ,20260825,6.12,6.27,6.11,6.23,169641.2,104945.57527
300277.SZ,20260825,11.56,11.98,11.5,11.93,90836.22,107108.63222
300278.SZ,20260825,3.66,3.84,3.65,3.82,166077.73,62522.64048
300279.SZ,20260825,5.52,5.75,5.45,5.73,108132.0,61080.30801
300281.SZ,20260825,6.35,6.48,6.25,6.43,73726.0,46974.535
300283.SZ,20260825,12.85,13.21,12.48,13.12,237607.06,306466.12631
300284.SZ,20260825,5.13,5.29,5.13,5.27,110362.08,57699.62276
300285.SZ,20260825,61.79,64.67,60.22,63.24,680988.06,4256398.84899
300286.SZ,20260825,19.33,19.75,18.98,19.74,37473.0,72732.859
300287.SZ,20260825,3.44,3.58,3.41,3.55,243090.02,85719.56267
300288.SZ,20260825,9.65,10.06,9.64,10.04,41906.0,41574.8
300289.SZ,20260825,5.75,5.9,5.68,5.89,48537.0,28250.169
300290.SZ,20260825,6.08,6.24,6.04,6.08,200604.5,122927.5445
300291.SZ,20260825,4.81,5.0,4.75,4.97,278305.0,136824.302
300292.SZ,20260825,4.09,4.28,4.07,4.26,484226.94,203523.85956
300293.SZ,20260825,15.55,15.88,15.31,15.8,32739.03,51210.63438
300294.SZ,20260825,14.45,14.92,14.43,14.89,67842.83,100081.40021
300295.SZ,20260825,12.58,12.87,12.39,12.45,39259.0,49559.979
300296.SZ,20260825,5.0,5.14,4.97,5.12,406478.59,206139.90605
300298.SZ,20260825,15.9,16.33,15.8,16.32,45455.9,73321.6606
300299.SZ,20260825,5.19,5.42,5.18,5.4,150302.69,80039.26547
300300.SZ,20260825,7.12,7.53,7.08,7.45,353180.45,259579.95373
300301.SZ,20260825,3.27,3.27,3.2,3.24,39593.0,12817.547
300302.SZ,20260825,27.95,29.53,27.55,29.29,157321.35,451919.36241
300303.SZ,20260825,6.8,7.01,6.71,6.97,338937.06,233763.28541
300304.SZ,20260825,11.15,11.36,10.78,11.17,177192.25,196524.17092
300305.SZ,20260825,5.93,6.17,5.89,6.14,69430.0,42211.908
300306.SZ,20260825,10.08,10.52,10.08,10.48,44227.0,45812.56
300307.SZ,20260825,7.31,7.5,7.25,7.45,173883.27,128610.54205
300308.SZ,20260825,850.23,871.91,837.12,846.0,293560.2,25019267.5132
300310.SZ,20260825,4.31,4.48,4.28,4.46,224510.34,99390.62362
300311.SZ,20260825,5.22,5.33,5.2,5.29,284171.49,149924.41972
300313.SZ,20260825,15.78,17.8,15.35,16.63,600922.22,994863.86548
300314.SZ,20260825,12.13,12.4,12.06,12.29,114435.06,140140.1506
300315.SZ,20260825,3.82,3.93,3.81,3.9,493227.61,191404.53823
300316.SZ,20260825,42.74,43.6,41.84,43.35,133427.79,571169.01135
300317.SZ,20260825,4.17,4.25,4.04,4.23,569216.33,236290.75803
300318.SZ,20260825,4.84,5.07,4.81,5.05,162190.77,81120.14083
300319.SZ,20260825,17.35,18.11,16.72,17.78,809237.08,1413578.58848
300320.SZ,20260825,8.35,8.5,8.29,8.48,44050.0,37078.95801
300321.SZ,20260825,32.36,34.18,31.7,33.65,30252.01,99995.18175
300322.SZ,20260825,16.82,17.92,16.62,17.66,184138.67,320183.99245
300323.SZ,20260825,11.01,11.48,10.85,11.36,829643.5,931441.43056
300324.SZ,20260825,3.26,3.42,3.21,3.4,421312.77,141411.88774
300326.SZ,20260825,5.98,6.13,5.98,6.13,87237.0,52853.44084
300327.SZ,20260825,21.92,22.93,21.55,22.74,83710.95,187241.30968
300328.SZ,20260825,16.28,16.79,15.59,16.04,703533.12,1138123.57182
300329.SZ,20260825,11.96,12.23,11.85,12.1,29576.0,35709.871
300331.SZ,20260825,47.94,48.63,44.7,47.81,131981.28,616891.00796
300332.SZ,20260825,4.9,5.07,4.9,5.06,320029.69,160732.82569
300333.SZ,20260825,10.37,10.87,10.3,10.57,204549.89,216778.57074
300334.SZ,20260825,8.25,8.49,8.19,8.45,59068.0,49367.718
300335.SZ,20260825,5.25,5.42,5.22,5.4,118082.52,63122.85632
300337.SZ,20260825,9.68,9.87,9.56,9.82,116520.13,113576.56217
300338.SZ,20260825,3.03,3.06,2.97,3.04,81638.0,24569.616
300339.SZ,20260825,34.58,35.82,34.4,35.61,158955.99,561960.81365
300340.SZ,20260825,8.8,9.05,8.78,8.95,112973.7,100414.8446
300341.SZ,20260825,12.92,13.64,12.86,13.6,86415.25,115614.86825
300342.SZ,20260825,31.21,32.25,30.51,31.9,119966.24,377776.59497
300343.SZ,20260825,5.6,5.69,5.58,5.69,148876.29,83864.11687
300345.SZ,20260825,9.63,9.95,9.35,9.65,776811.76,748779.49573
300346.SZ,20260825,55.34,55.69,52.79,54.95,284382.7,1544085.79302
300347.SZ,20260825,49.4,52.88,48.63,52.27,220606.03,1123923.31099
300348.SZ,20260825,9.46,9.83,9.41,9.79,304771.24,295763.6741
300349.SZ,20260825,9.9,10.32,9.87,10.27,74888.4,76107.95724
300350.SZ,20260825,4.26,4.46,4.25,4.43,110256.8,48335.6112
300351.SZ,20260825,13.58,14.38,13.38,14.22,110129.0,154516.564
300352.SZ,20260825,2.22,2.34,2.21,2.33,222374.0,51003.037
300353.SZ,20260825,18.47,19.16,17.95,18.86,146104.49,271939.32977
300354.SZ,20260825,25.67,27.19,25.4,26.99,35023.35,92423.78813
300355.SZ,20260825,2.88,2.97,2.87,2.96,200398.16,58804.42014
300357.SZ,20260825,23.1,23.87,22.86,23.71,107653.78,252085.45189
300358.SZ,20260825,9.0,9.3,8.72,9.3,702721.75,636942.86302
300359.SZ,20260825,3.98,4.19,3.98,4.17,136236.0,55882.1765
300360.SZ,20260825,11.56,11.78,11.56,11.73,38846.9,45410.2509
300363.SZ,20260825,20.24,21.32,20.22,20.88,401757.98,832009.19355
300364.SZ,20260825,22.06,23.2,21.98,22.92,391959.9,889344.4135
300365.SZ,20260825,4.64,4.77,4.58,4.76,106119.26,49846.15798
300366.SZ,20260825,5.12,5.16,5.06,5.14,37176.0,19056.014
300368.SZ,20260825,7.46,8.05,7.43,7.78,353203.87,274051.81399
300369.SZ,20260825,6.59,6.9,6.55,6.78,266754.25,180703.49506
300370.SZ,20260825,2.15,2.25,2.14,2.24,252258.8,55885.9404
300371.SZ,20260825,10.32,10.7,10.24,10.65,18810.0,19789.307
300373.SZ,20260825,95.0,95.55,89.68,93.25,216759.92,2011179.6225
300374.SZ,20260825,10.53,11.0,10.52,10.96,31784.0,34458.532
300375.SZ,20260825,3.96,4.07,3.91,4.07,111996.49,45063.15649
300376.SZ,20260825,4.43,4.56,4.38,4.53,187441.68,84444.71856
300377.SZ,20260825,13.8,14.28,13.76,14.15,269831.05,379958.64495
300378.SZ,20260825,30.22,31.93,29.55,31.67,97594.02,300084.3631
300380.SZ,20260825,27.81,28.89,27.67,28.8,21164.0,60491.818
300381.SZ,20260825,6.15,6.41,6.14,6.38,74487.0,46969.643
300382.SZ,20260825,17.81,17.93,17.08,17.67,231504.53,404218.86007
300383.SZ,20260825,12.01,12.22,11.99,12.15,266904.79,323855.85008
300384.SZ,20260825,12.1,12.32,11.93,12.22,30191.91,36826.52056
300385.SZ,20260825,12.5,12.67,12.35,12.41,39824.12,49753.64108
300386.SZ,20260825,11.91,13.0,11.68,12.59,314588.31,390592.56779
300387.SZ,20260825,7.17,7.47,7.17,7.45,100401.04,74372.19576
300388.SZ,20260825,6.88,7.0,6.86,7.0,60796.11,42329.66545
300389.SZ,20260825,12.08,12.58,12.04,12.58,57300.06,71164.72634
300390.SZ,20260825,65.66,66.2,61.46,62.11,480904.21,3040079.49521
300393.SZ,20260825,6.11,6.35,6.05,6.28,250722.0,156780.211
300394.SZ,20260825,249.5,264.72,241.8,257.1,451097.06,11415328.785
300395.SZ,20260825,83.0,84.96,81.05,83.28,142690.41,1184683.1732
300396.SZ,20260825,7.12,7.36,7.11,7.35,16930.6,12262.9808
300397.SZ,20260825,11.14,11.41,11.05,11.32,121494.0,137027.851
300398.SZ,20260825,34.57,35.57,33.07,34.87,212619.44,730780.48393
300399.SZ,20260825,18.44,18.58,17.86,18.45,107297.3,196845.3014
300400.SZ,20260825,27.5,28.78,26.47,28.53,128577.99,357477.67222
300401.SZ,20260825,13.93,14.94,13.81,14.68,282964.41,409335.24264
300402.SZ,20260825,14.53,15.3,14.45,14.97,46408.41,69194.22413
300403.SZ,20260825,9.01,9.49,8.94,9.46,100201.75,92877.24111
300404.SZ,20260825,14.1,14.23,13.72,14.08,462115.07,646628.37245
300405.SZ,20260825,5.57,5.84,5.57,5.8,78284.0,44968.8967
300406.SZ,20260825,11.4,11.68,11.36,11.65,45854.36,52912.69464
300407.SZ,20260825,11.86,12.1,11.62,12.0,52036.78,61930.81776
300408.SZ,20260825,108.0,110.76,103.45,109.1,376898.23,4055427.22443
300409.SZ,20260825,18.4,18.5,17.9,18.29,165492.29,301543.2677
300410.SZ,20260825,7.68,7.96,7.59,7.9,156204.77,121833.5273
300411.SZ,20260825,7.6,7.87,7.53,7.84,74294.0,57629.048
300412.SZ,20260825,4.53,4.7,4.48,4.68,126211.7,58092.9938
300413.SZ,20260825,13.85,14.12,13.81,14.07,112668.27,158104.26434
300414.SZ,20260825,10.5,10.93,10.39,10.87,61718.11,66067.59257
300415.SZ,20260825,19.33,19.75,19.1,19.68,40630.0,79353.36506
300416.SZ,20260825,14.23,14.61,14.15,14.5,104006.07,150064.79303
300417.SZ,20260825,10.97,11.43,10.87,11.34,25479.0,28555.6243
300418.SZ,20260825,40.51,40.71,39.6,40.32,414203.89,1666777.61766
300419.SZ,20260825,8.53,8.7,8.31,8.5,47861.66,40823.43768
300420.SZ,20260825,7.69,8.79,7.46,8.56,1790596.86,1472042.11995
300421.SZ,20260825,16.09,16.87,16.0,16.78,49330.0,81546.516
300422.SZ,20260825,4.04,4.17,4.03,4.16,118435.06,48865.9394
300423.SZ,20260825,5.72,5.95,5.68,5.92,85836.6,50325.12065
300424.SZ,20260825,14.03,14.43,13.88,14.3,78109.8,110947.70858
300425.SZ,20260825,4.0,4.1,3.99,4.08,85016.32,34546.28889
300426.SZ,20260825,6.1,6.42,6.04,6.36,181054.0,113575.993
300427.SZ,20260825,6.45,6.79,6.32,6.7,257364.5,170248.897
300428.SZ,20260825,18.42,18.56,18.18,18.49,46267.88,85175.52359
300429.SZ,20260825,10.6,11.03,10.4,10.96,169673.26,182796.24594
300430.SZ,20260825,4.18,4.29,4.18,4.27,40420.0,17192.692
300432.SZ,20260825,15.88,16.0,15.5,15.7,266271.8,418341.86735
300433.SZ,20260825,37.49,39.0,35.79,37.9,1309980.7,4919180.5884
300434.SZ,20260825,11.2,12.18,10.99,12.07,226353.0,264130.223
300435.SZ,20260825,16.1,16.73,16.1,16.61,76588.0,126306.555
300436.SZ,20260825,89.47,92.48,88.09,92.25,43513.6,394259.89491
300437.SZ,20260825,10.83,11.33,10.83,11.25,61405.44,68472.224
300438.SZ,20260825,61.81,61.99,60.0,60.6,132190.0,803853.75124
300439.SZ,20260825,9.28,9.49,9.13,9.46,39435.0,36956.562
300440.SZ,20260825,18.75,19.71,18.1,19.33,143354.62,271807.9444
300441.SZ,20260825,6.64,6.82,6.64,6.77,31288.6,21050.2694
300442.SZ,20260825,61.0,63.18,60.8,62.6,143148.77,889703.58685
300443.SZ,20260825,18.4,18.7,17.89,18.65,75166.66,138247.25772
300444.SZ,20260825,9.65,9.84,9.53,9.79,186814.0,181593.098
300445.SZ,20260825,18.89,19.91,18.64,19.46,87931.51,170460.02169
300446.SZ,20260825,12.78,13.19,12.72,13.14,61661.7,80188.1934
300447.SZ,20260825,13.1,13.64,13.03,13.56,38195.64,51362.8937
300448.SZ,20260825,5.43,5.69,5.41,5.65,138121.06,77181.8787
300449.SZ,20260825,6.89,7.12,6.83,7.09,69932.2,49087.623
300450.SZ,20260825,33.75,33.75,32.8,33.4,234147.19,778399.36769
300451.SZ,20260825,3.39,3.51,3.35,3.5,156958.11,54297.0785
300452.SZ,20260825,12.48,13.09,12.37,13.01,104472.75,134600.09505
300453.SZ,20260825,9.63,9.81,9.54,9.7,111802.52,108201.86664
300454.SZ,20260825,116.53,119.23,113.3,116.93,162416.32,1884724.9587
300455.SZ,20260825,16.97,17.41,16.78,17.3,56528.85,96869.26165
300456.SZ,20260825,30.41,31.32,29.79,31.04,145044.59,443703.56095
300457.SZ,20260825,21.5,21.63,20.6,20.82,191572.81,401921.3115
300458.SZ,20260825,30.11,30.82,29.75,30.7,247793.02,752696.33647
300459.SZ,20260825,3.43,3.54,3.42,3.53,755668.41,263238.45188
300460.SZ,20260825,8.36,8.48,8.28,8.46,15622.0,13118.919
300461.SZ,20260825,30.27,31.74,29.99,31.55,33606.0,103996.173
300462.SZ,20260825,11.0,11.49,10.99,11.46,10300.0,11651.788
300463.SZ,20260825,9.12,9.37,9.06,9.36,61071.0,56529.075
300464.SZ,20260825,7.0,7.68,6.85,7.53,176321.0,129196.168
300465.SZ,20260825,11.56,12.25,11.5,12.15,189846.79,228444.73216
300466.SZ,20260825,7.11,7.43,7.11,7.42,74236.8,54244.335
300467.SZ,20260825,32.62,33.46,32.2,33.27,25920.0,85600.215
300468.SZ,20260825,22.7,24.29,22.36,24.02,731162.21,1726161.67884
300469.SZ,20260825,53.1,56.11,52.75,55.48,70305.78,384341.8323
300470.SZ,20260825,27.71,27.98,26.89,27.66,54024.21,148392.00342
300471.SZ,20260825,9.77,10.06,9.56,10.04,71641.13,70494.01498
300472.SZ,20260825,6.47,6.69,6.47,6.61,14200.4,9372.2164
300473.SZ,20260825,24.39,24.89,23.7,24.59,131639.91,321428.9702
300474.SZ,20260825,49.8,50.53,49.62,50.27,39140.57,196631.42404
300475.SZ,20260825,151.98,155.43,147.2,153.7,149549.08,2269006.4075
300476.SZ,20260825,240.0,249.55,237.1,244.99,210252.56,5132799.78923
300477.SZ,20260825,2.45,2.53,2.4,2.51,160541.0,39563.353
300478.SZ,20260825,27.97,29.58,27.83,29.29,25168.5,72500.683
300479.SZ,20260825,14.65,14.99,14.48,14.98,49128.96,72964.90468
300480.SZ,20260825,32.16,32.48,30.5,31.98,162889.36,513851.3046
300481.SZ,20260825,13.83,14.17,13.65,14.12,71226.41,99419.40051
300482.SZ,20260825,15.88,16.41,15.73,16.32,104470.42,168692.07112
300483.SZ,20260825,22.86,24.56,22.77,24.02,205833.44,493105.90722
300484.SZ,20260825,12.51,12.95,12.42,12.9,25607.0,32637.041
300485.SZ,20260825,9.07,9.4,8.9,9.31,111845.0,102925.192
300486.SZ,20260825,21.91,23.19,21.55,23.01,171061.74,387344.81413
300487.SZ,20260825,62.97,63.11,60.11,62.63,52724.31,327384.0446
300488.SZ,20260825,31.2,32.28,31.2,32.03,43206.0,137291.576
300489.SZ,20260825,198.9,219.72,192.0,217.33,137719.5,2863947.5195
300490.SZ,20260825,11.54,11.68,11.26,11.56,96776.0,111244.516
300491.SZ,20260825,29.76,31.72,29.02,31.48,116365.0,357189.597
300492.SZ,20260825,23.19,23.77,22.6,23.43,26941.88,62479.2369
300493.SZ,20260825,11.76,12.19,11.65,12.12,91479.07,109585.68189
300494.SZ,20260825,8.02,8.28,8.01,8.26,46509.2,38049.9792
300496.SZ,20260825,55.03,56.63,55.03,56.32,65851.7,368932.15513
300497.SZ,20260825,16.89,16.96,16.5,16.74,188402.45,314841.21329
300498.SZ,20260825,13.62,14.15,13.6,14.14,720713.65,1009223.08349
300499.SZ,20260825,28.93,31.36,28.12,30.8,450060.32,1354624.29667
300500.SZ,20260825,9.31,9.66,9.28,9.55,44103.0,41807.816
300501.SZ,20260825,9.62,10.0,9.59,9.96,47336.21,46626.20226
300502.SZ,20260825,405.0,413.02,395.0,400.87,350271.49,14132371.8023
300503.SZ,20260825,66.35,69.39,65.23,68.14,126566.16,856716.85698
300504.SZ,20260825,14.59,15.6,14.35,15.5,82223.0,123828.4734
300505.SZ,20260825,18.59,19.69,18.56,19.13,174913.62,336817.62312
300506.SZ,20260825,5.1,5.27,5.05,5.24,208862.2,107985.736
300507.SZ,20260825,6.25,6.49,6.24,6.47,85238.78,54693.24748
300508.SZ,20260825,41.68,42.34,40.27,41.56,24885.8,102899.821
300509.SZ,20260825,8.8,9.14,8.5,9.04,114739.49,101459.07166
300510.SZ,20260825,3.36,3.52,3.34,3.51,230469.3,79880.64956
300511.SZ,20260825,5.18,5.44,5.1,5.33,546432.7,289351.77832
300512.SZ,20260825,7.01,7.38,7.01,7.37,44166.0,32022.806
300513.SZ,20260825,7.24,7.44,7.18,7.43,50808.52,37462.04532
300514.SZ,20260825,9.85,10.22,9.84,10.18,44703.68,45011.65704
300515.SZ,20260825,15.57,16.08,15.34,15.98,54180.0,85738.296
300516.SZ,20260825,30.77,31.15,30.05,30.92,27370.8,84049.0986
300517.SZ,20260825,10.08,10.29,9.78,10.22,56231.0,56614.139
300518.SZ,20260825,22.49,23.66,22.03,23.59,73654.0,168797.72614
300519.SZ,20260825,14.25,15.87,14.15,15.26,122925.0,185301.4595
300520.SZ,20260825,22.96,23.17,21.9,23.04,88610.37,199303.08646
300521.SZ,20260825,23.03,23.93,22.81,23.36,25454.0,59554.422
300522.SZ,20260825,13.28,13.88,13.01,13.76,197786.12,265092.85522
300523.SZ,20260825,19.76,20.17,19.52,20.13,16598.0,33158.1404
300525.SZ,20260825,7.96,8.2,7.93,8.16,114480.83,92838.5492
300527.SZ,20260825,8.0,8.06,7.97,8.03,51562.51,41315.93448
300528.SZ,20260825,12.49,12.98,12.48,12.87,84452.0,108678.7914
300529.SZ,20260825,15.52,15.88,15.51,15.87,52824.08,83125.26032
300530.SZ,20260825,19.44,20.09,18.61,19.02,94119.0,179443.062
300531.SZ,20260825,16.2,16.61,16.01,16.49,115413.0,189441.889
300532.SZ,20260825,6.76,6.94,6.74,6.9,63488.19,43644.64584
300533.SZ,20260825,14.0,14.4,13.96,14.3,37623.0,53598.3639
300534.SZ,20260825,16.72,17.87,15.8,16.77,677467.3,1153838.166
300535.SZ,20260825,16.66,17.75,16.5,17.12,37653.29,65044.6107
300536.SZ,20260825,8.8,9.08,8.61,9.01,74438.0,66545.334
300537.SZ,20260825,19.12,19.6,18.63,19.49,52615.0,101023.027
300538.SZ,20260825,14.92,15.26,14.68,15.19,28091.0,42139.505
300539.SZ,20260825,17.64,18.38,17.41,18.26,44223.2,79385.677
300540.SZ,20260825,28.0,28.52,27.01,28.16,109710.8,304685.849
300541.SZ,20260825,9.63,10.07,9.6,10.01,105103.69,104597.36057
300542.SZ,20260825,11.92,14.34,11.91,13.95,472748.94,654005.63271
300543.SZ,20260825,7.6,7.96,7.54,7.9,60369.0,47167.456
300545.SZ,20260825,33.79,34.17,31.38,33.6,172258.0,567859.84376
300546.SZ,20260825,18.28,20.19,18.0,18.54,232321.35,438366.474
300547.SZ,20260825,24.77,26.4,24.53,26.21,79100.79,203186.58513
300548.SZ,20260825,190.31,200.52,185.67,196.23,151347.18,2935492.68438
300549.SZ,20260825,14.15,14.68,14.05,14.66,14469.18,20944.2457
300550.SZ,20260825,11.45,11.72,11.17,11.69,30066.99,34566.12648
300551.SZ,20260825,9.94,10.98,9.61,10.74,158123.35,164651.16075
300552.SZ,20260825,19.7,21.15,19.47,20.62,72172.35,148164.65538
300553.SZ,20260825,40.42,44.4,39.04,43.9,54450.0,229388.45554
300554.SZ,20260825,20.05,20.88,19.71,20.79,31243.0,63656.584
300555.SZ,20260825,12.28,12.68,12.07,12.61,13650.0,17041.412
300556.SZ,20260825,15.85,16.46,15.7,16.32,34427.0,55577.102
300557.SZ,20260825,25.34,26.31,24.71,25.87,31457.89,80496.87889
300558.SZ,20260825,47.98,49.78,47.69,49.18,156565.17,762140.09074
300559.SZ,20260825,10.21,10.72,10.16,10.63,63637.03,66864.82742
300560.SZ,20260825,17.63,18.01,17.01,17.83,104401.0,182964.735
300561.SZ,20260825,14.85,15.75,14.84,15.25,171103.08,263232.61186
300562.SZ,20260825,15.31,16.11,14.9,15.93,198313.2,308519.4246
300563.SZ,20260825,22.37,25.91,21.5,24.86,112618.06,271914.9328
300564.SZ,20260825,12.3,12.74,12.11,12.7,20643.0,25881.025
300565.SZ,20260825,9.59,9.94,9.35,9.9,85046.5,83169.179
300566.SZ,20260825,28.0,29.0,27.49,28.54,190743.27,538003.06229
300567.SZ,20260825,209.41,211.88,197.0,206.28,89266.48,1817035.09841
300568.SZ,20260825,14.05,14.58,13.77,14.4,520713.6,739682.62889
300569.SZ,20260825,4.51,4.7,4.51,4.67,110161.45,51035.57059
300570.SZ,20260825,199.9,206.6,195.8,202.7,206398.56,4162646.30731
300571.SZ,20260825,29.01,30.13,28.55,29.97,51800.5,152569.705
300572.SZ,20260825,18.8,20.46,18.29,20.29,70271.05,138741.6736
300573.SZ,20260825,38.58,39.68,38.32,39.58,55280.11,216965.46847
300575.SZ,20260825,5.85,6.05,5.81,6.03,162232.56,97222.4741
300576.SZ,20260825,29.44,29.98,28.41,29.62,127168.96,371781.5474
300577.SZ,20260825,17.24,17.57,17.1,17.53,11907.0,20718.79164
300578.SZ,20260825,14.92,15.57,14.87,15.5,38507.0,58913.009
300579.SZ,20260825,21.37,24.46,21.27,23.06,155384.81,362831.24732
300580.SZ,20260825,19.88,20.28,19.55,20.01,68044.69,136020.04151
300581.SZ,20260825,9.61,10.01,9.58,9.92,84218.39,83240.0882
300582.SZ,20260825,11.02,11.32,10.85,11.26,51463.0,57385.733
300583.SZ,20260825,12.68,13.09,12.56,13.07,26829.2,34656.651
300584.SZ,20260825,31.98,32.58,31.02,32.35,45193.0,143681.648
300585.SZ,20260825,15.38,15.74,14.79,15.68,50354.0,76962.948
300586.SZ,20260825,8.8,9.09,8.65,9.03,132370.91,117554.46536
300587.SZ,20260825,5.01,5.09,4.89,5.03,258867.0,129343.293
300588.SZ,20260825,21.01,21.33,20.63,21.07,25020.0,52533.718
300589.SZ,20260825,12.3,13.46,12.3,13.32,222960.2,291814.06879
300590.SZ,20260825,10.6,11.02,10.54,10.95,98174.35,106201.65962
300591.SZ,20260825,6.46,7.3,6.4,7.26,338059.23,234258.04178
300592.SZ,20260825,14.56,14.92,14.21,14.81,91471.0,133648.583
300593.SZ,20260825,29.93,30.7,28.63,30.42,242367.27,723171.60482
300594.SZ,20260825,14.29,14.63,14.22,14.57,7866.0,11328.916
300595.SZ,20260825,10.7,10.97,10.68,10.96,84658.69,91805.66268
300596.SZ,20260825,42.18,43.07,41.68,42.68,26605.99,113181.62975
300597.SZ,20260825,7.72,7.95,7.63,7.92,37531.64,29444.14496
300598.SZ,20260825,32.48,32.77,31.8,32.35,132629.81,427751.10495
300599.SZ,20260825,11.56,11.72,11.34,11.65,47284.0,54584.672
300600.SZ,20260825,9.78,10.28,9.72,10.19,46346.0,46915.644
300601.SZ,20260825,12.56,13.1,12.37,12.95,374611.93,477604.48583
300602.SZ,20260825,43.1,46.2,41.65,45.8,430652.82,1894840.1545
300603.SZ,20260825,7.4,7.68,7.35,7.64,113252.0,85842.033
300604.SZ,20260825,268.18,269.14,253.0,263.62,182369.21,4772992.50466
300605.SZ,20260825,9.92,10.52,9.87,10.43,77188.44,79375.64136
300606.SZ,20260825,35.04,36.03,33.19,35.63,57854.0,200830.787
300607.SZ,20260825,34.56,37.6,33.65,36.73,616768.33,2203265.4242
300608.SZ,20260825,9.5,9.88,9.41,9.86,75453.75,73186.47938
300609.SZ,20260825,24.75,25.85,24.55,25.63,29755.0,75217.398
300610.SZ,20260825,10.26,10.54,10.2,10.48,32420.0,33757.78
300611.SZ,20260825,22.74,24.78,22.68,24.7,65234.76,157300.8714
300612.SZ,20260825,11.58,11.94,11.4,11.91,48237.83,56512.87752
300613.SZ,20260825,67.3,67.74,64.58,66.86,100121.8,663673.47403
300614.SZ,20260825,10.43,10.92,10.4,10.86,23926.0,25683.389
300615.SZ,20260825,16.79,17.43,15.86,16.03,359793.65,590706.70213
300616.SZ,20260825,10.3,10.85,10.25,10.83,43104.0,46076.999
300617.SZ,20260825,39.04,40.03,38.4,39.78,35095.35,137863.37374
300618.SZ,20260825,34.54,35.0,33.9,34.68,62610.1,215415.36765
300619.SZ,20260825,26.6,27.0,24.88,25.78,113368.46,291222.57338
300620.SZ,20260825,294.42,295.61,283.0,290.68,79210.28,2290871.65521
300621.SZ,20260825,7.19,7.52,7.16,7.51,41559.5,30696.473
300622.SZ,20260825,14.28,14.8,14.2,14.73,64619.43,94465.92633
300623.SZ,20260825,29.21,30.2,28.52,29.6,284989.12,834028.93635
300624.SZ,20260825,47.09,47.7,46.2,47.4,55092.6,258614.76246
300625.SZ,20260825,9.35,9.78,9.33,9.76,22141.0,21317.245
300626.SZ,20260825,31.34,32.18,29.68,31.5,54262.79,167929.77678
300627.SZ,20260825,27.0,27.36,26.91,27.25,48835.22,132752.9202
300628.SZ,20260825,42.01,42.73,40.78,40.92,157454.44,652857.14041
300629.SZ,20260825,16.45,17.16,16.38,17.06,48475.63,81797.71088
300631.SZ,20260825,21.85,21.93,21.21,21.89,19212.0,41571.059
300632.SZ,20260825,17.7,18.66,17.48,18.51,93853.0,170289.897
300633.SZ,20260825,19.05,19.31,18.66,19.07,62322.0,118588.65582
300634.SZ,20260825,18.77,19.25,18.69,19.11,64513.99,122729.29945
300635.SZ,20260825,12.17,12.49,12.01,12.42,36556.0,44936.078
300636.SZ,20260825,6.83,6.97,6.77,6.96,42061.13,29075.26266
300637.SZ,20260825,8.81,9.15,8.78,9.14,35068.0,31573.065
300638.SZ,20260825,18.5,18.85,18.24,18.69,73187.47,135808.44821
300639.SZ,20260825,5.93,6.18,5.89,6.15,136778.01,82940.51407
300640.SZ,20260825,6.7,6.86,6.62,6.86,61485.99,41592.22836
300641.SZ,20260825,13.73,14.02,13.7,13.93,47791.0,66446.562
300642.SZ,20260825,14.3,16.2,14.3,16.2,112687.64,178732.72062
300643.SZ,20260825,17.87,17.92,17.35,17.83,30812.0,54574.39168
300644.SZ,20260825,19.37,20.46,18.98,20.34,45604.0,90769.3671
300645.SZ,20260825,12.78,13.43,12.7,13.37,34997.0,46138.989
300647.SZ,20260825,5.59,5.84,5.51,5.82,143665.0,82182.086
300648.SZ,20260825,40.76,41.35,39.2,40.89,18440.44,74518.06491
300649.SZ,20260825,24.44,25.94,23.7,25.6,47900.0,119605.65
300650.SZ,20260825,11.11,11.64,10.95,11.53,77638.8,87674.4678
300651.SZ,20260825,16.16,17.1,15.98,16.99,50896.01,84742.04776
300652.SZ,20260825,28.41,29.06,27.82,28.88,14080.2,40134.3303
300653.SZ,20260825,14.98,15.3,14.71,15.21,24036.5,36217.8725
300654.SZ,20260825,9.63,9.93,9.63,9.88,59921.9,58851.92819
300655.SZ,20260825,12.64,12.66,12.13,12.55,266356.76,330717.85301
300656.SZ,20260825,25.28,26.13,24.41,25.86,52630.42,133962.95384
300657.SZ,20260825,33.72,35.03,33.41,33.67,236626.35,806363.43513
300658.SZ,20260825,10.39,10.71,10.21,10.65,71909.0,75786.443
300659.SZ,20260825,9.95,10.33,9.95,10.28,42517.99,43497.70193
300660.SZ,20260825,23.43,24.27,23.29,24.13,53958.35,128988.80622
300661.SZ,20260825,110.02,115.81,108.36,114.86,103952.74,1170899.74299
300662.SZ,20260825,19.39,19.97,19.31,19.88,22944.99,45138.1936
300663.SZ,20260825,7.98,9.12,7.9,8.72,601183.07,519424.302
300664.SZ,20260825,4.49,4.6,4.48,4.59,67107.0,30619.388
300665.SZ,20260825,8.96,9.36,8.92,9.3,79026.0,72691.19228
300666.SZ,20260825,233.01,238.98,224.0,235.5,195787.45,4538650.7473
300667.SZ,20260825,14.02,14.57,13.96,14.53,48682.09,69766.53595
300668.SZ,20260825,32.81,33.51,31.42,33.0,43098.49,139827.6959
300669.SZ,20260825,23.43,23.75,23.1,23.74,8971.0,21050.896
300670.SZ,20260825,6.36,6.75,6.36,6.65,91975.0,60583.658
300671.SZ,20260825,55.46,55.95,53.08,55.0,109659.11,599575.14032
300672.SZ,20260825,155.34,158.98,149.75,157.45,69786.15,1077452.66416
300673.SZ,20260825,12.53,12.69,12.34,12.6,25304.0,31706.982
300674.SZ,20260825,15.01,15.7,15.0,15.57,140075.39,217308.61418
300675.SZ,20260825,12.67,13.01,12.53,12.97,20546.0,26409.723
300676.SZ,20260825,41.51,42.2,40.39,40.68,134938.78,550810.23464
300677.SZ,20260825,50.2,52.23,49.12,52.1,238587.5,1211208.7257
300678.SZ,20260825,21.42,21.97,21.24,21.93,36753.38,79817.88884
300679.SZ,20260825,48.78,52.72,48.78,51.3,282700.33,1444417.02183
300680.SZ,20260825,19.68,20.83,19.64,20.62,72240.5,147047.68138
300681.SZ,20260825,21.08,21.66,20.7,21.6,57916.0,123186.46
300682.SZ,20260825,9.18,9.42,9.11,9.39,160919.0,149697.654
300683.SZ,20260825,25.51,26.86,25.01,26.73,76788.0,199465.189
300684.SZ,20260825,82.02,88.47,81.12,86.01,249325.2,2136404.99253
300685.SZ,20260825,18.26,18.28,17.62,17.99,147829.93,265168.1707
300686.SZ,20260825,13.93,14.52,13.73,14.4,79392.5,112782.7755
300687.SZ,20260825,25.79,26.18,25.1,25.92,153839.24,392839.28911
300688.SZ,20260825,27.89,31.5,24.71,31.19,210035.38,594718.49616
300689.SZ,20260825,52.58,54.18,50.63,53.77,23845.0,125346.918
300690.SZ,20260825,22.56,23.97,22.29,23.36,170884.49,398370.53855
300691.SZ,20260825,14.26,14.95,14.03,14.87,44764.73,65333.53819
300692.SZ,20260825,9.05,9.47,8.81,9.43,233031.5,213534.4095
300693.SZ,20260825,42.0,42.75,41.0,42.0,95113.4,399412.2093
300694.SZ,20260825,10.33,10.72,10.3,10.68,33922.0,35847.014
300695.SZ,20260825,48.98,49.46,47.28,49.0,6715.0,32685.977
300696.SZ,20260825,19.5,20.55,18.97,20.27,82476.4,162479.3084
300697.SZ,20260825,15.53,15.67,14.61,15.05,185413.4,279071.4166
300698.SZ,20260825,24.0,26.64,24.0,26.41,65495.99,169078.92952
300699.SZ,20260825,23.57,23.62,22.51,23.3,163685.47,376027.90637
300700.SZ,20260825,18.5,18.65,17.85,18.51,73854.56,135500.21096
300701.SZ,20260825,9.55,9.93,9.48,9.88,38579.0,37652.4
300702.SZ,20260825,21.45,21.63,21.21,21.57,17421.0,37315.191
300703.SZ,20260825,13.05,13.76,13.05,13.71,37464.0,50719.358
300705.SZ,20260825,10.9,11.49,10.82,11.44,156458.39,176282.71216
300706.SZ,20260825,51.3,52.8,49.36,51.9,95344.27,486760.7418
300707.SZ,20260825,11.91,12.41,11.89,12.39,32940.0,40327.417
300708.SZ,20260825,7.6,7.83,7.5,7.81,104706.33,80739.52102
300709.SZ,20260825,38.84,41.22,38.2,40.42,139643.03,557270.25639
300710.SZ,20260825,30.33,30.81,29.61,30.48,46350.9,140718.0441
300711.SZ,20260825,18.25,18.74,17.93,18.7,115760.41,213400.78762
300712.SZ,20260825,19.03,19.69,18.86,19.59,21837.44,42246.34214
300713.SZ,20260825,13.02,13.5,12.86,13.47,24788.1,33012.2245
300715.SZ,20260825,13.9,14.54,13.73,14.2,83105.0,117768.484
300716.SZ,20260825,19.9,20.83,19.0,19.0,41014.0,81756.729
300717.SZ,20260825,17.8,18.49,17.69,18.43,23587.0,42825.277
300718.SZ,20260825,55.07,56.2,55.06,55.9,54793.02,305560.09326
300719.SZ,20260825,11.59,12.06,11.38,11.94,57467.0,68047.772
300720.SZ,20260825,71.34,73.12,68.0,71.87,122049.18,864386.84216
300721.SZ,20260825,22.13,22.55,21.6,22.3,88305.0,194976.347
300722.SZ,20260825,20.76,21.39,20.64,21.28,24167.63,51118.41156
300723.SZ,20260825,34.27,35.16,34.13,35.01,58074.49,202659.4198
300724.SZ,20260825,55.84,57.0,54.55,56.6,69846.0,390339.413
300725.SZ,20260825,48.25,49.98,46.88,49.12,261330.52,1264569.61904
300726.SZ,20260825,51.26,52.28,49.05,51.48,89401.97,452974.22114
300727.SZ,20260825,26.6,27.47,26.25,27.23,27349.3,73905.5405
300729.SZ,20260825,10.15,10.34,9.99,10.32,22276.28,22799.84488
300730.SZ,20260825,11.16,11.44,11.05,11.41,29312.5,33116.3145
300731.SZ,20260825,41.85,42.83,39.53,42.18,100187.65,414805.23302
300732.SZ,20260825,5.93,6.12,5.9,6.1,68336.03,41297.24142
300733.SZ,20260825,13.34,13.71,13.18,13.68,45762.7,61842.14046
300735.SZ,20260825,19.2,19.8,18.9,19.71,147065.83,285744.59176
300736.SZ,20260825,29.46,29.96,28.75,29.6,44873.0,131921.248
300737.SZ,20260825,4.68,4.89,4.65,4.86,204149.0,98162.113
300738.SZ,20260825,20.9,21.02,20.59,20.9,308732.95,643332.93779
300739.SZ,20260825,21.81,22.5,21.29,22.28,66493.26,146237.66316
300740.SZ,20260825,19.94,21.96,19.85,21.87,336839.35,714986.94819
300741.SZ,20260825,13.28,13.58,13.28,13.52,14784.4,19896.00664
300743.SZ,20260825,14.18,14.77,13.7,14.64,60857.39,86344.44674
300745.SZ,20260825,28.28,28.91,27.08,28.56,56003.47,157547.94972
300746.SZ,20260825,12.7,13.3,12.61,13.15,33967.0,44307.059
300747.SZ,20260825,34.77,36.24,34.03,35.7,120169.0,422623.75707
300748.SZ,20260825,27.54,28.0,26.74,27.07,200759.96,547404.41652
300749.SZ,20260825,24.29,25.97,23.77,25.57,75794.6,189088.45
300750.SZ,20260825,391.0,391.15,376.06,376.73,260645.94,9924585.37821
300751.SZ,20260825,193.51,212.93,193.51,211.5,125490.19,2566273.60154
300752.SZ,20260825,10.7,11.24,10.45,11.17,83323.0,91081.29086
300753.SZ,20260825,21.66,22.84,21.2,22.66,89025.32,196161.55395
300755.SZ,20260825,10.95,11.35,10.9,11.3,25377.82,28517.81704
300756.SZ,20260825,29.01,29.12,28.31,28.74,38142.6,109781.209
300757.SZ,20260825,489.0,501.76,478.4,492.12,50554.79,2472826.25227
300758.SZ,20260825,11.1,11.43,11.0,11.43,154654.42,173378.96017
300759.SZ,20260825,44.33,46.96,43.75,46.42,752616.77,3409859.86089
300760.SZ,20260825,158.47,162.66,158.03,162.12,119545.42,1924303.29068
300761.SZ,20260825,18.31,18.85,18.18,18.85,68570.32,127552.3496
300762.SZ,20260825,26.78,27.95,26.47,27.7,168672.97,460816.50626
300763.SZ,20260825,62.15,62.4,60.01,61.6,78249.92,479756.14591
300765.SZ,20260825,44.0,44.7,42.64,44.29,316509.47,1386741.43599
300766.SZ,20260825,20.77,21.05,20.55,21.0,108465.79,226128.57804
300767.SZ,20260825,18.3,18.37,17.2,18.0,71455.0,126896.316
300768.SZ,20260825,14.24,14.56,14.16,14.49,40065.9,57665.1337
300769.SZ,20260825,46.27,46.45,44.8,45.72,112498.81,512288.08646
300770.SZ,20260825,33.45,33.74,33.3,33.61,9555.96,32114.40582
300771.SZ,20260825,11.1,11.56,11.1,11.47,39066.8,44524.4322
300772.SZ,20260825,10.95,11.06,10.76,11.01,106670.56,116619.16932
300773.SZ,20260825,15.02,16.28,14.95,16.0,972291.86,1542632.7659
300774.SZ,20260825,10.97,11.16,10.8,11.08,123216.0,135365.763
300775.SZ,20260825,20.41,21.0,20.16,20.89,75522.29,156025.57051
300776.SZ,20260825,114.91,116.91,108.2,111.25,85532.59,954586.15049
300777.SZ,20260825,22.3,22.62,21.98,22.45,45865.0,102383.203
300778.SZ,20260825,10.17,10.45,10.07,10.4,23371.0,24204.907
300779.SZ,20260825,66.34,66.73,65.25,66.39,45130.34,298005.37702
300780.SZ,20260825,19.45,20.08,18.76,19.89,42859.0,83652.749
300781.SZ,20260825,25.78,26.85,25.7,26.77,30096.74,79271.12554
300782.SZ,20260825,73.63,76.39,72.27,75.85,92843.61,692974.13126
300783.SZ,20260825,16.79,17.18,16.78,17.15,50882.3,86647.21012
300784.SZ,20260825,40.35,41.85,40.0,41.69,5426.95,22396.4657
300785.SZ,20260825,33.88,34.52,32.57,34.3,65304.0,219351.508
300786.SZ,20260825,15.78,15.78,14.85,15.63,65256.0,100070.174
300787.SZ,20260825,9.91,10.47,9.85,10.42,71451.88,73257.17464
300788.SZ,20260825,23.11,23.97,22.98,23.85,31646.0,74401.782
300789.SZ,20260825,17.06,18.34,16.81,18.24,43677.0,77599.56679
300790.SZ,20260825,18.89,19.29,18.5,19.14,155420.6,294226.14557
300791.SZ,20260825,16.96,17.8,16.75,17.47,39214.23,67919.90589
300792.SZ,20260825,22.5,23.38,22.43,23.25,42541.58,97731.3032
300793.SZ,20260825,10.65,11.18,10.65,11.14,44181.56,48710.93684
300795.SZ,20260825,12.6,12.95,12.21,12.69,237310.32,297258.09486
300796.SZ,20260825,6.69,6.83,6.64,6.81,41001.0,27744.318
300797.SZ,20260825,13.8,13.87,13.58,13.78,63046.38,86633.02696
300798.SZ,20260825,7.08,7.34,7.0,7.31,221987.43,160590.52444
300800.SZ,20260825,9.75,10.21,9.75,10.19,31887.0,32071.498
300801.SZ,20260825,22.35,22.51,21.81,22.45,43529.1,96522.48194
300802.SZ,20260825,23.35,23.94,22.5,23.47,84337.36,197714.0468
300803.SZ,20260825,80.0,80.8,79.28,79.86,89375.25,714689.39134
300804.SZ,20260825,42.57,43.9,42.0,43.43,7211.0,31136.854
300805.SZ,20260825,7.75,8.03,7.64,8.01,71268.0,56220.154
300806.SZ,20260825,49.01,51.9,46.6,51.0,327020.58,1620221.14178
300807.SZ,20260825,35.33,37.78,34.7,37.65,15661.5,57911.9345
300808.SZ,20260825,19.38,20.16,19.07,20.03,27043.0,53482.068
300809.SZ,20260825,23.03,23.97,22.88,23.86,39460.76,92927.47138
300810.SZ,20260825,23.5,24.35,23.23,24.19,13867.0,33201.4805
300811.SZ,20260825,73.73,75.8,71.27,75.22,91445.32,674407.50048
300812.SZ,20260825,18.71,19.34,18.19,19.23,47455.81,89829.66586
300813.SZ,20260825,20.2,20.87,19.92,20.75,32574.0,66651.094
300814.SZ,20260825,131.86,141.49,125.94,137.66,75102.18,1006287.9853
300815.SZ,20260825,15.78,16.12,15.7,16.06,31842.2,50767.34098
300816.SZ,20260825,51.28,53.08,49.55,52.33,30438.0,156911.148
300817.SZ,20260825,14.95,15.5,14.84,15.43,20106.0,30605.252
300818.SZ,20260825,18.33,18.61,18.09,18.54,19156.52,35265.95412
300819.SZ,20260825,45.06,46.37,43.58,45.91,24953.5,112658.874
300820.SZ,20260825,52.1,52.7,50.21,51.95,30052.0,154960.325
300821.SZ,20260825,16.08,16.08,15.35,15.74,601972.14,943808.30855
300822.SZ,20260825,10.56,11.02,10.45,10.99,51424.31,55394.79838
300823.SZ,20260825,14.88,15.6,14.77,15.41,27826.0,42508.9263
300824.SZ,20260825,7.43,7.81,7.43,7.8,42210.0,32444.804
300825.SZ,20260825,10.1,10.58,9.9,10.5,151968.11,156161.68642
300826.SZ,20260825,14.8,14.97,14.58,14.94,50119.11,73838.73311
300827.SZ,20260825,25.92,26.09,25.28,25.52,79173.66,202120.65082
300828.SZ,20260825,16.36,17.53,16.24,17.3,82895.0,141559.332
300829.SZ,20260825,14.48,14.93,14.4,14.89,33956.08,50191.99952
300830.SZ,20260825,7.89,8.21,7.86,8.16,66011.0,53248.985
300831.SZ,20260825,13.96,15.35,13.91,15.27,80072.0,117650.876
300832.SZ,20260825,51.3,52.22,50.81,51.41,51558.14,265549.19218
300833.SZ,20260825,36.02,37.22,36.02,37.2,5853.0,21614.442
300834.SZ,20260825,37.75,38.5,37.06,38.35,7909.0,29937.785
300835.SZ,20260825,153.91,155.23,147.87,152.26,28430.47,430527.20094
300836.SZ,20260825,48.74,50.2,47.51,49.63,18178.25,89267.765
300837.SZ,20260825,22.65,23.67,22.55,23.53,16129.46,37435.33542
300838.SZ,20260825,13.6,14.14,13.57,14.03,19038.0,26573.697
300839.SZ,20260825,13.96,14.08,12.58,12.97,324255.75,419934.7485
300840.SZ,20260825,17.98,18.38,17.66,18.21,44903.0,81116.377
300841.SZ,20260825,52.9,53.81,51.66,53.73,54494.72,288836.36373
300842.SZ,20260825,61.69,64.0,59.6,63.42,43568.0,270344.43818
300843.SZ,20260825,127.21,141.18,127.21,135.27,89529.57,1207642.48063
300844.SZ,20260825,23.45,24.0,22.91,23.92,14110.48,33184.04276
300845.SZ,20260825,12.08,12.82,12.07,12.72,98411.03,123606.41298
300846.SZ,20260825,18.11,18.88,17.87,18.71,197905.25,365495.25891
300847.SZ,20260825,13.65,13.98,13.61,13.94,24184.5,33524.539
300848.SZ,20260825,12.38,12.82,12.2,12.65,32247.0,40699.546
300849.SZ,20260825,19.85,20.95,19.63,20.55,24084.0,49051.534
300850.SZ,20260825,25.04,25.45,24.59,25.07,73631.58,183571.13976
300851.SZ,20260825,23.85,24.61,23.68,24.55,9805.0,23839.6
300852.SZ,20260825,44.25,45.75,43.41,45.0,42150.4,187479.0982
300853.SZ,20260825,26.84,27.1,25.71,26.98,34025.0,89852.964
300854.SZ,20260825,17.36,17.93,17.12,17.71,39404.8,69562.7356
300855.SZ,20260825,33.83,34.47,33.37,34.34,66929.37,226849.58606
300856.SZ,20260825,10.8,11.22,10.75,11.22,74775.6,83016.3466
300857.SZ,20260825,236.69,241.57,231.99,238.02,104443.44,2474025.44233
300858.SZ,20260825,14.52,14.92,14.51,14.85,44256.5,65385.3054
300859.SZ,20260825,26.16,26.98,26.16,26.91,37326.0,99765.66368
300860.SZ,20260825,27.25,27.5,26.88,27.45,11263.27,30764.04708
300861.SZ,20260825,16.4,16.6,15.82,16.59,126642.03,206053.51216
300862.SZ,20260825,54.3,55.66,52.61,53.4,249488.63,1348815.85198
300863.SZ,20260825,41.29,43.5,39.99,42.3,47746.64,198850.59152
300864.SZ,20260825,25.7,26.0,24.43,25.53,74971.33,189611.64413
300865.SZ,20260825,29.47,31.5,29.11,31.07,60587.09,183487.83438
300866.SZ,20260825,115.47,122.59,115.44,122.1,41289.89,499460.60996
300867.SZ,20260825,17.6,18.19,17.56,17.76,90771.68,161527.03267
300868.SZ,20260825,91.11,94.99,87.0,93.3,39226.95,359123.81315
300869.SZ,20260825,11.2,11.54,11.15,11.53,23704.09,27035.38243
300870.SZ,20260825,201.05,214.97,193.19,210.01,69631.79,1426194.22692
300871.SZ,20260825,22.46,23.03,22.28,22.91,36281.64,82340.77808
300872.SZ,20260825,14.88,15.97,14.77,15.83,198288.03,306727.04099
300873.SZ,20260825,14.73,14.93,14.3,14.82,99660.05,146086.04138
300875.SZ,20260825,30.98,32.5,30.81,32.31,32920.0,105482.436
300876.SZ,20260825,15.02,15.78,15.02,15.54,17496.13,27128.44973
300877.SZ,20260825,27.39,28.98,26.88,28.75,36372.86,103620.8765
300878.SZ,20260825,31.48,33.93,31.06,33.57,35719.2,117329.9156
300879.SZ,20260825,16.04,16.74,15.91,16.65,27065.0,44592.058
300880.SZ,20260825,19.51,20.02,19.4,19.86,26340.86,52056.10042
300881.SZ,20260825,30.68,31.48,30.46,31.16,14798.99,45944.97805
300882.SZ,20260825,13.91,14.23,13.67,14.08,21649.89,30405.09928
300883.SZ,20260825,6.51,6.76,6.46,6.73,179483.12,118307.3016
300884.SZ,20260825,12.34,12.76,12.15,12.73,58009.38,73080.96536
300885.SZ,20260825,19.9,20.05,19.3,19.87,63608.54,125511.69234
300886.SZ,20260825,24.17,24.85,24.08,24.69,11148.39,27394.12907
300887.SZ,20260825,7.0,7.26,6.98,7.22,148342.44,106245.65856
300888.SZ,20260825,28.84,29.85,28.84,29.85,47691.22,140687.28895
300889.SZ,20260825,20.71,22.4,20.0,21.97,57188.26,122567.30598
300890.SZ,20260825,26.7,27.05,26.28,26.98,64589.48,172591.42258
300891.SZ,20260825,7.42,7.69,7.34,7.66,120499.1,90841.93696
300892.SZ,20260825,21.96,23.62,21.94,23.62,39440.02,91162.68216
300893.SZ,20260825,13.9,14.28,13.58,14.17,52272.0,73472.5496
300894.SZ,20260825,10.71,11.11,10.67,11.0,50356.0,54765.108
300895.SZ,20260825,52.22,54.0,51.99,52.92,41658.36,221000.20038
300896.SZ,20260825,91.45,93.69,91.37,93.35,29791.91,276639.00204
300897.SZ,20260825,16.79,16.9,16.01,16.77,45229.29,74932.80212
300898.SZ,20260825,20.42,21.16,20.0,21.04,32844.67,68457.79302
300899.SZ,20260825,28.4,29.36,28.04,29.21,5858.0,16929.427
300900.SZ,20260825,21.21,22.39,21.0,22.2,128327.89,279803.85876
300901.SZ,20260825,18.0,18.03,16.05,16.65,103176.23,173502.82725
300902.SZ,20260825,14.87,17.37,14.82,17.26,103384.19,169887.8652
300903.SZ,20260825,77.52,79.3,74.03,78.95,239632.53,1843773.18316
300904.SZ,20260825,38.91,40.58,37.96,40.22,12075.0,47703.734
300905.SZ,20260825,34.91,35.78,34.14,35.55,35186.18,123212.96166
300906.SZ,20260825,31.02,33.39,29.9,32.3,38204.26,120717.52317
300907.SZ,20260825,51.18,51.18,47.81,49.73,44434.0,219776.974
300908.SZ,20260825,24.7,25.1,24.62,24.98,18409.19,45788.93333
300909.SZ,20260825,51.8,55.47,51.2,54.9,55892.72,300752.45836
300910.SZ,20260825,25.08,25.46,25.08,25.39,29627.63,75030.05083
300911.SZ,20260825,21.11,22.94,20.48,22.33,150401.6,323848.88008
300912.SZ,20260825,19.0,20.05,18.8,19.91,44715.23,87805.17503
300913.SZ,20260825,34.41,36.2,34.14,35.8,70244.91,248572.89545
300915.SZ,20260825,19.95,20.82,19.95,20.77,12968.5,26666.16874
300916.SZ,20260825,26.08,28.73,24.98,28.17,122764.35,335757.61428
300917.SZ,20260825,25.65,27.25,25.53,27.16,90392.55,242244.87401
300918.SZ,20260825,10.1,10.45,10.06,10.39,40016.76,41242.93184
300919.SZ,20260825,40.97,42.15,39.98,40.13,193174.58,787385.77918
300920.SZ,20260825,32.97,33.3,31.93,32.3,11536.5,37484.3375
300921.SZ,20260825,14.69,15.76,14.61,15.55,182741.78,279407.20764
300922.SZ,20260825,16.9,20.53,16.9,20.53,172713.87,331482.02787
300923.SZ,20260825,24.48,25.08,24.25,24.9,10832.0,26903.6
300925.SZ,20260825,14.41,14.82,14.27,14.76,104939.6,153526.6898
300926.SZ,20260825,16.98,17.39,16.84,17.24,27349.22,46890.73446
300927.SZ,20260825,27.68,31.13,27.19,28.5,212410.13,615979.12785
300928.SZ,20260825,24.96,25.81,24.79,25.73,13547.59,34416.0676
300929.SZ,20260825,16.59,17.6,16.12,17.45,118151.94,201701.9512
300930.SZ,20260825,24.45,25.91,24.45,25.7,19663.0,49992.19018
300931.SZ,20260825,14.78,15.14,14.62,15.01,40181.0,59900.13268
300932.SZ,20260825,11.25,11.27,10.3,10.65,263838.94,279709.37999
300933.SZ,20260825,6.49,6.75,6.47,6.71,169468.49,112316.99969
300935.SZ,20260825,29.07,32.19,28.31,31.81,42220.84,129720.73503
300936.SZ,20260825,74.46,79.55,74.21,77.81,41542.49,320391.83579
300937.SZ,20260825,25.0,25.73,24.65,25.58,53794.32,136078.68388
300938.SZ,20260825,27.34,27.5,26.08,27.22,93305.64,250343.27198
300939.SZ,20260825,60.81,61.8,59.53,61.01,26773.97,162445.11973
300940.SZ,20260825,13.16,13.94,13.16,13.87,41106.51,56160.3909
300941.SZ,20260825,14.91,15.63,14.7,15.58,100699.74,154906.31411
300942.SZ,20260825,6.9,7.05,6.69,6.84,274622.8,188069.0215
300943.SZ,20260825,30.65,32.93,29.68,32.27,195645.97,612498.43301
300945.SZ,20260825,13.19,14.0,12.81,12.93,314949.77,420152.42247
300946.SZ,20260825,37.22,38.8,37.22,38.79,8891.3,34068.2473
300947.SZ,20260825,13.9,14.52,13.75,14.52,24374.0,34736.829
300948.SZ,20260825,20.43,21.16,19.81,21.11,38791.45,79520.7415
300949.SZ,20260825,21.95,22.88,21.95,22.83,6721.35,15127.11845
300950.SZ,20260825,16.49,17.3,16.28,17.16,25510.89,43306.58157
300951.SZ,20260825,67.76,71.0,66.6,69.89,46251.96,317214.27116
300952.SZ,20260825,15.8,16.54,15.8,16.49,32707.8,53161.368
300953.SZ,20260825,95.91,97.04,93.4,95.07,45393.14,432568.15079
300955.SZ,20260825,29.62,30.05,28.94,29.79,11864.0,35107.819
300956.SZ,20260825,10.81,11.39,10.81,11.35,44218.8,49537.22203
300957.SZ,20260825,32.01,33.21,32.01,33.2,139410.77,456357.0428
300958.SZ,20260825,12.29,12.66,12.21,12.59,44829.0,55969.08
300959.SZ,20260825,89.0,91.5,87.01,90.97,17116.04,153047.59165
300960.SZ,20260825,16.55,17.43,16.22,17.36,35573.59,60825.58255
300961.SZ,20260825,11.55,12.24,11.38,12.13,68226.0,81734.281
300962.SZ,20260825,13.3,14.05,13.08,13.8,93502.58,127601.853
300963.SZ,20260825,11.06,11.48,11.01,11.43,67455.75,76343.22475
300964.SZ,20260825,54.77,57.12,53.26,56.76,30686.71,170076.48398
300965.SZ,20260825,42.32,44.62,42.13,43.91,7045.34,30738.80868
300966.SZ,20260825,24.26,24.97,23.83,24.81,27380.62,67003.27152
300967.SZ,20260825,16.25,17.16,16.1,17.06,94217.82,158989.87723
300968.SZ,20260825,9.77,10.43,9.71,10.35,109777.13,111789.33769
300969.SZ,20260825,73.07,74.97,71.9,74.18,12724.65,93430.90769
300970.SZ,20260825,17.66,19.5,17.66,18.98,339452.6,629561.82589
300971.SZ,20260825,17.32,18.38,17.16,18.22,44168.24,79117.58326
300972.SZ,20260825,204.51,212.01,184.45,189.01,48245.52,933269.95796
300973.SZ,20260825,23.88,25.08,23.83,24.98,34731.63,85780.86915
300975.SZ,20260825,24.22,25.25,23.63,25.02,287557.88,705648.546
300976.SZ,20260825,57.32,57.88,54.52,57.26,40411.4,227865.0952
300977.SZ,20260825,16.08,16.51,15.9,16.5,15574.5,25332.7725
300978.SZ,20260825,8.52,8.77,8.4,8.75,23169.03,20079.26583
300979.SZ,20260825,33.2,34.93,33.03,33.98,39585.96,134971.97092
300980.SZ,20260825,22.55,23.06,21.83,22.75,45643.07,102721.36772
300981.SZ,20260825,14.35,14.84,14.26,14.77,90849.49,132560.09324
300982.SZ,20260825,14.45,14.94,14.29,14.89,17752.0,26159.74
300983.SZ,20260825,38.05,39.08,37.77,38.73,10715.14,41034.03666
300984.SZ,20260825,30.0,31.45,30.0,31.08,35442.8,109367.25012
300985.SZ,20260825,37.6,38.97,36.0,38.6,53175.22,198740.98602
300986.SZ,20260825,11.38,11.67,11.2,11.62,185653.91,212971.97883
300987.SZ,20260825,13.15,13.66,12.94,13.65,34283.0,46024.74
300988.SZ,20260825,14.21,14.83,14.21,14.76,24265.16,35320.45848
300989.SZ,20260825,14.05,14.29,13.85,14.19,31243.03,44039.57317
300990.SZ,20260825,71.77,84.25,71.29,83.16,135170.14,1063131.99784
300991.SZ,20260825,25.57,27.84,25.37,27.74,53728.71,144054.58825
300992.SZ,20260825,24.07,24.77,23.54,24.64,13189.0,32069.473
300993.SZ,20260825,9.76,10.0,9.65,9.95,26227.49,25956.80342
300994.SZ,20260825,11.25,11.62,11.15,11.6,24897.26,28568.79112
300995.SZ,20260825,26.34,27.25,25.59,27.2,13081.81,34882.16367
300996.SZ,20260825,14.1,14.13,13.7,14.05,276585.91,386357.07504
300997.SZ,20260825,15.72,16.95,15.72,16.76,107328.07,176757.86631
300998.SZ,20260825,25.65,26.47,25.23,26.3,35141.0,91421.935
300999.SZ,20260825,24.7,25.44,24.7,25.4,111794.3,282501.93494
301000.SZ,20260825,23.93,24.73,23.68,24.5,35575.99,86316.83896
301001.SZ,20260825,23.48,24.17,23.11,24.14,8082.0,19207.191
301002.SZ,20260825,27.0,27.98,26.47,27.88,48342.32,131536.50914
301003.SZ,20260825,57.51,57.88,55.65,57.7,20042.63,114228.54363
301004.SZ,20260825,34.05,35.26,33.72,35.24,6070.91,21119.07184
301005.SZ,20260825,68.47,71.13,66.0,70.39,100907.15,692019.80685
301006.SZ,20260825,13.57,14.06,13.47,13.95,15360.0,21296.116
301007.SZ,20260825,28.93,29.55,28.6,29.05,37841.4,109600.16008
301008.SZ,20260825,37.51,38.2,36.27,38.12,75826.61,283002.67122
301009.SZ,20260825,8.95,9.21,8.86,9.17,31859.0,29016.706
301010.SZ,20260825,17.49,18.1,17.03,17.98,14588.0,25896.627
301011.SZ,20260825,14.73,15.34,14.6,15.29,22570.73,34035.00717
301012.SZ,20260825,24.12,24.24,23.03,24.0,78903.43,186303.41529
301013.SZ,20260825,39.01,40.2,36.61,39.43,209454.25,806619.45544
301015.SZ,20260825,24.76,24.88,24.28,24.69,67739.03,166580.89802
301016.SZ,20260825,11.85,12.34,11.7,12.29,31251.7,37922.45048
301017.SZ,20260825,12.82,13.32,12.55,13.32,68663.67,89778.09507
301018.SZ,20260825,88.0,107.46,86.85,104.2,347568.65,3381485.06066
301019.SZ,20260825,14.99,15.54,14.72,15.4,26828.88,40953.11276
301020.SZ,20260825,20.13,21.22,20.13,20.89,25573.0,53466.115
301021.SZ,20260825,74.0,77.87,70.0,75.0,100083.68,741414.92297
301022.SZ,20260825,22.63,23.44,22.45,23.3,11745.0,27175.496
301023.SZ,20260825,27.6,28.79,26.94,28.72,22313.99,62581.32479
301024.SZ,20260825,31.38,32.64,30.99,32.47,11317.16,36061.77536
301025.SZ,20260825,9.05,9.44,8.97,9.44,130669.86,121456.93936
301026.SZ,20260825,21.48,21.6,20.29,20.76,127007.89,264347.7684
301027.SZ,20260825,20.09,21.37,20.09,21.27,59066.0,122856.975
301028.SZ,20260825,12.64,13.3,12.53,13.25,52498.8,68117.26015
301029.SZ,20260825,25.53,26.15,25.1,25.86,150767.0,387243.60408
301030.SZ,20260825,8.06,8.33,8.03,8.29,48803.0,40038.407
301031.SZ,20260825,90.64,90.64,87.55,89.74,22388.41,199034.80609
301032.SZ,20260825,9.92,10.32,9.83,10.3,48590.0,49296.331
301033.SZ,20260825,54.8,56.2,54.06,54.82,17318.79,95130.96561
301035.SZ,20260825,56.08,57.0,54.37,54.76,25833.16,142601.79804
301036.SZ,20260825,21.82,22.49,21.72,22.44,11570.79,25629.37669
301037.SZ,20260825,13.05,13.64,13.0,13.5,20350.0,27311.33108
301038.SZ,20260825,15.78,16.48,15.59,16.35,30596.0,49409.035
301039.SZ,20260825,8.18,8.35,7.83,8.3,257157.23,209810.18514
301040.SZ,20260825,27.28,27.78,26.8,27.0,16200.0,43872.591
301041.SZ,20260825,25.54,26.82,25.18,26.68,68325.0,178572.955
301042.SZ,20260825,31.97,33.25,31.31,33.11,38086.05,123201.18595
301043.SZ,20260825,44.5,45.3,43.21,45.23,6301.0,28073.723
301045.SZ,20260825,62.92,64.36,59.98,63.39,31158.0,194348.216
301046.SZ,20260825,22.8,23.26,22.02,23.11,39241.86,89094.90027
301047.SZ,20260825,109.86,114.62,106.66,112.3,101196.07,1120633.74615
301048.SZ,20260825,8.95,9.2,8.95,9.15,59316.0,54018.923
301049.SZ,20260825,19.81,20.4,19.57,20.29,13513.75,27216.027
301050.SZ,20260825,27.7,28.59,27.23,28.44,59655.89,166580.57892
301051.SZ,20260825,17.99,18.35,17.55,17.86,139436.13,250006.87849
301052.SZ,20260825,22.27,23.12,22.06,23.02,27297.12,62052.07297
301053.SZ,20260825,40.17,40.96,39.0,40.07,38207.71,151647.01702
301055.SZ,20260825,29.59,30.28,28.7,29.66,37848.38,112063.80862
301056.SZ,20260825,11.26,11.75,11.19,11.71,25973.0,29839.994
301057.SZ,20260825,21.1,22.65,21.1,22.42,19683.52,43332.78368
301058.SZ,20260825,8.27,8.67,8.25,8.58,112179.99,95968.30538
301059.SZ,20260825,12.38,12.96,12.0,12.22,111819.55,139598.16713
301060.SZ,20260825,11.3,11.6,10.9,11.47,282457.83,320753.35042
301061.SZ,20260825,34.34,35.58,33.82,34.64,26050.44,90730.13836
301062.SZ,20260825,7.0,7.26,7.0,7.26,101846.23,72917.21689
301063.SZ,20260825,17.71,18.44,17.7,18.3,11656.75,21109.0907
301065.SZ,20260825,19.43,20.29,19.37,20.1,46694.62,93064.10619
301066.SZ,20260825,11.8,12.24,11.74,12.21,28962.0,34972.967
301067.SZ,20260825,28.2,28.96,27.5,28.67,20504.0,58057.7739
301068.SZ,20260825,28.55,28.7,27.38,28.4,14321.36,40424.81918
301069.SZ,20260825,15.94,16.28,15.75,16.24,36069.03,57992.78081
301070.SZ,20260825,63.83,65.0,59.73,63.72,27934.17,174290.90087
301071.SZ,20260825,55.47,58.74,53.81,58.18,142689.68,809432.33686
301072.SZ,20260825,41.82,44.0,40.56,43.69,32698.71,138989.74486
301073.SZ,20260825,17.6,19.3,17.6,18.87,121347.64,227215.72961
301075.SZ,20260825,52.8,55.75,52.09,55.14,10900.39,59310.84811
301076.SZ,20260825,19.7,20.47,19.51,20.35,27277.54,54772.1821
301077.SZ,20260825,20.13,20.92,20.12,20.83,17307.56,35741.90334
301078.SZ,20260825,6.88,7.11,6.86,7.09,141319.54,99347.54226
301079.SZ,20260825,27.35,28.33,26.9,28.07,25478.0,70721.568
301080.SZ,20260825,93.0,94.01,89.0,92.0,156337.95,1425698.45886
301081.SZ,20260825,15.18,15.24,13.42,13.67,127700.41,177683.071
301082.SZ,20260825,9.24,9.58,9.17,9.53,59783.89,56415.24958
301083.SZ,20260825,13.3,14.21,13.3,14.16,27709.41,38634.29692
301085.SZ,20260825,56.54,59.08,56.03,58.67,29194.35,168960.78233
301086.SZ,20260825,114.0,129.21,108.53,128.61,57099.5,685723.05398
301087.SZ,20260825,47.14,48.28,47.02,48.06,11250.38,53812.60604
301088.SZ,20260825,12.55,12.72,12.4,12.69,9212.0,11597.777
301089.SZ,20260825,22.92,24.35,22.65,24.32,39134.08,93173.11987
301090.SZ,20260825,6.99,7.0,6.76,6.9,281780.21,193592.10988
301091.SZ,20260825,18.29,18.72,18.13,18.68,55279.98,102309.03906
301092.SZ,20260825,44.71,44.84,42.5,43.94,25506.0,110795.74259
301093.SZ,20260825,78.18,78.27,72.42,75.36,70205.79,521822.85961
301095.SZ,20260825,72.1,73.3,69.0,72.31,40734.63,291394.73286
301096.SZ,20260825,47.84,48.38,47.15,48.07,20096.52,96153.00664
301097.SZ,20260825,33.49,34.17,32.82,33.73,10443.3,35088.87404
301098.SZ,20260825,8.89,9.22,8.72,9.06,99410.31,88847.15967
301099.SZ,20260825,47.97,51.99,47.37,51.07,141128.48,709497.68841
301100.SZ,20260825,15.61,16.13,15.61,16.0,12039.0,19240.553
301101.SZ,20260825,28.67,29.77,28.22,29.56,31478.41,91711.34598
301102.SZ,20260825,9.27,9.49,9.24,9.46,16393.95,15405.29855
301103.SZ,20260825,16.33,16.9,16.29,16.86,15467.3,25779.5554
301105.SZ,20260825,45.64,48.0,45.5,47.88,4470.8,21053.5272
301106.SZ,20260825,20.11,21.17,19.4,20.62,105021.43,216018.86996
301107.SZ,20260825,19.7,21.42,19.45,21.34,31385.32,65096.97184
301108.SZ,20260825,37.37,38.13,36.5,38.0,17083.8,63783.615
301109.SZ,20260825,12.98,13.2,12.93,13.11,38577.1,50409.04807
301110.SZ,20260825,33.36,34.65,33.0,34.51,15643.83,53408.50006
301111.SZ,20260825,21.29,21.77,20.6,21.71,43154.52,91678.76213
301112.SZ,20260825,29.96,31.09,29.74,30.92,9205.89,28134.70542
301113.SZ,20260825,16.12,17.18,16.12,17.05,17527.69,29565.85636
301115.SZ,20260825,27.3,28.92,26.62,28.23,53871.0,149923.738
301116.SZ,20260825,9.3,9.56,9.3,9.55,52671.0,49983.096
301117.SZ,20260825,14.18,14.18,14.18,14.18,19879.0,28188.422
301118.SZ,20260825,22.06,22.87,21.58,22.87,35227.05,78716.57829
301119.SZ,20260825,21.47,22.56,21.26,22.35,18115.8,39766.4542
301120.SZ,20260825,14.3,14.82,14.13,14.7,52577.0,76599.571
301121.SZ,20260825,34.22,36.18,33.39,35.69,12825.2,45045.09725
301122.SZ,20260825,38.73,39.88,37.53,38.61,67555.4,261134.76998
301123.SZ,20260825,72.05,78.2,70.64,77.04,97005.12,728949.06046
301125.SZ,20260825,11.81,12.5,11.71,12.31,28870.65,35217.295
301126.SZ,20260825,9.91,10.35,9.82,10.34,32898.0,33418.678
301127.SZ,20260825,18.7,19.6,18.61,19.09,403067.29,772515.71245
301128.SZ,20260825,104.72,115.45,102.83,113.0,72661.96,798925.49312
301129.SZ,20260825,23.12,24.1,22.51,23.93,50064.99,117975.57569
301130.SZ,20260825,32.99,39.71,32.43,38.72,216505.82,803862.2502
301131.SZ,20260825,33.18,33.88,32.82,33.86,12003.49,40142.63393
301132.SZ,20260825,34.81,36.18,34.17,35.92,35042.45,123469.27394
301133.SZ,20260825,27.55,31.0,27.07,30.64,48201.51,142941.11163
301135.SZ,20260825,16.74,17.21,16.52,17.2,20587.67,34936.93835
301136.SZ,20260825,11.17,11.65,11.1,11.62,44355.0,50690.376
301137.SZ,20260825,29.08,30.27,28.8,30.16,38993.48,115491.96435
301138.SZ,20260825,28.8,30.86,28.39,30.09,54814.9,161935.73832
301139.SZ,20260825,3.39,3.5,3.1,3.44,88713.0,29918.346
301141.SZ,20260825,40.6,44.44,40.01,43.31,56110.14,241698.09438
301148.SZ,20260825,49.86,51.93,49.4,51.2,7848.0,39995.067
301149.SZ,20260825,7.69,8.09,7.66,8.04,117765.1,93002.4832
301150.SZ,20260825,38.11,39.23,36.78,38.64,108438.56,412340.71759
301151.SZ,20260825,16.29,17.12,16.06,17.01,33361.47,55695.51034
301152.SZ,20260825,24.33,25.48,23.86,23.98,261447.39,641165.15943
301153.SZ,20260825,16.83,17.32,16.8,17.23,37680.78,64700.10728
301155.SZ,20260825,41.0,41.31,40.37,41.16,16476.23,67393.98749
301156.SZ,20260825,11.36,12.18,11.35,12.07,85349.33,101575.83
301157.SZ,20260825,60.08,60.34,58.16,60.08,7273.0,43267.652
301158.SZ,20260825,14.32,15.1,14.31,14.97,58151.25,86601.1983
301159.SZ,20260825,30.61,32.04,30.61,31.85,18798.89,59224.25732
301160.SZ,20260825,45.7,45.98,43.84,45.7,30250.7,136617.09151
301161.SZ,20260825,30.47,30.97,28.22,29.32,102523.27,302761.68287
301162.SZ,20260825,35.84,37.01,35.31,36.64,13431.92,48516.27796
301163.SZ,20260825,23.2,23.99,22.9,23.93,10811.0,25492.888
301165.SZ,20260825,113.28,118.0,111.1,115.73,141453.51,1622605.23635
301166.SZ,20260825,28.76,29.87,28.57,29.66,43552.42,128064.85778
301167.SZ,20260825,14.27,14.67,14.03,14.67,21702.0,31420.027
301168.SZ,20260825,41.75,42.05,41.1,41.81,7055.0,29418.017
301169.SZ,20260825,50.75,51.57,49.13,51.07,7056.0,35639.702
301170.SZ,20260825,23.0,23.46,22.77,23.37,7990.0,18551.485
301171.SZ,20260825,34.96,35.0,33.36,34.3,393971.0,1344523.18436
301172.SZ,20260825,16.5,16.98,16.11,16.91,57797.75,95862.63993
301173.SZ,20260825,31.59,32.18,31.07,32.03,3886.0,12311.015
301175.SZ,20260825,5.45,5.64,5.45,5.56,232864.0,129224.991
301176.SZ,20260825,44.0,46.81,42.8,45.9,48053.94,215233.55724
301177.SZ,20260825,24.59,24.82,23.17,23.94,45710.56,109572.33628
301178.SZ,20260825,34.4,35.1,33.59,34.88,18565.52,64314.49508
301179.SZ,20260825,20.81,20.98,19.48,19.95,112113.31,224342.39717
301180.SZ,20260825,11.63,11.99,11.4,11.96,32718.0,38547.513
301181.SZ,20260825,22.73,24.0,22.45,23.68,25876.49,60493.17548
301182.SZ,20260825,66.12,70.88,64.08,70.47,31780.46,215419.415
301183.SZ,20260825,235.21,239.88,226.0,233.35,49411.36,1154137.78726
301185.SZ,20260825,16.27,16.65,16.05,16.64,14448.5,23862.032
301186.SZ,20260825,33.56,33.97,32.55,33.9,13287.98,44347.7513
301187.SZ,20260825,14.56,14.98,14.35,14.93,13590.62,20109.1855
301188.SZ,20260825,35.97,37.42,34.38,36.56,157990.51,565279.00958
301189.SZ,20260825,48.21,51.82,47.52,51.05,43699.54,217820.49628
301190.SZ,20260825,20.55,21.8,19.75,21.2,135509.36,280964.6138
301191.SZ,20260825,86.06,88.44,84.0,87.47,29762.11,257257.67729
301192.SZ,20260825,19.84,20.65,19.51,20.56,13626.93,27618.45336
301193.SZ,20260825,17.91,18.67,17.38,18.46,37557.13,68394.52324
301195.SZ,20260825,25.8,26.35,25.25,26.2,11338.88,29388.613
301196.SZ,20260825,88.33,94.2,85.0,92.8,97679.21,878787.75116
301197.SZ,20260825,24.87,25.95,24.53,25.86,29791.0,75450.125
301198.SZ,20260825,12.31,12.78,12.08,12.76,30975.8,38791.5054
301199.SZ,20260825,17.25,17.86,17.19,17.82,11948.0,21053.3168
301200.SZ,20260825,261.59,275.6,255.08,269.06,30151.74,799599.12579
301201.SZ,20260825,34.15,38.13,33.7,37.45,139084.58,502682.90179
301202.SZ,20260825,36.75,37.14,35.3,36.83,31965.84,116181.40714
301203.SZ,20260825,34.22,34.58,33.52,34.34,4733.0,16180.71
301205.SZ,20260825,300.0,306.0,284.0,303.9,92056.2,2715603.24094
301206.SZ,20260825,23.71,24.04,23.46,24.01,11202.5,26741.057
301207.SZ,20260825,16.8,17.54,16.6,17.47,100678.49,172893.94487
301208.SZ,20260825,29.18,30.14,29.12,30.03,15153.6,45194.5256
301209.SZ,20260825,58.7,59.55,57.21,57.97,24432.92,142169.18961
301210.SZ,20260825,23.62,24.36,23.26,24.28,28991.95,69101.90864
301211.SZ,20260825,12.11,13.67,11.82,13.34,442065.29,566643.25768
301212.SZ,20260825,23.52,25.14,23.3,24.52,44075.12,106256.08788
301213.SZ,20260825,39.0,40.51,38.31,40.1,19900.79,79059.272
301215.SZ,20260825,5.31,5.4,5.3,5.36,143651.06,77059.79798
301216.SZ,20260825,19.13,19.2,17.79,18.2,427187.73,776921.03863
301217.SZ,20260825,110.0,111.8,106.0,110.53,238582.49,2603015.54503
301218.SZ,20260825,44.83,50.5,44.39,47.52,174893.37,837303.11655
301219.SZ,20260825,45.74,46.0,44.06,44.81,85722.02,384556.93001
301220.SZ,20260825,27.8,28.5,27.2,28.4,12439.43,34970.75456
301221.SZ,20260825,26.8,28.05,26.54,27.95,21235.0,58131.746
301222.SZ,20260825,23.93,24.85,23.45,24.63,21077.85,51020.24754
301223.SZ,20260825,16.15,16.79,16.06,16.74,27818.0,46028.298
301225.SZ,20260825,55.84,60.88,53.46,60.43,40431.86,231707.93284
301226.SZ,20260825,28.31,28.93,27.65,28.74,10417.97,29591.76784
301227.SZ,20260825,30.88,32.12,29.91,31.91,31414.8,98271.0192
301228.SZ,20260825,59.7,63.1,59.2,62.68,34169.64,211123.3872
301229.SZ,20260825,12.04,12.47,11.88,12.42,31692.99,38843.61756
301230.SZ,20260825,33.84,34.37,32.7,34.06,151217.63,509901.59528
301231.SZ,20260825,25.87,27.13,25.33,27.02,35752.58,95279.15865
301232.SZ,20260825,94.98,97.77,90.34,96.05,48335.43,456298.74266
301233.SZ,20260825,32.75,33.3,32.16,33.17,13578.52,44614.58096
301234.SZ,20260825,105.0,106.48,97.0,104.0,29507.35,305573.91444
301235.SZ,20260825,41.2,42.08,39.91,41.37,65376.85,268322.71309
301236.SZ,20260825,36.69,37.91,36.4,37.26,161592.26,603395.60523
301237.SZ,20260825,54.18,55.5,53.04,53.95,14486.08,78488.57688
301238.SZ,20260825,16.15,16.35,15.76,16.01,142311.91,227414.89426
301239.SZ,20260825,35.0,36.3,34.5,36.18,32356.76,115411.17401
301246.SZ,20260825,20.52,20.86,20.14,20.72,68021.4,139585.18164
301248.SZ,20260825,58.21,60.66,57.26,60.35,40694.0,241174.594
301251.SZ,20260825,47.27,47.64,45.72,46.96,63103.92,294049.27404
301252.SZ,20260825,32.81,34.98,32.2,34.74,35257.5,119486.4803
301255.SZ,20260825,20.25,21.0,20.06,20.9,10311.6,21292.2134
301256.SZ,20260825,9.9,10.13,9.85,10.08,27921.0,27932.21081
301257.SZ,20260825,44.38,46.86,43.9,46.33,40603.3,184372.72597
301258.SZ,20260825,25.8,26.25,25.1,26.17,14900.71,38469.73564
301259.SZ,20260825,22.2,22.73,21.75,22.67,44381.25,99061.33055
301260.SZ,20260825,13.18,13.7,13.11,13.65,17546.0,23603.181
301261.SZ,20260825,54.7,57.66,53.32,57.33,33039.11,184910.75547
301262.SZ,20260825,18.02,18.69,17.95,18.62,40297.5,74154.06345
301263.SZ,20260825,18.22,18.77,18.1,18.65,31273.22,57782.42942
301265.SZ,20260825,19.73,19.99,18.86,19.45,72884.0,141555.193
301266.SZ,20260825,22.61,23.39,22.1,23.22,34111.76,77706.67904
301267.SZ,20260825,15.88,16.24,15.74,16.24,40485.83,64997.53976
301268.SZ,20260825,13.17,13.53,13.03,13.49,23496.2,31368.00989
301269.SZ,20260825,90.33,92.86,89.01,92.4,45570.16,415051.37354
301270.SZ,20260825,31.78,32.49,31.31,32.36,22660.0,73026.85914
301272.SZ,20260825,33.9,35.09,33.61,34.95,5670.41,19585.54485
301273.SZ,20260825,39.6,41.05,38.68,40.72,20121.67,80303.72797
301275.SZ,20260825,42.36,43.2,41.75,42.7,51200.42,217480.07294
301276.SZ,20260825,20.1,20.4,19.29,20.18,24480.5,48860.52022
301277.SZ,20260825,10.22,10.68,10.13,10.6,58633.36,61433.8448
301278.SZ,20260825,27.83,28.24,27.2,28.1,8977.3,24967.54081
301279.SZ,20260825,20.96,21.54,20.65,21.5,18883.75,40014.40402
301280.SZ,20260825,43.9,44.76,42.65,44.59,27321.59,119326.91308
301281.SZ,20260825,43.93,44.9,42.11,44.73,21854.93,95339.61439
301282.SZ,20260825,33.2,34.54,32.0,34.0,186125.79,623217.43338
301283.SZ,20260825,25.34,25.87,25.03,25.75,10450.71,26656.84711
301285.SZ,20260825,90.99,90.99,83.5,87.12,40936.99,354146.7316
301286.SZ,20260825,43.07,44.66,41.28,44.46,15997.0,69437.99
301287.SZ,20260825,40.88,41.76,40.09,41.49,9083.5,37169.992
301288.SZ,20260825,16.68,17.25,16.57,17.18,10939.0,18599.688
301289.SZ,20260825,42.9,44.36,42.9,44.21,7126.38,31265.80048
301290.SZ,20260825,28.15,29.45,27.84,29.31,26219.86,75917.27744
301291.SZ,20260825,36.81,38.61,36.59,37.84,55435.43,208315.52814
301292.SZ,20260825,65.2,65.8,63.15,65.21,72257.95,466112.56605
301293.SZ,20260825,50.97,52.2,50.88,51.5,61767.49,317911.12387
301295.SZ,20260825,36.99,39.32,36.3,38.5,20444.38,77346.59752
301296.SZ,20260825,6.26,6.45,6.25,6.44,27644.0,17655.242
301297.SZ,20260825,34.85,35.4,33.5,35.08,169563.85,585236.30535
301298.SZ,20260825,12.76,13.12,12.63,13.11,14858.76,19224.4265
301299.SZ,20260825,42.5,44.36,42.5,44.21,12475.05,54619.93705
301300.SZ,20260825,31.84,32.78,31.5,32.56,6045.3,19501.4872
301301.SZ,20260825,8.57,8.9,8.51,8.86,150004.75,131965.24629
301302.SZ,20260825,20.28,21.0,20.03,20.81,37602.87,77264.61441
301303.SZ,20260825,14.02,14.24,13.9,14.16,35965.0,50764.6962
301305.SZ,20260825,24.0,24.65,23.6,24.55,38645.49,93110.007
301306.SZ,20260825,85.98,89.95,83.25,88.54,25370.94,220341.79117
301307.SZ,20260825,52.08,53.8,50.51,52.55,105863.83,553342.77502
301308.SZ,20260825,360.0,372.65,353.88,369.66,95741.34,3483171.82341
301309.SZ,20260825,29.55,29.99,29.05,29.84,8731.0,25854.391
301310.SZ,20260825,49.28,49.28,46.99,48.73,39497.1,189793.7247
301311.SZ,20260825,13.35,13.85,13.33,13.81,20523.0,28128.878
301312.SZ,20260825,69.36,74.61,67.63,73.5,78336.64,565802.39507
301313.SZ,20260825,32.93,33.65,31.87,33.4,35798.31,117680.82039
301314.SZ,20260825,42.04,43.88,41.58,43.68,6345.26,27305.1163
301315.SZ,20260825,38.88,40.22,38.53,40.03,18736.4,74289.60604
301316.SZ,20260825,37.49,39.1,36.94,38.7,97884.38,373917.50204
301317.SZ,20260825,42.42,45.25,41.41,44.9,33393.49,146231.40616
301318.SZ,20260825,20.36,21.1,20.13,21.02,13300.32,27610.91816
301319.SZ,20260825,99.94,103.5,95.6,101.22,94010.36,934150.8956
301320.SZ,20260825,13.02,13.87,13.02,13.78,32736.0,44514.054
301321.SZ,20260825,40.0,42.28,39.43,41.98,114690.74,471753.75394
301322.SZ,20260825,39.39,40.96,38.65,40.75,36614.54,147292.65858
301323.SZ,20260825,68.18,69.88,66.62,68.0,13778.0,93642.53647
301325.SZ,20260825,30.07,30.78,29.61,30.67,14892.92,44966.11724
301326.SZ,20260825,104.73,113.25,102.58,110.34,19835.15,214218.45398
301327.SZ,20260825,44.01,44.75,43.4,44.41,17457.8,76808.6425
301328.SZ,20260825,56.6,57.4,54.5,55.17,27892.24,156047.98989
301329.SZ,20260825,18.65,19.33,18.07,19.17,43268.61,81239.40067
301330.SZ,20260825,23.55,24.23,23.25,24.03,17350.73,41465.97312
301331.SZ,20260825,21.85,22.56,21.64,22.33,21739.48,48135.72272
301332.SZ,20260825,7.74,8.0,7.72,7.98,45081.0,35798.709
301333.SZ,20260825,54.65,57.4,53.21,56.8,31226.91,172230.54892
301335.SZ,20260825,24.3,25.48,24.24,25.12,30311.5,75707.15949
301336.SZ,20260825,40.77,41.66,40.26,41.41,9416.1,38774.4018
301337.SZ,20260825,25.8,26.27,25.02,26.17,9415.0,24376.093
301338.SZ,20260825,96.7,99.66,93.42,97.49,40639.2,391362.85856
301339.SZ,20260825,10.88,11.16,10.82,11.12,29167.4,32192.48705
301345.SZ,20260825,240.01,244.87,238.08,241.0,6305.0,152445.15872
301348.SZ,20260825,20.3,20.96,19.86,20.84,63654.15,130242.43554
301349.SZ,20260825,43.04,43.34,40.5,42.86,49832.56,209185.18858
301353.SZ,20260825,18.69,19.55,18.69,19.48,13507.53,25941.09584
301355.SZ,20260825,9.97,10.3,9.81,10.27,24275.95,24639.8377
301356.SZ,20260825,19.51,19.92,19.18,19.82,16187.82,31816.88452
301357.SZ,20260825,85.0,93.1,84.08,89.99,66166.99,595775.0343
301358.SZ,20260825,65.0,65.65,61.81,62.54,224854.36,1416413.9681
301359.SZ,20260825,16.85,17.8,16.71,17.6,27305.05,47431.1156
301360.SZ,20260825,54.16,55.74,52.88,54.5,34040.61,185478.84424
301361.SZ,20260825,26.52,27.15,25.96,27.06,10223.0,27379.264
301362.SZ,20260825,111.92,115.77,108.1,113.94,36573.37,409350.61466
301363.SZ,20260825,16.14,16.68,16.05,16.66,103035.05,169249.70397
301365.SZ,20260825,39.18,40.1,37.89,39.7,38176.14,150173.17624
301366.SZ,20260825,54.02,55.68,53.01,54.97,61384.34,334075.63643
301367.SZ,20260825,42.8,43.85,42.06,43.66,8873.92,38122.21748
301368.SZ,20260825,38.03,40.37,38.03,39.9,16974.47,67040.08287
301369.SZ,20260825,128.02,131.08,122.0,129.67,19513.16,247585.0672
301370.SZ,20260825,8.71,8.98,8.65,8.94,30745.19,27255.55762
301371.SZ,20260825,21.09,21.72,20.97,21.66,61813.05,132673.65928
301372.SZ,20260825,29.08,30.3,28.9,30.18,7503.0,22310.291
301373.SZ,20260825,91.78,96.5,89.08,94.99,47849.39,443789.14325
301376.SZ,20260825,20.58,21.03,20.27,21.02,34323.0,71612.108
301377.SZ,20260825,388.88,404.4,386.01,392.6,28301.51,1113452.86699
301378.SZ,20260825,24.13,24.97,23.87,24.85,21155.42,51963.05238
301379.SZ,20260825,21.19,21.83,20.66,21.65,109909.06,233774.51256
301380.SZ,20260825,29.48,31.07,29.21,30.74,39870.6,120843.9873
301381.SZ,20260825,23.58,23.88,22.84,23.3,42514.19,98955.87936
301382.SZ,20260825,39.06,40.15,37.9,39.16,86607.76,337640.92153
301383.SZ,20260825,21.88,23.51,21.8,23.36,28508.13,65405.64411
301386.SZ,20260825,20.07,20.58,19.9,20.46,8596.0,17529.649
301387.SZ,20260825,55.79,56.74,53.28,55.97,20605.42,113309.2423
301388.SZ,20260825,23.34,24.49,23.34,24.4,8786.58,21165.84048
301389.SZ,20260825,49.8,52.91,49.0,52.1,96398.94,492015.92984
301390.SZ,20260825,31.81,31.9,30.23,31.72,8125.0,25398.305
301391.SZ,20260825,45.56,47.14,45.08,46.56,10130.3,46836.91821
301392.SZ,20260825,171.49,172.66,161.0,170.92,43995.83,740441.34913
301393.SZ,20260825,60.32,61.29,55.64,61.07,38993.33,228536.51137
301395.SZ,20260825,12.11,12.49,11.99,12.42,25417.21,31220.84334
301396.SZ,20260825,170.07,175.45,165.19,172.94,111547.56,1904251.19956
301397.SZ,20260825,25.16,25.99,24.87,25.43,42352.55,107676.10166
301398.SZ,20260825,30.73,34.5,30.73,32.0,57315.08,187696.18524
301399.SZ,20260825,17.06,17.57,16.86,17.43,35107.52,60780.56147
301408.SZ,20260825,14.85,15.49,14.5,15.38,119897.63,179876.6239
301413.SZ,20260825,59.46,61.57,58.08,60.92,30359.04,182032.88465
301418.SZ,20260825,36.01,36.66,35.38,36.27,20012.0,72176.86894
301419.SZ,20260825,41.72,42.2,37.68,39.0,119448.3,464818.21154
301421.SZ,20260825,75.55,76.96,72.85,76.43,34178.2,256564.85558
301428.SZ,20260825,27.36,28.23,27.14,28.05,17193.0,47859.083
301429.SZ,20260825,17.17,17.63,17.05,17.55,11479.42,20021.6671
301439.SZ,20260825,14.6,15.22,14.46,15.19,56090.24,83879.73472
301446.SZ,20260825,35.27,35.27,33.4,34.99,12393.5,42364.1635
301448.SZ,20260825,42.34,45.5,41.61,45.06,32762.66,141964.05684
301449.SZ,20260825,44.25,47.99,43.2,46.91,58340.4,264561.02373
301456.SZ,20260825,22.82,23.39,22.75,23.38,14302.0,33092.388
301458.SZ,20260825,35.94,37.05,34.94,36.54,46535.38,167909.48946
301459.SZ,20260825,32.0,32.47,31.25,31.75,17823.24,56768.2653
301468.SZ,20260825,33.69,33.75,32.53,33.52,38821.12,128870.1012
301469.SZ,20260825,28.39,29.44,28.29,29.17,10884.23,31609.26537
301479.SZ,20260825,47.62,50.4,46.67,49.3,20534.23,99630.96315
301486.SZ,20260825,165.0,172.88,162.66,171.61,36125.29,609249.68394
301487.SZ,20260825,16.58,16.85,15.99,16.4,180367.95,294192.35025
301488.SZ,20260825,95.9,99.74,95.0,99.1,10361.4,101486.90132
301489.SZ,20260825,114.0,119.65,109.8,117.99,95588.41,1103439.76546
301491.SZ,20260825,38.75,39.16,38.24,39.07,4887.27,19012.93618
301498.SZ,20260825,37.77,39.11,37.71,38.92,41185.02,158874.06097
301499.SZ,20260825,24.06,25.0,23.77,24.89,14456.44,35463.11154
301500.SZ,20260825,23.11,23.56,21.92,22.28,121969.05,274084.67711
301501.SZ,20260825,27.62,28.17,27.56,28.15,7243.56,20298.02878
301502.SZ,20260825,50.15,52.19,49.0,51.9,7178.24,36470.48112
301503.SZ,20260825,21.69,22.51,21.47,22.43,9610.6,21329.9443
301505.SZ,20260825,15.8,16.1,15.17,16.0,45659.2,71871.032
301507.SZ,20260825,12.66,12.94,12.51,12.9,24602.45,31468.1272
301508.SZ,20260825,24.11,24.62,23.9,24.48,25932.78,63260.7545
301509.SZ,20260825,29.18,30.33,28.73,30.18,32350.02,95617.3091
301510.SZ,20260825,25.5,26.44,25.14,26.27,50992.92,131956.59264
301511.SZ,20260825,81.32,82.88,77.0,81.48,374969.75,2994433.77564
301512.SZ,20260825,30.82,33.25,30.5,32.85,19397.9,62305.45036
301513.SZ,20260825,47.88,49.3,47.6,49.05,10614.9,51557.36918
301515.SZ,20260825,19.04,19.96,18.91,19.88,14100.0,27658.446
301516.SZ,20260825,23.76,23.82,22.68,23.47,133240.92,308829.25901
301517.SZ,20260825,36.9,38.07,35.82,37.95,25685.0,95102.621
301518.SZ,20260825,24.63,25.49,24.55,25.36,19055.16,47958.90482
301519.SZ,20260825,12.0,12.37,11.91,12.33,21958.0,26815.381
301520.SZ,20260825,76.5,83.26,74.0,82.33,127760.57,1017688.52199
301522.SZ,20260825,22.35,23.08,22.2,23.02,33736.0,77056.331
301525.SZ,20260825,38.66,39.48,38.01,39.12,8524.4,33130.6998
301526.SZ,20260825,29.55,30.94,28.87,30.15,1069712.42,3193035.85277
301528.SZ,20260825,54.63,55.79,53.34,54.7,10527.78,57297.74118
301529.SZ,20260825,109.43,117.78,105.0,117.01,39397.28,438202.90633
301531.SZ,20260825,48.35,49.25,47.28,48.71,15070.16,72854.2076
301533.SZ,20260825,26.63,27.45,26.35,27.45,8738.0,23690.114
301535.SZ,20260825,14.35,14.46,13.96,14.42,22105.86,31432.39736
301536.SZ,20260825,113.18,115.33,108.71,114.18,108798.93,1225499.33798
301538.SZ,20260825,36.61,38.57,36.39,38.46,18654.31,70289.5198
301539.SZ,20260825,14.46,14.86,14.36,14.86,12151.82,17837.5534
301548.SZ,20260825,60.32,61.74,58.52,61.32,11959.99,72237.74067
301550.SZ,20260825,86.74,86.87,82.65,85.8,74565.34,630861.01895
301551.SZ,20260825,19.45,20.11,19.4,20.05,45181.71,89427.33123
301552.SZ,20260825,25.4,25.84,24.7,25.55,20867.28,52763.59145
301555.SZ,20260825,30.59,32.8,30.0,32.49,30064.89,95744.8023
301556.SZ,20260825,55.81,58.1,55.81,57.91,15163.06,87089.93872
301557.SZ,20260825,86.81,87.36,84.82,85.87,10462.48,90052.31297
301558.SZ,20260825,6.47,6.69,6.44,6.69,56478.49,37327.03185
301559.SZ,20260825,12.86,13.06,12.73,13.02,13323.3,17295.8515
301560.SZ,20260825,22.32,23.16,22.01,23.03,12531.4,28504.016
301563.SZ,20260825,118.5,121.49,116.27,120.57,10619.93,126678.76052
301565.SZ,20260825,19.99,20.25,19.7,20.2,58023.54,116003.31301
301566.SZ,20260825,24.19,25.1,23.49,24.81,137848.36,336432.45088
301567.SZ,20260825,34.85,37.08,34.85,36.94,12398.87,44828.62271
301568.SZ,20260825,69.1,71.5,66.34,71.15,32117.24,222426.98884
301571.SZ,20260825,64.87,65.38,62.93,64.39,19554.14,125611.68603
301575.SZ,20260825,25.74,27.2,25.5,26.96,15282.23,40779.42055
301577.SZ,20260825,54.33,56.93,53.5,56.65,12466.0,68871.023
301578.SZ,20260825,22.19,23.19,22.19,23.11,8082.35,18515.22783
301580.SZ,20260825,48.13,51.5,47.88,50.9,56651.8,282032.3024
301581.SZ,20260825,37.0,37.01,35.75,36.94,7031.0,25670.8438
301583.SZ,20260825,122.41,125.7,120.13,123.07,40986.97,502987.80756
301584.SZ,20260825,21.15,21.8,21.03,21.77,22554.95,48609.95345
301585.SZ,20260825,26.82,26.82,25.9,26.46,7547.0,19859.4505
301586.SZ,20260825,30.48,31.47,30.38,31.32,6624.54,20546.52908
301587.SZ,20260825,20.89,21.75,20.89,21.63,30787.3,66163.05005
301588.SZ,20260825,26.56,28.24,26.2,27.99,40812.0,112157.338
301589.SZ,20260825,138.0,142.13,138.0,140.66,8133.69,114103.5778
301590.SZ,20260825,71.0,73.24,70.3,72.59,6576.06,47387.65844
301591.SZ,20260825,36.85,41.43,35.88,39.82,148488.15,580159.25462
301592.SZ,20260825,101.8,104.44,100.54,103.72,6607.62,67876.81784
301595.SZ,20260825,38.96,39.48,38.14,39.09,6198.96,24125.125
301596.SZ,20260825,46.0,47.25,45.31,46.76,12610.62,58530.95682
301598.SZ,20260825,54.9,54.9,50.61,53.1,29536.73,156462.63513
301599.SZ,20260825,34.7,35.17,32.93,33.71,71597.73,242014.1638
301600.SZ,20260825,83.13,86.33,83.01,86.15,7212.0,61523.47503
301601.SZ,20260825,15.84,16.5,15.81,16.44,28458.0,46359.095
301602.SZ,20260825,16.09,16.69,15.86,16.61,66651.83,109111.87147
301603.SZ,20260825,119.56,124.2,117.25,120.71,40892.0,494968.52728
301606.SZ,20260825,52.83,56.0,51.39,55.1,85928.96,466130.64688
301607.SZ,20260825,41.94,42.4,40.38,41.9,73214.2,303545.23522
301608.SZ,20260825,45.57,46.55,45.01,46.12,9278.08,42554.48233
301609.SZ,20260825,32.68,33.35,32.22,33.25,19151.37,63141.24929
301611.SZ,20260825,100.48,101.56,94.24,99.34,119852.94,1173131.12273
301613.SZ,20260825,35.05,35.98,34.73,35.88,13600.24,48256.28
301616.SZ,20260825,34.45,35.55,34.06,35.52,5563.49,19447.57562
301617.SZ,20260825,48.1,50.86,46.38,50.05,28679.51,140162.12455
301618.SZ,20260825,32.01,32.59,31.51,32.39,13301.8,42752.954
301622.SZ,20260825,39.6,40.56,38.81,40.11,20570.16,81848.91696
301626.SZ,20260825,247.45,266.87,242.24,258.67,22018.5,561724.31018
301628.SZ,20260825,87.01,91.4,85.0,90.52,19379.84,172028.892
301629.SZ,20260825,245.0,260.7,240.02,255.9,11461.68,289196.05802
301630.SZ,20260825,160.0,165.34,154.6,164.01,11415.63,182996.01402
301631.SZ,20260825,59.02,62.3,58.69,61.75,32917.67,199189.51267
301632.SZ,20260825,13.35,13.46,13.28,13.43,29881.13,39996.31557
301633.SZ,20260825,54.58,57.88,54.14,56.45,11470.86,64964.66052
301636.SZ,20260825,39.62,40.39,39.18,40.11,7375.72,29446.94068
301638.SZ,20260825,21.85,22.38,21.81,22.36,59000.4,130772.03787
301655.SZ,20260825,25.38,28.6,25.02,26.6,207829.95,564623.70094
301656.SZ,20260825,15.6,15.6,14.66,15.32,111315.61,167265.37386
301658.SZ,20260825,23.54,23.81,23.1,23.7,59436.89,139642.68622
301662.SZ,20260825,70.06,73.45,69.48,70.44,36240.66,257526.57992
301665.SZ,20260825,24.2,25.02,24.05,24.51,38998.13,95649.21889
301666.SZ,20260825,395.15,403.15,383.06,396.0,18171.62,715433.43411
301667.SZ,20260825,61.64,64.2,60.58,63.93,20100.66,126026.04538
301668.SZ,20260825,33.67,34.4,33.2,34.32,9344.45,31605.04367
301669.SZ,20260825,27.5,28.25,26.8,28.11,41514.63,114846.41202
301677.SZ,20260825,53.3,54.19,52.84,54.02,16820.1,90311.23887
301678.SZ,20260825,43.6,44.56,42.73,44.36,19561.82,85672.8661
301680.SZ,20260825,95.84,98.18,94.2,96.6,11578.02,111441.75415
301682.SZ,20260825,109.01,109.65,105.7,109.14,15319.92,165448.42126
301683.SZ,20260825,98.98,99.83,96.52,99.69,5450.02,53665.15906
301687.SZ,20260825,46.87,50.49,46.75,50.08,33901.6,166934.66933
301696.SZ,20260825,96.0,97.43,94.11,96.63,13604.82,130479.86176
301707.SZ,20260825,77.0,79.39,76.5,78.33,37140.63,289774.50841
301717.SZ,20260825,373.0,389.98,362.94,375.8,35815.12,1355214.34746
302132.SZ,20260825,56.5,56.98,55.9,56.08,42954.99,241679.82557
600000.SH,20260825,9.24,9.28,9.06,9.08,881756.24,804478.557
600004.SH,20260825,7.45,7.59,7.44,7.53,95489.0,72034.617
600006.SH,20260825,5.3,5.39,5.28,5.37,138544.92,74256.157
600007.SH,20260825,18.9,19.07,18.77,18.77,18474.0,34832.805
600008.SH,20260825,2.83,2.87,2.83,2.86,479137.85,136878.723
600009.SH,20260825,23.16,23.52,23.11,23.38,86899.75,203215.813
600010.SH,20260825,2.24,2.28,2.23,2.25,3787158.64,851874.075
600011.SH,20260825,6.63,6.69,6.61,6.69,455091.3,303195.273
600012.SH,20260825,16.26,16.58,16.16,16.39,55785.22,91480.693
600015.SH,20260825,6.85,6.89,6.71,6.75,1082133.71,735303.636
600016.SH,20260825,3.51,3.53,3.48,3.5,2227333.54,780609.665
600017.SH,20260825,2.68,2.72,2.67,2.7,316384.01,85492.033
600018.SH,20260825,5.22,5.27,5.19,5.24,412142.0,215596.875
600019.SH,20260825,5.86,5.9,5.83,5.85,840669.2,492487.532
600020.SH,20260825,3.78,3.82,3.77,3.8,147746.04,56154.878
600021.SH,20260825,13.53,13.84,13.47,13.7,217443.72,297588.645
600022.SH,20260825,1.32,1.34,1.31,1.34,683533.96,91066.685
600023.SH,20260825,4.87,4.92,4.84,4.89,315048.92,153924.46
600025.SH,20260825,9.72,9.84,9.66,9.79,317395.14,309720.679
600026.SH,20260825,19.37,19.43,18.73,19.04,570147.41,1081345.923
600027.SH,20260825,4.53,4.62,4.53,4.6,596223.59,273598.443
600028.SH,20260825,5.33,5.4,5.31,5.36,3025686.23,1623479.532
600029.SH,20260825,5.02,5.06,5.01,5.06,398770.42,201157.484
600030.SH,20260825,27.28,27.33,27.05,27.15,628597.42,1705382.681
600031.SH,20260825,18.71,18.95,18.6,18.95,387263.07,727848.033
600032.SH,20260825,6.76,6.84,6.7,6.83,119375.0,81220.83
600033.SH,20260825,3.52,3.55,3.48,3.51,309128.0,108425.3
600035.SH,20260825,3.36,3.4,3.36,3.4,91539.17,30996.056
600036.SH,20260825,39.7,39.92,39.42,39.5,634183.22,2512181.928
600037.SH,20260825,6.87,7.08,6.86,7.05,149091.3,104481.043
600038.SH,20260825,26.92,27.24,26.88,27.2,57929.18,156740.882
600039.SH,20260825,8.57,8.69,8.53,8.58,112150.5,96415.577
600048.SH,20260825,5.05,5.15,5.04,5.11,926042.62,472892.57
600050.SH,20260825,4.25,4.34,4.24,4.33,1415697.46,610075.6
600051.SH,20260825,6.23,6.35,6.16,6.34,56600.0,35501.954
600052.SH,20260825,3.81,3.92,3.8,3.9,92830.0,35942.859
600053.SH,20260825,7.15,7.76,7.12,7.76,42075.0,31431.482
600054.SH,20260825,11.19,11.42,11.15,11.34,103996.03,117758.84
600055.SH,20260825,10.82,11.18,10.75,11.13,51824.0,57115.279
600056.SH,20260825,9.16,9.44,9.13,9.41,194706.3,181722.067
600057.SH,20260825,6.12,6.24,6.12,6.16,171052.03,105623.079
600058.SH,20260825,10.22,10.25,9.9,10.01,97350.82,97583.293
600059.SH,20260825,8.07,8.15,8.04,8.14,100336.0,81392.746
600060.SH,20260825,25.34,26.44,25.34,26.18,108517.0,283124.705
600061.SH,20260825,6.26,6.31,6.25,6.31,196174.49,123487.807
600062.SH,20260825,15.76,16.05,15.75,16.01,66618.0,106008.224
600063.SH,20260825,5.62,5.72,5.6,5.68,283488.43,160476.615
600064.SH,20260825,7.62,7.7,7.57,7.68,149297.72,114321.183
600066.SH,20260825,30.49,30.8,29.84,29.99,129191.57,389815.065
600067.SH,20260825,2.75,2.86,2.73,2.84,164458.55,46356.81
600071.SH,20260825,15.41,15.77,15.41,15.72,15958.0,24987.845
600072.SH,20260825,8.62,8.81,8.59,8.79,122570.0,107149.415
600073.SH,20260825,5.27,5.4,5.24,5.37,122708.37,65686.153
600075.SH,20260825,4.63,4.73,4.6,4.66,220534.0,103220.929
600076.SH,20260825,3.09,3.16,3.07,3.15,135886.1,42691.41
600078.SH,20260825,10.65,11.05,10.49,10.84,206243.1,223345.347
600079.SH,20260825,17.85,18.02,17.81,18.02,54203.0,97233.513
600080.SH,20260825,4.66,4.87,4.66,4.82,24795.0,11863.659
600081.SH,20260825,9.95,10.21,9.95,10.14,28698.29,29035.033
600082.SH,20260825,2.81,3.03,2.8,2.95,105021.0,30776.702
600084.SH,20260825,4.12,4.25,4.12,4.21,47717.0,19938.935
600085.SH,20260825,23.84,24.3,23.79,24.25,60104.49,144861.197
600088.SH,20260825,11.3,11.59,11.27,11.55,34786.2,39982.459
600089.SH,20260825,19.01,19.17,18.81,19.0,549324.11,1043977.784
600094.SH,20260825,3.81,4.06,3.79,4.02,220852.0,87517.783
600095.SH,20260825,7.78,7.89,7.77,7.88,166830.86,130951.456
600096.SH,20260825,30.2,30.68,29.61,29.78,401334.2,1209501.543
600097.SH,20260825,8.49,8.78,8.49,8.75,27721.0,24153.465
600098.SH,20260825,6.29,6.34,6.25,6.28,145014.0,91411.428
600099.SH,20260825,9.04,9.28,8.94,9.21,29560.0,26989.972
600100.SH,20260825,6.58,6.74,6.57,6.71,179962.57,120219.759
600101.SH,20260825,7.86,7.95,7.81,7.94,66498.4,52551.059
600103.SH,20260825,2.86,3.15,2.83,3.15,1661321.13,513461.546
600104.SH,20260825,10.23,10.32,10.19,10.31,350414.36,359628.424
600105.SH,20260825,36.99,39.63,36.56,38.48,1129524.32,4314972.769
600106.SH,20260825,4.29,4.3,4.17,4.27,154258.37,65322.122
600107.SH,20260825,5.8,5.89,5.79,5.88,14378.0,8402.202
600108.SH,20260825,3.23,3.42,3.22,3.37,1411295.7,474120.109
600109.SH,20260825,8.54,8.64,8.49,8.54,138804.0,118469.27
600110.SH,20260825,10.78,11.38,10.43,11.25,2327203.81,2525648.047
600111.SH,20260825,40.0,40.84,39.51,39.85,383304.22,1531977.636
600113.SH,20260825,29.4,29.85,29.07,29.72,41778.0,123718.484
600114.SH,20260825,29.31,29.64,28.5,29.41,132687.06,387907.893
600115.SH,20260825,3.47,3.56,3.46,3.53,1343161.69,471520.715
600116.SH,20260825,6.26,6.37,6.25,6.27,166009.3,104524.388
600117.SH,20260825,2.24,2.28,2.23,2.27,114693.0,25974.567
600118.SH,20260825,58.86,60.4,58.02,60.24,229550.19,1366423.842
600119.SH,20260825,4.67,4.77,4.61,4.75,21569.0,10149.234
600120.SH,20260825,4.74,4.83,4.73,4.82,243654.23,116919.756
600121.SH,20260825,4.02,4.4,4.02,4.18,1382574.07,581110.126
600123.SH,20260825,7.3,7.44,7.25,7.26,243479.81,178570.566
600125.SH,20260825,5.41,5.47,5.39,5.44,142112.87,77243.224
600126.SH,20260825,6.87,6.89,6.61,6.81,564057.74,379655.408
600127.SH,20260825,8.46,9.31,8.46,9.31,2962935.21,2715416.625
600128.SH,20260825,8.18,8.42,8.13,8.41,36505.0,30370.797
600129.SH,20260825,14.07,14.72,14.03,14.66,161660.87,234320.129
600130.SH,20260825,4.27,4.39,4.18,4.36,226429.01,97269.968
600131.SH,20260825,14.93,15.15,14.81,14.88,69138.96,103109.616
600132.SH,20260825,39.5,39.95,39.5,39.71,35745.0,141751.403
600133.SH,20260825,8.22,8.32,8.12,8.26,111773.48,91876.849
600135.SH,20260825,7.11,7.38,7.11,7.34,58660.0,42749.789
600136.SH,20260825,1.42,1.47,1.42,1.46,94415.0,13658.552
600137.SH,20260825,17.86,18.29,17.58,18.26,13526.0,24463.364
600138.SH,20260825,6.96,7.14,6.94,7.13,108541.23,76971.858
600141.SH,20260825,30.0,30.47,29.3,29.52,317886.65,945920.826
600143.SH,20260825,14.39,14.39,14.09,14.12,283358.45,403574.833
600148.SH,20260825,15.17,15.75,15.1,15.73,18247.0,28295.033
600149.SH,20260825,4.86,5.02,4.82,5.0,95440.0,47236.669
600150.SH,20260825,33.73,34.08,33.58,33.84,425124.03,1435938.642
600151.SH,20260825,9.74,10.34,9.67,10.21,327343.06,329169.981
600152.SH,20260825,8.0,8.37,7.91,8.28,300410.0,243975.296
600153.SH,20260825,8.77,8.87,8.75,8.78,119859.01,105372.079
600155.SH,20260825,5.78,5.98,5.76,5.94,285471.74,168367.64
600156.SH,20260825,7.84,8.25,7.78,8.23,110031.0,88919.498
600157.SH,20260825,1.56,1.58,1.56,1.57,2702084.03,424374.088
600158.SH,20260825,6.81,7.07,6.79,7.04,234112.79,163281.447
600159.SH,20260825,2.49,2.6,2.47,2.6,180177.0,46141.711
600160.SH,20260825,37.46,38.2,36.99,37.92,289253.57,1089821.526
600161.SH,20260825,11.93,12.33,11.92,12.32,140766.82,171631.331
600162.SH,20260825,4.02,4.47,4.02,4.32,1946599.63,828161.82
600163.SH,20260825,4.89,4.99,4.89,4.98,101178.12,50178.773
600166.SH,20260825,2.83,2.88,2.82,2.86,902057.93,257470.252
600167.SH,20260825,5.62,5.73,5.61,5.7,60573.0,34445.451
600168.SH,20260825,4.37,4.43,4.37,4.42,39287.0,17344.685
600169.SH,20260825,2.05,2.07,2.03,2.05,102573.0,21021.659
600170.SH,20260825,2.24,2.29,2.24,2.28,1064955.74,241665.002
600171.SH,20260825,22.02,22.49,21.78,22.44,92223.83,204825.778
600172.SH,20260825,12.3,13.99,12.14,13.99,1852096.49,2449812.112
600173.SH,20260825,5.98,6.16,5.95,6.13,48057.07,29262.577
600176.SH,20260825,38.61,40.64,37.83,39.79,1679290.2,6567402.894
600177.SH,20260825,8.0,8.05,7.83,7.9,262592.27,207430.906
600178.SH,20260825,9.3,9.55,9.2,9.55,89215.07,84672.487
600179.SH,20260825,4.43,4.43,4.37,4.4,343797.35,151414.807
600180.SH,20260825,1.52,1.56,1.51,1.53,156420.0,24022.482
600182.SH,20260825,13.26,13.66,13.22,13.61,19690.59,26578.758
600183.SH,20260825,124.0,132.0,122.05,129.0,635339.58,8137042.198
600184.SH,20260825,17.01,17.83,16.83,17.56,89163.02,154940.126
600185.SH,20260825,4.49,4.67,4.49,4.67,224615.0,103544.901
600186.SH,20260825,10.99,11.7,10.8,11.55,1925810.0,2196288.174
600187.SH,20260825,1.34,1.36,1.33,1.35,214595.0,28814.308
600188.SH,20260825,21.8,22.66,21.42,21.71,491512.68,1080464.485
600189.SH,20260825,7.33,7.65,7.3,7.5,115674.9,87151.898
600191.SH,20260825,10.93,11.89,10.8,11.63,213960.09,244239.579
600192.SH,20260825,6.94,7.05,6.79,7.03,85863.46,60006.974
600195.SH,20260825,6.67,6.83,6.67,6.83,61493.41,41728.691
600196.SH,20260825,22.72,23.05,22.51,23.02,230532.63,526735.205
600197.SH,20260825,9.92,10.12,9.92,10.06,46733.1,47009.817
600198.SH,20260825,7.65,7.97,7.65,7.87,343534.37,270499.469
600199.SH,20260825,6.9,7.07,6.9,7.03,124147.51,86737.722
600201.SH,20260825,12.38,12.67,12.28,12.67,157971.67,196813.481
600202.SH,20260825,4.99,5.16,4.93,5.15,72801.0,37104.802
600203.SH,20260825,9.75,10.46,9.71,10.44,310548.68,317281.838
600206.SH,20260825,51.21,53.95,50.2,51.15,800610.67,4131338.745
600207.SH,20260825,4.34,4.43,4.26,4.41,149018.0,65246.479
600208.SH,20260825,2.87,2.92,2.86,2.92,474144.0,137448.128
600210.SH,20260825,6.05,6.09,6.02,6.08,88388.0,53687.83
600211.SH,20260825,37.85,38.58,37.66,38.54,48217.3,184584.936
600212.SH,20260825,5.85,6.14,5.71,6.08,264808.56,158810.348
600215.SH,20260825,6.39,6.58,6.36,6.51,56958.0,36964.296
600216.SH,20260825,12.49,13.02,12.32,12.87,311958.34,398819.69
600217.SH,20260825,3.12,3.2,3.1,3.2,126678.48,40203.999
600218.SH,20260825,7.5,7.76,7.47,7.75,50086.17,38479.713
600219.SH,20260825,4.81,4.84,4.73,4.81,1425590.16,682953.258
600221.SH,20260825,1.3,1.31,1.29,1.31,1786635.68,232573.305
600222.SH,20260825,7.56,8.02,7.48,7.98,288731.3,227008.977
600223.SH,20260825,5.64,5.97,5.59,5.78,227260.38,131492.017
600226.SH,20260825,5.96,6.03,5.65,5.97,1243088.29,726127.288
600227.SH,20260825,3.9,4.09,3.7,3.81,2227487.19,866589.495
600228.SH,20260825,8.25,8.5,8.08,8.32,240815.0,200919.086
600229.SH,20260825,5.05,5.2,5.05,5.18,40365.0,20806.124
600230.SH,20260825,14.31,14.69,14.21,14.37,92737.12,133873.445
600231.SH,20260825,1.68,1.76,1.68,1.75,265829.7,46036.904
600232.SH,20260825,6.36,6.59,6.32,6.55,50769.01,32844.369
600233.SH,20260825,17.35,17.43,16.82,16.91,198042.22,337446.421
600234.SH,20260825,20.98,21.0,20.19,20.66,21118.0,43481.684
600235.SH,20260825,5.69,5.83,5.65,5.82,55968.0,32259.785
600236.SH,20260825,9.88,9.9,9.74,9.89,71121.87,70059.608
600237.SH,20260825,8.0,8.32,7.87,8.25,197891.0,161254.964
600238.SH,20260825,5.15,5.15,4.86,4.86,53491.0,26622.298
600239.SH,20260825,1.44,1.45,1.41,1.43,187292.29,26729.284
600241.SH,20260825,7.26,7.5,7.24,7.48,42601.0,31495.057
600243.SH,20260825,3.71,3.75,3.66,3.74,53622.0,19866.583
600246.SH,20260825,11.06,11.54,10.85,11.5,775607.64,871727.112
600248.SH,20260825,2.87,2.94,2.86,2.92,191142.0,55786.998
600249.SH,20260825,5.18,5.36,5.18,5.35,63087.5,33452.383
600250.SH,20260825,9.49,10.07,9.42,9.51,444611.29,430866.951
600251.SH,20260825,10.1,10.53,10.1,10.39,192120.14,198712.202
600252.SH,20260825,2.17,2.28,2.15,2.26,577130.54,128872.191
600255.SH,20260825,3.23,3.31,3.2,3.3,519758.93,169928.109
600256.SH,20260825,6.14,6.3,6.14,6.17,1187229.08,738740.996
600257.SH,20260825,5.48,5.66,5.46,5.64,125552.0,70303.332
600258.SH,20260825,12.11,12.37,12.11,12.27,133077.54,163666.979
600259.SH,20260825,84.03,85.88,80.38,81.28,96875.75,797739.719
600261.SH,20260825,3.06,3.18,3.06,3.16,192702.52,60430.846
600262.SH,20260825,15.76,16.55,15.45,15.86,228916.65,363203.443
600265.SH,20260825,23.56,23.7,22.41,22.94,15022.0,34334.129
600266.SH,20260825,4.01,4.14,4.0,4.11,355615.49,145346.12
600267.SH,20260825,12.0,12.3,11.83,12.28,423954.67,512131.814
600268.SH,20260825,10.41,10.57,10.39,10.55,72973.09,76615.868
600269.SH,20260825,3.79,3.85,3.78,3.82,191651.0,73149.407
600271.SH,20260825,6.63,6.85,6.62,6.82,135303.68,91758.883
600272.SH,20260825,17.61,19.97,16.67,19.18,564432.3,1060646.325
600273.SH,20260825,6.51,6.66,6.49,6.57,187230.37,123659.425
600276.SH,20260825,46.53,46.88,46.22,46.49,770143.1,3583608.995
600278.SH,20260825,6.11,6.29,6.1,6.26,43749.0,27370.732
600279.SH,20260825,4.32,4.45,4.31,4.42,113263.2,49863.931
600280.SH,20260825,2.92,3.09,2.92,3.08,412577.39,125313.509
600281.SH,20260825,4.6,5.05,4.5,5.05,320462.15,158661.819
600282.SH,20260825,4.77,4.81,4.69,4.74,319794.0,151415.075
600283.SH,20260825,7.76,7.89,7.73,7.87,18799.0,14714.63
600284.SH,20260825,5.0,5.12,4.99,5.11,107896.21,54770.885
600285.SH,20260825,19.58,19.75,19.54,19.67,57447.86,113017.764
600287.SH,20260825,4.72,4.93,4.72,4.92,39367.0,19168.022
600288.SH,20260825,10.91,11.19,10.84,11.15,195031.0,215361.183
600289.SH,20260825,4.22,4.65,4.22,4.51,35380.0,15866.049
600292.SH,20260825,12.15,12.2,12.0,12.12,60120.69,72874.153
600293.SH,20260825,2.78,2.87,2.75,2.86,286681.38,81108.481
600295.SH,20260825,12.99,13.18,12.92,12.95,60959.63,79425.883
600298.SH,20260825,40.8,41.77,40.5,41.37,73422.18,303693.06
600299.SH,20260825,8.34,8.5,8.33,8.38,275502.6,232078.373
600300.SH,20260825,3.15,3.2,3.11,3.16,360634.84,113656.944
600301.SH,20260825,46.79,46.88,44.76,45.96,82109.01,375747.107
600302.SH,20260825,6.34,6.54,6.23,6.47,26461.0,16980.632
600303.SH,20260825,2.82,2.99,2.8,2.96,227663.83,66286.396
600305.SH,20260825,6.7,6.86,6.68,6.8,99911.4,67948.085
600307.SH,20260825,1.43,1.46,1.42,1.45,255530.0,36961.308
600308.SH,20260825,3.16,3.26,3.15,3.25,144591.4,46758.059
600309.SH,20260825,74.03,75.43,72.52,72.87,406064.64,2998733.819
600310.SH,20260825,4.07,4.19,4.06,4.17,323631.0,134283.563
600312.SH,20260825,20.08,20.26,19.9,20.06,140672.0,282309.796
600313.SH,20260825,6.62,7.3,6.62,7.01,1554720.79,1083427.54
600315.SH,20260825,18.29,18.63,18.22,18.34,97797.84,180156.935
600316.SH,20260825,29.11,29.37,28.45,28.9,75322.5,216473.729
600318.SH,20260825,6.42,6.6,6.42,6.59,125329.11,82044.182
600319.SH,20260825,6.15,6.4,6.15,6.33,87281.32,55170.507
600320.SH,20260825,4.05,4.14,4.04,4.12,394582.94,162214.413
600322.SH,20260825,2.58,2.68,2.57,2.67,191851.01,50714.905
600323.SH,20260825,29.79,30.1,29.57,29.73,37905.64,112855.851
600325.SH,20260825,2.24,2.36,2.23,2.35,983105.84,228262.692
600326.SH,20260825,7.05,7.14,6.99,7.14,181220.79,128137.555
600327.SH,20260825,4.02,4.11,3.98,4.08,243556.0,98921.976
600328.SH,20260825,6.35,6.47,6.33,6.45,160631.06,103330.711
600329.SH,20260825,35.6,36.23,35.6,36.08,18419.12,66387.242
600330.SH,20260825,25.48,28.68,25.42,27.41,1794574.41,4943651.358
600331.SH,20260825,13.05,13.05,12.28,12.37,500544.95,626962.198
600332.SH,20260825,20.11,20.23,19.98,20.22,82329.73,165942.427
600333.SH,20260825,6.25,6.34,6.24,6.28,69101.34,43445.208
600335.SH,20260825,5.03,5.22,5.03,5.2,338829.57,175171.049
600336.SH,20260825,6.02,6.26,5.99,6.24,76632.27,47308.739
600337.SH,20260825,3.18,3.3,3.17,3.29,185850.4,60425.11
600338.SH,20260825,13.91,13.98,13.36,13.63,411983.91,562506.671
600339.SH,20260825,3.37,3.44,3.37,3.41,413573.83,141121.074
600340.SH,20260825,1.08,1.09,1.07,1.09,232640.1,25194.726
600343.SH,20260825,17.6,18.32,17.44,18.18,141066.99,253736.368
600345.SH,20260825,46.7,49.38,45.7,48.0,122078.92,580329.587
600346.SH,20260825,18.72,19.04,18.18,18.3,318693.37,589632.638
600348.SH,20260825,9.04,9.19,8.95,8.97,304392.08,275367.835
600350.SH,20260825,10.75,10.99,10.69,10.9,165674.88,180099.648
600351.SH,20260825,6.75,7.02,6.74,7.0,244849.27,169734.224
600352.SH,20260825,12.81,13.0,12.53,12.66,396687.33,505494.566
600353.SH,20260825,35.46,36.95,34.9,35.31,829527.95,2962593.372
600354.SH,20260825,6.6,7.29,6.6,7.09,1169182.74,827298.655
600356.SH,20260825,8.76,9.12,8.76,9.02,58516.14,52620.69
600358.SH,20260825,4.99,5.11,4.94,5.08,35641.0,18016.326
600359.SH,20260825,6.49,6.9,6.49,6.81,228411.79,154293.688
600360.SH,20260825,10.25,10.45,10.0,10.36,392407.0,402084.428
600361.SH,20260825,3.7,3.74,3.67,3.72,369703.25,137311.99
600362.SH,20260825,45.77,45.77,43.59,44.15,542379.66,2403270.873
600363.SH,20260825,16.99,18.04,16.97,17.74,419608.76,737120.121
600365.SH,20260825,2.82,2.92,2.82,2.84,39495.0,11326.555
600366.SH,20260825,11.47,11.68,11.36,11.54,278463.97,320790.62
600367.SH,20260825,38.15,40.38,36.36,38.27,878200.69,3381717.669
600368.SH,20260825,4.05,4.15,4.05,4.14,442745.85,182545.656
600369.SH,20260825,4.01,4.05,4.01,4.03,224824.21,90670.329
600370.SH,20260825,1.47,1.53,1.46,1.52,217850.0,32896.894
600371.SH,20260825,7.72,8.67,7.72,8.67,476090.98,406261.427
600372.SH,20260825,10.8,10.9,10.74,10.88,144585.8,156558.816
600373.SH,20260825,6.95,7.16,6.94,7.12,101261.4,71846.077
600375.SH,20260825,3.69,3.84,3.66,3.82,227103.26,85975.426
600376.SH,20260825,3.2,3.43,3.2,3.35,602219.38,200905.68
600377.SH,20260825,12.16,12.36,12.15,12.25,113308.98,139032.265
600378.SH,20260825,42.51,44.2,42.01,43.34,372831.68,1604294.522
600379.SH,20260825,14.6,15.1,14.33,14.78,222029.29,326414.503
600380.SH,20260825,9.28,9.38,9.16,9.24,227898.39,210194.739
600381.SH,20260825,4.68,4.86,4.63,4.83,54653.14,26076.506
600382.SH,20260825,6.4,6.47,6.31,6.46,110386.0,70674.208
600383.SH,20260825,2.18,2.24,2.17,2.23,703881.84,155915.255
600386.SH,20260825,3.35,3.47,3.33,3.46,79767.0,27302.201
600388.SH,20260825,17.36,17.49,17.17,17.42,73943.02,128310.653
600389.SH,20260825,18.2,19.05,18.18,18.4,118546.66,220749.461
600390.SH,20260825,4.89,5.0,4.88,4.99,442631.23,219735.712
600391.SH,20260825,31.33,31.49,30.3,31.2,56689.22,175722.486
600392.SH,20260825,22.4,22.95,21.89,22.32,498867.75,1114165.977
600395.SH,20260825,5.43,5.65,5.43,5.48,432916.11,239583.506
600396.SH,20260825,14.08,14.59,13.8,14.14,1195990.83,1697901.585
600397.SH,20260825,18.0,18.21,17.2,17.56,811408.52,1432651.42
600398.SH,20260825,5.99,6.06,5.98,6.04,249806.88,150305.719
600399.SH,20260825,4.18,4.36,4.17,4.33,446861.68,191895.095
600400.SH,20260825,2.99,3.03,2.87,2.96,385566.85,114063.487
600403.SH,20260825,7.23,7.55,6.98,7.11,1755510.96,1272534.793
600405.SH,20260825,4.51,4.58,4.46,4.57,85023.0,38654.24
600406.SH,20260825,23.27,23.31,23.03,23.15,221040.99,512125.097
600408.SH,20260825,2.85,2.98,2.82,2.95,842830.01,246053.874
600409.SH,20260825,6.89,7.11,6.88,6.95,388956.0,272241.067
600410.SH,20260825,12.85,13.4,12.74,13.36,385269.6,507030.262
600415.SH,20260825,12.26,12.43,12.05,12.17,551201.39,670876.776
600416.SH,20260825,8.25,8.58,8.2,8.53,141686.93,119079.139
600418.SH,20260825,20.04,21.52,19.85,21.22,968705.36,2014182.309
600419.SH,20260825,8.67,8.76,8.63,8.7,44652.0,38918.553
600420.SH,20260825,8.44,8.6,8.41,8.58,81893.0,69851.81
600422.SH,20260825,8.3,8.58,8.28,8.56,85096.03,72098.344
600423.SH,20260825,2.82,2.9,2.8,2.89,36252.0,10365.55
600425.SH,20260825,3.6,3.67,3.6,3.66,180388.01,65825.967
600426.SH,20260825,20.11,20.69,19.9,19.96,420124.0,851254.273
600428.SH,20260825,11.36,11.5,11.16,11.26,427745.93,484233.315
600429.SH,20260825,4.49,4.68,4.49,4.67,176225.0,81267.35
600433.SH,20260825,3.23,3.39,3.23,3.38,379870.52,126923.166
600435.SH,20260825,10.29,10.68,10.29,10.55,151020.42,158939.926
600436.SH,20260825,123.76,126.41,123.0,126.14,33805.39,422903.484
600438.SH,20260825,12.04,12.12,11.9,12.01,293908.37,352981.203
600439.SH,20260825,1.85,1.89,1.84,1.88,149906.0,27979.856
600444.SH,20260825,14.0,14.44,14.0,14.39,31042.0,44397.059
600446.SH,20260825,10.66,10.77,10.6,10.73,131269.0,140507.035
600448.SH,20260825,2.93,2.99,2.88,2.98,152394.0,44873.521
600449.SH,20260825,12.98,13.29,12.52,12.54,210435.97,269373.017
600452.SH,20260825,9.0,9.14,8.96,9.1,146957.0,133376.427
600455.SH,20260825,23.8,24.55,23.67,24.42,11421.0,27562.864
600456.SH,20260825,27.21,27.55,26.96,27.4,41415.0,113049.053
600458.SH,20260825,11.61,11.65,11.32,11.55,189052.74,217397.359
600459.SH,20260825,21.36,21.43,20.66,21.07,233439.4,489980.635
600460.SH,20260825,34.18,35.16,33.05,34.32,1746951.97,5952299.999
600461.SH,20260825,8.92,9.01,8.9,8.93,82261.91,73655.514
600463.SH,20260825,8.01,8.37,8.0,8.31,45392.0,37361.775
600467.SH,20260825,2.3,2.38,2.3,2.37,277428.89,65369.514
600468.SH,20260825,5.88,6.0,5.81,5.97,169187.0,100714.293
600469.SH,20260825,5.2,5.3,5.19,5.25,76301.98,40113.061
600470.SH,20260825,5.42,5.93,5.42,5.93,353463.87,206076.496
600475.SH,20260825,14.55,15.39,14.5,15.25,150601.51,226045.632
600476.SH,20260825,9.44,9.6,9.36,9.58,6933.0,6583.158
600477.SH,20260825,2.38,2.47,2.36,2.46,391705.38,95299.883
600478.SH,20260825,4.89,4.95,4.83,4.93,237334.5,116209.078
600479.SH,20260825,9.78,10.03,9.76,10.02,72097.2,71595.201
600480.SH,20260825,8.18,8.47,8.16,8.42,123469.95,103165.226
600481.SH,20260825,4.17,4.3,4.15,4.27,407997.58,172979.099
600482.SH,20260825,31.1,32.05,31.1,31.85,97311.87,308872.131
600483.SH,20260825,10.78,10.98,10.61,10.66,148699.36,159779.228
600486.SH,20260825,54.74,56.25,53.81,54.02,54175.41,298481.406
600487.SH,20260825,58.2,66.37,57.0,64.6,2601434.43,16273223.193
600488.SH,20260825,5.16,5.55,5.07,5.45,706372.51,377254.37
600489.SH,20260825,27.45,27.45,25.83,26.24,1095868.83,2892912.182
600490.SH,20260825,7.5,7.61,7.14,7.34,645016.73,474491.342
600491.SH,20260825,1.75,1.85,1.74,1.8,920231.0,164823.237
600493.SH,20260825,6.02,6.2,5.94,6.19,59113.01,36076.236
600495.SH,20260825,4.03,4.14,4.01,4.12,100927.2,41245.03
600496.SH,20260825,3.35,3.43,3.35,3.42,272640.7,92811.196
600497.SH,20260825,10.1,10.1,9.75,9.93,1232937.35,1219141.123
600498.SH,20260825,37.89,41.78,37.33,40.66,1127057.35,4498874.98
600499.SH,20260825,14.1,14.53,14.07,14.26,352445.36,504873.763
600500.SH,20260825,5.27,5.36,5.17,5.28,1136096.13,597444.88
600501.SH,20260825,13.55,14.25,13.55,14.18,53637.2,75148.783
600502.SH,20260825,4.46,4.57,4.45,4.56,294098.42,133074.84
600503.SH,20260825,2.12,2.22,2.09,2.21,347369.0,75656.041
600505.SH,20260825,10.46,10.66,10.37,10.64,57428.92,60675.324
600506.SH,20260825,15.03,15.47,15.0,15.28,137736.09,209014.261
600507.SH,20260825,4.2,4.37,4.18,4.33,450513.88,193671.033
600508.SH,20260825,10.57,10.87,10.56,10.87,390858.4,423240.487
600509.SH,20260825,7.37,7.42,7.29,7.4,132755.0,97645.284
600510.SH,20260825,6.7,7.26,6.6,7.2,142206.32,99655.839
600511.SH,20260825,26.32,26.77,26.25,26.71,46623.0,124094.179
600512.SH,20260825,2.0,2.05,2.0,2.04,239184.75,48637.478
600513.SH,20260825,15.49,16.34,15.32,16.27,141370.0,225937.004
600515.SH,20260825,2.75,2.8,2.74,2.79,654628.52,181951.149
600516.SH,20260825,5.02,5.08,5.01,5.06,227842.69,115218.89
600517.SH,20260825,4.85,4.95,4.85,4.93,162616.69,80022.385
600518.SH,20260825,1.34,1.38,1.33,1.37,1282419.72,174516.845
600519.SH,20260825,1311.89,1317.0,1301.11,1304.0,21111.18,2757527.115
600520.SH,20260825,23.76,24.15,23.02,23.94,53879.0,127511.762
600521.SH,20260825,16.08,16.45,15.88,16.43,287343.77,465293.003
600522.SH,20260825,31.8,34.65,31.31,33.89,2519592.56,8385396.634
600523.SH,20260825,11.78,11.99,11.68,11.95,33909.91,40346.43
600526.SH,20260825,4.69,4.74,4.68,4.72,111786.0,52579.137
600527.SH,20260825,2.16,2.25,2.16,2.24,800508.88,177867.422
600528.SH,20260825,6.92,7.07,6.92,7.04,84587.47,59499.337
600529.SH,20260825,18.91,19.35,18.79,19.22,108150.14,207174.222
600530.SH,20260825,3.62,3.79,3.58,3.79,98020.42,36419.785
600531.SH,20260825,13.82,13.96,13.14,13.43,682905.07,919891.855
600533.SH,20260825,2.13,2.2,2.13,2.2,133782.02,29156.335
600535.SH,20260825,14.9,14.91,14.68,14.75,124379.89,183721.458
600536.SH,20260825,33.0,33.2,32.19,32.55,248614.02,809703.263
600537.SH,20260825,2.08,2.12,2.07,2.1,183550.0,38481.797
600538.SH,20260825,5.15,5.34,5.05,5.27,88020.0,46048.631
600539.SH,20260825,14.72,14.97,14.43,14.85,114771.01,169649.812
600540.SH,20260825,4.0,4.17,4.0,4.11,420642.86,173034.176
600543.SH,20260825,4.05,4.19,4.05,4.16,30560.02,12677.722
600545.SH,20260825,4.01,4.28,3.96,4.25,711927.92,295006.025
600546.SH,20260825,13.66,13.89,13.28,13.31,295068.0,398629.506
600547.SH,20260825,36.9,37.5,34.24,34.97,1371789.03,4807756.269
600548.SH,20260825,8.2,8.27,8.2,8.22,26857.25,22115.997
600549.SH,20260825,52.6,53.25,51.06,52.39,452906.58,2359897.285
600550.SH,20260825,10.91,11.03,10.79,10.96,130426.83,142723.033
600551.SH,20260825,6.84,6.93,6.8,6.9,35879.88,24725.026
600552.SH,20260825,17.08,18.13,16.61,17.81,484544.57,846086.513
600556.SH,20260825,4.5,4.59,4.46,4.57,274244.05,124560.419
600557.SH,20260825,11.94,12.25,11.85,12.22,58882.87,71127.182
600558.SH,20260825,4.74,4.86,4.74,4.86,104595.01,50492.66
600559.SH,20260825,11.57,11.77,11.53,11.7,86483.04,101113.382
600560.SH,20260825,11.0,11.31,10.91,11.28,24760.0,27747.745
600561.SH,20260825,5.65,5.82,5.58,5.81,37113.0,21339.943
600562.SH,20260825,26.08,26.65,25.69,26.46,93097.6,244253.45
600563.SH,20260825,125.29,128.48,123.0,126.18,28249.95,355673.051
600566.SH,20260825,24.27,25.08,24.27,24.94,60844.55,151196.887
600567.SH,20260825,1.32,1.35,1.32,1.34,545858.7,73133.856
600568.SH,20260825,2.15,2.17,2.13,2.15,44729.89,9615.931
600569.SH,20260825,1.76,1.81,1.75,1.8,227421.16,40676.396
600570.SH,20260825,21.06,21.43,20.99,21.35,162552.95,345496.08
600571.SH,20260825,10.39,11.08,10.33,10.8,187706.02,202870.277
600572.SH,20260825,4.19,4.32,4.18,4.3,606820.13,259684.962
600573.SH,20260825,9.75,9.92,9.71,9.89,42523.0,41953.81
600575.SH,20260825,3.3,3.37,3.29,3.35,364369.44,121667.294
600576.SH,20260825,5.43,5.55,5.43,5.53,76797.83,42424.499
600577.SH,20260825,8.48,8.69,8.35,8.61,929126.46,791881.274
600578.SH,20260825,5.53,5.59,5.46,5.57,539798.19,298771.395
600579.SH,20260825,6.71,6.91,6.7,6.9,29306.0,20077.723
600580.SH,20260825,29.05,29.93,29.02,29.74,284200.88,842580.135
600581.SH,20260825,2.29,2.32,2.28,2.32,57804.0,13324.207
600582.SH,20260825,4.78,4.91,4.76,4.9,269050.14,131033.615
600583.SH,20260825,6.07,6.15,6.01,6.06,264927.06,161007.621
600584.SH,20260825,72.57,75.3,71.06,74.05,861808.01,6322392.205
600585.SH,20260825,17.57,17.68,17.52,17.6,150989.83,265549.959
600586.SH,20260825,4.14,4.23,4.13,4.22,152984.44,64200.404
600587.SH,20260825,12.24,12.49,12.2,12.48,42713.24,52931.033
600588.SH,20260825,10.12,10.2,9.95,10.18,404222.91,408010.503
600589.SH,20260825,7.3,7.5,7.21,7.45,368470.46,272201.319
600590.SH,20260825,7.9,8.33,7.9,8.28,172692.95,141822.246
600592.SH,20260825,13.66,14.28,13.66,14.23,53893.68,75825.575
600593.SH,20260825,39.26,40.83,39.26,40.23,51124.0,204824.442
600594.SH,20260825,4.05,4.05,3.7,3.84,896328.02,343976.36
600595.SH,20260825,6.14,6.18,6.08,6.15,560494.3,343362.422
600596.SH,20260825,10.3,10.51,10.23,10.37,296854.84,308289.083
600597.SH,20260825,6.66,6.82,6.63,6.8,109222.46,74024.285
600598.SH,20260825,12.52,13.84,12.52,13.18,743309.64,986666.761
600600.SH,20260825,50.77,51.26,50.77,51.24,29976.22,153074.171
600601.SH,20260825,11.27,11.76,11.08,11.55,1266542.02,1447712.512
600602.SH,20260825,18.28,18.93,18.16,18.41,334511.02,622521.483
600603.SH,20260825,4.41,4.63,4.38,4.57,167649.0,76023.682
600604.SH,20260825,4.9,4.9,4.55,4.64,598424.07,276853.554
600605.SH,20260825,24.52,26.58,23.85,26.58,80360.99,206951.566
600606.SH,20260825,1.25,1.28,1.24,1.27,794419.79,100679.064
600609.SH,20260825,3.2,3.35,3.19,3.34,262098.6,86260.741
600610.SH,20260825,8.66,9.53,8.58,8.74,1216312.18,1091539.676
600611.SH,20260825,4.33,4.71,4.32,4.6,868022.82,390581.406
600612.SH,20260825,35.64,36.18,35.3,35.55,20182.0,71853.271
600613.SH,20260825,9.55,10.28,9.06,10.27,1729390.21,1702994.162
600615.SH,20260825,9.37,9.56,9.01,9.5,24710.0,23290.784
600616.SH,20260825,4.23,4.39,4.23,4.37,71015.48,30886.881
600617.SH,20260825,3.28,3.38,3.25,3.36,248636.74,83052.564
600618.SH,20260825,10.09,10.28,10.06,10.15,68148.46,69381.96
600619.SH,20260825,14.26,14.48,14.1,14.27,168909.15,240929.601
600620.SH,20260825,4.32,4.51,4.31,4.49,52595.51,23321.095
600621.SH,20260825,12.7,12.85,12.67,12.82,43864.39,55995.233
600622.SH,20260825,2.2,2.28,2.19,2.27,165141.0,37227.129
600623.SH,20260825,8.11,8.19,8.02,8.07,139243.94,112716.213
600624.SH,20260825,4.07,4.16,4.05,4.15,24347.9,10033.824
600626.SH,20260825,3.53,3.64,3.5,3.63,106609.43,38350.626
600628.SH,20260825,6.07,6.28,6.07,6.27,86036.48,53606.938
600629.SH,20260825,15.88,16.29,15.63,16.22,180456.2,289668.782
600630.SH,20260825,6.56,6.84,6.56,6.81,121887.59,82301.911
600633.SH,20260825,9.93,10.12,9.92,10.1,126807.96,127472.735
600635.SH,20260825,4.49,4.6,4.46,4.57,338070.5,153880.452
600637.SH,20260825,8.16,8.4,8.1,8.35,726386.17,603445.11
600638.SH,20260825,4.84,5.1,4.84,5.08,148649.98,74460.08
600639.SH,20260825,9.37,9.49,9.33,9.48,31068.0,29335.631
600640.SH,20260825,10.28,10.59,10.2,10.58,70331.0,73551.301
600641.SH,20260825,31.21,31.88,29.7,31.46,591106.7,1822516.814
600642.SH,20260825,8.54,8.54,8.38,8.39,180349.21,151945.594
600643.SH,20260825,3.94,4.09,3.92,4.07,211823.02,85715.336
600644.SH,20260825,8.65,8.82,8.6,8.8,126907.0,111036.348
600645.SH,20260825,19.13,19.69,18.92,19.68,96846.6,187956.702
600648.SH,20260825,9.03,9.28,9.0,9.27,44267.02,40767.413
600649.SH,20260825,3.8,3.89,3.79,3.85,304352.2,117286.617
600650.SH,20260825,10.3,10.58,10.29,10.46,25406.1,26534.881
600651.SH,20260825,5.65,5.75,5.59,5.68,185522.0,105010.969
600653.SH,20260825,1.66,1.7,1.65,1.7,194459.34,32868.811
600654.SH,20260825,2.86,3.04,2.84,2.97,679546.03,200430.748
600655.SH,20260825,4.56,4.67,4.56,4.66,139610.68,64675.903
600657.SH,20260825,2.56,2.66,2.54,2.64,253612.0,66457.342
600658.SH,20260825,3.92,4.07,3.89,4.05,130235.31,52169.77
600660.SH,20260825,56.8,58.1,56.36,57.67,136722.2,787309.142
600661.SH,20260825,8.47,8.63,8.36,8.62,60652.0,51595.044
600662.SH,20260825,4.17,4.26,4.15,4.24,123639.67,52206.075
600663.SH,20260825,9.26,9.43,9.26,9.37,124060.75,116163.574
600664.SH,20260825,8.1,8.39,7.92,8.21,2936820.65,2413145.659
600665.SH,20260825,3.45,3.5,3.4,3.46,74544.52,25790.706
600666.SH,20260825,3.34,3.46,3.3,3.44,714329.2,242986.068
600667.SH,20260825,19.5,20.38,19.05,19.94,1691265.58,3343860.868
600668.SH,20260825,7.2,7.43,7.2,7.4,39258.32,28849.699
600671.SH,20260825,19.81,20.16,19.53,19.92,17147.0,34294.68
600673.SH,20260825,31.95,32.56,31.35,32.07,219614.92,701991.234
600674.SH,20260825,15.58,15.66,15.45,15.54,207286.97,322451.768
600675.SH,20260825,2.19,2.27,2.19,2.27,359493.07,80768.999
600676.SH,20260825,6.5,6.71,6.46,6.62,61432.0,40562.589
600678.SH,20260825,5.26,5.43,5.23,5.4,49140.0,26332.873
600679.SH,20260825,9.39,9.68,9.39,9.67,32704.0,31503.026
600681.SH,20260825,3.39,3.48,3.38,3.47,206191.8,71266.904
600682.SH,20260825,5.64,5.78,5.58,5.75,135181.92,77042.169
600683.SH,20260825,9.93,10.19,9.56,10.19,408762.82,407141.152
600684.SH,20260825,3.44,3.57,3.42,3.55,163376.4,57726.994
600685.SH,20260825,25.58,26.0,25.51,25.9,77389.4,199842.653
600686.SH,20260825,10.7,11.39,10.68,11.3,277026.48,308752.08
600688.SH,20260825,2.83,2.88,2.83,2.85,774560.99,221183.775
600689.SH,20260825,10.61,10.99,10.54,10.98,26874.0,29078.362
600690.SH,20260825,21.08,21.39,20.96,21.23,328891.57,698408.987
600691.SH,20260825,2.53,2.63,2.51,2.6,373020.39,96639.217
600692.SH,20260825,6.21,6.54,6.21,6.49,98805.0,63459.54
600693.SH,20260825,8.45,9.29,8.42,8.96,654562.43,584351.356
600694.SH,20260825,14.44,14.64,14.35,14.62,34394.46,50074.19
600697.SH,20260825,10.69,11.04,10.6,11.03,46116.0,50314.073
600698.SH,20260825,6.77,7.28,6.67,7.28,321081.36,230836.543
600699.SH,20260825,18.88,19.2,18.68,19.14,162801.68,308814.537
600702.SH,20260825,35.4,35.66,34.89,35.3,48880.68,171988.692
600703.SH,20260825,12.65,13.32,12.57,13.22,1139136.88,1480642.909
600704.SH,20260825,4.87,4.91,4.86,4.89,301086.0,147152.03
600706.SH,20260825,7.85,8.05,7.73,8.01,80891.82,64459.373
600707.SH,20260825,9.08,9.34,8.75,9.27,925278.37,839388.136
600708.SH,20260825,2.97,3.06,2.97,3.05,128469.9,38998.659
600710.SH,20260825,10.43,10.65,10.39,10.61,94115.0,99630.776
600711.SH,20260825,11.85,11.97,11.15,11.51,1103770.42,1265439.951
600712.SH,20260825,5.2,5.45,5.16,5.45,125826.0,67280.5
600713.SH,20260825,5.13,5.26,5.13,5.25,87989.53,45911.337
600714.SH,20260825,15.63,17.26,14.9,17.26,265191.1,420095.176
600715.SH,20260825,1.54,1.6,1.53,1.58,260033.0,40819.911
600716.SH,20260825,3.48,3.61,3.46,3.58,42236.01,15023.317
600717.SH,20260825,4.3,4.34,4.28,4.31,192644.1,83131.248
600718.SH,20260825,8.03,8.21,7.99,8.19,80804.13,65680.565
600719.SH,20260825,6.85,6.98,6.72,6.94,75194.26,51761.211
600720.SH,20260825,5.11,5.22,5.11,5.19,51746.13,26843.648
600721.SH,20260825,13.88,15.08,13.5,14.96,1344575.12,1958696.436
600722.SH,20260825,14.38,15.2,13.75,14.02,1378374.12,1988131.028
600724.SH,20260825,4.98,5.13,4.95,5.11,71309.01,36160.634
600725.SH,20260825,3.16,3.33,3.15,3.31,336419.96,110290.019
600726.SH,20260825,5.52,5.6,5.45,5.55,725305.31,401961.944
600727.SH,20260825,7.45,7.58,7.41,7.55,139547.17,104906.519
600728.SH,20260825,4.51,4.64,4.49,4.61,246390.0,113327.693
600729.SH,20260825,19.1,19.55,19.05,19.46,33639.12,65198.936
600730.SH,20260825,9.59,9.67,9.22,9.39,111671.0,105546.399
600731.SH,20260825,5.71,5.88,5.66,5.85,71482.7,41494.963
600732.SH,20260825,11.44,11.52,11.23,11.5,155646.54,177671.812
600733.SH,20260825,4.94,5.02,4.88,4.98,875389.42,433148.73
600734.SH,20260825,1.65,1.68,1.63,1.67,232878.6,38671.421
600735.SH,20260825,5.99,6.15,5.99,6.13,27039.0,16458.551
600736.SH,20260825,6.59,6.81,6.58,6.77,218039.54,146807.44
600737.SH,20260825,14.21,15.4,14.21,14.74,842403.77,1257727.802
600738.SH,20260825,4.02,4.15,4.0,4.14,149066.0,61292.588
600739.SH,20260825,10.63,10.8,10.6,10.78,135850.96,145528.553
600740.SH,20260825,3.75,3.93,3.72,3.82,769586.69,296678.497
600741.SH,20260825,15.49,15.55,15.33,15.36,112406.04,173017.071
600742.SH,20260825,7.58,7.75,7.56,7.74,42411.71,32595.9
600743.SH,20260825,2.22,2.31,2.21,2.31,276167.1,62689.958
600744.SH,20260825,6.4,6.51,6.3,6.47,586505.56,378045.658
600745.SH,20260825,17.39,18.92,17.32,18.92,833037.32,1542697.701
600746.SH,20260825,6.69,6.81,6.63,6.74,149097.43,100192.558
600748.SH,20260825,3.77,3.89,3.75,3.86,148328.34,56971.687
600749.SH,20260825,14.31,15.5,14.31,14.96,238617.9,358701.305
600750.SH,20260825,22.52,23.28,22.5,23.15,53231.49,122520.252
600751.SH,20260825,3.18,3.18,3.11,3.15,235049.85,73815.315
600753.SH,20260825,9.99,10.05,9.84,10.0,6694.0,6667.673
600754.SH,20260825,19.08,19.48,18.84,18.85,125764.4,239644.769
600755.SH,20260825,5.66,5.8,5.66,5.79,130624.33,75103.065
600756.SH,20260825,13.76,14.19,13.71,14.11,88300.17,124136.369
600757.SH,20260825,7.66,7.8,7.66,7.75,72833.0,56503.3
600758.SH,20260825,3.4,3.72,3.37,3.56,1088451.26,386922.0
600759.SH,20260825,2.7,2.72,2.62,2.63,1677046.0,445855.039
600760.SH,20260825,45.0,45.04,44.32,44.32,111161.03,495432.474
600761.SH,20260825,16.24,16.38,15.95,16.19,203622.22,327561.502
600763.SH,20260825,34.5,35.45,34.48,35.38,75111.47,263583.164
600764.SH,20260825,17.41,17.67,17.37,17.6,36648.0,64324.316
600765.SH,20260825,13.14,13.25,13.08,13.24,67674.16,89176.738
600768.SH,20260825,15.07,15.45,15.04,15.32,33461.0,50981.646
600769.SH,20260825,13.88,14.8,13.68,14.69,135133.72,192560.162
600770.SH,20260825,4.96,5.11,4.9,5.07,179164.66,89899.394
600771.SH,20260825,13.43,13.63,13.15,13.61,71986.01,96477.945
600773.SH,20260825,10.7,10.78,10.23,10.48,273674.01,285901.75
600774.SH,20260825,7.17,7.43,7.07,7.41,40176.0,29435.337
600775.SH,20260825,9.2,9.48,9.12,9.44,107230.35,100441.417
600776.SH,20260825,12.45,12.95,12.38,12.87,152301.42,194255.915
600777.SH,20260825,4.04,4.06,3.98,3.99,261373.45,105095.116
600778.SH,20260825,5.4,5.65,5.4,5.65,91919.0,51131.83
600779.SH,20260825,26.8,27.15,26.74,27.15,16608.0,44838.835
600780.SH,20260825,5.78,5.86,5.76,5.85,62951.01,36689.32
600782.SH,20260825,2.73,2.84,2.73,2.83,512573.2,143429.871
600783.SH,20260825,15.87,16.49,15.7,16.43,156832.0,253279.183
600784.SH,20260825,7.63,7.73,7.54,7.68,70726.0,54174.918
600785.SH,20260825,10.78,11.78,10.12,11.78,713876.78,783600.366
600787.SH,20260825,4.55,4.69,4.55,4.66,222552.06,103161.329
600789.SH,20260825,7.16,7.41,7.1,7.38,248364.13,181467.596
600790.SH,20260825,3.32,3.39,3.32,3.38,140423.31,47219.872
600791.SH,20260825,7.23,7.85,7.16,7.73,139225.1,104712.618
600792.SH,20260825,3.72,3.86,3.69,3.82,358492.06,136142.133
600793.SH,20260825,13.99,14.48,13.85,14.39,75665.73,108068.522
600794.SH,20260825,3.16,3.23,3.14,3.22,183583.0,58806.083
600795.SH,20260825,5.16,5.17,5.09,5.14,1232916.61,632802.594
600796.SH,20260825,5.04,5.18,5.04,5.17,48590.11,24963.271
600797.SH,20260825,6.61,6.78,6.59,6.76,112422.0,75526.471
600798.SH,20260825,3.21,3.32,3.21,3.31,234635.45,77223.734
600800.SH,20260825,3.25,3.37,3.25,3.36,222548.0,74080.321
600801.SH,20260825,23.25,23.8,23.02,23.3,68406.73,159254.942
600802.SH,20260825,4.56,4.69,4.52,4.68,55230.0,25583.878
600803.SH,20260825,17.64,17.86,17.49,17.86,76977.0,135900.707
600805.SH,20260825,4.56,4.68,4.56,4.64,151123.81,70156.842
600807.SH,20260825,2.56,2.65,2.56,2.65,134320.89,35373.612
600808.SH,20260825,2.54,2.64,2.53,2.6,974850.99,253630.359
600809.SH,20260825,117.2,117.88,116.01,116.66,38376.8,447186.829
600810.SH,20260825,6.28,6.35,6.25,6.34,60216.08,38088.51
600812.SH,20260825,4.59,4.83,4.58,4.81,273273.0,129647.355
600814.SH,20260825,6.64,6.87,6.64,6.84,75025.3,50987.625
600815.SH,20260825,3.86,3.92,3.8,3.9,416711.59,161537.986
600816.SH,20260825,2.45,2.53,2.44,2.52,671897.6,167675.714
600817.SH,20260825,9.55,9.73,9.51,9.71,24814.81,23963.282
600818.SH,20260825,7.13,7.49,7.13,7.4,38037.0,28196.259
600819.SH,20260825,5.4,5.52,5.38,5.51,66712.5,36577.574
600820.SH,20260825,5.39,5.48,5.39,5.47,203597.0,110785.731
600821.SH,20260825,5.9,5.99,5.86,5.97,612779.74,363272.487
600822.SH,20260825,8.26,8.54,8.26,8.51,31721.0,26886.541
600824.SH,20260825,3.55,3.72,3.55,3.64,218790.31,79968.586
600825.SH,20260825,4.83,5.02,4.83,5.01,89852.04,44788.347
600826.SH,20260825,7.85,7.98,7.77,7.94,40215.0,31879.2
600827.SH,20260825,7.54,7.73,7.53,7.71,145839.65,111987.525
600828.SH,20260825,3.87,4.04,3.8,4.03,154220.0,61510.012
600829.SH,20260825,9.2,10.14,9.1,10.14,425536.64,416052.674
600830.SH,20260825,8.14,8.37,8.14,8.34,57717.47,47968.3
600831.SH,20260825,3.29,3.39,3.26,3.38,150277.64,50134.003
600833.SH,20260825,10.46,10.92,10.36,10.9,102659.0,109768.91
600834.SH,20260825,7.3,7.49,7.29,7.48,23765.0,17667.948
600835.SH,20260825,17.42,18.3,17.36,17.92,50985.09,90717.02
600838.SH,20260825,7.29,8.02,7.26,8.02,139673.68,110387.309
600839.SH,20260825,6.78,6.92,6.77,6.92,426064.15,292068.126
600841.SH,20260825,5.45,5.72,5.45,5.7,145946.0,82237.872
600843.SH,20260825,6.83,7.1,6.77,7.09,69767.0,48723.59
600844.SH,20260825,3.79,3.94,3.69,3.72,1437750.94,548390.844
600845.SH,20260825,17.13,17.35,17.05,17.34,73591.01,126993.693
600846.SH,20260825,11.3,11.69,11.19,11.56,36151.74,41497.41
600847.SH,20260825,12.57,12.99,12.5,12.95,20168.0,25759.132
600848.SH,20260825,8.44,8.57,8.42,8.54,42695.0,36342.358
600850.SH,20260825,14.15,14.58,14.09,14.57,95181.17,137442.517
600851.SH,20260825,8.37,8.61,8.24,8.57,102668.0,87237.917
600853.SH,20260825,3.25,3.34,3.24,3.33,104792.97,34805.805
600854.SH,20260825,4.55,4.66,4.5,4.65,72117.78,33194.757
600855.SH,20260825,11.68,12.12,11.64,12.03,61360.0,72951.417
600857.SH,20260825,19.5,20.33,18.68,20.33,66338.0,130071.25
600858.SH,20260825,4.75,4.94,4.75,4.92,98753.0,48175.456
600859.SH,20260825,9.7,9.98,9.65,9.98,160302.64,158548.78
600860.SH,20260825,8.39,8.68,8.24,8.49,127189.56,107096.748
600861.SH,20260825,12.9,13.15,12.88,13.07,17522.0,22889.83
600862.SH,20260825,17.52,17.53,17.33,17.44,60425.99,105276.356
600863.SH,20260825,4.63,4.72,4.58,4.67,1122774.54,520353.802
600864.SH,20260825,5.42,5.47,5.4,5.45,206585.02,112508.639
600865.SH,20260825,8.44,8.82,8.44,8.79,68581.22,59693.339
600866.SH,20260825,4.2,4.31,4.2,4.3,184988.12,79083.327
600867.SH,20260825,8.14,8.3,8.07,8.1,262414.73,213768.217
600868.SH,20260825,2.74,2.81,2.71,2.8,422958.5,117292.643
600869.SH,20260825,16.15,16.8,15.15,16.2,1987134.93,3173416.664
600871.SH,20260825,2.19,2.25,2.18,2.23,1044653.0,232988.353
600872.SH,20260825,18.26,18.55,18.16,18.48,98473.23,181440.84
600873.SH,20260825,7.85,7.92,7.78,7.85,183456.1,143744.891
600874.SH,20260825,5.54,5.6,5.52,5.58,52017.05,28974.905
600875.SH,20260825,25.09,25.81,24.95,25.6,219407.11,557191.205
600876.SH,20260825,6.95,7.12,6.88,7.1,24667.5,17414.969
600877.SH,20260825,11.79,12.1,11.61,12.03,113522.21,134655.538
600879.SH,20260825,13.9,14.32,13.79,14.23,541032.92,762709.386
600880.SH,20260825,3.73,3.9,3.73,3.89,129420.0,49790.245
600881.SH,20260825,1.87,1.95,1.85,1.94,1622582.52,309207.094
600882.SH,20260825,19.69,20.49,19.69,20.37,57752.15,116767.997
600883.SH,20260825,7.63,8.01,7.63,7.97,56223.0,44440.814
600884.SH,20260825,12.02,12.08,11.86,12.04,301512.84,360941.368
600885.SH,20260825,33.75,34.49,33.52,34.36,84785.61,289338.863
600886.SH,20260825,13.99,14.05,13.85,13.9,194347.97,271025.395
600887.SH,20260825,25.94,26.1,25.73,25.9,418802.85,1083943.141
600888.SH,20260825,10.59,10.59,10.06,10.39,677196.69,700628.72
600889.SH,20260825,13.05,13.21,12.96,13.1,14973.0,19613.63
600892.SH,20260825,3.78,3.93,3.72,3.9,234947.0,90579.003
600893.SH,20260825,36.25,36.57,35.5,36.28,239275.96,861798.931
600894.SH,20260825,7.33,7.35,7.05,7.29,142776.27,102990.87
600895.SH,20260825,30.5,31.05,29.86,30.24,228657.58,695472.759
600897.SH,20260825,14.4,14.68,14.4,14.65,13050.4,19061.963
600900.SH,20260825,28.16,28.39,28.12,28.21,901485.72,2546238.002
600901.SH,20260825,6.65,6.69,6.54,6.59,258819.2,170815.054
600903.SH,20260825,6.05,6.28,6.02,6.23,303156.8,187907.841
600905.SH,20260825,3.7,3.73,3.69,3.72,774439.34,287612.776
600906.SH,20260825,6.4,6.45,6.35,6.44,219293.93,140430.152
600908.SH,20260825,5.51,5.57,5.44,5.46,185304.65,101569.606
600909.SH,20260825,8.09,8.19,7.96,8.12,972225.46,785555.328
600916.SH,20260825,8.25,8.5,7.93,7.98,881110.16,715841.987
600917.SH,20260825,4.76,4.85,4.76,4.85,50731.0,24506.757
600918.SH,20260825,5.6,5.7,5.6,5.65,515897.51,291877.745
600919.SH,20260825,12.16,12.19,12.0,12.04,920758.89,1112371.661
600925.SH,20260825,4.45,4.5,4.44,4.46,153866.0,68761.7
600926.SH,20260825,16.85,16.88,16.58,16.62,299284.86,499132.251
600927.SH,20260825,12.9,13.0,12.83,12.91,57061.0,73659.005
600928.SH,20260825,3.58,3.61,3.55,3.57,206480.76,73901.838
600929.SH,20260825,5.21,5.27,5.16,5.22,155370.0,81270.987
600930.SH,20260825,3.94,3.97,3.93,3.97,742164.12,293507.59
600933.SH,20260825,13.85,13.95,13.73,13.85,59006.99,81808.573
600935.SH,20260825,2.25,2.31,2.24,2.3,172334.0,39337.402
600936.SH,20260825,4.63,5.09,4.61,5.09,958358.37,477401.36
600938.SH,20260825,33.8,33.95,33.41,33.51,355507.34,1197100.988
600939.SH,20260825,2.57,2.67,2.56,2.65,111780.33,29528.449
600941.SH,20260825,97.6,99.06,97.54,98.86,126961.29,1253319.403
600955.SH,20260825,12.38,12.66,12.37,12.6,31148.71,39053.166
600956.SH,20260825,7.03,7.12,7.01,7.06,52481.0,37138.423
600958.SH,20260825,8.94,8.97,8.92,8.96,271860.33,243144.359
600959.SH,20260825,2.99,3.05,2.98,3.04,205232.43,62210.541
600960.SH,20260825,3.98,4.11,3.95,4.09,104809.32,42533.158
600961.SH,20260825,27.6,27.7,25.7,26.09,621184.27,1637876.741
600962.SH,20260825,25.6,26.09,24.91,26.02,68248.76,174671.208
600963.SH,20260825,3.32,3.42,3.31,3.41,331501.8,112195.501
600965.SH,20260825,2.72,2.82,2.72,2.76,67327.6,18662.215
600966.SH,20260825,4.74,4.99,4.72,4.91,172876.22,85021.777
600967.SH,20260825,10.83,11.17,10.82,11.02,155176.98,171398.586
600968.SH,20260825,4.0,4.06,3.98,4.01,326634.83,131020.879
600969.SH,20260825,8.45,8.67,8.45,8.64,54234.0,46785.824
600970.SH,20260825,7.82,7.89,7.76,7.85,126768.62,99478.44
600971.SH,20260825,8.68,8.81,8.63,8.73,322770.89,281403.333
600973.SH,20260825,6.03,6.22,6.01,6.21,167540.71,103253.707
600975.SH,20260825,4.84,5.0,4.84,4.99,177617.71,88160.106
600976.SH,20260825,27.5,27.78,27.22,27.64,15124.0,41767.347
600977.SH,20260825,11.94,12.33,11.93,12.25,317856.31,387029.393
600979.SH,20260825,3.86,3.96,3.84,3.93,188696.86,73791.882
600980.SH,20260825,19.69,20.17,19.6,19.86,21456.92,42533.343
600981.SH,20260825,2.4,2.49,2.4,2.48,197938.0,48651.882
600982.SH,20260825,4.77,4.84,4.74,4.82,116605.0,55981.13
600983.SH,20260825,7.81,7.86,7.55,7.85,44465.0,34464.547
600984.SH,20260825,4.94,4.94,4.94,4.94,138308.0,68324.152
600985.SH,20260825,17.93,18.24,17.46,17.53,288256.87,510841.496
600986.SH,20260825,6.85,7.09,6.84,7.07,386014.0,270205.825
600987.SH,20260825,6.47,6.68,6.47,6.62,79379.95,52146.534
600988.SH,20260825,49.01,49.2,46.0,47.66,859634.5,4054300.199
600989.SH,20260825,23.04,23.78,23.02,23.24,561441.36,1314448.577
600990.SH,20260825,17.5,17.92,17.41,17.83,21589.0,38303.762
600992.SH,20260825,9.54,9.89,9.46,9.84,53426.0,52045.574
600993.SH,20260825,22.7,23.23,22.62,23.22,39431.32,90855.086
600995.SH,20260825,12.23,12.34,12.2,12.29,76650.09,94102.029
600996.SH,20260825,6.41,6.85,6.36,6.67,309395.14,206679.667
600997.SH,20260825,5.65,5.74,5.62,5.66,142703.0,81200.849
600998.SH,20260825,4.9,4.93,4.86,4.92,265665.82,130248.171
600999.SH,20260825,17.85,17.88,17.55,17.66,393626.88,695411.333
601000.SH,20260825,4.53,4.59,4.51,4.55,315478.05,143512.203
601001.SH,20260825,17.24,18.11,17.24,17.7,295440.68,524598.582
601002.SH,20260825,5.19,5.32,5.18,5.32,86706.0,45756.931
601003.SH,20260825,3.62,3.69,3.59,3.67,124846.49,45590.962
601005.SH,20260825,1.18,1.2,1.18,1.2,507408.0,60562.871
601006.SH,20260825,4.71,4.76,4.7,4.72,1088502.31,514919.911
601007.SH,20260825,6.67,6.93,6.67,6.89,92167.35,63098.006
601008.SH,20260825,4.36,4.51,4.35,4.48,263487.68,117463.768
601009.SH,20260825,11.83,11.85,11.6,11.6,607641.68,710835.976
601010.SH,20260825,1.41,1.43,1.4,1.43,131634.39,18623.563
601011.SH,20260825,2.9,2.97,2.86,2.94,1435790.7,417663.296
601012.SH,20260825,12.09,12.19,12.02,12.17,466846.35,565592.876
601015.SH,20260825,3.65,3.72,3.56,3.59,1005694.62,364351.486
601016.SH,20260825,3.35,3.41,3.34,3.41,732948.91,247946.971
601018.SH,20260825,3.44,3.47,3.43,3.45,508674.0,175562.173
601019.SH,20260825,6.98,7.08,6.96,7.04,71274.52,50167.748
601020.SH,20260825,23.0,23.07,21.4,21.8,398900.63,879908.098
601021.SH,20260825,43.67,43.77,43.28,43.77,25406.08,110747.19
601022.SH,20260825,8.41,8.45,8.27,8.34,76952.0,64081.461
601026.SH,20260825,15.4,15.59,15.22,15.59,37972.73,58737.029
601033.SH,20260825,14.29,14.39,14.15,14.17,29845.79,42453.193
601038.SH,20260825,12.76,13.2,12.76,13.03,62119.51,80482.385
601058.SH,20260825,13.93,14.13,13.74,13.81,153096.61,212699.424
601059.SH,20260825,16.5,16.57,16.38,16.4,80767.0,132636.72
601061.SH,20260825,11.5,11.97,11.33,11.44,228081.28,264857.442
601065.SH,20260825,6.8,6.9,6.79,6.88,39230.5,26937.153
601066.SH,20260825,24.78,24.79,24.41,24.64,152401.95,374386.619
601068.SH,20260825,4.45,4.53,4.44,4.52,98243.0,44218.327
601069.SH,20260825,33.0,33.26,30.68,31.38,466571.8,1482538.328
601077.SH,20260825,7.03,7.06,6.84,6.87,566158.25,392104.689
601083.SH,20260825,13.11,13.48,12.64,13.03,395611.71,514249.876
601086.SH,20260825,7.35,7.64,7.35,7.61,71598.0,54042.842
601088.SH,20260825,46.89,47.5,46.73,47.17,257965.75,1217687.475
601089.SH,20260825,15.85,16.33,15.8,16.28,38029.35,61471.284
601096.SH,20260825,4.14,4.24,4.13,4.21,184143.92,77256.55
601098.SH,20260825,10.2,10.32,10.2,10.26,72565.0,74547.641
601099.SH,20260825,3.35,3.4,3.34,3.39,624386.1,211226.091
601100.SH,20260825,103.22,105.4,97.25,100.74,143535.76,1448192.976
601101.SH,20260825,13.44,13.75,12.98,13.19,553739.22,734856.409
601106.SH,20260825,3.01,3.08,3.0,3.07,434691.9,132572.228
601107.SH,20260825,5.57,5.8,5.55,5.78,155329.01,88823.013
601108.SH,20260825,8.35,8.43,8.33,8.37,372945.37,312490.122
601111.SH,20260825,5.87,5.93,5.86,5.92,422556.29,249258.541
601112.SH,20260825,14.98,15.28,14.9,15.13,29455.35,44403.954
601113.SH,20260825,3.38,3.47,3.35,3.47,127535.0,43786.567
601116.SH,20260825,10.28,10.79,10.25,10.76,172987.38,183974.986
601117.SH,20260825,7.47,7.56,7.47,7.52,442048.46,332242.249
601118.SH,20260825,6.25,6.74,6.08,6.11,1533445.53,977042.499
601121.SH,20260825,7.39,7.45,7.2,7.27,167590.22,121969.783
601126.SH,20260825,44.0,45.37,42.21,44.19,177135.48,775141.159
601127.SH,20260825,49.51,50.83,49.37,50.73,162861.25,817999.257
601128.SH,20260825,6.31,6.35,6.25,6.33,453496.63,285649.908
601133.SH,20260825,24.8,25.2,23.88,24.81,89378.0,219413.005
601136.SH,20260825,13.72,13.86,13.66,13.82,56800.69,78197.419
601137.SH,20260825,19.85,20.18,18.99,19.69,299807.57,587114.416
601138.SH,20260825,58.75,60.85,58.75,60.15,755994.49,4520906.457
601139.SH,20260825,6.3,6.38,6.29,6.32,126519.3,80154.49
601155.SH,20260825,10.84,11.2,10.81,11.11,163178.77,180441.32
601156.SH,20260825,18.63,18.92,18.36,18.59,107847.3,200604.27
601158.SH,20260825,4.12,4.15,4.11,4.15,57250.1,23664.453
601162.SH,20260825,3.59,3.65,3.59,3.64,838767.86,303985.52
601163.SH,20260825,12.83,13.0,12.8,12.97,19542.0,25288.208
601166.SH,20260825,18.28,18.42,17.98,18.02,1199415.19,2170514.668
601168.SH,20260825,37.0,37.16,35.39,36.48,494672.62,1780293.161
601169.SH,20260825,5.17,5.19,5.13,5.14,1290803.5,665121.435
601177.SH,20260825,13.63,14.1,13.45,13.63,160859.67,219629.229
601179.SH,20260825,12.72,12.85,12.57,12.82,520028.91,663310.033
601186.SH,20260825,6.04,6.07,6.03,6.06,245400.0,148574.246
601187.SH,20260825,7.45,7.49,7.2,7.23,218366.51,159468.031
601188.SH,20260825,2.83,2.9,2.83,2.89,168641.42,48516.721
601198.SH,20260825,13.65,13.74,13.59,13.64,112148.82,153063.96
601199.SH,20260825,6.4,6.42,6.24,6.29,96695.0,60769.057
601200.SH,20260825,6.92,7.02,6.9,7.0,63377.32,44321.434
601208.SH,20260825,42.6,45.0,41.3,44.3,488694.75,2106863.729
601211.SH,20260825,17.67,17.72,17.24,17.31,898834.47,1564554.591
601212.SH,20260825,7.13,7.13,6.45,6.58,6886996.69,4646263.147
601216.SH,20260825,4.41,4.5,4.41,4.47,409032.78,182632.852
601218.SH,20260825,4.29,4.5,4.27,4.48,351024.0,155344.704
601222.SH,20260825,5.48,5.54,5.45,5.51,119048.0,65568.977
601225.SH,20260825,26.65,26.82,26.29,26.52,322635.02,856007.138
601226.SH,20260825,6.1,6.59,6.04,6.5,235987.0,150559.714
601228.SH,20260825,3.05,3.11,3.05,3.08,220551.0,68089.865
601229.SH,20260825,9.92,9.95,9.69,9.72,608622.62,594536.522
601231.SH,20260825,25.54,26.87,25.01,26.45,240598.97,627438.496
601233.SH,20260825,24.5,25.05,23.5,23.71,494585.23,1195277.886
601236.SH,20260825,6.76,6.83,6.76,6.83,72989.19,49696.456
601238.SH,20260825,5.1,5.24,5.06,5.24,348033.64,180336.363
601279.SH,20260825,3.21,3.47,3.19,3.34,261487.51,87547.703
601288.SH,20260825,6.87,6.94,6.82,6.85,3774904.48,2595171.804
601298.SH,20260825,8.98,9.05,8.92,8.97,72426.28,65094.045
601311.SH,20260825,7.31,7.42,7.31,7.4,86785.4,64009.802
601318.SH,20260825,55.06,55.42,54.65,55.01,739290.38,4060610.155
601319.SH,20260825,7.03,7.1,7.02,7.1,656036.49,463765.393
601326.SH,20260825,3.38,3.43,3.37,3.4,183067.0,62319.245
601328.SH,20260825,7.23,7.25,7.14,7.16,1442890.94,1034974.142
601330.SH,20260825,7.02,7.08,7.0,7.05,61157.49,43103.994
601333.SH,20260825,2.91,2.96,2.91,2.95,596202.82,175182.268
601336.SH,20260825,59.5,59.86,58.72,59.36,141982.65,840470.702
601339.SH,20260825,7.75,7.78,7.67,7.73,69084.0,53295.624
601360.SH,20260825,8.55,8.65,8.51,8.62,543888.28,467615.137
601366.SH,20260825,3.52,3.74,3.49,3.66,249759.25,91041.634
601368.SH,20260825,4.56,4.66,4.56,4.64,45411.2,21024.863
601369.SH,20260825,8.71,8.81,8.68,8.81,65973.9,57852.696
601375.SH,20260825,3.99,4.05,3.98,4.04,289462.36,116557.334
601377.SH,20260825,5.81,5.83,5.79,5.83,327038.08,190165.492
601388.SH,20260825,3.44,3.51,3.35,3.42,766148.64,262902.762
601390.SH,20260825,4.35,4.39,4.34,4.38,678576.4,296752.981
601398.SH,20260825,7.92,7.97,7.87,7.9,2918581.91,2307681.767
601399.SH,20260825,3.08,3.16,3.07,3.15,547690.96,171491.055
601456.SH,20260825,8.75,8.78,8.72,8.76,129333.29,113159.484
601500.SH,20260825,3.96,4.04,3.96,4.04,114286.4,45912.013
601512.SH,20260825,7.58,7.77,7.57,7.75,30941.0,23861.795
601515.SH,20260825,3.31,3.4,3.29,3.38,99833.55,33630.205
601518.SH,20260825,2.75,2.8,2.75,2.79,166954.6,46454.02
601519.SH,20260825,7.78,8.01,7.71,7.96,235800.3,186609.352
601528.SH,20260825,4.98,5.06,4.94,4.99,165695.3,82662.304
601555.SH,20260825,7.88,7.98,7.86,7.86,228369.9,180272.31
601566.SH,20260825,8.25,8.45,8.24,8.4,43269.0,36272.699
601567.SH,20260825,14.35,14.68,14.3,14.56,115129.73,167400.845
601568.SH,20260825,3.74,3.8,3.73,3.78,136743.27,51672.866
601577.SH,20260825,9.69,9.79,9.53,9.54,173124.0,166428.094
601579.SH,20260825,20.22,20.64,19.61,19.7,223212.23,443553.277
601588.SH,20260825,1.67,1.74,1.67,1.73,408944.0,70087.083
601595.SH,20260825,15.7,16.5,15.67,16.48,61318.2,99540.721
601598.SH,20260825,6.57,6.66,6.56,6.63,115785.16,76622.287
601599.SH,20260825,3.0,3.09,2.99,3.09,156028.24,47629.467
601600.SH,20260825,9.42,9.48,9.22,9.37,1352367.92,1263138.881
601601.SH,20260825,31.01,31.58,30.89,31.48,466727.06,1457446.267
601606.SH,20260825,30.08,32.98,29.91,31.54,409369.49,1302973.288
601607.SH,20260825,16.26,16.37,16.15,16.37,102913.37,167744.405
601608.SH,20260825,4.63,4.75,4.61,4.74,269792.5,126741.85
601609.SH,20260825,13.12,13.55,13.1,13.46,732256.5,978161.08
601611.SH,20260825,10.52,10.68,10.46,10.63,181447.0,192680.261
601615.SH,20260825,10.51,10.9,10.42,10.82,308057.42,329995.217
601616.SH,20260825,3.89,4.0,3.82,3.97,343588.0,135281.643
601618.SH,20260825,2.56,2.59,2.56,2.59,652824.51,168526.573
601619.SH,20260825,4.0,4.06,3.99,4.05,214369.58,86646.512
601628.SH,20260825,37.67,37.88,37.16,37.6,289137.27,1084469.86
601633.SH,20260825,15.21,15.4,15.19,15.4,84081.24,128585.19
601636.SH,20260825,5.68,5.78,5.63,5.75,327658.18,187248.305
601658.SH,20260825,5.05,5.07,5.02,5.04,1375990.82,694479.705
601665.SH,20260825,6.55,6.61,6.52,6.52,425599.79,279264.787
601666.SH,20260825,9.71,9.9,9.54,9.56,367021.67,355319.609
601668.SH,20260825,4.42,4.48,4.4,4.47,2307943.77,1024201.848
601669.SH,20260825,4.62,4.65,4.6,4.65,664334.43,307826.477
601677.SH,20260825,16.28,16.57,16.18,16.39,218659.23,357516.81
601678.SH,20260825,6.26,6.33,6.14,6.23,823127.67,513028.961
601686.SH,20260825,5.17,5.29,5.16,5.23,46008.77,24028.192
601688.SH,20260825,18.65,18.72,18.46,18.59,346317.09,642495.938
601689.SH,20260825,45.8,47.18,45.48,46.8,139840.06,648883.896
601696.SH,20260825,11.58,11.65,11.45,11.61,202698.19,234125.36
601698.SH,20260825,23.51,23.91,23.21,23.79,168844.55,398908.382
601699.SH,20260825,16.71,17.18,16.65,16.73,362782.44,614067.266
601700.SH,20260825,7.5,8.08,7.4,7.51,2331480.8,1794086.965
601702.SH,20260825,15.93,16.08,15.68,15.84,84817.03,134637.594
601717.SH,20260825,15.12,15.21,14.99,15.09,106686.21,160629.898
601718.SH,20260825,1.84,1.87,1.83,1.85,126786.0,23455.359
601727.SH,20260825,6.45,6.51,6.42,6.5,279387.84,181051.939
601728.SH,20260825,6.49,6.51,6.4,6.45,823892.23,531388.809
601766.SH,20260825,6.09,6.15,6.06,6.13,1000579.54,611337.58
601777.SH,20260825,8.06,8.19,7.97,8.15,214326.28,173653.428
601778.SH,20260825,3.55,3.64,3.51,3.61,838184.08,301012.225
601788.SH,20260825,14.25,14.37,14.22,14.34,110366.9,157819.797
601789.SH,20260825,4.16,4.27,4.15,4.25,284656.15,120483.082
601798.SH,20260825,7.58,7.85,7.58,7.83,50627.0,39303.961
601799.SH,20260825,82.84,85.0,81.78,84.42,32547.25,270726.175
601800.SH,20260825,5.87,5.96,5.87,5.95,280583.92,166347.474
601801.SH,20260825,5.32,5.48,5.32,5.44,121648.0,66107.727
601808.SH,20260825,12.38,12.54,12.33,12.43,141023.91,175549.427
601811.SH,20260825,11.93,12.14,11.93,12.08,23419.0,28316.802
601816.SH,20260825,4.92,4.97,4.86,4.87,1320847.3,646954.727
601818.SH,20260825,3.08,3.09,3.05,3.07,1913820.02,587086.739
601825.SH,20260825,8.92,8.97,8.74,8.81,323526.8,286033.265
601827.SH,20260825,8.25,8.3,8.23,8.27,41696.63,34456.613
601828.SH,20260825,2.08,2.17,2.08,2.17,445734.71,95356.443
601838.SH,20260825,18.9,18.95,18.68,18.72,167412.6,314393.399
601857.SH,20260825,11.21,11.3,11.14,11.19,785546.98,881286.428
601858.SH,20260825,21.25,22.21,21.18,21.98,96150.92,208149.974
601860.SH,20260825,2.56,2.59,2.54,2.56,522496.0,133810.662
601865.SH,20260825,10.16,10.28,10.11,10.2,116326.0,118602.799
601866.SH,20260825,2.39,2.41,2.39,2.4,446295.0,107146.319
601868.SH,20260825,2.49,2.53,2.49,2.52,1837997.87,461881.288
601869.SH,20260825,360.0,411.11,345.01,394.5,209031.79,8066645.578
601872.SH,20260825,19.32,19.4,18.63,18.83,914452.56,1733802.104
601877.SH,20260825,26.04,26.45,25.8,25.95,248010.52,644610.12
601878.SH,20260825,9.15,9.21,9.14,9.21,114744.02,105344.504
601880.SH,20260825,1.45,1.47,1.45,1.46,531758.58,77683.702
601881.SH,20260825,12.02,12.08,11.98,12.04,135308.43,162619.545
601882.SH,20260825,19.67,19.88,19.42,19.8,44215.3,87086.464
601886.SH,20260825,13.06,14.0,12.9,13.37,296299.21,397352.635
601888.SH,20260825,51.93,52.86,51.93,52.61,192470.97,1010235.05
601890.SH,20260825,8.49,8.77,8.47,8.69,279905.54,241855.774
601898.SH,20260825,14.9,15.2,14.74,15.08,712364.96,1069584.452
601899.SH,20260825,34.7,34.7,33.4,33.68,2515654.13,8504382.603
601900.SH,20260825,11.73,11.92,11.73,11.85,50245.0,59502.257
601901.SH,20260825,6.65,6.72,6.64,6.69,419093.72,279688.074
601908.SH,20260825,2.95,3.01,2.93,3.0,258919.0,77246.098
601916.SH,20260825,2.95,2.97,2.91,2.93,1292506.51,379302.477
601918.SH,20260825,10.72,10.99,10.42,10.47,529959.14,563258.345
601919.SH,20260825,17.4,17.42,16.98,17.07,1341843.09,2300184.209
601921.SH,20260825,7.36,7.47,7.34,7.41,69168.0,51329.029
601928.SH,20260825,8.81,8.89,8.77,8.81,95777.0,84586.904
601929.SH,20260825,2.24,2.34,2.23,2.33,750203.23,172857.623
601933.SH,20260825,2.98,3.12,2.98,3.11,1532567.98,471731.876
601939.SH,20260825,10.68,10.76,10.6,10.66,1268952.06,1355164.934
601949.SH,20260825,5.1,5.24,5.08,5.22,94298.88,48968.721
601952.SH,20260825,8.7,9.26,8.68,8.94,350994.52,316757.21
601956.SH,20260825,4.81,5.03,4.81,5.01,70348.6,34872.285
601958.SH,20260825,23.28,23.3,21.8,22.07,853685.81,1907648.87
601963.SH,20260825,11.21,11.3,11.1,11.16,129542.24,144986.044
601965.SH,20260825,13.84,14.23,13.8,14.09,53519.69,75379.016
601966.SH,20260825,11.02,11.21,10.96,11.19,97344.35,108430.176
601968.SH,20260825,4.37,4.49,4.36,4.48,73194.0,32620.934
601969.SH,20260825,9.44,9.65,9.32,9.43,245903.0,232867.354
601975.SH,20260825,4.0,4.07,3.94,4.04,1897834.78,760127.7
601985.SH,20260825,8.76,8.85,8.76,8.84,794241.87,700856.076
601988.SH,20260825,6.14,6.2,6.11,6.14,2524132.02,1552663.831
601990.SH,20260825,6.57,6.61,6.56,6.61,74970.3,49468.876
601991.SH,20260825,5.85,5.92,5.77,5.9,1555629.73,912700.665
601992.SH,20260825,1.37,1.39,1.37,1.39,311997.0,43093.08
601995.SH,20260825,33.63,33.77,33.47,33.68,105204.95,353399.078
601996.SH,20260825,2.48,2.66,2.48,2.6,256682.16,66427.212
601997.SH,20260825,5.59,5.6,5.43,5.47,1500078.4,822236.04
601998.SH,20260825,8.58,8.66,8.48,8.51,1050937.36,899664.576
601999.SH,20260825,6.0,6.13,5.96,6.13,42293.27,25734.445
603000.SH,20260825,15.72,16.6,15.68,16.5,196365.63,320146.9
603001.SH,20260825,8.02,8.22,7.83,8.12,80011.0,64707.226
603002.SH,20260825,15.0,15.78,14.98,15.52,442632.0,680655.975
603004.SH,20260825,18.39,18.95,18.3,18.83,21998.0,41122.712
603005.SH,20260825,30.0,30.87,28.98,30.33,477088.36,1426844.879
603006.SH,20260825,11.11,11.57,11.0,11.54,30808.2,35028.1
603007.SH,20260825,4.49,4.76,4.46,4.73,221662.31,103266.374
603008.SH,20260825,8.15,8.22,8.1,8.17,37841.0,30886.006
603009.SH,20260825,44.27,45.25,43.95,44.65,48320.47,215679.225
603010.SH,20260825,11.28,11.37,10.99,11.34,74487.4,83490.362
603011.SH,20260825,22.35,23.18,21.83,22.8,239253.93,538988.391
603012.SH,20260825,8.59,8.81,8.52,8.78,145853.6,126865.931
603013.SH,20260825,16.15,16.38,16.03,16.35,17717.0,28796.795
603014.SH,20260825,31.8,32.28,31.79,32.25,7449.05,23950.994
603015.SH,20260825,10.63,11.03,10.39,10.91,62858.0,67822.811
603016.SH,20260825,28.57,28.99,28.06,28.82,32415.61,92766.795
603017.SH,20260825,9.5,9.98,9.45,9.97,117774.01,115371.321
603018.SH,20260825,5.2,5.33,5.18,5.31,70288.22,37081.052
603019.SH,20260825,81.25,83.67,81.07,83.19,206939.42,1711619.377
603020.SH,20260825,9.86,10.03,9.77,9.97,36698.3,36377.488
603021.SH,20260825,5.26,5.5,5.18,5.45,61541.0,32933.799
603022.SH,20260825,8.7,9.0,8.63,8.97,26572.0,23567.564
603023.SH,20260825,3.99,4.13,3.96,4.09,81050.0,32783.342
603025.SH,20260825,13.6,13.78,13.45,13.72,74969.06,102346.052
603026.SH,20260825,63.4,63.91,60.94,62.2,67730.0,420074.394
603027.SH,20260825,7.22,7.38,7.22,7.36,103319.75,75628.176
603028.SH,20260825,6.98,7.17,6.88,7.1,36494.9,25712.513
603029.SH,20260825,15.83,16.29,15.74,16.22,23278.0,37543.029
603030.SH,20260825,2.02,2.13,2.02,2.11,383518.0,80027.986
603031.SH,20260825,37.37,40.14,36.3,39.15,123731.19,478044.305
603032.SH,20260825,20.2,20.2,18.63,19.36,200045.73,382357.774
603033.SH,20260825,7.35,7.44,7.24,7.37,64142.55,47087.997
603035.SH,20260825,10.99,11.28,10.99,11.26,44399.19,49644.316
603036.SH,20260825,15.49,16.1,15.2,15.85,118814.0,187281.965
603037.SH,20260825,10.08,10.31,9.92,10.27,27312.1,27855.873
603038.SH,20260825,16.74,17.32,16.34,17.28,91807.3,155144.331
603039.SH,20260825,41.5,41.86,40.0,40.1,130825.62,530884.791
603040.SH,20260825,52.06,53.11,51.08,52.34,8938.1,46819.5
603041.SH,20260825,10.93,11.29,10.92,11.23,21154.8,23554.309
603042.SH,20260825,13.45,14.08,13.38,13.91,72826.1,100813.495
603043.SH,20260825,13.5,13.73,13.48,13.62,28070.8,38268.216
603045.SH,20260825,55.58,56.05,53.19,54.52,106851.89,581041.549
603048.SH,20260825,20.89,22.21,20.79,22.01,29344.0,63674.718
603049.SH,20260825,48.91,49.55,48.88,49.25,13939.6,68539.45
603050.SH,20260825,17.38,18.09,17.38,17.94,30483.92,54423.612
603051.SH,20260825,20.96,20.97,20.27,20.58,34025.84,69903.228
603052.SH,20260825,54.0,57.78,53.72,56.86,65085.49,363405.269
603053.SH,20260825,8.63,8.78,8.63,8.76,22178.0,19393.938
603055.SH,20260825,8.79,9.23,8.72,9.15,97818.29,88079.351
603057.SH,20260825,21.23,21.78,21.11,21.7,14776.0,31776.667
603058.SH,20260825,8.7,9.23,8.68,9.11,62616.0,56340.881
603059.SH,20260825,24.62,25.15,24.46,25.04,12788.0,31872.174
603060.SH,20260825,5.36,5.51,5.36,5.49,49589.26,27102.034
603061.SH,20260825,335.0,347.0,328.01,339.57,38434.89,1305196.839
603062.SH,20260825,38.33,39.15,38.02,39.08,2004.88,7772.951
603063.SH,20260825,30.41,31.13,29.78,30.67,137339.61,418973.417
603065.SH,20260825,18.25,19.12,17.6,17.82,485877.0,883992.268
603066.SH,20260825,8.91,9.18,8.9,9.17,45887.0,41627.852
603067.SH,20260825,32.1,34.25,31.9,33.71,193693.51,642562.508
603068.SH,20260825,35.8,36.8,35.1,36.55,76789.88,278013.952
603069.SH,20260825,12.61,13.14,12.61,12.99,32495.0,42159.572
603070.SH,20260825,11.41,11.69,11.33,11.61,15442.0,17871.572
603071.SH,20260825,12.48,12.78,12.47,12.67,43217.0,54688.321
603072.SH,20260825,31.26,31.8,31.12,31.56,15929.34,50064.839
603073.SH,20260825,16.62,16.89,16.41,16.75,12517.0,20971.349
603075.SH,20260825,18.91,19.3,18.9,19.27,17107.26,32803.772
603076.SH,20260825,20.61,20.97,20.1,20.86,17879.0,36899.54
603077.SH,20260825,2.38,2.42,2.37,2.39,1536075.6,368170.677
603078.SH,20260825,34.01,34.91,32.7,34.68,243637.48,822920.423
603079.SH,20260825,12.88,13.89,12.61,13.89,158859.62,213084.522
603080.SH,20260825,19.56,19.78,19.4,19.58,16144.0,31599.312
603081.SH,20260825,9.33,9.71,9.33,9.69,33132.0,31733.188
603082.SH,20260825,40.87,44.5,40.01,43.4,75456.9,321925.64
603083.SH,20260825,169.5,178.11,168.07,173.5,173660.25,2996121.599
603085.SH,20260825,9.73,10.11,9.58,10.04,62386.4,61410.531
603086.SH,20260825,5.49,5.69,5.48,5.66,92164.95,51937.682
603087.SH,20260825,65.5,69.16,65.1,68.78,129089.72,868217.022
603088.SH,20260825,9.54,9.85,9.39,9.8,90451.0,87609.195
603089.SH,20260825,10.53,11.48,10.0,11.09,224754.69,236703.365
603090.SH,20260825,36.54,39.11,36.04,38.56,27474.73,103980.463
603091.SH,20260825,49.49,50.19,48.75,49.5,4678.8,23202.119
603092.SH,20260825,41.1,41.94,40.89,41.84,17044.56,70922.747
603093.SH,20260825,11.33,11.6,11.29,11.55,137219.9,157066.226
603095.SH,20260825,14.64,16.4,14.62,16.4,182090.62,291867.28
603096.SH,20260825,14.9,15.07,14.63,15.07,21252.2,31705.343
603097.SH,20260825,19.01,19.25,18.8,18.98,18453.4,35137.728
603098.SH,20260825,10.03,10.22,9.99,10.14,37295.98,37817.505
603099.SH,20260825,38.55,39.28,37.95,38.08,77965.56,300332.913
603100.SH,20260825,17.3,17.56,17.24,17.5,20669.0,36074.691
603101.SH,20260825,7.2,7.38,7.14,7.36,74999.6,54860.758
603102.SH,20260825,37.52,41.55,37.21,40.08,57149.0,226370.801
603103.SH,20260825,14.25,14.92,14.1,14.88,55030.92,80592.334
603105.SH,20260825,7.75,8.01,7.54,7.62,436721.89,335979.3
603106.SH,20260825,7.5,7.58,7.33,7.45,226648.0,169160.365
603107.SH,20260825,11.7,11.86,11.51,11.82,18515.01,21683.992
603108.SH,20260825,9.54,9.8,9.41,9.77,92849.58,89513.815
603109.SH,20260825,17.64,17.93,17.4,17.85,22016.77,39062.804
603110.SH,20260825,25.12,25.25,24.08,24.61,84266.56,207080.918
603111.SH,20260825,5.8,5.87,5.76,5.85,46665.0,27207.791
603112.SH,20260825,15.8,16.6,15.45,16.46,143335.66,230760.368
603113.SH,20260825,4.88,5.48,4.87,5.48,355820.85,188585.335
603115.SH,20260825,72.42,77.06,71.31,76.2,58235.0,433239.403
603116.SH,20260825,6.4,6.64,6.35,6.57,68074.2,44402.796
603117.SH,20260825,3.76,3.92,3.73,3.92,80512.2,31050.673
603118.SH,20260825,15.69,16.5,15.41,16.25,1022357.3,1642200.423
603119.SH,20260825,49.92,50.41,48.66,49.88,62329.62,309262.335
603120.SH,20260825,46.75,46.75,44.8,46.0,12471.65,57169.618
603121.SH,20260825,12.21,12.63,12.07,12.57,34497.0,42711.35
603122.SH,20260825,11.33,12.28,11.21,12.24,223334.19,265328.869
603123.SH,20260825,9.68,10.22,9.43,9.89,710471.56,703547.64
603124.SH,20260825,125.1,129.07,118.26,127.01,43825.68,543741.176
603125.SH,20260825,22.77,22.99,22.12,22.8,36197.0,81926.89
603126.SH,20260825,5.95,6.11,5.94,6.11,70473.01,42705.513
603127.SH,20260825,46.0,48.88,45.2,48.29,374171.74,1765274.603
603128.SH,20260825,5.43,5.58,5.41,5.55,214733.26,118658.402
603129.SH,20260825,305.53,310.64,303.51,305.03,9844.82,301874.703
603130.SH,20260825,41.23,41.78,40.63,41.56,9794.06,40458.526
603131.SH,20260825,14.03,14.57,13.82,14.46,53598.0,76457.225
603132.SH,20260825,18.81,18.99,18.08,18.46,78547.72,144971.197
603135.SH,20260825,8.82,9.2,8.82,9.16,61906.8,56032.752
603136.SH,20260825,9.1,9.27,9.04,9.25,54961.65,50588.512
603137.SH,20260825,21.86,21.99,21.1,21.77,137059.28,296737.688
603138.SH,20260825,12.42,12.82,12.38,12.8,34996.98,44333.018
603139.SH,20260825,33.5,34.53,33.23,34.29,14971.0,50824.803
603150.SH,20260825,51.99,53.04,51.29,51.93,10299.0,53847.95
603151.SH,20260825,15.48,15.95,15.17,15.25,32784.0,50554.662
603153.SH,20260825,13.02,13.26,12.98,13.21,13232.0,17438.602
603155.SH,20260825,13.59,13.68,13.06,13.4,88642.78,118182.852
603156.SH,20260825,44.0,45.0,42.96,42.96,219497.67,947448.646
603158.SH,20260825,9.9,10.65,9.84,10.57,225552.54,232830.081
603159.SH,20260825,21.75,22.46,21.22,22.23,20829.0,45788.851
603160.SH,20260825,47.0,48.34,46.59,48.02,41909.48,199677.889
603161.SH,20260825,15.69,16.07,15.69,15.98,24722.6,39337.724
603162.SH,20260825,12.13,12.64,11.93,11.96,327764.03,399009.778
603163.SH,20260825,78.38,80.39,75.72,79.54,17066.4,133624.492
603165.SH,20260825,13.51,13.8,13.42,13.75,45700.53,62219.643
603166.SH,20260825,11.06,11.08,10.74,11.0,80805.18,87918.178
603167.SH,20260825,8.77,8.81,8.73,8.75,28363.95,24890.656
603168.SH,20260825,5.5,5.79,5.48,5.76,75700.0,43111.125
603169.SH,20260825,6.22,6.45,6.22,6.4,102512.14,65039.132
603170.SH,20260825,12.27,12.48,12.27,12.43,18164.0,22532.896
603171.SH,20260825,41.2,41.46,40.58,41.16,52781.0,216384.386
603172.SH,20260825,17.3,17.6,17.13,17.54,9809.39,17112.093
603173.SH,20260825,30.99,31.35,30.59,31.19,5155.0,15997.541
603175.SH,20260825,88.27,90.38,86.78,88.74,13123.83,115733.674
603176.SH,20260825,4.9,5.15,4.87,5.14,50083.0,25364.975
603177.SH,20260825,10.39,10.84,10.23,10.77,70447.0,74572.97
603178.SH,20260825,16.01,16.8,15.7,16.6,80583.59,132674.035
603179.SH,20260825,37.62,38.1,36.55,37.52,178463.6,667032.177
603180.SH,20260825,15.27,15.54,15.17,15.43,9823.0,15109.628
603181.SH,20260825,12.47,12.73,12.45,12.67,33480.21,42269.172
603182.SH,20260825,13.04,13.4,12.93,13.32,22536.0,29910.073
603183.SH,20260825,4.61,4.78,4.56,4.71,112039.2,52397.917
603185.SH,20260825,16.38,16.62,16.05,16.42,62044.03,101745.951
603186.SH,20260825,164.0,175.0,163.26,174.65,258071.0,4390111.255
603187.SH,20260825,10.91,11.17,10.89,11.12,54411.77,60206.901
603188.SH,20260825,4.6,4.77,4.54,4.76,220680.0,103968.661
603189.SH,20260825,8.81,9.05,8.77,9.0,17759.0,15877.409
603190.SH,20260825,16.28,16.83,16.26,16.74,16001.08,26614.791
603191.SH,20260825,14.47,14.81,14.14,14.71,87900.59,127561.522
603192.SH,20260825,19.66,20.29,19.5,20.15,11919.0,23853.469
603193.SH,20260825,20.54,21.55,20.38,21.25,54256.04,115208.086
603194.SH,20260825,33.3,34.45,33.3,34.21,11277.61,38309.355
603195.SH,20260825,39.8,40.3,39.76,40.13,21152.86,84724.313
603196.SH,20260825,19.07,19.45,18.91,19.38,10082.0,19364.22
603197.SH,20260825,30.08,30.48,29.79,30.48,23304.0,70305.093
603198.SH,20260825,39.37,40.19,39.18,39.46,42450.76,167700.629
603199.SH,20260825,33.95,34.68,33.8,34.13,31050.0,106256.727
603200.SH,20260825,41.0,42.98,38.34,38.81,199492.34,795988.176
603201.SH,20260825,14.65,15.0,14.52,14.94,26848.2,39713.97
603202.SH,20260825,51.49,53.0,51.02,52.73,12261.95,64055.914
603203.SH,20260825,42.16,43.5,40.8,42.66,58832.6,248241.8
603205.SH,20260825,21.6,22.49,21.43,22.46,18157.81,40136.335
603206.SH,20260825,13.46,13.82,13.41,13.76,25760.94,35318.197
603207.SH,20260825,22.6,23.46,22.36,23.33,28969.51,66858.165
603208.SH,20260825,11.17,11.57,11.13,11.53,15059.29,17156.109
603209.SH,20260825,14.56,14.69,14.28,14.34,82687.81,119002.887
603210.SH,20260825,13.24,13.42,13.18,13.37,18178.86,24243.016
603211.SH,20260825,21.99,22.34,21.19,22.18,70378.8,153299.672
603212.SH,20260825,11.55,11.72,11.36,11.66,63617.05,73578.272
603213.SH,20260825,13.89,14.08,13.8,13.99,23356.33,32667.551
603214.SH,20260825,13.33,13.86,13.31,13.79,34080.0,46633.143
603215.SH,20260825,14.11,14.52,14.09,14.47,11276.0,16235.982
603216.SH,20260825,20.19,21.0,20.15,20.92,24619.37,50766.937
603217.SH,20260825,25.81,28.39,25.28,28.39,64368.63,174897.121
603218.SH,20260825,9.58,9.71,9.48,9.69,37800.0,36468.392
603219.SH,20260825,13.5,14.39,13.4,14.02,36981.0,51718.278
603220.SH,20260825,18.0,18.66,17.8,18.54,186239.63,341980.414
603221.SH,20260825,27.5,27.5,25.8,26.92,172166.56,460633.215
603222.SH,20260825,8.02,8.32,7.88,8.28,136362.22,111680.093
603223.SH,20260825,10.33,10.33,10.03,10.21,65498.6,66504.481
603225.SH,20260825,19.71,19.83,18.7,18.99,187689.74,356986.663
603226.SH,20260825,38.64,38.64,36.14,36.14,42230.91,154932.295
603227.SH,20260825,7.61,7.73,7.56,7.65,52896.62,40507.805
603228.SH,20260825,90.08,92.5,88.6,91.03,262590.9,2383003.622
603229.SH,20260825,7.9,8.18,7.78,8.15,84021.49,67304.135
603230.SH,20260825,9.11,9.25,9.11,9.23,16744.99,15435.815
603231.SH,20260825,15.93,16.42,15.85,16.39,29386.74,47622.475
603232.SH,20260825,14.45,15.03,14.39,14.95,51449.16,76239.814
603233.SH,20260825,17.69,18.63,17.6,18.41,134502.21,245300.342
603235.SH,20260825,22.99,23.29,22.75,23.19,3528.0,8171.606
603236.SH,20260825,56.48,57.26,55.93,56.65,79930.04,452302.576
603237.SH,20260825,14.39,14.4,14.13,14.36,11119.92,15926.487
603238.SH,20260825,12.15,12.47,12.07,12.42,22264.0,27473.428
603239.SH,20260825,14.03,14.32,13.96,14.19,25833.0,36539.71
603248.SH,20260825,18.07,18.47,18.0,18.35,17829.35,32584.817
603255.SH,20260825,28.98,30.84,28.21,30.7,38616.53,115170.071
603256.SH,20260825,130.53,135.9,127.46,133.16,109447.79,1440385.268
603257.SH,20260825,63.65,64.49,62.54,64.21,8015.99,50936.787
603258.SH,20260825,12.51,12.99,12.44,12.95,24236.2,31117.175
603259.SH,20260825,154.13,161.29,154.1,161.0,590509.98,9356630.203
603260.SH,20260825,33.4,33.49,32.81,33.21,96602.37,320470.984
603261.SH,20260825,49.5,50.39,47.64,50.0,14327.0,70823.863
603262.SH,20260825,18.21,18.5,18.1,18.35,30404.65,55570.879
603266.SH,20260825,15.5,15.9,15.31,15.85,16340.41,25590.331
603267.SH,20260825,46.19,47.75,45.2,47.34,57629.89,268863.451
603268.SH,20260825,181.5,192.0,178.0,191.2,116296.65,2181443.118
603269.SH,20260825,18.0,18.65,17.52,18.43,221739.52,403154.332
603270.SH,20260825,27.7,28.55,27.22,28.3,27882.0,77973.841
603271.SH,20260825,42.53,43.08,42.13,42.88,13160.19,56126.541
603272.SH,20260825,13.54,14.44,13.43,14.12,37972.0,52967.664
603273.SH,20260825,14.34,14.78,14.29,14.71,22353.07,32646.811
603275.SH,20260825,34.82,35.83,34.61,35.73,7658.0,27079.681
603276.SH,20260825,15.9,15.96,15.61,15.76,19142.4,30198.38
603277.SH,20260825,12.34,12.92,12.02,12.56,64367.2,80662.07
603278.SH,20260825,8.81,9.25,8.75,9.16,91881.0,83240.013
603279.SH,20260825,12.51,12.68,12.38,12.62,47456.18,59833.784
603280.SH,20260825,25.84,26.46,25.52,26.39,20471.2,53350.631
603281.SH,20260825,18.88,18.92,18.55,18.74,29927.2,56132.161
603282.SH,20260825,15.44,15.82,15.26,15.8,11953.0,18677.488
603283.SH,20260825,47.08,48.38,44.8,47.1,240201.39,1122485.616
603284.SH,20260825,42.01,43.68,41.81,43.52,18644.12,80343.135
603285.SH,20260825,33.85,35.3,33.0,34.6,52526.72,179631.508
603286.SH,20260825,40.52,41.62,39.7,41.37,17437.0,71029.2
603288.SH,20260825,35.8,36.09,35.55,35.96,127300.95,456690.96
603289.SH,20260825,8.68,9.07,8.61,9.03,43394.0,38698.648
603290.SH,20260825,89.98,93.7,88.51,92.99,100128.69,913889.008
603291.SH,20260825,8.99,9.18,8.9,8.99,42947.0,38820.519
603293.SH,20260825,34.42,35.53,34.41,35.53,10031.73,35179.859
603296.SH,20260825,74.67,75.96,73.51,75.0,158314.38,1183973.154
603297.SH,20260825,102.27,105.85,100.88,105.13,9937.75,102972.254
603298.SH,20260825,25.55,26.2,25.45,26.2,36862.09,95030.424
603299.SH,20260825,8.88,8.89,8.64,8.73,146052.49,127369.315
603300.SH,20260825,4.69,4.83,4.68,4.8,265596.17,126789.165
603301.SH,20260825,82.2,83.07,80.95,82.86,13390.0,110178.458
603303.SH,20260825,23.58,23.58,22.34,22.93,31138.0,71095.323
603305.SH,20260825,11.0,11.32,10.97,11.26,119469.84,133403.535
603306.SH,20260825,72.02,74.39,70.57,73.08,104140.11,755978.776
603307.SH,20260825,26.49,26.65,24.88,25.43,24197.25,62524.299
603308.SH,20260825,42.49,44.5,41.19,43.44,237995.59,1026025.869
603309.SH,20260825,11.3,11.45,11.18,11.41,42184.9,47936.54
603310.SH,20260825,14.53,14.72,14.51,14.71,11730.0,17176.622
603311.SH,20260825,27.81,28.28,27.33,28.0,27253.0,76171.493
603312.SH,20260825,31.89,32.15,31.35,31.91,8752.0,27878.763
603313.SH,20260825,5.98,6.14,5.98,6.13,138062.88,84163.775
603315.SH,20260825,11.3,11.72,11.3,11.67,42578.0,49213.755
603316.SH,20260825,13.5,14.0,13.2,13.93,68034.0,92961.229
603317.SH,20260825,13.42,13.77,13.33,13.44,108873.6,147353.027
603318.SH,20260825,9.42,10.24,9.35,10.24,745704.03,739024.999
603319.SH,20260825,25.12,26.36,24.47,26.21,102840.17,262680.271
603320.SH,20260825,16.68,18.61,16.66,17.9,78397.78,136819.433
603321.SH,20260825,6.25,6.44,6.23,6.43,30906.0,19649.262
603322.SH,20260825,25.4,25.57,24.53,25.4,28999.25,72962.105
603323.SH,20260825,4.25,4.27,4.21,4.22,374164.99,158319.778
603324.SH,20260825,26.98,27.42,25.95,27.13,29763.0,79679.349
603325.SH,20260825,53.0,54.15,52.83,53.87,3868.0,20720.194
603326.SH,20260825,6.95,7.19,6.93,7.17,34270.0,24339.5
603327.SH,20260825,9.5,9.68,9.38,9.61,351850.25,336034.848
603328.SH,20260825,10.53,10.98,10.33,10.91,187844.1,201992.276
603329.SH,20260825,10.43,10.67,10.35,10.6,37667.4,39736.467
603330.SH,20260825,10.94,11.46,10.35,10.94,1178607.62,1295313.994
603331.SH,20260825,12.36,12.82,12.34,12.8,25239.28,31850.369
603332.SH,20260825,11.39,11.61,11.38,11.58,35394.0,40782.054
603333.SH,20260825,9.34,9.93,9.25,9.75,404448.12,388335.146
603334.SH,20260825,31.06,32.12,31.0,31.72,14147.58,44818.508
603335.SH,20260825,6.64,6.75,6.47,6.66,102641.07,67916.689
603336.SH,20260825,8.91,9.25,8.84,8.99,156164.58,140908.738
603337.SH,20260825,37.65,39.2,36.74,39.09,74217.44,284200.547
603338.SH,20260825,55.2,58.86,54.66,58.8,90521.23,520887.453
603339.SH,20260825,13.72,14.42,13.58,14.31,102348.73,145172.239
603341.SH,20260825,35.94,37.36,35.69,36.92,59955.55,219656.708
603344.SH,20260825,22.21,23.45,22.02,23.13,29631.0,68013.271
603345.SH,20260825,78.54,78.54,75.59,77.25,107385.75,826622.264
603348.SH,20260825,14.05,14.46,14.05,14.42,20660.37,29644.614
603350.SH,20260825,27.78,28.47,27.62,28.37,3871.0,10872.959
603351.SH,20260825,26.3,27.7,26.0,27.11,18520.0,49876.733
603352.SH,20260825,25.11,25.7,25.06,25.62,7911.27,20170.438
603353.SH,20260825,29.93,31.48,29.45,30.93,35498.6,108426.628
603355.SH,20260825,27.94,29.21,27.48,28.85,28216.62,81197.755
603356.SH,20260825,16.45,17.05,16.35,16.91,28506.0,47760.448
603357.SH,20260825,5.98,6.09,5.98,6.09,34661.5,20955.94
603358.SH,20260825,45.71,46.5,44.82,45.98,52624.97,240642.917
603359.SH,20260825,2.09,2.18,2.09,2.17,57073.2,12237.203
603360.SH,20260825,12.41,13.77,12.4,13.77,116661.76,157842.229
603363.SH,20260825,2.82,2.92,2.81,2.91,242558.33,69952.685
603365.SH,20260825,17.3,18.08,17.29,18.0,29764.94,53123.461
603366.SH,20260825,7.2,7.51,7.16,7.44,389384.03,287477.327
603367.SH,20260825,13.91,14.79,13.85,14.71,208531.3,300621.318
603368.SH,20260825,15.71,15.97,15.66,15.87,42024.0,66679.858
603369.SH,20260825,27.8,28.27,27.64,27.82,111489.0,311037.516
603370.SH,20260825,32.03,32.65,31.68,32.5,5054.22,16296.994
603373.SH,20260825,38.55,40.31,38.04,39.96,18937.32,74181.086
603375.SH,20260825,36.56,37.69,36.11,37.51,13212.71,49054.966
603376.SH,20260825,26.03,27.08,24.75,26.9,33437.53,86613.66
603377.SH,20260825,2.87,2.96,2.86,2.89,31872.68,9256.629
603378.SH,20260825,6.07,6.83,6.07,6.75,187212.16,123800.044
603379.SH,20260825,58.0,60.65,57.01,59.52,84580.45,498855.228
603380.SH,20260825,33.99,34.32,33.0,33.93,34772.45,116842.238
603381.SH,20260825,15.35,16.04,15.06,15.79,92578.34,144584.69
603382.SH,20260825,18.13,19.38,18.13,19.02,66237.51,125396.304
603383.SH,20260825,27.83,28.74,27.72,28.6,27073.53,76678.954
603385.SH,20260825,5.4,5.65,5.4,5.62,27623.0,15361.987
603386.SH,20260825,13.53,13.87,13.21,13.84,47448.0,64525.105
603387.SH,20260825,9.13,9.35,9.09,9.34,81551.6,75625.119
603389.SH,20260825,42.37,44.25,41.64,43.93,29457.52,127359.329
603390.SH,20260825,9.81,9.92,9.45,9.89,78557.0,76470.239
603391.SH,20260825,66.81,69.6,66.72,69.19,23730.0,161517.639
603392.SH,20260825,27.82,28.22,27.41,28.1,92480.68,257236.139
603393.SH,20260825,24.25,25.5,24.23,25.26,139500.65,348422.234
603395.SH,20260825,25.77,28.55,25.76,28.55,135605.58,375668.731
603396.SH,20260825,25.21,26.06,25.19,25.85,26873.83,69077.875
603398.SH,20260825,9.43,10.2,9.35,10.12,81308.47,80285.206
603399.SH,20260825,14.98,15.2,14.4,14.53,577210.62,847676.799
603400.SH,20260825,45.0,45.0,42.46,44.1,35585.25,155709.542
603402.SH,20260825,62.22,65.45,62.17,63.78,25008.18,160688.196
603406.SH,20260825,28.63,29.65,28.31,29.47,38121.69,111428.647
603407.SH,20260825,55.9,56.4,53.7,55.79,50752.28,279939.657
603408.SH,20260825,10.67,11.53,10.67,11.4,91017.9,102109.369
603409.SH,20260825,17.93,18.25,17.72,18.21,18910.55,34232.165
603416.SH,20260825,43.26,45.36,43.0,45.13,16773.92,74218.021
603418.SH,20260825,43.55,43.61,43.16,43.45,6487.56,28161.384
603421.SH,20260825,5.82,5.98,5.73,5.98,65422.31,38681.222
603429.SH,20260825,8.58,9.06,8.58,8.99,31815.7,28365.755
603435.SH,20260825,48.42,49.67,46.7,49.16,17803.87,85990.152
603439.SH,20260825,12.25,12.61,11.88,12.35,144823.76,178613.277
603444.SH,20260825,379.65,386.48,377.3,385.09,10316.64,395235.797
603456.SH,20260825,15.51,16.71,15.51,16.49,354892.13,572317.313
603458.SH,20260825,9.1,9.75,8.88,9.64,185809.19,175450.528
603459.SH,20260825,83.55,88.27,81.8,87.04,99312.59,847866.874
603466.SH,20260825,11.01,11.17,10.85,11.14,361343.91,399870.256
603468.SH,20260825,23.43,23.84,23.35,23.74,26386.25,62451.7
603477.SH,20260825,14.15,14.74,14.06,14.72,151344.86,220136.829
603486.SH,20260825,53.92,57.14,53.63,56.21,129628.19,719231.824
603488.SH,20260825,8.03,8.33,7.94,8.27,59983.15,49092.816
603489.SH,20260825,27.99,28.35,27.55,28.28,20840.0,58345.384
603496.SH,20260825,23.56,24.08,23.51,23.87,61098.52,145763.031
603499.SH,20260825,11.64,11.97,11.47,11.84,34492.2,40546.571
603500.SH,20260825,9.26,9.43,9.14,9.35,36251.0,33720.263
603501.SH,20260825,80.9,85.98,80.1,85.55,226671.3,1893763.966
603505.SH,20260825,15.28,15.3,15.04,15.2,79075.8,120057.807
603506.SH,20260825,10.4,11.17,10.4,11.09,75040.0,81698.57
603507.SH,20260825,22.92,24.13,22.51,23.35,81332.79,189898.48
603508.SH,20260825,21.38,21.74,21.31,21.65,28171.75,60666.82
603511.SH,20260825,12.7,12.76,12.53,12.7,11635.99,14726.308
603515.SH,20260825,16.4,16.67,16.4,16.66,8231.49,13663.593
603516.SH,20260825,94.86,99.68,93.28,99.15,58299.17,566640.548
603517.SH,20260825,11.22,11.38,11.14,11.38,34933.0,39372.512
603518.SH,20260825,7.95,8.14,7.69,8.12,109977.4,87563.428
603519.SH,20260825,16.0,17.38,15.8,17.3,166935.99,282353.626
603520.SH,20260825,8.69,8.95,8.55,8.92,70495.0,62154.87
603527.SH,20260825,9.88,10.17,9.85,10.14,55082.0,55333.235
603528.SH,20260825,6.11,6.37,6.1,6.35,95410.71,60158.524
603529.SH,20260825,21.42,21.87,21.1,21.37,88745.84,189546.319
603530.SH,20260825,46.3,47.18,45.53,46.9,26950.4,125009.717
603533.SH,20260825,20.23,20.94,19.94,20.9,122928.0,252457.225
603535.SH,20260825,6.08,6.32,6.02,6.26,58595.0,36630.162
603536.SH,20260825,9.42,9.59,9.38,9.54,56923.0,54080.222
603538.SH,20260825,25.65,27.9,25.6,26.96,490891.16,1309546.465
603551.SH,20260825,9.14,9.35,9.03,9.33,49393.0,45604.725
603556.SH,20260825,24.8,25.51,24.52,25.31,68773.85,173233.366
603557.SH,20260825,3.43,3.45,3.33,3.42,77243.0,26241.701
603558.SH,20260825,11.88,11.97,11.72,11.78,38980.0,46160.421
603559.SH,20260825,8.82,9.1,8.81,9.04,83534.0,75298.64
603565.SH,20260825,13.7,13.7,12.38,12.53,800418.89,1025902.442
603566.SH,20260825,10.1,10.23,10.06,10.22,29248.62,29693.178
603567.SH,20260825,5.31,5.65,5.22,5.61,441666.0,242670.097
603568.SH,20260825,14.7,14.91,14.57,14.71,56883.23,83788.013
603569.SH,20260825,5.84,6.0,5.84,6.0,41572.0,24707.001
603577.SH,20260825,10.13,10.45,10.04,10.34,47625.0,48878.828
603578.SH,20260825,13.24,13.5,12.83,13.3,60938.9,80633.785
603579.SH,20260825,17.38,18.24,17.3,18.24,26178.0,47037.148
603580.SH,20260825,74.62,78.88,70.03,74.62,131212.87,975731.269
603583.SH,20260825,22.84,23.93,22.72,23.7,38421.19,89996.82
603585.SH,20260825,9.9,10.25,9.9,10.2,34691.2,35118.103
603586.SH,20260825,13.3,13.69,13.28,13.65,16078.0,21746.642
603587.SH,20260825,11.52,11.83,11.52,11.79,14446.0,16951.946
603588.SH,20260825,13.41,14.06,13.36,13.7,612414.21,840756.187
603589.SH,20260825,19.1,19.2,18.99,19.2,32125.31,61451.785
603590.SH,20260825,30.11,31.07,29.59,30.85,38014.0,115983.197
603595.SH,20260825,25.99,26.96,25.33,26.7,23794.0,62925.662
603596.SH,20260825,25.5,25.83,25.1,25.7,108933.01,277973.539
603598.SH,20260825,16.47,16.95,16.29,16.88,78426.0,130768.598
603599.SH,20260825,10.0,10.25,9.9,10.08,116942.0,118137.06
603600.SH,20260825,9.47,9.72,9.47,9.69,33808.0,32577.91
603601.SH,20260825,8.67,9.05,8.52,9.0,469409.4,415487.158
603602.SH,20260825,11.36,11.74,11.35,11.69,30137.71,34863.73
603605.SH,20260825,57.64,62.12,57.63,61.2,173185.47,1044084.512
603606.SH,20260825,34.64,34.95,34.4,34.8,130326.34,452459.343
603607.SH,20260825,21.26,21.65,20.98,21.65,28220.24,60232.389
603608.SH,20260825,17.88,18.01,17.1,17.73,113375.2,199819.673
603609.SH,20260825,6.34,6.45,6.3,6.43,33555.34,21524.503
603610.SH,20260825,14.9,15.32,14.73,15.17,50182.08,75548.414
603611.SH,20260825,16.8,17.24,16.75,17.19,19817.0,33784.911
603612.SH,20260825,16.64,16.93,16.46,16.83,82256.0,137657.311
603613.SH,20260825,17.81,18.35,17.76,18.18,63052.32,113961.906
603615.SH,20260825,16.3,16.97,16.17,16.92,30096.8,49945.772
603616.SH,20260825,5.37,5.58,5.31,5.56,88598.0,48696.518
603617.SH,20260825,6.65,6.82,6.63,6.8,44958.0,30368.41
603618.SH,20260825,27.02,29.98,26.22,29.02,850692.39,2426253.764
603619.SH,20260825,23.37,23.77,22.89,22.97,320579.52,747140.514
603626.SH,20260825,19.3,20.26,18.33,20.05,824650.49,1597722.313
603628.SH,20260825,9.65,9.75,9.5,9.74,25743.04,24899.959
603629.SH,20260825,117.1,122.32,115.66,119.3,280553.84,3345357.251
603630.SH,20260825,14.04,14.23,13.58,13.96,72639.0,101026.23
603633.SH,20260825,6.3,6.55,6.23,6.53,63353.83,40819.351
603636.SH,20260825,6.77,7.01,6.68,6.96,71303.0,49131.526
603637.SH,20260825,12.55,14.03,12.55,14.03,119228.69,162502.906
603638.SH,20260825,18.5,18.97,18.46,18.92,61995.32,116099.183
603639.SH,20260825,10.61,10.76,10.58,10.73,15264.56,16369.127
603648.SH,20260825,9.41,9.48,9.34,9.46,19240.0,18160.889
603650.SH,20260825,62.31,63.18,59.84,62.13,154760.31,952140.402
603655.SH,20260825,31.24,33.04,30.59,32.7,16640.99,52951.238
603656.SH,20260825,17.16,17.38,17.04,17.35,10346.0,17874.785
603657.SH,20260825,24.02,26.25,24.02,24.5,60255.2,150762.782
603658.SH,20260825,33.51,34.23,32.73,34.17,46250.81,156094.849
603659.SH,20260825,24.29,24.47,23.39,23.73,267503.59,635688.738
603660.SH,20260825,11.0,11.0,10.53,10.64,165289.0,176604.895
603661.SH,20260825,32.65,32.97,32.3,32.74,13351.0,43688.348
603662.SH,20260825,47.5,49.4,46.96,48.92,37751.0,182136.431
603663.SH,20260825,41.31,42.5,39.82,41.2,218635.81,894986.804
603665.SH,20260825,20.4,20.9,20.0,20.7,31540.0,64622.972
603666.SH,20260825,26.28,26.4,25.07,26.08,43957.56,113793.802
603667.SH,20260825,50.43,51.66,49.76,50.84,103640.69,524915.426
603668.SH,20260825,9.98,10.11,9.93,9.99,42773.2,42797.022
603669.SH,20260825,5.31,5.72,5.31,5.6,284964.17,158540.935
603676.SH,20260825,9.11,9.39,9.01,9.38,20920.5,19405.054
603677.SH,20260825,13.41,13.72,13.25,13.65,13782.0,18720.868
603678.SH,20260825,46.57,46.63,44.01,45.55,155113.95,703553.318
603679.SH,20260825,22.66,22.66,21.7,22.44,56539.0,125199.65
603680.SH,20260825,10.08,10.44,10.05,10.37,38029.0,39056.785
603681.SH,20260825,18.05,18.27,17.72,18.25,41053.98,73984.047
603682.SH,20260825,11.16,11.72,11.02,11.69,153597.0,175265.477
603683.SH,20260825,15.38,15.79,15.1,15.75,138370.0,214107.741
603685.SH,20260825,24.46,24.7,23.89,24.5,11959.0,28985.255
603686.SH,20260825,12.4,12.96,12.34,12.93,107039.0,136788.915
603687.SH,20260825,12.93,14.41,12.73,14.41,157799.75,214250.615
603688.SH,20260825,46.5,47.6,44.84,46.7,111767.1,516854.816
603689.SH,20260825,7.5,7.61,7.5,7.61,28038.0,21244.57
603690.SH,20260825,24.68,26.0,24.11,25.69,286098.95,719362.231
603693.SH,20260825,11.19,11.29,11.11,11.25,39624.7,44441.654
603696.SH,20260825,12.75,13.34,12.66,13.32,123290.56,161655.782
603697.SH,20260825,9.2,9.56,9.18,9.54,55538.98,52259.643
603698.SH,20260825,21.21,21.69,20.74,21.57,107924.71,229786.063
603699.SH,20260825,51.5,53.3,50.65,52.92,56469.39,294867.928
603700.SH,20260825,11.34,11.85,11.29,11.85,61000.0,70918.185
603701.SH,20260825,18.9,19.39,18.8,19.26,24744.0,47369.454
603703.SH,20260825,9.5,10.12,9.45,10.06,187925.96,184774.29
603706.SH,20260825,19.33,19.57,19.19,19.26,10493.14,20270.9
603707.SH,20260825,7.76,8.16,7.74,8.14,113533.31,90615.944
603708.SH,20260825,9.05,9.33,9.03,9.28,94154.78,86934.361
603709.SH,20260825,11.79,12.24,11.73,12.22,38705.9,46692.675
603711.SH,20260825,11.45,11.66,11.28,11.57,48181.0,55545.746
603712.SH,20260825,10.78,11.0,10.65,10.96,129152.52,140228.499
603713.SH,20260825,63.63,64.57,62.33,63.66,16976.52,107990.537
603716.SH,20260825,15.03,16.38,14.69,16.1,221299.51,347151.003
603717.SH,20260825,6.29,6.59,6.28,6.53,85800.99,55249.392
603718.SH,20260825,2.9,3.02,2.9,3.01,56782.5,16885.388
603719.SH,20260825,9.29,9.5,9.23,9.42,48777.0,45826.241
603721.SH,20260825,17.32,18.1,17.32,17.99,33366.0,59163.7
603722.SH,20260825,29.0,30.49,28.7,29.9,14915.0,44173.371
603725.SH,20260825,11.6,12.57,11.4,12.54,212508.0,258873.915
603726.SH,20260825,23.2,24.14,22.54,24.0,51918.87,121641.515
603727.SH,20260825,17.51,18.5,17.51,18.27,28581.83,51981.683
603728.SH,20260825,45.5,47.0,45.36,46.84,45629.09,211585.093
603729.SH,20260825,11.1,11.46,10.95,11.46,8410.41,9500.302
603730.SH,20260825,10.49,10.74,10.13,10.66,179283.3,187635.282
603733.SH,20260825,21.08,21.25,20.72,20.75,56336.15,117667.517
603737.SH,20260825,25.0,25.3,24.7,25.14,80525.49,201635.008
603738.SH,20260825,34.78,38.21,34.54,37.7,388516.49,1424944.324
603739.SH,20260825,12.2,12.61,12.0,12.54,55742.4,68996.874
603755.SH,20260825,23.06,23.71,23.02,23.6,8733.0,20454.419
603757.SH,20260825,61.08,67.36,61.08,66.11,175573.31,1146802.95
603758.SH,20260825,10.91,12.12,10.91,12.12,415921.01,485242.714
603759.SH,20260825,7.4,7.56,7.37,7.56,33749.39,25294.112
603766.SH,20260825,14.5,15.08,14.49,14.86,274864.51,409335.528
603767.SH,20260825,14.01,14.6,13.93,14.54,48463.22,69696.207
603768.SH,20260825,11.25,11.89,11.15,11.8,42690.5,49594.32
603773.SH,20260825,90.07,96.59,88.81,95.88,169710.41,1583831.352
603776.SH,20260825,20.28,20.55,20.18,20.44,12912.39,26273.405
603777.SH,20260825,13.09,13.61,12.88,13.49,38965.05,51941.751
603778.SH,20260825,9.19,9.45,9.01,9.39,215343.0,200046.308
603779.SH,20260825,7.87,8.02,7.71,7.96,147010.0,116335.107
603786.SH,20260825,39.4,39.67,38.7,39.37,15861.33,62343.914
603787.SH,20260825,10.08,10.38,10.05,10.36,30418.0,31300.049
603788.SH,20260825,13.77,14.06,13.75,14.04,9665.2,13488.812
603789.SH,20260825,6.13,6.27,6.13,6.17,24270.0,15049.246
603790.SH,20260825,24.26,24.27,23.76,24.0,27716.0,66565.477
603797.SH,20260825,4.68,4.78,4.68,4.74,74804.0,35487.859
603798.SH,20260825,12.58,13.25,12.47,13.17,45658.9,59264.167
603799.SH,20260825,39.9,40.0,38.67,39.13,527169.92,2067543.598
603800.SH,20260825,64.7,67.4,62.87,66.16,38694.8,252506.32
603801.SH,20260825,6.56,6.86,6.26,6.7,491964.27,324029.858
603803.SH,20260825,10.87,11.3,10.87,11.25,392789.77,437419.735
603806.SH,20260825,15.15,15.43,14.93,15.37,219203.13,334489.816
603808.SH,20260825,8.45,8.64,8.42,8.64,35737.0,30550.123
603809.SH,20260825,8.76,9.06,8.76,9.04,91435.42,81658.663
603810.SH,20260825,12.17,12.46,12.07,12.45,16963.0,20936.833
603811.SH,20260825,7.21,7.46,7.16,7.43,54617.17,40127.902
603813.SH,20260825,25.85,30.5,25.85,28.75,6901.0,19671.283
603815.SH,20260825,5.42,5.47,5.34,5.43,95172.0,51617.407
603816.SH,20260825,24.82,25.25,24.8,25.06,55794.52,139698.281
603817.SH,20260825,5.64,5.76,5.63,5.74,76493.0,43691.482
603818.SH,20260825,3.68,3.76,3.68,3.71,122829.0,45722.512
603819.SH,20260825,13.45,13.8,13.4,13.72,34546.0,47100.933
603822.SH,20260825,57.5,57.99,56.52,57.5,3625.0,20764.977
603823.SH,20260825,67.01,71.44,65.56,66.95,266750.5,1804433.36
603825.SH,20260825,8.03,8.17,8.01,8.11,12112.0,9808.336
603826.SH,20260825,16.09,16.15,15.6,15.8,78151.2,123801.197
603828.SH,20260825,4.9,5.33,4.87,5.32,45836.3,23446.51
603829.SH,20260825,14.96,15.49,14.79,15.43,32017.34,48788.392
603833.SH,20260825,31.8,32.69,31.63,32.5,30894.98,99662.949
603836.SH,20260825,9.01,9.24,8.91,9.21,25886.4,23677.169
603838.SH,20260825,11.87,11.99,11.38,11.66,42826.0,49877.915
603839.SH,20260825,7.18,7.3,7.02,7.28,39340.0,28297.888
603843.SH,20260825,7.06,7.35,7.01,7.28,114436.6,82432.217
603848.SH,20260825,12.72,13.56,12.69,13.34,55554.0,73419.821
603855.SH,20260825,15.98,16.06,15.84,16.04,10073.0,16093.117
603856.SH,20260825,11.38,11.4,11.25,11.39,36897.3,41795.566
603858.SH,20260825,15.1,15.33,15.1,15.31,38032.29,58036.865
603859.SH,20260825,36.7,37.77,36.43,37.61,36539.68,136067.043
603860.SH,20260825,25.93,26.77,25.93,26.72,9449.7,25048.947
603861.SH,20260825,11.81,12.0,11.7,11.93,53265.0,63404.112
603863.SH,20260825,12.43,13.03,12.26,12.78,67583.0,85981.471
603866.SH,20260825,4.17,4.3,4.16,4.27,118555.65,50501.879
603867.SH,20260825,29.03,29.21,28.41,28.91,63995.2,184205.541
603868.SH,20260825,29.87,30.36,29.84,30.34,7497.0,22675.046
603869.SH,20260825,8.66,8.78,8.55,8.73,6789.32,5890.557
603871.SH,20260825,12.65,12.92,12.62,12.88,85848.94,109971.801
603876.SH,20260825,23.22,23.66,22.38,22.56,214883.88,489441.658
603877.SH,20260825,12.48,12.76,12.41,12.61,13587.41,17118.04
603878.SH,20260825,4.95,5.17,4.95,5.15,125863.93,64211.439
603879.SH,20260825,5.5,5.62,5.4,5.58,73405.3,40746.0
603880.SH,20260825,8.6,9.25,8.6,9.04,131561.56,117512.169
603881.SH,20260825,24.51,25.44,24.07,24.99,378738.58,938312.788
603882.SH,20260825,29.59,29.81,28.91,29.3,126807.6,372391.946
603883.SH,20260825,13.01,13.26,12.92,13.22,107538.02,141572.814
603885.SH,20260825,10.44,10.55,10.39,10.53,68878.0,72208.961
603886.SH,20260825,11.8,12.17,11.5,12.05,87719.04,104631.092
603887.SH,20260825,9.07,9.57,8.78,9.28,427646.18,393872.578
603888.SH,20260825,15.79,16.25,15.77,16.2,63429.31,102059.039
603889.SH,20260825,5.57,5.74,5.57,5.72,121961.4,69237.989
603890.SH,20260825,17.85,18.63,17.59,18.37,327426.05,594437.657
603893.SH,20260825,171.23,176.5,170.88,175.06,67148.47,1171206.029
603895.SH,20260825,24.92,25.25,24.11,24.94,12448.0,30819.778
603896.SH,20260825,14.73,15.18,14.67,15.15,19432.36,29315.742
603897.SH,20260825,29.5,31.48,29.2,31.05,124261.74,380397.725
603898.SH,20260825,11.17,11.34,11.15,11.29,19248.0,21698.995
603899.SH,20260825,22.46,22.77,22.31,22.65,27676.0,62688.752
603900.SH,20260825,6.58,6.97,6.36,6.56,362880.56,239844.743
603901.SH,20260825,9.29,9.54,9.17,9.5,61100.23,57416.53
603903.SH,20260825,14.29,14.4,13.89,14.19,80941.0,114449.175
603906.SH,20260825,19.69,19.8,18.93,19.24,173824.25,334810.255
603908.SH,20260825,18.98,19.53,18.9,19.45,11754.6,22676.224
603909.SH,20260825,9.43,9.85,9.43,9.79,16608.0,16096.17
603912.SH,20260825,8.07,9.08,8.07,9.08,413134.0,361157.863
603915.SH,20260825,12.86,13.23,12.84,13.18,33695.0,44058.297
603916.SH,20260825,11.38,11.61,11.28,11.6,74432.0,85395.642
603917.SH,20260825,12.19,12.7,12.08,12.68,29640.0,37086.776
603918.SH,20260825,10.25,10.98,10.13,10.87,245166.07,263595.604
603919.SH,20260825,16.13,16.77,16.09,16.41,69894.0,115136.743
603920.SH,20260825,36.17,37.55,35.84,37.17,158537.05,582947.615
603922.SH,20260825,13.96,14.05,13.7,13.84,12609.0,17506.881
603926.SH,20260825,15.95,16.2,15.44,15.93,55046.4,87338.067
603927.SH,20260825,13.1,13.46,13.1,13.44,91307.0,122015.044
603928.SH,20260825,12.23,12.31,11.85,12.26,99403.6,120330.593
603929.SH,20260825,160.39,164.33,156.64,160.91,55226.0,884303.251
603931.SH,20260825,34.3,35.47,33.38,35.08,41086.0,142029.271
603933.SH,20260825,18.53,19.21,18.34,19.11,35635.4,67077.333
603936.SH,20260825,16.57,17.44,16.56,17.21,438317.03,745519.375
603937.SH,20260825,11.63,11.96,11.53,11.95,42090.0,49603.186
603938.SH,20260825,40.37,42.33,39.1,41.59,133128.0,542399.213
603939.SH,20260825,23.71,23.97,23.49,23.8,78590.05,186574.192
603948.SH,20260825,20.21,20.65,20.13,20.47,8135.0,16629.529
603949.SH,20260825,13.8,14.19,13.62,14.14,24597.0,34391.59
603950.SH,20260825,60.0,65.56,59.01,64.93,94413.02,595828.229
603955.SH,20260825,19.14,20.12,19.02,20.1,27486.83,54009.552
603956.SH,20260825,5.97,6.15,5.92,6.15,184753.99,111997.994
603958.SH,20260825,22.61,24.44,21.88,22.26,456148.97,1055211.31
603959.SH,20260825,5.03,5.19,4.95,5.18,78723.0,40055.721
603960.SH,20260825,15.49,16.03,15.41,15.93,29278.22,46304.814
603966.SH,20260825,7.71,8.16,7.66,7.99,92367.56,73820.229
603967.SH,20260825,11.31,11.9,11.28,11.84,65751.0,77190.91
603968.SH,20260825,10.27,10.6,10.21,10.57,18517.0,19392.739
603969.SH,20260825,7.06,7.59,7.05,7.37,333009.94,245429.035
603970.SH,20260825,10.53,10.86,10.53,10.75,22994.08,24750.208
603976.SH,20260825,27.5,28.45,27.13,28.18,33752.0,94286.307
603977.SH,20260825,11.3,11.54,11.01,11.51,96736.53,109751.294
603978.SH,20260825,18.95,19.16,18.33,19.03,53893.01,101390.719
603979.SH,20260825,74.25,75.12,72.21,73.37,65244.9,480770.776
603980.SH,20260825,6.7,6.7,6.4,6.55,237631.0,155460.768
603982.SH,20260825,6.04,6.23,6.0,6.22,33476.26,20606.613
603983.SH,20260825,26.36,26.57,25.95,26.36,20886.06,54876.73
603985.SH,20260825,16.07,16.5,15.76,16.4,71676.58,116132.81
603986.SH,20260825,367.0,398.5,367.0,395.51,396495.25,15343138.13
603987.SH,20260825,7.38,7.56,7.38,7.53,54541.0,40915.635
603988.SH,20260825,20.67,21.1,19.67,20.06,95652.68,194276.677
603989.SH,20260825,26.82,27.84,25.98,27.41,131823.77,355259.927
603990.SH,20260825,22.62,23.48,22.31,23.45,139520.29,319684.362
603991.SH,20260825,130.0,134.65,126.5,134.49,17226.0,225484.547
603992.SH,20260825,21.19,21.57,20.87,21.57,34886.43,74175.949
603993.SH,20260825,18.8,18.94,18.18,18.42,1863338.65,3440586.915
603995.SH,20260825,24.39,25.04,24.13,24.47,52493.98,128259.317
603997.SH,20260825,11.38,11.5,11.25,11.45,117196.31,133637.54
603998.SH,20260825,9.66,10.12,9.6,10.1,124687.13,124081.291
603999.SH,20260825,5.51,5.72,5.49,5.71,66938.8,37798.641
605001.SH,20260825,5.78,6.04,5.73,6.02,118778.3,70493.341
605003.SH,20260825,21.66,22.58,21.66,22.48,13641.0,30418.357
605005.SH,20260825,15.75,16.12,15.43,16.03,18713.0,29570.632
605006.SH,20260825,13.47,13.91,13.09,13.71,175638.42,237518.01
605007.SH,20260825,14.83,14.97,14.72,14.88,31673.0,47058.874
605008.SH,20260825,13.14,13.33,12.65,12.91,74182.0,95464.073
605009.SH,20260825,24.37,25.14,24.37,25.14,24968.7,61963.084
605011.SH,20260825,16.59,16.68,16.38,16.64,22723.0,37682.448
605016.SH,20260825,19.64,20.26,19.3,20.1,57843.0,114698.997
605018.SH,20260825,11.88,12.28,11.82,12.23,65874.0,79700.753
605020.SH,20260825,31.19,31.3,30.44,30.97,85911.12,265001.746
605028.SH,20260825,24.2,24.38,23.79,24.26,5593.0,13502.909
605033.SH,20260825,18.9,19.47,18.82,19.28,38366.95,73752.244
605050.SH,20260825,10.13,10.32,10.13,10.28,12817.0,13148.878
605055.SH,20260825,9.61,9.95,9.58,9.87,38040.0,37247.765
605056.SH,20260825,13.76,14.17,13.6,14.1,57069.55,79754.042
605058.SH,20260825,26.59,27.05,25.55,26.88,22681.0,60298.116
605060.SH,20260825,41.74,43.3,40.79,42.38,41404.8,174981.719
605066.SH,20260825,7.21,7.25,7.1,7.21,72412.27,52080.299
605068.SH,20260825,16.85,17.76,16.76,17.6,50049.0,86451.258
605069.SH,20260825,10.37,10.94,10.36,10.89,44346.6,47456.39
605077.SH,20260825,10.71,11.02,10.68,10.96,31810.42,34674.291
605080.SH,20260825,22.49,22.8,21.87,22.12,38304.0,84880.554
605086.SH,20260825,24.75,25.76,24.61,25.59,22052.99,55824.923
605088.SH,20260825,20.0,20.4,19.6,20.33,50214.0,100522.463
605089.SH,20260825,20.0,20.45,19.82,20.37,8782.11,17754.563
605090.SH,20260825,34.6,35.36,34.35,35.13,86090.45,302011.361
605098.SH,20260825,55.4,57.19,54.8,56.85,9822.4,55321.787
605099.SH,20260825,33.08,33.45,30.63,33.27,44214.99,141567.268
605100.SH,20260825,33.97,35.1,33.0,33.21,47615.78,163059.533
605108.SH,20260825,12.23,12.84,12.23,12.79,35247.0,44660.179
605111.SH,20260825,56.44,59.96,56.09,58.67,209050.71,1213937.525
605116.SH,20260825,19.48,20.03,19.19,19.98,36661.0,72432.908
605117.SH,20260825,92.88,96.5,91.66,95.01,101729.02,961957.398
605118.SH,20260825,28.5,28.82,27.83,28.69,17976.0,51048.567
605122.SH,20260825,11.41,11.74,11.41,11.67,27612.6,32152.339
605123.SH,20260825,74.91,76.92,74.29,75.96,13248.73,100347.483
605128.SH,20260825,23.1,23.66,22.87,23.23,28710.9,66699.333
605133.SH,20260825,27.8,28.45,27.5,28.05,47626.0,132998.492
605136.SH,20260825,7.85,8.22,7.78,8.17,69067.0,55819.591
605138.SH,20260825,5.72,5.84,5.55,5.81,69157.0,39381.167
605151.SH,20260825,19.0,19.54,19.0,19.43,10965.14,21183.364
605155.SH,20260825,13.83,14.19,13.8,14.19,13561.28,19033.738
605158.SH,20260825,7.57,7.94,7.53,7.89,77558.65,60141.005
605162.SH,20260825,8.71,9.39,8.71,9.0,275877.85,248022.654
605166.SH,20260825,8.17,8.38,8.12,8.32,43086.0,35631.252
605167.SH,20260825,14.51,14.84,14.08,14.5,78395.0,113212.101
605168.SH,20260825,47.5,48.31,46.05,46.87,56340.37,265673.597
605169.SH,20260825,10.73,11.38,10.71,11.28,58103.16,65005.475
605177.SH,20260825,20.59,20.63,19.9,20.38,40123.11,81640.029
605178.SH,20260825,64.88,66.17,63.23,66.04,26657.2,173089.921
605179.SH,20260825,27.81,30.13,27.81,29.94,277454.75,812540.337
605180.SH,20260825,12.3,13.09,12.3,13.05,37930.0,48638.156
605183.SH,20260825,14.37,14.48,14.21,14.25,17843.0,25524.231
605186.SH,20260825,25.72,26.0,25.09,25.95,13994.0,35892.432
605188.SH,20260825,12.06,12.24,11.84,12.05,58002.0,69698.341
605189.SH,20260825,14.8,14.9,14.1,14.81,99386.09,145473.173
605196.SH,20260825,34.2,34.2,32.75,33.8,114805.17,382011.649
605198.SH,20260825,63.79,67.55,61.75,64.07,75447.66,483964.374
605199.SH,20260825,5.77,6.02,5.77,6.0,10299.0,6082.487
605208.SH,20260825,13.79,14.28,13.61,14.09,102677.35,143328.343
605218.SH,20260825,14.19,14.78,14.16,14.68,19312.12,28116.173
605222.SH,20260825,19.31,20.35,19.24,20.05,74668.0,148279.195
605228.SH,20260825,10.23,10.53,10.15,10.49,40443.42,42087.73
605255.SH,20260825,66.18,67.48,66.01,67.24,3822.0,25578.741
605258.SH,20260825,27.1,28.43,27.0,28.33,25484.0,71540.963
605259.SH,20260825,17.32,17.67,17.24,17.53,6964.22,12204.955
605266.SH,20260825,16.44,16.88,16.3,16.86,13222.48,22074.429
605268.SH,20260825,9.26,9.51,9.17,9.49,50437.55,47559.006
605277.SH,20260825,14.51,15.3,14.4,15.17,71052.43,106520.206
605286.SH,20260825,26.86,27.29,25.55,26.99,110707.34,291113.923
605287.SH,20260825,38.5,39.2,38.1,38.78,26539.25,102913.401
605288.SH,20260825,56.1,56.56,54.5,55.99,12926.76,71802.431
605289.SH,20260825,105.03,108.0,102.7,106.95,30320.0,320040.093
605296.SH,20260825,30.79,32.31,30.7,32.08,41220.4,130789.084
605298.SH,20260825,47.04,47.9,46.21,47.75,7245.0,34208.831
605299.SH,20260825,12.5,12.88,12.33,12.86,98033.83,124550.04
605300.SH,20260825,9.51,9.82,9.51,9.82,20636.01,20104.762
605303.SH,20260825,21.28,22.85,20.8,22.85,36822.0,83424.017
605305.SH,20260825,36.3,37.7,36.1,37.52,30283.4,112314.054
605318.SH,20260825,73.2,74.84,72.08,73.9,9861.0,72354.785
605319.SH,20260825,24.4,25.91,24.22,25.72,60775.0,153995.679
605333.SH,20260825,16.87,17.28,16.58,17.22,51933.0,88089.999
605336.SH,20260825,10.66,10.85,10.66,10.76,8202.0,8830.811
605337.SH,20260825,9.1,9.38,9.1,9.36,29076.6,27025.954
605338.SH,20260825,18.68,18.8,18.44,18.57,19689.11,36637.749
605339.SH,20260825,13.71,14.08,13.71,13.95,13136.0,18322.703
605358.SH,20260825,43.01,43.89,41.52,43.22,414723.55,1774399.633
605365.SH,20260825,14.08,14.4,14.0,14.31,87739.0,124587.6
605366.SH,20260825,7.74,7.82,7.47,7.76,143723.12,110107.758
605368.SH,20260825,6.74,6.78,6.71,6.73,35000.03,23613.021
605369.SH,20260825,16.95,16.95,16.32,16.84,16120.45,26829.92
605376.SH,20260825,144.92,150.3,138.88,147.55,92716.67,1348459.513
605377.SH,20260825,8.93,9.28,8.72,8.85,137211.91,122843.802
605378.SH,20260825,13.96,14.42,13.92,14.39,20745.98,29581.889
605388.SH,20260825,5.87,6.14,5.84,6.1,90816.46,54924.503
605389.SH,20260825,69.28,70.6,67.87,69.5,6093.6,42183.877
605398.SH,20260825,19.8,20.4,19.66,20.31,11635.0,23416.961
605399.SH,20260825,10.63,10.79,10.5,10.75,29013.9,30931.156
605488.SH,20260825,29.32,30.54,29.06,29.99,53177.4,158817.527
605499.SH,20260825,121.0,124.5,120.33,123.7,65655.91,809918.585
605500.SH,20260825,6.87,7.16,6.87,7.15,54299.0,38467.188
605507.SH,20260825,15.36,15.54,15.29,15.39,29284.6,45171.418
605555.SH,20260825,11.91,12.25,11.91,12.02,57722.64,69743.511
605566.SH,20260825,24.98,25.75,24.97,25.62,22063.0,55978.616
605567.SH,20260825,9.02,9.28,8.92,9.28,21977.08,20184.249
605577.SH,20260825,9.61,10.12,9.61,9.99,72344.9,71566.99
605580.SH,20260825,17.2,17.58,16.92,17.45,31920.0,55056.879
605588.SH,20260825,46.82,47.11,44.94,46.81,11111.42,51284.087
605589.SH,20260825,36.72,37.79,35.86,37.31,215893.31,795187.35
605598.SH,20260825,25.8,26.99,25.42,26.8,34964.02,92593.395
605599.SH,20260825,17.3,17.46,16.34,16.51,137530.63,230422.417
688001.SH,20260825,50.64,52.18,48.64,51.29,62764.65,317165.757
688002.SH,20260825,156.1,159.08,153.41,158.27,88252.0,1377474.097
688003.SH,20260825,81.41,82.73,77.86,81.8,48908.47,394435.537
688004.SH,20260825,21.35,21.73,20.95,21.55,15287.98,32701.574
688005.SH,20260825,26.74,26.97,25.88,26.09,105874.24,278050.411
688006.SH,20260825,22.43,22.43,21.58,22.17,88162.8,193806.603
688007.SH,20260825,9.96,10.42,9.88,10.38,61540.35,62869.145
688008.SH,20260825,189.48,196.16,186.5,194.42,237094.26,4544079.846
688009.SH,20260825,4.96,4.98,4.89,4.96,306826.3,151704.446
688010.SH,20260825,25.57,26.45,24.89,26.32,27125.05,69893.998
688011.SH,20260825,77.72,78.49,74.16,77.27,17142.79,131143.626
688012.SH,20260825,356.34,359.36,341.64,354.0,143004.51,5029704.935
688013.SH,20260825,25.13,25.71,24.8,25.43,8331.21,21108.878
688015.SH,20260825,15.41,15.97,15.33,15.93,13471.24,21186.997
688016.SH,20260825,90.4,91.74,89.8,91.39,10030.82,91244.909
688017.SH,20260825,292.5,305.66,290.58,301.76,65060.36,1943836.555
688018.SH,20260825,106.88,111.41,106.8,109.0,26369.7,288343.888
688019.SH,20260825,238.0,238.23,228.38,233.6,58626.26,1369329.1
688020.SH,20260825,116.0,123.3,111.97,122.25,39249.8,466551.28
688021.SH,20260825,20.36,21.38,20.08,21.18,22597.9,47313.148
688022.SH,20260825,8.58,8.64,8.44,8.64,14902.9,12723.796
688023.SH,20260825,37.35,38.06,36.93,37.81,14695.73,55353.407
688025.SH,20260825,401.12,423.88,393.0,415.1,41252.2,1689520.696
688026.SH,20260825,15.34,16.05,15.15,16.02,47658.2,74665.162
688027.SH,20260825,364.43,377.58,361.0,373.59,11239.11,416436.788
688028.SH,20260825,85.35,90.8,83.88,89.65,45787.8,402854.571
688029.SH,20260825,73.8,77.01,73.3,76.76,28708.1,217717.252
688030.SH,20260825,16.18,16.7,16.0,16.59,22989.3,37824.387
688031.SH,20260825,101.51,102.19,97.6,101.46,29672.45,297246.981
688032.SH,20260825,73.89,74.42,72.44,74.2,8445.88,62311.628
688033.SH,20260825,6.11,6.12,6.01,6.09,29809.15,18099.172
688035.SH,20260825,63.9,65.5,61.6,64.56,45580.14,290025.657
688036.SH,20260825,56.88,59.5,56.6,59.1,132352.88,772918.302
688037.SH,20260825,358.0,366.0,337.01,355.65,52935.79,1852491.642
688038.SH,20260825,17.9,18.23,17.58,18.01,16211.17,29136.593
688039.SH,20260825,32.56,33.33,31.98,32.79,16946.7,55346.335
688041.SH,20260825,226.98,234.59,225.75,232.06,182565.84,4223331.422
688045.SH,20260825,57.0,58.2,54.74,57.91,16976.85,96212.094
688046.SH,20260825,32.68,35.05,32.4,34.49,170835.78,577837.32
688047.SH,20260825,101.97,103.88,100.7,103.4,26469.95,271285.451
688048.SH,20260825,287.52,296.15,279.0,289.6,64241.09,1848945.711
688049.SH,20260825,38.0,39.98,37.69,39.68,65389.54,254727.755
688050.SH,20260825,39.18,41.86,39.02,41.8,41791.03,170575.219
688051.SH,20260825,23.98,24.96,23.62,24.89,8155.93,19982.469
688052.SH,20260825,229.14,237.36,224.73,235.18,28671.12,666432.298
688053.SH,20260825,34.29,36.65,34.29,36.23,6644.93,23619.641
688055.SH,20260825,3.7,3.72,3.58,3.7,111589.5,40838.839
688056.SH,20260825,40.86,42.26,39.84,41.86,7553.86,31073.197
688057.SH,20260825,17.23,18.43,17.23,18.3,46460.3,83585.264
688058.SH,20260825,22.3,23.05,22.1,22.86,7038.3,15936.508
688059.SH,20260825,86.0,86.5,81.56,85.99,41805.38,353484.112
688060.SH,20260825,33.96,35.6,33.33,35.22,3863.07,13425.689
688061.SH,20260825,35.04,38.84,34.55,38.17,22267.37,82752.385
688062.SH,20260825,29.13,30.2,28.52,29.99,98140.31,287808.585
688063.SH,20260825,43.49,43.93,42.5,43.5,48934.7,211765.312
688065.SH,20260825,42.84,43.47,42.35,43.31,48700.7,209315.756
688066.SH,20260825,7.94,8.2,7.79,8.13,46560.08,37503.274
688067.SH,20260825,22.3,23.25,22.18,23.18,9374.85,21405.439
688068.SH,20260825,98.05,99.9,94.5,99.02,31227.83,303657.55
688069.SH,20260825,34.6,36.83,33.97,36.01,39706.15,141294.209
688070.SH,20260825,33.5,34.25,32.62,34.04,13831.86,46640.337
688071.SH,20260825,32.02,34.15,31.4,32.66,24872.15,81422.053
688072.SH,20260825,677.57,677.97,633.35,654.99,58194.11,3787903.439
688073.SH,20260825,64.55,65.8,62.01,65.0,53639.74,343286.116
688075.SH,20260825,29.3,29.81,28.94,29.72,5310.86,15655.906
688076.SH,20260825,27.21,28.12,27.01,27.93,26863.43,74234.232
688077.SH,20260825,28.23,29.67,28.02,29.22,37101.56,107388.268
688078.SH,20260825,22.82,23.88,22.59,23.78,10848.06,25484.533
688079.SH,20260825,15.25,15.85,14.65,15.61,132005.33,202643.935
688080.SH,20260825,35.7,36.79,35.44,36.78,7250.81,26326.293
688081.SH,20260825,28.3,29.09,27.62,28.86,12197.57,34783.859
688082.SH,20260825,295.22,298.99,283.31,292.38,46034.62,1342796.96
688083.SH,20260825,51.62,53.63,50.81,52.91,24837.6,130241.11
688084.SH,20260825,41.05,42.96,39.58,42.6,20510.22,84497.829
688085.SH,20260825,13.11,13.37,12.92,13.35,22045.89,29121.412
688087.SH,20260825,41.1,43.07,40.31,41.89,32142.84,135533.694
688088.SH,20260825,29.7,29.88,28.4,29.32,92396.93,267778.444
688089.SH,20260825,7.5,7.83,7.5,7.78,19558.89,15144.812
688090.SH,20260825,65.99,72.59,65.99,71.51,98233.29,683387.538
688091.SH,20260825,36.88,37.26,36.13,36.8,38317.28,140607.074
688092.SH,20260825,22.58,22.94,22.17,22.91,6760.82,15338.483
688093.SH,20260825,21.98,21.98,20.03,21.51,92362.41,192930.888
688095.SH,20260825,56.21,58.39,55.89,58.14,20199.48,115842.004
688096.SH,20260825,8.29,8.64,8.18,8.57,61787.78,52381.421
688097.SH,20260825,48.11,48.37,45.55,47.47,64257.16,301864.504
688098.SH,20260825,7.92,8.14,7.88,8.12,21964.89,17691.198
688099.SH,20260825,89.5,92.39,88.0,91.35,79908.71,724103.1
688100.SH,20260825,25.02,26.07,25.02,25.92,33551.34,85793.771
688101.SH,20260825,14.38,14.69,14.3,14.66,24256.65,35228.158
688102.SH,20260825,31.33,32.68,31.23,32.4,131127.68,420036.43
688103.SH,20260825,74.53,74.53,70.46,73.65,20085.61,145941.652
688105.SH,20260825,22.12,22.97,22.0,22.46,156611.11,351533.835
688106.SH,20260825,26.8,27.13,26.01,26.87,133485.48,355601.307
688107.SH,20260825,29.76,30.4,29.2,30.15,56954.46,170167.03
688108.SH,20260825,17.22,17.62,17.01,17.5,73013.05,126720.733
688109.SH,20260825,71.26,72.41,69.2,70.93,5424.13,38229.817
688110.SH,20260825,112.81,114.93,110.1,113.97,176688.71,1996754.472
688111.SH,20260825,231.0,237.0,231.0,234.75,47535.53,1114944.679
688112.SH,20260825,68.16,69.85,65.13,68.95,34814.09,236024.007
688113.SH,20260825,35.55,37.47,34.91,37.12,8440.65,30922.321
688114.SH,20260825,69.21,71.9,67.17,69.18,154940.24,1078653.506
688115.SH,20260825,64.67,66.0,62.15,63.37,24649.25,156841.034
688116.SH,20260825,33.01,33.28,31.98,32.3,73112.81,237802.292
688117.SH,20260825,24.1,24.67,23.46,24.61,67035.04,161810.832
688118.SH,20260825,19.81,20.55,19.6,20.37,19626.25,39426.617
688119.SH,20260825,3.85,3.98,3.82,3.93,112298.72,44055.237
688120.SH,20260825,264.07,268.18,254.07,262.5,87603.12,2281119.051
688121.SH,20260825,1.86,1.89,1.81,1.82,65235.73,11944.598
688122.SH,20260825,47.89,48.76,47.68,48.3,59310.13,285600.74
688123.SH,20260825,130.72,132.17,124.0,130.03,70595.39,907031.871
688125.SH,20260825,116.12,121.2,112.0,120.08,8499.09,99607.907
688126.SH,20260825,24.0,24.52,23.02,24.16,619124.77,1472245.879
688127.SH,20260825,61.08,63.32,59.21,62.26,76777.81,469463.17
688128.SH,20260825,21.37,21.44,20.81,21.24,33324.26,70295.719
688129.SH,20260825,20.87,21.99,20.57,21.86,14427.06,30953.377
688130.SH,20260825,23.58,23.8,22.69,23.53,18026.58,42102.565
688131.SH,20260825,91.38,98.89,90.6,98.02,70416.5,672475.261
688132.SH,20260825,13.2,13.61,13.07,13.55,9739.84,13031.77
688133.SH,20260825,22.1,23.85,21.66,23.78,56391.42,129106.109
688135.SH,20260825,24.36,25.53,23.88,25.3,92491.85,229381.185
688136.SH,20260825,23.6,24.34,21.81,22.89,234785.43,532137.5
688137.SH,20260825,74.0,87.0,71.0,83.52,75775.56,610220.813
688138.SH,20260825,33.5,34.25,31.99,33.77,69297.35,230167.801
688139.SH,20260825,29.09,30.16,28.67,30.01,42261.17,125698.137
688141.SH,20260825,113.2,118.33,108.75,117.32,126566.75,1444674.178
688143.SH,20260825,141.4,171.24,141.2,168.8,212348.0,3402276.489
688146.SH,20260825,242.88,250.8,238.0,247.0,108821.75,2661538.604
688147.SH,20260825,116.36,116.36,108.51,111.97,109229.49,1216092.624
688148.SH,20260825,6.2,6.34,6.12,6.3,154159.67,95891.611
688150.SH,20260825,37.99,38.2,36.37,37.85,61582.38,229993.882
688151.SH,20260825,15.74,16.22,15.54,15.97,25961.93,41359.178
688152.SH,20260825,31.28,31.72,30.6,31.5,38625.16,120369.413
688153.SH,20260825,24.26,25.03,23.36,24.79,64662.04,156677.415
688155.SH,20260825,59.29,60.04,57.82,60.01,23659.6,139484.009
688156.SH,20260825,19.12,19.82,18.98,19.59,24205.83,47021.766
688157.SH,20260825,19.15,19.6,18.8,19.41,20665.11,39750.901
688158.SH,20260825,29.3,30.03,28.8,29.75,143783.66,423539.511
688159.SH,20260825,31.55,32.96,30.66,32.58,27863.49,89271.966
688160.SH,20260825,94.0,100.53,91.51,99.35,16572.75,159878.599
688161.SH,20260825,21.71,22.38,21.52,22.34,12257.94,27047.611
688162.SH,20260825,23.24,24.48,23.2,24.34,23944.59,57324.245
688163.SH,20260825,34.1,34.85,33.3,34.29,10946.68,37340.891
688165.SH,20260825,15.83,16.65,15.73,16.5,63898.08,103835.492
688166.SH,20260825,34.31,35.04,33.78,34.85,111469.98,384337.324
688167.SH,20260825,264.23,269.0,253.0,264.59,67575.03,1766382.082
688168.SH,20260825,34.06,35.59,33.52,35.36,27945.91,96842.888
688169.SH,20260825,125.0,135.0,125.0,135.0,193960.95,2557389.04
688170.SH,20260825,51.81,53.28,49.6,52.41,30506.48,157268.918
688171.SH,20260825,26.1,28.12,25.89,27.77,17494.88,47652.207
688172.SH,20260825,53.0,53.3,49.28,52.03,116054.96,597330.356
688173.SH,20260825,13.5,13.8,13.15,13.72,86425.37,117171.824
688175.SH,20260825,18.47,19.85,18.47,19.85,25225.96,48817.846
688176.SH,20260825,11.48,11.89,11.28,11.82,98408.73,114757.48
688177.SH,20260825,19.97,20.23,19.57,20.14,29558.15,58951.463
688178.SH,20260825,27.36,28.1,26.4,27.13,19577.33,53059.491
688179.SH,20260825,20.85,20.95,19.62,20.25,151099.35,303209.123
688180.SH,20260825,34.54,35.32,34.08,35.25,160431.84,557749.277
688181.SH,20260825,37.55,38.23,36.25,38.07,36966.82,137990.44
688182.SH,20260825,27.36,28.3,26.72,28.0,49776.51,137306.771
688183.SH,20260825,100.48,105.9,99.11,103.0,106151.46,1086361.865
688184.SH,20260825,10.88,11.01,10.83,10.93,6437.58,7037.962
688185.SH,20260825,72.52,73.8,68.0,71.35,134640.82,962638.691
688186.SH,20260825,13.12,13.84,12.7,13.73,53251.52,71440.471
688187.SH,20260825,47.59,47.8,46.77,47.41,31240.23,147941.703
688188.SH,20260825,97.8,100.49,97.21,99.73,18232.98,181641.029
688189.SH,20260825,6.35,6.52,6.32,6.5,20762.66,13354.282
688190.SH,20260825,71.11,72.8,71.07,72.54,5846.45,42099.162
688191.SH,20260825,21.3,21.49,20.26,21.37,56522.58,118671.834
688192.SH,20260825,59.0,61.68,58.22,60.2,76652.71,463227.21
688193.SH,20260825,46.55,48.35,46.03,48.26,3188.03,15106.075
688195.SH,20260825,162.5,169.58,161.0,165.98,80935.33,1336834.873
688196.SH,20260825,34.16,35.95,33.7,35.69,24397.87,85748.918
688197.SH,20260825,34.86,36.8,34.86,35.61,17237.21,61455.813
688198.SH,20260825,76.1,76.99,75.5,76.44,4560.68,34843.648
688199.SH,20260825,22.88,23.13,22.14,23.05,34125.97,77501.54
688200.SH,20260825,404.4,404.41,372.01,382.73,58022.44,2214504.881
688201.SH,20260825,7.0,7.26,6.96,7.25,21102.19,15063.064
688202.SH,20260825,93.89,105.88,93.0,103.2,108671.07,1092544.233
688203.SH,20260825,12.8,13.64,12.0,12.96,148803.64,189900.426
688205.SH,20260825,151.0,155.86,149.6,152.9,66816.14,1017322.526
688206.SH,20260825,40.82,41.61,39.4,41.42,73146.04,297424.872
688207.SH,20260825,17.58,18.07,17.18,17.89,81416.04,143802.341
688208.SH,20260825,24.57,25.7,24.56,25.42,87338.36,220921.479
688209.SH,20260825,21.95,22.66,21.2,22.51,86813.03,190830.19
688210.SH,20260825,30.12,31.45,29.72,31.0,50183.7,154413.46
688211.SH,20260825,30.45,31.34,30.42,31.26,4637.03,14320.361
688212.SH,20260825,27.28,28.45,26.84,28.08,30726.3,86040.544
688213.SH,20260825,96.5,100.15,95.23,99.2,55898.91,549743.974
688215.SH,20260825,45.05,45.95,43.02,44.6,10938.3,48895.447
688216.SH,20260825,29.36,30.1,28.3,29.8,28696.94,84300.685
688217.SH,20260825,24.14,25.2,23.62,25.03,8203.69,20059.162
688218.SH,20260825,41.23,41.97,38.52,41.7,35961.26,145427.061
688219.SH,20260825,10.19,10.48,10.17,10.46,41563.1,43163.719
688220.SH,20260825,88.0,92.13,86.69,91.1,58238.3,522519.493
688221.SH,20260825,18.96,19.51,18.45,19.36,124973.15,237121.654
688222.SH,20260825,34.34,35.53,33.63,34.93,190599.39,660649.861
688223.SH,20260825,4.33,4.36,4.28,4.34,469678.51,203081.628
688225.SH,20260825,11.85,12.1,11.66,12.03,36450.29,43442.948
688226.SH,20260825,28.5,29.48,27.98,29.08,30646.72,88108.958
688227.SH,20260825,68.0,69.54,66.1,68.9,18081.18,123172.781
688228.SH,20260825,82.28,83.68,79.05,81.15,22777.57,184929.828
688229.SH,20260825,63.63,65.2,62.03,64.55,3384.74,21700.826
688230.SH,20260825,52.07,54.54,51.44,54.17,11032.11,58575.428
688231.SH,20260825,28.64,31.42,28.0,30.88,60388.48,181149.423
688232.SH,20260825,17.88,18.24,17.75,18.08,14827.76,26724.92
688233.SH,20260825,106.66,109.6,103.0,107.71,71511.0,764030.015
688234.SH,20260825,102.68,108.2,101.68,106.41,100981.65,1063475.672
688235.SH,20260825,274.58,279.87,272.01,275.1,35034.29,967947.096
688236.SH,20260825,14.3,14.55,14.11,14.53,16653.77,23969.806
688237.SH,20260825,55.0,55.73,54.11,55.0,9446.32,51901.311
688238.SH,20260825,6.62,7.45,6.59,7.3,438196.67,309060.973
688239.SH,20260825,47.48,50.98,44.6,50.58,208607.84,1008798.054
688244.SH,20260825,14.69,15.39,14.69,15.26,21721.29,32955.189
688246.SH,20260825,17.13,17.54,16.83,17.5,15044.7,25960.289
688247.SH,20260825,9.26,9.99,9.26,9.92,80432.35,77640.408
688248.SH,20260825,40.81,40.88,39.62,40.66,25272.63,101869.897
688249.SH,20260825,37.5,37.96,35.98,37.37,216617.76,804376.027
688251.SH,20260825,20.66,21.45,20.36,21.41,17593.38,36947.907
688252.SH,20260825,19.2,19.66,18.94,19.59,42540.92,82506.471
688253.SH,20260825,54.76,55.5,53.85,54.5,16991.8,92721.442
688255.SH,20260825,24.65,26.1,24.63,25.9,28267.46,71967.752
688256.SH,20260825,970.0,1029.24,953.0,1010.48,125719.75,12588517.79
688257.SH,20260825,53.75,55.26,51.68,54.32,135532.47,725195.391
688258.SH,20260825,91.7,93.5,88.18,92.5,21685.24,197960.979
688259.SH,20260825,29.01,29.8,28.21,29.75,16559.17,48262.073
688260.SH,20260825,100.0,103.72,93.59,101.0,60369.09,596903.109
688261.SH,20260825,68.5,70.65,67.01,69.73,52493.28,361371.824
688262.SH,20260825,26.0,26.55,25.35,26.38,64344.91,167539.799
688265.SH,20260825,39.8,41.49,38.91,41.0,25982.37,104844.041
688266.SH,20260825,116.56,120.84,114.81,119.0,46477.12,550476.617
688267.SH,20260825,18.51,18.6,18.16,18.45,9850.63,18136.547
688268.SH,20260825,139.5,144.4,134.51,142.3,48035.92,671205.985
688269.SH,20260825,31.31,31.47,30.45,30.92,11778.37,36391.822
688270.SH,20260825,57.65,59.43,56.77,59.23,45403.73,265262.52
688271.SH,20260825,105.98,106.97,105.3,106.77,31138.08,331316.874
688272.SH,20260825,27.5,28.73,27.16,28.48,11873.97,33380.802
688273.SH,20260825,28.0,30.11,28.0,29.82,12597.16,37009.525
688275.SH,20260825,86.23,86.23,80.05,81.1,64335.01,528292.636
688276.SH,20260825,16.25,17.23,16.0,16.87,86984.47,145109.904
688277.SH,20260825,15.12,15.75,14.89,15.62,58217.16,90305.559
688278.SH,20260825,59.0,60.76,58.68,59.77,34872.82,208337.549
688279.SH,20260825,175.72,184.5,173.0,182.63,22256.58,398902.468
688280.SH,20260825,5.3,5.48,5.28,5.44,89185.65,48111.97
688281.SH,20260825,44.51,45.45,43.6,45.11,23313.96,103868.215
688282.SH,20260825,55.43,56.32,53.68,55.15,7503.11,41460.272
688283.SH,20260825,27.31,28.47,27.05,28.31,10471.57,29113.224
688285.SH,20260825,7.52,7.7,7.45,7.69,19663.52,15012.462
688286.SH,20260825,45.91,46.8,43.5,46.18,59560.25,269913.951
688288.SH,20260825,18.08,19.0,17.88,18.88,10785.18,19999.928
688289.SH,20260825,14.71,15.75,14.71,15.5,114187.63,173634.525
688290.SH,20260825,67.05,67.05,63.58,65.6,8390.15,54930.586
688291.SH,20260825,41.98,42.49,40.5,42.13,17183.83,71626.788
688292.SH,20260825,16.8,17.73,16.62,17.65,34028.63,59035.67
688293.SH,20260825,57.57,60.43,56.9,59.33,41890.47,245702.026
688295.SH,20260825,37.7,38.31,37.13,37.81,34100.66,128489.691
688296.SH,20260825,23.99,25.49,23.3,25.04,68344.64,168898.586
688297.SH,20260825,38.01,38.64,38.01,38.52,34166.41,131194.621
688298.SH,20260825,18.6,19.27,18.48,19.23,15197.69,28860.528
688299.SH,20260825,12.61,13.0,12.54,12.9,40413.62,51853.251
688300.SH,20260825,135.1,146.99,130.22,145.75,149104.11,2081387.908
688301.SH,20260825,95.6,98.1,94.61,97.01,33457.88,323000.666
688302.SH,20260825,34.7,35.16,33.6,35.04,12549.66,43349.985
688303.SH,20260825,17.73,17.75,17.52,17.6,53220.5,93749.965
688305.SH,20260825,61.47,62.45,60.5,61.52,26510.96,163004.109
688306.SH,20260825,8.44,8.68,8.4,8.63,61847.19,53143.654
688307.SH,20260825,48.1,49.48,45.9,48.85,45442.18,217081.763
688308.SH,20260825,93.84,94.78,88.44,92.76,64409.56,588587.038
688309.SH,20260825,72.5,73.34,70.18,72.5,13246.44,95191.164
688310.SH,20260825,14.91,17.04,14.91,15.81,60578.88,97467.063
688311.SH,20260825,22.1,23.0,21.73,22.67,43511.29,97561.403
688312.SH,20260825,47.48,49.3,46.0,48.22,43439.93,207099.624
688313.SH,20260825,149.0,154.78,146.68,151.7,171188.48,2592817.854
688314.SH,20260825,30.6,31.67,30.33,31.63,5761.95,18018.322
688315.SH,20260825,17.01,17.01,15.76,16.07,174875.41,281312.532
688316.SH,20260825,45.99,47.07,44.8,46.71,17825.32,82328.332
688317.SH,20260825,17.06,17.45,16.77,17.42,21259.05,36457.309
688318.SH,20260825,73.48,75.08,72.72,73.98,29695.99,219507.464
688319.SH,20260825,27.58,28.45,27.04,28.02,46917.4,130442.337
688320.SH,20260825,33.5,34.98,32.89,34.7,32926.16,113019.873
688321.SH,20260825,25.78,26.09,25.25,25.88,118803.48,305280.205
688322.SH,20260825,90.7,97.78,90.69,96.8,112803.77,1066396.561
688323.SH,20260825,26.66,28.04,25.32,27.19,142499.65,377734.376
688325.SH,20260825,105.47,107.5,103.02,105.5,6154.99,64910.504
688326.SH,20260825,62.32,64.76,61.8,64.66,13972.82,88685.577
688327.SH,20260825,9.6,9.94,9.46,9.85,169206.6,164101.17
688328.SH,20260825,88.66,91.29,83.34,88.54,92023.08,810571.872
688329.SH,20260825,20.71,22.07,20.6,21.81,29646.0,63647.837
688330.SH,20260825,32.79,34.5,32.7,34.14,15007.32,50777.29
688331.SH,20260825,116.53,123.3,116.51,122.37,115160.85,1387894.353
688332.SH,20260825,86.01,88.98,83.82,87.85,48279.42,418128.945
688333.SH,20260825,97.92,108.8,96.91,105.86,148742.64,1527953.1
688334.SH,20260825,17.66,17.93,17.66,17.9,8784.59,15689.011
688335.SH,20260825,19.53,20.2,19.18,19.96,18480.43,36614.838
688336.SH,20260825,43.37,44.2,42.01,43.46,79098.34,342006.284
688337.SH,20260825,42.3,43.95,40.88,43.63,35675.99,152229.296
688338.SH,20260825,31.0,31.63,30.29,31.36,17467.86,54556.776
688339.SH,20260825,16.61,17.11,16.41,17.09,23798.04,39999.062
688343.SH,20260825,54.77,56.28,54.1,55.6,56141.27,310233.839
688345.SH,20260825,52.1,52.68,50.11,51.57,14686.85,75094.655
688347.SH,20260825,224.57,229.11,219.17,226.56,117778.86,2645323.044
688348.SH,20260825,31.87,32.18,31.11,32.08,10569.11,33550.579
688349.SH,20260825,13.78,13.97,13.71,13.72,70491.07,97535.349
688350.SH,20260825,29.11,29.64,28.51,29.35,10478.63,30534.226
688351.SH,20260825,19.96,20.35,19.5,20.2,26856.91,53987.723
688352.SH,20260825,17.8,17.98,16.8,17.51,212406.07,370611.254
688353.SH,20260825,90.5,91.51,86.35,88.48,57322.54,506337.47
688355.SH,20260825,17.12,17.7,16.97,17.65,13963.99,24334.846
688356.SH,20260825,124.0,134.0,118.05,133.41,130955.28,1668123.74
688357.SH,20260825,26.15,26.92,25.9,26.76,8037.55,21306.762
688358.SH,20260825,27.8,28.57,27.51,28.48,6525.32,18401.439
688359.SH,20260825,93.64,94.6,87.23,92.8,39997.01,364134.057
688360.SH,20260825,15.02,15.48,14.97,15.33,31874.08,48570.182
688361.SH,20260825,333.41,346.9,327.75,338.99,87600.41,2952986.204
688362.SH,20260825,61.93,63.08,58.5,61.61,194355.13,1183410.458
688363.SH,20260825,35.3,36.14,35.3,36.08,21808.86,78222.878
688365.SH,20260825,13.85,14.32,13.53,14.18,75841.17,106077.725
688366.SH,20260825,29.89,30.05,29.11,29.97,8010.01,23760.978
688367.SH,20260825,28.5,30.38,28.5,29.71,11880.53,35142.596
688368.SH,20260825,116.0,120.17,111.16,118.24,44150.98,513747.242
688369.SH,20260825,19.13,20.35,18.89,20.2,45301.67,89359.683
688370.SH,20260825,23.3,23.6,22.55,23.36,6520.33,15123.207
688371.SH,20260825,26.48,27.18,25.31,26.92,59005.71,155696.172
688372.SH,20260825,120.94,123.6,115.36,121.66,63757.7,766503.758
688373.SH,20260825,5.24,6.0,5.2,5.89,410377.97,234073.388
688375.SH,20260825,76.64,79.4,75.39,77.23,29061.89,225089.896
688376.SH,20260825,65.7,66.86,63.03,65.74,12329.54,80316.217
688377.SH,20260825,18.53,19.73,18.42,19.5,29139.19,55710.549
688378.SH,20260825,42.48,43.46,41.11,42.22,76631.55,322083.148
688379.SH,20260825,53.48,56.18,51.61,55.5,38002.48,205333.784
688380.SH,20260825,40.7,42.05,39.58,41.4,107527.25,437425.055
688381.SH,20260825,32.06,33.75,31.45,33.33,113967.05,373965.045
688382.SH,20260825,19.08,19.45,18.23,19.16,154706.12,292619.64
688383.SH,20260825,120.0,122.3,116.18,120.0,13820.26,164824.117
688385.SH,20260825,51.51,53.1,50.92,52.1,90394.01,470958.048
688386.SH,20260825,48.88,50.78,48.53,49.48,14866.04,73872.291
688387.SH,20260825,12.02,12.62,11.95,12.52,298822.23,369056.18
688388.SH,20260825,28.95,29.02,27.62,28.31,380541.12,1076726.585
688389.SH,20260825,10.8,10.98,10.71,10.97,19954.74,21758.683
688390.SH,20260825,63.22,64.42,61.93,63.75,59451.14,375848.329
688391.SH,20260825,24.94,25.48,24.38,25.39,9667.75,24193.353
688392.SH,20260825,189.24,191.5,179.07,187.64,44626.27,827803.878
688393.SH,20260825,19.58,20.48,19.36,20.43,16855.43,33809.109
688395.SH,20260825,21.96,23.18,21.71,22.84,17919.04,40432.037
688396.SH,20260825,59.05,59.86,56.69,58.64,262571.95,1535118.567
688398.SH,20260825,19.74,21.18,19.49,20.81,30088.74,61838.658
688399.SH,20260825,27.83,28.5,27.21,28.42,14029.74,39338.246
688400.SH,20260825,45.37,46.79,44.51,46.17,62414.02,285742.827
688401.SH,20260825,68.1,68.11,64.0,66.02,51189.6,338578.892
688403.SH,20260825,23.0,23.1,21.72,22.53,428397.38,956000.552
688408.SH,20260825,24.91,25.14,24.47,24.82,23880.91,59266.363
688409.SH,20260825,205.0,205.0,192.0,199.92,78187.75,1550353.663
688410.SH,20260825,10.88,11.08,10.71,10.95,74434.88,81264.552
688411.SH,20260825,198.88,200.72,194.57,198.35,13158.02,260021.978
688416.SH,20260825,71.22,76.5,69.0,75.9,53605.26,392651.535
688418.SH,20260825,32.0,32.5,30.7,32.24,35357.4,111923.738
688419.SH,20260825,56.51,56.79,52.58,55.84,74454.17,408454.314
688420.SH,20260825,22.05,22.7,21.86,22.57,5624.29,12617.923
688425.SH,20260825,4.01,4.07,4.01,4.07,102389.54,41436.363
688426.SH,20260825,20.95,21.2,20.62,21.05,21827.02,45658.181
688428.SH,20260825,27.7,28.84,27.12,28.7,119282.86,332419.442
688429.SH,20260825,10.53,10.65,10.3,10.61,11670.92,12273.936
688432.SH,20260825,46.07,46.93,43.92,45.22,552524.83,2500300.094
688433.SH,20260825,104.05,105.42,92.92,99.1,115374.72,1148653.778
688435.SH,20260825,28.3,29.66,28.29,29.66,18503.0,53620.531
688439.SH,20260825,37.81,38.5,37.72,38.38,17421.53,66314.761
688443.SH,20260825,24.44,24.86,24.0,24.68,40108.37,98162.284
688448.SH,20260825,64.15,66.24,61.33,65.41,24477.0,156229.924
688449.SH,20260825,65.0,68.29,63.79,66.65,92609.36,615308.731
688450.SH,20260825,31.86,33.87,31.86,33.64,16239.59,53516.619
688455.SH,20260825,16.68,17.2,15.82,16.68,64366.24,105193.92
688456.SH,20260825,78.38,80.38,75.03,79.39,55759.02,434439.089
688458.SH,20260825,33.06,33.48,32.25,33.28,10780.93,35450.956
688459.SH,20260825,7.94,8.04,7.89,8.01,9506.34,7605.499
688466.SH,20260825,13.64,14.3,13.64,14.2,12081.88,17045.537
688468.SH,20260825,6.2,6.41,6.13,6.39,26596.45,16839.065
688469.SH,20260825,8.58,8.62,8.36,8.51,997116.76,849806.22
688472.SH,20260825,10.25,10.26,9.98,10.13,258627.56,261492.921
688475.SH,20260825,28.89,29.31,28.75,29.1,32525.45,94604.712
688478.SH,20260825,46.59,48.6,45.04,47.8,48478.17,227807.25
688479.SH,20260825,32.46,33.46,31.38,32.85,26085.29,84597.194
688480.SH,20260825,76.05,76.96,73.7,75.0,10064.75,75466.604
688484.SH,20260825,34.57,34.86,33.64,34.53,51029.12,174616.83
688485.SH,20260825,80.85,88.39,78.5,85.65,78824.79,661419.432
688486.SH,20260825,42.65,43.14,41.21,42.92,40702.14,172358.611
688488.SH,20260825,15.51,15.97,15.4,15.78,68281.48,107278.173
688489.SH,20260825,23.0,23.71,22.92,23.65,10778.38,25187.155
688496.SH,20260825,0.92,0.93,0.9,0.92,43639.9,3984.738
688498.SH,20260825,1500.0,1589.99,1485.2,1553.0,30481.88,4717290.571
688499.SH,20260825,35.18,35.34,34.0,35.08,35138.47,122111.204
688500.SH,20260825,35.31,36.75,35.06,36.58,9929.77,35691.945
688501.SH,20260825,12.97,13.5,12.92,13.46,28533.69,37882.763
688502.SH,20260825,422.0,434.76,403.28,427.12,17652.11,738692.394
688503.SH,20260825,87.24,87.74,82.71,86.07,155403.9,1329160.161
688505.SH,20260825,8.34,8.58,8.16,8.52,107602.71,90456.517
688506.SH,20260825,266.67,266.67,259.47,264.04,14180.85,372701.508
688507.SH,20260825,146.51,153.05,143.8,151.03,33763.98,502755.471
688508.SH,20260825,79.7,89.11,79.0,85.44,99993.92,854984.004
688509.SH,20260825,4.13,4.25,4.09,4.24,43592.75,18284.01
688510.SH,20260825,23.94,24.17,23.05,24.0,33798.02,80265.27
688511.SH,20260825,21.0,21.39,20.29,21.25,12640.51,26397.586
688512.SH,20260825,13.68,13.69,13.2,13.46,91871.44,124038.546
688513.SH,20260825,42.96,44.25,42.15,44.02,27083.51,117043.211
688515.SH,20260825,145.0,149.49,140.12,148.44,29067.0,423333.144
688516.SH,20260825,42.3,44.3,40.85,43.75,142670.75,614984.952
688517.SH,20260825,15.77,16.22,15.6,16.12,24565.41,39429.097
688518.SH,20260825,19.8,20.1,19.4,20.09,107115.34,211960.966
688519.SH,20260825,273.45,297.36,271.0,288.87,62365.57,1778325.01
688520.SH,20260825,36.02,37.09,35.62,36.51,33425.47,121722.055
688521.SH,20260825,166.33,168.0,161.37,164.49,144634.32,2383631.709
688522.SH,20260825,17.7,18.22,17.65,18.14,29915.61,53771.627
688523.SH,20260825,40.68,40.94,39.18,40.2,32055.77,128403.459
688525.SH,20260825,220.0,230.26,219.09,227.82,150875.75,3399192.218
688526.SH,20260825,13.04,13.17,12.91,13.1,11902.31,15617.282
688528.SH,20260825,9.65,10.28,9.56,10.2,25064.98,25095.297
688529.SH,20260825,15.75,16.29,15.59,16.17,14879.81,23899.5
688530.SH,20260825,61.19,63.63,58.21,62.13,86339.91,527692.073
688531.SH,20260825,130.44,136.15,126.1,134.03,35719.03,469395.84
688533.SH,20260825,20.66,21.17,20.41,21.17,7464.05,15600.029
688535.SH,20260825,96.6,99.26,93.9,98.2,42879.55,414819.928
688536.SH,20260825,299.0,320.65,296.01,315.35,60812.31,1873222.376
688538.SH,20260825,2.29,2.32,2.28,2.31,476427.11,109776.36
688539.SH,20260825,24.51,25.4,24.02,25.27,15687.79,38808.757
688543.SH,20260825,37.68,38.95,37.25,38.27,42422.81,162161.947
688545.SH,20260825,78.5,79.8,74.0,76.63,115484.25,882310.012
688548.SH,20260825,34.5,34.99,33.44,34.29,194508.73,664416.2
688549.SH,20260825,24.28,24.9,23.61,24.56,565084.59,1374386.552
688550.SH,20260825,37.53,38.08,36.51,37.83,32990.06,122860.891
688551.SH,20260825,37.21,38.85,36.1,38.41,31735.49,119682.828
688552.SH,20260825,25.87,26.05,25.28,26.02,14545.49,37469.024
688553.SH,20260825,12.07,12.2,11.71,11.96,120475.33,143897.789
688556.SH,20260825,7.85,8.19,7.77,8.14,175819.6,140615.992
688557.SH,20260825,20.5,21.2,20.1,20.92,17266.29,35738.894
688558.SH,20260825,31.04,31.41,30.41,31.06,10359.24,32004.386
688559.SH,20260825,55.39,55.84,53.1,55.33,96249.57,525023.045
688560.SH,20260825,11.84,12.28,11.78,12.22,26125.99,31536.851
688561.SH,20260825,24.6,25.03,24.5,24.94,27599.11,68536.322
688562.SH,20260825,13.8,14.19,13.71,14.08,22127.9,31001.405
688563.SH,20260825,49.1,49.58,48.88,49.28,7584.1,37416.726
688565.SH,20260825,11.0,11.23,10.88,11.22,15633.34,17307.014
688566.SH,20260825,25.36,25.7,24.87,25.65,12944.85,32904.413
688567.SH,20260825,9.53,9.64,9.41,9.56,75777.4,72310.031
688568.SH,20260825,30.85,31.63,30.63,30.97,89098.86,277309.014
688569.SH,20260825,18.67,18.67,18.13,18.5,12092.71,22230.337
688570.SH,20260825,15.17,15.47,15.15,15.4,6952.01,10689.31
688571.SH,20260825,8.36,8.51,8.2,8.45,62457.28,52242.264
688573.SH,20260825,16.25,16.69,15.91,16.5,11272.6,18421.199
688575.SH,20260825,9.18,9.39,9.11,9.38,59524.64,55338.768
688576.SH,20260825,40.73,41.87,40.33,41.7,3934.15,16248.821
688577.SH,20260825,41.87,42.6,41.26,42.28,8372.04,35205.722
688578.SH,20260825,112.0,114.52,110.69,114.0,47093.57,534135.452
688579.SH,20260825,7.61,8.06,7.58,8.02,50833.75,40127.56
688580.SH,20260825,45.52,47.17,45.03,46.9,12186.02,56529.805
688581.SH,20260825,51.25,51.99,50.81,51.89,3804.81,19668.423
688582.SH,20260825,41.12,42.19,40.91,41.59,33826.09,140467.523
688583.SH,20260825,81.63,88.22,79.79,85.07,23598.02,201294.153
688584.SH,20260825,29.38,29.38,27.35,28.94,138096.75,392751.922
688585.SH,20260825,145.03,147.0,137.5,143.11,47608.95,675945.161
688586.SH,20260825,10.98,11.15,10.85,11.0,99563.61,109332.426
688588.SH,20260825,9.41,9.66,9.25,9.63,26078.01,24834.186
688589.SH,20260825,19.31,19.82,19.06,19.62,40160.72,78321.841
688590.SH,20260825,12.28,12.73,12.16,12.67,40802.86,50974.761
688591.SH,20260825,27.56,29.58,27.5,29.18,118958.29,340622.389
688592.SH,20260825,23.33,25.07,23.33,24.77,13001.32,31806.316
688593.SH,20260825,30.9,31.8,29.67,31.09,116791.66,359207.489
688595.SH,20260825,27.01,27.67,26.32,27.46,22128.48,59921.347
688596.SH,20260825,69.19,72.1,64.3,70.6,310196.68,2132506.535
688597.SH,20260825,6.75,6.9,6.58,6.86,58360.08,39576.041
688598.SH,20260825,36.03,36.79,35.03,35.8,167880.24,604103.094
688599.SH,20260825,12.53,12.72,12.47,12.71,137096.88,173235.471
688600.SH,20260825,26.46,27.38,25.91,27.2,21934.65,58876.171
688601.SH,20260825,48.96,49.96,47.19,49.69,33054.91,161091.989
688602.SH,20260825,6.54,6.65,6.42,6.6,48891.54,32007.929
688603.SH,20260825,97.56,104.84,96.18,103.32,44839.25,451572.88
688605.SH,20260825,70.03,71.2,67.48,69.6,38264.09,264144.242
688606.SH,20260825,47.25,48.25,47.25,48.2,2044.01,9784.589
688607.SH,20260825,41.38,41.76,38.87,41.13,10943.85,44666.017
688608.SH,20260825,101.47,104.99,101.0,104.1,23474.07,243233.319
688609.SH,20260825,8.67,8.97,8.55,8.92,112722.73,99218.386
688610.SH,20260825,166.05,177.17,160.17,173.69,21017.63,355852.405
688611.SH,20260825,61.61,62.75,60.18,61.19,9622.9,59237.002
688612.SH,20260825,32.78,34.72,32.66,34.58,66906.36,227236.764
688613.SH,20260825,14.99,15.74,14.9,15.62,24645.5,37965.207
688615.SH,20260825,88.67,92.8,86.1,92.77,64414.85,578422.522
688616.SH,20260825,10.78,11.03,10.65,10.98,15489.45,16860.686
688617.SH,20260825,258.49,262.79,252.02,253.52,17713.63,453065.68
688618.SH,20260825,29.98,30.83,28.7,30.39,19456.91,57949.962
688619.SH,20260825,14.27,14.57,13.86,14.25,29569.54,42277.451
688620.SH,20260825,15.34,15.43,14.61,15.09,154267.48,231435.447
688621.SH,20260825,66.0,66.0,63.2,64.39,20189.59,130034.301
688622.SH,20260825,95.0,99.98,89.8,97.19,6041.12,56712.728
688623.SH,20260825,57.01,58.42,56.81,58.03,4028.83,23283.103
688625.SH,20260825,51.82,53.0,50.01,52.28,42705.06,220327.961
688626.SH,20260825,42.36,42.79,41.33,42.63,14562.35,61380.982
688627.SH,20260825,450.0,458.87,431.79,448.61,43181.54,1923538.268
688628.SH,20260825,81.0,82.8,78.85,81.68,48270.43,390491.426
688629.SH,20260825,130.04,135.72,129.05,133.08,80243.86,1063364.494
688630.SH,20260825,416.11,420.0,396.8,415.0,51519.79,2107486.513
688631.SH,20260825,39.01,39.95,38.68,39.7,7534.68,29664.972
688633.SH,20260825,23.62,24.43,23.31,24.28,26179.39,62827.654
688635.SH,20260825,302.0,333.0,302.0,316.7,21060.54,670879.64
688636.SH,20260825,19.48,19.97,19.02,19.8,49977.46,97525.796
688638.SH,20260825,32.43,34.52,32.43,34.34,5383.08,18158.468
688639.SH,20260825,16.4,16.74,16.14,16.6,62016.71,101879.582
688646.SH,20260825,69.52,70.5,66.25,69.8,14447.14,98919.415
688648.SH,20260825,31.55,33.77,30.81,33.36,35883.73,118083.962
688651.SH,20260825,22.01,23.16,21.92,22.96,13207.64,29919.978
688652.SH,20260825,146.0,147.0,137.81,143.57,49010.5,697564.472
688653.SH,20260825,15.11,15.4,13.72,13.9,308202.43,436893.467
688655.SH,20260825,40.5,46.72,40.5,45.73,152664.74,681361.943
688656.SH,20260825,93.11,93.96,90.87,93.07,7121.99,65846.411
688657.SH,20260825,32.46,32.89,31.8,32.74,7952.7,25797.895
688658.SH,20260825,13.0,13.84,12.86,13.8,219109.96,292620.874
688659.SH,20260825,10.22,10.73,10.22,10.65,22201.2,23420.434
688660.SH,20260825,7.38,7.49,7.18,7.45,147552.0,108365.481
688661.SH,20260825,97.81,99.81,91.0,98.45,40159.08,383000.762
688662.SH,20260825,88.0,88.99,83.8,87.3,82173.28,711644.65
688663.SH,20260825,52.99,54.47,51.0,53.59,21760.81,115234.779
688665.SH,20260825,42.98,44.02,42.35,43.61,4606.88,19928.568
688667.SH,20260825,83.25,86.99,82.87,86.39,4286.94,36674.46
688668.SH,20260825,239.9,254.5,238.16,248.11,39913.05,981128.471
688669.SH,20260825,75.0,77.55,73.05,76.5,31633.85,239340.755
688670.SH,20260825,14.8,17.78,14.5,16.66,60340.65,96698.771
688671.SH,20260825,24.05,25.2,23.62,24.85,10219.97,24921.334
688676.SH,20260825,74.66,75.1,72.02,74.0,112518.58,829817.901
688677.SH,20260825,82.45,86.7,78.94,84.25,91410.06,759519.209
688678.SH,20260825,19.3,20.4,18.91,20.04,175187.56,345489.063
688679.SH,20260825,38.53,39.99,37.34,39.2,32304.26,125188.084
688680.SH,20260825,32.95,33.96,32.49,33.78,9918.9,33211.197
688681.SH,20260825,16.82,17.2,16.51,17.18,14338.14,24366.066
688682.SH,20260825,30.92,32.49,30.36,31.99,14675.86,46409.212
688683.SH,20260825,30.08,30.17,28.89,30.08,10381.6,30673.874
688685.SH,20260825,39.54,40.23,38.52,39.45,26392.47,103362.33
688686.SH,20260825,117.18,128.93,116.79,127.35,30564.81,381520.104
688687.SH,20260825,18.1,18.38,17.7,18.33,38031.51,69155.862
688689.SH,20260825,38.7,39.78,37.42,39.4,44713.0,173180.194
688690.SH,20260825,40.6,41.0,38.68,40.72,122757.64,489611.987
688691.SH,20260825,62.5,63.76,60.22,63.46,27469.72,170523.68
688692.SH,20260825,230.18,238.88,229.32,237.5,6766.31,158864.706
688693.SH,20260825,73.7,75.78,70.33,74.92,23806.07,174390.46
688695.SH,20260825,18.88,19.69,18.82,19.6,9444.06,18270.864
688696.SH,20260825,67.08,70.21,66.68,69.71,6785.41,46960.437
688697.SH,20260825,14.51,14.6,14.03,14.4,60141.05,86339.973
688698.SH,20260825,43.68,45.29,43.45,44.42,23111.64,102612.162
688699.SH,20260825,57.62,59.3,55.33,58.56,33230.47,191416.722
688700.SH,20260825,54.67,56.2,52.8,55.14,79046.33,431982.349
688701.SH,20260825,8.16,8.85,8.16,8.7,24200.99,20726.314
688702.SH,20260825,348.99,361.68,337.35,355.88,55611.97,1952226.216
688707.SH,20260825,10.54,10.61,10.34,10.39,82491.52,86171.343
688708.SH,20260825,41.17,41.17,38.5,39.65,32217.34,127374.398
688709.SH,20260825,24.69,25.16,24.18,25.0,27896.94,68955.99
688710.SH,20260825,89.55,98.97,88.08,97.97,48928.39,463315.311
688711.SH,20260825,24.46,25.45,23.68,25.32,85853.86,212633.728
688712.SH,20260825,33.2,33.8,32.33,32.81,31812.61,105027.904
688716.SH,20260825,27.14,27.72,26.45,27.5,11682.64,31715.087
688717.SH,20260825,51.22,52.7,47.34,49.16,157038.92,771665.917
688718.SH,20260825,13.94,14.32,13.81,14.3,13375.88,18832.922
688719.SH,20260825,48.64,49.86,47.07,49.17,24967.35,121198.469
688720.SH,20260825,64.01,65.56,61.04,64.6,39999.4,253855.555
688721.SH,20260825,41.0,41.8,39.38,41.19,28950.9,117852.281
688722.SH,20260825,13.32,13.7,13.25,13.65,20121.45,27273.616
688726.SH,20260825,47.49,47.49,42.84,46.19,136111.3,615721.104
688727.SH,20260825,48.57,49.21,45.8,48.5,44321.55,211075.444
688728.SH,20260825,15.03,15.33,14.66,15.26,194322.76,291807.854
688729.SH,20260825,22.9,23.23,22.03,22.89,274205.97,621293.468
688733.SH,20260825,29.7,30.3,28.65,30.05,45812.86,134977.974
688737.SH,20260825,17.54,18.23,17.45,18.17,10146.9,18154.496
688739.SH,20260825,20.55,20.95,20.45,20.94,21918.45,45554.543
688750.SH,20260825,13.71,14.09,13.71,14.04,17574.88,24503.3
688755.SH,20260825,26.76,26.95,26.21,26.81,8709.42,23210.731
688757.SH,20260825,30.3,31.44,28.98,30.98,66163.92,200368.122
688758.SH,20260825,25.81,26.55,25.55,26.35,82061.94,214383.962
688759.SH,20260825,24.71,25.5,24.3,25.38,34744.95,87073.587
688765.SH,20260825,35.49,36.14,34.99,36.05,24510.31,87200.324
688766.SH,20260825,385.05,418.8,385.05,410.0,107070.43,4276684.969
688767.SH,20260825,34.81,36.73,34.03,36.45,27303.45,97216.928
688768.SH,20260825,40.46,41.86,39.9,41.67,7438.47,30403.457
688772.SH,20260825,14.3,14.39,13.84,14.06,254459.64,359853.472
688775.SH,20260825,115.5,123.88,115.37,122.71,40874.78,493426.305
688776.SH,20260825,45.03,46.94,44.93,46.79,9954.04,45925.361
688777.SH,20260825,88.0,90.26,87.05,88.8,97786.92,870319.089
688778.SH,20260825,46.6,46.79,44.98,45.51,50313.26,229999.284
688779.SH,20260825,8.12,8.17,7.93,8.04,223228.77,179472.74
688781.SH,20260825,35.87,37.9,35.87,37.26,14953.83,55392.156
688783.SH,20260825,30.53,31.45,29.27,30.92,273341.52,829096.066
688785.SH,20260825,267.0,272.6,252.01,268.95,4459.95,117759.023
688786.SH,20260825,26.21,26.9,25.25,26.5,51075.2,133505.365
688787.SH,20260825,100.0,101.19,97.13,100.28,10521.99,104636.718
688788.SH,20260825,30.99,30.99,28.5,30.43,37724.78,111856.535
688789.SH,20260825,45.5,47.38,45.2,47.05,11265.21,52411.378
688790.SH,20260825,92.15,95.98,92.11,95.19,2203.51,20796.094
688793.SH,20260825,19.97,20.5,19.69,19.8,23927.85,47873.349
688795.SH,20260825,523.5,533.98,516.23,532.88,6875.47,363404.769
688796.SH,20260825,124.35,127.86,121.35,124.65,22349.59,277181.095
688797.SH,20260825,300.9,308.86,280.3,304.55,33424.44,979030.012
688798.SH,20260825,52.01,55.95,51.3,54.91,33556.76,180249.091
688799.SH,20260825,42.53,43.46,42.08,43.0,23663.69,101422.772
688800.SH,20260825,63.56,65.85,61.65,61.79,136510.16,860471.848
688802.SH,20260825,657.99,666.68,643.88,655.25,8330.87,545855.784
688805.SH,20260825,38.88,39.38,37.77,38.55,15652.8,59947.489
688806.SH,20260825,23.83,24.12,23.48,24.11,35268.72,84204.431
688807.SH,20260825,320.0,342.0,301.03,339.01,26871.41,872601.673
688808.SH,20260825,2208.0,2283.8,2175.0,2209.0,5757.49,1278421.597
688809.SH,20260825,430.0,435.5,410.0,421.7,14429.1,603067.72
688811.SH,20260825,20.93,21.1,20.31,21.03,31025.72,64505.34
688813.SH,20260825,109.0,109.68,103.62,107.31,25655.14,274040.549
688816.SH,20260825,47.1,48.33,46.9,48.18,2622.64,12535.121
688818.SH,20260825,44.11,45.57,43.05,45.33,56675.5,252570.852
688819.SH,20260825,21.79,22.04,21.5,21.96,16966.42,37149.966
688820.SH,20260825,122.41,123.0,117.78,121.12,70935.21,854881.364
688825.SH,20260825,55.35,57.19,54.91,56.5,2368429.98,13316746.353
688826.SH,20260825,957.0,1008.98,950.95,960.0,14462.31,1412968.863
688828.SH,20260825,92.33,105.88,90.0,102.96,83457.3,830807.687
688835.SH,20260825,209.0,262.0,200.01,235.0,152106.2,3482428.14
688836.SH,20260825,588.0,625.89,588.0,602.8,53215.25,3244776.858
688981.SH,20260825,118.58,121.64,117.88,120.0,310643.42,3718701.204
689009.SH,20260825,43.57,45.49,43.3,43.5,133716.62,592112.221
920000.BJ,20260825,13.46,13.69,13.46,13.67,3729.2,5075.51514
920001.BJ,20260825,11.05,11.05,10.65,10.97,12854.64,13958.15077
920002.BJ,20260825,51.5,53.3,50.91,52.61,9273.52,48791.79748
920003.BJ,20260825,15.13,15.41,15.06,15.32,2676.5,4071.17048
920005.BJ,20260825,22.41,22.67,22.22,22.57,2272.3,5106.08022
920006.BJ,20260825,14.84,15.36,14.82,15.16,6154.6,9304.63694
920007.BJ,20260825,32.61,33.4,32.36,33.03,1411.6,4650.93234
920008.BJ,20260825,18.76,19.15,18.52,19.09,2342.77,4443.84011
920009.BJ,20260825,35.5,36.8,35.05,36.42,2529.95,9133.15651
920010.BJ,20260825,8.39,8.73,8.31,8.52,48906.31,41728.52795
920011.BJ,20260825,18.1,18.34,17.9,18.32,4984.19,9075.438
920012.BJ,20260825,53.93,54.69,50.65,53.46,11729.52,61353.36216
920014.BJ,20260825,8.65,8.83,8.65,8.75,9263.57,8116.42598
920015.BJ,20260825,39.2,40.0,38.64,39.5,10280.3,40583.43209
920016.BJ,20260825,12.62,12.9,12.62,12.88,3448.08,4417.24903
920017.BJ,20260825,16.25,16.63,16.17,16.59,17742.02,29151.59003
920018.BJ,20260825,14.81,14.98,14.62,14.92,6297.46,9332.0805
920019.BJ,20260825,14.62,14.81,14.12,14.33,17413.3,25109.57481
920020.BJ,20260825,15.18,15.26,15.13,15.16,2040.38,3100.60068
920021.BJ,20260825,6.48,6.64,6.45,6.62,72183.93,47479.93355
920022.BJ,20260825,18.1,18.79,18.04,18.53,1586.75,2927.2701
920023.BJ,20260825,1.81,1.85,1.81,1.84,52281.41,9582.08862
920026.BJ,20260825,20.79,21.22,20.19,20.96,31232.07,64616.29684
920027.BJ,20260825,11.4,11.57,11.31,11.55,6302.64,7240.57384
920028.BJ,20260825,13.62,13.8,13.53,13.78,5989.01,8184.21353
920029.BJ,20260825,34.6,35.14,34.6,34.99,5141.59,17945.61519
920030.BJ,20260825,4.32,4.49,4.32,4.46,14286.67,6346.96664
920033.BJ,20260825,14.9,15.0,14.39,14.83,11096.94,16334.54221
920035.BJ,20260825,22.95,23.96,22.95,23.8,6330.03,14963.67718
920036.BJ,20260825,28.5,29.44,28.3,29.17,3045.2,8807.18953
920037.BJ,20260825,41.72,41.99,40.82,41.78,7836.38,32526.65768
920038.BJ,20260825,39.45,39.86,37.0,37.82,48866.36,185255.76599
920039.BJ,20260825,8.53,8.74,8.4,8.53,8080.83,6934.30203
920045.BJ,20260825,444.03,497.8,425.0,481.44,22922.51,1064883.75136
920046.BJ,20260825,19.87,19.99,19.55,19.76,21035.46,41662.09834
920047.BJ,20260825,17.02,17.07,16.73,16.77,26128.23,44067.7582
920050.BJ,20260825,28.86,29.26,28.52,29.09,1669.85,4844.70764
920055.BJ,20260825,26.31,27.31,25.9,27.13,4331.03,11597.27047
920056.BJ,20260825,15.65,16.08,15.65,16.01,1869.19,2968.3284
920057.BJ,20260825,4.84,4.9,4.77,4.89,6538.18,3183.01218
920058.BJ,20260825,29.0,29.3,28.4,28.56,3370.9,9726.61845
920059.BJ,20260825,14.76,15.55,14.72,15.05,72122.34,109281.77527
920060.BJ,20260825,20.62,21.04,20.6,20.78,13218.53,27465.54572
920061.BJ,20260825,17.78,18.61,17.6,18.36,19241.33,35193.54313
920062.BJ,20260825,7.08,7.18,7.02,7.13,13193.27,9397.52863
920065.BJ,20260825,32.9,34.89,32.64,34.22,25909.05,88430.56215
920066.BJ,20260825,16.72,17.17,16.48,17.06,3660.43,6208.30936
920068.BJ,20260825,15.37,15.94,15.37,15.88,17146.92,26946.41901
920069.BJ,20260825,33.14,34.0,32.8,34.0,3018.84,10074.76454
920072.BJ,20260825,24.79,25.14,24.47,25.05,5797.19,14408.8915
920075.BJ,20260825,15.16,15.24,14.95,15.2,3309.09,5002.29682
920076.BJ,20260825,12.63,12.78,12.62,12.75,3245.17,4130.49102
920077.BJ,20260825,13.4,13.65,13.35,13.55,25165.95,34134.26028
920078.BJ,20260825,21.0,21.5,20.15,21.4,42010.64,87767.23125
920079.BJ,20260825,13.99,14.08,13.76,14.01,30133.15,41977.52322
920080.BJ,20260825,20.67,21.15,20.6,21.04,1736.07,3643.64869
920081.BJ,20260825,40.95,44.32,40.63,44.24,30696.35,132234.88956
920082.BJ,20260825,7.66,7.93,7.66,7.86,7739.52,6067.17368
920083.BJ,20260825,43.0,48.5,42.8,42.89,73517.0,332586.65462
920086.BJ,20260825,19.88,20.22,19.8,20.13,4415.25,8867.39235
920087.BJ,20260825,14.8,17.98,14.8,16.27,279828.47,469114.98423
920088.BJ,20260825,43.69,46.2,43.27,44.09,50959.6,226547.60951
920089.BJ,20260825,9.77,9.89,9.71,9.84,6401.9,6291.95164
920090.BJ,20260825,3.79,3.79,3.69,3.76,20118.91,7522.63767
920091.BJ,20260825,27.33,28.5,27.33,28.17,3351.59,9382.46526
920092.BJ,20260825,26.6,28.39,26.38,27.89,20646.45,57226.67137
920093.BJ,20260825,19.35,19.99,18.88,19.58,70789.06,138062.92839
920096.BJ,20260825,33.0,33.54,32.6,33.29,5967.09,19743.47573
920098.BJ,20260825,16.36,16.8,16.35,16.64,3971.24,6578.79272
920099.BJ,20260825,17.73,17.97,17.37,17.89,4181.88,7430.88589
920100.BJ,20260825,31.0,32.21,30.7,31.87,10356.37,32607.29277
920101.BJ,20260825,15.96,16.13,15.9,16.1,1664.2,2666.10583
920106.BJ,20260825,34.74,35.29,34.02,34.72,3200.3,11117.54888
920107.BJ,20260825,20.6,21.39,20.6,21.01,23147.73,48840.20791
920108.BJ,20260825,8.86,9.02,8.8,8.96,2692.91,2398.30163
920110.BJ,20260825,25.41,25.8,25.03,25.69,666.27,1707.25769
920111.BJ,20260825,29.06,29.36,28.36,28.53,24046.18,69006.7059
920112.BJ,20260825,15.37,15.52,15.22,15.49,1963.76,3024.99237
920116.BJ,20260825,42.92,44.2,42.67,43.9,14140.94,61780.6211
920117.BJ,20260825,29.8,30.19,28.02,29.67,33143.13,96146.10515
920118.BJ,20260825,20.58,20.93,20.39,20.76,7486.79,15493.70175
920119.BJ,20260825,50.83,51.52,49.61,50.8,4792.96,24258.37433
920121.BJ,20260825,28.33,28.8,28.31,28.73,2105.82,6020.70626
920122.BJ,20260825,22.0,22.47,21.58,22.22,6266.57,13839.63871
920123.BJ,20260825,10.2,10.61,10.16,10.56,11537.26,12083.38149
920124.BJ,20260825,12.21,12.41,12.17,12.35,4052.28,4978.62795
920125.BJ,20260825,117.69,119.85,112.68,117.86,11080.08,128696.8338
920126.BJ,20260825,9.86,10.15,9.86,10.05,12378.06,12392.6791
920128.BJ,20260825,16.98,17.36,16.87,17.33,4874.19,8375.28331
920130.BJ,20260825,16.6,17.08,16.4,16.74,16516.99,27842.97951
920132.BJ,20260825,8.25,8.49,8.24,8.44,4298.45,3616.25666
920136.BJ,20260825,20.22,21.44,20.06,21.44,23912.41,49814.00513
920138.BJ,20260825,37.15,38.44,37.13,37.87,27040.5,102827.34549
920139.BJ,20260825,14.66,14.87,14.6,14.8,20941.4,30923.85042
920145.BJ,20260825,9.61,9.88,9.52,9.59,5718.45,5528.52619
920146.BJ,20260825,4.88,5.05,4.84,5.0,15654.3,7760.51997
920149.BJ,20260825,7.73,7.94,7.59,7.67,11844.34,9160.7792
920152.BJ,20260825,12.8,12.87,12.5,12.52,7913.79,9993.79068
920156.BJ,20260825,37.77,37.9,36.83,37.5,9474.62,35283.1938
920158.BJ,20260825,7.99,8.1,7.89,8.03,8040.38,6453.53636
920159.BJ,20260825,28.05,30.46,27.77,29.36,14386.24,42410.8658
920160.BJ,20260825,20.37,20.49,20.2,20.43,2756.96,5617.41645
920161.BJ,20260825,26.97,27.49,26.46,26.58,39027.28,104813.14942
920163.BJ,20260825,11.06,11.26,10.9,11.26,5427.01,6053.41658
920165.BJ,20260825,36.19,38.96,36.05,37.98,15641.01,59426.21587
920166.BJ,20260825,20.01,20.55,19.8,20.46,3670.93,7420.55315
920167.BJ,20260825,14.34,14.64,14.21,14.64,8845.64,12754.40121
920168.BJ,20260825,14.91,15.87,14.85,15.24,4311.13,6567.56164
920169.BJ,20260825,19.91,20.5,19.33,19.65,28040.23,55435.25658
920171.BJ,20260825,15.71,16.16,15.71,15.91,9017.7,14411.69477
920174.BJ,20260825,28.78,28.95,28.42,28.72,6052.5,17358.33681
920175.BJ,20260825,7.65,7.76,7.63,7.72,6562.89,5053.27455
920176.BJ,20260825,53.49,64.45,53.02,60.78,33603.71,200845.24925
920177.BJ,20260825,24.01,24.56,23.97,24.5,1957.24,4744.4028
920178.BJ,20260825,92.48,92.48,86.51,89.3,8706.09,77774.01339
920179.BJ,20260825,50.91,50.91,48.22,49.99,23692.32,117129.60073
920180.BJ,20260825,11.81,11.87,11.71,11.83,3597.32,4237.64728
920181.BJ,20260825,76.5,77.5,73.51,76.0,6974.24,52620.20915
920183.BJ,20260825,27.46,27.97,27.46,27.83,985.08,2737.05102
920184.BJ,20260825,10.57,10.85,10.57,10.8,7900.66,8509.58148
920185.BJ,20260825,20.72,21.12,20.7,21.12,37213.9,77777.68231
920186.BJ,20260825,73.29,73.4,70.55,72.96,25519.84,184044.89425
920187.BJ,20260825,18.97,20.3,18.7,20.1,22261.88,44071.64117
920188.BJ,20260825,21.12,21.36,21.0,21.25,2117.48,4482.04074
920189.BJ,20260825,20.49,21.14,20.08,21.08,38651.95,79932.85058
920190.BJ,20260825,25.0,26.54,24.81,26.34,68732.94,178650.41746
920191.BJ,20260825,8.46,8.65,8.45,8.61,5929.75,5065.39568
920193.BJ,20260825,31.6,32.19,30.7,31.85,25755.13,81165.55733
920195.BJ,20260825,12.01,12.22,11.88,12.22,4342.69,5270.00213
920198.BJ,20260825,7.6,7.6,7.39,7.55,8014.22,6041.59167
920199.BJ,20260825,25.59,26.1,25.0,25.88,13725.48,35231.49085
920200.BJ,20260825,26.55,27.06,26.16,26.89,7252.59,19348.98033
920204.BJ,20260825,12.4,12.65,12.4,12.56,1658.5,2084.91532
920206.BJ,20260825,46.0,55.99,45.9,46.5,62041.22,311026.6392
920207.BJ,20260825,20.44,20.81,20.29,20.75,9424.28,19489.46883
920208.BJ,20260825,12.03,12.16,11.87,12.05,16616.98,20005.50829
920211.BJ,20260825,102.84,104.39,101.3,103.4,3024.69,31249.21997
920212.BJ,20260825,9.42,9.65,9.42,9.61,5136.78,4921.67201
920218.BJ,20260825,16.2,16.53,16.12,16.49,6719.3,11020.62749
920220.BJ,20260825,39.0,39.93,38.81,39.93,4723.01,18630.56167
920221.BJ,20260825,12.39,12.64,12.29,12.58,5973.47,7497.92397
920222.BJ,20260825,24.79,25.18,24.43,25.1,7582.62,18870.14786
920223.BJ,20260825,11.09,11.51,10.71,11.34,28729.65,32098.57458
920225.BJ,20260825,14.51,14.8,14.3,14.78,11712.32,17102.60996
920227.BJ,20260825,46.42,47.95,46.42,47.34,1211.55,5741.11336
920230.BJ,20260825,10.4,10.48,10.3,10.44,11849.14,12323.68872
920237.BJ,20260825,12.01,12.3,11.83,11.96,12190.82,14666.15104
920238.BJ,20260825,68.02,70.68,66.03,70.65,30155.75,206120.4706
920239.BJ,20260825,22.19,22.25,21.56,21.82,14685.09,32076.06439
920242.BJ,20260825,13.54,13.75,13.4,13.59,2598.1,3547.34063
920245.BJ,20260825,12.76,12.85,12.36,12.84,4555.31,5804.52552
920247.BJ,20260825,13.76,13.93,13.61,13.85,11145.28,15431.1005
920249.BJ,20260825,9.05,9.17,8.98,9.09,30592.52,27812.58867
920252.BJ,20260825,16.0,16.25,15.68,15.98,28944.61,46103.22904
920258.BJ,20260825,11.41,11.67,11.36,11.53,22205.33,25553.10597
920260.BJ,20260825,7.83,7.91,7.79,7.89,4290.27,3370.71258
920261.BJ,20260825,13.5,13.79,13.47,13.67,6089.25,8341.68445
920262.BJ,20260825,13.33,13.67,13.33,13.58,3263.36,4411.01495
920263.BJ,20260825,6.66,6.93,6.62,6.84,7483.84,5120.34812
920266.BJ,20260825,7.45,7.51,7.29,7.47,22313.21,16550.3033
920267.BJ,20260825,15.34,15.72,15.28,15.58,4524.97,7016.2355
920270.BJ,20260825,12.53,12.79,12.3,12.34,8654.8,10828.91652
920271.BJ,20260825,8.77,8.77,8.55,8.68,14702.84,12774.38629
920273.BJ,20260825,17.12,17.99,17.12,17.41,14531.97,25572.91809
920274.BJ,20260825,15.61,15.61,15.27,15.45,7249.09,11175.16309
920275.BJ,20260825,6.26,6.49,6.2,6.34,4541.26,2877.50897
920278.BJ,20260825,6.19,6.33,6.19,6.27,7179.59,4498.46281
920284.BJ,20260825,16.5,16.53,15.8,15.94,35210.97,56592.11314
920299.BJ,20260825,14.74,14.74,14.44,14.61,6438.38,9391.00032
920300.BJ,20260825,9.63,9.63,9.31,9.46,11558.32,10964.41564
920304.BJ,20260825,9.8,10.4,9.53,9.7,58736.4,58777.73348
920339.BJ,20260825,10.45,10.56,10.31,10.43,8558.63,8923.5695
920344.BJ,20260825,23.8,25.64,22.9,24.3,82094.09,199962.05645
920346.BJ,20260825,14.18,14.48,14.17,14.41,1770.04,2541.91509
920351.BJ,20260825,12.91,12.93,12.44,12.62,21401.97,27092.06167
920357.BJ,20260825,14.99,15.27,14.94,15.15,6039.89,9145.57322
920363.BJ,20260825,9.92,10.05,9.83,10.05,4064.22,4047.11811
920367.BJ,20260825,25.86,27.88,24.51,27.45,65123.73,175158.09599
920368.BJ,20260825,23.09,23.32,22.57,23.18,20404.62,46903.58684
920370.BJ,20260825,2.71,2.85,2.7,2.85,29546.16,8287.64368
920371.BJ,20260825,6.83,7.6,6.83,7.21,57452.41,42106.09036
920374.BJ,20260825,14.26,14.69,14.26,14.6,3273.1,4762.51902
920375.BJ,20260825,6.75,6.89,6.75,6.83,9675.37,6606.05327
920378.BJ,20260825,6.8,6.89,6.76,6.89,2680.48,1837.33153
920392.BJ,20260825,13.62,13.62,13.39,13.53,1468.21,1981.71537
920394.BJ,20260825,42.1,43.37,42.1,42.28,8516.3,36252.90238
920395.BJ,20260825,6.86,6.88,6.66,6.88,3880.27,2645.26387
920396.BJ,20260825,19.0,19.26,18.9,19.25,5549.77,10623.2533
920402.BJ,20260825,8.45,8.75,8.45,8.59,26028.31,22276.9666
920403.BJ,20260825,19.49,22.05,19.36,21.0,78859.19,166470.63006
920405.BJ,20260825,15.83,17.55,15.78,17.29,14961.85,25050.02759
920407.BJ,20260825,10.41,10.67,10.41,10.5,3660.26,3859.41926
920414.BJ,20260825,7.61,7.83,7.57,7.7,6913.58,5324.85936
920415.BJ,20260825,8.4,8.58,8.38,8.52,9354.25,7965.83805
920418.BJ,20260825,17.68,18.12,17.67,18.05,11983.14,21477.56425
920419.BJ,20260825,10.37,10.56,10.27,10.54,6774.4,7085.9654
920422.BJ,20260825,9.19,9.39,9.14,9.35,5909.0,5509.82106
920425.BJ,20260825,13.89,14.2,13.85,14.07,16142.73,22580.37472
920427.BJ,20260825,8.3,8.37,8.21,8.32,6382.47,5291.69886
920429.BJ,20260825,10.4,11.29,10.4,10.95,34865.8,38141.01666
920433.BJ,20260825,4.76,4.96,4.75,4.92,24185.72,11780.99417
920436.BJ,20260825,10.12,10.47,9.92,10.29,8596.61,8861.90235
920438.BJ,20260825,107.62,107.62,98.0,105.5,45613.18,469426.71835
920445.BJ,20260825,6.85,6.98,6.84,6.91,12505.07,8656.54862
920454.BJ,20260825,10.55,10.71,10.55,10.68,2510.55,2669.08908
920455.BJ,20260825,5.71,5.86,5.7,5.85,5574.5,3236.44046
920469.BJ,20260825,5.42,5.55,5.39,5.54,9523.76,5235.55036
920471.BJ,20260825,12.3,12.49,12.05,12.15,39038.15,47856.02421
920475.BJ,20260825,12.19,12.29,11.86,12.22,5032.23,6121.70776
920476.BJ,20260825,25.37,25.94,25.0,25.21,13488.42,34334.44776
920478.BJ,20260825,10.65,10.81,10.55,10.76,25519.89,27356.3014
920489.BJ,20260825,12.3,12.62,12.19,12.45,18681.93,23287.78956
920491.BJ,20260825,21.1,21.72,21.01,21.68,15434.26,33247.04462
920493.BJ,20260825,108.86,112.88,108.5,112.52,9605.35,107320.20468
920496.BJ,20260825,6.04,6.16,6.04,6.14,6848.13,4190.91452
920504.BJ,20260825,16.88,17.44,16.87,17.4,3468.22,5973.23299
920505.BJ,20260825,29.38,30.45,28.98,29.38,20421.06,60469.08046
920508.BJ,20260825,14.0,14.25,13.62,14.19,2088.23,2952.78749
920509.BJ,20260825,19.76,20.03,19.67,19.97,12444.45,24743.3535
920510.BJ,20260825,21.79,22.43,21.4,22.24,52279.07,115071.53619
920519.BJ,20260825,9.61,9.82,9.61,9.8,3807.67,3713.55629
920522.BJ,20260825,18.73,18.9,18.15,18.32,50009.11,91932.79909
920523.BJ,20260825,15.19,15.41,15.11,15.23,7467.12,11383.29286
920526.BJ,20260825,19.06,19.2,18.68,19.09,8139.62,15407.39132
920527.BJ,20260825,13.56,13.98,13.41,13.96,8916.62,12307.29276
920533.BJ,20260825,17.9,18.54,17.88,18.42,11937.88,21944.38248
920541.BJ,20260825,9.66,9.76,9.54,9.75,3296.33,3191.57947
920547.BJ,20260825,18.4,18.94,18.2,18.81,3638.64,6838.43842
920553.BJ,20260825,6.98,7.09,6.82,7.04,10417.03,7316.77505
920556.BJ,20260825,6.54,6.66,6.47,6.6,12001.94,7884.13825
920564.BJ,20260825,12.73,12.84,12.53,12.72,5013.97,6370.99949
920566.BJ,20260825,9.61,9.86,9.57,9.85,15471.15,15108.17883
920570.BJ,20260825,23.7,23.91,23.22,23.89,3102.62,7350.37071
920571.BJ,20260825,9.31,9.4,8.88,8.93,248749.08,225021.93435
920575.BJ,20260825,5.48,5.64,5.41,5.54,47633.43,26413.14841
920576.BJ,20260825,39.15,39.19,38.25,38.83,9981.59,38744.58053
920578.BJ,20260825,15.93,16.44,15.93,16.24,5307.28,8615.60046
920579.BJ,20260825,14.24,14.48,14.17,14.4,4808.2,6915.02614
920580.BJ,20260825,10.65,11.05,10.61,10.92,8119.25,8854.74026
920592.BJ,20260825,19.06,19.75,18.86,19.58,11120.12,21622.46863
920593.BJ,20260825,23.6,23.93,23.21,23.47,22004.33,51977.45405
920599.BJ,20260825,17.47,17.6,17.22,17.54,37202.39,64999.46396
920608.BJ,20260825,13.17,13.53,13.12,13.47,1574.31,2114.72739
920627.BJ,20260825,14.28,14.55,14.11,14.33,23574.32,33666.09271
920634.BJ,20260825,16.51,16.81,16.09,16.23,16240.83,26633.11461
920639.BJ,20260825,6.05,6.18,6.05,6.16,8273.38,5077.40232
920640.BJ,20260825,24.5,25.13,24.5,24.97,14117.64,35165.59099
920641.BJ,20260825,13.77,14.35,13.49,13.55,19424.09,26655.00365
920642.BJ,20260825,9.56,9.8,9.53,9.76,13818.7,13391.50254
920651.BJ,20260825,26.83,26.88,25.51,26.02,8327.25,21770.32127
920656.BJ,20260825,14.5,14.55,14.21,14.48,4337.59,6254.82605
920662.BJ,20260825,18.03,20.99,18.03,19.69,41154.99,80065.6103
920663.BJ,20260825,12.75,12.97,12.68,12.91,2850.02,3669.26592
920665.BJ,20260825,8.2,8.36,8.17,8.34,5220.83,4332.1721
920670.BJ,20260825,12.33,12.57,12.33,12.51,6029.64,7533.02224
920675.BJ,20260825,7.03,7.24,7.03,7.17,6337.99,4534.535
920679.BJ,20260825,15.01,15.45,14.94,15.32,913.04,1397.16941
920682.BJ,20260825,5.67,5.75,5.65,5.74,11885.24,6788.84671
920685.BJ,20260825,11.61,11.79,11.61,11.76,8318.41,9748.53738
920689.BJ,20260825,19.67,19.91,19.48,19.84,2939.94,5802.6501
920690.BJ,20260825,16.19,16.3,15.95,16.28,7164.61,11580.21764
920693.BJ,20260825,22.49,22.55,22.04,22.5,3587.8,8027.20339
920694.BJ,20260825,15.92,16.98,15.92,16.65,20314.13,33643.993
920699.BJ,20260825,79.96,80.39,75.2,80.0,10319.84,80474.3045
920701.BJ,20260825,12.96,13.08,12.24,12.55,19629.35,24567.7684
920703.BJ,20260825,9.85,10.02,9.82,9.86,3395.84,3359.94226
920706.BJ,20260825,13.31,13.49,13.04,13.4,5278.39,7048.33549
920717.BJ,20260825,7.7,7.86,7.51,7.78,11295.33,8796.12007
920718.BJ,20260825,9.26,9.39,9.16,9.28,2688.53,2499.35103
920719.BJ,20260825,6.97,7.06,6.88,6.98,20615.29,14372.47826
920720.BJ,20260825,9.15,9.43,9.15,9.37,7060.78,6595.29759
920725.BJ,20260825,67.07,75.5,64.8,73.81,51982.16,367704.71823
920726.BJ,20260825,16.35,16.73,16.29,16.52,26690.55,43990.47091
920729.BJ,20260825,6.66,6.91,6.61,6.74,10303.4,6995.53487
920735.BJ,20260825,23.94,24.36,23.82,24.25,12966.73,31341.53146
920748.BJ,20260825,25.23,26.98,24.55,25.73,23806.37,61054.1892
920751.BJ,20260825,15.61,15.89,15.5,15.61,4827.68,7569.74994
920753.BJ,20260825,14.78,15.2,14.78,15.11,5224.05,7894.91431
920765.BJ,20260825,13.83,14.13,13.72,14.13,5172.28,7214.8727
920768.BJ,20260825,6.96,7.05,6.94,7.05,10145.04,7108.80235
920770.BJ,20260825,9.76,9.9,9.65,9.79,8477.22,8300.92744
920779.BJ,20260825,25.0,25.19,24.16,24.37,26319.81,64444.35217
920781.BJ,20260825,5.49,5.57,5.4,5.56,6684.25,3691.87211
920786.BJ,20260825,7.01,7.4,7.01,7.33,97059.28,70531.00191
920790.BJ,20260825,20.63,21.9,20.53,21.23,21425.38,45623.63673
920792.BJ,20260825,9.68,9.87,9.68,9.82,4397.26,4294.72358
920799.BJ,20260825,29.87,33.59,29.6,33.12,83609.84,269449.35314
920802.BJ,20260825,10.38,10.39,10.23,10.35,4055.84,4190.07377
920806.BJ,20260825,10.14,10.47,10.03,10.29,18576.51,19191.95516
920807.BJ,20260825,9.39,9.54,9.22,9.39,23839.99,22400.15463
920808.BJ,20260825,60.1,65.99,60.0,65.77,37592.24,240935.1719
920809.BJ,20260825,7.66,7.74,7.48,7.6,82892.79,62849.73733
920810.BJ,20260825,9.38,9.53,9.21,9.38,9302.52,8731.78783
920819.BJ,20260825,2.96,3.08,2.96,3.04,53391.59,16258.84896
920821.BJ,20260825,17.48,17.56,17.17,17.28,12760.23,22156.22656
920826.BJ,20260825,8.73,9.05,8.5,8.8,45273.56,39925.62964
920832.BJ,20260825,6.1,6.12,5.98,6.1,2519.05,1531.26783
920833.BJ,20260825,10.06,10.15,9.81,9.92,9462.3,9413.95226
920834.BJ,20260825,9.18,9.39,9.1,9.19,7701.91,7099.36684
920837.BJ,20260825,9.32,9.73,9.32,9.61,6566.79,6273.13638
920839.BJ,20260825,23.64,24.38,23.52,23.8,2951.11,7086.11858
920855.BJ,20260825,12.11,12.46,12.01,12.4,3802.35,4673.60546
920856.BJ,20260825,12.76,12.95,12.48,12.5,23251.67,29501.06473
920857.BJ,20260825,21.2,21.68,20.13,20.21,13654.42,28725.51022
920866.BJ,20260825,6.09,6.57,6.05,6.27,61147.64,39029.55705
920870.BJ,20260825,11.6,11.88,11.52,11.88,9054.46,10668.91389
920871.BJ,20260825,10.88,11.01,10.75,10.94,3261.04,3558.96228
920873.BJ,20260825,6.89,6.95,6.83,6.86,5697.85,3924.8269
920876.BJ,20260825,15.22,15.8,15.22,15.64,4938.31,7679.86196
920879.BJ,20260825,12.57,12.66,12.42,12.59,4469.73,5613.54623
920885.BJ,20260825,11.62,11.82,11.55,11.74,11720.64,13726.03193
920892.BJ,20260825,9.87,10.08,9.87,9.99,3311.13,3297.39314
920895.BJ,20260825,12.64,12.9,12.27,12.63,5633.55,7114.45548
920896.BJ,20260825,11.7,11.97,11.67,11.92,1936.17,2295.7621
920906.BJ,20260825,15.37,15.72,15.37,15.61,3255.22,5077.6686
920914.BJ,20260825,16.69,16.85,16.44,16.74,9088.91,15134.20326
920924.BJ,20260825,14.17,14.45,13.93,14.35,9961.02,14241.25177
920925.BJ,20260825,11.68,11.83,11.57,11.68,5995.64,7017.02705
920926.BJ,20260825,9.87,10.0,9.83,9.96,2427.38,2412.68293
920931.BJ,20260825,10.03,10.49,9.92,10.48,11130.45,11383.03429
920932.BJ,20260825,11.18,11.21,10.95,11.11,7877.66,8749.38183
920942.BJ,20260825,16.07,16.57,16.0,16.36,3552.23,5806.48022
920943.BJ,20260825,15.33,15.54,15.1,15.38,14786.8,22697.21558
920946.BJ,20260825,9.76,10.25,9.58,10.1,104493.18,104701.25992
920950.BJ,20260825,12.3,12.58,12.2,12.58,1169.12,1455.73377
920953.BJ,20260825,21.5,22.48,21.33,22.06,13085.68,28885.17661
920957.BJ,20260825,9.44,9.74,9.24,9.73,15062.57,14533.15358
920961.BJ,20260825,19.23,19.4,18.89,19.38,12349.76,23685.54392
920964.BJ,20260825,4.58,4.95,4.56,4.75,58917.5,28304.96702
920970.BJ,20260825,5.82,6.15,5.82,6.06,29394.51,17727.15952
920971.BJ,20260825,25.09,25.32,24.47,25.31,23197.95,57690.50513
920974.BJ,20260825,6.09,6.15,6.03,6.15,6717.74,4107.54776
920976.BJ,20260825,17.81,18.78,17.58,17.61,23941.58,43326.15292
920978.BJ,20260825,19.52,20.1,19.52,20.07,7723.65,15421.79792
920981.BJ,20260825,28.0,28.92,27.71,28.71,10835.73,30784.52585
920982.BJ,20260825,117.49,119.88,117.0,119.71,5961.3,71109.10934
920985.BJ,20260825,4.52,4.55,4.48,4.55,13950.54,6309.58113
920992.BJ,20260825,11.06,11.37,11.05,11.28,4087.92,4598.96392
