ts_code,trade_date,open,high,low,close,vol,amount
000001.SZ,20260821,11.36,11.46,11.32,11.41,869127.63,990112.06641
000002.SZ,20260821,3.12,3.13,3.05,3.08,1028726.1,316006.68832
000006.SZ,20260821,7.08,7.11,6.9,7.06,127320.0,89357.393
000007.SZ,20260821,12.44,12.62,11.89,12.48,239360.5,295438.0125
000008.SZ,20260821,2.42,2.54,2.4,2.46,677355.0,166504.65316
000009.SZ,20260821,7.6,7.6,7.29,7.33,199884.51,147394.39902
000010.SZ,20260821,1.49,1.51,1.46,1.5,161341.04,24106.26796
000011.SZ,20260821,8.2,8.2,7.94,8.09,63058.99,50604.19389
000012.SZ,20260821,3.73,3.74,3.68,3.72,140132.04,52040.48263
000014.SZ,20260821,10.0,10.14,9.87,10.09,40063.2,40054.4602
000016.SZ,20260821,2.31,2.39,2.3,2.33,142743.0,33516.43
000017.SZ,20260821,7.11,7.11,6.7,7.11,415700.96,294182.28008
000019.SZ,20260821,6.68,6.7,6.31,6.36,323789.88,206800.8367
000020.SZ,20260821,11.7,12.11,11.13,11.74,261075.33,297765.06833
000021.SZ,20260821,37.16,38.2,36.83,37.9,618528.91,2332260.17297
000025.SZ,20260821,15.33,15.55,14.8,15.34,129037.11,195046.56749
000026.SZ,20260821,21.0,21.3,20.35,21.16,143340.52,300175.63461
000027.SZ,20260821,6.12,6.16,6.09,6.15,130775.88,80093.13684
000028.SZ,20260821,19.8,19.8,19.4,19.47,32541.48,63423.337
000029.SZ,20260821,22.22,22.94,21.96,22.76,45456.77,102378.15561
000030.SZ,20260821,4.33,4.33,4.24,4.26,71595.94,30505.3155
000031.SZ,20260821,2.19,2.2,2.12,2.15,378940.8,81307.093
000032.SZ,20260821,14.37,14.96,14.1,14.8,338733.97,494525.29474
000034.SZ,20260821,23.6,23.82,23.25,23.71,162025.31,382347.58953
000035.SZ,20260821,4.56,4.6,4.53,4.57,175794.0,80296.503
000036.SZ,20260821,3.97,4.05,3.88,4.04,237767.11,94942.97834
000037.SZ,20260821,9.4,9.49,9.23,9.39,100268.08,93512.10788
000039.SZ,20260821,9.16,9.39,9.03,9.34,307732.07,284439.91828
000042.SZ,20260821,8.91,9.03,8.58,8.76,134503.83,118099.46208
001914.SZ,20260821,8.84,8.84,8.63,8.67,75941.0,65967.338
000045.SZ,20260821,10.13,10.37,9.92,10.37,65496.37,66569.25025
000048.SZ,20260821,22.3,22.74,22.13,22.33,107985.15,241522.30354
000049.SZ,20260821,23.34,23.9,23.05,23.73,68863.14,162443.07196
000050.SZ,20260821,6.48,6.63,6.37,6.54,239590.37,155892.42875
000055.SZ,20260821,3.53,3.55,3.47,3.55,68581.0,24071.651
000056.SZ,20260821,1.94,2.02,1.92,2.01,212432.0,42335.729
000058.SZ,20260821,6.73,6.73,6.56,6.7,49161.02,32698.44926
000059.SZ,20260821,4.87,4.88,4.67,4.71,688027.45,325766.28612
000060.SZ,20260821,6.52,6.68,6.46,6.68,1154776.68,764060.59102
000061.SZ,20260821,5.78,5.83,5.64,5.69,262193.28,149432.2606
000062.SZ,20260821,22.04,22.45,21.85,22.39,126589.58,281770.96161
000063.SZ,20260821,33.51,33.92,33.43,33.78,487716.93,1645509.96196
000065.SZ,20260821,8.92,9.1,8.86,9.07,114674.29,103220.02604
000066.SZ,20260821,14.04,14.35,13.85,14.27,568927.28,805104.0884
000068.SZ,20260821,3.03,3.08,2.98,3.07,114892.35,34861.29247
000069.SZ,20260821,1.78,1.79,1.74,1.77,383291.15,67447.56879
000070.SZ,20260821,14.47,15.15,14.42,15.06,478988.56,713858.46651
000078.SZ,20260821,1.6,1.64,1.57,1.62,634969.69,101620.2314
000088.SZ,20260821,4.45,4.48,4.41,4.44,198975.56,88173.8698
000089.SZ,20260821,6.47,6.49,6.37,6.39,144578.01,92551.92539
000090.SZ,20260821,3.49,3.49,3.36,3.44,179425.98,61384.6772
000096.SZ,20260821,7.91,7.97,7.84,7.96,51691.0,40892.438
000099.SZ,20260821,13.78,13.79,13.61,13.73,37341.0,51205.67146
000100.SZ,20260821,5.01,5.06,4.95,5.03,2901530.67,1457082.71246
000151.SZ,20260821,10.02,10.14,9.83,10.08,54270.13,54238.12478
000153.SZ,20260821,6.09,6.19,5.88,6.07,487472.57,295358.75487
000155.SZ,20260821,11.67,12.22,11.62,12.18,422051.84,508393.17291
000156.SZ,20260821,6.66,6.68,6.58,6.65,58051.0,38519.0
000157.SZ,20260821,7.01,7.02,6.93,6.96,299790.41,208567.11549
000158.SZ,20260821,12.78,12.87,12.52,12.67,245954.93,311403.95536
000159.SZ,20260821,5.68,5.8,5.65,5.8,77065.02,44250.03301
000166.SZ,20260821,4.42,4.43,4.38,4.41,353521.47,155658.6875
000301.SZ,20260821,13.52,13.79,13.34,13.66,302231.65,411657.85098
000333.SZ,20260821,85.38,85.99,84.25,84.3,180210.93,1530494.6575
000338.SZ,20260821,28.29,29.21,28.16,29.16,525835.93,1518557.23937
000400.SZ,20260821,21.76,22.06,21.6,21.67,130468.72,284211.14063
000401.SZ,20260821,3.51,3.54,3.47,3.52,68133.0,23882.857
000402.SZ,20260821,2.49,2.51,2.43,2.46,297843.42,73111.4072
000403.SZ,20260821,10.95,10.96,10.62,10.63,151158.09,162325.28799
000404.SZ,20260821,7.08,7.08,6.99,7.03,83176.0,58361.408
000407.SZ,20260821,4.15,4.19,4.09,4.11,194869.07,80368.3303
000408.SZ,20260821,77.58,79.1,77.16,78.19,133675.0,1045516.77836
000409.SZ,20260821,8.48,8.5,8.35,8.46,24215.15,20443.5449
000410.SZ,20260821,5.0,5.1,4.95,5.08,174215.29,87810.4471
000411.SZ,20260821,9.85,9.9,9.61,9.67,43774.87,42388.46874
000415.SZ,20260821,4.6,4.64,4.54,4.6,456477.66,209418.97418
000417.SZ,20260821,5.58,5.63,5.47,5.58,148615.08,82686.08981
000419.SZ,20260821,4.96,4.97,4.83,4.9,63233.02,30885.73586
000420.SZ,20260821,3.64,3.68,3.61,3.67,257427.68,93964.84756
000421.SZ,20260821,5.74,5.86,5.64,5.64,339516.93,193690.56046
000422.SZ,20260821,12.45,12.45,12.14,12.25,182738.87,223662.4128
000423.SZ,20260821,50.0,50.6,48.18,48.35,201769.59,987659.25423
000425.SZ,20260821,8.08,8.1,7.97,8.01,688291.83,552212.50925
000426.SZ,20260821,39.58,41.02,39.22,40.88,1260043.17,5061402.06579
000428.SZ,20260821,4.07,4.08,3.92,3.98,233960.0,93192.22548
000429.SZ,20260821,13.1,13.15,13.0,13.04,48017.59,62693.66218
000430.SZ,20260821,6.6,6.61,6.46,6.61,59955.0,39277.393
000488.SZ,20260821,1.87,1.88,1.85,1.88,64972.12,12095.43786
000498.SZ,20260821,4.97,4.98,4.9,4.92,61426.0,30256.011
000501.SZ,20260821,7.09,7.11,6.95,7.02,56889.7,39812.7777
000503.SZ,20260821,7.13,7.19,6.84,6.87,279921.57,194262.28329
000504.SZ,20260821,8.51,8.62,8.37,8.43,48427.0,40908.631
000505.SZ,20260821,7.11,7.25,6.74,6.74,620432.06,425335.84026
000506.SZ,20260821,19.65,21.0,18.75,20.77,1264549.67,2529818.45475
000507.SZ,20260821,5.02,5.02,4.93,4.95,99325.72,49261.4544
000509.SZ,20260821,3.26,3.34,3.21,3.34,183068.79,60207.47707
000510.SZ,20260821,16.4,16.75,15.7,16.66,352415.68,575439.78422
000513.SZ,20260821,30.37,30.46,29.23,29.26,131463.77,388893.31044
000514.SZ,20260821,4.03,4.04,3.9,3.99,101494.69,40161.00867
000516.SZ,20260821,4.26,4.28,4.08,4.19,361861.64,150319.53424
000517.SZ,20260821,2.44,2.46,2.32,2.37,448114.64,105958.4856
000518.SZ,20260821,3.71,3.9,3.63,3.8,887985.77,333783.34176
000519.SZ,20260821,14.1,14.22,13.88,14.19,227871.27,321183.71967
000520.SZ,20260821,4.41,4.41,4.16,4.27,676043.25,287131.95525
000521.SZ,20260821,4.82,4.9,4.81,4.81,62094.0,30057.048
000523.SZ,20260821,3.53,3.53,3.18,3.18,1448461.1,477337.48379
000524.SZ,20260821,9.67,9.8,9.55,9.75,148729.25,144415.79425
000525.SZ,20260821,4.53,4.54,4.2,4.26,461550.97,198459.51394
000526.SZ,20260821,37.49,37.5,35.45,35.6,96583.22,349265.78423
000528.SZ,20260821,8.08,8.08,7.98,8.05,140461.7,112669.7453
000529.SZ,20260821,4.99,5.07,4.86,4.9,38168.52,18726.77272
000530.SZ,20260821,4.88,4.93,4.79,4.9,72189.5,35127.7517
000531.SZ,20260821,5.6,5.61,5.55,5.6,35782.13,19964.91767
000532.SZ,20260821,11.25,11.36,10.82,10.98,94042.62,103442.8779
000533.SZ,20260821,10.79,10.83,10.5,10.72,340654.22,363567.79209
000534.SZ,20260821,26.52,27.4,25.01,27.03,156642.98,414702.32237
000536.SZ,20260821,3.13,3.23,3.09,3.22,309073.4,98019.6504
000537.SZ,20260821,7.85,7.86,7.56,7.6,250048.0,191239.34664
000538.SZ,20260821,50.01,50.08,49.31,49.33,86030.05,425984.87387
000539.SZ,20260821,5.3,5.36,5.23,5.35,362032.84,192190.97086
000541.SZ,20260821,4.87,4.98,4.82,4.94,81893.59,40308.37132
000543.SZ,20260821,7.45,7.48,7.36,7.39,173632.59,128358.25534
000544.SZ,20260821,7.33,7.33,7.18,7.23,36113.0,26095.739
000545.SZ,20260821,2.5,2.53,2.45,2.53,297036.0,74154.541
000546.SZ,20260821,4.6,4.79,4.56,4.77,158992.0,74945.884
000547.SZ,20260821,13.7,13.98,13.58,13.88,455873.39,629715.06214
000548.SZ,20260821,4.49,4.49,4.38,4.48,45330.02,20077.53886
000550.SZ,20260821,16.37,16.44,16.08,16.13,26651.0,43079.97468
000551.SZ,20260821,12.6,12.65,12.27,12.52,144336.29,180256.4927
000552.SZ,20260821,2.56,2.62,2.54,2.59,649883.0,167819.443
000553.SZ,20260821,5.51,5.6,5.45,5.55,84890.01,46891.38249
000554.SZ,20260821,6.44,6.5,6.35,6.48,141215.19,91142.29193
000555.SZ,20260821,10.11,10.38,10.02,10.34,168118.02,172250.45894
000557.SZ,20260821,3.66,3.66,3.57,3.62,73607.0,26536.602
000558.SZ,20260821,3.43,3.43,3.34,3.41,168053.71,56904.67511
000559.SZ,20260821,10.79,11.0,10.71,10.96,199386.8,217803.07416
000560.SZ,20260821,2.33,2.35,2.19,2.23,2483455.33,553192.9072
000561.SZ,20260821,7.36,7.43,7.3,7.42,46128.65,34053.73674
000563.SZ,20260821,2.94,2.96,2.92,2.94,245262.98,72117.81814
000564.SZ,20260821,1.47,1.47,1.41,1.43,2823958.94,403662.53398
000565.SZ,20260821,5.94,6.05,5.87,6.01,117716.19,70169.8138
000566.SZ,20260821,5.0,5.04,4.73,4.84,1143730.2,553220.21446
000567.SZ,20260821,5.96,6.04,5.89,5.93,118670.61,70382.48512
000568.SZ,20260821,86.01,86.3,84.8,85.2,56789.84,484553.34743
000570.SZ,20260821,5.05,5.05,4.94,5.02,130939.39,65323.74078
000571.SZ,20260821,5.92,6.05,5.82,5.99,159001.0,94478.87385
000572.SZ,20260821,3.84,3.84,3.72,3.82,247567.1,93855.2652
000573.SZ,20260821,3.64,3.67,3.57,3.67,104932.87,37986.66007
000576.SZ,20260821,7.1,7.16,7.01,7.13,52082.96,36920.24248
000581.SZ,20260821,17.41,17.42,17.21,17.29,35299.0,60909.674
000582.SZ,20260821,10.79,10.97,10.58,10.91,301220.85,325324.17131
000586.SZ,20260821,12.51,12.72,12.27,12.58,34860.1,43696.6969
000589.SZ,20260821,4.25,4.25,4.21,4.23,130671.79,55231.84419
000590.SZ,20260821,9.5,9.52,8.83,9.05,123237.31,111013.34055
000591.SZ,20260821,4.23,4.24,4.2,4.21,251668.66,106080.13179
000592.SZ,20260821,6.06,6.13,5.92,6.08,860952.29,520620.71953
000593.SZ,20260821,24.63,24.74,23.9,24.15,192342.36,467572.37609
000595.SZ,20260821,5.48,5.58,5.35,5.56,286032.0,157125.44
000596.SZ,20260821,92.01,93.2,90.6,90.65,34903.84,318580.1786
000597.SZ,20260821,5.14,5.15,4.92,5.01,432046.37,216161.31994
000598.SZ,20260821,7.19,7.2,7.07,7.13,144314.01,102757.60812
000599.SZ,20260821,4.66,4.73,4.59,4.66,99689.0,46296.855
000600.SZ,20260821,7.88,7.96,7.81,7.95,154626.0,122248.917
000601.SZ,20260821,6.06,6.22,5.97,6.2,259746.59,159175.59295
000603.SZ,20260821,34.25,36.61,33.55,36.61,951243.93,3354818.49029
000605.SZ,20260821,5.91,5.95,5.79,5.89,42240.0,24739.096
000607.SZ,20260821,3.64,3.65,3.54,3.63,102807.88,36952.84556
000608.SZ,20260821,7.38,7.54,7.2,7.53,240748.5,177581.881
000609.SZ,20260821,10.23,10.68,9.9,10.63,62241.0,64204.048
000610.SZ,20260821,6.18,6.18,5.91,6.06,36825.0,22233.664
000612.SZ,20260821,10.88,11.16,10.83,11.13,307600.11,339019.39208
000615.SZ,20260821,3.36,3.38,3.28,3.37,56278.5,18850.3747
000617.SZ,20260821,6.78,7.3,6.77,6.98,1623565.03,1138730.26477
000619.SZ,20260821,4.81,4.89,4.74,4.85,53714.0,25848.545
000620.SZ,20260821,3.23,3.24,3.08,3.15,4007345.13,1259124.47268
000623.SZ,20260821,18.13,18.14,17.83,17.97,107882.41,193357.58542
000625.SZ,20260821,7.12,7.13,7.04,7.07,332491.07,234892.25219
000626.SZ,20260821,8.26,8.27,7.95,8.11,167863.46,135631.73828
000628.SZ,20260821,41.24,45.35,40.8,45.35,167640.14,731645.34582
000629.SZ,20260821,3.0,3.06,2.97,3.05,832496.39,251655.2169
000630.SZ,20260821,6.39,6.59,6.36,6.59,2718574.92,1771665.5325
000631.SZ,20260821,2.89,2.95,2.89,2.93,83394.79,24399.25867
000632.SZ,20260821,3.73,3.95,3.65,3.9,168176.0,64840.031
000633.SZ,20260821,5.3,5.33,5.17,5.31,54987.0,28953.565
000635.SZ,20260821,6.32,6.39,6.19,6.32,41589.98,26210.81914
000636.SZ,20260821,53.12,55.12,51.88,54.67,1256612.52,6781464.75057
000637.SZ,20260821,3.98,4.06,3.93,4.04,76609.65,30582.17
000639.SZ,20260821,1.84,1.98,1.81,1.98,1006894.71,190006.41536
000650.SZ,20260821,5.55,5.57,5.35,5.37,409772.38,221683.78672
000651.SZ,20260821,41.43,41.73,41.24,41.24,434807.15,1801513.60034
000652.SZ,20260821,3.42,3.44,3.36,3.43,89827.45,30572.32862
000655.SZ,20260821,6.86,6.97,6.78,6.95,64360.22,44433.6267
000656.SZ,20260821,1.25,1.26,1.22,1.24,1267977.4,156740.5811
000657.SZ,20260821,64.51,68.6,63.91,68.14,835711.62,5579749.73642
000659.SZ,20260821,2.72,2.72,2.63,2.71,262236.67,70430.27017
000661.SZ,20260821,82.35,84.0,79.49,79.5,125896.29,1018463.24926
000663.SZ,20260821,5.63,5.69,5.53,5.64,45889.4,25717.0574
000665.SZ,20260821,3.81,3.86,3.76,3.84,108282.8,41320.4556
000668.SZ,20260821,21.6,22.64,21.6,22.22,32185.0,71793.069
000669.SZ,20260821,4.28,4.48,4.25,4.45,116572.0,51478.801
000670.SZ,20260821,7.06,7.19,7.03,7.11,372057.69,264156.4339
000672.SZ,20260821,13.66,14.03,13.52,13.99,120929.84,167041.66358
000676.SZ,20260821,6.41,6.48,6.36,6.47,399784.2,257080.73174
000677.SZ,20260821,1.65,1.71,1.62,1.69,256433.5,42881.3404
000678.SZ,20260821,8.56,8.69,8.32,8.61,237682.37,202371.81628
000679.SZ,20260821,6.03,6.05,5.88,6.03,39110.0,23308.6
000680.SZ,20260821,10.39,10.43,10.13,10.19,172120.03,175878.96126
000681.SZ,20260821,16.86,17.02,16.69,17.01,121581.14,205533.61646
000682.SZ,20260821,11.63,11.64,11.45,11.52,103308.0,119201.96323
000683.SZ,20260821,6.05,6.1,5.96,6.05,467303.2,281604.17189
000685.SZ,20260821,10.9,11.0,10.86,10.98,68223.59,74589.35676
000686.SZ,20260821,7.86,7.88,7.75,7.81,146642.0,114313.705
000688.SZ,20260821,30.78,33.79,30.57,33.28,295959.21,971341.56343
000690.SZ,20260821,4.75,4.84,4.7,4.77,535091.83,255037.6517
000691.SZ,20260821,10.3,10.56,10.02,10.51,79632.0,82584.039
000692.SZ,20260821,4.14,4.2,4.06,4.19,203669.24,84453.63184
000695.SZ,20260821,13.77,13.96,13.6,13.72,59224.0,81453.418
000697.SZ,20260821,8.15,8.33,8.04,8.18,61374.01,50096.8392
000698.SZ,20260821,3.49,3.55,3.49,3.54,26934.7,9498.6334
000700.SZ,20260821,10.67,11.04,10.65,10.92,261886.9,285231.0072
000701.SZ,20260821,5.06,5.13,5.0,5.09,136133.91,68848.90437
000702.SZ,20260821,5.5,5.5,5.36,5.48,61930.0,33619.627
000703.SZ,20260821,20.12,20.93,19.7,20.8,1162391.25,2374865.00312
000705.SZ,20260821,7.11,7.15,6.94,7.04,76605.99,53954.82933
000707.SZ,20260821,4.62,4.67,4.55,4.63,62419.17,28790.02268
000708.SZ,20260821,13.85,13.93,13.6,13.64,149480.7,204886.53596
000709.SZ,20260821,2.09,2.09,2.06,2.07,701417.36,145587.46159
000710.SZ,20260821,10.17,10.31,9.6,10.31,581582.0,591543.041
000711.SZ,20260821,6.3,6.47,6.2,6.44,1401839.19,891783.88049
000712.SZ,20260821,8.55,8.61,8.4,8.58,134901.78,114991.92044
000713.SZ,20260821,6.0,6.03,5.78,5.88,173140.33,101841.07359
000715.SZ,20260821,5.14,5.17,5.06,5.15,73333.89,37497.50235
000716.SZ,20260821,4.95,4.95,4.73,4.8,470292.59,225988.46295
000717.SZ,20260821,2.21,2.22,2.17,2.21,127943.62,28096.79502
000718.SZ,20260821,1.9,1.9,1.85,1.87,202419.89,37855.33043
000719.SZ,20260821,12.32,12.37,11.94,12.05,42762.0,51564.818
000720.SZ,20260821,3.64,3.76,3.5,3.7,375636.0,136516.075
000721.SZ,20260821,6.47,6.57,6.37,6.42,103710.31,66624.06302
000722.SZ,20260821,12.96,12.98,12.65,12.8,68593.82,87614.38789
000723.SZ,20260821,3.58,3.58,3.46,3.54,1150068.31,404392.18727
000725.SZ,20260821,5.88,6.05,5.79,6.0,13131308.17,7789062.42363
000726.SZ,20260821,5.97,5.97,5.79,5.86,72047.94,42147.44284
000727.SZ,20260821,2.17,2.22,2.14,2.21,672537.0,147015.56418
000728.SZ,20260821,7.03,7.06,7.0,7.04,118920.1,83585.8281
000729.SZ,20260821,12.12,12.17,11.21,11.41,647978.94,743063.65726
000731.SZ,20260821,6.1,6.13,5.97,6.12,58344.39,35289.03829
000733.SZ,20260821,38.75,39.97,38.68,39.85,103158.0,407634.94968
000735.SZ,20260821,5.76,5.8,5.38,5.43,1237085.28,677460.75306
000736.SZ,20260821,4.36,4.39,4.21,4.35,284943.0,122705.578
000737.SZ,20260821,14.18,14.84,14.06,14.7,1019935.77,1481340.11212
000738.SZ,20260821,17.54,17.92,17.35,17.86,102115.04,180565.02079
000739.SZ,20260821,21.51,22.7,20.66,20.72,369795.94,787493.73584
000750.SZ,20260821,3.69,3.7,3.66,3.68,295837.77,108812.09836
000751.SZ,20260821,4.9,5.15,4.87,5.14,696465.27,351441.32407
000752.SZ,20260821,9.01,9.01,8.91,8.98,8615.0,7723.696
000753.SZ,20260821,4.69,4.69,4.59,4.66,92552.05,42983.8633
000755.SZ,20260821,4.78,4.79,4.72,4.78,33115.0,15762.486
000756.SZ,20260821,14.11,14.13,13.41,13.57,215234.21,293274.80828
000757.SZ,20260821,4.24,4.39,4.17,4.31,145178.0,62115.153
000758.SZ,20260821,5.96,6.08,5.93,6.07,260263.02,156884.13494
000759.SZ,20260821,6.07,6.11,5.7,5.85,618281.21,360467.26264
000761.SZ,20260821,2.35,2.35,2.29,2.33,153104.0,35539.089
000762.SZ,20260821,22.12,23.47,22.01,23.2,202300.74,464603.16827
000766.SZ,20260821,16.53,16.53,15.57,15.85,299119.84,478764.07676
000767.SZ,20260821,3.39,3.44,3.34,3.44,650137.0,221289.24102
000768.SZ,20260821,20.84,21.07,20.72,20.96,115832.41,242569.77031
000776.SZ,20260821,20.3,20.65,20.21,20.56,341546.77,699038.30724
000777.SZ,20260821,16.67,16.89,16.5,16.85,36999.81,61971.05399
000778.SZ,20260821,3.69,3.7,3.67,3.69,282535.92,104094.00448
000779.SZ,20260821,9.59,10.12,9.46,9.73,668039.7,653372.35101
000782.SZ,20260821,7.73,7.78,7.55,7.71,171359.58,131451.87118
000783.SZ,20260821,8.52,8.63,8.45,8.6,611310.52,523239.3784
000785.SZ,20260821,2.23,2.25,2.18,2.22,403105.23,89018.11463
000786.SZ,20260821,17.56,17.72,16.79,16.98,632615.18,1070218.07373
000788.SZ,20260821,5.76,5.84,5.54,5.63,407715.39,230410.76335
000789.SZ,20260821,4.09,4.09,4.0,4.09,39818.0,16098.5176
000790.SZ,20260821,4.14,4.15,4.02,4.08,179988.91,73163.38589
000791.SZ,20260821,7.21,7.24,7.14,7.2,104490.75,75104.35535
000792.SZ,20260821,27.82,28.94,27.51,28.81,770540.38,2200771.41214
000793.SZ,20260821,2.15,2.18,2.13,2.18,139261.01,30032.72913
000795.SZ,20260821,8.31,8.43,8.31,8.41,66231.0,55445.132
000796.SZ,20260821,3.83,3.87,3.73,3.85,301266.0,114823.944
000797.SZ,20260821,2.44,2.44,2.35,2.4,193802.27,46203.80131
000798.SZ,20260821,8.55,8.84,8.48,8.72,175267.21,151885.32507
000799.SZ,20260821,38.7,38.7,38.06,38.52,39289.08,150620.99904
000800.SZ,20260821,6.18,6.19,6.1,6.13,83450.56,51192.56128
000801.SZ,20260821,10.96,11.15,10.85,11.1,75760.89,83778.72653
000802.SZ,20260821,4.08,4.09,3.98,3.99,1078532.75,433407.63149
000803.SZ,20260821,7.31,7.47,7.12,7.42,131552.45,96290.89037
000807.SZ,20260821,25.47,25.95,25.17,25.88,650515.23,1670967.90859
000809.SZ,20260821,3.41,3.46,3.33,3.44,117987.68,39994.52084
000810.SZ,20260821,9.35,9.45,9.23,9.42,90201.24,84510.67576
000811.SZ,20260821,40.04,42.3,39.36,41.01,395754.51,1624689.61095
000812.SZ,20260821,3.57,3.58,3.48,3.57,129501.53,45723.2802
000813.SZ,20260821,3.36,3.4,3.25,3.27,738670.26,244840.38825
000815.SZ,20260821,16.06,16.52,15.62,16.48,599331.99,970908.13731
000816.SZ,20260821,2.77,2.8,2.72,2.78,267181.38,73811.55864
000818.SZ,20260821,11.9,12.02,11.66,12.02,138819.04,164956.04411
000819.SZ,20260821,11.78,11.97,11.64,11.91,35362.22,41855.92816
000820.SZ,20260821,3.39,3.52,3.33,3.51,232794.56,80211.34308
000821.SZ,20260821,6.85,6.97,6.83,6.96,51993.0,36008.082
000822.SZ,20260821,4.33,4.35,4.26,4.33,79511.0,34289.04
000823.SZ,20260821,14.5,15.26,14.29,15.1,393695.56,586175.4199
000825.SZ,20260821,3.4,3.42,3.36,3.41,232693.44,78938.2391
000826.SZ,20260821,1.91,2.01,1.9,1.96,260899.6,51220.763
000828.SZ,20260821,9.55,9.57,9.42,9.49,77757.1,73628.0784
000829.SZ,20260821,8.2,8.35,8.08,8.31,174230.52,143790.63298
000830.SZ,20260821,11.82,11.97,11.66,11.91,170731.71,202012.51586
000831.SZ,20260821,55.29,56.75,55.1,56.33,395213.05,2213142.51906
000833.SZ,20260821,21.1,21.69,20.92,21.65,278350.86,596716.70307
000837.SZ,20260821,10.0,10.16,9.97,10.05,169685.03,170784.70339
000838.SZ,20260821,2.74,2.87,2.73,2.81,445782.94,124967.60632
000839.SZ,20260821,2.67,2.7,2.61,2.68,392187.5,104248.488
000848.SZ,20260821,8.41,8.48,8.18,8.28,145328.1,120023.8245
000850.SZ,20260821,4.19,4.2,4.11,4.18,74012.78,30766.39951
000852.SZ,20260821,5.22,5.29,5.16,5.26,198435.61,104062.57275
000856.SZ,20260821,8.19,8.68,8.19,8.53,145343.0,123724.83678
000858.SZ,20260821,71.96,72.0,71.11,71.19,197097.58,1405498.85159
000859.SZ,20260821,8.83,8.93,8.65,8.87,249793.28,220775.40114
000860.SZ,20260821,10.47,10.5,10.2,10.25,58881.6,60465.0264
000862.SZ,20260821,5.08,5.16,5.05,5.15,105112.26,53737.0396
000863.SZ,20260821,4.09,4.28,3.95,4.21,205812.73,84940.62611
000868.SZ,20260821,3.47,3.5,3.4,3.49,122432.0,42201.503
000869.SZ,20260821,17.32,17.35,15.95,16.0,51178.21,83023.75242
000875.SZ,20260821,4.95,4.97,4.91,4.94,186104.25,91861.151
000876.SZ,20260821,7.0,7.0,6.84,6.9,314020.51,216301.23194
000877.SZ,20260821,3.66,3.69,3.6,3.65,82417.0,29986.335
000878.SZ,20260821,16.1,16.58,16.02,16.58,387766.15,635422.78651
000880.SZ,20260821,23.49,23.91,23.02,23.64,79457.97,187265.93264
000881.SZ,20260821,6.45,6.46,6.36,6.45,46241.33,29694.70753
000882.SZ,20260821,1.44,1.45,1.41,1.43,436424.0,62140.067
000883.SZ,20260821,4.43,4.45,4.39,4.43,158083.7,69780.98828
000885.SZ,20260821,12.2,12.4,12.18,12.3,122138.82,149465.46171
000886.SZ,20260821,4.52,4.55,4.47,4.54,110402.8,49752.90413
000887.SZ,20260821,21.98,22.65,21.71,22.41,512023.6,1140288.84195
000888.SZ,20260821,9.81,9.87,9.64,9.77,84217.65,81990.91198
000889.SZ,20260821,3.78,3.88,3.7,3.86,267230.0,101719.16
000890.SZ,20260821,7.4,7.41,6.96,7.3,159339.0,114832.819
000892.SZ,20260821,3.75,3.79,3.66,3.74,248190.41,92400.06775
000893.SZ,20260821,47.67,48.25,47.12,47.37,95947.42,455871.54328
000895.SZ,20260821,25.08,25.15,24.8,24.9,67835.36,169240.60404
000897.SZ,20260821,1.78,1.79,1.72,1.76,328150.9,57464.52928
000898.SZ,20260821,2.0,2.0,1.97,2.0,262613.78,52130.38532
000899.SZ,20260821,10.03,10.05,9.87,9.96,74971.99,74567.91205
000900.SZ,20260821,3.67,3.67,3.6,3.61,123234.05,44641.8036
000901.SZ,20260821,13.57,13.7,13.4,13.66,106970.02,145381.6484
000902.SZ,20260821,13.8,13.84,13.5,13.62,86951.28,118614.88352
000903.SZ,20260821,1.78,1.9,1.76,1.9,311196.74,57454.57178
000905.SZ,20260821,8.53,8.59,8.41,8.57,60435.92,51466.77152
000906.SZ,20260821,5.31,5.32,5.24,5.3,36973.94,19543.05626
000908.SZ,20260821,6.87,6.88,6.62,6.69,235631.0,157974.442
000909.SZ,20260821,4.27,4.32,4.2,4.28,20779.0,8864.873
000910.SZ,20260821,5.35,5.37,5.24,5.32,36334.0,19231.543
000911.SZ,20260821,5.06,5.06,4.84,4.91,106565.0,52560.629
000912.SZ,20260821,3.7,3.77,3.65,3.75,234003.94,87026.81656
000913.SZ,20260821,11.36,11.44,11.21,11.24,31651.0,35678.103
000915.SZ,20260821,25.06,25.06,23.58,23.7,140710.56,335774.21194
000917.SZ,20260821,6.83,7.1,6.71,7.06,232219.02,159636.62367
000919.SZ,20260821,6.88,6.9,6.5,6.64,340382.18,226205.89221
000920.SZ,20260821,11.15,11.64,11.11,11.5,114013.2,130177.90192
000921.SZ,20260821,25.59,25.74,24.9,25.0,51960.78,130858.1597
000922.SZ,20260821,11.83,12.05,11.53,12.05,109349.26,129970.29145
000923.SZ,20260821,15.25,15.3,15.0,15.19,87567.52,132821.64476
000925.SZ,20260821,7.8,8.15,7.66,8.15,279650.05,223424.50295
000926.SZ,20260821,2.3,2.3,2.22,2.26,756747.0,171641.19133
000927.SZ,20260821,2.44,2.44,2.39,2.4,350465.88,84212.7492
000928.SZ,20260821,4.95,4.97,4.91,4.94,77753.8,38330.32838
000929.SZ,20260821,8.86,9.16,8.69,8.98,22511.0,20108.54
000930.SZ,20260821,4.8,4.82,4.66,4.72,241794.87,114033.68764
000931.SZ,20260821,5.08,5.09,4.91,5.09,627284.5,318517.40098
000932.SZ,20260821,3.58,3.6,3.54,3.59,590839.18,210971.60985
000933.SZ,20260821,25.32,25.82,25.17,25.78,412748.03,1052930.89692
000935.SZ,20260821,23.1,23.25,22.55,22.74,36504.35,83071.7696
000936.SZ,20260821,5.41,5.53,5.24,5.49,366316.0,198768.92857
000937.SZ,20260821,4.67,4.75,4.65,4.7,213778.47,100545.3028
000938.SZ,20260821,35.6,36.58,35.2,36.44,1524791.7,5509755.64484
000948.SZ,20260821,13.61,13.97,13.46,13.92,118238.0,163323.96218
000949.SZ,20260821,6.58,6.93,6.53,6.92,651287.87,443149.25763
000950.SZ,20260821,5.69,5.69,5.43,5.48,567367.26,313336.88893
000951.SZ,20260821,21.72,21.85,20.96,21.17,84906.04,180313.85348
000952.SZ,20260821,6.43,6.54,6.32,6.38,100092.4,64032.698
000953.SZ,20260821,6.16,6.28,6.05,6.25,85726.0,52822.255
000955.SZ,20260821,4.2,4.21,4.11,4.17,96973.0,40308.883
000957.SZ,20260821,10.3,10.35,10.09,10.27,62423.36,63667.87136
000958.SZ,20260821,5.25,5.27,5.21,5.25,110899.0,58060.411
000959.SZ,20260821,3.49,3.5,3.43,3.47,202135.2,69973.21718
000960.SZ,20260821,37.0,37.56,36.5,37.1,400130.27,1480175.05124
000962.SZ,20260821,51.84,53.19,50.96,53.01,194053.53,1018357.52276
000963.SZ,20260821,29.39,29.39,28.0,28.1,553104.86,1570298.77033
000965.SZ,20260821,3.19,3.19,3.09,3.15,158813.49,49617.74786
000966.SZ,20260821,3.94,3.99,3.91,3.97,278450.76,110065.25492
000967.SZ,20260821,8.12,8.39,8.0,8.33,623830.39,511502.6609
000968.SZ,20260821,7.08,7.44,6.98,7.17,528400.31,382666.33118
000969.SZ,20260821,16.4,16.79,16.31,16.68,154387.15,256488.65175
000970.SZ,20260821,12.3,12.42,12.16,12.4,194845.7,240150.99026
000972.SZ,20260821,3.57,3.66,3.5,3.64,138718.24,49803.61212
000973.SZ,20260821,14.45,14.69,14.03,14.43,549593.46,789137.38992
000975.SZ,20260821,28.3,28.8,27.64,28.58,716473.54,2032401.8827
000977.SZ,20260821,75.49,76.69,74.25,76.35,521761.88,3964558.42475
000978.SZ,20260821,6.09,6.15,6.03,6.11,64609.0,39320.909
000980.SZ,20260821,1.62,1.67,1.58,1.66,865629.0,141053.163
000981.SZ,20260821,2.6,2.66,2.57,2.65,1449453.88,380482.0618
000983.SZ,20260821,6.94,7.34,6.91,7.32,1264816.89,911724.43416
000985.SZ,20260821,15.87,16.46,15.75,16.43,22284.43,36126.23189
000987.SZ,20260821,7.38,7.44,7.32,7.43,165386.71,122244.30447
000988.SZ,20260821,103.71,108.0,103.5,106.78,347574.73,3698670.96806
000989.SZ,20260821,9.36,9.37,8.96,9.04,385837.0,350601.821
000990.SZ,20260821,6.44,6.47,6.26,6.39,479321.26,304626.93789
000993.SZ,20260821,9.75,9.75,9.61,9.71,45687.38,44232.70346
000995.SZ,20260821,10.5,10.75,10.32,10.65,59761.0,63045.294
000997.SZ,20260821,18.13,18.5,17.91,18.42,211884.84,386155.83043
000998.SZ,20260821,8.8,8.81,8.29,8.35,574173.11,480488.34478
000999.SZ,20260821,24.72,24.98,24.08,24.14,161171.97,392967.04088
001201.SZ,20260821,11.98,11.98,11.74,11.86,24423.4,28934.2384
001202.SZ,20260821,13.6,13.7,13.32,13.67,15222.3,20583.8169
001203.SZ,20260821,26.39,29.1,26.22,28.36,540077.21,1531102.01523
001205.SZ,20260821,14.39,14.56,14.23,14.47,26792.0,38546.226
001206.SZ,20260821,16.9,16.9,16.22,16.49,46227.02,76125.47698
001207.SZ,20260821,16.85,17.01,16.65,16.71,44597.24,74781.20512
001208.SZ,20260821,13.32,13.65,13.23,13.58,131427.08,177122.07548
001209.SZ,20260821,17.44,17.86,17.21,17.86,20965.0,36824.039
001210.SZ,20260821,29.76,29.76,27.51,28.65,184410.27,523717.6383
001211.SZ,20260821,23.63,24.88,23.45,24.32,55793.77,135332.67414
001212.SZ,20260821,33.12,34.1,32.61,33.7,26150.24,87780.5712
001213.SZ,20260821,3.52,3.53,3.47,3.48,58358.62,20355.33576
001215.SZ,20260821,31.47,31.85,30.88,31.67,13529.11,42351.1197
001216.SZ,20260821,14.42,14.54,14.24,14.5,11929.91,17226.01459
001217.SZ,20260821,9.9,10.05,9.74,10.01,32591.84,32245.99432
001218.SZ,20260821,24.31,24.62,23.72,24.33,22699.84,54678.90362
001219.SZ,20260821,12.6,12.66,12.28,12.61,37001.37,46144.52122
001220.SZ,20260821,31.0,31.42,30.49,31.3,5423.74,16806.3535
001221.SZ,20260821,43.2,43.2,41.28,41.52,38526.62,161452.79562
001222.SZ,20260821,14.67,14.76,14.21,14.5,35812.94,51634.726
001223.SZ,20260821,40.8,41.79,39.71,40.68,17167.2,70155.86596
001225.SZ,20260821,46.57,47.19,44.01,46.91,32082.0,146545.08
001226.SZ,20260821,46.24,48.21,45.28,47.27,12595.0,59192.609
001227.SZ,20260821,2.13,2.13,2.1,2.11,575623.81,121477.78546
001228.SZ,20260821,27.33,29.0,27.16,28.72,36780.0,104032.039
001229.SZ,20260821,46.11,46.29,44.88,45.35,52559.27,238811.8104
001230.SZ,20260821,21.34,22.05,21.16,21.42,45274.41,97327.40625
001231.SZ,20260821,21.33,21.33,20.71,21.13,17242.0,36243.779
001232.SZ,20260821,148.7,151.08,146.99,149.86,32109.83,479979.52174
001233.SZ,20260821,44.09,44.2,43.24,44.07,11761.31,51451.43459
001234.SZ,20260821,22.76,22.9,22.23,22.44,15469.99,34775.11961
001236.SZ,20260821,7.46,7.59,7.43,7.53,77660.0,58300.229
001237.SZ,20260821,51.81,52.39,51.51,52.17,9130.68,47430.45518
001238.SZ,20260821,25.64,25.64,24.67,25.09,5463.82,13696.09182
001239.SZ,20260821,11.8,12.15,11.8,11.96,13399.16,15993.59736
001248.SZ,20260821,12.23,12.23,12.08,12.18,325124.71,395145.70995
001255.SZ,20260821,25.8,26.19,25.37,26.11,7966.0,20557.135
001256.SZ,20260821,23.08,23.5,22.72,23.23,26950.46,62480.61312
001257.SZ,20260821,23.88,25.31,23.86,25.2,131509.73,323228.06809
001258.SZ,20260821,12.7,12.7,11.74,12.21,1022679.32,1235159.67693
001259.SZ,20260821,46.23,46.8,44.05,46.34,12164.0,55777.942
001260.SZ,20260821,17.41,17.77,17.0,17.67,40484.79,70572.19319
001266.SZ,20260821,33.86,34.56,33.04,34.38,16220.48,55149.33272
001267.SZ,20260821,36.65,38.68,36.32,37.47,242933.56,910572.95671
001268.SZ,20260821,20.04,20.56,19.67,20.38,21980.2,44520.2458
001269.SZ,20260821,19.0,19.19,18.62,19.11,14989.0,28519.516
001270.SZ,20260821,100.19,107.68,99.08,103.9,94983.33,988362.29185
001277.SZ,20260821,38.07,39.9,34.51,35.43,137717.45,529328.78655
001278.SZ,20260821,15.85,16.16,15.59,16.03,21051.0,33498.073
001279.SZ,20260821,25.14,25.25,24.7,25.16,5640.0,14104.661
001280.SZ,20260821,66.53,67.53,66.05,67.03,47693.93,319400.90147
001282.SZ,20260821,15.73,16.04,15.52,15.91,15031.76,23783.55824
001283.SZ,20260821,43.3,44.19,43.07,43.75,24732.92,108172.60564
001285.SZ,20260821,39.88,40.64,39.56,40.41,8004.16,32163.3924
001286.SZ,20260821,9.8,9.88,9.5,9.51,754896.6,724965.70952
001287.SZ,20260821,22.99,23.55,22.64,22.97,224128.06,516738.04222
001288.SZ,20260821,24.01,26.21,23.45,25.54,48569.0,122005.0837
001289.SZ,20260821,15.58,15.65,15.45,15.64,35529.21,55267.65228
001296.SZ,20260821,19.49,19.57,19.03,19.47,16035.59,31071.36872
001298.SZ,20260821,17.46,17.57,17.14,17.49,43447.7,75631.5607
001299.SZ,20260821,9.8,10.13,9.8,10.13,41077.86,41148.9073
001300.SZ,20260821,11.16,11.32,10.95,11.28,26279.36,29295.18864
001301.SZ,20260821,63.86,65.33,63.0,63.2,79106.7,504983.54446
001306.SZ,20260821,53.51,53.95,52.17,53.56,4984.5,26564.351
001308.SZ,20260821,17.8,17.95,17.66,17.9,11158.0,19920.469
001309.SZ,20260821,398.1,423.0,393.0,415.12,152183.64,6207753.48569
001311.SZ,20260821,17.87,17.96,17.54,17.78,30585.81,54418.00381
001312.SZ,20260821,17.41,17.49,17.21,17.35,12383.16,21440.24834
001313.SZ,20260821,7.85,7.9,7.66,7.84,110419.55,86074.5532
001314.SZ,20260821,53.5,54.25,52.6,53.84,22546.0,120899.59176
001316.SZ,20260821,25.81,26.05,25.47,25.92,13436.34,34724.81724
001317.SZ,20260821,53.66,54.84,52.53,53.3,58976.11,314919.22249
001318.SZ,20260821,11.22,11.23,10.99,11.08,41961.19,46489.57081
001319.SZ,20260821,19.19,21.31,19.07,19.84,52054.0,104062.706
001322.SZ,20260821,6.22,6.32,6.11,6.28,38161.0,23766.576
001323.SZ,20260821,19.08,19.19,18.16,18.4,36671.77,67663.02006
001324.SZ,20260821,18.88,18.9,18.23,18.51,28205.0,52063.65492
001325.SZ,20260821,37.44,38.35,37.0,38.29,9399.0,35534.236
001326.SZ,20260821,61.18,62.38,59.06,61.48,11530.0,70364.564
001328.SZ,20260821,29.62,29.9,28.34,28.4,17309.17,49785.10563
001330.SZ,20260821,4.76,4.82,4.66,4.8,360483.0,171360.963
001331.SZ,20260821,45.0,46.41,44.0,44.72,63957.85,288851.41455
001332.SZ,20260821,30.5,30.87,29.81,30.73,14644.68,44625.00151
001333.SZ,20260821,22.5,22.87,21.22,21.52,76487.73,167905.76428
001335.SZ,20260821,31.87,31.9,30.98,31.34,5139.0,16106.388
001336.SZ,20260821,18.42,18.73,18.08,18.72,12680.9,23383.6743
001337.SZ,20260821,49.0,51.88,48.03,51.47,312628.48,1564955.57489
001338.SZ,20260821,9.08,9.13,8.79,8.86,169908.35,150835.0996
001339.SZ,20260821,78.03,79.28,76.8,78.48,51716.33,404424.14162
001356.SZ,20260821,9.05,9.14,8.91,9.1,58778.32,53079.5031
001358.SZ,20260821,25.77,25.98,25.05,25.49,23711.4,60194.4508
001359.SZ,20260821,92.7,93.3,89.01,92.0,46279.78,423375.01234
001360.SZ,20260821,18.62,18.7,17.62,18.22,129702.82,234630.98582
001365.SZ,20260821,35.03,35.14,34.6,35.03,27369.95,95557.38446
001366.SZ,20260821,11.61,12.42,11.51,12.3,172805.16,208385.46761
001367.SZ,20260821,20.65,21.97,20.37,21.8,110098.51,236157.3698
001368.SZ,20260821,23.96,24.88,23.42,23.42,31802.0,76130.353
001369.SZ,20260821,12.27,12.39,12.12,12.37,42016.63,51567.81628
001373.SZ,20260821,28.13,28.65,27.4,28.5,13197.84,37036.14316
001376.SZ,20260821,10.2,10.35,10.13,10.31,67559.15,69418.5315
001378.SZ,20260821,19.9,20.26,19.56,20.11,32937.8,65867.51703
001379.SZ,20260821,16.35,16.42,15.79,16.1,25808.0,41388.713
001380.SZ,20260821,16.56,16.92,16.26,16.86,12727.87,21198.67359
001382.SZ,20260821,16.75,16.88,16.56,16.85,17341.01,28974.98725
001386.SZ,20260821,15.59,15.62,15.33,15.6,34253.52,53093.56017
001387.SZ,20260821,12.05,12.13,11.88,12.12,20066.1,24060.23974
001388.SZ,20260821,21.2,21.44,20.72,21.32,32145.45,67990.87091
001389.SZ,20260821,152.8,157.34,148.8,155.95,56685.17,876687.98829
001390.SZ,20260821,17.55,17.55,17.2,17.4,10256.25,17803.22575
001391.SZ,20260821,4.12,4.14,4.07,4.07,151614.04,61933.3358
001393.SZ,20260821,42.09,42.3,41.16,42.27,14611.06,61274.56989
001395.SZ,20260821,29.7,29.87,28.26,29.03,30562.4,88190.7082
001396.SZ,20260821,33.2,33.6,32.59,33.42,6175.96,20416.76551
001399.SZ,20260821,22.8,23.19,22.37,23.08,215066.08,492445.50351
001400.SZ,20260821,78.1,81.4,75.11,80.33,42075.94,327631.83421
001696.SZ,20260821,15.19,15.46,14.93,15.3,289041.13,439837.60828
001872.SZ,20260821,22.9,23.38,22.81,22.84,30302.72,69834.00448
001896.SZ,20260821,11.71,11.93,11.59,11.92,350893.23,414762.70832
001965.SZ,20260821,9.16,9.18,9.09,9.17,93810.47,85845.19363
001979.SZ,20260821,7.61,7.63,7.28,7.46,795757.01,589811.24734
002001.SZ,20260821,28.0,28.48,27.78,27.82,365832.7,1022605.48362
002003.SZ,20260821,10.48,10.52,10.32,10.45,105698.28,110448.69239
002004.SZ,20260821,4.63,4.7,4.48,4.5,505237.95,231366.26175
002005.SZ,20260821,2.4,2.43,2.33,2.43,112129.04,26838.45168
002006.SZ,20260821,13.13,13.25,12.93,13.15,46019.12,60445.31294
002007.SZ,20260821,13.37,13.57,13.11,13.17,292104.45,388184.0087
002008.SZ,20260821,91.0,93.0,88.81,90.9,304281.98,2767607.97398
002009.SZ,20260821,16.41,16.66,16.2,16.53,75376.66,124286.29162
002010.SZ,20260821,4.65,4.68,4.6,4.65,104535.0,48543.06
002011.SZ,20260821,9.91,9.92,9.8,9.88,57162.0,56377.87826
002012.SZ,20260821,6.58,6.74,6.42,6.73,97128.44,64177.34876
002014.SZ,20260821,10.94,10.95,10.75,10.86,27762.84,30076.16828
002015.SZ,20260821,13.91,14.23,13.76,14.15,312553.43,438581.77433
002016.SZ,20260821,4.62,4.62,4.45,4.52,89038.18,40197.73536
002017.SZ,20260821,13.42,14.53,13.42,14.53,330645.41,470577.31634
002019.SZ,20260821,10.58,10.6,10.13,10.13,287866.27,295107.71013
002020.SZ,20260821,13.67,13.7,13.02,13.18,214142.03,283848.99762
002021.SZ,20260821,2.65,2.68,2.58,2.67,233576.39,61667.70318
002022.SZ,20260821,5.61,5.73,5.5,5.62,174583.03,98052.19901
002023.SZ,20260821,9.99,10.2,9.7,10.13,256467.51,255550.29345
002024.SZ,20260821,1.18,1.18,1.17,1.18,105030.86,12331.94262
002025.SZ,20260821,60.29,63.59,59.31,62.67,165410.2,1027888.21478
002026.SZ,20260821,10.38,10.44,10.21,10.3,39654.31,40912.11261
002027.SZ,20260821,4.95,4.98,4.84,4.9,1486034.57,725000.88964
002028.SZ,20260821,172.0,176.82,170.26,176.69,91943.39,1609484.29446
002029.SZ,20260821,8.74,8.88,8.56,8.75,161189.44,140446.12249
002030.SZ,20260821,5.84,5.9,5.57,5.6,625468.3,355366.15168
002031.SZ,20260821,5.1,5.21,4.96,5.14,992969.14,509293.35478
002032.SZ,20260821,41.38,41.43,40.85,40.92,10962.65,44969.01532
002033.SZ,20260821,8.95,8.96,8.8,8.93,191556.78,170229.2757
002034.SZ,20260821,13.78,13.78,13.57,13.66,39554.37,54005.8314
002035.SZ,20260821,4.85,4.88,4.68,4.69,215408.0,101830.32853
002036.SZ,20260821,6.55,6.63,6.4,6.56,303260.62,197837.58265
002037.SZ,20260821,6.7,6.79,6.62,6.76,45736.25,30676.375
002038.SZ,20260821,7.08,7.08,6.93,7.08,585760.37,414613.84596
002039.SZ,20260821,18.91,19.1,18.72,19.06,50259.35,95254.32847
002040.SZ,20260821,8.77,9.07,8.65,8.9,314216.88,278189.05428
002041.SZ,20260821,9.71,9.72,9.18,9.26,517191.58,479956.35149
002042.SZ,20260821,3.75,3.77,3.69,3.75,139046.88,51940.222
002043.SZ,20260821,13.48,13.5,12.84,13.15,193667.1,253215.74498
002044.SZ,20260821,4.71,4.75,4.65,4.69,702513.0,329445.326
002045.SZ,20260821,8.29,9.11,8.19,9.11,555349.52,490236.85464
002046.SZ,20260821,47.29,50.78,46.5,49.21,121765.06,594701.38796
002047.SZ,20260821,3.1,3.25,3.04,3.21,548229.03,172643.39931
002048.SZ,20260821,18.85,19.38,18.7,19.33,124883.41,238572.68073
002049.SZ,20260821,62.51,63.12,62.25,62.65,122426.48,767255.06173
002050.SZ,20260821,35.98,36.9,35.9,36.71,373598.69,1362165.76218
002051.SZ,20260821,8.29,8.37,8.18,8.36,143249.9,118730.09444
002052.SZ,20260821,8.36,8.4,8.18,8.25,61288.53,50647.55331
002053.SZ,20260821,9.16,9.16,8.99,9.11,57227.32,51995.60664
002054.SZ,20260821,7.18,7.31,7.09,7.29,89370.31,64516.55451
002055.SZ,20260821,5.77,6.38,5.77,6.04,281478.0,172765.621
002056.SZ,20260821,21.38,21.68,21.0,21.53,172759.02,370217.56839
002057.SZ,20260821,8.54,8.74,8.53,8.65,157801.63,136792.74818
002058.SZ,20260821,16.0,16.4,15.85,16.33,19531.0,31518.424
002059.SZ,20260821,4.47,4.53,4.4,4.52,95758.49,42839.84899
002060.SZ,20260821,3.24,3.25,3.21,3.22,96478.0,31135.0
002061.SZ,20260821,3.5,3.51,3.37,3.43,252712.2,86892.2196
002062.SZ,20260821,7.73,7.88,7.47,7.85,178559.61,137557.03024
002063.SZ,20260821,5.31,5.33,5.26,5.29,127434.22,67377.87216
002064.SZ,20260821,11.7,11.79,11.46,11.7,339471.16,395035.50214
002065.SZ,20260821,6.85,6.99,6.77,6.91,312466.16,214430.38446
002066.SZ,20260821,21.79,21.9,21.04,21.66,21834.01,46969.34589
002067.SZ,20260821,3.97,4.04,3.94,4.01,316490.05,126487.92273
002068.SZ,20260821,7.6,7.79,7.46,7.76,194915.51,149394.24976
002069.SZ,20260821,3.45,3.46,3.37,3.46,107194.0,36580.427
002072.SZ,20260821,7.23,7.28,7.11,7.24,46435.7,33391.7378
002073.SZ,20260821,5.89,6.12,5.83,5.94,640465.37,381688.84616
002074.SZ,20260821,26.31,27.2,26.2,26.86,195393.87,524511.20271
002075.SZ,20260821,3.64,3.77,3.59,3.7,537078.77,197503.43643
002076.SZ,20260821,2.06,2.1,2.03,2.09,239751.0,49563.173
002077.SZ,20260821,12.16,12.36,12.04,12.28,140250.84,171608.66961
002078.SZ,20260821,13.93,13.98,13.59,13.67,126664.52,173608.21988
002079.SZ,20260821,9.48,9.62,9.37,9.58,177424.56,168985.05801
002080.SZ,20260821,53.0,54.2,51.69,53.91,345134.95,1840645.61429
002081.SZ,20260821,5.44,5.48,5.05,5.15,4089937.64,2128232.61814
002082.SZ,20260821,9.77,9.87,9.51,9.81,84821.0,82416.287
002083.SZ,20260821,10.31,10.64,10.14,10.53,446270.5,465415.631
002085.SZ,20260821,10.16,10.25,10.09,10.23,109789.18,111952.37696
002086.SZ,20260821,1.99,2.03,1.97,2.0,617512.0,123542.598
002088.SZ,20260821,8.21,8.27,7.99,8.23,22458.89,18302.56485
002090.SZ,20260821,9.1,9.29,8.99,9.25,51298.42,46907.61708
002091.SZ,20260821,7.77,7.78,7.68,7.7,88016.0,67879.08784
002092.SZ,20260821,4.42,4.47,4.36,4.46,407025.01,179525.27838
002093.SZ,20260821,6.61,6.64,6.52,6.63,56037.0,36927.45
002094.SZ,20260821,4.61,4.64,4.55,4.61,118801.04,54608.15752
002095.SZ,20260821,14.03,14.18,13.92,14.1,14538.22,20384.0841
002096.SZ,20260821,9.28,9.28,9.16,9.22,32438.43,29849.69689
002097.SZ,20260821,7.1,7.2,7.02,7.19,113892.25,81150.46569
002098.SZ,20260821,7.09,7.17,6.99,7.07,33446.78,23611.8599
002099.SZ,20260821,5.43,5.45,5.22,5.24,278010.1,147828.75667
002100.SZ,20260821,7.16,7.21,7.08,7.15,127264.81,90838.78315
002101.SZ,20260821,8.65,8.65,8.51,8.55,31705.34,27114.46094
002102.SZ,20260821,2.2,2.22,2.18,2.21,63467.97,13966.9424
002103.SZ,20260821,6.53,6.6,6.42,6.48,50476.31,32664.18477
002104.SZ,20260821,10.06,11.0,10.05,10.74,1023658.0,1086133.4239
002105.SZ,20260821,5.81,5.86,5.69,5.84,62072.1,35887.7405
002106.SZ,20260821,10.12,10.27,9.8,10.22,138059.2,139843.57404
002107.SZ,20260821,6.33,6.39,6.14,6.25,110932.01,69098.48325
002108.SZ,20260821,4.26,4.31,4.22,4.31,197540.0,84305.67063
002109.SZ,20260821,2.62,2.75,2.6,2.75,81316.7,21866.6321
002110.SZ,20260821,2.93,2.96,2.89,2.95,214934.9,62831.0902
002111.SZ,20260821,9.38,9.53,9.31,9.5,65679.83,61928.53853
002112.SZ,20260821,15.6,15.87,15.5,15.7,126849.8,198990.33852
002114.SZ,20260821,7.17,7.33,7.09,7.32,70955.0,51223.816
002115.SZ,20260821,10.43,10.45,10.16,10.4,335540.81,347309.90536
002116.SZ,20260821,7.08,7.14,6.98,7.05,27943.8,19646.0104
002117.SZ,20260821,7.82,7.86,7.7,7.83,41640.92,32387.29752
002119.SZ,20260821,23.12,23.72,22.78,23.5,239660.42,560326.61673
002120.SZ,20260821,6.64,6.7,6.59,6.6,251842.33,166548.7953
002121.SZ,20260821,4.87,4.97,4.84,4.94,173615.28,85563.41576
002122.SZ,20260821,2.74,2.76,2.7,2.75,133809.0,36508.528
002123.SZ,20260821,7.8,8.16,7.73,8.01,222379.1,177546.41287
002124.SZ,20260821,2.32,2.32,2.26,2.27,733539.22,167056.89355
002125.SZ,20260821,12.61,12.85,12.44,12.7,177252.18,224693.37421
002126.SZ,20260821,39.7,40.86,39.4,40.07,130223.71,522161.64909
002127.SZ,20260821,2.87,2.88,2.8,2.81,298186.0,84230.919
002128.SZ,20260821,26.79,27.25,26.79,27.12,52696.71,142840.84328
002129.SZ,20260821,9.49,9.66,9.44,9.5,696403.08,663192.29209
002130.SZ,20260821,16.12,16.36,16.0,16.29,127962.62,207817.39399
002131.SZ,20260821,4.57,4.6,4.45,4.57,2571582.36,1168032.63981
002132.SZ,20260821,4.4,4.83,4.35,4.77,911933.57,419041.97771
002133.SZ,20260821,2.71,2.72,2.64,2.7,133261.0,35658.521
002134.SZ,20260821,20.81,21.45,20.52,21.26,52020.61,109979.55711
002135.SZ,20260821,5.82,6.04,5.74,5.94,96362.37,57069.26978
002136.SZ,20260821,11.78,12.23,11.73,12.18,57995.0,69936.611
002137.SZ,20260821,7.5,7.7,7.32,7.6,141618.12,106513.83396
002138.SZ,20260821,48.54,50.38,47.95,49.94,257245.73,1270582.16962
002139.SZ,20260821,9.48,9.55,9.39,9.5,88582.0,84023.224
002140.SZ,20260821,9.07,9.12,8.93,9.09,42397.71,38357.39299
002141.SZ,20260821,6.21,6.56,6.11,6.45,1447516.0,926652.809
002142.SZ,20260821,34.18,34.29,33.75,34.06,254280.48,864371.13806
002144.SZ,20260821,10.88,11.02,10.67,11.0,33843.0,36730.322
002145.SZ,20260821,4.29,4.32,4.23,4.3,317243.65,135965.333
002146.SZ,20260821,1.16,1.16,1.12,1.14,941643.04,107001.81056
002148.SZ,20260821,6.19,6.23,6.08,6.2,103756.44,63999.39252
002149.SZ,20260821,36.55,37.66,36.11,37.32,239781.89,891153.68568
002150.SZ,20260821,22.1,23.19,21.95,22.9,94052.39,214823.35291
002151.SZ,20260821,27.7,28.2,27.57,28.0,81555.95,227894.57243
002152.SZ,20260821,9.44,9.61,9.37,9.59,201801.75,191824.33164
002153.SZ,20260821,7.63,7.71,7.55,7.68,195520.38,149320.92406
002154.SZ,20260821,4.18,4.2,4.02,4.07,272411.94,110609.20864
002156.SZ,20260821,63.82,65.92,63.01,63.88,969050.63,6236622.86192
002157.SZ,20260821,2.94,2.95,2.91,2.93,1095954.69,320133.82548
002158.SZ,20260821,26.0,26.52,25.66,26.35,59350.41,155399.38189
002159.SZ,20260821,13.4,13.46,13.16,13.38,22302.39,29589.7558
002160.SZ,20260821,3.87,3.97,3.85,3.96,122080.21,47884.30125
002161.SZ,20260821,5.7,5.8,5.61,5.78,94357.96,53930.1901
002162.SZ,20260821,4.04,4.04,3.94,4.0,113366.83,45101.56602
002163.SZ,20260821,8.14,8.14,7.77,7.93,206525.0,163318.484
002164.SZ,20260821,11.06,11.17,10.96,11.12,71036.0,78810.47948
002165.SZ,20260821,7.5,8.19,7.3,7.72,1666857.68,1275700.03762
002166.SZ,20260821,6.85,6.88,6.65,6.74,148275.39,99818.63174
002167.SZ,20260821,16.17,16.79,15.9,16.74,440639.78,725308.84846
002168.SZ,20260821,3.77,3.87,3.75,3.84,33076.0,12592.346
002169.SZ,20260821,12.69,12.75,12.38,12.57,144168.02,181101.4079
002170.SZ,20260821,11.17,11.25,11.05,11.23,115956.0,129460.26322
002171.SZ,20260821,9.42,9.66,9.33,9.65,275322.72,262663.6078
002172.SZ,20260821,4.13,4.26,4.0,4.04,1733814.98,710228.60904
002173.SZ,20260821,18.98,19.06,18.0,18.33,297339.6,543826.49272
002174.SZ,20260821,12.16,12.38,12.1,12.3,191157.0,234142.53328
002175.SZ,20260821,2.61,2.61,2.56,2.59,133334.54,34418.61578
002176.SZ,20260821,8.8,9.22,8.71,9.04,531316.29,478590.77257
002177.SZ,20260821,5.62,5.94,5.56,5.77,683643.17,391787.40837
002178.SZ,20260821,4.43,4.48,4.32,4.44,115721.0,50965.787
002179.SZ,20260821,34.03,34.6,33.88,34.42,127634.89,438134.77228
002180.SZ,20260821,17.75,17.75,17.0,17.7,131560.79,229170.60682
002181.SZ,20260821,8.3,8.33,8.12,8.27,151899.36,125145.45689
002182.SZ,20260821,11.7,11.94,11.63,11.89,104265.22,123389.02509
002183.SZ,20260821,4.36,4.4,4.29,4.37,304835.0,132758.118
002184.SZ,20260821,9.99,10.04,9.77,10.01,46843.44,46478.20284
002185.SZ,20260821,17.25,17.62,17.02,17.42,1547225.08,2687470.17688
002186.SZ,20260821,9.46,9.46,9.21,9.36,36822.62,34276.14008
002187.SZ,20260821,5.3,5.35,5.2,5.31,73622.96,38713.84784
002188.SZ,20260821,5.42,5.5,5.35,5.47,119132.5,64611.4635
002189.SZ,20260821,18.18,18.28,17.81,18.2,11529.0,20848.431
002190.SZ,20260821,22.88,22.9,22.3,22.81,35713.74,80821.62881
002191.SZ,20260821,3.69,3.7,3.63,3.65,102931.97,37561.83579
002192.SZ,20260821,65.92,72.51,65.33,72.51,278713.47,1971905.86834
002193.SZ,20260821,4.61,4.79,4.49,4.74,42547.0,19928.951
002194.SZ,20260821,9.85,10.12,9.66,10.05,261005.35,258431.95834
002195.SZ,20260821,6.3,6.36,6.21,6.33,755133.97,475123.22069
002196.SZ,20260821,10.27,10.5,10.2,10.42,149705.0,155263.612
002197.SZ,20260821,6.51,6.59,6.34,6.58,160440.0,104459.7351
002198.SZ,20260821,3.37,3.4,3.29,3.37,48424.0,16170.019
002199.SZ,20260821,12.18,12.65,12.0,12.47,80018.0,98784.243
002200.SZ,20260821,6.7,6.84,6.51,6.7,36386.0,24165.258
002201.SZ,20260821,8.0,8.12,7.81,8.08,113994.23,91518.15718
002202.SZ,20260821,19.24,19.5,18.9,19.19,1588410.4,3043127.50834
002203.SZ,20260821,18.35,18.94,18.02,18.84,161276.85,300839.25251
002204.SZ,20260821,5.21,5.21,5.14,5.16,139549.07,72025.23805
002205.SZ,20260821,10.56,10.71,10.36,10.66,18830.0,19853.901
002206.SZ,20260821,5.22,5.22,5.16,5.21,53547.66,27800.2862
002207.SZ,20260821,5.63,5.83,5.55,5.75,59024.0,33719.652
002208.SZ,20260821,10.72,10.9,10.52,10.81,233086.11,250487.16461
002209.SZ,20260821,13.16,13.16,12.95,13.16,156873.0,206290.574
002210.SZ,20260821,2.21,2.23,2.16,2.22,418811.89,92052.43669
002211.SZ,20260821,3.71,3.84,3.68,3.82,62899.0,23777.193
002212.SZ,20260821,6.15,6.26,6.01,6.23,317696.05,195266.29659
002213.SZ,20260821,29.21,29.96,28.9,29.89,117101.02,346794.87328
002214.SZ,20260821,14.21,14.8,14.12,14.78,118397.6,172258.581
002215.SZ,20260821,9.35,9.43,9.11,9.2,240006.94,221550.47916
002216.SZ,20260821,12.61,12.67,12.29,12.34,62246.36,77169.45368
002217.SZ,20260821,1.44,1.46,1.43,1.45,698225.52,100943.44852
002218.SZ,20260821,3.81,3.88,3.76,3.86,250531.1,96022.4426
002219.SZ,20260821,2.3,2.31,2.22,2.23,1504025.4,338001.46853
002221.SZ,20260821,5.73,5.75,5.59,5.69,290410.45,164558.4995
002222.SZ,20260821,63.52,66.6,62.0,64.61,217147.11,1400730.48668
002223.SZ,20260821,26.17,26.17,25.35,25.47,111306.52,284695.26872
002224.SZ,20260821,3.64,3.84,3.55,3.72,316496.0,117042.16525
002225.SZ,20260821,3.49,3.62,3.43,3.61,269157.03,95542.86577
002226.SZ,20260821,5.02,5.02,4.94,5.0,124477.6,61928.0354
002227.SZ,20260821,6.55,6.57,6.18,6.33,72400.0,45919.272
002228.SZ,20260821,3.11,3.12,3.04,3.12,162138.69,49932.77939
002229.SZ,20260821,10.75,11.01,10.39,10.99,504789.38,544463.73553
002230.SZ,20260821,39.64,39.64,38.96,39.19,362671.1,1423300.17411
002232.SZ,20260821,13.82,13.97,13.71,13.91,32700.0,45226.461
002233.SZ,20260821,7.07,7.08,6.99,7.05,70451.0,49530.1401
002234.SZ,20260821,7.83,8.37,7.83,7.94,131536.24,105298.05582
002235.SZ,20260821,8.69,8.79,8.49,8.72,258294.87,223394.24215
002236.SZ,20260821,16.03,16.13,15.87,16.11,285261.0,456668.82402
002237.SZ,20260821,15.11,15.56,14.91,15.45,534529.01,816046.70584
002238.SZ,20260821,6.05,6.05,5.91,6.02,38283.26,22873.39852
002239.SZ,20260821,2.45,2.48,2.43,2.47,373627.0,91759.19006
002240.SZ,20260821,31.65,34.65,31.46,33.75,628678.13,2105448.55589
002241.SZ,20260821,22.44,23.64,22.29,23.4,1709660.58,3945733.5061
002242.SZ,20260821,8.95,8.95,8.76,8.84,50397.21,44484.38643
002243.SZ,20260821,7.28,7.38,7.15,7.34,158119.0,114714.10704
002244.SZ,20260821,9.41,9.47,9.05,9.16,312306.92,287491.58702
002245.SZ,20260821,17.96,18.55,17.73,18.3,559524.56,1020264.46893
002246.SZ,20260821,19.97,20.31,19.6,20.15,115749.12,231878.90403
002247.SZ,20260821,2.38,2.38,2.28,2.37,289960.0,67513.021
002248.SZ,20260821,9.81,10.2,9.61,9.97,457009.38,453077.95103
002249.SZ,20260821,7.01,7.15,7.0,7.07,193548.24,136492.91108
002250.SZ,20260821,15.85,16.1,15.56,15.75,140265.09,221273.4993
002251.SZ,20260821,3.61,3.62,3.52,3.54,665626.95,236324.16199
002252.SZ,20260821,4.99,5.0,4.8,4.82,787086.4,382800.2004
002253.SZ,20260821,9.48,9.57,9.28,9.52,40252.0,38025.674
002254.SZ,20260821,12.11,12.61,11.91,12.4,157734.36,193979.80184
002255.SZ,20260821,7.76,7.76,7.6,7.72,89797.82,69073.47092
002256.SZ,20260821,3.31,3.37,3.24,3.37,376982.18,125048.59022
002258.SZ,20260821,14.68,14.7,14.42,14.59,184539.79,268715.14754
002259.SZ,20260821,3.76,3.87,3.71,3.85,118033.0,44960.233
002261.SZ,20260821,25.44,25.8,25.01,25.5,284948.23,723281.98798
002262.SZ,20260821,22.54,22.58,21.87,21.95,130677.75,288238.96141
002263.SZ,20260821,2.94,2.99,2.87,2.98,301543.31,88825.00438
002264.SZ,20260821,6.58,6.62,6.45,6.51,131297.76,85468.60152
002265.SZ,20260821,18.47,18.55,18.15,18.29,70841.12,129677.61388
002266.SZ,20260821,4.8,4.85,4.77,4.83,457270.9,220076.3509
002267.SZ,20260821,7.0,7.03,6.94,6.97,49639.0,34674.64
002268.SZ,20260821,13.57,13.65,13.38,13.58,49698.0,67277.621
002269.SZ,20260821,1.43,1.44,1.4,1.43,290268.37,41314.78191
002270.SZ,20260821,19.26,19.52,19.03,19.26,81779.93,157160.22911
002271.SZ,20260821,11.28,11.29,10.96,11.14,572744.5,636109.14349
002272.SZ,20260821,14.31,15.77,14.31,15.59,515691.07,788679.30098
002273.SZ,20260821,26.99,27.99,26.65,27.48,394480.94,1084990.34672
002274.SZ,20260821,5.9,5.94,5.7,5.82,397052.56,231801.84778
002275.SZ,20260821,13.5,13.55,12.97,13.23,41983.0,55302.803
002276.SZ,20260821,10.1,10.16,9.97,10.05,98199.06,98708.12018
002277.SZ,20260821,5.65,5.88,5.55,5.85,194194.44,111673.62146
002278.SZ,20260821,7.96,8.17,7.88,8.15,73857.0,59705.116
002279.SZ,20260821,6.32,6.32,6.18,6.28,189007.92,117917.61084
002281.SZ,20260821,173.26,182.93,173.26,178.58,338512.62,6043137.39917
002282.SZ,20260821,5.96,5.96,5.82,5.91,37261.46,21875.46148
002283.SZ,20260821,8.78,8.95,8.6,8.83,106079.37,93461.55671
002284.SZ,20260821,9.46,9.55,9.28,9.33,283605.77,265508.87401
002285.SZ,20260821,2.17,2.19,2.06,2.15,466868.39,98655.88858
002286.SZ,20260821,8.18,8.18,7.8,7.88,136902.0,108320.802
002287.SZ,20260821,20.45,20.46,19.76,19.86,42745.65,85478.53659
002289.SZ,20260821,41.5,41.99,40.26,41.41,60244.0,249497.12399
002290.SZ,20260821,67.89,67.9,60.54,63.85,112256.08,711125.08576
002291.SZ,20260821,5.19,5.19,5.08,5.17,157119.13,80776.91055
002292.SZ,20260821,8.03,8.04,7.83,7.88,265156.16,209878.99251
002293.SZ,20260821,11.35,11.37,11.04,11.31,55739.06,62477.38303
002294.SZ,20260821,33.97,33.97,32.34,32.68,307822.23,1009756.99683
002295.SZ,20260821,8.93,9.07,8.71,9.05,32516.0,29035.835
002296.SZ,20260821,8.73,8.98,8.7,8.85,65431.16,57844.74344
002297.SZ,20260821,17.18,17.94,16.9,17.78,395246.16,695366.70374
002298.SZ,20260821,7.95,8.02,7.8,7.97,180858.33,143479.08067
002299.SZ,20260821,16.25,16.7,15.99,16.0,175386.95,284354.35816
002300.SZ,20260821,6.66,6.73,6.57,6.72,119544.38,79785.39446
002301.SZ,20260821,7.42,7.42,7.23,7.37,92706.87,67887.83677
002302.SZ,20260821,4.66,4.68,4.54,4.63,80359.16,36877.26408
002303.SZ,20260821,4.65,4.74,4.55,4.71,402953.45,186976.58059
002304.SZ,20260821,39.41,39.44,38.73,38.83,37251.99,144863.22397
002305.SZ,20260821,2.09,2.14,2.07,2.12,164895.0,34665.31
002306.SZ,20260821,1.95,2.15,1.95,2.12,407450.01,85762.93412
002307.SZ,20260821,2.89,2.9,2.85,2.88,145968.37,41898.24092
002309.SZ,20260821,2.96,3.0,2.9,2.98,807099.76,239286.35272
002310.SZ,20260821,2.3,2.32,2.29,2.31,523555.58,120601.20982
002311.SZ,20260821,46.3,47.0,45.73,45.79,78776.98,364471.48954
002312.SZ,20260821,8.21,8.31,8.12,8.27,116140.58,95441.48308
002313.SZ,20260821,8.55,9.2,8.55,8.84,414980.01,368265.3629
002314.SZ,20260821,2.14,2.15,2.09,2.13,197883.8,41933.3594
002315.SZ,20260821,25.19,25.99,24.88,25.87,68822.46,175198.47444
002316.SZ,20260821,4.42,4.48,4.32,4.45,83713.0,36810.644
002317.SZ,20260821,26.65,26.88,25.45,26.17,366737.68,955104.54498
002318.SZ,20260821,19.28,19.4,19.02,19.28,39971.38,76942.39228
002319.SZ,20260821,11.2,11.4,10.85,11.29,113058.0,126134.331
002320.SZ,20260821,6.48,6.49,6.36,6.39,121905.17,78021.41363
002321.SZ,20260821,2.03,2.05,1.99,2.03,291219.98,58815.23093
002322.SZ,20260821,11.68,11.79,11.54,11.75,114677.67,133804.70202
002323.SZ,20260821,1.27,1.31,1.26,1.3,409292.8,52895.89452
002324.SZ,20260821,8.88,9.0,8.73,8.97,121544.21,108239.26322
002326.SZ,20260821,20.0,20.56,19.83,20.13,292713.26,590342.89512
002327.SZ,20260821,6.58,6.62,6.47,6.55,31927.0,20855.209
002328.SZ,20260821,7.05,7.18,6.95,7.16,171153.38,121452.98478
002329.SZ,20260821,3.52,3.78,3.41,3.7,1136115.9,409528.58999
002330.SZ,20260821,4.07,4.09,3.96,4.02,130297.23,52135.84623
002331.SZ,20260821,6.89,6.9,6.76,6.86,54982.41,37615.84326
002332.SZ,20260821,8.53,8.57,8.34,8.44,160612.25,135570.17
002333.SZ,20260821,5.46,5.46,5.14,5.21,426463.96,222973.31122
002334.SZ,20260821,6.39,6.48,6.34,6.46,64339.05,41347.41691
002335.SZ,20260821,29.69,30.6,29.51,30.3,121306.63,366319.91032
002337.SZ,20260821,4.62,4.65,4.52,4.63,52001.97,23881.41048
002338.SZ,20260821,42.6,43.25,41.86,42.94,35122.71,150080.45611
002339.SZ,20260821,7.1,7.11,6.96,7.06,75127.06,52925.73964
002340.SZ,20260821,6.46,6.55,6.4,6.52,623612.99,404756.86205
002342.SZ,20260821,7.41,7.55,7.27,7.52,331612.26,247450.75684
002343.SZ,20260821,5.03,5.08,4.91,4.99,168168.91,83660.578
002344.SZ,20260821,3.88,3.89,3.79,3.85,93743.54,35890.66436
002345.SZ,20260821,10.18,10.27,9.93,9.97,270418.45,272521.52293
002346.SZ,20260821,23.11,23.8,22.56,23.07,186065.49,431648.27408
002347.SZ,20260821,5.9,6.0,5.8,5.99,124103.0,73418.218
002348.SZ,20260821,11.27,11.38,10.88,11.33,154728.98,172842.71134
002349.SZ,20260821,7.1,7.13,6.87,6.92,174707.8,121243.44906
002350.SZ,20260821,14.49,14.64,14.2,14.45,60489.6,87112.35922
002351.SZ,20260821,10.01,10.05,9.82,9.87,83847.76,83077.3952
002352.SZ,20260821,32.75,32.78,32.48,32.5,117967.8,383969.31875
002353.SZ,20260821,152.47,157.23,150.58,152.5,131316.97,2015690.21844
002354.SZ,20260821,7.26,7.32,7.09,7.24,1240523.37,895095.13604
002355.SZ,20260821,4.77,4.83,4.73,4.81,131884.0,63055.539
002356.SZ,20260821,2.7,2.8,2.67,2.76,285536.93,78365.84441
002357.SZ,20260821,10.8,11.04,10.68,10.95,88881.12,96974.32904
002358.SZ,20260821,5.28,5.33,5.21,5.32,83415.07,44116.26637
002360.SZ,20260821,5.43,5.82,5.34,5.77,46048.09,25731.03523
002361.SZ,20260821,10.27,10.52,10.0,10.46,1131022.95,1168361.32707
002362.SZ,20260821,15.6,15.84,15.38,15.79,25210.27,39487.89433
002363.SZ,20260821,6.43,6.44,6.32,6.44,31269.63,19948.08863
002364.SZ,20260821,39.1,40.25,38.63,39.19,340343.9,1341468.32016
002365.SZ,20260821,15.93,17.13,15.22,16.59,922729.11,1490578.86685
002366.SZ,20260821,5.62,5.72,5.51,5.67,256636.0,144395.85499
002367.SZ,20260821,5.36,5.38,5.28,5.34,53706.62,28625.29108
002368.SZ,20260821,13.9,14.22,13.81,13.96,59281.78,83017.70242
002369.SZ,20260821,5.6,5.95,5.57,5.94,326557.5,190560.00541
002370.SZ,20260821,5.72,5.78,5.55,5.66,335579.37,189636.19517
002371.SZ,20260821,712.0,725.68,709.0,714.43,57984.36,4154125.72805
002372.SZ,20260821,8.51,8.54,8.23,8.28,108955.99,90452.28873
002373.SZ,20260821,7.58,7.6,7.41,7.47,136717.0,102074.084
002374.SZ,20260821,3.05,3.11,2.99,3.09,156944.56,48072.59748
002375.SZ,20260821,3.63,3.64,3.55,3.6,121893.52,43673.54127
002376.SZ,20260821,6.75,6.84,6.66,6.72,128885.79,86571.12267
002377.SZ,20260821,2.69,2.73,2.65,2.71,181979.52,48978.1174
002378.SZ,20260821,25.2,26.26,25.15,26.2,346031.94,897477.09548
002379.SZ,20260821,17.65,18.47,17.53,18.23,501945.12,904672.46814
002380.SZ,20260821,27.0,27.61,26.66,27.27,38017.38,103213.64049
002381.SZ,20260821,5.49,5.51,5.35,5.5,42285.0,23009.881
002382.SZ,20260821,5.96,6.01,5.82,5.89,141709.24,83453.39129
002383.SZ,20260821,6.84,6.86,6.7,6.82,55037.48,37307.452
002384.SZ,20260821,198.08,205.0,196.0,201.08,516294.24,10401811.5494
002385.SZ,20260821,3.31,3.33,3.17,3.18,1803493.32,577890.61676
002386.SZ,20260821,5.76,5.86,5.72,5.85,165194.94,96086.47436
002387.SZ,20260821,7.1,7.53,6.97,7.41,366634.13,268795.60237
002388.SZ,20260821,5.86,6.09,5.76,6.06,370601.2,218667.6776
002389.SZ,20260821,17.57,17.67,17.41,17.66,73834.03,129808.89164
002390.SZ,20260821,3.12,3.13,3.0,3.04,330600.63,100705.62172
002391.SZ,20260821,5.13,5.13,5.02,5.09,80978.7,41024.4233
002392.SZ,20260821,7.36,7.54,7.33,7.53,92944.0,69289.691
002393.SZ,20260821,14.84,14.97,14.23,14.42,58082.41,84124.96556
002394.SZ,20260821,9.61,9.68,9.36,9.49,34453.0,32667.248
002395.SZ,20260821,12.21,12.35,12.0,12.3,18613.9,22691.222
002396.SZ,20260821,30.6,33.17,30.35,33.17,742345.94,2406313.2385
002397.SZ,20260821,3.51,3.58,3.4,3.55,261554.99,91664.07252
002398.SZ,20260821,4.1,4.12,4.03,4.09,89563.61,36431.63315
002399.SZ,20260821,11.51,11.57,10.45,10.47,229331.99,249184.84718
002400.SZ,20260821,6.41,6.44,6.31,6.43,486272.95,310865.84052
002401.SZ,20260821,12.1,12.24,12.02,12.23,27205.47,33021.48934
002402.SZ,20260821,18.91,19.05,18.58,18.95,203211.28,383693.11836
002403.SZ,20260821,9.37,9.55,9.25,9.49,28379.0,26772.398
002404.SZ,20260821,6.09,6.09,5.93,6.06,85019.5,51124.67249
002405.SZ,20260821,6.3,6.35,6.26,6.32,226789.71,143010.29739
002406.SZ,20260821,6.56,6.7,6.47,6.66,101464.65,66943.60725
002407.SZ,20260821,35.48,36.78,34.87,36.15,1231490.8,4432999.8619
002408.SZ,20260821,5.21,5.25,5.1,5.22,305331.72,158421.2336
002409.SZ,20260821,137.89,140.88,135.46,138.5,190765.82,2639938.00729
002410.SZ,20260821,9.05,9.07,8.86,9.01,175431.88,157042.83476
002412.SZ,20260821,10.19,10.19,10.19,10.19,225250.58,229530.34102
002413.SZ,20260821,7.64,7.79,7.55,7.76,295585.0,227599.685
002414.SZ,20260821,13.0,13.55,12.86,13.52,584585.94,777637.50898
002415.SZ,20260821,33.92,34.5,33.8,34.4,463215.05,1586257.49156
002416.SZ,20260821,9.56,9.56,9.18,9.31,131467.8,122533.5262
002418.SZ,20260821,3.51,3.72,3.47,3.69,580192.99,210997.4226
002419.SZ,20260821,4.65,4.66,4.53,4.58,92353.09,42217.64222
002420.SZ,20260821,5.77,5.86,5.76,5.83,58363.57,33920.56388
002421.SZ,20260821,3.06,3.11,3.02,3.1,1097749.52,337413.13121
002422.SZ,20260821,45.9,46.58,44.49,44.87,291973.95,1323263.30471
002423.SZ,20260821,9.03,9.14,8.88,8.97,154405.5,138597.2315
002424.SZ,20260821,4.51,4.53,4.44,4.52,53232.5,23857.4785
002425.SZ,20260821,3.04,3.08,3.0,3.06,309325.45,94151.37364
002426.SZ,20260821,2.56,2.63,2.51,2.62,617976.14,160240.98802
002427.SZ,20260821,4.57,4.64,4.42,4.53,382811.91,172461.17277
002428.SZ,20260821,103.0,105.0,99.69,100.88,612387.15,6230669.09458
002429.SZ,20260821,8.05,8.45,7.85,8.25,793786.47,646092.3816
002430.SZ,20260821,22.87,23.39,22.77,23.18,92805.0,215015.70829
002431.SZ,20260821,1.34,1.39,1.33,1.38,217674.0,29780.295
002432.SZ,20260821,69.01,71.68,69.0,70.7,168428.77,1186794.29273
002434.SZ,20260821,5.78,5.79,5.69,5.73,102123.01,58468.39072
002436.SZ,20260821,33.5,35.99,33.4,35.35,1261487.49,4411142.08306
002437.SZ,20260821,4.7,4.75,4.33,4.35,6686392.64,2994888.03417
002438.SZ,20260821,13.77,14.04,13.63,13.85,45741.75,63350.49475
002439.SZ,20260821,13.23,13.35,13.09,13.32,116572.07,154376.09186
002440.SZ,20260821,12.54,12.67,12.15,12.3,228081.75,280503.62975
002441.SZ,20260821,7.8,7.81,7.71,7.8,35566.56,27593.85869
002442.SZ,20260821,4.91,5.0,4.84,4.97,77002.78,37990.14554
002443.SZ,20260821,9.38,9.4,9.1,9.27,211960.0,195218.014
002444.SZ,20260821,30.35,30.53,29.3,29.41,96334.43,285559.80328
002446.SZ,20260821,8.41,8.57,8.33,8.52,167999.15,142294.081
002448.SZ,20260821,12.42,12.8,12.11,12.76,245860.01,308924.28847
002449.SZ,20260821,6.4,7.07,6.3,7.07,440475.67,305651.20473
002451.SZ,20260821,7.22,7.25,7.06,7.18,52030.33,37282.51927
002452.SZ,20260821,11.07,11.28,10.99,11.22,68023.55,76005.55379
002453.SZ,20260821,4.39,4.42,4.26,4.39,90322.0,39289.458
002454.SZ,20260821,4.94,5.0,4.84,4.98,94296.22,46469.15826
002455.SZ,20260821,7.1,7.23,6.98,7.2,202621.91,144594.63207
002456.SZ,20260821,6.77,7.14,6.73,7.09,978560.4,685484.40189
002457.SZ,20260821,10.53,10.69,10.3,10.61,109468.0,115633.711
002458.SZ,20260821,9.15,9.23,8.88,8.89,384562.4,345302.09082
002459.SZ,20260821,7.24,7.37,7.23,7.3,234253.97,170975.78607
002460.SZ,20260821,51.15,54.97,50.81,54.12,614171.1,3291579.50054
002461.SZ,20260821,8.7,8.72,8.42,8.48,53430.5,45375.093
002462.SZ,20260821,12.26,12.33,11.9,12.1,41779.82,50340.0982
002463.SZ,20260821,113.67,122.51,113.39,121.21,499271.78,5952246.11239
002465.SZ,20260821,9.71,9.97,9.69,9.89,330827.78,326270.11863
002466.SZ,20260821,45.9,48.93,45.8,48.38,660993.07,3165705.20018
002467.SZ,20260821,4.49,4.51,4.42,4.5,223754.37,100025.62913
002468.SZ,20260821,14.37,14.44,14.16,14.19,104852.91,149464.53938
002469.SZ,20260821,6.08,6.5,6.04,6.49,327190.83,206082.81241
002470.SZ,20260821,1.91,1.95,1.87,1.94,1164014.0,222553.588
002471.SZ,20260821,5.19,5.32,5.08,5.29,424521.56,221855.77551
002472.SZ,20260821,35.5,36.15,35.19,36.08,131636.0,471920.62433
002474.SZ,20260821,6.06,6.12,5.92,6.09,142412.71,85841.81979
002475.SZ,20260821,52.98,55.22,52.81,54.65,988122.65,5382824.01908
002476.SZ,20260821,4.87,5.04,4.81,5.01,127087.53,62888.01746
002478.SZ,20260821,6.3,6.34,6.16,6.31,150458.75,94370.13458
002479.SZ,20260821,5.81,5.99,5.76,5.98,371770.3,220168.11287
002480.SZ,20260821,5.36,5.43,5.28,5.43,63108.07,33845.91787
002481.SZ,20260821,4.18,4.2,4.09,4.15,140229.73,58051.20022
002482.SZ,20260821,1.27,1.28,1.25,1.27,353437.79,44604.25854
002483.SZ,20260821,5.46,5.46,5.36,5.42,107681.97,58111.95725
002484.SZ,20260821,59.7,64.53,59.11,64.33,532479.69,3333906.12456
002485.SZ,20260821,5.93,5.98,5.87,5.97,14590.0,8644.082
002486.SZ,20260821,2.55,2.6,2.5,2.57,192660.0,49120.617
002487.SZ,20260821,38.75,39.72,38.1,39.18,129677.8,506709.37958
002488.SZ,20260821,8.19,8.36,8.12,8.25,187000.26,154535.37082
002489.SZ,20260821,2.71,2.73,2.67,2.71,128196.0,34558.494
002490.SZ,20260821,8.0,8.3,7.73,8.16,847277.99,687728.95296
002491.SZ,20260821,20.06,21.2,19.47,21.2,3583260.52,7263185.99429
002492.SZ,20260821,5.49,5.59,5.39,5.56,42070.0,23107.742
002493.SZ,20260821,13.57,13.84,13.31,13.76,499560.17,681379.9805
002494.SZ,20260821,4.85,4.87,4.73,4.83,72855.0,34952.673
002495.SZ,20260821,2.39,2.4,2.32,2.38,167799.2,39519.3998
002496.SZ,20260821,2.11,2.12,2.02,2.09,287968.8,59289.6126
002497.SZ,20260821,18.5,19.69,18.4,19.48,534640.82,1030951.36631
002498.SZ,20260821,6.22,6.32,6.13,6.27,474644.65,296620.77472
002500.SZ,20260821,5.21,5.23,5.17,5.22,104468.28,54378.06422
002501.SZ,20260821,1.26,1.32,1.25,1.3,296216.09,38157.05761
002506.SZ,20260821,2.55,2.63,2.53,2.61,1385034.77,359510.99797
002507.SZ,20260821,11.37,11.38,11.16,11.19,103401.7,115969.57264
002508.SZ,20260821,16.3,16.33,16.03,16.18,60973.65,98505.37231
002510.SZ,20260821,5.42,5.53,5.38,5.52,114837.63,62713.74576
002511.SZ,20260821,7.21,7.22,6.95,7.03,177888.34,124854.98564
002512.SZ,20260821,4.01,4.17,3.98,4.11,249717.0,101935.38959
002513.SZ,20260821,5.28,5.37,5.18,5.34,73085.67,38670.97778
002514.SZ,20260821,1.71,1.76,1.7,1.74,288745.74,49988.52128
002515.SZ,20260821,8.07,8.38,7.86,8.24,763317.64,625610.30841
002516.SZ,20260821,5.16,5.22,5.11,5.22,77512.0,40162.2477
002517.SZ,20260821,16.49,16.63,16.3,16.62,547942.94,902987.87589
002518.SZ,20260821,32.66,34.34,32.5,33.38,101748.68,341658.8189
002519.SZ,20260821,5.24,5.32,5.15,5.29,178060.94,93583.4496
002520.SZ,20260821,5.9,5.98,5.82,5.94,301125.73,178012.12984
002521.SZ,20260821,6.79,6.82,6.68,6.71,29242.0,19662.761
002522.SZ,20260821,5.09,5.15,5.02,5.11,284872.66,145146.66657
002523.SZ,20260821,3.32,3.35,3.27,3.34,167798.36,55536.70988
002524.SZ,20260821,3.96,4.05,3.91,4.03,173340.0,68917.613
002526.SZ,20260821,2.64,2.67,2.59,2.65,208619.61,54879.90337
002527.SZ,20260821,11.12,11.26,10.95,11.23,46688.14,52030.55691
002528.SZ,20260821,5.1,5.63,5.06,5.63,299324.52,163230.08827
002529.SZ,20260821,7.02,7.14,6.83,7.04,46856.42,32620.33406
002530.SZ,20260821,7.04,7.09,6.92,7.05,74459.99,52272.13153
002531.SZ,20260821,6.07,6.18,6.04,6.15,242026.9,148200.53132
002532.SZ,20260821,12.4,12.72,12.34,12.67,823936.41,1032150.09832
002533.SZ,20260821,11.22,11.23,11.11,11.22,35841.96,40032.04812
002534.SZ,20260821,15.32,15.53,15.18,15.38,57355.93,88108.74866
002535.SZ,20260821,2.49,2.55,2.44,2.53,150046.3,37465.1877
002536.SZ,20260821,44.83,46.97,44.7,46.97,359543.62,1653153.38379
002537.SZ,20260821,5.76,5.97,5.68,5.76,396731.13,229980.14724
002538.SZ,20260821,7.22,7.29,7.13,7.27,56111.15,40459.24771
002539.SZ,20260821,12.8,12.99,12.6,12.85,172775.23,221494.47237
002540.SZ,20260821,5.12,5.15,5.01,5.14,63783.18,32630.87734
002541.SZ,20260821,20.65,20.83,20.01,20.18,92096.98,186392.56964
002542.SZ,20260821,1.8,1.92,1.77,1.9,525743.22,98424.66936
002543.SZ,20260821,7.64,7.7,7.25,7.31,278209.75,205841.06974
002544.SZ,20260821,15.99,16.25,15.84,16.1,80423.98,129228.3923
002545.SZ,20260821,17.25,17.69,17.13,17.42,126450.97,219957.61868
002546.SZ,20260821,7.86,7.97,7.75,7.97,117979.0,93176.128
002547.SZ,20260821,2.52,2.64,2.51,2.62,315756.36,81908.86576
002548.SZ,20260821,4.18,4.18,4.02,4.08,288953.01,117640.88608
002549.SZ,20260821,13.57,13.93,13.4,13.73,154676.1,212116.70035
002550.SZ,20260821,7.01,7.01,6.72,6.73,377097.14,256088.55841
002551.SZ,20260821,3.31,3.32,3.25,3.3,159499.38,52427.82735
002552.SZ,20260821,57.0,57.04,52.5,55.14,384804.73,2113658.93181
002553.SZ,20260821,15.2,15.45,15.02,15.3,89907.0,137247.52688
002554.SZ,20260821,2.83,2.9,2.79,2.88,254031.44,72714.00458
002555.SZ,20260821,18.42,18.63,18.21,18.59,194691.95,359316.98638
002556.SZ,20260821,5.13,5.14,5.0,5.04,108229.12,54514.1486
002557.SZ,20260821,18.82,18.84,18.46,18.55,56211.25,104449.03126
002558.SZ,20260821,26.01,26.22,25.74,26.13,407342.92,1060979.00444
002559.SZ,20260821,9.43,9.52,9.19,9.46,133182.15,125287.27175
002560.SZ,20260821,5.99,6.07,5.84,6.02,237335.6,141672.79409
002561.SZ,20260821,6.74,6.78,6.59,6.66,43644.84,28993.39876
002562.SZ,20260821,4.95,4.96,4.8,4.9,324591.0,157846.564
002563.SZ,20260821,5.87,5.9,5.69,5.71,174027.11,100233.9467
002564.SZ,20260821,4.35,4.44,4.31,4.42,92539.72,40535.69424
002565.SZ,20260821,8.43,8.66,8.36,8.58,306775.84,262223.75917
002566.SZ,20260821,6.91,6.92,6.64,6.79,92039.0,62357.429
002567.SZ,20260821,3.67,3.69,3.57,3.63,204441.25,73845.68125
002568.SZ,20260821,18.34,18.5,18.0,18.15,75912.99,137759.26043
002569.SZ,20260821,12.1,12.43,11.85,12.37,11139.0,13511.91
002570.SZ,20260821,4.48,4.5,4.42,4.45,119312.23,53081.79035
002571.SZ,20260821,10.65,10.99,10.45,10.91,43881.0,47080.667
002572.SZ,20260821,8.19,8.22,7.99,8.09,91996.55,74311.78395
002573.SZ,20260821,3.15,3.2,3.11,3.17,128300.0,40460.36325
002574.SZ,20260821,4.65,4.72,4.58,4.72,80215.02,37492.43942
002575.SZ,20260821,4.91,4.98,4.83,4.96,175809.75,86580.63402
002576.SZ,20260821,13.99,14.23,13.8,14.17,19823.0,27847.268
002577.SZ,20260821,18.25,19.01,18.05,18.87,64655.65,119724.50419
002578.SZ,20260821,3.74,3.8,3.66,3.73,345865.0,128615.083
002579.SZ,20260821,15.62,15.66,14.23,14.86,970626.64,1434419.3267
002580.SZ,20260821,19.5,19.85,18.87,19.14,470295.19,907881.34637
002581.SZ,20260821,5.5,5.98,5.38,5.79,274065.47,156254.17494
002582.SZ,20260821,10.46,10.47,10.15,10.35,237088.37,244409.04649
002583.SZ,20260821,8.03,8.15,7.97,8.12,131468.0,106310.162
002584.SZ,20260821,8.0,8.08,7.85,8.05,141693.43,113379.90715
002585.SZ,20260821,9.78,10.07,9.51,10.03,622219.55,616436.29161
002586.SZ,20260821,4.31,4.71,4.31,4.66,130054.08,59506.6108
002587.SZ,20260821,5.32,5.42,5.23,5.39,114616.0,61245.20175
002588.SZ,20260821,7.88,7.89,7.67,7.81,188437.24,146243.55356
002589.SZ,20260821,3.26,3.3,3.15,3.18,1588834.19,507301.78971
002590.SZ,20260821,9.25,9.37,9.19,9.33,36511.73,33913.40563
002591.SZ,20260821,6.29,6.35,6.15,6.33,73998.96,46284.0168
002592.SZ,20260821,6.5,7.03,6.5,6.86,114660.2,78031.65244
002593.SZ,20260821,4.45,4.45,4.38,4.44,91067.93,40240.27204
002594.SZ,20260821,90.35,91.08,89.72,90.47,178862.05,1612726.25382
002595.SZ,20260821,49.61,49.7,48.0,48.42,40502.2,197456.9294
002596.SZ,20260821,3.22,3.31,3.14,3.26,252925.0,81387.134
002597.SZ,20260821,19.93,19.98,19.72,19.83,30089.0,59709.954
002598.SZ,20260821,6.43,6.57,6.42,6.55,15365.6,9984.4
002599.SZ,20260821,5.83,5.86,5.75,5.78,56053.19,32472.51882
002600.SZ,20260821,12.02,12.29,11.88,12.24,688617.54,837387.14828
002601.SZ,20260821,15.5,16.0,15.45,15.77,198808.22,313761.44132
002602.SZ,20260821,13.71,13.89,13.51,13.82,602285.94,825213.88656
002603.SZ,20260821,17.16,17.2,16.38,16.45,466586.1,775608.979
002605.SZ,20260821,17.59,17.62,17.32,17.48,34136.0,59530.278
002606.SZ,20260821,13.24,13.68,13.15,13.65,147005.23,198567.18172
002607.SZ,20260821,2.02,2.04,1.99,2.02,910347.67,183417.14493
002608.SZ,20260821,7.0,7.01,6.93,6.97,96696.01,67350.62394
002609.SZ,20260821,7.69,7.71,7.58,7.66,52397.8,39982.13236
002611.SZ,20260821,14.7,15.07,14.52,14.95,148637.49,220425.34245
002612.SZ,20260821,15.36,15.4,14.84,14.94,66617.0,100048.31664
002613.SZ,20260821,3.33,3.41,3.28,3.4,228192.0,76764.615
002614.SZ,20260821,4.98,5.09,4.96,5.08,104952.5,52748.563
002615.SZ,20260821,6.55,6.56,6.4,6.5,67402.92,43521.78768
002616.SZ,20260821,4.77,4.79,4.72,4.75,61277.44,29085.379
002617.SZ,20260821,6.1,6.23,6.08,6.16,497583.82,306468.86952
002620.SZ,20260821,4.88,5.26,4.77,5.19,83155.0,42090.718
002622.SZ,20260821,2.53,2.56,2.43,2.51,290012.0,72055.67
002623.SZ,20260821,15.3,15.42,15.0,15.38,25048.36,38180.9524
002624.SZ,20260821,11.08,11.08,10.8,10.88,382048.0,417591.579
002625.SZ,20260821,28.0,28.31,27.61,28.11,118515.49,333259.69811
002626.SZ,20260821,16.34,16.75,16.01,16.63,90254.64,148582.31676
002627.SZ,20260821,6.48,6.52,6.34,6.51,94049.53,60359.4165
002628.SZ,20260821,4.86,4.91,4.8,4.91,113835.52,55359.27928
002629.SZ,20260821,4.7,4.8,4.65,4.74,73348.0,34550.566
002630.SZ,20260821,1.64,1.64,1.61,1.63,73382.4,11917.7462
002631.SZ,20260821,8.67,9.54,8.45,9.54,410791.95,376896.74935
002632.SZ,20260821,8.42,8.45,8.14,8.43,195927.17,163110.24842
002633.SZ,20260821,14.35,14.61,14.07,14.47,15155.56,21823.52028
002634.SZ,20260821,4.31,4.36,4.21,4.35,41377.0,17778.18
002635.SZ,20260821,15.47,15.78,15.15,15.6,165171.14,256571.87947
002636.SZ,20260821,61.5,64.68,60.26,63.74,366121.73,2304239.40611
002637.SZ,20260821,12.04,12.16,11.39,11.53,295823.47,344000.33057
002638.SZ,20260821,3.7,4.13,3.65,4.13,798126.43,317387.50195
002639.SZ,20260821,11.31,11.64,11.16,11.59,182032.3,208998.92494
002640.SZ,20260821,3.14,3.21,3.08,3.2,580758.94,183295.11958
002641.SZ,20260821,3.91,3.96,3.87,3.96,78686.1,30873.1432
002642.SZ,20260821,7.02,7.07,6.87,7.05,96795.23,67644.85715
002643.SZ,20260821,13.85,13.95,13.57,13.88,125926.39,173679.67789
002644.SZ,20260821,8.37,8.41,8.1,8.2,132217.37,108501.96166
002645.SZ,20260821,19.1,19.55,18.73,19.45,276554.42,530999.85636
002646.SZ,20260821,6.86,6.86,6.66,6.77,50976.94,34318.22138
002647.SZ,20260821,12.4,12.73,12.1,12.58,343947.27,429786.12998
002648.SZ,20260821,27.09,27.18,26.75,27.0,361668.35,975806.8611
002649.SZ,20260821,9.37,9.54,9.24,9.52,117213.23,110391.14182
002650.SZ,20260821,6.06,6.18,5.98,6.14,33604.0,20453.736
002651.SZ,20260821,7.74,7.86,7.65,7.83,164996.15,128352.3672
002652.SZ,20260821,3.92,4.01,3.84,3.97,139800.0,55085.052
002653.SZ,20260821,67.28,68.07,65.6,66.55,57741.28,385220.91504
002654.SZ,20260821,13.13,13.8,13.1,13.48,471347.54,637054.39743
002655.SZ,20260821,33.82,37.77,33.82,37.77,327398.9,1201894.5954
002656.SZ,20260821,2.94,2.94,2.88,2.92,77240.0,22487.221
002657.SZ,20260821,14.79,15.19,14.51,15.05,89053.08,133194.4819
002658.SZ,20260821,7.78,7.78,7.51,7.55,96540.04,73195.14717
002659.SZ,20260821,4.41,4.46,4.31,4.41,88660.76,38818.4084
002660.SZ,20260821,7.43,7.49,7.28,7.41,65514.78,48329.4932
002661.SZ,20260821,8.02,8.12,7.85,7.89,45890.91,36387.53936
002662.SZ,20260821,3.15,3.2,3.11,3.19,96312.58,30422.45854
002663.SZ,20260821,1.65,1.67,1.61,1.67,210085.49,34459.08434
002664.SZ,20260821,15.11,15.31,14.96,15.25,30526.0,46337.718
002666.SZ,20260821,4.19,4.25,4.12,4.23,72436.12,30305.01464
002667.SZ,20260821,19.21,19.21,19.01,19.21,304809.93,585393.31353
002668.SZ,20260821,9.3,9.34,9.15,9.25,139632.76,128987.56468
002669.SZ,20260821,12.01,12.3,11.75,12.29,91701.05,111308.2094
002670.SZ,20260821,10.9,10.92,10.65,10.68,171476.49,184222.75016
002671.SZ,20260821,3.94,3.97,3.86,3.94,87414.88,34164.06172
002672.SZ,20260821,3.62,3.67,3.56,3.65,72157.91,26107.38915
002673.SZ,20260821,6.48,6.49,6.42,6.46,149591.71,96540.01911
002674.SZ,20260821,28.02,29.62,28.0,28.29,158271.8,452053.21442
002675.SZ,20260821,13.16,13.3,13.0,13.04,93551.93,122730.65879
002676.SZ,20260821,5.07,5.14,4.96,5.07,174792.34,88548.2952
002677.SZ,20260821,6.82,6.85,6.7,6.8,46859.95,31725.675
002678.SZ,20260821,4.87,5.01,4.71,4.9,255518.0,124421.44266
002679.SZ,20260821,9.28,9.35,9.0,9.23,40025.0,36508.545
002681.SZ,20260821,4.36,4.45,4.3,4.43,266492.84,117229.53061
002682.SZ,20260821,4.5,4.63,4.41,4.59,357313.09,161664.98436
002683.SZ,20260821,29.82,29.9,29.2,29.79,64654.21,191233.33219
002685.SZ,20260821,5.33,5.43,5.25,5.41,256267.47,137583.58362
002686.SZ,20260821,6.25,6.72,6.25,6.72,356189.17,237551.51491
002687.SZ,20260821,6.05,6.17,5.98,6.14,174014.68,105923.97138
002688.SZ,20260821,5.3,5.32,5.12,5.17,125200.01,64911.47117
002689.SZ,20260821,2.81,2.86,2.8,2.86,64852.65,18381.97485
002690.SZ,20260821,15.58,15.59,15.25,15.32,38595.51,59166.01051
002691.SZ,20260821,4.09,4.26,4.08,4.26,19258.0,8054.619
002692.SZ,20260821,4.14,4.3,4.08,4.29,158672.94,67189.95238
002693.SZ,20260821,9.68,9.92,9.29,9.41,452578.25,430260.367
002694.SZ,20260821,2.05,2.12,2.03,2.11,18065.0,3764.224
002695.SZ,20260821,11.2,11.3,10.9,11.15,89147.93,99107.23773
002696.SZ,20260821,6.02,6.05,5.9,5.95,179603.0,107231.063
002697.SZ,20260821,4.53,4.54,4.42,4.47,165492.15,73829.36283
002698.SZ,20260821,11.9,12.86,11.77,12.72,247402.83,307079.36647
002700.SZ,20260821,6.32,6.43,6.32,6.4,50577.0,32182.132
002701.SZ,20260821,4.68,4.7,4.62,4.64,143304.12,66563.28681
002702.SZ,20260821,4.85,4.9,4.77,4.86,186325.7,89927.3842
002703.SZ,20260821,13.3,13.75,13.19,13.65,202157.44,273958.35865
002705.SZ,20260821,11.29,11.3,11.11,11.2,47661.21,53281.82473
002706.SZ,20260821,10.0,10.15,9.91,10.0,338283.0,338242.75799
002707.SZ,20260821,5.27,5.3,5.13,5.24,211087.02,109836.76344
002708.SZ,20260821,10.75,11.25,10.53,11.13,152527.0,166845.083
002709.SZ,20260821,37.25,38.93,36.15,37.96,710275.74,2699536.94253
002712.SZ,20260821,4.67,4.72,4.6,4.69,103610.0,48257.402
002713.SZ,20260821,9.35,9.48,9.16,9.31,119589.13,111375.47984
002714.SZ,20260821,39.56,39.92,39.03,39.07,368899.92,1449569.57484
002715.SZ,20260821,14.26,14.3,13.95,14.15,20810.0,29422.628
002716.SZ,20260821,9.65,10.42,9.4,10.42,4248316.82,4312985.67829
002717.SZ,20260821,0.97,0.98,0.95,0.97,368925.3,35610.19
002718.SZ,20260821,86.4,87.0,84.5,86.66,6601.88,56727.86384
002719.SZ,20260821,6.05,6.26,5.94,6.24,43287.6,26582.6324
002721.SZ,20260821,2.63,2.82,2.61,2.73,2049455.29,553394.9182
002722.SZ,20260821,12.95,13.08,12.8,12.86,23933.07,30859.57702
002723.SZ,20260821,7.1,7.3,6.9,7.28,86579.6,61520.6044
002724.SZ,20260821,5.93,6.26,5.82,6.16,409826.59,249086.03285
002725.SZ,20260821,11.17,11.36,10.95,11.29,33685.47,37752.38623
002726.SZ,20260821,2.94,3.02,2.66,2.77,1550574.7,432778.99658
002727.SZ,20260821,11.8,11.86,11.43,11.61,97239.27,112364.95049
002728.SZ,20260821,9.23,9.24,8.76,8.9,236015.07,210354.67351
002729.SZ,20260821,13.59,13.73,13.32,13.67,27252.99,36935.17815
002730.SZ,20260821,21.11,21.74,20.67,21.25,59389.3,126149.1794
002731.SZ,20260821,1.16,1.23,1.16,1.16,379492.53,44523.12907
002732.SZ,20260821,13.86,13.95,13.55,13.79,11166.0,15313.826
002733.SZ,20260821,18.29,18.77,17.91,18.47,104296.49,192653.86378
002734.SZ,20260821,14.6,14.68,14.34,14.58,90126.9,130667.6253
002735.SZ,20260821,11.15,11.73,10.96,11.6,196005.05,224507.1134
002736.SZ,20260821,9.88,9.89,9.79,9.82,138462.34,136011.48688
002737.SZ,20260821,13.62,13.62,12.88,13.04,82996.05,108906.6341
002738.SZ,20260821,51.41,55.7,51.01,54.3,299779.11,1619280.43452
002739.SZ,20260821,8.46,8.47,8.28,8.41,465755.0,389940.67286
002741.SZ,20260821,25.27,27.0,24.82,26.04,279460.9,726550.88528
002742.SZ,20260821,4.15,4.19,4.0,4.06,346870.0,141681.064
002743.SZ,20260821,4.59,4.81,4.47,4.6,797930.6,368327.22126
002745.SZ,20260821,10.95,11.48,10.81,11.36,530865.85,595136.52674
002746.SZ,20260821,6.32,6.33,6.1,6.2,199508.17,123705.27573
002747.SZ,20260821,32.88,33.97,32.27,33.57,533989.77,1776850.91804
002748.SZ,20260821,11.7,11.89,11.55,11.75,41185.0,48252.627
002749.SZ,20260821,8.83,8.83,8.57,8.59,42273.0,36411.7642
002752.SZ,20260821,5.89,5.94,5.84,5.94,60972.17,35915.07064
002753.SZ,20260821,6.65,6.68,6.54,6.67,46432.62,30822.14192
002755.SZ,20260821,13.99,14.19,12.89,12.91,263951.0,349315.62
002756.SZ,20260821,46.03,48.96,45.61,47.69,144423.99,687526.36532
002757.SZ,20260821,16.05,16.18,15.73,16.1,75147.44,120399.5494
002758.SZ,20260821,8.07,8.16,7.85,7.9,93987.91,74555.26566
002759.SZ,20260821,17.5,18.88,17.44,18.47,288570.92,529085.67834
002760.SZ,20260821,17.44,17.58,17.02,17.51,32291.0,55892.405
002761.SZ,20260821,7.21,7.24,6.98,7.09,125102.15,88293.59554
002762.SZ,20260821,10.08,10.27,9.8,10.23,78326.64,79260.58124
002763.SZ,20260821,7.36,7.43,7.1,7.34,103519.0,74966.468
002765.SZ,20260821,6.98,7.07,6.88,7.05,56840.39,39820.11777
002766.SZ,20260821,4.12,4.18,4.08,4.17,164654.38,68200.20508
002767.SZ,20260821,18.17,18.2,17.78,18.2,16428.0,29548.015
002768.SZ,20260821,65.93,65.99,63.68,65.21,63253.44,410741.23788
002769.SZ,20260821,6.87,7.01,6.82,6.99,55428.51,38381.26049
002771.SZ,20260821,12.35,12.44,12.14,12.32,36660.38,45025.52654
002772.SZ,20260821,10.65,10.65,10.34,10.43,127290.97,132827.51505
002773.SZ,20260821,22.25,22.36,21.03,21.11,140852.3,300425.58629
002774.SZ,20260821,16.11,16.85,15.72,16.31,126749.56,207909.89236
002775.SZ,20260821,3.47,3.56,3.42,3.54,117508.4,41013.5418
002777.SZ,20260821,12.5,12.54,12.34,12.51,46044.39,57228.9265
002778.SZ,20260821,15.63,15.79,15.38,15.76,14384.6,22416.7148
002779.SZ,20260821,74.14,75.5,71.8,74.75,23578.1,174870.2047
002780.SZ,20260821,13.16,13.24,12.78,13.06,37687.45,48898.1777
002782.SZ,20260821,15.0,15.55,14.85,15.34,74644.67,114221.88747
002783.SZ,20260821,7.8,7.85,7.63,7.82,70053.35,54454.6187
002785.SZ,20260821,32.5,32.87,31.81,32.58,36821.49,119674.62185
002786.SZ,20260821,7.56,7.8,7.45,7.75,78604.28,60247.44428
002787.SZ,20260821,21.27,23.11,21.0,21.95,176069.26,392263.81876
002788.SZ,20260821,11.35,11.39,10.83,10.92,149663.79,164617.23568
002789.SZ,20260821,9.84,10.2,9.78,10.16,15332.0,15306.445
002790.SZ,20260821,5.9,5.94,5.78,5.89,44243.86,25959.18324
002791.SZ,20260821,15.16,15.16,14.57,14.9,38812.0,57476.407
002792.SZ,20260821,31.3,32.09,30.83,31.59,250848.88,791360.89346
002793.SZ,20260821,5.25,5.27,4.98,5.0,489739.21,247547.98407
002795.SZ,20260821,7.07,7.17,6.92,7.14,114581.6,80996.561
002796.SZ,20260821,29.88,31.14,29.3,30.25,83597.39,253246.32089
002797.SZ,20260821,6.3,6.33,6.26,6.32,246888.0,155651.009
002798.SZ,20260821,5.76,5.8,5.66,5.75,54853.0,31364.159
002799.SZ,20260821,6.71,6.77,6.6,6.76,40639.42,27177.93256
002800.SZ,20260821,13.51,14.15,13.32,14.15,36173.52,49887.55304
002801.SZ,20260821,27.01,27.01,26.48,26.78,6446.5,17227.8545
002802.SZ,20260821,11.66,12.69,11.65,12.4,78607.01,95056.49245
002803.SZ,20260821,18.48,18.57,18.0,18.53,77466.53,142197.35445
002805.SZ,20260821,18.59,19.86,18.17,19.42,144943.6,277818.8323
002806.SZ,20260821,13.75,14.38,13.42,14.28,74105.03,104046.641
002807.SZ,20260821,4.05,4.07,3.98,4.01,655684.63,263872.25769
002809.SZ,20260821,8.5,8.53,8.24,8.44,55211.61,46339.14952
002810.SZ,20260821,20.93,21.34,20.62,20.96,50759.22,106261.76537
002811.SZ,20260821,13.32,13.56,12.72,13.54,255512.86,334687.44292
002812.SZ,20260821,55.84,58.46,55.19,56.82,234176.26,1335361.36992
002813.SZ,20260821,20.3,20.46,19.88,20.36,12125.95,24443.27525
002815.SZ,20260821,12.85,14.22,12.83,13.82,746810.07,1030111.79237
002816.SZ,20260821,25.0,25.09,24.39,24.92,8901.0,22062.154
002817.SZ,20260821,6.65,6.72,6.53,6.69,52113.0,34474.868
002818.SZ,20260821,10.92,10.92,10.77,10.88,30061.49,32615.20412
002819.SZ,20260821,21.6,21.67,20.85,20.91,45718.0,96230.51
002820.SZ,20260821,9.5,9.68,8.95,9.4,382826.14,352726.50941
002821.SZ,20260821,178.12,178.12,166.22,168.1,205337.69,3507334.54586
002822.SZ,20260821,3.16,3.19,3.15,3.19,42421.18,13446.47006
002823.SZ,20260821,12.59,12.83,12.5,12.78,33858.95,42973.30865
002824.SZ,20260821,23.84,25.0,23.07,23.95,139468.92,334817.97444
002825.SZ,20260821,8.9,9.09,8.83,9.04,32498.0,29233.435
002826.SZ,20260821,17.49,17.69,17.11,17.34,40143.78,69622.7991
002827.SZ,20260821,55.5,55.59,52.0,55.0,198463.04,1071943.11664
002828.SZ,20260821,12.04,12.78,11.9,12.08,192955.5,236576.6865
002829.SZ,20260821,19.56,19.83,19.21,19.6,65353.0,127865.0573
002830.SZ,20260821,13.52,13.83,13.32,13.69,22422.6,30566.4396
002831.SZ,20260821,25.35,25.8,25.26,25.53,59198.6,151324.58499
002832.SZ,20260821,24.98,25.13,23.87,24.29,162438.81,396482.03644
002833.SZ,20260821,18.3,18.3,17.95,18.2,22563.67,40914.361
002835.SZ,20260821,12.48,12.59,12.29,12.45,19927.07,24710.66601
002836.SZ,20260821,9.92,10.19,9.76,9.9,25632.23,25381.6322
002837.SZ,20260821,52.92,55.32,52.52,54.12,368507.06,1994156.53872
002838.SZ,20260821,24.23,25.5,23.65,25.23,109074.9,267943.44393
002839.SZ,20260821,4.37,4.39,4.31,4.33,245147.8,106308.5088
002840.SZ,20260821,8.23,8.35,8.11,8.25,130592.93,107838.99866
002841.SZ,20260821,49.51,49.75,48.7,49.15,41989.71,206548.39275
002842.SZ,20260821,37.71,39.7,37.41,39.47,382365.46,1488701.79379
002843.SZ,20260821,15.33,16.47,15.31,16.33,118180.05,190598.45495
002845.SZ,20260821,13.14,13.27,12.75,13.18,91165.17,119453.90097
002846.SZ,20260821,10.17,10.37,10.02,10.32,44855.22,45984.29847
002847.SZ,20260821,44.9,45.09,44.0,44.29,43007.6,190593.28917
002848.SZ,20260821,13.16,13.45,12.9,13.31,53082.0,69972.361
002849.SZ,20260821,17.62,18.72,17.3,18.35,76419.33,138673.92955
002850.SZ,20260821,180.0,186.45,179.0,183.82,29020.0,533494.60137
002851.SZ,20260821,118.83,129.98,117.06,128.06,342777.9,4259089.80216
002852.SZ,20260821,8.27,8.34,7.97,8.01,153899.27,124045.51502
002853.SZ,20260821,20.47,21.05,20.35,20.5,9600.0,19805.749
002855.SZ,20260821,9.91,10.16,9.84,10.15,23660.0,23726.161
002856.SZ,20260821,13.9,14.77,13.45,14.73,53778.0,76011.846
002857.SZ,20260821,18.39,18.83,17.97,18.76,27609.0,50910.817
002858.SZ,20260821,11.61,11.66,11.38,11.6,22785.0,26277.33
002859.SZ,20260821,66.31,69.2,64.52,67.47,161727.16,1089032.87239
002860.SZ,20260821,17.62,17.65,17.11,17.4,169079.31,293493.8917
002861.SZ,20260821,16.01,16.17,15.59,15.9,40056.2,63403.4772
002862.SZ,20260821,13.36,13.52,13.1,13.45,21370.4,28449.8728
002863.SZ,20260821,4.66,4.72,4.63,4.7,152576.73,71285.88214
002864.SZ,20260821,22.17,22.51,21.43,21.61,49578.92,107569.88657
002865.SZ,20260821,41.67,42.05,40.84,41.9,75970.76,316415.34172
002866.SZ,20260821,14.51,14.77,14.28,14.71,51164.01,74573.07886
002867.SZ,20260821,12.33,12.4,12.2,12.31,55401.0,68152.792
002868.SZ,20260821,22.38,22.38,21.7,22.09,12338.0,27154.152
002869.SZ,20260821,15.82,15.99,15.58,15.96,18342.29,29014.84118
002870.SZ,20260821,47.16,48.35,46.15,48.2,43854.0,206464.59235
002871.SZ,20260821,16.55,16.78,16.04,16.65,20907.06,34602.65466
002872.SZ,20260821,5.29,5.32,5.24,5.3,19937.5,10533.748
002873.SZ,20260821,8.49,8.56,8.34,8.44,94027.69,79290.18282
002875.SZ,20260821,13.23,13.35,12.95,13.18,37130.0,48854.3894
002876.SZ,20260821,30.0,30.18,29.11,29.92,43091.92,128601.68948
002877.SZ,20260821,7.35,7.36,7.2,7.33,28796.53,20990.96616
002878.SZ,20260821,12.31,12.5,12.13,12.43,41217.2,50921.3556
002879.SZ,20260821,16.03,16.15,15.63,15.9,57409.5,91169.65069
002880.SZ,20260821,22.2,22.64,20.97,21.12,56651.27,121485.75256
002881.SZ,20260821,37.71,38.45,37.31,37.85,37322.42,141469.09478
002882.SZ,20260821,20.7,21.83,20.7,21.6,84453.0,181984.56531
002883.SZ,20260821,9.17,9.25,9.02,9.15,5441.0,4968.781
002884.SZ,20260821,16.11,16.14,15.97,15.98,16119.0,25820.82884
002885.SZ,20260821,28.03,29.78,27.57,28.77,159881.17,460579.138
002886.SZ,20260821,19.22,21.24,18.89,21.24,173441.55,350051.2596
002887.SZ,20260821,9.21,9.3,8.89,9.22,66717.96,61102.35512
002888.SZ,20260821,17.5,17.95,17.2,17.78,13654.08,24069.88904
002889.SZ,20260821,12.48,12.7,12.38,12.67,36693.32,46122.0402
002890.SZ,20260821,14.49,14.78,14.21,14.53,14958.0,21542.34
002891.SZ,20260821,29.45,29.52,28.93,29.25,59473.23,173227.43127
002892.SZ,20260821,9.06,9.08,8.93,9.01,41329.18,37178.06956
002893.SZ,20260821,9.88,9.89,9.73,9.83,47052.82,46137.37642
002895.SZ,20260821,32.6,34.0,32.45,33.7,85371.73,286355.36482
002896.SZ,20260821,67.15,69.4,65.58,68.62,113557.65,766721.46004
002897.SZ,20260821,56.16,58.36,55.15,57.71,60241.05,345062.30715
002899.SZ,20260821,19.16,19.86,19.0,19.6,26257.0,50970.93
002900.SZ,20260821,13.77,14.29,13.77,13.77,190353.0,262288.328
002901.SZ,20260821,44.01,44.48,43.34,44.21,18778.01,82585.67328
002902.SZ,20260821,24.75,25.24,24.29,24.76,81000.97,201290.4106
002903.SZ,20260821,31.7,33.74,30.76,33.74,265294.07,857018.77051
002905.SZ,20260821,7.74,7.76,7.51,7.75,55065.87,42043.77178
002907.SZ,20260821,14.48,14.83,13.64,14.26,275931.7,391304.33013
002908.SZ,20260821,6.9,6.96,6.84,6.94,37431.56,25852.51328
002909.SZ,20260821,5.17,5.25,5.06,5.22,46435.27,23995.31367
002910.SZ,20260821,9.44,9.56,9.3,9.52,55428.0,52326.332
002911.SZ,20260821,10.76,10.89,10.63,10.71,44954.58,48271.44308
002912.SZ,20260821,18.85,19.01,18.61,18.81,21506.0,40267.843
002913.SZ,20260821,58.21,60.78,57.33,60.37,54866.18,326690.43588
002915.SZ,20260821,16.86,16.96,16.61,16.91,40017.44,67341.59049
002916.SZ,20260821,342.98,362.0,342.98,358.25,80199.37,2856073.48042
002917.SZ,20260821,10.29,10.32,10.11,10.26,19267.47,19656.03122
002918.SZ,20260821,9.91,10.17,9.74,10.13,90876.28,90758.64636
002919.SZ,20260821,17.3,17.49,17.0,17.3,28034.07,48315.70475
002920.SZ,20260821,84.37,87.3,83.43,86.42,56531.34,485734.2154
002921.SZ,20260821,21.55,22.41,21.0,22.22,47527.67,104023.98412
002922.SZ,20260821,24.6,26.58,24.14,25.41,252004.56,639576.63527
002923.SZ,20260821,11.93,11.94,11.01,11.28,129251.8,145734.6788
002925.SZ,20260821,22.0,22.55,21.76,22.36,104958.87,232132.46334
002926.SZ,20260821,8.25,8.25,8.17,8.21,88841.22,72851.41262
002927.SZ,20260821,16.0,16.24,15.75,16.13,47069.0,75534.523
002928.SZ,20260821,6.1,6.15,6.04,6.15,137393.0,83763.979
002929.SZ,20260821,54.19,55.14,53.0,53.65,109529.78,590371.51741
002930.SZ,20260821,8.66,8.75,8.58,8.72,42931.53,37213.6371
002931.SZ,20260821,47.22,48.78,46.8,48.23,59235.04,283848.97476
002932.SZ,20260821,15.2,15.38,15.06,15.26,6177.4,9403.26647
002933.SZ,20260821,26.33,26.75,26.02,26.68,10093.57,26659.60491
002935.SZ,20260821,15.62,15.97,15.52,15.94,40365.55,63853.21406
002936.SZ,20260821,1.78,1.78,1.74,1.75,919888.32,161562.56
002937.SZ,20260821,29.45,30.07,28.66,29.7,74854.96,220116.14589
002938.SZ,20260821,87.57,89.98,85.01,89.2,186589.59,1654086.75423
002939.SZ,20260821,7.92,7.95,7.86,7.93,121702.01,96273.90904
002940.SZ,20260821,27.86,27.86,25.65,26.39,214593.75,568720.00118
002941.SZ,20260821,10.34,10.39,10.17,10.29,62928.0,64529.239
002942.SZ,20260821,15.7,16.01,15.47,15.88,17155.0,27028.111
002943.SZ,20260821,35.0,35.2,33.2,33.96,128155.97,437816.78124
002945.SZ,20260821,14.01,14.07,13.82,14.0,78788.5,109833.2225
002946.SZ,20260821,15.93,15.98,15.46,15.58,49689.0,77489.453
002947.SZ,20260821,56.9,58.55,56.03,57.2,48175.28,276944.8028
002948.SZ,20260821,5.97,6.0,5.89,5.95,314915.4,186657.9881
002949.SZ,20260821,10.7,10.79,10.48,10.79,27412.93,29219.39468
002950.SZ,20260821,9.5,9.53,9.23,9.31,68829.44,64262.81364
002951.SZ,20260821,15.88,16.57,15.88,16.39,71941.0,117530.456
002952.SZ,20260821,19.7,19.96,19.31,19.82,19141.25,37720.90775
002953.SZ,20260821,10.71,11.21,10.62,10.82,297185.35,323339.30267
002955.SZ,20260821,35.0,35.53,34.11,35.22,31073.02,108598.77778
002956.SZ,20260821,17.27,17.45,16.66,16.95,45843.4,77492.1052
002957.SZ,20260821,40.8,43.84,39.91,42.41,234379.39,997838.00006
002958.SZ,20260821,2.93,2.95,2.9,2.91,658476.0,191910.871
002959.SZ,20260821,33.81,33.81,33.09,33.09,6828.5,22741.87185
002960.SZ,20260821,8.42,8.49,8.37,8.44,55669.87,46979.34618
002961.SZ,20260821,18.36,18.67,18.12,18.63,38727.0,71438.658
002962.SZ,20260821,12.6,12.89,12.39,12.8,78155.39,99387.42959
002963.SZ,20260821,17.12,17.67,16.65,17.46,33388.0,57936.677
002965.SZ,20260821,30.1,31.87,29.76,31.56,162622.54,504666.29284
002966.SZ,20260821,8.63,8.64,8.51,8.58,299133.56,256485.12782
002967.SZ,20260821,17.44,17.48,17.06,17.23,36114.0,62301.979
002968.SZ,20260821,9.28,9.31,9.04,9.25,28800.9,26409.3859
002969.SZ,20260821,12.79,13.72,12.66,13.21,309845.17,408983.34387
002970.SZ,20260821,49.49,50.79,48.68,50.46,21025.48,104860.32491
002971.SZ,20260821,41.6,46.61,41.6,46.61,70983.25,323853.60725
002972.SZ,20260821,13.45,13.67,13.25,13.44,39067.2,52517.878
002973.SZ,20260821,10.51,11.15,10.46,10.73,70150.29,75798.97217
002975.SZ,20260821,96.8,103.0,93.6,100.55,119603.69,1189748.20656
002976.SZ,20260821,22.65,23.34,22.15,23.09,35902.62,82420.72321
002977.SZ,20260821,19.99,21.73,19.97,21.29,16093.05,33688.89037
002978.SZ,20260821,25.81,26.15,25.61,26.11,18764.3,48727.71205
002979.SZ,20260821,54.49,56.2,53.55,55.42,105480.44,582551.93302
002980.SZ,20260821,98.03,107.79,97.41,98.44,183010.32,1877164.03337
002981.SZ,20260821,23.34,23.65,23.02,23.55,21802.4,51054.81966
002982.SZ,20260821,12.48,12.6,12.26,12.35,35161.17,43489.56988
002983.SZ,20260821,19.41,19.65,19.05,19.54,15179.98,29466.95754
002984.SZ,20260821,14.15,14.19,13.8,14.0,107988.1,150483.9552
002985.SZ,20260821,25.07,25.33,24.87,25.21,20044.3,50451.7068
002986.SZ,20260821,13.39,13.45,13.18,13.3,25839.84,34333.99152
002987.SZ,20260821,10.95,11.35,10.88,11.08,248558.27,275769.46325
002988.SZ,20260821,21.8,24.11,21.68,24.11,118649.74,280388.77666
002989.SZ,20260821,24.66,25.28,23.8,24.67,55742.78,137057.31734
002990.SZ,20260821,50.2,51.46,49.1,50.05,77646.0,389600.874
002991.SZ,20260821,42.11,42.11,40.63,41.42,9234.0,38052.264
002992.SZ,20260821,34.1,34.58,33.6,34.24,7806.0,26714.682
002993.SZ,20260821,37.48,38.55,36.84,38.38,45757.99,174026.92501
002995.SZ,20260821,16.73,16.87,16.35,16.79,29752.93,49538.47775
002996.SZ,20260821,6.21,6.27,6.08,6.26,65353.6,40603.9875
002997.SZ,20260821,27.75,28.34,27.56,28.16,46878.2,131277.21582
002998.SZ,20260821,7.76,7.82,7.62,7.8,59118.0,45717.034
002999.SZ,20260821,6.0,6.04,5.87,5.99,65988.39,39211.16527
003000.SZ,20260821,10.4,10.41,10.16,10.17,39635.46,40522.14382
003001.SZ,20260821,15.86,15.87,15.37,15.6,64849.68,100894.94531
003002.SZ,20260821,15.91,16.55,15.8,16.45,27881.0,44990.9179
003003.SZ,20260821,10.98,11.14,10.81,11.07,26219.0,28799.795
003004.SZ,20260821,70.88,72.53,69.6,71.03,11682.12,83012.75056
003005.SZ,20260821,13.53,13.54,13.2,13.39,20568.8,27421.74779
003006.SZ,20260821,13.49,13.65,13.35,13.6,76001.0,102767.10891
003007.SZ,20260821,37.16,37.55,36.56,37.31,12804.04,47569.34536
003008.SZ,20260821,19.6,19.6,18.95,19.45,13439.0,25874.238
003009.SZ,20260821,46.63,47.3,46.16,47.12,28995.07,135935.06293
003010.SZ,20260821,29.16,29.48,27.98,29.14,155859.04,449841.2223
003011.SZ,20260821,20.73,20.84,20.3,20.65,17751.29,36603.63876
003012.SZ,20260821,4.77,4.77,4.62,4.68,67766.59,31661.79712
003013.SZ,20260821,18.27,18.87,18.12,18.67,69112.23,127746.64765
003015.SZ,20260821,12.25,12.42,12.13,12.31,51691.0,63500.79216
003016.SZ,20260821,6.98,6.98,6.78,6.9,34278.0,23494.688
003017.SZ,20260821,22.23,22.46,21.95,22.42,13629.2,30288.7122
003018.SZ,20260821,38.79,43.02,38.79,43.02,89917.53,376032.22405
003019.SZ,20260821,23.64,24.28,23.15,24.07,32033.25,75958.84837
003020.SZ,20260821,18.5,18.78,18.0,18.15,115653.21,210873.48459
003021.SZ,20260821,67.55,68.88,66.17,68.31,40301.71,272552.21204
003022.SZ,20260821,20.12,20.29,19.9,20.11,77944.81,156744.13436
003023.SZ,20260821,27.65,27.99,27.03,27.55,31616.6,86694.6489
003025.SZ,20260821,12.27,12.5,12.08,12.46,32937.09,40784.87667
003026.SZ,20260821,29.22,29.74,28.83,29.4,48479.6,142084.26176
003027.SZ,20260821,16.32,16.55,16.03,16.52,14900.34,24285.9203
003028.SZ,20260821,22.4,22.64,22.11,22.57,6313.21,14165.31335
003029.SZ,20260821,16.25,16.69,16.15,16.65,29760.11,49062.21704
003030.SZ,20260821,21.85,22.05,21.33,21.68,25537.0,55198.602
003031.SZ,20260821,128.19,142.04,126.11,142.04,161179.45,2202510.03665
003032.SZ,20260821,11.5,11.7,10.76,10.76,465743.06,514787.97278
003033.SZ,20260821,65.03,69.28,65.03,69.0,21246.42,144573.69076
003035.SZ,20260821,5.16,5.22,5.11,5.21,136146.11,70463.6392
003036.SZ,20260821,52.27,55.86,51.38,53.12,80402.02,433168.83489
003037.SZ,20260821,5.61,5.66,5.54,5.64,20556.4,11512.7122
003038.SZ,20260821,10.7,10.81,10.55,10.76,35955.41,38415.0122
003039.SZ,20260821,11.94,11.97,11.74,11.9,24370.0,28873.228
003040.SZ,20260821,12.48,12.79,12.48,12.79,311535.62,397633.80392
003041.SZ,20260821,40.56,40.64,39.4,39.81,15523.48,61942.6016
003042.SZ,20260821,14.2,14.45,13.35,14.17,152232.69,210683.47162
003043.SZ,20260821,72.86,75.2,70.0,71.63,51364.33,372298.2893
003816.SZ,20260821,3.86,3.87,3.83,3.84,550739.43,211617.26938
300001.SZ,20260821,35.8,37.08,35.58,36.27,141290.74,515939.95243
300002.SZ,20260821,8.01,8.03,7.92,7.95,229712.63,182966.29822
300003.SZ,20260821,12.61,12.68,12.13,12.17,414256.22,508235.80314
300004.SZ,20260821,8.78,10.54,8.58,9.88,941922.1,924804.18299
300005.SZ,20260821,10.77,11.05,10.5,10.85,454080.67,491721.45052
300006.SZ,20260821,5.64,5.82,5.15,5.27,1329522.78,719014.81438
300007.SZ,20260821,31.25,31.48,30.69,31.36,67276.85,209810.04813
300008.SZ,20260821,6.01,6.12,5.95,6.1,270860.61,164052.16887
300009.SZ,20260821,9.55,9.6,8.84,8.97,1521297.19,1383934.67683
300010.SZ,20260821,2.14,2.19,2.09,2.17,237432.0,50885.558
300011.SZ,20260821,5.95,6.02,5.85,6.01,71947.33,42764.00278
300012.SZ,20260821,15.24,15.25,14.75,15.13,462906.74,693941.34903
300013.SZ,20260821,3.99,4.08,3.96,4.07,135230.0,54339.416
300014.SZ,20260821,55.3,57.05,54.53,55.79,429659.23,2408140.00315
300015.SZ,20260821,8.52,8.53,8.32,8.33,734970.23,615540.52841
300016.SZ,20260821,8.61,10.44,8.48,10.44,1273507.53,1230292.51447
300017.SZ,20260821,15.92,16.03,15.27,15.54,1463282.36,2265028.93984
300018.SZ,20260821,11.8,12.41,11.54,11.65,236204.46,282639.78717
300019.SZ,20260821,14.42,14.55,14.21,14.54,33984.97,49049.72244
300020.SZ,20260821,3.35,3.46,3.29,3.44,73228.0,24948.137
300021.SZ,20260821,3.92,3.95,3.82,3.85,177219.0,68235.055
300022.SZ,20260821,8.13,8.17,8.03,8.11,50716.84,41031.31156
300024.SZ,20260821,14.82,15.05,14.7,14.88,235012.27,350459.78633
300025.SZ,20260821,5.1,5.16,5.03,5.13,87612.0,44692.322
300026.SZ,20260821,3.56,3.58,3.37,3.4,1163252.87,399702.96923
300027.SZ,20260821,1.77,1.8,1.76,1.8,251518.01,44934.10381
300030.SZ,20260821,6.97,6.97,6.7,6.83,104552.0,70954.123
300031.SZ,20260821,21.13,21.42,20.69,21.25,140390.03,295762.08493
300032.SZ,20260821,3.7,3.81,3.63,3.8,181040.65,67818.06
300033.SZ,20260821,219.0,223.77,218.01,222.13,88013.61,1945462.48872
300034.SZ,20260821,15.26,15.57,15.15,15.54,65634.1,101115.17324
300035.SZ,20260821,14.03,14.2,13.73,13.85,303886.56,424222.36675
300036.SZ,20260821,11.0,11.07,10.84,11.02,53593.55,58741.59325
300037.SZ,20260821,64.05,66.31,62.5,63.35,183955.56,1179148.64989
300039.SZ,20260821,5.74,5.79,5.45,5.54,556330.19,309861.96682
300040.SZ,20260821,5.75,5.83,5.65,5.8,172810.53,99497.86087
300041.SZ,20260821,10.73,10.94,10.5,10.84,150465.17,162203.28796
300042.SZ,20260821,39.12,40.55,38.54,40.24,111490.14,444309.51177
300043.SZ,20260821,4.45,4.49,4.39,4.44,175155.09,77520.30687
300044.SZ,20260821,5.06,5.18,5.02,5.15,90479.44,46107.3979
300045.SZ,20260821,12.5,12.82,12.4,12.75,94447.02,119849.48546
300046.SZ,20260821,24.14,26.42,24.13,25.62,128464.78,329147.60848
300047.SZ,20260821,9.11,9.14,8.93,9.06,92996.06,84055.74775
300048.SZ,20260821,5.05,5.06,4.95,5.0,94718.94,47334.64246
300049.SZ,20260821,42.28,42.89,41.22,41.67,63885.75,268114.4735
300050.SZ,20260821,6.95,6.95,6.69,6.86,208707.4,142322.1546
300051.SZ,20260821,8.26,8.38,8.03,8.33,138306.0,114149.513
300052.SZ,20260821,10.58,10.7,10.3,10.56,95226.97,100012.93523
300053.SZ,20260821,11.72,12.03,11.6,11.9,126534.97,150242.15707
300054.SZ,20260821,74.0,75.3,73.0,73.84,188203.46,1394117.47143
300055.SZ,20260821,5.9,6.11,5.77,6.04,192846.39,115471.93261
300056.SZ,20260821,8.53,8.64,8.4,8.5,91419.97,77852.0835
300057.SZ,20260821,6.28,6.57,6.22,6.55,272483.21,175336.64723
300058.SZ,20260821,13.61,13.72,13.26,13.68,1643232.25,2227467.58274
300059.SZ,20260821,18.74,18.99,18.63,18.91,1586479.46,2986012.58064
300061.SZ,20260821,6.22,6.36,6.11,6.31,133208.82,83370.8826
300062.SZ,20260821,6.13,6.22,6.09,6.22,128965.76,79740.75422
300063.SZ,20260821,8.8,8.87,8.61,8.87,232304.73,203901.63805
300065.SZ,20260821,15.01,15.35,14.88,15.12,258373.55,390517.62662
300066.SZ,20260821,4.92,5.01,4.87,4.99,93121.47,46156.67706
300067.SZ,20260821,5.13,5.2,5.02,5.19,276865.11,142285.10434
300068.SZ,20260821,3.92,4.04,3.86,3.99,294196.0,116173.563
300069.SZ,20260821,29.51,29.6,26.53,27.0,240779.29,660125.79718
300070.SZ,20260821,3.44,3.45,3.39,3.43,219798.77,75156.17834
300071.SZ,20260821,3.99,4.02,3.88,3.98,379961.17,150408.84566
300072.SZ,20260821,3.83,3.88,3.76,3.81,428248.33,162846.97836
300073.SZ,20260821,40.72,42.1,40.32,41.31,111501.18,461585.45699
300074.SZ,20260821,3.77,3.83,3.71,3.81,124446.0,46920.05
300075.SZ,20260821,10.7,10.81,10.56,10.75,72161.21,77253.18959
300076.SZ,20260821,4.49,4.55,4.43,4.51,33800.0,15214.313
300077.SZ,20260821,19.01,19.71,18.96,19.41,230954.52,448218.36067
300078.SZ,20260821,3.16,3.17,2.98,3.09,336052.95,103327.76763
300079.SZ,20260821,4.38,4.42,4.33,4.38,131015.19,57183.70865
300080.SZ,20260821,3.69,3.75,3.65,3.73,103388.16,38382.36314
300081.SZ,20260821,3.06,3.24,3.03,3.2,152697.27,48234.6504
300082.SZ,20260821,7.69,7.83,7.61,7.81,82358.0,63699.888
300083.SZ,20260821,13.36,14.03,13.14,13.53,640444.2,871403.66762
300084.SZ,20260821,10.51,10.54,10.2,10.47,66646.0,69542.416
300085.SZ,20260821,28.41,29.5,28.09,29.3,300754.76,871337.6593
300086.SZ,20260821,6.8,6.83,6.49,6.62,182107.66,120162.66726
300087.SZ,20260821,5.65,5.65,5.43,5.47,169759.9,93070.2265
300088.SZ,20260821,7.24,7.35,7.1,7.31,819492.1,595545.82755
300091.SZ,20260821,2.55,2.61,2.53,2.57,44016.0,11326.508
300092.SZ,20260821,11.47,11.69,11.4,11.66,26881.15,31116.50376
300093.SZ,20260821,23.7,27.28,22.63,25.93,259953.21,664965.80075
300094.SZ,20260821,2.87,2.89,2.75,2.82,461172.29,129692.86978
300095.SZ,20260821,7.91,8.03,7.75,7.99,39367.78,31230.14744
300096.SZ,20260821,9.45,9.67,9.41,9.61,22297.0,21396.461
300097.SZ,20260821,10.17,10.99,9.83,10.6,399309.62,420551.49262
300098.SZ,20260821,4.42,4.5,4.4,4.44,247803.61,110040.28435
300099.SZ,20260821,5.89,5.98,5.82,5.95,70772.04,41888.39684
300100.SZ,20260821,20.68,20.92,20.46,20.78,55379.32,114895.26081
300101.SZ,20260821,13.97,14.14,13.81,14.06,46107.48,64697.49248
300102.SZ,20260821,17.52,18.37,17.5,18.13,259097.02,465882.24048
300103.SZ,20260821,7.68,7.9,7.4,7.87,58032.0,44565.08
300105.SZ,20260821,7.61,7.65,7.43,7.6,174055.31,131505.7585
300106.SZ,20260821,9.84,10.05,9.69,9.87,117952.0,115755.611
300107.SZ,20260821,6.38,6.48,6.23,6.44,91561.22,58327.39646
300109.SZ,20260821,14.88,16.76,14.87,16.4,884614.13,1409358.30371
300110.SZ,20260821,2.93,2.94,2.8,2.86,339637.91,96762.60044
300111.SZ,20260821,3.05,3.07,2.94,3.0,528875.71,158362.4198
300112.SZ,20260821,9.75,9.92,8.78,9.32,470353.72,442024.96362
300113.SZ,20260821,16.69,16.77,16.39,16.69,103350.91,171742.4615
300115.SZ,20260821,24.67,26.49,24.45,26.06,368890.54,940326.68308
300118.SZ,20260821,9.62,9.86,9.5,9.78,196062.0,190767.04739
300119.SZ,20260821,18.35,18.42,17.72,17.92,83622.07,150133.54716
300120.SZ,20260821,9.2,9.26,8.8,9.0,535987.83,483482.931
300121.SZ,20260821,9.6,9.68,9.41,9.61,71714.0,68666.567
300122.SZ,20260821,13.4,14.46,13.2,13.9,1115350.99,1551344.06091
300123.SZ,20260821,4.31,4.51,4.27,4.5,231243.24,101693.16416
300124.SZ,20260821,58.8,59.52,58.3,59.03,143067.89,844334.11376
300125.SZ,20260821,8.26,8.59,8.17,8.51,60285.0,50873.316
300126.SZ,20260821,6.37,6.49,6.2,6.44,41731.24,26608.54716
300127.SZ,20260821,24.59,24.82,24.18,24.71,31816.39,78215.24569
300128.SZ,20260821,4.37,5.09,4.32,4.95,775838.07,369238.16519
300129.SZ,20260821,7.34,7.53,7.29,7.47,118510.94,88181.52103
300130.SZ,20260821,18.1,18.49,17.88,18.25,132110.07,239880.37823
300131.SZ,20260821,16.54,17.35,16.2,16.84,573500.49,963642.29995
300132.SZ,20260821,6.26,6.36,6.14,6.28,160465.31,100116.17768
300133.SZ,20260821,7.04,7.08,6.86,6.91,515461.18,358054.61924
300134.SZ,20260821,8.02,8.21,7.96,8.17,110956.14,90142.15686
300135.SZ,20260821,3.25,3.4,3.24,3.38,246341.92,82527.50107
300136.SZ,20260821,58.76,61.78,58.58,60.96,424731.42,2571520.27349
300137.SZ,20260821,11.73,11.96,11.53,11.75,120843.0,141937.259
300138.SZ,20260821,11.34,11.34,10.92,10.98,64735.13,71276.73711
300139.SZ,20260821,50.69,54.0,49.46,53.68,686319.38,3557725.60664
300140.SZ,20260821,5.38,5.41,5.31,5.38,78153.0,41829.334
300141.SZ,20260821,9.8,9.92,9.64,9.84,43377.0,42552.648
300142.SZ,20260821,15.72,16.97,15.3,16.1,5092653.15,8179433.60327
300143.SZ,20260821,7.79,7.85,7.63,7.69,124451.25,95929.05189
300144.SZ,20260821,6.02,6.03,5.94,5.97,206875.7,123701.7991
300145.SZ,20260821,4.01,4.3,3.98,4.2,691639.82,288066.8711
300146.SZ,20260821,9.9,9.92,9.64,9.72,128869.01,125301.31925
300147.SZ,20260821,7.0,7.08,6.87,6.88,78730.0,54498.565
300148.SZ,20260821,3.35,3.37,3.3,3.36,124377.21,41483.76935
300149.SZ,20260821,10.98,11.13,10.33,10.38,527303.03,557959.49876
300150.SZ,20260821,4.27,4.28,4.16,4.27,35694.15,15074.6189
300151.SZ,20260821,15.86,17.23,15.4,16.88,282323.11,466425.87006
300152.SZ,20260821,1.6,1.64,1.57,1.62,137705.0,22169.964
300153.SZ,20260821,21.5,21.8,20.8,21.51,105730.01,226453.03182
300154.SZ,20260821,11.77,11.94,11.4,11.75,168921.0,196567.137
300155.SZ,20260821,4.23,4.44,4.18,4.43,303001.33,131490.06231
300157.SZ,20260821,3.83,3.99,3.76,3.97,339549.16,132916.47625
300158.SZ,20260821,5.41,5.42,5.16,5.22,294764.0,154449.49
300159.SZ,20260821,2.85,2.97,2.83,2.93,305135.27,88630.9013
300160.SZ,20260821,4.36,4.37,4.28,4.34,57640.88,24944.90692
300161.SZ,20260821,27.4,27.5,26.82,27.2,35305.79,96252.83449
300162.SZ,20260821,7.39,7.92,7.24,7.73,265635.77,202363.33809
300163.SZ,20260821,6.54,6.83,6.44,6.72,218960.0,145607.911
300164.SZ,20260821,10.42,10.82,10.2,10.22,1364196.9,1432705.697
300165.SZ,20260821,5.08,5.13,4.92,5.11,118094.0,59675.861
300166.SZ,20260821,13.02,13.2,12.72,13.17,284389.32,370110.44529
300167.SZ,20260821,4.23,4.31,4.14,4.26,50640.0,21444.296
300168.SZ,20260821,5.0,5.02,4.93,4.98,120768.85,60057.8296
300169.SZ,20260821,5.55,5.59,5.43,5.55,75859.0,41840.17
300170.SZ,20260821,15.48,15.6,15.18,15.53,243527.2,376357.8095
300171.SZ,20260821,14.26,14.88,14.09,14.43,316636.94,457428.24003
300172.SZ,20260821,4.6,4.62,4.52,4.6,95325.02,43501.07518
300173.SZ,20260821,3.28,3.36,3.26,3.3,79436.0,26289.491
300174.SZ,20260821,19.23,20.05,18.75,19.83,123363.4,241009.41836
300175.SZ,20260821,5.97,5.97,5.83,5.93,56643.0,33381.303
300176.SZ,20260821,4.95,5.16,4.66,4.68,437771.17,212524.12463
300177.SZ,20260821,6.09,6.22,6.01,6.17,57579.5,35321.124
300179.SZ,20260821,34.4,36.25,33.88,35.77,269228.07,953396.94074
300180.SZ,20260821,4.27,4.94,4.21,4.53,1394323.22,644993.24418
300181.SZ,20260821,14.6,14.61,14.02,14.15,330606.01,469665.86213
300182.SZ,20260821,4.81,4.86,4.75,4.83,530055.28,255273.93957
300183.SZ,20260821,10.3,10.46,10.16,10.44,24104.11,24874.54284
300184.SZ,20260821,11.8,12.05,11.62,11.96,327805.51,390198.56113
300185.SZ,20260821,2.66,2.68,2.62,2.67,439827.2,116668.8618
300187.SZ,20260821,4.53,4.59,4.48,4.56,62901.0,28580.524
300188.SZ,20260821,10.22,10.28,10.04,10.16,61214.72,62240.54338
300189.SZ,20260821,6.08,6.15,5.55,5.59,2670508.02,1509844.22383
300190.SZ,20260821,3.62,3.74,3.55,3.69,122065.0,44741.0004
300191.SZ,20260821,33.57,34.39,32.77,33.44,158467.57,532052.58421
300192.SZ,20260821,14.94,16.04,14.93,15.96,339830.13,536197.92719
300193.SZ,20260821,7.66,7.72,7.57,7.67,28557.25,21844.16175
300194.SZ,20260821,4.03,4.04,3.89,3.93,286254.71,112943.664
300195.SZ,20260821,5.45,5.59,5.32,5.54,84138.0,46106.925
300196.SZ,20260821,17.35,17.69,16.94,17.65,96436.0,168380.3465
300197.SZ,20260821,2.03,2.04,1.99,2.02,891447.79,179630.34798
300198.SZ,20260821,2.34,2.45,2.34,2.36,119076.0,28382.282
300199.SZ,20260821,24.0,24.08,22.95,23.1,502972.02,1172070.71714
300200.SZ,20260821,8.51,8.56,8.27,8.49,87558.18,73896.87266
300201.SZ,20260821,14.5,15.28,14.25,15.25,339253.12,503545.95146
300203.SZ,20260821,13.13,13.39,13.08,13.21,59490.9,78624.80464
300204.SZ,20260821,23.45,23.52,21.8,22.18,368284.46,821370.40507
300205.SZ,20260821,4.8,4.98,4.8,4.87,15673.0,7669.968
300206.SZ,20260821,12.12,12.22,11.92,12.13,45002.22,54183.32719
300207.SZ,20260821,17.78,18.29,17.7,18.01,304842.16,549105.3735
300209.SZ,20260821,32.98,33.15,31.8,32.3,605591.68,1960486.02944
300210.SZ,20260821,8.2,8.64,8.2,8.54,79803.65,67618.3725
300211.SZ,20260821,7.48,7.55,7.39,7.48,32208.0,24034.839
300212.SZ,20260821,8.0,8.17,7.34,7.67,306034.84,238883.26208
300213.SZ,20260821,6.27,6.29,6.1,6.24,84228.12,52405.22288
300214.SZ,20260821,10.99,12.9,10.67,12.9,658749.05,790411.1575
300215.SZ,20260821,6.0,6.04,5.92,6.02,58226.44,34859.71901
300217.SZ,20260821,4.27,4.31,4.22,4.29,128086.05,54713.5294
300218.SZ,20260821,12.43,12.63,12.28,12.57,13586.0,16978.824
300219.SZ,20260821,6.76,6.96,6.64,6.93,113611.04,77948.36465
300220.SZ,20260821,10.83,10.94,10.56,10.88,19966.0,21548.82
300221.SZ,20260821,13.11,14.41,13.11,14.4,384211.26,536894.89077
300222.SZ,20260821,10.0,10.24,9.87,10.2,142526.31,144087.39241
300223.SZ,20260821,138.09,140.46,136.71,138.48,245816.99,3403767.43976
300224.SZ,20260821,10.93,11.08,10.85,11.05,67924.5,74784.6295
300225.SZ,20260821,7.38,7.51,7.15,7.37,97547.0,71931.266
300226.SZ,20260821,15.66,15.78,15.44,15.73,34770.78,54357.19926
300227.SZ,20260821,11.68,11.92,11.41,11.75,140967.0,165668.18029
300228.SZ,20260821,7.2,7.29,7.1,7.27,82942.02,60061.16752
300229.SZ,20260821,13.42,13.58,13.17,13.47,147164.35,197105.4994
300230.SZ,20260821,4.27,4.29,4.21,4.27,69605.9,29583.99881
300231.SZ,20260821,8.12,8.2,7.96,8.18,79308.87,64153.72205
300232.SZ,20260821,5.04,5.19,5.0,5.19,123272.05,63132.03939
300233.SZ,20260821,14.21,14.21,13.6,13.77,143278.42,197797.1927
300234.SZ,20260821,9.52,9.65,9.16,9.53,106932.0,101130.36856
300235.SZ,20260821,10.75,10.88,10.54,10.82,39304.0,42178.88424
300236.SZ,20260821,92.24,93.2,86.78,88.7,173752.19,1547693.06167
300237.SZ,20260821,1.95,1.99,1.93,1.98,102511.8,20062.432
300238.SZ,20260821,12.12,12.31,11.78,11.95,95731.29,114777.38655
300239.SZ,20260821,5.11,5.31,5.0,5.27,209008.15,107503.1702
300240.SZ,20260821,6.12,6.15,5.99,6.08,95831.37,58101.85322
300241.SZ,20260821,5.65,5.8,5.53,5.73,227666.42,129116.11824
300242.SZ,20260821,4.02,4.04,3.96,4.03,124033.78,49688.76988
300243.SZ,20260821,16.8,17.18,16.43,16.76,294954.62,493938.1746
300244.SZ,20260821,20.8,21.85,20.28,20.65,502958.78,1063225.83487
300245.SZ,20260821,5.64,5.66,5.52,5.61,35309.44,19709.31952
300246.SZ,20260821,15.25,15.72,14.81,15.07,204891.65,309550.28104
300247.SZ,20260821,3.71,3.72,3.63,3.69,99036.52,36301.25432
300248.SZ,20260821,8.57,9.05,8.53,8.84,177326.53,157297.39582
300249.SZ,20260821,12.51,13.12,12.25,12.81,166182.0,212273.224
300250.SZ,20260821,14.95,15.0,14.6,14.96,50362.0,74668.742
300251.SZ,20260821,10.89,10.99,10.76,10.98,200380.26,218150.28574
300252.SZ,20260821,11.28,11.76,11.26,11.63,199888.54,231529.69696
300253.SZ,20260821,7.28,7.4,7.13,7.17,474920.15,343072.22321
300254.SZ,20260821,8.94,9.05,8.66,8.88,120524.88,106269.69496
300255.SZ,20260821,24.99,25.2,23.73,24.53,349171.8,851174.43868
300256.SZ,20260821,2.65,2.73,2.63,2.73,242385.0,65299.717
300257.SZ,20260821,17.28,17.53,16.91,17.35,96171.26,166425.09633
300258.SZ,20260821,9.83,9.91,9.69,9.86,51230.8,50396.78916
300259.SZ,20260821,4.04,4.08,3.93,4.04,243534.58,97962.55874
300260.SZ,20260821,57.3,59.58,56.56,58.1,92445.76,536967.12177
300261.SZ,20260821,5.1,5.13,4.93,5.0,159020.0,79308.853
300263.SZ,20260821,9.77,10.04,9.57,9.96,351774.9,346859.06124
300264.SZ,20260821,6.35,6.46,6.27,6.43,84713.19,54085.59379
300265.SZ,20260821,13.34,13.75,13.13,13.67,129312.35,175212.86853
300266.SZ,20260821,1.84,1.87,1.82,1.86,154204.0,28426.838
300267.SZ,20260821,3.27,3.28,3.14,3.22,474705.21,152440.52705
300268.SZ,20260821,11.96,12.16,11.7,12.0,31169.0,37240.369
300269.SZ,20260821,4.72,4.84,4.61,4.82,115124.1,54745.4951
300270.SZ,20260821,12.06,12.06,11.31,11.62,105097.0,121940.062
300271.SZ,20260821,5.38,5.38,5.26,5.35,66901.0,35656.119
300272.SZ,20260821,5.92,5.93,5.78,5.87,102687.32,59948.49695
300274.SZ,20260821,109.93,114.59,109.71,113.08,302318.67,3412042.11706
300275.SZ,20260821,8.79,9.11,8.65,9.11,53505.79,47886.19167
300276.SZ,20260821,6.27,6.34,6.17,6.29,144499.96,90544.24328
300277.SZ,20260821,11.86,12.06,11.72,12.02,74768.92,89258.94052
300278.SZ,20260821,3.75,3.78,3.7,3.75,101232.96,37876.697
300279.SZ,20260821,5.65,5.65,5.45,5.62,65746.0,36595.20089
300281.SZ,20260821,6.22,6.43,6.11,6.37,68323.0,43188.419
300283.SZ,20260821,13.0,13.56,12.75,13.42,300020.0,398920.247
300284.SZ,20260821,5.22,5.24,5.12,5.2,80429.12,41581.30744
300285.SZ,20260821,64.42,69.48,63.73,67.86,1368464.59,9172724.5395
300286.SZ,20260821,19.74,20.13,19.63,20.02,27672.08,55268.36708
300287.SZ,20260821,3.48,3.53,3.44,3.52,172362.0,60337.587
300288.SZ,20260821,9.92,9.99,9.68,9.83,43203.67,42288.46361
300289.SZ,20260821,5.9,5.97,5.8,5.94,84805.0,49994.83
300290.SZ,20260821,5.98,6.38,5.95,6.23,272044.0,169388.166
300291.SZ,20260821,5.03,5.05,4.86,4.89,411425.3,201965.29186
300292.SZ,20260821,4.16,4.22,4.11,4.18,299713.94,125132.04192
300293.SZ,20260821,15.54,15.69,15.29,15.63,28471.14,44283.27254
300294.SZ,20260821,15.51,15.7,15.13,15.18,133123.74,204539.85435
300295.SZ,20260821,11.72,12.65,11.43,12.58,42402.0,51315.21
300296.SZ,20260821,5.03,5.11,4.98,5.09,384035.49,194273.50085
300298.SZ,20260821,16.26,16.33,15.92,16.05,57236.0,92137.235
300299.SZ,20260821,5.33,5.34,5.2,5.27,149608.15,78417.5107
300300.SZ,20260821,7.43,7.44,7.24,7.39,263664.92,194126.89757
300301.SZ,20260821,3.28,3.36,3.25,3.34,40110.8,13338.6614
300302.SZ,20260821,29.01,29.81,28.62,29.42,144661.56,424087.69102
300303.SZ,20260821,6.93,7.14,6.82,7.1,385932.5,271577.97388
300304.SZ,20260821,11.28,11.95,11.2,11.86,196943.12,228810.83941
300305.SZ,20260821,6.0,6.1,5.91,6.1,88080.0,53270.03
300306.SZ,20260821,10.05,10.21,9.89,10.18,27899.29,28113.69693
300307.SZ,20260821,7.15,7.53,7.1,7.46,303715.82,224453.16726
300308.SZ,20260821,909.0,943.88,901.4,943.0,287038.67,26686400.6327
300310.SZ,20260821,4.3,4.36,4.23,4.34,144929.37,62424.44121
300311.SZ,20260821,6.0,6.02,5.35,5.52,716772.08,403137.41309
300313.SZ,20260821,13.54,13.82,12.1,12.8,432189.58,556324.82092
300314.SZ,20260821,13.71,13.74,12.99,13.11,168879.84,223739.28504
300315.SZ,20260821,4.0,4.01,3.89,3.9,720542.29,282413.84054
300316.SZ,20260821,41.79,42.81,41.15,42.53,116139.86,490359.45234
300317.SZ,20260821,4.06,4.13,4.0,4.09,321368.0,131078.229
300318.SZ,20260821,5.15,5.2,4.92,4.98,260922.34,130746.49566
300319.SZ,20260821,18.22,18.85,18.0,18.29,1037048.31,1903484.81797
300320.SZ,20260821,8.55,8.59,8.35,8.49,48101.0,40911.0672
300321.SZ,20260821,32.32,34.1,31.76,33.7,22408.5,74103.148
300322.SZ,20260821,17.14,17.89,17.04,17.62,149752.6,263121.22211
300323.SZ,20260821,12.01,13.0,11.7,12.86,1129994.8,1415314.16092
300324.SZ,20260821,3.58,3.67,3.54,3.65,211734.57,76526.64655
300326.SZ,20260821,6.01,6.05,5.91,6.03,49149.0,29361.321
300327.SZ,20260821,22.43,23.05,22.41,22.74,51631.35,117488.18737
300328.SZ,20260821,15.04,15.96,14.82,15.59,639475.65,987351.89517
300329.SZ,20260821,12.0,12.18,11.87,12.09,22044.0,26550.647
300331.SZ,20260821,48.47,49.1,46.91,48.51,96184.14,463485.81474
300332.SZ,20260821,4.96,5.17,4.9,4.99,585838.77,294390.64307
300333.SZ,20260821,10.73,11.19,10.4,11.05,285087.04,308604.89806
300334.SZ,20260821,8.38,8.56,8.24,8.46,44061.0,37126.257
300335.SZ,20260821,5.22,5.28,5.16,5.25,67920.37,35443.86288
300337.SZ,20260821,9.5,9.78,9.45,9.72,116173.93,112374.4571
300338.SZ,20260821,2.84,2.91,2.81,2.89,50824.0,14558.737
300339.SZ,20260821,36.94,36.95,35.7,36.23,275348.23,996519.39426
300340.SZ,20260821,8.39,8.99,8.31,8.81,134184.5,117763.6375
300341.SZ,20260821,12.71,12.81,12.42,12.79,31292.34,39557.96176
300342.SZ,20260821,32.01,32.94,31.56,32.29,143193.47,462904.26497
300343.SZ,20260821,5.72,5.78,5.66,5.73,174518.01,99938.89967
300345.SZ,20260821,8.38,9.37,8.31,9.37,860769.28,768711.25386
300346.SZ,20260821,56.67,57.98,55.9,56.85,261437.3,1489105.77789
300347.SZ,20260821,54.0,55.26,52.74,54.37,224409.28,1213739.281
300348.SZ,20260821,9.27,9.6,9.14,9.38,246924.5,231453.63476
300349.SZ,20260821,10.26,10.34,10.12,10.3,41066.27,42060.37263
300350.SZ,20260821,4.35,4.37,4.26,4.34,85100.56,36666.86304
300351.SZ,20260821,13.42,13.9,13.38,13.86,77186.0,106216.89153
300352.SZ,20260821,2.24,2.28,2.21,2.27,142791.0,32119.806
300353.SZ,20260821,18.14,18.19,17.77,18.01,77637.62,139914.5136
300354.SZ,20260821,28.97,29.78,28.6,29.15,15262.0,44632.628
300355.SZ,20260821,2.92,2.93,2.87,2.91,138168.95,40043.11845
300357.SZ,20260821,25.5,25.7,24.58,24.65,196249.95,488922.68903
300358.SZ,20260821,9.19,9.25,8.88,9.0,369453.03,333544.50627
300359.SZ,20260821,4.07,4.07,3.96,4.04,131323.87,52766.56548
300360.SZ,20260821,11.75,11.8,11.66,11.71,33732.3,39514.5949
300363.SZ,20260821,23.33,23.33,21.38,21.89,681486.16,1497714.43274
300364.SZ,20260821,22.65,23.17,22.45,23.09,232858.32,532678.70317
300365.SZ,20260821,4.58,4.63,4.48,4.59,81862.24,37307.72292
300366.SZ,20260821,5.16,5.22,5.06,5.13,60631.0,31164.07
300368.SZ,20260821,7.6,7.69,7.35,7.64,179939.39,135853.24967
300369.SZ,20260821,6.87,7.0,6.65,6.92,319059.77,218615.10207
300370.SZ,20260821,2.16,2.2,2.13,2.19,140884.2,30551.9432
300371.SZ,20260821,10.31,10.56,10.21,10.52,23318.08,24273.50284
300373.SZ,20260821,94.55,103.5,94.5,103.04,251295.12,2546927.34142
300374.SZ,20260821,10.64,10.74,10.46,10.66,23503.68,24835.72352
300375.SZ,20260821,3.97,4.03,3.88,3.98,108671.48,43017.44524
300376.SZ,20260821,4.41,4.46,4.37,4.44,132946.61,58858.7724
300377.SZ,20260821,13.64,14.08,13.43,13.99,235765.17,325958.72108
300378.SZ,20260821,32.28,32.88,31.37,31.45,78563.12,249245.06185
300380.SZ,20260821,27.55,28.42,27.31,28.29,18790.16,52583.69432
300381.SZ,20260821,6.37,6.39,6.24,6.29,75989.47,47813.63622
300382.SZ,20260821,15.8,17.69,15.75,17.58,401625.45,675363.33956
300383.SZ,20260821,12.15,12.37,11.99,12.35,336792.33,412360.56696
300384.SZ,20260821,12.68,12.77,12.41,12.75,45107.61,57056.55877
300385.SZ,20260821,11.97,12.55,11.8,12.4,57950.0,70647.537
300386.SZ,20260821,11.14,11.68,11.04,11.43,157542.45,179269.942
300387.SZ,20260821,7.32,7.35,7.18,7.31,79415.0,57764.939
300388.SZ,20260821,6.8,6.87,6.69,6.85,60033.11,40740.64913
300389.SZ,20260821,12.07,12.39,11.92,12.37,34567.09,42170.48203
300390.SZ,20260821,60.77,68.54,60.02,65.47,616748.94,4032540.66481
300393.SZ,20260821,6.12,6.33,6.03,6.22,154152.84,95711.29668
300394.SZ,20260821,276.1,288.0,269.65,273.08,504442.69,14055654.9056
300395.SZ,20260821,88.0,89.59,86.6,87.99,146852.43,1295313.46895
300396.SZ,20260821,7.12,7.28,7.05,7.26,26540.33,18964.82028
300397.SZ,20260821,11.19,11.35,10.83,11.29,141623.27,158208.02537
300398.SZ,20260821,35.0,36.07,34.38,35.67,235142.64,833895.57478
300399.SZ,20260821,18.3,20.3,18.3,18.71,196171.16,374821.17835
300400.SZ,20260821,28.12,29.0,27.71,28.34,83235.51,236096.91725
300401.SZ,20260821,15.4,15.66,14.89,15.44,324543.58,498608.21586
300402.SZ,20260821,14.13,15.18,13.92,15.01,63803.94,93994.73812
300403.SZ,20260821,9.13,9.26,9.04,9.22,53190.88,48857.94216
300404.SZ,20260821,15.44,15.5,14.3,14.43,729312.69,1067142.69665
300405.SZ,20260821,5.61,5.75,5.52,5.74,65210.0,36798.276
300406.SZ,20260821,11.92,11.97,11.58,11.7,72101.37,84564.16377
300407.SZ,20260821,11.58,12.49,11.43,12.26,133688.21,162472.00299
300408.SZ,20260821,111.01,115.5,109.64,113.9,423050.79,4805231.75809
300409.SZ,20260821,18.12,18.56,17.95,18.38,150473.81,275430.61887
300410.SZ,20260821,7.69,7.91,7.62,7.9,103856.35,81245.01215
300411.SZ,20260821,7.54,7.61,7.38,7.6,70402.08,52908.19048
300412.SZ,20260821,4.52,4.6,4.43,4.58,131481.6,59388.7134
300413.SZ,20260821,15.15,15.16,14.89,15.03,96559.49,144834.32498
300414.SZ,20260821,10.66,10.86,10.51,10.8,47812.11,51228.22058
300415.SZ,20260821,19.55,19.87,19.39,19.8,29638.0,58283.49503
300416.SZ,20260821,15.05,15.05,14.42,14.7,145039.65,213265.49069
300417.SZ,20260821,10.9,11.18,10.76,11.1,23777.86,26089.39398
300418.SZ,20260821,44.1,44.7,42.97,43.82,728374.49,3200260.68051
300419.SZ,20260821,8.71,8.99,8.63,8.94,79671.0,70454.676
300420.SZ,20260821,7.36,8.2,7.17,7.94,1162536.58,913941.55498
300421.SZ,20260821,16.08,16.49,15.92,16.43,44021.42,71844.49664
300422.SZ,20260821,4.05,4.12,4.01,4.11,112503.9,45814.30075
300423.SZ,20260821,5.77,5.84,5.66,5.81,68829.87,39595.66327
300424.SZ,20260821,13.91,14.08,13.77,14.02,49811.85,69586.81129
300425.SZ,20260821,4.0,4.05,3.93,4.03,88540.19,35362.86912
300426.SZ,20260821,6.18,6.21,6.0,6.18,151724.17,92823.15303
300427.SZ,20260821,6.42,6.52,6.32,6.49,181494.0,116838.12665
300428.SZ,20260821,18.09,18.34,18.01,18.24,37487.41,68248.23192
300429.SZ,20260821,10.32,10.68,10.2,10.59,133550.22,140667.42057
300430.SZ,20260821,4.34,4.39,4.25,4.37,39230.81,16962.50592
300432.SZ,20260821,15.69,16.21,15.51,15.98,235427.18,375148.95416
300433.SZ,20260821,37.3,37.8,36.47,37.19,1029227.03,3835453.85214
300434.SZ,20260821,12.2,12.27,11.75,11.84,290957.9,348063.6445
300435.SZ,20260821,16.67,17.23,16.58,17.07,87142.1,147818.04689
300436.SZ,20260821,95.31,95.88,91.26,93.12,57332.72,534171.76927
300437.SZ,20260821,10.89,11.09,10.71,11.01,50238.84,55063.54884
300438.SZ,20260821,59.79,64.15,59.19,61.75,235234.13,1460944.17265
300439.SZ,20260821,9.42,9.5,9.25,9.34,46146.58,43079.44056
300440.SZ,20260821,18.15,18.58,17.76,18.55,77968.0,142017.021
300441.SZ,20260821,6.8,6.86,6.71,6.82,39034.0,26520.681
300442.SZ,20260821,63.98,64.81,63.2,64.38,158008.85,1014139.33516
300443.SZ,20260821,19.72,19.76,19.45,19.72,25771.53,50624.8183
300444.SZ,20260821,9.79,9.9,9.65,9.85,191612.97,187793.17048
300445.SZ,20260821,18.12,18.35,17.85,18.3,13034.71,23640.72546
300446.SZ,20260821,12.87,13.0,12.79,12.91,41417.33,53465.90164
300447.SZ,20260821,13.45,13.68,13.11,13.63,33296.21,44752.94783
300448.SZ,20260821,5.67,5.81,5.56,5.76,110863.3,62975.32204
300449.SZ,20260821,6.95,7.04,6.83,7.03,51892.0,36155.644
300450.SZ,20260821,33.12,34.47,33.01,33.91,260891.8,885441.47934
300451.SZ,20260821,3.48,3.49,3.4,3.45,203048.0,69906.449
300452.SZ,20260821,13.5,13.57,12.63,12.77,166550.35,215052.83575
300453.SZ,20260821,10.06,10.08,9.73,9.89,132000.67,130903.3773
300454.SZ,20260821,117.2,121.0,115.39,120.6,148524.54,1759931.12507
300455.SZ,20260821,17.53,17.99,17.49,17.72,53110.1,94300.5942
300456.SZ,20260821,31.31,32.0,30.92,31.39,130408.03,410471.93316
300457.SZ,20260821,19.81,20.27,19.57,19.95,78320.0,156307.121
300458.SZ,20260821,31.15,31.65,30.82,31.46,280487.77,877847.37263
300459.SZ,20260821,3.47,3.48,3.41,3.45,577156.02,198809.79736
300460.SZ,20260821,8.28,8.75,8.23,8.73,40150.0,34489.407
300461.SZ,20260821,30.77,31.68,30.43,31.33,42305.27,131396.4492
300462.SZ,20260821,11.15,11.22,11.01,11.2,4205.0,4682.421
300463.SZ,20260821,9.54,9.6,9.27,9.36,110706.46,104092.47404
300464.SZ,20260821,6.61,6.8,6.5,6.75,63860.0,42697.555
300465.SZ,20260821,12.27,12.56,11.78,12.44,244114.44,297450.08146
300466.SZ,20260821,7.15,7.27,7.1,7.26,38193.94,27474.6045
300467.SZ,20260821,33.03,33.04,32.18,32.79,28025.13,91223.58875
300468.SZ,20260821,21.91,23.22,21.41,22.21,623150.78,1380070.44753
300469.SZ,20260821,56.86,57.3,54.58,56.99,44400.45,249723.45865
300470.SZ,20260821,28.1,28.17,27.89,28.14,7941.67,22236.01503
300471.SZ,20260821,9.61,9.7,9.49,9.7,42884.31,41139.46695
300472.SZ,20260821,6.63,6.77,6.47,6.75,23813.0,15809.171
300473.SZ,20260821,21.78,22.01,21.17,21.91,26982.92,58607.12583
300474.SZ,20260821,50.0,51.18,49.05,50.66,58637.98,293437.5312
300475.SZ,20260821,157.16,161.04,154.6,158.1,193278.66,3054274.24259
300476.SZ,20260821,251.01,257.0,248.51,253.74,228567.12,5798753.72409
300477.SZ,20260821,2.5,2.6,2.47,2.53,175967.52,44648.96272
300478.SZ,20260821,29.84,30.41,28.56,30.17,26334.0,77917.692
300479.SZ,20260821,14.78,15.0,14.55,14.67,56111.35,82524.32105
300480.SZ,20260821,33.04,33.76,32.14,32.82,132246.47,436596.14545
300481.SZ,20260821,14.1,14.26,13.83,14.22,70676.56,99742.51564
300482.SZ,20260821,17.45,17.65,17.15,17.4,81519.38,142096.29386
300483.SZ,20260821,22.8,23.73,22.64,22.94,163163.0,377007.92706
300484.SZ,20260821,12.82,12.86,12.49,12.75,28731.58,36529.16966
300485.SZ,20260821,10.2,10.24,9.64,9.91,158953.37,157174.87578
300486.SZ,20260821,21.79,22.97,21.41,22.66,215919.96,482405.22038
300487.SZ,20260821,69.05,69.67,66.03,66.89,96872.64,651279.6353
300488.SZ,20260821,31.01,31.49,30.05,31.33,28839.0,89168.0373
300489.SZ,20260821,230.0,233.5,211.81,216.55,124357.1,2720734.6889
300490.SZ,20260821,11.36,11.61,11.06,11.52,96535.24,110281.84304
300491.SZ,20260821,29.93,30.26,28.69,29.59,67610.78,200265.53646
300492.SZ,20260821,23.71,23.96,23.3,23.72,26819.11,63401.81479
300493.SZ,20260821,11.94,12.1,11.77,12.01,65640.0,78610.95
300494.SZ,20260821,8.23,8.24,8.11,8.19,45174.13,36971.00821
300496.SZ,20260821,56.8,57.1,56.09,56.9,74656.18,422953.7497
300497.SZ,20260821,17.26,17.51,16.68,17.32,232304.79,399063.2865
300498.SZ,20260821,13.75,13.8,13.53,13.59,324809.33,442068.81427
300499.SZ,20260821,27.06,28.93,26.87,28.26,165005.55,464446.94362
300500.SZ,20260821,9.43,9.67,9.23,9.63,31947.0,30304.7075
300501.SZ,20260821,10.01,10.2,9.83,10.14,24357.45,24501.19126
300502.SZ,20260821,427.01,443.67,420.06,442.0,477807.64,20792810.9155
300503.SZ,20260821,69.01,70.94,68.3,69.65,131105.46,912894.39243
300504.SZ,20260821,14.92,15.15,14.61,14.96,53255.0,79597.916
300505.SZ,20260821,19.75,19.76,19.02,19.27,170412.57,328394.18555
300506.SZ,20260821,5.2,5.26,5.09,5.2,228701.15,118465.68165
300507.SZ,20260821,6.34,6.39,6.22,6.35,45978.47,29085.56755
300508.SZ,20260821,43.8,44.33,42.17,43.43,29396.15,127469.08562
300509.SZ,20260821,8.59,8.89,8.44,8.83,65350.11,56874.29891
300510.SZ,20260821,3.38,3.42,3.35,3.4,125561.21,42532.1184
300511.SZ,20260821,5.76,5.78,5.48,5.61,496303.29,276707.5133
300512.SZ,20260821,7.15,7.22,7.0,7.22,29038.01,20688.4582
300513.SZ,20260821,7.28,7.38,7.1,7.26,45099.0,32493.03
300514.SZ,20260821,9.79,9.9,9.63,9.81,19909.15,19407.6833
300515.SZ,20260821,15.88,16.78,15.88,16.42,101927.87,167573.88343
300516.SZ,20260821,31.5,31.89,30.9,31.15,28785.85,89952.0047
300517.SZ,20260821,10.03,10.13,9.8,10.09,22734.6,22697.4502
300518.SZ,20260821,23.22,23.46,22.22,23.23,69221.92,159394.05468
300519.SZ,20260821,14.61,14.7,14.11,14.29,52403.0,74966.302
300520.SZ,20260821,23.66,24.56,23.32,24.12,68035.44,163857.04171
300521.SZ,20260821,22.98,23.59,22.68,23.31,20059.41,46647.2672
300522.SZ,20260821,13.6,14.95,13.45,14.82,243895.23,352940.02994
300523.SZ,20260821,19.88,20.15,19.5,19.94,16222.0,32264.80426
300525.SZ,20260821,8.19,8.19,8.03,8.12,74856.0,60729.3
300527.SZ,20260821,7.81,7.9,7.8,7.89,43498.34,34160.34352
300528.SZ,20260821,12.83,12.99,12.66,12.93,67529.8,86886.1308
300529.SZ,20260821,16.15,16.26,15.76,15.76,104556.2,166222.39436
300530.SZ,20260821,17.98,18.29,17.7,18.09,28680.0,51746.837
300531.SZ,20260821,15.87,16.14,15.75,16.1,57348.03,91716.69125
300532.SZ,20260821,6.89,6.99,6.79,6.93,54856.13,37701.41393
300533.SZ,20260821,14.59,14.59,14.0,14.2,34877.55,49365.89565
300534.SZ,20260821,17.7,19.0,16.88,18.35,694571.38,1244499.41478
300535.SZ,20260821,16.46,17.27,16.45,17.12,49267.85,83534.78185
300536.SZ,20260821,8.81,8.96,8.63,8.92,55844.0,49170.427
300537.SZ,20260821,19.39,19.8,19.05,19.64,46297.3,90342.021
300538.SZ,20260821,15.35,15.4,14.78,15.38,38496.92,58397.44754
300539.SZ,20260821,17.53,18.26,17.22,18.18,44936.92,80108.89164
300540.SZ,20260821,29.37,31.18,29.08,29.36,191463.18,571409.09582
300541.SZ,20260821,9.58,9.96,9.53,9.78,82629.09,80349.53176
300542.SZ,20260821,11.89,12.25,11.77,12.08,63887.35,76792.4471
300543.SZ,20260821,7.67,7.73,7.57,7.69,59964.0,45878.032
300545.SZ,20260821,31.21,34.48,31.21,34.08,249127.64,831981.06761
300546.SZ,20260821,16.7,19.3,16.7,17.82,175366.02,320641.82903
300547.SZ,20260821,24.22,25.62,24.1,25.13,51861.21,129861.98973
300548.SZ,20260821,201.01,211.3,197.0,197.42,195514.54,3967889.13393
300549.SZ,20260821,14.23,14.43,13.9,14.32,11370.0,16123.272
300550.SZ,20260821,11.89,12.1,11.62,11.9,36405.22,43258.14026
300551.SZ,20260821,10.19,10.36,9.85,9.93,87914.54,87908.8583
300552.SZ,20260821,20.16,20.39,19.98,20.22,33423.52,67442.87436
300553.SZ,20260821,40.27,41.79,39.77,40.6,34015.0,138546.66136
300554.SZ,20260821,20.28,20.75,19.93,20.6,25568.0,52369.484
300555.SZ,20260821,12.51,12.66,12.2,12.31,13234.8,16336.8105
300556.SZ,20260821,16.14,16.21,15.8,16.12,25935.26,41566.15382
300557.SZ,20260821,25.85,26.13,25.32,25.62,20486.95,52730.2503
300558.SZ,20260821,51.58,52.7,49.5,51.18,312774.5,1594823.17506
300559.SZ,20260821,10.3,10.42,10.13,10.35,42819.64,44052.0844
300560.SZ,20260821,17.95,18.29,17.62,17.93,118768.0,212930.46372
300561.SZ,20260821,14.91,15.35,14.7,15.28,142755.02,215756.74801
300562.SZ,20260821,15.01,15.17,14.68,15.03,80342.73,119473.28981
300563.SZ,20260821,23.19,23.38,22.52,23.26,21132.0,48781.09716
300564.SZ,20260821,12.27,12.49,12.09,12.42,18156.0,22350.77
300565.SZ,20260821,9.57,9.72,9.41,9.63,61507.25,59028.284
300566.SZ,20260821,27.7,29.5,27.52,28.99,218333.41,623750.37588
300567.SZ,20260821,216.99,221.0,210.0,217.09,56043.71,1213335.23303
300568.SZ,20260821,14.49,15.0,14.38,14.48,485816.14,712561.08959
300569.SZ,20260821,4.68,4.72,4.62,4.72,65878.38,30855.13294
300570.SZ,20260821,213.0,230.46,205.48,214.46,352161.34,7667732.23443
300571.SZ,20260821,30.31,31.02,29.76,30.72,49201.0,150281.452
300572.SZ,20260821,18.77,19.2,18.55,19.06,33127.83,62882.24198
300573.SZ,20260821,40.55,40.55,39.1,39.75,84363.67,333777.61911
300575.SZ,20260821,5.9,5.94,5.78,5.87,171526.66,100227.10878
300576.SZ,20260821,30.55,31.31,30.1,30.61,116840.63,358542.87566
300577.SZ,20260821,17.81,17.81,17.4,17.58,16690.0,29304.574
300578.SZ,20260821,15.5,15.75,15.23,15.72,35399.36,55099.07022
300579.SZ,20260821,21.26,22.08,21.17,21.66,52328.2,113308.10552
300580.SZ,20260821,19.75,20.14,19.5,20.04,67087.6,133452.43045
300581.SZ,20260821,9.73,9.9,9.51,9.87,66502.0,65086.03407
300582.SZ,20260821,11.19,11.25,10.9,11.23,42973.51,47736.37917
300583.SZ,20260821,13.01,13.01,12.66,12.89,32109.69,41175.45616
300584.SZ,20260821,34.0,34.05,32.11,32.9,52950.96,174142.89716
300585.SZ,20260821,15.32,15.7,15.0,15.65,48345.0,74658.311
300586.SZ,20260821,8.86,9.15,8.7,9.09,135706.09,122038.59764
300587.SZ,20260821,5.09,5.25,5.05,5.22,254091.41,131693.44653
300588.SZ,20260821,20.02,22.65,19.97,22.45,89901.8,194978.0212
300589.SZ,20260821,12.85,13.19,12.69,13.13,112860.59,146350.57935
300590.SZ,20260821,10.81,10.98,10.73,10.93,77057.82,83925.40629
300591.SZ,20260821,6.64,6.82,6.4,6.67,319908.5,212151.0055
300592.SZ,20260821,14.62,15.06,14.41,14.91,92817.7,136683.4057
300593.SZ,20260821,29.11,31.66,29.0,30.92,251417.84,776167.99275
300594.SZ,20260821,14.3,14.69,13.95,14.63,10847.0,15616.784
300595.SZ,20260821,11.26,11.32,10.93,11.0,110488.93,122124.5984
300596.SZ,20260821,44.41,44.51,42.98,43.3,47743.04,208227.02958
300597.SZ,20260821,7.75,7.83,7.62,7.79,36132.0,27940.849
300598.SZ,20260821,35.29,35.56,32.62,32.93,236194.54,785309.19797
300599.SZ,20260821,11.86,12.05,11.68,12.01,51890.92,61597.3194
300600.SZ,20260821,9.9,9.99,9.73,9.96,28181.0,27835.367
300601.SZ,20260821,13.2,13.58,12.81,13.03,823838.44,1081016.65897
300602.SZ,20260821,40.6,42.85,40.0,41.57,203040.0,847437.76848
300603.SZ,20260821,7.7,7.76,7.49,7.73,127956.22,97868.81684
300604.SZ,20260821,274.05,284.58,270.02,279.42,128826.92,3587691.57587
300605.SZ,20260821,10.07,10.27,9.85,10.22,59691.38,60238.51722
300606.SZ,20260821,35.0,36.46,34.17,36.2,61801.09,219585.4458
300607.SZ,20260821,32.1,36.15,31.94,35.57,415382.03,1429623.17576
300608.SZ,20260821,9.97,10.17,9.78,10.15,61792.59,61891.27126
300609.SZ,20260821,24.99,25.25,24.4,25.16,27143.0,67667.684
300610.SZ,20260821,10.32,10.46,10.16,10.42,30371.07,31340.52694
300611.SZ,20260821,22.66,23.2,22.51,22.92,15989.13,36641.4087
300612.SZ,20260821,11.76,11.8,11.51,11.69,45552.78,53039.90151
300613.SZ,20260821,70.45,71.56,69.8,70.53,75280.21,531198.91088
300614.SZ,20260821,10.67,10.83,10.44,10.75,18903.29,20148.52779
300615.SZ,20260821,18.09,19.46,16.0,16.15,514318.85,918089.57539
300616.SZ,20260821,10.57,10.64,10.3,10.56,40584.22,42689.59672
300617.SZ,20260821,40.36,41.23,39.93,40.73,31585.02,128312.59972
300618.SZ,20260821,33.98,35.39,33.79,34.99,78662.36,274023.15344
300619.SZ,20260821,25.65,26.74,25.13,26.7,52388.55,137263.66656
300620.SZ,20260821,307.56,316.19,302.0,305.03,100318.38,3090545.11484
300621.SZ,20260821,7.21,7.42,7.05,7.35,43417.0,31507.807
300622.SZ,20260821,14.61,14.95,14.37,14.73,83043.45,121860.42391
300623.SZ,20260821,29.59,30.44,29.14,29.62,363342.19,1080030.31381
300624.SZ,20260821,51.29,51.84,50.64,51.24,50351.95,257492.57408
300625.SZ,20260821,9.63,9.83,9.56,9.79,18108.0,17569.29
300626.SZ,20260821,30.68,31.75,29.26,31.24,49515.0,152016.646
300627.SZ,20260821,27.22,27.3,26.92,27.13,49891.98,135296.58265
300628.SZ,20260821,42.45,42.51,41.13,41.73,162956.24,678608.82907
300629.SZ,20260821,16.65,17.0,16.46,16.93,36230.05,61029.08594
300631.SZ,20260821,21.4,21.77,20.99,21.65,14319.57,30744.86962
300632.SZ,20260821,18.4,18.94,17.96,18.74,105139.76,195486.51233
300633.SZ,20260821,20.44,21.2,20.3,20.69,59046.0,122544.233
300634.SZ,20260821,19.45,19.55,19.07,19.48,72478.93,140485.00642
300635.SZ,20260821,12.16,12.33,11.9,12.24,36225.0,43779.227
300636.SZ,20260821,7.05,7.07,6.77,6.95,95103.2,65722.6888
300637.SZ,20260821,8.92,9.1,8.78,9.05,29407.0,26389.515
300638.SZ,20260821,18.67,19.0,18.58,18.88,76822.93,144527.04204
300639.SZ,20260821,6.2,6.31,6.1,6.18,229612.94,142080.88042
300640.SZ,20260821,6.71,6.85,6.57,6.83,78032.7,52462.3313
300641.SZ,20260821,14.07,14.12,13.89,13.95,47606.0,66551.947
300642.SZ,20260821,13.94,14.08,13.35,13.71,42408.4,57762.4658
300643.SZ,20260821,17.77,18.38,17.71,18.08,35939.58,64898.1727
300644.SZ,20260821,20.92,21.28,20.62,21.28,14517.0,30462.52922
300645.SZ,20260821,12.89,12.98,12.62,12.97,23569.0,30181.61
300647.SZ,20260821,5.63,5.67,5.51,5.63,107903.5,60494.021
300648.SZ,20260821,38.36,41.39,37.54,40.65,29325.84,117861.59264
300649.SZ,20260821,25.94,26.76,25.16,25.36,57239.0,148153.495
300650.SZ,20260821,11.55,11.84,11.33,11.77,39430.0,45954.695
300651.SZ,20260821,16.91,17.16,16.7,17.11,27439.0,46482.84
300652.SZ,20260821,28.65,29.04,28.14,28.96,11765.0,33791.617
300653.SZ,20260821,15.35,15.44,14.89,15.07,40249.86,60692.06858
300654.SZ,20260821,9.96,10.17,9.85,10.17,80008.17,80493.72586
300655.SZ,20260821,12.62,12.97,12.47,12.8,275637.03,352471.81138
300656.SZ,20260821,27.09,28.38,26.44,26.95,54614.56,149301.47576
300657.SZ,20260821,34.5,35.28,33.0,35.03,276332.66,945152.1086
300658.SZ,20260821,10.66,10.66,10.3,10.58,54104.34,56957.27242
300659.SZ,20260821,10.17,10.23,9.98,10.2,26086.0,26393.195
300660.SZ,20260821,24.36,24.37,23.74,24.18,52874.13,127422.50523
300661.SZ,20260821,116.0,118.12,114.01,116.6,86111.44,997675.1148
300662.SZ,20260821,20.0,20.0,19.72,19.9,14974.21,29729.98774
300663.SZ,20260821,7.94,8.21,7.77,8.15,236328.84,189711.87968
300664.SZ,20260821,4.56,4.59,4.48,4.55,79733.38,36105.70678
300665.SZ,20260821,9.41,9.56,9.26,9.42,50780.0,47853.053
300666.SZ,20260821,247.0,253.36,243.56,246.7,103471.09,2559848.89858
300667.SZ,20260821,14.84,14.89,14.5,14.62,83645.0,122683.999
300668.SZ,20260821,34.07,34.56,32.74,33.5,61512.0,206673.672
300669.SZ,20260821,23.5,24.08,23.1,23.88,12941.0,30539.662
300670.SZ,20260821,6.33,6.4,6.21,6.36,53509.0,33824.527
300671.SZ,20260821,59.74,61.7,57.8,59.47,123951.59,739559.68131
300672.SZ,20260821,162.65,166.3,159.59,163.32,75211.39,1226097.94665
300673.SZ,20260821,13.0,13.0,12.7,12.9,19258.02,24657.14372
300674.SZ,20260821,15.34,15.92,15.34,15.82,243170.9,382124.67464
300675.SZ,20260821,12.77,12.86,12.45,12.85,17244.0,21814.82
300676.SZ,20260821,41.41,43.77,41.0,42.2,321039.03,1362387.7276
300677.SZ,20260821,48.45,49.28,47.8,48.41,60434.87,293188.54187
300678.SZ,20260821,21.63,21.69,21.28,21.64,30007.96,64567.53374
300679.SZ,20260821,50.09,53.38,49.08,51.45,323518.92,1661810.95094
300680.SZ,20260821,19.97,20.92,19.9,20.49,62187.88,126989.33758
300681.SZ,20260821,21.01,21.48,20.61,21.4,45269.99,95997.82823
300682.SZ,20260821,9.39,9.51,9.23,9.35,141842.0,132915.53976
300683.SZ,20260821,29.9,30.0,28.6,29.1,87997.01,256710.9771
300684.SZ,20260821,87.98,88.1,80.92,84.1,245481.26,2086649.39412
300685.SZ,20260821,19.59,19.63,18.9,18.99,130593.8,250813.4018
300686.SZ,20260821,13.96,14.83,13.7,14.67,132533.0,190463.316
300687.SZ,20260821,28.32,28.5,26.62,26.84,319309.62,870429.99017
300688.SZ,20260821,30.01,30.1,28.91,29.67,109297.09,320850.14723
300689.SZ,20260821,52.86,55.56,51.87,53.89,25712.89,138463.98666
300690.SZ,20260821,20.52,20.71,20.12,20.62,16773.24,34320.46064
300691.SZ,20260821,14.17,14.5,13.78,14.47,45246.97,64343.85412
300692.SZ,20260821,9.5,9.6,9.23,9.55,240182.96,225891.87867
300693.SZ,20260821,41.28,43.57,41.07,42.9,141235.34,602707.34958
300694.SZ,20260821,10.55,10.64,10.3,10.53,37201.0,38944.218
300695.SZ,20260821,49.71,50.0,48.24,49.06,6652.93,32627.06786
300696.SZ,20260821,20.0,20.34,19.7,20.23,38170.36,76865.0774
300697.SZ,20260821,15.16,16.28,14.82,16.22,277728.36,437041.3318
300698.SZ,20260821,24.6,25.11,24.47,24.87,21680.0,53742.778
300699.SZ,20260821,24.32,24.56,24.1,24.39,70201.39,171131.42768
300700.SZ,20260821,19.02,19.44,18.7,19.08,74779.29,142615.5722
300701.SZ,20260821,9.73,9.77,9.52,9.72,29892.81,28895.93839
300702.SZ,20260821,22.31,22.49,21.68,22.03,42231.57,93188.32805
300703.SZ,20260821,13.16,13.5,13.0,13.45,31582.28,41903.62135
300705.SZ,20260821,12.09,12.18,11.4,11.57,244810.98,284803.37406
300706.SZ,20260821,52.19,53.52,51.0,52.42,57117.0,299182.664
300707.SZ,20260821,11.9,12.14,11.76,12.1,30417.95,36415.34915
300708.SZ,20260821,7.75,7.93,7.61,7.85,136731.65,106506.49075
300709.SZ,20260821,39.49,41.66,39.01,40.76,141699.2,573531.44749
300710.SZ,20260821,33.16,36.33,31.66,31.82,133342.67,448925.32272
300711.SZ,20260821,16.8,17.76,16.6,17.59,76604.58,131848.16054
300712.SZ,20260821,20.11,20.74,20.04,20.63,13136.59,26901.21373
300713.SZ,20260821,12.86,13.23,12.71,13.12,16864.0,21896.904
300715.SZ,20260821,14.07,15.09,13.81,14.48,106107.23,154380.49435
300716.SZ,20260821,15.94,19.42,15.86,19.03,58513.01,105549.7848
300717.SZ,20260821,18.04,18.29,17.64,18.23,18143.0,32754.739
300718.SZ,20260821,56.49,59.3,55.55,57.63,77577.65,446732.61523
300719.SZ,20260821,11.29,11.56,11.25,11.53,22660.81,25887.59393
300720.SZ,20260821,78.79,79.79,75.88,76.59,102065.89,791043.88515
300721.SZ,20260821,22.3,22.84,21.81,22.74,71686.82,161694.23406
300722.SZ,20260821,20.47,20.89,20.28,20.88,15368.52,31800.60916
300723.SZ,20260821,38.0,38.14,35.6,36.75,159115.02,582346.88713
300724.SZ,20260821,57.5,58.32,56.61,57.73,79517.62,458243.31749
300725.SZ,20260821,53.24,53.58,51.28,51.46,308404.02,1612258.5837
300726.SZ,20260821,51.51,53.15,50.82,52.84,78350.18,411221.80591
300727.SZ,20260821,26.6,27.42,26.25,27.17,20372.13,55088.4284
300729.SZ,20260821,10.2,10.2,9.99,10.1,22168.6,22308.1678
300730.SZ,20260821,11.18,11.42,11.04,11.35,27696.45,31252.7327
300731.SZ,20260821,36.41,39.46,36.09,39.04,72842.89,277659.6877
300732.SZ,20260821,5.95,6.05,5.85,6.02,66431.01,39458.83378
300733.SZ,20260821,14.12,14.19,13.96,14.11,29762.93,41866.16231
300735.SZ,20260821,19.54,20.68,19.45,20.17,117537.82,236482.11313
300736.SZ,20260821,28.99,29.85,27.88,29.64,50472.0,147441.216
300737.SZ,20260821,4.8,4.85,4.69,4.81,175186.45,84074.3899
300738.SZ,20260821,20.7,20.97,20.22,20.83,352431.66,728102.24879
300739.SZ,20260821,22.58,23.08,22.1,22.8,71529.47,162753.35499
300740.SZ,20260821,20.78,21.56,20.45,21.07,282881.24,593808.45602
300741.SZ,20260821,13.59,13.6,13.18,13.43,24938.73,33327.70548
300743.SZ,20260821,14.75,14.82,14.57,14.73,17284.0,25392.678
300745.SZ,20260821,28.46,29.53,27.99,28.97,48906.62,141226.56247
300746.SZ,20260821,13.38,13.56,13.0,13.5,41986.97,55587.18334
300747.SZ,20260821,35.11,37.8,34.63,36.63,194458.02,711511.89747
300748.SZ,20260821,27.11,27.68,26.91,27.57,187605.23,513230.54039
300749.SZ,20260821,23.76,24.57,23.07,23.94,66173.8,159219.1016
300750.SZ,20260821,386.0,397.83,383.05,391.15,204496.15,8013769.87235
300751.SZ,20260821,194.2,197.04,188.56,193.66,61199.44,1180698.36244
300752.SZ,20260821,10.9,11.29,10.76,11.2,102584.86,113764.89764
300753.SZ,20260821,22.87,23.01,21.84,22.15,67504.62,149616.31332
300755.SZ,20260821,11.26,11.26,10.97,11.11,24317.0,26962.515
300756.SZ,20260821,28.82,29.58,27.85,28.95,39866.6,115028.2816
300757.SZ,20260821,511.02,524.7,501.0,504.6,55078.11,2822376.85297
300758.SZ,20260821,10.72,10.79,10.42,10.78,43632.29,46593.92233
300759.SZ,20260821,48.93,49.8,47.19,47.98,928512.53,4492983.64759
300760.SZ,20260821,158.0,159.0,153.89,154.45,79711.03,1240797.63354
300761.SZ,20260821,18.66,18.96,18.53,18.77,75432.69,141530.24791
300762.SZ,20260821,28.44,29.07,28.11,28.49,202464.54,578435.82533
300763.SZ,20260821,60.68,64.19,60.32,63.16,103326.25,648549.41226
300765.SZ,20260821,47.88,51.47,47.6,49.0,604635.41,2962139.5632
300766.SZ,20260821,21.5,21.65,21.0,21.62,111537.43,238565.09628
300767.SZ,20260821,18.86,19.59,18.54,18.93,75803.35,144037.56051
300768.SZ,20260821,14.61,14.73,14.31,14.62,47060.32,68327.13751
300769.SZ,20260821,45.06,48.11,44.71,47.15,145426.31,682366.31212
300770.SZ,20260821,34.3,34.3,33.48,33.61,16976.31,57258.24518
300771.SZ,20260821,11.28,11.35,11.13,11.27,28497.94,32046.5477
300772.SZ,20260821,11.32,11.39,11.18,11.33,67058.36,75834.2895
300773.SZ,20260821,15.08,15.97,14.93,15.41,768162.81,1178637.52407
300774.SZ,20260821,11.08,11.18,10.76,11.16,68719.19,75671.021
300775.SZ,20260821,20.77,20.91,20.42,20.85,64396.25,133680.99219
300776.SZ,20260821,114.56,117.01,110.33,114.0,65768.51,748648.69649
300777.SZ,20260821,23.17,23.36,22.86,23.18,47343.66,109558.09966
300778.SZ,20260821,10.32,10.44,10.15,10.36,19566.54,20119.83804
300779.SZ,20260821,69.87,70.6,67.5,68.2,80953.31,558593.24486
300780.SZ,20260821,19.6,19.98,19.14,19.81,49354.84,97207.61382
300781.SZ,20260821,27.07,27.19,26.24,26.9,20968.78,55958.37318
300782.SZ,20260821,76.0,78.58,75.93,77.14,73662.68,568210.61543
300783.SZ,20260821,17.0,17.11,16.64,16.8,48328.0,81013.974
300784.SZ,20260821,40.66,41.12,39.87,40.95,7719.01,31279.08461
300785.SZ,20260821,36.06,36.34,35.23,35.8,44723.4,159509.3094
300786.SZ,20260821,15.31,15.69,15.16,15.57,55099.0,85446.99298
300787.SZ,20260821,10.06,10.18,9.89,10.04,48141.99,48214.56397
300788.SZ,20260821,23.96,24.12,23.15,23.9,60552.69,143088.22932
300789.SZ,20260821,17.42,17.49,17.1,17.39,28723.66,49697.3156
300790.SZ,20260821,19.31,20.65,19.0,20.2,263936.83,528398.19668
300791.SZ,20260821,17.0,17.02,16.45,16.54,26998.39,44846.69655
300792.SZ,20260821,23.3,23.38,22.8,23.28,35004.97,81020.58507
300793.SZ,20260821,10.81,11.02,10.66,11.0,40696.16,44341.01208
300795.SZ,20260821,13.92,14.06,13.4,13.7,241113.24,330317.7369
300796.SZ,20260821,6.7,6.74,6.57,6.7,35742.89,23764.68787
300797.SZ,20260821,14.54,14.66,14.23,14.5,78598.5,113170.86974
300798.SZ,20260821,7.1,7.14,6.94,7.13,94168.94,66645.3344
300800.SZ,20260821,10.08,10.11,9.82,10.0,29175.0,29062.463
300801.SZ,20260821,22.6,22.87,22.08,22.77,41602.23,94066.26722
300802.SZ,20260821,22.06,23.77,21.73,23.6,90240.0,205751.61048
300803.SZ,20260821,79.0,82.52,78.36,81.88,162209.45,1312906.61985
300804.SZ,20260821,43.29,43.99,42.35,43.15,7284.0,31186.246
300805.SZ,20260821,7.88,7.9,7.7,7.89,57257.01,44773.76489
300806.SZ,20260821,46.5,50.55,46.13,50.05,333285.61,1630736.53712
300807.SZ,20260821,35.15,36.15,34.89,35.92,8208.0,29205.436
300808.SZ,20260821,18.99,19.33,18.61,19.18,13860.0,26355.969
300809.SZ,20260821,23.62,23.95,23.3,23.75,37973.29,89875.76286
300810.SZ,20260821,23.5,24.04,23.15,23.93,12389.0,29333.048
300811.SZ,20260821,76.61,78.88,75.15,77.3,92326.17,714276.40159
300812.SZ,20260821,19.26,19.61,18.83,19.44,61349.6,118637.91958
300813.SZ,20260821,21.35,21.45,20.75,21.13,47335.52,99677.60248
300814.SZ,20260821,137.62,145.44,133.5,139.45,64928.28,909942.07782
300815.SZ,20260821,16.06,16.07,15.71,15.89,31512.25,49920.04071
300816.SZ,20260821,49.84,52.13,49.27,51.4,21021.61,106509.92191
300817.SZ,20260821,15.29,15.44,14.95,15.23,19952.9,30246.2573
300818.SZ,20260821,18.8,19.95,18.44,19.29,36211.78,69854.6082
300819.SZ,20260821,46.1,47.5,45.05,46.89,30900.0,144157.0397
300820.SZ,20260821,52.02,53.13,51.35,52.71,26199.92,137520.27448
300821.SZ,20260821,17.03,17.44,16.77,16.95,738145.6,1255854.51952
300822.SZ,20260821,11.47,11.52,11.25,11.42,23398.99,26626.44157
300823.SZ,20260821,14.93,15.2,14.63,15.05,23138.0,34533.233
300824.SZ,20260821,7.68,7.7,7.55,7.63,34926.56,26603.89722
300825.SZ,20260821,10.45,10.64,10.26,10.57,103409.51,108578.14637
300826.SZ,20260821,15.0,15.2,14.65,14.75,69038.58,102329.6578
300827.SZ,20260821,25.29,26.15,25.19,25.89,94751.31,244945.48717
300828.SZ,20260821,16.63,17.3,16.49,16.97,58628.0,98839.74
300829.SZ,20260821,15.01,15.09,14.75,15.04,36702.74,54660.98896
300830.SZ,20260821,8.17,8.18,7.82,8.01,65592.71,52192.87971
300831.SZ,20260821,14.27,14.45,13.97,14.08,47971.0,67820.993
300832.SZ,20260821,53.7,54.05,51.7,51.87,98063.67,516499.36289
300833.SZ,20260821,35.94,36.24,35.14,36.24,5538.65,19734.82195
300834.SZ,20260821,38.77,39.8,37.81,39.36,10076.43,39389.99474
300835.SZ,20260821,156.87,160.87,155.03,159.32,18726.72,296981.80066
300836.SZ,20260821,48.84,49.69,47.4,48.42,17902.46,86696.51632
300837.SZ,20260821,23.02,23.27,22.43,23.12,15792.39,36130.57568
300838.SZ,20260821,13.65,14.04,13.5,13.9,19884.0,27400.49
300839.SZ,20260821,10.37,12.47,10.32,12.47,190908.4,225948.95196
300840.SZ,20260821,18.78,19.17,18.65,18.96,56168.09,106223.60554
300841.SZ,20260821,56.15,59.27,55.68,56.5,121599.44,690292.38156
300842.SZ,20260821,61.0,63.2,59.99,62.6,30721.26,190396.14598
300843.SZ,20260821,145.35,145.79,137.68,139.5,94431.73,1328542.30601
300844.SZ,20260821,23.27,23.65,22.75,23.5,8680.96,20191.05883
300845.SZ,20260821,12.1,12.39,11.92,12.32,66306.82,80759.40686
300846.SZ,20260821,18.65,19.58,18.19,19.41,301297.83,569525.13759
300847.SZ,20260821,13.72,13.86,13.57,13.8,22985.0,31520.07794
300848.SZ,20260821,12.57,12.67,12.31,12.62,24866.88,31168.78492
300849.SZ,20260821,20.3,20.9,19.7,20.67,26877.0,54783.13
300850.SZ,20260821,25.29,25.65,24.85,25.28,61073.21,154332.84844
300851.SZ,20260821,24.01,24.4,23.74,24.4,9358.0,22550.161
300852.SZ,20260821,44.91,47.46,44.76,46.49,66214.22,306917.5058
300853.SZ,20260821,27.34,28.0,26.46,27.5,51719.34,140704.379
300854.SZ,20260821,17.93,18.06,17.38,17.8,48615.61,86165.77786
300855.SZ,20260821,32.16,34.02,31.75,33.82,116917.36,387345.64007
300856.SZ,20260821,11.0,11.0,10.76,10.93,54256.41,58934.84271
300857.SZ,20260821,244.9,253.0,244.03,247.41,113391.36,2815551.88819
300858.SZ,20260821,15.56,15.91,15.31,15.4,66074.1,102607.02066
300859.SZ,20260821,26.35,26.59,25.92,26.44,18606.55,48855.105
300860.SZ,20260821,27.0,27.25,26.6,27.23,11227.84,30190.38788
300861.SZ,20260821,16.69,16.95,16.47,16.8,81294.27,136206.4822
300863.SZ,20260821,41.32,43.53,41.06,42.88,68761.18,292113.96698
300864.SZ,20260821,20.51,24.3,20.5,24.1,100955.88,230377.87365
300865.SZ,20260821,28.08,29.5,27.88,28.84,67085.82,191884.97361
300866.SZ,20260821,116.2,119.69,116.0,118.5,26840.05,318507.59096
300867.SZ,20260821,17.35,18.8,17.34,18.18,159948.41,290955.49838
300868.SZ,20260821,84.85,91.66,82.22,88.0,34288.25,297569.63909
300869.SZ,20260821,11.6,11.66,11.35,11.52,48628.51,55882.71873
300870.SZ,20260821,208.0,216.68,204.03,210.69,61398.41,1291311.3139
300871.SZ,20260821,23.7,24.01,23.03,23.34,63128.67,147296.62432
300872.SZ,20260821,15.06,15.63,14.85,15.16,198407.21,300778.23321
300873.SZ,20260821,15.29,15.75,15.05,15.4,78846.6,121971.92229
300875.SZ,20260821,32.08,32.36,31.56,32.24,19504.99,62562.98456
300876.SZ,20260821,15.33,15.72,15.16,15.65,20669.01,31989.97839
300877.SZ,20260821,29.22,31.43,28.18,31.21,48048.05,143415.05935
300878.SZ,20260821,32.79,33.99,32.42,33.32,23913.0,79686.595
300879.SZ,20260821,16.59,16.82,16.38,16.63,17381.71,28867.14086
300880.SZ,20260821,19.17,19.56,19.0,19.46,16206.58,31211.6709
300881.SZ,20260821,33.04,33.21,32.26,33.04,10806.2,35479.82511
300882.SZ,20260821,14.27,14.45,14.08,14.4,14383.18,20547.67914
300883.SZ,20260821,6.39,6.62,6.34,6.55,178958.32,115638.2906
300884.SZ,20260821,12.23,12.41,12.15,12.35,38124.94,46745.42955
300885.SZ,20260821,19.8,19.89,19.26,19.89,26462.79,52086.86092
300886.SZ,20260821,24.8,24.85,23.85,24.54,22901.0,55672.405
300887.SZ,20260821,7.17,7.2,6.99,7.14,101233.0,71856.28
300888.SZ,20260821,29.85,29.85,28.86,29.02,37028.49,107974.62947
300889.SZ,20260821,21.04,21.4,20.52,21.21,27301.84,57401.10632
300890.SZ,20260821,26.1,26.82,25.68,26.78,39509.52,104535.1902
300891.SZ,20260821,7.14,7.31,7.08,7.29,53287.05,38405.43479
300892.SZ,20260821,22.88,23.11,22.31,22.64,22234.5,50148.0859
300893.SZ,20260821,15.15,15.16,14.78,14.95,26913.04,40118.27888
300894.SZ,20260821,11.0,11.3,10.88,11.15,49511.79,55101.10564
300895.SZ,20260821,52.13,53.3,50.85,52.49,61077.71,319076.54243
300896.SZ,20260821,97.25,98.0,92.32,92.36,51309.36,480594.5477
300897.SZ,20260821,15.88,15.88,15.49,15.81,18043.37,28349.07267
300898.SZ,20260821,21.03,21.37,20.52,20.71,24765.32,51426.54335
300899.SZ,20260821,29.06,29.31,28.28,29.15,4332.0,12544.9
300900.SZ,20260821,21.92,22.29,21.46,22.04,153925.24,338210.14744
300901.SZ,20260821,18.58,18.7,17.35,18.16,67303.0,120877.391
300902.SZ,20260821,15.91,16.07,15.3,15.91,33143.69,52242.99009
300903.SZ,20260821,77.42,79.98,75.0,78.62,232209.21,1811862.65877
300904.SZ,20260821,40.52,41.35,40.04,41.17,5328.96,21704.85768
300905.SZ,20260821,35.87,36.53,35.01,36.2,51715.58,186116.96288
300906.SZ,20260821,30.32,34.12,29.9,30.58,49661.79,158353.19828
300907.SZ,20260821,50.41,51.92,48.79,51.3,32372.0,163978.783
300908.SZ,20260821,24.8,24.93,24.28,24.51,21514.17,52615.42246
300909.SZ,20260821,55.19,55.4,52.2,54.79,47075.27,254910.41326
300910.SZ,20260821,26.6,26.6,25.15,25.15,76022.83,194367.24449
300911.SZ,20260821,24.22,24.78,23.58,24.39,161558.07,390434.89094
300912.SZ,20260821,19.12,19.78,18.55,19.69,43174.0,83060.806
300913.SZ,20260821,34.85,36.46,34.73,35.91,76707.05,274526.01483
300915.SZ,20260821,20.36,20.38,19.8,20.25,8289.0,16654.28892
300916.SZ,20260821,25.02,26.5,24.61,26.0,78044.36,202257.65793
300917.SZ,20260821,26.9,26.97,25.51,26.47,108151.75,282179.12656
300918.SZ,20260821,10.19,10.35,10.06,10.27,36212.8,37061.6722
300919.SZ,20260821,39.56,41.37,39.41,40.47,119728.95,485943.77564
300920.SZ,20260821,33.89,34.05,32.94,33.76,12764.3,42932.9699
300921.SZ,20260821,15.34,15.39,14.94,15.24,48216.56,73224.06944
300922.SZ,20260821,16.93,17.24,16.72,17.07,20771.0,35354.246
300923.SZ,20260821,24.68,24.82,24.04,24.7,8872.0,21680.271
300925.SZ,20260821,14.21,14.59,14.09,14.43,53591.0,77034.078
300926.SZ,20260821,17.39,17.39,17.1,17.19,23802.0,40948.13918
300927.SZ,20260821,25.94,29.98,24.63,27.01,225555.35,628114.75916
300928.SZ,20260821,25.22,25.39,24.75,25.13,9495.0,23892.356
300929.SZ,20260821,15.3,15.53,14.79,15.35,66452.4,100713.8024
300930.SZ,20260821,25.1,25.58,24.22,25.33,10490.0,26389.62908
300931.SZ,20260821,15.9,16.08,15.3,15.33,69605.98,108955.5116
300932.SZ,20260821,10.6,10.6,10.22,10.42,91326.47,95058.59854
300933.SZ,20260821,6.24,6.31,6.17,6.27,62694.93,39229.77204
300935.SZ,20260821,31.08,31.28,29.77,30.18,22819.24,69084.04408
300936.SZ,20260821,87.76,96.0,84.0,86.86,85013.5,760273.92961
300937.SZ,20260821,27.21,27.33,25.96,26.12,79986.51,211079.94014
300938.SZ,20260821,27.6,28.28,27.05,28.0,91553.5,254768.21099
300939.SZ,20260821,62.17,63.5,60.27,61.7,29362.29,181910.56777
300940.SZ,20260821,13.7,13.85,13.39,13.74,25988.92,35411.49583
300941.SZ,20260821,14.31,15.07,14.3,15.04,84638.46,125681.05933
300942.SZ,20260821,6.81,6.95,6.62,6.72,71765.8,48127.4594
300943.SZ,20260821,30.71,31.74,30.4,30.78,92717.69,287783.78275
300945.SZ,20260821,12.57,12.88,12.3,12.72,188226.86,236862.4246
300946.SZ,20260821,36.31,38.99,36.06,38.87,18326.03,68784.2383
300947.SZ,20260821,14.2,14.28,13.72,14.17,29808.24,41883.83708
300948.SZ,20260821,20.83,20.95,20.23,20.48,38358.0,78764.494
300949.SZ,20260821,22.52,22.59,21.82,22.45,9421.0,20956.02765
300950.SZ,20260821,16.62,16.78,16.24,16.71,12261.0,20302.454
300951.SZ,20260821,70.38,74.0,68.78,70.97,53955.33,384882.54381
300952.SZ,20260821,16.15,16.54,15.94,16.46,30255.9,49354.80228
300953.SZ,20260821,99.88,101.21,98.18,100.01,36378.36,363388.24503
300955.SZ,20260821,30.89,31.23,30.32,30.75,13770.0,42460.046
300956.SZ,20260821,11.01,11.17,10.81,11.16,32098.18,35436.59751
300957.SZ,20260821,32.1,32.1,31.5,31.68,47495.62,150704.3071
300958.SZ,20260821,12.05,12.49,12.0,12.47,67206.84,82378.42624
300959.SZ,20260821,93.18,94.35,90.4,94.06,17625.72,163987.67944
300960.SZ,20260821,16.24,16.48,15.91,16.37,14063.17,22833.8885
300961.SZ,20260821,11.4,11.58,11.32,11.57,41560.0,47589.088
300962.SZ,20260821,12.81,12.88,12.5,12.76,26961.34,34184.45212
300963.SZ,20260821,11.02,11.24,10.85,11.2,50052.2,55532.5718
300964.SZ,20260821,56.0,57.95,55.06,56.92,26685.4,151614.33656
300965.SZ,20260821,43.42,43.65,42.41,43.46,6311.0,27244.506
300966.SZ,20260821,25.7,26.06,25.05,25.17,21756.33,54949.36765
300967.SZ,20260821,16.72,16.75,16.1,16.45,99930.29,163164.09835
300968.SZ,20260821,10.17,10.4,9.97,10.31,68640.87,70171.94737
300969.SZ,20260821,71.5,75.68,70.88,73.55,14877.67,109461.47382
300970.SZ,20260821,20.5,20.53,18.75,19.18,300326.07,577699.76641
300971.SZ,20260821,18.82,18.95,18.25,18.8,24160.95,45075.3465
300972.SZ,20260821,200.98,201.78,197.89,201.06,10128.1,202544.16475
300973.SZ,20260821,24.81,24.91,24.18,24.44,37214.19,90971.7392
300975.SZ,20260821,25.35,25.94,24.66,25.6,321689.64,819076.01855
300976.SZ,20260821,60.0,60.05,57.1,58.0,74145.33,433080.14779
300977.SZ,20260821,16.2,16.5,15.73,16.38,16817.83,27106.62256
300978.SZ,20260821,8.59,8.59,8.41,8.54,24241.0,20586.988
300979.SZ,20260821,34.0,34.5,32.31,33.24,59613.3,197309.34477
300980.SZ,20260821,21.81,22.88,21.44,22.6,48225.18,107802.16462
300981.SZ,20260821,15.16,15.28,14.7,14.73,129786.64,192937.40337
300982.SZ,20260821,14.72,14.85,14.48,14.78,17239.0,25339.031
300983.SZ,20260821,39.98,40.27,39.0,39.94,7762.76,30824.00274
300984.SZ,20260821,30.71,32.4,30.67,32.24,29770.77,94541.86637
300985.SZ,20260821,39.8,39.9,38.02,39.55,41798.7,162568.11765
300986.SZ,20260821,12.1,12.18,11.7,11.9,246548.85,293120.2633
300987.SZ,20260821,13.15,13.31,13.01,13.24,22354.0,29402.145
300988.SZ,20260821,14.36,14.68,14.23,14.66,23243.24,33637.27588
300989.SZ,20260821,13.64,14.58,13.01,14.4,95787.48,135509.76346
300990.SZ,20260821,68.5,77.0,67.69,73.13,76258.06,555634.3177
300991.SZ,20260821,29.6,29.6,28.14,28.75,46313.41,133323.33417
300992.SZ,20260821,23.7,24.34,23.4,24.17,8159.04,19580.74584
300993.SZ,20260821,9.94,9.99,9.78,9.94,16644.8,16442.3288
300994.SZ,20260821,11.19,11.25,11.01,11.17,14663.0,16302.10709
300995.SZ,20260821,25.78,26.4,25.18,26.12,8451.81,21863.92858
300996.SZ,20260821,14.4,14.5,14.07,14.37,253848.39,363171.36531
300997.SZ,20260821,16.78,16.97,16.23,16.39,59946.79,98132.14269
300998.SZ,20260821,26.52,26.64,25.72,26.4,34302.0,89818.123
300999.SZ,20260821,25.4,25.46,24.95,25.01,111466.59,279601.67061
301000.SZ,20260821,23.51,23.98,23.25,23.89,26655.78,63190.9013
301001.SZ,20260821,23.68,24.06,23.12,23.69,8386.07,19711.84433
301002.SZ,20260821,27.07,28.5,27.07,27.96,75847.44,211439.37842
301003.SZ,20260821,55.23,56.64,54.8,55.96,16918.1,94410.53963
301004.SZ,20260821,34.55,34.55,33.36,33.76,6823.6,23021.8376
301005.SZ,20260821,71.26,74.74,70.13,73.01,138717.38,1009727.14872
301006.SZ,20260821,13.73,13.89,13.37,13.75,13708.0,18655.813
301007.SZ,20260821,26.54,27.16,26.1,27.16,19499.0,52018.135
301008.SZ,20260821,39.51,41.97,38.88,40.3,107548.27,434446.35525
301009.SZ,20260821,9.09,9.16,8.85,9.03,29819.08,26775.42316
301010.SZ,20260821,17.36,17.63,16.96,17.47,10988.0,19005.903
301011.SZ,20260821,15.02,15.08,14.62,14.8,15781.66,23348.39144
301012.SZ,20260821,24.98,25.46,24.77,25.25,56509.73,141849.3007
301013.SZ,20260821,40.84,42.85,40.55,41.96,187747.86,786522.27542
301015.SZ,20260821,25.75,25.99,25.07,25.86,109645.55,280663.5744
301016.SZ,20260821,11.8,12.08,11.46,11.96,31254.56,36926.6226
301017.SZ,20260821,13.24,13.31,12.84,13.2,68572.5,89755.10636
301018.SZ,20260821,85.23,93.09,85.23,89.6,145490.74,1308096.39625
301019.SZ,20260821,14.97,15.1,14.53,15.07,18263.93,27165.22223
301020.SZ,20260821,20.21,20.58,20.08,20.4,11613.0,23622.023
301021.SZ,20260821,75.06,77.61,72.17,75.8,101067.65,757680.64567
301022.SZ,20260821,22.0,23.18,22.0,23.12,13503.08,30709.19768
301023.SZ,20260821,29.28,29.72,28.56,29.31,10264.21,30007.14501
301024.SZ,20260821,31.48,31.76,30.61,31.46,6226.0,19481.111
301025.SZ,20260821,9.08,9.12,8.9,9.01,88916.56,80040.03176
301026.SZ,20260821,21.58,21.71,21.17,21.48,99667.94,214263.04035
301027.SZ,20260821,18.64,20.08,18.34,19.97,53405.9,103279.44199
301028.SZ,20260821,12.8,13.31,12.61,13.25,86453.65,112792.49189
301029.SZ,20260821,24.7,25.05,24.27,24.76,76426.0,189112.8373
301030.SZ,20260821,8.39,8.83,8.35,8.69,63445.0,55025.023
301031.SZ,20260821,88.92,92.86,88.33,92.78,21222.0,193864.10347
301032.SZ,20260821,9.99,10.05,9.81,10.04,24289.12,24136.41612
301033.SZ,20260821,59.88,61.13,56.74,56.82,31573.89,184763.36449
301035.SZ,20260821,52.21,52.78,51.79,52.48,10367.1,54290.8066
301036.SZ,20260821,22.07,22.37,21.59,22.33,8004.62,17659.1405
301037.SZ,20260821,13.01,13.72,12.7,13.51,25871.16,34241.11008
301038.SZ,20260821,15.95,15.96,15.5,15.89,16324.3,25711.6886
301039.SZ,20260821,8.03,8.04,7.89,7.98,121763.84,96765.76778
301040.SZ,20260821,26.57,27.61,26.1,27.33,15462.0,41689.59
301041.SZ,20260821,24.91,25.76,24.55,25.6,28827.0,72898.07756
301042.SZ,20260821,32.0,33.05,31.24,32.87,38410.8,124472.93742
301043.SZ,20260821,43.88,44.11,42.89,43.98,8775.69,38274.46155
301045.SZ,20260821,65.0,67.5,63.3,65.83,26488.63,173453.05609
301046.SZ,20260821,21.83,22.04,21.0,21.85,35509.59,76719.81501
301047.SZ,20260821,124.31,130.0,117.02,118.8,169421.11,2084355.92548
301048.SZ,20260821,9.13,9.77,8.93,9.46,128303.77,119855.41096
301049.SZ,20260821,19.98,20.4,19.45,20.3,12484.0,24948.039
301050.SZ,20260821,30.73,31.5,30.4,31.08,30911.0,96067.72826
301051.SZ,20260821,20.23,20.98,19.52,20.6,109476.62,221941.45982
301052.SZ,20260821,22.83,22.85,22.17,22.81,21235.76,47950.14396
301053.SZ,20260821,41.39,41.7,40.36,41.18,60624.2,248953.9332
301055.SZ,20260821,29.0,29.73,28.49,29.2,19925.94,58044.47484
301056.SZ,20260821,10.72,11.04,10.7,10.98,23444.0,25484.097
301057.SZ,20260821,21.4,21.7,20.96,21.55,17642.0,37734.985
301058.SZ,20260821,8.43,8.47,8.2,8.26,99499.0,82244.167
301059.SZ,20260821,11.31,11.38,11.12,11.3,19079.0,21423.022
301060.SZ,20260821,11.75,12.0,11.44,11.5,375993.08,438667.82642
301061.SZ,20260821,34.63,34.98,33.8,34.71,33913.43,116463.71292
301062.SZ,20260821,6.69,7.4,6.56,7.3,168334.5,118975.5815
301063.SZ,20260821,17.97,18.11,17.53,18.03,10854.0,19353.899
301065.SZ,20260821,19.43,19.43,18.71,19.18,14048.17,26646.80681
301066.SZ,20260821,12.01,12.02,11.73,11.93,24806.93,29468.97363
301067.SZ,20260821,28.88,29.67,28.28,29.25,17803.39,52003.01514
301068.SZ,20260821,27.99,28.02,26.81,27.02,11609.5,31595.2477
301069.SZ,20260821,16.04,16.35,15.81,16.26,38185.5,61764.1482
301070.SZ,20260821,63.81,70.27,62.53,69.07,50955.75,342206.36838
301071.SZ,20260821,58.38,60.19,57.19,59.19,101970.88,601328.0858
301072.SZ,20260821,42.54,43.43,40.8,43.43,28939.0,122236.62
301073.SZ,20260821,18.2,18.64,17.82,18.04,49260.47,88890.18768
301075.SZ,20260821,54.45,54.48,51.77,53.7,8994.39,47650.3363
301076.SZ,20260821,20.03,20.5,19.79,20.4,23659.24,47773.81888
301077.SZ,20260821,21.23,21.23,20.6,21.05,18896.03,39581.21755
301078.SZ,20260821,7.06,7.1,6.9,6.96,150638.67,104957.51492
301079.SZ,20260821,27.46,28.03,27.1,27.9,23661.51,65560.74134
301080.SZ,20260821,96.0,100.97,91.78,98.92,271970.43,2614848.64756
301081.SZ,20260821,13.37,13.56,12.9,13.38,90352.75,119956.28194
301082.SZ,20260821,9.43,9.54,9.19,9.46,64491.62,60745.80149
301083.SZ,20260821,13.9,14.13,13.72,14.03,12419.1,17317.7028
301085.SZ,20260821,57.99,58.48,55.86,58.39,44270.49,253780.12933
301086.SZ,20260821,118.6,126.52,116.2,123.89,26162.8,321591.18439
301087.SZ,20260821,49.57,49.99,47.96,48.03,16488.0,79971.3826
301088.SZ,20260821,12.77,12.77,12.32,12.48,12444.38,15471.00338
301089.SZ,20260821,24.25,24.94,24.0,24.2,73476.48,178910.08756
301090.SZ,20260821,6.77,6.86,6.69,6.8,112874.14,76285.95036
301091.SZ,20260821,18.4,18.5,17.93,18.23,47120.87,85712.96664
301092.SZ,20260821,44.44,45.36,43.26,44.45,19923.59,88262.96771
301093.SZ,20260821,80.45,83.9,78.76,81.99,89086.59,725594.74968
301095.SZ,20260821,73.63,75.58,72.65,74.31,40392.77,299628.90105
301096.SZ,20260821,49.88,50.1,48.8,49.77,24715.08,122380.683
301097.SZ,20260821,35.02,35.78,33.89,34.58,11413.7,39431.3134
301098.SZ,20260821,8.59,8.97,8.42,8.88,106447.24,93487.97294
301099.SZ,20260821,49.11,50.61,48.83,49.8,50898.41,253528.37427
301100.SZ,20260821,16.15,16.2,15.7,16.12,10687.0,17080.884
301101.SZ,20260821,29.44,29.85,28.98,29.45,18605.0,54716.165
301102.SZ,20260821,9.38,9.46,9.25,9.34,13351.65,12488.4318
301103.SZ,20260821,17.18,17.21,16.5,16.74,26964.3,45204.42494
301105.SZ,20260821,47.29,48.14,46.0,47.35,3768.0,17675.211
301106.SZ,20260821,22.54,24.11,20.28,23.35,180935.35,395349.50705
301107.SZ,20260821,19.84,20.25,19.4,20.11,13498.2,26852.8226
301108.SZ,20260821,36.75,40.0,36.0,37.79,17815.6,66968.2142
301109.SZ,20260821,13.46,13.52,13.3,13.33,29407.5,39281.1315
301110.SZ,20260821,35.09,35.09,34.19,34.9,13472.04,46683.994
301111.SZ,20260821,21.43,22.18,21.1,21.73,61971.55,134224.86232
301112.SZ,20260821,30.33,30.75,29.59,30.58,7758.0,23445.353
301113.SZ,20260821,16.61,16.84,16.14,16.66,13504.95,22273.41414
301115.SZ,20260821,31.18,31.18,28.35,29.92,61988.96,182775.26223
301116.SZ,20260821,9.5,9.5,9.12,9.33,107543.0,99678.77254
301117.SZ,20260821,17.48,17.88,17.17,17.72,48397.84,85356.11934
301118.SZ,20260821,21.93,22.45,21.71,22.36,17186.0,38115.388
301119.SZ,20260821,21.13,22.99,21.13,22.79,44052.53,98485.3568
301120.SZ,20260821,14.42,14.95,14.4,14.78,67301.33,99199.87394
301121.SZ,20260821,34.55,34.98,33.95,34.83,6418.57,22155.06585
301122.SZ,20260821,39.23,40.56,37.22,39.5,91875.24,360441.05871
301123.SZ,20260821,71.6,78.5,71.02,75.45,91533.55,691402.20689
301125.SZ,20260821,12.01,12.33,11.89,12.2,37966.44,46106.24782
301126.SZ,20260821,10.2,10.28,9.9,10.17,41310.75,41583.06966
301127.SZ,20260821,18.87,19.2,18.3,18.82,297741.07,555192.13578
301128.SZ,20260821,106.86,111.92,104.37,109.48,52216.43,568082.80586
301129.SZ,20260821,23.58,26.02,23.4,25.55,115622.87,291113.80134
301130.SZ,20260821,33.04,33.37,29.55,31.38,140439.16,430611.25112
301131.SZ,20260821,34.01,34.28,33.16,34.2,8094.58,27347.17718
301132.SZ,20260821,35.91,37.49,35.51,36.64,43268.22,157725.75367
301133.SZ,20260821,27.3,28.46,26.76,28.18,25074.29,70071.13464
301135.SZ,20260821,16.75,16.92,16.43,16.88,13580.03,22727.37898
301136.SZ,20260821,11.27,11.45,11.09,11.37,37901.0,42804.666
301137.SZ,20260821,31.2,31.65,30.79,31.5,22488.9,70489.20579
301138.SZ,20260821,26.67,26.97,26.46,26.73,8446.96,22629.59855
301139.SZ,20260821,3.59,3.65,3.37,3.4,115663.0,40249.102
301141.SZ,20260821,40.26,41.2,39.76,41.16,16443.82,67004.53732
301148.SZ,20260821,51.21,51.93,50.08,51.89,8133.0,41619.69388
301149.SZ,20260821,7.79,7.83,7.62,7.8,41855.26,32425.16898
301150.SZ,20260821,37.76,40.18,37.2,39.45,142389.08,557102.00926
301151.SZ,20260821,16.28,16.34,15.95,16.25,19480.0,31515.14993
301152.SZ,20260821,18.85,19.53,18.68,19.43,28532.0,54852.12487
301153.SZ,20260821,16.82,17.1,16.55,16.95,27109.06,45679.9815
301155.SZ,20260821,42.49,42.49,41.7,42.03,18666.75,78379.48977
301156.SZ,20260821,11.76,11.8,11.41,11.74,94534.17,109797.73365
301157.SZ,20260821,63.35,63.49,60.39,62.95,8347.48,52227.46159
301158.SZ,20260821,15.25,15.62,15.06,15.35,65562.99,100968.83822
301159.SZ,20260821,32.0,32.5,31.47,31.86,19479.97,62009.85378
301160.SZ,20260821,44.0,45.7,43.18,45.42,41391.81,185371.38751
301161.SZ,20260821,27.92,29.0,27.56,28.49,25059.39,70690.13016
301162.SZ,20260821,36.78,36.88,36.11,36.27,16530.58,60142.75194
301163.SZ,20260821,23.27,23.71,22.86,23.64,11022.0,25706.798
301165.SZ,20260821,122.99,129.46,122.7,126.97,230411.45,2922812.32256
301166.SZ,20260821,33.83,34.29,30.03,30.64,107290.78,336265.24086
301167.SZ,20260821,13.99,14.44,13.75,14.37,23022.61,32600.43334
301168.SZ,20260821,41.75,43.2,40.88,42.73,14341.78,60758.39258
301169.SZ,20260821,51.59,52.44,49.93,52.02,10072.07,51929.87832
301170.SZ,20260821,22.99,23.15,22.53,22.93,6293.96,14383.0872
301171.SZ,20260821,35.98,36.85,34.62,36.34,535023.35,1923549.06021
301172.SZ,20260821,17.4,17.58,16.98,17.54,36573.32,63592.45736
301173.SZ,20260821,31.87,32.17,31.09,32.04,5745.17,18129.49426
301175.SZ,20260821,5.42,5.46,5.36,5.44,102729.0,55555.353
301176.SZ,20260821,45.35,47.99,44.29,46.85,49641.76,230481.37821
301177.SZ,20260821,23.22,23.86,22.51,23.19,30942.55,71399.36822
301178.SZ,20260821,36.32,36.32,34.27,34.85,32893.98,114459.26884
301179.SZ,20260821,19.93,20.22,19.65,20.02,19811.85,39491.25107
301180.SZ,20260821,11.55,11.78,11.32,11.73,26812.22,31015.0363
301181.SZ,20260821,22.52,22.95,22.04,22.8,11916.08,26817.7509
301182.SZ,20260821,65.39,70.18,63.7,68.1,24769.56,167565.8243
301183.SZ,20260821,227.23,268.88,226.55,242.41,115816.32,2898747.22382
301185.SZ,20260821,16.26,16.4,16.01,16.3,13817.95,22405.89356
301186.SZ,20260821,34.0,34.49,33.21,34.42,9668.65,32862.72772
301187.SZ,20260821,14.71,14.79,14.41,14.65,12406.84,18116.48772
301188.SZ,20260821,38.24,39.78,37.03,39.0,142277.31,549003.67738
301189.SZ,20260821,50.95,53.18,49.9,52.9,37877.54,195701.03542
301190.SZ,20260821,19.65,20.6,18.5,19.74,130092.4,253511.60778
301191.SZ,20260821,89.91,94.65,89.11,92.95,40286.69,374044.32482
301192.SZ,20260821,19.86,20.12,19.48,19.94,11336.0,22439.005
301193.SZ,20260821,18.1,18.19,17.75,18.06,18652.0,33598.606
301195.SZ,20260821,26.2,26.42,25.88,26.4,6168.24,16169.63024
301196.SZ,20260821,88.0,90.9,86.0,87.37,73238.47,645040.45819
301197.SZ,20260821,24.65,26.28,23.81,25.38,49966.16,127023.49002
301198.SZ,20260821,12.25,12.57,12.02,12.43,27832.0,34238.597
301199.SZ,20260821,17.73,17.88,17.35,17.81,12356.4,21835.442
301200.SZ,20260821,286.9,292.99,281.16,282.01,27797.69,793462.71002
301201.SZ,20260821,36.51,37.92,35.77,35.8,156233.79,571285.31802
301202.SZ,20260821,36.55,40.28,35.35,39.77,55392.56,212774.16797
301203.SZ,20260821,34.18,34.29,33.15,34.12,5867.57,19837.60603
301205.SZ,20260821,300.01,320.1,292.36,302.8,91731.89,2797866.04404
301206.SZ,20260821,24.5,24.57,23.84,23.94,19093.5,45964.18796
301207.SZ,20260821,18.55,18.99,17.67,17.85,221527.3,400390.29258
301208.SZ,20260821,29.2,29.9,28.92,29.85,14065.0,41506.04099
301209.SZ,20260821,59.29,60.5,58.0,59.76,21044.54,124853.05617
301210.SZ,20260821,24.0,24.35,23.62,24.06,32130.25,77303.6315
301211.SZ,20260821,12.9,13.0,12.04,12.47,352274.36,438375.03322
301212.SZ,20260821,23.61,25.98,22.9,24.87,76523.01,187291.71251
301213.SZ,20260821,42.84,43.78,42.25,43.62,9601.82,41414.19202
301215.SZ,20260821,5.11,5.25,5.03,5.22,114283.15,58939.05549
301216.SZ,20260821,16.41,16.76,16.12,16.51,108118.5,177936.47026
301217.SZ,20260821,112.22,115.92,110.08,114.8,273594.25,3115052.43224
301218.SZ,20260821,40.51,42.58,39.96,42.27,56366.36,234466.21804
301219.SZ,20260821,46.5,47.42,44.6,46.81,132280.71,609325.48151
301220.SZ,20260821,27.44,27.85,27.12,27.67,7797.58,21437.20766
301221.SZ,20260821,26.75,27.37,26.1,27.23,16478.86,44285.5563
301222.SZ,20260821,24.45,24.68,23.81,24.58,12474.2,30369.7002
301223.SZ,20260821,16.66,16.79,16.35,16.54,9326.88,15390.81155
301225.SZ,20260821,55.88,60.71,55.8,58.7,34089.79,198304.87579
301226.SZ,20260821,28.57,28.93,28.15,28.65,11548.2,33068.1268
301227.SZ,20260821,28.59,30.67,27.6,30.4,41482.59,122875.82272
301228.SZ,20260821,56.92,59.24,55.6,58.82,18211.78,105304.3894
301229.SZ,20260821,12.02,12.21,11.78,12.11,25707.61,30894.51365
301230.SZ,20260821,36.18,36.48,34.86,35.72,238624.51,853706.84048
301231.SZ,20260821,27.71,28.08,26.65,27.09,38001.0,102896.055
301232.SZ,20260821,102.0,106.55,99.0,103.36,82860.02,852573.73673
301233.SZ,20260821,32.45,33.23,32.16,33.07,6864.4,22593.672
301234.SZ,20260821,90.55,96.55,88.0,96.1,28191.18,262043.48569
301235.SZ,20260821,43.62,44.7,42.86,43.35,66399.41,289929.2908
301236.SZ,20260821,36.97,37.51,36.58,37.18,125196.59,464094.08869
301237.SZ,20260821,53.05,53.96,51.72,53.76,9187.0,48859.351
301238.SZ,20260821,15.86,16.1,15.58,15.9,89538.59,142143.78357
301239.SZ,20260821,34.47,35.8,34.4,35.0,27684.86,97173.4473
301246.SZ,20260821,21.0,21.56,20.57,21.11,77698.85,163603.0976
301248.SZ,20260821,61.95,62.28,59.81,61.45,35244.18,216026.3551
301251.SZ,20260821,48.99,49.18,46.0,47.75,71328.31,341446.68585
301252.SZ,20260821,32.91,34.35,32.55,34.02,28045.61,94335.10738
301255.SZ,20260821,20.1,20.47,19.88,20.36,9155.33,18523.15155
301256.SZ,20260821,10.0,10.09,9.83,10.09,32778.93,32741.85879
301257.SZ,20260821,51.5,53.11,48.1,48.52,58568.19,289991.1071
301258.SZ,20260821,26.74,26.74,25.8,26.49,12116.94,31715.28346
301259.SZ,20260821,23.4,23.7,23.02,23.3,57728.71,134379.55032
301260.SZ,20260821,13.28,13.54,13.18,13.47,15508.08,20782.49676
301261.SZ,20260821,54.83,55.6,53.6,55.29,16104.78,88281.17583
301262.SZ,20260821,18.8,18.82,18.43,18.57,37954.61,70512.79529
301263.SZ,20260821,19.56,19.72,19.02,19.03,54210.6,104153.89838
301265.SZ,20260821,19.59,19.9,19.19,19.73,42779.62,84012.10136
301266.SZ,20260821,23.16,23.6,22.58,23.45,61571.2,143038.32702
301267.SZ,20260821,16.42,16.58,15.98,16.04,49453.5,79964.355
301268.SZ,20260821,13.12,13.28,12.92,13.2,22059.81,28984.18101
301269.SZ,20260821,94.99,96.69,94.32,95.2,50799.35,485021.07256
301270.SZ,20260821,31.76,32.2,31.13,32.1,21480.34,67952.17662
301272.SZ,20260821,34.22,34.63,33.38,34.35,5905.0,20129.055
301273.SZ,20260821,38.38,40.67,37.4,40.13,31062.15,121312.7027
301275.SZ,20260821,41.06,41.65,40.64,41.44,29926.45,123653.8916
301276.SZ,20260821,20.9,20.9,20.0,20.21,23229.08,47027.5813
301277.SZ,20260821,10.9,10.98,10.55,10.59,109016.75,116424.93005
301278.SZ,20260821,27.21,27.86,26.85,27.83,8608.23,23663.98526
301279.SZ,20260821,20.2,20.47,19.65,20.39,13357.2,26928.9605
301280.SZ,20260821,42.45,43.2,41.35,42.18,17626.9,74404.1123
301281.SZ,20260821,43.48,44.68,42.92,44.06,22710.21,99672.15124
301282.SZ,20260821,36.58,36.9,35.23,35.77,237237.56,848681.44921
301283.SZ,20260821,26.05,26.48,25.53,26.01,10719.04,27809.39074
301285.SZ,20260821,87.5,88.3,83.88,87.78,24124.14,209404.64507
301286.SZ,20260821,42.65,44.35,42.4,43.06,14663.9,63646.36558
301287.SZ,20260821,39.8,40.79,38.77,40.62,8886.0,35382.70601
301288.SZ,20260821,17.02,17.24,16.86,17.0,19379.0,32966.689
301289.SZ,20260821,42.7,43.17,41.85,43.07,5852.38,24922.63894
301290.SZ,20260821,29.3,29.32,28.63,29.07,18666.5,54222.2265
301291.SZ,20260821,37.0,38.5,36.81,38.04,53621.33,202842.20729
301292.SZ,20260821,65.29,69.08,64.45,66.68,95984.09,640091.52625
301293.SZ,20260821,52.12,52.45,51.0,51.97,61192.72,316632.86791
301295.SZ,20260821,37.5,40.13,37.4,38.47,20315.0,77641.284
301296.SZ,20260821,6.39,6.41,6.29,6.36,24671.0,15664.377
301297.SZ,20260821,34.59,35.41,34.01,34.96,91650.52,319559.0438
301298.SZ,20260821,12.71,12.97,12.51,12.92,14189.98,18117.9326
301299.SZ,20260821,43.6,44.3,42.88,43.41,8396.83,36388.36188
301300.SZ,20260821,32.2,32.36,31.45,32.23,4459.0,14263.589
301301.SZ,20260821,9.25,9.3,8.88,9.02,261826.31,235351.34051
301302.SZ,20260821,21.57,21.86,21.1,21.66,30638.64,66165.22686
301303.SZ,20260821,13.91,14.12,13.73,14.01,31667.0,43999.7784
301305.SZ,20260821,24.27,24.64,23.68,24.4,57315.16,138397.15543
301306.SZ,20260821,86.12,89.67,85.06,88.98,37957.82,334466.4988
301307.SZ,20260821,51.35,53.09,50.66,52.71,49887.14,261271.66276
301308.SZ,20260821,379.02,382.9,373.62,380.66,104664.32,3971121.80485
301309.SZ,20260821,29.71,29.94,29.31,29.66,8054.97,23904.72371
301310.SZ,20260821,51.38,53.15,50.5,52.62,59521.58,308170.13243
301311.SZ,20260821,13.28,13.51,13.06,13.48,14300.0,19061.132
301312.SZ,20260821,68.53,72.05,67.77,70.03,39869.1,280052.61895
301313.SZ,20260821,33.38,34.35,32.75,34.08,36917.91,124789.82501
301314.SZ,20260821,42.84,43.69,41.9,43.44,5663.8,24300.539
301315.SZ,20260821,39.65,41.08,39.39,40.59,26095.46,104938.8297
301316.SZ,20260821,38.84,39.65,38.34,39.18,74401.78,289996.3705
301317.SZ,20260821,42.34,43.93,41.28,43.16,18568.05,79636.95945
301318.SZ,20260821,20.65,20.78,20.33,20.65,7264.0,14957.0756
301319.SZ,20260821,112.31,116.56,108.2,110.15,108646.03,1216806.06777
301320.SZ,20260821,13.12,13.27,12.91,13.19,19420.88,25499.35534
301321.SZ,20260821,37.17,41.15,36.45,39.07,77783.07,304610.728
301322.SZ,20260821,39.52,41.88,39.18,41.84,41133.73,169509.83001
301323.SZ,20260821,70.0,74.6,70.0,72.98,18092.81,131457.78671
301325.SZ,20260821,29.43,30.38,29.19,30.14,11270.0,33802.0384
301326.SZ,20260821,109.36,114.57,106.15,109.72,20296.29,224266.79496
301327.SZ,20260821,43.37,43.97,43.07,43.72,6902.26,30109.0834
301328.SZ,20260821,58.88,60.41,57.41,59.0,20794.27,122523.27401
301329.SZ,20260821,19.3,19.48,18.91,19.32,23010.8,44301.4226
301330.SZ,20260821,24.18,24.25,23.66,23.9,13924.06,33224.11934
301331.SZ,20260821,22.33,22.78,21.86,22.13,19887.78,44083.30065
301332.SZ,20260821,7.88,7.88,7.72,7.81,22634.97,17620.83241
301333.SZ,20260821,59.91,61.08,58.25,58.75,28503.36,169238.20298
301335.SZ,20260821,24.1,24.68,23.16,24.55,50160.5,120408.44276
301336.SZ,20260821,42.0,42.54,41.3,42.19,7879.8,33005.3103
301337.SZ,20260821,26.12,26.56,25.7,26.38,12500.42,32728.47518
301338.SZ,20260821,96.0,102.3,93.81,101.51,63428.89,631836.76618
301339.SZ,20260821,10.91,10.98,10.75,10.95,26492.93,28769.26269
301345.SZ,20260821,248.0,251.25,243.3,250.17,7101.04,175511.22064
301348.SZ,20260821,20.5,20.94,20.34,20.85,66456.67,137918.79172
301349.SZ,20260821,43.49,44.7,42.36,44.39,32913.39,144428.47572
301353.SZ,20260821,19.09,19.19,18.53,19.03,13442.19,25399.27976
301355.SZ,20260821,10.08,10.15,9.92,10.09,19179.24,19231.54596
301356.SZ,20260821,19.67,20.15,19.3,19.98,14790.48,29300.96973
301357.SZ,20260821,89.82,89.82,87.2,88.68,20004.58,176945.8857
301358.SZ,20260821,65.9,70.7,64.1,67.28,325711.35,2197166.8889
301359.SZ,20260821,16.71,16.88,16.37,16.76,14001.05,23267.95805
301360.SZ,20260821,57.49,58.47,55.18,57.14,71184.16,404758.02551
301361.SZ,20260821,26.28,26.78,26.16,26.51,7165.09,18935.7935
301362.SZ,20260821,119.0,123.2,115.56,120.37,22670.22,272116.0873
301363.SZ,20260821,16.83,17.58,16.43,16.86,162854.34,275115.63805
301365.SZ,20260821,38.09,39.5,37.4,39.18,29755.13,115653.76374
301366.SZ,20260821,57.5,58.34,55.76,56.38,90807.3,514529.15861
301367.SZ,20260821,43.76,43.88,42.64,43.62,12764.63,55364.22086
301368.SZ,20260821,39.63,40.11,38.7,39.94,12328.68,48666.15957
301369.SZ,20260821,132.9,137.56,130.75,134.5,16297.68,219432.6299
301370.SZ,20260821,8.97,8.97,8.67,8.82,40116.0,35273.432
301371.SZ,20260821,23.17,23.3,22.24,22.29,70089.85,157865.39609
301372.SZ,20260821,30.13,30.13,29.06,29.72,10558.0,31250.993
301373.SZ,20260821,97.4,102.0,92.84,98.36,57258.18,559277.68311
301376.SZ,20260821,20.6,20.68,20.05,20.37,15643.0,31746.57686
301377.SZ,20260821,413.97,425.78,404.11,416.5,29637.93,1232890.2126
301378.SZ,20260821,24.49,24.87,24.09,24.6,14626.59,35792.15202
301379.SZ,20260821,21.56,22.5,21.14,22.04,131404.2,287407.81508
301380.SZ,20260821,30.26,30.46,29.32,30.15,27531.86,82424.24519
301381.SZ,20260821,23.33,23.41,22.51,22.81,42767.0,97932.53
301382.SZ,20260821,42.09,42.69,40.5,40.91,99437.3,410333.82416
301383.SZ,20260821,22.26,22.55,21.86,22.43,12460.2,27751.01412
301386.SZ,20260821,20.2,20.44,19.93,20.23,6352.49,12817.7117
301387.SZ,20260821,55.96,59.5,54.41,58.02,25839.62,148866.8393
301388.SZ,20260821,23.8,24.08,23.44,23.81,6662.89,15839.56059
301389.SZ,20260821,52.78,56.55,52.38,56.13,131691.88,720877.51219
301390.SZ,20260821,31.0,31.44,30.38,31.3,4931.0,15249.684
301391.SZ,20260821,46.03,47.74,46.03,47.48,8622.5,40581.80786
301392.SZ,20260821,159.58,173.88,156.59,168.52,43273.0,722556.7624
301393.SZ,20260821,68.39,68.8,64.9,65.43,36868.04,243694.66374
301395.SZ,20260821,12.21,12.36,11.86,12.26,27397.12,33393.47392
301396.SZ,20260821,185.07,190.24,180.42,186.06,125255.35,2325301.31032
301397.SZ,20260821,25.26,25.57,24.54,25.41,32788.07,82410.82033
301398.SZ,20260821,31.17,31.52,30.53,31.41,8534.07,26619.56257
301399.SZ,20260821,17.07,17.37,16.68,17.34,18828.91,32211.71161
301408.SZ,20260821,15.98,16.0,15.4,15.49,137369.4,214027.79757
301413.SZ,20260821,61.64,63.6,60.84,62.09,29590.53,184080.22626
301418.SZ,20260821,37.1,37.75,36.68,37.61,12692.0,47335.438
301419.SZ,20260821,39.8,40.95,38.22,40.39,94637.04,375903.04623
301421.SZ,20260821,76.24,78.87,74.47,76.8,37566.52,289078.56905
301428.SZ,20260821,28.15,28.34,27.51,28.14,17374.4,48685.12405
301429.SZ,20260821,17.25,17.41,16.88,17.29,10332.0,17770.051
301439.SZ,20260821,14.75,14.97,14.57,14.88,35704.84,52760.03692
301446.SZ,20260821,35.55,36.17,34.51,36.16,10105.0,35769.0122
301448.SZ,20260821,41.8,41.98,40.28,41.52,10934.1,45014.9338
301449.SZ,20260821,39.8,41.08,38.45,41.0,23482.53,93738.86862
301456.SZ,20260821,22.9,23.12,22.56,23.02,7537.0,17246.287
301458.SZ,20260821,37.72,38.74,37.03,37.9,51793.23,196437.5011
301459.SZ,20260821,31.01,31.48,30.51,31.35,15862.43,48981.05183
301468.SZ,20260821,32.83,33.83,32.4,33.68,29361.09,97951.41645
301469.SZ,20260821,28.75,28.75,28.01,28.42,7347.0,20795.329
301479.SZ,20260821,48.02,48.88,47.02,48.28,15357.02,73911.49259
301486.SZ,20260821,171.0,183.6,168.01,173.1,59078.34,1039595.25762
301487.SZ,20260821,15.87,16.36,15.71,16.2,81768.63,131649.77084
301488.SZ,20260821,95.97,98.0,94.6,97.32,9066.22,87768.5424
301489.SZ,20260821,101.9,108.8,99.8,105.25,53217.29,559478.99665
301491.SZ,20260821,39.63,39.7,38.85,39.21,5456.99,21376.11308
301498.SZ,20260821,39.2,39.2,38.22,38.41,33898.12,130324.21609
301499.SZ,20260821,24.69,24.78,23.83,24.64,12360.44,30179.37752
301500.SZ,20260821,22.51,23.28,22.33,23.15,113326.74,259148.49108
301501.SZ,20260821,28.89,28.91,28.01,28.1,16768.62,47219.37353
301502.SZ,20260821,51.31,51.91,49.65,51.71,6757.0,34425.763
301503.SZ,20260821,22.35,22.35,21.53,22.07,9035.0,19757.2765
301505.SZ,20260821,16.51,16.54,16.06,16.47,13359.76,21790.0964
301507.SZ,20260821,13.15,13.17,12.79,12.88,46147.88,59677.3449
301508.SZ,20260821,23.81,23.84,23.33,23.69,7292.38,17166.40046
301509.SZ,20260821,31.28,31.48,30.16,30.82,62069.48,190796.48882
301510.SZ,20260821,26.24,26.39,25.73,26.16,48684.0,127154.059
301511.SZ,20260821,88.41,92.5,85.0,90.64,275560.82,2467029.87628
301512.SZ,20260821,31.29,31.35,30.21,31.16,8889.6,27440.6654
301513.SZ,20260821,47.5,48.63,46.9,48.56,7303.43,35083.6165
301515.SZ,20260821,19.52,19.61,19.0,19.52,14212.94,27428.94542
301516.SZ,20260821,24.9,26.27,23.75,24.22,191769.6,468404.35015
301517.SZ,20260821,38.3,38.73,37.39,38.38,19953.47,76315.96552
301518.SZ,20260821,25.48,25.65,25.0,25.44,15593.97,39614.613
301519.SZ,20260821,12.11,12.12,11.8,12.05,26295.19,31490.23886
301520.SZ,20260821,71.52,73.48,67.36,71.15,113704.3,793862.4682
301522.SZ,20260821,22.5,22.92,22.27,22.76,31280.0,71006.8
301525.SZ,20260821,39.58,39.92,38.85,39.74,5635.45,22234.57721
301526.SZ,20260821,32.49,32.85,31.13,32.43,1259449.87,4052831.74641
301528.SZ,20260821,54.78,56.41,53.08,56.06,16128.34,88910.69227
301529.SZ,20260821,100.0,107.6,97.66,107.31,52824.8,552169.97714
301531.SZ,20260821,49.52,50.32,48.75,49.85,18582.63,92257.34425
301533.SZ,20260821,26.88,27.2,26.3,26.94,8177.56,21873.03895
301535.SZ,20260821,14.38,14.97,13.95,14.7,46327.33,67325.22398
301536.SZ,20260821,116.91,119.3,115.5,117.1,83884.74,981838.22731
301538.SZ,20260821,37.24,38.35,36.91,38.0,21593.6,81754.53242
301539.SZ,20260821,14.72,14.76,14.28,14.6,9199.0,13370.309
301548.SZ,20260821,61.8,63.13,60.5,61.91,12099.61,74939.31974
301550.SZ,20260821,82.77,89.5,82.77,88.22,127644.59,1109684.26161
301551.SZ,20260821,20.1,20.12,19.7,20.03,43652.0,87040.061
301552.SZ,20260821,24.89,24.89,24.1,24.39,12614.94,30740.26098
301555.SZ,20260821,30.46,31.19,29.88,31.0,13060.0,40247.257
301556.SZ,20260821,59.21,59.75,57.0,58.0,21085.59,121909.01632
301557.SZ,20260821,86.1,88.0,84.5,86.8,12405.48,106840.04964
301558.SZ,20260821,6.61,6.61,6.45,6.57,46757.59,30438.11784
301559.SZ,20260821,13.04,13.09,12.9,13.05,10742.88,13977.01275
301560.SZ,20260821,22.49,22.74,21.88,22.64,11463.08,25743.42392
301563.SZ,20260821,122.1,123.5,119.31,122.83,13502.03,164932.69806
301565.SZ,20260821,19.32,19.72,19.23,19.69,27429.6,53639.28787
301566.SZ,20260821,25.16,26.05,24.68,25.6,180604.11,461276.68731
301567.SZ,20260821,35.51,36.07,34.91,35.8,9144.62,32434.71437
301568.SZ,20260821,69.17,73.3,67.51,72.9,31460.23,223257.61392
301571.SZ,20260821,65.7,67.12,63.8,65.52,26114.33,171326.2111
301575.SZ,20260821,26.03,26.03,25.2,25.58,7476.29,19061.5297
301577.SZ,20260821,55.4,57.77,53.27,56.61,18761.64,105002.14764
301578.SZ,20260821,22.84,22.92,22.35,22.75,7318.43,16542.67038
301580.SZ,20260821,49.43,52.3,48.91,51.34,46966.91,238469.68417
301581.SZ,20260821,36.36,37.42,35.95,37.2,6672.1,24680.7859
301583.SZ,20260821,129.04,135.96,128.0,130.11,56953.1,751932.35856
301584.SZ,20260821,22.98,23.09,21.96,22.05,47366.66,105240.23728
301585.SZ,20260821,26.28,27.14,25.95,26.9,8869.02,23563.74882
301586.SZ,20260821,31.01,31.32,30.62,31.23,4997.12,15491.54803
301587.SZ,20260821,20.71,21.19,20.53,21.17,20037.45,41975.14287
301588.SZ,20260821,27.28,28.12,26.7,27.5,38604.79,105822.89791
301589.SZ,20260821,136.0,137.9,135.28,136.9,4338.83,59282.71991
301590.SZ,20260821,73.55,74.7,72.09,74.48,3796.45,28048.68098
301591.SZ,20260821,31.48,37.78,30.51,37.78,111304.99,381200.70718
301592.SZ,20260821,105.64,106.43,103.01,104.2,7416.0,77787.68739
301595.SZ,20260821,38.75,38.99,37.61,38.6,7046.47,27094.10826
301596.SZ,20260821,47.24,48.47,46.61,48.25,15769.32,75315.28654
301598.SZ,20260821,47.49,47.87,46.81,47.37,3431.03,16227.1362
301599.SZ,20260821,34.0,36.21,33.6,34.08,56362.61,194267.55584
301600.SZ,20260821,83.79,85.75,82.12,85.0,7746.45,65497.22455
301601.SZ,20260821,16.05,16.23,15.88,16.16,10031.61,16105.40342
301602.SZ,20260821,17.63,17.75,16.55,16.64,115775.93,194258.62148
301603.SZ,20260821,122.5,123.52,117.07,120.01,18781.0,226272.844
301606.SZ,20260821,50.33,51.45,50.03,50.59,17712.0,89803.98311
301607.SZ,20260821,43.3,44.87,42.66,44.86,93555.05,409923.56459
301608.SZ,20260821,47.0,47.0,45.55,46.75,10505.65,48605.86316
301609.SZ,20260821,32.06,32.54,31.83,32.28,14981.97,48318.83912
301611.SZ,20260821,99.91,101.8,95.64,98.27,107779.5,1060395.1065
301613.SZ,20260821,36.95,37.43,36.61,36.99,8463.0,31340.059
301616.SZ,20260821,34.3,34.73,33.87,34.48,3408.0,11726.783
301617.SZ,20260821,48.99,50.18,48.23,49.5,21057.6,104078.05804
301618.SZ,20260821,33.5,33.77,31.88,33.2,24595.66,80752.17488
301622.SZ,20260821,40.24,40.52,39.68,40.29,7967.77,31999.8584
301626.SZ,20260821,253.0,263.0,248.8,255.89,15158.38,387349.3011
301628.SZ,20260821,91.0,91.66,87.58,90.7,20511.84,184042.68849
301629.SZ,20260821,248.0,260.18,246.06,255.01,8437.95,214504.45989
301630.SZ,20260821,164.38,168.94,162.02,166.22,9269.74,153673.0128
301631.SZ,20260821,66.58,68.52,65.28,66.83,26340.12,175997.3107
301632.SZ,20260821,14.1,14.1,13.83,13.87,34159.43,47458.32214
301633.SZ,20260821,54.25,55.73,53.56,55.09,6431.89,35081.47407
301636.SZ,20260821,38.84,40.5,38.42,40.02,8938.72,35383.28288
301638.SZ,20260821,22.0,22.25,21.8,22.23,50429.81,111574.98732
301655.SZ,20260821,28.5,29.1,26.57,26.6,281001.2,779564.95395
301656.SZ,20260821,16.75,16.75,16.47,16.58,25632.71,42434.20779
301658.SZ,20260821,23.34,23.9,23.29,23.7,25154.65,59503.716
301662.SZ,20260821,66.48,68.35,65.11,67.78,13676.54,91833.86597
301665.SZ,20260821,23.68,24.26,23.15,24.01,35079.63,83306.3101
301666.SZ,20260821,415.0,423.87,409.0,422.66,18096.3,757415.47437
301667.SZ,20260821,62.39,63.67,60.98,63.2,17123.37,107481.22827
301668.SZ,20260821,35.33,35.33,33.5,33.85,16386.56,55874.75716
301669.SZ,20260821,27.49,28.22,27.2,27.97,37347.63,104112.79705
301677.SZ,20260821,55.0,55.58,54.23,55.03,22645.1,124351.70582
301678.SZ,20260821,44.13,45.07,43.3,44.47,28469.37,126171.21696
301680.SZ,20260821,92.47,94.21,90.12,93.79,8325.64,77148.03167
301682.SZ,20260821,123.0,125.19,121.02,123.4,12627.77,155643.46646
301683.SZ,20260821,98.0,98.97,96.7,98.78,5357.56,52505.5266
301687.SZ,20260821,49.21,50.36,48.4,49.33,18631.91,92104.26533
301696.SZ,20260821,98.4,99.89,97.58,99.14,14583.94,144345.22382
301707.SZ,20260821,77.98,81.49,77.18,80.02,54732.63,434690.0248
301717.SZ,20260821,382.54,404.89,377.0,385.14,43415.51,1699065.40076
302132.SZ,20260821,56.58,57.22,56.31,56.84,44796.0,254040.07993
600000.SH,20260821,9.09,9.15,9.03,9.05,512702.89,465159.863
600004.SH,20260821,7.54,7.57,7.36,7.38,127085.51,94223.073
600006.SH,20260821,5.3,5.31,5.23,5.28,87285.89,45921.737
600007.SH,20260821,18.93,18.96,18.56,18.6,19480.0,36330.519
600008.SH,20260821,2.83,2.83,2.8,2.81,469871.97,132114.515
600009.SH,20260821,23.29,23.29,22.88,22.92,90778.44,208577.322
600010.SH,20260821,2.17,2.21,2.16,2.19,3053191.12,666752.757
600011.SH,20260821,6.66,6.66,6.54,6.6,775411.51,510386.575
600012.SH,20260821,15.7,15.8,15.47,15.5,40216.52,62642.975
600015.SH,20260821,6.72,6.78,6.69,6.71,540563.76,363770.475
600016.SH,20260821,3.47,3.49,3.45,3.47,1599242.31,554961.179
600017.SH,20260821,2.68,2.68,2.63,2.64,261936.0,69329.243
600018.SH,20260821,5.2,5.23,5.16,5.18,336666.04,174592.168
600019.SH,20260821,5.89,5.91,5.8,5.81,792021.74,463032.323
600020.SH,20260821,3.77,3.77,3.72,3.74,106153.22,39690.832
600021.SH,20260821,13.59,13.66,13.48,13.66,155855.91,211817.472
600022.SH,20260821,1.32,1.33,1.3,1.32,908265.59,119725.308
600023.SH,20260821,4.88,4.88,4.85,4.86,148442.72,72216.631
600025.SH,20260821,9.67,9.76,9.58,9.58,199292.77,192043.078
600026.SH,20260821,18.46,19.69,18.42,19.58,1119158.24,2160216.975
600027.SH,20260821,4.51,4.52,4.45,4.46,551305.47,246274.82
600028.SH,20260821,5.14,5.19,5.07,5.1,2102610.34,1077681.782
600029.SH,20260821,5.01,5.01,4.98,4.99,389687.5,194566.38
600030.SH,20260821,27.15,27.24,26.93,27.12,774128.06,2098133.831
600031.SH,20260821,19.05,19.09,18.78,18.8,339098.65,639653.668
600032.SH,20260821,6.78,6.78,6.66,6.75,139991.0,94062.787
600033.SH,20260821,3.55,3.57,3.5,3.52,202603.83,71387.635
600035.SH,20260821,3.37,3.37,3.34,3.36,58132.34,19507.937
600036.SH,20260821,38.8,39.1,38.76,38.9,514219.49,2002588.255
600037.SH,20260821,6.83,6.87,6.77,6.81,88496.9,60283.067
600038.SH,20260821,26.49,26.57,26.22,26.53,37648.35,99586.845
600039.SH,20260821,8.31,8.39,8.29,8.34,97697.76,81454.546
600048.SH,20260821,5.22,5.23,5.08,5.19,1440935.17,741294.933
600050.SH,20260821,4.23,4.29,4.21,4.22,980444.08,415321.768
600051.SH,20260821,6.33,6.33,6.16,6.31,49438.0,30851.04
600052.SH,20260821,3.88,3.88,3.78,3.85,65978.04,25290.099
600053.SH,20260821,6.83,6.99,6.78,6.95,10238.69,7064.776
600054.SH,20260821,11.22,11.22,11.02,11.15,65025.82,72300.179
600055.SH,20260821,11.54,11.64,11.1,11.15,57040.0,63881.968
600056.SH,20260821,9.51,9.53,9.17,9.2,276120.83,256257.965
600057.SH,20260821,6.25,6.27,6.17,6.21,85960.68,53470.981
600058.SH,20260821,10.7,10.75,10.25,10.25,91095.35,94948.044
600059.SH,20260821,7.91,7.94,7.77,7.88,114161.31,89362.715
600060.SH,20260821,26.01,26.16,25.55,25.74,40360.22,103860.405
600061.SH,20260821,6.23,6.28,6.2,6.25,186520.92,116414.862
600062.SH,20260821,16.1,16.11,15.57,15.67,125863.05,197712.621
600063.SH,20260821,5.8,5.85,5.68,5.8,368109.17,213246.564
600064.SH,20260821,7.69,7.69,7.37,7.47,292555.81,218006.72
600066.SH,20260821,29.85,30.09,29.2,29.49,125756.94,371156.713
600067.SH,20260821,2.8,2.81,2.72,2.8,127946.85,35465.966
600071.SH,20260821,15.61,15.91,15.42,15.83,18406.92,28934.378
600072.SH,20260821,8.6,8.67,8.5,8.65,82950.0,71346.043
600073.SH,20260821,5.39,5.4,5.21,5.27,137134.27,72274.786
600075.SH,20260821,4.66,4.69,4.59,4.63,206307.27,95537.553
600076.SH,20260821,3.12,3.12,3.02,3.09,116753.7,35755.449
600078.SH,20260821,10.78,10.79,10.24,10.58,146287.01,153417.999
600079.SH,20260821,17.82,17.9,17.63,17.89,82813.19,147066.453
600080.SH,20260821,4.73,4.79,4.65,4.79,19145.0,9057.576
600081.SH,20260821,10.07,10.1,9.95,10.1,21132.04,21152.76
600082.SH,20260821,2.72,2.86,2.67,2.83,78442.0,21667.963
600084.SH,20260821,4.0,4.1,3.98,4.09,15520.0,6284.032
600085.SH,20260821,24.35,24.35,23.71,23.77,77472.4,184943.248
600088.SH,20260821,11.4,11.4,11.22,11.36,21638.06,24496.714
600089.SH,20260821,19.92,20.11,19.87,20.05,444155.03,889222.329
600094.SH,20260821,3.93,3.93,3.81,3.86,154731.0,59860.019
600095.SH,20260821,7.71,7.79,7.65,7.77,160487.66,123859.999
600096.SH,20260821,29.61,29.86,29.1,29.67,235038.0,693720.34
600097.SH,20260821,8.54,8.61,8.39,8.57,31120.0,26451.318
600098.SH,20260821,6.25,6.28,6.22,6.24,129859.02,81133.327
600099.SH,20260821,8.91,9.05,8.78,9.02,20067.06,17860.156
600100.SH,20260821,6.7,6.7,6.57,6.68,138668.08,92152.217
600101.SH,20260821,7.84,7.84,7.75,7.81,41970.87,32693.769
600103.SH,20260821,2.85,2.89,2.79,2.88,512470.39,146131.138
600104.SH,20260821,10.15,10.15,10.03,10.14,282092.12,284756.473
600105.SH,20260821,38.53,40.66,37.97,39.72,1155032.44,4571342.213
600106.SH,20260821,4.32,4.32,4.24,4.29,81696.95,35017.875
600107.SH,20260821,5.82,5.82,5.72,5.78,5637.0,3254.162
600108.SH,20260821,3.38,3.39,3.2,3.3,1464585.69,479945.15
600109.SH,20260821,8.5,8.5,8.42,8.47,117132.68,99014.1
600110.SH,20260821,9.7,10.74,9.47,10.74,2202832.18,2285226.619
600111.SH,20260821,39.28,40.28,39.11,40.17,418379.92,1665709.129
600113.SH,20260821,30.86,31.2,29.78,30.43,56242.48,170746.96
600114.SH,20260821,29.8,30.8,29.27,30.22,157180.7,475745.286
600115.SH,20260821,3.45,3.46,3.43,3.44,1071580.67,368702.016
600116.SH,20260821,6.29,6.32,6.07,6.12,268044.99,164430.899
600117.SH,20260821,2.25,2.27,2.21,2.26,114432.02,25608.536
600118.SH,20260821,61.0,62.88,60.9,62.1,352997.41,2189438.224
600119.SH,20260821,4.53,4.73,4.52,4.71,23242.0,10792.495
600120.SH,20260821,4.8,4.81,4.7,4.77,237707.04,113191.62
600121.SH,20260821,3.93,3.99,3.81,3.97,752038.21,294048.85
600123.SH,20260821,7.21,7.31,7.14,7.24,211856.4,153104.178
600125.SH,20260821,5.45,5.46,5.36,5.38,89746.48,48337.625
600126.SH,20260821,6.81,6.88,6.66,6.78,554724.46,376207.317
600127.SH,20260821,9.39,9.45,8.0,8.2,2721839.43,2334481.868
600128.SH,20260821,8.25,8.31,8.1,8.29,36894.51,30318.613
600129.SH,20260821,16.18,16.22,15.02,15.07,433293.83,663681.111
600130.SH,20260821,4.28,4.35,4.21,4.33,157772.0,67872.429
600131.SH,20260821,15.42,15.48,15.25,15.4,39308.0,60412.258
600132.SH,20260821,41.16,41.25,40.26,40.28,46249.88,187412.158
600133.SH,20260821,8.25,8.27,8.15,8.24,74232.1,61040.453
600135.SH,20260821,7.19,7.32,7.09,7.32,48151.33,34851.054
600136.SH,20260821,1.4,1.42,1.39,1.41,71962.0,10115.236
600137.SH,20260821,17.92,18.22,17.5,18.05,9562.0,17086.661
600138.SH,20260821,7.05,7.05,6.9,6.96,64153.0,44640.698
600141.SH,20260821,30.58,30.96,30.05,30.68,247578.15,757212.852
600143.SH,20260821,14.02,14.36,13.88,14.31,339297.41,480528.316
600148.SH,20260821,15.35,15.41,15.0,15.31,11829.0,17971.621
600149.SH,20260821,4.99,5.0,4.85,4.95,150129.0,73840.232
600150.SH,20260821,32.83,33.79,32.59,33.68,760206.95,2543460.716
600151.SH,20260821,9.63,10.25,9.55,10.16,359409.8,358430.182
600152.SH,20260821,7.8,8.05,7.66,8.01,144703.63,114521.248
600153.SH,20260821,9.25,9.3,8.87,8.9,216653.28,195634.468
600155.SH,20260821,5.79,5.8,5.73,5.75,137843.0,79350.236
600156.SH,20260821,7.85,8.07,7.7,8.03,80310.0,63557.561
600157.SH,20260821,1.55,1.56,1.54,1.55,2376762.7,368087.079
600158.SH,20260821,6.89,6.9,6.76,6.87,151694.22,103797.331
600159.SH,20260821,2.52,2.55,2.44,2.54,162501.0,40452.732
600160.SH,20260821,38.51,39.01,38.1,38.7,254294.91,980411.228
600161.SH,20260821,12.51,12.6,12.13,12.15,307582.78,378726.172
600162.SH,20260821,4.29,4.44,4.06,4.18,1777884.22,748925.412
600163.SH,20260821,4.94,4.94,4.87,4.9,99270.0,48625.494
600165.SH,20260821,3.2,3.34,3.11,3.31,290528.5,94448.903
600166.SH,20260821,2.96,2.96,2.87,2.89,1066606.45,309228.539
600167.SH,20260821,5.6,5.64,5.55,5.6,47311.0,26429.204
600168.SH,20260821,4.47,4.47,4.37,4.42,62665.36,27625.117
600169.SH,20260821,2.03,2.05,2.03,2.05,49083.0,10009.271
600170.SH,20260821,2.26,2.27,2.23,2.25,705918.59,158282.988
600171.SH,20260821,22.33,23.04,22.3,22.66,96337.74,218767.274
600172.SH,20260821,13.05,13.68,12.72,13.54,1499480.35,2005010.708
600173.SH,20260821,6.14,6.14,5.96,6.06,56749.7,34271.862
600176.SH,20260821,40.8,42.33,39.15,42.04,2094714.1,8593956.086
600177.SH,20260821,7.98,8.0,7.88,7.89,203857.48,161656.361
600178.SH,20260821,9.2,9.24,9.07,9.2,24926.01,22855.085
600179.SH,20260821,4.28,4.39,4.27,4.38,391448.53,170055.391
600180.SH,20260821,1.52,1.62,1.5,1.59,252703.0,39801.942
600182.SH,20260821,13.2,13.33,13.08,13.19,29685.0,39036.573
600183.SH,20260821,126.03,134.86,124.88,132.8,664758.36,8723369.047
600184.SH,20260821,17.35,17.83,17.04,17.61,83721.28,146583.546
600185.SH,20260821,4.55,4.55,4.45,4.5,167989.0,75512.95
600186.SH,20260821,11.02,11.71,10.94,11.62,2781677.87,3160128.371
600187.SH,20260821,1.33,1.4,1.32,1.39,455405.0,62363.552
600188.SH,20260821,21.39,21.73,21.16,21.41,302286.32,649775.422
600189.SH,20260821,7.39,7.53,7.3,7.42,85651.28,63338.575
600191.SH,20260821,10.51,10.72,10.33,10.62,76423.59,80788.421
600192.SH,20260821,6.81,6.91,6.4,6.91,79885.81,54558.033
600195.SH,20260821,6.81,6.82,6.66,6.71,81413.47,54611.432
600196.SH,20260821,24.16,24.31,23.52,23.56,611685.98,1457016.063
600197.SH,20260821,10.08,10.09,9.78,9.84,77905.73,76679.815
600198.SH,20260821,7.42,7.49,7.3,7.47,203867.77,151354.446
600199.SH,20260821,7.14,7.14,6.92,6.98,126193.21,87982.242
600201.SH,20260821,12.86,12.95,12.55,12.65,167025.64,212101.374
600202.SH,20260821,5.03,5.08,4.88,5.05,57999.46,28923.785
600203.SH,20260821,9.74,10.1,9.57,10.07,178996.81,177209.956
600206.SH,20260821,54.1,56.18,53.44,54.24,1021207.75,5576391.37
600207.SH,20260821,4.3,4.38,4.21,4.36,128328.75,55382.537
600208.SH,20260821,2.95,2.96,2.9,2.93,607403.0,177622.055
600210.SH,20260821,6.0,6.01,5.95,5.98,76815.65,45914.784
600211.SH,20260821,41.39,41.39,38.98,38.99,143628.05,568472.381
600212.SH,20260821,5.56,5.67,5.42,5.63,68755.63,38248.066
600215.SH,20260821,6.51,6.58,6.36,6.52,45707.76,29728.606
600216.SH,20260821,14.05,14.15,13.22,13.23,620009.52,838087.074
600217.SH,20260821,3.12,3.14,3.07,3.13,99564.83,30942.015
600218.SH,20260821,7.57,7.62,7.44,7.56,40187.12,30240.262
600219.SH,20260821,4.64,4.77,4.63,4.75,2094943.39,985521.988
600221.SH,20260821,1.3,1.31,1.29,1.3,2508229.52,325891.024
600222.SH,20260821,8.11,8.11,7.75,7.84,225500.8,176619.79
600223.SH,20260821,5.58,5.59,5.45,5.48,90471.06,49802.748
600226.SH,20260821,6.0,6.24,5.93,6.21,1170720.32,718968.443
600227.SH,20260821,3.66,3.99,3.51,3.95,2874138.97,1082423.915
600228.SH,20260821,8.18,8.76,8.05,8.21,366927.88,308780.314
600229.SH,20260821,5.17,5.17,5.01,5.1,27639.74,14002.583
600230.SH,20260821,14.6,14.69,14.39,14.62,85803.95,124841.477
600231.SH,20260821,1.68,1.7,1.65,1.7,117791.47,19777.573
600232.SH,20260821,6.27,6.41,6.21,6.31,46831.2,29512.262
600233.SH,20260821,17.61,17.79,17.15,17.42,261298.79,455742.867
600234.SH,20260821,21.89,21.89,21.01,21.45,11938.0,25611.532
600235.SH,20260821,5.67,5.77,5.57,5.74,47066.0,26656.992
600236.SH,20260821,9.84,9.95,9.7,9.9,87673.24,86526.778
600237.SH,20260821,8.31,8.48,8.14,8.42,190797.21,159992.683
600238.SH,20260821,4.89,5.06,4.76,5.06,72572.95,36008.633
600239.SH,20260821,1.38,1.42,1.37,1.41,133194.2,18606.224
600241.SH,20260821,7.28,7.44,7.13,7.44,39149.0,28576.096
600243.SH,20260821,3.68,3.77,3.63,3.75,38397.0,14253.343
600246.SH,20260821,11.73,12.33,11.59,12.12,1028848.34,1236858.506
600248.SH,20260821,2.9,2.9,2.82,2.85,185723.0,53024.288
600249.SH,20260821,5.27,5.27,5.16,5.25,55594.78,29037.574
600250.SH,20260821,9.8,10.16,9.12,9.15,545357.38,528110.023
600251.SH,20260821,10.33,10.38,10.08,10.31,148527.2,151497.535
600252.SH,20260821,2.3,2.32,2.2,2.22,907828.0,204275.054
600255.SH,20260821,3.17,3.25,3.14,3.24,422527.32,135523.06
600256.SH,20260821,6.2,6.29,6.13,6.23,1698129.73,1055265.868
600257.SH,20260821,5.56,5.57,5.4,5.48,147480.66,80578.216
600258.SH,20260821,12.32,12.34,12.11,12.23,102929.0,125592.645
600259.SH,20260821,83.04,85.58,82.36,85.3,84905.14,714540.128
600261.SH,20260821,3.18,3.24,3.15,3.24,159919.0,51233.199
600262.SH,20260821,14.52,14.63,14.27,14.52,37089.79,53600.005
600265.SH,20260821,22.59,23.16,22.34,22.9,7115.0,16208.692
600266.SH,20260821,4.26,4.3,4.15,4.19,417052.97,174665.052
600267.SH,20260821,13.75,13.88,12.96,13.08,717980.56,952198.175
600268.SH,20260821,10.51,10.56,10.37,10.51,93139.01,97640.898
600269.SH,20260821,3.79,3.79,3.74,3.76,134701.18,50640.34
600271.SH,20260821,6.7,6.72,6.62,6.71,72193.62,48203.644
600272.SH,20260821,16.5,16.94,16.5,16.5,145425.01,240174.145
600273.SH,20260821,6.81,6.85,6.72,6.74,151862.87,102882.793
600276.SH,20260821,48.51,48.8,47.55,47.74,1274152.92,6108715.052
600278.SH,20260821,6.21,6.25,6.09,6.16,30656.95,18793.148
600279.SH,20260821,4.26,4.32,4.21,4.31,71455.0,30479.402
600280.SH,20260821,2.99,2.99,2.91,2.98,182998.39,54012.259
600281.SH,20260821,4.62,4.81,4.55,4.62,320423.0,149057.281
600282.SH,20260821,4.73,4.75,4.6,4.61,373928.92,174152.836
600283.SH,20260821,7.8,7.82,7.72,7.79,17938.77,13928.282
600284.SH,20260821,5.07,5.07,4.96,5.01,94546.95,47406.832
600285.SH,20260821,19.73,19.73,19.35,19.54,87178.63,169881.784
600287.SH,20260821,4.84,4.84,4.69,4.8,35041.0,16648.433
600288.SH,20260821,11.19,11.54,10.99,11.45,264871.26,296849.007
600289.SH,20260821,4.32,4.35,4.26,4.34,15782.36,6807.23
600292.SH,20260821,12.2,12.2,12.02,12.09,59738.45,72180.87
600293.SH,20260821,2.8,2.84,2.73,2.84,194482.74,54529.223
600295.SH,20260821,13.0,13.25,12.91,13.08,82916.28,108310.959
600298.SH,20260821,42.62,42.64,41.01,41.29,84376.93,349516.273
600299.SH,20260821,8.61,8.63,8.43,8.49,295027.69,251367.08
600300.SH,20260821,3.22,3.23,3.15,3.18,240924.32,76626.398
600301.SH,20260821,47.79,47.89,46.52,47.71,90022.04,426296.857
600302.SH,20260821,6.4,6.5,6.28,6.46,21845.0,13967.93
600303.SH,20260821,2.85,2.89,2.79,2.87,169233.0,48116.285
600305.SH,20260821,6.72,6.72,6.57,6.59,88199.56,58210.407
600307.SH,20260821,1.41,1.43,1.4,1.43,265480.7,37607.746
600308.SH,20260821,3.23,3.23,3.16,3.22,80116.34,25621.859
600309.SH,20260821,75.0,75.0,73.52,73.98,230568.17,1706429.325
600310.SH,20260821,4.07,4.1,4.03,4.09,220680.73,89857.673
600312.SH,20260821,19.31,20.07,19.11,19.73,226627.79,449145.545
600313.SH,20260821,6.6,6.74,6.32,6.5,1173863.85,764188.842
600315.SH,20260821,18.53,18.6,18.06,18.09,130931.84,239527.089
600316.SH,20260821,28.1,28.52,27.91,28.35,66973.77,188963.098
600318.SH,20260821,6.49,6.5,6.37,6.47,70124.58,45086.51
600319.SH,20260821,6.2,6.58,6.11,6.31,73846.0,46687.224
600320.SH,20260821,4.04,4.05,4.0,4.03,209300.64,84119.94
600322.SH,20260821,2.65,2.65,2.59,2.64,145645.8,38179.673
600323.SH,20260821,29.61,29.83,29.24,29.26,33270.01,97782.618
600325.SH,20260821,2.38,2.39,2.28,2.31,900402.39,208103.725
600326.SH,20260821,6.98,7.04,6.75,7.02,240906.16,166340.153
600327.SH,20260821,4.23,4.29,4.06,4.08,558390.14,230677.196
600328.SH,20260821,6.29,6.35,6.2,6.33,116660.4,73338.168
600329.SH,20260821,36.18,36.18,35.32,35.35,31299.0,111039.608
600330.SH,20260821,27.84,28.47,26.86,27.27,1083812.94,2988868.325
600331.SH,20260821,12.8,13.07,12.61,12.93,449254.33,578865.048
600332.SH,20260821,21.37,21.4,20.9,20.91,122960.38,258564.259
600333.SH,20260821,6.25,6.34,6.2,6.31,104277.0,65532.561
600335.SH,20260821,5.4,5.54,5.21,5.26,625352.86,338957.303
600336.SH,20260821,6.17,6.21,6.05,6.18,46062.58,28263.513
600337.SH,20260821,3.1,3.21,3.1,3.2,221156.1,70331.677
600338.SH,20260821,13.15,13.96,13.02,13.85,576773.56,786960.731
600339.SH,20260821,3.36,3.42,3.33,3.38,557541.3,188657.721
600340.SH,20260821,1.08,1.1,1.08,1.09,271073.4,29514.675
600343.SH,20260821,18.07,18.47,17.68,18.31,197344.93,359657.592
600345.SH,20260821,45.9,48.18,45.67,47.6,72864.62,344201.175
600346.SH,20260821,18.8,19.04,18.55,18.87,355564.39,669199.796
600348.SH,20260821,8.84,9.04,8.78,8.96,245179.28,219307.707
600350.SH,20260821,10.54,10.6,10.38,10.56,91336.81,95982.113
600351.SH,20260821,7.07,7.07,6.84,6.87,306079.54,211543.573
600352.SH,20260821,12.82,12.84,12.46,12.54,389699.81,489270.344
600353.SH,20260821,34.8,38.28,33.5,38.28,1021859.91,3782619.189
600354.SH,20260821,6.76,6.76,6.23,6.43,859726.53,551050.047
600356.SH,20260821,8.87,8.91,8.72,8.86,32693.2,28777.732
600358.SH,20260821,5.08,5.1,4.97,5.02,37223.0,18656.041
600359.SH,20260821,6.63,6.72,6.39,6.56,153994.4,100457.323
600360.SH,20260821,10.7,11.13,10.65,10.72,697027.13,757287.988
600361.SH,20260821,3.62,3.67,3.58,3.66,359111.2,130626.923
600362.SH,20260821,44.86,46.09,44.5,45.86,457049.78,2076863.586
600363.SH,20260821,18.18,18.35,17.78,18.21,253190.59,458812.241
600365.SH,20260821,2.76,2.81,2.74,2.79,20403.0,5674.497
600366.SH,20260821,11.65,11.82,11.45,11.78,266102.79,310547.765
600367.SH,20260821,34.17,35.79,33.51,34.68,477802.35,1658657.54
600368.SH,20260821,4.1,4.15,4.0,4.02,426953.43,172671.281
600369.SH,20260821,4.01,4.01,3.97,4.0,208528.18,83202.953
600370.SH,20260821,1.45,1.51,1.44,1.5,179967.0,26594.999
600371.SH,20260821,8.11,8.14,7.74,7.74,296774.76,231340.606
600372.SH,20260821,10.88,10.88,10.68,10.81,178450.31,192572.186
600373.SH,20260821,7.05,7.07,6.92,6.96,75092.41,52277.074
600375.SH,20260821,3.94,3.95,3.85,3.9,145912.0,56670.784
600376.SH,20260821,3.4,3.59,3.38,3.53,841733.0,292178.233
600377.SH,20260821,12.03,12.1,11.89,11.92,79545.02,95192.98
600378.SH,20260821,44.78,47.55,44.16,47.24,552694.63,2568093.993
600379.SH,20260821,14.39,15.61,14.08,15.52,280159.72,420017.309
600380.SH,20260821,10.3,10.35,9.84,9.88,331964.73,331016.149
600381.SH,20260821,4.8,5.06,4.75,4.94,92909.0,45687.784
600382.SH,20260821,6.21,6.31,6.11,6.28,83234.51,51847.008
600383.SH,20260821,2.25,2.26,2.18,2.21,993441.0,218801.749
600386.SH,20260821,3.39,3.4,3.3,3.38,75043.82,25111.376
600388.SH,20260821,17.59,17.88,17.23,17.73,120337.97,211995.997
600389.SH,20260821,18.45,18.55,18.11,18.54,68800.39,126053.112
600390.SH,20260821,4.82,4.87,4.77,4.84,218970.35,105460.557
600391.SH,20260821,29.64,31.18,29.15,30.71,92318.2,280951.659
600392.SH,20260821,22.0,22.74,21.82,22.73,499429.73,1120274.102
600395.SH,20260821,5.25,5.47,5.18,5.46,575774.4,310456.687
600396.SH,20260821,14.45,14.65,14.05,14.28,1285177.37,1836261.026
600397.SH,20260821,16.37,18.14,16.37,18.14,1024796.0,1812964.039
600398.SH,20260821,6.01,6.02,5.87,5.9,200840.75,118925.67
600399.SH,20260821,4.23,4.45,4.15,4.33,520513.05,222940.668
600400.SH,20260821,3.05,3.22,3.04,3.13,780560.98,243262.372
600403.SH,20260821,6.89,6.97,6.4,6.64,1306314.73,863644.267
600405.SH,20260821,4.59,4.59,4.49,4.58,104130.6,47305.137
600406.SH,20260821,23.05,23.2,22.93,23.17,248992.3,575021.579
600408.SH,20260821,2.72,2.87,2.7,2.87,960986.2,269382.619
600409.SH,20260821,6.65,6.73,6.58,6.71,184826.68,123147.079
600410.SH,20260821,13.42,13.58,13.2,13.56,264950.38,356550.814
600415.SH,20260821,12.58,12.68,12.36,12.48,723852.64,903089.731
600416.SH,20260821,8.41,8.45,8.31,8.4,89731.35,75282.37
600418.SH,20260821,21.12,21.12,20.28,20.84,559777.78,1156991.616
600419.SH,20260821,8.83,8.87,8.62,8.75,51964.1,45317.401
600420.SH,20260821,8.8,8.8,8.4,8.46,167859.09,143061.626
600422.SH,20260821,8.76,8.76,8.46,8.54,127059.01,108527.69
600423.SH,20260821,2.81,2.82,2.76,2.81,28356.0,7904.118
600425.SH,20260821,3.58,3.59,3.52,3.56,101595.65,36044.309
600426.SH,20260821,20.78,20.99,20.44,20.77,325487.82,674688.731
600428.SH,20260821,11.51,11.9,11.3,11.83,421667.76,494833.264
600429.SH,20260821,4.56,4.58,4.44,4.5,101940.0,45746.819
600433.SH,20260821,3.27,3.3,3.22,3.29,209162.08,68284.598
600435.SH,20260821,10.54,10.54,10.31,10.49,204134.05,212503.158
600436.SH,20260821,128.0,128.35,123.46,124.1,60058.15,749738.896
600438.SH,20260821,12.3,12.63,12.26,12.43,458633.93,571513.995
600439.SH,20260821,1.84,1.86,1.83,1.85,132130.0,24407.635
600444.SH,20260821,13.96,14.3,13.83,14.17,46230.11,65248.144
600446.SH,20260821,10.44,10.78,10.37,10.68,136695.48,144789.886
600448.SH,20260821,2.91,2.96,2.86,2.94,93016.03,27096.79
600449.SH,20260821,11.81,12.4,11.72,12.3,177339.94,216185.153
600452.SH,20260821,9.21,9.21,8.98,9.07,207666.47,188231.581
600455.SH,20260821,24.13,24.33,23.78,24.29,10612.0,25492.329
600456.SH,20260821,26.3,27.54,26.16,27.35,82625.66,223819.621
600458.SH,20260821,11.56,11.67,11.4,11.54,168469.0,194555.561
600459.SH,20260821,21.2,22.26,21.2,21.87,359686.16,784149.718
600460.SH,20260821,32.22,35.89,32.22,35.89,771004.58,2699276.814
600461.SH,20260821,8.92,8.92,8.81,8.83,57089.0,50476.347
600463.SH,20260821,8.1,8.14,7.97,8.12,27252.0,21928.113
600467.SH,20260821,2.36,2.37,2.3,2.34,295264.4,68573.093
600468.SH,20260821,5.86,5.9,5.75,5.89,124286.86,72667.64
600469.SH,20260821,5.2,5.25,5.14,5.24,59392.75,30889.653
600470.SH,20260821,5.5,5.57,5.33,5.55,276642.58,151185.967
600475.SH,20260821,14.76,15.09,14.41,14.98,89499.74,132541.032
600476.SH,20260821,9.31,9.69,9.21,9.69,15853.92,15047.064
600477.SH,20260821,2.38,2.4,2.33,2.39,195464.25,46253.954
600478.SH,20260821,4.8,4.9,4.73,4.88,192747.61,93280.82
600479.SH,20260821,10.0,10.02,9.71,9.76,82682.0,81004.148
600480.SH,20260821,8.35,8.37,8.23,8.33,75146.5,62483.594
600481.SH,20260821,4.15,4.34,4.12,4.21,419652.88,177290.406
600482.SH,20260821,31.03,32.2,30.9,31.93,126068.56,401161.631
600483.SH,20260821,10.25,10.29,10.17,10.27,89902.45,91959.331
600486.SH,20260821,55.39,55.39,54.38,54.96,27576.04,151473.111
600487.SH,20260821,60.89,63.3,59.48,62.18,1662566.14,10263631.641
600488.SH,20260821,5.76,5.76,5.45,5.51,866320.01,480338.184
600489.SH,20260821,26.79,27.3,26.47,27.18,1216924.3,3284121.962
600490.SH,20260821,7.35,7.39,7.22,7.37,558993.41,408797.014
600491.SH,20260821,1.67,1.85,1.67,1.81,1474690.31,262400.863
600493.SH,20260821,6.06,6.1,5.93,6.08,55164.0,33181.579
600495.SH,20260821,4.09,4.14,4.01,4.05,103657.75,41920.798
600496.SH,20260821,3.34,3.37,3.28,3.34,282275.08,93758.013
600497.SH,20260821,9.8,10.12,9.75,10.12,1428341.27,1429076.132
600498.SH,20260821,38.0,42.0,37.95,40.7,1065941.59,4326127.67
600499.SH,20260821,13.84,14.29,13.72,14.22,252214.5,355842.298
600500.SH,20260821,5.07,5.6,4.99,5.51,2724790.18,1475695.573
600501.SH,20260821,14.0,14.25,13.85,14.18,52575.67,74220.072
600502.SH,20260821,4.47,4.48,4.4,4.42,205164.35,90655.638
600503.SH,20260821,2.18,2.18,2.1,2.13,237396.62,50577.302
600505.SH,20260821,10.33,10.45,10.25,10.43,40171.59,41657.095
600506.SH,20260821,14.53,14.95,14.41,14.82,44233.35,64902.928
600507.SH,20260821,4.22,4.22,4.16,4.17,117300.14,48972.966
600508.SH,20260821,8.78,9.0,8.7,8.98,132215.92,117991.56
600509.SH,20260821,7.25,7.32,7.18,7.29,161591.39,117401.472
600510.SH,20260821,6.51,7.0,6.34,6.85,144647.0,97264.383
600511.SH,20260821,26.73,26.73,26.23,26.4,51951.06,137127.361
600512.SH,20260821,2.03,2.04,1.99,2.02,188538.28,37926.383
600513.SH,20260821,17.26,17.27,16.26,16.64,166826.64,277457.933
600515.SH,20260821,2.84,2.85,2.8,2.81,612541.35,172611.65
600516.SH,20260821,5.08,5.09,4.99,5.08,286875.24,144743.172
600517.SH,20260821,4.92,4.92,4.85,4.85,129707.5,63180.025
600518.SH,20260821,1.38,1.39,1.35,1.36,1503467.89,204324.878
600519.SH,20260821,1291.5,1291.5,1272.01,1272.83,33472.31,4278311.022
600520.SH,20260821,24.54,24.95,23.88,24.68,45936.0,112914.331
600521.SH,20260821,17.06,17.1,16.48,16.62,505593.8,845585.091
600522.SH,20260821,32.4,33.8,32.02,33.43,1547904.75,5131414.273
600523.SH,20260821,11.5,11.86,11.39,11.82,55605.0,64984.505
600525.SH,20260821,5.54,5.79,5.46,5.77,175120.93,98620.451
600526.SH,20260821,4.56,4.64,4.51,4.61,124208.02,56878.068
600527.SH,20260821,2.12,2.15,2.09,2.15,311716.1,66188.009
600528.SH,20260821,7.03,7.03,6.91,6.94,82214.4,57051.405
600529.SH,20260821,19.1,19.12,18.64,18.74,128465.0,242173.672
600530.SH,20260821,3.71,3.72,3.67,3.7,39509.88,14596.76
600531.SH,20260821,13.23,13.97,13.03,13.9,906532.1,1237244.607
600533.SH,20260821,2.17,2.2,2.1,2.18,123747.33,26626.952
600535.SH,20260821,15.36,15.48,14.94,14.97,203100.94,306572.585
600536.SH,20260821,35.1,35.2,33.65,33.9,456176.66,1553022.909
600537.SH,20260821,2.1,2.14,2.07,2.13,150676.82,31896.945
600538.SH,20260821,5.23,5.24,5.15,5.21,89895.0,46687.875
600539.SH,20260821,15.36,15.65,14.05,15.11,301073.01,449958.855
600540.SH,20260821,4.03,4.07,3.92,3.95,302175.7,119834.61
600543.SH,20260821,4.0,4.05,3.95,4.04,12829.0,5125.522
600545.SH,20260821,4.16,4.27,4.03,4.25,604588.98,253738.612
600546.SH,20260821,13.0,13.36,12.82,13.21,218365.11,287784.468
600547.SH,20260821,35.85,37.2,34.8,37.05,1493586.76,5440377.565
600548.SH,20260821,8.28,8.31,8.17,8.18,24997.0,20534.147
600549.SH,20260821,53.82,56.19,53.29,55.58,598763.65,3300039.13
600550.SH,20260821,10.91,11.07,10.85,11.03,156199.02,171790.567
600551.SH,20260821,6.94,6.95,6.77,6.86,51615.27,35318.965
600552.SH,20260821,17.91,18.24,17.43,18.08,481351.29,862957.085
600556.SH,20260821,4.57,4.6,4.49,4.58,259377.46,117972.649
600557.SH,20260821,12.7,12.71,12.04,12.06,161270.63,197222.491
600558.SH,20260821,4.7,4.78,4.65,4.78,118244.16,55757.583
600559.SH,20260821,11.61,11.61,11.36,11.4,87363.83,99893.14
600560.SH,20260821,10.97,11.14,10.88,11.11,15816.54,17410.71
600561.SH,20260821,5.67,5.74,5.56,5.72,34591.78,19517.048
600562.SH,20260821,25.88,26.5,25.27,26.01,85238.13,219916.537
600563.SH,20260821,127.94,134.55,127.67,133.07,46949.31,619670.161
600566.SH,20260821,25.09,25.19,24.37,24.39,75413.81,186035.738
600567.SH,20260821,1.33,1.34,1.32,1.33,258416.81,34335.814
600568.SH,20260821,2.21,2.22,2.19,2.21,35575.0,7834.352
600569.SH,20260821,1.74,1.75,1.72,1.75,119636.35,20751.492
600570.SH,20260821,21.07,21.45,21.01,21.31,175745.99,372812.681
600571.SH,20260821,10.14,10.37,10.07,10.35,69500.24,71130.016
600572.SH,20260821,4.45,4.46,4.29,4.32,1035183.94,450149.806
600573.SH,20260821,9.89,9.95,9.57,9.74,64660.0,62582.781
600575.SH,20260821,3.31,3.32,3.27,3.28,288612.14,94815.67
600576.SH,20260821,5.38,5.47,5.34,5.45,42293.55,22831.577
600577.SH,20260821,7.82,8.66,7.73,8.66,1219865.1,1025608.078
600578.SH,20260821,5.58,5.58,5.47,5.53,594109.2,327682.252
600579.SH,20260821,6.93,7.02,6.86,6.96,35260.79,24451.413
600580.SH,20260821,30.38,31.48,30.38,30.92,417813.09,1292227.634
600581.SH,20260821,2.25,2.26,2.23,2.26,57200.0,12815.213
600582.SH,20260821,4.85,4.86,4.76,4.77,435632.96,208971.718
600583.SH,20260821,6.17,6.19,6.08,6.12,474219.96,291004.03
600584.SH,20260821,78.29,80.5,77.51,78.57,970159.6,7646217.741
600585.SH,20260821,17.52,17.53,17.38,17.41,165307.35,288085.668
600586.SH,20260821,4.14,4.28,4.1,4.27,207281.25,87419.614
600587.SH,20260821,12.7,12.74,12.32,12.41,87792.17,109421.347
600588.SH,20260821,10.76,10.86,10.65,10.75,362335.45,389497.194
600589.SH,20260821,7.62,7.73,7.47,7.68,370694.99,282560.495
600590.SH,20260821,8.1,8.33,8.01,8.29,186632.37,153192.506
600592.SH,20260821,13.74,14.01,13.62,13.93,42976.97,59487.757
600593.SH,20260821,40.0,40.5,39.46,40.11,29093.41,116330.131
600594.SH,20260821,3.83,3.88,3.66,3.72,358556.19,133683.44
600595.SH,20260821,6.03,6.21,5.94,6.19,882304.17,539088.411
600596.SH,20260821,10.53,10.68,10.41,10.62,214999.9,227420.482
600597.SH,20260821,6.77,6.77,6.57,6.62,93703.4,62072.437
600598.SH,20260821,13.15,13.18,12.44,12.52,644930.37,814911.804
600600.SH,20260821,51.45,51.52,50.64,50.82,46296.94,235391.603
600601.SH,20260821,12.25,12.68,12.01,12.46,1441331.87,1789444.728
600602.SH,20260821,18.62,18.7,18.08,18.3,323746.3,593198.801
600603.SH,20260821,4.63,4.72,4.58,4.61,126235.9,58496.424
600604.SH,20260821,4.51,4.55,4.41,4.49,161741.0,72277.524
600605.SH,20260821,24.24,24.69,23.83,24.55,20895.68,50821.83
600606.SH,20260821,1.27,1.28,1.25,1.27,755712.02,95408.235
600609.SH,20260821,3.22,3.23,3.16,3.21,158178.66,50606.495
600610.SH,20260821,7.64,8.2,7.23,7.87,840924.47,638592.446
600611.SH,20260821,4.42,4.45,4.26,4.43,557130.69,243468.701
600612.SH,20260821,35.14,35.27,34.68,35.05,13945.0,48720.613
600613.SH,20260821,7.7,9.19,7.7,9.0,1763221.47,1501931.621
600615.SH,20260821,9.3,9.44,9.13,9.37,17142.8,15951.359
600616.SH,20260821,4.3,4.31,4.17,4.23,63287.92,26675.455
600617.SH,20260821,3.36,3.39,3.31,3.36,229288.43,76881.169
600618.SH,20260821,10.11,10.18,9.96,10.11,47316.33,47622.766
600619.SH,20260821,13.83,13.96,13.6,13.89,105404.19,145670.064
600620.SH,20260821,4.35,4.44,4.28,4.37,51475.71,22390.199
600621.SH,20260821,12.73,12.78,12.63,12.75,47158.02,59893.936
600622.SH,20260821,2.25,2.29,2.18,2.26,244314.44,54573.14
600623.SH,20260821,8.2,8.31,8.13,8.17,123101.56,100986.699
600624.SH,20260821,4.17,4.17,4.06,4.06,37748.01,15487.225
600626.SH,20260821,3.54,3.55,3.48,3.52,81922.57,28783.112
600628.SH,20260821,6.2,6.23,6.05,6.12,78807.48,48098.421
600629.SH,20260821,16.55,16.77,15.91,16.6,260533.38,424327.227
600630.SH,20260821,6.6,6.67,6.51,6.66,66362.36,43823.308
600633.SH,20260821,10.18,10.2,10.07,10.16,98204.0,99565.113
600635.SH,20260821,4.49,4.53,4.45,4.49,223295.28,100385.048
600637.SH,20260821,7.94,7.99,7.83,7.98,194477.92,154100.02
600638.SH,20260821,4.93,4.94,4.77,4.88,138692.85,67195.966
600639.SH,20260821,9.51,9.51,9.29,9.34,59521.75,55609.878
600640.SH,20260821,10.55,10.66,10.42,10.63,43156.05,45477.062
600641.SH,20260821,32.84,33.96,32.1,32.55,543280.08,1789950.5
600642.SH,20260821,8.5,8.5,8.33,8.34,187740.98,157688.695
600643.SH,20260821,3.93,3.96,3.86,3.93,114342.65,44687.805
600644.SH,20260821,8.84,8.84,8.63,8.69,129531.86,112687.333
600645.SH,20260821,20.5,20.5,19.71,20.03,196224.75,393671.684
600648.SH,20260821,9.01,9.06,8.9,8.99,24364.97,21807.127
600649.SH,20260821,3.98,4.12,3.8,3.88,916062.41,358708.853
600650.SH,20260821,10.3,10.36,10.15,10.34,16784.0,17229.499
600651.SH,20260821,5.67,5.73,5.62,5.7,109881.67,62442.299
600653.SH,20260821,1.66,1.68,1.64,1.67,193227.56,32069.816
600654.SH,20260821,2.84,2.86,2.79,2.85,309026.99,87431.615
600655.SH,20260821,4.61,4.62,4.48,4.5,169994.83,76874.822
600657.SH,20260821,2.64,2.65,2.5,2.59,421243.42,107930.308
600658.SH,20260821,3.97,4.01,3.86,4.0,104965.51,41343.943
600660.SH,20260821,57.82,58.52,56.69,56.76,76559.98,438226.014
600661.SH,20260821,8.71,8.71,8.49,8.52,61976.46,53005.937
600662.SH,20260821,4.25,4.26,4.01,4.11,250613.3,102577.82
600663.SH,20260821,9.5,9.5,9.33,9.37,143928.27,135203.67
600664.SH,20260821,8.17,8.55,8.17,8.17,4486607.75,3679904.452
600665.SH,20260821,3.43,3.45,3.33,3.44,99078.9,33580.167
600666.SH,20260821,3.48,3.52,3.38,3.48,764032.47,264439.337
600667.SH,20260821,21.11,21.95,20.8,21.44,1947899.9,4181014.946
600668.SH,20260821,7.41,7.46,7.23,7.33,49790.72,36378.976
600671.SH,20260821,20.91,21.03,20.24,20.51,18822.01,38531.543
600673.SH,20260821,33.63,33.9,32.98,33.74,213993.69,717673.978
600674.SH,20260821,15.5,15.56,15.25,15.25,158633.47,243724.148
600675.SH,20260821,2.28,2.29,2.18,2.21,544738.95,120138.337
600676.SH,20260821,6.54,6.62,6.46,6.6,53899.0,35318.975
600678.SH,20260821,5.35,5.51,5.23,5.46,63317.0,34268.318
600679.SH,20260821,9.5,9.5,9.3,9.39,17474.0,16357.334
600681.SH,20260821,3.42,3.45,3.39,3.42,135089.77,46139.802
600682.SH,20260821,5.86,5.89,5.62,5.66,232723.02,132602.751
600683.SH,20260821,10.32,10.6,9.9,10.01,518658.95,523768.261
600684.SH,20260821,3.47,3.49,3.36,3.46,146345.69,50018.141
600685.SH,20260821,25.17,25.66,25.06,25.59,60088.6,152707.381
600686.SH,20260821,11.09,11.12,10.9,11.03,90393.0,99335.383
600688.SH,20260821,2.81,2.84,2.78,2.83,578429.62,163087.817
600689.SH,20260821,10.69,10.84,10.51,10.79,26688.0,28450.702
600690.SH,20260821,20.92,21.16,20.74,20.86,394631.27,826106.868
600691.SH,20260821,2.52,2.58,2.47,2.56,383285.65,96665.707
600692.SH,20260821,6.49,6.49,6.21,6.3,117677.0,74340.657
600693.SH,20260821,8.91,8.99,8.67,8.95,337931.45,298098.131
600694.SH,20260821,14.48,14.54,14.3,14.36,34802.71,50040.331
600697.SH,20260821,10.72,10.78,10.47,10.68,25925.0,27490.616
600698.SH,20260821,6.64,6.64,6.38,6.58,107057.0,69599.421
600699.SH,20260821,19.21,19.42,19.01,19.42,132094.91,254738.513
600702.SH,20260821,35.23,35.24,34.56,34.92,40920.0,142420.49
600703.SH,20260821,13.58,13.95,13.4,13.79,1100009.48,1513699.531
600704.SH,20260821,4.89,4.9,4.83,4.85,326823.28,158488.616
600706.SH,20260821,7.87,7.93,7.74,7.88,45868.05,35884.138
600707.SH,20260821,9.61,10.05,9.5,9.76,1220563.21,1191940.185
600708.SH,20260821,3.04,3.08,2.96,3.04,149557.85,45211.76
600710.SH,20260821,10.22,10.24,10.05,10.16,68767.45,69659.546
600711.SH,20260821,11.6,12.13,11.6,12.1,1283377.39,1525455.537
600712.SH,20260821,5.37,5.42,5.16,5.23,102559.72,53660.518
600713.SH,20260821,5.29,5.29,5.15,5.2,202168.53,105238.716
600714.SH,20260821,14.82,16.23,14.71,15.63,278101.0,432524.128
600715.SH,20260821,1.55,1.57,1.53,1.57,174597.88,27105.526
600716.SH,20260821,3.56,3.56,3.47,3.53,49697.0,17431.69
600717.SH,20260821,4.28,4.28,4.2,4.23,167506.53,70814.677
600718.SH,20260821,8.11,8.16,8.02,8.07,56780.15,45853.489
600719.SH,20260821,6.9,7.1,6.9,7.04,70503.0,49346.187
600720.SH,20260821,5.22,5.23,5.05,5.09,111544.5,56860.391
600721.SH,20260821,12.89,13.6,12.29,13.25,1090111.01,1409860.145
600722.SH,20260821,12.81,14.49,12.6,14.15,1488480.68,2008878.058
600724.SH,20260821,5.01,5.07,4.92,5.03,59692.51,29740.052
600725.SH,20260821,3.14,3.19,3.1,3.17,138367.4,43663.342
600726.SH,20260821,5.6,5.62,5.51,5.58,737427.32,411004.636
600727.SH,20260821,7.35,7.44,7.21,7.43,115746.0,84981.479
600728.SH,20260821,4.55,4.59,4.5,4.58,233349.0,106224.279
600729.SH,20260821,19.53,19.53,19.01,19.03,26826.0,51252.156
600730.SH,20260821,10.09,10.36,9.83,10.33,105122.2,105944.19
600731.SH,20260821,5.91,5.91,5.75,5.85,58687.3,34111.007
600732.SH,20260821,11.76,12.0,11.62,11.82,170589.59,201384.0
600733.SH,20260821,5.15,5.15,4.91,5.06,797223.0,400513.82
600734.SH,20260821,1.63,1.67,1.62,1.66,266620.59,44034.236
600735.SH,20260821,5.92,6.05,5.92,6.05,26534.0,15906.847
600736.SH,20260821,6.72,6.72,6.53,6.67,176210.34,116937.854
600737.SH,20260821,15.41,15.5,14.43,14.56,1029733.76,1517422.1
600738.SH,20260821,4.07,4.08,3.96,4.0,174524.66,69921.338
600739.SH,20260821,10.92,10.93,10.6,10.66,237553.96,254012.959
600740.SH,20260821,3.56,3.64,3.51,3.61,490937.97,175725.745
600741.SH,20260821,15.46,15.46,15.2,15.26,101522.85,155131.474
600742.SH,20260821,7.57,7.58,7.48,7.55,28432.97,21432.845
600743.SH,20260821,2.25,2.26,2.19,2.23,210048.0,46415.477
600744.SH,20260821,6.38,6.42,6.27,6.39,511106.01,325019.701
600745.SH,20260821,16.42,16.87,16.33,16.67,205700.56,342080.007
600746.SH,20260821,6.51,6.6,6.45,6.59,89143.56,58238.272
600748.SH,20260821,3.84,3.89,3.73,3.88,126558.83,48242.894
600749.SH,20260821,13.61,13.74,13.42,13.71,39524.95,53803.872
600750.SH,20260821,24.29,24.64,23.8,24.62,66341.02,160994.442
600751.SH,20260821,3.18,3.18,3.14,3.16,173081.0,54726.59
600753.SH,20260821,9.76,10.14,9.7,10.0,10089.0,9993.89
600754.SH,20260821,19.17,19.17,18.88,18.98,82648.02,157024.365
600755.SH,20260821,5.67,5.68,5.61,5.65,71838.0,40494.844
600756.SH,20260821,14.25,14.3,13.86,14.23,117991.22,166290.455
600757.SH,20260821,7.7,7.72,7.53,7.54,71934.0,54561.352
600758.SH,20260821,3.31,3.48,3.16,3.34,777649.0,256951.592
600759.SH,20260821,2.51,2.62,2.49,2.58,1382859.64,355244.177
600760.SH,20260821,43.5,44.46,43.28,44.05,126689.95,558912.464
600761.SH,20260821,16.56,16.61,16.36,16.51,58416.43,96382.373
600763.SH,20260821,36.1,36.12,35.05,35.37,115560.07,409592.906
600764.SH,20260821,17.35,17.44,17.16,17.4,26922.73,46674.88
600765.SH,20260821,13.04,13.14,12.9,13.1,77806.03,101481.218
600768.SH,20260821,14.83,15.27,14.61,15.21,40727.0,61171.811
600769.SH,20260821,15.19,15.74,14.94,15.35,70936.0,108887.62
600770.SH,20260821,5.04,5.08,4.96,5.07,148030.0,74521.974
600771.SH,20260821,13.81,13.83,13.42,13.44,100079.01,135339.835
600773.SH,20260821,10.66,11.35,10.57,11.2,285482.56,313378.986
600774.SH,20260821,7.32,7.36,7.13,7.32,46583.0,33698.432
600775.SH,20260821,9.37,9.42,9.22,9.39,81987.73,76678.132
600776.SH,20260821,12.33,12.62,12.28,12.54,89062.62,111371.215
600777.SH,20260821,4.12,4.19,4.09,4.11,227783.6,94502.176
600778.SH,20260821,5.56,5.59,5.41,5.55,52708.0,28936.371
600779.SH,20260821,27.02,27.18,26.75,26.88,15143.0,40672.337
600780.SH,20260821,5.8,5.81,5.75,5.79,63279.89,36613.724
600782.SH,20260821,2.71,2.73,2.68,2.73,321388.0,87019.921
600783.SH,20260821,18.37,18.51,16.99,17.1,323315.01,563918.054
600784.SH,20260821,7.84,7.92,7.73,7.78,78879.2,61714.263
600785.SH,20260821,9.74,9.74,9.74,9.74,50989.04,49663.325
600787.SH,20260821,4.58,4.58,4.48,4.51,138703.77,62548.495
600789.SH,20260821,7.59,7.6,7.27,7.33,457457.75,337727.519
600790.SH,20260821,3.36,3.37,3.28,3.33,113350.03,37514.591
600791.SH,20260821,7.35,7.59,7.13,7.48,106076.0,78437.776
600792.SH,20260821,3.59,3.68,3.51,3.66,268574.5,97224.832
600793.SH,20260821,14.37,14.4,13.81,14.21,51020.06,71638.733
600794.SH,20260821,3.18,3.18,3.09,3.15,154980.44,48585.766
600795.SH,20260821,5.17,5.18,5.1,5.11,1199390.52,617826.073
600796.SH,20260821,5.13,5.13,4.98,5.08,55925.88,28225.52
600797.SH,20260821,6.7,6.79,6.61,6.76,125626.14,84290.441
600798.SH,20260821,3.29,3.36,3.25,3.34,309597.01,102289.085
600800.SH,20260821,3.3,3.38,3.28,3.37,274787.43,91598.974
600801.SH,20260821,22.72,23.22,22.32,23.18,98033.23,224449.129
600802.SH,20260821,4.59,4.65,4.49,4.6,56776.8,25944.55
600803.SH,20260821,17.6,17.92,17.45,17.51,65633.48,115380.022
600805.SH,20260821,4.41,4.47,4.38,4.47,82943.7,36767.931
600807.SH,20260821,2.58,2.64,2.54,2.62,136132.89,35276.726
600808.SH,20260821,2.49,2.52,2.45,2.51,384546.47,95556.694
600809.SH,20260821,118.5,118.5,116.01,116.55,45193.69,527450.148
600810.SH,20260821,6.19,6.28,6.1,6.26,65306.5,40439.793
600812.SH,20260821,5.08,5.08,4.86,4.91,308277.84,152261.619
600814.SH,20260821,6.73,6.76,6.62,6.67,44399.64,29574.031
600815.SH,20260821,3.9,3.96,3.81,3.92,553294.59,216024.035
600816.SH,20260821,2.46,2.49,2.44,2.46,422306.02,103694.333
600817.SH,20260821,9.39,9.59,9.39,9.54,18814.05,17896.77
600818.SH,20260821,6.9,7.27,6.79,7.23,45147.0,31760.382
600819.SH,20260821,5.41,5.52,5.36,5.51,62650.09,34276.141
600820.SH,20260821,5.4,5.41,5.28,5.3,198395.66,105436.637
600821.SH,20260821,5.95,6.0,5.85,5.93,379888.55,225133.958
600822.SH,20260821,8.36,8.36,8.16,8.3,20377.0,16807.96
600824.SH,20260821,3.67,3.71,3.49,3.55,209891.52,74738.528
600825.SH,20260821,4.89,4.98,4.85,4.94,65556.6,32177.386
600826.SH,20260821,7.86,7.88,7.7,7.88,33883.08,26343.239
600827.SH,20260821,7.57,7.59,7.43,7.46,124040.31,92654.694
600828.SH,20260821,3.96,3.99,3.84,3.94,111181.13,43435.134
600829.SH,20260821,9.74,10.05,9.52,9.62,382207.23,370576.934
600830.SH,20260821,8.1,8.14,7.97,8.14,33947.11,27316.724
600831.SH,20260821,3.31,3.38,3.26,3.37,134379.0,44517.53
600833.SH,20260821,10.82,10.98,10.47,10.58,95032.21,101057.882
600834.SH,20260821,7.43,7.59,7.25,7.36,45852.92,33778.485
600835.SH,20260821,18.14,18.38,18.13,18.26,26725.0,48828.457
600838.SH,20260821,7.45,7.49,7.34,7.42,72731.29,53743.646
600839.SH,20260821,6.9,6.9,6.77,6.83,574449.74,392635.83
600841.SH,20260821,5.66,5.66,5.55,5.66,84589.06,47599.407
600843.SH,20260821,6.81,6.95,6.71,6.92,46309.56,31742.397
600844.SH,20260821,3.52,3.56,3.41,3.53,440497.0,154035.879
600845.SH,20260821,17.55,17.59,17.3,17.35,115516.71,200879.941
600846.SH,20260821,11.85,11.88,11.39,11.47,47867.27,55329.806
600847.SH,20260821,12.66,12.97,12.41,12.84,18615.13,23766.77
600848.SH,20260821,8.5,8.51,8.32,8.42,72980.8,61127.826
600850.SH,20260821,14.31,14.46,14.1,14.38,61443.92,87794.868
600851.SH,20260821,8.23,8.96,8.23,8.76,277736.0,239807.028
600853.SH,20260821,3.29,3.3,3.19,3.25,142844.1,46067.941
600854.SH,20260821,4.54,4.58,4.44,4.55,61613.0,27781.42
600855.SH,20260821,11.86,12.01,11.72,11.92,46700.29,55668.79
600857.SH,20260821,20.19,21.0,19.65,20.84,74662.33,152304.63
600858.SH,20260821,4.92,4.92,4.79,4.86,68371.97,33085.115
600859.SH,20260821,9.88,9.89,9.64,9.68,123204.19,119546.483
600860.SH,20260821,8.25,8.31,8.1,8.3,45950.02,37742.406
600861.SH,20260821,13.12,13.15,12.81,12.9,22595.93,29193.266
600862.SH,20260821,17.34,17.47,17.19,17.38,65251.74,113108.332
600863.SH,20260821,4.72,4.73,4.57,4.61,951694.66,440285.058
600864.SH,20260821,5.31,5.44,5.25,5.37,307536.02,163852.697
600865.SH,20260821,8.7,8.7,8.44,8.56,45327.0,38575.978
600866.SH,20260821,4.38,4.39,4.22,4.25,431717.49,184131.207
600867.SH,20260821,8.36,8.38,8.08,8.11,488172.33,398562.383
600868.SH,20260821,2.69,2.74,2.67,2.73,344271.22,93459.781
600869.SH,20260821,16.56,17.3,16.01,16.92,2163410.8,3598340.517
600871.SH,20260821,2.22,2.27,2.21,2.22,1293099.0,289862.343
600872.SH,20260821,18.71,18.73,18.3,18.37,105478.13,194241.154
600873.SH,20260821,7.81,7.83,7.7,7.76,247390.08,191621.145
600874.SH,20260821,5.63,5.64,5.52,5.57,58276.25,32410.809
600875.SH,20260821,25.53,26.27,25.41,26.23,264600.19,686632.368
600876.SH,20260821,6.98,7.14,6.95,7.12,28044.34,19817.905
600877.SH,20260821,12.18,12.34,12.06,12.24,84528.92,103190.414
600879.SH,20260821,14.23,14.69,14.23,14.56,599978.4,870547.421
600880.SH,20260821,3.82,3.84,3.76,3.83,100518.21,38197.544
600881.SH,20260821,1.93,1.99,1.91,1.96,2041590.29,398567.513
600882.SH,20260821,20.77,20.8,20.17,20.17,57461.5,116814.329
600883.SH,20260821,7.8,7.84,7.62,7.81,42962.0,33213.222
600884.SH,20260821,11.53,11.94,11.51,11.93,425026.39,501407.34
600885.SH,20260821,34.55,35.48,34.15,35.14,119280.11,418870.856
600886.SH,20260821,13.92,14.0,13.73,13.76,221734.14,306310.209
600887.SH,20260821,25.45,25.61,25.26,25.4,433182.41,1099774.054
600888.SH,20260821,9.92,10.3,9.76,10.25,617083.79,623985.768
600889.SH,20260821,13.4,13.45,13.14,13.27,18073.0,24015.848
600892.SH,20260821,3.72,3.86,3.68,3.83,222767.0,84356.991
600893.SH,20260821,35.51,36.55,35.33,36.32,172283.94,621034.552
600894.SH,20260821,7.87,7.87,7.7,7.75,34742.11,26963.54
600895.SH,20260821,30.66,31.15,30.33,30.89,172402.93,530421.011
600897.SH,20260821,14.85,14.86,14.58,14.65,16870.48,24727.035
600900.SH,20260821,28.15,28.23,27.93,27.96,635147.24,1779819.532
600901.SH,20260821,6.48,6.57,6.43,6.54,358219.67,233278.655
600903.SH,20260821,6.27,6.45,6.1,6.11,486262.59,303498.664
600905.SH,20260821,3.71,3.72,3.69,3.69,366570.99,135498.642
600906.SH,20260821,6.39,6.45,6.32,6.43,213618.47,136761.292
600908.SH,20260821,5.39,5.46,5.35,5.38,143855.0,77469.748
600909.SH,20260821,8.03,8.21,7.98,8.17,766122.23,622947.539
600916.SH,20260821,7.72,8.16,7.63,8.14,1085553.91,865850.347
600917.SH,20260821,4.85,4.86,4.8,4.82,43785.5,21152.045
600918.SH,20260821,5.59,5.62,5.49,5.54,349829.12,193637.723
600919.SH,20260821,12.06,12.16,11.93,11.94,817325.04,980902.126
600925.SH,20260821,4.34,4.38,4.31,4.35,94043.0,40925.382
600926.SH,20260821,16.82,16.91,16.61,16.63,352818.12,588988.954
600927.SH,20260821,12.95,12.95,12.71,12.88,34352.48,44078.094
600928.SH,20260821,3.55,3.56,3.49,3.54,210303.13,74022.599
600929.SH,20260821,5.22,5.34,5.18,5.31,158694.0,83663.623
600930.SH,20260821,3.9,3.94,3.86,3.93,935703.89,365231.367
600933.SH,20260821,13.68,13.78,13.52,13.73,51090.0,69718.278
600935.SH,20260821,2.26,2.26,2.23,2.26,103300.0,23190.731
600936.SH,20260821,4.84,5.01,4.7,4.94,699827.33,340666.536
600938.SH,20260821,33.55,34.49,33.55,33.86,445399.38,1515581.614
600939.SH,20260821,2.58,2.61,2.52,2.6,99578.29,25568.777
600941.SH,20260821,96.57,96.97,96.09,96.25,62706.77,604745.754
600955.SH,20260821,12.76,12.82,12.45,12.57,41987.58,52832.929
600956.SH,20260821,7.04,7.09,6.99,7.01,42977.71,30206.708
600958.SH,20260821,8.91,8.93,8.85,8.91,268483.31,238912.609
600959.SH,20260821,3.0,3.01,2.96,3.0,156284.57,46650.023
600960.SH,20260821,3.93,4.02,3.89,4.01,79646.43,31586.369
600961.SH,20260821,27.09,28.75,27.09,28.41,642197.65,1814383.28
600962.SH,20260821,25.23,25.55,24.62,25.43,47956.13,120482.295
600963.SH,20260821,3.32,3.39,3.27,3.34,261450.91,87246.331
600965.SH,20260821,2.76,2.77,2.66,2.76,84250.26,22898.156
600966.SH,20260821,4.82,4.85,4.72,4.8,68792.09,32905.096
600967.SH,20260821,10.73,10.84,10.62,10.81,102155.92,109724.482
600968.SH,20260821,4.03,4.06,3.99,4.0,306640.13,123397.967
600969.SH,20260821,8.52,8.79,8.42,8.68,74768.0,64578.015
600970.SH,20260821,7.79,7.79,7.67,7.71,84061.54,64766.197
600971.SH,20260821,8.67,8.76,8.44,8.7,259271.06,223663.29
600973.SH,20260821,5.99,6.08,5.97,6.07,90689.07,54714.55
600975.SH,20260821,4.96,4.97,4.85,4.9,133375.0,65286.442
600976.SH,20260821,28.53,28.53,27.06,27.54,41232.77,113413.371
600977.SH,20260821,11.84,11.95,11.8,11.95,132877.66,158018.331
600979.SH,20260821,3.82,3.85,3.78,3.84,110162.06,42124.097
600980.SH,20260821,19.9,20.07,19.52,20.02,40355.05,80064.674
600981.SH,20260821,2.41,2.42,2.36,2.4,127579.94,30452.19
600982.SH,20260821,4.81,4.81,4.74,4.79,137041.0,65347.911
600983.SH,20260821,7.8,7.86,7.63,7.76,22290.65,17173.795
600985.SH,20260821,17.35,18.57,17.05,18.03,392126.76,710351.723
600986.SH,20260821,7.0,7.08,6.87,7.06,375993.71,263475.575
600987.SH,20260821,6.51,6.53,6.4,6.44,49047.91,31616.208
600988.SH,20260821,46.98,49.88,46.11,49.43,1013614.53,4924164.708
600989.SH,20260821,23.6,24.27,23.36,24.06,836843.72,2001897.827
600990.SH,20260821,17.78,18.04,17.66,17.97,22450.52,40272.23
600992.SH,20260821,9.58,9.68,9.49,9.62,35957.5,34490.102
600993.SH,20260821,23.4,23.4,22.8,23.01,56127.11,129221.719
600995.SH,20260821,12.37,12.44,12.23,12.32,92896.0,114316.632
600996.SH,20260821,6.54,6.61,6.44,6.58,117405.56,76795.51
600997.SH,20260821,5.6,5.62,5.42,5.53,141322.46,78269.935
600998.SH,20260821,5.0,5.02,4.83,4.91,474003.0,232564.449
600999.SH,20260821,17.84,17.9,17.7,17.82,279010.27,497154.711
601000.SH,20260821,4.62,4.64,4.47,4.48,362284.54,164164.568
601001.SH,20260821,17.1,17.58,16.81,16.84,267989.51,459431.173
601002.SH,20260821,5.21,5.3,5.12,5.27,109447.94,57174.248
601003.SH,20260821,3.58,3.6,3.54,3.58,99202.69,35356.54
601005.SH,20260821,1.18,1.19,1.17,1.18,310545.0,36585.903
601006.SH,20260821,4.76,4.77,4.66,4.67,1935995.96,908931.104
601007.SH,20260821,6.74,6.77,6.62,6.71,56510.27,37752.223
601008.SH,20260821,4.39,4.4,4.26,4.33,233933.19,101060.166
601009.SH,20260821,11.9,11.99,11.72,11.78,716125.3,845030.555
601010.SH,20260821,1.42,1.45,1.4,1.43,136219.65,19450.668
601011.SH,20260821,2.88,2.91,2.88,2.88,632731.0,182243.574
601012.SH,20260821,12.36,12.58,12.33,12.42,544475.96,678302.545
601015.SH,20260821,3.57,3.6,3.45,3.56,944998.87,333542.334
601016.SH,20260821,3.38,3.38,3.32,3.36,551619.51,184950.37
601018.SH,20260821,3.4,3.43,3.36,3.38,528389.85,179258.41
601019.SH,20260821,7.0,7.02,6.83,6.88,79956.0,55206.187
601020.SH,20260821,21.43,22.26,21.13,22.14,326951.92,713515.487
601021.SH,20260821,44.15,44.15,43.57,43.59,51288.45,224009.434
601022.SH,20260821,8.2,8.3,8.14,8.29,77604.0,63928.929
601026.SH,20260821,16.05,16.11,15.43,15.6,83685.57,130828.541
601033.SH,20260821,14.35,14.36,14.16,14.23,19544.0,27853.239
601038.SH,20260821,12.86,12.93,12.65,12.7,56486.94,71903.256
601058.SH,20260821,14.0,14.2,13.73,13.82,267181.25,371108.46
601059.SH,20260821,16.41,16.54,16.38,16.44,69475.16,114307.059
601061.SH,20260821,12.2,12.39,11.89,12.0,251233.79,303271.652
601065.SH,20260821,6.79,6.79,6.68,6.75,30329.0,20388.258
601066.SH,20260821,24.82,24.93,24.62,24.78,119954.78,296523.48
601068.SH,20260821,4.4,4.46,4.38,4.45,90100.86,39904.608
601069.SH,20260821,31.52,32.68,31.0,32.07,428912.13,1374270.432
601077.SH,20260821,6.78,6.86,6.75,6.81,424280.5,288838.362
601083.SH,20260821,11.64,12.06,11.52,11.92,151972.58,180865.257
601086.SH,20260821,7.6,7.66,7.36,7.51,66969.97,49898.872
601088.SH,20260821,46.34,46.9,46.29,46.41,181214.01,844225.228
601089.SH,20260821,17.92,17.92,16.65,16.66,148791.0,253663.866
601096.SH,20260821,4.1,4.13,4.07,4.11,135792.7,55634.001
601098.SH,20260821,10.24,10.26,10.08,10.15,67389.45,68248.255
601099.SH,20260821,3.33,3.36,3.3,3.34,606848.98,202284.105
601100.SH,20260821,101.03,105.94,100.7,105.79,77449.83,810276.965
601101.SH,20260821,12.78,12.95,12.41,12.72,464171.22,588725.692
601106.SH,20260821,3.03,3.06,2.99,3.05,311971.0,94507.187
601107.SH,20260821,5.57,5.57,5.48,5.5,81521.56,44897.489
601108.SH,20260821,8.33,8.5,8.24,8.45,516641.54,433901.215
601111.SH,20260821,5.83,5.84,5.79,5.8,327269.32,189872.063
601112.SH,20260821,15.16,15.23,14.93,15.22,33324.73,50361.747
601113.SH,20260821,3.35,3.4,3.3,3.38,89199.47,29938.037
601116.SH,20260821,10.51,10.54,10.27,10.46,132094.43,137437.6
601117.SH,20260821,7.48,7.55,7.42,7.52,452517.67,339036.711
601118.SH,20260821,6.02,6.22,5.73,6.15,1759859.52,1050650.581
601121.SH,20260821,7.29,7.47,7.17,7.45,117310.41,86182.831
601126.SH,20260821,43.31,47.5,43.15,45.45,344385.14,1576301.998
601127.SH,20260821,51.1,51.1,50.35,50.5,139889.09,708483.081
601128.SH,20260821,6.26,6.3,6.21,6.24,384519.6,240142.988
601133.SH,20260821,25.18,25.86,24.69,25.35,78553.76,199119.681
601136.SH,20260821,13.81,13.81,13.63,13.73,50030.29,68603.508
601137.SH,20260821,18.79,19.37,18.66,19.19,159688.86,305698.714
601138.SH,20260821,61.65,63.38,61.38,62.84,794347.85,4961497.062
601139.SH,20260821,6.34,6.36,6.25,6.28,133697.0,84104.746
601155.SH,20260821,11.2,11.32,10.77,10.94,245171.27,268736.193
601156.SH,20260821,18.28,18.69,18.11,18.56,96061.28,177461.046
601158.SH,20260821,4.15,4.15,4.08,4.1,56544.1,23208.319
601162.SH,20260821,3.59,3.62,3.55,3.61,838807.49,301103.896
601163.SH,20260821,13.0,13.0,12.7,12.74,30435.57,38925.897
601166.SH,20260821,18.15,18.28,18.06,18.1,723431.0,1312120.03
601168.SH,20260821,37.0,37.99,36.8,37.85,524686.28,1972495.379
601169.SH,20260821,5.05,5.1,5.04,5.09,1130060.53,573871.931
601177.SH,20260821,13.88,13.95,13.88,13.95,92281.68,128693.98
601179.SH,20260821,12.72,12.95,12.64,12.88,567419.27,729347.183
601186.SH,20260821,6.05,6.05,5.99,6.0,238468.51,143241.312
601187.SH,20260821,7.3,7.34,7.2,7.23,128996.0,93515.059
601188.SH,20260821,2.84,2.85,2.79,2.84,140650.44,39641.429
601198.SH,20260821,13.62,13.75,13.56,13.6,198683.32,271144.819
601199.SH,20260821,6.37,6.52,6.24,6.46,147736.53,93991.476
601200.SH,20260821,6.95,6.98,6.84,6.9,62731.75,43196.042
601208.SH,20260821,45.4,47.17,45.23,45.73,465655.12,2141887.754
601211.SH,20260821,17.47,17.54,17.31,17.38,711601.73,1240235.873
601212.SH,20260821,5.64,6.09,5.56,6.09,3364711.44,2015909.278
601216.SH,20260821,4.43,4.43,4.34,4.38,368088.08,161444.456
601218.SH,20260821,4.38,4.4,4.31,4.38,152766.23,66618.381
601222.SH,20260821,5.47,5.48,5.41,5.45,98430.0,53623.445
601225.SH,20260821,25.44,26.11,25.3,25.73,300705.42,775724.734
601226.SH,20260821,6.1,6.13,5.98,6.11,74878.0,45432.612
601228.SH,20260821,3.05,3.05,2.99,3.01,218348.92,65879.962
601229.SH,20260821,9.85,9.89,9.72,9.74,386031.73,377402.877
601231.SH,20260821,27.01,27.88,26.73,27.22,190865.39,522119.614
601233.SH,20260821,23.61,24.78,23.08,24.71,413575.48,994083.589
601236.SH,20260821,6.81,6.82,6.73,6.76,73294.0,49523.906
601238.SH,20260821,5.31,5.34,5.08,5.11,609553.13,314156.514
601279.SH,20260821,3.21,3.23,3.16,3.21,67899.0,21699.993
601288.SH,20260821,6.79,6.85,6.73,6.78,3646617.86,2469445.603
601298.SH,20260821,8.9,9.01,8.84,8.87,66850.85,59448.886
601311.SH,20260821,7.7,7.74,7.6,7.67,77926.0,59739.257
601318.SH,20260821,53.01,53.59,52.8,53.35,1115990.29,5940991.679
601319.SH,20260821,6.92,6.99,6.91,6.95,506660.97,352337.725
601326.SH,20260821,3.39,3.39,3.33,3.33,156798.99,52521.261
601328.SH,20260821,7.12,7.17,7.09,7.12,1326156.98,946369.92
601330.SH,20260821,7.0,7.01,6.94,6.99,37720.49,26302.95
601333.SH,20260821,2.96,2.96,2.89,2.9,632335.81,184220.404
601336.SH,20260821,58.36,59.09,57.96,58.79,187127.69,1097080.116
601339.SH,20260821,7.9,7.96,7.77,7.88,54771.0,42940.179
601360.SH,20260821,8.73,8.79,8.63,8.76,553699.69,483352.426
601366.SH,20260821,3.65,3.69,3.52,3.55,195184.42,69650.483
601368.SH,20260821,4.59,4.62,4.5,4.6,50351.0,22942.099
601369.SH,20260821,8.73,8.78,8.67,8.73,59965.0,52316.56
601375.SH,20260821,4.02,4.02,3.96,3.99,214510.0,85566.518
601377.SH,20260821,5.78,5.81,5.73,5.79,385049.52,222264.562
601388.SH,20260821,3.28,3.31,3.25,3.31,296469.25,97298.846
601390.SH,20260821,4.35,4.35,4.29,4.3,676138.17,291213.867
601398.SH,20260821,7.75,7.84,7.75,7.77,2665293.15,2075489.886
601399.SH,20260821,3.08,3.11,3.06,3.1,415685.22,128507.432
601456.SH,20260821,8.8,8.8,8.72,8.75,102364.4,89644.624
601500.SH,20260821,4.04,4.04,3.94,3.96,141143.83,56002.338
601512.SH,20260821,7.79,7.8,7.6,7.66,32822.0,25126.959
601515.SH,20260821,3.29,3.41,3.24,3.36,165436.4,55186.441
601518.SH,20260821,2.77,2.77,2.74,2.75,79789.2,21950.475
601519.SH,20260821,7.68,8.04,7.63,7.99,396946.11,311852.042
601528.SH,20260821,4.93,4.94,4.85,4.87,118147.08,57652.801
601555.SH,20260821,7.89,7.92,7.79,7.83,285571.48,223802.806
601566.SH,20260821,8.44,8.45,8.28,8.37,44980.7,37545.607
601567.SH,20260821,15.03,15.06,14.76,14.84,78932.79,117318.8
601568.SH,20260821,3.7,3.72,3.65,3.7,134742.56,49741.986
601577.SH,20260821,9.54,9.64,9.46,9.52,170485.47,162378.055
601579.SH,20260821,18.36,19.08,18.27,18.66,161712.91,301550.265
601588.SH,20260821,1.72,1.72,1.67,1.69,289359.33,48960.439
601595.SH,20260821,16.35,16.38,16.15,16.35,32649.0,53160.454
601598.SH,20260821,6.64,6.66,6.47,6.52,148973.8,97278.583
601599.SH,20260821,3.04,3.04,2.98,3.02,106983.22,32137.708
601600.SH,20260821,9.12,9.42,9.11,9.42,1771316.0,1650187.727
601601.SH,20260821,30.25,30.75,30.17,30.42,461044.73,1404202.336
601606.SH,20260821,30.3,30.35,29.7,30.15,147951.03,444072.692
601607.SH,20260821,16.52,16.6,16.1,16.19,194858.36,316872.768
601608.SH,20260821,4.6,4.68,4.59,4.66,210762.98,97800.84
601609.SH,20260821,12.86,13.46,12.78,13.23,1061057.75,1401406.868
601611.SH,20260821,10.66,10.75,10.59,10.71,167253.67,178839.36
601615.SH,20260821,10.68,11.14,10.58,10.95,370711.0,403619.867
601616.SH,20260821,3.73,3.82,3.69,3.82,262328.0,99430.92
601618.SH,20260821,2.58,2.59,2.54,2.55,544662.96,139189.047
601619.SH,20260821,4.07,4.11,4.04,4.08,289293.22,117993.063
601628.SH,20260821,36.93,37.3,36.77,37.03,325060.48,1204357.368
601633.SH,20260821,15.53,15.53,15.17,15.21,125225.03,191303.008
601636.SH,20260821,5.89,6.02,5.78,5.94,497013.98,295393.978
601658.SH,20260821,4.96,4.98,4.95,4.98,895198.4,444641.614
601665.SH,20260821,6.51,6.57,6.45,6.52,398540.17,258911.665
601666.SH,20260821,9.37,9.76,9.28,9.61,355348.63,340880.094
601668.SH,20260821,4.43,4.44,4.38,4.39,1506154.05,662329.466
601669.SH,20260821,4.62,4.63,4.59,4.61,549444.19,253037.936
601677.SH,20260821,16.65,16.88,16.46,16.62,212077.85,353020.68
601678.SH,20260821,6.48,6.51,6.33,6.47,803028.43,516821.361
601686.SH,20260821,5.15,5.17,5.09,5.15,44292.68,22679.695
601688.SH,20260821,18.4,18.61,18.33,18.6,436240.61,807125.308
601689.SH,20260821,46.0,46.92,45.75,46.92,117439.46,545615.955
601696.SH,20260821,11.58,11.72,11.42,11.62,200980.09,232633.666
601698.SH,20260821,24.18,24.65,24.1,24.43,174129.97,424855.429
601699.SH,20260821,16.25,16.82,16.1,16.69,337980.21,561194.454
601700.SH,20260821,7.53,7.57,6.76,7.01,2065416.76,1440705.806
601702.SH,20260821,16.15,16.22,15.86,16.02,83888.0,134658.785
601717.SH,20260821,15.0,15.01,14.72,14.87,275735.51,408632.232
601718.SH,20260821,1.83,1.84,1.81,1.83,152829.0,27928.894
601727.SH,20260821,6.49,6.54,6.42,6.53,368301.17,239086.776
601728.SH,20260821,6.51,6.65,6.43,6.43,1064032.71,693868.603
601766.SH,20260821,6.16,6.22,6.04,6.04,1386217.0,846277.298
601777.SH,20260821,8.19,8.2,7.97,8.04,203567.42,163942.937
601778.SH,20260821,3.56,3.62,3.51,3.6,891611.01,319428.283
601788.SH,20260821,14.22,14.27,14.16,14.23,89474.03,127167.549
601789.SH,20260821,4.21,4.25,4.15,4.23,276163.17,116221.803
601798.SH,20260821,7.56,7.75,7.51,7.73,41156.47,31434.902
601799.SH,20260821,88.22,88.45,86.28,86.5,25636.19,222788.718
601800.SH,20260821,5.89,5.92,5.84,5.86,205687.77,120696.174
601801.SH,20260821,5.47,5.54,5.37,5.5,128466.02,69942.777
601808.SH,20260821,12.4,12.59,12.28,12.46,191911.0,239377.69
601811.SH,20260821,11.98,12.0,11.8,11.9,18513.09,21984.005
601816.SH,20260821,4.96,4.98,4.86,4.87,964619.23,473709.194
601818.SH,20260821,3.01,3.04,3.01,3.02,1450902.74,438243.813
601825.SH,20260821,8.72,8.89,8.72,8.76,220290.3,193854.577
601827.SH,20260821,8.28,8.28,8.09,8.19,55757.0,45515.963
601828.SH,20260821,2.17,2.18,2.12,2.14,334093.59,71514.946
601838.SH,20260821,18.55,18.72,18.51,18.65,189954.73,353739.482
601857.SH,20260821,11.05,11.39,11.05,11.2,1373368.36,1546461.378
601858.SH,20260821,21.77,22.25,21.31,22.07,75226.68,164485.276
601860.SH,20260821,2.54,2.56,2.51,2.52,450418.0,113945.055
601865.SH,20260821,10.3,10.65,10.15,10.56,232416.82,242703.118
601866.SH,20260821,2.37,2.4,2.35,2.39,622941.5,148449.714
601868.SH,20260821,2.52,2.52,2.5,2.51,1252013.67,314519.86
601869.SH,20260821,355.0,366.9,350.88,363.6,98439.19,3545818.635
601872.SH,20260821,18.49,20.1,18.49,19.78,1936048.54,3808373.132
601877.SH,20260821,26.77,26.77,25.75,25.82,523135.83,1365121.158
601878.SH,20260821,9.18,9.22,9.13,9.17,110053.0,100887.168
601880.SH,20260821,1.46,1.47,1.45,1.45,372586.11,54216.445
601881.SH,20260821,11.91,12.1,11.86,12.07,196784.85,236182.366
601882.SH,20260821,20.42,20.43,20.05,20.1,48453.0,97788.667
601886.SH,20260821,12.5,13.26,12.33,13.09,287326.64,370925.566
601888.SH,20260821,52.92,52.98,52.02,52.29,172428.16,901540.551
601890.SH,20260821,8.4,8.52,8.3,8.5,158720.0,134001.844
601898.SH,20260821,14.3,14.53,14.14,14.3,396677.44,569438.417
601899.SH,20260821,34.25,34.87,33.6,34.74,3007016.9,10338560.003
601900.SH,20260821,11.75,11.83,11.61,11.75,42495.0,49833.451
601901.SH,20260821,6.73,6.76,6.69,6.72,273144.35,183392.954
601908.SH,20260821,2.95,2.99,2.92,2.97,217257.08,64153.099
601916.SH,20260821,2.94,2.96,2.91,2.92,905594.6,265046.275
601918.SH,20260821,9.91,10.2,9.83,10.1,290784.67,292236.787
601919.SH,20260821,16.7,17.08,16.64,17.01,1121880.3,1898838.124
601921.SH,20260821,7.43,7.53,7.31,7.33,130788.11,96546.36
601928.SH,20260821,9.01,9.02,8.78,8.79,106151.69,94165.853
601929.SH,20260821,2.27,2.3,2.23,2.29,452995.5,102688.959
601933.SH,20260821,3.14,3.15,3.05,3.07,1290898.51,396435.642
601939.SH,20260821,10.56,10.64,10.43,10.53,960206.67,1010236.743
601949.SH,20260821,5.13,5.14,5.04,5.09,71786.0,36467.076
601952.SH,20260821,8.84,8.85,8.42,8.44,266190.0,226074.974
601956.SH,20260821,4.95,5.0,4.91,4.98,50446.9,25044.252
601958.SH,20260821,21.8,22.22,21.68,21.94,370253.69,813126.722
601963.SH,20260821,11.23,11.27,11.03,11.09,160718.76,178749.904
601965.SH,20260821,14.19,14.2,13.87,14.04,45001.22,62983.198
601966.SH,20260821,11.12,11.12,10.88,10.9,84309.6,92243.476
601968.SH,20260821,4.41,4.46,4.32,4.37,55530.43,24210.177
601969.SH,20260821,9.14,9.48,9.12,9.46,161191.0,151091.232
601975.SH,20260821,3.77,4.02,3.75,3.97,2931887.83,1151240.013
601985.SH,20260821,8.72,8.73,8.7,8.71,349830.22,304644.111
601988.SH,20260821,6.03,6.09,6.02,6.05,1938126.63,1173944.187
601990.SH,20260821,6.6,6.61,6.53,6.56,101780.92,66734.715
601991.SH,20260821,6.0,6.0,5.82,5.91,2131219.91,1258899.621
601992.SH,20260821,1.38,1.39,1.37,1.38,149862.0,20673.716
601995.SH,20260821,34.0,34.17,33.9,34.06,93015.56,316551.665
601996.SH,20260821,2.44,2.54,2.37,2.53,229030.82,56494.899
601997.SH,20260821,5.75,5.78,5.69,5.73,386955.47,221402.806
601998.SH,20260821,8.28,8.44,8.28,8.39,610395.44,512145.027
601999.SH,20260821,6.0,6.11,5.91,6.1,58430.0,35271.719
603000.SH,20260821,15.96,16.0,15.73,15.93,71335.78,113059.696
603001.SH,20260821,8.15,8.44,7.92,8.25,153921.0,126560.323
603002.SH,20260821,16.28,16.85,15.89,16.52,578872.27,955338.463
603004.SH,20260821,20.0,20.15,19.7,19.9,16764.29,33422.993
603005.SH,20260821,32.85,33.36,32.18,32.75,237241.43,778106.384
603006.SH,20260821,11.16,11.41,10.89,11.37,28775.5,32215.226
603007.SH,20260821,4.56,4.64,4.49,4.62,117436.34,53711.702
603008.SH,20260821,8.02,8.22,7.95,8.18,56664.37,45901.071
603009.SH,20260821,45.19,45.66,43.84,44.85,74383.27,334254.419
603010.SH,20260821,11.9,11.94,11.41,11.76,65918.1,77100.209
603011.SH,20260821,23.01,23.96,22.68,23.78,339482.68,795717.946
603012.SH,20260821,8.73,8.82,8.5,8.79,192247.36,166883.275
603013.SH,20260821,16.25,16.25,15.99,16.23,11447.0,18430.901
603014.SH,20260821,33.1,33.42,32.43,32.49,15622.01,50967.742
603015.SH,20260821,11.0,11.05,10.7,10.84,63432.76,68767.109
603016.SH,20260821,31.0,31.09,29.25,30.08,93426.5,279874.792
603017.SH,20260821,9.44,9.5,9.28,9.44,34100.0,32081.711
603018.SH,20260821,5.23,5.24,5.15,5.21,56639.0,29412.715
603019.SH,20260821,83.88,84.65,83.29,84.11,220448.53,1852548.873
603020.SH,20260821,9.95,10.13,9.8,10.06,33241.4,33157.53
603021.SH,20260821,5.3,5.41,5.18,5.34,69548.2,36856.759
603022.SH,20260821,8.75,8.83,8.55,8.81,22814.0,19834.794
603023.SH,20260821,4.0,4.09,3.94,4.06,92928.0,37395.979
603025.SH,20260821,13.88,13.88,13.71,13.81,84813.47,117024.85
603026.SH,20260821,63.33,66.36,62.72,65.27,87115.36,566477.642
603027.SH,20260821,7.35,7.36,7.18,7.22,119941.32,86560.956
603028.SH,20260821,6.97,7.05,6.84,7.01,23453.0,16334.473
603029.SH,20260821,15.82,15.98,15.5,15.82,19685.0,31040.175
603030.SH,20260821,2.06,2.09,2.01,2.09,267734.0,54974.181
603031.SH,20260821,38.91,39.8,38.25,39.18,83055.35,324642.776
603032.SH,20260821,17.98,18.54,17.63,18.38,47707.23,86982.959
603033.SH,20260821,7.65,7.71,7.39,7.58,58936.0,44663.432
603035.SH,20260821,11.1,11.1,10.95,11.02,28707.19,31654.526
603036.SH,20260821,15.8,16.05,15.0,15.79,199614.0,314144.105
603037.SH,20260821,9.97,10.23,9.93,10.19,22858.79,23082.867
603038.SH,20260821,16.59,16.82,16.12,16.74,121492.72,201149.744
603039.SH,20260821,41.59,43.19,40.92,42.9,196521.85,832116.603
603040.SH,20260821,53.41,54.72,52.5,54.06,9991.61,53723.157
603041.SH,20260821,11.09,11.19,10.76,11.14,12799.0,14132.437
603042.SH,20260821,13.66,13.98,13.5,13.82,87014.56,120245.252
603043.SH,20260821,13.89,13.89,13.5,13.5,38849.22,52807.798
603045.SH,20260821,51.91,57.24,51.36,57.24,85436.13,477820.95
603048.SH,20260821,19.61,22.1,19.61,21.44,17387.0,37484.881
603049.SH,20260821,50.22,50.39,49.13,49.26,20777.86,102741.411
603050.SH,20260821,18.38,18.72,18.21,18.53,24948.73,45794.314
603051.SH,20260821,21.32,21.62,20.43,21.17,53720.78,112624.425
603052.SH,20260821,55.01,61.46,55.0,61.46,45258.8,271758.774
603053.SH,20260821,8.74,8.8,8.68,8.71,20124.0,17570.652
603055.SH,20260821,8.75,8.75,8.59,8.71,62130.0,53761.763
603057.SH,20260821,22.12,22.23,21.41,21.84,17378.52,37977.052
603058.SH,20260821,8.98,9.07,8.78,8.94,60785.36,54158.226
603059.SH,20260821,25.8,25.84,24.9,25.57,11770.0,29807.331
603060.SH,20260821,5.47,5.54,5.4,5.49,40191.54,21889.129
603061.SH,20260821,348.03,371.98,338.9,365.99,56857.92,2004138.215
603062.SH,20260821,39.15,39.6,38.92,39.44,2353.8,9227.541
603063.SH,20260821,31.35,32.5,30.97,31.72,145497.34,461604.397
603065.SH,20260821,15.66,17.33,15.48,17.33,346818.0,585270.279
603066.SH,20260821,9.02,9.07,8.87,9.0,37491.14,33601.502
603067.SH,20260821,33.86,34.35,32.85,34.18,153708.89,521000.695
603068.SH,20260821,40.4,41.42,37.68,38.6,135249.44,527194.598
603069.SH,20260821,12.93,12.99,12.66,12.92,25361.87,32573.467
603070.SH,20260821,11.52,11.62,11.38,11.61,19904.94,22907.235
603071.SH,20260821,12.35,12.64,12.35,12.46,60483.71,75490.544
603072.SH,20260821,32.29,32.3,31.11,31.51,17460.0,55064.583
603073.SH,20260821,16.58,16.78,16.32,16.73,12333.79,20419.759
603075.SH,20260821,18.91,19.25,18.66,19.25,17806.85,33900.479
603076.SH,20260821,20.4,20.74,20.15,20.44,15962.0,32572.224
603077.SH,20260821,2.37,2.39,2.32,2.37,1199296.02,282707.708
603078.SH,20260821,35.6,36.36,34.38,36.08,231932.91,828126.322
603079.SH,20260821,13.01,14.03,12.8,14.03,119101.36,160811.789
603080.SH,20260821,19.31,19.59,19.2,19.39,15908.0,30858.899
603081.SH,20260821,9.35,9.42,9.2,9.41,22849.8,21320.23
603082.SH,20260821,39.22,41.36,38.51,40.9,40895.18,164449.715
603083.SH,20260821,179.14,190.85,177.48,180.97,263010.01,4834369.326
603085.SH,20260821,9.8,10.05,9.74,9.93,37946.4,37420.077
603086.SH,20260821,5.6,5.66,5.48,5.64,54590.35,30424.301
603087.SH,20260821,70.03,71.7,68.1,68.43,160080.03,1109789.729
603088.SH,20260821,8.84,9.71,8.73,9.61,184115.95,172962.495
603089.SH,20260821,9.5,9.89,9.21,9.57,114975.31,109031.523
603090.SH,20260821,36.71,38.33,36.13,37.7,22066.73,82649.061
603091.SH,20260821,49.3,50.65,49.0,49.49,5992.01,29848.223
603092.SH,20260821,46.0,46.0,42.9,43.11,41115.44,178912.432
603093.SH,20260821,11.22,11.42,11.06,11.3,91501.31,103102.965
603095.SH,20260821,13.91,15.26,13.91,15.26,78209.75,116838.526
603096.SH,20260821,15.2,15.3,14.88,15.06,15355.6,23115.807
603097.SH,20260821,18.44,19.84,18.13,19.62,37237.4,71579.619
603098.SH,20260821,10.13,10.16,9.93,10.05,29799.41,29924.579
603099.SH,20260821,39.47,40.27,39.01,39.73,70153.29,278186.072
603100.SH,20260821,17.41,17.44,17.24,17.36,23519.0,40778.75
603101.SH,20260821,7.3,7.38,7.07,7.16,97549.24,69969.543
603102.SH,20260821,43.23,44.8,39.72,39.72,68960.0,284086.91
603103.SH,20260821,14.57,14.64,14.38,14.54,34832.92,50547.957
603105.SH,20260821,6.93,7.05,6.88,7.04,42386.83,29603.542
603106.SH,20260821,7.1,7.4,7.01,7.36,238516.6,173003.533
603107.SH,20260821,11.8,11.88,11.67,11.82,16373.61,19245.428
603108.SH,20260821,10.19,10.26,9.75,9.87,266339.26,265231.804
603109.SH,20260821,17.37,17.57,17.1,17.53,12656.33,22021.747
603110.SH,20260821,25.0,25.94,24.56,25.5,106701.4,269495.709
603111.SH,20260821,5.76,5.77,5.67,5.75,31007.41,17745.844
603112.SH,20260821,16.07,16.45,15.5,16.25,129171.57,207182.867
603113.SH,20260821,5.28,5.35,5.02,5.09,449629.0,230826.402
603115.SH,20260821,76.58,79.8,74.86,78.37,65628.91,510158.516
603116.SH,20260821,6.31,6.33,6.12,6.26,51852.95,32338.726
603117.SH,20260821,3.8,3.85,3.72,3.83,67855.29,25684.996
603118.SH,20260821,17.17,18.49,17.1,17.79,1493808.84,2648535.363
603119.SH,20260821,49.67,50.15,48.5,49.89,60026.92,297335.781
603120.SH,20260821,47.67,48.7,46.33,48.22,14467.63,69255.603
603121.SH,20260821,12.2,12.46,12.03,12.33,36198.38,44459.359
603122.SH,20260821,12.48,12.5,11.82,11.85,205447.83,245323.566
603123.SH,20260821,9.54,10.0,9.39,9.46,731269.4,704123.374
603124.SH,20260821,131.73,135.8,127.8,132.42,41347.37,547347.45
603125.SH,20260821,22.77,23.06,22.31,23.02,27907.96,63680.768
603126.SH,20260821,5.95,6.02,5.85,5.99,49135.29,29152.777
603127.SH,20260821,50.24,51.46,48.66,49.27,519079.34,2589876.762
603128.SH,20260821,5.36,5.37,5.3,5.33,55533.42,29571.482
603129.SH,20260821,313.21,316.96,305.19,309.01,12729.98,394560.998
603130.SH,20260821,40.3,40.41,39.27,40.07,6592.62,26341.541
603131.SH,20260821,14.3,14.57,14.16,14.47,45323.81,65291.551
603132.SH,20260821,18.3,18.97,18.04,18.94,67275.38,125262.267
603135.SH,20260821,8.94,9.1,8.78,9.05,45935.99,41247.703
603136.SH,20260821,9.09,9.16,8.92,9.04,43063.85,38813.84
603137.SH,20260821,23.5,23.76,22.73,23.39,148255.87,345213.85
603138.SH,20260821,12.8,12.95,12.56,12.92,32035.11,41024.16
603139.SH,20260821,34.84,35.36,34.18,34.88,15812.0,55023.39
603150.SH,20260821,52.83,54.88,51.06,53.91,14728.26,78875.068
603151.SH,20260821,15.75,15.78,15.33,15.6,37634.62,58475.441
603153.SH,20260821,13.13,13.15,12.91,13.12,9621.16,12531.166
603155.SH,20260821,13.59,13.76,13.28,13.75,56571.64,76956.369
603156.SH,20260821,51.66,53.6,49.8,53.03,180903.65,928236.585
603158.SH,20260821,9.72,10.2,9.54,10.07,170037.56,169816.672
603159.SH,20260821,21.04,22.18,20.73,21.8,31959.4,69264.686
603160.SH,20260821,49.2,49.38,48.44,48.87,56458.02,275173.564
603161.SH,20260821,15.55,16.08,15.3,15.93,47711.1,75092.198
603162.SH,20260821,11.72,12.68,11.66,12.34,425686.42,525743.042
603163.SH,20260821,82.54,83.79,80.9,82.29,27873.5,229523.364
603165.SH,20260821,13.85,13.86,13.56,13.82,20358.33,27931.452
603166.SH,20260821,10.89,11.07,10.6,10.97,78853.27,86156.896
603167.SH,20260821,8.7,8.71,8.62,8.68,24317.22,21056.789
603168.SH,20260821,5.7,5.7,5.47,5.58,79456.64,44128.713
603169.SH,20260821,6.27,6.32,6.18,6.29,73522.0,46065.535
603170.SH,20260821,12.58,12.58,12.22,12.28,20069.0,24707.048
603171.SH,20260821,43.76,44.25,42.07,42.58,61665.16,263959.667
603172.SH,20260821,17.55,17.6,17.09,17.5,13088.0,22686.527
603173.SH,20260821,31.32,31.53,30.66,31.46,8269.23,25671.232
603175.SH,20260821,90.0,93.66,87.81,91.88,18182.72,165971.097
603176.SH,20260821,4.87,4.96,4.78,4.91,34374.0,16771.935
603177.SH,20260821,10.61,10.78,10.18,10.42,143333.0,148517.503
603178.SH,20260821,15.88,16.27,15.76,16.07,52691.95,84683.165
603179.SH,20260821,34.6,36.83,34.5,36.73,180420.13,645176.205
603180.SH,20260821,15.45,15.6,15.18,15.38,12214.72,18764.839
603181.SH,20260821,12.73,12.76,12.45,12.67,34800.19,43881.334
603182.SH,20260821,13.19,13.27,12.91,13.16,28227.0,36894.6
603183.SH,20260821,4.58,4.78,4.52,4.77,132289.49,61526.029
603185.SH,20260821,16.6,16.95,16.51,16.83,48760.3,81954.463
603186.SH,20260821,163.38,180.4,163.38,172.37,268412.16,4631855.023
603187.SH,20260821,11.16,11.16,10.92,10.97,70449.61,77369.789
603188.SH,20260821,4.59,4.6,4.46,4.58,136713.0,62025.28
603189.SH,20260821,9.08,9.2,8.9,9.02,30658.0,27616.966
603190.SH,20260821,16.58,16.69,16.26,16.5,11198.0,18408.81
603191.SH,20260821,14.55,14.8,14.27,14.73,77011.53,112428.774
603192.SH,20260821,20.0,20.25,19.75,20.13,11506.97,23056.874
603193.SH,20260821,22.46,22.8,20.87,20.96,78555.48,170634.935
603194.SH,20260821,33.13,33.42,33.01,33.27,5896.85,19578.54
603195.SH,20260821,39.92,40.13,39.42,40.0,28387.92,113007.272
603196.SH,20260821,19.49,19.69,19.1,19.61,12805.94,25025.908
603197.SH,20260821,30.33,30.71,30.0,30.68,20258.81,61617.809
603198.SH,20260821,39.7,39.85,38.9,38.97,55433.0,216815.483
603199.SH,20260821,34.26,34.26,33.12,33.45,34716.92,116318.671
603200.SH,20260821,34.88,35.98,34.63,35.57,28159.94,99965.403
603201.SH,20260821,15.15,15.2,14.82,15.13,19950.2,30042.999
603202.SH,20260821,51.59,52.0,51.0,51.15,7135.0,36530.193
603203.SH,20260821,42.6,44.34,42.08,43.63,55310.71,240363.453
603205.SH,20260821,21.94,21.94,21.36,21.51,7575.77,16304.052
603206.SH,20260821,13.6,13.74,13.4,13.69,22905.44,31204.774
603207.SH,20260821,24.1,24.8,23.37,23.46,57048.75,135968.875
603208.SH,20260821,11.4,11.48,11.16,11.4,22588.39,25594.361
603209.SH,20260821,14.06,14.55,13.84,14.42,126114.99,179709.833
603210.SH,20260821,13.52,13.58,13.25,13.28,24544.8,32744.929
603211.SH,20260821,22.91,23.36,22.51,23.07,97789.21,224721.819
603212.SH,20260821,11.38,11.59,11.28,11.51,48835.0,56079.615
603213.SH,20260821,13.81,14.05,13.71,13.97,27883.0,38816.586
603214.SH,20260821,13.85,13.92,13.54,13.81,16720.0,22910.979
603215.SH,20260821,14.42,14.51,14.08,14.34,9458.0,13545.127
603216.SH,20260821,21.07,21.28,20.49,21.06,51437.39,107478.711
603217.SH,20260821,26.8,27.75,26.0,26.5,51984.57,138858.905
603218.SH,20260821,9.69,9.69,9.59,9.64,29994.84,28914.149
603219.SH,20260821,13.49,13.75,13.3,13.52,21162.4,28679.696
603220.SH,20260821,17.71,18.74,17.51,18.47,261002.7,474719.099
603221.SH,20260821,27.3,28.35,25.76,26.26,229878.8,620551.398
603222.SH,20260821,8.34,8.49,8.16,8.22,203158.28,168591.261
603223.SH,20260821,10.5,10.6,10.38,10.46,61629.37,64714.365
603225.SH,20260821,18.75,19.2,18.36,19.02,192145.94,360664.919
603226.SH,20260821,44.7,45.3,43.27,44.6,16173.16,72146.445
603227.SH,20260821,7.69,7.74,7.57,7.65,62391.95,47695.248
603228.SH,20260821,88.4,96.82,88.4,94.84,438910.28,4112276.823
603229.SH,20260821,8.27,8.34,7.99,8.1,116649.37,94818.93
603230.SH,20260821,9.19,9.19,9.02,9.08,14178.0,12874.055
603231.SH,20260821,16.1,16.15,15.65,16.09,29964.01,47481.993
603232.SH,20260821,14.55,14.78,14.33,14.74,50148.0,73208.405
603233.SH,20260821,18.1,18.18,17.61,17.66,58482.6,103615.497
603235.SH,20260821,23.3,23.38,22.78,22.9,5176.0,11863.28
603236.SH,20260821,59.28,60.33,57.0,58.01,177531.59,1036122.38
603237.SH,20260821,14.18,14.28,13.98,14.15,11205.0,15798.885
603238.SH,20260821,12.3,12.35,12.1,12.3,15172.0,18541.916
603239.SH,20260821,14.25,14.44,14.25,14.35,19465.13,27938.574
603248.SH,20260821,18.4,18.4,17.98,18.11,19539.05,35442.969
603255.SH,20260821,27.57,28.01,27.1,27.55,10206.0,28061.051
603256.SH,20260821,137.42,143.03,134.31,140.41,145909.57,2035374.682
603257.SH,20260821,62.0,64.15,61.19,63.99,13162.69,82705.759
603258.SH,20260821,12.56,12.69,12.4,12.65,19217.05,24158.335
603259.SH,20260821,164.0,166.39,162.11,162.86,572445.17,9385096.691
603260.SH,20260821,34.98,35.45,34.53,35.19,60993.96,214006.986
603261.SH,20260821,50.4,50.83,48.96,50.67,12698.0,63534.615
603262.SH,20260821,17.9,17.94,17.6,17.67,23065.01,40810.385
603266.SH,20260821,15.39,15.78,15.33,15.61,17324.0,26909.243
603267.SH,20260821,47.9,49.44,47.55,49.19,51401.69,251132.61
603268.SH,20260821,176.21,186.6,176.03,182.81,60836.02,1117895.614
603269.SH,20260821,17.4,18.18,17.09,17.81,172131.87,306728.525
603270.SH,20260821,27.71,28.26,26.98,27.87,21317.3,59179.289
603271.SH,20260821,42.99,43.38,42.5,43.34,13448.75,57964.776
603272.SH,20260821,13.74,14.35,13.33,14.25,34517.0,47863.306
603273.SH,20260821,14.39,14.73,14.22,14.5,23826.91,34466.603
603275.SH,20260821,35.41,35.65,34.71,35.52,4801.93,16972.101
603276.SH,20260821,16.38,16.39,15.75,16.13,25888.48,41432.818
603277.SH,20260821,11.78,12.8,11.27,12.5,115732.95,139829.234
603278.SH,20260821,8.81,9.09,8.71,9.06,82542.41,73869.5
603279.SH,20260821,12.53,12.55,12.26,12.47,51703.6,64120.404
603280.SH,20260821,26.88,26.88,25.78,26.56,22555.06,59222.141
603281.SH,20260821,18.98,19.48,18.87,19.33,35602.03,68662.423
603282.SH,20260821,15.42,15.66,15.22,15.61,13183.0,20406.313
603283.SH,20260821,46.56,47.82,45.77,46.75,162694.42,761132.989
603284.SH,20260821,42.24,42.52,41.4,41.8,17992.44,75314.05
603285.SH,20260821,38.41,38.41,34.7,35.65,112837.97,402605.88
603286.SH,20260821,40.68,41.35,40.17,41.06,18635.94,76202.857
603288.SH,20260821,35.58,35.69,34.65,35.05,160639.29,562650.489
603289.SH,20260821,8.68,8.7,8.54,8.65,32369.57,27958.782
603290.SH,20260821,95.61,99.92,95.61,97.96,163215.21,1604339.545
603291.SH,20260821,9.25,9.45,8.94,9.43,64834.12,59640.467
603293.SH,20260821,35.1,35.15,34.6,34.9,7596.11,26493.849
603296.SH,20260821,78.0,79.17,77.5,78.24,155159.13,1215674.441
603297.SH,20260821,106.68,109.66,105.28,106.87,12792.28,137560.123
603298.SH,20260821,26.34,26.35,25.71,25.9,31457.16,81656.098
603299.SH,20260821,9.09,9.12,8.94,8.98,45211.3,40666.463
603300.SH,20260821,4.84,4.85,4.74,4.77,299349.8,143150.448
603301.SH,20260821,82.47,82.7,80.61,81.82,12808.0,104552.55
603303.SH,20260821,23.18,23.48,21.85,22.97,41760.2,95289.58
603305.SH,20260821,11.2,11.28,11.08,11.23,112122.49,125492.802
603306.SH,20260821,74.2,75.65,72.24,74.26,105087.53,781333.567
603307.SH,20260821,25.28,26.0,24.82,25.61,7820.71,19911.425
603308.SH,20260821,44.5,45.36,43.66,44.28,211076.03,939236.115
603309.SH,20260821,11.86,11.9,11.55,11.56,67526.22,78658.516
603310.SH,20260821,14.8,14.8,14.62,14.7,9817.39,14423.016
603311.SH,20260821,28.72,29.49,28.29,28.98,30305.0,87524.257
603312.SH,20260821,30.68,31.2,30.2,31.06,7328.23,22561.951
603313.SH,20260821,6.1,6.16,5.99,6.08,105091.72,63673.782
603315.SH,20260821,11.65,11.69,11.24,11.67,36492.0,42062.728
603316.SH,20260821,13.91,14.18,13.63,14.05,67765.0,94935.343
603317.SH,20260821,14.69,14.71,13.4,13.44,207853.05,286216.758
603318.SH,20260821,8.72,9.54,8.67,9.54,441886.3,416796.181
603319.SH,20260821,24.61,26.45,23.74,26.22,189363.09,474641.129
603320.SH,20260821,16.63,16.67,16.09,16.54,11829.0,19457.862
603321.SH,20260821,6.35,6.35,6.2,6.32,27217.72,17089.677
603322.SH,20260821,26.21,26.47,25.83,26.21,30695.4,80107.338
603323.SH,20260821,4.21,4.23,4.17,4.19,211154.22,88494.515
603324.SH,20260821,27.21,27.86,26.6,27.45,40276.02,110107.016
603325.SH,20260821,52.52,52.55,51.5,52.38,2905.79,15100.735
603326.SH,20260821,6.99,7.02,6.76,6.99,41833.0,28870.617
603327.SH,20260821,8.85,9.7,8.73,9.33,547287.05,508118.431
603328.SH,20260821,11.03,11.22,10.91,11.07,146373.0,162115.305
603329.SH,20260821,10.52,10.64,10.26,10.44,32263.99,33519.804
603330.SH,20260821,8.59,9.97,8.59,9.97,1172898.78,1127323.852
603331.SH,20260821,12.39,12.55,12.35,12.49,31992.9,39909.862
603332.SH,20260821,11.4,11.68,11.25,11.61,52494.0,60238.255
603333.SH,20260821,9.56,9.85,9.4,9.85,186056.41,182185.418
603334.SH,20260821,34.29,34.49,32.35,32.67,33636.56,110552.802
603335.SH,20260821,6.5,6.75,6.39,6.73,115469.5,75893.447
603336.SH,20260821,9.1,9.32,8.82,9.25,173980.0,157750.185
603337.SH,20260821,37.19,38.0,36.9,37.9,29780.43,111792.237
603338.SH,20260821,54.23,54.3,53.0,53.76,31623.54,169933.099
603339.SH,20260821,13.73,14.0,13.55,13.92,46588.35,64379.527
603341.SH,20260821,36.5,37.95,36.17,37.29,82465.89,306361.793
603344.SH,20260821,22.47,22.77,21.99,22.66,16397.98,36838.796
603345.SH,20260821,81.11,81.27,78.85,79.0,59596.37,472832.535
603348.SH,20260821,14.3,14.32,13.93,14.12,20291.44,28586.646
603350.SH,20260821,28.38,28.38,27.66,28.13,3555.48,9937.781
603351.SH,20260821,27.1,27.1,26.34,26.74,15687.8,41829.188
603352.SH,20260821,25.67,25.93,25.48,25.91,7688.19,19799.347
603353.SH,20260821,30.53,31.42,30.13,30.66,30765.0,94698.744
603355.SH,20260821,27.9,29.2,27.78,28.51,39382.02,113033.899
603356.SH,20260821,16.75,17.08,16.36,17.03,24139.0,40529.167
603357.SH,20260821,5.96,5.96,5.87,5.92,26773.44,15805.834
603358.SH,20260821,45.7,47.7,44.8,47.19,133049.38,621254.761
603359.SH,20260821,2.09,2.16,2.05,2.15,47639.4,10090.702
603360.SH,20260821,12.33,12.79,12.14,12.65,103588.46,129701.964
603363.SH,20260821,2.91,2.92,2.85,2.89,223014.0,64209.754
603365.SH,20260821,17.45,17.95,17.37,17.91,23406.0,41314.254
603366.SH,20260821,7.39,7.4,7.12,7.18,285743.81,205488.157
603367.SH,20260821,14.7,14.73,14.01,14.1,143198.3,203077.442
603368.SH,20260821,16.37,16.45,15.88,15.88,74143.6,118857.269
603369.SH,20260821,28.61,28.67,27.84,27.89,132340.35,371581.28
603370.SH,20260821,32.96,33.0,32.18,32.78,4696.09,15264.836
603373.SH,20260821,38.52,38.92,37.71,38.61,11322.6,43432.983
603375.SH,20260821,38.47,39.4,38.1,39.21,13350.46,51890.618
603376.SH,20260821,28.4,28.4,26.83,26.9,48237.66,131859.449
603377.SH,20260821,2.95,2.95,2.86,2.89,16072.22,4650.125
603378.SH,20260821,5.63,6.19,5.53,6.13,229109.07,138018.03
603379.SH,20260821,61.17,62.15,60.92,61.45,37876.8,232577.024
603380.SH,20260821,33.25,36.0,33.01,35.47,39204.02,135306.742
603381.SH,20260821,15.1,15.38,14.84,15.27,39855.8,60505.135
603382.SH,20260821,22.36,22.5,20.34,20.34,76949.05,159601.048
603383.SH,20260821,28.0,28.79,27.61,28.59,38688.39,109383.018
603385.SH,20260821,5.49,5.54,5.35,5.49,38873.0,21178.691
603386.SH,20260821,13.73,13.99,13.34,13.85,60842.56,84077.898
603387.SH,20260821,9.51,9.56,9.23,9.42,132841.35,124496.817
603389.SH,20260821,46.74,47.38,45.08,45.85,26576.6,121916.03
603390.SH,20260821,10.04,10.17,9.92,10.12,37971.55,38187.219
603391.SH,20260821,70.0,71.0,68.02,68.57,27912.0,192766.96
603392.SH,20260821,30.6,32.55,29.96,30.59,201737.29,629942.96
603393.SH,20260821,23.94,24.95,23.86,24.37,126790.31,311194.506
603395.SH,20260821,29.0,29.46,27.58,27.58,97664.64,272837.713
603396.SH,20260821,25.36,25.85,25.08,25.65,22027.0,56354.5
603398.SH,20260821,10.51,10.96,10.12,10.82,86246.0,90091.409
603399.SH,20260821,14.09,15.29,13.9,15.06,748128.4,1107132.168
603400.SH,20260821,49.09,49.33,46.01,48.85,53996.04,259977.373
603402.SH,20260821,62.13,62.9,61.03,61.84,14738.8,91289.216
603406.SH,20260821,29.0,29.95,28.84,29.16,43171.99,126657.687
603407.SH,20260821,58.69,60.2,57.33,59.61,55488.02,328221.551
603408.SH,20260821,10.34,10.34,10.1,10.29,18947.0,19347.986
603409.SH,20260821,17.89,17.97,17.55,17.91,15415.8,27458.412
603416.SH,20260821,45.25,45.64,44.66,45.37,20994.64,94522.279
603418.SH,20260821,43.29,43.32,42.6,42.82,5844.65,25034.475
603421.SH,20260821,5.82,5.9,5.71,5.88,82310.8,48017.343
603429.SH,20260821,8.39,9.05,8.3,9.05,53432.36,46497.211
603435.SH,20260821,49.99,50.86,49.0,50.38,18108.68,90686.979
603439.SH,20260821,12.67,12.92,11.9,12.41,184044.0,228776.547
603444.SH,20260821,390.0,391.47,380.1,383.81,20178.59,777464.186
603456.SH,20260821,16.83,16.97,16.11,16.6,443217.94,734454.846
603458.SH,20260821,9.84,9.84,9.1,9.2,193723.61,181091.406
603459.SH,20260821,86.0,88.76,85.34,87.25,77269.86,673900.318
603466.SH,20260821,11.47,11.49,11.16,11.31,324044.34,366084.307
603468.SH,20260821,24.11,24.11,23.71,23.85,32694.08,78008.139
603477.SH,20260821,14.23,14.5,14.14,14.35,111729.44,159924.522
603486.SH,20260821,61.2,61.88,60.35,61.15,41144.22,250756.47
603488.SH,20260821,8.28,8.28,8.02,8.18,61799.0,50484.185
603489.SH,20260821,27.09,27.74,26.75,27.66,15757.07,43058.536
603496.SH,20260821,23.85,24.4,23.3,24.22,94867.32,226876.673
603499.SH,20260821,11.6,11.85,11.39,11.82,41602.82,48589.045
603500.SH,20260821,9.37,9.58,9.15,9.51,52769.2,49435.168
603501.SH,20260821,85.44,86.61,85.01,85.82,105795.96,909045.832
603505.SH,20260821,15.15,15.36,14.97,15.28,100919.73,153081.733
603506.SH,20260821,10.75,11.17,10.65,10.83,130945.54,142842.401
603507.SH,20260821,23.05,23.31,22.8,23.04,43371.18,100042.233
603508.SH,20260821,21.39,21.4,21.11,21.2,30582.12,64820.175
603511.SH,20260821,12.78,12.78,12.47,12.62,11170.29,14044.69
603515.SH,20260821,16.11,16.35,16.04,16.3,12394.0,20064.039
603516.SH,20260821,93.94,99.98,92.18,98.26,65309.08,634520.347
603517.SH,20260821,11.26,11.44,11.13,11.33,56411.0,63712.606
603518.SH,20260821,8.09,8.15,7.93,8.01,61170.0,48911.794
603519.SH,20260821,16.53,17.1,16.14,16.41,225182.94,371460.443
603520.SH,20260821,9.0,9.0,8.73,8.86,89140.24,78922.755
603527.SH,20260821,9.72,10.01,9.65,10.0,53720.81,53174.953
603528.SH,20260821,6.18,6.23,6.08,6.2,63761.71,39296.02
603529.SH,20260821,21.35,21.39,21.13,21.27,31574.99,67020.451
603530.SH,20260821,48.89,50.35,48.17,49.38,33527.0,165552.408
603533.SH,20260821,21.01,21.19,20.66,20.95,93874.79,196455.487
603535.SH,20260821,6.34,6.38,6.2,6.33,38009.19,23973.939
603536.SH,20260821,9.72,9.72,9.36,9.5,48166.0,45686.215
603538.SH,20260821,29.92,30.0,28.51,28.51,431575.19,1236127.843
603551.SH,20260821,9.45,9.45,9.12,9.27,39857.99,36762.82
603556.SH,20260821,26.13,26.57,25.6,25.75,98868.86,256666.839
603557.SH,20260821,3.67,3.67,3.56,3.63,41834.72,15093.15
603558.SH,20260821,12.07,12.07,11.72,11.85,36938.44,43710.661
603559.SH,20260821,8.68,9.08,8.33,9.02,140149.56,122304.274
603565.SH,20260821,11.97,12.37,11.81,12.29,315253.06,382545.325
603566.SH,20260821,10.6,10.6,10.17,10.29,46389.61,47694.463
603567.SH,20260821,6.0,6.02,5.63,5.64,612197.96,350858.042
603568.SH,20260821,14.9,14.9,14.6,14.6,60396.25,88715.973
603569.SH,20260821,5.91,5.92,5.79,5.86,32368.04,18933.375
603577.SH,20260821,10.0,10.18,9.9,10.17,30230.0,30414.733
603578.SH,20260821,13.8,13.84,13.0,13.49,104129.2,139501.768
603579.SH,20260821,17.9,18.14,17.48,18.03,23058.17,41135.232
603580.SH,20260821,77.1,82.27,73.0,80.78,181286.56,1443238.964
603583.SH,20260821,23.0,23.2,22.81,23.17,18858.9,43446.737
603585.SH,20260821,10.06,10.11,9.9,10.03,26930.35,26864.174
603586.SH,20260821,13.46,13.56,13.23,13.41,14556.55,19448.309
603587.SH,20260821,11.68,11.82,11.53,11.64,13249.27,15400.291
603588.SH,20260821,13.7,14.09,13.4,13.83,519357.74,718057.252
603589.SH,20260821,19.3,19.3,18.87,18.94,40585.0,76940.896
603590.SH,20260821,36.26,36.26,32.21,32.21,102861.84,347873.917
603595.SH,20260821,26.08,26.31,25.03,26.13,16357.2,42076.777
603596.SH,20260821,25.0,25.3,24.79,25.12,63962.7,160397.46
603598.SH,20260821,17.0,17.05,16.54,16.97,77704.23,130881.813
603599.SH,20260821,10.14,10.14,9.98,10.11,62913.83,63232.324
603600.SH,20260821,9.68,9.71,9.46,9.6,34425.62,32857.027
603601.SH,20260821,8.78,9.0,8.64,8.95,447988.18,398343.512
603602.SH,20260821,11.51,11.66,11.41,11.62,23864.19,27500.504
603605.SH,20260821,57.7,57.71,56.8,57.0,25071.38,143003.085
603606.SH,20260821,35.51,35.51,34.0,34.11,249469.51,856707.284
603607.SH,20260821,21.47,21.62,20.81,21.59,34332.0,72785.821
603608.SH,20260821,18.05,18.66,17.29,18.53,157670.32,284645.781
603609.SH,20260821,6.3,6.35,6.18,6.26,31123.42,19390.597
603610.SH,20260821,15.25,15.5,15.06,15.26,45024.84,68578.851
603611.SH,20260821,16.68,16.84,16.54,16.8,10556.6,17605.29
603612.SH,20260821,16.35,16.74,16.18,16.66,70519.07,116822.66
603613.SH,20260821,18.51,18.56,18.13,18.24,64071.66,116955.484
603615.SH,20260821,17.1,17.1,16.5,16.92,22516.09,37929.238
603616.SH,20260821,5.36,5.48,5.26,5.45,80236.0,43195.623
603617.SH,20260821,6.67,6.82,6.59,6.76,52303.72,35064.691
603618.SH,20260821,27.45,29.17,26.8,28.53,728307.14,2050278.739
603619.SH,20260821,22.85,23.95,22.51,23.48,514978.26,1207461.535
603626.SH,20260821,17.5,18.65,17.49,18.65,436553.1,800520.926
603628.SH,20260821,9.47,9.59,9.36,9.54,23815.0,22616.908
603629.SH,20260821,127.96,130.8,125.0,125.97,339409.25,4313479.823
603630.SH,20260821,14.78,14.9,14.21,14.41,65882.05,94768.836
603633.SH,20260821,6.35,6.43,6.23,6.39,46742.79,29672.724
603636.SH,20260821,6.92,6.96,6.71,6.87,105587.0,71887.228
603637.SH,20260821,14.08,14.2,12.66,13.04,175393.12,230363.166
603638.SH,20260821,18.81,19.03,18.69,19.0,45956.0,86771.97
603639.SH,20260821,10.69,10.71,10.5,10.56,24450.8,25796.82
603648.SH,20260821,9.24,9.41,9.17,9.37,27856.98,25920.151
603650.SH,20260821,65.47,66.65,63.92,64.47,144407.02,937259.095
603655.SH,20260821,32.87,33.22,32.24,33.16,17702.62,57939.145
603656.SH,20260821,17.36,17.59,17.11,17.53,13404.0,23330.789
603657.SH,20260821,27.47,28.36,26.81,27.97,38345.2,105956.159
603658.SH,20260821,34.45,34.99,34.15,34.6,50136.01,173198.874
603659.SH,20260821,23.73,24.77,23.52,24.18,386604.28,938333.823
603660.SH,20260821,11.28,11.56,11.0,11.41,223008.04,251702.919
603661.SH,20260821,32.32,33.3,31.82,33.0,15505.15,50482.349
603662.SH,20260821,48.92,49.64,48.13,49.48,36022.0,176599.328
603663.SH,20260821,40.6,43.52,39.9,43.11,259527.64,1088686.869
603665.SH,20260821,20.71,20.95,20.4,20.92,17192.48,35656.02
603666.SH,20260821,26.28,26.8,25.2,26.57,91119.76,239616.477
603667.SH,20260821,48.5,52.2,48.1,51.73,180014.04,913774.497
603668.SH,20260821,10.16,10.21,9.84,10.16,49555.29,49748.497
603669.SH,20260821,6.08,6.09,5.46,5.48,436984.87,247695.158
603676.SH,20260821,9.58,9.58,9.19,9.33,38622.14,36131.471
603677.SH,20260821,13.67,13.72,13.4,13.69,10167.86,13787.96
603678.SH,20260821,46.0,48.96,45.69,48.88,232058.36,1111667.057
603679.SH,20260821,21.4,22.68,21.2,22.31,70414.4,154896.28
603680.SH,20260821,10.2,10.31,10.08,10.23,42126.06,42911.335
603681.SH,20260821,18.0,18.24,17.72,18.19,33072.88,59727.281
603682.SH,20260821,11.48,11.67,11.15,11.42,131031.14,149460.249
603683.SH,20260821,15.4,16.0,15.18,15.88,198605.43,312621.805
603685.SH,20260821,24.9,25.13,24.41,24.82,12095.0,30014.089
603686.SH,20260821,12.66,12.71,12.4,12.68,70302.22,88472.205
603687.SH,20260821,13.15,13.59,13.0,13.4,102254.81,136353.815
603688.SH,20260821,47.41,49.58,46.88,48.75,93457.82,453874.247
603689.SH,20260821,7.58,7.62,7.53,7.59,29092.4,22033.44
603690.SH,20260821,25.18,25.86,24.8,25.41,169472.52,430980.833
603693.SH,20260821,11.3,11.3,11.13,11.19,38439.09,43062.98
603696.SH,20260821,13.31,13.32,12.9,13.15,112638.66,147429.055
603697.SH,20260821,9.39,9.41,9.12,9.26,54422.93,50212.015
603698.SH,20260821,21.95,22.1,21.59,22.0,152876.0,334433.033
603699.SH,20260821,54.75,56.44,53.84,55.65,63786.02,353748.493
603700.SH,20260821,11.54,11.6,11.3,11.42,45263.0,51788.211
603701.SH,20260821,18.98,19.35,18.77,19.2,17171.28,32819.452
603703.SH,20260821,9.67,9.87,9.48,9.67,110755.21,107096.784
603706.SH,20260821,19.69,19.75,19.31,19.5,9423.0,18378.993
603707.SH,20260821,8.42,8.45,7.95,7.96,283219.69,229532.117
603708.SH,20260821,9.15,9.22,8.97,9.02,110088.14,99546.954
603709.SH,20260821,11.58,11.99,11.35,11.86,55623.6,65040.664
603711.SH,20260821,11.39,11.46,11.19,11.36,52350.09,59045.433
603712.SH,20260821,11.19,11.29,11.01,11.16,68859.0,76779.802
603713.SH,20260821,67.99,68.11,65.88,66.27,18404.04,122698.856
603716.SH,20260821,16.76,16.77,15.83,15.84,249116.23,399800.224
603717.SH,20260821,6.35,6.52,6.23,6.35,80211.99,50855.797
603718.SH,20260821,2.98,3.0,2.91,2.99,63574.22,18733.416
603719.SH,20260821,9.65,9.78,9.5,9.53,38236.0,36578.93
603721.SH,20260821,17.35,18.17,17.01,18.05,39848.0,70006.09
603722.SH,20260821,29.4,29.82,28.69,29.72,9411.01,27708.394
603725.SH,20260821,12.03,12.26,11.72,11.9,135762.4,162037.673
603726.SH,20260821,22.77,23.26,22.42,23.25,26048.69,59822.663
603727.SH,20260821,18.3,18.68,18.12,18.63,21491.32,39746.994
603728.SH,20260821,46.6,47.65,46.0,47.4,51582.65,241452.043
603729.SH,20260821,11.11,11.24,10.93,11.24,7029.0,7801.191
603730.SH,20260821,9.69,10.15,9.51,10.02,144911.5,143757.664
603733.SH,20260821,21.51,21.86,21.09,21.58,67899.1,145914.845
603737.SH,20260821,25.17,25.91,24.35,25.29,155380.68,387534.991
603738.SH,20260821,35.9,38.28,35.9,37.57,386449.23,1441963.357
603739.SH,20260821,12.54,12.55,12.18,12.29,72752.68,89383.599
603755.SH,20260821,23.5,23.55,22.92,23.55,6334.0,14682.041
603757.SH,20260821,57.83,64.11,57.83,62.36,152254.31,950210.584
603758.SH,20260821,10.51,11.76,10.51,11.76,345272.35,383461.39
603759.SH,20260821,7.37,7.46,7.31,7.44,22840.23,16900.471
603766.SH,20260821,13.99,14.0,13.57,13.86,131536.0,181915.35
603767.SH,20260821,14.24,14.53,14.04,14.48,46629.0,67033.725
603768.SH,20260821,11.06,11.4,11.0,11.19,16483.31,18396.069
603773.SH,20260821,103.01,103.61,98.2,100.99,195799.3,1970762.973
603776.SH,20260821,20.35,20.4,19.85,20.3,16135.34,32542.974
603777.SH,20260821,13.73,13.99,13.4,13.81,39638.4,54465.992
603778.SH,20260821,9.28,9.5,9.05,9.41,249613.0,233383.014
603779.SH,20260821,7.62,7.76,7.51,7.72,77343.5,59184.72
603786.SH,20260821,40.1,40.29,39.51,40.29,16622.89,66431.572
603787.SH,20260821,10.18,10.2,9.97,10.17,19692.24,19828.14
603788.SH,20260821,13.89,13.93,13.66,13.9,7377.6,10194.472
603789.SH,20260821,6.18,6.18,6.08,6.11,22231.0,13593.074
603790.SH,20260821,24.2,24.68,23.7,24.29,33961.3,82441.889
603797.SH,20260821,4.75,4.81,4.68,4.75,110844.0,52505.03
603798.SH,20260821,12.57,12.77,12.33,12.71,28990.0,36501.892
603799.SH,20260821,39.05,41.08,39.05,40.59,635802.76,2566543.538
603800.SH,20260821,67.8,68.88,65.5,67.1,37300.34,251635.333
603801.SH,20260821,7.65,7.95,6.9,6.95,725665.93,546822.233
603803.SH,20260821,10.18,11.32,10.08,11.32,237243.36,261119.318
603806.SH,20260821,15.53,15.65,15.3,15.45,252155.14,390567.64
603808.SH,20260821,8.51,8.51,8.32,8.45,24085.0,20211.924
603809.SH,20260821,8.88,8.92,8.74,8.9,45523.98,40263.234
603810.SH,20260821,12.12,12.29,11.96,12.29,14805.51,17996.159
603811.SH,20260821,7.57,7.6,7.34,7.4,71028.71,52638.699
603813.SH,20260821,29.3,29.83,29.0,29.21,5512.0,16207.199
603815.SH,20260821,5.17,5.23,5.09,5.2,51265.24,26482.424
603816.SH,20260821,24.63,25.15,24.32,24.83,66017.96,163308.805
603817.SH,20260821,5.7,5.7,5.54,5.66,75025.85,42086.308
603818.SH,20260821,3.75,3.81,3.65,3.79,225107.0,84197.207
603819.SH,20260821,13.68,13.91,13.57,13.62,45461.0,62208.644
603822.SH,20260821,56.5,57.76,55.81,57.55,5448.0,31005.733
603823.SH,20260821,88.1,89.88,77.75,77.75,97938.2,802521.779
603825.SH,20260821,7.89,8.18,7.86,8.16,22188.86,17876.672
603826.SH,20260821,16.8,16.8,16.44,16.54,44963.42,74564.69
603828.SH,20260821,5.08,5.4,4.99,5.19,97043.0,50157.559
603829.SH,20260821,15.11,15.22,14.67,15.13,28533.79,42902.68
603833.SH,20260821,32.4,32.43,31.72,32.07,27838.67,89182.273
603836.SH,20260821,8.99,9.04,8.81,9.04,24669.5,22026.46
603838.SH,20260821,10.6,11.72,10.51,11.72,57428.0,65202.096
603839.SH,20260821,7.11,7.18,6.96,7.08,32487.0,22883.551
603843.SH,20260821,6.93,7.29,6.81,7.17,127017.6,89788.289
603848.SH,20260821,13.68,13.69,13.0,13.03,69125.55,90881.461
603855.SH,20260821,16.02,16.09,15.78,16.03,10750.06,17129.368
603856.SH,20260821,11.39,11.58,11.2,11.57,37493.6,42868.614
603858.SH,20260821,16.01,16.1,15.5,15.52,116802.67,182609.609
603859.SH,20260821,38.0,38.18,37.07,38.02,36250.31,136919.475
603860.SH,20260821,26.08,26.49,25.7,26.25,8145.0,21240.294
603861.SH,20260821,11.75,11.97,11.66,11.96,52740.99,62590.368
603863.SH,20260821,12.4,12.55,12.15,12.45,37840.0,46692.182
603866.SH,20260821,4.22,4.22,4.09,4.13,120414.2,49709.575
603867.SH,20260821,28.57,29.33,28.06,28.2,75946.66,217236.218
603868.SH,20260821,30.21,30.28,29.76,29.99,6771.0,20282.15
603869.SH,20260821,8.85,8.91,8.76,8.91,4840.45,4287.952
603871.SH,20260821,12.52,12.89,12.41,12.72,111303.4,141765.665
603876.SH,20260821,22.22,23.58,22.08,22.97,266470.21,613512.863
603877.SH,20260821,12.82,12.85,12.45,12.5,17041.0,21418.617
603878.SH,20260821,4.97,5.06,4.87,5.04,83410.5,41560.244
603879.SH,20260821,5.31,5.45,5.2,5.43,54761.74,29271.185
603880.SH,20260821,8.3,8.82,7.9,8.7,188415.7,160043.894
603881.SH,20260821,28.68,28.95,27.18,27.33,881791.79,2459191.529
603882.SH,20260821,30.3,32.32,30.17,31.35,295181.08,928127.056
603883.SH,20260821,13.12,13.59,12.88,13.2,233889.3,311689.097
603885.SH,20260821,10.48,10.5,10.35,10.38,75764.35,78780.197
603886.SH,20260821,12.18,12.5,11.85,12.09,113633.9,137295.775
603887.SH,20260821,8.9,9.08,8.72,9.0,314552.71,280086.471
603888.SH,20260821,15.99,16.0,15.8,15.97,33645.12,53564.101
603889.SH,20260821,5.69,5.69,5.43,5.54,169685.73,94104.979
603890.SH,20260821,17.65,18.18,17.25,18.07,242499.73,433810.486
603893.SH,20260821,181.18,182.65,178.18,180.61,88968.43,1607785.302
603895.SH,20260821,24.8,25.2,24.24,25.08,12362.0,30684.886
603896.SH,20260821,15.31,15.35,14.86,14.99,22161.22,33239.738
603897.SH,20260821,29.5,30.98,29.04,30.66,147136.06,445921.304
603898.SH,20260821,11.26,11.47,11.02,11.23,24060.0,26883.07
603899.SH,20260821,22.71,22.82,22.14,22.21,29108.11,64869.028
603900.SH,20260821,6.19,6.48,6.08,6.42,152941.0,96173.698
603901.SH,20260821,9.27,9.46,9.13,9.42,54104.49,50475.435
603903.SH,20260821,14.55,14.65,14.16,14.19,97913.8,140686.131
603906.SH,20260821,18.87,19.9,18.76,19.65,251598.51,490894.195
603908.SH,20260821,18.96,19.48,18.71,19.16,12500.45,23858.117
603909.SH,20260821,9.64,9.78,9.15,9.58,24165.15,23070.676
603912.SH,20260821,8.32,8.5,8.17,8.48,244900.13,205813.153
603915.SH,20260821,13.12,13.15,12.89,13.1,30161.2,39398.896
603916.SH,20260821,11.64,11.8,11.39,11.74,90611.01,105093.762
603917.SH,20260821,12.39,12.39,12.09,12.3,22117.98,27055.801
603918.SH,20260821,9.96,10.22,9.86,10.2,83156.72,83694.274
603919.SH,20260821,16.55,16.64,16.11,16.11,68388.41,111317.392
603920.SH,20260821,37.8,39.93,37.7,38.86,221315.9,864907.41
603922.SH,20260821,13.04,13.78,13.04,13.78,19769.0,26624.726
603926.SH,20260821,15.55,15.55,14.88,15.45,36234.04,55337.354
603927.SH,20260821,13.25,13.29,13.09,13.24,59954.77,79087.459
603928.SH,20260821,12.31,12.63,12.13,12.52,110792.5,137818.107
603929.SH,20260821,166.65,171.29,164.26,166.99,45017.56,754430.904
603931.SH,20260821,35.4,36.26,34.72,35.6,37963.74,134902.397
603933.SH,20260821,19.02,19.35,18.8,19.2,36613.48,70016.663
603936.SH,20260821,17.5,17.99,16.8,17.6,592056.25,1038535.654
603937.SH,20260821,11.56,11.75,11.34,11.65,57105.36,65921.19
603938.SH,20260821,43.19,46.17,43.0,43.16,165405.56,729159.9
603939.SH,20260821,24.13,24.15,23.72,23.93,64391.7,154097.439
603948.SH,20260821,20.42,20.67,19.99,20.55,7888.0,16090.426
603949.SH,20260821,13.95,14.08,13.66,14.04,21414.28,29796.415
603950.SH,20260821,57.03,60.98,56.24,60.02,66063.08,389465.233
603955.SH,20260821,18.77,18.87,18.32,18.75,14480.6,26953.442
603956.SH,20260821,6.66,6.66,6.45,6.48,135949.8,88694.713
603958.SH,20260821,20.0,20.55,19.72,20.55,153420.3,313260.442
603959.SH,20260821,4.86,5.08,4.76,5.08,127655.33,63079.569
603960.SH,20260821,15.86,16.0,15.58,15.93,25621.85,40579.667
603966.SH,20260821,7.79,7.83,7.65,7.77,37337.11,28883.604
603967.SH,20260821,11.56,11.72,11.31,11.71,32214.37,37143.589
603968.SH,20260821,10.42,10.47,10.18,10.4,16436.1,16974.652
603969.SH,20260821,7.19,7.47,7.16,7.3,195226.74,143464.08
603970.SH,20260821,10.67,10.71,10.45,10.62,33827.13,35757.523
603976.SH,20260821,27.1,27.9,26.4,27.77,29541.61,80937.276
603977.SH,20260821,11.49,11.68,11.33,11.65,47757.75,55241.504
603978.SH,20260821,18.35,19.08,18.2,18.96,67657.0,127246.305
603979.SH,20260821,75.58,76.37,74.21,75.1,52273.57,394134.375
603980.SH,20260821,6.67,6.72,6.57,6.62,159405.39,105956.479
603982.SH,20260821,6.07,6.12,5.96,6.1,36122.17,21827.866
603983.SH,20260821,26.46,27.16,26.11,26.76,25575.0,68151.751
603985.SH,20260821,16.59,16.9,16.31,16.77,73137.83,121877.535
603986.SH,20260821,405.0,411.0,400.1,409.06,340766.61,13868009.484
603987.SH,20260821,7.66,7.66,7.37,7.48,59293.86,44321.985
603988.SH,20260821,21.78,21.78,20.14,20.79,164264.2,342237.956
603989.SH,20260821,27.99,28.88,27.17,28.69,202834.48,574085.727
603990.SH,20260821,22.49,22.9,21.89,22.9,125062.35,281250.581
603991.SH,20260821,133.9,135.96,131.66,134.54,13209.6,177556.546
603992.SH,20260821,20.79,21.08,20.46,20.76,28449.92,59231.853
603993.SH,20260821,18.39,18.73,18.19,18.62,1758048.84,3255228.804
603995.SH,20260821,25.3,25.43,24.69,25.27,75734.33,189099.399
603997.SH,20260821,11.55,11.8,11.4,11.58,114022.65,131532.952
603998.SH,20260821,10.3,10.35,9.81,9.93,187698.13,186932.22
603999.SH,20260821,5.58,5.6,5.46,5.58,53951.0,29829.165
605001.SH,20260821,5.76,5.9,5.65,5.7,126975.2,72671.63
605003.SH,20260821,22.04,22.52,21.67,22.35,12198.25,27086.268
605005.SH,20260821,15.71,15.76,15.45,15.59,8770.12,13630.669
605006.SH,20260821,13.88,14.24,13.5,14.19,258434.51,362308.182
605007.SH,20260821,15.0,15.26,14.9,15.09,26827.16,40337.38
605008.SH,20260821,12.85,13.51,12.72,12.94,144268.15,189336.079
605009.SH,20260821,24.0,24.3,23.25,24.07,23855.6,56758.073
605011.SH,20260821,17.04,17.1,16.68,16.73,29422.0,49320.777
605016.SH,20260821,19.71,20.06,19.33,19.96,42188.58,83185.974
605018.SH,20260821,12.05,13.43,12.05,12.86,155999.0,203522.074
605020.SH,20260821,32.68,32.88,32.1,32.33,84571.69,274109.589
605028.SH,20260821,24.26,24.49,23.88,24.36,9310.03,22495.753
605033.SH,20260821,19.63,19.65,18.56,18.9,54902.92,104048.913
605050.SH,20260821,10.32,10.36,10.13,10.33,13063.2,13423.691
605055.SH,20260821,9.46,9.89,9.37,9.64,37263.5,36023.59
605056.SH,20260821,14.2,14.28,13.88,14.19,33805.0,47749.071
605058.SH,20260821,26.68,27.0,26.11,26.89,16439.0,43932.581
605060.SH,20260821,41.3,44.48,41.3,42.73,45820.81,196564.549
605066.SH,20260821,7.46,7.55,7.31,7.53,149387.55,110801.518
605068.SH,20260821,17.23,17.28,16.85,17.19,28844.27,49398.705
605069.SH,20260821,10.35,10.55,10.13,10.47,25755.5,26738.569
605077.SH,20260821,10.92,10.98,10.6,10.78,45195.0,48423.552
605080.SH,20260821,21.43,22.48,21.43,22.0,75934.0,166827.173
605086.SH,20260821,23.94,26.35,23.53,25.43,50246.6,127479.37
605088.SH,20260821,20.75,21.08,20.32,21.0,28145.02,58416.459
605089.SH,20260821,20.18,20.29,19.69,20.0,6923.04,13797.284
605090.SH,20260821,34.96,36.32,34.81,35.68,146947.9,526232.559
605098.SH,20260821,55.52,55.52,54.55,55.0,9752.89,53663.743
605099.SH,20260821,33.14,34.19,32.6,33.88,19527.12,65645.013
605100.SH,20260821,32.74,33.2,32.06,33.08,26145.91,85568.107
605108.SH,20260821,12.81,12.81,12.29,12.48,24391.82,30297.859
605111.SH,20260821,59.67,63.85,59.02,61.05,208472.83,1287982.9
605116.SH,20260821,21.33,21.33,19.83,19.95,123799.0,249996.281
605117.SH,20260821,93.56,97.5,93.01,96.2,129632.28,1248923.593
605118.SH,20260821,28.97,29.25,28.35,29.0,17830.0,51498.908
605122.SH,20260821,11.64,11.75,11.39,11.59,28658.4,33094.07
605123.SH,20260821,74.32,76.48,74.11,76.46,18960.43,143505.856
605128.SH,20260821,23.25,23.36,22.89,23.27,27744.03,64290.544
605133.SH,20260821,27.84,29.0,27.0,28.33,84311.0,237941.318
605136.SH,20260821,8.27,8.28,7.96,8.06,80004.16,64445.002
605138.SH,20260821,5.89,5.89,5.76,5.86,26500.0,15433.364
605151.SH,20260821,19.27,19.48,19.03,19.43,14058.0,27115.743
605155.SH,20260821,14.04,14.1,13.72,14.08,19234.24,26773.041
605158.SH,20260821,7.31,7.55,7.2,7.53,55411.8,41077.055
605162.SH,20260821,8.99,9.9,8.94,9.21,396636.49,373159.618
605166.SH,20260821,8.39,8.4,8.19,8.35,40534.07,33614.21
605167.SH,20260821,15.25,15.38,14.35,14.63,113800.62,166726.383
605168.SH,20260821,47.03,47.38,45.27,46.97,45871.25,213630.979
605169.SH,20260821,10.98,11.4,10.89,11.07,56578.68,62708.146
605177.SH,20260821,20.19,20.76,19.56,20.73,76365.09,153900.603
605178.SH,20260821,65.19,67.88,63.86,67.36,36645.2,244589.755
605179.SH,20260821,31.56,32.9,31.55,31.55,191147.0,609121.015
605180.SH,20260821,12.54,12.85,12.2,12.65,43691.0,54626.256
605183.SH,20260821,14.54,14.54,14.25,14.39,7523.95,10801.22
605186.SH,20260821,26.24,26.48,25.68,26.32,15549.0,40738.757
605188.SH,20260821,12.32,12.48,12.16,12.33,34450.0,42295.678
605189.SH,20260821,14.21,14.5,13.85,14.45,82111.38,117311.088
605196.SH,20260821,34.47,35.38,33.88,35.2,108387.25,377715.299
605198.SH,20260821,58.65,60.66,56.72,58.9,41576.66,244245.01
605199.SH,20260821,5.85,5.9,5.73,5.87,8395.0,4883.259
605208.SH,20260821,14.11,14.11,13.6,13.84,94638.24,130969.481
605218.SH,20260821,14.57,14.78,14.38,14.66,23899.69,34827.84
605222.SH,20260821,19.6,19.78,19.13,19.67,62217.45,121698.435
605228.SH,20260821,10.41,10.57,10.38,10.53,25778.82,27040.202
605255.SH,20260821,65.5,68.15,64.55,67.67,6674.0,44717.061
605258.SH,20260821,26.88,27.97,26.45,27.93,18819.45,51588.664
605259.SH,20260821,17.2,17.94,17.0,17.65,15694.93,27582.341
605266.SH,20260821,16.76,16.79,16.24,16.53,17145.15,28208.068
605268.SH,20260821,9.4,9.5,9.07,9.25,54304.35,50034.644
605277.SH,20260821,14.69,14.8,14.52,14.72,26732.02,39311.532
605286.SH,20260821,24.62,24.98,23.9,24.92,59653.84,146178.246
605287.SH,20260821,39.27,39.48,37.58,39.27,27045.0,105153.06
605288.SH,20260821,54.92,57.65,53.53,57.11,15850.2,89108.448
605289.SH,20260821,106.8,112.92,104.51,107.94,37184.93,403341.128
605296.SH,20260821,30.7,31.25,30.13,30.23,24625.23,75172.455
605298.SH,20260821,46.06,49.06,45.49,48.66,12756.11,61077.594
605299.SH,20260821,12.5,12.59,12.28,12.5,73540.0,91678.265
605300.SH,20260821,9.85,9.85,9.46,9.58,25873.34,24716.584
605303.SH,20260821,20.9,20.98,20.12,20.59,19200.72,39391.266
605305.SH,20260821,36.96,37.31,36.31,37.19,21881.09,80769.629
605318.SH,20260821,74.0,76.67,73.55,76.16,8551.0,64607.103
605319.SH,20260821,23.89,24.29,23.1,24.13,34910.8,82685.174
605333.SH,20260821,17.78,17.85,17.43,17.57,55386.0,97421.858
605336.SH,20260821,10.62,10.68,10.2,10.67,14294.0,14985.105
605337.SH,20260821,9.5,9.53,9.13,9.27,55731.65,51548.076
605338.SH,20260821,19.4,19.78,18.5,18.78,53416.0,100934.038
605339.SH,20260821,13.62,14.19,13.56,13.89,27641.0,38123.901
605358.SH,20260821,43.44,45.09,43.4,44.1,376932.17,1664956.276
605365.SH,20260821,13.79,13.95,13.56,13.84,46619.99,64428.349
605366.SH,20260821,8.04,8.1,7.84,7.97,163132.82,130271.158
605368.SH,20260821,6.72,6.74,6.63,6.69,31346.03,20928.827
605369.SH,20260821,17.71,17.71,17.0,17.27,12722.9,22012.965
605376.SH,20260821,148.01,154.8,145.88,153.8,115817.95,1759565.78
605377.SH,20260821,8.87,8.9,8.64,8.87,73484.59,64533.278
605378.SH,20260821,14.33,14.33,13.78,14.14,14114.33,19814.43
605388.SH,20260821,6.08,6.08,5.87,5.97,98525.0,58507.578
605389.SH,20260821,69.02,72.03,68.88,70.5,6757.81,47508.826
605398.SH,20260821,20.02,20.49,19.85,20.42,11053.34,22358.599
605399.SH,20260821,10.55,10.84,10.51,10.8,24033.58,25753.461
605488.SH,20260821,29.07,30.55,29.06,29.55,62934.0,186521.329
605499.SH,20260821,122.05,122.4,119.05,120.03,57550.87,692466.358
605500.SH,20260821,6.93,6.98,6.79,6.95,25110.47,17329.352
605507.SH,20260821,15.91,15.94,15.23,15.58,72224.2,112106.293
605555.SH,20260821,11.88,12.01,11.8,11.91,25126.36,29866.541
605566.SH,20260821,25.48,25.88,24.83,25.8,16729.39,42677.827
605567.SH,20260821,9.15,9.17,8.91,9.1,24319.0,21983.614
605577.SH,20260821,9.9,9.92,9.61,9.73,73478.84,71380.859
605580.SH,20260821,17.67,17.88,17.36,17.79,27677.87,48976.791
605588.SH,20260821,47.99,48.09,46.25,47.7,9465.42,44902.916
605589.SH,20260821,37.74,39.44,37.51,38.9,228310.19,885027.701
605598.SH,20260821,26.34,26.65,25.74,26.46,31988.62,84154.286
605599.SH,20260821,16.18,16.95,15.79,16.86,126294.33,207012.441
688001.SH,20260821,52.59,55.49,51.72,52.99,72280.1,386751.01
688002.SH,20260821,161.0,167.0,159.2,160.41,94998.18,1545468.272
688003.SH,20260821,86.28,89.87,83.01,85.0,67883.8,585703.912
688004.SH,20260821,21.31,21.98,21.0,21.91,17660.03,38201.661
688005.SH,20260821,26.08,27.26,25.85,26.7,111819.1,298600.588
688006.SH,20260821,22.74,23.2,22.43,22.68,93949.02,214350.36
688007.SH,20260821,10.55,10.68,10.42,10.64,36381.81,38407.828
688008.SH,20260821,200.22,204.18,199.11,200.55,211590.32,4259877.036
688009.SH,20260821,4.94,4.95,4.88,4.89,190038.65,93164.418
688010.SH,20260821,25.95,26.71,25.71,26.38,29335.67,76994.944
688011.SH,20260821,78.98,80.58,76.0,79.58,19994.56,157733.121
688012.SH,20260821,365.9,369.75,359.5,362.5,146273.81,5329720.075
688013.SH,20260821,26.16,26.18,25.3,25.3,9498.65,24378.933
688015.SH,20260821,15.74,15.75,15.42,15.73,9333.31,14551.502
688016.SH,20260821,93.5,93.65,91.85,92.46,13922.28,128837.785
688017.SH,20260821,303.0,319.2,303.0,314.35,68060.87,2129429.817
688018.SH,20260821,111.32,112.8,109.31,112.21,27724.03,309027.406
688019.SH,20260821,248.98,248.98,239.2,241.07,52871.55,1286466.855
688020.SH,20260821,126.48,131.5,123.12,129.88,35196.48,451740.199
688021.SH,20260821,21.0,21.56,20.21,21.47,15316.19,32054.273
688022.SH,20260821,8.28,8.35,8.07,8.35,25502.79,20872.227
688023.SH,20260821,38.19,38.68,37.51,38.61,14223.24,54263.525
688025.SH,20260821,407.01,424.23,403.0,410.89,32373.11,1335262.394
688026.SH,20260821,16.4,16.73,16.01,16.47,40193.93,65539.216
688027.SH,20260821,374.83,396.27,373.0,386.6,12965.36,498799.117
688028.SH,20260821,90.23,93.82,86.8,91.44,44805.03,409522.616
688029.SH,20260821,75.0,77.12,73.61,74.14,27406.73,205742.767
688030.SH,20260821,16.57,16.62,16.01,16.52,22825.01,37296.979
688031.SH,20260821,105.7,107.7,102.51,105.53,35892.89,378523.422
688032.SH,20260821,75.7,76.76,75.21,75.5,7224.94,54985.05
688033.SH,20260821,5.94,5.96,5.86,5.95,21163.23,12548.574
688035.SH,20260821,65.01,67.48,63.35,66.36,59626.28,392030.604
688036.SH,20260821,58.2,58.58,57.33,57.81,128400.41,743725.686
688037.SH,20260821,363.0,375.5,353.23,366.5,50987.43,1860782.174
688038.SH,20260821,18.0,18.08,17.57,18.08,11443.61,20474.349
688039.SH,20260821,33.45,33.83,32.53,33.45,14510.87,48309.902
688041.SH,20260821,245.0,249.32,242.22,246.21,214407.67,5256072.873
688045.SH,20260821,60.53,61.4,59.18,60.1,27888.06,167773.706
688046.SH,20260821,35.13,35.8,33.36,34.35,234461.75,806765.812
688047.SH,20260821,106.36,108.45,105.93,107.38,24050.49,258003.198
688048.SH,20260821,301.9,322.0,295.73,307.23,99172.98,3076789.122
688049.SH,20260821,39.66,39.98,38.8,39.17,42881.58,168147.663
688050.SH,20260821,41.75,41.99,40.44,40.48,42226.65,173173.093
688051.SH,20260821,24.53,24.89,23.86,24.45,13115.65,32005.329
688052.SH,20260821,242.83,250.68,240.69,244.36,30945.47,759070.877
688053.SH,20260821,33.77,35.0,33.38,34.86,5562.56,19216.855
688055.SH,20260821,3.77,3.82,3.7,3.79,93113.23,35049.701
688056.SH,20260821,41.58,43.12,41.14,42.84,7747.64,32913.786
688057.SH,20260821,19.16,19.21,17.86,17.89,52722.94,96232.408
688058.SH,20260821,22.55,23.08,22.26,22.83,6304.11,14281.143
688059.SH,20260821,90.9,93.18,89.0,91.39,34986.92,319919.542
688060.SH,20260821,34.34,34.6,33.83,34.35,3298.59,11307.2
688061.SH,20260821,37.23,38.23,36.52,37.3,13505.42,50332.313
688062.SH,20260821,33.59,33.75,31.13,31.17,134918.39,432604.206
688063.SH,20260821,43.9,45.24,43.3,44.59,55543.76,246704.722
688065.SH,20260821,46.67,46.7,45.15,45.27,44694.02,203396.698
688066.SH,20260821,8.4,8.59,8.34,8.44,37605.31,31739.137
688067.SH,20260821,22.9,23.07,22.29,22.88,10292.26,23264.357
688068.SH,20260821,109.0,110.1,103.68,106.49,40384.31,430447.877
688069.SH,20260821,31.47,32.5,30.3,31.78,23332.14,73971.662
688070.SH,20260821,33.9,35.49,33.25,34.54,19044.29,65877.83
688071.SH,20260821,32.42,34.23,32.36,33.67,18134.84,60870.594
688072.SH,20260821,677.0,699.66,670.3,673.5,50470.9,3454963.895
688073.SH,20260821,74.29,75.29,70.94,71.6,53541.61,388800.056
688075.SH,20260821,30.34,30.69,29.35,29.55,8848.59,26364.913
688076.SH,20260821,27.9,28.28,26.96,27.33,68913.1,189283.194
688077.SH,20260821,29.01,29.22,28.27,28.8,33277.35,95116.935
688078.SH,20260821,23.88,23.88,22.81,23.33,9138.88,21203.539
688079.SH,20260821,15.6,16.12,15.16,15.97,99527.37,157768.338
688080.SH,20260821,37.4,37.4,36.4,36.57,8302.75,30488.278
688081.SH,20260821,28.75,28.97,27.65,28.76,13873.94,39729.847
688082.SH,20260821,294.5,306.69,290.5,301.1,54606.17,1640017.38
688083.SH,20260821,53.25,54.9,52.3,53.73,22793.67,122159.437
688084.SH,20260821,43.59,44.48,42.69,44.05,9278.01,40507.587
688085.SH,20260821,13.57,13.59,13.13,13.5,31211.23,41682.25
688087.SH,20260821,39.37,41.26,38.06,40.21,16793.13,67026.841
688088.SH,20260821,31.55,31.88,31.22,31.61,31264.66,98688.675
688089.SH,20260821,7.4,7.53,7.31,7.51,15031.19,11147.568
688090.SH,20260821,71.0,73.84,70.8,71.5,57685.98,414705.223
688091.SH,20260821,40.99,41.88,39.71,40.02,54388.4,220370.317
688092.SH,20260821,22.87,22.87,22.2,22.6,5264.61,11884.767
688093.SH,20260821,25.09,25.7,24.77,25.34,15906.96,40158.986
688095.SH,20260821,59.0,59.43,58.02,59.05,21518.27,126369.711
688096.SH,20260821,8.92,9.16,8.62,8.8,113882.93,100695.881
688097.SH,20260821,46.16,49.96,46.16,49.1,77009.89,375215.716
688098.SH,20260821,8.7,8.7,8.22,8.25,72597.34,60531.372
688099.SH,20260821,93.45,94.37,91.24,91.92,83102.73,769235.236
688100.SH,20260821,25.83,26.1,25.44,25.66,35134.29,90396.319
688101.SH,20260821,15.0,15.0,14.21,14.69,66013.26,96573.072
688102.SH,20260821,33.14,35.1,33.14,34.16,230658.7,786952.844
688103.SH,20260821,73.38,76.3,72.68,74.93,19982.93,149386.817
688105.SH,20260821,24.9,27.6,24.24,24.24,386664.88,993558.106
688106.SH,20260821,27.36,28.9,27.12,27.93,193687.57,542841.735
688107.SH,20260821,31.43,32.0,30.93,31.3,52266.7,164025.554
688108.SH,20260821,18.59,18.64,18.12,18.48,96289.89,176800.661
688109.SH,20260821,72.5,74.35,72.0,73.03,7335.59,53580.887
688110.SH,20260821,114.35,122.0,113.28,120.7,203656.02,2396839.013
688111.SH,20260821,241.26,243.14,237.3,240.5,50946.65,1220494.691
688112.SH,20260821,70.49,73.25,68.85,71.11,54719.8,388097.205
688113.SH,20260821,35.5,36.08,34.93,36.05,5112.3,18186.417
688114.SH,20260821,69.05,80.5,68.1,74.79,317933.8,2422252.545
688115.SH,20260821,71.07,71.14,67.0,68.26,16324.57,111386.739
688116.SH,20260821,31.72,32.86,31.34,32.2,57016.41,183288.446
688117.SH,20260821,26.0,26.49,25.33,25.79,133741.24,345071.249
688118.SH,20260821,19.92,20.23,19.52,20.15,22582.24,45161.211
688119.SH,20260821,3.89,3.92,3.8,3.9,76223.18,29488.752
688120.SH,20260821,278.35,280.5,268.76,271.7,79949.35,2188381.467
688121.SH,20260821,1.82,1.88,1.74,1.74,88442.0,15850.087
688122.SH,20260821,48.95,49.32,48.16,49.2,49857.46,243979.058
688123.SH,20260821,141.98,143.98,136.02,138.89,90061.97,1256528.181
688125.SH,20260821,126.39,127.98,118.04,123.6,9979.93,123103.076
688126.SH,20260821,24.45,25.15,23.93,24.63,640060.07,1574686.196
688127.SH,20260821,66.4,67.79,64.1,65.73,125499.59,826614.354
688128.SH,20260821,21.94,21.98,21.49,21.95,13942.13,30411.851
688129.SH,20260821,20.9,21.3,20.7,20.96,7092.52,14811.946
688130.SH,20260821,24.01,24.28,23.53,24.15,16300.68,39081.89
688131.SH,20260821,98.46,99.8,96.3,97.39,63455.31,619174.781
688132.SH,20260821,13.3,13.53,13.07,13.4,8887.56,11827.822
688133.SH,20260821,23.91,23.91,23.13,23.33,31078.82,72789.735
688135.SH,20260821,25.28,25.99,25.06,25.44,67975.41,173429.775
688136.SH,20260821,21.04,21.5,20.11,20.55,85710.56,177277.212
688137.SH,20260821,66.07,80.99,66.07,80.99,105732.88,794653.561
688138.SH,20260821,33.98,35.08,33.52,33.98,58039.66,198685.514
688139.SH,20260821,30.04,30.19,29.22,29.54,49013.3,145490.66
688141.SH,20260821,121.97,126.42,119.57,124.35,99206.38,1224657.699
688143.SH,20260821,150.53,164.67,147.0,158.8,246398.89,3847777.629
688146.SH,20260821,261.5,274.99,256.57,263.09,146490.13,3885688.039
688147.SH,20260821,118.42,121.99,115.5,119.72,68873.21,821601.096
688148.SH,20260821,6.21,6.38,6.11,6.31,148552.85,93216.018
688150.SH,20260821,38.15,38.95,36.8,38.33,67707.08,258022.869
688151.SH,20260821,16.35,16.35,15.86,15.91,26498.8,42287.457
688152.SH,20260821,35.01,35.2,32.0,33.1,66607.43,219999.91
688153.SH,20260821,26.18,26.25,25.56,25.63,22253.97,57440.661
688155.SH,20260821,58.64,61.62,57.88,60.02,26835.64,161261.202
688156.SH,20260821,19.49,19.94,18.97,19.72,22017.02,43098.982
688157.SH,20260821,19.15,19.27,18.55,18.99,14516.62,27452.113
688158.SH,20260821,32.1,32.73,31.42,32.63,142639.83,458886.472
688159.SH,20260821,31.56,32.55,31.16,32.35,24767.24,79420.374
688160.SH,20260821,97.83,101.02,97.24,99.85,9004.39,89590.229
688161.SH,20260821,22.59,22.59,21.94,22.08,12130.14,26861.635
688162.SH,20260821,22.9,23.3,22.51,23.17,9070.08,20873.414
688163.SH,20260821,34.15,34.45,32.81,34.0,12854.95,43296.665
688165.SH,20260821,16.36,16.55,16.06,16.4,57609.43,94068.162
688166.SH,20260821,37.8,37.98,36.05,36.67,156552.82,577343.895
688167.SH,20260821,284.09,293.99,276.0,281.07,112415.17,3205935.2
688168.SH,20260821,35.32,35.85,34.33,35.63,28170.08,99537.149
688169.SH,20260821,119.23,119.84,116.02,116.46,33894.51,397153.037
688170.SH,20260821,53.0,53.33,51.05,52.95,29446.05,154796.778
688171.SH,20260821,27.52,27.55,26.51,27.0,10507.65,28375.43
688172.SH,20260821,55.55,56.34,54.45,55.65,87482.83,484919.274
688173.SH,20260821,13.48,13.98,13.32,13.81,77867.46,106673.38
688175.SH,20260821,19.09,19.5,18.95,19.37,17460.93,33586.504
688176.SH,20260821,12.68,12.7,12.03,12.2,156015.53,191342.94
688177.SH,20260821,21.32,21.75,20.61,20.71,48697.04,102083.891
688178.SH,20260821,28.03,28.97,27.45,28.7,11224.88,31854.048
688179.SH,20260821,21.79,22.38,20.17,20.89,245034.87,516547.805
688180.SH,20260821,39.5,39.79,37.33,37.42,307551.63,1176459.001
688181.SH,20260821,38.5,39.4,37.51,38.72,39079.83,150601.737
688182.SH,20260821,27.9,28.6,27.34,28.2,62440.35,175325.038
688183.SH,20260821,103.89,109.95,102.52,107.58,116927.41,1251465.842
688184.SH,20260821,11.06,11.09,10.89,11.07,5925.21,6497.81
688185.SH,20260821,70.06,77.32,67.5,77.32,255933.88,1891019.107
688186.SH,20260821,13.75,13.91,13.51,13.88,25819.43,35647.98
688187.SH,20260821,46.58,48.45,46.58,47.6,51186.94,244740.945
688188.SH,20260821,102.27,102.86,100.58,101.6,18321.68,185959.516
688189.SH,20260821,6.53,6.6,6.3,6.5,57270.12,36781.941
688190.SH,20260821,73.58,74.53,72.7,73.06,6761.64,49635.066
688191.SH,20260821,21.73,21.98,20.66,21.74,47721.11,102844.133
688192.SH,20260821,60.45,61.1,58.1,59.0,90506.63,538007.693
688193.SH,20260821,48.04,48.21,46.55,48.06,4511.64,21434.829
688195.SH,20260821,179.86,180.0,168.88,172.0,110525.22,1921638.705
688196.SH,20260821,35.03,35.28,34.11,34.5,23820.65,82201.887
688197.SH,20260821,38.43,39.93,36.67,37.71,37873.27,143843.23
688198.SH,20260821,80.69,80.69,78.1,78.5,9371.44,74007.378
688199.SH,20260821,22.9,23.27,22.48,23.16,25058.59,57699.002
688200.SH,20260821,418.09,418.09,402.2,412.52,25771.86,1057649.578
688201.SH,20260821,7.08,7.14,6.99,7.09,12088.06,8534.564
688202.SH,20260821,104.0,107.92,99.38,100.47,90163.07,925904.281
688203.SH,20260821,11.56,11.81,11.42,11.73,27779.97,32320.146
688205.SH,20260821,169.95,171.99,158.14,159.36,125171.64,2035279.673
688206.SH,20260821,39.18,43.8,38.81,43.3,158123.42,664083.299
688207.SH,20260821,19.3,19.45,18.75,19.38,74182.47,142246.413
688208.SH,20260821,25.27,25.31,24.81,25.06,70888.41,177598.58
688209.SH,20260821,21.6,23.38,21.47,23.02,137650.53,313360.779
688210.SH,20260821,30.46,32.22,30.11,30.99,64609.66,200704.849
688211.SH,20260821,31.01,31.5,30.58,30.88,4342.02,13408.243
688212.SH,20260821,28.82,28.9,27.96,28.27,36507.25,102973.286
688213.SH,20260821,97.16,99.36,96.32,98.0,49099.5,480310.395
688215.SH,20260821,45.0,45.8,43.18,45.35,12815.52,56945.395
688216.SH,20260821,30.34,31.1,29.71,30.53,27987.17,85265.196
688217.SH,20260821,24.6,25.22,24.09,24.77,14305.18,35215.347
688218.SH,20260821,39.9,42.08,38.9,41.32,42816.75,173135.366
688219.SH,20260821,10.27,10.37,10.1,10.36,44106.86,45289.226
688220.SH,20260821,94.88,96.35,93.0,94.38,60802.18,573363.139
688221.SH,20260821,21.45,21.49,19.8,20.0,253413.3,514245.948
688222.SH,20260821,37.16,38.0,35.66,36.16,244740.52,894492.601
688223.SH,20260821,4.35,4.42,4.33,4.39,465069.5,203500.719
688225.SH,20260821,11.92,11.98,11.74,11.86,43073.69,51055.453
688226.SH,20260821,28.5,29.82,28.34,29.24,27570.03,80440.533
688227.SH,20260821,70.86,72.9,70.03,72.35,21227.38,152774.788
688228.SH,20260821,73.19,80.27,73.19,79.5,26151.08,202213.786
688229.SH,20260821,65.73,67.25,63.5,66.49,4449.58,29304.872
688230.SH,20260821,54.16,55.15,53.76,54.5,9721.38,52893.614
688231.SH,20260821,29.14,30.15,28.98,29.63,19788.8,58728.076
688232.SH,20260821,18.47,18.47,18.08,18.16,12578.47,22886.82
688233.SH,20260821,113.52,114.94,109.8,113.19,73201.43,823941.993
688234.SH,20260821,106.0,113.53,106.0,109.95,116881.9,1289601.758
688235.SH,20260821,290.04,294.54,283.8,289.25,57617.54,1660779.605
688236.SH,20260821,14.85,14.94,14.39,14.49,20160.01,29330.918
688237.SH,20260821,55.94,56.72,55.1,56.2,9109.84,50954.462
688238.SH,20260821,7.71,7.83,7.13,7.28,714384.58,530086.534
688239.SH,20260821,44.53,48.35,44.5,48.21,94999.97,450844.138
688244.SH,20260821,14.89,15.11,14.68,14.96,12176.06,18086.464
688246.SH,20260821,17.59,17.9,17.17,17.41,22750.24,39545.686
688247.SH,20260821,9.86,10.05,9.68,9.76,110702.88,108774.565
688248.SH,20260821,41.7,42.47,40.6,41.34,49967.01,206573.676
688249.SH,20260821,39.27,40.28,38.74,39.12,146441.55,575822.851
688251.SH,20260821,21.3,21.57,21.04,21.43,8972.09,19107.86
688252.SH,20260821,20.1,20.46,19.97,20.1,50160.84,101196.91
688253.SH,20260821,57.33,57.39,55.36,56.23,15307.99,86028.707
688255.SH,20260821,25.5,25.78,24.83,25.74,20840.27,52975.09
688256.SH,20260821,999.98,1061.47,996.0,1035.0,120332.93,12446848.997
688257.SH,20260821,56.73,58.87,55.63,58.05,100112.17,576934.565
688258.SH,20260821,97.75,98.6,95.08,97.29,17668.25,171300.224
688259.SH,20260821,30.6,31.11,30.3,31.01,8590.68,26420.061
688260.SH,20260821,105.78,111.07,104.01,107.09,65032.17,702807.848
688261.SH,20260821,72.66,77.21,72.66,74.81,75467.51,568410.032
688262.SH,20260821,26.69,27.33,26.25,26.93,65733.53,176418.892
688265.SH,20260821,43.0,44.98,41.9,42.3,36878.61,157940.123
688266.SH,20260821,134.0,135.46,125.54,128.71,87393.61,1134744.189
688267.SH,20260821,18.65,18.85,18.5,18.65,9954.5,18543.372
688268.SH,20260821,141.11,153.49,140.58,145.2,66892.85,981243.908
688269.SH,20260821,31.1,32.31,30.6,32.16,16564.22,52622.412
688270.SH,20260821,60.85,63.64,60.81,61.89,58700.23,366194.911
688271.SH,20260821,108.46,109.0,105.77,106.0,52862.27,563288.891
688272.SH,20260821,27.8,30.0,27.61,28.42,12864.99,36592.144
688273.SH,20260821,31.33,31.33,30.0,30.41,11344.42,34535.239
688275.SH,20260821,78.88,90.28,78.02,85.91,82115.94,700308.441
688276.SH,20260821,18.7,19.35,17.29,17.36,199772.42,366983.575
688277.SH,20260821,15.93,16.06,15.63,15.74,45150.73,71488.323
688278.SH,20260821,63.41,63.99,60.88,61.88,83614.54,518006.527
688279.SH,20260821,175.0,184.98,174.01,177.74,28045.95,502241.433
688280.SH,20260821,5.51,5.52,5.34,5.48,89301.74,48546.696
688281.SH,20260821,45.02,45.98,44.21,45.18,26345.46,118767.186
688282.SH,20260821,55.69,56.95,54.22,55.79,5824.02,32447.608
688283.SH,20260821,28.49,28.74,27.86,28.3,11261.52,31883.646
688285.SH,20260821,7.63,7.72,7.51,7.62,22403.14,17053.591
688286.SH,20260821,50.09,51.0,48.52,49.0,93619.5,464028.837
688288.SH,20260821,18.18,18.66,17.96,18.53,13265.41,24265.935
688289.SH,20260821,16.87,16.93,15.77,15.78,188572.49,305710.689
688290.SH,20260821,66.8,67.95,65.55,66.6,8912.63,59479.702
688291.SH,20260821,43.44,43.87,41.38,42.53,13698.54,57905.988
688292.SH,20260821,17.3,17.3,16.85,17.05,14957.24,25497.364
688293.SH,20260821,62.0,64.37,59.88,61.75,45481.46,280883.85
688295.SH,20260821,38.24,39.0,37.9,38.86,32647.29,126232.476
688296.SH,20260821,26.91,27.15,25.09,26.39,67619.14,178869.276
688297.SH,20260821,38.8,38.94,38.32,38.8,35850.79,138566.236
688298.SH,20260821,19.85,19.97,19.2,19.43,26824.15,52227.107
688299.SH,20260821,12.73,12.98,12.4,12.91,39930.69,51114.796
688300.SH,20260821,143.44,151.38,137.18,145.31,127984.01,1841604.115
688301.SH,20260821,98.4,101.46,97.39,100.94,59638.74,593900.811
688302.SH,20260821,37.5,37.8,36.09,36.47,20402.13,74973.443
688303.SH,20260821,18.06,18.45,17.84,18.02,96852.15,175060.329
688305.SH,20260821,64.0,64.25,62.8,63.21,33429.58,211858.914
688306.SH,20260821,8.71,8.75,8.56,8.68,54465.4,47306.852
688307.SH,20260821,50.53,52.47,48.72,49.78,51157.28,257564.635
688308.SH,20260821,95.19,99.76,94.32,97.28,67110.43,653230.563
688309.SH,20260821,73.84,76.25,71.8,74.48,18020.07,134180.76
688310.SH,20260821,15.11,15.8,14.86,15.7,19525.36,30151.967
688311.SH,20260821,22.68,23.31,22.68,22.88,37262.11,85528.447
688312.SH,20260821,49.2,52.2,47.99,49.72,65597.18,330033.941
688313.SH,20260821,163.0,167.18,156.78,158.0,289728.83,4676195.109
688314.SH,20260821,32.26,32.58,31.39,32.39,8541.96,27261.835
688315.SH,20260821,16.47,17.49,15.75,15.95,303860.01,497813.381
688316.SH,20260821,48.1,49.14,46.43,48.88,18052.92,86355.264
688317.SH,20260821,17.97,18.2,17.21,17.7,42736.09,75704.8
688318.SH,20260821,75.42,77.19,74.21,76.63,43668.89,331303.044
688319.SH,20260821,28.6,31.12,27.89,30.05,126743.98,375785.15
688320.SH,20260821,32.68,34.05,32.11,33.64,28305.9,94616.466
688321.SH,20260821,29.59,29.95,27.83,27.95,208902.61,595008.257
688322.SH,20260821,99.0,101.5,98.32,101.0,74408.72,745452.695
688323.SH,20260821,29.0,30.85,28.64,29.34,182262.78,539154.264
688325.SH,20260821,107.0,112.0,105.6,109.75,7394.12,80374.938
688326.SH,20260821,63.41,64.2,62.58,64.2,7742.6,49239.429
688327.SH,20260821,10.2,10.28,10.07,10.16,124958.4,127013.19
688328.SH,20260821,76.03,91.16,76.01,91.16,127821.59,1103203.32
688329.SH,20260821,20.27,21.1,19.9,20.95,13869.25,28571.485
688330.SH,20260821,33.0,33.18,32.39,33.08,6043.46,19869.859
688331.SH,20260821,129.7,130.8,125.02,125.5,95824.59,1216525.282
688332.SH,20260821,90.27,93.28,89.0,91.12,33766.25,307534.667
688333.SH,20260821,108.7,112.88,103.28,105.46,120775.06,1282000.772
688334.SH,20260821,17.93,18.13,17.88,17.94,10698.01,19192.988
688335.SH,20260821,20.28,20.41,19.52,19.95,18660.85,37022.159
688336.SH,20260821,48.01,50.8,45.68,47.65,168538.05,810407.787
688337.SH,20260821,44.3,45.96,43.55,44.82,38411.37,171579.223
688338.SH,20260821,30.31,32.25,30.01,31.6,29800.73,93675.092
688339.SH,20260821,16.99,17.12,16.63,17.04,17870.13,30246.735
688343.SH,20260821,56.0,58.15,55.45,57.12,58874.04,335890.143
688345.SH,20260821,54.99,54.99,52.8,53.52,16229.14,86959.374
688347.SH,20260821,232.76,238.5,229.02,233.22,137074.18,3204219.144
688348.SH,20260821,32.07,32.5,31.68,32.38,7961.24,25665.652
688349.SH,20260821,14.07,14.2,13.97,14.0,48768.19,68444.299
688350.SH,20260821,28.99,29.56,27.95,29.25,15095.9,43759.223
688351.SH,20260821,20.45,20.69,19.91,20.2,38678.13,78364.484
688352.SH,20260821,18.4,19.27,18.35,18.52,193476.55,362244.81
688353.SH,20260821,88.0,93.99,87.0,91.2,70718.99,643184.77
688355.SH,20260821,17.52,17.54,17.11,17.34,11779.95,20402.863
688356.SH,20260821,107.34,107.34,107.34,107.34,32702.46,351028.206
688357.SH,20260821,27.28,27.3,26.44,26.9,6352.95,16985.22
688358.SH,20260821,29.51,29.7,28.4,29.0,11595.76,33431.265
688359.SH,20260821,94.85,97.32,90.53,95.98,40698.91,385080.319
688360.SH,20260821,15.18,15.78,15.14,15.72,28047.16,43675.61
688361.SH,20260821,358.93,358.93,342.0,349.46,76081.41,2653998.02
688362.SH,20260821,64.0,66.96,62.53,64.88,183459.34,1190685.385
688363.SH,20260821,36.63,36.63,36.0,36.38,31522.4,114663.888
688365.SH,20260821,14.35,14.48,14.06,14.31,73567.71,105167.183
688366.SH,20260821,32.34,32.88,31.4,31.4,9641.35,30566.732
688367.SH,20260821,30.35,30.35,29.13,30.04,10916.8,32476.352
688368.SH,20260821,128.0,135.0,126.18,126.84,38575.6,497076.941
688369.SH,20260821,19.65,19.8,19.26,19.66,32729.18,64017.958
688370.SH,20260821,23.2,23.55,22.89,23.55,3529.55,8208.48
688371.SH,20260821,27.74,28.87,27.07,27.9,69723.85,194948.719
688372.SH,20260821,127.61,129.27,122.71,123.05,71800.5,900991.335
688373.SH,20260821,5.65,5.65,5.29,5.44,187169.35,101795.032
688375.SH,20260821,79.01,81.02,78.0,79.62,28456.71,226726.931
688376.SH,20260821,67.99,68.35,65.1,67.16,12101.07,81070.933
688377.SH,20260821,20.14,20.46,19.83,20.31,14098.69,28487.953
688378.SH,20260821,46.73,47.22,45.34,45.81,92006.24,424823.707
688379.SH,20260821,52.1,54.32,51.55,53.7,31717.31,168607.996
688380.SH,20260821,42.53,43.1,41.6,42.08,116721.05,493282.794
688381.SH,20260821,33.13,34.22,32.32,33.62,81301.41,271451.445
688382.SH,20260821,20.79,20.9,18.67,20.0,333447.04,658271.936
688383.SH,20260821,127.0,128.7,121.18,127.25,24476.55,308153.886
688385.SH,20260821,53.23,54.88,53.08,53.6,112272.45,605591.206
688386.SH,20260821,50.71,53.3,50.13,52.16,15870.76,82122.097
688387.SH,20260821,12.75,13.3,12.66,13.02,367109.8,478167.467
688388.SH,20260821,27.9,29.94,27.66,29.68,308968.25,904570.476
688389.SH,20260821,11.24,11.37,11.05,11.16,20627.08,22996.974
688390.SH,20260821,65.45,67.55,63.92,66.21,62194.08,413415.019
688391.SH,20260821,25.53,25.8,25.03,25.67,10132.13,25789.607
688392.SH,20260821,189.26,197.32,186.98,192.72,54433.17,1048771.083
688393.SH,20260821,20.35,20.39,19.71,20.26,20869.29,41860.76
688395.SH,20260821,22.37,22.84,22.12,22.65,14699.58,33054.086
688396.SH,20260821,59.1,63.88,59.01,62.16,280452.38,1745037.145
688398.SH,20260821,21.29,21.59,20.62,21.37,13387.21,28322.798
688399.SH,20260821,29.29,29.65,28.25,28.64,18095.1,51879.238
688400.SH,20260821,46.77,47.85,45.86,47.26,71615.4,336833.338
688401.SH,20260821,68.76,69.36,66.76,68.15,39710.08,270313.566
688403.SH,20260821,23.29,23.72,22.51,23.01,318196.78,733971.789
688408.SH,20260821,25.47,25.95,25.17,25.48,23362.9,59767.505
688409.SH,20260821,209.86,213.96,206.21,209.0,47836.88,1003311.984
688410.SH,20260821,11.3,11.53,10.86,10.91,70893.89,78024.411
688411.SH,20260821,200.27,206.96,199.0,202.51,16287.09,331806.559
688416.SH,20260821,73.92,77.49,73.92,75.45,41886.91,316757.681
688418.SH,20260821,32.43,33.1,31.96,32.81,24740.45,81011.131
688419.SH,20260821,47.28,49.87,46.62,48.83,28660.43,139168.291
688420.SH,20260821,22.07,22.59,21.71,22.44,6080.46,13481.593
688425.SH,20260821,4.1,4.1,4.05,4.05,108297.91,43987.163
688426.SH,20260821,22.99,23.39,20.5,22.42,90455.55,197332.591
688428.SH,20260821,31.01,31.21,29.5,29.6,136072.38,409624.405
688429.SH,20260821,10.46,10.67,10.32,10.62,10792.52,11360.008
688432.SH,20260821,44.98,45.75,43.37,44.2,485077.01,2160680.964
688433.SH,20260821,103.0,107.86,99.59,104.86,105358.54,1097692.597
688435.SH,20260821,30.42,30.73,29.6,30.51,11718.79,35484.487
688439.SH,20260821,38.62,39.25,38.28,38.38,20535.55,79658.604
688443.SH,20260821,26.28,26.75,25.77,25.95,46163.82,120651.326
688448.SH,20260821,63.19,64.79,60.5,64.38,29758.79,188097.234
688449.SH,20260821,67.89,69.91,67.0,68.15,87657.58,599150.948
688450.SH,20260821,33.0,33.89,32.22,33.68,12291.64,40932.452
688455.SH,20260821,15.18,16.58,14.71,16.24,40889.82,64940.357
688456.SH,20260821,81.44,84.36,79.7,82.9,50016.0,412549.855
688458.SH,20260821,33.2,33.98,32.84,33.5,12869.58,43042.813
688459.SH,20260821,7.98,7.99,7.86,7.95,7502.08,5949.207
688466.SH,20260821,14.04,14.07,13.6,13.91,15093.54,20794.135
688468.SH,20260821,6.43,6.46,6.23,6.29,33845.71,21332.698
688469.SH,20260821,8.8,9.03,8.78,8.88,914931.81,814178.602
688472.SH,20260821,10.2,10.58,10.16,10.47,346811.98,361281.393
688475.SH,20260821,29.62,29.72,29.33,29.51,27891.31,82233.014
688478.SH,20260821,49.36,52.88,49.02,49.96,57414.77,291659.799
688479.SH,20260821,26.83,34.46,26.83,33.07,28964.3,95277.227
688480.SH,20260821,75.62,79.98,75.27,79.88,10198.99,80034.983
688484.SH,20260821,36.32,37.72,35.78,36.11,68313.03,249142.719
688485.SH,20260821,82.96,85.0,81.5,83.12,58556.19,486666.879
688486.SH,20260821,43.58,45.73,43.36,45.42,40464.42,181640.758
688488.SH,20260821,16.66,17.37,16.36,16.49,120468.15,200775.706
688489.SH,20260821,24.1,24.32,23.2,24.15,16086.78,38348.345
688496.SH,20260821,0.92,0.96,0.9,0.9,71177.92,6588.229
688498.SH,20260821,1560.0,1606.99,1540.01,1587.0,34686.27,5466088.31
688499.SH,20260821,34.1,35.58,34.05,35.1,32705.44,114365.38
688500.SH,20260821,36.26,37.16,35.66,36.72,13420.34,49066.58
688501.SH,20260821,13.27,13.36,12.93,13.28,13103.66,17253.425
688502.SH,20260821,450.0,461.6,438.55,447.86,12423.17,557991.879
688503.SH,20260821,93.0,94.66,89.33,91.76,190297.99,1748140.142
688505.SH,20260821,8.73,8.82,8.49,8.64,167856.12,145282.395
688506.SH,20260821,288.0,291.91,279.31,282.71,18583.32,527902.486
688507.SH,20260821,154.84,160.88,152.81,158.46,36665.51,578576.701
688508.SH,20260821,83.35,88.7,83.35,85.4,62946.86,541198.342
688509.SH,20260821,4.24,4.24,4.16,4.19,36683.28,15361.06
688510.SH,20260821,23.17,24.1,23.0,23.81,37383.83,88780.469
688511.SH,20260821,21.31,22.11,21.1,22.1,17301.23,37635.596
688512.SH,20260821,14.32,14.7,14.15,14.4,81798.05,117979.794
688513.SH,20260821,47.62,47.65,44.91,45.56,28579.49,131492.158
688515.SH,20260821,150.2,161.27,150.2,157.18,39151.28,614700.616
688516.SH,20260821,41.19,42.19,40.18,41.51,61882.7,256668.738
688517.SH,20260821,15.91,16.31,15.8,16.14,22658.06,36495.229
688518.SH,20260821,19.33,19.97,19.08,19.81,82981.39,163056.651
688519.SH,20260821,279.0,298.6,277.89,289.83,54527.02,1583193.22
688520.SH,20260821,39.36,39.97,37.82,37.89,66025.66,255480.254
688521.SH,20260821,177.97,182.92,175.0,178.38,141932.08,2537211.817
688522.SH,20260821,18.47,18.66,18.16,18.6,31683.16,58502.785
688523.SH,20260821,41.67,42.78,41.0,42.03,44865.94,188051.23
688525.SH,20260821,235.0,240.8,232.27,238.96,176569.21,4182984.197
688526.SH,20260821,13.4,13.45,13.04,13.09,25186.71,33076.163
688528.SH,20260821,9.73,9.96,9.44,9.85,15753.11,15292.815
688529.SH,20260821,15.89,16.42,15.44,16.23,16782.65,26867.604
688530.SH,20260821,63.5,64.71,61.51,62.86,76463.72,482677.132
688531.SH,20260821,135.51,140.27,130.54,136.37,46619.48,632926.498
688533.SH,20260821,20.79,21.12,20.71,20.85,5637.04,11749.518
688535.SH,20260821,100.62,102.89,98.07,100.5,42794.55,430563.208
688536.SH,20260821,312.22,321.5,309.02,311.33,50758.8,1590432.317
688538.SH,20260821,2.32,2.33,2.3,2.31,428079.82,98946.503
688539.SH,20260821,25.7,26.18,25.34,25.57,19851.12,51134.092
688543.SH,20260821,37.95,38.88,37.32,38.6,38126.18,146056.59
688545.SH,20260821,81.0,83.08,79.68,80.79,99527.53,808062.596
688548.SH,20260821,38.11,39.17,36.48,37.28,303720.18,1144770.224
688549.SH,20260821,26.0,28.99,25.77,27.2,939540.27,2572408.623
688550.SH,20260821,38.26,39.58,37.88,38.79,49956.21,192048.747
688551.SH,20260821,38.5,41.39,38.11,40.3,25354.43,101717.91
688552.SH,20260821,25.75,26.99,25.45,26.33,21719.43,56940.038
688553.SH,20260821,12.24,12.3,11.65,11.92,150936.06,180171.508
688556.SH,20260821,8.18,8.22,7.94,8.13,175682.62,142510.044
688557.SH,20260821,21.64,21.77,20.36,21.24,34229.41,72203.015
688558.SH,20260821,31.82,32.31,31.65,32.03,8416.52,26955.035
688559.SH,20260821,53.24,54.07,51.44,52.59,78999.65,416575.564
688560.SH,20260821,12.05,12.17,11.75,12.1,26417.78,31697.146
688561.SH,20260821,25.28,25.5,25.03,25.45,34380.87,86989.201
688562.SH,20260821,13.73,14.05,13.62,13.99,24565.48,34153.785
688563.SH,20260821,49.59,50.4,49.36,49.95,8992.87,44864.074
688565.SH,20260821,11.06,11.25,10.8,11.16,15622.15,17262.583
688566.SH,20260821,26.9,26.9,25.85,26.28,30788.07,80835.886
688567.SH,20260821,9.55,9.81,9.5,9.62,66518.45,64232.469
688568.SH,20260821,32.84,33.26,32.5,32.8,56097.5,184273.323
688569.SH,20260821,18.85,19.18,18.34,18.45,24908.9,46172.464
688570.SH,20260821,15.2,15.51,15.2,15.25,8094.64,12398.106
688571.SH,20260821,8.66,8.88,8.47,8.69,73109.73,63513.327
688573.SH,20260821,16.02,16.49,15.75,16.3,14170.41,22948.693
688575.SH,20260821,9.68,9.83,9.5,9.55,117542.99,113050.392
688576.SH,20260821,42.38,42.51,40.89,41.14,4189.27,17284.711
688577.SH,20260821,41.59,42.77,40.59,42.08,9362.19,39185.724
688578.SH,20260821,118.9,119.0,114.16,116.5,93013.74,1082886.777
688579.SH,20260821,7.93,8.01,7.84,7.96,33971.68,26928.106
688580.SH,20260821,49.65,49.92,48.06,48.24,15365.75,74688.637
688581.SH,20260821,53.45,53.9,51.6,51.66,8272.34,43088.511
688582.SH,20260821,42.05,42.8,41.21,41.6,39175.28,163446.558
688583.SH,20260821,84.0,87.63,82.61,87.63,23714.81,202037.404
688584.SH,20260821,29.7,30.22,28.89,29.11,112958.46,332809.65
688585.SH,20260821,138.0,146.0,136.28,143.86,53267.39,760697.095
688586.SH,20260821,10.27,10.44,10.21,10.33,33247.4,34384.965
688588.SH,20260821,9.48,9.54,9.27,9.49,21774.35,20497.183
688589.SH,20260821,19.64,20.43,19.5,19.9,113534.17,226245.143
688590.SH,20260821,12.45,13.18,12.25,13.01,76218.86,97368.302
688591.SH,20260821,26.98,27.19,26.4,26.94,27318.26,73449.858
688592.SH,20260821,24.45,24.91,24.23,24.8,6378.11,15707.988
688593.SH,20260821,32.22,34.63,31.03,34.18,188532.17,631132.45
688595.SH,20260821,27.88,28.16,27.34,28.01,19863.88,55413.938
688596.SH,20260821,67.33,69.37,65.67,66.3,206571.04,1388830.472
688597.SH,20260821,6.72,6.78,6.54,6.75,52288.77,34987.645
688598.SH,20260821,34.56,39.88,33.6,39.85,335548.44,1271627.461
688599.SH,20260821,12.73,13.04,12.66,12.9,205331.79,263789.07
688600.SH,20260821,26.51,26.93,25.88,26.79,16496.24,43710.087
688601.SH,20260821,46.12,48.92,45.2,48.49,35575.76,169271.994
688602.SH,20260821,6.75,6.82,6.64,6.77,43865.2,29562.757
688603.SH,20260821,104.5,109.8,101.72,106.87,35930.48,383087.659
688605.SH,20260821,72.02,73.2,70.49,71.6,34412.89,246931.664
688606.SH,20260821,48.9,49.15,47.64,47.96,4313.23,20736.272
688607.SH,20260821,43.97,43.97,41.23,42.88,10495.96,44617.613
688608.SH,20260821,109.67,109.79,106.3,107.49,38400.34,412381.645
688609.SH,20260821,8.94,9.1,8.85,8.96,116859.06,104747.777
688610.SH,20260821,166.29,177.77,162.29,168.9,18927.62,324175.211
688611.SH,20260821,64.66,65.16,63.02,64.21,9589.37,61541.505
688612.SH,20260821,33.31,33.72,32.5,33.18,37724.47,124828.912
688613.SH,20260821,15.72,15.72,15.2,15.45,23554.84,36296.113
688615.SH,20260821,96.79,97.2,93.01,93.94,64752.69,609793.792
688616.SH,20260821,10.83,10.93,10.63,10.88,18664.14,20138.0
688617.SH,20260821,266.15,268.8,258.67,263.5,23155.98,612887.187
688618.SH,20260821,31.68,32.22,30.1,31.41,34861.98,108686.563
688619.SH,20260821,15.33,15.56,15.04,15.39,34385.02,52459.845
688620.SH,20260821,15.5,15.59,15.05,15.27,102622.88,157112.242
688621.SH,20260821,67.0,71.48,64.66,66.01,63015.6,428724.586
688622.SH,20260821,104.31,107.0,101.07,104.2,2833.41,29382.57
688623.SH,20260821,58.69,58.69,57.01,57.82,4292.35,24812.612
688625.SH,20260821,54.99,59.95,54.99,59.1,65305.68,379971.613
688626.SH,20260821,45.67,46.02,43.58,43.7,20911.0,92131.548
688627.SH,20260821,478.0,492.5,470.99,484.79,47890.39,2312317.807
688628.SH,20260821,82.27,89.67,82.0,86.49,72630.27,626104.47
688629.SH,20260821,135.0,143.23,134.51,139.09,106546.81,1489127.288
688630.SH,20260821,428.43,455.6,419.04,429.58,47079.5,2052986.537
688631.SH,20260821,40.0,40.2,39.38,39.69,9262.21,36859.878
688633.SH,20260821,24.01,24.23,23.6,24.08,21225.09,50881.661
688635.SH,20260821,331.5,340.0,320.0,321.36,26340.61,868148.652
688636.SH,20260821,19.65,20.24,19.45,20.08,60109.94,120064.671
688638.SH,20260821,33.27,33.8,32.44,33.56,4353.31,14422.381
688639.SH,20260821,17.26,17.37,16.6,16.69,62669.84,105193.575
688646.SH,20260821,72.0,73.45,70.18,73.18,17793.84,128193.58
688648.SH,20260821,31.57,33.2,30.78,32.33,26309.97,84394.109
688651.SH,20260821,22.67,23.03,22.35,22.9,8997.63,20406.184
688652.SH,20260821,147.62,149.0,140.01,143.48,51996.4,751456.488
688653.SH,20260821,14.6,15.84,14.6,15.74,298452.57,461476.106
688655.SH,20260821,41.21,44.5,40.69,42.36,114478.79,483350.682
688656.SH,20260821,95.88,102.6,94.2,101.78,13909.77,138065.853
688657.SH,20260821,32.81,33.1,32.24,32.78,10081.57,32989.752
688658.SH,20260821,14.4,14.95,13.54,14.31,520827.62,744160.835
688659.SH,20260821,10.58,10.74,10.34,10.69,19897.36,21036.298
688660.SH,20260821,7.87,7.88,7.66,7.74,122153.77,94661.034
688661.SH,20260821,97.15,103.4,94.15,101.01,44839.06,450476.536
688662.SH,20260821,92.97,95.65,90.14,91.82,98567.08,911888.579
688663.SH,20260821,55.34,56.55,54.2,55.94,27184.29,151425.502
688665.SH,20260821,43.84,44.21,42.76,43.7,5072.93,22124.519
688667.SH,20260821,92.23,92.23,89.0,90.9,5832.58,52760.126
688668.SH,20260821,242.24,258.1,241.0,251.78,44272.81,1116060.706
688669.SH,20260821,77.39,79.74,73.5,79.49,33655.61,261606.934
688670.SH,20260821,15.7,16.89,15.17,15.95,61102.59,96486.952
688671.SH,20260821,24.27,24.87,23.69,24.62,9365.17,22781.658
688676.SH,20260821,71.53,76.99,70.68,76.0,368402.8,2752942.219
688677.SH,20260821,87.36,94.87,83.34,91.93,124922.03,1133666.222
688678.SH,20260821,19.75,19.86,19.06,19.4,126137.99,245724.807
688679.SH,20260821,38.69,40.74,38.31,40.3,45218.7,180322.958
688680.SH,20260821,34.28,34.36,33.03,34.18,7521.19,25435.464
688681.SH,20260821,16.66,17.08,16.47,17.01,12221.07,20532.022
688682.SH,20260821,31.89,31.89,30.86,31.74,9852.21,31027.064
688683.SH,20260821,29.53,30.49,28.82,30.26,15610.47,46485.098
688685.SH,20260821,41.0,41.8,39.98,40.95,24545.52,100321.158
688686.SH,20260821,122.51,125.97,118.2,123.01,21198.33,260625.487
688687.SH,20260821,18.45,18.48,17.78,18.18,50571.34,91676.031
688689.SH,20260821,39.36,40.8,39.16,40.33,51434.84,206378.589
688690.SH,20260821,44.0,44.6,42.95,43.4,129137.03,563406.003
688691.SH,20260821,63.66,65.77,62.64,64.5,29773.36,191792.912
688692.SH,20260821,247.6,247.6,238.3,240.09,11950.97,288306.083
688693.SH,20260821,76.2,79.52,75.37,76.46,21141.94,162941.257
688695.SH,20260821,19.4,19.52,18.8,19.41,9002.64,17260.292
688696.SH,20260821,70.5,70.69,68.5,68.82,5067.93,35002.842
688697.SH,20260821,14.33,14.79,14.12,14.63,68375.25,98938.769
688698.SH,20260821,45.0,45.37,44.09,45.08,17415.83,78258.988
688699.SH,20260821,62.45,62.45,60.16,60.52,30913.44,188406.378
688700.SH,20260821,57.48,59.22,55.71,57.45,93549.94,537985.541
688701.SH,20260821,8.37,8.57,8.18,8.45,18793.53,15764.153
688702.SH,20260821,374.2,386.88,373.0,375.8,53567.73,2034067.742
688707.SH,20260821,10.17,10.5,10.07,10.41,57784.59,59733.338
688708.SH,20260821,42.1,42.47,41.87,42.3,6474.48,27314.518
688709.SH,20260821,25.53,26.11,25.35,25.61,30349.61,78012.533
688710.SH,20260821,95.3,98.9,93.8,95.25,39389.85,378082.992
688711.SH,20260821,24.6,26.24,24.53,25.9,113059.01,289880.084
688712.SH,20260821,33.93,33.93,32.44,33.22,18303.63,60543.349
688716.SH,20260821,27.88,27.88,26.66,27.69,13323.74,36377.527
688717.SH,20260821,57.02,61.06,57.02,59.8,78669.69,468765.143
688718.SH,20260821,14.22,14.43,13.94,14.28,17336.24,24657.909
688719.SH,20260821,48.5,52.22,48.0,51.6,37649.71,190148.178
688720.SH,20260821,67.0,68.56,65.31,67.34,33989.26,228763.898
688721.SH,20260821,42.0,42.98,41.59,42.51,27645.33,117013.918
688722.SH,20260821,13.7,13.91,13.52,13.85,19217.65,26440.456
688726.SH,20260821,44.69,46.29,44.08,45.21,42507.39,192254.078
688727.SH,20260821,47.8,48.82,46.81,47.75,21971.02,104989.852
688728.SH,20260821,15.88,16.18,15.65,15.85,231195.59,366325.49
688729.SH,20260821,24.01,24.87,23.97,24.33,189643.9,462270.229
688733.SH,20260821,29.6,31.16,29.25,30.4,46690.52,141234.348
688737.SH,20260821,17.75,17.99,17.38,17.94,9481.53,16813.356
688739.SH,20260821,21.39,21.49,20.66,20.68,53052.28,110958.552
688750.SH,20260821,13.8,14.11,13.7,14.06,21935.66,30621.585
688755.SH,20260821,27.25,27.74,26.67,27.46,17302.98,47086.923
688757.SH,20260821,32.1,32.96,31.5,31.94,75347.72,241930.744
688758.SH,20260821,28.15,28.8,26.51,27.33,145059.39,397423.605
688759.SH,20260821,27.1,27.17,26.22,26.7,47457.07,126567.714
688765.SH,20260821,38.38,38.38,36.84,37.27,37549.15,140711.405
688766.SH,20260821,470.0,481.86,454.71,463.65,125662.34,5894942.391
688767.SH,20260821,40.98,40.98,39.27,40.72,13691.35,54723.372
688768.SH,20260821,43.35,43.75,42.33,42.59,6963.17,29824.512
688772.SH,20260821,14.8,15.51,14.75,14.84,252470.82,379934.722
688775.SH,20260821,117.0,123.83,116.66,121.17,31245.39,376532.075
688776.SH,20260821,46.25,47.5,45.85,47.28,9663.92,45263.235
688777.SH,20260821,91.7,91.79,89.89,91.11,76155.57,692037.968
688778.SH,20260821,46.21,47.23,45.2,45.88,56207.31,259623.981
688779.SH,20260821,8.09,8.32,7.98,8.16,324532.94,265051.148
688781.SH,20260821,39.2,39.78,37.54,37.72,22458.69,85837.575
688783.SH,20260821,31.43,32.2,30.8,31.44,284125.33,895930.621
688785.SH,20260821,270.0,272.66,262.43,268.9,5385.98,144427.454
688786.SH,20260821,27.5,28.21,26.92,27.8,33879.91,93785.191
688787.SH,20260821,105.87,105.87,101.51,104.37,15513.72,160764.205
688788.SH,20260821,30.89,31.37,29.3,29.87,43942.9,132381.428
688789.SH,20260821,47.64,48.25,45.96,46.23,20475.8,95384.591
688790.SH,20260821,96.5,97.33,95.22,96.27,2177.3,20962.26
688793.SH,20260821,20.44,21.59,20.17,21.51,22988.94,48115.431
688795.SH,20260821,542.1,550.0,538.03,542.89,7097.41,386136.05
688796.SH,20260821,135.37,138.79,132.0,134.24,29087.36,392667.047
688797.SH,20260821,307.76,319.8,302.0,308.21,21863.43,681395.628
688798.SH,20260821,54.0,55.0,53.41,54.05,21112.58,114368.198
688799.SH,20260821,44.01,44.53,42.42,43.65,34258.53,148917.89
688800.SH,20260821,61.05,67.63,59.79,63.56,185617.22,1196023.25
688802.SH,20260821,711.99,720.0,693.0,700.0,9074.24,640414.882
688805.SH,20260821,39.08,39.5,38.1,38.38,9830.28,38079.223
688806.SH,20260821,27.0,27.67,25.56,25.56,93438.87,243991.843
688807.SH,20260821,306.8,327.99,300.0,319.1,27469.47,867931.296
688808.SH,20260821,2299.0,2389.9,2252.84,2322.22,7885.42,1842707.875
688809.SH,20260821,453.01,459.94,438.33,447.15,12473.44,557967.049
688811.SH,20260821,21.53,21.95,21.13,21.5,31095.86,66981.606
688813.SH,20260821,113.48,121.33,112.07,113.61,43198.23,505905.553
688816.SH,20260821,48.85,48.98,47.92,48.1,2488.33,11991.406
688818.SH,20260821,45.9,47.18,45.44,46.92,75563.48,351935.951
688819.SH,20260821,21.62,21.86,21.45,21.78,15071.95,32712.78
688820.SH,20260821,126.11,130.88,125.07,127.5,119963.93,1539954.891
688825.SH,20260821,57.21,59.56,57.21,58.0,2758478.45,16107953.634
688826.SH,20260821,920.01,995.46,885.0,947.45,15792.52,1494535.045
688828.SH,20260821,79.95,97.39,79.0,89.59,110985.68,1024157.456
688836.SH,20260821,659.0,706.98,636.0,672.41,76057.34,5138831.982
688981.SH,20260821,124.32,126.86,124.2,124.8,305663.66,3830637.505
689009.SH,20260821,43.73,44.2,43.09,43.6,63896.38,278144.691
920000.BJ,20260821,13.41,13.55,13.36,13.42,3826.07,5144.53351
920001.BJ,20260821,11.68,12.34,11.56,11.85,25079.46,29718.15603
920002.BJ,20260821,52.61,54.31,52.61,52.64,9265.77,49521.17949
920003.BJ,20260821,15.82,16.14,15.1,15.49,12326.5,19105.98285
920005.BJ,20260821,23.68,23.99,23.48,23.93,2019.81,4801.58487
920006.BJ,20260821,15.38,15.42,14.91,15.11,9192.59,13975.26745
920007.BJ,20260821,33.01,33.26,32.4,32.75,3041.47,9966.48841
920008.BJ,20260821,18.8,19.09,18.6,18.85,2911.78,5486.31218
920009.BJ,20260821,38.59,38.59,36.81,37.86,11892.63,44727.54765
920010.BJ,20260821,8.38,8.9,8.33,8.6,81921.4,71084.0036
920011.BJ,20260821,19.23,19.23,18.45,18.6,11848.95,22093.38661
920012.BJ,20260821,56.8,56.85,53.13,53.8,14934.65,81113.09709
920014.BJ,20260821,8.69,8.91,8.68,8.72,11492.55,10113.49118
920015.BJ,20260821,39.21,40.03,38.97,39.05,11481.34,45077.93378
920016.BJ,20260821,12.99,12.99,12.72,12.92,3510.75,4510.97212
920017.BJ,20260821,16.95,17.17,16.78,16.9,34496.35,58399.6374
920018.BJ,20260821,15.0,15.36,14.73,15.0,8488.66,12809.31876
920019.BJ,20260821,14.68,14.87,14.55,14.74,14457.23,21287.21797
920020.BJ,20260821,15.41,15.41,14.8,14.85,5623.3,8445.17552
920021.BJ,20260821,6.45,6.59,6.41,6.57,52379.51,34133.21458
920022.BJ,20260821,19.48,19.48,18.62,18.66,1719.49,3237.90717
920023.BJ,20260821,1.93,1.93,1.88,1.89,39462.71,7473.33955
920026.BJ,20260821,20.26,21.66,19.68,20.81,44727.4,92369.58954
920027.BJ,20260821,11.6,11.92,11.45,11.92,16519.36,19411.99001
920028.BJ,20260821,14.16,14.43,13.91,13.96,12641.35,17802.50667
920029.BJ,20260821,35.13,35.42,34.33,34.5,7808.41,27156.37769
920030.BJ,20260821,4.44,4.44,4.33,4.37,9381.94,4101.71676
920033.BJ,20260821,14.7,14.75,14.27,14.42,8010.75,11618.21031
920035.BJ,20260821,23.3,23.8,23.19,23.19,4065.14,9488.31407
920036.BJ,20260821,28.27,28.77,27.5,28.62,4750.81,13371.47893
920037.BJ,20260821,40.37,41.72,40.0,41.4,7212.57,29524.70681
920038.BJ,20260821,36.0,39.38,35.99,38.71,51399.82,193859.42132
920039.BJ,20260821,8.52,8.7,8.36,8.7,15443.63,13124.63188
920045.BJ,20260821,371.0,406.88,371.0,401.49,17717.39,698584.46915
920046.BJ,20260821,20.03,20.54,19.98,20.07,21528.65,43594.96695
920047.BJ,20260821,16.79,17.28,16.79,17.04,52489.67,89048.54028
920050.BJ,20260821,29.4,29.79,29.07,29.45,1790.8,5270.7211
920055.BJ,20260821,26.7,26.7,26.13,26.43,1694.74,4476.83277
920056.BJ,20260821,16.02,16.22,15.94,15.94,1497.8,2400.25132
920057.BJ,20260821,4.88,4.92,4.83,4.88,5666.52,2759.03991
920058.BJ,20260821,29.96,30.16,28.7,29.48,6522.92,19199.70731
920059.BJ,20260821,15.8,16.48,15.15,15.62,136716.66,215257.40397
920060.BJ,20260821,21.23,21.78,21.21,21.37,11958.28,25616.34945
920061.BJ,20260821,17.36,17.56,17.05,17.39,5888.51,10254.4626
920062.BJ,20260821,7.34,7.34,7.2,7.23,13462.6,9758.02957
920065.BJ,20260821,34.01,34.38,33.4,33.48,12954.02,43693.43684
920066.BJ,20260821,17.87,17.87,16.93,17.09,7973.63,13715.42899
920068.BJ,20260821,15.43,15.54,14.71,15.27,14808.42,22651.93603
920069.BJ,20260821,33.5,33.5,32.8,33.22,3021.99,9991.23193
920072.BJ,20260821,25.6,25.8,25.24,25.57,9666.29,24634.07019
920075.BJ,20260821,15.09,15.43,14.94,15.34,4550.12,6940.65626
920076.BJ,20260821,12.67,12.72,12.41,12.65,3705.86,4674.81451
920077.BJ,20260821,13.93,14.05,13.71,13.8,34351.25,47545.0464
920078.BJ,20260821,17.98,21.12,17.6,19.92,61423.07,120970.33071
920079.BJ,20260821,13.6,13.71,13.4,13.57,32996.15,44668.55043
920080.BJ,20260821,21.99,21.99,21.18,21.26,2807.77,6040.20859
920081.BJ,20260821,40.8,41.55,40.5,41.37,12356.02,50823.53929
920082.BJ,20260821,8.08,8.14,8.03,8.03,4269.4,3445.67727
920083.BJ,20260821,42.8,44.37,40.0,41.04,60332.33,254380.85661
920086.BJ,20260821,20.43,20.43,20.14,20.36,3435.93,6963.19095
920087.BJ,20260821,16.2,16.29,14.19,14.27,222877.96,335254.7488
920088.BJ,20260821,47.2,48.63,45.45,46.2,66654.52,315531.469
920089.BJ,20260821,10.01,10.09,9.9,9.99,5318.55,5295.49747
920090.BJ,20260821,3.83,4.09,3.81,3.93,44817.97,17790.36462
920091.BJ,20260821,28.9,28.96,28.03,28.33,5020.94,14268.31712
920092.BJ,20260821,27.45,27.99,27.0,27.68,14596.08,40355.00678
920093.BJ,20260821,28.0,31.8,23.1,23.19,234379.95,637029.85564
920096.BJ,20260821,34.06,34.26,33.1,34.04,6510.53,21959.56071
920098.BJ,20260821,16.91,17.11,16.49,17.0,7901.31,13223.70827
920099.BJ,20260821,17.63,18.33,17.49,18.29,8441.67,15274.48423
920100.BJ,20260821,31.89,32.39,31.7,32.09,8675.34,27839.45874
920101.BJ,20260821,16.5,16.64,16.21,16.24,3281.54,5377.26986
920106.BJ,20260821,35.62,35.98,35.53,35.69,2029.27,7262.47542
920107.BJ,20260821,21.66,21.78,20.93,21.25,23107.9,49139.86774
920108.BJ,20260821,9.1,9.1,8.97,9.03,3354.73,3024.43853
920110.BJ,20260821,26.18,26.34,25.82,25.92,611.14,1591.7089
920111.BJ,20260821,33.5,33.88,28.0,29.15,53309.93,160707.7617
920112.BJ,20260821,15.69,15.89,15.5,15.53,1112.62,1741.63278
920116.BJ,20260821,45.07,45.97,44.41,45.24,17076.14,77077.31658
920117.BJ,20260821,28.88,30.57,28.88,29.88,34825.34,103978.73151
920118.BJ,20260821,20.67,20.7,19.85,19.89,10281.25,20713.74293
920119.BJ,20260821,48.74,50.48,48.74,50.3,4578.48,22890.53345
920121.BJ,20260821,28.11,28.42,27.89,28.3,1950.64,5512.34189
920122.BJ,20260821,23.6,23.6,22.63,22.98,10122.62,23247.44871
920123.BJ,20260821,10.54,10.56,10.32,10.41,7357.41,7653.78959
920124.BJ,20260821,12.55,12.68,12.45,12.53,4997.96,6271.24678
920125.BJ,20260821,118.75,122.93,116.0,120.5,11151.92,134535.49511
920126.BJ,20260821,10.01,10.09,9.86,10.01,13171.25,13140.60272
920128.BJ,20260821,17.55,17.79,17.4,17.56,4889.53,8592.14661
920130.BJ,20260821,16.99,17.18,16.61,17.13,17544.02,29756.37951
920132.BJ,20260821,8.65,8.65,8.4,8.4,5997.63,5075.18669
920136.BJ,20260821,20.1,20.42,19.76,20.38,9915.02,19986.82901
920138.BJ,20260821,39.0,41.5,38.88,39.54,41093.9,164650.8236
920139.BJ,20260821,14.74,14.97,14.62,14.69,21345.39,31533.492
920145.BJ,20260821,9.98,9.99,9.81,9.96,1939.7,1923.79682
920146.BJ,20260821,5.05,5.05,4.96,4.97,7286.21,3641.26835
920149.BJ,20260821,7.73,7.74,7.63,7.71,3476.32,2670.37363
920152.BJ,20260821,12.77,13.04,12.27,12.71,9873.93,12556.64832
920156.BJ,20260821,37.41,38.16,36.88,38.06,7915.89,29752.89458
920158.BJ,20260821,8.0,8.15,7.98,8.08,8339.35,6745.9476
920159.BJ,20260821,29.88,29.88,28.23,28.39,13703.78,39184.55218
920160.BJ,20260821,20.09,20.34,19.87,20.2,2992.08,6017.72835
920161.BJ,20260821,26.77,26.77,25.4,26.5,38109.17,99693.42519
920163.BJ,20260821,11.11,11.26,10.9,11.0,6403.83,7117.05078
920165.BJ,20260821,36.76,37.4,36.52,37.35,10064.38,37235.83011
920166.BJ,20260821,22.0,22.0,20.82,21.14,5851.46,12398.64831
920167.BJ,20260821,14.64,14.82,14.54,14.78,8355.06,12263.69962
920168.BJ,20260821,15.3,15.37,15.12,15.2,1932.29,2944.30418
920169.BJ,20260821,19.61,22.45,19.61,20.86,61471.8,132360.0684
920171.BJ,20260821,16.05,16.51,16.04,16.12,13014.91,21168.38202
920174.BJ,20260821,28.98,29.27,28.2,28.23,9531.76,27223.14526
920175.BJ,20260821,7.74,7.76,7.67,7.71,4648.38,3586.60605
920176.BJ,20260821,55.87,56.68,54.56,54.78,8633.98,47644.10832
920177.BJ,20260821,25.0,25.27,24.7,24.79,1553.15,3868.43866
920178.BJ,20260821,89.6,93.18,89.06,90.81,6395.84,58202.33511
920179.BJ,20260821,51.35,52.95,50.26,52.45,22051.36,114512.39572
920180.BJ,20260821,12.37,12.38,12.1,12.25,4069.12,4961.99099
920181.BJ,20260821,72.8,74.99,71.5,73.69,5723.31,41915.95597
920183.BJ,20260821,28.53,28.54,28.0,28.14,956.56,2696.6197
920184.BJ,20260821,10.99,11.08,10.76,10.96,8544.33,9317.39805
920185.BJ,20260821,20.07,20.57,20.03,20.4,29995.48,61162.82805
920186.BJ,20260821,70.78,74.22,70.5,73.4,39400.86,285271.63995
920187.BJ,20260821,18.8,19.02,18.78,18.86,2249.37,4246.52119
920188.BJ,20260821,21.4,21.53,21.02,21.5,3626.75,7723.54962
920189.BJ,20260821,19.89,21.21,19.89,20.76,57237.22,118025.3527
920190.BJ,20260821,25.38,25.53,24.7,25.25,42225.77,106332.36559
920191.BJ,20260821,8.77,8.8,8.7,8.75,3626.11,3170.44518
920193.BJ,20260821,32.51,32.68,31.53,32.53,26823.43,86052.32263
920195.BJ,20260821,12.07,12.19,12.01,12.11,4934.27,5952.71966
920198.BJ,20260821,7.44,7.68,7.38,7.64,21965.82,16656.68847
920199.BJ,20260821,25.68,25.74,25.2,25.32,10164.93,25871.59494
920200.BJ,20260821,27.0,27.38,26.58,26.77,12971.14,34760.79456
920204.BJ,20260821,12.81,12.87,12.6,12.72,2996.37,3798.15678
920206.BJ,20260821,41.88,43.5,41.03,42.6,29553.38,123977.41831
920207.BJ,20260821,20.36,20.62,19.8,20.42,25322.46,51269.9888
920208.BJ,20260821,12.29,12.46,12.18,12.24,20882.22,25683.80635
920211.BJ,20260821,109.5,112.56,107.36,108.5,5282.83,57583.98402
920212.BJ,20260821,9.76,9.77,9.56,9.66,5774.23,5586.44237
920218.BJ,20260821,16.78,16.78,16.25,16.44,12400.73,20321.82313
920220.BJ,20260821,39.83,40.04,38.9,39.49,7028.47,27652.38675
920221.BJ,20260821,12.63,12.84,12.63,12.7,5252.63,6680.7773
920222.BJ,20260821,25.51,25.51,24.68,25.05,11671.82,29202.4779
920223.BJ,20260821,10.86,11.32,10.59,11.1,19021.8,21045.16027
920225.BJ,20260821,15.0,15.0,14.52,14.74,14000.86,20569.70138
920227.BJ,20260821,47.91,48.0,46.76,47.1,2509.6,11842.86887
920230.BJ,20260821,10.82,11.0,10.73,10.77,32491.26,35213.00901
920237.BJ,20260821,12.08,12.16,11.85,11.86,6009.81,7197.53953
920238.BJ,20260821,62.5,68.0,62.12,65.99,31232.04,204875.42104
920239.BJ,20260821,21.05,21.49,21.02,21.19,6714.38,14295.70952
920242.BJ,20260821,13.92,14.05,13.65,13.68,2848.25,3927.74171
920245.BJ,20260821,13.4,13.4,12.7,12.73,12227.69,15689.61877
920247.BJ,20260821,14.11,14.24,13.55,13.76,21411.14,29663.57747
920249.BJ,20260821,9.43,9.61,9.16,9.21,60240.56,55963.80361
920252.BJ,20260821,15.21,16.1,15.09,15.49,21609.63,33813.48603
920258.BJ,20260821,11.99,11.99,11.52,11.6,37243.83,43334.52047
920260.BJ,20260821,7.96,7.98,7.9,7.97,2973.48,2356.98532
920261.BJ,20260821,13.77,13.9,13.65,13.69,9566.79,13168.29151
920262.BJ,20260821,13.51,13.58,13.36,13.44,5330.27,7175.58364
920263.BJ,20260821,6.74,6.87,6.73,6.8,2216.15,1504.84227
920266.BJ,20260821,7.57,7.69,7.38,7.57,50279.94,37869.32392
920267.BJ,20260821,16.37,16.37,15.63,15.69,11956.63,18893.04899
920270.BJ,20260821,12.58,13.2,12.26,13.12,19093.93,24376.90379
920271.BJ,20260821,9.22,9.22,9.03,9.04,4051.01,3676.99435
920273.BJ,20260821,18.0,18.41,17.5,17.64,16798.47,29677.40479
920274.BJ,20260821,15.35,15.45,15.2,15.34,6214.15,9511.26442
920275.BJ,20260821,6.5,6.53,6.33,6.36,8125.92,5193.93815
920278.BJ,20260821,6.44,6.45,6.29,6.29,12450.3,7918.32284
920284.BJ,20260821,16.68,17.17,16.61,16.81,16291.51,27463.30705
920299.BJ,20260821,14.84,14.97,14.6,14.67,7236.1,10691.22806
920300.BJ,20260821,9.41,9.58,9.25,9.32,11124.43,10441.18013
920304.BJ,20260821,9.2,9.88,9.09,9.44,34968.52,33021.10747
920339.BJ,20260821,10.97,11.05,10.75,11.04,8534.18,9354.14881
920344.BJ,20260821,23.5,27.6,23.15,26.8,135213.91,346776.08079
920346.BJ,20260821,14.64,14.68,14.4,14.43,2303.33,3342.10731
920351.BJ,20260821,13.0,13.48,12.53,13.3,40567.61,53034.67944
920357.BJ,20260821,15.81,15.81,15.37,15.49,8773.64,13611.46391
920363.BJ,20260821,10.15,10.15,9.95,10.05,8701.67,8719.46931
920367.BJ,20260821,27.01,28.87,26.72,27.53,73885.49,203573.58148
920368.BJ,20260821,23.21,23.6,23.05,23.32,20917.4,48806.94892
920370.BJ,20260821,2.81,2.82,2.75,2.77,22075.86,6125.17952
920371.BJ,20260821,7.98,7.99,7.38,7.41,50548.63,38337.7642
920374.BJ,20260821,14.36,14.61,14.31,14.44,3345.69,4832.74015
920375.BJ,20260821,6.85,6.97,6.84,6.89,12662.04,8745.19707
920378.BJ,20260821,6.99,6.99,6.83,6.9,3745.47,2575.48282
920392.BJ,20260821,13.92,13.92,13.56,13.59,3158.51,4324.6853
920394.BJ,20260821,43.67,43.67,41.91,42.87,14174.2,60932.70099
920395.BJ,20260821,6.81,6.98,6.81,6.89,3639.86,2502.44459
920396.BJ,20260821,19.11,19.68,19.0,19.4,7435.68,14427.06231
920402.BJ,20260821,8.5,9.08,8.4,8.78,78738.02,69217.93134
920403.BJ,20260821,20.68,20.7,19.2,19.31,58606.17,114574.92633
920405.BJ,20260821,18.4,18.98,18.15,18.43,5350.55,9884.60977
920407.BJ,20260821,11.02,11.28,10.77,10.87,8131.03,8874.08477
920414.BJ,20260821,7.82,7.86,7.7,7.71,7742.81,5998.62672
920415.BJ,20260821,8.65,8.68,8.51,8.6,6348.34,5454.70826
920418.BJ,20260821,17.89,18.23,17.89,17.97,8061.97,14560.92174
920419.BJ,20260821,11.08,11.19,10.71,10.82,13486.42,14564.70415
920422.BJ,20260821,9.34,9.46,9.3,9.32,5387.16,5045.90045
920425.BJ,20260821,15.18,15.27,14.52,14.56,46399.14,68605.01146
920427.BJ,20260821,8.53,8.53,8.25,8.33,6560.44,5458.9896
920429.BJ,20260821,10.36,11.49,10.22,11.06,51665.05,56528.90373
920433.BJ,20260821,5.04,5.04,4.83,4.89,40259.59,19747.62512
920436.BJ,20260821,10.28,10.28,10.0,10.15,4945.29,4994.21025
920438.BJ,20260821,121.09,124.69,120.01,122.18,30926.26,376943.91984
920445.BJ,20260821,7.05,7.2,6.88,6.91,28674.89,19951.95414
920454.BJ,20260821,10.85,10.98,10.65,10.8,4145.51,4458.06749
920455.BJ,20260821,5.86,5.9,5.8,5.82,3743.39,2185.15722
920469.BJ,20260821,5.5,5.5,5.34,5.48,9920.55,5351.14825
920471.BJ,20260821,12.17,12.17,11.62,11.66,26335.49,30976.72079
920475.BJ,20260821,11.99,12.03,11.71,11.98,5688.62,6769.7187
920476.BJ,20260821,25.91,25.96,24.7,24.73,17695.3,44726.8123
920478.BJ,20260821,11.47,11.59,11.11,11.45,45026.33,51125.02046
920489.BJ,20260821,13.5,13.75,13.32,13.54,16054.63,21770.06292
920491.BJ,20260821,21.42,21.87,21.21,21.52,11565.09,24989.17665
920493.BJ,20260821,113.33,114.18,111.55,114.18,8368.19,94742.12221
920496.BJ,20260821,6.26,6.32,6.16,6.18,11834.61,7327.89147
920504.BJ,20260821,17.9,17.9,17.24,17.3,7516.49,13139.44954
920505.BJ,20260821,27.43,28.28,26.91,28.04,8408.9,23310.33105
920508.BJ,20260821,14.18,14.39,13.76,14.16,2432.67,3467.32417
920509.BJ,20260821,19.91,20.41,19.71,20.0,17351.33,34774.98996
920510.BJ,20260821,22.8,23.18,22.33,22.55,59143.2,134348.96383
920519.BJ,20260821,9.78,9.82,9.64,9.72,4458.2,4343.86139
920522.BJ,20260821,19.3,19.88,19.04,19.05,35113.6,68252.49132
920523.BJ,20260821,15.18,15.39,15.02,15.15,6084.89,9273.27488
920526.BJ,20260821,19.47,19.57,19.01,19.34,7080.83,13710.19894
920527.BJ,20260821,14.39,14.39,13.81,13.91,11930.93,16833.30196
920533.BJ,20260821,17.99,18.65,17.88,17.88,13988.67,25440.60941
920541.BJ,20260821,9.5,9.72,9.49,9.61,4024.57,3867.92278
920547.BJ,20260821,18.69,19.3,18.42,18.9,7241.43,13644.67221
920553.BJ,20260821,7.27,7.31,6.88,7.02,30640.21,21749.71768
920556.BJ,20260821,6.73,6.87,6.6,6.66,25351.92,17153.68152
920564.BJ,20260821,13.54,13.54,13.23,13.36,5240.86,6990.946
920566.BJ,20260821,10.0,10.0,9.82,9.89,32080.48,31716.65197
920570.BJ,20260821,23.61,23.88,23.4,23.55,2408.89,5685.99622
920571.BJ,20260821,9.09,9.66,9.06,9.6,339527.3,322779.28868
920575.BJ,20260821,5.62,5.78,5.56,5.61,91065.55,51478.8518
920576.BJ,20260821,39.8,40.24,38.86,39.87,17469.99,69325.73991
920578.BJ,20260821,16.44,16.73,16.22,16.38,7986.62,13136.16618
920579.BJ,20260821,14.81,14.86,14.49,14.65,6232.33,9155.37668
920580.BJ,20260821,10.67,10.9,10.63,10.76,6238.62,6718.12615
920592.BJ,20260821,20.21,20.26,19.61,19.66,14730.89,29231.37258
920593.BJ,20260821,23.8,24.18,23.5,23.69,16806.11,40022.35659
920599.BJ,20260821,16.8,17.14,16.76,17.0,17609.85,29940.92895
920608.BJ,20260821,13.63,13.85,13.35,13.36,4118.75,5550.89182
920627.BJ,20260821,13.42,14.02,13.35,13.62,8347.75,11432.5353
920634.BJ,20260821,16.3,16.78,16.15,16.67,9360.84,15487.00035
920639.BJ,20260821,6.2,6.2,6.12,6.15,7803.57,4791.90202
920640.BJ,20260821,25.06,25.46,25.0,25.09,17465.74,43990.53672
920641.BJ,20260821,13.96,14.55,13.75,13.98,28214.88,39863.52188
920642.BJ,20260821,9.92,9.96,9.75,9.85,12158.25,11985.89239
920651.BJ,20260821,25.48,26.8,25.0,26.77,8165.9,21456.4728
920656.BJ,20260821,14.85,14.85,14.29,14.36,9932.26,14339.25064
920662.BJ,20260821,18.18,18.8,17.9,18.33,11791.21,21647.95841
920663.BJ,20260821,12.6,12.99,12.59,12.94,5509.21,7074.46078
920665.BJ,20260821,8.57,8.62,8.35,8.4,9910.17,8402.15703
920670.BJ,20260821,12.6,12.61,12.3,12.48,7266.6,9040.70445
920675.BJ,20260821,7.22,7.32,7.21,7.28,4528.47,3283.46374
920679.BJ,20260821,15.61,15.61,15.02,15.15,2011.35,3056.08614
920682.BJ,20260821,5.68,5.75,5.64,5.72,10052.07,5725.01961
920685.BJ,20260821,12.18,12.26,12.0,12.17,20800.17,25224.57662
920689.BJ,20260821,19.93,19.93,19.47,19.55,4345.57,8517.98842
920690.BJ,20260821,16.16,16.5,15.91,15.95,14914.42,24027.01612
920693.BJ,20260821,22.27,22.5,22.06,22.36,3893.89,8664.75846
920694.BJ,20260821,17.0,17.38,15.81,15.9,27916.11,45844.84332
920699.BJ,20260821,82.25,86.0,81.3,85.0,6768.76,57310.95039
920701.BJ,20260821,13.5,14.14,13.18,14.02,25329.37,35101.64903
920703.BJ,20260821,9.81,10.06,9.76,9.99,6495.53,6486.59685
920706.BJ,20260821,13.5,13.75,13.33,13.72,6784.14,9194.64711
920717.BJ,20260821,8.14,8.14,7.61,7.62,16697.37,13141.58353
920718.BJ,20260821,9.62,9.62,9.38,9.44,4915.06,4654.87208
920719.BJ,20260821,7.34,7.34,7.1,7.15,20052.38,14391.11781
920720.BJ,20260821,9.32,9.51,9.26,9.29,6454.32,6026.56795
920725.BJ,20260821,73.03,75.68,72.02,73.95,27184.75,201216.68353
920726.BJ,20260821,16.26,16.58,16.12,16.12,23027.0,37561.21243
920729.BJ,20260821,7.3,7.31,6.94,6.94,20490.96,14466.5341
920735.BJ,20260821,24.23,24.64,23.81,24.5,24496.37,59418.60281
920748.BJ,20260821,24.06,25.5,23.99,24.91,20723.0,51243.5324
920751.BJ,20260821,15.89,16.07,15.73,15.89,2759.81,4382.58205
920753.BJ,20260821,15.33,15.59,15.09,15.18,5640.36,8567.65069
920765.BJ,20260821,14.24,14.47,14.03,14.2,12810.52,18229.48022
920768.BJ,20260821,7.0,7.04,6.93,7.0,4751.8,3319.49732
920770.BJ,20260821,10.0,10.04,9.9,9.91,10367.25,10318.27079
920779.BJ,20260821,22.2,22.82,21.88,21.96,5244.56,11740.83761
920781.BJ,20260821,5.53,5.54,5.42,5.45,6470.46,3539.04388
920786.BJ,20260821,7.23,7.47,7.15,7.3,95014.79,69455.43628
920790.BJ,20260821,20.63,21.4,20.62,20.75,18404.54,38659.8533
920792.BJ,20260821,9.74,9.89,9.61,9.84,4601.02,4492.61566
920799.BJ,20260821,32.32,33.49,31.19,31.19,56154.78,182217.33706
920802.BJ,20260821,10.23,10.51,10.23,10.33,6004.61,6220.17658
920806.BJ,20260821,10.03,10.27,10.03,10.1,13450.46,13658.57658
920807.BJ,20260821,9.21,9.33,9.15,9.22,16981.02,15682.4162
920808.BJ,20260821,59.0,60.57,58.67,59.94,10101.99,60454.28926
920809.BJ,20260821,7.49,7.72,7.42,7.66,83611.33,63755.91512
920810.BJ,20260821,9.37,9.6,9.1,9.6,37988.95,35682.66889
920819.BJ,20260821,2.98,3.03,2.97,2.99,49118.9,14718.58234
920821.BJ,20260821,17.58,18.04,17.52,17.56,12546.02,22238.73696
920826.BJ,20260821,8.88,8.91,8.54,8.64,32584.63,28282.1416
920832.BJ,20260821,6.12,6.15,6.08,6.15,2572.01,1573.44308
920833.BJ,20260821,9.63,9.83,9.63,9.76,6779.95,6618.38408
920834.BJ,20260821,9.18,9.68,9.08,9.62,7907.17,7489.64781
920837.BJ,20260821,9.54,9.59,9.37,9.44,4981.97,4693.6632
920839.BJ,20260821,24.01,24.55,23.62,23.99,6360.28,15302.30103
920855.BJ,20260821,12.34,12.5,12.0,12.3,2467.87,3029.70045
920856.BJ,20260821,14.14,14.39,13.73,14.02,28362.38,39699.39053
920857.BJ,20260821,21.44,21.5,20.7,21.36,9628.95,20291.49077
920866.BJ,20260821,6.34,6.35,6.02,6.05,47168.45,28806.16171
920870.BJ,20260821,11.45,11.64,11.34,11.52,6384.36,7341.00136
920871.BJ,20260821,11.11,11.11,10.78,10.87,3689.17,4027.17518
920873.BJ,20260821,6.93,6.99,6.87,6.93,5793.8,4008.70444
920876.BJ,20260821,16.06,16.06,15.6,15.68,6702.6,10595.72242
920879.BJ,20260821,12.69,12.69,12.4,12.46,4583.09,5749.04071
920885.BJ,20260821,12.18,12.39,12.14,12.18,13023.15,15970.83189
920892.BJ,20260821,10.32,10.32,10.08,10.13,5061.78,5161.22208
920895.BJ,20260821,12.77,12.77,12.3,12.34,4285.73,5339.17584
920896.BJ,20260821,11.9,12.0,11.81,11.82,2350.49,2794.13321
920906.BJ,20260821,15.9,15.9,15.62,15.73,4169.82,6561.06988
920914.BJ,20260821,17.12,17.53,16.7,17.1,10371.83,17781.59197
920924.BJ,20260821,14.39,14.45,14.06,14.38,10340.47,14761.55459
920925.BJ,20260821,12.06,12.24,11.81,11.81,12335.74,14739.06136
920926.BJ,20260821,10.09,10.11,9.81,9.96,2433.93,2422.14646
920931.BJ,20260821,10.78,11.25,10.45,10.9,25036.62,27298.03299
920932.BJ,20260821,11.53,11.65,11.0,11.14,29522.4,33241.8631
920942.BJ,20260821,16.6,16.74,16.41,16.6,3280.54,5420.89092
920943.BJ,20260821,15.9,16.38,15.54,15.57,30833.97,48654.57365
920946.BJ,20260821,9.72,10.6,9.72,10.19,229474.2,232117.3537
920950.BJ,20260821,12.7,12.7,12.21,12.38,2245.64,2811.47214
920953.BJ,20260821,22.08,22.6,21.8,21.85,16163.3,35617.19223
920957.BJ,20260821,9.41,9.5,9.23,9.48,9434.28,8864.04614
920961.BJ,20260821,19.79,20.76,19.6,19.73,32327.9,65070.88923
920964.BJ,20260821,4.74,4.8,4.59,4.68,45124.09,20923.84704
920970.BJ,20260821,6.21,6.21,6.01,6.03,28262.37,17188.66731
920971.BJ,20260821,25.88,26.43,25.18,26.15,18649.28,48449.59442
920974.BJ,20260821,6.18,6.18,6.09,6.12,11139.11,6819.30456
920976.BJ,20260821,16.68,16.79,16.24,16.65,3285.27,5457.15081
920978.BJ,20260821,19.35,20.03,19.32,19.97,9558.03,18930.75786
920981.BJ,20260821,29.07,29.73,28.31,29.18,12249.39,35711.70616
920982.BJ,20260821,121.07,123.5,120.01,121.65,8473.64,103261.13948
920985.BJ,20260821,4.65,4.65,4.55,4.56,16345.16,7490.07836
920992.BJ,20260821,11.5,11.5,11.21,11.36,8345.51,9444.60387
