ts_code,trade_date,open,high,low,close,vol,amount
000001.SZ,20260422,11.08,11.09,10.95,10.98,839053.99,923203.009
000002.SZ,20260422,3.92,3.92,3.86,3.88,764654.05,296503.187
000004.SZ,20260422,3.22,3.22,3.22,3.22,3585.0,1154.37
000006.SZ,20260422,9.6,9.88,9.55,9.76,271652.15,264414.488
000007.SZ,20260422,13.82,13.93,13.56,13.84,44681.39,61682.155
000008.SZ,20260422,2.7,2.71,2.68,2.7,384061.0,103286.802
000009.SZ,20260422,8.9,9.17,8.9,8.97,322197.29,290983.185
000010.SZ,20260422,3.79,3.79,3.65,3.73,268890.99,99796.697
000011.SZ,20260422,8.38,8.44,8.32,8.42,32552.98,27283.307
000012.SZ,20260422,4.52,4.55,4.49,4.51,131740.05,59618.15
000014.SZ,20260422,13.24,13.29,13.08,13.29,48920.24,64467.297
000016.SZ,20260422,3.35,3.43,3.32,3.39,436453.02,147719.152
000017.SZ,20260422,6.48,6.49,6.34,6.49,85068.84,54553.883
000019.SZ,20260422,7.82,7.83,7.64,7.7,177169.23,136485.988
000020.SZ,20260422,15.89,15.96,15.7,15.88,47662.0,75526.864
000021.SZ,20260422,28.85,29.49,28.58,29.46,675951.24,1970575.539
000025.SZ,20260422,16.22,16.33,15.78,15.92,68032.84,108175.455
000026.SZ,20260422,18.0,18.4,16.92,17.4,272743.66,482437.231
000027.SZ,20260422,6.84,6.97,6.81,6.91,420795.14,290813.441
000028.SZ,20260422,25.1,25.3,24.9,25.19,67468.6,169476.697
000029.SZ,20260422,19.89,20.25,19.86,20.14,33102.8,66386.564
000030.SZ,20260422,5.38,5.42,5.24,5.34,408524.69,217534.981
000031.SZ,20260422,2.89,2.92,2.87,2.9,148216.25,42900.833
000032.SZ,20260422,18.25,18.55,18.0,18.43,176632.46,324278.748
000034.SZ,20260422,36.43,37.6,36.05,37.44,214329.94,791626.683
000035.SZ,20260422,6.97,7.06,6.91,7.02,428009.73,299225.431
000036.SZ,20260422,5.1,5.17,5.07,5.12,217282.31,111131.46
000037.SZ,20260422,11.06,11.3,10.93,11.28,476950.01,530993.817
000039.SZ,20260422,11.3,11.68,10.99,11.6,702363.61,798499.899
000042.SZ,20260422,8.9,9.2,8.87,9.02,57742.46,52173.616
000045.SZ,20260422,11.99,12.02,11.89,11.94,64479.0,76964.636
000048.SZ,20260422,14.9,15.1,14.73,14.78,124007.72,184413.76
000049.SZ,20260422,29.42,31.5,29.42,30.17,410284.84,1242077.269
000050.SZ,20260422,8.36,8.55,8.33,8.5,192538.65,163148.65
000055.SZ,20260422,3.38,3.42,3.37,3.39,64496.81,21896.329
000056.SZ,20260422,1.98,2.09,1.96,1.98,1567708.79,313393.022
000058.SZ,20260422,7.95,8.22,7.89,8.12,134897.0,108817.918
000059.SZ,20260422,5.28,5.33,5.22,5.24,196068.11,102964.857
000060.SZ,20260422,6.51,6.85,6.48,6.81,1618494.0,1081870.109
000061.SZ,20260422,7.48,7.57,7.41,7.5,123224.0,92166.899
000062.SZ,20260422,30.4,32.64,29.87,32.64,726928.79,2268375.61
000063.SZ,20260422,35.08,37.44,35.0,37.34,2308324.6,8493460.079
000065.SZ,20260422,14.3,14.37,13.92,14.07,350342.84,491538.942
000066.SZ,20260422,15.4,15.67,15.28,15.61,632720.62,982930.257
000068.SZ,20260422,3.23,3.23,3.18,3.19,79539.66,25451.797
000069.SZ,20260422,2.2,2.21,2.18,2.2,205929.0,45186.504
000070.SZ,20260422,20.03,22.2,19.95,21.25,1517438.45,3245704.569
000078.SZ,20260422,3.68,3.7,3.49,3.55,1688893.04,600076.347
000088.SZ,20260422,4.56,4.58,4.53,4.54,182990.93,83361.975
000089.SZ,20260422,6.85,6.9,6.84,6.88,53494.1,36753.884
000090.SZ,20260422,3.69,3.72,3.64,3.65,173249.7,63366.157
000096.SZ,20260422,9.62,9.66,9.6,9.63,42513.11,40939.162
000099.SZ,20260422,18.15,18.16,17.94,18.1,88940.63,160607.418
000100.SZ,20260422,4.31,4.37,4.3,4.35,3353677.99,1457481.736
000151.SZ,20260422,10.98,10.98,10.76,10.82,63722.04,68912.942
000153.SZ,20260422,6.44,6.54,6.4,6.49,99211.2,64215.047
000155.SZ,20260422,16.66,17.2,16.6,17.12,754121.25,1277741.633
000156.SZ,20260422,7.55,7.56,7.5,7.51,66183.35,49771.378
000157.SZ,20260422,8.13,8.15,8.02,8.06,781049.91,630842.291
000158.SZ,20260422,17.53,18.36,17.33,18.1,634741.35,1141279.314
000159.SZ,20260422,6.23,6.78,6.2,6.56,393182.39,257863.127
000166.SZ,20260422,4.68,4.75,4.67,4.69,809674.73,381111.074
000301.SZ,20260422,12.7,13.05,12.64,12.92,337599.56,434800.204
000333.SZ,20260422,79.5,79.63,78.87,79.3,202781.6,1606990.585
000338.SZ,20260422,26.66,28.42,26.5,27.98,1209560.81,3333223.353
000400.SZ,20260422,26.18,26.4,26.08,26.24,259321.04,680035.219
000401.SZ,20260422,4.67,4.68,4.62,4.66,109472.25,50955.027
000402.SZ,20260422,2.72,2.75,2.7,2.75,308568.42,84221.569
000403.SZ,20260422,12.87,12.9,12.78,12.8,42711.76,54733.324
000404.SZ,20260422,7.9,8.14,7.78,8.09,598970.38,478670.211
000407.SZ,20260422,4.71,4.72,4.66,4.72,131641.0,61799.935
000408.SZ,20260422,86.12,88.76,85.71,88.29,131401.56,1153823.303
000409.SZ,20260422,10.72,10.8,10.63,10.75,63688.87,68260.284
000410.SZ,20260422,6.68,6.84,6.6,6.83,231899.49,156468.81
000411.SZ,20260422,10.9,10.94,10.78,10.82,38913.08,42109.542
000415.SZ,20260422,4.68,4.75,4.64,4.72,553930.6,259947.967
000417.SZ,20260422,6.44,6.52,6.36,6.49,108570.21,69870.609
000419.SZ,20260422,5.7,5.72,5.57,5.59,86154.0,48448.145
000420.SZ,20260422,5.3,5.34,5.21,5.28,1106584.61,584118.175
000421.SZ,20260422,6.0,6.01,5.96,5.98,56122.0,33545.731
000422.SZ,20260422,16.33,16.77,16.3,16.69,560830.37,931748.76
000423.SZ,20260422,53.05,53.21,52.28,52.42,77012.04,405260.846
000425.SZ,20260422,10.05,10.06,9.87,9.97,1051588.3,1046742.683
000426.SZ,20260422,41.99,43.79,41.39,43.62,902159.62,3872793.782
000428.SZ,20260422,3.82,3.86,3.76,3.81,138466.0,52586.376
000429.SZ,20260422,12.64,12.8,12.58,12.68,50737.0,64225.441
000430.SZ,20260422,7.94,7.94,7.85,7.87,44741.0,35207.435
000488.SZ,20260422,2.54,2.61,2.53,2.55,146725.43,37721.6
000498.SZ,20260422,5.82,5.84,5.73,5.75,213511.3,123224.998
000501.SZ,20260422,8.37,8.38,8.24,8.28,62586.29,51896.905
000503.SZ,20260422,7.39,7.42,7.3,7.37,117751.56,86598.001
000504.SZ,20260422,9.79,9.84,9.66,9.7,17599.44,17143.656
000505.SZ,20260422,6.56,6.61,6.49,6.52,79715.29,52073.917
000506.SZ,20260422,17.33,17.61,17.1,17.48,250604.0,435692.631
000507.SZ,20260422,5.27,5.29,5.24,5.25,100816.0,52989.988
000509.SZ,20260422,3.56,3.6,3.5,3.59,195706.56,69639.694
000510.SZ,20260422,14.79,15.09,14.56,14.75,376607.03,558007.901
000513.SZ,20260422,33.6,33.73,33.5,33.7,29555.73,99213.203
000514.SZ,20260422,4.83,4.83,4.73,4.76,76306.68,36344.137
000516.SZ,20260422,4.6,4.63,4.57,4.62,201849.5,92950.156
000517.SZ,20260422,1.89,1.9,1.87,1.88,133441.97,25155.9
000518.SZ,20260422,2.99,3.01,2.93,2.94,119950.0,35516.723
000519.SZ,20260422,17.91,18.0,17.78,17.92,155264.87,278038.458
000520.SZ,20260422,3.97,4.01,3.96,3.97,113911.95,45334.163
000521.SZ,20260422,5.67,5.68,5.6,5.62,126289.93,71012.736
000523.SZ,20260422,3.26,3.26,3.21,3.23,150346.52,48546.78
000524.SZ,20260422,10.33,10.34,10.19,10.22,97117.04,99220.659
000525.SZ,20260422,5.67,5.74,5.64,5.68,125274.91,71230.36
000526.SZ,20260422,32.22,34.5,32.01,34.06,58189.01,195656.93
000528.SZ,20260422,9.73,9.86,9.72,9.82,191050.61,186856.487
000529.SZ,20260422,5.63,5.65,5.56,5.59,45849.0,25663.007
000530.SZ,20260422,6.05,6.15,6.03,6.1,190927.44,116255.392
000531.SZ,20260422,6.8,7.09,6.78,7.04,383544.29,268001.493
000532.SZ,20260422,13.69,13.88,13.63,13.83,54375.35,74946.278
000533.SZ,20260422,16.39,16.78,15.91,16.05,1095920.7,1776813.064
000534.SZ,20260422,42.38,43.08,39.32,42.69,307719.33,1264753.682
000536.SZ,20260422,4.2,4.21,4.17,4.18,279399.19,116789.648
000537.SZ,20260422,10.35,10.72,10.29,10.59,715270.19,755102.046
000538.SZ,20260422,55.06,55.06,54.46,54.48,84748.11,463438.721
000539.SZ,20260422,6.79,6.9,6.5,6.55,2701087.93,1793882.265
000541.SZ,20260422,5.69,5.71,5.65,5.71,57311.54,32557.807
000543.SZ,20260422,8.25,8.31,8.21,8.24,349252.95,288251.974
000544.SZ,20260422,8.29,8.32,8.26,8.31,37760.23,31310.023
000545.SZ,20260422,2.99,3.03,2.97,3.01,314853.43,94454.69
000546.SZ,20260422,6.76,6.97,6.65,6.69,650277.22,438138.26
000547.SZ,20260422,27.46,27.64,26.86,27.2,1839934.54,4994805.414
000548.SZ,20260422,5.22,5.23,5.16,5.18,57195.9,29710.503
000550.SZ,20260422,18.9,19.44,18.8,19.29,45788.0,88272.7
000551.SZ,20260422,14.58,14.86,14.4,14.76,194046.51,284916.399
000552.SZ,20260422,2.74,2.74,2.62,2.62,1709115.53,452047.571
000553.SZ,20260422,6.14,6.18,6.09,6.11,74114.0,45434.4
000554.SZ,20260422,7.89,7.94,7.78,7.81,164634.01,128718.401
000555.SZ,20260422,15.31,15.5,15.17,15.5,237166.2,364709.824
000557.SZ,20260422,4.67,4.69,4.65,4.67,56754.29,26484.309
000558.SZ,20260422,4.46,4.47,4.4,4.41,240069.74,105986.322
000559.SZ,20260422,16.98,17.34,16.85,17.15,964350.32,1649557.109
000560.SZ,20260422,2.97,2.98,2.93,2.94,630806.23,185851.48
000561.SZ,20260422,9.88,9.97,9.84,9.89,88498.88,87628.834
000563.SZ,20260422,3.35,3.41,3.34,3.4,527466.17,178526.095
000564.SZ,20260422,1.86,1.87,1.84,1.85,1495495.38,276339.958
000565.SZ,20260422,7.27,7.31,7.22,7.25,42070.61,30603.028
000566.SZ,20260422,5.34,5.34,5.26,5.31,228008.55,120572.84
000567.SZ,20260422,5.37,5.66,5.34,5.5,248612.3,137635.462
000568.SZ,20260422,100.63,100.63,99.72,100.24,81208.8,812481.713
000570.SZ,20260422,6.64,6.79,6.6,6.77,438543.8,294563.607
000571.SZ,20260422,6.05,6.22,5.99,6.13,217833.23,133779.307
000572.SZ,20260422,5.75,5.75,5.63,5.68,294482.01,166789.612
000573.SZ,20260422,4.89,5.02,4.85,4.9,296057.36,146073.794
000576.SZ,20260422,9.66,9.79,9.6,9.72,77206.0,75050.87
000581.SZ,20260422,18.93,19.09,18.91,18.97,113372.25,215508.999
000582.SZ,20260422,10.93,11.02,10.88,10.91,185781.3,203221.87
000586.SZ,20260422,20.54,21.17,20.28,20.69,418761.88,873499.728
000589.SZ,20260422,4.58,4.6,4.55,4.58,145081.34,66380.785
000590.SZ,20260422,11.11,11.12,10.9,10.96,34952.1,38302.883
000591.SZ,20260422,5.51,5.55,5.48,5.5,910559.04,501001.646
000592.SZ,20260422,10.93,11.21,10.82,11.08,1385126.86,1526702.583
000593.SZ,20260422,18.28,19.1,17.82,17.85,261148.31,476413.119
000595.SZ,20260422,6.67,6.73,6.53,6.61,125819.02,82846.655
000596.SZ,20260422,105.07,105.41,103.8,104.93,18474.14,193292.97
000597.SZ,20260422,5.15,5.16,5.08,5.12,118462.59,60500.728
000598.SZ,20260422,6.82,6.85,6.78,6.8,124448.54,84771.38
000599.SZ,20260422,5.27,5.35,5.27,5.34,81348.0,43240.214
000600.SZ,20260422,9.4,9.49,9.33,9.39,199913.06,188195.934
000601.SZ,20260422,7.11,7.32,7.0,7.14,1512783.26,1082556.012
000603.SZ,20260422,40.69,41.45,39.72,41.19,166208.99,680865.433
000605.SZ,20260422,6.72,6.78,6.66,6.67,41001.4,27495.82
000607.SZ,20260422,4.03,4.03,3.92,3.94,117434.0,46285.542
000608.SZ,20260422,3.91,3.97,3.85,3.87,133402.84,51857.351
000610.SZ,20260422,8.53,8.59,8.43,8.52,133247.56,113152.843
000612.SZ,20260422,13.35,13.63,13.34,13.49,389645.46,525612.221
000615.SZ,20260422,3.41,3.42,3.35,3.39,74092.6,25016.705
000617.SZ,20260422,9.36,9.37,9.21,9.23,1332000.41,1232039.472
000619.SZ,20260422,5.85,5.93,5.79,5.9,62901.0,36969.076
000620.SZ,20260422,2.78,2.81,2.76,2.79,926079.0,257551.884
000623.SZ,20260422,17.82,18.23,17.77,18.13,112882.01,203641.339
000625.SZ,20260422,9.97,10.19,9.9,10.0,1153270.89,1157290.559
000626.SZ,20260422,8.99,9.03,8.63,8.72,224816.0,196412.999
000628.SZ,20260422,59.58,60.74,58.45,60.5,95190.41,570145.568
000629.SZ,20260422,3.45,3.54,3.43,3.52,948896.6,332882.103
000630.SZ,20260422,6.4,6.54,6.37,6.53,2209755.79,1434765.215
000631.SZ,20260422,3.23,3.24,3.19,3.21,150889.0,48395.127
000632.SZ,20260422,4.5,4.63,4.41,4.61,201655.0,91154.442
000633.SZ,20260422,6.57,6.59,6.45,6.54,110255.0,71895.107
000635.SZ,20260422,8.05,8.12,8.01,8.04,56436.98,45417.118
000636.SZ,20260422,22.0,22.59,21.89,22.48,486663.08,1090011.574
000637.SZ,20260422,4.43,4.48,4.37,4.45,75172.86,33397.037
000639.SZ,20260422,2.11,2.14,2.07,2.07,452228.0,94633.3
000650.SZ,20260422,5.73,5.76,5.71,5.74,84233.5,48279.651
000651.SZ,20260422,36.91,36.95,36.61,36.94,227738.63,838683.088
000652.SZ,20260422,4.17,4.22,4.15,4.17,126683.94,52824.955
000655.SZ,20260422,8.55,8.61,8.47,8.56,47448.6,40573.013
000656.SZ,20260422,1.44,1.45,1.43,1.44,585592.4,84256.308
000657.SZ,20260422,57.74,59.66,56.71,58.13,953164.98,5557279.786
000659.SZ,20260422,4.14,4.16,4.07,4.1,216211.4,88800.823
000661.SZ,20260422,86.44,87.6,85.72,87.06,67593.93,584949.073
000663.SZ,20260422,6.33,6.37,6.29,6.34,47419.0,29982.622
000665.SZ,20260422,4.66,4.68,4.61,4.64,115082.0,53372.587
000668.SZ,20260422,14.8,14.87,14.52,14.83,16248.0,23925.772
000669.SZ,20260422,4.36,4.37,4.32,4.37,128662.4,56185.914
000670.SZ,20260422,7.81,7.86,7.7,7.85,304692.0,237230.365
000672.SZ,20260422,13.33,13.82,13.2,13.77,146530.46,198432.38
000676.SZ,20260422,7.62,7.64,7.49,7.61,184902.49,140163.443
000677.SZ,20260422,4.43,4.5,4.37,4.41,274305.05,121137.102
000678.SZ,20260422,12.01,12.16,11.93,12.05,105541.87,126648.359
000679.SZ,20260422,6.84,6.87,6.73,6.8,44817.92,30404.317
000680.SZ,20260422,11.42,11.42,11.1,11.18,328684.01,368432.654
000681.SZ,20260422,20.98,21.07,20.67,21.07,199430.65,416511.898
000682.SZ,20260422,13.06,13.5,13.05,13.45,266231.7,354411.079
000683.SZ,20260422,9.03,9.18,8.8,8.83,473461.2,422490.579
000685.SZ,20260422,11.32,11.71,11.29,11.55,161892.56,186951.014
000686.SZ,20260422,8.22,8.46,8.2,8.39,230789.77,192871.905
000688.SZ,20260422,43.02,45.06,43.02,44.06,170003.51,753661.032
000690.SZ,20260422,5.25,5.46,5.18,5.37,2998231.42,1605149.988
000691.SZ,20260422,7.79,7.82,7.64,7.65,45327.0,34880.907
000692.SZ,20260422,4.36,4.46,4.27,4.44,163331.01,71569.91
000695.SZ,20260422,15.08,15.34,14.65,14.82,125973.0,188351.555
000697.SZ,20260422,10.03,10.2,9.96,10.17,65873.0,66295.809
000698.SZ,20260422,3.89,3.89,3.86,3.87,37282.4,14450.838
000700.SZ,20260422,11.52,11.84,11.5,11.77,331495.7,388725.181
000701.SZ,20260422,5.67,5.87,5.65,5.85,144457.0,83720.853
000702.SZ,20260422,7.04,7.09,6.78,6.81,121484.0,83735.606
000703.SZ,20260422,15.21,15.3,14.79,14.99,383209.46,572912.934
000705.SZ,20260422,8.62,8.68,8.55,8.62,38262.5,32958.678
000707.SZ,20260422,5.9,6.48,5.9,6.27,616060.59,391495.318
000708.SZ,20260422,16.64,16.74,16.37,16.38,95921.06,158408.77
000709.SZ,20260422,2.3,2.31,2.28,2.31,585291.14,134544.483
000710.SZ,20260422,9.95,9.97,9.77,9.97,60935.1,60071.595
000711.SZ,20260422,4.05,4.21,4.02,4.21,987791.65,412570.168
000712.SZ,20260422,10.38,10.59,10.36,10.52,107074.96,112220.115
000713.SZ,20260422,6.45,6.47,6.4,6.44,45745.48,29415.3
000715.SZ,20260422,6.21,6.37,5.95,6.01,510082.15,308580.588
000716.SZ,20260422,5.12,5.13,5.07,5.08,75430.0,38361.418
000717.SZ,20260422,2.43,2.44,2.41,2.42,127219.45,30790.982
000718.SZ,20260422,2.1,2.11,2.09,2.1,150077.91,31526.259
000719.SZ,20260422,14.32,14.59,14.25,14.5,103558.01,149901.009
000720.SZ,20260422,4.86,5.11,4.83,5.03,1576902.02,792881.804
000721.SZ,20260422,7.93,7.93,7.8,7.81,89005.0,69845.182
000722.SZ,20260422,13.91,15.31,13.76,14.61,658184.78,962779.555
000723.SZ,20260422,4.5,4.51,4.43,4.44,528257.0,235329.567
000725.SZ,20260422,4.2,4.28,4.2,4.27,6812882.43,2896227.718
000726.SZ,20260422,6.69,6.7,6.64,6.68,73535.69,49023.182
000727.SZ,20260422,2.68,2.75,2.65,2.74,980700.62,265987.75
000728.SZ,20260422,7.36,7.45,7.31,7.4,337925.45,249398.994
000729.SZ,20260422,12.66,12.82,12.61,12.81,330517.35,420681.881
000731.SZ,20260422,7.27,7.37,7.18,7.26,173467.0,125856.028
000733.SZ,20260422,47.0,47.73,46.88,47.69,81308.55,386071.917
000735.SZ,20260422,6.95,7.07,6.9,6.94,211197.98,147125.033
000736.SZ,20260422,5.32,5.35,5.25,5.27,63650.79,33665.444
000737.SZ,20260422,14.05,14.29,13.96,14.25,323770.21,459317.796
000738.SZ,20260422,21.41,21.42,21.09,21.4,203993.01,433693.269
000739.SZ,20260422,17.86,18.6,17.85,18.4,123149.22,224926.432
000750.SZ,20260422,3.85,3.89,3.83,3.87,365243.4,141225.521
000751.SZ,20260422,5.88,6.33,5.78,6.33,1389964.65,860062.355
000752.SZ,20260422,9.99,10.18,9.81,9.97,54511.02,54343.479
000753.SZ,20260422,6.48,6.53,6.4,6.48,140513.02,90642.465
000755.SZ,20260422,5.15,5.17,5.12,5.13,31933.69,16433.736
000756.SZ,20260422,14.45,14.5,14.35,14.5,36054.13,52072.352
000757.SZ,20260422,4.72,4.78,4.67,4.75,93472.0,44289.57
000758.SZ,20260422,6.97,7.25,6.95,7.21,519963.51,373031.386
000759.SZ,20260422,5.48,5.5,5.31,5.34,235571.01,126284.852
000761.SZ,20260422,2.97,2.99,2.96,2.97,86665.4,25800.544
000762.SZ,20260422,35.3,37.95,35.13,37.25,651503.65,2405488.645
000766.SZ,20260422,23.2,23.8,22.9,23.73,152477.85,357609.222
000767.SZ,20260422,4.15,4.18,4.06,4.11,2441436.77,1005753.534
000768.SZ,20260422,24.24,24.25,24.1,24.2,226066.42,546486.761
000776.SZ,20260422,19.88,20.64,19.84,20.39,663946.66,1351515.117
000777.SZ,20260422,22.82,22.84,22.13,22.34,145239.21,323609.133
000778.SZ,20260422,4.74,4.75,4.65,4.68,702684.1,329218.48
000779.SZ,20260422,8.72,8.72,8.57,8.58,60800.0,52366.996
000782.SZ,20260422,6.09,6.27,5.97,6.23,257749.01,159093.327
000783.SZ,20260422,7.18,7.32,7.15,7.27,401606.22,291183.338
000785.SZ,20260422,2.57,2.58,2.54,2.56,427729.24,109439.211
000786.SZ,20260422,25.4,25.48,25.04,25.31,129945.83,328351.577
000788.SZ,20260422,6.43,6.51,6.35,6.51,424736.0,272973.449
000789.SZ,20260422,5.06,5.06,5.03,5.04,42871.22,21605.986
000790.SZ,20260422,3.98,4.0,3.9,3.94,177887.01,70039.186
000791.SZ,20260422,8.2,8.39,8.14,8.24,544233.04,449150.249
000792.SZ,20260422,37.0,37.25,36.41,36.73,922184.6,3388666.797
000793.SZ,20260422,2.83,2.83,2.77,2.79,271163.99,75574.567
000795.SZ,20260422,9.32,9.41,9.28,9.38,137654.21,128709.194
000796.SZ,20260422,5.3,5.3,5.19,5.22,356474.93,185891.354
000797.SZ,20260422,2.75,2.75,2.71,2.73,160708.39,43789.198
000798.SZ,20260422,10.2,10.27,10.0,10.05,135940.0,136889.555
000799.SZ,20260422,42.68,42.99,42.58,42.98,30850.97,131951.326
000800.SZ,20260422,6.97,7.04,6.92,7.02,117053.15,81910.364
000801.SZ,20260422,14.37,14.48,14.24,14.3,139752.0,200432.897
000802.SZ,20260422,4.53,4.7,4.15,4.24,755868.35,327791.357
000803.SZ,20260422,7.81,7.9,7.7,7.76,218269.84,169659.536
000807.SZ,20260422,34.39,34.54,33.84,34.22,403497.85,1377988.939
000809.SZ,20260422,3.59,3.63,3.57,3.58,116025.29,41632.174
000810.SZ,20260422,12.31,12.87,12.28,12.84,405013.71,513025.112
000811.SZ,20260422,20.88,22.41,20.6,22.41,727532.62,1589905.121
000812.SZ,20260422,3.92,3.92,3.86,3.87,95492.16,37096.337
000813.SZ,20260422,3.3,3.33,3.27,3.33,240605.5,79513.523
000815.SZ,20260422,20.73,21.21,20.11,21.12,1275033.01,2643739.082
000816.SZ,20260422,3.23,3.24,3.19,3.2,227954.21,72993.947
000818.SZ,20260422,14.38,14.52,13.88,14.51,392697.77,557201.589
000819.SZ,20260422,17.07,17.25,16.74,17.12,185651.08,316553.659
000820.SZ,20260422,3.46,3.6,3.46,3.51,111302.98,39189.497
000821.SZ,20260422,11.66,11.66,11.31,11.39,171279.26,195821.492
000822.SZ,20260422,6.02,6.1,5.96,6.02,264623.43,159294.225
000823.SZ,20260422,16.11,16.75,16.06,16.48,280601.78,461785.328
000825.SZ,20260422,4.53,4.61,4.48,4.59,316807.99,144636.458
000826.SZ,20260422,1.96,1.98,1.92,1.93,447986.4,86663.756
000828.SZ,20260422,10.14,10.18,10.06,10.08,53842.72,54424.798
000829.SZ,20260422,10.96,11.8,10.96,11.54,705237.99,809252.254
000830.SZ,20260422,15.77,16.01,15.57,15.68,281499.65,443913.688
000831.SZ,20260422,54.83,55.47,53.98,55.18,293240.01,1604297.016
000833.SZ,20260422,26.08,26.39,25.8,26.08,315924.32,822583.701
000837.SZ,20260422,10.9,11.0,10.87,10.97,91078.0,99616.712
000838.SZ,20260422,1.8,1.82,1.72,1.74,421663.4,74085.902
000839.SZ,20260422,3.11,3.15,3.1,3.14,527678.5,164681.06
000848.SZ,20260422,8.37,8.46,8.3,8.33,84668.02,70714.681
000850.SZ,20260422,4.89,4.91,4.74,4.77,186661.49,89604.383
000852.SZ,20260422,7.23,7.25,7.06,7.17,191636.64,136849.681
000856.SZ,20260422,10.65,10.73,10.54,10.69,51392.0,54796.758
000858.SZ,20260422,101.0,101.08,100.46,100.64,144382.61,1452833.705
000859.SZ,20260422,10.0,10.15,9.66,9.73,558514.93,546225.602
000860.SZ,20260422,12.74,12.83,12.73,12.76,30110.51,38426.928
000862.SZ,20260422,6.55,6.72,6.51,6.68,464829.41,309194.662
000863.SZ,20260422,4.6,4.7,4.5,4.62,336108.91,154893.515
000868.SZ,20260422,4.31,4.35,4.3,4.34,54788.59,23672.979
000869.SZ,20260422,19.0,19.04,18.94,18.96,5934.14,11262.25
000875.SZ,20260422,6.54,6.54,6.43,6.47,525690.38,340176.477
000876.SZ,20260422,8.77,8.9,8.65,8.68,397138.66,348241.776
000877.SZ,20260422,4.74,4.77,4.71,4.72,98497.0,46514.696
000878.SZ,20260422,19.4,19.93,19.3,19.8,365488.0,720724.935
000880.SZ,20260422,31.43,32.4,30.49,32.1,351558.75,1108296.035
000881.SZ,20260422,7.7,7.91,7.66,7.85,142366.07,110799.698
000882.SZ,20260422,1.61,1.62,1.59,1.6,359257.0,57540.815
000883.SZ,20260422,4.83,4.9,4.81,4.86,357788.25,174047.029
000885.SZ,20260422,13.58,13.65,13.47,13.65,65943.5,89355.994
000886.SZ,20260422,5.67,5.7,5.63,5.68,110387.0,62540.529
000887.SZ,20260422,18.45,18.75,18.36,18.69,145706.69,270933.506
000888.SZ,20260422,12.35,12.45,12.28,12.38,68774.65,84996.901
000889.SZ,20260422,4.45,4.85,4.42,4.62,1633584.05,755614.526
000890.SZ,20260422,14.75,15.9,14.13,15.24,1136581.64,1705128.292
000892.SZ,20260422,6.35,6.38,6.03,6.12,613096.02,377381.553
000893.SZ,20260422,53.6,53.9,52.82,53.25,75043.66,399241.481
000895.SZ,20260422,28.95,29.17,28.85,28.93,98049.13,283947.888
000897.SZ,20260422,2.1,2.13,2.08,2.1,265677.8,55872.022
000898.SZ,20260422,2.31,2.32,2.3,2.31,201716.77,46550.084
000899.SZ,20260422,13.13,13.42,13.06,13.26,319581.6,424063.135
000900.SZ,20260422,4.08,4.11,4.08,4.09,100448.7,41119.538
000901.SZ,20260422,23.24,23.39,22.9,23.37,246752.12,572153.728
000902.SZ,20260422,15.1,16.05,15.06,15.95,339551.49,534698.973
000903.SZ,20260422,2.52,2.53,2.51,2.52,112331.72,28275.247
000905.SZ,20260422,10.83,10.89,10.73,10.8,91292.0,98374.259
000906.SZ,20260422,5.72,5.76,5.68,5.74,41304.51,23671.371
000908.SZ,20260422,7.12,7.12,7.03,7.06,74074.24,52276.189
000909.SZ,20260422,6.64,6.67,6.34,6.35,64363.0,41683.718
000910.SZ,20260422,6.88,6.91,6.82,6.9,30408.01,20845.316
000911.SZ,20260422,6.17,6.28,5.98,6.0,256298.0,156101.139
000912.SZ,20260422,4.85,4.98,4.85,4.92,384134.1,188741.344
000913.SZ,20260422,14.6,14.7,13.9,14.02,244222.66,343200.185
000915.SZ,20260422,31.18,31.18,29.64,30.17,72447.9,219196.393
000917.SZ,20260422,9.87,9.95,9.78,9.93,269145.13,266280.946
000919.SZ,20260422,7.6,7.75,7.5,7.72,551725.64,419891.895
000920.SZ,20260422,11.9,12.08,11.9,12.0,43148.0,51830.268
000921.SZ,20260422,22.59,22.67,22.42,22.59,42254.27,95264.542
000922.SZ,20260422,13.92,14.12,13.9,14.1,60363.92,84864.109
000923.SZ,20260422,18.75,19.05,18.66,18.87,73823.41,139244.568
000925.SZ,20260422,7.4,7.69,7.33,7.6,202645.2,152118.627
000926.SZ,20260422,1.99,2.0,1.97,1.98,174248.65,34560.06
000927.SZ,20260422,2.9,2.93,2.88,2.9,654377.01,189708.598
000928.SZ,20260422,7.07,7.07,6.92,6.96,343650.49,239355.585
000929.SZ,20260422,10.75,10.79,10.39,10.41,37250.78,39389.177
000930.SZ,20260422,6.4,6.45,6.34,6.37,188552.93,120178.587
000931.SZ,20260422,5.01,5.16,4.96,5.08,115774.24,58757.636
000932.SZ,20260422,5.03,5.06,5.01,5.02,451093.88,227240.917
000933.SZ,20260422,33.29,33.53,32.93,33.17,349942.21,1160955.334
000935.SZ,20260422,28.04,29.0,28.04,28.95,49178.74,141375.388
000936.SZ,20260422,8.14,8.52,8.13,8.41,800016.3,669173.391
000937.SZ,20260422,5.55,5.6,5.52,5.57,167380.94,93251.701
000938.SZ,20260422,27.52,30.37,27.45,29.92,3231354.23,9570357.043
000948.SZ,20260422,15.27,15.38,15.17,15.38,42535.59,65130.363
000949.SZ,20260422,8.06,8.21,7.94,8.12,711473.81,575852.125
000950.SZ,20260422,6.09,6.13,6.01,6.03,459671.68,277601.722
000951.SZ,20260422,24.11,24.96,23.74,24.6,167242.26,408761.309
000952.SZ,20260422,6.67,6.67,6.6,6.67,40773.31,27061.736
000953.SZ,20260422,6.65,6.65,6.55,6.59,34149.0,22477.922
000955.SZ,20260422,5.12,5.12,4.98,5.02,119604.0,60009.169
000957.SZ,20260422,12.05,12.35,11.96,12.3,162720.53,198896.011
000958.SZ,20260422,6.07,6.14,6.05,6.13,228302.0,139385.542
000959.SZ,20260422,4.54,4.61,4.52,4.56,386636.69,176470.763
000960.SZ,20260422,37.8,41.0,37.8,40.58,962208.31,3841955.858
000962.SZ,20260422,50.81,51.51,49.47,50.99,308133.32,1551639.835
000963.SZ,20260422,33.99,34.26,33.96,34.16,62369.27,212676.783
000965.SZ,20260422,3.6,3.61,3.56,3.58,131635.01,47053.225
000966.SZ,20260422,4.39,4.45,4.36,4.43,552838.35,244044.998
000967.SZ,20260422,13.21,13.87,12.3,13.65,3130160.91,4111089.485
000968.SZ,20260422,8.97,9.04,8.7,8.82,491190.94,433994.479
000969.SZ,20260422,21.82,22.25,21.8,22.07,274308.98,602819.143
000970.SZ,20260422,12.27,12.35,12.22,12.32,190648.53,234371.143
000972.SZ,20260422,3.98,4.0,3.92,3.94,70084.98,27688.041
000973.SZ,20260422,17.61,18.34,17.51,18.21,749662.41,1350978.084
000975.SZ,20260422,30.15,30.31,29.45,29.8,395355.09,1177850.384
000977.SZ,20260422,71.65,75.44,70.98,74.2,1016494.17,7525440.994
000978.SZ,20260422,7.47,7.47,7.19,7.26,378384.85,275337.901
000980.SZ,20260422,2.4,2.55,2.38,2.39,4749479.83,1162235.752
000981.SZ,20260422,4.03,4.11,4.02,4.06,2041370.66,826083.115
000983.SZ,20260422,6.38,6.46,6.38,6.41,329483.7,211675.608
000985.SZ,20260422,19.23,19.28,18.95,18.95,11140.0,21260.48
000987.SZ,20260422,9.03,9.23,8.96,9.17,472978.04,431620.895
000988.SZ,20260422,115.48,121.33,115.23,120.95,1059521.74,12675264.449
000989.SZ,20260422,9.37,10.1,9.34,9.83,360737.96,351332.693
000990.SZ,20260422,10.84,11.94,10.8,11.94,1447477.41,1695214.467
000993.SZ,20260422,12.54,12.87,12.46,12.72,233047.11,295959.263
000995.SZ,20260422,13.87,13.87,13.52,13.65,95290.94,130124.632
000997.SZ,20260422,21.02,21.24,20.81,21.2,170101.57,358539.186
000998.SZ,20260422,9.8,9.83,9.71,9.73,207519.14,202464.809
000999.SZ,20260422,27.46,27.47,27.35,27.38,84215.17,230627.473
001201.SZ,20260422,13.11,13.42,13.05,13.11,71794.92,94823.757
001202.SZ,20260422,16.94,17.04,16.84,16.99,11509.0,19507.461
001203.SZ,20260422,44.54,47.25,44.37,45.2,276863.79,1265550.973
001205.SZ,20260422,14.66,14.8,14.64,14.75,30850.4,45329.7
001206.SZ,20260422,20.49,20.49,20.06,20.07,27806.6,56011.534
001207.SZ,20260422,17.9,17.96,17.62,17.96,64014.29,113635.376
001208.SZ,20260422,22.0,22.21,21.66,21.81,406424.55,888611.205
001209.SZ,20260422,20.76,20.76,20.41,20.69,21941.0,45172.581
001210.SZ,20260422,21.15,21.18,20.86,21.02,17648.94,37037.674
001211.SZ,20260422,31.33,32.32,31.32,31.97,39913.69,127370.886
001212.SZ,20260422,48.7,52.82,48.0,52.45,90843.6,458682.218
001213.SZ,20260422,4.03,4.04,4.01,4.02,77469.0,31142.111
001215.SZ,20260422,39.63,40.0,39.27,39.45,20172.0,79777.098
001216.SZ,20260422,19.17,19.2,18.71,18.81,41778.0,78984.846
001217.SZ,20260422,11.86,12.09,11.76,12.02,54224.0,64691.526
001218.SZ,20260422,25.69,25.94,25.51,25.87,14119.6,36399.899
001219.SZ,20260422,14.98,15.0,14.84,14.87,21712.33,32334.415
001220.SZ,20260422,45.0,45.49,44.16,44.19,28343.77,125928.184
001221.SZ,20260422,62.98,63.87,62.64,63.51,6746.29,42715.172
001222.SZ,20260422,19.93,19.99,19.5,19.6,15726.07,30957.063
001223.SZ,20260422,58.5,59.55,58.01,58.5,9939.8,58281.218
001225.SZ,20260422,50.5,50.5,49.6,50.15,10778.0,53797.559
001226.SZ,20260422,45.97,46.23,45.0,45.52,10625.0,48333.702
001227.SZ,20260422,2.23,2.24,2.22,2.24,188499.76,42094.455
001228.SZ,20260422,34.66,34.98,34.08,34.23,14490.83,49799.975
001229.SZ,20260422,39.3,39.69,38.35,39.38,30656.0,119574.212
001230.SZ,20260422,27.49,28.29,27.49,28.03,33401.3,93350.547
001231.SZ,20260422,23.72,23.94,23.25,23.83,20931.55,49321.702
001233.SZ,20260422,67.9,71.85,67.9,70.3,29942.28,211207.3
001234.SZ,20260422,26.79,29.56,26.36,29.56,67926.0,194201.635
001236.SZ,20260422,9.17,9.23,9.1,9.18,56953.31,52188.08
001238.SZ,20260422,47.07,47.64,47.03,47.26,2331.0,11027.591
001239.SZ,20260422,15.13,15.2,14.98,15.01,28004.06,42099.381
001255.SZ,20260422,37.2,37.25,36.67,36.78,9672.13,35682.473
001256.SZ,20260422,23.93,24.3,23.67,23.98,18267.0,43963.39
001257.SZ,20260422,24.21,24.35,23.8,24.25,250188.42,601462.632
001258.SZ,20260422,9.41,9.65,9.3,9.43,615595.23,582714.895
001259.SZ,20260422,31.4,32.38,31.4,31.74,8500.0,27107.965
001260.SZ,20260422,21.57,21.99,21.19,21.56,23064.0,49780.194
001266.SZ,20260422,33.0,33.03,32.41,32.86,14115.2,46228.36
001267.SZ,20260422,44.1,46.5,44.1,46.29,636424.66,2893145.055
001268.SZ,20260422,37.37,38.75,36.1,37.54,116000.29,434978.573
001269.SZ,20260422,21.92,22.07,21.64,21.84,23422.17,51141.865
001270.SZ,20260422,143.98,154.35,142.8,154.35,76202.13,1124520.47
001277.SZ,20260422,35.7,35.85,35.36,35.57,6875.0,24431.395
001278.SZ,20260422,21.45,22.1,21.3,21.9,24410.0,53103.378
001279.SZ,20260422,32.09,32.18,31.53,31.85,9110.95,28924.738
001280.SZ,20260422,84.24,84.4,83.0,83.45,115255.32,962761.307
001282.SZ,20260422,20.89,21.66,20.59,21.5,46406.94,97865.387
001283.SZ,20260422,72.0,72.82,70.9,72.1,47141.78,338098.448
001285.SZ,20260422,53.44,53.83,52.9,53.3,11969.55,63816.956
001286.SZ,20260422,11.62,11.77,11.49,11.58,311130.8,361062.974
001287.SZ,20260422,27.39,27.7,27.12,27.57,214135.82,586871.944
001288.SZ,20260422,28.0,28.45,27.72,28.07,30947.2,87004.945
001289.SZ,20260422,15.8,16.3,15.7,16.13,139225.97,223415.161
001296.SZ,20260422,25.41,25.6,25.15,25.49,18253.62,46388.319
001298.SZ,20260422,21.82,22.12,21.63,21.96,113097.71,247698.999
001299.SZ,20260422,14.7,14.75,14.42,14.45,100630.5,146289.759
001300.SZ,20260422,18.53,18.53,17.59,17.89,47450.0,84636.832
001301.SZ,20260422,75.01,75.2,73.1,74.18,83164.0,616413.597
001306.SZ,20260422,70.1,70.1,68.22,69.13,8717.64,60127.069
001308.SZ,20260422,20.05,20.55,20.05,20.44,20095.38,40951.5
001309.SZ,20260422,514.71,530.0,509.96,525.0,141661.92,7354936.974
001311.SZ,20260422,31.51,31.89,30.94,31.48,48309.68,151717.111
001312.SZ,20260422,28.1,30.32,28.0,29.1,294758.23,845090.455
001313.SZ,20260422,8.34,8.54,8.3,8.47,114056.0,96141.883
001314.SZ,20260422,43.5,44.28,43.3,44.09,17996.0,78950.119
001316.SZ,20260422,50.43,52.8,50.2,51.73,39923.8,206737.31
001317.SZ,20260422,50.2,50.89,49.91,50.11,21732.72,109189.556
001318.SZ,20260422,13.6,13.68,13.43,13.51,23274.0,31429.456
001319.SZ,20260422,25.32,25.62,25.28,25.6,19841.0,50550.852
001322.SZ,20260422,7.32,7.33,7.17,7.22,49351.47,35651.327
001323.SZ,20260422,24.23,24.47,24.05,24.35,8784.5,21354.611
001324.SZ,20260422,20.62,20.79,20.29,20.45,33691.3,69059.531
001325.SZ,20260422,65.02,66.37,64.88,65.22,27042.39,176652.965
001326.SZ,20260422,54.2,55.56,53.91,54.7,7199.0,39407.956
001328.SZ,20260422,34.3,35.5,34.2,35.18,24416.68,85139.166
001330.SZ,20260422,8.53,8.57,8.18,8.18,1837421.29,1518702.373
001331.SZ,20260422,51.0,51.02,49.1,49.37,51012.25,254672.289
001332.SZ,20260422,57.49,58.39,56.48,57.92,15939.75,91509.744
001333.SZ,20260422,24.82,25.03,24.65,24.83,30321.0,75314.294
001335.SZ,20260422,45.17,46.36,44.82,44.98,15711.42,71316.312
001336.SZ,20260422,26.38,26.5,25.9,26.11,9058.0,23738.475
001337.SZ,20260422,48.0,49.5,47.61,49.29,90103.46,440200.919
001338.SZ,20260422,12.38,12.68,12.28,12.54,126612.04,157916.552
001339.SZ,20260422,72.1,74.37,72.1,74.03,75810.0,556536.291
001356.SZ,20260422,10.93,10.98,10.83,10.87,22646.16,24641.377
001358.SZ,20260422,27.98,28.18,27.78,27.81,7466.0,20875.298
001359.SZ,20260422,83.48,84.28,81.65,84.0,18542.46,154341.716
001360.SZ,20260422,21.81,21.81,21.31,21.55,19153.0,41190.135
001366.SZ,20260422,15.08,15.29,14.66,14.93,143744.49,214806.948
001367.SZ,20260422,25.36,26.68,24.93,26.6,55191.85,142031.658
001368.SZ,20260422,29.66,29.66,28.33,28.55,25432.0,73005.119
001369.SZ,20260422,16.06,16.22,15.88,16.09,157150.64,251627.631
001373.SZ,20260422,34.6,35.2,34.06,35.09,9945.0,34505.171
001376.SZ,20260422,15.68,16.21,15.57,16.15,79154.0,126366.385
001378.SZ,20260422,25.77,25.77,25.28,25.34,15651.98,39776.579
001379.SZ,20260422,21.73,21.85,21.55,21.75,14279.0,30975.06
001380.SZ,20260422,19.52,19.6,19.26,19.47,20074.17,38938.447
001382.SZ,20260422,20.5,20.67,20.41,20.67,35120.54,72233.831
001386.SZ,20260422,18.75,19.5,18.6,19.23,97020.67,185619.049
001387.SZ,20260422,13.45,13.46,13.24,13.33,19837.2,26483.274
001388.SZ,20260422,39.65,39.65,39.03,39.06,10686.02,41852.327
001389.SZ,20260422,158.28,163.06,156.48,158.52,105069.62,1668785.698
001390.SZ,20260422,21.71,21.73,21.3,21.32,11956.81,25637.333
001391.SZ,20260422,5.32,5.33,5.3,5.33,101709.65,54043.084
001395.SZ,20260422,39.9,40.88,39.54,40.55,12075.48,48688.661
001396.SZ,20260422,48.8,48.85,47.18,47.52,25677.78,122354.788
001400.SZ,20260422,209.05,221.98,208.08,211.04,23892.51,507786.431
001696.SZ,20260422,19.55,19.7,19.41,19.58,194502.99,380229.261
001872.SZ,20260422,21.67,21.83,21.46,21.49,14754.68,31856.384
001896.SZ,20260422,16.88,17.9,16.4,17.5,2006976.69,3478012.629
001914.SZ,20260422,10.35,10.42,10.18,10.22,51271.01,52620.89
001965.SZ,20260422,9.26,9.42,9.24,9.37,94377.66,88412.888
001979.SZ,20260422,8.6,8.66,8.5,8.65,387662.99,332775.338
002001.SZ,20260422,34.85,35.34,34.08,34.2,343737.82,1183222.291
002003.SZ,20260422,10.02,10.06,9.98,10.03,36223.8,36272.655
002004.SZ,20260422,5.25,5.28,5.19,5.25,204195.33,106829.022
002005.SZ,20260422,2.82,2.93,2.8,2.93,200753.72,58307.359
002006.SZ,20260422,17.85,18.04,17.73,18.01,86363.66,154700.754
002007.SZ,20260422,14.9,14.96,14.85,14.89,51721.63,77010.451
002008.SZ,20260422,91.31,96.0,91.31,94.18,430253.82,4048309.866
002009.SZ,20260422,25.35,25.35,24.28,24.95,336903.64,834730.56
002010.SZ,20260422,5.88,5.92,5.85,5.9,153095.11,90308.642
002011.SZ,20260422,12.15,12.23,12.11,12.17,72722.0,88578.608
002012.SZ,20260422,7.05,7.38,7.05,7.2,187410.0,135239.684
002014.SZ,20260422,11.99,12.04,11.84,11.85,17080.0,20375.681
002015.SZ,20260422,18.78,19.95,18.66,19.87,1941477.77,3786983.84
002016.SZ,20260422,5.55,5.73,5.5,5.55,162969.86,90536.812
002017.SZ,20260422,19.04,19.28,18.92,19.25,88762.8,169658.654
002019.SZ,20260422,11.9,12.02,11.84,12.02,111683.0,133195.818
002020.SZ,20260422,15.05,15.23,14.95,15.22,66385.6,100378.451
002021.SZ,20260422,2.87,3.01,2.8,3.01,625954.56,181951.715
002022.SZ,20260422,5.72,5.8,5.68,5.78,56801.01,32596.87
002023.SZ,20260422,12.77,13.58,12.7,13.2,722868.28,956071.165
002024.SZ,20260422,1.3,1.3,1.28,1.29,267127.01,34465.702
002025.SZ,20260422,73.83,77.32,73.03,76.45,326372.39,2465403.221
002026.SZ,20260422,13.06,13.19,13.03,13.11,47958.69,62869.193
002027.SZ,20260422,6.28,6.36,6.2,6.26,1318722.45,827262.06
002028.SZ,20260422,215.01,222.24,212.2,221.56,133742.25,2910031.99
002029.SZ,20260422,9.59,9.88,9.43,9.84,158022.07,152908.544
002030.SZ,20260422,5.83,5.85,5.81,5.81,88992.2,51822.505
002031.SZ,20260422,6.1,6.1,6.02,6.06,320231.63,193888.318
002032.SZ,20260422,46.94,47.22,46.56,46.68,14594.2,68270.927
002033.SZ,20260422,10.48,10.71,10.18,10.44,862245.54,897124.309
002034.SZ,20260422,19.18,19.34,18.75,18.84,193273.39,366318.195
002035.SZ,20260422,6.25,6.29,6.18,6.2,131430.24,81826.998
002036.SZ,20260422,8.92,9.1,8.89,9.07,220505.58,199093.323
002037.SZ,20260422,8.35,8.44,8.28,8.39,46092.0,38541.409
002038.SZ,20260422,7.32,7.39,7.18,7.36,672406.84,489498.2
002039.SZ,20260422,21.51,22.0,21.28,21.8,177562.09,383111.791
002040.SZ,20260422,10.09,10.1,9.93,9.96,56319.0,56093.205
002041.SZ,20260422,10.16,10.27,10.09,10.11,101045.45,102487.606
002042.SZ,20260422,4.93,4.97,4.82,4.93,716753.9,350738.38
002043.SZ,20260422,14.56,14.7,13.63,13.9,133472.48,185758.292
002044.SZ,20260422,5.25,5.33,5.21,5.32,854059.66,450349.573
002045.SZ,20260422,11.38,11.66,11.2,11.55,158264.0,181474.17
002046.SZ,20260422,53.03,54.43,52.69,54.2,131966.98,709089.151
002047.SZ,20260422,5.54,5.62,5.41,5.55,293251.0,161933.081
002048.SZ,20260422,27.96,28.83,27.91,28.69,137684.22,391077.394
002049.SZ,20260422,69.89,72.64,69.81,72.43,245732.91,1761253.522
002050.SZ,20260422,45.8,46.16,45.48,46.09,799533.23,3666857.107
002051.SZ,20260422,11.88,11.88,11.3,11.54,922174.43,1064056.144
002052.SZ,20260422,10.1,10.39,9.98,10.26,117277.25,119644.341
002053.SZ,20260422,11.4,11.85,11.36,11.69,143832.02,167408.496
002054.SZ,20260422,8.2,8.23,8.15,8.19,90935.0,74435.976
002055.SZ,20260422,6.01,6.03,5.93,5.96,126644.69,75640.484
002056.SZ,20260422,19.87,19.9,19.57,19.74,310105.71,611909.747
002057.SZ,20260422,9.73,9.83,9.7,9.77,71937.77,70282.784
002058.SZ,20260422,23.01,23.66,22.86,23.08,22625.0,52518.039
002059.SZ,20260422,5.05,5.05,5.0,5.01,116636.97,58430.489
002060.SZ,20260422,3.85,3.87,3.83,3.84,317897.33,122237.096
002061.SZ,20260422,3.89,3.91,3.87,3.89,144691.6,56320.308
002062.SZ,20260422,9.03,9.57,8.9,9.4,593226.62,549463.407
002063.SZ,20260422,6.34,6.5,6.32,6.49,434540.75,279953.803
002064.SZ,20260422,11.52,11.7,11.27,11.48,469760.2,539723.386
002065.SZ,20260422,8.21,8.48,8.21,8.45,383565.69,321197.516
002066.SZ,20260422,22.41,23.96,22.12,23.79,61725.05,143389.925
002067.SZ,20260422,4.89,5.08,4.8,5.0,709149.59,351656.035
002068.SZ,20260422,8.68,8.9,8.64,8.69,109078.78,95209.341
002069.SZ,20260422,3.78,3.84,3.71,3.75,125638.5,47234.635
002072.SZ,20260422,7.57,7.64,7.45,7.49,51723.0,38886.658
002073.SZ,20260422,7.19,7.36,7.18,7.32,193016.0,140220.35
002074.SZ,20260422,40.36,41.49,40.1,40.5,691298.09,2808602.506
002075.SZ,20260422,4.65,4.68,4.64,4.67,196312.29,91523.589
002076.SZ,20260422,2.19,2.2,2.1,2.11,566067.3,120103.817
002077.SZ,20260422,15.76,15.99,15.61,15.96,155371.24,246179.672
002078.SZ,20260422,14.5,14.68,14.38,14.56,159034.0,231395.913
002079.SZ,20260422,10.47,10.79,10.43,10.7,402307.87,428370.365
002080.SZ,20260422,50.6,51.81,49.88,51.73,552113.4,2817113.655
002081.SZ,20260422,4.94,4.94,4.94,4.94,613310.75,302975.511
002082.SZ,20260422,27.68,28.5,27.57,28.16,209357.0,589560.347
002083.SZ,20260422,11.6,11.66,11.3,11.36,612970.84,700236.945
002084.SZ,20260422,3.76,3.77,3.69,3.73,157228.03,58591.352
002085.SZ,20260422,14.58,14.58,14.39,14.46,225738.66,326584.11
002086.SZ,20260422,2.01,2.02,1.98,1.98,406937.04,81124.196
002088.SZ,20260422,10.37,10.49,10.32,10.37,37967.21,39412.671
002090.SZ,20260422,10.62,10.66,10.52,10.62,54640.11,57788.558
002091.SZ,20260422,9.45,9.81,9.43,9.66,341759.16,329920.255
002092.SZ,20260422,6.1,6.14,6.06,6.1,365144.66,222437.533
002093.SZ,20260422,9.65,9.84,9.61,9.83,163703.1,159892.974
002094.SZ,20260422,6.22,6.22,6.03,6.1,247691.27,150988.653
002095.SZ,20260422,16.4,16.46,16.18,16.42,20625.91,33696.592
002096.SZ,20260422,11.78,11.84,11.68,11.76,56546.35,66497.215
002097.SZ,20260422,9.99,10.14,9.94,10.08,162318.38,163480.883
002098.SZ,20260422,8.88,8.92,8.81,8.88,25852.02,22925.594
002099.SZ,20260422,7.15,7.19,7.01,7.05,214255.19,151373.309
002100.SZ,20260422,7.8,8.07,7.72,7.79,325896.0,256389.252
002101.SZ,20260422,10.18,10.24,10.15,10.22,48708.1,49670.489
002102.SZ,20260422,2.8,2.82,2.77,2.81,292152.0,81655.852
002103.SZ,20260422,8.17,8.17,8.09,8.14,44544.0,36200.072
002104.SZ,20260422,14.8,14.9,14.62,14.86,159004.38,235026.843
002105.SZ,20260422,6.33,6.33,6.22,6.23,58428.0,36572.64
002106.SZ,20260422,10.85,11.1,10.85,11.06,104851.43,115411.346
002107.SZ,20260422,7.67,7.74,7.37,7.58,360451.44,269994.872
002108.SZ,20260422,5.9,6.23,5.77,6.12,2909286.78,1757784.003
002109.SZ,20260422,3.87,3.92,3.83,3.89,294351.0,113872.742
002110.SZ,20260422,3.64,3.64,3.58,3.62,197117.28,71106.183
002111.SZ,20260422,9.94,10.06,9.9,10.05,39157.2,39149.016
002112.SZ,20260422,21.43,21.54,21.06,21.14,183592.91,389204.965
002114.SZ,20260422,8.97,9.46,8.9,9.2,186314.05,172236.882
002115.SZ,20260422,12.76,13.13,12.56,12.91,703724.12,907094.41
002116.SZ,20260422,10.39,10.45,10.3,10.41,40111.0,41693.587
002117.SZ,20260422,9.99,10.4,9.94,10.3,106136.41,108323.458
002119.SZ,20260422,21.69,21.98,21.6,21.76,268702.72,584473.269
002120.SZ,20260422,7.2,7.36,7.16,7.34,458374.82,334785.63
002121.SZ,20260422,7.5,7.71,7.48,7.68,317147.95,241057.623
002122.SZ,20260422,2.95,2.97,2.95,2.97,128421.72,37974.416
002123.SZ,20260422,9.93,10.02,9.87,9.98,130937.46,130129.429
002124.SZ,20260422,2.91,3.17,2.89,3.04,4366812.1,1359097.439
002125.SZ,20260422,14.19,14.44,14.15,14.25,150758.26,215097.241
002126.SZ,20260422,47.9,48.35,46.32,47.78,222948.82,1052871.309
002127.SZ,20260422,2.77,2.77,2.74,2.76,190092.0,52353.177
002128.SZ,20260422,33.47,33.62,33.0,33.2,104954.43,348502.461
002129.SZ,20260422,8.69,8.75,8.6,8.71,551645.19,479142.559
002130.SZ,20260422,25.82,26.3,25.71,26.27,379594.6,991892.394
002131.SZ,20260422,7.94,7.99,7.82,7.98,4006788.88,3164169.389
002132.SZ,20260422,4.5,4.63,4.49,4.59,697017.5,319294.437
002133.SZ,20260422,3.24,3.28,3.22,3.25,102086.0,33201.738
002134.SZ,20260422,23.14,23.45,22.92,23.4,94914.61,220328.949
002135.SZ,20260422,7.61,8.03,7.58,7.67,526715.07,409329.348
002136.SZ,20260422,13.8,14.49,13.69,14.27,156787.0,222583.355
002137.SZ,20260422,8.16,8.3,8.09,8.29,120092.4,98433.013
002138.SZ,20260422,35.12,36.15,34.77,36.14,245066.97,872430.696
002139.SZ,20260422,12.06,12.29,12.05,12.26,127566.35,155957.523
002140.SZ,20260422,12.6,12.67,12.52,12.63,69203.32,87279.545
002141.SZ,20260422,3.76,3.92,3.76,3.82,204423.0,78084.27
002142.SZ,20260422,32.38,32.68,31.76,31.97,222812.35,714438.615
002144.SZ,20260422,15.3,15.35,15.01,15.09,46810.0,70785.101
002145.SZ,20260422,4.73,4.78,4.71,4.76,389554.75,185046.857
002146.SZ,20260422,1.33,1.34,1.3,1.31,998040.6,131536.496
002148.SZ,20260422,7.68,7.72,7.59,7.7,64412.4,49371.372
002149.SZ,20260422,59.01,65.54,59.01,64.1,965770.1,6075363.121
002150.SZ,20260422,29.88,30.59,29.65,30.02,230048.44,693214.463
002151.SZ,20260422,39.46,40.28,38.97,39.99,173791.98,691552.921
002152.SZ,20260422,12.03,12.22,12.01,12.18,163171.25,198015.124
002153.SZ,20260422,9.63,9.83,9.58,9.81,148771.77,144665.974
002154.SZ,20260422,3.67,3.67,3.63,3.64,120086.01,43766.298
002155.SZ,20260422,30.46,31.5,30.24,31.35,573652.39,1781030.667
002156.SZ,20260422,47.8,48.92,46.61,48.89,930177.51,4459870.924
002157.SZ,20260422,3.3,3.47,3.3,3.34,3504644.11,1188185.934
002158.SZ,20260422,24.88,26.28,24.87,26.18,105426.8,272171.216
002159.SZ,20260422,17.23,17.35,17.1,17.24,22453.0,38632.241
002160.SZ,20260422,5.08,5.1,5.03,5.05,236004.0,119227.73
002161.SZ,20260422,6.96,7.38,6.89,7.3,300542.62,214592.044
002162.SZ,20260422,4.53,4.54,4.43,4.45,160658.75,71528.102
002163.SZ,20260422,12.85,12.91,12.39,12.56,344816.42,432031.705
002164.SZ,20260422,12.85,12.9,12.73,12.87,62907.03,80613.791
002165.SZ,20260422,9.58,9.66,9.43,9.48,301410.0,286140.588
002166.SZ,20260422,8.76,8.77,8.62,8.71,72580.56,63060.371
002167.SZ,20260422,12.97,13.13,12.92,13.06,225891.46,294024.085
002168.SZ,20260422,4.29,4.52,4.28,4.41,166832.36,73365.205
002169.SZ,20260422,14.72,14.8,13.77,13.93,599097.99,838559.751
002170.SZ,20260422,13.7,13.92,13.67,13.82,232261.84,321479.082
002171.SZ,20260422,11.76,12.02,11.73,12.0,359632.3,429566.084
002172.SZ,20260422,3.78,3.79,3.74,3.77,105404.0,39679.004
002173.SZ,20260422,24.88,25.37,24.66,25.35,234250.51,587708.394
002174.SZ,20260422,9.69,9.69,9.52,9.65,155934.36,149761.532
002175.SZ,20260422,2.49,2.53,2.47,2.53,306522.8,76952.728
002176.SZ,20260422,11.5,12.72,11.5,12.39,2149813.48,2603381.012
002177.SZ,20260422,7.56,7.6,7.46,7.54,376475.42,282608.371
002178.SZ,20260422,6.0,6.06,5.97,6.05,91435.9,54974.934
002179.SZ,20260422,36.2,36.44,35.95,36.42,236067.0,854645.527
002180.SZ,20260422,18.05,18.49,17.85,18.3,141940.7,257220.988
002181.SZ,20260422,13.32,13.39,12.83,12.98,618391.82,802452.784
002182.SZ,20260422,16.37,16.85,16.23,16.67,235642.66,391917.103
002183.SZ,20260422,5.98,6.09,5.78,6.02,1512931.78,893926.014
002184.SZ,20260422,11.55,11.64,11.43,11.6,43446.87,50171.5
002185.SZ,20260422,12.5,12.84,12.46,12.81,969588.56,1229400.589
002186.SZ,20260422,10.33,10.36,10.16,10.23,45932.68,46927.654
002187.SZ,20260422,6.14,6.15,6.06,6.1,82527.0,50224.327
002188.SZ,20260422,6.57,6.59,6.37,6.41,99134.54,63756.03
002189.SZ,20260422,20.56,21.35,20.39,21.1,52076.0,109246.491
002190.SZ,20260422,31.66,31.67,31.33,31.56,31317.55,98563.846
002191.SZ,20260422,3.57,3.6,3.53,3.54,114703.79,40807.76
002192.SZ,20260422,80.15,82.0,79.18,81.55,241432.27,1955421.121
002193.SZ,20260422,6.47,6.5,6.22,6.25,89463.44,56703.453
002194.SZ,20260422,11.86,11.86,11.86,11.86,150878.59,178942.008
002195.SZ,20260422,9.08,9.41,9.03,9.38,2910648.98,2698005.794
002196.SZ,20260422,14.34,14.5,14.15,14.36,237669.1,339619.027
002197.SZ,20260422,7.4,7.65,7.31,7.64,203970.48,152708.511
002198.SZ,20260422,7.59,7.71,7.46,7.63,151473.85,114623.184
002199.SZ,20260422,9.33,9.47,9.26,9.42,21074.05,19804.669
002200.SZ,20260422,7.73,7.77,7.61,7.66,18935.0,14530.113
002201.SZ,20260422,13.93,15.32,13.93,15.32,1800891.91,2707913.114
002202.SZ,20260422,25.88,26.37,25.69,26.23,1588430.93,4128754.022
002203.SZ,20260422,17.86,18.67,17.7,18.25,694340.88,1264646.839
002204.SZ,20260422,6.89,6.98,6.87,6.91,246586.31,170482.008
002205.SZ,20260422,12.74,12.77,12.39,12.49,29934.1,37375.75
002206.SZ,20260422,6.23,6.28,6.2,6.22,124811.45,77783.504
002207.SZ,20260422,7.18,7.27,7.07,7.1,118114.0,83998.027
002208.SZ,20260422,12.68,12.98,12.56,12.93,246582.64,316367.525
002209.SZ,20260422,16.81,17.51,16.62,17.33,126501.02,217817.923
002210.SZ,20260422,2.58,2.59,2.54,2.57,378138.0,96934.06
002211.SZ,20260422,3.65,3.68,3.57,3.64,64617.5,23455.174
002212.SZ,20260422,7.54,7.83,7.49,7.76,351634.65,270230.842
002213.SZ,20260422,36.12,36.12,35.27,35.81,235358.62,839653.58
002214.SZ,20260422,18.82,18.9,18.71,18.81,45791.22,86185.453
002215.SZ,20260422,10.13,10.23,10.05,10.11,75409.45,76246.129
002216.SZ,20260422,13.15,13.24,12.99,13.09,54215.2,71048.53
002217.SZ,20260422,2.82,3.03,2.77,2.93,8567983.0,2490248.022
002218.SZ,20260422,5.75,5.75,5.57,5.59,969662.69,544430.792
002219.SZ,20260422,2.33,2.54,2.3,2.43,2331214.68,564538.971
002221.SZ,20260422,8.2,8.29,8.06,8.2,167509.09,136623.155
002222.SZ,20260422,93.36,100.6,93.36,98.34,362829.36,3545984.001
002223.SZ,20260422,32.76,32.9,32.59,32.7,73051.91,238968.622
002224.SZ,20260422,4.36,4.42,4.34,4.41,136229.0,59617.509
002225.SZ,20260422,5.74,5.82,5.7,5.81,144483.9,83261.483
002226.SZ,20260422,5.65,5.66,5.6,5.62,132003.23,74156.102
002227.SZ,20260422,8.65,8.72,8.14,8.14,189535.14,157154.422
002228.SZ,20260422,4.0,4.03,3.91,3.93,582074.0,229454.537
002229.SZ,20260422,18.89,19.25,18.54,19.23,698842.51,1328778.369
002230.SZ,20260422,48.6,49.76,48.51,49.51,400497.24,1973915.043
002232.SZ,20260422,18.29,18.36,18.03,18.36,39408.0,71879.289
002233.SZ,20260422,9.14,9.29,9.14,9.25,48775.68,45017.21
002234.SZ,20260422,8.86,8.98,8.75,8.79,62818.0,55670.747
002235.SZ,20260422,9.36,9.42,9.31,9.38,210198.99,196626.129
002236.SZ,20260422,18.47,18.8,18.4,18.64,364943.17,680968.404
002237.SZ,20260422,17.1,18.74,17.05,18.48,849631.81,1541574.533
002238.SZ,20260422,7.14,7.17,7.01,7.08,61845.21,43670.81
002239.SZ,20260422,3.04,3.05,3.02,3.03,492583.87,149392.516
002240.SZ,20260422,47.94,49.43,47.4,48.0,451816.01,2166735.55
002241.SZ,20260422,24.47,24.97,24.4,24.83,758667.68,1881350.906
002242.SZ,20260422,10.55,10.61,10.35,10.37,231655.63,241274.644
002243.SZ,20260422,8.96,9.14,8.91,9.06,140653.57,126803.539
002244.SZ,20260422,10.13,10.32,10.1,10.23,153983.9,157232.436
002245.SZ,20260422,20.32,21.05,20.26,20.64,692078.61,1426094.86
002246.SZ,20260422,26.31,27.68,26.27,26.63,249973.14,673792.373
002247.SZ,20260422,2.8,2.8,2.74,2.76,192276.0,53189.586
002248.SZ,20260422,12.35,12.38,12.2,12.35,111622.0,137071.661
002249.SZ,20260422,9.4,9.47,9.38,9.46,260335.51,245545.665
002250.SZ,20260422,16.55,16.85,16.46,16.73,85980.8,143666.691
002251.SZ,20260422,4.23,4.24,4.16,4.2,444883.05,186213.896
002252.SZ,20260422,5.64,5.65,5.61,5.63,230473.95,129696.385
002253.SZ,20260422,11.27,11.33,11.11,11.2,33000.0,36893.46
002254.SZ,20260422,10.47,10.95,10.45,10.87,304355.89,326863.112
002255.SZ,20260422,10.74,10.86,10.7,10.84,141420.72,152522.712
002256.SZ,20260422,4.21,4.51,4.13,4.51,2560662.24,1113440.281
002258.SZ,20260422,14.0,14.13,13.75,13.78,160166.23,222749.367
002259.SZ,20260422,5.79,6.17,5.73,6.03,471155.04,282676.948
002261.SZ,20260422,36.16,39.48,35.66,38.43,1886806.73,7104750.644
002262.SZ,20260422,21.18,21.6,21.11,21.49,135239.19,289896.701
002263.SZ,20260422,4.93,5.06,4.73,4.83,3037399.71,1462838.471
002264.SZ,20260422,8.29,8.31,8.15,8.21,131868.0,108095.471
002265.SZ,20260422,22.62,23.01,22.44,22.88,97541.22,222534.508
002266.SZ,20260422,4.5,4.6,4.48,4.56,666538.64,303894.426
002267.SZ,20260422,7.7,7.79,7.68,7.78,65415.42,50685.04
002268.SZ,20260422,16.59,16.59,16.35,16.42,126543.89,208128.088
002269.SZ,20260422,1.62,1.63,1.59,1.6,414699.0,66458.114
002270.SZ,20260422,26.95,28.74,26.95,28.21,208685.74,581756.515
002271.SZ,20260422,15.27,15.76,15.12,15.69,416268.82,646950.285
002272.SZ,20260422,19.15,19.86,18.85,19.58,652378.53,1264205.58
002273.SZ,20260422,32.38,33.33,32.02,33.07,770542.71,2529472.563
002274.SZ,20260422,6.17,6.35,6.15,6.3,219476.8,137510.82
002275.SZ,20260422,14.05,14.16,14.05,14.11,10126.5,14274.413
002276.SZ,20260422,14.41,14.77,14.4,14.72,248366.13,363228.929
002277.SZ,20260422,5.9,5.99,5.84,5.94,216249.03,127534.42
002278.SZ,20260422,11.52,11.58,11.38,11.54,102540.73,117678.179
002279.SZ,20260422,8.1,8.21,8.04,8.19,201855.0,164297.22
002281.SZ,20260422,121.5,125.6,120.5,123.97,793417.45,9791456.799
002282.SZ,20260422,6.92,6.92,6.83,6.84,47261.11,32440.284
002283.SZ,20260422,10.73,11.2,10.58,11.16,325050.93,355162.77
002284.SZ,20260422,13.9,14.07,13.74,13.98,115718.01,161093.835
002285.SZ,20260422,3.05,3.09,3.02,3.04,348555.17,106295.935
002286.SZ,20260422,10.25,10.4,10.16,10.31,70983.0,72992.231
002287.SZ,20260422,23.1,23.17,23.02,23.1,13643.06,31469.509
002289.SZ,20260422,30.0,30.78,29.69,30.73,68073.02,208377.761
002290.SZ,20260422,71.1,72.86,70.8,71.32,48225.86,345791.919
002291.SZ,20260422,6.39,6.39,6.26,6.31,225058.53,141620.885
002292.SZ,20260422,8.08,8.18,7.97,8.16,260347.0,210483.679
002293.SZ,20260422,10.41,11.0,10.36,10.58,117174.82,123741.139
002294.SZ,20260422,54.66,57.26,54.26,57.09,160877.82,900152.166
002295.SZ,20260422,11.02,11.1,10.77,10.88,47317.0,51448.542
002296.SZ,20260422,11.48,11.62,11.39,11.6,90717.1,104430.94
002297.SZ,20260422,19.1,20.88,19.1,20.29,1968739.26,3962400.48
002298.SZ,20260422,10.12,10.25,10.0,10.23,303341.77,307619.772
002299.SZ,20260422,19.0,19.4,18.99,19.08,103210.1,197799.194
002300.SZ,20260422,10.0,10.25,9.94,10.22,578156.38,585490.728
002301.SZ,20260422,6.66,6.82,6.6,6.77,95495.0,64062.271
002302.SZ,20260422,5.64,5.64,5.58,5.6,69007.02,38632.648
002303.SZ,20260422,3.4,3.4,3.37,3.38,122062.0,41289.847
002304.SZ,20260422,49.67,49.69,49.36,49.42,35667.89,176556.956
002305.SZ,20260422,2.28,2.28,2.24,2.26,158211.51,35726.141
002306.SZ,20260422,2.36,2.37,2.32,2.34,93610.0,21944.769
002307.SZ,20260422,4.63,4.65,4.51,4.52,389419.02,177039.63
002309.SZ,20260422,4.31,4.48,4.24,4.37,4251903.39,1870100.353
002310.SZ,20260422,2.95,2.98,2.91,2.93,1553040.92,457044.655
002311.SZ,20260422,48.29,49.17,46.87,47.05,134533.57,640860.722
002312.SZ,20260422,11.56,11.69,11.51,11.62,339002.25,393951.232
002313.SZ,20260422,8.37,8.52,8.34,8.48,51557.0,43645.592
002314.SZ,20260422,2.57,2.57,2.48,2.5,457051.0,114528.405
002315.SZ,20260422,43.48,44.42,43.04,44.4,93923.31,409930.813
002316.SZ,20260422,5.22,5.24,5.16,5.23,101846.45,53034.059
002317.SZ,20260422,17.8,18.36,17.7,18.35,248509.44,448511.459
002318.SZ,20260422,29.04,29.35,28.91,29.22,60540.82,176460.055
002319.SZ,20260422,11.16,11.27,10.96,11.16,48210.43,53529.708
002320.SZ,20260422,8.4,8.43,8.27,8.36,131893.41,109791.468
002321.SZ,20260422,2.16,2.23,2.15,2.17,357829.48,78032.33
002322.SZ,20260422,14.01,14.21,13.92,14.13,46135.0,64985.702
002323.SZ,20260422,2.08,2.08,2.03,2.03,821016.0,167609.055
002324.SZ,20260422,17.28,17.7,17.2,17.43,627681.13,1092151.561
002326.SZ,20260422,24.91,26.52,24.91,24.97,546307.02,1389964.477
002327.SZ,20260422,7.1,7.22,7.07,7.15,72716.0,52025.594
002328.SZ,20260422,12.2,12.3,11.74,11.81,1332631.79,1595524.657
002329.SZ,20260422,4.05,4.11,4.01,4.09,234931.8,95579.743
002330.SZ,20260422,4.72,4.76,4.66,4.67,93214.0,43806.315
002331.SZ,20260422,8.63,8.75,8.52,8.66,218972.02,189645.226
002332.SZ,20260422,8.9,8.95,8.88,8.94,57666.0,51447.261
002333.SZ,20260422,5.94,5.95,5.7,5.75,332841.2,192142.15
002334.SZ,20260422,8.05,8.28,7.95,8.16,370890.0,299257.247
002335.SZ,20260422,66.42,68.11,66.19,67.68,368372.99,2479369.939
002337.SZ,20260422,6.13,6.13,6.06,6.11,50003.19,30504.455
002338.SZ,20260422,64.01,65.58,63.48,64.76,228102.78,1472526.772
002339.SZ,20260422,10.5,10.55,10.33,10.49,189613.38,197787.419
002340.SZ,20260422,8.4,8.61,8.39,8.57,1642367.17,1404787.56
002342.SZ,20260422,20.32,21.31,20.02,20.15,2803434.94,5763031.864
002343.SZ,20260422,6.38,6.4,6.27,6.31,88387.0,55674.921
002344.SZ,20260422,4.45,4.46,4.38,4.4,94224.0,41605.159
002345.SZ,20260422,11.27,11.27,10.9,11.02,197665.85,217244.563
002346.SZ,20260422,19.1,19.41,19.0,19.29,27022.0,51949.248
002347.SZ,20260422,8.19,8.24,8.11,8.17,192821.0,157193.449
002348.SZ,20260422,10.05,10.3,9.95,10.01,274455.1,276656.297
002349.SZ,20260422,7.3,7.38,7.28,7.37,103727.69,76097.297
002350.SZ,20260422,13.88,14.08,13.6,14.02,238211.2,330326.42
002351.SZ,20260422,11.3,11.35,11.26,11.33,36054.0,40806.408
002352.SZ,20260422,36.86,37.12,36.68,36.8,151277.43,557948.785
002353.SZ,20260422,116.12,122.58,116.1,122.16,168968.02,2028986.979
002354.SZ,20260422,5.64,5.67,5.57,5.67,419240.29,235689.917
002355.SZ,20260422,5.97,6.06,5.89,6.06,169018.0,101303.953
002356.SZ,20260422,3.43,3.43,3.36,3.4,287383.92,97404.896
002357.SZ,20260422,10.94,10.99,10.8,10.94,99655.0,108479.842
002358.SZ,20260422,7.52,7.58,7.48,7.55,262668.0,197825.699
002360.SZ,20260422,6.8,6.92,6.4,6.92,354660.31,240863.043
002361.SZ,20260422,22.46,23.95,21.97,23.65,3478951.23,8107409.106
002362.SZ,20260422,18.57,18.71,18.35,18.69,25524.23,47334.305
002363.SZ,20260422,8.55,8.58,8.45,8.53,83256.5,70872.679
002364.SZ,20260422,44.3,44.96,42.73,43.74,948003.29,4152122.764
002365.SZ,20260422,13.46,13.46,13.26,13.37,53793.28,71678.9
002366.SZ,20260422,7.23,7.23,7.11,7.15,389602.92,278411.983
002367.SZ,20260422,6.38,6.38,6.33,6.36,68115.0,43289.059
002368.SZ,20260422,20.38,20.64,20.35,20.53,46392.68,95074.396
002369.SZ,20260422,7.17,7.44,7.12,7.3,160016.44,116576.994
002370.SZ,20260422,7.15,7.17,7.01,7.14,387520.76,274364.6
002371.SZ,20260422,449.0,478.0,448.0,477.95,174382.81,8193670.758
002372.SZ,20260422,10.46,10.47,10.36,10.44,46719.08,48584.496
002373.SZ,20260422,9.79,9.99,9.69,9.95,260566.49,256981.883
002374.SZ,20260422,3.1,3.1,3.03,3.06,219778.0,67201.242
002375.SZ,20260422,4.14,4.19,4.1,4.17,204355.0,84898.673
002376.SZ,20260422,7.08,7.3,7.05,7.26,191186.43,137778.34
002377.SZ,20260422,3.29,3.31,3.2,3.23,275378.14,88855.697
002378.SZ,20260422,32.17,34.49,31.56,33.53,893935.04,2969905.51
002379.SZ,20260422,27.65,28.24,27.1,27.35,221114.19,606468.323
002380.SZ,20260422,33.15,34.2,32.91,34.02,65041.42,218850.512
002381.SZ,20260422,6.41,6.48,6.39,6.41,34820.0,22379.486
002382.SZ,20260422,7.38,7.77,7.32,7.64,354121.99,267998.498
002383.SZ,20260422,9.72,10.4,9.6,9.96,320748.96,319835.861
002384.SZ,20260422,172.06,186.34,171.2,186.34,832376.64,15038865.172
002385.SZ,20260422,3.95,4.0,3.93,3.94,704122.97,278591.365
002386.SZ,20260422,6.46,6.65,6.45,6.6,512001.58,336126.299
002387.SZ,20260422,8.2,8.27,8.18,8.24,83519.63,68821.014
002388.SZ,20260422,5.06,5.19,5.04,5.1,144320.0,73683.631
002389.SZ,20260422,22.18,22.33,22.03,22.28,162386.48,360622.265
002390.SZ,20260422,3.19,3.21,3.17,3.19,199132.27,63523.107
002391.SZ,20260422,6.43,6.78,6.43,6.52,368971.31,242476.858
002392.SZ,20260422,8.16,8.7,8.1,8.66,625135.73,529773.067
002393.SZ,20260422,23.05,23.09,22.86,22.98,29359.58,67336.629
002394.SZ,20260422,13.99,14.34,13.85,14.15,74296.0,105254.785
002395.SZ,20260422,18.25,18.67,18.16,18.46,68611.02,126488.222
002396.SZ,20260422,26.91,28.66,26.7,28.11,281262.78,777635.717
002397.SZ,20260422,4.22,4.59,4.16,4.59,473988.0,208775.414
002398.SZ,20260422,5.09,5.09,5.02,5.06,71962.0,36344.705
002399.SZ,20260422,11.03,11.08,10.98,11.08,20698.09,22831.628
002400.SZ,20260422,8.87,8.93,8.77,8.92,775300.21,686625.763
002401.SZ,20260422,14.61,14.65,14.52,14.63,24688.85,36029.754
002402.SZ,20260422,31.53,32.35,31.31,32.33,294424.59,946052.723
002403.SZ,20260422,10.77,10.9,10.64,10.73,59751.0,64201.925
002404.SZ,20260422,7.01,7.02,6.92,6.97,53567.0,37318.199
002405.SZ,20260422,9.11,9.21,9.04,9.19,406266.21,371835.058
002406.SZ,20260422,7.62,7.78,7.59,7.76,188530.78,145446.157
002407.SZ,20260422,31.68,32.3,31.35,31.91,1022983.03,3258383.184
002408.SZ,20260422,6.38,6.53,6.17,6.18,840587.55,529848.72
002409.SZ,20260422,87.6,91.39,87.21,90.48,133148.14,1191032.021
002410.SZ,20260422,11.37,11.6,11.34,11.6,293329.88,337653.145
002412.SZ,20260422,6.5,6.52,6.42,6.5,78252.0,50615.871
002413.SZ,20260422,13.9,15.5,13.68,14.95,2939491.23,4373411.86
002414.SZ,20260422,14.15,14.39,14.0,14.27,1207011.32,1712921.478
002415.SZ,20260422,33.56,33.95,33.41,33.63,485982.02,1633804.246
002416.SZ,20260422,13.22,13.88,13.15,13.48,408456.56,554217.94
002418.SZ,20260422,5.97,6.74,5.93,6.74,3363896.99,2126651.973
002419.SZ,20260422,5.79,5.81,5.68,5.71,207306.65,118463.064
002420.SZ,20260422,7.85,7.88,7.79,7.85,69949.0,54771.325
002421.SZ,20260422,2.84,2.85,2.78,2.81,615192.59,172556.042
002422.SZ,20260422,33.56,33.96,33.15,33.86,150265.45,504764.693
002423.SZ,20260422,10.16,10.2,10.11,10.16,80621.99,81934.257
002424.SZ,20260422,5.0,5.07,5.0,5.04,55642.0,28027.587
002425.SZ,20260422,3.25,3.25,3.19,3.22,101889.0,32771.793
002426.SZ,20260422,3.89,4.1,3.79,3.98,2871934.16,1144015.186
002427.SZ,20260422,6.38,6.43,6.33,6.4,125960.0,80295.701
002428.SZ,20260422,68.53,75.24,68.53,75.24,714570.72,5258315.385
002429.SZ,20260422,10.96,12.09,10.93,11.91,2606399.03,3055792.031
002430.SZ,20260422,30.08,30.61,29.3,29.9,275766.32,821466.736
002431.SZ,20260422,2.53,2.54,2.46,2.47,396339.0,98814.954
002432.SZ,20260422,79.51,88.09,78.61,88.09,369375.18,3063144.622
002434.SZ,20260422,7.63,7.66,7.33,7.43,332794.0,247035.185
002436.SZ,20260422,29.0,29.48,27.75,28.63,1681199.86,4784563.142
002437.SZ,20260422,3.7,3.78,3.65,3.75,962003.7,356502.5
002438.SZ,20260422,16.3,16.56,16.18,16.56,57491.39,94224.403
002439.SZ,20260422,15.12,15.24,14.9,15.19,391662.49,590865.669
002440.SZ,20260422,11.57,11.87,11.5,11.73,199100.9,232183.219
002441.SZ,20260422,9.47,9.53,9.38,9.52,67527.0,63960.107
002442.SZ,20260422,5.7,5.83,5.67,5.79,108360.0,62503.402
002443.SZ,20260422,9.53,10.48,9.49,10.48,387242.62,390654.845
002444.SZ,20260422,31.81,32.07,31.58,31.82,122922.73,390847.457
002445.SZ,20260422,3.4,3.46,3.37,3.45,998520.81,342269.662
002446.SZ,20260422,10.8,11.07,10.6,10.9,748799.72,811805.164
002448.SZ,20260422,15.06,16.11,14.89,15.93,284604.0,442693.888
002449.SZ,20260422,8.15,8.31,8.11,8.3,132813.84,109660.812
002451.SZ,20260422,9.66,9.79,9.63,9.72,103946.04,100899.271
002452.SZ,20260422,10.95,11.32,10.9,11.3,221827.86,248740.587
002453.SZ,20260422,4.92,5.03,4.87,4.98,158667.0,78568.208
002454.SZ,20260422,10.35,10.59,10.29,10.55,149546.52,156832.707
002455.SZ,20260422,11.18,11.29,11.0,11.15,373029.3,415360.15
002456.SZ,20260422,9.37,9.51,9.35,9.4,582442.63,547890.256
002457.SZ,20260422,11.3,11.36,11.14,11.27,143100.69,160751.853
002458.SZ,20260422,11.0,11.35,10.98,11.12,288047.47,321470.39
002459.SZ,20260422,11.02,11.07,10.91,10.98,329121.21,361258.287
002460.SZ,20260422,81.85,83.41,81.52,82.22,625379.67,5137050.889
002461.SZ,20260422,9.77,9.87,9.75,9.87,83902.0,82428.203
002462.SZ,20260422,14.11,14.17,13.97,14.02,27017.0,37985.445
002463.SZ,20260422,99.92,104.0,99.38,103.27,729963.66,7433052.197
002465.SZ,20260422,16.5,17.07,16.45,16.9,942459.18,1584864.059
002466.SZ,20260422,70.0,71.22,69.02,70.73,853742.91,5999677.304
002467.SZ,20260422,7.2,7.4,7.15,7.38,1621075.17,1183314.311
002468.SZ,20260422,17.03,17.74,16.99,17.5,315747.62,551982.861
002469.SZ,20260422,8.41,8.56,8.35,8.41,111595.0,94038.356
002470.SZ,20260422,2.9,3.06,2.88,3.04,3271817.0,978894.234
002471.SZ,20260422,9.41,9.76,9.35,9.47,2293549.77,2187192.537
002472.SZ,20260422,38.9,39.23,38.66,38.91,98804.03,383987.23
002474.SZ,20260422,7.29,7.35,7.18,7.31,161050.2,116807.697
002475.SZ,20260422,65.39,68.69,64.6,68.03,2366655.85,15963581.222
002476.SZ,20260422,5.83,5.85,5.77,5.84,89880.95,52167.55
002478.SZ,20260422,10.42,11.09,10.31,11.08,453983.48,486616.347
002479.SZ,20260422,5.59,5.71,5.54,5.67,199230.0,112586.731
002480.SZ,20260422,6.31,6.49,6.22,6.25,127990.0,80391.649
002481.SZ,20260422,4.46,4.47,4.39,4.42,112743.15,49790.278
002482.SZ,20260422,1.66,1.72,1.65,1.7,525305.78,88495.587
002483.SZ,20260422,6.9,6.93,6.84,6.87,80047.52,54943.424
002484.SZ,20260422,35.56,36.0,34.8,34.88,382246.51,1342436.486
002485.SZ,20260422,4.95,4.95,4.87,4.88,21814.0,10703.693
002486.SZ,20260422,2.85,2.87,2.83,2.84,148813.0,42316.749
002487.SZ,20260422,86.5,88.26,85.35,87.64,162951.17,1414263.591
002488.SZ,20260422,11.45,11.68,11.39,11.62,145271.88,168004.218
002489.SZ,20260422,3.36,3.37,3.29,3.32,268860.78,89182.443
002490.SZ,20260422,8.99,9.06,8.77,8.88,373275.01,330540.498
002491.SZ,20260422,16.62,17.5,16.56,17.22,2486642.74,4262381.507
002492.SZ,20260422,8.25,8.3,8.06,8.11,103660.0,84601.853
002493.SZ,20260422,12.42,12.5,11.99,12.04,549113.75,668413.54
002494.SZ,20260422,5.64,5.72,5.53,5.57,112130.0,62636.007
002495.SZ,20260422,2.53,2.54,2.5,2.52,171839.0,43224.764
002496.SZ,20260422,2.19,2.26,2.12,2.21,666595.88,144857.286
002497.SZ,20260422,27.66,28.65,27.56,28.37,433039.5,1221912.124
002498.SZ,20260422,8.87,9.12,8.79,8.96,1562097.09,1397334.973
002500.SZ,20260422,5.61,5.69,5.61,5.64,149406.8,84404.272
002501.SZ,20260422,1.82,1.83,1.74,1.75,1144095.91,202544.472
002506.SZ,20260422,4.7,4.76,4.63,4.71,5923299.15,2777379.066
002507.SZ,20260422,12.31,12.33,12.26,12.28,68090.91,83650.226
002508.SZ,20260422,19.46,19.53,19.28,19.48,32371.0,62848.004
002510.SZ,20260422,6.86,6.91,6.84,6.91,167355.0,115126.818
002511.SZ,20260422,8.82,8.97,8.76,8.93,208238.7,185254.151
002512.SZ,20260422,4.31,4.32,4.16,4.17,826441.96,348305.639
002513.SZ,20260422,6.2,6.28,6.12,6.19,81981.03,50563.307
002514.SZ,20260422,4.15,4.21,4.12,4.19,106001.0,44229.859
002515.SZ,20260422,6.4,6.78,6.35,6.56,984341.08,647200.708
002516.SZ,20260422,5.77,5.82,5.74,5.79,101776.0,58900.903
002517.SZ,20260422,17.61,17.64,17.19,17.46,636574.51,1104925.792
002518.SZ,20260422,48.35,48.8,47.73,48.62,89752.34,434339.435
002519.SZ,20260422,8.35,8.92,8.25,8.52,1047353.48,898843.18
002520.SZ,20260422,5.58,5.58,5.49,5.54,165346.41,91427.713
002521.SZ,20260422,8.56,8.7,8.51,8.66,57467.4,49523.353
002522.SZ,20260422,6.1,6.24,6.02,6.23,310091.62,191755.876
002523.SZ,20260422,4.08,4.12,4.05,4.11,152256.96,62213.242
002524.SZ,20260422,4.07,4.08,4.03,4.06,90800.0,36866.636
002526.SZ,20260422,3.42,3.44,3.41,3.43,153739.39,52685.391
002527.SZ,20260422,13.27,13.44,13.18,13.39,73607.9,98017.508
002528.SZ,20260422,5.08,5.36,4.99,5.05,404310.78,209386.238
002529.SZ,20260422,7.17,7.25,7.15,7.19,28106.0,20169.713
002530.SZ,20260422,9.0,9.12,8.9,9.11,131356.84,118493.49
002531.SZ,20260422,12.18,13.08,12.08,13.05,658263.46,836551.061
002532.SZ,20260422,18.26,18.38,17.75,18.0,739161.07,1329887.629
002533.SZ,20260422,14.12,14.36,14.03,14.26,175378.16,248537.199
002534.SZ,20260422,18.3,18.66,18.3,18.59,94937.57,175660.947
002535.SZ,20260422,3.42,3.44,3.36,3.37,114438.1,38848.508
002536.SZ,20260422,37.85,40.3,37.01,39.84,724558.89,2809199.11
002537.SZ,20260422,7.72,7.74,7.67,7.73,230496.73,177638.263
002538.SZ,20260422,7.0,7.23,7.0,7.19,124044.86,88433.716
002539.SZ,20260422,14.18,14.46,14.09,14.31,152045.69,217933.397
002540.SZ,20260422,6.33,6.36,6.22,6.29,178919.13,112322.25
002541.SZ,20260422,20.53,20.53,19.83,20.0,75917.4,152519.185
002542.SZ,20260422,1.89,1.9,1.86,1.86,641253.0,120073.296
002543.SZ,20260422,8.5,8.51,8.43,8.49,32318.0,27373.327
002544.SZ,20260422,27.4,27.77,27.2,27.62,120087.01,330449.418
002545.SZ,20260422,22.51,22.6,21.64,22.5,250603.42,553774.201
002546.SZ,20260422,8.65,8.78,8.6,8.77,197467.09,171938.114
002547.SZ,20260422,3.37,3.48,3.33,3.39,530973.08,180447.894
002548.SZ,20260422,5.04,5.09,5.0,5.04,176115.4,88628.761
002549.SZ,20260422,19.51,19.97,19.2,19.27,690448.67,1341607.623
002550.SZ,20260422,7.7,7.77,7.63,7.66,131654.0,101023.13
002551.SZ,20260422,3.39,3.4,3.36,3.38,81107.1,27436.899
002552.SZ,20260422,21.88,22.4,21.69,22.02,121073.0,265339.522
002553.SZ,20260422,25.22,25.33,25.01,25.25,80414.19,202351.11
002554.SZ,20260422,3.44,3.47,3.38,3.4,259519.3,88546.056
002555.SZ,20260422,21.72,22.0,21.45,21.63,345075.87,744930.338
002556.SZ,20260422,6.18,6.33,6.18,6.27,113322.23,70990.471
002557.SZ,20260422,24.08,24.36,23.58,23.65,220342.87,525279.218
002558.SZ,20260422,31.81,32.12,31.54,32.1,288366.33,916950.336
002559.SZ,20260422,10.66,10.91,10.6,10.88,203959.0,220721.839
002560.SZ,20260422,13.97,14.17,13.62,13.84,1257142.46,1741742.474
002561.SZ,20260422,8.12,8.14,8.01,8.03,32582.0,26185.596
002562.SZ,20260422,5.79,5.88,5.78,5.87,197823.4,115866.874
002563.SZ,20260422,5.39,5.66,5.39,5.42,198353.76,108845.337
002564.SZ,20260422,6.14,6.35,6.07,6.29,267186.43,166648.168
002565.SZ,20260422,22.76,22.99,21.02,21.95,3300430.03,7253308.017
002566.SZ,20260422,7.65,7.7,7.6,7.65,42001.0,32103.976
002567.SZ,20260422,4.23,4.31,4.19,4.21,302341.5,128328.65
002568.SZ,20260422,17.17,17.18,16.93,17.08,52430.34,89273.521
002569.SZ,20260422,13.74,13.85,13.25,13.36,23153.0,31212.809
002570.SZ,20260422,4.94,5.02,4.9,4.95,218799.07,108283.123
002571.SZ,20260422,12.23,12.45,12.01,12.29,73766.0,90348.795
002572.SZ,20260422,13.02,13.02,12.6,12.62,156576.5,198949.318
002573.SZ,20260422,3.54,3.61,3.53,3.61,101871.97,36542.216
002574.SZ,20260422,5.41,5.43,5.34,5.39,60768.2,32723.947
002575.SZ,20260422,6.33,6.33,6.13,6.26,396366.9,245644.645
002576.SZ,20260422,18.67,18.68,18.41,18.56,38494.0,71380.239
002577.SZ,20260422,15.46,15.65,15.33,15.64,16210.0,25174.392
002578.SZ,20260422,3.9,3.92,3.85,3.89,263217.58,102138.587
002579.SZ,20260422,13.03,13.52,13.0,13.45,664481.94,887177.519
002580.SZ,20260422,26.73,28.29,26.73,26.73,1898207.54,5168025.658
002581.SZ,20260422,7.32,7.33,7.25,7.3,26604.0,19373.793
002582.SZ,20260422,12.73,13.09,12.62,12.85,336682.0,433612.985
002583.SZ,20260422,10.61,10.82,10.58,10.8,179055.69,192771.09
002584.SZ,20260422,7.77,7.93,7.74,7.81,174615.0,136040.278
002585.SZ,20260422,7.84,7.96,7.73,7.85,467608.25,365931.037
002586.SZ,20260422,4.79,4.88,4.75,4.83,84620.0,40818.185
002587.SZ,20260422,6.43,6.5,6.37,6.49,113375.5,73072.79
002588.SZ,20260422,11.45,11.68,11.29,11.68,413287.83,480213.884
002589.SZ,20260422,3.31,3.34,3.25,3.33,788539.78,260115.174
002590.SZ,20260422,12.55,12.68,12.48,12.62,63357.16,79757.861
002591.SZ,20260422,6.99,7.08,6.85,6.9,90594.79,62864.091
002592.SZ,20260422,7.96,8.0,7.82,7.99,46497.0,36721.308
002593.SZ,20260422,5.2,5.21,5.15,5.18,112074.0,57949.58
002594.SZ,20260422,101.11,102.38,100.6,101.62,343733.37,3485648.244
002595.SZ,20260422,87.66,92.47,87.4,91.83,57301.51,514972.719
002596.SZ,20260422,3.48,3.49,3.39,3.42,312581.6,106685.043
002597.SZ,20260422,22.98,23.27,22.71,23.14,82230.43,188901.76
002598.SZ,20260422,8.11,8.27,8.09,8.16,76305.01,62325.921
002599.SZ,20260422,6.96,7.02,6.92,6.99,63612.0,44262.277
002600.SZ,20260422,14.25,15.08,14.21,14.95,2107536.79,3139179.12
002601.SZ,20260422,17.92,18.15,17.81,17.86,260120.57,467026.409
002602.SZ,20260422,16.85,16.87,16.7,16.84,504285.88,846579.773
002603.SZ,20260422,16.31,16.5,16.15,16.49,114012.4,185871.467
002605.SZ,20260422,20.79,20.9,20.69,20.83,51238.0,106425.559
002606.SZ,20260422,12.15,12.19,11.96,12.13,243934.32,294170.198
002607.SZ,20260422,2.56,2.57,2.52,2.54,985928.25,250517.736
002608.SZ,20260422,7.75,7.89,7.71,7.73,285570.73,222356.344
002609.SZ,20260422,8.28,8.49,8.24,8.42,61020.0,51009.734
002611.SZ,20260422,17.91,18.07,17.78,18.01,362774.62,651676.432
002612.SZ,20260422,16.93,16.93,16.69,16.78,36504.44,61182.769
002613.SZ,20260422,3.96,3.98,3.91,3.94,293619.0,115590.393
002614.SZ,20260422,6.11,6.12,6.06,6.09,61695.06,37585.234
002615.SZ,20260422,7.87,7.87,7.61,7.79,101806.3,78436.707
002616.SZ,20260422,5.86,5.9,5.79,5.86,110649.59,64841.738
002617.SZ,20260422,7.7,8.01,7.66,7.96,924944.41,731960.499
002620.SZ,20260422,10.02,10.31,9.96,10.31,105687.76,107894.864
002622.SZ,20260422,2.53,2.55,2.49,2.51,166284.0,41852.009
002623.SZ,20260422,22.33,22.62,22.05,22.44,45572.78,102086.167
002624.SZ,20260422,20.11,20.58,19.66,20.21,910225.13,1836653.218
002625.SZ,20260422,39.96,40.39,39.85,40.35,162400.12,652577.823
002626.SZ,20260422,16.55,16.57,16.29,16.35,82385.46,134944.928
002627.SZ,20260422,7.48,7.51,7.1,7.16,359629.87,260584.958
002628.SZ,20260422,5.58,5.71,5.5,5.64,379644.85,212327.471
002629.SZ,20260422,7.16,7.2,6.65,6.73,449972.0,306215.97
002630.SZ,20260422,2.11,2.17,2.08,2.13,307537.2,65606.577
002631.SZ,20260422,7.25,7.69,7.13,7.46,221215.81,163157.124
002632.SZ,20260422,12.1,12.18,12.03,12.1,80555.0,97560.652
002633.SZ,20260422,19.36,19.68,19.18,19.55,39607.5,77120.354
002634.SZ,20260422,5.52,5.55,5.23,5.25,495385.0,264145.234
002635.SZ,20260422,16.57,17.63,16.55,17.41,303177.85,524480.832
002636.SZ,20260422,41.65,46.07,41.0,46.07,439100.59,1922804.089
002637.SZ,20260422,12.38,12.8,12.25,12.59,310807.7,390073.064
002638.SZ,20260422,4.53,4.56,4.4,4.48,372066.0,166880.365
002639.SZ,20260422,19.57,19.68,19.15,19.28,595069.95,1147343.968
002640.SZ,20260422,3.44,3.44,3.38,3.4,308243.17,104675.013
002641.SZ,20260422,4.17,4.17,4.12,4.13,86061.0,35618.774
002642.SZ,20260422,7.78,7.88,7.72,7.87,99563.0,77713.031
002643.SZ,20260422,16.78,17.07,16.75,17.01,128253.15,217508.557
002644.SZ,20260422,8.3,8.33,8.25,8.26,41386.0,34282.877
002645.SZ,20260422,23.35,24.15,22.4,23.13,443598.2,1034951.81
002646.SZ,20260422,7.89,7.9,7.83,7.83,34049.0,26750.872
002647.SZ,20260422,11.96,12.87,11.8,12.53,831867.73,1022259.847
002648.SZ,20260422,26.89,27.05,26.33,26.46,363714.73,966741.143
002649.SZ,20260422,11.94,12.03,11.75,11.99,112518.38,133871.416
002650.SZ,20260422,7.33,7.33,7.13,7.18,66250.0,47724.998
002651.SZ,20260422,9.63,9.65,9.52,9.63,54267.0,52087.116
002652.SZ,20260422,4.89,4.89,4.78,4.82,136155.46,65685.382
002653.SZ,20260422,57.85,58.8,56.67,58.39,53154.76,306409.516
002654.SZ,20260422,15.4,15.55,15.15,15.42,351914.77,540491.263
002655.SZ,20260422,23.5,24.9,23.3,24.46,333096.01,802993.66
002656.SZ,20260422,3.05,3.08,3.03,3.04,52741.2,16097.845
002657.SZ,20260422,21.89,22.29,21.66,22.2,80300.37,176607.148
002658.SZ,20260422,9.0,9.05,8.8,8.87,186899.88,166044.282
002659.SZ,20260422,5.14,5.16,5.06,5.1,105384.0,53727.955
002660.SZ,20260422,8.7,8.77,8.66,8.71,32177.0,28034.544
002661.SZ,20260422,8.85,8.93,8.8,8.83,24975.18,22104.118
002662.SZ,20260422,4.21,4.27,4.2,4.24,227227.0,96284.121
002663.SZ,20260422,2.15,2.22,2.1,2.12,525707.9,112691.194
002664.SZ,20260422,20.83,20.99,20.4,20.82,92386.82,191125.798
002666.SZ,20260422,5.39,5.42,5.34,5.36,86189.0,46305.514
002667.SZ,20260422,28.51,30.98,28.2,30.76,299384.89,891878.78
002668.SZ,20260422,9.83,9.98,9.76,9.88,195672.1,193343.032
002669.SZ,20260422,14.13,14.32,14.05,14.2,132527.0,187649.362
002670.SZ,20260422,12.8,13.08,12.52,12.94,456986.27,584216.737
002671.SZ,20260422,4.8,4.8,4.73,4.76,80950.01,38530.012
002672.SZ,20260422,4.16,4.26,4.14,4.19,61138.5,25637.0
002673.SZ,20260422,7.18,7.24,7.13,7.16,384883.26,276757.052
002674.SZ,20260422,13.88,14.14,13.86,14.06,29255.66,41180.724
002675.SZ,20260422,13.81,14.09,13.68,13.94,178932.1,248234.527
002676.SZ,20260422,6.81,6.84,6.69,6.79,116620.14,78671.883
002677.SZ,20260422,7.53,7.56,7.42,7.48,58264.0,43509.281
002678.SZ,20260422,5.99,6.0,5.75,5.91,150213.34,88028.212
002679.SZ,20260422,10.5,10.54,10.39,10.52,23196.2,24236.734
002681.SZ,20260422,5.15,5.23,5.12,5.23,243962.9,126499.935
002682.SZ,20260422,5.89,5.93,5.81,5.86,147138.0,86024.212
002683.SZ,20260422,42.0,42.0,40.68,41.0,126071.94,516809.282
002685.SZ,20260422,8.3,8.47,8.06,8.18,748025.1,612768.595
002686.SZ,20260422,8.09,8.12,7.89,7.99,397381.55,316248.96
002687.SZ,20260422,4.98,5.03,4.83,4.85,166934.95,81691.372
002688.SZ,20260422,5.78,5.8,5.76,5.78,50453.76,29119.855
002689.SZ,20260422,3.77,3.78,3.72,3.75,99688.3,37292.61
002690.SZ,20260422,18.1,18.16,17.7,17.79,65500.6,116880.093
002691.SZ,20260422,7.07,7.08,6.92,6.95,50391.0,35129.612
002692.SZ,20260422,6.91,7.09,6.83,7.02,805684.0,563181.723
002693.SZ,20260422,8.88,8.99,8.77,8.9,163388.98,144975.736
002694.SZ,20260422,2.8,2.89,2.75,2.84,120324.0,34017.241
002695.SZ,20260422,11.24,11.54,11.12,11.44,62379.0,70729.117
002696.SZ,20260422,6.89,6.93,6.79,6.82,71345.81,48855.669
002697.SZ,20260422,5.22,5.23,5.17,5.19,155432.0,80645.805
002698.SZ,20260422,13.93,14.06,13.91,14.0,48957.56,68498.407
002700.SZ,20260422,6.68,6.68,6.56,6.59,42928.0,28365.065
002701.SZ,20260422,5.39,5.43,5.37,5.39,304068.34,164216.678
002702.SZ,20260422,5.61,5.65,5.55,5.57,116912.7,65128.274
002703.SZ,20260422,20.53,20.64,20.26,20.58,290300.52,593806.106
002705.SZ,20260422,17.4,17.99,17.01,17.93,369955.2,647751.51
002706.SZ,20260422,10.73,10.85,10.56,10.74,531367.94,568525.563
002707.SZ,20260422,6.39,6.44,6.36,6.43,117308.6,75094.37
002708.SZ,20260422,13.52,13.7,13.45,13.57,194166.1,263673.668
002709.SZ,20260422,52.79,54.0,51.58,52.1,1273689.77,6698098.52
002712.SZ,20260422,5.2,5.22,5.11,5.16,100133.5,51583.072
002713.SZ,20260422,14.64,14.83,14.38,14.39,169531.15,247126.455
002714.SZ,20260422,45.46,46.45,44.44,44.72,549529.22,2486938.574
002715.SZ,20260422,15.6,15.7,15.43,15.52,24038.0,37303.039
002716.SZ,20260422,12.2,12.72,11.93,12.67,1970400.63,2445129.972
002717.SZ,20260422,1.55,1.56,1.51,1.53,833880.05,127489.183
002718.SZ,20260422,72.07,73.47,71.2,71.41,13590.0,97655.86
002719.SZ,20260422,8.27,8.31,8.15,8.22,38614.0,31748.604
002721.SZ,20260422,2.9,2.91,2.86,2.88,261444.03,75131.15
002722.SZ,20260422,15.25,15.68,15.09,15.25,78877.46,120526.701
002723.SZ,20260422,10.36,10.38,10.1,10.23,128634.8,131626.787
002724.SZ,20260422,7.04,7.07,6.99,7.06,50828.07,35734.723
002725.SZ,20260422,16.75,17.23,16.68,16.86,110893.62,187921.934
002726.SZ,20260422,3.33,3.66,3.31,3.42,869466.37,303865.097
002727.SZ,20260422,12.46,12.59,12.46,12.56,30911.0,38766.66
002728.SZ,20260422,10.51,10.53,10.42,10.51,91036.46,95335.543
002729.SZ,20260422,19.0,19.18,18.77,19.0,92391.49,175527.825
002730.SZ,20260422,26.48,28.77,26.46,27.8,302241.0,837827.062
002731.SZ,20260422,5.92,5.98,5.92,5.92,264403.0,156546.275
002732.SZ,20260422,16.17,16.17,16.05,16.05,9121.0,14673.038
002733.SZ,20260422,30.42,30.55,29.37,29.53,223879.6,665727.552
002734.SZ,20260422,17.3,17.42,17.21,17.37,142742.94,246805.073
002735.SZ,20260422,15.5,15.64,15.41,15.47,81249.4,125771.797
002736.SZ,20260422,11.26,11.42,11.25,11.31,396990.69,449669.906
002737.SZ,20260422,12.27,12.27,12.1,12.16,22344.0,27182.36
002738.SZ,20260422,82.77,84.35,82.45,83.61,158145.18,1322470.627
002739.SZ,20260422,10.26,10.27,10.08,10.1,409441.6,414735.786
002741.SZ,20260422,19.97,20.38,19.88,20.19,194157.94,390893.971
002742.SZ,20260422,4.72,4.84,4.62,4.78,58725.5,27734.98
002743.SZ,20260422,5.27,5.28,5.16,5.18,81170.29,42298.618
002745.SZ,20260422,8.54,9.08,8.53,8.99,743062.68,656766.527
002746.SZ,20260422,6.17,6.29,6.15,6.19,115706.53,71970.085
002747.SZ,20260422,21.04,21.24,20.99,21.18,88920.07,188103.999
002748.SZ,20260422,12.36,12.42,12.21,12.23,28568.0,35009.816
002749.SZ,20260422,12.33,12.42,12.21,12.38,24420.35,30045.919
002752.SZ,20260422,7.36,7.59,7.05,7.21,1315730.14,955169.059
002753.SZ,20260422,7.31,7.4,7.26,7.3,44866.5,32924.694
002755.SZ,20260422,15.81,16.66,15.76,16.34,236635.1,385765.534
002756.SZ,20260422,73.01,74.8,72.38,73.15,166302.5,1222596.991
002757.SZ,20260422,22.04,22.44,21.78,22.4,158513.0,351264.342
002758.SZ,20260422,9.81,9.93,9.78,9.85,57568.0,56881.445
002759.SZ,20260422,34.51,34.91,32.31,33.41,652952.04,2195304.023
002760.SZ,20260422,21.8,24.0,21.61,23.06,100738.0,230004.75
002761.SZ,20260422,8.16,8.24,8.07,8.1,71305.4,57726.016
002762.SZ,20260422,8.05,8.14,7.88,7.98,38706.0,31014.546
002763.SZ,20260422,8.53,8.58,8.2,8.28,206679.2,171216.854
002765.SZ,20260422,10.28,10.43,10.23,10.41,85810.0,89021.038
002766.SZ,20260422,4.75,4.76,4.68,4.72,131328.6,61849.674
002767.SZ,20260422,21.85,21.92,21.53,21.6,21681.5,46978.897
002768.SZ,20260422,51.22,52.47,50.93,52.26,36082.85,186575.028
002769.SZ,20260422,10.55,10.99,10.41,10.45,117422.0,124043.966
002771.SZ,20260422,17.12,17.4,16.88,17.33,289436.07,497157.319
002772.SZ,20260422,18.62,18.62,17.3,18.06,254069.28,455077.823
002773.SZ,20260422,26.53,26.76,26.25,26.74,91508.74,242893.22
002774.SZ,20260422,11.56,12.34,11.55,11.8,245204.5,290832.074
002775.SZ,20260422,3.71,3.72,3.62,3.68,90107.62,33096.971
002777.SZ,20260422,16.4,16.6,16.31,16.54,54047.0,89124.332
002778.SZ,20260422,20.4,20.52,20.12,20.25,23211.0,47010.314
002779.SZ,20260422,95.42,95.7,94.37,95.38,19125.24,181817.342
002780.SZ,20260422,15.2,15.28,14.94,15.13,36619.5,55383.142
002782.SZ,20260422,21.44,21.87,21.1,21.86,116310.88,250599.59
002783.SZ,20260422,9.7,9.82,9.61,9.67,92154.72,89284.253
002785.SZ,20260422,42.0,42.42,41.48,42.19,64579.0,270540.274
002786.SZ,20260422,7.11,7.22,7.11,7.18,45799.0,32752.65
002787.SZ,20260422,17.74,18.59,17.6,17.67,292620.4,525039.168
002788.SZ,20260422,14.53,14.68,14.12,14.26,404697.32,577304.39
002789.SZ,20260422,13.6,14.22,13.43,13.97,28786.8,39645.402
002790.SZ,20260422,7.67,7.74,7.62,7.71,31831.6,24403.093
002791.SZ,20260422,18.96,18.98,18.59,18.63,59374.31,111029.482
002792.SZ,20260422,50.19,52.85,49.01,52.13,540059.75,2785907.874
002793.SZ,20260422,4.98,5.13,4.94,5.12,206803.9,104402.301
002795.SZ,20260422,8.25,8.42,8.09,8.34,150049.48,123904.1
002796.SZ,20260422,56.2,61.39,56.11,61.39,248998.48,1494740.93
002797.SZ,20260422,7.73,8.04,7.66,7.96,2191135.91,1732418.449
002798.SZ,20260422,7.07,7.09,6.83,6.97,247178.68,171819.08
002799.SZ,20260422,8.11,8.12,7.98,8.02,40317.84,32371.4
002800.SZ,20260422,17.91,18.2,17.59,17.79,64129.96,114592.873
002801.SZ,20260422,32.5,32.8,32.21,32.72,10631.45,34604.905
002802.SZ,20260422,14.4,14.86,14.29,14.84,148658.43,216322.217
002803.SZ,20260422,18.23,19.19,17.83,18.79,234357.51,437242.053
002805.SZ,20260422,18.03,18.6,17.92,18.04,163130.26,296369.07
002806.SZ,20260422,14.52,14.88,14.32,14.53,79493.0,115364.813
002807.SZ,20260422,4.7,4.8,4.69,4.74,359101.3,170580.865
002808.SZ,20260422,3.84,3.84,3.84,3.84,23453.0,9005.952
002809.SZ,20260422,10.38,10.44,10.27,10.34,58294.97,60404.201
002810.SZ,20260422,26.47,26.9,26.3,26.54,117497.84,311836.189
002811.SZ,20260422,13.75,13.77,13.39,13.47,49557.24,66817.345
002812.SZ,20260422,75.08,77.78,73.91,74.74,400198.19,3016028.92
002813.SZ,20260422,27.18,27.18,26.02,26.63,31868.49,84487.701
002815.SZ,20260422,15.62,15.95,15.6,15.88,331566.56,525496.58
002816.SZ,20260422,25.8,26.08,24.9,25.34,53869.0,137068.821
002817.SZ,20260422,7.74,7.76,7.63,7.72,55596.7,42858.914
002818.SZ,20260422,10.69,10.8,10.64,10.74,23921.0,25620.588
002819.SZ,20260422,26.57,26.8,26.2,26.75,18188.0,48193.133
002820.SZ,20260422,10.4,10.43,10.24,10.29,31563.0,32526.212
002821.SZ,20260422,111.2,113.44,110.0,113.04,54023.62,606196.257
002822.SZ,20260422,3.3,3.44,3.26,3.36,180419.38,60134.359
002823.SZ,20260422,15.88,15.96,15.81,15.9,36016.1,57247.683
002824.SZ,20260422,27.95,28.99,27.56,28.8,253250.74,718850.442
002825.SZ,20260422,10.21,10.33,9.84,10.1,192516.74,192159.257
002826.SZ,20260422,21.02,21.08,20.58,20.65,35531.0,73564.587
002827.SZ,20260422,32.25,32.48,32.11,32.39,16782.5,54228.561
002828.SZ,20260422,11.79,11.83,11.58,11.62,119697.42,139330.51
002829.SZ,20260422,23.61,23.71,23.3,23.59,49881.02,117413.902
002830.SZ,20260422,22.01,22.65,21.55,22.46,48440.0,107051.241
002831.SZ,20260422,38.19,38.55,37.68,38.15,90187.26,343116.065
002832.SZ,20260422,18.54,18.83,18.24,18.29,113508.65,209987.85
002833.SZ,20260422,18.4,18.4,17.82,18.11,52444.8,94417.786
002835.SZ,20260422,15.59,15.63,15.41,15.6,17347.24,26960.371
002836.SZ,20260422,13.05,13.06,12.79,12.88,30267.0,38970.337
002837.SZ,20260422,98.07,108.97,98.07,104.2,1594477.42,16119273.349
002838.SZ,20260422,27.35,27.79,27.2,27.7,44272.25,121800.106
002839.SZ,20260422,4.62,4.71,4.6,4.7,346359.5,161887.892
002840.SZ,20260422,13.32,13.6,12.99,13.13,395864.9,524302.763
002841.SZ,20260422,36.41,36.73,36.04,36.61,38934.43,141851.558
002842.SZ,20260422,32.92,36.3,32.59,34.82,580601.32,2004682.216
002843.SZ,20260422,26.69,27.06,25.5,26.63,350566.95,925403.002
002845.SZ,20260422,14.5,14.99,14.5,14.94,101270.6,150172.161
002846.SZ,20260422,16.46,17.8,16.1,16.67,560228.97,941655.619
002847.SZ,20260422,54.57,54.58,53.63,54.12,30279.07,163506.996
002848.SZ,20260422,15.02,15.25,14.88,14.98,45136.0,67732.481
002849.SZ,20260422,17.8,18.03,17.53,17.75,56086.2,99507.74
002850.SZ,20260422,205.03,215.99,205.03,209.57,59003.5,1242836.545
002851.SZ,20260422,106.2,109.41,105.0,108.37,251763.3,2700966.777
002852.SZ,20260422,9.68,9.87,9.61,9.67,47567.45,46102.677
002853.SZ,20260422,28.99,30.49,28.56,28.88,89947.22,262809.744
002855.SZ,20260422,11.57,11.71,11.42,11.68,30675.0,35549.696
002856.SZ,20260422,12.35,12.39,11.83,11.9,90703.5,109285.801
002857.SZ,20260422,20.88,20.93,20.47,20.91,22026.8,45624.824
002858.SZ,20260422,15.97,16.25,15.85,16.16,39188.0,62972.373
002859.SZ,20260422,46.8,47.71,46.15,47.26,87357.46,410347.147
002860.SZ,20260422,13.58,13.59,13.26,13.37,190578.54,255108.354
002861.SZ,20260422,15.63,15.85,15.6,15.78,28521.7,44801.411
002862.SZ,20260422,17.1,17.92,17.0,17.82,55736.6,98088.732
002863.SZ,20260422,5.54,5.58,5.49,5.56,100914.31,55877.042
002864.SZ,20260422,30.83,30.9,30.19,30.5,35868.74,109089.545
002865.SZ,20260422,81.2,81.25,78.06,79.1,196793.44,1554323.073
002866.SZ,20260422,28.88,29.21,26.63,27.3,675395.09,1898648.672
002867.SZ,20260422,12.46,12.75,12.41,12.66,66645.25,83979.817
002868.SZ,20260422,39.99,39.99,39.61,39.64,5413.0,21483.555
002869.SZ,20260422,21.4,21.4,21.15,21.21,25275.0,53726.087
002870.SZ,20260422,37.49,37.95,37.16,37.75,18813.0,71010.865
002871.SZ,20260422,18.32,18.69,18.08,18.55,28530.69,52585.86
002872.SZ,20260422,5.02,5.04,5.0,5.04,18242.01,9163.348
002873.SZ,20260422,9.56,9.59,9.45,9.52,60203.66,57198.981
002875.SZ,20260422,23.85,24.31,22.75,23.11,166549.45,393634.605
002876.SZ,20260422,29.65,30.18,29.4,29.9,72772.0,216477.905
002877.SZ,20260422,8.92,8.98,8.87,8.94,49214.0,43969.792
002878.SZ,20260422,18.79,18.79,18.38,18.53,100164.0,185483.65
002879.SZ,20260422,21.39,21.9,21.13,21.67,96969.2,208508.5
002880.SZ,20260422,26.52,26.63,26.14,26.35,17257.0,45464.628
002881.SZ,20260422,39.39,39.89,39.16,39.74,31046.52,122913.668
002882.SZ,20260422,28.61,29.25,28.16,28.56,90698.41,259315.015
002883.SZ,20260422,9.57,9.76,9.51,9.51,32369.0,31001.897
002884.SZ,20260422,18.98,19.0,18.68,18.87,31983.0,60133.708
002885.SZ,20260422,29.46,30.66,28.99,30.43,291179.11,871825.292
002886.SZ,20260422,22.9,23.04,22.68,23.04,81420.45,186549.583
002887.SZ,20260422,12.38,13.26,12.18,12.89,118350.4,151742.359
002888.SZ,20260422,19.05,19.11,18.88,19.09,15417.0,29346.194
002889.SZ,20260422,13.59,13.61,13.43,13.52,13006.24,17564.89
002890.SZ,20260422,15.87,15.87,15.2,15.35,27419.3,42255.939
002891.SZ,20260422,42.8,42.97,42.1,42.33,100700.35,426575.457
002892.SZ,20260422,11.06,11.15,11.0,11.12,43729.48,48526.864
002893.SZ,20260422,10.35,10.55,10.34,10.52,111320.6,116776.676
002895.SZ,20260422,36.8,36.94,35.92,36.18,131168.41,474799.891
002896.SZ,20260422,72.5,72.89,71.97,72.27,38286.4,276824.835
002897.SZ,20260422,66.0,68.94,65.51,68.57,143950.19,976604.42
002898.SZ,20260422,11.29,11.29,11.29,11.29,3724.0,4204.396
002899.SZ,20260422,33.49,34.3,33.12,33.42,45650.0,153498.224
002900.SZ,20260422,11.02,11.1,10.87,10.92,36231.0,39546.649
002901.SZ,20260422,44.02,44.99,43.8,44.56,14042.0,62421.473
002902.SZ,20260422,28.86,30.08,28.3,29.5,372174.25,1093400.245
002903.SZ,20260422,33.65,35.5,32.0,32.55,128806.41,422974.752
002905.SZ,20260422,9.84,10.01,9.81,9.93,74721.0,73922.459
002906.SZ,20260422,32.3,32.55,31.98,32.37,64928.0,209746.216
002907.SZ,20260422,13.81,14.1,13.76,14.08,29576.01,41303.167
002908.SZ,20260422,8.96,9.02,8.9,8.99,40612.54,36385.633
002909.SZ,20260422,6.5,6.5,6.31,6.44,83738.0,53592.995
002910.SZ,20260422,10.71,10.9,10.6,10.61,26403.0,28134.793
002911.SZ,20260422,13.7,13.86,13.67,13.84,51762.47,71291.584
002912.SZ,20260422,26.48,27.5,26.31,27.5,46448.83,125798.59
002913.SZ,20260422,50.77,51.75,50.6,51.14,56669.35,289403.239
002915.SZ,20260422,21.35,21.64,21.14,21.3,49362.8,105066.16
002916.SZ,20260422,296.82,302.8,293.0,301.3,104823.58,3122418.838
002917.SZ,20260422,13.19,13.38,13.16,13.29,35247.4,46838.359
002918.SZ,20260422,11.58,11.65,11.38,11.5,54641.4,62681.85
002919.SZ,20260422,20.1,20.4,19.92,20.37,32004.0,64529.516
002920.SZ,20260422,105.2,108.19,103.79,106.65,96995.57,1026553.962
002921.SZ,20260422,24.26,25.7,24.11,25.03,70999.37,177356.141
002922.SZ,20260422,39.0,42.17,38.5,41.7,293055.6,1190447.677
002923.SZ,20260422,12.27,12.52,12.21,12.34,87630.2,108118.593
002925.SZ,20260422,19.96,20.32,19.81,20.22,82819.27,166661.911
002926.SZ,20260422,8.52,8.56,8.39,8.42,245096.63,208042.657
002927.SZ,20260422,17.79,18.12,17.61,18.0,45453.46,81065.895
002928.SZ,20260422,8.52,8.69,8.45,8.65,180730.9,155335.629
002929.SZ,20260422,55.48,57.0,54.45,56.65,208740.82,1165940.478
002930.SZ,20260422,13.5,13.5,12.9,13.0,94604.8,123921.973
002932.SZ,20260422,17.67,17.88,17.13,17.6,131887.43,230605.176
002933.SZ,20260422,32.1,32.26,31.88,32.26,17547.0,56165.668
002935.SZ,20260422,20.33,21.89,20.25,21.67,296263.87,625573.466
002936.SZ,20260422,1.82,1.82,1.81,1.81,311105.28,56432.578
002937.SZ,20260422,31.9,32.8,31.03,32.08,65377.02,207927.651
002938.SZ,20260422,69.28,76.18,69.25,76.18,485982.5,3584853.984
002939.SZ,20260422,9.01,9.13,8.96,9.07,163420.6,147967.394
002940.SZ,20260422,39.0,40.44,38.07,39.78,275884.73,1081851.815
002941.SZ,20260422,16.05,16.06,15.87,15.98,93606.68,149537.048
002942.SZ,20260422,19.71,19.88,19.44,19.63,29652.2,58206.651
002943.SZ,20260422,57.51,58.52,56.55,56.67,151940.52,865523.679
002945.SZ,20260422,15.51,15.87,15.42,15.78,134452.86,211174.175
002946.SZ,20260422,18.09,18.1,17.94,18.06,20435.88,36864.015
002947.SZ,20260422,71.7,73.6,70.35,72.97,141381.93,1017331.95
002948.SZ,20260422,5.6,5.67,5.53,5.57,487376.85,272329.936
002949.SZ,20260422,14.58,14.59,14.1,14.24,44041.38,62712.293
002950.SZ,20260422,14.56,14.74,14.0,14.12,308497.12,437162.557
002951.SZ,20260422,16.14,16.64,16.01,16.53,82212.0,134516.456
002952.SZ,20260422,27.59,28.17,27.03,27.38,193553.5,530972.574
002953.SZ,20260422,12.22,12.41,12.19,12.3,53712.21,66046.698
002955.SZ,20260422,25.23,26.95,25.21,26.55,58869.04,154730.868
002956.SZ,20260422,27.67,28.36,27.5,27.9,15028.34,41948.938
002957.SZ,20260422,49.64,50.5,48.6,49.86,345572.82,1715555.655
002958.SZ,20260422,3.0,3.02,2.99,3.0,297167.5,89299.6
002959.SZ,20260422,42.55,42.87,42.54,42.66,10639.83,45388.431
002960.SZ,20260422,11.95,12.63,11.84,12.39,287925.23,354222.178
002961.SZ,20260422,24.53,25.13,24.53,25.04,87036.26,217215.935
002962.SZ,20260422,17.6,18.45,17.6,17.88,340487.77,610846.916
002963.SZ,20260422,15.33,15.46,15.0,15.11,35140.0,53260.715
002965.SZ,20260422,31.02,31.35,30.76,31.23,39721.59,123566.443
002966.SZ,20260422,8.75,8.87,8.71,8.75,195866.31,171893.844
002967.SZ,20260422,22.38,22.73,22.15,22.25,142637.12,318423.364
002968.SZ,20260422,11.71,11.75,11.39,11.46,31567.26,36277.218
002969.SZ,20260422,21.41,22.83,21.15,22.53,677537.36,1490096.095
002970.SZ,20260422,64.61,65.99,63.02,65.2,84664.33,546207.782
002971.SZ,20260422,30.99,31.44,30.25,30.8,49507.7,152697.863
002972.SZ,20260422,13.45,13.5,13.06,13.32,89008.65,118134.772
002973.SZ,20260422,13.47,13.68,13.18,13.21,30739.0,40928.621
002975.SZ,20260422,98.85,106.19,98.85,105.54,124029.3,1278165.191
002976.SZ,20260422,28.85,29.09,28.61,28.76,17438.8,50174.526
002977.SZ,20260422,30.22,30.95,30.05,30.51,31907.24,97451.388
002978.SZ,20260422,34.09,34.68,33.87,34.41,36235.59,124684.676
002979.SZ,20260422,40.2,41.48,40.18,41.21,48015.96,197435.022
002980.SZ,20260422,81.44,83.6,78.69,81.22,193161.41,1552819.242
002981.SZ,20260422,24.43,24.53,24.22,24.51,10633.6,25966.428
002982.SZ,20260422,15.55,16.09,14.65,14.67,267599.18,407325.359
002983.SZ,20260422,24.01,24.87,23.53,24.73,58726.84,142189.516
002984.SZ,20260422,17.76,17.79,17.66,17.74,53233.23,94306.444
002985.SZ,20260422,38.3,38.8,37.5,38.57,125159.56,478410.297
002986.SZ,20260422,14.67,15.06,14.05,14.13,126665.35,182561.175
002987.SZ,20260422,16.26,16.65,16.18,16.64,78921.53,130167.163
002988.SZ,20260422,34.19,34.58,33.18,33.24,48561.18,163221.023
002989.SZ,20260422,25.5,26.52,25.42,26.2,32241.7,83955.23
002990.SZ,20260422,44.41,49.46,44.1,48.53,274720.31,1275100.04
002991.SZ,20260422,52.7,52.77,49.71,50.88,31589.28,160285.699
002992.SZ,20260422,56.98,56.98,54.0,55.87,53858.0,300159.989
002993.SZ,20260422,46.71,48.22,45.0,47.77,216038.73,1001749.388
002995.SZ,20260422,23.6,23.6,22.66,23.02,99295.48,227443.051
002996.SZ,20260422,7.37,7.44,7.34,7.38,61029.4,45049.303
002997.SZ,20260422,31.44,31.55,31.1,31.38,22387.58,70178.185
002998.SZ,20260422,9.24,9.49,9.2,9.38,97253.06,91003.497
002999.SZ,20260422,6.99,7.05,6.93,6.96,60871.4,42473.132
003000.SZ,20260422,10.61,10.62,10.48,10.61,28285.0,29806.258
003001.SZ,20260422,17.0,17.03,16.47,16.55,38741.76,64339.309
003002.SZ,20260422,29.42,29.88,29.29,29.49,34076.0,100779.889
003003.SZ,20260422,13.19,13.24,13.0,13.03,26875.01,35137.765
003004.SZ,20260422,32.44,32.44,31.25,31.82,7730.0,24447.471
003005.SZ,20260422,18.51,18.51,18.18,18.38,34921.51,63970.459
003006.SZ,20260422,19.11,19.35,18.87,18.93,110433.45,210137.181
003007.SZ,20260422,43.86,45.94,43.51,45.13,48963.49,218466.285
003008.SZ,20260422,21.59,22.08,21.53,21.88,37862.09,82725.404
003009.SZ,20260422,60.61,60.61,59.6,60.38,41899.86,251624.917
003010.SZ,20260422,31.0,31.24,30.4,30.84,58212.12,179355.995
003011.SZ,20260422,24.01,24.1,23.71,23.82,18342.0,43771.624
003012.SZ,20260422,6.18,6.19,6.13,6.17,46905.62,28915.378
003013.SZ,20260422,13.35,13.55,13.23,13.39,20459.0,27314.875
003015.SZ,20260422,16.35,16.42,16.28,16.37,55718.0,91098.544
003016.SZ,20260422,8.23,8.23,8.08,8.13,32320.88,26245.505
003017.SZ,20260422,31.47,31.69,31.33,31.58,10905.8,34393.762
003018.SZ,20260422,49.6,52.2,49.0,52.2,200072.51,1035964.37
003019.SZ,20260422,35.0,36.66,34.91,36.28,100025.56,358936.11
003020.SZ,20260422,23.59,24.16,23.37,24.03,17054.55,40647.768
003021.SZ,20260422,99.59,100.85,99.23,100.68,28577.17,286715.447
003022.SZ,20260422,22.5,22.87,22.42,22.52,121105.43,273218.971
003023.SZ,20260422,30.92,32.7,30.57,32.2,115688.4,367767.548
003025.SZ,20260422,13.75,13.94,13.73,13.94,33586.44,46541.648
003026.SZ,20260422,37.17,38.54,36.91,38.13,78537.22,297663.77
003027.SZ,20260422,27.67,27.67,24.93,25.14,323157.63,855103.936
003028.SZ,20260422,28.48,29.0,28.1,28.64,16030.84,45830.269
003029.SZ,20260422,20.87,21.18,20.68,21.18,24857.0,52110.669
003030.SZ,20260422,20.84,20.92,20.4,20.44,15900.0,32807.04
003031.SZ,20260422,123.12,127.23,121.5,125.4,134848.43,1680201.781
003032.SZ,20260422,6.37,6.41,6.36,6.4,36004.0,22987.089
003033.SZ,20260422,58.9,58.9,57.3,57.6,14727.03,85145.641
003035.SZ,20260422,8.06,8.46,7.92,8.45,1630572.99,1356658.648
003036.SZ,20260422,27.24,29.5,27.06,28.88,170945.51,489060.48
003037.SZ,20260422,7.17,7.18,7.09,7.1,34190.0,24320.191
003038.SZ,20260422,15.0,15.07,14.8,14.81,76530.44,113889.339
003039.SZ,20260422,15.5,15.68,15.39,15.47,66372.17,102776.001
003040.SZ,20260422,15.8,15.89,15.54,15.86,71177.3,111588.193
003042.SZ,20260422,16.93,16.98,16.62,16.68,36774.3,61633.759
003043.SZ,20260422,56.46,57.44,55.73,57.0,25767.0,145893.873
003816.SZ,20260422,4.54,4.65,4.53,4.62,1209718.19,556763.405
300001.SZ,20260422,29.53,30.85,29.46,30.58,345184.71,1047130.75
300002.SZ,20260422,9.54,9.64,9.51,9.62,293628.7,281372.861
300003.SZ,20260422,16.35,16.47,16.23,16.43,202497.1,331656.718
300004.SZ,20260422,14.02,14.28,13.65,14.2,163500.04,228436.978
300005.SZ,20260422,14.37,14.75,14.32,14.55,305906.37,446181.075
300006.SZ,20260422,6.42,6.47,6.28,6.4,403144.05,256936.608
300007.SZ,20260422,44.0,44.5,43.82,44.48,85691.06,379379.992
300008.SZ,20260422,7.89,7.98,7.81,7.94,673859.75,532374.404
300009.SZ,20260422,9.7,9.81,9.65,9.8,129544.63,126265.895
300010.SZ,20260422,5.98,5.98,5.87,5.94,336164.15,198774.767
300011.SZ,20260422,7.37,7.38,7.32,7.33,57243.43,42028.975
300012.SZ,20260422,17.26,17.27,16.91,16.95,317043.52,539550.326
300013.SZ,20260422,3.75,3.79,3.72,3.75,80351.76,30174.083
300014.SZ,20260422,71.89,74.5,71.15,71.78,803365.37,5817667.06
300015.SZ,20260422,9.66,9.91,9.63,9.86,899277.05,882192.368
300016.SZ,20260422,9.85,9.99,9.53,9.8,224729.35,218686.804
300017.SZ,20260422,18.3,19.24,17.88,19.13,3497700.23,6557710.892
300018.SZ,20260422,13.2,14.84,13.2,14.5,463263.1,661071.011
300019.SZ,20260422,18.79,19.0,18.73,18.85,74966.66,141412.98
300020.SZ,20260422,3.7,3.75,3.67,3.69,105595.8,39067.238
300021.SZ,20260422,4.38,4.38,4.34,4.37,104493.44,45548.499
300022.SZ,20260422,9.79,10.36,9.78,10.15,218502.0,220023.901
300024.SZ,20260422,14.9,15.0,14.83,14.97,151108.25,225506.133
300025.SZ,20260422,5.1,5.29,5.02,5.26,157748.35,81903.084
300026.SZ,20260422,3.41,3.43,3.39,3.41,331962.66,112946.252
300027.SZ,20260422,1.89,1.9,1.82,1.85,1777554.72,327968.124
300029.SZ,20260422,4.1,4.22,3.9,3.9,59613.0,24140.551
300030.SZ,20260422,8.04,9.0,8.04,8.38,346875.47,295887.82
300031.SZ,20260422,21.41,21.69,21.39,21.6,44404.31,95786.733
300032.SZ,20260422,5.91,5.92,5.78,5.84,323054.0,188332.532
300033.SZ,20260422,243.8,248.99,241.78,246.74,124832.66,3068940.01
300034.SZ,20260422,19.46,19.65,19.3,19.57,136609.82,266511.983
300035.SZ,20260422,23.47,24.5,23.47,24.19,921158.93,2210671.727
300036.SZ,20260422,16.18,16.35,15.93,16.33,87762.33,142393.309
300037.SZ,20260422,62.8,64.45,62.13,62.71,217490.65,1371429.551
300039.SZ,20260422,5.92,5.92,5.83,5.86,112933.58,66232.734
300040.SZ,20260422,7.02,7.11,6.95,7.02,459483.0,322638.167
300041.SZ,20260422,11.16,11.39,11.13,11.29,144152.67,162737.818
300042.SZ,20260422,49.28,49.59,48.26,48.91,159369.94,777944.413
300043.SZ,20260422,5.8,5.83,5.65,5.77,439863.95,251495.317
300044.SZ,20260422,6.23,7.15,6.22,6.98,635276.99,432490.709
300045.SZ,20260422,23.39,23.5,23.07,23.49,231475.59,539783.282
300046.SZ,20260422,31.82,32.7,31.81,32.7,68514.0,222899.369
300047.SZ,20260422,12.08,12.39,12.0,12.38,161426.57,197441.88
300048.SZ,20260422,7.13,7.16,6.97,7.06,330779.85,233268.706
300049.SZ,20260422,56.95,59.6,56.82,59.42,69674.99,408281.182
300050.SZ,20260422,7.19,7.65,7.16,7.4,700726.02,521798.178
300051.SZ,20260422,17.79,18.78,17.47,18.34,458647.62,832454.688
300052.SZ,20260422,13.21,13.7,12.68,13.52,344612.63,453760.523
300053.SZ,20260422,18.68,19.0,18.56,18.92,290474.27,546777.452
300054.SZ,20260422,52.2,54.6,52.01,54.57,379222.95,2035550.408
300055.SZ,20260422,11.47,11.71,11.35,11.57,215657.38,249312.123
300056.SZ,20260422,9.61,9.78,9.42,9.53,184033.24,174877.188
300057.SZ,20260422,7.55,7.87,7.32,7.4,1429049.35,1081649.943
300058.SZ,20260422,18.7,19.56,18.46,19.24,5798509.06,11012353.827
300059.SZ,20260422,19.86,20.36,19.82,20.18,2839823.82,5719187.227
300061.SZ,20260422,8.09,8.18,8.03,8.17,76798.2,62390.812
300062.SZ,20260422,7.85,7.85,7.65,7.75,172885.65,133456.85
300063.SZ,20260422,12.2,12.29,11.95,12.13,549214.46,662912.276
300065.SZ,20260422,26.5,26.96,25.46,26.11,1356160.9,3542737.013
300066.SZ,20260422,6.52,6.55,6.43,6.52,162199.0,105309.89
300067.SZ,20260422,6.06,6.06,6.06,6.06,179846.45,108986.949
300068.SZ,20260422,12.41,12.78,12.39,12.45,317022.68,397922.444
300069.SZ,20260422,22.09,23.5,21.61,23.33,123849.0,281263.493
300070.SZ,20260422,4.07,4.09,4.05,4.07,226494.0,92164.889
300071.SZ,20260422,4.9,4.9,4.79,4.86,330739.74,159965.388
300072.SZ,20260422,4.63,4.65,4.6,4.63,314444.08,145183.015
300073.SZ,20260422,59.5,60.58,58.58,59.0,250031.15,1485820.994
300074.SZ,20260422,4.02,4.02,3.95,4.0,118074.0,47083.698
300075.SZ,20260422,12.64,12.89,12.61,12.85,80406.45,102817.917
300076.SZ,20260422,4.86,4.99,4.77,4.79,324292.75,157230.397
300077.SZ,20260422,21.8,22.88,21.6,22.55,593327.6,1327544.83
300078.SZ,20260422,3.86,3.87,3.82,3.86,180354.35,69377.921
300079.SZ,20260422,5.48,5.62,5.41,5.59,389233.78,215571.281
300080.SZ,20260422,4.67,4.7,4.61,4.66,263055.46,122376.196
300081.SZ,20260422,3.82,4.2,3.78,4.11,634633.16,258174.621
300082.SZ,20260422,11.23,12.53,11.03,12.12,620670.39,730361.794
300083.SZ,20260422,8.33,8.46,8.31,8.39,470814.1,395302.638
300084.SZ,20260422,11.19,11.35,11.13,11.26,103414.0,116386.84
300085.SZ,20260422,37.18,38.08,37.05,37.65,211203.06,793364.079
300086.SZ,20260422,7.23,7.25,7.13,7.22,165152.0,118505.919
300087.SZ,20260422,7.99,8.0,7.87,7.9,119848.38,94857.506
300088.SZ,20260422,7.13,7.55,7.08,7.41,3106274.07,2270950.626
300091.SZ,20260422,3.23,3.47,3.21,3.4,502937.75,168918.392
300092.SZ,20260422,16.54,16.75,16.52,16.55,40258.06,66774.697
300093.SZ,20260422,23.18,23.8,22.41,23.47,80907.74,187446.941
300094.SZ,20260422,3.13,3.13,3.07,3.08,383271.04,118349.319
300095.SZ,20260422,9.58,9.69,9.52,9.63,54928.0,52701.665
300096.SZ,20260422,9.97,10.15,9.89,10.0,61430.0,61586.361
300097.SZ,20260422,10.12,10.45,9.93,10.3,211360.22,216105.041
300098.SZ,20260422,5.23,5.33,5.2,5.32,296142.37,156294.15
300099.SZ,20260422,9.93,10.0,9.76,9.85,349908.48,344982.48
300100.SZ,20260422,30.96,31.09,30.69,30.89,71918.14,221980.452
300101.SZ,20260422,23.03,23.78,22.72,23.47,335338.09,781112.058
300102.SZ,20260422,34.85,36.9,34.68,36.79,849947.79,3059511.957
300103.SZ,20260422,7.7,7.79,7.65,7.69,76601.51,58924.947
300105.SZ,20260422,6.57,6.57,6.47,6.52,66066.0,43040.232
300106.SZ,20260422,9.67,9.69,9.47,9.5,48047.36,45867.531
300107.SZ,20260422,6.88,7.0,6.79,6.83,93388.18,63981.438
300109.SZ,20260422,18.7,19.28,18.7,18.98,124049.28,235521.185
300110.SZ,20260422,3.06,3.08,3.04,3.07,213984.0,65574.874
300111.SZ,20260422,3.89,3.9,3.73,3.84,509653.26,193033.357
300112.SZ,20260422,8.02,8.17,7.91,8.11,73312.0,59270.945
300113.SZ,20260422,28.4,29.8,28.1,29.68,736808.21,2138033.909
300115.SZ,20260422,33.71,34.27,33.63,34.04,399809.96,1359613.039
300118.SZ,20260422,16.85,16.95,16.55,16.74,537910.16,899190.141
300119.SZ,20260422,18.45,18.68,18.28,18.4,35517.0,65316.181
300120.SZ,20260422,7.39,7.4,7.31,7.37,78036.65,57400.11
300121.SZ,20260422,12.85,13.05,12.79,13.04,114982.0,148875.279
300122.SZ,20260422,15.26,15.49,15.22,15.28,116334.57,178073.45
300123.SZ,20260422,4.13,4.5,4.13,4.32,1773135.45,752679.195
300124.SZ,20260422,65.86,67.12,65.32,66.91,280311.76,1863570.827
300125.SZ,20260422,9.69,9.79,9.51,9.72,80940.33,78123.781
300126.SZ,20260422,7.68,7.74,7.63,7.67,30944.0,23759.105
300127.SZ,20260422,31.09,31.09,30.53,30.88,51135.25,157424.025
300128.SZ,20260422,6.24,6.36,6.18,6.29,280752.43,176595.365
300129.SZ,20260422,12.55,12.82,12.45,12.77,304259.15,384405.738
300130.SZ,20260422,23.48,23.7,23.3,23.66,78186.08,184197.484
300131.SZ,20260422,17.27,18.45,17.27,18.02,1603758.43,2891449.226
300132.SZ,20260422,8.71,8.91,8.6,8.73,172962.0,151170.628
300133.SZ,20260422,7.72,8.11,7.59,8.07,1070999.47,835429.523
300134.SZ,20260422,11.14,11.68,11.13,11.56,222715.86,256017.363
300135.SZ,20260422,3.71,3.74,3.69,3.7,129165.8,47880.648
300136.SZ,20260422,77.1,79.97,75.75,79.52,1075280.74,8458931.571
300137.SZ,20260422,16.35,17.2,16.35,16.85,401520.92,674180.555
300138.SZ,20260422,11.96,12.06,11.81,11.99,57147.47,68297.928
300139.SZ,20260422,56.26,57.8,55.92,57.8,228221.11,1305573.36
300140.SZ,20260422,6.29,6.33,6.26,6.3,157022.0,98930.2
300141.SZ,20260422,13.37,13.46,13.1,13.33,64331.75,85330.998
300142.SZ,20260422,12.06,12.35,12.03,12.28,332116.92,405793.051
300143.SZ,20260422,11.7,11.89,11.7,11.85,71742.7,84653.768
300144.SZ,20260422,7.82,7.85,7.72,7.75,287315.82,223084.95
300145.SZ,20260422,4.93,5.09,4.84,5.05,814020.62,404659.494
300146.SZ,20260422,10.72,10.73,10.63,10.66,95934.95,102275.629
300147.SZ,20260422,10.15,11.0,9.88,10.95,268028.7,282960.487
300148.SZ,20260422,4.45,4.47,4.38,4.44,297890.19,131559.394
300149.SZ,20260422,10.71,10.97,10.61,10.96,193107.91,209590.391
300150.SZ,20260422,5.44,5.51,5.38,5.49,85496.04,46624.581
300151.SZ,20260422,18.11,18.67,17.91,18.31,149408.99,274053.324
300152.SZ,20260422,2.08,2.09,2.05,2.05,183341.0,37789.411
300153.SZ,20260422,28.1,28.35,27.8,28.26,124556.78,350262.013
300154.SZ,20260422,8.2,8.28,8.16,8.21,44037.0,36161.466
300155.SZ,20260422,4.68,4.69,4.58,4.6,77791.0,35809.734
300157.SZ,20260422,6.19,6.23,6.09,6.13,317093.39,194050.53
300158.SZ,20260422,5.83,5.95,5.81,5.95,197402.04,115933.228
300159.SZ,20260422,3.41,3.5,3.32,3.34,385700.04,130281.4
300160.SZ,20260422,5.33,5.35,5.31,5.33,73414.0,39135.209
300161.SZ,20260422,28.89,29.18,28.74,29.17,24300.0,70327.358
300162.SZ,20260422,9.65,9.92,9.5,9.73,279293.01,271376.683
300163.SZ,20260422,4.95,4.99,4.82,4.88,321976.21,156626.684
300164.SZ,20260422,13.78,13.93,13.44,13.59,662419.5,899220.661
300165.SZ,20260422,6.21,6.31,6.1,6.23,300864.1,186874.73
300166.SZ,20260422,15.6,17.05,15.08,16.75,2107586.02,3356867.476
300167.SZ,20260422,6.19,6.25,6.03,6.06,81187.0,49531.288
300168.SZ,20260422,5.42,5.48,5.38,5.47,105577.51,57284.156
300169.SZ,20260422,5.86,5.93,5.81,5.86,56600.0,33264.701
300170.SZ,20260422,21.18,21.64,20.91,21.64,557909.67,1189598.124
300171.SZ,20260422,14.52,14.89,14.52,14.88,50754.53,74730.625
300172.SZ,20260422,5.37,5.38,5.33,5.37,175356.1,93873.618
300173.SZ,20260422,4.38,4.39,4.3,4.32,98176.0,42515.322
300174.SZ,20260422,18.03,18.27,17.62,17.89,232425.58,417764.15
300175.SZ,20260422,6.48,6.54,6.41,6.48,43899.0,28407.023
300176.SZ,20260422,7.25,7.27,7.12,7.16,105211.61,75343.762
300177.SZ,20260422,8.02,8.24,7.99,8.11,92624.22,75393.123
300179.SZ,20260422,27.74,29.87,27.3,28.63,636850.16,1815874.347
300180.SZ,20260422,5.74,5.74,5.6,5.63,337410.96,190394.714
300181.SZ,20260422,15.57,16.03,15.45,15.92,113895.35,180135.593
300182.SZ,20260422,5.83,5.83,5.71,5.8,913120.48,526253.348
300183.SZ,20260422,15.32,15.62,15.22,15.57,45883.06,71135.805
300184.SZ,20260422,12.6,13.64,12.58,13.49,1897157.56,2504973.044
300185.SZ,20260422,3.24,3.25,3.19,3.22,1416807.7,455332.478
300187.SZ,20260422,5.18,5.27,5.16,5.17,91083.0,47413.763
300188.SZ,20260422,12.96,13.01,12.82,12.99,95685.13,123699.089
300189.SZ,20260422,6.68,6.7,6.55,6.61,538267.44,356218.352
300190.SZ,20260422,4.04,4.09,4.02,4.05,221868.35,89772.599
300191.SZ,20260422,40.0,41.2,39.16,40.68,135445.82,545990.614
300192.SZ,20260422,19.72,20.25,19.52,19.86,93065.47,184437.642
300193.SZ,20260422,8.62,8.68,8.6,8.67,51609.0,44596.257
300194.SZ,20260422,4.14,4.14,4.1,4.13,68280.9,28121.593
300195.SZ,20260422,7.6,7.64,7.55,7.61,61168.0,46493.037
300196.SZ,20260422,19.71,20.18,19.46,20.11,303802.3,603874.604
300197.SZ,20260422,1.65,1.72,1.65,1.68,453879.83,76584.457
300198.SZ,20260422,2.52,2.58,2.49,2.53,150631.7,38288.369
300199.SZ,20260422,21.63,22.95,21.63,22.57,654584.25,1463949.3
300200.SZ,20260422,9.81,9.96,9.6,9.95,172549.0,169504.864
300201.SZ,20260422,11.39,11.75,11.36,11.6,326596.88,378348.241
300203.SZ,20260422,14.0,15.01,13.92,14.58,222424.28,323856.628
300204.SZ,20260422,29.43,29.85,28.68,29.71,346197.7,1012246.04
300205.SZ,20260422,6.14,6.29,5.81,6.04,161404.59,97568.442
300206.SZ,20260422,14.99,15.6,14.82,15.41,124728.2,189963.279
300207.SZ,20260422,29.59,30.6,29.37,29.78,1153014.85,3441789.938
300209.SZ,20260422,12.65,14.13,12.2,13.78,1312257.87,1722681.284
300210.SZ,20260422,9.51,9.6,9.4,9.44,81586.0,77319.426
300211.SZ,20260422,8.4,8.59,8.33,8.5,24513.39,20721.19
300212.SZ,20260422,8.31,8.32,8.08,8.14,306443.62,250547.637
300213.SZ,20260422,7.85,7.88,7.77,7.82,73251.66,57224.564
300214.SZ,20260422,7.71,8.08,7.63,7.92,163489.02,128739.885
300215.SZ,20260422,7.99,8.19,7.98,8.14,224617.19,182369.751
300217.SZ,20260422,5.41,5.46,5.4,5.42,315040.43,170849.314
300218.SZ,20260422,14.76,14.9,14.57,14.62,48680.58,71499.344
300219.SZ,20260422,7.73,7.87,7.71,7.87,171585.03,134206.103
300220.SZ,20260422,14.2,14.21,13.95,13.96,19337.0,27152.64
300221.SZ,20260422,11.39,11.69,11.3,11.56,259790.94,299645.357
300222.SZ,20260422,11.07,11.18,11.03,11.15,108347.49,120487.203
300223.SZ,20260422,119.0,124.95,118.83,123.89,232442.01,2855132.039
300224.SZ,20260422,14.32,14.32,13.61,14.05,649345.81,902386.401
300225.SZ,20260422,6.64,6.92,6.35,6.45,372640.28,247084.833
300226.SZ,20260422,23.87,24.58,23.78,24.47,89909.53,218060.056
300227.SZ,20260422,11.92,12.41,11.77,12.19,251644.76,305338.863
300228.SZ,20260422,8.94,9.04,8.78,9.02,280847.2,250372.38
300229.SZ,20260422,18.52,19.05,18.41,18.96,246459.83,463447.916
300230.SZ,20260422,4.8,4.82,4.77,4.8,86559.8,41497.345
300231.SZ,20260422,11.14,11.44,11.05,11.41,220544.0,248169.462
300232.SZ,20260422,6.54,6.54,6.28,6.51,760073.79,489148.372
300233.SZ,20260422,15.98,16.11,15.85,16.02,84871.0,135505.54
300234.SZ,20260422,6.45,6.64,6.36,6.61,215097.31,140308.655
300235.SZ,20260422,14.13,14.46,13.94,14.35,87288.6,124017.754
300236.SZ,20260422,85.82,88.49,85.0,86.01,112499.02,968946.364
300237.SZ,20260422,2.3,2.31,2.27,2.29,202407.4,46294.923
300238.SZ,20260422,14.95,15.1,14.79,14.94,37988.0,56591.965
300239.SZ,20260422,5.29,5.31,5.25,5.29,75971.0,40096.778
300240.SZ,20260422,7.05,7.08,6.92,6.96,69861.0,48757.153
300241.SZ,20260422,6.82,7.08,6.8,7.08,506663.04,354154.625
300242.SZ,20260422,4.75,4.78,4.65,4.73,138028.06,65090.554
300243.SZ,20260422,16.81,17.32,16.25,17.22,261344.11,439714.226
300244.SZ,20260422,19.12,19.78,19.1,19.68,215521.24,421018.575
300245.SZ,20260422,13.19,13.19,12.85,13.1,154975.13,201372.418
300246.SZ,20260422,16.77,16.77,16.26,16.34,114128.03,186933.704
300247.SZ,20260422,4.5,4.51,4.36,4.39,218221.0,95989.102
300248.SZ,20260422,10.3,10.47,10.27,10.41,57495.02,59615.876
300249.SZ,20260422,17.99,18.32,17.46,18.26,385979.3,691520.155
300250.SZ,20260422,21.38,23.1,21.28,22.63,169432.23,379007.799
300251.SZ,20260422,16.05,16.05,15.22,15.55,1435679.85,2241172.707
300252.SZ,20260422,14.91,15.56,14.85,15.48,518493.32,796828.858
300253.SZ,20260422,8.37,8.58,8.3,8.56,533276.09,451095.764
300254.SZ,20260422,12.18,12.24,12.0,12.16,84541.2,102122.126
300255.SZ,20260422,41.3,41.66,40.75,41.56,162159.25,670190.977
300256.SZ,20260422,3.48,3.49,3.44,3.46,156362.0,54130.891
300257.SZ,20260422,28.31,28.96,27.49,28.75,175460.65,494133.853
300258.SZ,20260422,11.58,11.64,11.31,11.47,216309.34,247996.698
300259.SZ,20260422,4.83,4.86,4.79,4.84,149492.1,72205.268
300260.SZ,20260422,50.49,51.23,50.28,50.9,97363.7,494421.469
300261.SZ,20260422,6.09,6.11,6.05,6.1,80284.0,48821.25
300263.SZ,20260422,10.94,11.24,10.91,11.22,450224.03,499076.697
300264.SZ,20260422,8.53,8.85,8.31,8.62,188673.0,161317.399
300265.SZ,20260422,20.3,21.61,20.2,21.01,902771.46,1908650.854
300266.SZ,20260422,2.38,2.39,2.36,2.38,88560.75,21060.53
300267.SZ,20260422,4.04,4.12,3.98,4.1,816759.36,330539.86
300268.SZ,20260422,13.85,14.04,13.79,13.87,6848.72,9520.875
300269.SZ,20260422,7.34,7.41,7.23,7.36,205749.0,150704.504
300270.SZ,20260422,12.59,12.85,12.03,12.44,233700.88,289718.155
300271.SZ,20260422,6.54,6.58,6.46,6.57,88692.49,57839.689
300272.SZ,20260422,8.6,8.86,8.57,8.65,243010.52,210780.192
300274.SZ,20260422,135.56,137.1,134.95,136.91,578538.49,7890624.556
300275.SZ,20260422,11.12,11.2,11.03,11.2,34925.56,38877.997
300276.SZ,20260422,7.45,7.63,7.37,7.53,354493.44,265614.819
300277.SZ,20260422,19.32,19.8,19.07,19.67,283928.91,553003.996
300278.SZ,20260422,4.71,4.75,4.65,4.74,196016.0,92398.822
300279.SZ,20260422,8.72,9.06,8.66,8.93,236091.0,209818.34
300281.SZ,20260422,6.86,6.91,6.78,6.88,35008.0,23990.859
300283.SZ,20260422,10.04,10.15,9.87,9.96,325540.28,324351.194
300284.SZ,20260422,6.69,6.72,6.65,6.67,69828.36,46578.619
300285.SZ,20260422,36.11,37.1,36.06,36.66,456355.83,1665926.132
300286.SZ,20260422,25.87,26.3,25.86,26.29,49941.0,130416.741
300287.SZ,20260422,4.16,4.19,4.13,4.19,187975.46,78317.066
300288.SZ,20260422,12.62,12.73,12.5,12.7,31588.18,39859.586
300289.SZ,20260422,6.66,6.78,6.59,6.77,67709.0,45376.107
300290.SZ,20260422,15.17,15.46,15.01,15.3,290590.9,442655.195
300291.SZ,20260422,6.76,6.76,6.53,6.63,166088.0,109681.323
300292.SZ,20260422,4.93,5.18,4.92,5.17,1051082.23,537429.452
300293.SZ,20260422,18.35,18.53,18.02,18.25,51199.0,93291.577
300294.SZ,20260422,18.61,18.76,18.6,18.75,23064.53,43085.481
300295.SZ,20260422,10.65,10.85,10.57,10.67,65669.0,70443.351
300296.SZ,20260422,7.64,7.94,7.61,7.92,1443122.85,1129627.4
300298.SZ,20260422,16.06,16.25,15.98,16.2,43420.0,70096.831
300299.SZ,20260422,6.02,6.03,5.86,5.94,169752.23,100321.137
300300.SZ,20260422,12.68,13.0,12.65,12.85,469234.44,601879.823
300301.SZ,20260422,3.78,3.84,3.74,3.81,155972.0,59033.913
300302.SZ,20260422,24.25,24.66,24.06,24.44,193411.51,469770.029
300303.SZ,20260422,9.69,10.44,9.64,10.34,2067378.21,2116236.999
300304.SZ,20260422,12.55,13.0,12.53,12.92,152924.26,196232.449
300305.SZ,20260422,6.27,6.42,6.21,6.38,86765.0,55099.073
300306.SZ,20260422,12.37,12.49,12.29,12.42,23720.0,29459.875
300307.SZ,20260422,6.49,6.5,6.42,6.45,64832.0,41821.165
300308.SZ,20260422,859.3,893.2,854.0,886.62,294382.93,25705226.811
300310.SZ,20260422,6.26,6.45,6.22,6.45,355920.51,227096.327
300311.SZ,20260422,5.33,5.42,5.33,5.38,77388.12,41576.874
300313.SZ,20260422,8.24,8.24,8.09,8.16,12371.0,10077.723
300314.SZ,20260422,12.62,12.66,12.45,12.63,26019.0,32708.853
300315.SZ,20260422,4.88,4.9,4.85,4.87,421426.58,205291.217
300316.SZ,20260422,44.44,45.58,44.06,44.99,274657.35,1232951.381
300317.SZ,20260422,5.0,5.0,4.88,4.94,532155.0,262576.503
300318.SZ,20260422,5.57,5.64,5.53,5.62,47944.99,26802.432
300319.SZ,20260422,12.35,12.99,12.22,12.72,490987.69,624723.257
300320.SZ,20260422,9.41,9.48,9.25,9.44,109582.21,102613.848
300321.SZ,20260422,35.84,42.32,35.55,40.84,70261.9,277688.57
300322.SZ,20260422,29.81,32.5,29.37,32.24,520482.13,1623547.615
300323.SZ,20260422,10.93,11.44,10.79,11.2,1008699.48,1126509.294
300324.SZ,20260422,4.59,4.67,4.56,4.64,356839.0,164615.758
300326.SZ,20260422,6.82,6.93,6.76,6.83,70186.0,48018.331
300327.SZ,20260422,26.45,27.08,26.42,27.0,93873.68,252768.949
300328.SZ,20260422,16.15,16.62,16.11,16.4,274902.45,452839.166
300329.SZ,20260422,14.36,14.44,14.02,14.15,41135.02,58315.224
300331.SZ,20260422,48.31,49.28,48.05,49.12,108918.62,530199.825
300332.SZ,20260422,5.67,5.68,5.57,5.59,327899.59,184289.822
300333.SZ,20260422,8.91,9.0,8.81,8.99,66364.88,58996.305
300334.SZ,20260422,7.31,7.31,7.16,7.24,43283.0,31328.329
300335.SZ,20260422,6.76,7.02,6.71,6.94,329296.0,227728.176
300337.SZ,20260422,14.5,14.6,14.3,14.56,530420.48,767315.891
300338.SZ,20260422,3.63,3.66,3.59,3.63,47120.0,17078.499
300339.SZ,20260422,40.51,43.16,40.27,42.31,488335.7,2059240.196
300340.SZ,20260422,11.35,11.76,11.15,11.21,119052.65,135235.494
300341.SZ,20260422,15.15,15.3,15.02,15.17,32117.88,48759.45
300342.SZ,20260422,65.85,67.79,64.9,66.2,683209.11,4513258.931
300343.SZ,20260422,6.69,6.75,6.63,6.65,142024.75,94722.841
300345.SZ,20260422,6.73,6.73,6.62,6.64,204123.07,135777.478
300346.SZ,20260422,51.63,52.8,51.02,51.48,498304.13,2573816.216
300347.SZ,20260422,57.0,57.82,56.81,57.39,71086.13,406485.46
300348.SZ,20260422,13.43,13.63,13.39,13.61,141034.38,190654.571
300349.SZ,20260422,14.5,14.69,14.3,14.61,83423.53,121079.737
300350.SZ,20260422,5.24,5.24,5.15,5.2,123337.2,63982.973
300351.SZ,20260422,19.9,20.58,19.85,20.34,230334.6,465881.175
300352.SZ,20260422,7.4,7.48,7.34,7.41,442983.24,328272.957
300353.SZ,20260422,19.57,19.81,19.28,19.55,148184.09,288355.408
300354.SZ,20260422,36.41,36.88,36.36,36.71,18027.7,66068.499
300355.SZ,20260422,3.72,3.74,3.7,3.74,191012.96,71231.592
300357.SZ,20260422,25.9,26.64,25.85,26.64,72480.73,191313.363
300358.SZ,20260422,10.99,11.37,10.68,10.94,315582.73,343980.367
300359.SZ,20260422,4.91,4.91,4.84,4.9,54470.0,26543.777
300360.SZ,20260422,16.18,16.27,16.11,16.25,48568.35,78690.177
300363.SZ,20260422,21.7,22.25,21.65,22.02,108497.76,237994.811
300364.SZ,20260422,30.18,30.76,29.68,30.26,506796.82,1525819.47
300365.SZ,20260422,5.68,5.89,5.65,5.78,175221.0,101835.272
300366.SZ,20260422,5.65,5.65,5.53,5.55,79916.0,44545.756
300368.SZ,20260422,10.5,10.53,10.34,10.47,119620.0,124764.169
300369.SZ,20260422,8.05,8.19,8.0,8.18,180364.45,146238.256
300370.SZ,20260422,2.48,2.51,2.46,2.5,171006.74,42530.326
300371.SZ,20260422,12.74,12.88,12.57,12.78,22939.0,29287.118
300373.SZ,20260422,81.51,83.1,81.39,83.0,133808.74,1102882.127
300374.SZ,20260422,13.98,14.01,13.87,13.94,26332.8,36715.437
300375.SZ,20260422,4.92,4.92,4.83,4.91,98290.0,47974.412
300376.SZ,20260422,6.28,6.41,6.26,6.4,234665.0,148919.066
300377.SZ,20260422,17.44,17.77,17.06,17.63,260442.39,454902.864
300378.SZ,20260422,41.46,42.77,40.96,42.38,143283.67,600179.894
300380.SZ,20260422,34.19,34.85,33.84,34.69,24693.1,85114.224
300381.SZ,20260422,6.18,6.18,6.1,6.14,53776.0,32938.331
300382.SZ,20260422,12.49,14.54,12.42,14.37,492646.58,676661.347
300383.SZ,20260422,17.13,18.0,16.81,17.83,1852534.2,3230726.909
300384.SZ,20260422,15.42,15.59,15.41,15.56,28964.82,44970.152
300385.SZ,20260422,15.8,16.25,15.5,15.76,208758.84,329861.566
300386.SZ,20260422,14.05,14.17,13.94,14.17,35755.96,50295.558
300387.SZ,20260422,8.61,8.76,8.58,8.7,83623.21,72621.129
300388.SZ,20260422,7.81,7.84,7.77,7.81,32403.25,25266.833
300389.SZ,20260422,20.14,20.55,19.81,20.41,79648.94,161663.213
300390.SZ,20260422,84.05,86.66,83.44,84.86,541713.87,4577163.694
300393.SZ,20260422,10.7,10.85,10.45,10.7,409025.62,435474.776
300394.SZ,20260422,346.65,380.5,342.0,375.41,519329.98,18905961.643
300395.SZ,20260422,111.9,121.48,111.6,120.13,428378.77,4979004.235
300396.SZ,20260422,11.22,11.31,11.09,11.15,28383.62,31639.219
300397.SZ,20260422,11.94,12.0,11.78,11.97,86335.93,103088.566
300398.SZ,20260422,30.5,31.88,29.95,31.73,782801.33,2436668.842
300399.SZ,20260422,21.03,21.5,21.03,21.19,40134.94,85271.236
300400.SZ,20260422,27.4,28.78,27.3,28.73,189182.0,534362.607
300401.SZ,20260422,13.6,13.7,13.44,13.5,110844.68,150035.138
300402.SZ,20260422,19.05,19.08,18.76,19.03,30886.0,58420.885
300403.SZ,20260422,12.19,12.23,12.06,12.18,62760.0,76301.159
300404.SZ,20260422,10.15,10.39,10.13,10.34,91605.3,94265.501
300405.SZ,20260422,5.99,6.03,5.93,5.97,59886.85,35769.656
300406.SZ,20260422,11.85,11.93,11.81,11.88,26031.0,30857.786
300407.SZ,20260422,13.51,13.51,13.18,13.43,55881.0,74715.688
300408.SZ,20260422,65.46,68.0,65.38,67.0,260594.36,1751066.254
300409.SZ,20260422,27.2,27.86,26.96,27.29,410777.41,1123855.213
300410.SZ,20260422,9.97,10.15,9.9,9.96,313312.88,312589.912
300411.SZ,20260422,10.64,10.76,10.59,10.76,32765.6,35005.846
300412.SZ,20260422,5.37,5.41,5.34,5.38,98293.4,52872.325
300413.SZ,20260422,21.06,21.1,20.92,21.07,115444.0,242531.982
300414.SZ,20260422,14.23,14.35,14.12,14.29,70791.52,100891.132
300415.SZ,20260422,23.58,24.32,23.55,24.21,116858.85,280212.968
300416.SZ,20260422,18.4,18.48,18.15,18.45,135888.56,249568.151
300417.SZ,20260422,12.73,12.81,12.52,12.75,22832.0,29008.495
300418.SZ,20260422,53.86,54.25,52.64,53.63,674042.49,3591937.829
300419.SZ,20260422,7.3,7.78,7.3,7.74,167084.0,127277.104
300420.SZ,20260422,3.7,3.72,3.67,3.71,153232.6,56700.272
300421.SZ,20260422,24.81,25.12,24.67,25.08,76640.29,191187.083
300422.SZ,20260422,4.65,4.67,4.56,4.63,57711.88,26711.061
300423.SZ,20260422,7.91,7.95,7.84,7.95,82077.0,64829.837
300424.SZ,20260422,18.25,18.35,18.0,18.2,80484.13,146615.312
300425.SZ,20260422,4.9,4.95,4.87,4.93,56348.6,27742.423
300426.SZ,20260422,7.58,7.58,7.42,7.47,47867.5,35770.587
300427.SZ,20260422,12.1,12.11,11.73,12.01,341084.4,405783.388
300428.SZ,20260422,21.06,21.28,20.98,21.24,69042.58,146340.689
300429.SZ,20260422,14.39,14.72,14.32,14.53,144878.77,210184.69
300430.SZ,20260422,17.71,17.8,17.49,17.77,48477.8,85617.908
300432.SZ,20260422,25.6,27.29,25.35,26.52,623464.74,1650211.734
300433.SZ,20260422,26.6,27.34,26.57,27.25,843335.51,2291127.425
300434.SZ,20260422,10.18,10.25,10.08,10.24,39797.45,40415.6
300435.SZ,20260422,24.03,24.17,23.5,24.09,219345.38,522794.326
300436.SZ,20260422,114.21,117.39,112.0,117.1,86516.72,989707.174
300437.SZ,20260422,15.77,16.23,15.71,16.08,135445.93,216389.162
300438.SZ,20260422,67.35,69.55,66.92,67.9,311414.94,2116049.371
300439.SZ,20260422,9.79,9.81,9.72,9.77,21821.0,21335.88
300440.SZ,20260422,17.34,17.63,17.34,17.58,86077.0,150543.388
300441.SZ,20260422,7.26,7.26,7.19,7.25,37038.46,26740.413
300442.SZ,20260422,89.98,93.94,89.2,93.5,573372.33,5241916.906
300443.SZ,20260422,29.99,30.56,29.58,30.36,101631.08,305824.065
300444.SZ,20260422,15.17,15.5,15.06,15.39,506011.24,773718.908
300445.SZ,20260422,21.5,21.66,20.99,21.52,34537.8,73740.011
300446.SZ,20260422,21.06,21.3,20.85,21.14,221686.35,467262.107
300447.SZ,20260422,20.9,21.9,20.79,21.75,203432.3,437454.376
300448.SZ,20260422,7.23,7.55,7.21,7.35,345560.72,253559.427
300449.SZ,20260422,7.0,7.0,6.87,6.96,61190.6,42340.52
300450.SZ,20260422,58.02,59.18,57.85,58.8,717010.76,4189471.608
300451.SZ,20260422,4.31,4.35,4.24,4.35,249985.32,107485.987
300452.SZ,20260422,14.52,14.74,14.45,14.74,38299.67,55869.445
300453.SZ,20260422,10.02,10.29,9.86,10.02,219843.53,220431.188
300454.SZ,20260422,109.0,110.45,108.35,110.26,82400.62,903322.891
300455.SZ,20260422,25.96,27.3,25.82,26.88,219095.08,586766.919
300456.SZ,20260422,55.88,58.93,55.6,57.55,823678.85,4757452.17
300457.SZ,20260422,28.41,28.94,28.35,28.63,122234.36,349702.466
300458.SZ,20260422,39.23,41.28,39.21,41.25,555335.27,2252466.511
300459.SZ,20260422,4.09,4.1,4.03,4.06,715978.34,290376.634
300460.SZ,20260422,9.12,9.55,9.08,9.55,98739.66,92583.903
300461.SZ,20260422,61.39,68.58,60.68,63.99,154165.4,989035.066
300462.SZ,20260422,13.13,13.19,12.79,12.83,24852.0,32121.931
300463.SZ,20260422,10.58,10.64,10.55,10.62,34202.01,36218.082
300464.SZ,20260422,8.15,8.29,8.07,8.13,114063.0,92971.176
300465.SZ,20260422,14.75,14.91,14.56,14.89,86439.01,127595.671
300466.SZ,20260422,8.63,8.65,8.51,8.55,64043.22,54804.203
300467.SZ,20260422,32.6,32.6,31.88,32.18,30407.59,97645.66
300468.SZ,20260422,30.21,30.65,30.05,30.65,184888.25,562570.316
300469.SZ,20260422,53.4,54.39,51.53,53.56,93043.71,492181.355
300470.SZ,20260422,35.69,35.99,35.48,35.96,32921.0,117610.791
300471.SZ,20260422,13.22,13.29,12.97,13.18,90577.64,118749.784
300472.SZ,20260422,8.39,8.55,8.21,8.25,69988.8,58700.769
300473.SZ,20260422,34.56,35.25,34.5,35.0,30230.0,105482.429
300474.SZ,20260422,60.91,61.82,60.81,61.73,61727.71,379709.612
300475.SZ,20260422,159.8,162.21,158.8,162.12,255445.34,4106568.416
300476.SZ,20260422,331.0,345.0,326.57,342.78,465655.72,15751109.186
300477.SZ,20260422,2.29,2.32,2.19,2.2,555693.03,123881.308
300478.SZ,20260422,29.83,31.34,29.5,31.34,67355.27,207797.827
300479.SZ,20260422,19.25,19.36,19.05,19.36,29784.8,57272.061
300480.SZ,20260422,33.31,33.9,32.68,33.9,118682.82,397535.269
300481.SZ,20260422,15.08,15.59,14.93,15.0,87011.42,131306.361
300482.SZ,20260422,17.59,17.62,17.33,17.43,50706.39,88378.79
300483.SZ,20260422,20.05,21.19,19.78,21.05,346024.07,710852.492
300484.SZ,20260422,17.15,17.39,17.07,17.26,29409.04,50712.511
300485.SZ,20260422,11.63,11.85,11.55,11.79,79352.0,92953.086
300486.SZ,20260422,24.64,24.72,24.13,24.49,86908.67,212658.412
300487.SZ,20260422,65.46,66.59,65.34,65.67,34631.42,228028.413
300488.SZ,20260422,29.36,30.33,29.22,30.06,44494.18,132688.473
300489.SZ,20260422,79.32,94.43,75.87,90.1,216860.01,1824476.709
300490.SZ,20260422,19.99,21.2,19.85,20.75,415501.0,857104.75
300491.SZ,20260422,26.04,26.79,25.91,26.73,67325.0,178032.459
300492.SZ,20260422,53.53,54.29,53.0,53.65,22088.6,118485.616
300493.SZ,20260422,15.88,16.17,15.8,16.13,88861.9,142581.712
300494.SZ,20260422,11.89,11.89,11.69,11.85,95623.8,112772.54
300496.SZ,20260422,62.61,64.52,62.37,64.5,230331.76,1469511.518
300497.SZ,20260422,18.0,18.49,17.87,18.34,352131.77,643362.609
300498.SZ,20260422,16.41,16.95,16.37,16.68,648911.22,1084564.506
300499.SZ,20260422,41.53,45.0,41.21,44.25,511123.74,2203842.716
300500.SZ,20260422,10.72,10.72,10.5,10.63,24527.1,26022.026
300501.SZ,20260422,19.74,19.74,18.97,19.12,59042.61,113216.868
300502.SZ,20260422,569.0,625.26,568.03,622.71,433446.45,25875960.934
300503.SZ,20260422,60.2,63.64,59.22,62.98,313019.79,1923132.395
300504.SZ,20260422,15.87,16.75,15.71,16.71,119489.77,194808.636
300505.SZ,20260422,25.89,26.26,25.72,26.17,127440.39,332206.132
300506.SZ,20260422,5.0,5.03,4.95,5.01,48150.87,23939.785
300507.SZ,20260422,8.75,8.79,8.57,8.63,147726.57,127641.509
300508.SZ,20260422,36.69,37.08,32.61,33.83,95614.38,323418.55
300509.SZ,20260422,12.36,12.9,12.27,12.38,67324.1,84077.325
300510.SZ,20260422,4.08,4.12,4.05,4.08,142727.25,58185.591
300511.SZ,20260422,7.48,7.53,6.91,7.06,339797.29,240918.43
300512.SZ,20260422,9.05,9.13,8.96,9.1,27413.0,24834.618
300513.SZ,20260422,8.63,8.71,8.6,8.68,45697.64,39552.869
300514.SZ,20260422,13.38,13.4,13.15,13.4,28787.0,38234.619
300515.SZ,20260422,17.23,17.32,16.96,17.29,34584.0,59310.91
300516.SZ,20260422,62.04,62.58,61.18,62.3,51963.0,321642.468
300517.SZ,20260422,11.88,11.97,11.74,11.83,28307.0,33542.915
300518.SZ,20260422,23.22,25.75,22.65,25.23,185364.12,455722.362
300519.SZ,20260422,15.69,15.9,15.47,15.82,34504.74,54295.111
300520.SZ,20260422,35.97,36.33,35.65,36.02,106212.19,382491.754
300521.SZ,20260422,27.79,28.04,27.21,27.62,29555.0,81455.301
300522.SZ,20260422,13.38,13.73,13.38,13.59,85016.08,115882.439
300523.SZ,20260422,22.36,22.72,21.79,22.56,29331.5,65161.008
300525.SZ,20260422,10.36,10.44,10.28,10.42,94953.82,98421.041
300527.SZ,20260422,8.22,8.24,8.16,8.22,65959.45,54141.789
300528.SZ,20260422,17.25,17.32,16.5,16.73,209668.25,350191.887
300529.SZ,20260422,18.52,18.55,18.23,18.37,72102.0,132298.132
300530.SZ,20260422,24.6,27.2,24.6,24.93,57649.1,146891.036
300531.SZ,20260422,19.81,20.14,19.43,20.14,163706.5,324976.95
300532.SZ,20260422,11.7,11.84,11.67,11.77,70202.9,82607.856
300533.SZ,20260422,30.0,30.03,29.18,29.95,227005.83,675082.101
300534.SZ,20260422,9.38,9.45,9.16,9.27,76461.5,70950.434
300535.SZ,20260422,19.95,19.95,19.51,19.8,12993.75,25662.309
300536.SZ,20260422,8.67,9.04,8.55,8.95,112501.75,99661.421
300537.SZ,20260422,23.4,23.68,23.21,23.57,52023.45,121924.027
300538.SZ,20260422,15.82,15.92,15.75,15.89,26148.0,41428.074
300539.SZ,20260422,30.7,32.16,30.5,31.45,159421.68,503455.229
300540.SZ,20260422,28.0,30.2,27.28,29.35,413227.27,1188899.614
300541.SZ,20260422,14.41,14.79,14.41,14.75,90251.9,131991.643
300542.SZ,20260422,15.7,15.77,15.51,15.69,34417.0,53799.389
300543.SZ,20260422,9.84,9.87,9.76,9.87,31660.01,31127.262
300545.SZ,20260422,31.57,33.1,31.51,32.86,74563.39,243351.783
300546.SZ,20260422,21.3,21.3,20.07,20.45,93596.78,191054.183
300547.SZ,20260422,38.09,38.36,36.8,37.97,173803.0,652096.19
300548.SZ,20260422,267.0,279.98,265.68,279.26,166086.12,4553071.744
300549.SZ,20260422,17.49,17.59,17.26,17.56,15908.0,27701.701
300550.SZ,20260422,11.12,11.21,10.96,11.14,53974.0,59735.72
300551.SZ,20260422,13.61,13.8,13.2,13.74,129361.53,175667.952
300552.SZ,20260422,26.8,27.29,26.61,27.25,51541.17,139477.151
300553.SZ,20260422,38.15,40.77,38.15,40.15,62917.95,250112.971
300554.SZ,20260422,23.08,23.29,22.77,22.88,22147.0,50884.148
300555.SZ,20260422,13.48,13.55,13.36,13.51,15547.84,20956.295
300556.SZ,20260422,17.84,17.91,17.61,17.9,25102.16,44651.066
300557.SZ,20260422,36.35,37.52,36.15,37.2,62331.02,230718.355
300558.SZ,20260422,43.61,44.28,43.0,44.17,75707.57,330297.793
300559.SZ,20260422,15.3,15.5,12.76,12.89,570944.8,783768.072
300560.SZ,20260422,15.94,16.14,15.58,16.12,54739.8,87290.856
300561.SZ,20260422,17.62,17.99,17.14,17.22,144108.2,249792.661
300562.SZ,20260422,13.98,14.23,13.86,14.08,68028.16,95321.619
300563.SZ,20260422,33.27,34.19,33.26,34.16,41120.93,139491.428
300564.SZ,20260422,15.13,15.36,14.94,15.16,19538.0,29579.437
300565.SZ,20260422,13.33,13.58,13.21,13.38,131486.0,176288.336
300566.SZ,20260422,18.61,19.03,18.61,18.98,37578.63,70988.194
300567.SZ,20260422,124.82,139.3,124.82,136.84,168327.62,2252721.123
300568.SZ,20260422,15.81,16.29,15.73,15.8,669533.83,1068546.196
300569.SZ,20260422,6.62,6.78,6.55,6.78,364298.61,244009.274
300570.SZ,20260422,143.24,151.33,143.1,145.5,284595.26,4181391.832
300571.SZ,20260422,34.81,36.8,34.56,36.64,131037.5,470635.429
300572.SZ,20260422,29.14,29.43,28.7,29.36,64351.79,187373.977
300573.SZ,20260422,67.14,68.66,67.14,68.55,89092.62,607252.833
300575.SZ,20260422,6.18,6.18,6.03,6.12,118923.35,72283.966
300576.SZ,20260422,37.3,38.7,37.02,38.28,165538.39,627958.638
300577.SZ,20260422,19.19,19.19,18.73,18.8,10080.02,18979.927
300578.SZ,20260422,21.09,22.12,21.01,21.92,72627.37,158022.263
300579.SZ,20260422,26.37,26.74,26.21,26.66,23172.34,61438.703
300580.SZ,20260422,30.73,31.44,30.31,30.52,209638.22,646882.936
300581.SZ,20260422,12.84,12.9,12.72,12.85,86845.5,111109.52
300582.SZ,20260422,12.8,13.25,12.77,13.2,100123.75,131048.225
300583.SZ,20260422,13.83,13.83,13.57,13.74,17482.52,23929.794
300584.SZ,20260422,42.76,43.35,42.2,43.06,27651.0,118134.773
300585.SZ,20260422,18.36,19.11,18.17,18.91,106975.0,200315.631
300586.SZ,20260422,10.94,11.04,10.7,10.89,225323.76,244981.861
300587.SZ,20260422,5.76,5.88,5.68,5.71,226308.89,129856.503
300588.SZ,20260422,25.65,26.1,25.41,25.97,26111.0,67502.943
300589.SZ,20260422,16.42,16.5,15.85,15.95,253278.88,404800.435
300590.SZ,20260422,11.9,12.17,11.88,12.13,63958.12,77244.724
300591.SZ,20260422,6.97,6.97,6.78,6.8,104137.0,71059.505
300592.SZ,20260422,13.4,13.9,13.26,13.84,70196.2,95785.484
300593.SZ,20260422,29.05,30.99,28.81,30.52,335284.3,1015728.423
300594.SZ,20260422,26.05,27.23,25.53,27.06,49255.0,129994.883
300595.SZ,20260422,13.92,14.24,13.87,14.22,100951.93,142548.757
300596.SZ,20260422,42.38,42.78,40.0,40.2,100971.42,410260.201
300597.SZ,20260422,9.45,9.47,9.3,9.41,34787.0,32643.191
300598.SZ,20260422,36.58,38.8,36.42,38.19,96062.19,365570.531
300599.SZ,20260422,11.07,11.45,10.87,10.9,100928.0,110594.223
300600.SZ,20260422,13.77,13.82,13.18,13.29,194797.4,260205.46
300601.SZ,20260422,14.34,15.44,14.34,14.68,432340.59,643505.971
300602.SZ,20260422,34.83,35.86,34.61,35.66,244250.56,861659.134
300603.SZ,20260422,11.19,11.57,10.81,11.51,502671.5,557342.858
300604.SZ,20260422,148.0,152.91,147.26,152.3,182743.17,2749154.631
300605.SZ,20260422,14.15,14.15,13.89,14.1,26067.81,36530.173
300606.SZ,20260422,37.6,38.6,37.6,38.1,88574.46,336517.922
300607.SZ,20260422,26.8,27.45,26.59,27.37,101334.6,272778.788
300608.SZ,20260422,12.75,13.2,12.48,13.14,201318.41,259957.041
300609.SZ,20260422,37.51,38.0,37.21,37.39,27719.0,103767.259
300610.SZ,20260422,12.09,12.12,11.98,12.07,29128.0,35158.661
300611.SZ,20260422,27.38,27.57,27.16,27.49,39990.05,109331.749
300612.SZ,20260422,15.03,15.03,14.66,14.91,65044.0,96393.19
300613.SZ,20260422,43.55,46.02,43.55,45.86,66719.73,301779.057
300614.SZ,20260422,13.05,13.19,12.83,13.07,25194.0,32806.133
300615.SZ,20260422,13.51,13.65,13.18,13.63,62185.6,83626.483
300616.SZ,20260422,12.3,14.12,12.3,13.93,233091.06,318145.188
300617.SZ,20260422,61.07,64.2,59.88,63.05,114083.09,706829.552
300618.SZ,20260422,46.45,47.86,46.41,47.68,135338.77,638344.65
300619.SZ,20260422,42.69,43.18,42.31,42.77,52902.97,225780.198
300620.SZ,20260422,259.08,279.86,256.0,274.52,228109.45,6172451.459
300621.SZ,20260422,8.5,8.51,8.29,8.42,31539.5,26457.197
300622.SZ,20260422,24.61,24.86,24.39,24.85,33116.71,81800.19
300623.SZ,20260422,28.28,28.59,27.55,28.37,277641.29,784203.616
300624.SZ,20260422,70.7,71.87,70.36,71.81,62498.22,445016.087
300625.SZ,20260422,11.94,11.94,11.79,11.85,13343.24,15837.291
300626.SZ,20260422,28.68,29.1,28.2,28.74,77701.41,223091.591
300627.SZ,20260422,35.03,35.74,35.01,35.55,108361.59,384252.618
300628.SZ,20260422,36.36,37.95,36.36,37.8,239520.52,896480.475
300629.SZ,20260422,25.72,26.29,25.61,26.13,92302.13,240717.413
300631.SZ,20260422,27.34,27.59,27.25,27.51,19091.0,52389.665
300632.SZ,20260422,17.29,17.48,16.82,17.04,230906.5,394997.57
300633.SZ,20260422,28.01,28.1,27.4,27.82,59536.72,165171.908
300634.SZ,20260422,27.03,27.62,26.79,27.59,111117.77,303200.284
300635.SZ,20260422,13.99,13.99,13.6,13.83,44278.0,60752.015
300636.SZ,20260422,7.92,7.96,7.8,7.94,45938.0,36193.867
300637.SZ,20260422,11.8,11.88,11.63,11.73,34143.0,39993.638
300638.SZ,20260422,25.7,26.58,25.66,26.57,163928.65,432001.964
300639.SZ,20260422,6.3,6.48,6.24,6.38,216587.38,137794.753
300640.SZ,20260422,7.07,7.11,6.9,6.93,91471.5,63659.4
300641.SZ,20260422,19.53,19.97,19.52,19.82,172037.44,340200.162
300642.SZ,20260422,16.82,16.84,16.65,16.77,24602.1,41128.68
300643.SZ,20260422,17.69,17.75,17.53,17.69,27766.0,49003.557
300644.SZ,20260422,30.45,30.45,29.86,30.37,24180.4,72839.913
300645.SZ,20260422,16.94,17.12,16.77,17.08,19619.47,33329.268
300647.SZ,20260422,6.77,7.04,6.72,6.9,216562.0,149076.683
300648.SZ,20260422,51.53,52.55,51.13,51.79,21880.85,113005.984
300649.SZ,20260422,16.68,17.28,16.48,16.75,81144.99,137159.403
300650.SZ,20260422,16.1,16.2,15.91,16.09,62797.0,100634.866
300651.SZ,20260422,29.0,29.4,28.01,28.39,120806.74,343330.486
300652.SZ,20260422,43.1,43.37,42.8,43.23,16144.31,69593.105
300653.SZ,20260422,18.3,19.23,18.25,18.81,28921.6,54106.11
300654.SZ,20260422,11.07,11.09,10.72,10.77,106979.0,115585.763
300655.SZ,20260422,15.77,15.97,15.56,15.76,374392.77,588787.783
300656.SZ,20260422,24.06,24.23,23.54,23.85,37789.0,90162.345
300657.SZ,20260422,34.59,37.28,34.59,36.87,516886.98,1888517.726
300658.SZ,20260422,21.41,21.95,21.04,21.8,182022.6,391203.671
300659.SZ,20260422,12.95,13.08,12.78,13.05,41220.66,53397.263
300660.SZ,20260422,43.44,43.89,43.15,43.86,42614.75,186113.459
300661.SZ,20260422,78.5,83.18,78.03,81.88,370832.73,3030529.428
300662.SZ,20260422,24.31,24.55,24.14,24.32,31626.32,76861.705
300663.SZ,20260422,13.18,13.32,13.01,13.27,89912.2,118562.856
300664.SZ,20260422,6.07,6.17,6.05,6.1,139418.59,85170.552
300665.SZ,20260422,7.78,7.78,7.64,7.66,37476.66,28764.139
300666.SZ,20260422,156.57,160.68,155.21,160.66,114254.53,1814553.8
300667.SZ,20260422,18.09,18.73,18.07,18.42,77822.25,142745.277
300668.SZ,20260422,57.98,58.88,56.02,57.6,68303.51,391076.235
300669.SZ,20260422,34.08,34.56,33.8,34.18,10827.5,36988.939
300670.SZ,20260422,6.28,6.35,6.23,6.3,55026.0,34598.205
300671.SZ,20260422,45.69,47.5,45.13,46.54,171460.99,794347.159
300672.SZ,20260422,163.02,166.59,161.6,165.09,99604.54,1634699.965
300673.SZ,20260422,16.3,16.39,16.24,16.29,21181.3,34534.345
300674.SZ,20260422,20.34,20.62,20.19,20.58,104953.36,214500.239
300675.SZ,20260422,15.21,15.33,15.03,15.22,14775.0,22477.153
300676.SZ,20260422,39.62,39.85,39.13,39.77,44255.14,174915.174
300677.SZ,20260422,54.77,55.77,53.61,55.55,150225.1,821723.306
300678.SZ,20260422,28.74,29.16,28.55,29.15,49208.86,142118.274
300679.SZ,20260422,43.0,44.8,42.72,44.0,224695.37,984906.863
300680.SZ,20260422,40.39,40.78,40.1,40.52,57320.0,231887.818
300681.SZ,20260422,29.72,30.85,29.68,30.56,169764.32,515861.093
300682.SZ,20260422,15.85,16.26,15.82,16.23,160453.82,258252.804
300683.SZ,20260422,33.71,34.07,32.83,33.11,85744.0,284171.762
300684.SZ,20260422,59.6,63.28,58.4,62.95,165041.36,1009718.454
300685.SZ,20260422,22.05,22.6,21.99,22.55,80505.64,179981.166
300686.SZ,20260422,18.81,21.28,18.65,20.3,351039.78,716872.02
300687.SZ,20260422,21.6,21.98,21.33,21.69,97109.08,210341.319
300688.SZ,20260422,24.38,24.87,24.14,24.74,41990.5,102852.024
300689.SZ,20260422,51.68,52.39,50.7,52.1,21930.1,113302.659
300690.SZ,20260422,30.38,30.38,29.81,30.27,86248.19,259686.88
300691.SZ,20260422,16.93,17.45,16.8,17.35,74918.6,129299.721
300692.SZ,20260422,9.62,9.74,9.49,9.72,213209.99,205053.837
300693.SZ,20260422,50.94,51.69,50.35,50.94,146833.53,746708.318
300694.SZ,20260422,13.03,13.14,12.56,12.96,136663.0,175008.265
300695.SZ,20260422,70.1,70.84,69.0,70.03,6959.32,48632.037
300696.SZ,20260422,35.64,38.6,35.64,38.52,127437.33,477923.87
300697.SZ,20260422,15.98,16.15,15.74,16.15,73265.7,117107.34
300698.SZ,20260422,36.0,42.2,35.7,41.99,138440.77,546674.338
300699.SZ,20260422,36.3,37.32,36.21,36.95,217981.65,803920.356
300700.SZ,20260422,16.2,16.87,16.03,16.85,119259.15,196577.01
300701.SZ,20260422,11.77,11.96,11.72,11.96,38038.5,45072.646
300702.SZ,20260422,22.07,22.2,21.78,22.2,22308.57,49042.701
300703.SZ,20260422,20.83,21.04,20.14,20.28,121254.02,247050.55
300705.SZ,20260422,13.73,13.8,13.65,13.8,34812.72,47791.435
300706.SZ,20260422,39.55,40.56,38.9,39.86,137804.07,547564.476
300707.SZ,20260422,16.18,16.23,15.93,16.23,54856.0,88283.477
300708.SZ,20260422,9.49,9.85,9.48,9.85,436099.76,425201.498
300709.SZ,20260422,41.0,41.63,40.6,41.61,40442.28,166864.476
300710.SZ,20260422,29.85,29.94,28.52,29.22,42180.0,122829.759
300711.SZ,20260422,24.96,25.4,24.63,25.3,60451.16,152064.82
300712.SZ,20260422,28.98,29.26,28.6,28.77,26161.16,75268.043
300713.SZ,20260422,16.72,17.0,16.56,16.75,24370.3,40642.29
300715.SZ,20260422,13.36,13.4,12.84,12.92,63639.8,82559.405
300716.SZ,20260422,13.46,13.97,13.21,13.43,61114.0,82845.18
300717.SZ,20260422,20.98,21.14,20.71,20.94,15898.0,33266.682
300718.SZ,20260422,70.11,71.2,70.1,70.71,28590.54,201990.892
300719.SZ,20260422,16.05,16.2,15.93,16.17,37491.0,60365.584
300720.SZ,20260422,65.0,72.57,64.5,72.15,143551.39,987725.869
300721.SZ,20260422,14.35,14.74,14.1,14.74,67209.3,96692.988
300722.SZ,20260422,31.0,31.17,30.65,31.0,27838.12,86088.698
300723.SZ,20260422,35.05,35.72,34.7,35.67,92923.76,327775.179
300724.SZ,20260422,98.0,99.54,93.38,93.8,505695.47,4808189.642
300725.SZ,20260422,38.8,39.38,38.29,38.96,101257.12,393345.324
300726.SZ,20260422,45.71,48.4,45.51,48.31,102115.7,482256.648
300727.SZ,20260422,34.42,34.8,34.01,34.57,29164.0,100339.553
300729.SZ,20260422,13.08,13.1,12.96,13.03,22472.65,29244.261
300730.SZ,20260422,13.73,13.98,13.52,13.9,57394.0,78985.292
300731.SZ,20260422,74.06,75.75,72.02,74.71,86498.0,639539.739
300732.SZ,20260422,6.76,6.82,6.73,6.82,49653.26,33707.727
300733.SZ,20260422,18.0,18.11,17.87,17.99,35358.0,63574.46
300735.SZ,20260422,23.25,23.52,23.18,23.41,99030.37,231222.991
300736.SZ,20260422,27.81,28.15,26.66,27.27,133113.0,363494.456
300737.SZ,20260422,6.18,6.64,6.14,6.56,370760.18,239561.429
300738.SZ,20260422,23.69,24.8,23.52,24.7,1152692.43,2788726.79
300739.SZ,20260422,28.88,30.31,28.71,30.31,356799.88,1063699.415
300740.SZ,20260422,23.15,23.79,23.15,23.5,113677.59,266820.223
300741.SZ,20260422,16.77,17.2,16.62,16.94,40271.02,67927.979
300743.SZ,20260422,19.0,19.53,18.9,19.42,52074.57,100283.736
300745.SZ,20260422,26.36,27.83,26.31,27.53,45706.74,124588.165
300746.SZ,20260422,13.5,13.5,13.3,13.4,25507.0,34127.892
300747.SZ,20260422,36.87,37.43,36.4,36.95,207161.64,764556.243
300748.SZ,20260422,33.5,33.65,33.01,33.59,295699.53,987407.876
300749.SZ,20260422,25.59,26.23,25.08,25.95,85109.0,219442.703
300750.SZ,20260422,441.01,447.97,433.13,436.35,460254.32,20173924.648
300751.SZ,20260422,232.59,238.23,230.51,238.15,78130.55,1837667.953
300752.SZ,20260422,19.35,19.66,19.15,19.2,46465.12,89815.714
300753.SZ,20260422,27.56,27.84,27.23,27.76,31036.2,85566.169
300755.SZ,20260422,13.2,13.33,13.11,13.3,30176.41,39836.464
300756.SZ,20260422,53.99,56.0,53.63,55.94,46001.8,254513.398
300757.SZ,20260422,540.01,559.69,536.38,556.2,61138.5,3360620.203
300758.SZ,20260422,15.12,16.28,15.01,15.6,561113.21,875316.715
300759.SZ,20260422,30.02,30.59,29.97,30.44,186278.97,564371.327
300760.SZ,20260422,157.01,160.99,157.01,159.6,70471.62,1119470.514
300761.SZ,20260422,22.26,23.55,22.08,22.29,204486.02,464852.227
300762.SZ,20260422,42.2,43.72,41.52,42.98,484007.74,2064117.226
300763.SZ,20260422,93.6,94.99,92.51,94.33,146677.66,1374370.493
300765.SZ,20260422,31.8,32.17,31.08,32.04,88431.3,279173.295
300766.SZ,20260422,37.75,40.21,37.5,39.85,359573.77,1409970.277
300767.SZ,20260422,22.8,23.96,22.38,23.61,137139.58,320837.304
300768.SZ,20260422,16.91,17.26,16.9,17.25,50232.04,86117.352
300769.SZ,20260422,48.3,51.16,48.3,49.64,228949.4,1140325.867
300770.SZ,20260422,40.2,40.29,39.9,40.03,16773.95,67148.083
300771.SZ,20260422,13.88,14.34,13.8,14.16,53390.0,75368.444
300772.SZ,20260422,16.18,16.44,16.1,16.43,153165.52,249428.476
300773.SZ,20260422,27.13,27.73,26.79,27.65,531461.08,1455404.758
300774.SZ,20260422,16.97,17.07,16.65,16.89,96023.9,161530.65
300775.SZ,20260422,36.99,37.2,36.2,37.16,190083.89,698030.564
300776.SZ,20260422,102.0,114.68,100.1,113.0,223197.43,2420067.961
300777.SZ,20260422,34.04,34.49,33.81,34.47,149754.66,513382.073
300778.SZ,20260422,12.67,12.77,12.56,12.63,21070.8,26593.148
300779.SZ,20260422,90.01,90.55,88.3,88.37,50713.74,451851.076
300780.SZ,20260422,24.3,24.97,23.95,24.9,119547.0,293311.547
300781.SZ,20260422,36.18,36.3,35.45,36.07,33897.74,121530.235
300782.SZ,20260422,113.75,117.27,112.0,114.59,306011.67,3500160.137
300783.SZ,20260422,18.78,18.81,18.55,18.65,37485.0,69858.461
300784.SZ,20260422,50.88,50.89,50.25,50.71,4974.0,25204.708
300785.SZ,20260422,54.85,54.96,53.13,53.98,126463.14,681031.375
300786.SZ,20260422,15.04,15.25,14.82,15.12,42974.4,64702.945
300787.SZ,20260422,12.24,12.31,12.16,12.26,38953.87,47669.89
300788.SZ,20260422,39.68,40.7,38.8,39.94,85604.56,341555.938
300789.SZ,20260422,21.24,21.32,20.95,21.31,11768.0,24860.25
300790.SZ,20260422,31.44,31.95,30.82,30.87,207802.0,645213.544
300791.SZ,20260422,20.36,20.36,20.11,20.17,10952.78,22126.608
300792.SZ,20260422,35.88,36.08,35.33,36.07,44887.06,160684.319
300793.SZ,20260422,14.24,14.47,14.14,14.35,49552.0,71058.136
300795.SZ,20260422,11.77,11.78,11.42,11.5,45024.4,52071.203
300796.SZ,20260422,8.82,8.89,8.43,8.51,148350.52,126573.081
300797.SZ,20260422,15.81,15.86,15.61,15.75,22437.5,35348.76
300798.SZ,20260422,11.11,11.88,11.05,11.7,674056.91,778801.024
300800.SZ,20260422,11.91,12.49,11.85,12.39,59888.0,73719.787
300801.SZ,20260422,31.34,31.88,30.0,30.73,223419.48,688871.68
300802.SZ,20260422,19.23,20.26,19.13,19.75,50123.79,98948.128
300803.SZ,20260422,98.5,101.4,97.8,100.96,170183.36,1702453.427
300804.SZ,20260422,47.0,48.35,46.6,46.81,20997.0,98955.869
300805.SZ,20260422,10.68,10.72,10.49,10.69,88302.84,93699.047
300806.SZ,20260422,70.0,70.95,68.04,69.5,177060.8,1224191.147
300808.SZ,20260422,24.77,24.77,24.15,24.17,29689.54,72335.601
300809.SZ,20260422,35.12,35.3,34.25,34.79,46527.8,161128.775
300810.SZ,20260422,33.8,34.9,33.22,34.09,24739.5,83717.558
300811.SZ,20260422,87.0,89.0,85.91,88.45,70838.55,619378.877
300812.SZ,20260422,38.52,39.8,38.47,39.63,118895.0,468856.528
300813.SZ,20260422,26.76,26.89,25.96,26.0,35015.87,91596.215
300814.SZ,20260422,97.89,101.93,96.87,99.93,74816.5,745543.192
300815.SZ,20260422,21.1,21.2,20.91,21.13,48479.52,102160.765
300816.SZ,20260422,64.38,68.68,64.1,68.28,30711.11,207125.717
300817.SZ,20260422,20.09,20.09,19.64,19.95,35103.87,69588.144
300818.SZ,20260422,36.46,36.84,36.28,36.5,19001.2,69440.006
300819.SZ,20260422,53.52,54.76,51.11,54.09,70940.5,375290.416
300820.SZ,20260422,46.54,47.17,46.28,47.17,22743.82,106590.676
300821.SZ,20260422,14.24,14.49,14.14,14.44,483263.18,693694.039
300822.SZ,20260422,13.97,14.08,13.83,14.05,13171.82,18406.488
300823.SZ,20260422,16.45,16.58,16.25,16.43,15159.4,24901.874
300824.SZ,20260422,10.3,10.34,10.18,10.26,34321.0,35191.354
300825.SZ,20260422,9.02,9.02,8.86,8.93,52690.0,46978.651
300826.SZ,20260422,16.6,16.98,16.5,16.9,31326.55,52521.556
300827.SZ,20260422,37.35,37.45,36.5,36.87,301699.35,1110681.616
300828.SZ,20260422,22.9,22.93,22.3,22.61,91713.5,206583.126
300829.SZ,20260422,17.88,18.22,17.83,17.91,57756.28,103974.328
300830.SZ,20260422,11.55,11.79,11.02,11.1,300004.0,336487.291
300831.SZ,20260422,16.86,17.3,16.82,17.08,105069.65,179318.341
300832.SZ,20260422,44.61,46.48,44.55,45.7,62092.9,282363.674
300833.SZ,20260422,35.28,35.28,34.63,34.94,6743.13,23502.068
300834.SZ,20260422,38.3,39.75,37.1,39.4,126647.92,487834.537
300835.SZ,20260422,94.3,99.88,94.09,99.47,45180.8,443476.385
300836.SZ,20260422,62.01,66.0,61.63,63.96,25503.54,161795.695
300837.SZ,20260422,36.32,37.3,35.5,36.96,22665.0,82525.283
300838.SZ,20260422,15.99,16.14,15.71,15.87,26280.5,41883.212
300839.SZ,20260422,14.8,15.39,14.73,15.32,111670.96,168442.107
300840.SZ,20260422,19.11,19.41,19.08,19.29,48074.0,92514.903
300841.SZ,20260422,60.78,61.29,58.72,59.54,22556.81,134224.346
300842.SZ,20260422,84.47,85.85,82.29,85.3,51620.87,435330.038
300843.SZ,20260422,67.34,73.19,66.81,72.23,98215.8,698217.564
300844.SZ,20260422,35.9,36.25,34.96,36.2,8828.4,31494.596
300845.SZ,20260422,13.5,13.76,13.4,13.67,59835.13,81550.052
300846.SZ,20260422,29.08,29.3,28.4,29.13,551795.96,1589367.346
300847.SZ,20260422,15.75,15.87,15.68,15.85,23966.76,37784.849
300848.SZ,20260422,16.1,17.0,16.1,16.57,104189.61,172797.45
300849.SZ,20260422,21.45,21.89,21.09,21.68,23784.5,51098.932
300850.SZ,20260422,41.0,41.66,40.81,41.45,122974.32,507836.224
300851.SZ,20260422,29.16,29.55,28.85,29.4,7881.0,23112.496
300852.SZ,20260422,43.89,45.36,43.75,45.33,56754.77,254041.391
300853.SZ,20260422,25.09,26.57,25.0,26.33,78088.01,203846.152
300854.SZ,20260422,29.39,30.18,28.9,29.62,50177.86,148380.893
300855.SZ,20260422,42.34,42.64,39.6,40.6,107342.16,435376.52
300856.SZ,20260422,12.93,13.06,12.82,13.01,29980.2,38790.38
300857.SZ,20260422,219.96,260.77,219.93,260.76,415961.08,10066878.595
300858.SZ,20260422,24.21,24.37,21.86,22.48,370558.98,853552.157
300859.SZ,20260422,33.19,33.41,32.56,32.75,52147.84,171149.291
300860.SZ,20260422,24.4,24.4,24.0,24.27,17912.68,43358.503
300861.SZ,20260422,17.01,17.18,16.83,17.09,66691.31,113334.054
300862.SZ,20260422,22.67,23.34,21.85,22.61,100227.61,225232.413
300863.SZ,20260422,58.2,60.56,57.01,59.68,68645.4,403428.528
300864.SZ,20260422,21.2,21.86,21.02,21.64,23550.69,50809.489
300865.SZ,20260422,28.05,28.05,27.5,27.75,11856.0,32845.025
300866.SZ,20260422,116.09,118.9,115.01,118.43,66030.03,773297.39
300867.SZ,20260422,21.02,21.6,21.0,21.3,78647.72,166846.176
300868.SZ,20260422,77.0,77.44,71.88,72.21,54347.31,399878.855
300869.SZ,20260422,12.93,13.03,12.83,13.02,26206.3,33993.249
300870.SZ,20260422,365.49,375.0,351.67,372.95,65885.01,2395899.56
300871.SZ,20260422,27.24,27.76,27.0,27.32,75446.85,205852.739
300872.SZ,20260422,16.4,16.64,16.24,16.62,72702.1,119769.485
300873.SZ,20260422,22.52,22.61,22.0,22.42,32058.87,71427.249
300875.SZ,20260422,40.77,40.77,39.8,39.88,41196.0,164753.782
300876.SZ,20260422,27.72,27.73,26.83,27.58,21860.56,59524.295
300877.SZ,20260422,28.48,29.07,28.2,28.77,22495.44,64692.775
300878.SZ,20260422,26.7,26.7,26.12,26.26,12628.8,33234.393
300879.SZ,20260422,25.58,25.88,25.12,25.59,35337.19,90066.663
300880.SZ,20260422,22.3,22.45,22.04,22.39,59156.22,131752.656
300881.SZ,20260422,48.15,48.57,47.15,48.57,21233.0,101199.625
300882.SZ,20260422,22.14,22.45,22.08,22.36,28118.87,62668.35
300883.SZ,20260422,6.68,6.76,6.55,6.71,128778.42,85982.196
300884.SZ,20260422,13.31,13.39,13.17,13.33,34168.0,45329.708
300885.SZ,20260422,25.14,25.25,24.65,24.9,68078.65,169144.561
300886.SZ,20260422,29.66,29.85,29.43,29.81,10258.96,30481.878
300887.SZ,20260422,9.86,9.93,9.75,9.88,78678.0,77537.937
300888.SZ,20260422,32.74,32.87,31.96,32.44,96125.96,311006.056
300889.SZ,20260422,25.83,26.0,25.48,25.58,39885.99,102391.66
300890.SZ,20260422,38.17,39.79,37.82,39.79,288001.94,1130637.461
300891.SZ,20260422,8.44,8.54,8.38,8.5,59534.13,50534.301
300892.SZ,20260422,28.07,28.12,27.24,27.71,18213.58,50333.318
300893.SZ,20260422,23.84,24.38,23.41,23.59,26831.83,63451.075
300894.SZ,20260422,9.99,9.99,9.76,9.84,42218.67,41536.029
300895.SZ,20260422,59.6,60.58,55.75,60.56,201736.41,1162982.621
300896.SZ,20260422,113.8,115.05,113.3,114.65,18559.76,211834.893
300897.SZ,20260422,26.58,26.58,25.95,26.4,12450.86,32604.624
300898.SZ,20260422,24.08,24.11,23.51,24.0,35487.0,84592.051
300899.SZ,20260422,39.97,39.97,38.42,38.7,7296.0,28339.683
300900.SZ,20260422,47.7,49.96,47.24,47.88,537967.0,2592655.779
300901.SZ,20260422,15.23,16.8,15.1,16.34,134713.0,217862.435
300902.SZ,20260422,18.26,18.67,18.26,18.58,42314.02,78328.564
300903.SZ,20260422,38.2,44.33,37.5,43.92,546922.84,2226722.133
300904.SZ,20260422,58.59,59.1,57.66,58.38,6277.0,36574.226
300905.SZ,20260422,54.51,58.28,54.0,55.55,160637.55,893258.718
300906.SZ,20260422,35.01,36.6,34.65,35.65,28353.0,100609.863
300907.SZ,20260422,29.79,30.75,29.53,30.33,26232.0,79076.751
300908.SZ,20260422,28.71,29.07,28.58,28.68,15527.77,44622.126
300909.SZ,20260422,40.97,45.74,40.85,44.34,60491.38,265440.905
300910.SZ,20260422,46.13,46.13,44.81,44.98,66341.66,299072.887
300911.SZ,20260422,32.27,34.27,32.06,32.63,82262.33,269624.565
300912.SZ,20260422,26.48,27.12,26.1,26.72,59693.94,159113.065
300913.SZ,20260422,54.38,57.13,54.13,56.79,96489.74,542114.064
300915.SZ,20260422,23.26,24.37,22.86,23.53,15588.1,36798.784
300916.SZ,20260422,34.6,35.63,34.0,35.51,90565.49,317211.324
300917.SZ,20260422,32.81,33.33,32.77,33.19,32929.34,108776.067
300918.SZ,20260422,14.8,14.95,14.68,14.85,86627.37,128453.727
300919.SZ,20260422,57.88,58.99,57.2,58.2,174445.29,1013565.239
300920.SZ,20260422,39.56,39.66,39.04,39.52,6944.0,27338.713
300921.SZ,20260422,25.32,26.26,25.27,26.21,75529.57,195296.245
300922.SZ,20260422,19.56,19.88,19.44,19.87,29643.8,58432.485
300923.SZ,20260422,27.83,28.04,27.6,27.86,9154.49,25443.713
300925.SZ,20260422,18.64,20.34,18.63,19.76,280545.65,547199.982
300926.SZ,20260422,25.25,26.38,25.05,26.08,70364.72,181277.254
300927.SZ,20260422,30.78,31.16,30.24,30.91,73308.8,225074.824
300928.SZ,20260422,29.98,30.06,29.67,29.94,8375.0,25015.299
300929.SZ,20260422,12.52,12.67,12.34,12.57,19337.5,24260.341
300930.SZ,20260422,30.2,30.27,29.61,30.19,7776.45,23405.204
300931.SZ,20260422,13.65,13.72,13.34,13.44,52483.0,70824.46
300932.SZ,20260422,14.09,14.26,14.0,14.22,76467.77,108175.706
300933.SZ,20260422,8.0,8.08,7.92,7.98,148998.99,119015.311
300935.SZ,20260422,31.6,32.11,31.23,31.75,12284.84,38991.638
300936.SZ,20260422,73.49,76.66,72.01,75.98,56620.89,420589.397
300937.SZ,20260422,29.0,29.01,27.32,28.13,49908.6,138302.057
300938.SZ,20260422,50.77,52.38,49.69,51.96,206581.45,1064343.3
300939.SZ,20260422,40.04,41.46,39.8,41.15,47262.06,193730.922
300940.SZ,20260422,24.07,24.14,23.61,23.92,51279.65,122045.196
300941.SZ,20260422,19.82,19.93,19.63,19.92,24821.18,49170.583
300942.SZ,20260422,8.32,8.34,8.22,8.29,39077.45,32352.341
300943.SZ,20260422,29.16,30.35,29.01,30.25,85136.16,254071.024
300945.SZ,20260422,15.75,15.86,15.56,15.81,60188.06,94622.303
300946.SZ,20260422,47.39,48.21,47.13,47.82,11842.12,56391.615
300947.SZ,20260422,17.4,17.84,17.2,17.53,35135.7,61669.217
300948.SZ,20260422,20.22,20.36,19.47,19.73,45167.43,89391.464
300949.SZ,20260422,38.37,38.86,37.83,38.41,6843.0,26247.009
300950.SZ,20260422,21.7,22.36,21.5,21.9,30865.42,67554.882
300951.SZ,20260422,36.92,39.74,36.59,39.07,55704.35,214676.743
300952.SZ,20260422,37.04,38.18,36.68,37.21,49143.8,183493.101
300953.SZ,20260422,216.93,231.95,215.0,227.18,101575.17,2270133.326
300955.SZ,20260422,37.64,38.88,37.03,38.17,24710.1,93393.757
300956.SZ,20260422,15.31,15.68,15.26,15.64,40751.94,63253.174
300957.SZ,20260422,36.8,36.94,35.8,36.21,86015.96,310990.642
300958.SZ,20260422,13.31,13.53,13.23,13.38,21362.98,28649.396
300959.SZ,20260422,86.9,89.4,86.68,88.95,29098.54,256019.132
300960.SZ,20260422,23.42,23.59,23.21,23.46,12475.93,29169.05
300961.SZ,20260422,13.41,13.42,13.13,13.38,47470.99,62963.091
300962.SZ,20260422,16.31,16.42,16.16,16.38,20842.78,33965.085
300963.SZ,20260422,17.11,17.11,16.86,17.04,61590.66,104637.0
300964.SZ,20260422,76.6,76.98,73.9,74.71,45611.88,342242.642
300965.SZ,20260422,56.4,56.53,55.25,56.46,5291.51,29590.946
300966.SZ,20260422,21.73,21.83,21.52,21.8,13672.0,29661.479
300967.SZ,20260422,17.9,18.22,17.51,17.62,65628.58,116573.095
300968.SZ,20260422,11.91,12.07,11.85,12.03,34348.61,41142.585
300969.SZ,20260422,130.33,134.05,129.75,130.74,28703.28,377141.293
300970.SZ,20260422,33.17,37.59,33.0,35.0,266141.2,914975.766
300971.SZ,20260422,24.3,25.57,24.18,25.29,76482.89,190776.186
300972.SZ,20260422,205.33,209.52,202.0,208.98,10803.98,223745.087
300973.SZ,20260422,34.03,34.03,33.48,33.75,18013.08,60628.246
300975.SZ,20260422,20.7,21.48,20.55,21.25,504334.11,1066032.871
300976.SZ,20260422,60.3,61.75,60.0,61.63,19996.69,122528.196
300977.SZ,20260422,19.64,19.64,19.19,19.36,18664.5,36054.946
300978.SZ,20260422,11.17,11.22,11.08,11.15,24833.79,27713.409
300979.SZ,20260422,43.0,43.18,42.48,42.57,16629.0,70929.991
300980.SZ,20260422,35.28,35.36,34.05,34.88,36087.73,124782.808
300981.SZ,20260422,13.38,14.5,13.24,14.46,246322.38,344939.694
300982.SZ,20260422,21.32,21.87,20.9,21.84,51981.53,110966.649
300983.SZ,20260422,31.08,31.08,30.36,30.64,5947.47,18248.924
300984.SZ,20260422,61.66,63.0,60.9,62.15,26886.56,166178.814
300985.SZ,20260422,23.63,23.8,23.04,23.18,39327.59,91741.641
300986.SZ,20260422,24.18,24.29,23.78,24.2,215981.98,518806.688
300987.SZ,20260422,17.59,17.59,17.32,17.44,26268.88,45801.295
300988.SZ,20260422,27.79,28.74,27.4,28.35,50443.46,142218.131
300989.SZ,20260422,15.12,15.34,15.04,15.2,38363.77,58336.251
300990.SZ,20260422,87.77,93.2,86.3,91.56,75492.41,678143.313
300991.SZ,20260422,50.85,51.88,48.6,50.44,51370.67,255755.765
300992.SZ,20260422,33.15,33.97,33.0,33.58,39614.52,132535.751
300993.SZ,20260422,12.5,12.57,12.32,12.37,22140.7,27449.183
300994.SZ,20260422,15.1,15.29,14.96,15.21,27704.41,41937.64
300995.SZ,20260422,35.77,36.88,35.24,36.09,18701.21,67256.117
300996.SZ,20260422,17.34,17.66,17.27,17.63,76787.97,134017.537
300997.SZ,20260422,20.42,21.29,20.03,20.95,172465.15,357222.065
300998.SZ,20260422,25.86,26.31,25.51,26.16,21496.57,55784.882
300999.SZ,20260422,28.06,28.52,28.05,28.15,99524.75,281248.561
301000.SZ,20260422,29.81,30.08,29.51,30.05,27727.83,82798.465
301001.SZ,20260422,28.95,28.98,28.26,28.81,10523.0,30108.02
301002.SZ,20260422,44.89,45.63,44.25,44.92,52842.07,237620.4
301003.SZ,20260422,52.9,63.48,52.9,63.48,73852.01,441218.746
301004.SZ,20260422,49.0,51.49,48.82,49.99,9046.02,45534.261
301005.SZ,20260422,174.0,177.99,170.0,177.94,109393.25,1903365.8
301006.SZ,20260422,17.64,17.99,17.49,17.85,11425.0,20276.106
301007.SZ,20260422,35.33,36.05,34.75,35.83,33533.84,119038.044
301008.SZ,20260422,33.38,33.77,33.12,33.58,58888.88,197397.242
301009.SZ,20260422,11.71,11.81,11.62,11.67,18369.0,21446.812
301010.SZ,20260422,21.22,21.44,20.95,21.39,12931.0,27468.306
301011.SZ,20260422,22.2,22.3,21.77,22.22,13293.95,29329.227
301012.SZ,20260422,37.85,38.79,36.0,37.26,262140.37,972329.523
301013.SZ,20260422,24.3,25.3,24.3,25.17,119146.24,294744.717
301015.SZ,20260422,26.53,26.88,25.7,25.79,142069.76,369021.492
301016.SZ,20260422,24.1,24.1,23.35,23.54,28011.0,65936.904
301017.SZ,20260422,14.85,14.97,14.51,14.97,100460.16,148115.476
301018.SZ,20260422,123.72,127.41,118.0,126.5,195049.67,2390432.652
301019.SZ,20260422,21.88,23.15,21.69,22.94,39233.59,88977.988
301020.SZ,20260422,22.44,22.98,22.3,22.94,30029.0,68197.701
301021.SZ,20260422,64.0,65.28,63.05,65.09,45238.49,290322.703
301022.SZ,20260422,34.88,38.62,34.0,35.9,147414.59,532615.55
301023.SZ,20260422,41.34,41.49,40.56,41.3,11245.87,46165.494
301024.SZ,20260422,40.35,40.79,39.71,40.79,7740.01,31213.494
301025.SZ,20260422,11.18,11.21,11.02,11.11,47798.0,53048.311
301026.SZ,20260422,30.4,31.5,30.1,31.03,48051.85,148451.573
301027.SZ,20260422,23.6,25.24,23.29,24.85,95665.03,233720.565
301028.SZ,20260422,14.5,14.52,14.26,14.31,28718.0,41280.232
301029.SZ,20260422,27.96,28.25,27.77,28.07,73565.92,206351.124
301030.SZ,20260422,11.84,12.28,11.82,11.9,70192.0,83919.343
301031.SZ,20260422,150.0,154.0,149.28,152.81,19656.37,297907.719
301032.SZ,20260422,13.38,13.53,13.33,13.51,35672.0,47929.123
301033.SZ,20260422,57.31,58.15,57.31,58.15,5160.88,29843.263
301035.SZ,20260422,76.76,79.1,76.53,78.91,11794.33,92071.308
301036.SZ,20260422,29.01,29.09,28.5,28.93,14233.13,41002.523
301037.SZ,20260422,14.99,15.05,14.85,14.98,10680.12,15976.778
301038.SZ,20260422,21.0,21.0,20.74,20.88,17443.31,36358.61
301039.SZ,20260422,9.14,9.33,9.09,9.26,81561.59,75082.937
301040.SZ,20260422,32.01,32.91,31.68,32.0,47929.0,154623.412
301041.SZ,20260422,29.72,30.39,29.61,30.18,40574.0,121535.639
301042.SZ,20260422,94.95,96.9,94.13,95.5,18138.0,173154.851
301043.SZ,20260422,52.65,53.11,50.9,52.8,11761.0,61035.787
301045.SZ,20260422,42.59,42.78,40.87,41.39,29144.0,120965.246
301046.SZ,20260422,26.19,26.42,25.97,26.15,22798.31,59560.468
301047.SZ,20260422,73.59,74.64,73.14,74.64,7913.13,58667.513
301048.SZ,20260422,10.83,10.94,10.81,10.85,65618.1,71301.236
301049.SZ,20260422,23.13,23.35,22.8,23.15,15457.99,35679.928
301050.SZ,20260422,49.7,50.16,49.31,49.85,53354.23,265342.627
301051.SZ,20260422,22.6,23.25,22.46,23.07,28445.16,65180.142
301052.SZ,20260422,35.5,35.98,34.85,35.27,44467.36,156303.834
301053.SZ,20260422,63.14,64.8,60.51,61.52,47673.77,294559.672
301055.SZ,20260422,35.19,36.28,33.41,34.14,136255.82,474972.012
301056.SZ,20260422,15.48,15.7,14.98,15.09,60814.28,92502.267
301057.SZ,20260422,31.79,36.9,31.56,34.28,59782.92,206038.214
301058.SZ,20260422,10.03,10.03,9.92,9.96,42987.54,42760.934
301059.SZ,20260422,14.35,14.43,14.25,14.26,27980.0,40023.468
301060.SZ,20260422,9.71,9.71,9.54,9.68,33119.0,31932.818
301061.SZ,20260422,73.06,73.96,70.85,71.44,15759.59,112855.407
301062.SZ,20260422,8.11,8.3,8.06,8.2,50708.0,41462.849
301063.SZ,20260422,25.01,25.12,24.64,24.97,14056.1,34990.579
301065.SZ,20260422,23.56,23.65,23.28,23.59,11230.0,26393.966
301066.SZ,20260422,14.45,14.46,14.15,14.26,44415.46,63236.675
301067.SZ,20260422,33.73,34.5,33.73,34.29,11811.0,40427.381
301068.SZ,20260422,35.51,37.36,35.51,36.53,25448.7,92292.175
301069.SZ,20260422,22.0,22.25,21.82,22.15,75499.82,166258.588
301070.SZ,20260422,98.83,104.0,97.5,100.45,71812.08,726533.27
301071.SZ,20260422,49.73,51.38,49.2,50.24,125732.03,629192.535
301072.SZ,20260422,22.7,23.48,22.66,23.37,17205.98,39776.012
301073.SZ,20260422,25.52,26.02,25.41,25.92,46460.66,119864.706
301075.SZ,20260422,81.68,84.66,73.18,76.73,35062.55,270599.2
301076.SZ,20260422,39.55,39.76,39.01,39.51,35960.96,141646.985
301077.SZ,20260422,31.31,33.5,30.8,31.96,91590.56,293037.044
301078.SZ,20260422,8.8,8.93,8.73,8.85,193583.29,170646.111
301079.SZ,20260422,47.39,47.6,44.8,45.23,166213.79,755416.041
301080.SZ,20260422,46.55,48.49,46.36,48.0,51121.83,244184.979
301081.SZ,20260422,16.14,16.26,15.89,16.15,59842.2,96212.998
301082.SZ,20260422,17.1,17.35,16.85,17.33,62281.92,106585.614
301083.SZ,20260422,17.2,17.24,16.92,17.11,13792.47,23570.622
301085.SZ,20260422,69.36,72.71,67.5,71.8,70855.34,494838.109
301086.SZ,20260422,178.29,190.49,176.79,189.84,23712.67,440060.296
301087.SZ,20260422,57.03,57.5,54.9,55.62,43179.67,241991.345
301088.SZ,20260422,14.6,14.67,14.4,14.47,11846.06,17198.08
301089.SZ,20260422,27.45,27.58,27.15,27.51,14528.0,39783.068
301090.SZ,20260422,8.55,8.66,8.41,8.53,171344.71,145821.928
301091.SZ,20260422,23.0,23.2,22.7,23.09,43191.49,99451.849
301092.SZ,20260422,34.14,37.26,33.98,35.89,45235.88,162559.889
301093.SZ,20260422,80.0,82.18,78.05,81.96,33498.04,270651.583
301095.SZ,20260422,86.5,90.35,85.54,89.55,67695.95,601054.418
301096.SZ,20260422,56.2,57.88,55.9,57.67,22606.9,129548.026
301097.SZ,20260422,58.94,60.15,57.86,59.7,8100.73,47635.098
301098.SZ,20260422,8.59,8.83,8.55,8.74,71452.11,62182.892
301099.SZ,20260422,56.56,56.94,54.01,55.98,230262.36,1277384.484
301100.SZ,20260422,18.82,18.9,18.62,18.81,7689.0,14441.296
301101.SZ,20260422,34.58,35.09,34.46,35.03,15213.64,53029.562
301102.SZ,20260422,10.9,10.9,10.71,10.76,25706.59,27719.575
301103.SZ,20260422,18.93,19.14,18.9,19.08,11064.06,21058.475
301105.SZ,20260422,58.24,59.4,56.95,57.16,7681.3,44280.325
301106.SZ,20260422,29.7,33.43,29.37,32.43,57433.99,181538.406
301107.SZ,20260422,28.53,28.68,28.22,28.65,9171.2,26145.701
301108.SZ,20260422,28.14,28.77,28.14,28.51,13055.8,37069.845
301109.SZ,20260422,15.35,15.43,15.29,15.39,43388.94,66685.693
301110.SZ,20260422,68.4,71.55,66.8,70.01,69877.09,485786.973
301111.SZ,20260422,18.97,19.68,18.78,19.44,54112.57,104623.174
301112.SZ,20260422,33.5,36.2,33.5,34.62,31474.2,110437.828
301113.SZ,20260422,25.56,25.56,24.98,25.19,8786.1,22143.79
301115.SZ,20260422,20.82,21.08,20.64,20.76,24208.0,50502.892
301116.SZ,20260422,10.41,10.53,10.28,10.33,24665.0,25502.683
301117.SZ,20260422,46.2,46.56,45.19,46.55,46517.86,214298.699
301118.SZ,20260422,24.88,25.68,24.71,25.45,22848.97,57727.934
301119.SZ,20260422,44.68,45.53,43.63,44.46,21642.5,96015.14
301120.SZ,20260422,22.84,24.18,22.81,23.98,227999.82,539390.92
301121.SZ,20260422,37.51,38.65,37.51,37.89,13300.73,50688.261
301122.SZ,20260422,31.14,31.76,30.57,31.6,15075.0,47231.868
301123.SZ,20260422,63.52,66.55,63.52,66.3,101905.75,664832.556
301125.SZ,20260422,24.88,25.0,24.5,24.8,32837.77,81190.222
301126.SZ,20260422,11.25,11.34,11.18,11.25,20317.0,22815.103
301127.SZ,20260422,16.09,16.2,15.6,15.78,102756.74,162205.636
301128.SZ,20260422,175.39,192.0,169.1,187.5,95861.23,1754411.647
301129.SZ,20260422,27.8,28.2,27.46,27.57,23586.56,65315.045
301130.SZ,20260422,30.4,30.47,30.13,30.24,8499.06,25719.81
301131.SZ,20260422,42.79,42.99,42.45,42.95,10354.4,44265.801
301132.SZ,20260422,42.29,42.99,42.0,42.88,69394.78,295615.428
301133.SZ,20260422,46.32,47.9,45.8,47.19,29835.54,140141.039
301135.SZ,20260422,28.35,28.48,28.03,28.41,10171.13,28784.698
301136.SZ,20260422,16.21,16.21,15.84,15.98,62583.54,99885.891
301137.SZ,20260422,44.02,44.79,43.5,44.74,43370.65,191207.669
301138.SZ,20260422,38.88,40.25,38.67,40.06,28101.15,111157.828
301139.SZ,20260422,17.57,17.7,17.33,17.68,34354.61,60357.359
301141.SZ,20260422,55.51,55.79,54.7,55.0,53867.82,296381.377
301148.SZ,20260422,63.94,66.5,62.5,66.0,36035.69,233474.936
301149.SZ,20260422,12.87,13.01,12.8,12.89,70715.97,91351.493
301150.SZ,20260422,67.59,70.95,64.43,65.04,204032.16,1358000.208
301151.SZ,20260422,18.98,18.98,18.66,18.77,8580.0,16103.403
301152.SZ,20260422,29.95,32.32,29.95,30.39,77775.26,241099.331
301153.SZ,20260422,24.71,24.87,24.35,24.63,49591.73,121851.335
301155.SZ,20260422,65.55,66.3,64.6,65.06,64221.11,419718.447
301156.SZ,20260422,19.06,19.19,18.82,19.0,17533.0,33317.253
301157.SZ,20260422,79.14,79.92,76.05,77.18,43919.95,338624.898
301158.SZ,20260422,23.62,23.77,23.03,23.53,56592.04,132000.284
301159.SZ,20260422,40.42,40.98,39.61,40.79,17068.0,68785.97
301160.SZ,20260422,58.46,59.77,58.04,58.95,20766.64,122392.602
301161.SZ,20260422,31.3,32.48,30.91,31.87,34983.09,111233.209
301162.SZ,20260422,69.0,70.66,68.53,69.6,20970.65,145882.973
301163.SZ,20260422,31.36,32.03,31.1,31.91,20413.0,64577.296
301165.SZ,20260422,92.82,98.0,91.5,95.74,125070.86,1185292.943
301166.SZ,20260422,30.46,30.75,30.25,30.65,8414.13,25703.401
301167.SZ,20260422,16.75,16.87,16.53,16.73,18807.4,31427.296
301168.SZ,20260422,43.8,44.32,43.59,43.68,13590.0,59532.578
301169.SZ,20260422,61.81,65.5,61.3,65.18,18809.68,120125.048
301170.SZ,20260422,29.62,29.62,29.08,29.43,9874.95,29037.008
301171.SZ,20260422,49.11,49.92,48.03,48.74,349904.97,1703796.822
301172.SZ,20260422,30.71,32.1,30.45,31.94,72380.38,229175.552
301173.SZ,20260422,44.25,44.5,44.08,44.39,5630.76,24954.262
301175.SZ,20260422,6.26,6.45,6.24,6.43,326747.75,207901.355
301176.SZ,20260422,29.5,30.48,29.4,29.81,76175.81,227188.432
301177.SZ,20260422,29.38,29.55,29.2,29.41,9142.16,26916.545
301178.SZ,20260422,54.29,56.9,53.2,56.36,38310.0,212091.013
301179.SZ,20260422,27.05,27.57,26.4,27.47,192322.79,518400.789
301180.SZ,20260422,19.62,20.15,19.41,19.47,56486.63,111048.624
301181.SZ,20260422,49.41,50.58,48.84,48.91,42442.16,209942.02
301182.SZ,20260422,65.03,68.16,63.8,66.99,48401.41,318308.841
301183.SZ,20260422,202.93,217.78,202.0,214.07,98686.41,2087549.601
301185.SZ,20260422,18.88,18.93,18.73,18.88,20059.96,37827.046
301186.SZ,20260422,75.89,79.11,75.38,77.98,41510.78,321675.598
301187.SZ,20260422,19.91,20.55,19.73,20.3,29335.99,59278.939
301188.SZ,20260422,24.81,28.6,24.65,27.42,349345.19,949860.483
301189.SZ,20260422,87.75,88.8,81.19,85.01,105889.45,892534.395
301190.SZ,20260422,21.9,22.67,21.86,22.63,20457.4,45739.189
301191.SZ,20260422,142.99,162.0,142.0,156.82,64946.36,994436.822
301192.SZ,20260422,27.45,27.47,26.99,27.32,16796.46,45748.655
301193.SZ,20260422,21.0,22.42,20.56,21.36,117771.13,252228.065
301195.SZ,20260422,32.38,32.97,32.0,32.65,11203.1,36446.256
301196.SZ,20260422,120.99,125.83,120.04,124.81,36436.58,451252.878
301197.SZ,20260422,28.68,29.35,28.56,28.9,47400.49,136951.714
301198.SZ,20260422,15.89,17.09,15.6,16.69,140801.14,229745.984
301199.SZ,20260422,22.46,22.82,22.43,22.72,11084.65,25059.248
301200.SZ,20260422,198.94,202.0,191.28,198.32,63345.91,1241587.192
301201.SZ,20260422,41.0,41.15,40.28,40.6,48654.41,197444.163
301202.SZ,20260422,42.6,42.68,41.55,42.52,26737.39,112832.3
301203.SZ,20260422,43.49,44.12,43.05,43.76,12832.59,56223.405
301205.SZ,20260422,278.59,296.65,278.5,294.0,85786.39,2488571.324
301206.SZ,20260422,26.28,26.34,26.02,26.15,7829.42,20456.944
301207.SZ,20260422,19.3,19.58,19.23,19.54,34795.58,67600.231
301208.SZ,20260422,34.73,35.03,34.51,35.02,9417.0,32815.524
301209.SZ,20260422,97.51,98.0,95.52,96.4,12046.5,116410.687
301210.SZ,20260422,36.6,36.82,36.33,36.39,24411.87,88976.959
301211.SZ,20260422,11.94,11.94,11.63,11.8,31758.15,37217.616
301212.SZ,20260422,27.19,27.49,27.03,27.48,8106.0,22124.148
301213.SZ,20260422,71.21,72.8,70.25,72.28,16872.81,120919.65
301215.SZ,20260422,6.3,6.33,6.26,6.32,90379.23,56899.325
301216.SZ,20260422,29.02,30.67,28.92,30.03,131870.86,396648.581
301217.SZ,20260422,48.61,52.3,48.6,51.49,510706.5,2566198.638
301218.SZ,20260422,35.99,36.15,34.2,34.65,43852.0,153125.959
301219.SZ,20260422,82.8,85.2,82.5,84.67,177564.39,1494374.138
301220.SZ,20260422,39.88,40.0,39.13,39.77,17468.8,69193.423
301221.SZ,20260422,52.65,54.28,52.6,54.15,29872.61,160681.734
301222.SZ,20260422,38.1,40.67,37.95,39.64,45158.58,177866.775
301223.SZ,20260422,19.6,19.65,19.36,19.38,15496.19,30171.846
301225.SZ,20260422,113.14,115.0,110.8,113.67,20597.42,232396.775
301226.SZ,20260422,39.2,39.58,38.78,39.57,52449.99,205814.03
301227.SZ,20260422,36.28,36.51,31.01,33.33,42853.05,144411.086
301228.SZ,20260422,55.16,57.37,54.7,57.18,38103.55,213775.713
301229.SZ,20260422,18.36,18.55,18.23,18.43,16993.0,31287.613
301230.SZ,20260422,39.51,44.07,38.9,43.82,139602.91,575892.717
301231.SZ,20260422,32.1,32.1,31.23,31.64,25726.39,81064.633
301232.SZ,20260422,226.0,239.98,225.8,232.15,60375.75,1399991.353
301233.SZ,20260422,54.99,55.39,54.7,55.1,7197.0,39614.508
301234.SZ,20260422,39.99,41.16,39.6,40.83,10680.8,43199.563
301235.SZ,20260422,52.39,61.5,51.86,58.79,135359.22,777074.912
301236.SZ,20260422,39.91,44.59,39.66,42.88,504608.29,2156368.293
301237.SZ,20260422,67.33,69.34,66.41,68.93,19911.56,135893.415
301238.SZ,20260422,21.29,21.99,21.21,21.39,124246.85,267786.959
301239.SZ,20260422,38.5,38.88,38.03,38.5,11325.49,43506.596
301246.SZ,20260422,23.87,24.62,23.74,23.91,178237.15,428897.444
301248.SZ,20260422,59.82,64.35,59.68,63.45,116113.29,726833.554
301251.SZ,20260422,66.78,68.97,66.5,67.99,38764.0,262406.521
301252.SZ,20260422,37.95,38.52,37.14,38.06,30207.13,113843.285
301255.SZ,20260422,29.14,29.64,28.99,29.45,32126.84,94096.666
301256.SZ,20260422,14.14,14.29,13.84,14.06,126533.5,177283.537
301257.SZ,20260422,56.57,58.08,56.42,57.19,12377.98,70682.631
301258.SZ,20260422,31.84,32.16,31.63,32.16,6897.64,22016.386
301259.SZ,20260422,37.73,38.93,37.38,38.45,39276.71,150639.732
301260.SZ,20260422,15.59,15.61,15.41,15.53,15543.0,24117.059
301261.SZ,20260422,76.6,77.48,74.85,77.32,16704.51,127607.865
301262.SZ,20260422,23.98,24.06,23.73,24.02,40221.75,96006.502
301263.SZ,20260422,30.0,30.1,29.21,29.66,42990.79,127531.933
301265.SZ,20260422,27.13,27.18,26.41,26.7,161180.83,430757.075
301266.SZ,20260422,41.1,42.57,40.5,42.23,30195.6,126247.205
301267.SZ,20260422,17.1,17.43,17.08,17.33,40129.5,69365.937
301268.SZ,20260422,22.98,23.01,22.02,22.37,57415.0,128291.318
301269.SZ,20260422,85.5,87.33,84.7,87.2,46311.86,401065.89
301270.SZ,20260422,35.5,35.6,34.75,35.02,33050.0,115856.842
301272.SZ,20260422,43.2,44.56,42.76,43.7,15398.71,66890.263
301273.SZ,20260422,31.61,31.93,31.07,31.55,8659.77,27294.852
301275.SZ,20260422,42.01,42.3,41.4,41.69,33643.85,140293.722
301276.SZ,20260422,26.06,26.92,25.8,26.57,31388.74,83251.616
301277.SZ,20260422,11.66,11.74,11.64,11.73,15668.32,18307.346
301278.SZ,20260422,39.55,45.98,39.25,44.0,122954.27,529756.689
301279.SZ,20260422,29.54,29.96,29.26,29.73,12075.63,35737.282
301280.SZ,20260422,62.19,63.13,61.9,62.9,15280.57,95486.922
301281.SZ,20260422,38.8,39.38,37.9,39.36,27976.12,107936.633
301282.SZ,20260422,45.34,50.95,45.08,47.5,220505.94,1055061.12
301283.SZ,20260422,49.83,49.95,48.93,49.83,14119.65,69982.498
301285.SZ,20260422,105.59,107.6,104.6,106.6,29459.34,313971.639
301286.SZ,20260422,49.99,50.33,48.07,48.54,30282.0,148199.061
301287.SZ,20260422,41.81,42.6,39.92,41.49,23629.77,96669.707
301288.SZ,20260422,18.73,19.12,18.66,18.76,5107.0,9624.693
301289.SZ,20260422,56.0,57.8,55.95,57.34,10340.21,58988.553
301290.SZ,20260422,28.79,29.44,28.21,28.25,39442.42,112484.319
301291.SZ,20260422,54.23,56.99,54.02,56.42,141572.89,792411.573
301292.SZ,20260422,95.0,100.88,93.58,98.13,192570.55,1858513.591
301293.SZ,20260422,68.1,69.25,66.6,69.17,99525.18,675730.346
301295.SZ,20260422,45.3,47.8,44.11,47.22,68145.04,312422.15
301296.SZ,20260422,7.9,7.94,7.82,7.88,19895.07,15648.635
301297.SZ,20260422,40.05,43.43,39.45,42.4,301071.43,1257520.741
301298.SZ,20260422,16.32,16.54,16.26,16.46,13212.71,21716.922
301299.SZ,20260422,64.18,64.75,62.58,64.14,18595.12,118581.597
301300.SZ,20260422,44.97,46.15,44.71,45.79,9612.0,43750.313
301301.SZ,20260422,10.1,10.15,10.01,10.11,93329.04,94266.062
301302.SZ,20260422,22.57,23.34,22.5,23.25,83950.5,193236.356
301303.SZ,20260422,16.41,17.15,16.35,16.96,76542.76,128716.37
301305.SZ,20260422,27.63,28.37,27.59,28.06,40948.58,114891.096
301306.SZ,20260422,170.13,183.0,169.58,173.72,72443.67,1273612.283
301307.SZ,20260422,43.18,43.55,42.25,42.94,74792.71,320851.361
301308.SZ,20260422,378.22,383.29,373.0,382.74,118444.03,4490426.345
301309.SZ,20260422,34.88,35.59,34.66,35.06,20671.85,72741.248
301310.SZ,20260422,60.81,66.5,59.31,65.72,67379.48,429891.0
301311.SZ,20260422,16.76,16.81,16.63,16.8,17496.06,29278.968
301312.SZ,20260422,117.8,131.4,116.18,125.24,96491.8,1217117.401
301313.SZ,20260422,35.55,36.25,35.3,35.39,28991.0,103243.09
301314.SZ,20260422,50.45,52.8,50.0,51.87,15220.02,78250.822
301315.SZ,20260422,49.43,50.84,49.38,50.35,12010.0,60352.68
301316.SZ,20260422,47.11,49.38,47.11,48.9,141718.15,686811.289
301317.SZ,20260422,59.9,60.93,57.5,59.63,45750.0,269823.392
301318.SZ,20260422,26.8,27.17,26.52,27.13,11521.18,30994.715
301319.SZ,20260422,74.93,78.68,70.92,72.39,96544.5,710996.384
301320.SZ,20260422,17.25,17.4,17.05,17.32,13711.42,23661.551
301321.SZ,20260422,24.1,24.65,23.8,24.48,42369.5,102980.277
301322.SZ,20260422,35.5,37.89,35.05,36.99,41750.98,154197.239
301323.SZ,20260422,67.92,70.67,67.33,69.47,27078.94,188289.81
301325.SZ,20260422,45.43,46.38,45.29,46.11,15274.7,70152.191
301326.SZ,20260422,159.8,166.86,159.03,162.05,20936.0,341945.099
301327.SZ,20260422,66.0,66.5,64.5,64.99,33464.93,218457.684
301328.SZ,20260422,63.0,64.05,61.03,63.53,23979.12,150487.722
301329.SZ,20260422,23.76,23.85,23.5,23.8,17581.14,41695.716
301330.SZ,20260422,33.9,34.28,33.45,34.19,30349.05,102920.227
301331.SZ,20260422,26.7,26.76,26.35,26.71,7660.88,20364.993
301332.SZ,20260422,9.41,9.41,9.27,9.33,15476.0,14424.298
301333.SZ,20260422,67.35,68.78,67.06,68.72,12242.0,83320.348
301335.SZ,20260422,26.01,26.09,25.52,25.72,16636.8,42686.124
301336.SZ,20260422,51.2,53.12,51.01,52.78,12518.18,65635.69
301337.SZ,20260422,28.25,28.25,27.7,28.01,10088.97,28181.662
301338.SZ,20260422,180.54,193.38,179.1,192.68,62476.4,1178505.971
301339.SZ,20260422,13.3,13.41,13.26,13.3,29335.8,39038.635
301345.SZ,20260422,244.75,282.98,244.75,280.0,38593.76,1039369.989
301348.SZ,20260422,24.38,24.65,24.05,24.5,81744.4,199444.105
301349.SZ,20260422,63.36,65.0,62.58,63.88,40570.12,260010.328
301353.SZ,20260422,28.39,28.44,28.03,28.29,4947.33,13972.121
301355.SZ,20260422,12.63,12.63,12.38,12.43,33387.42,41593.661
301356.SZ,20260422,21.19,21.33,20.87,21.03,10310.2,21746.195
301357.SZ,20260422,116.8,117.0,114.4,116.16,29021.05,334960.137
301358.SZ,20260422,82.9,85.98,82.2,84.79,254642.3,2129433.806
301359.SZ,20260422,21.78,22.17,21.62,22.03,11598.8,25442.861
301360.SZ,20260422,81.5,83.0,80.66,81.1,15612.74,127411.759
301361.SZ,20260422,38.14,38.14,37.42,37.63,22825.93,85857.665
301362.SZ,20260422,147.02,155.5,146.01,154.34,35138.73,537416.079
301363.SZ,20260422,26.32,27.52,26.2,27.2,114028.64,307948.591
301365.SZ,20260422,31.42,35.07,31.13,34.59,93522.51,313579.871
301366.SZ,20260422,37.56,38.55,37.32,37.93,48639.16,183370.162
301367.SZ,20260422,69.94,71.3,69.94,70.88,8036.48,56830.657
301368.SZ,20260422,50.51,50.96,47.58,49.3,43651.45,213573.964
301369.SZ,20260422,165.45,170.5,163.06,169.86,13717.61,229150.481
301370.SZ,20260422,10.25,10.31,10.19,10.28,22067.0,22608.402
301371.SZ,20260422,25.2,25.68,24.7,24.99,38066.01,94858.557
301372.SZ,20260422,32.02,32.11,31.54,31.94,21035.49,66876.153
301373.SZ,20260422,98.94,101.0,94.6,99.02,81160.84,788572.776
301376.SZ,20260422,16.57,17.0,16.48,16.6,33836.79,56546.947
301377.SZ,20260422,228.0,236.99,223.59,236.69,44995.62,1037358.867
301378.SZ,20260422,31.5,31.5,30.7,31.33,16379.91,50881.734
301379.SZ,20260422,25.9,28.2,25.56,27.32,108534.23,292151.912
301380.SZ,20260422,33.7,34.01,33.54,33.99,11037.3,37330.855
301381.SZ,20260422,21.39,21.97,21.34,21.78,38846.78,84518.014
301382.SZ,20260422,43.46,44.77,41.5,43.66,272377.06,1175070.906
301383.SZ,20260422,28.98,29.15,28.65,28.95,11715.2,33924.818
301386.SZ,20260422,26.55,26.6,26.13,26.37,16605.72,43821.238
301387.SZ,20260422,61.86,66.11,61.26,65.53,39539.93,253671.823
301388.SZ,20260422,32.02,32.15,31.61,31.87,13673.0,43600.281
301389.SZ,20260422,63.32,68.57,61.99,63.25,153362.16,976899.718
301390.SZ,20260422,35.59,35.96,35.15,35.75,8858.0,31551.76
301391.SZ,20260422,77.54,78.61,75.22,76.21,24282.75,185989.377
301392.SZ,20260422,153.97,165.0,153.46,164.06,54213.57,864420.239
301393.SZ,20260422,57.17,62.19,56.42,61.91,51321.22,308830.094
301395.SZ,20260422,12.41,12.54,12.25,12.46,57178.8,70920.22
301396.SZ,20260422,281.0,331.99,273.06,324.28,179576.81,5391028.304
301397.SZ,20260422,37.93,38.75,37.55,38.2,45837.69,175185.137
301398.SZ,20260422,46.18,47.28,46.0,46.97,15988.2,74817.067
301399.SZ,20260422,23.08,23.64,22.39,23.56,79403.81,183517.551
301408.SZ,20260422,20.32,20.41,19.56,20.1,271525.62,539839.261
301413.SZ,20260422,121.4,122.68,118.78,120.45,33290.95,400130.032
301418.SZ,20260422,39.79,40.78,39.32,40.43,19249.87,77837.072
301419.SZ,20260422,45.74,46.3,44.71,45.54,59937.08,271926.957
301421.SZ,20260422,97.74,100.33,97.66,100.0,51616.35,513048.826
301428.SZ,20260422,33.81,34.25,33.55,34.0,38771.2,131245.551
301429.SZ,20260422,19.8,19.83,19.51,19.78,10085.0,19906.298
301439.SZ,20260422,15.9,16.16,15.83,16.16,40467.16,64883.532
301446.SZ,20260422,39.25,40.69,39.0,40.1,9101.9,36304.299
301448.SZ,20260422,39.8,39.8,39.15,39.43,6740.6,26548.204
301449.SZ,20260422,82.0,82.75,81.7,82.0,14095.54,115631.314
301456.SZ,20260422,29.79,30.36,29.63,30.17,14883.47,44727.572
301458.SZ,20260422,42.73,43.04,41.41,41.92,174475.91,733484.093
301459.SZ,20260422,38.0,38.45,37.67,38.4,8437.86,32123.726
301468.SZ,20260422,54.18,55.98,53.55,55.22,49623.9,271713.208
301469.SZ,20260422,35.3,36.78,35.03,36.05,40118.0,143791.3
301479.SZ,20260422,107.33,111.95,107.33,111.63,47370.47,521903.67
301486.SZ,20260422,204.74,215.99,204.74,213.56,156883.0,3320712.379
301487.SZ,20260422,22.89,23.97,22.76,23.51,168556.31,396791.841
301488.SZ,20260422,135.38,136.99,132.58,135.01,13241.13,178345.538
301489.SZ,20260422,214.07,222.0,211.0,219.28,44606.95,960518.414
301491.SZ,20260422,50.52,50.79,49.3,49.38,9916.87,49620.335
301498.SZ,20260422,57.71,58.93,57.45,58.13,85875.33,498441.031
301499.SZ,20260422,35.86,36.8,35.56,35.74,29127.02,104610.088
301500.SZ,20260422,24.9,25.43,24.7,24.89,138753.29,347664.055
301501.SZ,20260422,38.43,38.43,37.86,37.92,8155.07,31004.977
301502.SZ,20260422,47.5,48.86,46.95,48.35,14900.65,71714.906
301503.SZ,20260422,36.16,36.46,35.76,36.39,9062.0,32715.537
301505.SZ,20260422,23.45,24.74,23.02,24.32,74160.31,177447.027
301507.SZ,20260422,14.26,14.33,14.19,14.3,24692.27,35257.264
301508.SZ,20260422,29.82,29.92,29.5,29.88,11897.0,35423.793
301509.SZ,20260422,42.86,43.67,42.42,43.61,50486.28,217104.546
301510.SZ,20260422,31.01,31.85,30.93,31.68,49605.38,156666.909
301511.SZ,20260422,61.99,65.82,61.3,64.27,479089.38,3056906.736
301512.SZ,20260422,48.48,49.67,46.51,49.27,26457.02,128485.322
301513.SZ,20260422,97.08,99.91,93.76,94.71,83624.92,798125.207
301515.SZ,20260422,23.12,23.22,22.84,23.09,9646.0,22202.805
301516.SZ,20260422,19.32,19.97,19.19,19.57,70181.63,137492.256
301517.SZ,20260422,71.92,73.58,70.92,72.35,72428.34,522761.121
301518.SZ,20260422,44.31,44.31,43.1,43.45,22798.5,99191.046
301519.SZ,20260422,14.46,14.57,14.31,14.41,18337.0,26473.838
301520.SZ,20260422,43.9,44.01,43.42,43.65,6216.0,27124.607
301522.SZ,20260422,32.0,32.29,31.76,31.94,47738.05,152389.746
301525.SZ,20260422,73.02,76.34,72.82,76.2,18548.44,138975.271
301526.SZ,20260422,13.84,14.25,13.53,13.99,1421096.7,1974056.768
301528.SZ,20260422,72.25,74.15,71.88,73.72,14381.62,105554.317
301529.SZ,20260422,112.34,122.0,108.41,119.78,49109.76,571298.9
301533.SZ,20260422,32.44,32.55,32.0,32.32,7544.0,24370.618
301535.SZ,20260422,20.39,20.57,19.75,20.1,30857.49,61860.489
301536.SZ,20260422,81.22,83.98,80.52,83.33,108853.17,903736.578
301538.SZ,20260422,83.54,83.74,82.0,83.47,7691.04,63953.581
301539.SZ,20260422,19.55,19.63,19.26,19.62,15398.94,29965.757
301548.SZ,20260422,82.16,85.72,81.2,85.18,32108.73,271141.045
301550.SZ,20260422,156.99,162.49,154.6,159.37,45185.24,718490.471
301551.SZ,20260422,29.6,29.6,29.0,29.54,35418.84,103824.823
301552.SZ,20260422,43.46,44.34,43.11,44.23,21364.6,93577.716
301555.SZ,20260422,37.0,37.68,36.51,37.48,21939.36,81532.243
301556.SZ,20260422,89.7,92.2,88.07,91.02,25276.95,229408.585
301557.SZ,20260422,106.43,107.9,105.37,106.41,6448.0,68551.884
301558.SZ,20260422,8.25,8.27,8.16,8.26,48906.43,40186.734
301559.SZ,20260422,16.87,16.97,16.75,16.87,19084.0,32139.643
301560.SZ,20260422,40.07,40.5,37.83,38.88,43754.54,169596.988
301563.SZ,20260422,166.0,168.35,163.67,167.8,12931.21,214257.316
301565.SZ,20260422,21.58,21.79,21.39,21.63,24999.0,53935.578
301566.SZ,20260422,23.93,25.56,23.82,25.08,251695.04,623835.975
301567.SZ,20260422,43.05,43.3,42.51,43.23,7470.0,32105.688
301568.SZ,20260422,56.51,57.07,55.86,57.01,36505.74,206383.092
301571.SZ,20260422,75.7,76.39,73.68,74.26,59889.89,447250.947
301575.SZ,20260422,45.67,45.67,44.9,44.97,7624.54,34365.486
301577.SZ,20260422,62.75,69.4,62.37,68.31,34168.64,227925.8
301578.SZ,20260422,33.66,33.78,33.33,33.57,5044.07,16943.737
301580.SZ,20260422,75.93,79.48,74.46,79.2,53403.77,411680.07
301581.SZ,20260422,46.05,46.2,45.45,46.1,4176.9,19169.191
301584.SZ,20260422,27.52,27.77,26.9,27.37,30086.1,81852.275
301585.SZ,20260422,29.59,29.59,28.77,28.88,9674.43,28171.905
301586.SZ,20260422,43.5,43.67,43.02,43.57,6158.3,26734.577
301587.SZ,20260422,28.42,28.98,27.93,28.44,121689.0,344554.179
301588.SZ,20260422,22.46,24.08,22.0,23.83,75173.33,173764.649
301589.SZ,20260422,172.14,175.27,171.5,175.15,3778.88,65803.874
301590.SZ,20260422,185.2,188.88,183.17,187.83,5506.82,102798.412
301591.SZ,20260422,42.0,42.3,41.5,42.0,11393.83,47598.039
301592.SZ,20260422,125.67,128.48,125.67,127.14,8981.32,114522.225
301595.SZ,20260422,47.94,48.4,47.2,47.63,16869.96,80402.263
301596.SZ,20260422,73.96,74.48,72.72,73.46,12058.81,88320.403
301598.SZ,20260422,61.78,64.45,61.52,64.42,13090.89,83348.079
301600.SZ,20260422,109.0,110.59,107.78,110.42,10118.11,110443.168
301601.SZ,20260422,23.96,24.12,23.23,23.63,19211.52,45316.548
301602.SZ,20260422,19.3,19.44,19.17,19.31,15349.98,29593.48
301603.SZ,20260422,100.59,110.37,98.3,108.59,75628.99,796707.774
301606.SZ,20260422,73.8,74.09,72.8,74.0,27100.14,199542.744
301607.SZ,20260422,47.74,57.25,47.37,55.31,164656.09,883198.389
301608.SZ,20260422,92.0,95.14,91.51,93.51,24382.25,226847.801
301609.SZ,20260422,47.28,47.65,47.1,47.33,19098.16,90368.32
301611.SZ,20260422,99.66,108.99,99.66,108.88,189833.18,2009110.622
301613.SZ,20260422,46.93,47.4,46.46,47.12,12266.8,57491.821
301616.SZ,20260422,51.51,51.51,50.58,51.26,8186.25,41819.7
301617.SZ,20260422,60.46,61.22,59.5,60.68,24276.6,146728.989
301618.SZ,20260422,49.56,49.93,49.12,49.37,4171.8,20620.93
301622.SZ,20260422,63.08,64.26,62.6,63.63,15692.4,99555.0
301626.SZ,20260422,258.0,269.69,255.88,262.5,22603.44,596790.021
301628.SZ,20260422,111.74,116.0,110.8,114.69,24905.27,282479.23
301629.SZ,20260422,275.0,355.89,273.8,345.0,51298.25,1567077.468
301630.SZ,20260422,212.58,217.99,212.43,216.74,11993.44,259092.638
301631.SZ,20260422,108.79,115.47,103.85,114.4,62696.41,693753.612
301632.SZ,20260422,21.12,21.21,20.93,20.98,15867.8,33352.276
301633.SZ,20260422,63.88,63.88,62.83,63.3,3030.92,19166.63
301636.SZ,20260422,72.5,72.5,70.4,70.82,29608.01,210183.493
301638.SZ,20260422,27.52,28.08,27.46,28.0,248951.02,692915.751
301656.SZ,20260422,21.94,21.94,21.72,21.82,56711.07,123593.426
301658.SZ,20260422,42.68,42.86,41.72,42.1,87247.89,367979.918
301662.SZ,20260422,164.55,167.5,163.5,164.9,23075.74,380286.423
301665.SZ,20260422,26.8,27.0,26.62,26.7,19879.54,53195.883
301666.SZ,20260422,213.0,228.99,212.66,224.9,82074.29,1818686.636
301667.SZ,20260422,109.93,115.45,107.93,111.53,87997.7,980065.067
301668.SZ,20260422,51.06,51.06,50.18,50.32,14104.83,71108.919
301678.SZ,20260422,59.4,60.98,58.13,60.89,37868.66,227474.892
301680.SZ,20260422,105.7,105.71,103.76,104.62,20059.43,209519.513
301682.SZ,20260422,125.61,127.0,124.0,126.44,34712.48,436139.64
301683.SZ,20260422,128.64,131.5,127.95,130.41,31996.54,416237.216
301687.SZ,20260422,60.6,61.0,59.71,60.42,34817.13,209889.411
301696.SZ,20260422,94.04,98.58,94.04,97.53,82094.53,788360.773
302132.SZ,20260422,68.99,69.28,68.5,69.22,45135.64,311025.908
600000.SH,20260422,9.71,9.73,9.59,9.61,685904.67,659873.551
600004.SH,20260422,8.89,8.9,8.87,8.87,70611.44,62724.959
600006.SH,20260422,6.34,6.43,6.32,6.42,108083.16,69047.378
600007.SH,20260422,21.73,22.0,21.6,21.93,24503.6,53615.63
600008.SH,20260422,3.06,3.07,3.04,3.05,478064.39,145904.448
600009.SH,20260422,27.36,27.49,27.32,27.38,44415.73,121567.705
600010.SH,20260422,2.86,2.92,2.83,2.9,8399100.41,2413011.46
600011.SH,20260422,7.03,7.05,6.93,6.97,1346233.89,940307.899
600012.SH,20260422,15.76,16.0,15.67,15.81,41447.0,65629.972
600015.SH,20260422,7.18,7.19,7.08,7.1,526516.12,374984.859
600016.SH,20260422,3.73,3.77,3.72,3.74,2549742.45,953958.265
600017.SH,20260422,2.98,2.99,2.96,2.97,271941.7,80924.508
600018.SH,20260422,4.92,4.94,4.9,4.9,292617.63,143582.81
600019.SH,20260422,6.32,6.38,6.29,6.35,960057.38,608083.744
600020.SH,20260422,3.83,3.85,3.81,3.82,101071.71,38657.016
600021.SH,20260422,17.88,18.01,17.78,17.95,280481.17,501958.79
600022.SH,20260422,1.51,1.52,1.5,1.51,551694.06,83463.613
600023.SH,20260422,5.72,5.8,5.7,5.76,687905.41,395995.873
600025.SH,20260422,9.84,9.88,9.71,9.73,248453.0,242890.103
600026.SH,20260422,22.2,22.43,21.14,21.9,962180.26,2085157.953
600027.SH,20260422,4.75,4.82,4.73,4.8,1239039.34,591633.405
600028.SH,20260422,5.51,5.51,5.42,5.44,2416561.08,1317142.971
600029.SH,20260422,5.74,5.74,5.68,5.72,1221691.6,697055.309
600030.SH,20260422,26.16,27.01,26.15,26.71,1913517.33,5104261.296
600031.SH,20260422,19.94,20.03,19.61,19.78,707755.89,1400654.427
600032.SH,20260422,10.96,11.77,10.95,11.35,1750027.25,1994362.947
600033.SH,20260422,3.65,3.66,3.63,3.65,127487.5,46521.168
600035.SH,20260422,3.83,3.87,3.82,3.86,80520.02,30965.679
600036.SH,20260422,39.87,40.03,39.62,39.74,507594.55,2017733.909
600037.SH,20260422,7.62,7.66,7.6,7.61,78926.01,60134.086
600038.SH,20260422,33.8,33.82,33.57,33.78,44916.3,151476.045
600039.SH,20260422,9.98,10.04,9.88,10.01,190610.86,189956.925
600048.SH,20260422,5.94,6.0,5.9,5.93,672255.01,399281.667
600050.SH,20260422,4.59,4.6,4.49,4.5,3430736.38,1555208.668
600051.SH,20260422,7.52,7.52,7.39,7.43,60855.6,45342.139
600052.SH,20260422,3.8,4.16,3.75,4.16,399329.9,162337.087
600053.SH,20260422,14.62,14.67,14.4,14.44,43827.0,63439.056
600054.SH,20260422,12.15,12.28,12.06,12.16,89510.72,108660.738
600055.SH,20260422,14.85,14.88,14.7,14.82,20700.89,30618.96
600056.SH,20260422,10.65,10.68,10.45,10.49,321674.09,338432.641
600057.SH,20260422,8.13,8.25,8.04,8.07,139906.59,113855.345
600058.SH,20260422,11.2,11.33,11.07,11.23,107926.8,120928.901
600059.SH,20260422,8.82,8.97,8.8,8.96,73949.01,65921.965
600060.SH,20260422,23.0,23.74,22.91,23.72,147963.33,347869.212
600061.SH,20260422,6.74,6.81,6.66,6.7,580511.34,390445.903
600062.SH,20260422,18.11,18.15,18.03,18.13,72943.24,131864.232
600063.SH,20260422,7.06,7.08,6.98,7.03,268486.29,188445.998
600064.SH,20260422,8.58,8.75,8.56,8.73,161131.44,139968.926
600066.SH,20260422,36.45,36.74,35.79,36.74,207997.56,757339.15
600067.SH,20260422,4.14,4.2,4.13,4.18,190271.81,79422.628
600071.SH,20260422,21.1,21.28,21.0,21.1,48954.77,103420.935
600072.SH,20260422,13.97,14.07,13.58,13.63,636456.06,874124.506
600073.SH,20260422,5.86,5.9,5.82,5.84,59914.66,35120.531
600075.SH,20260422,6.11,6.22,6.07,6.17,200155.89,123380.876
600076.SH,20260422,3.44,3.44,3.36,3.4,159149.0,53910.146
600078.SH,20260422,12.25,12.97,12.17,12.66,286916.0,362595.941
600079.SH,20260422,18.68,18.75,18.63,18.67,93360.15,174383.354
600080.SH,20260422,8.1,8.1,7.85,7.93,64870.0,51308.896
600081.SH,20260422,10.82,10.85,10.63,10.85,28458.7,30573.474
600082.SH,20260422,2.92,3.03,2.91,2.96,358744.11,106741.453
600084.SH,20260422,6.52,6.56,6.44,6.48,51259.01,33315.994
600085.SH,20260422,27.79,27.79,27.57,27.62,63560.26,175431.696
600088.SH,20260422,14.59,14.6,14.28,14.3,39470.81,56676.196
600089.SH,20260422,27.42,27.67,27.33,27.49,1213231.45,3331407.665
600094.SH,20260422,4.74,4.82,4.69,4.7,220626.0,104620.737
600095.SH,20260422,9.38,9.61,9.36,9.49,260238.01,246953.822
600096.SH,20260422,34.03,35.28,33.9,34.95,773019.38,2688198.9
600097.SH,20260422,10.8,10.86,10.74,10.81,22323.0,24099.718
600098.SH,20260422,7.05,7.13,7.01,7.06,246140.08,174279.547
600099.SH,20260422,11.39,11.51,11.31,11.43,32726.2,37401.099
600100.SH,20260422,8.39,8.61,8.32,8.58,449434.47,381871.629
600101.SH,20260422,9.67,9.86,9.62,9.83,231219.38,226518.595
600103.SH,20260422,5.5,5.72,4.98,5.5,7224261.12,3909713.584
600104.SH,20260422,13.85,13.85,13.75,13.83,354030.83,488463.635
600105.SH,20260422,41.39,45.53,41.39,45.53,707703.39,3153611.079
600106.SH,20260422,6.09,6.35,6.09,6.25,228975.05,142851.854
600107.SH,20260422,5.81,6.04,5.7,5.75,72346.13,42516.762
600108.SH,20260422,4.55,4.61,4.35,4.39,1255283.12,556436.896
600109.SH,20260422,8.53,8.66,8.51,8.63,205980.42,177280.429
600110.SH,20260422,10.0,10.47,10.0,10.3,2042776.71,2097604.34
600111.SH,20260422,50.2,50.26,49.49,50.15,778931.39,3887294.972
600113.SH,20260422,45.4,45.88,44.72,44.84,36117.27,162743.856
600114.SH,20260422,32.23,33.08,32.0,32.9,168793.28,553241.019
600115.SH,20260422,4.58,4.64,4.53,4.59,1497929.81,687440.01
600116.SH,20260422,6.6,6.72,6.59,6.65,200291.6,133431.226
600117.SH,20260422,2.64,2.64,2.6,2.61,115204.0,30106.297
600118.SH,20260422,93.91,98.0,91.96,97.58,1029452.09,9813572.135
600119.SH,20260422,6.18,6.26,5.96,6.04,86936.0,52621.119
600120.SH,20260422,5.59,5.64,5.56,5.63,298368.55,167262.615
600121.SH,20260422,4.18,4.19,4.14,4.15,278516.05,115851.806
600123.SH,20260422,6.33,6.39,6.32,6.34,165439.59,105047.527
600125.SH,20260422,6.08,6.09,6.04,6.06,153835.0,93213.606
600126.SH,20260422,9.25,10.26,9.18,10.26,2981036.0,2932439.255
600127.SH,20260422,6.89,6.97,6.82,6.86,270998.49,186527.843
600128.SH,20260422,10.47,10.52,10.35,10.46,32032.01,33426.247
600129.SH,20260422,16.09,16.09,15.96,16.05,41743.63,66894.431
600130.SH,20260422,4.6,4.67,4.6,4.62,119685.0,55299.96
600131.SH,20260422,18.35,18.63,18.2,18.59,149897.0,276932.984
600132.SH,20260422,53.06,53.34,52.85,52.98,29856.34,158204.907
600133.SH,20260422,8.71,9.02,8.65,8.91,337043.36,298119.232
600135.SH,20260422,11.27,11.27,10.87,11.02,249807.28,274359.035
600136.SH,20260422,1.82,1.89,1.81,1.87,320314.0,59309.633
600137.SH,20260422,22.65,23.2,22.65,22.99,30541.0,70127.315
600138.SH,20260422,9.2,9.23,9.16,9.18,71180.11,65339.082
600141.SH,20260422,32.2,32.86,32.0,32.32,236634.68,768651.98
600143.SH,20260422,17.02,17.3,17.02,17.2,538636.74,926020.459
600148.SH,20260422,18.2,18.2,17.95,18.1,14580.0,26354.417
600149.SH,20260422,6.29,6.36,6.18,6.23,259542.19,162181.437
600150.SH,20260422,36.0,36.64,35.9,36.48,908799.54,3305023.939
600151.SH,20260422,14.86,15.48,14.5,15.05,897307.12,1343703.005
600152.SH,20260422,13.77,14.0,12.28,12.54,1422633.0,1858700.782
600153.SH,20260422,8.75,8.92,8.69,8.91,168321.0,148683.101
600155.SH,20260422,6.23,6.33,6.22,6.3,214337.47,134612.648
600156.SH,20260422,9.35,10.38,9.35,10.11,1016236.51,1006308.148
600157.SH,20260422,1.7,1.71,1.69,1.69,3776550.46,640870.86
600158.SH,20260422,11.03,11.15,10.78,10.85,459808.91,499461.246
600159.SH,20260422,2.88,3.0,2.85,2.96,241750.0,71128.413
600160.SH,20260422,34.31,34.35,33.58,33.93,377926.91,1278152.809
600161.SH,20260422,15.06,15.06,14.98,14.99,46458.87,69700.108
600162.SH,20260422,1.78,1.79,1.76,1.77,219729.71,38924.417
600163.SH,20260422,6.26,6.42,6.18,6.35,577536.65,365085.752
600165.SH,20260422,3.59,3.64,3.55,3.61,41918.0,15033.858
600166.SH,20260422,3.38,3.57,3.34,3.51,3926178.29,1362797.156
600167.SH,20260422,6.75,6.79,6.66,6.68,115288.0,77234.335
600168.SH,20260422,4.95,5.0,4.93,4.97,55106.2,27402.434
600169.SH,20260422,2.4,2.41,2.39,2.4,123926.0,29762.0
600170.SH,20260422,2.7,2.71,2.69,2.71,1033584.63,278962.031
600171.SH,20260422,27.62,28.18,27.55,28.18,122919.85,343927.428
600172.SH,20260422,8.63,8.89,8.08,8.46,1504934.7,1265452.012
600173.SH,20260422,7.68,7.72,7.56,7.58,225256.89,171515.939
600176.SH,20260422,31.5,32.32,31.03,32.25,1360089.53,4303959.512
600177.SH,20260422,7.35,7.53,7.34,7.44,245683.08,183215.405
600178.SH,20260422,11.44,11.46,11.33,11.46,28064.01,31982.011
600179.SH,20260422,4.54,4.56,4.46,4.5,373032.0,167765.424
600180.SH,20260422,3.2,3.22,3.17,3.21,98755.01,31573.073
600182.SH,20260422,14.52,14.76,14.46,14.66,18917.0,27618.012
600183.SH,20260422,72.54,76.44,72.0,76.0,678667.18,5039233.897
600184.SH,20260422,23.5,25.85,23.5,25.85,344354.91,864954.558
600185.SH,20260422,5.92,5.92,5.81,5.87,237768.69,139145.909
600186.SH,20260422,8.0,8.77,7.96,8.59,3182122.39,2657104.81
600187.SH,20260422,1.77,1.77,1.72,1.72,346874.0,60135.281
600188.SH,20260422,19.61,20.27,19.52,19.88,640366.1,1278249.681
600189.SH,20260422,7.99,8.17,7.93,8.15,112978.0,91400.854
600191.SH,20260422,12.8,13.2,12.75,12.86,99921.0,129260.075
600192.SH,20260422,8.32,8.32,8.19,8.21,60072.0,49399.694
600193.SH,20260422,2.53,2.53,2.53,2.53,14775.0,3738.075
600195.SH,20260422,7.86,7.92,7.69,7.76,225086.53,174750.694
600196.SH,20260422,25.65,25.82,25.48,25.59,176432.28,451986.734
600197.SH,20260422,11.89,11.89,11.83,11.85,17282.63,20479.373
600198.SH,20260422,8.35,8.52,8.35,8.48,134665.5,113946.647
600199.SH,20260422,8.02,8.02,7.97,8.0,36451.0,29131.939
600201.SH,20260422,14.35,14.47,14.2,14.3,201491.08,288183.922
600202.SH,20260422,5.89,5.95,5.85,5.93,61487.0,36350.968
600203.SH,20260422,11.88,12.24,11.88,12.19,320461.53,387128.362
600206.SH,20260422,24.71,27.3,24.7,26.8,1116770.25,2932757.735
600207.SH,20260422,5.58,5.72,5.54,5.67,208508.76,117725.138
600208.SH,20260422,3.87,4.29,3.85,4.15,3814716.49,1594533.382
600210.SH,20260422,7.02,7.11,7.0,7.02,204217.28,144211.629
600211.SH,20260422,41.07,41.36,41.01,41.36,16528.82,68087.486
600212.SH,20260422,7.7,7.99,7.68,7.85,211520.88,166113.762
600215.SH,20260422,6.65,7.19,6.56,6.83,201272.16,138710.718
600216.SH,20260422,14.64,14.71,14.5,14.59,190294.89,277076.532
600217.SH,20260422,3.74,3.75,3.72,3.73,71079.0,26527.86
600218.SH,20260422,9.58,9.63,9.51,9.6,57816.73,55371.353
600219.SH,20260422,6.09,6.19,6.06,6.15,1649983.71,1008982.452
600221.SH,20260422,1.48,1.49,1.47,1.47,1333586.45,196569.347
600222.SH,20260422,7.09,7.17,6.97,7.13,141638.63,99846.836
600223.SH,20260422,6.74,6.74,6.66,6.68,54901.51,36656.708
600226.SH,20260422,5.29,5.4,5.22,5.33,571501.81,304124.566
600227.SH,20260422,3.55,3.65,3.47,3.56,1513205.02,540826.063
600228.SH,20260422,6.36,6.45,6.19,6.22,74724.0,46845.447
600229.SH,20260422,6.0,6.0,5.92,5.98,22734.0,13562.065
600230.SH,20260422,19.5,19.7,19.01,19.07,122215.0,236037.056
600231.SH,20260422,2.11,2.11,2.08,2.08,138588.29,28981.184
600232.SH,20260422,8.72,9.0,8.56,8.62,172884.11,150996.924
600233.SH,20260422,21.36,22.12,21.36,21.75,240618.66,524642.307
600234.SH,20260422,22.05,24.37,21.7,24.37,139703.3,319532.12
600235.SH,20260422,6.79,6.81,6.71,6.78,52418.46,35374.799
600236.SH,20260422,10.34,10.47,10.21,10.4,210499.93,218021.283
600237.SH,20260422,9.33,9.48,9.3,9.44,265223.45,249319.497
600238.SH,20260422,4.69,4.79,4.68,4.69,52465.5,24815.866
600239.SH,20260422,2.01,2.05,2.01,2.03,204061.84,41509.699
600241.SH,20260422,9.49,10.3,9.46,9.86,171355.0,169756.137
600243.SH,20260422,3.88,3.88,3.88,3.88,49759.0,19306.492
600246.SH,20260422,9.61,9.85,9.38,9.84,569282.12,548773.398
600248.SH,20260422,3.43,3.44,3.41,3.43,82580.8,28292.846
600249.SH,20260422,5.87,5.98,5.86,5.95,154215.13,91387.877
600250.SH,20260422,11.37,11.49,11.21,11.25,150893.21,170213.867
600251.SH,20260422,11.79,12.0,11.7,11.79,164582.57,194588.669
600252.SH,20260422,2.48,2.51,2.46,2.5,298966.57,74179.071
600255.SH,20260422,3.66,3.75,3.62,3.69,596681.0,220210.756
600256.SH,20260422,6.25,6.29,6.19,6.26,1182789.32,738027.711
600257.SH,20260422,6.28,6.33,6.21,6.25,124777.0,78087.255
600258.SH,20260422,14.99,15.22,14.9,15.1,165531.2,249100.501
600259.SH,20260422,103.7,106.08,101.88,105.17,112343.49,1167832.482
600261.SH,20260422,4.23,4.23,4.06,4.06,1228607.17,506458.982
600262.SH,20260422,24.86,25.18,24.14,24.33,103411.3,252178.272
600265.SH,20260422,20.18,20.33,20.05,20.24,5628.0,11345.803
600266.SH,20260422,4.9,4.97,4.84,4.85,349828.6,171034.451
600267.SH,20260422,11.01,11.38,10.92,11.37,386199.59,433163.741
600268.SH,20260422,15.81,16.14,15.7,15.81,343208.41,543653.518
600269.SH,20260422,4.47,4.49,4.45,4.46,108066.24,48248.976
600271.SH,20260422,8.63,8.63,8.46,8.57,154720.36,132027.612
600272.SH,20260422,12.17,12.26,12.05,12.17,24445.0,29606.28
600273.SH,20260422,8.9,9.02,8.89,8.98,112749.05,101205.627
600276.SH,20260422,55.6,55.94,54.94,55.44,523563.07,2894035.207
600278.SH,20260422,7.26,7.33,7.19,7.27,51727.66,37486.471
600279.SH,20260422,4.86,4.89,4.84,4.85,44945.0,21834.189
600280.SH,20260422,3.07,3.07,2.97,2.98,274543.0,82359.448
600281.SH,20260422,5.56,5.62,5.51,5.56,67439.0,37548.473
600282.SH,20260422,5.65,5.73,5.6,5.67,240090.8,136139.594
600283.SH,20260422,9.23,9.35,9.18,9.31,54616.2,50664.033
600284.SH,20260422,7.57,7.57,7.36,7.39,165970.8,123097.759
600285.SH,20260422,21.54,21.69,21.44,21.52,50111.37,108065.942
600287.SH,20260422,5.8,5.84,5.71,5.8,42835.0,24768.429
600288.SH,20260422,15.42,15.45,14.89,15.4,102908.75,156489.394
600289.SH,20260422,6.82,6.91,6.57,6.9,78068.29,52787.969
600292.SH,20260422,15.53,15.85,15.5,15.71,133555.64,209704.499
600293.SH,20260422,3.22,3.22,3.17,3.18,200846.08,64119.759
600295.SH,20260422,15.3,15.61,15.18,15.51,66795.45,102937.078
600298.SH,20260422,39.71,40.1,39.05,39.25,66462.26,261843.872
600299.SH,20260422,13.88,13.98,13.62,13.95,171029.42,236075.015
600300.SH,20260422,3.52,3.58,3.52,3.55,303981.01,107897.502
600301.SH,20260422,52.0,58.0,51.92,57.57,236843.4,1319374.903
600302.SH,20260422,11.29,11.48,10.51,10.73,206852.1,225118.671
600303.SH,20260422,3.1,3.15,3.07,3.12,202321.1,62943.395
600305.SH,20260422,7.47,7.48,7.38,7.4,63012.96,46673.615
600307.SH,20260422,1.8,1.82,1.79,1.8,648260.0,116959.091
600308.SH,20260422,4.14,4.15,4.0,4.02,602684.1,244471.028
600309.SH,20260422,87.49,89.75,87.09,87.7,314229.64,2778260.86
600310.SH,20260422,4.73,4.89,4.69,4.8,1507119.01,725619.097
600312.SH,20260422,21.14,21.99,21.06,21.86,376517.93,817525.672
600313.SH,20260422,7.41,7.51,7.31,7.34,467815.61,345534.205
600315.SH,20260422,20.1,20.26,19.9,20.26,44471.72,89295.948
600316.SH,20260422,39.19,40.6,38.75,39.97,92551.52,365534.558
600318.SH,20260422,7.72,7.84,7.68,7.8,96458.7,75046.623
600319.SH,20260422,7.54,7.6,7.41,7.55,41515.0,31221.341
600320.SH,20260422,5.12,5.13,5.01,5.04,492299.62,248518.488
600322.SH,20260422,2.4,2.4,2.35,2.38,84169.0,20007.785
600325.SH,20260422,3.57,3.59,3.54,3.55,245122.17,87147.258
600326.SH,20260422,9.3,9.36,9.18,9.31,157152.71,145587.969
600327.SH,20260422,3.8,3.8,3.76,3.78,95294.14,36001.485
600328.SH,20260422,8.91,9.07,8.81,8.83,462566.15,413931.834
600329.SH,20260422,40.67,40.67,40.41,40.51,17832.96,72202.844
600330.SH,20260422,23.45,25.87,23.43,25.87,2073603.56,5142236.766
600331.SH,20260422,17.24,17.42,17.0,17.14,506330.21,870491.594
600332.SH,20260422,22.74,22.75,22.68,22.7,63086.43,143236.188
600333.SH,20260422,5.29,5.34,5.26,5.34,74594.0,39592.431
600335.SH,20260422,6.05,6.06,6.02,6.03,75083.81,45306.372
600336.SH,20260422,7.05,7.08,6.98,7.04,65859.51,46220.019
600337.SH,20260422,3.34,3.36,3.26,3.33,433568.0,143628.629
600338.SH,20260422,21.0,22.94,20.7,22.8,1076132.64,2349209.897
600339.SH,20260422,3.9,3.93,3.8,3.82,955952.64,367512.173
600340.SH,20260422,1.31,1.32,1.27,1.28,1031850.76,132883.996
600343.SH,20260422,35.6,38.88,34.89,38.4,804099.93,2968613.763
600345.SH,20260422,51.94,55.27,51.94,54.2,261753.87,1411032.046
600346.SH,20260422,24.94,24.95,24.17,24.35,447745.44,1095059.27
600348.SH,20260422,10.1,10.25,9.95,10.1,912321.68,922924.26
600350.SH,20260422,10.54,10.69,10.51,10.66,43116.2,45831.579
600351.SH,20260422,6.49,6.52,6.48,6.51,93322.73,60662.949
600352.SH,20260422,12.81,12.99,12.76,12.94,310069.31,399185.189
600353.SH,20260422,16.2,16.54,15.95,16.43,248677.94,403916.209
600354.SH,20260422,6.24,6.28,6.2,6.21,162881.0,101355.512
600356.SH,20260422,9.7,9.89,9.59,9.7,110268.0,107050.236
600358.SH,20260422,6.27,6.27,6.02,6.12,172231.0,105110.559
600359.SH,20260422,6.98,7.13,6.95,7.06,97788.7,69187.162
600360.SH,20260422,9.37,9.9,9.37,9.85,272397.97,263582.555
600361.SH,20260422,4.58,4.69,4.55,4.65,599865.99,277632.669
600362.SH,20260422,46.0,46.41,45.36,45.95,306508.22,1409892.562
600363.SH,20260422,53.7,54.06,53.27,53.96,59006.62,317223.707
600365.SH,20260422,3.11,3.11,3.08,3.1,42920.0,13273.056
600366.SH,20260422,12.71,12.83,12.64,12.79,194336.4,247837.204
600367.SH,20260422,22.5,23.53,22.42,23.19,486474.21,1123394.556
600368.SH,20260422,3.86,3.88,3.85,3.86,46715.86,18028.849
600369.SH,20260422,4.17,4.23,4.16,4.2,256845.83,107782.411
600370.SH,20260422,2.46,2.47,2.41,2.44,406320.62,99091.668
600371.SH,20260422,8.6,8.68,8.53,8.57,36464.13,31271.844
600372.SH,20260422,13.24,13.25,13.12,13.22,277238.18,365789.222
600373.SH,20260422,8.22,8.25,8.19,8.25,83737.16,68727.244
600375.SH,20260422,5.27,5.28,5.19,5.2,136095.0,71012.591
600376.SH,20260422,4.61,4.64,4.55,4.56,424658.85,194243.539
600377.SH,20260422,12.01,12.18,11.99,12.17,95199.0,115378.514
600378.SH,20260422,34.0,35.35,33.9,34.97,172124.41,600259.551
600379.SH,20260422,11.64,11.71,11.56,11.65,50533.32,58749.295
600380.SH,20260422,10.91,10.98,10.9,10.94,65157.24,71258.537
600381.SH,20260422,3.07,3.26,3.07,3.25,127202.8,41124.461
600382.SH,20260422,9.5,9.52,8.78,9.14,372888.26,335933.172
600383.SH,20260422,2.76,2.77,2.73,2.75,367007.01,100950.571
600386.SH,20260422,4.08,4.08,3.99,4.06,92240.0,37095.61
600388.SH,20260422,19.43,19.93,19.1,19.42,350824.63,685199.239
600389.SH,20260422,29.81,30.3,29.33,29.65,92883.18,275713.951
600390.SH,20260422,5.3,5.32,5.26,5.29,194587.77,102884.528
600391.SH,20260422,40.37,40.45,39.78,40.4,130298.01,522577.486
600392.SH,20260422,27.2,27.58,26.81,27.38,660180.43,1796754.932
600395.SH,20260422,5.74,5.84,5.72,5.82,239311.0,138731.816
600396.SH,20260422,8.13,8.94,8.13,8.94,2520809.28,2195698.253
600397.SH,20260422,14.94,15.48,14.6,15.24,531188.35,803273.797
600398.SH,20260422,6.52,6.54,6.4,6.41,410744.46,265160.816
600399.SH,20260422,5.97,5.97,5.88,5.91,319335.06,188822.85
600400.SH,20260422,2.07,2.08,2.04,2.07,261720.0,53836.541
600403.SH,20260422,5.82,5.82,5.63,5.7,149217.48,85178.603
600405.SH,20260422,5.14,5.23,5.09,5.17,101036.07,51980.367
600406.SH,20260422,27.06,27.32,26.84,27.01,991196.92,2682614.644
600408.SH,20260422,3.18,3.18,3.13,3.16,259096.34,81746.555
600409.SH,20260422,7.22,7.32,7.18,7.21,354238.8,256595.731
600410.SH,20260422,27.93,28.98,27.14,28.73,1912161.46,5380222.112
600415.SH,20260422,12.24,12.55,12.23,12.54,747404.78,932022.286
600416.SH,20260422,12.32,12.88,12.3,12.71,337015.07,424972.923
600418.SH,20260422,45.5,46.79,45.3,46.15,308104.89,1421630.283
600419.SH,20260422,9.46,9.69,9.38,9.68,53355.0,51142.595
600420.SH,20260422,9.71,9.77,9.71,9.76,58416.59,56903.894
600421.SH,20260422,5.27,5.27,5.27,5.27,6927.0,3650.529
600422.SH,20260422,11.12,11.14,11.08,11.11,43899.0,48720.428
600423.SH,20260422,2.73,2.82,2.69,2.75,377241.61,104005.953
600425.SH,20260422,4.09,4.09,4.05,4.06,138467.0,56248.487
600426.SH,20260422,35.29,36.49,35.17,35.72,275926.23,988946.839
600428.SH,20260422,8.92,9.18,8.91,9.15,311614.78,283619.254
600429.SH,20260422,5.68,5.68,5.49,5.51,164513.55,91097.357
600433.SH,20260422,3.96,3.99,3.87,3.94,698142.16,273642.586
600435.SH,20260422,15.18,15.3,15.02,15.28,197482.24,300221.464
600436.SH,20260422,143.99,143.99,141.43,141.92,40660.5,578467.524
600438.SH,20260422,18.2,18.57,17.88,18.47,680389.72,1246917.844
600439.SH,20260422,2.5,2.5,2.47,2.48,136338.39,33882.497
600444.SH,20260422,17.9,18.05,17.77,17.95,22879.0,41031.786
600446.SH,20260422,12.0,13.31,11.88,13.31,460390.82,593143.904
600448.SH,20260422,3.3,3.45,3.29,3.31,309237.4,103377.05
600449.SH,20260422,12.66,12.66,12.48,12.54,35797.91,44850.895
600452.SH,20260422,11.93,12.09,11.8,12.02,329739.5,395404.874
600455.SH,20260422,25.6,25.77,25.31,25.61,13455.48,34364.82
600456.SH,20260422,35.5,36.62,35.24,36.43,140551.55,508628.342
600458.SH,20260422,11.81,11.96,11.78,11.95,82744.75,98368.737
600459.SH,20260422,22.19,22.6,22.05,22.45,272069.57,608776.652
600460.SH,20260422,27.08,27.62,26.95,27.61,320421.64,876967.881
600461.SH,20260422,9.83,10.01,9.83,9.99,79667.93,79313.111
600463.SH,20260422,9.98,10.04,9.85,10.0,23396.0,23296.364
600467.SH,20260422,2.39,2.41,2.37,2.38,225544.0,53743.293
600468.SH,20260422,8.07,8.15,7.99,8.15,393453.5,318278.805
600469.SH,20260422,6.99,7.03,6.91,6.98,105472.35,73369.988
600470.SH,20260422,6.83,6.94,6.75,6.88,245350.24,168364.979
600475.SH,20260422,17.6,17.95,17.56,17.82,93926.82,167262.546
600476.SH,20260422,11.37,11.57,10.9,10.91,56022.0,62146.445
600477.SH,20260422,3.07,3.08,3.04,3.06,329067.61,100695.391
600478.SH,20260422,7.69,7.83,7.64,7.72,474077.55,366155.294
600479.SH,20260422,10.52,10.52,10.41,10.48,42380.44,44290.018
600480.SH,20260422,10.72,11.49,10.7,11.15,697565.46,776142.193
600481.SH,20260422,6.55,6.63,6.46,6.6,489592.11,320458.812
600482.SH,20260422,37.77,39.65,37.2,39.41,458000.91,1756626.47
600483.SH,20260422,10.33,10.43,10.28,10.29,160178.8,165552.299
600486.SH,20260422,72.0,72.84,70.07,70.78,63961.05,453544.034
600487.SH,20260422,59.7,65.78,59.55,65.78,2036963.67,13095647.409
600488.SH,20260422,6.21,6.6,6.12,6.56,1588510.67,1020883.769
600489.SH,20260422,26.95,27.39,26.87,27.2,444000.22,1205384.979
600490.SH,20260422,8.78,9.15,8.74,9.02,597696.43,537838.731
600491.SH,20260422,2.06,2.19,2.04,2.1,868550.26,182641.073
600493.SH,20260422,7.35,7.47,6.99,7.06,171053.01,121703.135
600495.SH,20260422,4.43,4.47,4.4,4.46,126947.37,56445.554
600496.SH,20260422,3.66,3.97,3.64,3.79,1164876.14,445984.972
600497.SH,20260422,8.99,9.64,8.9,9.52,2224139.36,2099610.848
600498.SH,20260422,53.16,56.87,53.15,56.26,1267576.69,7052982.585
600499.SH,20260422,17.33,18.08,17.21,17.84,289389.99,511555.911
600500.SH,20260422,4.18,4.22,4.16,4.19,263921.6,110488.69
600501.SH,20260422,23.85,23.99,23.54,23.89,68578.9,163035.281
600502.SH,20260422,5.97,6.03,5.84,5.94,403868.96,240297.656
600503.SH,20260422,2.28,2.32,2.27,2.3,199503.38,45846.188
600505.SH,20260422,13.31,13.51,13.23,13.45,94256.07,126305.06
600506.SH,20260422,20.88,20.88,20.56,20.65,31655.01,65394.54
600507.SH,20260422,6.27,6.34,6.09,6.32,551796.5,341522.574
600508.SH,20260422,12.93,13.1,12.89,12.98,55666.01,72348.495
600509.SH,20260422,7.93,8.37,7.93,8.23,409487.44,336662.965
600510.SH,20260422,10.18,10.83,10.0,10.67,328107.0,344898.236
600511.SH,20260422,28.58,28.64,28.39,28.39,40082.5,114123.487
600512.SH,20260422,2.46,2.5,2.41,2.47,450316.0,110473.717
600513.SH,20260422,20.67,20.95,20.3,20.65,155183.44,318282.831
600515.SH,20260422,3.6,3.61,3.48,3.49,1665022.22,584803.732
600516.SH,20260422,5.46,5.76,5.44,5.61,877104.25,493553.539
600517.SH,20260422,6.38,6.44,6.37,6.42,210517.36,134811.638
600518.SH,20260422,1.74,1.75,1.73,1.74,929022.09,161510.071
600519.SH,20260422,1415.0,1419.0,1404.98,1409.5,26915.93,3793827.534
600520.SH,20260422,30.18,30.88,28.61,29.51,195317.51,574911.252
600521.SH,20260422,16.18,16.34,16.08,16.29,174958.06,283487.994
600522.SH,20260422,32.54,34.84,32.5,34.82,3003972.47,10225640.327
600523.SH,20260422,14.06,14.17,14.04,14.06,30455.76,42914.775
600525.SH,20260422,5.18,5.33,5.17,5.32,117376.0,61835.553
600526.SH,20260422,5.25,5.42,5.24,5.35,132376.01,70588.775
600527.SH,20260422,2.67,2.68,2.56,2.59,1124717.8,292687.123
600528.SH,20260422,7.94,7.94,7.88,7.93,130675.45,103306.28
600529.SH,20260422,18.74,19.35,18.64,19.17,99710.0,190230.42
600530.SH,20260422,5.12,5.29,5.12,5.14,131043.45,68050.569
600531.SH,20260422,15.41,16.91,15.31,16.4,1629559.73,2674209.523
600533.SH,20260422,2.42,2.43,2.38,2.39,132735.01,31866.036
600535.SH,20260422,14.08,14.15,14.05,14.1,52337.4,73746.338
600536.SH,20260422,37.46,37.93,37.23,37.81,96537.72,363743.447
600537.SH,20260422,3.44,3.59,3.4,3.51,1322594.11,464257.003
600538.SH,20260422,6.96,6.97,6.71,6.8,178258.0,121595.292
600539.SH,20260422,15.91,16.88,15.65,16.54,188779.6,307920.05
600540.SH,20260422,4.87,5.05,4.83,4.9,199235.0,98284.553
600543.SH,20260422,4.87,5.04,4.86,4.9,63365.0,31360.5
600545.SH,20260422,4.08,4.42,4.08,4.33,1229559.12,520464.994
600546.SH,20260422,12.1,12.4,12.04,12.11,183693.52,224236.072
600547.SH,20260422,37.48,37.48,36.82,37.25,547930.53,2036278.52
600548.SH,20260422,9.16,9.18,9.11,9.15,21365.0,19558.685
600549.SH,20260422,63.7,66.77,63.08,66.3,719268.14,4707575.202
600550.SH,20260422,16.01,16.28,15.9,16.06,583228.73,934637.736
600551.SH,20260422,8.17,8.26,8.17,8.19,28651.2,23526.731
600552.SH,20260422,14.52,16.0,14.52,15.7,1043085.25,1609031.838
600556.SH,20260422,6.22,6.23,6.15,6.21,356652.37,220530.773
600557.SH,20260422,13.8,14.25,13.79,14.2,66431.4,93457.057
600558.SH,20260422,5.38,5.38,5.33,5.36,107944.76,57800.209
600559.SH,20260422,13.46,13.46,13.37,13.38,54246.14,72633.339
600560.SH,20260422,14.58,14.58,14.41,14.48,17668.96,25609.328
600561.SH,20260422,6.86,6.89,6.67,6.7,55301.95,37455.629
600562.SH,20260422,28.2,28.94,27.91,28.67,132539.3,377926.662
600563.SH,20260422,123.26,124.68,121.99,124.5,62317.85,767933.043
600566.SH,20260422,24.86,24.92,24.67,24.88,32895.27,81527.989
600567.SH,20260422,1.52,1.53,1.51,1.52,600592.0,91301.287
600568.SH,20260422,2.87,2.9,2.86,2.86,89415.0,25731.622
600569.SH,20260422,2.14,2.15,2.13,2.14,168666.86,36087.662
600570.SH,20260422,26.27,26.98,26.03,26.85,294691.73,788028.261
600571.SH,20260422,13.3,13.55,13.23,13.55,69153.0,92845.219
600572.SH,20260422,4.58,4.61,4.52,4.6,887728.46,404413.03
600573.SH,20260422,12.7,12.96,12.62,12.68,143402.0,182878.628
600575.SH,20260422,3.66,3.76,3.64,3.72,619409.0,229790.385
600576.SH,20260422,6.0,6.01,5.91,5.95,86058.99,51197.611
600577.SH,20260422,13.08,13.46,13.06,13.3,504291.86,671885.084
600578.SH,20260422,5.43,5.53,5.42,5.5,332758.23,182503.94
600579.SH,20260422,7.87,7.9,7.78,7.84,45142.0,35350.698
600580.SH,20260422,38.36,38.73,38.13,38.72,271685.64,1046435.364
600581.SH,20260422,2.94,2.94,2.87,2.88,288575.89,83595.598
600582.SH,20260422,5.7,5.72,5.69,5.7,136764.93,78021.947
600583.SH,20260422,6.93,6.96,6.78,6.81,445299.0,304296.918
600584.SH,20260422,43.84,45.68,43.77,45.51,768614.46,3444471.386
600585.SH,20260422,22.03,22.06,21.78,21.8,374740.32,820070.974
600586.SH,20260422,5.53,5.76,5.5,5.53,441828.01,246616.871
600587.SH,20260422,14.12,14.21,14.11,14.2,35554.04,50347.196
600588.SH,20260422,12.17,12.43,12.07,12.37,394085.36,485094.753
600589.SH,20260422,10.28,10.65,10.08,10.63,1675066.12,1734167.407
600590.SH,20260422,17.15,17.44,16.57,17.27,764693.36,1299500.268
600592.SH,20260422,20.08,20.2,19.93,20.13,55668.92,111724.669
600593.SH,20260422,35.02,35.1,34.52,34.67,30648.0,106355.332
600594.SH,20260422,4.89,4.96,4.63,4.75,1176266.29,559051.577
600595.SH,20260422,8.7,8.87,8.56,8.68,1286962.38,1122590.637
600596.SH,20260422,12.38,12.46,12.31,12.38,174555.31,216266.906
600597.SH,20260422,7.43,7.45,7.38,7.39,47311.17,35024.162
600598.SH,20260422,16.05,16.16,15.87,15.95,254822.94,407398.375
600599.SH,20260422,3.93,4.3,3.93,4.24,50317.06,20956.398
600600.SH,20260422,62.02,62.11,61.76,61.86,30438.33,188435.555
600601.SH,20260422,11.4,11.85,11.36,11.82,2258454.21,2636837.808
600602.SH,20260422,22.75,23.45,22.68,23.38,694342.5,1602497.09
600603.SH,20260422,6.87,6.95,6.76,6.82,178355.93,122015.418
600604.SH,20260422,4.79,5.05,4.79,4.96,155229.0,76546.297
600605.SH,20260422,30.33,32.0,30.33,30.66,78587.0,243329.044
600606.SH,20260422,1.42,1.42,1.38,1.39,1363796.57,190820.267
600608.SH,20260422,2.14,2.2,2.07,2.18,45812.65,9731.986
600609.SH,20260422,4.04,4.08,4.01,4.06,111947.53,45270.623
600610.SH,20260422,9.3,9.5,9.26,9.46,275512.65,258976.842
600611.SH,20260422,4.75,4.79,4.75,4.78,143583.58,68480.707
600612.SH,20260422,41.15,41.69,40.95,41.5,10029.25,41496.358
600613.SH,20260422,5.82,5.89,5.76,5.85,101149.0,59047.055
600615.SH,20260422,11.28,11.38,11.2,11.31,18747.2,21158.421
600616.SH,20260422,4.96,4.96,4.9,4.94,50411.4,24832.123
600617.SH,20260422,3.25,3.29,3.23,3.28,343634.41,112255.134
600618.SH,20260422,13.08,13.2,12.92,13.07,147464.65,191937.076
600619.SH,20260422,17.69,18.0,17.42,17.56,249375.57,438128.119
600620.SH,20260422,6.08,6.11,5.99,5.99,47762.65,28837.598
600621.SH,20260422,14.02,14.26,13.95,14.18,109788.42,155322.477
600622.SH,20260422,2.56,2.59,2.56,2.57,118270.96,30422.451
600623.SH,20260422,9.96,10.03,9.73,9.79,224143.96,221085.227
600624.SH,20260422,4.41,4.42,4.33,4.35,41704.26,18191.967
600626.SH,20260422,3.89,3.94,3.86,3.88,77261.28,29990.608
600628.SH,20260422,7.17,7.17,7.11,7.13,77386.0,55186.028
600629.SH,20260422,21.19,21.5,20.7,20.86,234045.67,488893.667
600630.SH,20260422,7.93,7.95,7.85,7.86,42842.64,33780.2
600633.SH,20260422,12.82,12.95,12.69,12.94,205089.66,262370.456
600635.SH,20260422,5.36,5.39,5.34,5.36,260354.67,139484.453
600636.SH,20260422,6.08,6.3,5.78,5.78,252683.17,151450.933
600637.SH,20260422,9.99,10.17,9.95,10.04,409638.95,411325.33
600638.SH,20260422,6.12,6.51,6.12,6.39,375338.65,237952.938
600639.SH,20260422,11.36,11.39,11.12,11.21,79068.03,88475.495
600640.SH,20260422,12.12,12.36,12.05,12.34,69641.62,84912.246
600641.SH,20260422,24.63,27.06,24.52,27.06,478715.83,1234599.415
600642.SH,20260422,9.27,9.52,9.21,9.33,310087.33,291214.272
600643.SH,20260422,4.92,5.09,4.85,5.03,380132.96,189051.808
600644.SH,20260422,12.68,12.68,12.4,12.53,473659.05,592131.843
600645.SH,20260422,27.69,28.49,27.62,28.16,86054.4,242347.336
600648.SH,20260422,10.56,10.58,10.45,10.53,24817.0,26063.619
600649.SH,20260422,4.3,4.31,4.25,4.29,182641.12,78205.379
600650.SH,20260422,12.83,12.83,12.69,12.77,23285.0,29673.59
600651.SH,20260422,6.92,6.95,6.83,6.85,184498.01,126633.71
600653.SH,20260422,1.74,1.74,1.72,1.73,109890.88,19010.741
600654.SH,20260422,4.03,4.18,3.96,4.11,2483700.61,1009477.06
600655.SH,20260422,5.03,5.05,4.97,4.98,150706.45,75353.947
600657.SH,20260422,3.02,3.03,2.97,2.99,181112.0,54197.905
600658.SH,20260422,4.83,5.1,4.81,5.08,227701.71,113597.745
600660.SH,20260422,58.51,60.5,58.21,60.39,230376.16,1374695.961
600661.SH,20260422,9.97,9.97,9.75,9.9,34709.0,34198.628
600662.SH,20260422,5.18,5.21,5.12,5.14,117060.48,60337.713
600663.SH,20260422,7.8,7.85,7.56,7.59,124920.1,95146.641
600664.SH,20260422,4.0,4.01,3.87,3.93,2184428.37,858447.459
600665.SH,20260422,3.24,3.26,3.19,3.21,76309.0,24583.279
600666.SH,20260422,6.65,6.89,6.43,6.82,5039139.57,3382289.445
600667.SH,20260422,9.92,10.25,9.9,10.24,1198887.05,1213907.432
600668.SH,20260422,11.69,11.81,11.51,11.53,100707.54,117199.185
600671.SH,20260422,19.38,19.38,18.88,19.01,17680.0,33646.923
600673.SH,20260422,32.03,35.0,31.86,34.86,876491.66,2962085.133
600674.SH,20260422,15.14,15.33,14.99,15.0,282661.64,427352.682
600675.SH,20260422,2.64,2.65,2.61,2.62,204443.79,53702.803
600676.SH,20260422,8.0,8.04,7.93,7.99,72717.8,58009.911
600678.SH,20260422,11.76,12.59,11.23,12.22,872843.36,1039582.983
600679.SH,20260422,11.3,11.3,11.12,11.14,34085.0,38100.776
600681.SH,20260422,4.03,4.04,4.0,4.01,126672.83,50854.173
600682.SH,20260422,6.91,6.98,6.83,6.97,124505.29,85731.342
600683.SH,20260422,12.14,13.15,11.65,13.15,345608.91,439842.344
600684.SH,20260422,4.62,4.66,4.53,4.64,164526.64,75561.046
600685.SH,20260422,30.23,30.65,30.03,30.58,151560.31,460793.475
600686.SH,20260422,16.36,17.3,16.14,17.25,286296.41,483243.319
600688.SH,20260422,2.81,2.82,2.78,2.79,276318.78,77226.638
600689.SH,20260422,13.51,13.52,13.33,13.43,22980.0,30810.972
600690.SH,20260422,20.75,20.82,20.64,20.68,462540.66,958263.97
600691.SH,20260422,3.18,3.24,3.15,3.21,590464.4,188615.288
600692.SH,20260422,7.4,7.42,7.25,7.28,78379.01,57233.383
600693.SH,20260422,11.58,11.63,11.12,11.31,765539.24,864295.995
600694.SH,20260422,16.95,16.95,16.73,16.76,15911.55,26690.597
600696.SH,20260422,1.17,1.25,1.15,1.25,82976.22,10186.577
600697.SH,20260422,11.78,11.78,11.62,11.66,23577.0,27547.45
600698.SH,20260422,7.23,7.3,7.13,7.22,103317.0,74211.268
600699.SH,20260422,27.98,29.42,27.88,29.18,1249091.65,3613459.97
600702.SH,20260422,45.5,45.8,45.31,45.7,32150.25,146220.689
600703.SH,20260422,13.59,14.94,13.59,14.94,2138559.96,3119929.849
600704.SH,20260422,5.2,5.23,5.18,5.22,309777.83,161395.72
600706.SH,20260422,9.52,9.64,9.32,9.48,65467.0,62002.793
600707.SH,20260422,8.41,9.17,8.36,8.86,2381612.83,2098296.119
600708.SH,20260422,3.28,3.32,3.24,3.28,163683.69,53571.577
600710.SH,20260422,13.16,13.2,12.92,13.17,120141.72,157070.037
600711.SH,20260422,14.37,14.73,14.34,14.6,985331.97,1434662.649
600712.SH,20260422,5.85,5.87,5.81,5.86,52388.0,30567.891
600713.SH,20260422,5.73,5.75,5.65,5.7,302551.36,172010.721
600714.SH,20260422,18.61,19.14,18.37,18.82,163901.0,308971.271
600715.SH,20260422,2.2,2.21,2.11,2.13,1594588.98,341442.379
600716.SH,20260422,4.27,4.28,4.17,4.18,58078.0,24499.88
600717.SH,20260422,4.5,4.51,4.47,4.5,133365.44,59980.993
600718.SH,20260422,8.95,9.14,8.93,9.13,147761.14,133709.658
600719.SH,20260422,7.33,7.49,7.25,7.47,216667.2,160283.016
600720.SH,20260422,6.88,6.88,6.8,6.82,59601.57,40705.621
600721.SH,20260422,8.87,8.94,8.82,8.89,108511.01,96344.709
600722.SH,20260422,13.42,13.65,13.32,13.59,394141.2,532886.229
600724.SH,20260422,7.29,7.34,7.2,7.29,105864.08,76886.759
600725.SH,20260422,4.06,4.13,4.05,4.12,140954.23,57659.214
600726.SH,20260422,4.6,5.05,4.52,4.79,3779252.02,1821888.378
600727.SH,20260422,7.94,7.98,7.81,7.91,294246.07,232313.937
600728.SH,20260422,5.55,5.68,5.52,5.68,352241.14,198028.944
600729.SH,20260422,21.6,21.6,21.47,21.53,18187.93,39119.298
600730.SH,20260422,8.63,9.17,8.63,8.94,232050.7,208524.707
600731.SH,20260422,6.75,7.03,6.7,6.97,158944.3,109287.188
600732.SH,20260422,15.78,16.0,15.69,15.79,315620.64,498656.871
600733.SH,20260422,7.18,7.26,7.15,7.25,456979.31,329862.673
600734.SH,20260422,2.76,2.76,2.55,2.64,4284532.17,1137489.601
600736.SH,20260422,7.32,7.61,7.26,7.61,1204153.85,903512.198
600737.SH,20260422,14.71,15.25,14.68,14.89,249914.22,373910.278
600738.SH,20260422,4.75,4.76,4.69,4.73,94562.01,44630.009
600739.SH,20260422,11.48,11.81,11.43,11.66,92266.69,107300.938
600740.SH,20260422,4.13,4.19,4.11,4.14,401757.74,166630.857
600741.SH,20260422,20.38,20.68,20.29,20.56,165271.7,339442.434
600742.SH,20260422,10.33,10.33,9.74,9.87,210462.86,208658.205
600743.SH,20260422,2.53,2.62,2.44,2.47,1897270.19,474136.637
600744.SH,20260422,8.14,8.26,8.01,8.09,1474507.65,1197435.69
600745.SH,20260422,29.13,29.55,28.55,29.18,435126.15,1262761.308
600746.SH,20260422,8.67,8.7,8.53,8.59,151032.55,129699.939
600748.SH,20260422,5.45,5.55,5.39,5.42,187507.9,102313.821
600749.SH,20260422,20.46,21.89,20.0,20.77,381396.81,800241.075
600750.SH,20260422,27.39,27.68,26.95,27.45,44281.0,120958.334
600751.SH,20260422,3.8,3.83,3.76,3.77,307689.61,116468.067
600753.SH,20260422,12.76,12.8,12.5,12.68,21074.0,26640.106
600754.SH,20260422,26.8,26.8,26.11,26.26,134324.98,355020.76
600755.SH,20260422,6.26,6.28,6.23,6.24,118325.89,73996.63
600756.SH,20260422,16.22,16.23,16.04,16.22,87184.18,140719.158
600757.SH,20260422,8.69,8.72,8.67,8.7,46195.0,40162.534
600758.SH,20260422,3.93,4.02,3.92,3.98,725445.01,288408.805
600759.SH,20260422,5.2,5.23,5.09,5.13,2098383.29,1076957.438
600760.SH,20260422,49.78,49.96,49.28,49.8,173762.71,861660.692
600761.SH,20260422,17.24,17.58,17.16,17.34,105226.58,182864.339
600763.SH,20260422,40.7,41.4,40.6,41.35,59973.47,246665.655
600764.SH,20260422,24.53,24.56,24.32,24.42,40554.0,98962.788
600765.SH,20260422,16.58,16.68,16.5,16.59,153229.81,254179.923
600768.SH,20260422,17.36,17.45,17.06,17.13,81982.0,140630.717
600769.SH,20260422,15.18,15.27,14.85,15.18,104240.0,156987.295
600770.SH,20260422,5.64,5.84,5.6,5.76,246814.78,141505.381
600771.SH,20260422,17.69,18.15,17.36,17.98,117318.52,208233.381
600773.SH,20260422,22.97,23.9,22.87,23.6,400813.42,939871.879
600774.SH,20260422,8.51,8.6,8.44,8.59,27981.0,23847.485
600775.SH,20260422,13.35,13.55,13.2,13.55,380472.42,510347.4
600776.SH,20260422,16.48,17.46,16.48,17.3,745999.6,1280688.788
600777.SH,20260422,5.87,6.13,5.87,6.12,421235.72,253795.027
600778.SH,20260422,6.37,6.4,6.29,6.31,49645.0,31347.694
600779.SH,20260422,32.72,32.98,32.51,32.69,19169.46,62512.558
600780.SH,20260422,6.88,6.98,6.82,6.93,383646.3,264682.989
600782.SH,20260422,3.23,3.27,3.19,3.24,698010.36,225526.406
600783.SH,20260422,21.4,21.59,21.22,21.48,99108.58,212154.228
600784.SH,20260422,7.67,7.68,7.56,7.62,96501.96,73452.148
600785.SH,20260422,17.13,17.62,17.13,17.38,60631.0,105418.75
600787.SH,20260422,5.36,5.39,5.33,5.35,160882.79,86134.554
600789.SH,20260422,8.21,8.22,8.17,8.2,70832.81,58010.661
600790.SH,20260422,3.75,3.75,3.72,3.73,41170.12,15381.592
600791.SH,20260422,12.74,13.22,12.5,13.13,220164.35,283723.351
600792.SH,20260422,3.98,4.14,3.96,4.12,342823.29,140092.266
600793.SH,20260422,19.0,19.03,18.64,18.76,21438.17,40212.689
600794.SH,20260422,3.58,3.58,3.55,3.58,73583.0,26252.343
600795.SH,20260422,4.94,4.95,4.88,4.9,1586195.15,778775.038
600796.SH,20260422,6.15,6.18,6.1,6.14,59909.7,36799.588
600797.SH,20260422,9.07,9.25,9.01,9.19,313418.13,286326.74
600798.SH,20260422,3.6,3.63,3.59,3.6,138795.0,50001.314
600800.SH,20260422,5.07,5.08,4.85,4.92,378698.5,185841.049
600801.SH,20260422,22.82,22.96,22.61,22.74,57377.63,130438.191
600802.SH,20260422,5.62,5.62,5.56,5.58,46021.0,25678.937
600803.SH,20260422,21.02,21.19,20.62,20.84,98548.23,204974.281
600805.SH,20260422,5.2,5.45,5.18,5.35,191659.77,102602.321
600807.SH,20260422,2.9,2.92,2.88,2.91,106279.0,30829.212
600808.SH,20260422,3.94,3.95,3.88,3.93,366200.11,143700.472
600809.SH,20260422,136.0,137.2,135.02,136.91,69122.82,937232.871
600810.SH,20260422,8.54,8.68,8.42,8.64,151214.52,129966.313
600812.SH,20260422,5.39,5.4,5.36,5.39,98984.75,53230.14
600814.SH,20260422,7.85,7.9,7.76,7.77,69093.74,53917.91
600815.SH,20260422,4.2,4.52,4.17,4.52,2655466.43,1193137.302
600816.SH,20260422,2.51,2.76,2.5,2.72,1828953.69,493337.094
600817.SH,20260422,12.39,12.57,12.34,12.52,36214.0,45128.386
600818.SH,20260422,8.48,8.51,8.25,8.37,50831.05,42512.037
600819.SH,20260422,7.22,7.22,7.11,7.14,59069.0,42256.746
600820.SH,20260422,6.16,6.18,6.13,6.15,115289.41,70961.882
600821.SH,20260422,8.93,9.35,8.9,9.04,2549783.19,2318354.93
600822.SH,20260422,9.9,9.91,9.82,9.88,20380.4,20101.296
600824.SH,20260422,3.96,3.96,3.91,3.94,67053.44,26385.267
600825.SH,20260422,5.9,5.92,5.84,5.86,99473.21,58404.444
600826.SH,20260422,9.46,9.49,9.34,9.4,44499.71,41851.988
600827.SH,20260422,8.26,8.27,8.07,8.07,179895.06,146309.344
600828.SH,20260422,5.13,5.3,5.1,5.16,170406.02,87970.904
600829.SH,20260422,9.77,9.77,9.65,9.71,79935.0,77403.713
600830.SH,20260422,8.72,8.78,8.69,8.78,34309.24,30015.519
600831.SH,20260422,3.4,3.44,3.38,3.4,96503.11,32862.564
600833.SH,20260422,11.5,11.55,11.42,11.48,20412.0,23411.22
600834.SH,20260422,8.24,8.26,8.16,8.23,19881.5,16307.257
600835.SH,20260422,22.75,23.1,22.4,22.96,113138.86,257691.872
600838.SH,20260422,9.99,10.01,9.69,9.73,144540.65,141790.59
600839.SH,20260422,9.41,9.68,9.38,9.53,1313497.11,1255227.723
600841.SH,20260422,9.4,9.5,9.2,9.38,197998.0,185115.805
600843.SH,20260422,9.62,9.64,9.5,9.54,50402.26,48127.917
600844.SH,20260422,3.46,3.47,3.4,3.42,315275.0,107858.472
600845.SH,20260422,22.2,23.27,22.07,23.15,303479.82,697267.819
600846.SH,20260422,12.46,12.56,12.21,12.33,37053.82,45598.163
600847.SH,20260422,14.6,14.79,14.51,14.61,29882.0,43800.711
600848.SH,20260422,9.15,9.3,9.14,9.29,95039.99,87717.111
600850.SH,20260422,20.25,20.87,20.23,20.8,114197.96,235704.289
600851.SH,20260422,8.43,8.47,8.26,8.45,89008.0,74460.026
600853.SH,20260422,3.98,4.12,3.96,4.07,233408.8,94693.413
600854.SH,20260422,5.12,5.2,5.09,5.16,70933.0,36475.325
600855.SH,20260422,19.9,20.18,19.5,20.05,309417.37,614721.89
600857.SH,20260422,12.14,12.14,11.95,11.99,25097.0,30118.053
600858.SH,20260422,5.57,5.61,5.54,5.56,58827.0,32729.695
600859.SH,20260422,12.1,12.12,12.03,12.05,93079.4,112222.679
600860.SH,20260422,11.25,11.28,11.15,11.22,96310.3,107829.577
600861.SH,20260422,16.25,16.26,16.17,16.24,18540.0,30059.992
600862.SH,20260422,21.56,21.69,21.51,21.58,156267.57,337075.003
600863.SH,20260422,4.78,4.88,4.75,4.77,639976.03,308018.144
600864.SH,20260422,6.94,7.69,6.9,7.45,2224237.34,1643119.845
600865.SH,20260422,11.34,11.4,11.16,11.24,54431.0,61137.194
600866.SH,20260422,6.65,6.65,6.48,6.59,439836.93,289218.855
600867.SH,20260422,9.73,9.97,9.65,9.91,606845.99,597253.947
600868.SH,20260422,3.46,3.48,3.42,3.46,458156.66,158343.143
600869.SH,20260422,15.7,17.18,14.97,17.18,2089376.39,3460166.134
600871.SH,20260422,2.7,2.71,2.66,2.67,824080.0,220697.743
600872.SH,20260422,21.68,21.88,21.04,21.15,383090.58,814832.19
600873.SH,20260422,9.87,10.17,9.87,9.97,1863216.36,1862635.075
600874.SH,20260422,6.13,6.23,6.1,6.19,140810.01,87136.641
600875.SH,20260422,41.9,42.28,40.61,42.21,855406.48,3549978.236
600876.SH,20260422,9.95,9.95,9.73,9.81,46522.0,45667.765
600877.SH,20260422,17.03,17.35,16.95,17.31,180693.76,311030.736
600879.SH,20260422,24.69,25.33,24.61,25.21,1778130.66,4450113.281
600880.SH,20260422,5.41,5.42,5.16,5.2,509525.52,267170.596
600881.SH,20260422,1.55,1.55,1.42,1.48,929782.32,138146.142
600882.SH,20260422,20.64,20.93,20.49,20.6,88024.37,181626.738
600883.SH,20260422,8.08,8.13,7.94,8.0,33090.0,26554.219
600884.SH,20260422,15.05,15.74,15.05,15.16,1506499.03,2311804.287
600885.SH,20260422,28.69,29.3,28.6,29.08,143103.65,415914.878
600886.SH,20260422,13.69,13.74,13.46,13.51,249354.41,339073.481
600887.SH,20260422,25.58,25.58,25.28,25.29,444459.29,1127169.284
600888.SH,20260422,8.65,9.24,8.65,8.94,572865.49,514813.116
600889.SH,20260422,15.31,16.15,15.31,15.9,83024.53,131506.454
600892.SH,20260422,3.56,3.56,3.49,3.5,59187.0,20755.702
600893.SH,20260422,48.26,48.6,47.51,48.53,275355.37,1325859.53
600894.SH,20260422,9.98,9.99,9.88,9.9,72839.57,72341.027
600895.SH,20260422,37.61,37.95,37.24,37.6,190114.92,712684.446
600897.SH,20260422,16.0,16.05,15.93,15.98,16560.82,26460.011
600900.SH,20260422,27.13,27.13,26.82,26.86,741609.24,1997674.385
600901.SH,20260422,7.01,7.21,6.99,7.17,367926.5,262413.215
600903.SH,20260422,6.24,6.3,6.22,6.29,67946.07,42491.127
600905.SH,20260422,4.11,4.12,4.09,4.09,1265759.28,518957.609
600906.SH,20260422,6.32,6.42,6.31,6.39,126402.05,80679.595
600908.SH,20260422,5.71,5.76,5.7,5.74,154477.92,88706.311
600909.SH,20260422,5.6,5.71,5.59,5.68,451986.45,255993.234
600916.SH,20260422,9.04,9.06,8.96,9.05,239936.65,216316.341
600917.SH,20260422,5.24,5.24,5.21,5.24,56171.1,29339.537
600918.SH,20260422,5.98,6.05,5.97,6.01,195671.66,117597.883
600919.SH,20260422,11.2,11.23,11.09,11.12,589691.87,656735.02
600925.SH,20260422,4.56,4.68,4.55,4.64,206152.9,95713.902
600926.SH,20260422,17.45,17.5,17.31,17.42,168368.86,293204.325
600927.SH,20260422,14.44,14.66,14.37,14.66,45649.0,66314.978
600928.SH,20260422,3.67,3.73,3.66,3.72,208296.58,77236.645
600929.SH,20260422,7.03,7.3,7.0,7.24,390439.98,281954.926
600930.SH,20260422,6.08,6.12,6.05,6.07,1238708.99,753831.256
600933.SH,20260422,16.86,17.17,16.81,16.95,144422.59,245264.179
600935.SH,20260422,2.6,2.61,2.56,2.57,235976.0,60821.678
600936.SH,20260422,4.0,4.02,3.95,4.0,179543.89,71473.091
600938.SH,20260422,37.68,37.85,37.01,37.09,377407.21,1410318.179
600939.SH,20260422,2.86,2.87,2.84,2.86,60416.0,17237.812
600941.SH,20260422,96.1,96.9,95.52,95.82,96666.66,928870.864
600955.SH,20260422,18.54,18.76,18.35,18.38,68809.0,127198.269
600956.SH,20260422,8.29,8.48,8.21,8.46,286294.47,240462.716
600959.SH,20260422,4.01,4.06,3.99,4.05,556751.45,224764.642
600960.SH,20260422,5.09,5.2,5.08,5.16,146088.0,75075.67
600961.SH,20260422,27.77,29.4,27.51,29.18,1978661.33,5696238.415
600962.SH,20260422,21.4,21.78,21.27,21.56,45038.63,96962.028
600963.SH,20260422,4.83,5.04,4.76,4.97,399910.54,197047.245
600965.SH,20260422,5.38,5.41,5.21,5.26,89032.11,47186.689
600966.SH,20260422,6.76,6.82,6.69,6.79,125334.02,84577.732
600967.SH,20260422,14.85,14.93,14.79,14.89,141510.78,210371.816
600968.SH,20260422,4.25,4.26,4.2,4.23,483788.59,204093.502
600969.SH,20260422,10.25,10.55,10.19,10.29,107469.0,111474.454
600970.SH,20260422,10.43,10.43,10.18,10.22,229720.01,235599.226
600971.SH,20260422,7.49,7.58,7.42,7.5,104114.87,78015.635
600973.SH,20260422,7.34,7.78,7.3,7.58,637948.82,483483.374
600975.SH,20260422,5.67,5.78,5.65,5.66,146939.49,83751.794
600976.SH,20260422,32.56,33.1,32.45,32.87,8914.06,29283.445
600977.SH,20260422,14.71,14.71,14.14,14.4,480821.61,689217.924
600979.SH,20260422,5.31,5.71,5.2,5.26,2388544.69,1288703.514
600980.SH,20260422,23.0,23.23,22.82,23.17,23976.01,55318.732
600981.SH,20260422,2.91,2.92,2.82,2.88,218664.0,62898.021
600982.SH,20260422,6.1,6.32,6.07,6.13,1113453.21,687883.969
600983.SH,20260422,10.7,10.74,10.5,10.56,63306.0,66866.361
600984.SH,20260422,4.19,4.25,4.12,4.17,202165.74,84273.272
600985.SH,20260422,13.82,13.98,13.66,13.85,130729.83,181029.337
600986.SH,20260422,10.95,11.06,10.65,11.03,1432213.3,1556741.708
600987.SH,20260422,7.43,7.5,7.4,7.43,60278.96,44864.179
600988.SH,20260422,43.96,44.25,43.05,43.22,388592.67,1691030.165
600989.SH,20260422,28.1,28.33,27.75,28.16,916096.55,2567904.461
600990.SH,20260422,24.12,24.4,23.97,24.16,33108.04,80086.13
600992.SH,20260422,12.01,12.05,11.94,12.0,28330.0,34014.592
600993.SH,20260422,24.78,24.92,24.72,24.92,21964.07,54573.784
600995.SH,20260422,14.13,14.17,14.0,14.05,171781.4,241811.917
600996.SH,20260422,8.64,8.69,8.44,8.66,302576.6,259153.9
600997.SH,20260422,5.75,5.76,5.7,5.72,66011.0,37787.526
600998.SH,20260422,5.36,5.38,5.33,5.37,214428.33,114851.767
600999.SH,20260422,15.52,15.73,15.43,15.45,498936.43,776293.934
601000.SH,20260422,4.84,4.93,4.84,4.85,267104.02,130172.454
601001.SH,20260422,17.55,17.75,17.3,17.58,128957.83,225792.255
601002.SH,20260422,6.61,6.68,6.47,6.63,528797.36,349117.341
601003.SH,20260422,4.59,4.6,4.52,4.57,78656.02,35842.106
601005.SH,20260422,1.4,1.41,1.39,1.4,393321.58,55119.617
601006.SH,20260422,5.27,5.3,5.24,5.25,849325.93,447471.243
601007.SH,20260422,8.44,9.08,8.39,8.68,400054.44,347721.618
601008.SH,20260422,4.81,4.83,4.78,4.79,79792.56,38284.951
601009.SH,20260422,11.53,11.58,11.45,11.51,350919.59,403326.291
601010.SH,20260422,2.4,2.41,2.36,2.4,302321.52,72331.996
601011.SH,20260422,3.14,3.18,3.12,3.13,288266.0,90675.007
601012.SH,20260422,17.5,17.66,17.4,17.55,788200.5,1382718.187
601015.SH,20260422,3.96,4.03,3.95,3.99,454135.79,181189.288
601016.SH,20260422,4.1,4.14,4.05,4.07,3504895.57,1428309.092
601018.SH,20260422,3.84,3.87,3.82,3.83,282476.13,108372.609
601019.SH,20260422,7.66,7.66,7.62,7.65,76834.21,58698.038
601020.SH,20260422,32.3,34.08,32.18,33.89,401497.99,1344177.975
601021.SH,20260422,48.35,48.89,48.18,48.26,46240.9,224227.0
601022.SH,20260422,8.95,8.95,8.81,8.85,91527.0,81139.905
601026.SH,20260422,18.64,18.75,18.4,18.56,37840.01,70052.088
601033.SH,20260422,14.76,14.86,14.76,14.82,27525.58,40798.912
601038.SH,20260422,12.69,12.76,12.64,12.67,41730.69,52884.227
601058.SH,20260422,13.71,13.77,13.57,13.66,245024.25,334781.504
601059.SH,20260422,16.82,16.9,16.75,16.84,82791.0,139450.605
601061.SH,20260422,13.74,14.28,13.57,14.28,214981.33,303915.483
601065.SH,20260422,8.37,8.58,8.37,8.53,98903.3,84369.077
601066.SH,20260422,21.68,22.0,21.62,21.8,106998.18,233698.75
601068.SH,20260422,6.35,6.36,6.25,6.32,125965.27,79297.925
601069.SH,20260422,33.39,34.15,33.16,33.77,159111.89,535306.99
601077.SH,20260422,7.42,7.48,7.37,7.43,239695.0,178095.454
601083.SH,20260422,13.13,13.25,13.0,13.07,84047.35,110077.474
601086.SH,20260422,8.66,8.7,8.44,8.48,134738.74,114735.829
601088.SH,20260422,45.98,46.8,45.8,45.87,356676.41,1648892.634
601089.SH,20260422,22.18,22.48,22.04,22.45,22526.0,50255.105
601096.SH,20260422,5.58,5.62,5.56,5.61,207604.0,116152.115
601098.SH,20260422,11.15,11.19,11.09,11.13,71200.14,79288.239
601099.SH,20260422,3.78,3.83,3.76,3.8,920690.02,349701.089
601100.SH,20260422,99.85,101.39,99.04,101.08,102424.42,1027232.337
601101.SH,20260422,8.41,8.57,8.38,8.51,164870.86,139985.724
601106.SH,20260422,4.25,4.29,4.17,4.27,501738.37,211798.487
601107.SH,20260422,6.15,6.24,6.14,6.17,102435.16,63325.816
601108.SH,20260422,8.19,8.42,8.18,8.34,357095.52,297508.687
601111.SH,20260422,7.1,7.13,7.0,7.02,713650.61,502257.581
601112.SH,20260422,20.38,20.39,19.92,20.13,143866.87,288784.338
601113.SH,20260422,4.72,4.75,4.62,4.64,246366.33,114900.011
601116.SH,20260422,14.1,14.11,13.69,13.83,107145.16,147944.4
601117.SH,20260422,8.52,8.59,8.48,8.53,745515.73,635080.013
601118.SH,20260422,6.67,6.82,6.66,6.76,372734.89,252161.976
601121.SH,20260422,7.8,7.92,7.74,7.8,84418.0,65984.025
601126.SH,20260422,49.53,54.89,49.3,53.4,406199.58,2129007.902
601127.SH,20260422,89.64,90.58,89.14,90.47,122975.42,1107632.468
601128.SH,20260422,7.3,7.37,7.28,7.33,428420.41,313971.27
601133.SH,20260422,24.26,24.4,22.87,23.54,250839.83,593867.727
601136.SH,20260422,16.27,16.45,16.22,16.38,72940.42,119225.012
601137.SH,20260422,20.29,20.53,20.05,20.39,158736.56,321886.058
601138.SH,20260422,61.19,67.55,61.03,66.89,3160831.51,20397857.326
601139.SH,20260422,6.91,6.99,6.91,6.94,171663.99,119181.783
601155.SH,20260422,14.7,14.82,14.53,14.55,98887.72,144761.026
601156.SH,20260422,17.2,17.34,17.1,17.23,39787.0,68519.407
601158.SH,20260422,4.38,4.39,4.36,4.37,47519.0,20769.964
601162.SH,20260422,3.76,3.81,3.74,3.79,955220.9,361611.902
601163.SH,20260422,13.94,14.01,13.9,13.96,25124.78,35081.845
601166.SH,20260422,18.44,18.47,18.22,18.22,1266286.8,2317850.133
601168.SH,20260422,28.92,29.58,28.72,29.44,496759.63,1456534.758
601169.SH,20260422,5.46,5.46,5.43,5.43,616008.59,335093.935
601177.SH,20260422,14.79,14.83,14.71,14.82,29965.53,44307.103
601179.SH,20260422,17.9,18.2,17.76,17.95,2145173.65,3853717.669
601186.SH,20260422,6.89,6.89,6.86,6.88,399699.33,274682.968
601187.SH,20260422,7.85,7.87,7.71,7.76,96515.18,75076.208
601188.SH,20260422,3.27,3.29,3.26,3.27,95655.0,31312.811
601198.SH,20260422,12.88,12.98,12.84,12.89,165809.27,213949.427
601199.SH,20260422,5.63,5.65,5.59,5.64,44245.57,24894.715
601200.SH,20260422,8.05,8.13,8.03,8.08,61337.85,49584.614
601208.SH,20260422,35.7,36.77,35.45,36.64,609259.66,2212637.373
601211.SH,20260422,16.7,17.07,16.62,16.8,1186239.72,1996090.775
601212.SH,20260422,8.0,8.24,7.91,8.22,1163123.69,945746.763
601216.SH,20260422,5.27,5.3,5.2,5.22,651658.2,340790.979
601218.SH,20260422,6.25,6.26,6.15,6.2,409245.39,253861.55
601222.SH,20260422,6.17,6.23,6.15,6.16,235181.68,145319.166
601225.SH,20260422,25.69,25.95,25.31,25.48,462175.47,1184060.068
601226.SH,20260422,9.52,9.59,9.44,9.52,182622.0,173685.882
601228.SH,20260422,3.25,3.26,3.23,3.23,177467.5,57556.395
601229.SH,20260422,9.76,9.81,9.69,9.74,337909.15,329434.432
601231.SH,20260422,41.91,44.89,41.91,44.28,575494.37,2513774.837
601233.SH,20260422,20.22,20.49,19.88,20.09,256968.74,518894.998
601236.SH,20260422,7.67,7.77,7.66,7.71,101085.52,78043.721
601238.SH,20260422,7.17,7.17,7.12,7.16,147038.86,105004.196
601279.SH,20260422,3.87,3.88,3.81,3.85,98420.51,37744.8
601288.SH,20260422,7.18,7.18,7.02,7.07,2737146.0,1938678.933
601298.SH,20260422,8.9,9.01,8.9,8.98,72264.75,64779.272
601311.SH,20260422,10.47,11.28,10.46,10.87,1410337.94,1559317.942
601318.SH,20260422,58.03,58.6,57.65,58.03,579570.25,3364574.054
601319.SH,20260422,7.3,7.37,7.27,7.32,459681.37,336508.5
601326.SH,20260422,3.56,3.56,3.52,3.54,204053.0,72197.19
601328.SH,20260422,7.03,7.04,6.96,6.97,992860.13,694377.886
601330.SH,20260422,8.15,8.7,8.12,8.69,633917.43,539329.44
601333.SH,20260422,3.05,3.07,3.05,3.06,258256.0,78969.813
601336.SH,20260422,64.13,65.17,63.31,63.69,212659.72,1363212.212
601339.SH,20260422,8.23,8.59,8.1,8.5,155464.46,130082.994
601360.SH,20260422,10.95,11.09,10.91,11.09,668002.8,736424.517
601366.SH,20260422,3.92,3.94,3.9,3.9,78288.09,30627.463
601368.SH,20260422,4.73,4.77,4.71,4.73,43363.63,20552.196
601369.SH,20260422,9.12,9.25,9.01,9.09,132284.07,120406.034
601375.SH,20260422,4.0,4.06,3.98,4.04,279483.74,112610.475
601377.SH,20260422,5.95,6.04,5.92,5.98,691188.23,413870.709
601388.SH,20260422,4.09,4.19,4.06,4.17,695995.47,288689.582
601390.SH,20260422,5.28,5.3,5.26,5.26,1275483.28,672414.084
601398.SH,20260422,7.62,7.64,7.49,7.52,2208445.27,1665652.319
601399.SH,20260422,4.19,4.54,4.12,4.34,2319144.68,1000737.722
601456.SH,20260422,9.29,9.38,9.24,9.36,241462.15,225279.396
601500.SH,20260422,4.21,4.26,4.19,4.25,91674.4,38779.785
601512.SH,20260422,9.18,10.32,9.07,10.32,325251.31,317731.7
601515.SH,20260422,4.74,4.79,4.62,4.63,384341.31,179104.053
601518.SH,20260422,2.82,2.84,2.82,2.83,114364.1,32391.047
601519.SH,20260422,10.7,10.98,10.63,10.95,283193.6,307380.213
601528.SH,20260422,5.28,5.31,5.27,5.27,99017.9,52340.666
601555.SH,20260422,8.18,8.41,8.17,8.32,421493.59,350365.914
601566.SH,20260422,10.88,10.9,10.53,10.64,95607.42,101785.211
601567.SH,20260422,25.21,25.75,24.99,25.54,249813.89,633821.552
601568.SH,20260422,4.04,4.08,4.03,4.06,134320.44,54548.826
601577.SH,20260422,9.66,9.72,9.63,9.65,105467.36,101948.748
601579.SH,20260422,18.79,18.95,18.68,18.87,49631.82,93384.671
601588.SH,20260422,1.8,1.82,1.78,1.79,514748.0,92550.798
601595.SH,20260422,25.3,25.38,25.0,25.13,35821.96,89980.837
601598.SH,20260422,6.18,6.25,6.1,6.12,115562.79,71275.866
601599.SH,20260422,3.81,3.82,3.73,3.75,225127.23,84548.905
601600.SH,20260422,12.01,12.14,11.93,12.08,1997331.23,2405230.184
601601.SH,20260422,37.0,37.43,36.6,37.05,339875.95,1257782.517
601606.SH,20260422,39.72,39.99,39.13,39.86,168293.79,667530.862
601607.SH,20260422,17.04,17.04,16.93,16.96,58410.0,99103.039
601608.SH,20260422,6.27,6.28,6.23,6.24,228608.0,142793.025
601609.SH,20260422,10.89,11.07,10.85,11.0,221839.0,243668.766
601611.SH,20260422,14.15,14.22,14.05,14.18,311257.24,440070.427
601615.SH,20260422,17.1,17.53,16.97,17.31,700356.09,1210149.891
601616.SH,20260422,4.78,4.82,4.75,4.81,203669.0,97565.001
601618.SH,20260422,2.96,2.96,2.94,2.95,761529.08,224710.234
601619.SH,20260422,6.23,6.35,6.1,6.31,1300171.26,808970.471
601628.SH,20260422,37.21,37.72,36.93,37.08,205623.43,765412.428
601633.SH,20260422,20.7,20.75,20.43,20.45,150925.39,310129.618
601636.SH,20260422,6.04,6.19,5.98,6.12,655164.11,399102.306
601658.SH,20260422,5.21,5.23,5.16,5.16,1123565.1,582413.71
601665.SH,20260422,6.22,6.33,6.19,6.27,639927.29,402242.474
601666.SH,20260422,7.91,7.98,7.87,7.88,177300.44,140272.68
601668.SH,20260422,4.85,4.86,4.83,4.85,1862816.28,902156.556
601669.SH,20260422,5.9,5.92,5.85,5.87,2391867.36,1404705.798
601677.SH,20260422,18.21,18.86,18.16,18.46,621068.04,1152894.35
601678.SH,20260422,5.06,5.16,5.03,5.12,529947.07,269740.445
601686.SH,20260422,5.89,5.9,5.86,5.87,50075.82,29428.355
601688.SH,20260422,18.9,19.74,18.85,19.38,1424103.85,2757668.971
601689.SH,20260422,59.17,59.99,59.01,59.67,254673.47,1513484.269
601696.SH,20260422,12.3,12.54,12.24,12.44,292240.37,362745.122
601698.SH,20260422,37.0,38.35,36.99,37.71,1035062.97,3881334.101
601699.SH,20260422,13.81,14.1,13.7,13.79,165308.68,229381.367
601700.SH,20260422,5.08,5.14,5.04,5.07,175517.13,89079.341
601702.SH,20260422,19.89,20.36,19.69,20.05,92658.69,186187.502
601717.SH,20260422,19.99,20.12,19.8,20.12,128237.41,256378.536
601718.SH,20260422,2.95,2.96,2.94,2.95,263749.86,77745.504
601727.SH,20260422,8.0,8.08,7.97,8.06,884746.95,710209.258
601728.SH,20260422,5.97,5.98,5.92,5.93,1016160.19,604031.603
601766.SH,20260422,6.08,6.09,6.01,6.02,1991672.41,1202312.722
601777.SH,20260422,10.23,10.37,10.17,10.35,242295.14,249503.823
601778.SH,20260422,6.45,6.85,6.43,6.54,7334947.76,4828136.825
601788.SH,20260422,15.28,15.46,15.12,15.13,383619.37,585044.445
601789.SH,20260422,5.43,5.6,5.31,5.58,926550.0,505549.896
601798.SH,20260422,9.19,9.24,9.08,9.14,46577.0,42639.114
601799.SH,20260422,128.78,129.28,125.42,127.83,30563.16,387692.641
601800.SH,20260422,7.35,7.36,7.26,7.29,297460.41,216810.252
601801.SH,20260422,6.09,6.09,6.04,6.07,54764.05,33220.924
601808.SH,20260422,15.15,15.18,14.88,14.93,213491.69,319693.659
601811.SH,20260422,13.8,13.81,13.58,13.69,54837.19,75045.452
601816.SH,20260422,5.01,5.01,4.94,4.94,1113880.79,552517.543
601818.SH,20260422,3.18,3.19,3.17,3.18,1059733.0,336857.686
601825.SH,20260422,9.11,9.16,9.05,9.07,116079.0,105616.96
601827.SH,20260422,7.94,7.98,7.92,7.95,50999.85,40594.51
601828.SH,20260422,2.36,2.38,2.35,2.37,89971.37,21261.323
601838.SH,20260422,17.69,17.78,17.59,17.59,132107.18,233496.879
601857.SH,20260422,11.49,11.51,11.37,11.45,1229404.74,1405780.84
601858.SH,20260422,22.13,22.72,21.6,22.55,120021.99,267477.251
601860.SH,20260422,2.68,2.7,2.67,2.68,367041.45,98536.692
601865.SH,20260422,14.57,14.79,14.47,14.71,162463.11,238342.559
601866.SH,20260422,2.72,2.73,2.7,2.7,712000.63,192741.573
601868.SH,20260422,3.0,3.01,2.96,2.98,7298337.26,2173483.89
601869.SH,20260422,382.29,417.96,382.29,412.0,202628.63,8180956.317
601872.SH,20260422,18.88,18.97,17.38,17.96,2293764.49,4113669.355
601877.SH,20260422,32.45,33.13,32.33,32.61,266201.84,868490.453
601878.SH,20260422,9.55,9.64,9.5,9.57,223026.74,213673.734
601880.SH,20260422,1.62,1.63,1.61,1.62,531392.8,86165.215
601881.SH,20260422,12.7,12.86,12.61,12.67,465057.17,591637.159
601882.SH,20260422,19.5,19.7,19.38,19.62,22179.34,43383.489
601886.SH,20260422,10.08,10.16,9.85,9.9,76647.65,76426.208
601888.SH,20260422,67.12,67.27,66.48,66.63,185559.16,1236673.745
601890.SH,20260422,10.68,10.71,10.57,10.65,294785.75,313782.498
601898.SH,20260422,16.6,17.09,16.6,16.78,389744.71,658019.867
601899.SH,20260422,35.67,35.86,35.24,35.53,3723920.06,13254782.857
601900.SH,20260422,13.4,13.51,13.22,13.27,99502.39,132811.946
601901.SH,20260422,6.98,7.09,6.98,7.03,454570.63,319802.462
601908.SH,20260422,4.48,4.57,4.4,4.46,1069739.33,479682.296
601916.SH,20260422,2.99,3.0,2.97,2.97,758476.27,225913.038
601918.SH,20260422,7.65,7.82,7.62,7.77,420603.75,326149.441
601919.SH,20260422,14.6,14.61,14.43,14.46,602211.66,872100.147
601921.SH,20260422,7.97,7.99,7.89,7.9,73837.58,58516.201
601928.SH,20260422,9.62,9.62,9.55,9.56,84584.0,80895.173
601929.SH,20260422,3.04,3.05,2.96,2.99,1015127.0,302586.884
601933.SH,20260422,3.83,3.86,3.79,3.8,1509268.56,574378.793
601939.SH,20260422,9.85,9.89,9.69,9.79,660826.02,645417.935
601949.SH,20260422,6.33,6.33,6.24,6.26,68315.0,42780.982
601952.SH,20260422,9.81,10.19,9.8,9.93,307802.97,308740.489
601956.SH,20260422,6.1,6.11,6.04,6.11,78550.0,47734.329
601958.SH,20260422,19.9,20.86,19.86,20.59,501927.37,1032100.954
601963.SH,20260422,10.91,10.98,10.81,10.88,106323.0,115735.054
601965.SH,20260422,17.46,17.85,17.37,17.84,70664.76,124498.941
601966.SH,20260422,14.18,14.18,14.12,14.15,60099.03,85042.23
601968.SH,20260422,5.28,5.33,5.19,5.22,215863.0,113165.758
601969.SH,20260422,11.22,11.34,11.17,11.28,169665.91,190988.801
601975.SH,20260422,4.47,4.6,4.41,4.51,2086873.35,935126.441
601985.SH,20260422,8.92,9.01,8.87,8.96,1496289.55,1339575.456
601988.SH,20260422,5.93,5.95,5.83,5.84,1616782.44,948819.566
601990.SH,20260422,7.35,7.42,7.33,7.34,164120.52,120955.069
601991.SH,20260422,4.08,4.16,4.06,4.15,1853346.4,760724.297
601992.SH,20260422,1.73,1.74,1.71,1.72,537204.0,92196.967
601995.SH,20260422,33.89,34.34,33.75,34.1,175260.91,597871.838
601996.SH,20260422,2.58,2.74,2.58,2.66,769013.24,205089.52
601997.SH,20260422,5.85,5.87,5.82,5.87,293007.76,171531.004
601998.SH,20260422,8.47,8.5,8.31,8.36,336422.01,281790.725
601999.SH,20260422,7.69,7.8,7.56,7.63,139058.44,106218.153
603000.SH,20260422,19.76,19.79,19.52,19.79,136647.45,269012.148
603001.SH,20260422,9.18,9.18,8.82,8.84,118260.88,105618.587
603002.SH,20260422,13.62,14.21,13.19,13.88,994649.18,1350451.105
603004.SH,20260422,21.51,21.57,21.28,21.41,18102.0,38739.121
603005.SH,20260422,30.76,32.2,30.71,32.03,482694.4,1530303.886
603006.SH,20260422,13.08,13.08,12.94,12.99,17698.0,22989.566
603007.SH,20260422,6.56,6.7,6.31,6.37,520017.29,333134.647
603008.SH,20260422,12.99,13.11,12.76,12.84,153998.19,198511.779
603009.SH,20260422,50.7,51.65,50.7,51.28,52769.77,269874.094
603010.SH,20260422,13.22,13.42,13.11,13.21,107735.73,142931.501
603011.SH,20260422,21.7,22.45,21.63,22.24,185820.33,408930.152
603012.SH,20260422,8.97,9.1,8.82,8.95,158740.46,141664.753
603013.SH,20260422,19.08,19.58,19.02,19.47,35030.65,68036.437
603014.SH,20260422,37.54,37.55,37.33,37.45,6387.93,23924.721
603015.SH,20260422,12.16,12.33,12.11,12.31,47275.64,57857.132
603016.SH,20260422,55.0,58.88,53.91,53.93,146213.05,819904.518
603017.SH,20260422,15.63,15.63,14.37,14.96,507613.29,762542.583
603018.SH,20260422,7.38,7.41,7.3,7.32,56763.0,41607.894
603019.SH,20260422,89.0,91.88,88.7,91.84,496669.5,4513377.834
603020.SH,20260422,11.46,11.58,11.09,11.12,75980.1,85641.179
603021.SH,20260422,7.99,8.04,7.77,7.89,59507.8,46817.584
603022.SH,20260422,10.56,10.57,10.39,10.48,34546.3,36249.757
603023.SH,20260422,4.41,4.44,4.37,4.38,84482.24,37039.665
603025.SH,20260422,16.56,16.56,16.25,16.38,238658.31,390383.642
603026.SH,20260422,99.15,105.83,99.06,104.84,232747.05,2403122.644
603027.SH,20260422,9.69,9.71,9.37,9.46,176078.38,167254.628
603028.SH,20260422,8.53,8.6,8.46,8.5,36103.3,30807.592
603029.SH,20260422,18.88,18.88,18.58,18.72,15474.5,28940.404
603030.SH,20260422,2.59,2.72,2.54,2.55,1186104.0,309769.064
603031.SH,20260422,55.03,59.22,55.03,58.1,174988.65,999971.558
603032.SH,20260422,22.85,23.2,22.24,22.65,173738.86,393096.392
603033.SH,20260422,11.21,11.58,11.08,11.23,117409.67,132906.892
603035.SH,20260422,13.48,13.55,13.45,13.51,50665.96,68371.643
603036.SH,20260422,17.9,17.95,17.66,17.8,20824.0,36962.641
603037.SH,20260422,14.63,15.19,14.63,14.97,66228.24,98777.873
603038.SH,20260422,15.7,16.59,15.54,16.55,95400.9,154726.251
603039.SH,20260422,42.49,45.38,41.89,45.3,185023.98,817699.823
603040.SH,20260422,83.48,85.2,82.52,84.59,13057.36,109776.408
603041.SH,20260422,12.78,13.0,12.74,12.83,19584.6,25221.304
603042.SH,20260422,20.75,21.7,20.73,21.55,152778.49,326067.055
603043.SH,20260422,15.43,15.54,15.38,15.42,18023.4,27804.286
603045.SH,20260422,37.06,37.51,36.51,37.35,46219.6,171342.156
603048.SH,20260422,23.08,23.25,22.7,22.92,17994.0,41335.821
603049.SH,20260422,49.84,49.84,49.05,49.21,29271.58,143914.025
603050.SH,20260422,19.7,19.9,19.39,19.83,34661.06,68170.551
603051.SH,20260422,22.48,22.98,22.45,22.85,38550.27,87810.173
603052.SH,20260422,90.4,92.95,89.0,91.36,99167.35,902423.61
603053.SH,20260422,9.51,9.58,9.46,9.57,19681.69,18779.048
603055.SH,20260422,9.39,9.45,9.27,9.3,53203.0,49628.98
603057.SH,20260422,28.18,28.31,27.27,27.52,48076.16,133089.879
603058.SH,20260422,12.25,12.31,12.0,12.06,82607.0,100054.037
603059.SH,20260422,35.02,35.08,34.65,35.0,9652.37,33663.123
603060.SH,20260422,6.05,6.08,6.0,6.03,70012.75,42263.019
603061.SH,20260422,248.5,250.88,241.5,249.89,28017.26,688579.844
603062.SH,20260422,50.8,50.8,49.06,49.45,15968.85,79322.493
603063.SH,20260422,41.2,41.98,40.0,41.77,368874.48,1516697.499
603065.SH,20260422,8.22,8.22,8.1,8.12,30535.79,24837.205
603066.SH,20260422,10.07,10.15,10.0,10.04,24339.0,24517.069
603067.SH,20260422,36.88,38.6,36.4,38.05,296888.9,1115101.908
603068.SH,20260422,33.0,33.47,32.7,33.41,20488.0,68179.467
603069.SH,20260422,17.1,17.26,16.76,16.9,49735.0,84135.081
603070.SH,20260422,15.01,15.24,14.86,15.04,30153.0,45337.435
603071.SH,20260422,14.41,14.6,14.28,14.3,49710.27,71670.114
603072.SH,20260422,37.02,37.13,36.62,36.99,20015.62,73849.597
603073.SH,20260422,20.11,20.32,19.92,19.99,15754.11,31672.845
603075.SH,20260422,23.16,23.55,22.88,23.5,19661.67,45697.227
603076.SH,20260422,28.15,29.12,27.44,28.85,51607.53,146015.727
603077.SH,20260422,2.99,3.04,2.96,3.0,2809389.18,840436.65
603078.SH,20260422,23.87,24.49,23.6,23.93,129653.81,309341.592
603079.SH,20260422,16.9,16.94,16.65,16.82,23410.35,39330.454
603080.SH,20260422,21.65,21.73,21.51,21.64,15164.0,32754.502
603081.SH,20260422,11.78,11.95,11.76,11.85,43055.0,50996.337
603082.SH,20260422,37.29,37.29,36.9,37.09,7084.0,26224.907
603083.SH,20260422,158.2,176.86,156.0,172.18,594044.02,9757666.024
603085.SH,20260422,11.91,12.03,11.87,11.91,61112.01,73015.755
603086.SH,20260422,7.7,7.7,7.54,7.57,153167.45,116087.122
603087.SH,20260422,64.21,66.25,63.98,65.68,69560.55,454651.58
603088.SH,20260422,13.44,13.92,13.27,13.87,266616.26,362923.199
603089.SH,20260422,12.78,12.85,12.64,12.83,18196.77,23225.642
603090.SH,20260422,70.5,71.53,68.09,69.81,58087.0,404859.552
603091.SH,20260422,81.39,82.8,81.0,82.25,4091.0,33598.331
603092.SH,20260422,70.75,72.35,70.47,71.85,14672.97,105084.87
603093.SH,20260422,20.98,21.44,20.47,21.29,141805.0,298715.043
603095.SH,20260422,17.99,18.72,17.84,18.27,44073.56,80990.438
603096.SH,20260422,17.68,17.68,17.27,17.48,17973.2,31532.33
603097.SH,20260422,32.5,32.85,32.17,32.77,30563.09,99423.094
603098.SH,20260422,15.23,15.43,15.09,15.26,78845.41,120219.227
603099.SH,20260422,35.02,35.25,34.61,35.13,31527.0,110212.328
603100.SH,20260422,19.58,19.68,19.42,19.63,39129.41,76624.033
603101.SH,20260422,10.03,10.27,9.67,10.24,362815.3,363290.715
603102.SH,20260422,40.14,40.56,39.8,40.08,6367.98,25477.654
603103.SH,20260422,23.96,24.17,22.9,23.35,225134.78,523238.714
603105.SH,20260422,11.7,11.95,11.63,11.73,355370.0,418568.904
603106.SH,20260422,8.98,9.01,8.92,8.96,42948.86,38445.137
603107.SH,20260422,14.17,14.22,14.12,14.2,19762.51,27995.555
603108.SH,20260422,13.74,14.4,13.65,13.89,244637.54,341349.849
603109.SH,20260422,24.32,24.55,24.25,24.53,31730.0,77413.159
603110.SH,20260422,17.8,18.42,17.62,18.34,94964.66,171723.471
603111.SH,20260422,6.81,6.86,6.77,6.85,45268.16,30912.506
603112.SH,20260422,20.99,22.39,20.6,22.07,222301.04,481779.894
603113.SH,20260422,6.98,7.28,6.95,7.19,161913.49,115424.778
603115.SH,20260422,52.99,53.56,51.0,53.56,33872.01,179601.26
603116.SH,20260422,5.68,5.78,5.61,5.72,59713.8,34086.378
603117.SH,20260422,4.54,4.54,4.45,4.46,73625.2,32961.702
603118.SH,20260422,14.31,15.49,14.31,15.16,988337.35,1486621.042
603119.SH,20260422,79.62,81.49,79.49,79.99,119455.14,957592.469
603120.SH,20260422,39.75,39.76,39.11,39.5,6596.68,26020.355
603121.SH,20260422,21.39,21.99,21.29,21.3,54156.0,116219.852
603122.SH,20260422,15.66,15.94,15.51,15.92,202393.0,317927.023
603123.SH,20260422,11.9,11.92,11.62,11.8,247212.3,290507.353
603124.SH,20260422,125.0,127.7,121.8,127.55,21402.46,267127.528
603125.SH,20260422,18.61,18.81,18.47,18.63,27685.12,51474.332
603126.SH,20260422,8.18,8.35,8.05,8.2,139053.48,114044.582
603127.SH,20260422,37.01,38.09,36.64,37.72,205052.89,768290.892
603128.SH,20260422,5.61,5.62,5.58,5.59,56852.7,31796.14
603129.SH,20260422,268.0,277.87,267.0,274.2,11647.28,320050.269
603130.SH,20260422,45.3,48.56,45.0,47.84,60950.66,284049.105
603131.SH,20260422,21.75,22.08,21.39,21.63,116813.45,253126.318
603132.SH,20260422,19.51,20.29,19.06,19.23,146289.0,286660.459
603135.SH,20260422,12.15,12.15,11.69,11.72,105833.96,125791.481
603136.SH,20260422,10.88,10.88,10.71,10.74,43295.73,46554.593
603137.SH,20260422,13.21,13.32,13.12,13.22,18889.4,24960.689
603138.SH,20260422,19.74,20.59,19.09,20.18,190141.16,378581.9
603139.SH,20260422,33.68,36.3,33.68,35.77,67350.0,237201.453
603150.SH,20260422,60.0,64.43,59.5,62.18,48932.05,302400.016
603151.SH,20260422,15.27,15.73,15.16,15.28,50404.0,77518.293
603153.SH,20260422,16.68,16.79,16.5,16.76,11522.0,19201.388
603155.SH,20260422,16.58,17.0,16.43,16.73,66716.86,111780.605
603156.SH,20260422,33.84,33.85,32.8,33.56,72173.39,240711.791
603158.SH,20260422,13.02,13.7,12.83,13.66,478889.29,640880.364
603159.SH,20260422,26.5,26.6,26.05,26.07,14195.0,37247.399
603160.SH,20260422,68.83,70.77,68.61,70.7,61570.43,431687.429
603161.SH,20260422,14.78,14.89,14.6,14.76,29304.0,43296.987
603162.SH,20260422,14.47,14.7,14.35,14.59,217310.8,316978.415
603163.SH,20260422,108.01,111.48,107.05,108.65,34182.0,373364.274
603165.SH,20260422,16.92,17.28,16.73,17.07,115524.72,196107.849
603166.SH,20260422,13.68,13.78,13.56,13.77,42510.2,58211.371
603167.SH,20260422,9.33,9.36,9.28,9.33,34792.0,32464.06
603168.SH,20260422,6.44,6.5,6.38,6.48,51484.0,33184.891
603169.SH,20260422,9.7,9.84,9.7,9.8,153761.25,150506.78
603170.SH,20260422,13.33,13.33,13.08,13.12,15385.06,20291.292
603171.SH,20260422,59.0,60.84,57.65,59.81,94834.39,563517.198
603172.SH,20260422,21.3,22.16,21.2,21.5,29203.0,63228.787
603173.SH,20260422,41.97,41.98,40.47,41.05,21616.0,88797.943
603175.SH,20260422,96.3,105.0,96.3,102.02,52750.41,532049.003
603176.SH,20260422,5.45,5.45,5.38,5.41,31378.0,16975.976
603177.SH,20260422,12.23,12.94,11.76,11.76,107207.0,129582.068
603178.SH,20260422,22.4,23.19,21.08,21.16,578025.57,1297869.459
603179.SH,20260422,63.59,65.16,63.05,64.4,121291.6,777005.292
603180.SH,20260422,19.02,19.02,18.84,18.88,4500.0,8510.034
603181.SH,20260422,15.02,15.29,14.95,15.03,55304.24,83386.491
603182.SH,20260422,14.64,14.7,14.45,14.57,34953.0,50816.903
603183.SH,20260422,4.64,4.65,4.55,4.57,97639.19,44815.632
603185.SH,20260422,24.73,25.17,24.5,24.97,102483.28,255317.091
603186.SH,20260422,71.79,74.56,68.11,73.96,203292.27,1452281.71
603187.SH,20260422,15.11,15.29,15.04,15.1,28269.29,42707.789
603188.SH,20260422,4.86,4.88,4.77,4.8,104986.0,50491.52
603189.SH,20260422,13.13,13.2,12.78,12.79,385871.79,497774.938
603190.SH,20260422,25.5,25.7,25.41,25.61,9006.2,23045.613
603191.SH,20260422,20.59,21.12,20.4,20.91,110535.21,230033.044
603192.SH,20260422,23.95,24.16,23.62,24.08,8956.0,21504.197
603193.SH,20260422,25.01,25.01,24.55,24.58,38244.91,94192.406
603194.SH,20260422,33.36,34.02,33.36,33.83,10955.38,36987.651
603195.SH,20260422,41.32,41.55,41.18,41.46,14867.65,61538.405
603196.SH,20260422,33.1,33.79,32.81,33.68,48249.84,160938.557
603197.SH,20260422,33.47,34.35,33.35,34.11,26473.33,89964.915
603198.SH,20260422,35.14,35.66,35.11,35.47,30757.0,108817.71
603199.SH,20260422,37.68,37.74,37.37,37.48,14981.99,56148.135
603200.SH,20260422,68.3,71.3,68.0,68.86,105130.41,727334.423
603201.SH,20260422,16.56,16.59,16.31,16.4,12607.1,20768.145
603202.SH,20260422,96.71,96.71,93.92,94.46,13684.05,129591.433
603203.SH,20260422,45.65,47.8,45.65,47.0,99867.5,466846.45
603205.SH,20260422,26.16,26.16,25.75,25.76,4862.4,12566.171
603206.SH,20260422,17.03,17.07,16.72,17.03,45534.0,77089.193
603207.SH,20260422,28.19,28.19,27.72,27.91,5852.54,16303.147
603208.SH,20260422,13.13,13.13,12.91,12.94,13553.94,17585.257
603209.SH,20260422,15.19,15.35,14.97,15.11,85449.81,129602.458
603210.SH,20260422,16.6,16.61,16.41,16.45,19450.71,32019.86
603211.SH,20260422,24.94,26.24,24.48,25.59,124388.0,316188.583
603212.SH,20260422,13.46,13.59,13.3,13.53,92763.0,124794.85
603213.SH,20260422,13.48,13.48,13.4,13.42,7423.0,9959.983
603214.SH,20260422,15.93,16.04,15.74,15.97,17723.62,28164.003
603215.SH,20260422,19.05,19.28,18.69,19.01,20462.0,38786.245
603216.SH,20260422,30.77,31.09,30.31,30.62,35731.0,109145.254
603217.SH,20260422,27.3,29.6,27.29,29.08,93720.72,268360.834
603218.SH,20260422,14.48,14.8,14.42,14.74,116829.92,171737.143
603219.SH,20260422,16.3,16.6,16.14,16.44,46225.0,75873.753
603220.SH,20260422,29.53,32.43,29.1,31.12,768749.3,2386344.828
603221.SH,20260422,11.47,11.47,11.23,11.28,17001.0,19232.778
603222.SH,20260422,10.28,10.4,10.18,10.29,159262.26,163676.984
603223.SH,20260422,9.1,9.19,8.93,9.11,107648.55,97450.472
603225.SH,20260422,17.53,17.67,17.14,17.3,141508.14,245895.784
603226.SH,20260422,38.6,40.0,38.2,39.19,37214.7,146065.788
603227.SH,20260422,8.89,8.99,8.84,8.86,218747.0,194610.978
603228.SH,20260422,64.78,69.28,64.4,68.95,564688.78,3824734.207
603229.SH,20260422,9.81,10.0,9.81,9.99,60067.85,59590.903
603230.SH,20260422,11.07,11.13,11.01,11.08,20137.0,22279.277
603231.SH,20260422,18.08,18.08,17.89,17.95,18848.52,33867.077
603232.SH,20260422,19.33,19.55,19.17,19.47,52545.2,101837.075
603233.SH,20260422,17.7,17.79,17.56,17.79,30185.79,53458.885
603235.SH,20260422,26.23,26.47,26.1,26.45,3939.0,10347.15
603236.SH,20260422,78.0,82.29,77.8,81.53,96886.18,784766.166
603237.SH,20260422,17.45,17.53,17.21,17.36,18640.16,32406.031
603238.SH,20260422,16.17,16.17,15.82,15.88,21534.0,34287.991
603239.SH,20260422,24.01,24.38,23.8,24.37,45089.0,108387.796
603248.SH,20260422,26.35,26.89,26.02,26.61,80467.06,212091.533
603255.SH,20260422,29.4,29.79,29.31,29.46,9739.0,28735.482
603256.SH,20260422,106.6,109.9,101.0,107.35,247874.5,2615769.831
603257.SH,20260422,59.76,60.28,57.57,58.48,19916.9,117045.167
603258.SH,20260422,17.4,17.54,17.15,17.2,20524.05,35443.819
603259.SH,20260422,98.2,99.8,98.12,99.25,270679.09,2681090.651
603260.SH,20260422,44.71,45.65,44.71,45.19,79805.87,360481.689
603261.SH,20260422,39.38,39.38,36.58,36.58,14300.39,52926.557
603262.SH,20260422,26.05,26.17,25.58,25.97,14082.0,36397.856
603266.SH,20260422,20.04,20.77,20.04,20.49,65081.0,133425.342
603267.SH,20260422,52.8,53.62,52.66,53.55,55188.61,294237.606
603268.SH,20260422,140.97,144.46,138.0,141.27,128188.43,1813239.701
603269.SH,20260422,15.65,15.72,14.91,15.33,252016.34,382345.992
603270.SH,20260422,26.4,26.95,26.26,26.85,26161.42,69810.725
603271.SH,20260422,50.99,52.88,50.8,51.8,43923.87,228358.028
603272.SH,20260422,22.31,23.36,22.31,22.31,151380.45,338560.589
603273.SH,20260422,17.61,17.79,17.48,17.58,13739.92,24173.719
603275.SH,20260422,47.66,48.04,46.91,47.8,16793.92,79858.626
603276.SH,20260422,16.84,17.29,16.68,17.08,23518.8,40107.396
603277.SH,20260422,14.08,14.2,14.0,14.19,8818.9,12455.703
603278.SH,20260422,12.8,13.09,12.5,12.82,467928.5,600793.584
603279.SH,20260422,18.43,18.53,18.27,18.4,37996.0,69874.226
603280.SH,20260422,34.58,34.9,34.26,34.58,9111.0,31430.075
603281.SH,20260422,34.8,35.2,33.6,34.46,39589.2,136066.783
603282.SH,20260422,21.4,22.14,21.28,21.63,20978.0,45525.098
603283.SH,20260422,50.02,51.6,50.02,51.49,133585.05,681789.961
603284.SH,20260422,56.51,56.76,55.66,55.8,17865.19,100166.961
603285.SH,20260422,40.02,40.2,38.91,39.49,34639.72,136949.724
603286.SH,20260422,68.81,69.65,66.54,68.74,75501.32,513825.938
603288.SH,20260422,40.75,40.98,39.71,39.83,152287.27,609888.592
603289.SH,20260422,12.05,12.63,11.97,12.18,129819.38,159718.666
603290.SH,20260422,100.88,101.86,100.3,101.75,34825.33,352354.989
603291.SH,20260422,12.04,12.34,11.99,12.2,46404.0,56555.505
603293.SH,20260422,57.13,58.57,56.66,57.8,76972.14,445037.245
603296.SH,20260422,100.98,105.45,99.5,105.08,161772.07,1684303.062
603297.SH,20260422,114.9,122.76,114.9,121.35,25568.29,304568.578
603298.SH,20260422,25.85,26.11,25.37,25.5,75053.64,192682.642
603299.SH,20260422,11.3,11.46,11.28,11.33,57893.17,65831.272
603300.SH,20260422,6.9,7.09,6.8,7.06,773582.53,537161.878
603301.SH,20260422,95.2,95.35,92.9,93.47,21850.77,204947.337
603303.SH,20260422,16.0,16.78,15.52,16.45,65108.69,105501.756
603305.SH,20260422,15.34,15.55,15.29,15.45,268849.79,414560.742
603306.SH,20260422,106.0,107.6,104.06,107.4,155653.83,1652692.656
603307.SH,20260422,39.38,39.8,39.27,39.55,2822.0,11136.441
603308.SH,20260422,70.0,75.5,69.83,75.45,240881.06,1763258.831
603309.SH,20260422,12.96,13.26,12.92,13.21,57836.41,76092.597
603310.SH,20260422,16.27,16.3,16.16,16.25,9185.75,14902.363
603311.SH,20260422,19.12,19.15,18.53,18.53,66951.0,125814.105
603312.SH,20260422,41.56,42.18,40.92,42.05,11853.96,49298.301
603313.SH,20260422,7.9,7.91,7.77,7.8,53257.1,41589.908
603315.SH,20260422,17.28,17.98,17.17,17.75,358348.0,630546.747
603316.SH,20260422,15.52,15.76,15.45,15.69,76620.2,119593.202
603317.SH,20260422,13.64,13.67,13.5,13.55,46617.92,63183.847
603318.SH,20260422,8.65,9.41,8.64,9.41,964635.29,882302.601
603319.SH,20260422,35.49,36.3,35.26,36.25,116919.85,421131.225
603320.SH,20260422,23.5,24.28,23.28,23.9,44749.15,106641.823
603321.SH,20260422,7.35,7.42,7.31,7.32,25507.0,18741.697
603322.SH,20260422,35.55,36.52,35.42,35.89,129065.68,462814.142
603323.SH,20260422,4.93,5.0,4.92,4.97,237572.45,118055.311
603324.SH,20260422,26.42,26.7,26.21,26.62,21159.0,56126.0
603325.SH,20260422,76.64,77.77,76.2,77.61,7775.0,59974.381
603326.SH,20260422,8.85,8.86,8.73,8.77,27082.0,23757.577
603327.SH,20260422,10.5,10.59,10.38,10.53,275083.68,288459.761
603328.SH,20260422,13.25,14.72,13.2,14.21,862093.19,1224382.947
603329.SH,20260422,10.4,10.44,10.23,10.3,20448.0,21121.457
603330.SH,20260422,7.08,7.28,7.0,7.15,73355.0,52681.597
603331.SH,20260422,15.35,15.35,15.12,15.19,60110.0,91371.708
603332.SH,20260422,14.24,14.5,14.12,14.38,107612.64,154063.911
603333.SH,20260422,7.95,8.45,7.87,8.3,232268.14,191815.922
603334.SH,20260422,52.49,52.49,50.88,51.24,11902.06,61170.95
603335.SH,20260422,7.83,7.83,6.72,7.07,990578.86,688256.841
603336.SH,20260422,10.23,10.43,10.13,10.32,136005.53,140307.572
603337.SH,20260422,39.77,40.58,39.33,40.32,23103.4,92537.342
603338.SH,20260422,49.69,49.98,49.45,49.85,38262.42,190354.585
603339.SH,20260422,13.91,13.97,13.6,13.75,65747.86,90247.272
603341.SH,20260422,37.51,38.3,37.13,38.29,92750.98,350654.766
603344.SH,20260422,28.07,28.4,27.83,28.34,12768.67,35959.764
603345.SH,20260422,95.5,95.58,93.69,94.6,29427.88,278067.2
603348.SH,20260422,20.09,20.14,19.66,19.76,38312.33,75875.697
603350.SH,20260422,35.91,36.21,35.7,36.07,16463.18,59200.551
603351.SH,20260422,25.83,26.11,25.54,25.92,7950.0,20577.371
603352.SH,20260422,38.15,38.21,37.77,37.93,14630.83,55447.927
603353.SH,20260422,37.43,37.56,36.22,36.87,37242.4,136880.594
603355.SH,20260422,28.3,28.6,27.87,28.55,27303.03,77141.884
603356.SH,20260422,16.77,17.48,16.71,17.32,36625.0,62899.88
603357.SH,20260422,8.18,8.18,8.1,8.12,34809.28,28294.698
603358.SH,20260422,36.27,36.8,35.82,36.7,73018.69,265532.118
603359.SH,20260422,5.72,5.76,5.66,5.7,63574.48,36288.471
603360.SH,20260422,23.89,24.0,23.53,23.75,108623.05,258092.09
603363.SH,20260422,4.07,4.14,4.01,4.03,513372.66,208454.856
603365.SH,20260422,20.73,20.98,20.51,20.88,10342.29,21537.527
603366.SH,20260422,8.62,8.65,8.55,8.57,128253.9,110114.171
603367.SH,20260422,15.73,15.73,15.55,15.66,50667.11,79148.199
603368.SH,20260422,16.88,16.91,16.83,16.88,19793.37,33371.157
603369.SH,20260422,25.59,25.64,25.34,25.64,58410.0,149032.74
603370.SH,20260422,44.6,44.76,44.28,44.67,4636.34,20639.032
603373.SH,20260422,39.8,40.0,39.41,39.62,9120.0,36167.321
603375.SH,20260422,40.33,42.59,40.33,42.09,22579.0,94449.924
603376.SH,20260422,33.64,33.64,33.18,33.25,10198.85,33988.212
603377.SH,20260422,3.64,3.66,3.61,3.65,46781.28,17013.894
603378.SH,20260422,5.53,5.6,5.46,5.53,58557.11,32253.794
603379.SH,20260422,62.75,62.75,61.15,61.9,78297.19,483088.397
603380.SH,20260422,35.33,35.77,33.9,35.24,58153.34,201798.02
603381.SH,20260422,24.39,24.54,24.05,24.2,72161.66,174913.213
603382.SH,20260422,27.5,27.57,27.16,27.23,6119.35,16679.628
603383.SH,20260422,32.4,33.79,32.18,33.78,103352.33,342950.543
603385.SH,20260422,6.42,6.46,6.34,6.38,38437.4,24611.758
603386.SH,20260422,14.3,14.59,14.28,14.58,54560.0,79187.255
603387.SH,20260422,9.33,9.44,9.28,9.43,127654.3,119417.129
603389.SH,20260422,51.79,51.87,49.0,51.36,17935.0,90870.98
603390.SH,20260422,12.1,12.1,11.96,12.06,32920.0,39647.788
603391.SH,20260422,65.36,65.64,63.9,64.98,8030.17,51941.981
603392.SH,20260422,38.86,38.98,38.65,38.92,19867.07,77128.707
603393.SH,20260422,33.45,34.15,33.21,33.39,58004.08,194533.368
603395.SH,20260422,28.22,28.64,28.1,28.52,31031.6,88324.531
603396.SH,20260422,36.0,36.23,35.42,35.59,39297.25,140296.457
603398.SH,20260422,11.32,11.9,11.05,11.86,91417.0,104880.444
603399.SH,20260422,13.38,14.0,13.24,13.35,625834.89,846551.036
603400.SH,20260422,66.98,67.9,63.22,66.94,23146.43,151623.767
603402.SH,20260422,135.0,135.0,132.0,132.99,11074.51,146834.554
603406.SH,20260422,34.7,35.0,34.59,34.6,14124.92,49044.846
603408.SH,20260422,12.05,12.06,11.81,11.87,22064.0,26349.47
603409.SH,20260422,42.15,42.63,41.84,42.14,16004.28,67492.9
603416.SH,20260422,51.68,52.49,51.45,52.49,13012.0,67786.072
603418.SH,20260422,50.78,51.02,50.62,50.93,4704.42,23913.023
603421.SH,20260422,8.12,8.3,8.07,8.29,174790.4,143555.952
603429.SH,20260422,9.98,9.98,9.69,9.75,29207.2,28617.72
603439.SH,20260422,11.1,11.1,10.95,10.99,16272.0,17885.777
603444.SH,20260422,382.68,387.88,378.0,386.5,19172.85,737576.553
603456.SH,20260422,16.62,16.96,16.61,16.94,94846.72,159684.583
603458.SH,20260422,12.01,12.06,11.05,11.53,246430.47,283367.422
603459.SH,20260422,61.16,64.18,60.6,63.67,243053.37,1537317.586
603466.SH,20260422,9.89,9.9,9.66,9.83,368028.85,359223.255
603477.SH,20260422,18.18,18.95,18.1,18.16,208939.53,385345.621
603486.SH,20260422,64.07,64.49,63.43,64.07,42892.24,273896.647
603488.SH,20260422,11.18,11.4,11.07,11.29,100081.4,112530.508
603489.SH,20260422,36.71,37.44,35.95,36.3,63737.75,232091.625
603496.SH,20260422,28.5,31.5,28.33,31.5,273690.27,836522.956
603499.SH,20260422,21.8,22.06,21.23,21.43,50105.74,107681.56
603500.SH,20260422,11.01,11.05,10.82,10.93,42811.0,46636.852
603501.SH,20260422,92.48,94.2,92.2,94.2,197924.78,1853392.804
603505.SH,20260422,18.08,18.41,18.03,18.29,122400.55,223484.844
603506.SH,20260422,12.46,12.48,12.12,12.17,36028.6,43997.48
603507.SH,20260422,45.07,47.05,44.89,46.06,156425.53,720314.822
603508.SH,20260422,24.3,24.59,24.28,24.56,20517.64,50229.431
603511.SH,20260422,14.35,14.35,14.18,14.21,10929.49,15572.454
603515.SH,20260422,20.7,21.16,20.51,20.98,25935.08,54444.056
603516.SH,20260422,147.35,149.5,145.02,148.89,46554.21,686670.86
603517.SH,20260422,13.06,13.15,12.92,12.92,32453.0,42199.982
603518.SH,20260422,9.12,9.25,9.03,9.04,62442.0,56868.685
603519.SH,20260422,14.2,14.37,14.17,14.22,40825.0,58161.008
603520.SH,20260422,10.67,10.78,10.5,10.78,144413.38,153890.324
603527.SH,20260422,12.22,12.25,12.0,12.02,150115.31,181471.752
603528.SH,20260422,8.09,8.14,8.0,8.11,59466.88,47992.968
603529.SH,20260422,28.75,29.0,28.67,28.84,64697.49,186378.598
603530.SH,20260422,58.7,61.84,57.88,60.73,69912.37,419685.655
603533.SH,20260422,26.76,27.28,26.36,27.23,249373.04,668362.645
603535.SH,20260422,8.24,8.24,8.14,8.21,28374.4,23251.474
603536.SH,20260422,9.82,9.87,9.73,9.74,28544.0,27910.18
603538.SH,20260422,51.5,54.0,48.69,50.5,573052.88,2927346.161
603551.SH,20260422,12.16,12.27,12.08,12.16,17258.0,21046.548
603556.SH,20260422,30.7,30.9,30.1,30.48,94698.15,288276.352
603557.SH,20260422,3.95,4.0,3.82,3.87,120702.2,46835.052
603558.SH,20260422,13.56,14.27,13.55,14.2,96705.0,134826.22
603559.SH,20260422,7.01,7.08,7.0,7.03,23229.5,16333.461
603565.SH,20260422,12.17,12.4,12.06,12.25,134818.41,165125.484
603566.SH,20260422,12.49,12.7,12.48,12.55,32880.0,41257.997
603567.SH,20260422,6.78,6.85,6.65,6.75,162731.0,109559.46
603568.SH,20260422,20.8,21.05,20.67,20.96,94174.73,196634.141
603569.SH,20260422,6.81,6.86,6.75,6.77,29642.52,20140.741
603577.SH,20260422,11.34,11.42,11.25,11.28,45813.8,51842.207
603578.SH,20260422,14.13,14.16,13.23,13.42,82775.14,111907.435
603579.SH,20260422,19.98,20.02,19.82,20.0,23472.1,46797.569
603580.SH,20260422,19.36,19.88,18.93,19.42,19618.55,37882.769
603583.SH,20260422,32.71,34.02,32.71,33.51,59401.81,199327.889
603585.SH,20260422,23.27,24.8,23.2,23.65,220198.17,525537.679
603586.SH,20260422,18.35,19.77,18.35,18.94,92258.45,176088.132
603587.SH,20260422,12.93,12.95,12.72,12.82,27452.2,35255.059
603588.SH,20260422,15.82,16.2,15.72,15.81,600226.59,957620.246
603589.SH,20260422,24.41,24.56,24.29,24.36,26840.98,65410.584
603590.SH,20260422,36.0,37.52,35.81,37.38,36346.0,134153.117
603595.SH,20260422,17.96,18.24,17.62,17.8,57053.0,102115.537
603596.SH,20260422,45.61,46.1,45.51,45.99,71335.38,327039.408
603598.SH,20260422,21.33,21.39,20.92,21.24,145510.0,307403.36
603599.SH,20260422,13.69,13.79,13.49,13.53,106185.03,144648.705
603600.SH,20260422,11.26,11.35,11.18,11.19,30741.0,34542.65
603601.SH,20260422,15.46,16.65,15.32,15.82,2336828.29,3717383.553
603602.SH,20260422,13.28,13.55,13.26,13.44,43557.66,58348.138
603605.SH,20260422,60.0,61.55,59.08,61.17,53778.03,326502.869
603606.SH,20260422,62.88,67.2,62.87,67.2,213380.53,1414443.414
603607.SH,20260422,23.5,24.66,23.31,23.89,66464.0,159420.661
603608.SH,20260422,12.81,13.47,12.69,13.16,248001.77,324148.07
603609.SH,20260422,6.99,7.03,6.85,6.87,44368.0,30728.012
603610.SH,20260422,15.84,15.87,15.6,15.74,34193.0,53726.969
603611.SH,20260422,20.55,20.8,20.47,20.77,26688.8,55194.749
603612.SH,20260422,27.31,27.88,27.02,27.28,154632.55,423940.88
603613.SH,20260422,28.51,28.96,28.43,28.7,112014.56,320934.469
603615.SH,20260422,19.88,20.4,19.72,19.79,36362.0,72518.68
603616.SH,20260422,6.44,6.44,6.3,6.35,95452.0,60540.372
603617.SH,20260422,7.4,7.4,7.29,7.3,37894.0,27780.348
603618.SH,20260422,26.42,28.55,25.3,28.55,747329.78,2034629.391
603619.SH,20260422,32.55,32.66,31.8,32.03,172338.91,553537.5
603626.SH,20260422,23.23,24.1,23.23,23.7,277331.71,654100.928
603628.SH,20260422,13.56,13.64,13.47,13.6,78345.35,106372.298
603629.SH,20260422,101.3,110.18,99.02,108.2,491017.44,5178510.505
603630.SH,20260422,16.62,16.64,16.2,16.3,29681.0,48361.038
603633.SH,20260422,8.47,9.08,8.45,8.89,345126.22,302553.335
603636.SH,20260422,9.03,9.15,8.92,9.13,69379.0,62731.128
603637.SH,20260422,15.18,16.8,15.18,16.8,278382.13,456416.774
603638.SH,20260422,23.05,23.69,22.45,22.69,165885.5,379971.297
603639.SH,20260422,13.18,13.38,13.14,13.35,35237.52,46931.674
603648.SH,20260422,9.9,9.91,9.76,9.82,19226.0,18884.855
603650.SH,20260422,55.03,56.19,54.8,55.39,161820.94,900418.029
603655.SH,20260422,40.64,41.79,40.25,41.16,19253.0,78814.257
603656.SH,20260422,20.5,20.74,20.31,20.45,27059.76,55434.518
603657.SH,20260422,25.99,26.79,25.89,26.32,13326.0,35039.371
603658.SH,20260422,34.35,34.75,34.27,34.67,16981.0,58743.967
603659.SH,20260422,36.22,37.51,35.82,36.18,617562.9,2249731.36
603660.SH,20260422,10.15,10.78,10.1,10.66,331328.7,347441.611
603661.SH,20260422,31.52,31.52,30.99,31.13,6748.0,21047.072
603662.SH,20260422,56.55,57.37,56.43,57.07,30311.37,172795.72
603663.SH,20260422,48.4,48.77,47.63,48.42,81521.73,393762.154
603665.SH,20260422,27.47,27.76,26.7,27.17,39910.48,108137.874
603666.SH,20260422,26.61,27.0,26.56,26.64,21326.0,57009.965
603667.SH,20260422,70.05,72.27,70.04,71.22,188385.76,1340834.249
603668.SH,20260422,13.82,14.6,13.78,14.54,140520.06,201986.133
603669.SH,20260422,4.47,4.54,4.26,4.4,212684.5,93439.462
603676.SH,20260422,10.25,10.35,10.19,10.32,15482.0,15900.261
603677.SH,20260422,15.58,15.65,15.43,15.55,9581.0,14869.59
603678.SH,20260422,35.45,36.03,35.1,35.84,94897.76,339547.216
603679.SH,20260422,14.06,14.37,13.88,14.22,41398.22,58496.058
603680.SH,20260422,13.34,13.34,13.0,13.05,39238.2,51346.542
603681.SH,20260422,17.81,17.94,17.72,17.9,37048.31,66118.11
603682.SH,20260422,6.96,7.15,6.82,7.13,161618.0,113040.981
603683.SH,20260422,28.2,28.74,27.85,28.59,128252.21,363927.983
603685.SH,20260422,30.85,32.45,30.41,32.26,48702.14,153061.492
603686.SH,20260422,19.23,19.23,18.9,19.07,145767.19,277567.762
603687.SH,20260422,19.0,19.19,18.25,18.59,889896.53,1654121.717
603688.SH,20260422,51.51,55.24,51.01,54.34,306883.85,1639091.687
603689.SH,20260422,8.16,8.16,8.12,8.13,27385.2,22286.372
603690.SH,20260422,26.05,26.34,26.0,26.31,98180.47,257398.509
603693.SH,20260422,15.0,15.79,14.83,15.4,400591.44,616844.983
603696.SH,20260422,15.74,15.74,15.36,15.47,55337.57,85565.93
603697.SH,20260422,10.13,10.42,10.1,10.22,60876.0,62175.353
603698.SH,20260422,44.2,47.6,44.1,47.0,518453.43,2401537.879
603699.SH,20260422,59.85,59.85,57.15,59.07,113504.44,662859.317
603700.SH,20260422,13.12,13.12,12.81,12.88,45243.0,58471.38
603701.SH,20260422,24.95,25.67,24.83,25.65,56626.04,143815.223
603703.SH,20260422,13.79,14.2,13.68,14.13,107893.0,151303.633
603706.SH,20260422,20.54,20.64,20.34,20.36,10450.0,21328.959
603707.SH,20260422,9.4,9.45,9.37,9.43,62286.27,58574.566
603708.SH,20260422,10.96,10.97,10.8,10.87,55373.96,60145.121
603709.SH,20260422,17.01,18.07,16.79,17.35,29584.0,51135.872
603711.SH,20260422,12.5,12.5,12.36,12.38,11652.0,14442.649
603712.SH,20260422,16.42,16.56,16.34,16.36,83234.87,136714.469
603713.SH,20260422,59.69,60.29,59.26,59.69,7769.88,46399.342
603716.SH,20260422,22.0,22.19,21.7,22.1,102517.58,224523.876
603717.SH,20260422,6.68,6.91,6.67,6.8,70893.4,48280.986
603718.SH,20260422,4.0,4.03,3.96,3.98,160237.72,63933.823
603719.SH,20260422,10.41,10.41,10.1,10.16,51290.0,52340.9
603721.SH,20260422,22.02,22.52,22.0,22.42,26645.0,59613.37
603722.SH,20260422,36.71,37.1,36.48,36.86,7609.0,28023.592
603725.SH,20260422,9.41,9.76,9.35,9.64,72593.3,69566.873
603726.SH,20260422,23.5,23.99,23.5,23.85,18170.0,43191.684
603727.SH,20260422,17.99,17.99,17.45,17.82,51151.57,90620.973
603728.SH,20260422,58.11,59.05,58.02,58.97,38348.12,225137.364
603729.SH,20260422,16.69,16.81,16.52,16.74,18033.0,30088.117
603730.SH,20260422,10.01,10.18,9.99,10.09,120949.07,121963.78
603733.SH,20260422,22.32,22.73,22.12,22.59,27415.0,61601.524
603737.SH,20260422,47.89,48.07,47.0,47.5,38996.69,184979.828
603738.SH,20260422,35.0,36.3,32.8,35.52,777699.8,2717376.834
603739.SH,20260422,14.98,15.28,14.94,15.02,30094.0,45299.241
603755.SH,20260422,28.73,28.73,28.34,28.52,11157.0,31820.022
603757.SH,20260422,54.98,55.59,51.44,53.67,172358.8,917640.519
603758.SH,20260422,12.59,12.65,12.46,12.63,30579.0,38367.259
603759.SH,20260422,9.48,9.48,9.37,9.4,28964.37,27234.401
603766.SH,20260422,15.55,16.26,15.45,15.93,281339.6,449785.332
603767.SH,20260422,18.6,19.08,18.48,18.94,42157.0,79248.01
603768.SH,20260422,11.09,11.09,10.9,11.03,19663.0,21652.148
603773.SH,20260422,58.29,64.36,58.29,64.36,249432.23,1540020.672
603776.SH,20260422,20.35,21.24,20.21,20.99,63589.37,132554.942
603777.SH,20260422,16.02,16.32,15.54,16.17,172516.06,276486.675
603778.SH,20260422,26.1,27.19,26.1,26.1,1075728.54,2823682.225
603779.SH,20260422,6.3,6.3,6.21,6.23,39889.3,24929.467
603786.SH,20260422,56.52,56.7,55.68,56.43,31379.0,176103.447
603787.SH,20260422,12.74,12.92,12.63,12.79,72036.0,92137.577
603788.SH,20260422,17.67,18.79,17.5,17.97,240764.12,435150.573
603789.SH,20260422,5.68,5.9,5.65,5.68,46982.4,26819.625
603790.SH,20260422,23.39,23.95,23.02,23.28,29477.3,68814.571
603797.SH,20260422,4.7,4.75,4.66,4.68,36842.0,17316.957
603798.SH,20260422,17.28,17.58,17.0,17.53,55538.0,96282.507
603799.SH,20260422,64.89,65.5,64.37,64.73,660430.69,4277629.267
603800.SH,20260422,48.54,49.5,48.18,49.03,65186.35,318826.566
603801.SH,20260422,9.0,9.04,8.93,8.94,13269.0,11891.377
603803.SH,20260422,15.36,15.84,15.03,15.84,701825.7,1091238.341
603806.SH,20260422,17.11,17.97,17.01,17.87,554663.07,980537.831
603808.SH,20260422,10.62,10.64,10.3,10.42,103760.87,107703.631
603809.SH,20260422,11.09,11.11,10.98,11.1,88389.38,97676.636
603810.SH,20260422,15.73,16.19,15.68,15.79,23503.8,37254.442
603811.SH,20260422,11.81,11.88,11.7,11.72,56081.32,65902.694
603813.SH,20260422,31.72,31.72,31.72,31.72,2338.0,7416.136
603815.SH,20260422,7.06,7.2,6.78,6.98,695449.0,482465.725
603816.SH,20260422,31.15,31.57,30.05,30.46,70863.07,215920.644
603817.SH,20260422,7.09,7.14,7.06,7.07,83965.08,59601.71
603818.SH,20260422,3.36,3.4,3.34,3.35,96974.0,32599.568
603819.SH,20260422,14.47,14.49,13.87,13.97,130754.46,184641.94
603822.SH,20260422,82.7,86.99,82.04,86.99,17258.0,148814.667
603823.SH,20260422,16.36,16.77,16.33,16.68,55359.3,91576.227
603825.SH,20260422,8.48,8.59,8.4,8.55,21456.0,18172.813
603826.SH,20260422,34.36,36.15,33.18,35.82,168963.05,590636.461
603828.SH,20260422,5.37,5.59,5.37,5.51,52819.66,28857.864
603829.SH,20260422,27.9,29.13,27.48,28.37,90248.75,257204.265
603833.SH,20260422,49.1,49.43,48.12,48.73,27198.37,131826.771
603836.SH,20260422,13.13,13.21,13.05,13.1,17368.0,22823.263
603838.SH,20260422,9.3,9.61,9.14,9.23,27287.0,25608.64
603839.SH,20260422,7.47,7.61,7.44,7.59,30151.4,22581.477
603843.SH,20260422,8.7,8.8,8.01,8.48,391998.4,328577.862
603848.SH,20260422,15.51,15.69,15.22,15.32,21660.5,33219.086
603855.SH,20260422,19.65,19.65,19.41,19.47,14257.0,27803.33
603856.SH,20260422,13.03,13.03,12.5,12.75,75803.4,96577.36
603858.SH,20260422,16.49,16.5,16.35,16.43,39199.95,64292.137
603859.SH,20260422,41.35,42.12,41.21,41.8,55067.48,230170.631
603860.SH,20260422,31.8,31.98,31.32,31.66,9037.0,28670.165
603861.SH,20260422,16.58,16.94,16.37,16.82,142311.86,236670.094
603863.SH,20260422,17.8,17.9,17.27,17.68,60983.0,106904.278
603866.SH,20260422,5.09,5.09,5.02,5.05,73793.28,37228.339
603867.SH,20260422,34.33,34.86,34.0,34.19,55289.32,189787.737
603868.SH,20260422,32.1,32.68,31.9,32.67,17950.19,58139.351
603869.SH,20260422,10.62,10.63,10.45,10.6,11393.95,11993.534
603871.SH,20260422,13.93,14.11,13.65,13.7,109246.07,150877.413
603876.SH,20260422,26.6,28.58,24.89,25.05,839308.23,2258058.943
603877.SH,20260422,15.08,15.08,14.7,14.72,22682.0,33646.143
603878.SH,20260422,8.55,8.79,8.45,8.58,176302.39,151951.662
603879.SH,20260422,5.61,5.82,5.54,5.76,171789.85,97994.959
603880.SH,20260422,6.35,6.5,6.35,6.39,41310.42,26513.979
603881.SH,20260422,37.95,39.72,37.67,39.57,613004.06,2376702.259
603882.SH,20260422,27.85,28.98,27.62,28.81,86547.27,247598.411
603883.SH,20260422,13.62,13.84,13.51,13.72,70247.51,96330.888
603885.SH,20260422,12.1,12.17,12.01,12.15,99747.36,120556.553
603886.SH,20260422,13.7,13.75,13.5,13.65,35327.0,48094.027
603887.SH,20260422,16.01,16.97,15.9,16.45,287775.64,471880.152
603888.SH,20260422,20.4,20.49,20.27,20.49,56003.13,114264.198
603889.SH,20260422,9.36,9.38,9.01,9.15,202139.77,185235.003
603890.SH,20260422,19.83,20.3,19.33,19.84,497384.37,978949.272
603893.SH,20260422,175.0,179.55,174.6,178.32,90430.45,1606397.703
603895.SH,20260422,29.03,29.27,28.7,28.78,13103.0,37840.377
603896.SH,20260422,18.41,18.44,18.32,18.35,9634.3,17701.93
603897.SH,20260422,48.94,54.25,48.94,51.75,138021.04,718285.101
603898.SH,20260422,14.75,15.2,14.32,14.45,109317.72,160701.284
603899.SH,20260422,25.19,25.28,24.9,25.01,40892.06,102305.697
603900.SH,20260422,7.59,7.66,7.51,7.58,52178.8,39550.557
603901.SH,20260422,12.38,13.38,12.31,13.33,266029.66,346788.307
603903.SH,20260422,11.74,12.9,11.6,12.9,127315.43,158976.081
603906.SH,20260422,26.55,28.62,26.2,28.62,1002094.76,2740758.952
603908.SH,20260422,23.0,23.0,22.6,22.79,8968.4,20460.316
603909.SH,20260422,13.23,13.49,12.12,12.23,155792.43,194325.417
603912.SH,20260422,10.35,10.45,10.07,10.42,525629.17,538507.645
603915.SH,20260422,15.43,15.97,15.29,15.82,67648.2,105921.725
603916.SH,20260422,11.39,11.49,11.16,11.21,109030.46,122638.47
603917.SH,20260422,13.21,13.22,12.93,13.0,43622.22,56859.606
603918.SH,20260422,13.54,13.68,13.4,13.66,54834.0,74357.24
603919.SH,20260422,18.14,18.18,17.91,18.18,34378.84,62117.807
603920.SH,20260422,59.07,62.65,59.05,62.55,619836.59,3774008.305
603922.SH,20260422,22.09,22.6,21.68,22.35,82279.6,180921.656
603926.SH,20260422,19.3,20.38,19.07,20.11,164180.05,326947.092
603927.SH,20260422,16.7,16.93,16.57,16.9,79807.19,133804.951
603928.SH,20260422,15.4,15.73,15.35,15.61,44266.3,68779.788
603929.SH,20260422,185.52,188.98,182.51,188.28,56716.4,1055743.589
603931.SH,20260422,32.3,32.59,31.5,31.8,57539.46,183357.22
603933.SH,20260422,24.31,24.31,23.26,23.8,119866.0,283963.441
603936.SH,20260422,15.53,16.7,15.51,16.51,685354.94,1100821.034
603937.SH,20260422,12.48,13.08,12.42,12.55,73560.0,93599.763
603938.SH,20260422,29.0,30.72,28.45,30.3,269867.53,803450.483
603939.SH,20260422,23.31,23.73,23.23,23.42,70335.97,164850.157
603948.SH,20260422,27.02,27.55,27.02,27.14,16271.0,44318.172
603949.SH,20260422,18.64,18.64,18.36,18.54,41464.89,76659.419
603950.SH,20260422,59.71,63.98,57.71,63.47,170454.99,1035528.067
603955.SH,20260422,26.72,26.75,26.16,26.22,11473.0,30189.2
603956.SH,20260422,5.68,5.68,5.56,5.64,52058.0,29152.763
603958.SH,20260422,26.37,27.49,26.32,27.1,92723.0,249432.267
603959.SH,20260422,6.77,6.77,6.02,6.02,551872.56,337112.406
603960.SH,20260422,24.95,24.96,22.43,22.77,268457.51,616171.491
603966.SH,20260422,14.11,14.31,14.07,14.24,93103.45,132163.054
603967.SH,20260422,13.24,13.34,13.19,13.26,25660.1,34026.24
603968.SH,20260422,11.8,11.85,11.65,11.75,27104.0,31777.253
603969.SH,20260422,9.49,9.67,9.22,9.27,161060.17,150129.91
603970.SH,20260422,12.68,12.69,12.58,12.58,14496.0,18309.704
603976.SH,20260422,19.75,20.95,19.75,20.46,29445.09,59983.56
603977.SH,20260422,14.68,15.04,14.53,14.91,169184.32,251049.128
603978.SH,20260422,25.23,25.68,24.89,25.0,75820.0,190622.124
603979.SH,20260422,63.08,65.0,62.7,64.5,90515.73,577143.633
603980.SH,20260422,6.2,6.3,6.17,6.29,132357.2,82537.772
603982.SH,20260422,7.79,7.83,7.76,7.8,38101.2,29710.701
603983.SH,20260422,24.65,24.77,24.22,24.43,20461.0,49934.925
603985.SH,20260422,23.87,25.47,23.5,25.47,639167.12,1572089.398
603986.SH,20260422,303.5,314.58,302.51,313.98,341661.95,10559646.646
603987.SH,20260422,8.55,8.67,8.52,8.63,40842.1,35123.918
603988.SH,20260422,25.54,25.54,24.89,25.09,70354.68,177085.102
603989.SH,20260422,19.4,20.15,19.26,19.91,88613.44,175907.62
603990.SH,20260422,15.12,15.12,14.8,15.01,94529.76,141416.561
603991.SH,20260422,118.0,122.0,116.29,121.0,32011.06,382931.687
603992.SH,20260422,33.8,34.97,33.57,34.61,49310.04,169391.556
603993.SH,20260422,19.94,20.25,19.8,20.09,1781570.07,3571617.897
603995.SH,20260422,18.3,18.34,18.19,18.28,20022.0,36568.01
603997.SH,20260422,12.89,12.98,12.78,12.82,40690.54,52254.718
603998.SH,20260422,10.4,10.4,10.29,10.37,65830.0,67952.273
603999.SH,20260422,6.85,6.85,6.6,6.67,109126.4,73105.79
605001.SH,20260422,7.49,7.49,7.12,7.16,145094.3,104302.12
605003.SH,20260422,28.77,29.08,27.33,27.61,25497.5,71100.699
605005.SH,20260422,20.58,21.01,20.1,20.77,37005.0,76745.466
605006.SH,20260422,10.55,11.08,10.45,11.03,540918.3,591321.115
605007.SH,20260422,15.36,15.72,15.35,15.47,80736.4,125409.651
605008.SH,20260422,11.88,11.95,11.79,11.88,14677.99,17438.223
605009.SH,20260422,28.65,28.8,28.45,28.54,7151.06,20418.66
605011.SH,20260422,19.88,21.46,19.78,20.49,91059.29,187579.309
605016.SH,20260422,26.38,26.57,26.01,26.15,45158.18,118499.583
605018.SH,20260422,12.4,12.83,12.38,12.69,80825.0,102593.432
605020.SH,20260422,27.03,27.03,26.5,26.85,117238.1,313462.263
605028.SH,20260422,30.09,30.09,28.98,29.49,26649.0,78263.303
605033.SH,20260422,22.43,22.5,22.15,22.17,20980.0,46715.36
605050.SH,20260422,12.96,13.05,12.85,12.97,50342.44,64960.447
605055.SH,20260422,10.85,11.26,10.85,11.18,79740.0,88449.878
605056.SH,20260422,27.8,28.17,26.67,27.25,125485.92,342126.341
605058.SH,20260422,37.58,38.81,37.51,38.06,56915.49,216702.784
605060.SH,20260422,60.01,63.5,58.4,63.5,125518.48,765670.247
605066.SH,20260422,7.7,7.7,7.6,7.67,103743.0,79214.177
605068.SH,20260422,26.33,27.84,25.74,27.4,50854.41,136977.862
605069.SH,20260422,13.93,13.95,13.56,13.68,50929.53,70161.847
605077.SH,20260422,15.41,16.79,15.28,16.5,155590.47,252353.564
605080.SH,20260422,25.97,26.18,25.55,25.62,27588.46,71089.258
605081.SH,20260422,6.49,6.49,6.49,6.49,765.0,496.485
605086.SH,20260422,35.6,35.65,33.6,34.06,25048.0,85504.352
605088.SH,20260422,36.95,38.03,36.25,37.02,67365.0,250682.105
605089.SH,20260422,26.3,27.29,26.3,27.29,23836.22,64143.514
605090.SH,20260422,47.0,47.4,45.09,45.68,368799.09,1689258.408
605098.SH,20260422,67.1,67.1,64.03,66.84,19571.19,128794.297
605099.SH,20260422,39.5,39.79,38.52,39.13,27858.0,108825.673
605100.SH,20260422,48.8,53.25,48.24,50.89,69621.32,355457.577
605108.SH,20260422,16.7,16.89,16.64,16.69,31141.03,52190.259
605111.SH,20260422,38.05,39.06,38.01,38.77,168301.12,650482.344
605116.SH,20260422,26.25,26.8,25.75,26.72,53682.0,141704.671
605117.SH,20260422,143.54,145.76,140.98,145.2,110770.77,1595596.71
605118.SH,20260422,45.7,46.39,44.68,46.35,55349.51,252559.638
605122.SH,20260422,13.05,13.09,12.89,12.98,12004.8,15599.935
605123.SH,20260422,102.0,104.79,100.8,104.29,31414.35,323759.31
605128.SH,20260422,33.84,34.44,33.67,34.1,17453.21,59255.044
605133.SH,20260422,32.79,32.99,31.89,32.98,102854.9,334282.609
605136.SH,20260422,10.7,10.73,10.5,10.64,76570.5,81193.227
605138.SH,20260422,6.83,6.89,6.75,6.84,26347.5,17998.835
605151.SH,20260422,19.82,19.9,19.58,19.7,17517.0,34551.487
605155.SH,20260422,15.59,15.59,15.29,15.54,18960.4,29328.622
605158.SH,20260422,7.38,7.42,7.09,7.11,63387.2,45364.284
605162.SH,20260422,13.72,13.77,13.15,13.51,286030.18,385026.558
605166.SH,20260422,11.22,11.9,11.2,11.57,144917.0,168197.565
605167.SH,20260422,18.18,18.44,17.7,17.97,68801.0,123533.073
605168.SH,20260422,41.32,42.8,40.08,42.27,122901.34,513438.908
605169.SH,20260422,12.6,12.72,12.33,12.38,43239.82,53768.585
605177.SH,20260422,20.45,20.75,20.31,20.54,13693.33,28117.71
605178.SH,20260422,66.84,72.52,66.84,69.71,87984.82,616975.277
605179.SH,20260422,17.73,17.73,17.25,17.39,42016.0,73170.296
605180.SH,20260422,14.99,15.04,14.79,14.94,13022.34,19410.851
605183.SH,20260422,19.29,19.65,19.27,19.62,19746.0,38505.269
605186.SH,20260422,20.06,20.06,19.63,19.73,14778.0,29213.653
605188.SH,20260422,17.51,17.72,16.91,16.94,168000.0,288149.111
605189.SH,20260422,18.11,18.54,17.85,18.07,82040.14,148267.958
605196.SH,20260422,48.2,48.77,46.6,47.05,115346.7,545881.663
605198.SH,20260422,45.8,48.0,45.18,46.63,27503.8,128834.843
605199.SH,20260422,6.8,6.8,6.68,6.71,21308.0,14313.622
605208.SH,20260422,15.84,16.08,15.5,15.84,145769.74,230260.394
605218.SH,20260422,18.49,18.57,18.35,18.45,13957.0,25751.833
605222.SH,20260422,31.0,34.7,31.0,34.06,331354.69,1099914.557
605228.SH,20260422,14.92,15.1,14.8,15.08,84808.44,126902.141
605255.SH,20260422,115.9,117.2,113.21,115.91,17211.0,198923.784
605258.SH,20260422,37.4,38.06,37.3,37.85,36159.0,136460.379
605259.SH,20260422,21.59,21.96,21.48,21.9,21558.0,47068.118
605266.SH,20260422,18.8,18.88,18.69,18.79,8306.0,15616.96
605268.SH,20260422,12.55,12.59,12.45,12.58,48621.0,60891.057
605277.SH,20260422,24.1,24.33,23.88,24.3,53751.02,129863.161
605286.SH,20260422,45.36,45.36,43.38,44.25,39234.0,173201.68
605287.SH,20260422,48.33,48.33,46.5,47.27,64141.39,302808.721
605288.SH,20260422,84.5,85.94,82.9,85.82,9906.0,83685.618
605289.SH,20260422,125.86,132.0,125.8,130.97,38473.31,495389.153
605296.SH,20260422,30.06,31.0,30.05,30.35,33705.9,102954.57
605298.SH,20260422,61.32,61.98,57.53,59.93,69548.24,414540.604
605299.SH,20260422,20.98,21.57,20.06,20.47,329013.0,675979.328
605300.SH,20260422,10.94,10.94,10.79,10.84,10392.02,11257.438
605303.SH,20260422,22.29,23.38,22.22,22.61,61208.0,139863.385
605305.SH,20260422,46.5,47.24,46.03,47.0,74640.29,349171.391
605318.SH,20260422,88.5,96.4,88.5,95.44,49246.0,463004.936
605319.SH,20260422,27.15,27.69,27.0,27.45,77383.37,211274.34
605333.SH,20260422,26.26,26.77,26.11,26.48,20789.86,54953.988
605337.SH,20260422,11.05,11.05,10.98,10.99,20258.06,22290.803
605338.SH,20260422,23.4,24.38,23.33,24.32,51045.15,121644.256
605339.SH,20260422,15.97,15.97,15.74,15.78,9298.0,14701.665
605358.SH,20260422,38.43,39.89,38.31,39.67,224482.95,881952.975
605365.SH,20260422,28.2,30.42,28.0,30.42,157107.03,465026.314
605366.SH,20260422,13.85,14.57,13.43,14.24,377751.5,532281.527
605368.SH,20260422,7.85,8.0,7.71,7.8,205828.07,160296.771
605369.SH,20260422,17.78,17.87,17.67,17.81,4878.88,8676.326
605376.SH,20260422,108.6,117.66,108.59,117.66,71450.12,835758.012
605377.SH,20260422,9.56,9.59,9.39,9.57,75215.39,71506.164
605378.SH,20260422,20.3,20.74,20.3,20.53,19967.52,41002.666
605388.SH,20260422,7.94,8.31,7.64,8.03,671396.59,532810.927
605389.SH,20260422,80.61,85.55,79.5,84.79,26910.0,225959.788
605398.SH,20260422,27.8,28.0,27.04,27.58,36923.52,101510.602
605399.SH,20260422,14.95,15.07,14.8,14.82,33372.73,49742.698
605488.SH,20260422,33.6,34.5,33.58,34.0,44616.2,151559.532
605499.SH,20260422,200.97,203.88,199.49,201.4,25797.83,518585.882
605500.SH,20260422,9.21,9.21,9.05,9.09,33537.11,30562.592
605507.SH,20260422,24.01,24.24,23.97,24.13,25478.0,61333.675
605555.SH,20260422,16.11,16.52,16.05,16.48,59063.85,96570.282
605566.SH,20260422,33.21,33.98,32.6,33.27,27136.11,90254.687
605567.SH,20260422,10.95,11.04,10.83,10.87,28678.37,31310.814
605577.SH,20260422,12.59,12.67,12.45,12.54,19650.0,24605.009
605580.SH,20260422,22.4,22.61,22.28,22.51,29218.6,65545.116
605588.SH,20260422,56.65,62.7,56.65,62.7,26515.49,159188.403
605589.SH,20260422,36.6,38.3,36.48,37.75,372718.95,1400556.659
605598.SH,20260422,55.0,55.0,52.22,52.56,90102.74,478088.893
605599.SH,20260422,22.95,23.51,22.82,23.35,28514.02,66217.167
688001.SH,20260422,43.84,49.12,43.56,47.52,131517.66,610535.026
688002.SH,20260422,134.0,137.94,133.96,136.2,78455.92,1066724.419
688003.SH,20260422,70.6,72.77,70.6,72.09,26199.19,187799.592
688004.SH,20260422,22.55,22.55,21.85,22.48,14767.93,32800.096
688005.SH,20260422,34.3,35.87,33.0,33.1,524452.19,1795974.569
688006.SH,20260422,30.72,31.29,30.35,30.7,111789.92,343595.021
688007.SH,20260422,14.52,14.91,14.5,14.9,56363.67,83294.59
688008.SH,20260422,158.41,164.25,157.29,163.35,581695.2,9344823.543
688009.SH,20260422,5.35,5.37,5.33,5.35,207862.49,111175.331
688010.SH,20260422,35.6,36.0,34.98,35.9,39609.94,140803.569
688011.SH,20260422,68.37,69.22,67.72,69.2,11506.84,79073.412
688012.SH,20260422,308.88,320.78,308.18,319.99,153355.62,4866178.733
688013.SH,20260422,38.12,39.0,38.06,38.15,10942.85,41851.823
688015.SH,20260422,22.99,23.04,22.63,22.88,15792.06,36200.133
688016.SH,20260422,99.61,100.16,98.75,99.85,13119.62,130376.669
688017.SH,20260422,210.9,220.0,209.6,219.99,68006.44,1467268.862
688018.SH,20260422,166.5,170.99,165.56,169.38,46379.49,783695.123
688019.SH,20260422,245.0,249.68,243.62,248.81,34735.84,861378.128
688020.SH,20260422,113.52,127.19,113.37,124.47,96419.62,1175759.308
688021.SH,20260422,24.06,24.1,23.5,23.77,13539.37,32232.661
688022.SH,20260422,16.15,16.49,16.08,16.27,46296.45,75367.697
688023.SH,20260422,50.0,51.25,49.79,51.23,20377.41,103234.866
688025.SH,20260422,319.51,339.75,314.0,334.0,52109.13,1721315.074
688026.SH,20260422,16.16,16.36,15.86,15.92,21074.6,33675.771
688027.SH,20260422,571.0,582.65,565.0,578.59,18935.77,1093940.098
688028.SH,20260422,113.88,122.23,112.1,121.2,91883.67,1082135.226
688029.SH,20260422,71.7,74.81,71.7,74.35,10926.83,80729.217
688030.SH,20260422,15.7,15.7,15.3,15.58,13625.99,21161.383
688031.SH,20260422,136.51,141.5,134.3,140.94,65771.03,908277.765
688032.SH,20260422,111.02,115.0,109.0,114.84,21621.26,243053.622
688033.SH,20260422,8.19,8.22,8.06,8.07,92465.37,74880.11
688035.SH,20260422,69.6,71.85,68.8,70.68,85313.35,595878.402
688036.SH,20260422,52.11,55.7,51.85,55.35,203099.83,1102407.115
688037.SH,20260422,176.4,189.66,176.4,187.0,76725.71,1417614.937
688038.SH,20260422,22.37,22.77,22.28,22.4,30922.12,69584.714
688039.SH,20260422,41.8,42.41,40.3,42.35,37896.3,156997.213
688041.SH,20260422,251.02,260.23,251.0,259.2,239766.66,6170071.421
688045.SH,20260422,52.41,54.98,51.88,54.36,32616.08,176143.496
688046.SH,20260422,19.11,19.8,19.11,19.54,66578.67,129429.412
688047.SH,20260422,139.57,143.48,138.9,142.91,53933.83,764779.332
688048.SH,20260422,322.0,372.91,322.0,372.91,220516.02,7984021.059
688049.SH,20260422,46.78,48.48,46.54,48.31,70669.57,337534.686
688050.SH,20260422,50.92,51.58,50.71,51.56,13827.15,70904.997
688051.SH,20260422,31.86,34.48,31.86,33.94,14055.33,46830.133
688052.SH,20260422,169.15,176.52,169.15,173.8,30470.03,527631.071
688053.SH,20260422,39.81,39.96,39.02,39.55,11779.53,46634.927
688055.SH,20260422,4.22,4.4,4.2,4.39,205924.37,89230.634
688056.SH,20260422,36.0,36.0,35.3,35.58,4634.15,16534.44
688057.SH,20260422,12.31,12.38,12.25,12.31,12516.77,15426.215
688058.SH,20260422,28.97,29.27,28.46,29.22,7281.7,21067.272
688059.SH,20260422,123.02,127.2,121.09,122.68,33298.58,410217.791
688060.SH,20260422,46.07,47.0,45.4,46.55,3709.87,17144.352
688061.SH,20260422,33.58,34.38,33.46,34.28,10049.28,34207.133
688062.SH,20260422,37.07,40.35,36.9,40.29,137059.68,533781.941
688063.SH,20260422,78.13,81.35,77.85,79.22,129963.09,1030147.37
688065.SH,20260422,48.0,49.66,48.0,49.34,57669.49,283652.492
688066.SH,20260422,18.81,18.81,18.15,18.61,119108.63,219686.496
688067.SH,20260422,27.02,27.46,26.81,27.24,9589.95,26047.965
688068.SH,20260422,114.84,115.6,110.38,114.98,21767.52,246119.557
688069.SH,20260422,35.0,40.9,35.0,39.14,61889.24,238702.471
688070.SH,20260422,49.01,49.66,48.11,49.29,13218.64,64681.779
688071.SH,20260422,33.13,34.45,33.0,34.19,23289.53,78757.967
688072.SH,20260422,388.49,398.88,382.83,394.96,56374.98,2200594.952
688073.SH,20260422,59.06,60.2,58.81,59.65,7286.62,43388.605
688075.SH,20260422,38.03,38.32,37.73,38.2,7300.06,27709.814
688076.SH,20260422,30.11,30.19,29.33,29.65,32517.39,96592.454
688077.SH,20260422,29.97,30.33,29.59,30.18,20210.96,60759.837
688078.SH,20260422,24.65,24.93,24.5,24.85,5569.15,13787.2
688079.SH,20260422,16.52,16.8,16.05,16.39,140345.87,228650.626
688080.SH,20260422,49.99,50.0,47.2,48.92,83765.13,403419.34
688081.SH,20260422,54.1,57.0,53.46,55.75,26938.53,149676.451
688082.SH,20260422,155.8,161.0,154.92,161.0,51041.17,812400.722
688083.SH,20260422,53.5,56.19,53.0,55.3,36705.22,201150.053
688084.SH,20260422,68.0,69.76,66.0,68.93,17219.67,117817.318
688085.SH,20260422,17.04,17.5,17.04,17.28,33535.14,57847.657
688087.SH,20260422,39.6,40.06,38.73,39.0,28290.88,111598.992
688088.SH,20260422,40.65,41.71,40.33,41.64,71057.08,292339.389
688089.SH,20260422,19.39,20.14,19.16,20.02,55819.23,110230.868
688090.SH,20260422,72.74,75.47,72.74,74.03,42629.32,315332.613
688091.SH,20260422,52.99,54.88,52.64,54.09,43113.65,231797.124
688092.SH,20260422,29.3,29.55,29.09,29.4,6991.98,20527.99
688093.SH,20260422,32.47,33.48,32.47,33.22,25302.81,83938.503
688095.SH,20260422,76.1,76.84,75.33,76.6,14587.91,111353.219
688096.SH,20260422,8.1,8.26,7.9,8.21,67629.13,54700.256
688097.SH,20260422,63.67,65.66,61.1,64.95,181955.5,1164567.017
688098.SH,20260422,8.63,8.74,8.6,8.68,33571.26,29063.894
688099.SH,20260422,85.44,88.91,85.1,88.77,138588.22,1205570.784
688100.SH,20260422,37.7,38.6,37.5,38.53,26925.42,102586.776
688101.SH,20260422,16.13,16.41,16.13,16.36,17445.58,28464.066
688102.SH,20260422,40.63,41.33,39.88,41.25,242206.45,985465.673
688103.SH,20260422,57.71,59.2,57.71,58.86,12779.43,74703.237
688105.SH,20260422,18.62,18.75,18.43,18.7,14814.78,27534.528
688106.SH,20260422,33.4,34.58,31.52,32.75,624622.67,2044957.866
688107.SH,20260422,30.09,30.34,29.56,30.26,58072.4,174207.037
688108.SH,20260422,21.15,22.05,21.07,21.98,143306.1,310617.431
688109.SH,20260422,117.0,119.32,116.5,118.68,5083.88,59849.954
688110.SH,20260422,115.32,121.05,114.48,120.26,139501.76,1646543.352
688111.SH,20260422,247.78,249.47,246.11,249.21,57764.6,1434105.705
688112.SH,20260422,52.61,54.54,52.11,54.06,28744.7,153379.816
688113.SH,20260422,38.22,39.33,38.12,39.28,9250.61,35842.458
688114.SH,20260422,47.67,48.87,47.36,48.41,29900.69,144307.993
688115.SH,20260422,44.97,48.98,44.7,48.21,27145.39,129233.903
688116.SH,20260422,41.88,43.4,41.6,42.17,129185.71,548386.322
688117.SH,20260422,36.8,38.1,36.6,38.01,50658.67,190347.629
688118.SH,20260422,30.72,30.72,28.84,29.44,39155.61,114981.296
688119.SH,20260422,5.23,5.23,5.14,5.21,113380.15,58886.295
688120.SH,20260422,190.5,192.66,186.8,191.68,44426.66,845368.76
688121.SH,20260422,10.66,10.66,10.3,10.36,49707.33,51754.912
688122.SH,20260422,74.1,74.94,73.7,74.32,130164.34,964902.606
688123.SH,20260422,118.99,126.88,117.4,125.9,124669.55,1526784.942
688125.SH,20260422,248.83,251.25,223.04,224.7,21781.56,503012.924
688126.SH,20260422,19.77,20.08,19.66,19.93,536935.18,1065989.317
688127.SH,20260422,71.06,75.48,70.5,74.15,94490.49,695107.676
688128.SH,20260422,25.96,26.66,25.92,26.63,26571.01,70072.555
688129.SH,20260422,26.82,27.57,26.14,26.24,21525.71,57306.584
688130.SH,20260422,21.31,21.81,21.19,21.75,18325.48,39492.364
688131.SH,20260422,76.03,78.37,76.03,77.29,27740.1,214344.818
688132.SH,20260422,17.37,17.46,16.96,17.33,13147.44,22640.072
688133.SH,20260422,22.51,22.81,22.46,22.71,23795.95,53814.354
688135.SH,20260422,34.95,37.27,34.95,37.14,226052.56,823236.185
688136.SH,20260422,30.18,30.88,29.08,30.73,63713.23,191108.265
688137.SH,20260422,49.54,50.55,48.6,50.18,8216.57,40805.749
688138.SH,20260422,28.54,31.54,28.4,30.88,127169.95,385716.979
688139.SH,20260422,32.92,33.52,32.89,33.31,22373.28,74364.142
688141.SH,20260422,65.3,71.17,64.48,69.54,157057.97,1054207.993
688143.SH,20260422,67.77,79.5,67.7,78.76,200952.89,1507865.898
688146.SH,20260422,69.3,74.07,66.16,70.1,257129.24,1773025.749
688147.SH,20260422,67.54,69.28,67.11,68.37,78286.96,532942.704
688148.SH,20260422,9.46,9.96,9.43,9.78,296714.57,289842.558
688150.SH,20260422,54.88,57.57,54.0,56.0,124506.46,698795.22
688151.SH,20260422,21.32,21.39,21.01,21.36,17549.5,37295.282
688152.SH,20260422,34.5,35.07,34.15,34.93,8435.63,29228.321
688153.SH,20260422,33.98,34.97,33.52,34.85,48359.66,166304.631
688155.SH,20260422,90.6,92.58,89.3,91.41,35846.96,326415.079
688156.SH,20260422,26.64,26.64,25.9,26.22,36061.38,94287.813
688157.SH,20260422,39.61,39.89,38.3,38.95,28879.87,112016.552
688158.SH,20260422,46.76,49.5,46.01,49.17,518607.18,2505801.183
688159.SH,20260422,44.73,47.28,44.13,47.05,52323.73,240759.833
688160.SH,20260422,107.44,110.68,106.04,109.55,20877.4,226584.937
688161.SH,20260422,29.62,31.2,29.62,30.2,36367.57,110266.79
688162.SH,20260422,35.23,36.02,35.2,35.88,21260.18,75709.064
688163.SH,20260422,39.77,41.84,39.61,41.79,39400.97,161491.652
688165.SH,20260422,17.06,17.16,16.8,17.14,45926.86,78171.76
688166.SH,20260422,56.66,57.2,55.76,56.76,109976.8,621874.706
688167.SH,20260422,368.0,401.89,365.0,393.0,62322.19,2404182.488
688168.SH,20260422,81.98,86.59,80.98,85.05,27290.87,231533.998
688169.SH,20260422,117.7,118.02,115.62,116.76,46134.75,537120.711
688170.SH,20260422,60.36,63.35,60.1,61.94,67803.72,422296.19
688171.SH,20260422,53.05,54.04,51.7,53.55,20556.76,108630.218
688172.SH,20260422,38.88,43.59,38.35,42.59,267724.17,1116397.794
688173.SH,20260422,14.61,15.05,14.56,14.97,64357.95,95940.379
688175.SH,20260422,35.82,35.9,34.57,35.32,11411.18,39906.891
688176.SH,20260422,13.08,13.39,13.03,13.34,96910.11,128279.47
688177.SH,20260422,22.29,22.69,22.05,22.6,21235.09,47492.377
688178.SH,20260422,33.3,33.87,32.57,33.85,22706.57,75430.926
688179.SH,20260422,18.76,19.13,18.33,19.11,140737.39,263242.648
688180.SH,20260422,42.02,43.16,41.97,42.37,139895.12,593557.114
688181.SH,20260422,33.52,34.63,33.45,34.63,51842.51,177991.837
688182.SH,20260422,31.03,32.85,31.01,32.6,80485.81,259221.636
688183.SH,20260422,113.0,117.67,111.92,116.2,206635.79,2375476.414
688184.SH,20260422,10.35,10.48,10.28,10.41,4462.78,4609.249
688185.SH,20260422,68.26,68.74,67.71,68.68,13035.14,88870.709
688186.SH,20260422,20.11,22.0,20.11,21.61,282673.68,602785.512
688187.SH,20260422,52.15,52.45,51.5,52.0,38439.2,199509.732
688188.SH,20260422,141.3,142.78,140.3,142.46,11246.39,159657.644
688189.SH,20260422,7.38,7.47,7.37,7.45,31792.26,23612.866
688190.SH,20260422,86.1,86.2,84.47,85.49,13031.93,111005.712
688191.SH,20260422,41.55,42.57,41.15,42.01,50378.57,210504.963
688192.SH,20260422,55.71,58.14,55.12,57.96,38566.88,219154.423
688193.SH,20260422,54.9,56.88,53.16,56.28,9148.03,50325.933
688195.SH,20260422,378.07,398.77,377.38,397.11,87068.96,3388503.458
688196.SH,20260422,58.74,58.84,57.01,58.38,13111.7,76104.649
688197.SH,20260422,39.14,40.52,38.92,39.99,14683.71,58204.117
688198.SH,20260422,100.67,103.58,100.5,102.78,8932.35,91103.191
688199.SH,20260422,28.24,28.4,27.8,28.11,37832.87,105981.983
688200.SH,20260422,294.21,301.88,291.02,301.3,22873.06,680414.265
688201.SH,20260422,11.75,11.78,11.38,11.69,117401.0,135676.671
688202.SH,20260422,70.01,70.79,68.6,70.19,26638.0,185663.694
688203.SH,20260422,12.5,12.71,12.43,12.58,15351.61,19303.63
688205.SH,20260422,253.0,273.77,252.2,268.0,135110.38,3562409.886
688206.SH,20260422,33.29,34.3,33.19,34.14,35714.26,121016.769
688207.SH,20260422,14.28,14.51,14.17,14.47,33457.56,48043.987
688208.SH,20260422,34.32,36.6,34.32,36.4,163214.24,585581.239
688209.SH,20260422,22.05,22.75,22.03,22.69,86257.22,193905.148
688210.SH,20260422,48.02,48.66,47.24,47.8,21118.04,101480.128
688211.SH,20260422,32.6,33.12,32.54,33.0,5150.65,16987.578
688212.SH,20260422,36.71,39.45,36.71,38.89,44580.89,172572.421
688213.SH,20260422,91.9,93.48,91.81,92.97,67338.8,624468.734
688215.SH,20260422,78.99,78.99,76.88,78.18,3605.03,28047.696
688216.SH,20260422,28.64,29.41,28.64,29.27,19138.77,55618.203
688217.SH,20260422,28.4,28.52,27.93,28.23,7091.62,20004.97
688218.SH,20260422,28.7,30.25,28.38,29.93,94540.59,280180.274
688219.SH,20260422,10.97,11.13,10.97,11.12,47213.84,52196.683
688220.SH,20260422,90.04,92.36,89.21,91.86,114520.03,1040861.948
688221.SH,20260422,18.99,19.81,18.73,19.6,127886.51,247210.59
688222.SH,20260422,26.24,27.55,26.01,27.5,212043.47,570166.791
688223.SH,20260422,6.81,6.85,6.71,6.76,1268398.49,857290.07
688225.SH,20260422,16.88,17.04,16.6,16.97,45380.35,76450.616
688226.SH,20260422,56.46,64.6,56.46,62.4,209111.75,1276297.609
688227.SH,20260422,106.29,113.0,104.07,108.4,137180.94,1487561.858
688228.SH,20260422,107.88,108.86,105.59,108.61,17767.82,190458.209
688229.SH,20260422,86.56,97.5,84.35,96.19,41626.82,381868.835
688230.SH,20260422,65.49,65.95,64.8,65.88,11600.26,76060.122
688231.SH,20260422,34.26,34.26,33.5,34.14,29051.62,98511.389
688232.SH,20260422,22.03,22.42,22.0,22.36,26994.22,60181.397
688233.SH,20260422,78.97,84.29,77.0,83.72,92204.28,748544.077
688234.SH,20260422,97.12,108.99,96.03,103.36,191339.03,1983380.581
688235.SH,20260422,239.01,242.12,238.1,241.19,22717.58,544679.604
688236.SH,20260422,20.2,20.4,20.09,20.36,11410.05,23111.721
688237.SH,20260422,54.73,55.77,54.24,55.43,9429.22,52055.992
688238.SH,20260422,6.85,6.92,6.78,6.88,71770.28,49158.12
688239.SH,20260422,60.98,62.75,60.17,62.62,49441.39,303827.716
688244.SH,20260422,19.25,19.43,19.01,19.36,11714.78,22515.768
688246.SH,20260422,18.95,18.95,18.51,18.87,20537.48,38460.076
688247.SH,20260422,9.22,9.35,9.22,9.34,12649.89,11731.425
688248.SH,20260422,56.8,57.78,56.69,57.7,44250.16,253767.378
688249.SH,20260422,29.98,31.58,29.77,31.17,329733.64,1014957.632
688251.SH,20260422,33.5,33.82,32.92,33.18,25571.07,85309.363
688252.SH,20260422,21.1,23.19,21.05,22.85,164210.82,369820.932
688253.SH,20260422,44.68,49.28,44.68,48.24,48407.25,227141.157
688255.SH,20260422,29.46,30.38,29.18,30.05,24540.69,73282.025
688256.SH,20260422,1317.99,1339.98,1308.08,1337.0,68082.09,9042046.567
688257.SH,20260422,75.81,78.77,74.97,77.15,67092.01,514800.505
688258.SH,20260422,124.99,128.78,120.0,125.64,89459.38,1122087.806
688259.SH,20260422,37.21,37.97,37.0,37.94,17818.44,67080.217
688260.SH,20260422,29.1,30.3,28.44,30.15,42831.58,126466.412
688261.SH,20260422,74.63,76.08,74.0,75.96,33972.56,255662.208
688262.SH,20260422,35.38,36.6,35.18,36.31,87106.84,313400.644
688265.SH,20260422,42.28,43.22,42.24,43.18,3584.65,15330.502
688266.SH,20260422,98.79,101.96,97.6,101.18,25087.39,251582.364
688267.SH,20260422,30.0,30.16,28.83,29.18,92835.58,271087.175
688268.SH,20260422,125.03,142.17,124.8,137.9,189891.62,2487112.538
688269.SH,20260422,39.77,39.98,39.52,39.88,9434.89,37529.844
688270.SH,20260422,145.7,154.63,144.7,153.68,191925.44,2880592.655
688271.SH,20260422,116.03,117.04,115.76,116.36,34376.82,399989.402
688272.SH,20260422,44.22,45.35,42.89,44.61,51122.03,226145.86
688273.SH,20260422,48.86,49.22,46.62,48.51,16703.87,80343.401
688275.SH,20260422,135.8,140.6,135.8,139.49,44542.08,615322.33
688276.SH,20260422,17.89,18.5,17.87,18.16,30865.02,56197.027
688277.SH,20260422,20.59,20.8,20.29,20.55,59242.93,121805.234
688278.SH,20260422,63.31,63.31,62.55,63.03,15153.51,95162.322
688279.SH,20260422,176.3,197.88,176.3,194.69,25062.31,474869.555
688280.SH,20260422,11.11,11.27,11.04,11.26,154712.84,172418.437
688281.SH,20260422,77.5,77.5,75.62,77.44,18732.65,143308.45
688282.SH,20260422,91.64,92.99,85.5,88.54,38497.31,338105.334
688283.SH,20260422,44.1,47.24,44.1,46.5,29970.89,138088.747
688285.SH,20260422,8.76,8.85,8.7,8.74,25092.6,21964.316
688286.SH,20260422,69.76,71.38,69.52,71.31,12226.59,86359.225
688287.SH,20260422,1.88,2.29,1.88,1.88,491775.93,95341.374
688288.SH,20260422,25.09,28.26,24.74,27.9,82594.86,223595.687
688289.SH,20260422,17.86,17.93,17.8,17.88,22308.84,39841.152
688290.SH,20260422,54.46,54.88,53.82,54.75,11995.1,65264.577
688291.SH,20260422,43.5,44.2,42.7,43.75,18032.52,78624.165
688292.SH,20260422,23.36,23.85,23.19,23.78,30965.93,73111.599
688293.SH,20260422,52.58,54.22,51.74,53.0,17333.13,91804.244
688295.SH,20260422,60.0,61.55,58.67,60.66,239860.83,1446125.523
688296.SH,20260422,13.91,14.15,13.89,13.96,14490.99,20313.846
688297.SH,20260422,48.7,48.7,47.92,48.57,100230.73,484056.467
688298.SH,20260422,22.3,22.49,22.13,22.41,11489.76,25609.156
688299.SH,20260422,17.69,17.98,17.35,17.44,66061.55,116084.565
688300.SH,20260422,94.57,96.49,92.67,95.38,68750.67,651296.692
688301.SH,20260422,116.6,118.97,115.7,118.78,20822.8,245114.526
688302.SH,20260422,44.01,45.01,44.01,44.99,8447.16,37703.297
688303.SH,20260422,22.9,23.68,22.61,23.29,203375.96,471962.176
688305.SH,20260422,59.0,59.7,58.49,59.6,13461.38,79621.505
688306.SH,20260422,9.49,9.55,9.41,9.54,69651.48,66270.203
688307.SH,20260422,93.33,100.9,93.33,99.71,75677.95,743543.5
688308.SH,20260422,95.9,100.0,94.91,99.12,133210.71,1304939.393
688309.SH,20260422,79.95,81.88,75.68,76.76,46473.53,367210.06
688310.SH,20260422,16.18,16.42,16.04,16.29,16852.41,27396.618
688311.SH,20260422,40.0,40.58,39.3,40.4,44762.15,179007.836
688312.SH,20260422,66.9,70.5,66.71,69.43,85809.08,593167.895
688313.SH,20260422,138.91,152.1,138.91,145.98,462422.04,6715951.003
688314.SH,20260422,47.51,47.82,46.3,46.65,17010.64,79558.329
688315.SH,20260422,14.19,14.41,14.14,14.4,23255.84,33228.421
688316.SH,20260422,73.2,76.97,71.8,76.51,50214.72,374412.839
688317.SH,20260422,20.25,20.43,20.12,20.42,12776.31,25899.007
688318.SH,20260422,113.34,116.7,112.83,115.58,31186.17,358620.41
688319.SH,20260422,29.65,30.3,29.3,30.24,68474.17,205026.847
688320.SH,20260422,30.82,31.7,30.61,31.48,18184.5,57018.373
688321.SH,20260422,29.93,31.09,29.8,31.02,104966.65,321123.911
688322.SH,20260422,81.91,83.63,81.7,82.65,57028.56,470530.061
688323.SH,20260422,21.75,22.5,21.45,21.97,39106.54,85896.706
688325.SH,20260422,121.67,123.87,119.5,121.98,11848.89,144684.995
688326.SH,20260422,118.62,123.45,117.8,123.06,15241.19,185035.005
688327.SH,20260422,12.92,13.24,12.85,13.19,180417.49,236814.931
688328.SH,20260422,42.0,44.95,42.0,44.0,79988.96,349952.53
688329.SH,20260422,22.26,22.35,21.07,21.27,43193.65,92077.173
688330.SH,20260422,50.02,53.46,50.0,52.9,41911.73,218100.393
688331.SH,20260422,141.71,145.58,140.06,141.95,65231.75,926471.799
688332.SH,20260422,127.15,129.05,126.63,128.93,18846.29,241734.573
688333.SH,20260422,86.09,88.52,85.66,88.5,98200.38,855555.842
688334.SH,20260422,21.72,21.78,21.49,21.77,24855.6,53806.919
688335.SH,20260422,32.06,34.77,31.69,34.7,38692.58,129758.054
688336.SH,20260422,82.5,83.56,81.53,83.06,56183.1,463501.148
688337.SH,20260422,62.89,65.0,61.82,64.68,89988.14,570729.102
688338.SH,20260422,29.97,30.4,29.62,30.25,11388.13,34237.546
688339.SH,20260422,25.35,25.55,24.91,25.14,40824.0,102793.621
688343.SH,20260422,91.55,97.58,90.68,96.0,154050.49,1451254.993
688345.SH,20260422,54.24,57.8,54.08,55.1,37593.71,209911.064
688347.SH,20260422,127.08,130.0,126.59,129.34,148906.82,1906551.253
688348.SH,20260422,52.53,53.3,52.03,53.0,25544.65,134471.038
688349.SH,20260422,24.6,25.23,24.45,25.07,57150.26,143068.117
688350.SH,20260422,28.41,28.58,27.33,27.66,42548.3,117861.31
688351.SH,20260422,24.06,24.51,23.93,24.17,39124.07,94306.801
688352.SH,20260422,11.85,12.78,11.83,12.73,254553.07,315967.551
688353.SH,20260422,126.5,129.88,124.88,127.26,66100.49,836651.446
688355.SH,20260422,24.28,25.15,24.03,24.59,33879.05,82924.256
688356.SH,20260422,109.99,109.99,106.6,108.71,7066.16,76365.26
688357.SH,20260422,36.86,38.26,36.12,37.56,19902.55,74331.291
688358.SH,20260422,29.15,29.49,28.9,29.46,7810.78,22829.842
688359.SH,20260422,95.9,100.77,94.61,97.6,54268.99,534033.125
688360.SH,20260422,18.65,18.65,18.2,18.5,20211.6,37184.616
688361.SH,20260422,160.15,174.72,160.15,171.88,113613.01,1935274.753
688362.SH,20260422,44.88,48.82,43.34,47.85,231695.62,1060707.847
688363.SH,20260422,42.52,42.81,42.4,42.63,16716.25,71227.949
688365.SH,20260422,19.38,19.59,19.04,19.58,124511.75,240817.07
688366.SH,20260422,38.88,38.99,38.65,38.8,3428.42,13287.744
688367.SH,20260422,39.83,43.34,39.82,41.85,59832.67,252319.621
688368.SH,20260422,153.55,155.55,148.48,152.54,49550.97,749572.171
688369.SH,20260422,24.95,25.01,24.09,24.35,47184.04,115173.882
688370.SH,20260422,24.97,25.15,24.74,24.95,7020.1,17535.49
688371.SH,20260422,21.35,21.79,20.84,21.6,22104.93,47336.411
688372.SH,20260422,153.12,155.88,145.62,151.15,95526.39,1437079.216
688373.SH,20260422,5.98,6.06,5.94,6.05,68101.7,40886.452
688375.SH,20260422,134.72,137.0,132.98,135.9,64729.85,871689.638
688376.SH,20260422,71.33,73.0,70.3,71.96,19558.53,140516.488
688377.SH,20260422,39.72,41.0,39.72,40.81,14002.08,56799.267
688378.SH,20260422,39.26,40.4,38.18,40.25,130022.43,515416.267
688379.SH,20260422,58.67,61.85,57.61,60.8,69270.2,414426.759
688380.SH,20260422,46.3,47.98,46.05,47.91,90265.22,427285.311
688381.SH,20260422,24.81,27.08,24.81,26.61,126151.64,333483.351
688382.SH,20260422,21.24,23.49,21.15,23.28,262404.49,592518.955
688383.SH,20260422,100.4,109.0,100.02,102.93,21104.57,217932.938
688385.SH,20260422,76.06,76.8,75.0,76.0,112578.06,852420.213
688386.SH,20260422,78.75,82.0,78.5,80.1,22073.52,176690.719
688387.SH,20260422,17.52,18.09,17.1,17.95,775877.67,1377984.003
688388.SH,20260422,50.7,52.35,50.12,50.5,267732.06,1362471.89
688389.SH,20260422,12.6,12.95,12.6,12.95,41322.06,53050.209
688390.SH,20260422,87.8,94.36,87.78,92.33,121947.04,1112322.632
688391.SH,20260422,29.64,30.35,29.55,30.26,9642.44,28998.839
688392.SH,20260422,138.0,143.58,135.4,142.78,39299.66,550745.531
688393.SH,20260422,23.53,23.55,23.0,23.33,10242.98,23753.708
688395.SH,20260422,26.97,26.97,26.44,26.77,9876.75,26352.837
688396.SH,20260422,51.33,51.97,50.89,51.61,159933.45,823427.924
688398.SH,20260422,29.08,31.15,29.05,30.49,47593.63,144174.699
688399.SH,20260422,60.06,63.0,59.11,62.2,21700.1,134207.007
688400.SH,20260422,48.8,51.6,48.8,50.54,177018.78,890300.257
688401.SH,20260422,58.4,70.02,58.29,69.81,186388.53,1248062.998
688403.SH,20260422,16.36,17.77,16.08,17.58,689896.76,1184872.427
688408.SH,20260422,41.54,44.03,41.39,42.38,68991.34,295082.771
688409.SH,20260422,99.0,103.3,98.8,102.83,42087.06,429150.606
688410.SH,20260422,15.77,16.08,15.68,16.06,28623.77,45448.455
688411.SH,20260422,228.63,229.6,224.0,224.89,41070.58,925910.152
688416.SH,20260422,100.0,103.0,97.5,101.79,56623.13,569786.239
688418.SH,20260422,50.06,51.8,49.51,50.84,106248.42,535961.853
688419.SH,20260422,48.35,49.84,48.13,48.57,24816.8,121227.668
688420.SH,20260422,24.62,24.99,24.5,24.91,6618.05,16416.328
688425.SH,20260422,4.87,4.88,4.85,4.87,134076.17,65146.035
688426.SH,20260422,19.88,20.16,19.72,20.0,9857.19,19642.635
688428.SH,20260422,29.52,30.28,29.4,29.8,73180.22,217628.033
688429.SH,20260422,14.58,14.72,14.32,14.52,28746.6,41608.906
688432.SH,20260422,15.25,15.82,15.24,15.7,134533.76,210121.806
688433.SH,20260422,83.42,85.53,83.07,84.06,42990.26,361253.165
688435.SH,20260422,40.3,40.96,39.5,40.82,22960.46,92253.646
688439.SH,20260422,51.33,52.1,51.06,52.1,21917.4,113324.075
688443.SH,20260422,30.1,32.24,30.1,31.32,35959.6,112668.114
688448.SH,20260422,63.36,64.1,62.02,62.88,13763.76,86452.954
688449.SH,20260422,47.18,48.26,46.8,47.85,61373.91,290986.232
688450.SH,20260422,46.5,48.48,46.0,47.5,25315.38,119973.764
688455.SH,20260422,28.35,28.77,23.46,23.7,131148.28,332116.319
688456.SH,20260422,57.75,58.82,57.5,58.23,25579.87,148365.74
688458.SH,20260422,36.42,36.9,35.81,36.75,20034.28,73403.527
688459.SH,20260422,9.45,9.49,9.39,9.39,10608.24,10003.099
688466.SH,20260422,17.3,17.34,17.03,17.12,12491.95,21472.982
688468.SH,20260422,7.27,7.29,7.19,7.27,20989.75,15221.485
688469.SH,20260422,6.6,6.84,6.58,6.79,1151290.68,776737.633
688472.SH,20260422,13.25,13.3,12.9,13.04,602887.19,786781.428
688475.SH,20260422,29.78,30.47,29.64,30.36,65754.3,198100.479
688478.SH,20260422,40.99,44.38,39.91,42.12,111760.74,473770.53
688479.SH,20260422,36.0,37.2,35.0,36.88,31915.95,115141.998
688480.SH,20260422,99.7,99.75,94.4,95.32,44450.15,425583.369
688484.SH,20260422,36.36,37.23,36.23,37.07,52554.97,194092.069
688485.SH,20260422,44.8,49.69,43.8,47.55,140662.32,663703.532
688486.SH,20260422,71.58,76.56,71.16,75.9,37077.55,275765.238
688488.SH,20260422,17.77,18.4,17.4,18.2,116725.84,208335.123
688489.SH,20260422,39.91,39.91,38.89,39.64,5031.14,19819.99
688496.SH,20260422,5.5,5.6,5.44,5.55,41099.95,22672.265
688498.SH,20260422,1374.21,1496.0,1374.21,1464.05,37613.59,5455749.641
688499.SH,20260422,55.0,57.1,54.27,55.85,57498.46,321788.896
688500.SH,20260422,50.33,50.47,49.6,50.0,12874.29,64235.867
688501.SH,20260422,26.38,26.51,25.81,26.27,24956.36,65185.477
688502.SH,20260422,475.21,501.99,467.0,498.22,27531.94,1344205.854
688503.SH,20260422,96.9,101.36,94.0,94.02,151746.23,1483602.828
688505.SH,20260422,7.71,7.82,7.65,7.8,57523.6,44475.521
688506.SH,20260422,295.0,298.0,284.09,295.42,20088.28,584303.409
688507.SH,20260422,95.0,97.68,94.2,97.1,19604.51,188674.423
688508.SH,20260422,67.0,73.29,65.13,72.0,121055.19,835952.696
688509.SH,20260422,4.54,4.55,4.49,4.51,49829.64,22520.263
688510.SH,20260422,32.55,32.86,32.13,32.43,77946.77,252964.36
688511.SH,20260422,23.52,26.2,22.7,26.0,128565.26,310217.333
688512.SH,20260422,12.53,13.03,12.53,12.81,99218.53,127505.287
688513.SH,20260422,64.81,67.29,64.7,66.8,27935.18,185539.316
688515.SH,20260422,129.03,132.5,126.64,132.5,22735.3,296974.792
688516.SH,20260422,78.2,80.26,77.53,79.6,86003.29,678854.647
688517.SH,20260422,22.31,23.1,22.11,22.95,57717.05,130557.966
688518.SH,20260422,29.11,30.47,28.88,29.96,177754.36,527809.027
688519.SH,20260422,150.35,163.06,148.0,159.94,92933.91,1428350.561
688520.SH,20260422,43.08,43.48,42.4,42.87,29892.85,127845.449
688521.SH,20260422,231.15,252.5,231.15,250.95,302160.09,7309435.771
688522.SH,20260422,35.14,35.96,34.85,35.95,37661.47,133697.37
688523.SH,20260422,70.0,71.49,68.71,70.86,84320.39,592544.271
688525.SH,20260422,274.65,281.0,272.88,281.0,287180.29,7942037.894
688526.SH,20260422,15.04,15.11,15.0,15.06,17159.1,25816.574
688528.SH,20260422,11.2,11.38,11.05,11.34,18336.79,20633.487
688529.SH,20260422,18.4,19.12,18.37,18.98,22525.43,42488.824
688530.SH,20260422,35.34,41.87,35.0,39.83,186264.83,710105.655
688533.SH,20260422,26.65,26.94,26.55,26.93,9541.7,25571.94
688535.SH,20260422,124.75,127.4,124.0,127.4,26286.47,331837.508
688536.SH,20260422,198.27,211.8,197.0,207.82,52561.12,1077738.553
688538.SH,20260422,2.26,2.28,2.26,2.27,384877.53,87387.801
688539.SH,20260422,43.45,43.8,42.32,43.64,51292.14,220734.509
688543.SH,20260422,70.74,71.1,69.85,70.93,46771.45,330431.032
688545.SH,20260422,53.0,53.73,51.9,52.6,49881.83,262628.099
688548.SH,20260422,30.0,30.9,28.8,29.82,353327.61,1051729.287
688549.SH,20260422,9.48,9.78,9.41,9.76,329652.2,316972.546
688550.SH,20260422,41.7,42.44,41.6,42.39,30581.39,128741.485
688551.SH,20260422,45.84,53.28,45.28,51.2,72098.13,365604.718
688552.SH,20260422,46.31,51.2,46.1,50.96,132606.48,660511.863
688553.SH,20260422,18.84,19.63,18.76,19.32,120064.45,229937.365
688556.SH,20260422,14.13,14.33,13.92,14.09,317161.38,447379.663
688557.SH,20260422,32.85,34.0,32.55,33.77,21004.49,70128.855
688558.SH,20260422,31.49,33.75,31.02,33.67,40668.12,132965.526
688559.SH,20260422,58.82,59.68,58.01,59.03,51287.0,302308.43
688560.SH,20260422,16.7,16.92,16.36,16.76,102206.21,170632.73
688561.SH,20260422,30.24,30.59,30.05,30.44,39679.97,120520.143
688562.SH,20260422,19.93,20.07,19.75,20.04,35612.3,71057.292
688563.SH,20260422,60.27,60.27,58.73,59.66,36834.27,218681.901
688565.SH,20260422,12.58,12.72,12.48,12.56,30355.5,38147.244
688566.SH,20260422,31.0,31.64,30.94,31.5,25617.53,80019.426
688567.SH,20260422,14.0,14.46,13.86,13.92,201126.35,283492.369
688568.SH,20260422,64.16,65.2,63.33,64.22,130810.78,837098.645
688569.SH,20260422,21.45,21.81,21.36,21.51,23586.64,50762.336
688570.SH,20260422,18.0,18.1,17.78,17.95,4663.17,8339.427
688571.SH,20260422,8.25,8.27,7.88,8.1,110482.36,88539.876
688573.SH,20260422,22.3,22.63,21.72,21.72,38674.7,85238.846
688575.SH,20260422,14.24,14.31,14.18,14.22,21173.43,30122.474
688576.SH,20260422,70.39,70.9,69.91,70.58,2384.09,16764.127
688577.SH,20260422,69.21,69.58,67.8,69.58,9941.2,68484.542
688578.SH,20260422,95.3,98.05,93.8,97.79,52285.37,501387.453
688579.SH,20260422,11.07,11.19,11.04,11.15,49445.5,54836.169
688580.SH,20260422,61.28,61.28,59.68,60.55,12933.41,77930.274
688581.SH,20260422,56.11,56.43,55.75,56.16,2143.64,12020.838
688582.SH,20260422,61.93,63.37,61.51,63.27,73928.26,461273.856
688583.SH,20260422,117.1,119.3,115.33,118.3,9352.63,110049.755
688584.SH,20260422,20.68,21.09,20.3,20.76,49424.79,102248.219
688585.SH,20260422,125.52,126.8,124.61,126.5,23704.88,297739.304
688586.SH,20260422,14.18,14.2,13.92,14.14,42527.27,59830.068
688588.SH,20260422,12.06,12.13,11.87,12.12,41737.98,50227.597
688589.SH,20260422,22.22,22.6,22.08,22.57,23887.6,53571.557
688590.SH,20260422,14.52,14.8,14.25,14.79,71537.16,104087.489
688591.SH,20260422,34.24,35.3,34.24,35.22,48050.44,167948.817
688592.SH,20260422,46.52,46.94,46.13,46.8,11927.55,55596.067
688593.SH,20260422,31.69,32.0,31.02,31.57,88972.13,279834.371
688595.SH,20260422,33.12,34.49,33.08,34.18,31735.18,107730.624
688596.SH,20260422,31.94,32.9,31.8,32.73,70523.7,229443.073
688597.SH,20260422,9.69,10.44,9.67,10.27,175644.92,177126.15
688598.SH,20260422,24.28,24.65,23.98,24.15,36759.84,89006.272
688599.SH,20260422,16.36,16.45,16.18,16.32,317075.59,518006.935
688600.SH,20260422,27.59,28.22,27.3,28.15,16147.41,44985.864
688601.SH,20260422,50.2,51.08,49.72,50.73,32097.86,162306.589
688602.SH,20260422,8.09,8.17,8.04,8.11,42052.96,34100.014
688603.SH,20260422,94.26,98.5,93.97,96.8,39761.82,384513.28
688605.SH,20260422,65.1,66.8,64.52,66.43,39986.48,263150.743
688606.SH,20260422,57.21,57.38,56.89,57.21,2633.33,15049.5
688607.SH,20260422,66.81,70.95,66.81,70.29,30952.43,214632.357
688608.SH,20260422,167.0,172.55,166.48,172.0,48446.82,827950.475
688609.SH,20260422,8.72,9.15,8.69,9.01,143864.07,128602.863
688610.SH,20260422,115.23,122.0,112.2,118.38,17875.62,210510.801
688611.SH,20260422,66.25,66.33,64.62,65.02,11881.74,77660.108
688612.SH,20260422,32.91,33.2,32.4,32.74,59453.73,194244.978
688613.SH,20260422,20.63,20.63,20.11,20.34,27585.06,56047.748
688615.SH,20260422,193.0,194.99,188.0,189.29,53339.48,1013732.634
688616.SH,20260422,13.83,14.28,13.68,14.16,28622.47,40255.41
688617.SH,20260422,251.36,253.86,247.14,251.72,7810.53,195894.624
688618.SH,20260422,40.52,40.85,39.38,40.4,36374.17,146093.898
688619.SH,20260422,16.52,16.98,15.93,16.79,92088.01,151973.111
688620.SH,20260422,12.1,12.18,11.93,12.1,61333.35,74011.688
688621.SH,20260422,61.42,63.34,61.42,62.78,19602.86,122752.104
688622.SH,20260422,83.97,88.6,83.51,85.31,19366.71,166771.543
688623.SH,20260422,99.5,100.48,96.38,96.55,8150.4,80156.791
688625.SH,20260422,68.05,72.05,68.05,71.7,30922.18,218375.652
688626.SH,20260422,60.0,60.28,58.95,60.15,14371.68,85759.636
688627.SH,20260422,283.49,289.0,281.0,289.0,31814.46,909574.627
688628.SH,20260422,81.49,97.0,81.0,95.58,67235.78,612447.255
688629.SH,20260422,137.0,140.6,125.82,134.0,356359.72,4721620.476
688630.SH,20260422,253.33,264.97,252.0,257.66,65481.25,1688315.279
688631.SH,20260422,56.84,57.68,56.66,56.8,17437.52,99493.355
688633.SH,20260422,27.72,28.58,27.6,28.23,21408.8,60263.065
688636.SH,20260422,47.61,48.36,46.2,47.64,58016.36,275861.398
688638.SH,20260422,42.95,43.83,42.79,43.37,7996.86,34636.188
688639.SH,20260422,28.8,29.5,28.79,29.08,49226.29,143408.498
688646.SH,20260422,53.5,55.08,53.15,54.31,10139.11,55156.283
688648.SH,20260422,52.8,59.98,52.5,59.0,74112.25,425643.869
688651.SH,20260422,38.35,38.5,37.71,38.31,11089.26,42333.479
688652.SH,20260422,108.86,110.5,107.4,110.28,36336.11,397213.852
688653.SH,20260422,13.4,13.7,13.31,13.67,64699.15,87656.714
688655.SH,20260422,38.58,40.94,36.5,38.1,129583.08,493930.726
688656.SH,20260422,136.07,137.5,134.18,137.49,3188.07,43411.874
688657.SH,20260422,50.27,51.49,50.06,51.48,16804.7,85696.054
688658.SH,20260422,18.76,20.05,18.58,19.8,135868.09,263925.328
688659.SH,20260422,9.87,10.09,9.87,9.95,17641.17,17621.153
688660.SH,20260422,12.6,12.76,12.45,12.69,127346.37,160595.55
688661.SH,20260422,103.85,124.13,100.88,119.26,193361.7,2234901.282
688662.SH,20260422,70.75,75.4,70.01,74.85,86127.45,628033.463
688663.SH,20260422,63.63,66.44,62.38,65.35,42970.44,278210.577
688665.SH,20260422,47.96,48.64,47.57,48.21,5601.52,26983.216
688667.SH,20260422,146.07,156.44,141.15,155.36,18918.87,285979.475
688668.SH,20260422,220.51,230.0,215.98,228.0,70884.77,1587344.721
688669.SH,20260422,28.1,28.18,27.56,27.74,24489.57,68024.63
688670.SH,20260422,17.27,17.45,17.04,17.14,10146.54,17424.741
688671.SH,20260422,21.68,21.72,21.27,21.45,9780.05,21010.156
688676.SH,20260422,87.6,95.0,87.5,93.7,208773.14,1913909.382
688677.SH,20260422,92.09,97.16,88.22,96.5,83874.71,783021.8
688678.SH,20260422,21.65,24.2,21.21,23.64,454976.18,1038486.699
688679.SH,20260422,55.2,57.06,53.88,55.06,29466.13,161694.988
688680.SH,20260422,51.08,53.18,50.0,51.14,36361.14,188081.0
688681.SH,20260422,19.0,19.23,18.9,19.18,16866.19,32236.201
688682.SH,20260422,49.88,50.46,49.0,50.2,20843.99,104010.296
688683.SH,20260422,40.3,41.19,40.2,41.12,12902.44,52580.065
688685.SH,20260422,43.93,46.14,43.5,45.66,47264.71,213540.018
688686.SH,20260422,109.41,111.0,107.8,109.16,13675.92,149511.471
688687.SH,20260422,20.75,21.37,20.75,21.29,36905.8,78052.236
688689.SH,20260422,36.68,37.9,36.61,37.72,24091.54,89923.606
688690.SH,20260422,31.3,34.09,31.26,33.5,169394.73,559569.877
688691.SH,20260422,101.7,103.78,99.6,103.6,56573.49,576516.609
688692.SH,20260422,254.3,261.0,252.2,255.63,18502.14,475397.849
688693.SH,20260422,90.32,90.6,86.81,88.46,49158.91,433225.349
688695.SH,20260422,23.82,23.82,23.53,23.77,8361.01,19793.602
688696.SH,20260422,90.58,91.3,90.5,90.98,4712.34,42884.655
688697.SH,20260422,16.27,16.42,16.16,16.35,52395.62,85604.191
688698.SH,20260422,68.2,69.69,67.5,69.43,44742.86,307605.254
688699.SH,20260422,44.53,46.87,44.51,46.11,34401.33,159132.098
688700.SH,20260422,63.01,65.85,62.6,65.0,157406.82,1011322.508
688701.SH,20260422,9.19,9.25,9.06,9.12,14373.79,13129.803
688702.SH,20260422,224.89,226.8,211.77,224.79,82793.35,1820368.508
688707.SH,20260422,17.51,18.7,16.56,16.8,734770.26,1286005.723
688708.SH,20260422,53.97,54.56,53.5,54.21,9323.6,50399.204
688709.SH,20260422,43.79,44.48,43.41,44.07,44865.1,197087.38
688710.SH,20260422,69.28,70.87,67.58,70.83,8238.61,57335.851
688711.SH,20260422,28.13,28.39,27.8,28.39,43470.2,122549.063
688712.SH,20260422,40.54,40.65,40.01,40.63,22968.23,92749.896
688716.SH,20260422,33.38,33.46,32.72,33.41,13713.4,45419.729
688717.SH,20260422,108.1,109.74,106.1,109.29,44106.26,476450.312
688718.SH,20260422,15.96,16.57,15.62,16.28,27760.04,44722.474
688719.SH,20260422,53.25,58.0,53.25,57.42,67107.62,379444.701
688720.SH,20260422,78.46,82.3,77.71,81.11,48404.54,388534.444
688721.SH,20260422,43.89,46.6,42.88,45.57,35257.22,158690.194
688722.SH,20260422,17.68,17.8,17.4,17.61,26018.86,45754.932
688726.SH,20260422,62.6,63.2,60.88,61.57,195851.06,1210562.521
688727.SH,20260422,50.6,51.89,50.3,51.44,40974.3,210006.75
688728.SH,20260422,13.21,13.52,13.21,13.46,127351.36,171048.992
688729.SH,20260422,22.9,23.2,22.8,23.18,49595.48,114510.503
688733.SH,20260422,28.88,29.6,28.88,29.35,33069.33,96856.587
688737.SH,20260422,29.68,30.33,29.45,30.17,24364.29,73154.038
688739.SH,20260422,23.9,24.01,23.8,23.98,13557.47,32417.484
688750.SH,20260422,18.71,19.16,18.71,19.15,29822.26,56413.033
688755.SH,20260422,37.9,38.06,37.7,37.88,2458.31,9298.45
688757.SH,20260422,26.81,27.44,26.5,27.29,29829.1,80830.358
688758.SH,20260422,21.39,21.49,20.39,21.39,78182.12,164658.594
688759.SH,20260422,36.48,36.87,35.71,36.0,20691.77,74616.897
688765.SH,20260422,63.84,63.84,62.5,62.58,11542.13,72606.829
688766.SH,20260422,273.73,277.7,265.0,273.5,67538.85,1836131.149
688767.SH,20260422,35.87,36.23,35.35,36.06,13709.96,49162.558
688768.SH,20260422,46.8,47.95,46.4,47.95,14217.1,67293.49
688772.SH,20260422,17.35,17.63,17.0,17.12,570434.22,982808.745
688775.SH,20260422,192.83,196.97,192.8,196.3,8934.1,174290.142
688776.SH,20260422,83.49,84.19,82.8,83.87,15980.93,133185.908
688777.SH,20260422,68.82,69.56,67.8,68.42,151466.42,1037705.326
688778.SH,20260422,81.67,87.6,81.19,85.53,121428.57,1028347.849
688779.SH,20260422,10.93,11.43,10.92,11.16,354884.55,396871.519
688781.SH,20260422,38.44,40.44,37.91,39.9,68574.24,269817.921
688783.SH,20260422,22.39,22.84,22.28,22.83,45703.07,103226.894
688785.SH,20260422,291.82,297.8,287.37,296.27,6263.88,183771.594
688786.SH,20260422,32.9,33.49,32.58,33.1,19462.55,64202.353
688787.SH,20260422,135.0,136.43,132.6,136.37,16163.64,217748.479
688788.SH,20260422,56.5,57.6,55.5,57.57,16259.02,92472.845
688789.SH,20260422,69.69,71.75,69.51,70.22,21025.75,147995.479
688790.SH,20260422,140.0,142.16,138.88,141.0,5469.24,76987.595
688793.SH,20260422,21.08,21.16,20.88,21.0,10145.33,21280.895
688795.SH,20260422,622.23,632.09,622.22,628.7,14282.2,895280.838
688796.SH,20260422,97.24,98.78,94.01,98.22,19113.08,184009.395
688798.SH,20260422,66.51,69.45,66.24,69.45,43757.45,298802.622
688799.SH,20260422,56.18,58.27,55.63,57.85,47504.62,270935.472
688800.SH,20260422,93.99,96.53,90.8,95.5,88742.22,831335.126
688802.SH,20260422,693.0,707.0,684.12,701.5,17075.01,1188637.973
688805.SH,20260422,56.27,56.65,54.38,55.33,46051.27,253933.576
688807.SH,20260422,342.14,375.0,338.2,361.86,33486.45,1206176.169
688809.SH,20260422,395.7,437.67,393.04,437.0,31289.68,1301786.325
688811.SH,20260422,24.6,25.54,24.3,25.07,425829.75,1057247.587
688813.SH,20260422,75.76,77.67,74.1,75.14,66498.28,499981.157
688816.SH,20260422,68.98,68.98,67.07,67.69,15365.48,103889.667
688818.SH,20260422,72.44,72.67,68.94,71.28,210149.35,1483103.809
688819.SH,20260422,35.8,36.54,35.76,35.93,37565.96,135364.039
688820.SH,20260422,76.01,96.22,75.02,95.0,942851.34,7908642.405
688981.SH,20260422,106.8,108.08,106.5,107.87,375216.74,4023321.89
689009.SH,20260422,44.99,46.73,44.31,45.53,112273.86,511502.483
920000.BJ,20260422,16.43,16.88,16.35,16.66,7920.81,13194.372
920001.BJ,20260422,15.81,16.2,15.71,16.09,16018.31,25718.546
920002.BJ,20260422,86.85,88.6,86.4,88.06,5499.22,48282.301
920003.BJ,20260422,29.96,32.45,29.58,31.2,37228.95,115653.951
920005.BJ,20260422,36.76,37.35,36.25,37.29,3855.04,14290.706
920006.BJ,20260422,23.79,23.79,23.0,23.37,9487.6,22116.894
920007.BJ,20260422,57.01,57.83,56.81,57.07,2413.67,13802.765
920008.BJ,20260422,26.44,27.21,26.32,27.12,12026.64,32304.948
920009.BJ,20260422,67.9,68.59,66.72,67.91,1957.09,13258.747
920010.BJ,20260422,12.38,12.74,12.26,12.47,97539.2,121606.736
920011.BJ,20260422,26.6,26.78,26.23,26.72,27907.6,74260.39
920012.BJ,20260422,63.98,67.89,62.5,64.83,53448.36,350138.125
920014.BJ,20260422,12.7,12.96,12.66,12.72,23006.5,29367.397
920015.BJ,20260422,42.1,44.38,42.0,43.54,21764.48,94116.135
920016.BJ,20260422,17.08,17.39,17.01,17.31,4878.52,8414.408
920017.BJ,20260422,17.38,17.63,17.27,17.54,12501.63,21892.444
920018.BJ,20260422,29.22,29.93,29.01,29.56,12692.76,37471.171
920019.BJ,20260422,18.56,19.0,18.56,18.88,18736.4,35315.015
920020.BJ,20260422,15.99,16.3,15.99,16.17,7568.33,12262.384
920021.BJ,20260422,10.51,10.77,10.43,10.59,170675.53,180497.769
920022.BJ,20260422,26.9,27.83,26.82,27.57,8324.66,22888.574
920023.BJ,20260422,3.16,3.2,3.11,3.16,56989.24,17955.142
920026.BJ,20260422,37.11,38.76,37.11,38.31,17772.21,67963.819
920027.BJ,20260422,18.36,18.6,18.19,18.25,13640.01,24971.532
920028.BJ,20260422,16.6,17.28,16.55,16.77,59949.55,101105.066
920029.BJ,20260422,87.5,88.7,86.66,87.41,5848.25,51308.518
920030.BJ,20260422,5.75,5.86,5.7,5.78,13906.19,8043.758
920033.BJ,20260422,15.46,15.78,15.38,15.59,3612.37,5630.262
920035.BJ,20260422,36.69,38.8,36.67,38.37,14057.08,53135.445
920036.BJ,20260422,47.2,51.38,47.2,50.6,32979.56,163160.037
920037.BJ,20260422,76.05,78.15,76.05,77.8,9588.89,74199.893
920039.BJ,20260422,9.73,10.03,9.72,9.91,7938.71,7848.37
920045.BJ,20260422,554.98,636.0,546.02,624.69,17544.44,1040908.816
920046.BJ,20260422,27.0,27.63,26.51,26.68,46390.49,124566.496
920047.BJ,20260422,29.0,29.77,28.5,29.15,39356.81,115152.733
920050.BJ,20260422,32.66,33.94,32.66,33.7,9207.42,30909.828
920055.BJ,20260422,34.9,35.92,34.8,35.7,17907.83,63474.841
920056.BJ,20260422,22.72,23.32,22.72,22.89,10283.32,23614.432
920057.BJ,20260422,6.24,6.36,6.2,6.29,12223.16,7716.053
920058.BJ,20260422,28.6,28.78,28.07,28.4,3061.17,8691.769
920060.BJ,20260422,34.2,36.43,34.2,35.45,93054.24,330069.507
920061.BJ,20260422,24.37,25.08,24.3,24.76,9643.53,23886.772
920062.BJ,20260422,10.57,10.8,10.56,10.7,37607.8,40215.889
920066.BJ,20260422,22.17,22.62,22.1,22.4,3944.15,8836.617
920068.BJ,20260422,22.06,22.14,21.66,21.76,25966.98,56683.056
920069.BJ,20260422,38.11,39.2,37.25,38.82,17796.06,68126.921
920075.BJ,20260422,21.67,22.01,21.45,21.84,4965.46,10804.593
920076.BJ,20260422,20.92,21.46,20.8,21.24,15359.31,32604.663
920077.BJ,20260422,18.64,19.09,18.45,18.84,100378.18,188693.49
920078.BJ,20260422,27.72,29.5,27.13,29.5,68770.93,194527.693
920080.BJ,20260422,23.35,23.73,23.2,23.69,3913.3,9222.581
920082.BJ,20260422,15.55,15.7,15.39,15.61,8053.5,12551.327
920086.BJ,20260422,30.52,32.3,30.18,31.96,31706.21,100265.379
920087.BJ,20260422,15.09,15.19,14.82,14.82,40583.02,60599.572
920088.BJ,20260422,51.82,51.96,50.01,50.01,45811.0,233476.06
920089.BJ,20260422,18.97,19.26,18.81,19.03,15488.27,29506.527
920090.BJ,20260422,5.59,5.75,5.58,5.62,54805.79,31014.345
920091.BJ,20260422,61.8,62.9,61.22,62.24,8097.96,50225.33
920092.BJ,20260422,31.22,31.95,31.1,31.8,10971.43,34651.4
920098.BJ,20260422,27.06,27.4,26.86,27.1,7164.24,19488.942
920099.BJ,20260422,32.03,32.68,31.86,32.34,7655.86,24776.681
920100.BJ,20260422,50.35,51.65,50.29,50.93,5581.19,28438.604
920101.BJ,20260422,35.2,35.56,35.08,35.41,5015.98,17756.043
920106.BJ,20260422,67.1,70.18,66.81,70.1,13243.42,91772.169
920108.BJ,20260422,11.22,11.6,11.15,11.5,12241.7,14022.617
920110.BJ,20260422,35.45,35.95,35.19,35.93,1303.93,4667.099
920111.BJ,20260422,31.0,35.8,30.5,32.3,198123.35,655632.145
920112.BJ,20260422,33.4,34.16,33.4,34.0,2746.36,9324.034
920116.BJ,20260422,101.6,104.79,101.34,103.25,30119.57,310258.794
920118.BJ,20260422,20.87,21.3,20.87,21.23,4076.02,8612.824
920119.BJ,20260422,97.46,99.99,97.03,97.99,8039.93,78916.356
920121.BJ,20260422,36.72,37.18,36.33,37.01,3695.7,13632.741
920122.BJ,20260422,26.8,27.3,26.7,27.15,3667.94,9926.186
920123.BJ,20260422,13.43,13.73,13.34,13.67,13363.3,18194.534
920124.BJ,20260422,16.3,16.59,16.22,16.45,13618.29,22376.6
920128.BJ,20260422,25.35,25.95,25.13,25.79,8399.1,21612.711
920130.BJ,20260422,20.2,20.7,20.16,20.59,7650.7,15702.044
920132.BJ,20260422,13.68,14.08,13.67,13.98,6991.65,9765.232
920139.BJ,20260422,18.45,19.27,18.45,19.08,53484.71,101212.775
920145.BJ,20260422,15.17,15.46,15.04,15.15,5666.33,8630.14
920146.BJ,20260422,7.12,7.38,7.12,7.19,41469.14,30118.382
920149.BJ,20260422,10.31,10.69,10.31,10.47,8968.25,9416.063
920152.BJ,20260422,16.18,16.49,16.1,16.18,11880.34,19342.047
920158.BJ,20260422,17.36,17.54,17.15,17.19,27836.38,48124.427
920159.BJ,20260422,39.5,40.97,39.47,40.22,17989.21,72410.934
920160.BJ,20260422,23.6,23.87,23.4,23.63,7262.62,17187.745
920163.BJ,20260422,12.86,13.12,12.77,12.96,4278.74,5544.035
920166.BJ,20260422,28.77,29.28,28.53,29.05,6668.63,19295.193
920167.BJ,20260422,17.52,17.87,17.49,17.6,10269.75,18121.27
920168.BJ,20260422,22.24,22.55,22.12,22.44,11636.87,26048.267
920169.BJ,20260422,30.82,31.28,30.42,30.61,17929.76,55002.882
920171.BJ,20260422,21.2,22.47,20.92,21.82,45156.86,98063.373
920174.BJ,20260422,39.3,40.6,39.14,39.8,12898.03,51430.547
920175.BJ,20260422,10.0,11.2,10.0,10.56,47517.7,51037.539
920177.BJ,20260422,36.68,38.38,36.6,37.53,32259.18,121068.596
920179.BJ,20260422,52.06,57.97,52.06,55.13,62346.65,344164.9
920180.BJ,20260422,16.67,16.85,16.59,16.8,16931.57,28345.566
920181.BJ,20260422,77.3,86.5,75.36,82.77,35229.51,285754.386
920183.BJ,20260422,39.56,40.63,39.39,40.55,8454.44,33980.367
920184.BJ,20260422,16.25,16.66,16.12,16.57,22804.34,37564.985
920185.BJ,20260422,32.5,33.5,31.73,31.9,209266.21,682971.42
920187.BJ,20260422,37.38,38.15,37.27,37.99,10468.27,39601.158
920188.BJ,20260422,26.5,26.99,26.22,26.39,29141.91,77346.939
920190.BJ,20260422,22.95,23.34,22.81,23.25,12629.43,29291.209
920191.BJ,20260422,12.98,13.34,12.88,13.19,108049.81,142131.67
920195.BJ,20260422,19.95,20.34,19.95,20.16,5843.77,11792.672
920198.BJ,20260422,8.9,9.07,8.84,8.95,13088.66,11732.932
920199.BJ,20260422,34.97,35.34,34.45,35.19,9978.63,34992.945
920204.BJ,20260422,16.1,16.6,15.94,16.3,12241.98,19996.495
920207.BJ,20260422,30.65,33.2,30.3,33.05,78153.06,251549.488
920208.BJ,20260422,24.19,24.46,23.97,24.29,10227.8,24874.831
920212.BJ,20260422,12.04,12.36,12.01,12.28,6925.96,8467.604
920221.BJ,20260422,14.91,15.3,14.91,15.16,6628.77,10036.364
920223.BJ,20260422,19.5,19.91,19.18,19.3,39806.16,77432.253
920225.BJ,20260422,31.1,31.7,30.78,30.82,47982.91,149510.341
920227.BJ,20260422,62.18,63.43,61.64,63.29,5273.41,33147.705
920230.BJ,20260422,12.19,12.5,12.05,12.33,35619.73,43764.874
920237.BJ,20260422,21.39,21.9,21.02,21.15,20390.97,43666.662
920239.BJ,20260422,31.0,31.95,31.0,31.2,22589.1,71149.404
920242.BJ,20260422,26.06,26.8,25.91,26.32,6873.73,18128.308
920245.BJ,20260422,25.67,26.66,25.57,25.74,9398.15,24472.6
920247.BJ,20260422,22.31,22.75,22.0,22.34,25038.53,56119.718
920249.BJ,20260422,11.0,11.97,10.92,10.97,209967.0,237949.775
920252.BJ,20260422,28.3,28.94,28.01,28.39,35125.99,99837.595
920260.BJ,20260422,10.16,10.34,10.1,10.24,13488.24,13825.013
920261.BJ,20260422,14.7,15.28,14.7,15.24,24050.4,36276.401
920262.BJ,20260422,20.55,20.99,20.49,20.71,6119.62,12713.11
920263.BJ,20260422,12.47,12.47,12.2,12.21,5795.39,7120.617
920266.BJ,20260422,8.19,8.38,8.19,8.29,5796.47,4808.876
920267.BJ,20260422,19.56,20.1,19.4,19.89,2719.98,5403.217
920270.BJ,20260422,16.09,16.48,15.98,16.32,10490.89,17080.479
920271.BJ,20260422,14.5,14.76,14.31,14.59,5010.97,7298.699
920273.BJ,20260422,22.88,23.85,22.6,23.85,16135.34,37181.167
920274.BJ,20260422,23.03,23.48,22.85,22.95,10409.06,24027.179
920275.BJ,20260422,7.43,7.64,7.35,7.6,19147.37,14489.086
920278.BJ,20260422,8.05,8.17,7.97,8.15,17018.16,13795.127
920284.BJ,20260422,32.84,34.22,32.71,33.35,35328.71,118156.197
920299.BJ,20260422,24.48,24.74,24.1,24.36,23407.35,57034.203
920300.BJ,20260422,12.05,12.29,11.99,12.19,11371.7,13876.267
920304.BJ,20260422,12.16,12.37,12.1,12.15,18868.48,23025.457
920305.BJ,20260422,6.07,6.25,5.82,5.85,54471.95,32174.616
920339.BJ,20260422,8.2,8.34,8.03,8.31,8313.88,6849.271
920344.BJ,20260422,21.55,22.27,21.37,22.18,13416.34,29513.21
920346.BJ,20260422,21.31,21.94,21.31,21.8,8211.36,17863.35
920351.BJ,20260422,17.83,17.96,17.52,17.68,10265.04,18132.614
920357.BJ,20260422,25.37,26.65,25.19,26.5,26848.91,70532.926
920363.BJ,20260422,17.05,17.47,17.0,17.34,10557.16,18291.943
920367.BJ,20260422,19.46,19.77,19.38,19.5,11668.22,22758.011
920368.BJ,20260422,37.08,37.29,36.28,36.9,95920.73,352535.66
920370.BJ,20260422,3.46,3.54,3.45,3.53,27443.82,9621.184
920371.BJ,20260422,9.83,9.96,9.75,9.85,10090.46,9964.527
920374.BJ,20260422,20.8,21.55,20.7,21.28,8796.28,18709.431
920375.BJ,20260422,13.94,14.23,13.87,14.11,35743.14,50333.301
920378.BJ,20260422,8.9,9.07,8.87,8.99,6058.51,5454.041
920392.BJ,20260422,20.59,21.2,20.43,21.09,9721.1,20359.725
920394.BJ,20260422,49.08,50.56,48.73,49.71,17233.34,85801.489
920395.BJ,20260422,10.06,10.4,10.06,10.21,13320.28,13630.789
920396.BJ,20260422,30.48,31.1,30.3,30.75,10197.39,31344.329
920402.BJ,20260422,9.46,9.7,9.4,9.56,67853.45,65048.409
920403.BJ,20260422,22.84,22.98,22.5,22.6,10579.21,24003.064
920405.BJ,20260422,20.95,21.27,20.7,20.92,18107.03,37969.296
920407.BJ,20260422,18.78,19.13,18.65,18.88,8436.92,15979.661
920414.BJ,20260422,12.73,12.99,12.64,12.78,16550.14,21174.13
920415.BJ,20260422,13.14,13.32,13.05,13.19,16201.08,21347.578
920418.BJ,20260422,25.71,26.24,25.67,26.14,17148.06,44647.84
920419.BJ,20260422,13.99,14.2,13.91,14.04,6609.35,9276.336
920422.BJ,20260422,11.56,11.92,11.5,11.71,13931.58,16348.541
920425.BJ,20260422,20.11,20.48,20.0,20.48,9244.39,18769.301
920427.BJ,20260422,12.38,12.87,12.33,12.6,9507.22,12002.444
920429.BJ,20260422,13.05,13.35,12.92,13.12,21991.43,28736.678
920433.BJ,20260422,5.18,5.27,5.14,5.24,17088.9,8955.202
920436.BJ,20260422,14.7,14.89,14.43,14.75,9643.74,14181.728
920438.BJ,20260422,47.4,51.2,47.2,50.27,76473.4,380593.788
920445.BJ,20260422,10.23,10.39,10.12,10.31,15682.07,16160.35
920454.BJ,20260422,14.65,14.91,14.57,14.68,7464.24,10995.304
920455.BJ,20260422,7.92,8.08,7.83,8.04,10477.45,8382.252
920469.BJ,20260422,9.21,9.68,9.16,9.38,23696.52,22269.615
920471.BJ,20260422,12.75,13.08,12.73,12.86,8935.22,11523.908
920475.BJ,20260422,13.47,13.85,13.26,13.73,7284.51,9971.759
920476.BJ,20260422,21.65,22.18,21.65,21.81,9317.33,20386.189
920478.BJ,20260422,16.76,17.17,16.75,17.09,12484.7,21312.057
920489.BJ,20260422,15.2,15.89,15.04,15.45,37631.8,58192.956
920491.BJ,20260422,26.68,27.44,26.62,27.3,29466.4,79977.155
920493.BJ,20260422,163.54,175.0,161.0,172.15,37948.09,641729.613
920496.BJ,20260422,9.36,9.53,9.35,9.46,16618.03,15715.183
920504.BJ,20260422,22.29,22.94,22.27,22.58,2040.7,4625.995
920505.BJ,20260422,42.58,42.9,41.91,41.93,14084.52,59333.228
920508.BJ,20260422,20.5,20.86,20.34,20.56,4343.29,8947.942
920509.BJ,20260422,32.3,33.99,32.27,33.34,41920.14,139229.05
920510.BJ,20260422,15.23,15.93,15.18,15.66,19409.19,30370.185
920519.BJ,20260422,12.31,12.42,12.08,12.1,11981.76,14626.777
920522.BJ,20260422,62.19,65.91,60.05,61.0,75644.05,472630.174
920523.BJ,20260422,24.48,25.28,24.4,24.79,17487.96,43521.607
920526.BJ,20260422,25.54,27.95,25.24,26.0,79933.59,211170.099
920527.BJ,20260422,17.61,18.0,17.3,17.78,6122.44,10899.655
920533.BJ,20260422,23.81,24.46,23.8,24.21,15365.39,37156.343
920541.BJ,20260422,12.59,12.87,12.48,12.5,20705.04,26132.538
920547.BJ,20260422,23.79,24.4,23.53,23.98,4735.44,11385.994
920553.BJ,20260422,9.13,9.26,9.02,9.16,8116.79,7426.875
920556.BJ,20260422,9.74,9.88,9.66,9.83,22756.39,22253.856
920564.BJ,20260422,27.01,27.91,26.98,27.3,25068.91,68639.001
920566.BJ,20260422,10.59,10.74,10.5,10.74,8221.07,8746.736
920570.BJ,20260422,29.39,30.07,29.35,29.94,3328.48,9935.867
920571.BJ,20260422,10.68,10.71,10.49,10.63,124988.3,132500.528
920575.BJ,20260422,7.65,7.76,7.6,7.64,29591.98,22668.54
920576.BJ,20260422,82.0,86.0,81.0,83.69,49835.85,415529.644
920578.BJ,20260422,19.39,20.1,19.34,19.89,7213.64,14303.302
920579.BJ,20260422,18.7,19.12,18.47,18.81,12259.91,23133.892
920580.BJ,20260422,14.09,14.51,13.82,13.93,37497.14,52911.009
920592.BJ,20260422,32.46,33.8,32.23,33.06,15193.98,50137.288
920593.BJ,20260422,28.32,28.82,28.0,28.55,25466.67,72661.165
920599.BJ,20260422,19.02,19.38,18.98,19.33,32414.25,62463.143
920608.BJ,20260422,16.69,17.28,16.68,17.0,2492.38,4237.397
920627.BJ,20260422,20.88,21.35,20.66,20.78,17942.8,37634.219
920634.BJ,20260422,22.3,22.5,22.03,22.19,18433.52,41035.792
920639.BJ,20260422,7.9,8.08,7.85,8.02,22620.64,18066.248
920640.BJ,20260422,38.63,39.98,38.38,39.84,57448.82,226440.195
920641.BJ,20260422,18.5,20.01,18.49,19.55,45598.38,88605.482
920642.BJ,20260422,12.62,12.79,12.53,12.68,14343.64,18145.084
920651.BJ,20260422,27.7,30.4,27.67,29.8,19651.09,57373.97
920656.BJ,20260422,16.43,16.78,16.34,16.74,8484.94,14092.952
920662.BJ,20260422,25.88,27.05,25.8,26.96,22642.76,59979.329
920663.BJ,20260422,16.27,16.6,16.24,16.32,6906.8,11295.833
920665.BJ,20260422,11.36,11.6,11.29,11.54,16195.4,18634.041
920670.BJ,20260422,18.28,18.28,17.79,18.18,33452.85,60233.065
920675.BJ,20260422,9.92,10.08,9.82,9.98,14853.66,14809.591
920679.BJ,20260422,18.26,18.66,18.13,18.33,3259.56,5991.409
920682.BJ,20260422,8.97,9.22,8.97,9.1,38151.39,34773.032
920685.BJ,20260422,12.74,12.99,12.65,12.92,5294.37,6818.695
920689.BJ,20260422,28.83,29.88,28.67,29.4,10576.55,31003.858
920690.BJ,20260422,25.85,26.45,25.65,26.35,7748.07,20306.672
920693.BJ,20260422,30.03,31.8,29.4,31.22,21691.3,67021.322
920694.BJ,20260422,17.94,18.34,17.85,18.0,5400.59,9765.624
920699.BJ,20260422,41.35,43.28,40.9,42.82,3137.75,13303.375
920701.BJ,20260422,16.07,16.32,15.81,16.26,6261.12,10131.459
920703.BJ,20260422,13.81,14.08,13.71,13.94,5620.21,7823.556
920706.BJ,20260422,25.0,25.38,24.71,25.08,21354.25,53334.149
920717.BJ,20260422,9.18,9.36,9.18,9.33,11253.45,10481.729
920718.BJ,20260422,13.23,13.52,13.21,13.34,3919.98,5248.247
920719.BJ,20260422,11.36,13.9,11.35,12.34,134326.24,173239.714
920720.BJ,20260422,12.46,12.89,12.46,12.72,18636.73,23677.737
920725.BJ,20260422,32.99,33.56,31.96,32.35,29914.71,97262.627
920726.BJ,20260422,19.17,19.9,18.97,19.71,36244.89,70792.73
920729.BJ,20260422,8.18,8.4,8.16,8.23,8928.09,7403.051
920735.BJ,20260422,31.36,31.79,31.2,31.66,12999.99,41051.732
920748.BJ,20260422,37.24,37.94,37.01,37.39,4510.06,16823.517
920751.BJ,20260422,24.13,24.86,23.81,24.19,12585.82,30467.203
920753.BJ,20260422,19.22,19.48,19.05,19.26,3835.18,7400.192
920765.BJ,20260422,14.97,15.24,14.84,15.14,6858.01,10380.86
920768.BJ,20260422,12.18,12.44,12.18,12.26,17374.21,21366.346
920770.BJ,20260422,15.98,16.32,15.92,16.12,24466.54,39446.77
920779.BJ,20260422,36.4,36.55,35.03,35.26,16108.06,57460.162
920781.BJ,20260422,7.74,7.88,7.65,7.74,13772.06,10702.482
920786.BJ,20260422,8.46,8.56,8.4,8.5,42311.15,35828.06
920790.BJ,20260422,27.4,27.94,27.28,27.56,9483.72,26186.816
920792.BJ,20260422,11.62,11.84,11.5,11.76,8312.67,9744.762
920799.BJ,20260422,37.0,37.62,36.94,37.25,30961.29,115369.41
920802.BJ,20260422,14.7,14.86,14.43,14.74,4049.38,5963.635
920806.BJ,20260422,11.86,12.04,11.83,11.88,14745.63,17585.207
920807.BJ,20260422,12.49,12.83,12.37,12.43,34305.75,43036.206
920808.BJ,20260422,81.0,86.98,81.0,86.12,52402.09,441500.454
920809.BJ,20260422,7.89,8.27,7.87,8.05,202283.98,164128.085
920810.BJ,20260422,11.62,11.89,11.57,11.77,5648.46,6638.44
920819.BJ,20260422,3.55,3.62,3.53,3.59,51121.48,18329.357
920821.BJ,20260422,24.6,27.0,24.3,26.09,71856.16,185680.987
920826.BJ,20260422,10.63,10.85,10.6,10.69,19718.9,21182.043
920832.BJ,20260422,6.97,7.02,6.88,6.99,11153.52,7793.817
920833.BJ,20260422,15.65,16.03,15.52,15.9,16867.2,26708.853
920834.BJ,20260422,12.48,12.69,12.31,12.54,9589.39,12007.159
920837.BJ,20260422,12.82,13.18,12.8,13.14,8068.27,10528.785
920839.BJ,20260422,35.26,35.89,34.97,35.2,6247.29,22058.985
920855.BJ,20260422,16.21,16.57,16.14,16.36,2948.2,4816.991
920856.BJ,20260422,13.6,14.1,13.52,13.9,9619.97,13341.801
920857.BJ,20260422,24.53,24.78,24.03,24.25,3904.61,9515.225
920866.BJ,20260422,7.64,7.77,7.63,7.7,8205.23,6330.787
920870.BJ,20260422,14.83,15.2,14.6,14.99,12859.32,19313.05
920871.BJ,20260422,13.31,13.66,13.23,13.43,6552.83,8800.994
920873.BJ,20260422,8.27,8.59,8.2,8.5,32960.35,27951.479
920876.BJ,20260422,24.64,26.0,24.58,25.93,19673.29,50338.253
920879.BJ,20260422,21.86,22.72,21.68,22.49,35008.01,78309.298
920885.BJ,20260422,21.08,21.49,20.87,21.2,31526.63,66777.161
920892.BJ,20260422,15.05,15.51,15.05,15.36,10988.51,16870.741
920895.BJ,20260422,17.25,17.65,16.96,17.29,5111.76,8818.273
920896.BJ,20260422,18.07,18.8,17.83,18.67,16485.89,30503.788
920906.BJ,20260422,24.38,24.97,24.2,24.61,7382.28,18192.227
920914.BJ,20260422,25.65,26.41,25.58,25.7,16972.99,44023.442
920924.BJ,20260422,21.42,22.17,21.01,21.95,30266.47,65553.785
920925.BJ,20260422,17.49,17.62,17.21,17.44,14427.78,25175.857
920926.BJ,20260422,15.07,15.18,14.89,15.08,5560.98,8376.32
920931.BJ,20260422,12.05,12.42,12.05,12.35,7784.14,9604.5
920932.BJ,20260422,15.7,16.18,15.69,15.97,11460.59,18303.258
920942.BJ,20260422,26.38,26.65,26.07,26.38,8129.62,21390.047
920943.BJ,20260422,21.45,21.76,21.24,21.36,9358.88,20045.914
920946.BJ,20260422,10.2,10.4,10.16,10.27,21490.01,22143.999
920950.BJ,20260422,16.24,16.68,16.05,16.45,2905.75,4790.202
920953.BJ,20260422,30.41,31.8,30.36,31.5,18667.65,58438.762
920957.BJ,20260422,11.27,11.76,11.27,11.5,6245.91,7234.391
920961.BJ,20260422,24.79,25.25,24.44,24.99,53177.18,132673.083
920964.BJ,20260422,5.98,6.21,5.94,6.15,38254.31,23447.145
920970.BJ,20260422,7.37,7.95,7.34,7.5,58721.47,44835.638
920971.BJ,20260422,29.08,30.48,29.08,30.04,39152.03,117293.455
920974.BJ,20260422,7.65,7.79,7.64,7.77,15249.76,11802.034
920976.BJ,20260422,31.0,31.69,30.8,31.31,12266.07,38486.547
920978.BJ,20260422,29.0,29.71,28.77,29.1,35066.13,102211.862
920981.BJ,20260422,32.34,42.34,32.34,42.34,116288.18,450848.082
920982.BJ,20260422,181.88,186.99,181.81,186.38,10345.98,192062.909
920985.BJ,20260422,6.95,7.0,6.84,6.88,34057.93,23488.014
920992.BJ,20260422,15.28,16.18,15.18,16.03,26216.07,41465.544
