trade_date,ts_code,name,limit_type,open_times,fd_amount,seal_amount,first_seal_time,last_seal_time,open_times_break,fd_amount_break,seal_amount_break,first_time_break,last_time_break,up_limit,down_limit,is_hot_board,board_rank,board_limit_up_count,is_st_like,is_limit_up,break_count_proxy,limit_up_strength
20260428,000001.SZ,,,,,,,,,,,,,12.52,10.24,,,,,0.0,0.0,2.0
20260428,000002.SZ,,,,,,,,,,,,,4.1,3.36,,,,,0.0,0.0,2.0
20260428,000006.SZ,,,,,,,,,,,,,10.29,8.42,,,,,0.0,0.0,2.0
20260428,000007.SZ,,,,,,,,,,,,,15.37,12.57,,,,,0.0,0.0,2.0
20260428,000008.SZ,,,,,,,,,,,,,2.93,2.39,,,,,0.0,0.0,2.0
20260428,000009.SZ,,,,,,,,,,,,,9.75,7.97,,,,,0.0,0.0,2.0
20260428,000010.SZ,,,,,,,,,,,,,3.72,3.04,,,,,0.0,0.0,2.0
20260428,000011.SZ,,,,,,,,,,,,,9.32,7.62,,,,,0.0,0.0,2.0
20260428,000012.SZ,,,,,,,,,,,,,4.88,4.0,,,,,0.0,0.0,2.0
20260428,000014.SZ,,,,,,,,,,,,,14.53,11.89,,,,,0.0,0.0,2.0
20260428,000016.SZ,,,,,,,,,,,,,3.74,3.06,,,,,0.0,0.0,2.0
20260428,000017.SZ,,,,,,,,,,,,,7.03,5.75,,,,,0.0,0.0,2.0
20260428,000019.SZ,,,,,,,,,,,,,8.73,7.15,,,,,0.0,0.0,2.0
20260428,000020.SZ,,,,,,,,,,,,,17.42,14.26,,,,,0.0,0.0,2.0
20260428,000021.SZ,,,,,,,,,,,,,32.22,26.36,,,,,0.0,0.0,2.0
20260428,000025.SZ,,,,,,,,,,,,,17.68,14.46,,,,,0.0,0.0,2.0
20260428,000026.SZ,,,,,,,,,,,,,20.02,16.38,,,,,0.0,0.0,2.0
20260428,000027.SZ,,,,,,,,,,,,,7.63,6.25,,,,,0.0,0.0,2.0
20260428,000028.SZ,,,,,,,,,,,,,27.01,22.1,,,,,0.0,0.0,2.0
20260428,000029.SZ,,,,,,,,,,,,,22.81,18.67,,,,,0.0,0.0,2.0
20260428,000030.SZ,,,,,,,,,,,,,5.67,4.64,,,,,0.0,0.0,2.0
20260428,000031.SZ,,,,,,,,,,,,,3.19,2.61,,,,,0.0,0.0,2.0
20260428,000032.SZ,,,,,,,,,,,,,19.78,16.18,,,,,0.0,0.0,2.0
20260428,000034.SZ,,,,,,,,,,,,,40.54,33.17,,,,,0.0,0.0,2.0
20260428,000035.SZ,,,,,,,,,,,,,7.46,6.1,,,,,0.0,0.0,2.0
20260428,000036.SZ,,,,,,,,,,,,,5.79,4.73,,,,,0.0,0.0,2.0
20260428,000037.SZ,,,,,,,,,,,,,12.12,9.92,,,,,0.0,0.0,2.0
20260428,000039.SZ,,,,,,,,,,,,,12.28,10.04,,,,,0.0,0.0,2.0
20260428,000042.SZ,,,,,,,,,,,,,9.77,7.99,,,,,0.0,0.0,2.0
20260428,000045.SZ,,,,,,,,,,,,,13.08,10.7,,,,,0.0,0.0,2.0
20260428,000048.SZ,,,,,,,,,,,,,15.33,12.55,,,,,0.0,0.0,2.0
20260428,000049.SZ,,,,,,,,,,,,,31.5,25.78,,,,,0.0,0.0,2.0
20260428,000050.SZ,,,,,,,,,,,,,9.2,7.52,,,,,0.0,0.0,2.0
20260428,000055.SZ,,,,,,,,,,,,,3.85,3.15,,,,,0.0,0.0,2.0
20260428,000056.SZ,,,,,,,,,,,,,2.13,1.93,,,,,0.0,0.0,2.0
20260428,000058.SZ,,,,,,,,,,,,,8.88,7.26,,,,,0.0,0.0,2.0
20260428,000059.SZ,,,,,,,,,,,,,6.04,4.94,,,,,0.0,0.0,2.0
20260428,000060.SZ,,,,,,,,,,,,,7.24,5.92,,,,,0.0,0.0,2.0
20260428,000061.SZ,,,,,,,,,,,,,8.14,6.66,,,,,0.0,0.0,2.0
20260428,000062.SZ,,,,,,,,,,,,,41.55,33.99,,,,,0.0,0.0,2.0
20260428,000063.SZ,,,,,,,,,,,,,40.99,33.53,,,,,0.0,0.0,2.0
20260428,000065.SZ,,,,,,,,,,,,,14.19,11.61,,,,,0.0,0.0,2.0
20260428,000066.SZ,,,,,,,,,,,,,18.45,15.09,,,,,0.0,0.0,2.0
20260428,000068.SZ,,,,,,,,,,,,,3.65,2.99,,,,,0.0,0.0,2.0
20260428,000069.SZ,,,,,,,,,,,,,2.4,1.96,,,,,0.0,0.0,2.0
20260428,000070.SZ,,,,,,,,,,,,,22.17,18.14,,,,,0.0,0.0,2.0
20260428,000078.SZ,,,,,,,,,,,,,3.51,2.87,,,,,0.0,0.0,2.0
20260428,000088.SZ,,,,,,,,,,,,,4.92,4.02,,,,,0.0,0.0,2.0
20260428,000089.SZ,,,,,,,,,,,,,7.83,6.41,,,,,0.0,0.0,2.0
20260428,000090.SZ,,,,,,,,,,,,,3.89,3.19,,,,,0.0,0.0,2.0
20260428,000096.SZ,,,,,,,,,,,,,10.67,8.73,,,,,0.0,0.0,2.0
20260428,000099.SZ,,,,,,,,,,,,,19.37,15.85,,,,,0.0,0.0,2.0
20260428,000100.SZ,,,,,,,,,,,,,4.73,3.87,,,,,0.0,0.0,2.0
20260428,000151.SZ,,,,,,,,,,,,,12.65,10.35,,,,,0.0,0.0,2.0
20260428,000153.SZ,,,,,,,,,,,,,6.95,5.69,,,,,0.0,0.0,2.0
20260428,000155.SZ,,,,,,,,,,,,,19.67,16.09,,,,,0.0,0.0,2.0
20260428,000156.SZ,,,,,,,,,,,,,8.26,6.76,,,,,0.0,0.0,2.0
20260428,000157.SZ,,,,,,,,,,,,,8.72,7.14,,,,,0.0,0.0,2.0
20260428,000158.SZ,,,,,,,,,,,,,20.25,16.57,,,,,0.0,0.0,2.0
20260428,000159.SZ,,,,,,,,,,,,,7.3,5.98,,,,,0.0,0.0,2.0
20260428,000166.SZ,,,,,,,,,,,,,5.08,4.16,,,,,0.0,0.0,2.0
20260428,000301.SZ,,,,,,,,,,,,,14.04,11.48,,,,,0.0,0.0,2.0
20260428,000333.SZ,,,,,,,,,,,,,87.45,71.55,,,,,0.0,0.0,2.0
20260428,000338.SZ,,,,,,,,,,,,,32.63,26.69,,,,,0.0,0.0,2.0
20260428,000400.SZ,,,,,,,,,,,,,28.31,23.17,,,,,0.0,0.0,2.0
20260428,000401.SZ,,,,,,,,,,,,,5.05,4.13,,,,,0.0,0.0,2.0
20260428,000402.SZ,,,,,,,,,,,,,2.9,2.38,,,,,0.0,0.0,2.0
20260428,000403.SZ,,,,,,,,,,,,,13.42,10.98,,,,,0.0,0.0,2.0
20260428,000404.SZ,,,,,,,,,,,,,9.63,7.88,,,,,0.0,0.0,2.0
20260428,000407.SZ,,,,,,,,,,,,,5.2,4.26,,,,,0.0,0.0,2.0
20260428,000408.SZ,,,,,,,,,,,,,98.92,80.94,,,,,0.0,0.0,2.0
20260428,000409.SZ,,,,,,,,,,,,,11.32,9.26,,,,,0.0,0.0,2.0
20260428,000410.SZ,,,,,,,,,,,,,6.86,5.62,,,,,0.0,0.0,2.0
20260428,000411.SZ,,,,,,,,,,,,,12.05,9.86,,,,,0.0,0.0,2.0
20260428,000415.SZ,,,,,,,,,,,,,5.08,4.16,,,,,0.0,0.0,2.0
20260428,000417.SZ,,,,,,,,,,,,,7.11,5.81,,,,,0.0,0.0,2.0
20260428,000419.SZ,,,,,,,,,,,,,6.29,5.15,,,,,0.0,0.0,2.0
20260428,000420.SZ,,,,,,,,,,,,,5.67,4.64,,,,,0.0,0.0,2.0
20260428,000421.SZ,,,,,,,,,,,,,6.61,5.41,,,,,0.0,0.0,2.0
20260428,000422.SZ,,,,,,,,,,,,,17.7,14.48,,,,,0.0,0.0,2.0
20260428,000423.SZ,,,,,,,,,,,,,58.92,48.2,,,,,0.0,0.0,2.0
20260428,000425.SZ,,,,,,,,,,,,,10.68,8.74,,,,,0.0,0.0,2.0
20260428,000426.SZ,,,,,,,,,,,,,46.22,37.82,,,,,0.0,0.0,2.0
20260428,000428.SZ,,,,,,,,,,,,,4.21,3.45,,,,,0.0,0.0,2.0
20260428,000429.SZ,,,,,,,,,,,,,13.94,11.4,,,,,0.0,0.0,2.0
20260428,000430.SZ,,,,,,,,,,,,,8.38,7.58,,,,,0.0,0.0,2.0
20260428,000488.SZ,,,,,,,,,,,,,2.85,2.57,,,,,0.0,0.0,2.0
20260428,000498.SZ,,,,,,,,,,,,,6.27,5.13,,,,,0.0,0.0,2.0
20260428,000501.SZ,,,,,,,,,,,,,9.13,7.47,,,,,0.0,0.0,2.0
20260428,000503.SZ,,,,,,,,,,,,,8.13,6.65,,,,,0.0,0.0,2.0
20260428,000504.SZ,,,,,,,,,,,,,10.27,9.29,,,,,0.0,0.0,2.0
20260428,000505.SZ,,,,,,,,,,,,,7.01,5.73,,,,,0.0,0.0,2.0
20260428,000506.SZ,,,,,,,,,,,,,17.52,14.34,,,,,0.0,0.0,2.0
20260428,000507.SZ,,,,,,,,,,,,,5.69,4.65,,,,,0.0,0.0,2.0
20260428,000509.SZ,,,,,,,,,,,,,3.88,3.18,,,,,0.0,0.0,2.0
20260428,000510.SZ,,,,,,,,,,,,,14.39,11.77,,,,,0.0,0.0,2.0
20260428,000513.SZ,,,,,,,,,,,,,35.79,29.29,,,,,0.0,0.0,2.0
20260428,000514.SZ,,,,,,,,,,,,,5.3,4.34,,,,,0.0,0.0,2.0
20260428,000516.SZ,,,,,,,,,,,,,5.07,4.15,,,,,0.0,0.0,2.0
20260428,000517.SZ,,,,,,,,,,,,,2.05,1.67,,,,,0.0,0.0,2.0
20260428,000518.SZ,,,,,,,,,,,,,3.08,2.78,,,,,0.0,0.0,2.0
20260428,000519.SZ,,,,,,,,,,,,,19.15,15.67,,,,,0.0,0.0,2.0
20260428,000520.SZ,,,,,,,,,,,,,4.18,3.42,,,,,0.0,0.0,2.0
20260428,000521.SZ,,,,,,,,,,,,,6.19,5.07,,,,,0.0,0.0,2.0
20260428,000523.SZ,,,,,,,,,,,,,3.59,2.93,,,,,0.0,0.0,2.0
20260428,000524.SZ,,,,,,,,,,,,,11.2,9.16,,,,,0.0,0.0,2.0
20260428,000525.SZ,,,,,,,,,,,,,6.33,5.18,,,,,0.0,0.0,2.0
20260428,000526.SZ,,,,,,,,,,,,,38.54,31.54,,,,,0.0,0.0,2.0
20260428,000528.SZ,,,,,,,,,,,,,10.6,8.68,,,,,0.0,0.0,2.0
20260428,000529.SZ,,,,,,,,,,,,,6.17,5.05,,,,,0.0,0.0,2.0
20260428,000530.SZ,,,,,,,,,,,,,6.46,5.28,,,,,0.0,0.0,2.0
20260428,000531.SZ,,,,,,,,,,,,,7.85,6.43,,,,,0.0,0.0,2.0
20260428,000532.SZ,,,,,,,,,,,,,13.97,11.43,,,,,0.0,0.0,2.0
20260428,000533.SZ,,,,,,,,,,,,,14.3,11.7,,,,,0.0,0.0,2.0
20260428,000534.SZ,,,,,,,,,,,,,45.3,37.06,,,,,0.0,0.0,2.0
20260428,000536.SZ,,,,,,,,,,,,,4.35,3.56,,,,,0.0,0.0,2.0
20260428,000537.SZ,,,,,,,,,,,,,11.84,9.68,,,,,0.0,0.0,2.0
20260428,000538.SZ,,,,,,,,,,,,,59.72,48.86,,,,,0.0,0.0,2.0
20260428,000539.SZ,,,,,,,,,,,,,7.58,6.2,,,,,0.0,0.0,2.0
20260428,000541.SZ,,,,,,,,,,,,,6.29,5.15,,,,,0.0,0.0,2.0
20260428,000543.SZ,,,,,,,,,,,,,8.83,7.23,,,,,0.0,0.0,2.0
20260428,000544.SZ,,,,,,,,,,,,,9.22,7.54,,,,,0.0,0.0,2.0
20260428,000545.SZ,,,,,,,,,,,,,3.19,2.61,,,,,0.0,0.0,2.0
20260428,000546.SZ,,,,,,,,,,,,,7.96,6.52,,,,,0.0,0.0,2.0
20260428,000547.SZ,,,,,,,,,,,,,27.87,22.81,,,,,0.0,0.0,2.0
20260428,000548.SZ,,,,,,,,,,,,,5.76,4.72,,,,,0.0,0.0,2.0
20260428,000550.SZ,,,,,,,,,,,,,21.68,17.74,,,,,0.0,0.0,2.0
20260428,000551.SZ,,,,,,,,,,,,,15.98,13.08,,,,,0.0,0.0,2.0
20260428,000552.SZ,,,,,,,,,,,,,3.01,2.47,,,,,0.0,0.0,2.0
20260428,000553.SZ,,,,,,,,,,,,,6.82,5.58,,,,,0.0,0.0,2.0
20260428,000554.SZ,,,,,,,,,,,,,8.83,7.23,,,,,0.0,0.0,2.0
20260428,000555.SZ,,,,,,,,,,,,,16.47,13.47,,,,,0.0,0.0,2.0
20260428,000557.SZ,,,,,,,,,,,,,5.08,4.16,,,,,0.0,0.0,2.0
20260428,000558.SZ,,,,,,,,,,,,,4.69,3.83,,,,,0.0,0.0,2.0
20260428,000559.SZ,,,,,,,,,,,,,18.79,15.37,,,,,0.0,0.0,2.0
20260428,000560.SZ,,,,,,,,,,,,,3.18,2.6,,,,,0.0,0.0,2.0
20260428,000561.SZ,,,,,,,,,,,,,10.42,8.52,,,,,0.0,0.0,2.0
20260428,000563.SZ,,,,,,,,,,,,,3.54,2.9,,,,,0.0,0.0,2.0
20260428,000564.SZ,,,,,,,,,,,,,1.97,1.61,,,,,0.0,0.0,2.0
20260428,000565.SZ,,,,,,,,,,,,,8.82,7.22,,,,,0.0,0.0,2.0
20260428,000566.SZ,,,,,,,,,,,,,5.65,4.63,,,,,0.0,0.0,2.0
20260428,000567.SZ,,,,,,,,,,,,,5.96,4.88,,,,,0.0,0.0,2.0
20260428,000568.SZ,,,,,,,,,,,,,110.39,90.32,,,,,0.0,0.0,2.0
20260428,000570.SZ,,,,,,,,,,,,,7.37,6.03,,,,,0.0,0.0,2.0
20260428,000571.SZ,,,,,,,,,,,,,6.16,5.04,,,,,0.0,0.0,2.0
20260428,000572.SZ,,,,,,,,,,,,,6.11,5.0,,,,,0.0,0.0,2.0
20260428,000573.SZ,,,,,,,,,,,,,5.31,4.35,,,,,0.0,0.0,2.0
20260428,000576.SZ,,,,,,,,,,,,,10.46,8.56,,,,,0.0,0.0,2.0
20260428,000581.SZ,,,,,,,,,,,,,21.69,17.75,,,,,0.0,0.0,2.0
20260428,000582.SZ,,,,,,,,,,,,,11.92,9.76,,,,,0.0,0.0,2.0
20260428,000586.SZ,,,,,,,,,,,,,20.7,16.94,,,,,0.0,0.0,2.0
20260428,000589.SZ,,,,,,,,,,,,,5.27,4.31,,,,,0.0,0.0,2.0
20260428,000590.SZ,,,,,,,,,,,,,12.19,9.97,,,,,0.0,0.0,2.0
20260428,000591.SZ,,,,,,,,,,,,,5.7,4.66,,,,,0.0,0.0,2.0
20260428,000592.SZ,,,,,,,,,,,,,11.85,9.69,,,,,0.0,0.0,2.0
20260428,000593.SZ,,U,0.0,84396920.0,84396920.0,112051.0,112051.0,,,,,,25.44,20.82,1.0,9.0,2.0,0.0,1.0,0.0,2.34988141784977
20260428,000595.SZ,,,,,,,,,,,,,6.79,6.15,,,,,0.0,0.0,2.0
20260428,000596.SZ,,,,,,,,,,,,,116.8,95.56,,,,,0.0,0.0,2.0
20260428,000597.SZ,,,,,,,,,,,,,5.49,4.49,,,,,0.0,0.0,2.0
20260428,000598.SZ,,,,,,,,,,,,,7.47,6.11,,,,,0.0,0.0,2.0
20260428,000599.SZ,,,,,,,,,,,,,5.87,4.81,,,,,0.0,0.0,2.0
20260428,000600.SZ,,,,,,,,,,,,,10.07,8.24,,,,,0.0,0.0,2.0
20260428,000601.SZ,,,,,,,,,,,,,7.61,6.23,,,,,0.0,0.0,2.0
20260428,000603.SZ,,,,,,,,,,,,,41.54,33.98,,,,,0.0,0.0,2.0
20260428,000605.SZ,,,,,,,,,,,,,7.54,6.17,,,,,0.0,0.0,2.0
20260428,000607.SZ,,,,,,,,,,,,,4.35,3.56,,,,,0.0,0.0,2.0
20260428,000608.SZ,,,,,,,,,,,,,3.89,3.52,,,,,0.0,0.0,2.0
20260428,000609.SZ,,,,,,,,,,,,,13.08,11.84,,,,,1.0,0.0,2.0
20260428,000610.SZ,,,,,,,,,,,,,8.44,7.64,,,,,0.0,0.0,2.0
20260428,000612.SZ,,,,,,,,,,,,,14.49,11.85,,,,,0.0,0.0,2.0
20260428,000615.SZ,,,,,,,,,,,,,3.59,3.25,,,,,0.0,0.0,2.0
20260428,000617.SZ,,,,,,,,,,,,,10.29,8.42,,,,,0.0,0.0,2.0
20260428,000619.SZ,,,,,,,,,,,,,6.62,5.42,,,,,0.0,0.0,2.0
20260428,000620.SZ,,,,,,,,,,,,,3.0,2.46,,,,,0.0,0.0,2.0
20260428,000623.SZ,,,,,,,,,,,,,19.57,16.01,,,,,0.0,0.0,2.0
20260428,000625.SZ,,,,,,,,,,,,,10.81,8.85,,,,,0.0,0.0,2.0
20260428,000626.SZ,,,,,,,,,,,,,9.85,8.06,,,,,0.0,0.0,2.0
20260428,000628.SZ,,,,,,,,,,,,,68.99,56.45,,,,,0.0,0.0,2.0
20260428,000629.SZ,,,,,,,,,,,,,4.11,3.37,,,,,0.0,0.0,2.0
20260428,000630.SZ,,,,,,,,,,,,,6.92,5.66,,,,,0.0,0.0,2.0
20260428,000631.SZ,,,,,,,,,,,,,3.53,2.89,,,,,0.0,0.0,2.0
20260428,000632.SZ,,,,,,,,,,,,,4.57,3.74,,,,,0.0,0.0,2.0
20260428,000633.SZ,,,,,,,,,,,,,7.34,6.0,,,,,0.0,0.0,2.0
20260428,000635.SZ,,,,,,,,,,,,,8.94,7.32,,,,,0.0,0.0,2.0
20260428,000636.SZ,,,,,,,,,,,,,25.62,20.96,,,,,0.0,0.0,2.0
20260428,000637.SZ,,,,,,,,,,,,,4.95,4.05,,,,,0.0,0.0,2.0
20260428,000639.SZ,,,,,,,,,,,,,2.26,1.85,,,,,0.0,0.0,2.0
20260428,000650.SZ,,,,,,,,,,,,,6.12,5.0,,,,,0.0,0.0,2.0
20260428,000651.SZ,,,,,,,,,,,,,41.26,33.76,,,,,0.0,0.0,2.0
20260428,000652.SZ,,,,,,,,,,,,,4.61,3.77,,,,,0.0,0.0,2.0
20260428,000655.SZ,,,,,,,,,,,,,9.16,7.5,,,,,0.0,0.0,2.0
20260428,000656.SZ,,,,,,,,,,,,,1.55,1.41,,,,,0.0,0.0,2.0
20260428,000657.SZ,,,,,,,,,,,,,59.21,48.45,,,,,0.0,0.0,2.0
20260428,000659.SZ,,,,,,,,,,,,,4.44,3.64,,,,,0.0,0.0,2.0
20260428,000661.SZ,,,,,,,,,,,,,93.62,76.6,,,,,0.0,0.0,2.0
20260428,000663.SZ,,,,,,,,,,,,,7.11,5.81,,,,,0.0,0.0,2.0
20260428,000665.SZ,,,,,,,,,,,,,5.17,4.23,,,,,0.0,0.0,2.0
20260428,000668.SZ,,,,,,,,,,,,,16.33,14.77,,,,,0.0,0.0,2.0
20260428,000669.SZ,,,,,,,,,,,,,4.36,3.94,,,,,0.0,0.0,2.0
20260428,000670.SZ,,,,,,,,,,,,,8.4,6.88,,,,,0.0,0.0,2.0
20260428,000672.SZ,,,,,,,,,,,,,15.27,12.49,,,,,0.0,0.0,2.0
20260428,000676.SZ,,,,,,,,,,,,,7.81,6.39,,,,,0.0,0.0,2.0
20260428,000677.SZ,,,,,,,,,,,,,4.24,3.47,,,,,0.0,0.0,2.0
20260428,000678.SZ,,,,,,,,,,,,,12.95,10.59,,,,,0.0,0.0,2.0
20260428,000679.SZ,,,,,,,,,,,,,7.66,6.26,,,,,0.0,0.0,2.0
20260428,000680.SZ,,,,,,,,,,,,,12.57,10.29,,,,,0.0,0.0,2.0
20260428,000681.SZ,,,,,,,,,,,,,22.25,18.21,,,,,0.0,0.0,2.0
20260428,000682.SZ,,,,,,,,,,,,,14.88,12.18,,,,,0.0,0.0,2.0
20260428,000683.SZ,,,,,,,,,,,,,9.88,8.08,,,,,0.0,0.0,2.0
20260428,000685.SZ,,,,,,,,,,,,,12.55,10.27,,,,,0.0,0.0,2.0
20260428,000686.SZ,,,,,,,,,,,,,9.39,7.69,,,,,0.0,0.0,2.0
20260428,000688.SZ,,,,,,,,,,,,,50.45,41.27,,,,,0.0,0.0,2.0
20260428,000690.SZ,,,,,,,,,,,,,6.01,4.91,,,,,0.0,0.0,2.0
20260428,000691.SZ,,,,,,,,,,,,,7.8,7.06,,,,,0.0,0.0,2.0
20260428,000692.SZ,,,,,,,,,,,,,4.88,4.0,,,,,0.0,0.0,2.0
20260428,000695.SZ,,,,,,,,,,,,,16.45,13.46,,,,,0.0,0.0,2.0
20260428,000697.SZ,,,,,,,,,,,,,10.48,9.48,,,,,0.0,0.0,2.0
20260428,000698.SZ,,,,,,,,,,,,,4.05,3.67,,,,,0.0,0.0,2.0
20260428,000700.SZ,,,,,,,,,,,,,12.74,10.42,,,,,0.0,0.0,2.0
20260428,000701.SZ,,,,,,,,,,,,,6.4,5.24,,,,,0.0,0.0,2.0
20260428,000702.SZ,,,,,,,,,,,,,7.41,6.07,,,,,0.0,0.0,2.0
20260428,000703.SZ,,,,,,,,,,,,,16.89,13.82,,,,,0.0,0.0,2.0
20260428,000705.SZ,,,,,,,,,,,,,9.56,7.82,,,,,0.0,0.0,2.0
20260428,000707.SZ,,,,,,,,,,,,,6.52,5.34,,,,,0.0,0.0,2.0
20260428,000708.SZ,,,,,,,,,,,,,16.76,13.72,,,,,0.0,0.0,2.0
20260428,000709.SZ,,,,,,,,,,,,,2.5,2.04,,,,,0.0,0.0,2.0
20260428,000710.SZ,,,,,,,,,,,,,10.85,8.87,,,,,0.0,0.0,2.0
20260428,000711.SZ,,,,,,,,,,,,,4.59,4.15,,,,,1.0,0.0,2.0
20260428,000712.SZ,,,,,,,,,,,,,11.09,9.07,,,,,0.0,0.0,2.0
20260428,000713.SZ,,,,,,,,,,,,,7.28,5.96,,,,,0.0,0.0,2.0
20260428,000715.SZ,,,,,,,,,,,,,6.99,5.72,,,,,0.0,0.0,2.0
20260428,000716.SZ,,,,,,,,,,,,,5.05,4.13,,,,,0.0,0.0,2.0
20260428,000717.SZ,,,,,,,,,,,,,2.68,2.2,,,,,0.0,0.0,2.0
20260428,000718.SZ,,,,,,,,,,,,,2.3,1.88,,,,,0.0,0.0,2.0
20260428,000719.SZ,,,,,,,,,,,,,15.03,12.29,,,,,0.0,0.0,2.0
20260428,000720.SZ,,,,,,,,,,,,,5.08,4.16,,,,,0.0,0.0,2.0
20260428,000721.SZ,,,,,,,,,,,,,8.47,6.93,,,,,0.0,0.0,2.0
20260428,000722.SZ,,,,,,,,,,,,,15.88,13.0,,,,,0.0,0.0,2.0
20260428,000723.SZ,,,,,,,,,,,,,4.8,3.92,,,,,0.0,0.0,2.0
20260428,000725.SZ,,,,,,,,,,,,,4.63,3.79,,,,,0.0,0.0,2.0
20260428,000726.SZ,,,,,,,,,,,,,7.24,5.92,,,,,0.0,0.0,2.0
20260428,000727.SZ,,,,,,,,,,,,,2.96,2.42,,,,,0.0,0.0,2.0
20260428,000728.SZ,,,,,,,,,,,,,8.04,6.58,,,,,0.0,0.0,2.0
20260428,000729.SZ,,,,,,,,,,,,,13.98,11.44,,,,,0.0,0.0,2.0
20260428,000731.SZ,,,,,,,,,,,,,7.83,6.41,,,,,0.0,0.0,2.0
20260428,000733.SZ,,,,,,,,,,,,,51.9,42.46,,,,,0.0,0.0,2.0
20260428,000735.SZ,,,,,,,,,,,,,7.24,5.92,,,,,0.0,0.0,2.0
20260428,000736.SZ,,,,,,,,,,,,,5.78,5.23,,,,,0.0,0.0,2.0
20260428,000737.SZ,,,,,,,,,,,,,15.07,12.33,,,,,0.0,0.0,2.0
20260428,000738.SZ,,,,,,,,,,,,,22.94,18.77,,,,,0.0,0.0,2.0
20260428,000739.SZ,,,,,,,,,,,,,20.67,16.91,,,,,0.0,0.0,2.0
20260428,000750.SZ,,,,,,,,,,,,,4.17,3.41,,,,,0.0,0.0,2.0
20260428,000751.SZ,,,,,,,,,,,,,6.86,5.62,,,,,0.0,0.0,2.0
20260428,000752.SZ,,,,,,,,,,,,,10.65,9.63,,,,,1.0,0.0,2.0
20260428,000753.SZ,,,,,,,,,,,,,7.0,5.72,,,,,0.0,0.0,2.0
20260428,000755.SZ,,,,,,,,,,,,,5.47,4.47,,,,,0.0,0.0,2.0
20260428,000756.SZ,,,,,,,,,,,,,15.7,12.84,,,,,0.0,0.0,2.0
20260428,000757.SZ,,,,,,,,,,,,,5.25,4.29,,,,,0.0,0.0,2.0
20260428,000758.SZ,,,,,,,,,,,,,7.63,6.25,,,,,0.0,0.0,2.0
20260428,000759.SZ,,,,,,,,,,,,,5.97,4.89,,,,,0.0,0.0,2.0
20260428,000761.SZ,,,,,,,,,,,,,3.27,2.67,,,,,0.0,0.0,2.0
20260428,000762.SZ,,,,,,,,,,,,,41.22,33.72,,,,,0.0,0.0,2.0
20260428,000766.SZ,,,,,,,,,,,,,25.48,20.84,,,,,0.0,0.0,2.0
20260428,000767.SZ,,,,,,,,,,,,,4.25,3.47,,,,,0.0,0.0,2.0
20260428,000768.SZ,,,,,,,,,,,,,26.13,21.38,,,,,0.0,0.0,2.0
20260428,000776.SZ,,,,,,,,,,,,,21.89,17.91,,,,,0.0,0.0,2.0
20260428,000777.SZ,,,,,,,,,,,,,23.73,19.41,,,,,0.0,0.0,2.0
20260428,000778.SZ,,,,,,,,,,,,,4.87,3.99,,,,,0.0,0.0,2.0
20260428,000779.SZ,,,,,,,,,,,,,9.56,7.82,,,,,0.0,0.0,2.0
20260428,000782.SZ,,,,,,,,,,,,,7.46,6.1,,,,,0.0,0.0,2.0
20260428,000783.SZ,,,,,,,,,,,,,7.84,6.42,,,,,0.0,0.0,2.0
20260428,000785.SZ,,,,,,,,,,,,,2.79,2.29,,,,,0.0,0.0,2.0
20260428,000786.SZ,,,,,,,,,,,,,27.3,22.34,,,,,0.0,0.0,2.0
20260428,000788.SZ,,,,,,,,,,,,,6.83,5.59,,,,,0.0,0.0,2.0
20260428,000789.SZ,,,,,,,,,,,,,5.56,4.55,,,,,0.0,0.0,2.0
20260428,000790.SZ,,,,,,,,,,,,,4.39,3.59,,,,,0.0,0.0,2.0
20260428,000791.SZ,,,,,,,,,,,,,9.1,7.44,,,,,0.0,0.0,2.0
20260428,000792.SZ,,,,,,,,,,,,,41.44,33.9,,,,,0.0,0.0,2.0
20260428,000793.SZ,,,,,,,,,,,,,2.97,2.69,,,,,0.0,0.0,2.0
20260428,000795.SZ,,,,,,,,,,,,,10.02,8.2,,,,,0.0,0.0,2.0
20260428,000796.SZ,,,,,,,,,,,,,5.7,4.66,,,,,0.0,0.0,2.0
20260428,000797.SZ,,,,,,,,,,,,,3.06,2.5,,,,,0.0,0.0,2.0
20260428,000798.SZ,,,,,,,,,,,,,10.1,8.26,,,,,0.0,0.0,2.0
20260428,000799.SZ,,,,,,,,,,,,,46.27,37.85,,,,,0.0,0.0,2.0
20260428,000800.SZ,,,,,,,,,,,,,7.71,6.31,,,,,0.0,0.0,2.0
20260428,000801.SZ,,,,,,,,,,,,,15.15,12.39,,,,,0.0,0.0,2.0
20260428,000802.SZ,,,,,,,,,,,,,4.73,3.87,,,,,0.0,0.0,2.0
20260428,000803.SZ,,,,,,,,,,,,,9.02,7.38,,,,,0.0,0.0,2.0
20260428,000807.SZ,,,,,,,,,,,,,36.77,30.09,,,,,0.0,0.0,2.0
20260428,000809.SZ,,,,,,,,,,,,,4.07,3.33,,,,,0.0,0.0,2.0
20260428,000810.SZ,,,,,,,,,,,,,14.31,11.71,,,,,0.0,0.0,2.0
20260428,000811.SZ,,,,,,,,,,,,,25.41,20.79,,,,,0.0,0.0,2.0
20260428,000812.SZ,,,,,,,,,,,,,4.5,3.68,,,,,0.0,0.0,2.0
20260428,000813.SZ,,,,,,,,,,,,,3.89,3.19,,,,,0.0,0.0,2.0
20260428,000815.SZ,,,,,,,,,,,,,21.6,17.68,,,,,0.0,0.0,2.0
20260428,000816.SZ,,,,,,,,,,,,,3.45,2.83,,,,,0.0,0.0,2.0
20260428,000818.SZ,,,,,,,,,,,,,15.5,12.68,,,,,0.0,0.0,2.0
20260428,000819.SZ,,,,,,,,,,,,,18.51,15.15,,,,,0.0,0.0,2.0
20260428,000820.SZ,,,,,,,,,,,,,3.74,3.38,,,,,0.0,0.0,2.0
20260428,000821.SZ,,,,,,,,,,,,,11.29,10.21,,,,,0.0,0.0,2.0
20260428,000822.SZ,,,,,,,,,,,,,6.55,5.36,,,,,0.0,0.0,2.0
20260428,000823.SZ,,,,,,,,,,,,,17.28,14.14,,,,,0.0,0.0,2.0
20260428,000825.SZ,,,,,,,,,,,,,4.95,4.05,,,,,0.0,0.0,2.0
20260428,000826.SZ,,,,,,,,,,,,,2.08,1.7,,,,,0.0,0.0,2.0
20260428,000828.SZ,,,,,,,,,,,,,11.19,9.15,,,,,0.0,0.0,2.0
20260428,000829.SZ,,,,,,,,,,,,,12.69,10.39,,,,,0.0,0.0,2.0
20260428,000830.SZ,,,,,,,,,,,,,18.34,15.0,,,,,0.0,0.0,2.0
20260428,000831.SZ,,,,,,,,,,,,,55.1,45.08,,,,,0.0,0.0,2.0
20260428,000833.SZ,,,,,,,,,,,,,30.14,24.66,,,,,0.0,0.0,2.0
20260428,000837.SZ,,,,,,,,,,,,,11.98,9.8,,,,,0.0,0.0,2.0
20260428,000838.SZ,,,,,,,,,,,,,1.89,1.71,,,,,1.0,0.0,2.0
20260428,000839.SZ,,,,,,,,,,,,,3.47,2.84,,,,,0.0,0.0,2.0
20260428,000848.SZ,,,,,,,,,,,,,9.25,7.57,,,,,0.0,0.0,2.0
20260428,000850.SZ,,,,,,,,,,,,,5.15,4.21,,,,,0.0,0.0,2.0
20260428,000852.SZ,,,,,,,,,,,,,8.03,6.57,,,,,0.0,0.0,2.0
20260428,000856.SZ,,,,,,,,,,,,,11.73,9.59,,,,,0.0,0.0,2.0
20260428,000858.SZ,,,,,,,,,,,,,110.22,90.18,,,,,0.0,0.0,2.0
20260428,000859.SZ,,,,,,,,,,,,,9.97,8.15,,,,,0.0,0.0,2.0
20260428,000860.SZ,,,,,,,,,,,,,13.67,11.19,,,,,0.0,0.0,2.0
20260428,000862.SZ,,,,,,,,,,,,,7.38,6.04,,,,,0.0,0.0,2.0
20260428,000863.SZ,,,,,,,,,,,,,4.97,4.07,,,,,0.0,0.0,2.0
20260428,000868.SZ,,,,,,,,,,,,,4.91,4.01,,,,,0.0,0.0,2.0
20260428,000869.SZ,,,,,,,,,,,,,21.04,17.22,,,,,0.0,0.0,2.0
20260428,000875.SZ,,,,,,,,,,,,,7.23,5.91,,,,,0.0,0.0,2.0
20260428,000876.SZ,,,,,,,,,,,,,9.36,7.66,,,,,0.0,0.0,2.0
20260428,000877.SZ,,,,,,,,,,,,,5.17,4.23,,,,,0.0,0.0,2.0
20260428,000878.SZ,,,,,,,,,,,,,21.44,17.54,,,,,0.0,0.0,2.0
20260428,000880.SZ,,,,,,,,,,,,,33.18,27.14,,,,,0.0,0.0,2.0
20260428,000881.SZ,,,,,,,,,,,,,8.48,6.94,,,,,0.0,0.0,2.0
20260428,000882.SZ,,,,,,,,,,,,,1.72,1.4,,,,,0.0,0.0,2.0
20260428,000883.SZ,,,,,,,,,,,,,5.29,4.33,,,,,0.0,0.0,2.0
20260428,000885.SZ,,,,,,,,,,,,,15.48,12.66,,,,,0.0,0.0,2.0
20260428,000886.SZ,,,,,,,,,,,,,6.22,5.09,,,,,0.0,0.0,2.0
20260428,000887.SZ,,,,,,,,,,,,,20.01,16.37,,,,,0.0,0.0,2.0
20260428,000888.SZ,,,,,,,,,,,,,13.24,10.84,,,,,0.0,0.0,2.0
20260428,000889.SZ,,U,1.0,47403889.0,47403889.0,93142.0,142430.0,,,,,,4.91,4.01,1.0,8.0,3.0,0.0,1.0,0.0,1.806101190006852
20260428,000890.SZ,,,,,,,,,,,,,18.16,14.86,,,,,0.0,0.0,2.0
20260428,000892.SZ,,,,,,,,,,,,,5.84,4.78,,,,,0.0,0.0,2.0
20260428,000893.SZ,,,,,,,,,,,,,57.73,47.23,,,,,0.0,0.0,2.0
20260428,000895.SZ,,,,,,,,,,,,,31.67,25.91,,,,,0.0,0.0,2.0
20260428,000897.SZ,,,,,,,,,,,,,2.3,1.88,,,,,0.0,0.0,2.0
20260428,000898.SZ,,,,,,,,,,,,,2.51,2.05,,,,,0.0,0.0,2.0
20260428,000899.SZ,,,,,,,,,,,,,14.39,11.77,,,,,0.0,0.0,2.0
20260428,000900.SZ,,,,,,,,,,,,,4.51,3.69,,,,,0.0,0.0,2.0
20260428,000901.SZ,,,,,,,,,,,,,24.12,19.74,,,,,0.0,0.0,2.0
20260428,000902.SZ,,,,,,,,,,,,,16.81,13.75,,,,,0.0,0.0,2.0
20260428,000903.SZ,,,,,,,,,,,,,2.65,2.39,,,,,0.0,0.0,2.0
20260428,000905.SZ,,,,,,,,,,,,,11.85,9.69,,,,,0.0,0.0,2.0
20260428,000906.SZ,,,,,,,,,,,,,7.08,5.8,,,,,0.0,0.0,2.0
20260428,000908.SZ,,,,,,,,,,,,,7.46,6.75,,,,,1.0,0.0,2.0
20260428,000909.SZ,,,,,,,,,,,,,5.71,5.17,,,,,0.0,0.0,2.0
20260428,000910.SZ,,,,,,,,,,,,,7.71,6.31,,,,,0.0,0.0,2.0
20260428,000911.SZ,,,,,,,,,,,,,6.53,5.35,,,,,0.0,0.0,2.0
20260428,000912.SZ,,,,,,,,,,,,,5.62,4.6,,,,,0.0,0.0,2.0
20260428,000913.SZ,,,,,,,,,,,,,14.87,12.17,,,,,0.0,0.0,2.0
20260428,000915.SZ,,,,,,,,,,,,,30.91,25.29,,,,,0.0,0.0,2.0
20260428,000917.SZ,,,,,,,,,,,,,11.15,9.13,,,,,0.0,0.0,2.0
20260428,000919.SZ,,,,,,,,,,,,,8.01,6.55,,,,,0.0,0.0,2.0
20260428,000920.SZ,,,,,,,,,,,,,12.88,10.54,,,,,0.0,0.0,2.0
20260428,000921.SZ,,,,,,,,,,,,,24.73,20.23,,,,,0.0,0.0,2.0
20260428,000922.SZ,,,,,,,,,,,,,15.32,12.54,,,,,0.0,0.0,2.0
20260428,000923.SZ,,,,,,,,,,,,,20.08,16.43,,,,,0.0,0.0,2.0
20260428,000925.SZ,,,,,,,,,,,,,11.13,9.11,,,,,0.0,0.0,2.0
20260428,000926.SZ,,,,,,,,,,,,,2.13,1.75,,,,,0.0,0.0,2.0
20260428,000927.SZ,,,,,,,,,,,,,3.16,2.58,,,,,0.0,0.0,2.0
20260428,000928.SZ,,,,,,,,,,,,,7.16,5.86,,,,,0.0,0.0,2.0
20260428,000929.SZ,,,,,,,,,,,,,10.88,9.84,,,,,0.0,0.0,2.0
20260428,000930.SZ,,,,,,,,,,,,,6.49,5.31,,,,,0.0,0.0,2.0
20260428,000931.SZ,,,,,,,,,,,,,5.17,4.23,,,,,0.0,0.0,2.0
20260428,000932.SZ,,,,,,,,,,,,,5.28,4.32,,,,,0.0,0.0,2.0
20260428,000933.SZ,,,,,,,,,,,,,35.33,28.91,,,,,0.0,0.0,2.0
20260428,000935.SZ,,,,,,,,,,,,,31.48,25.76,,,,,0.0,0.0,2.0
20260428,000936.SZ,,,,,,,,,,,,,8.95,7.33,,,,,0.0,0.0,2.0
20260428,000937.SZ,,,,,,,,,,,,,6.23,5.09,,,,,0.0,0.0,2.0
20260428,000938.SZ,,,,,,,,,,,,,35.41,28.97,,,,,0.0,0.0,2.0
20260428,000948.SZ,,,,,,,,,,,,,15.97,13.07,,,,,0.0,0.0,2.0
20260428,000949.SZ,,,,,,,,,,,,,8.58,7.02,,,,,0.0,0.0,2.0
20260428,000950.SZ,,,,,,,,,,,,,6.47,5.29,,,,,0.0,0.0,2.0
20260428,000951.SZ,,,,,,,,,,,,,24.89,20.37,,,,,0.0,0.0,2.0
20260428,000952.SZ,,,,,,,,,,,,,8.09,6.62,,,,,0.0,0.0,2.0
20260428,000953.SZ,,,,,,,,,,,,,7.5,6.14,,,,,0.0,0.0,2.0
20260428,000955.SZ,,,,,,,,,,,,,5.65,4.63,,,,,0.0,0.0,2.0
20260428,000957.SZ,,,,,,,,,,,,,13.71,11.21,,,,,0.0,0.0,2.0
20260428,000958.SZ,,,,,,,,,,,,,6.56,5.36,,,,,0.0,0.0,2.0
20260428,000959.SZ,,,,,,,,,,,,,4.88,4.0,,,,,0.0,0.0,2.0
20260428,000960.SZ,,,,,,,,,,,,,42.01,34.37,,,,,0.0,0.0,2.0
20260428,000962.SZ,,,,,,,,,,,,,51.19,41.89,,,,,0.0,0.0,2.0
20260428,000963.SZ,,,,,,,,,,,,,37.63,30.79,,,,,0.0,0.0,2.0
20260428,000965.SZ,,,,,,,,,,,,,3.94,3.22,,,,,0.0,0.0,2.0
20260428,000966.SZ,,,,,,,,,,,,,5.05,4.13,,,,,0.0,0.0,2.0
20260428,000967.SZ,,U,0.0,183802535.0,183802535.0,103736.0,103736.0,,,,,,14.18,11.6,1.0,5.0,3.0,0.0,1.0,0.0,2.4675252106378043
20260428,000968.SZ,,,,,,,,,,,,,9.75,7.97,,,,,0.0,0.0,2.0
20260428,000969.SZ,,,,,,,,,,,,,22.74,18.6,,,,,0.0,0.0,2.0
20260428,000970.SZ,,,,,,,,,,,,,13.19,10.79,,,,,0.0,0.0,2.0
20260428,000972.SZ,,,,,,,,,,,,,4.16,3.76,,,,,0.0,0.0,2.0
20260428,000973.SZ,,,,,,,,,,,,,21.69,17.75,,,,,0.0,0.0,2.0
20260428,000975.SZ,,,,,,,,,,,,,30.2,24.71,,,,,0.0,0.0,2.0
20260428,000977.SZ,,,,,,,,,,,,,80.48,65.84,,,,,0.0,0.0,2.0
20260428,000978.SZ,,,,,,,,,,,,,7.71,6.31,,,,,0.0,0.0,2.0
20260428,000980.SZ,,,,,,,,,,,,,2.33,1.91,,,,,0.0,0.0,2.0
20260428,000981.SZ,,,,,,,,,,,,,4.22,3.46,,,,,0.0,0.0,2.0
20260428,000983.SZ,,,,,,,,,,,,,7.24,5.92,,,,,0.0,0.0,2.0
20260428,000985.SZ,,,,,,,,,,,,,21.68,17.74,,,,,0.0,0.0,2.0
20260428,000987.SZ,,,,,,,,,,,,,9.96,8.15,,,,,0.0,0.0,2.0
20260428,000988.SZ,,,,,,,,,,,,,130.67,106.91,,,,,0.0,0.0,2.0
20260428,000989.SZ,,,,,,,,,,,,,10.92,8.94,,,,,0.0,0.0,2.0
20260428,000990.SZ,,,,,,,,,,,,,13.78,11.28,,,,,0.0,0.0,2.0
20260428,000993.SZ,,,,,,,,,,,,,13.68,11.2,,,,,0.0,0.0,2.0
20260428,000995.SZ,,,,,,,,,,,,,14.72,12.04,,,,,0.0,0.0,2.0
20260428,000997.SZ,,,,,,,,,,,,,22.09,18.07,,,,,0.0,0.0,2.0
20260428,000998.SZ,,,,,,,,,,,,,10.59,8.67,,,,,0.0,0.0,2.0
20260428,000999.SZ,,,,,,,,,,,,,28.59,23.39,,,,,0.0,0.0,2.0
20260428,001201.SZ,,,,,,,,,,,,,13.93,11.39,,,,,0.0,0.0,2.0
20260428,001202.SZ,,,,,,,,,,,,,18.63,15.25,,,,,0.0,0.0,2.0
20260428,001203.SZ,,,,,,,,,,,,,52.0,42.54,,,,,0.0,0.0,2.0
20260428,001205.SZ,,,,,,,,,,,,,16.28,13.32,,,,,0.0,0.0,2.0
20260428,001206.SZ,,,,,,,,,,,,,21.23,17.37,,,,,0.0,0.0,2.0
20260428,001207.SZ,,,,,,,,,,,,,19.49,15.95,,,,,0.0,0.0,2.0
20260428,001208.SZ,,,,,,,,,,,,,21.95,17.96,,,,,0.0,0.0,2.0
20260428,001209.SZ,,,,,,,,,,,,,22.97,18.79,,,,,0.0,0.0,2.0
20260428,001210.SZ,,,,,,,,,,,,,22.2,18.16,,,,,0.0,0.0,2.0
20260428,001211.SZ,,,,,,,,,,,,,41.81,34.21,,,,,0.0,0.0,2.0
20260428,001212.SZ,,,,,,,,,,,,,56.83,46.49,,,,,0.0,0.0,2.0
20260428,001213.SZ,,,,,,,,,,,,,4.39,3.59,,,,,0.0,0.0,2.0
20260428,001215.SZ,,,,,,,,,,,,,50.6,41.4,,,,,0.0,0.0,2.0
20260428,001216.SZ,,,,,,,,,,,,,20.34,16.64,,,,,0.0,0.0,2.0
20260428,001217.SZ,,,,,,,,,,,,,13.31,10.89,,,,,0.0,0.0,2.0
20260428,001218.SZ,,,,,,,,,,,,,26.77,21.91,,,,,0.0,0.0,2.0
20260428,001219.SZ,,,,,,,,,,,,,17.05,13.95,,,,,0.0,0.0,2.0
20260428,001220.SZ,,,,,,,,,,,,,44.12,36.1,,,,,0.0,0.0,2.0
20260428,001221.SZ,,,,,,,,,,,,,62.02,50.74,,,,,0.0,0.0,2.0
20260428,001222.SZ,,,,,,,,,,,,,21.1,17.26,,,,,0.0,0.0,2.0
20260428,001223.SZ,,,,,,,,,,,,,62.73,51.33,,,,,0.0,0.0,2.0
20260428,001225.SZ,,,,,,,,,,,,,54.52,44.6,,,,,0.0,0.0,2.0
20260428,001226.SZ,,,,,,,,,,,,,51.12,41.82,,,,,0.0,0.0,2.0
20260428,001227.SZ,,,,,,,,,,,,,2.46,2.02,,,,,0.0,0.0,2.0
20260428,001228.SZ,,,,,,,,,,,,,34.74,28.42,,,,,0.0,0.0,2.0
20260428,001229.SZ,,,,,,,,,,,,,41.82,34.22,,,,,0.0,0.0,2.0
20260428,001230.SZ,,,,,,,,,,,,,30.51,24.97,,,,,0.0,0.0,2.0
20260428,001231.SZ,,,,,,,,,,,,,27.69,22.65,,,,,0.0,0.0,2.0
20260428,001233.SZ,,,,,,,,,,,,,73.15,59.85,,,,,0.0,0.0,2.0
20260428,001234.SZ,,,,,,,,,,,,,35.41,28.97,,,,,0.0,0.0,2.0
20260428,001236.SZ,,,,,,,,,,,,,9.92,8.12,,,,,0.0,0.0,2.0
20260428,001238.SZ,,,,,,,,,,,,,52.79,43.19,,,,,0.0,0.0,2.0
20260428,001239.SZ,,,,,,,,,,,,,16.81,13.75,,,,,0.0,0.0,2.0
20260428,001255.SZ,,,,,,,,,,,,,39.74,32.52,,,,,0.0,0.0,2.0
20260428,001256.SZ,,,,,,,,,,,,,27.49,22.49,,,,,0.0,0.0,2.0
20260428,001257.SZ,,,,,,,,,,,,,24.5,20.04,,,,,0.0,0.0,2.0
20260428,001258.SZ,,,,,,,,,,,,,9.99,8.17,,,,,0.0,0.0,2.0
20260428,001259.SZ,,,,,,,,,,,,,35.64,29.16,,,,,0.0,0.0,2.0
20260428,001260.SZ,,,,,,,,,,,,,24.26,19.85,,,,,0.0,0.0,2.0
20260428,001266.SZ,,U,0.0,272189870.0,272189870.0,92500.0,92500.0,,,,,,35.93,29.39,0.0,,,0.0,1.0,0.0,2.3221291741445595
20260428,001267.SZ,,,,,,,,,,,,,54.24,44.38,,,,,0.0,0.0,2.0
20260428,001268.SZ,,,,,,,,,,,,,38.71,31.67,,,,,0.0,0.0,2.0
20260428,001269.SZ,,,,,,,,,,,,,23.68,19.38,,,,,0.0,0.0,2.0
20260428,001270.SZ,,,,,,,,,,,,,155.51,140.7,,,,,0.0,0.0,2.0
20260428,001277.SZ,,,,,,,,,,,,,39.58,32.38,,,,,0.0,0.0,2.0
20260428,001278.SZ,,,,,,,,,,,,,24.4,19.96,,,,,0.0,0.0,2.0
20260428,001279.SZ,,,,,,,,,,,,,34.85,28.51,,,,,0.0,0.0,2.0
20260428,001280.SZ,,,,,,,,,,,,,92.69,75.83,,,,,0.0,0.0,2.0
20260428,001282.SZ,,,,,,,,,,,,,22.99,18.81,,,,,0.0,0.0,2.0
20260428,001283.SZ,,,,,,,,,,,,,79.16,64.76,,,,,0.0,0.0,2.0
20260428,001285.SZ,,,,,,,,,,,,,58.25,47.66,,,,,0.0,0.0,2.0
20260428,001286.SZ,,,,,,,,,,,,,12.53,10.25,,,,,0.0,0.0,2.0
20260428,001287.SZ,,,,,,,,,,,,,30.39,24.87,,,,,0.0,0.0,2.0
20260428,001288.SZ,,,,,,,,,,,,,30.64,25.07,,,,,0.0,0.0,2.0
20260428,001289.SZ,,,,,,,,,,,,,18.06,14.78,,,,,0.0,0.0,2.0
20260428,001296.SZ,,,,,,,,,,,,,27.97,22.89,,,,,0.0,0.0,2.0
20260428,001298.SZ,,U,0.0,153537529.0,153537529.0,95506.0,95506.0,,,,,,23.33,19.09,1.0,10.0,2.0,0.0,1.0,0.0,2.431707414081819
20260428,001299.SZ,,,,,,,,,,,,,16.46,13.46,,,,,0.0,0.0,2.0
20260428,001300.SZ,,,,,,,,,,,,,19.47,15.93,,,,,0.0,0.0,2.0
20260428,001301.SZ,,,,,,,,,,,,,86.22,70.54,,,,,0.0,0.0,2.0
20260428,001306.SZ,,,,,,,,,,,,,77.01,63.01,,,,,0.0,0.0,2.0
20260428,001308.SZ,,,,,,,,,,,,,22.26,18.22,,,,,0.0,0.0,2.0
20260428,001309.SZ,,,,,,,,,,,,,536.97,439.34,,,,,0.0,0.0,2.0
20260428,001311.SZ,,,,,,,,,,,,,32.87,26.89,,,,,0.0,0.0,2.0
20260428,001312.SZ,,,,,,,,,,,,,27.4,22.42,,,,,0.0,0.0,2.0
20260428,001313.SZ,,,,,,,,,,,,,9.47,7.75,,,,,0.0,0.0,2.0
20260428,001314.SZ,,,,,,,,,,,,,55.53,45.43,,,,,0.0,0.0,2.0
20260428,001316.SZ,,,,,,,,,,,,,53.8,44.02,,,,,0.0,0.0,2.0
20260428,001317.SZ,,,,,,,,,,,,,57.84,47.32,,,,,0.0,0.0,2.0
20260428,001318.SZ,,,,,,,,,,,,,14.54,11.9,,,,,0.0,0.0,2.0
20260428,001319.SZ,,,,,,,,,,,,,26.07,21.33,,,,,0.0,0.0,2.0
20260428,001322.SZ,,,,,,,,,,,,,8.03,6.57,,,,,0.0,0.0,2.0
20260428,001323.SZ,,,,,,,,,,,,,26.44,21.64,,,,,0.0,0.0,2.0
20260428,001324.SZ,,,,,,,,,,,,,22.48,18.4,,,,,0.0,0.0,2.0
20260428,001325.SZ,,,,,,,,,,,,,64.03,52.39,,,,,0.0,0.0,2.0
20260428,001326.SZ,,,,,,,,,,,,,60.15,49.21,,,,,0.0,0.0,2.0
20260428,001328.SZ,,,,,,,,,,,,,37.17,30.41,,,,,0.0,0.0,2.0
20260428,001330.SZ,,,,,,,,,,,,,8.99,7.35,,,,,0.0,0.0,2.0
20260428,001331.SZ,,,,,,,,,,,,,49.04,40.12,,,,,0.0,0.0,2.0
20260428,001332.SZ,,,,,,,,,,,,,69.11,56.55,,,,,0.0,0.0,2.0
20260428,001333.SZ,,,,,,,,,,,,,26.52,21.7,,,,,0.0,0.0,2.0
20260428,001335.SZ,,,,,,,,,,,,,51.13,41.83,,,,,0.0,0.0,2.0
20260428,001336.SZ,,,,,,,,,,,,,29.4,24.06,,,,,0.0,0.0,2.0
20260428,001337.SZ,,,,,,,,,,,,,52.7,43.12,,,,,0.0,0.0,2.0
20260428,001338.SZ,,,,,,,,,,,,,13.81,11.3,,,,,0.0,0.0,2.0
20260428,001339.SZ,,,,,,,,,,,,,90.92,74.39,,,,,0.0,0.0,2.0
20260428,001356.SZ,,,,,,,,,,,,,12.13,9.93,,,,,0.0,0.0,2.0
20260428,001358.SZ,,U,1.0,19216899.0,19216899.0,131054.0,143830.0,,,,,,30.99,25.35,1.0,1.0,4.0,0.0,1.0,0.0,1.772742667846123
20260428,001359.SZ,,,,,,,,,,,,,92.35,75.56,,,,,0.0,0.0,2.0
20260428,001360.SZ,,,,,,,,,,,,,22.81,18.67,,,,,0.0,0.0,2.0
20260428,001366.SZ,,,,,,,,,,,,,16.12,13.19,,,,,0.0,0.0,2.0
20260428,001367.SZ,,,,,,,,,,,,,28.4,23.24,,,,,0.0,0.0,2.0
20260428,001368.SZ,,,,,,,,,,,,,31.24,25.56,,,,,0.0,0.0,2.0
20260428,001369.SZ,,,,,,,,,,,,,17.56,14.36,,,,,0.0,0.0,2.0
20260428,001373.SZ,,,,,,,,,,,,,39.93,32.67,,,,,0.0,0.0,2.0
20260428,001376.SZ,,,,,,,,,,,,,17.08,13.98,,,,,0.0,0.0,2.0
20260428,001378.SZ,,,,,,,,,,,,,27.67,22.64,,,,,0.0,0.0,2.0
20260428,001379.SZ,,,,,,,,,,,,,23.32,19.08,,,,,0.0,0.0,2.0
20260428,001380.SZ,,,,,,,,,,,,,21.16,17.32,,,,,0.0,0.0,2.0
20260428,001382.SZ,,,,,,,,,,,,,22.35,18.29,,,,,0.0,0.0,2.0
20260428,001386.SZ,,,,,,,,,,,,,20.93,17.13,,,,,0.0,0.0,2.0
20260428,001387.SZ,,,,,,,,,,,,,14.96,12.24,,,,,0.0,0.0,2.0
20260428,001388.SZ,,,,,,,,,,,,,41.03,33.57,,,,,0.0,0.0,2.0
20260428,001389.SZ,,,,,,,,,,,,,189.42,154.98,,,,,0.0,0.0,2.0
20260428,001390.SZ,,,,,,,,,,,,,23.68,19.38,,,,,0.0,0.0,2.0
20260428,001391.SZ,,,,,,,,,,,,,5.8,4.74,,,,,0.0,0.0,2.0
20260428,001395.SZ,,,,,,,,,,,,,44.24,36.2,,,,,0.0,0.0,2.0
20260428,001396.SZ,,,,,,,,,,,,,48.62,39.78,,,,,0.0,0.0,2.0
20260428,001400.SZ,,,,,,,,,,,,,222.32,181.9,,,,,0.0,0.0,2.0
20260428,001696.SZ,,,,,,,,,,,,,19.51,15.97,,,,,0.0,0.0,2.0
20260428,001872.SZ,,,,,,,,,,,,,23.84,19.5,,,,,0.0,0.0,2.0
20260428,001896.SZ,,,,,,,,,,,,,18.03,14.75,,,,,0.0,0.0,2.0
20260428,001914.SZ,,,,,,,,,,,,,10.96,8.96,,,,,0.0,0.0,2.0
20260428,001965.SZ,,,,,,,,,,,,,10.34,8.46,,,,,0.0,0.0,2.0
20260428,001979.SZ,,,,,,,,,,,,,9.32,7.62,,,,,0.0,0.0,2.0
20260428,002001.SZ,,,,,,,,,,,,,37.98,31.08,,,,,0.0,0.0,2.0
20260428,002003.SZ,,,,,,,,,,,,,11.13,9.11,,,,,0.0,0.0,2.0
20260428,002004.SZ,,,,,,,,,,,,,5.45,4.46,,,,,0.0,0.0,2.0
20260428,002005.SZ,,,,,,,,,,,,,3.18,2.88,,,,,0.0,0.0,2.0
20260428,002006.SZ,,,,,,,,,,,,,19.21,15.71,,,,,0.0,0.0,2.0
20260428,002007.SZ,,,,,,,,,,,,,15.91,13.01,,,,,0.0,0.0,2.0
20260428,002008.SZ,,,,,,,,,,,,,115.14,94.2,,,,,0.0,0.0,2.0
20260428,002009.SZ,,,,,,,,,,,,,26.07,21.33,,,,,0.0,0.0,2.0
20260428,002010.SZ,,,,,,,,,,,,,6.31,5.17,,,,,0.0,0.0,2.0
20260428,002011.SZ,,,,,,,,,,,,,12.88,10.54,,,,,0.0,0.0,2.0
20260428,002012.SZ,,,,,,,,,,,,,7.59,6.21,,,,,0.0,0.0,2.0
20260428,002014.SZ,,,,,,,,,,,,,12.33,10.09,,,,,0.0,0.0,2.0
20260428,002015.SZ,,,,,,,,,,,,,20.14,16.48,,,,,0.0,0.0,2.0
20260428,002016.SZ,,,,,,,,,,,,,5.79,4.73,,,,,0.0,0.0,2.0
20260428,002017.SZ,,,,,,,,,,,,,21.18,17.33,,,,,0.0,0.0,2.0
20260428,002019.SZ,,,,,,,,,,,,,12.31,10.07,,,,,0.0,0.0,2.0
20260428,002020.SZ,,,,,,,,,,,,,16.64,13.62,,,,,0.0,0.0,2.0
20260428,002021.SZ,,,,,,,,,,,,,3.36,2.75,,,,,0.0,0.0,2.0
20260428,002022.SZ,,,,,,,,,,,,,6.48,5.3,,,,,0.0,0.0,2.0
20260428,002023.SZ,,,,,,,,,,,,,14.03,11.48,,,,,0.0,0.0,2.0
20260428,002024.SZ,,,,,,,,,,,,,1.39,1.25,,,,,0.0,0.0,2.0
20260428,002025.SZ,,,,,,,,,,,,,81.94,67.04,,,,,0.0,0.0,2.0
20260428,002026.SZ,,,,,,,,,,,,,14.47,11.84,,,,,0.0,0.0,2.0
20260428,002027.SZ,,,,,,,,,,,,,6.7,5.48,,,,,0.0,0.0,2.0
20260428,002028.SZ,,,,,,,,,,,,,228.23,186.73,,,,,0.0,0.0,2.0
20260428,002029.SZ,,,,,,,,,,,,,12.24,10.02,,,,,0.0,0.0,2.0
20260428,002030.SZ,,,,,,,,,,,,,6.35,5.19,,,,,0.0,0.0,2.0
20260428,002031.SZ,,,,,,,,,,,,,6.42,5.26,,,,,0.0,0.0,2.0
20260428,002032.SZ,,,,,,,,,,,,,51.81,42.39,,,,,0.0,0.0,2.0
20260428,002033.SZ,,,,,,,,,,,,,11.18,9.14,,,,,0.0,0.0,2.0
20260428,002034.SZ,,,,,,,,,,,,,19.35,15.83,,,,,0.0,0.0,2.0
20260428,002035.SZ,,,,,,,,,,,,,6.53,5.35,,,,,0.0,0.0,2.0
20260428,002036.SZ,,,,,,,,,,,,,9.96,8.15,,,,,0.0,0.0,2.0
20260428,002037.SZ,,,,,,,,,,,,,9.02,7.38,,,,,0.0,0.0,2.0
20260428,002038.SZ,,,,,,,,,,,,,7.56,6.18,,,,,0.0,0.0,2.0
20260428,002039.SZ,,,,,,,,,,,,,22.52,18.42,,,,,0.0,0.0,2.0
20260428,002040.SZ,,,,,,,,,,,,,10.88,8.9,,,,,0.0,0.0,2.0
20260428,002041.SZ,,,,,,,,,,,,,10.51,8.6,,,,,0.0,0.0,2.0
20260428,002042.SZ,,,,,,,,,,,,,5.43,4.45,,,,,0.0,0.0,2.0
20260428,002043.SZ,,,,,,,,,,,,,14.96,12.24,,,,,0.0,0.0,2.0
20260428,002044.SZ,,,,,,,,,,,,,5.71,4.67,,,,,0.0,0.0,2.0
20260428,002045.SZ,,,,,,,,,,,,,12.94,10.58,,,,,0.0,0.0,2.0
20260428,002046.SZ,,,,,,,,,,,,,56.98,46.62,,,,,0.0,0.0,2.0
20260428,002047.SZ,,,,,,,,,,,,,5.47,4.95,,,,,0.0,0.0,2.0
20260428,002048.SZ,,,,,,,,,,,,,30.42,24.89,,,,,0.0,0.0,2.0
20260428,002049.SZ,,,,,,,,,,,,,80.7,66.02,,,,,0.0,0.0,2.0
20260428,002050.SZ,,,,,,,,,,,,,50.5,41.32,,,,,0.0,0.0,2.0
20260428,002051.SZ,,,,,,,,,,,,,11.24,9.2,,,,,0.0,0.0,2.0
20260428,002052.SZ,,,,,,,,,,,,,10.75,8.79,,,,,0.0,0.0,2.0
20260428,002053.SZ,,,,,,,,,,,,,12.67,10.37,,,,,0.0,0.0,2.0
20260428,002054.SZ,,,,,,,,,,,,,8.99,7.35,,,,,0.0,0.0,2.0
20260428,002055.SZ,,,,,,,,,,,,,6.39,5.79,,,,,0.0,0.0,2.0
20260428,002056.SZ,,,,,,,,,,,,,20.66,16.9,,,,,0.0,0.0,2.0
20260428,002057.SZ,,,,,,,,,,,,,10.49,8.59,,,,,0.0,0.0,2.0
20260428,002058.SZ,,,,,,,,,,,,,26.32,23.82,,,,,0.0,0.0,2.0
20260428,002059.SZ,,,,,,,,,,,,,5.51,4.51,,,,,0.0,0.0,2.0
20260428,002060.SZ,,,,,,,,,,,,,4.19,3.43,,,,,0.0,0.0,2.0
20260428,002061.SZ,,,,,,,,,,,,,4.19,3.43,,,,,0.0,0.0,2.0
20260428,002062.SZ,,,,,,,,,,,,,9.58,7.84,,,,,0.0,0.0,2.0
20260428,002063.SZ,,,,,,,,,,,,,7.05,5.77,,,,,0.0,0.0,2.0
20260428,002064.SZ,,,,,,,,,,,,,12.58,10.3,,,,,0.0,0.0,2.0
20260428,002065.SZ,,,,,,,,,,,,,9.2,7.52,,,,,0.0,0.0,2.0
20260428,002066.SZ,,,,,,,,,,,,,25.51,20.87,,,,,0.0,0.0,2.0
20260428,002067.SZ,,,,,,,,,,,,,5.25,4.29,,,,,0.0,0.0,2.0
20260428,002068.SZ,,,,,,,,,,,,,9.55,7.81,,,,,0.0,0.0,2.0
20260428,002069.SZ,,,,,,,,,,,,,4.22,3.46,,,,,0.0,0.0,2.0
20260428,002072.SZ,,,,,,,,,,,,,8.39,6.87,,,,,0.0,0.0,2.0
20260428,002073.SZ,,,,,,,,,,,,,7.82,6.4,,,,,0.0,0.0,2.0
20260428,002074.SZ,,,,,,,,,,,,,43.41,35.51,,,,,0.0,0.0,2.0
20260428,002075.SZ,,,,,,,,,,,,,4.94,4.04,,,,,0.0,0.0,2.0
20260428,002076.SZ,,,,,,,,,,,,,2.4,2.18,,,,,0.0,0.0,2.0
20260428,002077.SZ,,,,,,,,,,,,,17.35,14.19,,,,,0.0,0.0,2.0
20260428,002078.SZ,,,,,,,,,,,,,15.85,12.97,,,,,0.0,0.0,2.0
20260428,002079.SZ,,,,,,,,,,,,,11.61,9.5,,,,,0.0,0.0,2.0
20260428,002080.SZ,,,,,,,,,,,,,57.28,46.86,,,,,0.0,0.0,2.0
20260428,002081.SZ,,U,3.0,17609920.0,17609920.0,95703.0,144836.0,,,,,,4.87,3.99,1.0,7.0,3.0,0.0,1.0,0.0,1.5208408526972432
20260428,002082.SZ,,,,,,,,,,,,,32.78,26.82,,,,,0.0,0.0,2.0
20260428,002083.SZ,,,,,,,,,,,,,12.54,10.26,,,,,0.0,0.0,2.0
20260428,002084.SZ,,,,,,,,,,,,,4.2,3.44,,,,,0.0,0.0,2.0
20260428,002085.SZ,,,,,,,,,,,,,15.47,12.65,,,,,0.0,0.0,2.0
20260428,002086.SZ,,,,,,,,,,,,,2.11,1.73,,,,,0.0,0.0,2.0
20260428,002088.SZ,,,,,,,,,,,,,11.47,9.39,,,,,0.0,0.0,2.0
20260428,002090.SZ,,,,,,,,,,,,,11.76,9.62,,,,,0.0,0.0,2.0
20260428,002091.SZ,,,,,,,,,,,,,10.81,8.85,,,,,0.0,0.0,2.0
20260428,002092.SZ,,,,,,,,,,,,,7.4,6.06,,,,,0.0,0.0,2.0
20260428,002093.SZ,,,,,,,,,,,,,10.32,8.44,,,,,0.0,0.0,2.0
20260428,002094.SZ,,,,,,,,,,,,,6.56,5.36,,,,,0.0,0.0,2.0
20260428,002095.SZ,,,,,,,,,,,,,17.96,14.7,,,,,0.0,0.0,2.0
20260428,002096.SZ,,,,,,,,,,,,,12.56,10.28,,,,,0.0,0.0,2.0
20260428,002097.SZ,,,,,,,,,,,,,10.95,8.96,,,,,0.0,0.0,2.0
20260428,002098.SZ,,,,,,,,,,,,,9.88,8.08,,,,,0.0,0.0,2.0
20260428,002099.SZ,,,,,,,,,,,,,7.93,6.49,,,,,0.0,0.0,2.0
20260428,002100.SZ,,,,,,,,,,,,,8.25,6.75,,,,,0.0,0.0,2.0
20260428,002101.SZ,,,,,,,,,,,,,11.07,9.05,,,,,0.0,0.0,2.0
20260428,002102.SZ,,,,,,,,,,,,,3.18,2.6,,,,,0.0,0.0,2.0
20260428,002103.SZ,,,,,,,,,,,,,8.93,7.31,,,,,0.0,0.0,2.0
20260428,002104.SZ,,,,,,,,,,,,,15.85,12.97,,,,,0.0,0.0,2.0
20260428,002105.SZ,,,,,,,,,,,,,7.13,5.83,,,,,0.0,0.0,2.0
20260428,002106.SZ,,,,,,,,,,,,,11.97,9.79,,,,,0.0,0.0,2.0
20260428,002107.SZ,,,,,,,,,,,,,8.24,6.74,,,,,0.0,0.0,2.0
20260428,002108.SZ,,,,,,,,,,,,,6.41,5.25,,,,,0.0,0.0,2.0
20260428,002109.SZ,,,,,,,,,,,,,4.26,3.48,,,,,0.0,0.0,2.0
20260428,002110.SZ,,,,,,,,,,,,,3.82,3.12,,,,,0.0,0.0,2.0
20260428,002111.SZ,,,,,,,,,,,,,10.89,8.91,,,,,0.0,0.0,2.0
20260428,002112.SZ,,,,,,,,,,,,,21.68,17.74,,,,,0.0,0.0,2.0
20260428,002114.SZ,,,,,,,,,,,,,9.99,8.17,,,,,0.0,0.0,2.0
20260428,002115.SZ,,,,,,,,,,,,,14.66,12.0,,,,,0.0,0.0,2.0
20260428,002116.SZ,,,,,,,,,,,,,10.59,8.67,,,,,0.0,0.0,2.0
20260428,002117.SZ,,,,,,,,,,,,,11.39,9.32,,,,,0.0,0.0,2.0
20260428,002119.SZ,,,,,,,,,,,,,23.11,18.91,,,,,0.0,0.0,2.0
20260428,002120.SZ,,,,,,,,,,,,,8.94,7.32,,,,,0.0,0.0,2.0
20260428,002121.SZ,,,,,,,,,,,,,7.67,6.27,,,,,0.0,0.0,2.0
20260428,002122.SZ,,,,,,,,,,,,,3.15,2.85,,,,,0.0,0.0,2.0
20260428,002123.SZ,,,,,,,,,,,,,10.77,8.81,,,,,0.0,0.0,2.0
20260428,002124.SZ,,,,,,,,,,,,,2.74,2.24,,,,,0.0,0.0,2.0
20260428,002125.SZ,,,,,,,,,,,,,15.62,12.78,,,,,0.0,0.0,2.0
20260428,002126.SZ,,,,,,,,,,,,,50.51,41.33,,,,,0.0,0.0,2.0
20260428,002127.SZ,,,,,,,,,,,,,3.42,2.8,,,,,0.0,0.0,2.0
20260428,002128.SZ,,,,,,,,,,,,,35.04,28.67,,,,,0.0,0.0,2.0
20260428,002129.SZ,,,,,,,,,,,,,9.39,7.69,,,,,0.0,0.0,2.0
20260428,002130.SZ,,,,,,,,,,,,,26.07,21.33,,,,,0.0,0.0,2.0
20260428,002131.SZ,,,,,,,,,,,,,7.48,6.12,,,,,0.0,0.0,2.0
20260428,002132.SZ,,,,,,,,,,,,,5.08,4.16,,,,,0.0,0.0,2.0
20260428,002133.SZ,,,,,,,,,,,,,3.65,2.99,,,,,0.0,0.0,2.0
20260428,002134.SZ,,,,,,,,,,,,,27.48,22.48,,,,,0.0,0.0,2.0
20260428,002135.SZ,,,,,,,,,,,,,8.18,6.7,,,,,0.0,0.0,2.0
20260428,002136.SZ,,,,,,,,,,,,,15.53,12.71,,,,,0.0,0.0,2.0
20260428,002137.SZ,,,,,,,,,,,,,9.09,7.43,,,,,0.0,0.0,2.0
20260428,002138.SZ,,,,,,,,,,,,,39.13,32.01,,,,,0.0,0.0,2.0
20260428,002139.SZ,,,,,,,,,,,,,13.22,10.82,,,,,0.0,0.0,2.0
20260428,002140.SZ,,,,,,,,,,,,,13.41,10.97,,,,,0.0,0.0,2.0
20260428,002141.SZ,,,,,,,,,,,,,4.04,3.3,,,,,0.0,0.0,2.0
20260428,002142.SZ,,,,,,,,,,,,,36.12,29.56,,,,,0.0,0.0,2.0
20260428,002144.SZ,,,,,,,,,,,,,15.54,12.72,,,,,0.0,0.0,2.0
20260428,002145.SZ,,,,,,,,,,,,,5.08,4.16,,,,,0.0,0.0,2.0
20260428,002146.SZ,,,,,,,,,,,,,1.4,1.14,,,,,0.0,0.0,2.0
20260428,002148.SZ,,,,,,,,,,,,,8.49,6.95,,,,,0.0,0.0,2.0
20260428,002149.SZ,,,,,,,,,,,,,63.67,52.09,,,,,0.0,0.0,2.0
20260428,002150.SZ,,,,,,,,,,,,,30.6,25.04,,,,,0.0,0.0,2.0
20260428,002151.SZ,,,,,,,,,,,,,44.23,36.19,,,,,0.0,0.0,2.0
20260428,002152.SZ,,,,,,,,,,,,,13.07,10.69,,,,,0.0,0.0,2.0
20260428,002153.SZ,,,,,,,,,,,,,10.55,8.63,,,,,0.0,0.0,2.0
20260428,002154.SZ,,,,,,,,,,,,,4.39,3.59,,,,,0.0,0.0,2.0
20260428,002155.SZ,,,,,,,,,,,,,31.74,25.97,,,,,0.0,0.0,2.0
20260428,002156.SZ,,,,,,,,,,,,,56.32,46.08,,,,,0.0,0.0,2.0
20260428,002157.SZ,,,,,,,,,,,,,3.43,2.81,,,,,0.0,0.0,2.0
20260428,002158.SZ,,,,,,,,,,,,,28.62,23.42,,,,,0.0,0.0,2.0
20260428,002159.SZ,,,,,,,,,,,,,18.94,15.5,,,,,0.0,0.0,2.0
20260428,002160.SZ,,,,,,,,,,,,,5.42,4.44,,,,,0.0,0.0,2.0
20260428,002161.SZ,,,,,,,,,,,,,7.92,6.48,,,,,0.0,0.0,2.0
20260428,002162.SZ,,,,,,,,,,,,,4.96,4.06,,,,,0.0,0.0,2.0
20260428,002163.SZ,,,,,,,,,,,,,13.12,10.74,,,,,0.0,0.0,2.0
20260428,002164.SZ,,,,,,,,,,,,,14.39,11.77,,,,,0.0,0.0,2.0
20260428,002165.SZ,,,,,,,,,,,,,9.65,7.89,,,,,0.0,0.0,2.0
20260428,002166.SZ,,,,,,,,,,,,,9.5,7.78,,,,,0.0,0.0,2.0
20260428,002167.SZ,,,,,,,,,,,,,14.62,11.96,,,,,0.0,0.0,2.0
20260428,002168.SZ,,,,,,,,,,,,,4.47,4.05,,,,,0.0,0.0,2.0
20260428,002169.SZ,,,,,,,,,,,,,14.22,11.64,,,,,0.0,0.0,2.0
20260428,002170.SZ,,,,,,,,,,,,,15.08,12.34,,,,,0.0,0.0,2.0
20260428,002171.SZ,,,,,,,,,,,,,12.67,10.37,,,,,0.0,0.0,2.0
20260428,002172.SZ,,,,,,,,,,,,,4.15,3.39,,,,,0.0,0.0,2.0
20260428,002173.SZ,,,,,,,,,,,,,25.63,20.97,,,,,0.0,0.0,2.0
20260428,002174.SZ,,,,,,,,,,,,,10.27,8.41,,,,,0.0,0.0,2.0
20260428,002175.SZ,,U,6.0,24549683.0,24549683.0,93124.0,95445.0,,,,,,2.89,2.37,0.0,,,0.0,1.0,0.0,1.1719110129012438
20260428,002176.SZ,,,,,,,,,,,,,15.94,13.04,,,,,0.0,0.0,2.0
20260428,002177.SZ,,,,,,,,,,,,,8.32,6.8,,,,,0.0,0.0,2.0
20260428,002178.SZ,,,,,,,,,,,,,6.74,5.52,,,,,0.0,0.0,2.0
20260428,002179.SZ,,,,,,,,,,,,,40.63,33.25,,,,,0.0,0.0,2.0
20260428,002180.SZ,,,,,,,,,,,,,20.53,16.79,,,,,0.0,0.0,2.0
20260428,002181.SZ,,,,,,,,,,,,,15.77,12.91,,,,,0.0,0.0,2.0
20260428,002182.SZ,,,,,,,,,,,,,17.45,14.27,,,,,0.0,0.0,2.0
20260428,002183.SZ,,,,,,,,,,,,,6.29,5.15,,,,,0.0,0.0,2.0
20260428,002184.SZ,,,,,,,,,,,,,12.57,10.29,,,,,0.0,0.0,2.0
20260428,002185.SZ,,,,,,,,,,,,,14.18,11.6,,,,,0.0,0.0,2.0
20260428,002186.SZ,,,,,,,,,,,,,11.83,9.68,,,,,0.0,0.0,2.0
20260428,002187.SZ,,,,,,,,,,,,,6.7,5.48,,,,,0.0,0.0,2.0
20260428,002188.SZ,,,,,,,,,,,,,7.29,5.97,,,,,0.0,0.0,2.0
20260428,002189.SZ,,,,,,,,,,,,,22.84,18.68,,,,,0.0,0.0,2.0
20260428,002190.SZ,,,,,,,,,,,,,33.73,27.59,,,,,0.0,0.0,2.0
20260428,002191.SZ,,,,,,,,,,,,,3.93,3.21,,,,,0.0,0.0,2.0
20260428,002192.SZ,,,,,,,,,,,,,99.46,81.38,,,,,0.0,0.0,2.0
20260428,002193.SZ,,,,,,,,,,,,,7.19,5.89,,,,,0.0,0.0,2.0
20260428,002194.SZ,,,,,,,,,,,,,12.51,10.23,,,,,0.0,0.0,2.0
20260428,002195.SZ,,,,,,,,,,,,,9.81,8.03,,,,,0.0,0.0,2.0
20260428,002196.SZ,,,,,,,,,,,,,15.68,12.83,,,,,0.0,0.0,2.0
20260428,002197.SZ,,,,,,,,,,,,,8.69,7.11,,,,,0.0,0.0,2.0
20260428,002198.SZ,,,,,,,,,,,,,7.25,5.93,,,,,0.0,0.0,2.0
20260428,002199.SZ,,,,,,,,,,,,,10.67,9.65,,,,,0.0,0.0,2.0
20260428,002200.SZ,,,,,,,,,,,,,7.96,7.2,,,,,0.0,0.0,2.0
20260428,002201.SZ,,,,,,,,,,,,,15.54,12.72,,,,,0.0,0.0,2.0
20260428,002202.SZ,,,,,,,,,,,,,29.18,23.88,,,,,0.0,0.0,2.0
20260428,002203.SZ,,,,,,,,,,,,,18.95,15.51,,,,,0.0,0.0,2.0
20260428,002204.SZ,,,,,,,,,,,,,7.5,6.14,,,,,0.0,0.0,2.0
20260428,002205.SZ,,,,,,,,,,,,,14.2,11.62,,,,,0.0,0.0,2.0
20260428,002206.SZ,,,,,,,,,,,,,6.63,5.43,,,,,0.0,0.0,2.0
20260428,002208.SZ,,,,,,,,,,,,,13.87,11.35,,,,,0.0,0.0,2.0
20260428,002209.SZ,,,,,,,,,,,,,18.37,15.03,,,,,0.0,0.0,2.0
20260428,002210.SZ,,U,0.0,228095027.0,228095027.0,94233.0,94233.0,,,,,,3.01,2.47,1.0,5.0,3.0,0.0,1.0,0.0,2.5199441484504588
20260428,002211.SZ,,,,,,,,,,,,,3.77,3.41,,,,,0.0,0.0,2.0
20260428,002212.SZ,,,,,,,,,,,,,8.72,7.14,,,,,0.0,0.0,2.0
20260428,002213.SZ,,,,,,,,,,,,,40.17,32.87,,,,,0.0,0.0,2.0
20260428,002214.SZ,,,,,,,,,,,,,19.88,17.98,,,,,0.0,0.0,2.0
20260428,002215.SZ,,,,,,,,,,,,,11.69,9.57,,,,,0.0,0.0,2.0
20260428,002216.SZ,,,,,,,,,,,,,15.87,12.99,,,,,0.0,0.0,2.0
20260428,002217.SZ,,,,,,,,,,,,,3.26,2.66,,,,,0.0,0.0,2.0
20260428,002218.SZ,,U,1.0,129917226.0,129917226.0,92500.0,93703.0,,,,,,5.71,4.67,0.0,,,0.0,1.0,0.0,1.6537534395329705
20260428,002219.SZ,,,,,,,,,,,,,2.55,2.09,,,,,0.0,0.0,2.0
20260428,002221.SZ,,,,,,,,,,,,,8.48,6.94,,,,,0.0,0.0,2.0
20260428,002222.SZ,,,,,,,,,,,,,96.7,79.12,,,,,0.0,0.0,2.0
20260428,002223.SZ,,,,,,,,,,,,,32.05,26.23,,,,,0.0,0.0,2.0
20260428,002224.SZ,,,,,,,,,,,,,4.82,3.94,,,,,0.0,0.0,2.0
20260428,002225.SZ,,,,,,,,,,,,,5.3,4.34,,,,,0.0,0.0,2.0
20260428,002226.SZ,,,,,,,,,,,,,6.01,4.91,,,,,0.0,0.0,2.0
20260428,002227.SZ,,,,,,,,,,,,,8.77,7.93,,,,,0.0,0.0,2.0
20260428,002228.SZ,,,,,,,,,,,,,4.26,3.48,,,,,0.0,0.0,2.0
20260428,002229.SZ,,,,,,,,,,,,,18.24,14.92,,,,,0.0,0.0,2.0
20260428,002230.SZ,,,,,,,,,,,,,54.79,44.83,,,,,0.0,0.0,2.0
20260428,002232.SZ,,,,,,,,,,,,,19.57,16.01,,,,,0.0,0.0,2.0
20260428,002233.SZ,,,,,,,,,,,,,10.41,8.51,,,,,0.0,0.0,2.0
20260428,002234.SZ,,,,,,,,,,,,,9.36,7.66,,,,,0.0,0.0,2.0
20260428,002235.SZ,,,,,,,,,,,,,10.75,8.79,,,,,0.0,0.0,2.0
20260428,002236.SZ,,,,,,,,,,,,,19.99,16.35,,,,,0.0,0.0,2.0
20260428,002237.SZ,,,,,,,,,,,,,18.12,14.82,,,,,0.0,0.0,2.0
20260428,002238.SZ,,,,,,,,,,,,,7.84,6.42,,,,,0.0,0.0,2.0
20260428,002239.SZ,,,,,,,,,,,,,3.27,2.67,,,,,0.0,0.0,2.0
20260428,002240.SZ,,,,,,,,,,,,,57.33,46.91,,,,,0.0,0.0,2.0
20260428,002241.SZ,,,,,,,,,,,,,27.59,22.57,,,,,0.0,0.0,2.0
20260428,002242.SZ,,,,,,,,,,,,,12.27,10.04,,,,,0.0,0.0,2.0
20260428,002243.SZ,,,,,,,,,,,,,9.85,8.06,,,,,0.0,0.0,2.0
20260428,002244.SZ,,,,,,,,,,,,,10.02,8.2,,,,,0.0,0.0,2.0
20260428,002245.SZ,,,,,,,,,,,,,22.48,18.4,,,,,0.0,0.0,2.0
20260428,002246.SZ,,,,,,,,,,,,,26.95,22.05,,,,,0.0,0.0,2.0
20260428,002247.SZ,,,,,,,,,,,,,3.1,2.54,,,,,0.0,0.0,2.0
20260428,002248.SZ,,,,,,,,,,,,,13.97,11.43,,,,,0.0,0.0,2.0
20260428,002249.SZ,,,,,,,,,,,,,10.19,8.33,,,,,0.0,0.0,2.0
20260428,002250.SZ,,,,,,,,,,,,,19.18,15.7,,,,,0.0,0.0,2.0
20260428,002251.SZ,,,,,,,,,,,,,4.59,3.75,,,,,0.0,0.0,2.0
20260428,002252.SZ,,,,,,,,,,,,,6.02,4.92,,,,,0.0,0.0,2.0
20260428,002253.SZ,,,,,,,,,,,,,12.8,11.58,,,,,0.0,0.0,2.0
20260428,002254.SZ,,,,,,,,,,,,,11.94,9.77,,,,,0.0,0.0,2.0
20260428,002255.SZ,,,,,,,,,,,,,11.86,9.7,,,,,0.0,0.0,2.0
20260428,002256.SZ,,,,,,,,,,,,,4.98,4.08,,,,,0.0,0.0,2.0
20260428,002258.SZ,,,,,,,,,,,,,14.38,11.76,,,,,0.0,0.0,2.0
20260428,002259.SZ,,,,,,,,,,,,,5.57,4.55,,,,,0.0,0.0,2.0
20260428,002261.SZ,,,,,,,,,,,,,42.13,34.47,,,,,0.0,0.0,2.0
20260428,002262.SZ,,,,,,,,,,,,,24.44,20.0,,,,,0.0,0.0,2.0
20260428,002263.SZ,,,,,,,,,,,,,4.7,3.84,,,,,0.0,0.0,2.0
20260428,002264.SZ,,,,,,,,,,,,,8.92,7.3,,,,,0.0,0.0,2.0
20260428,002265.SZ,,,,,,,,,,,,,24.72,20.22,,,,,0.0,0.0,2.0
20260428,002266.SZ,,,,,,,,,,,,,5.27,4.31,,,,,0.0,0.0,2.0
20260428,002267.SZ,,,,,,,,,,,,,8.86,7.25,,,,,0.0,0.0,2.0
20260428,002268.SZ,,,,,,,,,,,,,17.57,14.37,,,,,0.0,0.0,2.0
20260428,002269.SZ,,,,,,,,,,,,,1.74,1.42,,,,,0.0,0.0,2.0
20260428,002270.SZ,,,,,,,,,,,,,29.36,24.02,,,,,0.0,0.0,2.0
20260428,002271.SZ,,,,,,,,,,,,,16.56,13.55,,,,,0.0,0.0,2.0
20260428,002272.SZ,,,,,,,,,,,,,20.13,16.47,,,,,0.0,0.0,2.0
20260428,002273.SZ,,,,,,,,,,,,,36.14,29.57,,,,,0.0,0.0,2.0
20260428,002274.SZ,,,,,,,,,,,,,7.15,5.85,,,,,0.0,0.0,2.0
20260428,002275.SZ,,,,,,,,,,,,,15.36,12.56,,,,,0.0,0.0,2.0
20260428,002276.SZ,,,,,,,,,,,,,14.97,12.25,,,,,0.0,0.0,2.0
20260428,002277.SZ,,,,,,,,,,,,,6.4,5.24,,,,,0.0,0.0,2.0
20260428,002278.SZ,,,,,,,,,,,,,11.86,9.7,,,,,0.0,0.0,2.0
20260428,002279.SZ,,,,,,,,,,,,,8.82,7.22,,,,,0.0,0.0,2.0
20260428,002281.SZ,,,,,,,,,,,,,147.97,121.07,,,,,0.0,0.0,2.0
20260428,002282.SZ,,,,,,,,,,,,,7.55,6.17,,,,,0.0,0.0,2.0
20260428,002283.SZ,,,,,,,,,,,,,12.21,9.99,,,,,0.0,0.0,2.0
20260428,002284.SZ,,,,,,,,,,,,,15.41,12.61,,,,,0.0,0.0,2.0
20260428,002285.SZ,,,,,,,,,,,,,3.36,2.75,,,,,0.0,0.0,2.0
20260428,002286.SZ,,,,,,,,,,,,,11.32,9.26,,,,,0.0,0.0,2.0
20260428,002287.SZ,,,,,,,,,,,,,24.81,20.3,,,,,0.0,0.0,2.0
20260428,002289.SZ,,,,,,,,,,,,,33.16,30.0,,,,,1.0,0.0,2.0
20260428,002290.SZ,,,,,,,,,,,,,96.88,79.26,,,,,0.0,0.0,2.0
20260428,002291.SZ,,,,,,,,,,,,,6.92,5.66,,,,,0.0,0.0,2.0
20260428,002292.SZ,,,,,,,,,,,,,9.04,7.4,,,,,0.0,0.0,2.0
20260428,002293.SZ,,,,,,,,,,,,,12.0,9.82,,,,,0.0,0.0,2.0
20260428,002294.SZ,,,,,,,,,,,,,60.15,49.21,,,,,0.0,0.0,2.0
20260428,002295.SZ,,,,,,,,,,,,,12.02,9.84,,,,,0.0,0.0,2.0
20260428,002296.SZ,,,,,,,,,,,,,12.52,10.24,,,,,0.0,0.0,2.0
20260428,002297.SZ,,U,0.0,101376206.0,101376206.0,133712.0,133712.0,,,,,,22.58,18.48,0.0,,,0.0,1.0,0.0,2.119975932670414
20260428,002298.SZ,,,,,,,,,,,,,10.84,8.87,,,,,0.0,0.0,2.0
20260428,002299.SZ,,,,,,,,,,,,,19.97,16.34,,,,,0.0,0.0,2.0
20260428,002300.SZ,,,,,,,,,,,,,11.33,9.27,,,,,0.0,0.0,2.0
20260428,002301.SZ,,,,,,,,,,,,,7.89,6.45,,,,,0.0,0.0,2.0
20260428,002302.SZ,,,,,,,,,,,,,6.16,5.04,,,,,0.0,0.0,2.0
20260428,002303.SZ,,,,,,,,,,,,,3.7,3.02,,,,,0.0,0.0,2.0
20260428,002304.SZ,,,,,,,,,,,,,54.37,44.49,,,,,0.0,0.0,2.0
20260428,002305.SZ,,,,,,,,,,,,,2.43,2.19,,,,,0.0,0.0,2.0
20260428,002306.SZ,,,,,,,,,,,,,2.5,2.26,,,,,0.0,0.0,2.0
20260428,002307.SZ,,,,,,,,,,,,,4.83,3.95,,,,,0.0,0.0,2.0
20260428,002309.SZ,,,,,,,,,,,,,4.58,3.74,,,,,0.0,0.0,2.0
20260428,002310.SZ,,,,,,,,,,,,,3.26,2.66,,,,,0.0,0.0,2.0
20260428,002311.SZ,,,,,,,,,,,,,51.18,41.88,,,,,0.0,0.0,2.0
20260428,002312.SZ,,,,,,,,,,,,,12.58,10.3,,,,,0.0,0.0,2.0
20260428,002313.SZ,,U,0.0,103403933.0,103403933.0,94957.0,94957.0,,,,,,10.12,8.28,1.0,8.0,3.0,0.0,1.0,0.0,2.3723756914266847
20260428,002314.SZ,,,,,,,,,,,,,2.71,2.21,,,,,0.0,0.0,2.0
20260428,002315.SZ,,,,,,,,,,,,,33.97,27.79,,,,,0.0,0.0,2.0
20260428,002316.SZ,,,,,,,,,,,,,5.74,4.7,,,,,0.0,0.0,2.0
20260428,002317.SZ,,,,,,,,,,,,,21.21,17.35,,,,,0.0,0.0,2.0
20260428,002318.SZ,,,,,,,,,,,,,31.33,25.63,,,,,0.0,0.0,2.0
20260428,002319.SZ,,,,,,,,,,,,,12.16,9.95,,,,,0.0,0.0,2.0
20260428,002320.SZ,,,,,,,,,,,,,9.17,7.51,,,,,0.0,0.0,2.0
20260428,002321.SZ,,,,,,,,,,,,,2.32,1.9,,,,,0.0,0.0,2.0
20260428,002322.SZ,,,,,,,,,,,,,13.65,11.17,,,,,0.0,0.0,2.0
20260428,002323.SZ,,,,,,,,,,,,,2.15,1.76,,,,,0.0,0.0,2.0
20260428,002324.SZ,,,,,,,,,,,,,16.26,13.3,,,,,0.0,0.0,2.0
20260428,002326.SZ,,,,,,,,,,,,,29.94,24.5,,,,,0.0,0.0,2.0
20260428,002327.SZ,,,,,,,,,,,,,8.2,6.71,,,,,0.0,0.0,2.0
20260428,002328.SZ,,,,,,,,,,,,,12.06,9.86,,,,,0.0,0.0,2.0
20260428,002329.SZ,,,,,,,,,,,,,4.42,3.62,,,,,0.0,0.0,2.0
20260428,002330.SZ,,,,,,,,,,,,,5.09,4.17,,,,,0.0,0.0,2.0
20260428,002331.SZ,,,,,,,,,,,,,10.2,8.34,,,,,0.0,0.0,2.0
20260428,002332.SZ,,,,,,,,,,,,,9.75,7.97,,,,,0.0,0.0,2.0
20260428,002333.SZ,,,,,,,,,,,,,6.26,5.12,,,,,0.0,0.0,2.0
20260428,002334.SZ,,,,,,,,,,,,,8.7,7.12,,,,,0.0,0.0,2.0
20260428,002335.SZ,,,,,,,,,,,,,69.8,57.11,,,,,0.0,0.0,2.0
20260428,002337.SZ,,,,,,,,,,,,,6.74,5.52,,,,,0.0,0.0,2.0
20260428,002338.SZ,,,,,,,,,,,,,66.12,54.1,,,,,0.0,0.0,2.0
20260428,002339.SZ,,,,,,,,,,,,,11.14,9.12,,,,,0.0,0.0,2.0
20260428,002340.SZ,,,,,,,,,,,,,9.81,8.03,,,,,0.0,0.0,2.0
20260428,002342.SZ,,,,,,,,,,,,,20.26,16.58,,,,,0.0,0.0,2.0
20260428,002343.SZ,,,,,,,,,,,,,6.88,5.63,,,,,0.0,0.0,2.0
20260428,002344.SZ,,,,,,,,,,,,,4.92,4.02,,,,,0.0,0.0,2.0
20260428,002345.SZ,,,,,,,,,,,,,11.79,9.65,,,,,0.0,0.0,2.0
20260428,002346.SZ,,,,,,,,,,,,,20.45,16.73,,,,,0.0,0.0,2.0
20260428,002347.SZ,,,,,,,,,,,,,8.77,7.17,,,,,0.0,0.0,2.0
20260428,002348.SZ,,,,,,,,,,,,,10.91,8.93,,,,,0.0,0.0,2.0
20260428,002349.SZ,,,,,,,,,,,,,8.02,6.56,,,,,0.0,0.0,2.0
20260428,002350.SZ,,,,,,,,,,,,,15.65,12.81,,,,,0.0,0.0,2.0
20260428,002351.SZ,,,,,,,,,,,,,12.29,10.05,,,,,0.0,0.0,2.0
20260428,002352.SZ,,,,,,,,,,,,,40.57,33.19,,,,,0.0,0.0,2.0
20260428,002353.SZ,,,,,,,,,,,,,142.23,116.37,,,,,0.0,0.0,2.0
20260428,002354.SZ,,,,,,,,,,,,,6.15,5.03,,,,,0.0,0.0,2.0
20260428,002355.SZ,,,,,,,,,,,,,6.56,5.36,,,,,0.0,0.0,2.0
20260428,002356.SZ,,,,,,,,,,,,,3.69,3.02,,,,,0.0,0.0,2.0
20260428,002357.SZ,,,,,,,,,,,,,12.3,10.06,,,,,0.0,0.0,2.0
20260428,002358.SZ,,,,,,,,,,,,,7.98,6.53,,,,,0.0,0.0,2.0
20260428,002361.SZ,,,,,,,,,,,,,23.83,19.49,,,,,0.0,0.0,2.0
20260428,002362.SZ,,,,,,,,,,,,,20.81,17.03,,,,,0.0,0.0,2.0
20260428,002363.SZ,,,,,,,,,,,,,9.08,7.43,,,,,0.0,0.0,2.0
20260428,002364.SZ,,,,,,,,,,,,,45.27,37.04,,,,,0.0,0.0,2.0
20260428,002365.SZ,,,,,,,,,,,,,14.47,11.84,,,,,0.0,0.0,2.0
20260428,002366.SZ,,,,,,,,,,,,,8.1,6.62,,,,,0.0,0.0,2.0
20260428,002367.SZ,,,,,,,,,,,,,6.79,5.55,,,,,0.0,0.0,2.0
20260428,002368.SZ,,,,,,,,,,,,,21.58,17.66,,,,,0.0,0.0,2.0
20260428,002369.SZ,,,,,,,,,,,,,8.0,6.54,,,,,0.0,0.0,2.0
20260428,002370.SZ,,,,,,,,,,,,,7.41,6.07,,,,,0.0,0.0,2.0
20260428,002371.SZ,,,,,,,,,,,,,567.88,464.63,,,,,0.0,0.0,2.0
20260428,002372.SZ,,,,,,,,,,,,,11.45,9.37,,,,,0.0,0.0,2.0
20260428,002373.SZ,,,,,,,,,,,,,10.69,8.75,,,,,0.0,0.0,2.0
20260428,002374.SZ,,,,,,,,,,,,,3.48,2.84,,,,,0.0,0.0,2.0
20260428,002375.SZ,,,,,,,,,,,,,4.44,3.64,,,,,0.0,0.0,2.0
20260428,002376.SZ,,,,,,,,,,,,,8.1,6.62,,,,,0.0,0.0,2.0
20260428,002377.SZ,,,,,,,,,,,,,3.73,3.05,,,,,0.0,0.0,2.0
20260428,002378.SZ,,,,,,,,,,,,,32.26,26.4,,,,,0.0,0.0,2.0
20260428,002379.SZ,,,,,,,,,,,,,28.15,23.03,,,,,0.0,0.0,2.0
20260428,002380.SZ,,,,,,,,,,,,,38.56,31.55,,,,,0.0,0.0,2.0
20260428,002381.SZ,,,,,,,,,,,,,7.24,5.92,,,,,0.0,0.0,2.0
20260428,002382.SZ,,,,,,,,,,,,,8.24,6.74,,,,,0.0,0.0,2.0
20260428,002383.SZ,,,,,,,,,,,,,10.41,8.51,,,,,0.0,0.0,2.0
20260428,002384.SZ,,,,,,,,,,,,,205.37,168.03,,,,,0.0,0.0,2.0
20260428,002385.SZ,,,,,,,,,,,,,4.26,3.48,,,,,0.0,0.0,2.0
20260428,002386.SZ,,,,,,,,,,,,,7.48,6.12,,,,,0.0,0.0,2.0
20260428,002387.SZ,,,,,,,,,,,,,9.02,7.38,,,,,0.0,0.0,2.0
20260428,002388.SZ,,,,,,,,,,,,,5.7,4.66,,,,,0.0,0.0,2.0
20260428,002389.SZ,,,,,,,,,,,,,24.43,19.99,,,,,0.0,0.0,2.0
20260428,002390.SZ,,,,,,,,,,,,,3.49,2.85,,,,,0.0,0.0,2.0
20260428,002391.SZ,,,,,,,,,,,,,7.35,6.01,,,,,0.0,0.0,2.0
20260428,002392.SZ,,,,,,,,,,,,,9.85,8.06,,,,,0.0,0.0,2.0
20260428,002393.SZ,,,,,,,,,,,,,19.31,15.8,,,,,0.0,0.0,2.0
20260428,002394.SZ,,,,,,,,,,,,,13.45,11.01,,,,,0.0,0.0,2.0
20260428,002395.SZ,,,,,,,,,,,,,20.76,16.98,,,,,0.0,0.0,2.0
20260428,002396.SZ,,,,,,,,,,,,,30.01,24.55,,,,,0.0,0.0,2.0
20260428,002397.SZ,,,,,,,,,,,,,4.95,4.05,,,,,0.0,0.0,2.0
20260428,002398.SZ,,,,,,,,,,,,,5.54,4.54,,,,,0.0,0.0,2.0
20260428,002399.SZ,,,,,,,,,,,,,11.95,9.77,,,,,0.0,0.0,2.0
20260428,002400.SZ,,,,,,,,,,,,,9.44,7.72,,,,,0.0,0.0,2.0
20260428,002401.SZ,,,,,,,,,,,,,15.94,13.04,,,,,0.0,0.0,2.0
20260428,002402.SZ,,,,,,,,,,,,,36.26,29.66,,,,,0.0,0.0,2.0
20260428,002403.SZ,,,,,,,,,,,,,11.64,9.52,,,,,0.0,0.0,2.0
20260428,002404.SZ,,,,,,,,,,,,,7.7,6.3,,,,,0.0,0.0,2.0
20260428,002405.SZ,,,,,,,,,,,,,9.96,8.15,,,,,0.0,0.0,2.0
20260428,002406.SZ,,,,,,,,,,,,,9.28,7.6,,,,,0.0,0.0,2.0
20260428,002407.SZ,,,,,,,,,,,,,37.97,31.07,,,,,0.0,0.0,2.0
20260428,002408.SZ,,,,,,,,,,,,,7.24,5.92,,,,,0.0,0.0,2.0
20260428,002409.SZ,,,,,,,,,,,,,98.03,80.21,,,,,0.0,0.0,2.0
20260428,002410.SZ,,,,,,,,,,,,,12.2,9.98,,,,,0.0,0.0,2.0
20260428,002412.SZ,,U,0.0,80025834.0,80025834.0,93651.0,93651.0,,,,,,7.14,5.84,0.0,,,0.0,1.0,0.0,2.0947083586051516
20260428,002413.SZ,,,,,,,,,,,,,14.54,11.9,,,,,0.0,0.0,2.0
20260428,002414.SZ,,,,,,,,,,,,,15.61,12.77,,,,,0.0,0.0,2.0
20260428,002415.SZ,,,,,,,,,,,,,37.37,30.57,,,,,0.0,0.0,2.0
20260428,002416.SZ,,,,,,,,,,,,,14.47,11.84,,,,,0.0,0.0,2.0
20260428,002418.SZ,,,,,,,,,,,,,6.59,5.39,,,,,0.0,0.0,2.0
20260428,002419.SZ,,,,,,,,,,,,,6.22,5.09,,,,,0.0,0.0,2.0
20260428,002420.SZ,,,,,,,,,,,,,8.13,6.65,,,,,0.0,0.0,2.0
20260428,002421.SZ,,,,,,,,,,,,,3.1,2.54,,,,,0.0,0.0,2.0
20260428,002422.SZ,,,,,,,,,,,,,36.56,29.92,,,,,0.0,0.0,2.0
20260428,002423.SZ,,,,,,,,,,,,,11.11,9.09,,,,,0.0,0.0,2.0
20260428,002424.SZ,,,,,,,,,,,,,5.22,4.72,,,,,0.0,0.0,2.0
20260428,002425.SZ,,,,,,,,,,,,,3.77,3.09,,,,,0.0,0.0,2.0
20260428,002426.SZ,,,,,,,,,,,,,4.26,3.48,,,,,0.0,0.0,2.0
20260428,002427.SZ,,,,,,,,,,,,,6.94,5.68,,,,,0.0,0.0,2.0
20260428,002428.SZ,,,,,,,,,,,,,80.08,65.52,,,,,0.0,0.0,2.0
20260428,002429.SZ,,,,,,,,,,,,,13.09,10.71,,,,,0.0,0.0,2.0
20260428,002430.SZ,,,,,,,,,,,,,34.43,28.17,,,,,0.0,0.0,2.0
20260428,002431.SZ,,,,,,,,,,,,,2.54,2.3,,,,,0.0,0.0,2.0
20260428,002432.SZ,,,,,,,,,,,,,85.09,69.62,,,,,0.0,0.0,2.0
20260428,002434.SZ,,,,,,,,,,,,,7.92,6.48,,,,,0.0,0.0,2.0
20260428,002436.SZ,,,,,,,,,,,,,32.15,26.31,,,,,0.0,0.0,2.0
20260428,002437.SZ,,,,,,,,,,,,,4.15,3.39,,,,,0.0,0.0,2.0
20260428,002438.SZ,,,,,,,,,,,,,17.96,14.7,,,,,0.0,0.0,2.0
20260428,002439.SZ,,,,,,,,,,,,,16.78,13.73,,,,,0.0,0.0,2.0
20260428,002440.SZ,,,,,,,,,,,,,12.94,10.58,,,,,0.0,0.0,2.0
20260428,002441.SZ,,,,,,,,,,,,,10.34,8.46,,,,,0.0,0.0,2.0
20260428,002442.SZ,,,,,,,,,,,,,6.82,5.58,,,,,0.0,0.0,2.0
20260428,002443.SZ,,,,,,,,,,,,,12.98,10.62,,,,,0.0,0.0,2.0
20260428,002444.SZ,,,,,,,,,,,,,34.67,28.37,,,,,0.0,0.0,2.0
20260428,002445.SZ,,,,,,,,,,,,,4.17,3.41,,,,,0.0,0.0,2.0
20260428,002446.SZ,,,,,,,,,,,,,11.33,9.27,,,,,0.0,0.0,2.0
20260428,002448.SZ,,,,,,,,,,,,,16.95,13.87,,,,,0.0,0.0,2.0
20260428,002449.SZ,,,,,,,,,,,,,8.92,7.3,,,,,0.0,0.0,2.0
20260428,002451.SZ,,,,,,,,,,,,,10.4,8.51,,,,,0.0,0.0,2.0
20260428,002452.SZ,,,,,,,,,,,,,12.02,9.84,,,,,0.0,0.0,2.0
20260428,002453.SZ,,,,,,,,,,,,,5.39,4.41,,,,,0.0,0.0,2.0
20260428,002454.SZ,,,,,,,,,,,,,11.57,9.47,,,,,0.0,0.0,2.0
20260428,002455.SZ,,,,,,,,,,,,,11.97,9.79,,,,,0.0,0.0,2.0
20260428,002456.SZ,,,,,,,,,,,,,9.79,8.01,,,,,0.0,0.0,2.0
20260428,002457.SZ,,,,,,,,,,,,,12.1,9.9,,,,,0.0,0.0,2.0
20260428,002458.SZ,,,,,,,,,,,,,11.97,9.79,,,,,0.0,0.0,2.0
20260428,002459.SZ,,,,,,,,,,,,,11.75,9.61,,,,,0.0,0.0,2.0
20260428,002460.SZ,,,,,,,,,,,,,92.52,75.7,,,,,0.0,0.0,2.0
20260428,002461.SZ,,,,,,,,,,,,,11.07,9.05,,,,,0.0,0.0,2.0
20260428,002462.SZ,,,,,,,,,,,,,15.27,12.49,,,,,0.0,0.0,2.0
20260428,002463.SZ,,,,,,,,,,,,,115.45,94.46,,,,,0.0,0.0,2.0
20260428,002465.SZ,,,,,,,,,,,,,17.4,14.24,,,,,0.0,0.0,2.0
20260428,002466.SZ,,,,,,,,,,,,,81.02,66.29,,,,,0.0,0.0,2.0
20260428,002467.SZ,,,,,,,,,,,,,7.47,6.11,,,,,0.0,0.0,2.0
20260428,002468.SZ,,,,,,,,,,,,,19.28,15.78,,,,,0.0,0.0,2.0
20260428,002469.SZ,,,,,,,,,,,,,8.09,6.62,,,,,0.0,0.0,2.0
20260428,002470.SZ,,,,,,,,,,,,,3.09,2.53,,,,,0.0,0.0,2.0
20260428,002471.SZ,,,,,,,,,,,,,9.31,7.61,,,,,0.0,0.0,2.0
20260428,002472.SZ,,,,,,,,,,,,,42.33,34.63,,,,,0.0,0.0,2.0
20260428,002474.SZ,,,,,,,,,,,,,8.01,6.55,,,,,0.0,0.0,2.0
20260428,002475.SZ,,,,,,,,,,,,,79.17,64.77,,,,,0.0,0.0,2.0
20260428,002476.SZ,,,,,,,,,,,,,6.5,5.32,,,,,0.0,0.0,2.0
20260428,002478.SZ,,,,,,,,,,,,,10.44,8.54,,,,,0.0,0.0,2.0
20260428,002479.SZ,,,,,,,,,,,,,6.06,4.96,,,,,0.0,0.0,2.0
20260428,002480.SZ,,,,,,,,,,,,,7.4,6.06,,,,,0.0,0.0,2.0
20260428,002481.SZ,,,,,,,,,,,,,5.05,4.13,,,,,0.0,0.0,2.0
20260428,002482.SZ,,,,,,,,,,,,,1.85,1.51,,,,,0.0,0.0,2.0
20260428,002483.SZ,,,,,,,,,,,,,7.56,6.18,,,,,0.0,0.0,2.0
20260428,002484.SZ,,,,,,,,,,,,,41.4,33.88,,,,,0.0,0.0,2.0
20260428,002485.SZ,,,,,,,,,,,,,4.9,4.44,,,,,0.0,0.0,2.0
20260428,002486.SZ,,,,,,,,,,,,,3.16,2.58,,,,,0.0,0.0,2.0
20260428,002487.SZ,,,,,,,,,,,,,97.53,79.79,,,,,0.0,0.0,2.0
20260428,002488.SZ,,,,,,,,,,,,,13.04,10.67,,,,,0.0,0.0,2.0
20260428,002489.SZ,,,,,,,,,,,,,3.65,2.99,,,,,0.0,0.0,2.0
20260428,002490.SZ,,,,,,,,,,,,,11.55,9.45,,,,,0.0,0.0,2.0
20260428,002491.SZ,,,,,,,,,,,,,18.5,15.14,,,,,0.0,0.0,2.0
20260428,002492.SZ,,,,,,,,,,,,,9.16,7.5,,,,,0.0,0.0,2.0
20260428,002493.SZ,,,,,,,,,,,,,13.68,11.2,,,,,0.0,0.0,2.0
20260428,002494.SZ,,,,,,,,,,,,,6.2,5.08,,,,,0.0,0.0,2.0
20260428,002495.SZ,,,,,,,,,,,,,2.88,2.36,,,,,0.0,0.0,2.0
20260428,002496.SZ,,,,,,,,,,,,,2.27,2.05,,,,,0.0,0.0,2.0
20260428,002497.SZ,,,,,,,,,,,,,31.87,26.07,,,,,0.0,0.0,2.0
20260428,002498.SZ,,,,,,,,,,,,,9.49,7.77,,,,,0.0,0.0,2.0
20260428,002500.SZ,,,,,,,,,,,,,6.09,4.99,,,,,0.0,0.0,2.0
20260428,002501.SZ,,,,,,,,,,,,,1.76,1.44,,,,,0.0,0.0,2.0
20260428,002506.SZ,,,,,,,,,,,,,4.81,3.93,,,,,0.0,0.0,2.0
20260428,002507.SZ,,,,,,,,,,,,,13.7,11.21,,,,,0.0,0.0,2.0
20260428,002508.SZ,,,,,,,,,,,,,20.86,17.06,,,,,0.0,0.0,2.0
20260428,002510.SZ,,,,,,,,,,,,,7.45,6.09,,,,,0.0,0.0,2.0
20260428,002511.SZ,,,,,,,,,,,,,9.5,7.78,,,,,0.0,0.0,2.0
20260428,002512.SZ,,,,,,,,,,,,,4.33,3.91,,,,,0.0,0.0,2.0
20260428,002513.SZ,,,,,,,,,,,,,6.86,5.62,,,,,0.0,0.0,2.0
20260428,002514.SZ,,,,,,,,,,,,,4.62,3.78,,,,,0.0,0.0,2.0
20260428,002515.SZ,,,,,,,,,,,,,6.83,5.59,,,,,0.0,0.0,2.0
20260428,002516.SZ,,,,,,,,,,,,,6.64,5.44,,,,,0.0,0.0,2.0
20260428,002517.SZ,,,,,,,,,,,,,18.74,15.34,,,,,0.0,0.0,2.0
20260428,002518.SZ,,,,,,,,,,,,,52.14,42.66,,,,,0.0,0.0,2.0
20260428,002519.SZ,,,,,,,,,,,,,9.02,7.38,,,,,0.0,0.0,2.0
20260428,002520.SZ,,,,,,,,,,,,,5.93,4.85,,,,,0.0,0.0,2.0
20260428,002521.SZ,,,,,,,,,,,,,9.46,7.74,,,,,0.0,0.0,2.0
20260428,002522.SZ,,,,,,,,,,,,,6.72,5.5,,,,,0.0,0.0,2.0
20260428,002523.SZ,,,,,,,,,,,,,4.24,3.47,,,,,0.0,0.0,2.0
20260428,002524.SZ,,,,,,,,,,,,,4.66,3.82,,,,,0.0,0.0,2.0
20260428,002526.SZ,,,,,,,,,,,,,3.74,3.06,,,,,0.0,0.0,2.0
20260428,002527.SZ,,,,,,,,,,,,,14.41,11.79,,,,,0.0,0.0,2.0
20260428,002528.SZ,,,,,,,,,,,,,5.09,4.61,,,,,0.0,0.0,2.0
20260428,002529.SZ,,,,,,,,,,,,,7.62,6.9,,,,,0.0,0.0,2.0
20260428,002530.SZ,,,,,,,,,,,,,9.92,8.12,,,,,0.0,0.0,2.0
20260428,002531.SZ,,,,,,,,,,,,,13.07,10.69,,,,,0.0,0.0,2.0
20260428,002532.SZ,,,,,,,,,,,,,19.29,15.79,,,,,0.0,0.0,2.0
20260428,002533.SZ,,,,,,,,,,,,,14.86,12.16,,,,,0.0,0.0,2.0
20260428,002534.SZ,,,,,,,,,,,,,19.87,16.25,,,,,0.0,0.0,2.0
20260428,002535.SZ,,,,,,,,,,,,,3.87,3.17,,,,,0.0,0.0,2.0
20260428,002536.SZ,,,,,,,,,,,,,40.77,33.35,,,,,0.0,0.0,2.0
20260428,002537.SZ,,,,,,,,,,,,,8.16,6.68,,,,,0.0,0.0,2.0
20260428,002538.SZ,,,,,,,,,,,,,7.77,7.03,,,,,0.0,0.0,2.0
20260428,002539.SZ,,,,,,,,,,,,,16.53,13.53,,,,,0.0,0.0,2.0
20260428,002540.SZ,,,,,,,,,,,,,6.8,5.56,,,,,0.0,0.0,2.0
20260428,002541.SZ,,,,,,,,,,,,,21.31,17.43,,,,,0.0,0.0,2.0
20260428,002542.SZ,,,,,,,,,,,,,1.91,1.73,,,,,0.0,0.0,2.0
20260428,002543.SZ,,,,,,,,,,,,,9.35,7.65,,,,,0.0,0.0,2.0
20260428,002544.SZ,,,,,,,,,,,,,28.29,23.15,,,,,0.0,0.0,2.0
20260428,002545.SZ,,,,,,,,,,,,,26.42,21.62,,,,,0.0,0.0,2.0
20260428,002546.SZ,,,,,,,,,,,,,9.06,7.42,,,,,0.0,0.0,2.0
20260428,002547.SZ,,,,,,,,,,,,,3.47,2.84,,,,,0.0,0.0,2.0
20260428,002548.SZ,,,,,,,,,,,,,5.28,4.32,,,,,0.0,0.0,2.0
20260428,002549.SZ,,,,,,,,,,,,,22.31,18.25,,,,,0.0,0.0,2.0
20260428,002550.SZ,,,,,,,,,,,,,7.9,6.46,,,,,0.0,0.0,2.0
20260428,002551.SZ,,,,,,,,,,,,,3.8,3.11,,,,,0.0,0.0,2.0
20260428,002552.SZ,,,,,,,,,,,,,23.67,19.37,,,,,0.0,0.0,2.0
20260428,002553.SZ,,,,,,,,,,,,,26.44,21.64,,,,,0.0,0.0,2.0
20260428,002554.SZ,,,,,,,,,,,,,3.78,3.1,,,,,0.0,0.0,2.0
20260428,002555.SZ,,,,,,,,,,,,,23.27,19.04,,,,,0.0,0.0,2.0
20260428,002556.SZ,,,,,,,,,,,,,7.32,5.99,,,,,0.0,0.0,2.0
20260428,002557.SZ,,,,,,,,,,,,,24.97,20.43,,,,,0.0,0.0,2.0
20260428,002558.SZ,,,,,,,,,,,,,34.67,28.37,,,,,0.0,0.0,2.0
20260428,002559.SZ,,,,,,,,,,,,,11.69,9.57,,,,,0.0,0.0,2.0
20260428,002560.SZ,,,,,,,,,,,,,17.25,14.11,,,,,0.0,0.0,2.0
20260428,002561.SZ,,,,,,,,,,,,,8.98,7.34,,,,,0.0,0.0,2.0
20260428,002562.SZ,,,,,,,,,,,,,6.38,5.22,,,,,0.0,0.0,2.0
20260428,002563.SZ,,,,,,,,,,,,,6.23,5.09,,,,,0.0,0.0,2.0
20260428,002564.SZ,,,,,,,,,,,,,7.0,5.72,,,,,0.0,0.0,2.0
20260428,002565.SZ,,,,,,,,,,,,,20.43,16.71,,,,,0.0,0.0,2.0
20260428,002566.SZ,,,,,,,,,,,,,8.99,7.35,,,,,0.0,0.0,2.0
20260428,002567.SZ,,,,,,,,,,,,,4.48,3.66,,,,,0.0,0.0,2.0
20260428,002568.SZ,,,,,,,,,,,,,18.63,15.25,,,,,0.0,0.0,2.0
20260428,002569.SZ,,,,,,,,,,,,,14.01,12.67,,,,,1.0,0.0,2.0
20260428,002570.SZ,,,,,,,,,,,,,5.4,4.42,,,,,0.0,0.0,2.0
20260428,002571.SZ,,,,,,,,,,,,,12.61,10.31,,,,,0.0,0.0,2.0
20260428,002572.SZ,,,,,,,,,,,,,13.77,11.27,,,,,0.0,0.0,2.0
20260428,002573.SZ,,,,,,,,,,,,,3.85,3.15,,,,,0.0,0.0,2.0
20260428,002574.SZ,,,,,,,,,,,,,5.94,4.86,,,,,0.0,0.0,2.0
20260428,002575.SZ,,U,0.0,70443892.0,70443892.0,110024.0,110024.0,,,,,,6.8,5.56,0.0,,,0.0,1.0,0.0,2.0833683955743414
20260428,002576.SZ,,,,,,,,,,,,,20.23,16.55,,,,,0.0,0.0,2.0
20260428,002577.SZ,,,,,,,,,,,,,17.63,14.43,,,,,0.0,0.0,2.0
20260428,002578.SZ,,,,,,,,,,,,,4.52,3.7,,,,,0.0,0.0,2.0
20260428,002579.SZ,,,,,,,,,,,,,14.23,11.65,,,,,0.0,0.0,2.0
20260428,002580.SZ,,,,,,,,,,,,,31.7,25.94,,,,,0.0,0.0,2.0
20260428,002581.SZ,,,,,,,,,,,,,7.21,6.53,,,,,0.0,0.0,2.0
20260428,002582.SZ,,,,,,,,,,,,,13.96,11.42,,,,,0.0,0.0,2.0
20260428,002583.SZ,,,,,,,,,,,,,11.54,9.44,,,,,0.0,0.0,2.0
20260428,002584.SZ,,,,,,,,,,,,,8.55,6.99,,,,,0.0,0.0,2.0
20260428,002585.SZ,,,,,,,,,,,,,8.82,7.22,,,,,0.0,0.0,2.0
20260428,002586.SZ,,,,,,,,,,,,,4.96,4.48,,,,,0.0,0.0,2.0
20260428,002587.SZ,,,,,,,,,,,,,7.3,5.98,,,,,0.0,0.0,2.0
20260428,002588.SZ,,,,,,,,,,,,,12.34,10.1,,,,,0.0,0.0,2.0
20260428,002589.SZ,,,,,,,,,,,,,3.53,2.89,,,,,0.0,0.0,2.0
20260428,002590.SZ,,,,,,,,,,,,,13.74,11.24,,,,,0.0,0.0,2.0
20260428,002591.SZ,,,,,,,,,,,,,7.91,6.47,,,,,0.0,0.0,2.0
20260428,002592.SZ,,,,,,,,,,,,,8.32,7.52,,,,,1.0,0.0,2.0
20260428,002593.SZ,,,,,,,,,,,,,5.78,4.73,,,,,0.0,0.0,2.0
20260428,002594.SZ,,,,,,,,,,,,,112.57,92.11,,,,,0.0,0.0,2.0
20260428,002595.SZ,,,,,,,,,,,,,96.18,78.7,,,,,0.0,0.0,2.0
20260428,002596.SZ,,,,,,,,,,,,,3.81,3.11,,,,,0.0,0.0,2.0
20260428,002597.SZ,,,,,,,,,,,,,25.4,20.78,,,,,0.0,0.0,2.0
20260428,002598.SZ,,,,,,,,,,,,,8.68,7.86,,,,,0.0,0.0,2.0
20260428,002599.SZ,,,,,,,,,,,,,7.67,6.27,,,,,0.0,0.0,2.0
20260428,002600.SZ,,,,,,,,,,,,,15.88,13.0,,,,,0.0,0.0,2.0
20260428,002601.SZ,,,,,,,,,,,,,19.58,16.02,,,,,0.0,0.0,2.0
20260428,002602.SZ,,,,,,,,,,,,,18.37,15.03,,,,,0.0,0.0,2.0
20260428,002603.SZ,,,,,,,,,,,,,18.44,15.08,,,,,0.0,0.0,2.0
20260428,002605.SZ,,,,,,,,,,,,,21.4,17.51,,,,,0.0,0.0,2.0
20260428,002606.SZ,,,,,,,,,,,,,16.3,13.34,,,,,0.0,0.0,2.0
20260428,002607.SZ,,,,,,,,,,,,,2.75,2.25,,,,,0.0,0.0,2.0
20260428,002608.SZ,,,,,,,,,,,,,8.36,6.84,,,,,0.0,0.0,2.0
20260428,002609.SZ,,,,,,,,,,,,,9.12,7.46,,,,,0.0,0.0,2.0
20260428,002611.SZ,,,,,,,,,,,,,18.81,15.39,,,,,0.0,0.0,2.0
20260428,002612.SZ,,,,,,,,,,,,,19.31,15.8,,,,,0.0,0.0,2.0
20260428,002613.SZ,,,,,,,,,,,,,4.33,3.55,,,,,0.0,0.0,2.0
20260428,002614.SZ,,,,,,,,,,,,,6.74,5.52,,,,,0.0,0.0,2.0
20260428,002615.SZ,,,,,,,,,,,,,9.02,7.38,,,,,0.0,0.0,2.0
20260428,002616.SZ,,,,,,,,,,,,,6.45,5.27,,,,,0.0,0.0,2.0
20260428,002617.SZ,,,,,,,,,,,,,8.55,6.99,,,,,0.0,0.0,2.0
20260428,002620.SZ,,,,,,,,,,,,,10.94,9.9,,,,,0.0,0.0,2.0
20260428,002622.SZ,,,,,,,,,,,,,2.85,2.33,,,,,0.0,0.0,2.0
20260428,002623.SZ,,,,,,,,,,,,,23.65,19.35,,,,,0.0,0.0,2.0
20260428,002624.SZ,,,,,,,,,,,,,17.91,14.65,,,,,0.0,0.0,2.0
20260428,002625.SZ,,,,,,,,,,,,,44.43,36.35,,,,,0.0,0.0,2.0
20260428,002626.SZ,,,,,,,,,,,,,17.49,14.31,,,,,0.0,0.0,2.0
20260428,002627.SZ,,,,,,,,,,,,,7.99,6.53,,,,,0.0,0.0,2.0
20260428,002628.SZ,,,,,,,,,,,,,6.18,5.06,,,,,0.0,0.0,2.0
20260428,002629.SZ,,,,,,,,,,,,,7.21,5.9,,,,,0.0,0.0,2.0
20260428,002630.SZ,,,,,,,,,,,,,2.23,2.01,,,,,0.0,0.0,2.0
20260428,002631.SZ,,,,,,,,,,,,,8.02,6.56,,,,,0.0,0.0,2.0
20260428,002632.SZ,,,,,,,,,,,,,12.51,10.23,,,,,0.0,0.0,2.0
20260428,002633.SZ,,,,,,,,,,,,,21.12,17.28,,,,,0.0,0.0,2.0
20260428,002634.SZ,,,,,,,,,,,,,5.3,4.8,,,,,0.0,0.0,2.0
20260428,002635.SZ,,,,,,,,,,,,,18.37,15.03,,,,,0.0,0.0,2.0
20260428,002636.SZ,,,,,,,,,,,,,48.51,39.69,,,,,0.0,0.0,2.0
20260428,002637.SZ,,,,,,,,,,,,,14.05,11.49,,,,,0.0,0.0,2.0
20260428,002638.SZ,,,,,,,,,,,,,5.01,4.1,,,,,0.0,0.0,2.0
20260428,002639.SZ,,,,,,,,,,,,,19.88,16.26,,,,,0.0,0.0,2.0
20260428,002640.SZ,,,,,,,,,,,,,3.62,2.96,,,,,0.0,0.0,2.0
20260428,002641.SZ,,,,,,,,,,,,,4.59,3.75,,,,,0.0,0.0,2.0
20260428,002642.SZ,,,,,,,,,,,,,8.94,7.32,,,,,0.0,0.0,2.0
20260428,002643.SZ,,,,,,,,,,,,,18.55,15.17,,,,,0.0,0.0,2.0
20260428,002644.SZ,,,,,,,,,,,,,9.0,7.36,,,,,0.0,0.0,2.0
20260428,002645.SZ,,,,,,,,,,,,,24.28,19.86,,,,,0.0,0.0,2.0
20260428,002646.SZ,,,,,,,,,,,,,8.75,7.16,,,,,0.0,0.0,2.0
20260428,002647.SZ,,U,3.0,36792260.0,36792260.0,94751.0,100551.0,,,,,,12.88,10.54,0.0,,,1.0,1.0,0.0,1.293542620923813
20260428,002648.SZ,,,,,,,,,,,,,30.75,25.16,,,,,0.0,0.0,2.0
20260428,002649.SZ,,,,,,,,,,,,,12.78,10.46,,,,,0.0,0.0,2.0
20260428,002650.SZ,,,,,,,,,,,,,7.76,7.02,,,,,0.0,0.0,2.0
20260428,002651.SZ,,,,,,,,,,,,,10.56,8.64,,,,,0.0,0.0,2.0
20260428,002652.SZ,,U,0.0,29021455.0,29021455.0,130330.0,130330.0,,,,,,5.62,4.6,0.0,,,0.0,1.0,0.0,2.0343460883817004
20260428,002653.SZ,,,,,,,,,,,,,64.9,53.1,,,,,0.0,0.0,2.0
20260428,002654.SZ,,,,,,,,,,,,,15.58,12.74,,,,,0.0,0.0,2.0
20260428,002655.SZ,,,,,,,,,,,,,28.49,23.31,,,,,0.0,0.0,2.0
20260428,002656.SZ,,,,,,,,,,,,,3.29,2.97,,,,,0.0,0.0,2.0
20260428,002657.SZ,,,,,,,,,,,,,23.28,19.04,,,,,0.0,0.0,2.0
20260428,002658.SZ,,,,,,,,,,,,,9.38,7.68,,,,,0.0,0.0,2.0
20260428,002659.SZ,,,,,,,,,,,,,5.85,4.79,,,,,0.0,0.0,2.0
20260428,002660.SZ,,,,,,,,,,,,,9.71,7.95,,,,,0.0,0.0,2.0
20260428,002661.SZ,,,,,,,,,,,,,9.76,7.98,,,,,0.0,0.0,2.0
20260428,002662.SZ,,,,,,,,,,,,,4.55,3.73,,,,,0.0,0.0,2.0
20260428,002663.SZ,,,,,,,,,,,,,2.34,1.92,,,,,0.0,0.0,2.0
20260428,002664.SZ,,,,,,,,,,,,,22.22,18.18,,,,,0.0,0.0,2.0
20260428,002666.SZ,,,,,,,,,,,,,5.52,4.52,,,,,0.0,0.0,2.0
20260428,002667.SZ,,,,,,,,,,,,,34.64,28.34,,,,,0.0,0.0,2.0
20260428,002668.SZ,,,,,,,,,,,,,10.58,8.66,,,,,0.0,0.0,2.0
20260428,002669.SZ,,,,,,,,,,,,,15.79,12.92,,,,,0.0,0.0,2.0
20260428,002670.SZ,,,,,,,,,,,,,13.78,11.28,,,,,0.0,0.0,2.0
20260428,002671.SZ,,,,,,,,,,,,,5.26,4.3,,,,,0.0,0.0,2.0
20260428,002672.SZ,,,,,,,,,,,,,4.82,3.94,,,,,0.0,0.0,2.0
20260428,002673.SZ,,,,,,,,,,,,,7.76,6.35,,,,,0.0,0.0,2.0
20260428,002674.SZ,,,,,,,,,,,,,15.39,12.59,,,,,0.0,0.0,2.0
20260428,002675.SZ,,,,,,,,,,,,,14.71,12.03,,,,,0.0,0.0,2.0
20260428,002676.SZ,,,,,,,,,,,,,7.76,6.35,,,,,0.0,0.0,2.0
20260428,002677.SZ,,,,,,,,,,,,,8.46,6.92,,,,,0.0,0.0,2.0
20260428,002678.SZ,,,,,,,,,,,,,6.34,5.18,,,,,0.0,0.0,2.0
20260428,002679.SZ,,,,,,,,,,,,,11.72,9.59,,,,,0.0,0.0,2.0
20260428,002681.SZ,,,,,,,,,,,,,5.69,4.65,,,,,0.0,0.0,2.0
20260428,002682.SZ,,,,,,,,,,,,,6.35,5.19,,,,,0.0,0.0,2.0
20260428,002683.SZ,,,,,,,,,,,,,41.98,34.34,,,,,0.0,0.0,2.0
20260428,002685.SZ,,,,,,,,,,,,,8.87,7.25,,,,,0.0,0.0,2.0
20260428,002686.SZ,,,,,,,,,,,,,8.46,6.92,,,,,0.0,0.0,2.0
20260428,002687.SZ,,,,,,,,,,,,,5.46,4.46,,,,,0.0,0.0,2.0
20260428,002688.SZ,,,,,,,,,,,,,6.4,5.24,,,,,0.0,0.0,2.0
20260428,002689.SZ,,,,,,,,,,,,,3.89,3.52,,,,,0.0,0.0,2.0
20260428,002690.SZ,,,,,,,,,,,,,18.77,15.35,,,,,0.0,0.0,2.0
20260428,002691.SZ,,,,,,,,,,,,,6.09,4.99,,,,,0.0,0.0,2.0
20260428,002692.SZ,,,,,,,,,,,,,6.63,5.43,,,,,0.0,0.0,2.0
20260428,002693.SZ,,,,,,,,,,,,,9.23,8.35,,,,,0.0,0.0,2.0
20260428,002694.SZ,,,,,,,,,,,,,3.48,2.84,,,,,0.0,0.0,2.0
20260428,002695.SZ,,,,,,,,,,,,,13.09,10.71,,,,,0.0,0.0,2.0
20260428,002696.SZ,,,,,,,,,,,,,7.65,6.26,,,,,0.0,0.0,2.0
20260428,002697.SZ,,,,,,,,,,,,,5.72,4.68,,,,,0.0,0.0,2.0
20260428,002698.SZ,,,,,,,,,,,,,15.21,12.45,,,,,0.0,0.0,2.0
20260428,002700.SZ,,,,,,,,,,,,,7.48,6.12,,,,,0.0,0.0,2.0
20260428,002701.SZ,,,,,,,,,,,,,5.89,4.82,,,,,0.0,0.0,2.0
20260428,002702.SZ,,,,,,,,,,,,,6.34,5.18,,,,,0.0,0.0,2.0
20260428,002703.SZ,,,,,,,,,,,,,21.76,17.8,,,,,0.0,0.0,2.0
20260428,002705.SZ,,,,,,,,,,,,,18.57,15.19,,,,,0.0,0.0,2.0
20260428,002706.SZ,,,,,,,,,,,,,12.53,10.25,,,,,0.0,0.0,2.0
20260428,002707.SZ,,,,,,,,,,,,,7.05,5.77,,,,,0.0,0.0,2.0
20260428,002708.SZ,,,,,,,,,,,,,14.86,12.16,,,,,0.0,0.0,2.0
20260428,002709.SZ,,,,,,,,,,,,,60.79,49.73,,,,,0.0,0.0,2.0
20260428,002712.SZ,,,,,,,,,,,,,6.14,5.02,,,,,0.0,0.0,2.0
20260428,002713.SZ,,,,,,,,,,,,,14.12,12.78,,,,,0.0,0.0,2.0
20260428,002714.SZ,,,,,,,,,,,,,46.49,38.03,,,,,0.0,0.0,2.0
20260428,002715.SZ,,U,0.0,54528575.0,54528575.0,104215.0,104215.0,,,,,,17.13,14.01,0.0,,,0.0,1.0,0.0,2.064533058603649
20260428,002716.SZ,,,,,,,,,,,,,12.54,10.26,,,,,0.0,0.0,2.0
20260428,002717.SZ,,,,,,,,,,,,,1.5,1.36,,,,,0.0,0.0,2.0
20260428,002718.SZ,,,,,,,,,,,,,77.59,63.49,,,,,0.0,0.0,2.0
20260428,002721.SZ,,,,,,,,,,,,,3.14,2.57,,,,,0.0,0.0,2.0
20260428,002722.SZ,,,,,,,,,,,,,17.03,13.93,,,,,0.0,0.0,2.0
20260428,002723.SZ,,,,,,,,,,,,,11.35,9.29,,,,,0.0,0.0,2.0
20260428,002724.SZ,,,,,,,,,,,,,7.91,6.47,,,,,0.0,0.0,2.0
20260428,002725.SZ,,,,,,,,,,,,,18.43,15.08,,,,,0.0,0.0,2.0
20260428,002726.SZ,,,,,,,,,,,,,3.32,2.72,,,,,0.0,0.0,2.0
20260428,002727.SZ,,,,,,,,,,,,,13.62,11.14,,,,,0.0,0.0,2.0
20260428,002728.SZ,,,,,,,,,,,,,11.39,9.32,,,,,0.0,0.0,2.0
20260428,002729.SZ,,,,,,,,,,,,,20.28,16.6,,,,,0.0,0.0,2.0
20260428,002730.SZ,,,,,,,,,,,,,32.95,26.96,,,,,0.0,0.0,2.0
20260428,002731.SZ,,,,,,,,,,,,,5.32,4.82,,,,,0.0,0.0,2.0
20260428,002732.SZ,,,,,,,,,,,,,17.91,14.65,,,,,0.0,0.0,2.0
20260428,002733.SZ,,U,3.0,52848170.0,52848170.0,111809.0,143900.0,,,,,,32.15,26.31,1.0,6.0,3.0,0.0,1.0,0.0,1.5625443458169523
20260428,002734.SZ,,,,,,,,,,,,,19.97,16.34,,,,,0.0,0.0,2.0
20260428,002735.SZ,,,,,,,,,,,,,16.35,13.37,,,,,0.0,0.0,2.0
20260428,002736.SZ,,,,,,,,,,,,,11.92,9.76,,,,,0.0,0.0,2.0
20260428,002737.SZ,,,,,,,,,,,,,13.71,11.21,,,,,0.0,0.0,2.0
20260428,002738.SZ,,,,,,,,,,,,,93.29,76.33,,,,,0.0,0.0,2.0
20260428,002739.SZ,,,,,,,,,,,,,10.92,8.94,,,,,0.0,0.0,2.0
20260428,002741.SZ,,,,,,,,,,,,,24.49,20.03,,,,,0.0,0.0,2.0
20260428,002742.SZ,,,,,,,,,,,,,4.94,4.47,,,,,0.0,0.0,2.0
20260428,002743.SZ,,,,,,,,,,,,,5.83,4.77,,,,,0.0,0.0,2.0
20260428,002745.SZ,,,,,,,,,,,,,9.75,7.97,,,,,0.0,0.0,2.0
20260428,002746.SZ,,,,,,,,,,,,,6.83,5.59,,,,,0.0,0.0,2.0
20260428,002747.SZ,,,,,,,,,,,,,23.05,18.86,,,,,0.0,0.0,2.0
20260428,002748.SZ,,,,,,,,,,,,,14.47,11.84,,,,,0.0,0.0,2.0
20260428,002749.SZ,,,,,,,,,,,,,13.79,11.29,,,,,0.0,0.0,2.0
20260428,002752.SZ,,,,,,,,,,,,,8.35,6.83,,,,,0.0,0.0,2.0
20260428,002753.SZ,,,,,,,,,,,,,8.12,6.64,,,,,0.0,0.0,2.0
20260428,002755.SZ,,,,,,,,,,,,,16.74,13.7,,,,,0.0,0.0,2.0
20260428,002756.SZ,,,,,,,,,,,,,89.5,73.22,,,,,0.0,0.0,2.0
20260428,002757.SZ,,,,,,,,,,,,,25.81,21.11,,,,,0.0,0.0,2.0
20260428,002758.SZ,,,,,,,,,,,,,9.9,8.1,,,,,0.0,0.0,2.0
20260428,002759.SZ,,,,,,,,,,,,,37.84,30.96,,,,,0.0,0.0,2.0
20260428,002760.SZ,,,,,,,,,,,,,24.41,19.97,,,,,0.0,0.0,2.0
20260428,002761.SZ,,,,,,,,,,,,,8.75,7.16,,,,,0.0,0.0,2.0
20260428,002762.SZ,,,,,,,,,,,,,8.59,7.77,,,,,0.0,0.0,2.0
20260428,002763.SZ,,,,,,,,,,,,,9.2,7.52,,,,,0.0,0.0,2.0
20260428,002765.SZ,,,,,,,,,,,,,11.45,9.37,,,,,0.0,0.0,2.0
20260428,002766.SZ,,,,,,,,,,,,,5.28,4.32,,,,,0.0,0.0,2.0
20260428,002767.SZ,,,,,,,,,,,,,22.84,18.68,,,,,0.0,0.0,2.0
20260428,002768.SZ,,,,,,,,,,,,,58.28,47.68,,,,,0.0,0.0,2.0
20260428,002769.SZ,,,,,,,,,,,,,11.35,9.29,,,,,0.0,0.0,2.0
20260428,002771.SZ,,,,,,,,,,,,,16.79,13.73,,,,,0.0,0.0,2.0
20260428,002772.SZ,,,,,,,,,,,,,19.24,15.74,,,,,0.0,0.0,2.0
20260428,002773.SZ,,,,,,,,,,,,,27.83,22.77,,,,,0.0,0.0,2.0
20260428,002774.SZ,,,,,,,,,,,,,13.45,11.01,,,,,0.0,0.0,2.0
20260428,002775.SZ,,,,,,,,,,,,,4.19,3.43,,,,,0.0,0.0,2.0
20260428,002777.SZ,,,,,,,,,,,,,17.89,14.63,,,,,0.0,0.0,2.0
20260428,002778.SZ,,,,,,,,,,,,,22.92,18.76,,,,,0.0,0.0,2.0
20260428,002779.SZ,,,,,,,,,,,,,102.74,84.06,,,,,0.0,0.0,2.0
20260428,002780.SZ,,,,,,,,,,,,,16.94,13.86,,,,,0.0,0.0,2.0
20260428,002782.SZ,,,,,,,,,,,,,23.32,19.08,,,,,0.0,0.0,2.0
20260428,002783.SZ,,,,,,,,,,,,,10.33,8.45,,,,,0.0,0.0,2.0
20260428,002785.SZ,,,,,,,,,,,,,49.01,40.1,,,,,0.0,0.0,2.0
20260428,002786.SZ,,,,,,,,,,,,,7.79,6.37,,,,,0.0,0.0,2.0
20260428,002787.SZ,,,,,,,,,,,,,21.16,17.32,,,,,0.0,0.0,2.0
20260428,002788.SZ,,,,,,,,,,,,,15.24,12.47,,,,,0.0,0.0,2.0
20260428,002789.SZ,,,,,,,,,,,,,13.76,12.45,,,,,0.0,0.0,2.0
20260428,002790.SZ,,,,,,,,,,,,,8.56,7.0,,,,,0.0,0.0,2.0
20260428,002791.SZ,,,,,,,,,,,,,19.98,16.34,,,,,0.0,0.0,2.0
20260428,002792.SZ,,,,,,,,,,,,,49.56,40.55,,,,,0.0,0.0,2.0
20260428,002793.SZ,,,,,,,,,,,,,5.91,4.83,,,,,0.0,0.0,2.0
20260428,002795.SZ,,,,,,,,,,,,,10.0,8.18,,,,,0.0,0.0,2.0
20260428,002796.SZ,,,,,,,,,,,,,62.99,51.53,,,,,0.0,0.0,2.0
20260428,002797.SZ,,,,,,,,,,,,,8.05,6.59,,,,,0.0,0.0,2.0
20260428,002798.SZ,,,,,,,,,,,,,8.24,6.74,,,,,0.0,0.0,2.0
20260428,002799.SZ,,,,,,,,,,,,,9.38,7.68,,,,,0.0,0.0,2.0
20260428,002800.SZ,,,,,,,,,,,,,19.49,15.95,,,,,0.0,0.0,2.0
20260428,002801.SZ,,,,,,,,,,,,,34.97,28.61,,,,,0.0,0.0,2.0
20260428,002802.SZ,,,,,,,,,,,,,16.23,13.28,,,,,0.0,0.0,2.0
20260428,002803.SZ,,,,,,,,,,,,,21.58,17.66,,,,,0.0,0.0,2.0
20260428,002805.SZ,,,,,,,,,,,,,20.2,16.52,,,,,0.0,0.0,2.0
20260428,002806.SZ,,,,,,,,,,,,,15.48,12.66,,,,,0.0,0.0,2.0
20260428,002807.SZ,,,,,,,,,,,,,4.97,4.07,,,,,0.0,0.0,2.0
20260428,002808.SZ,,,,,,,,,,,,,3.47,3.14,,,,,0.0,0.0,2.0
20260428,002809.SZ,,,,,,,,,,,,,11.47,9.39,,,,,0.0,0.0,2.0
20260428,002810.SZ,,,,,,,,,,,,,31.05,25.41,,,,,0.0,0.0,2.0
20260428,002811.SZ,,,,,,,,,,,,,14.78,12.1,,,,,0.0,0.0,2.0
20260428,002812.SZ,,,,,,,,,,,,,88.94,72.77,,,,,0.0,0.0,2.0
20260428,002813.SZ,,,,,,,,,,,,,29.78,24.36,,,,,0.0,0.0,2.0
20260428,002815.SZ,,,,,,,,,,,,,17.18,14.06,,,,,0.0,0.0,2.0
20260428,002816.SZ,,,,,,,,,,,,,25.79,23.33,,,,,0.0,0.0,2.0
20260428,002817.SZ,,,,,,,,,,,,,8.75,7.16,,,,,0.0,0.0,2.0
20260428,002818.SZ,,,,,,,,,,,,,12.01,9.83,,,,,0.0,0.0,2.0
20260428,002819.SZ,,,,,,,,,,,,,29.72,24.32,,,,,0.0,0.0,2.0
20260428,002820.SZ,,,,,,,,,,,,,11.72,9.59,,,,,0.0,0.0,2.0
20260428,002821.SZ,,U,0.0,203361714.0,203361714.0,93957.0,93957.0,,,,,,129.49,105.95,0.0,,,0.0,1.0,0.0,2.240672957386115
20260428,002822.SZ,,,,,,,,,,,,,3.31,2.99,,,,,0.0,0.0,2.0
20260428,002823.SZ,,,,,,,,,,,,,17.26,14.12,,,,,0.0,0.0,2.0
20260428,002824.SZ,,,,,,,,,,,,,30.02,24.56,,,,,0.0,0.0,2.0
20260428,002825.SZ,,,,,,,,,,,,,11.25,9.21,,,,,0.0,0.0,2.0
20260428,002826.SZ,,,,,,,,,,,,,21.74,17.78,,,,,0.0,0.0,2.0
20260428,002827.SZ,,,,,,,,,,,,,35.44,29.0,,,,,0.0,0.0,2.0
20260428,002828.SZ,,,,,,,,,,,,,12.95,10.59,,,,,0.0,0.0,2.0
20260428,002829.SZ,,,,,,,,,,,,,24.49,20.03,,,,,0.0,0.0,2.0
20260428,002830.SZ,,,,,,,,,,,,,23.55,19.27,,,,,0.0,0.0,2.0
20260428,002831.SZ,,,,,,,,,,,,,41.23,33.73,,,,,0.0,0.0,2.0
20260428,002832.SZ,,,,,,,,,,,,,19.72,16.14,,,,,0.0,0.0,2.0
20260428,002833.SZ,,,,,,,,,,,,,21.27,17.41,,,,,0.0,0.0,2.0
20260428,002835.SZ,,,,,,,,,,,,,16.96,13.88,,,,,0.0,0.0,2.0
20260428,002836.SZ,,,,,,,,,,,,,14.62,11.96,,,,,0.0,0.0,2.0
20260428,002837.SZ,,,,,,,,,,,,,105.6,86.4,,,,,0.0,0.0,2.0
20260428,002838.SZ,,,,,,,,,,,,,32.14,26.3,,,,,0.0,0.0,2.0
20260428,002839.SZ,,,,,,,,,,,,,5.1,4.18,,,,,0.0,0.0,2.0
20260428,002840.SZ,,,,,,,,,,,,,13.01,10.65,,,,,0.0,0.0,2.0
20260428,002841.SZ,,,,,,,,,,,,,41.54,33.98,,,,,0.0,0.0,2.0
20260428,002842.SZ,,,,,,,,,,,,,33.4,27.32,,,,,0.0,0.0,2.0
20260428,002843.SZ,,,,,,,,,,,,,29.39,24.05,,,,,0.0,0.0,2.0
20260428,002845.SZ,,,,,,,,,,,,,15.76,12.9,,,,,0.0,0.0,2.0
20260428,002846.SZ,,,,,,,,,,,,,17.58,14.38,,,,,0.0,0.0,2.0
20260428,002847.SZ,,,,,,,,,,,,,60.7,49.66,,,,,0.0,0.0,2.0
20260428,002848.SZ,,,,,,,,,,,,,16.14,14.6,,,,,0.0,0.0,2.0
20260428,002849.SZ,,,,,,,,,,,,,19.17,15.69,,,,,0.0,0.0,2.0
20260428,002850.SZ,,,,,,,,,,,,,225.81,184.75,,,,,0.0,0.0,2.0
20260428,002851.SZ,,,,,,,,,,,,,118.84,97.24,,,,,0.0,0.0,2.0
20260428,002852.SZ,,,,,,,,,,,,,10.8,8.84,,,,,0.0,0.0,2.0
20260428,002853.SZ,,,,,,,,,,,,,29.0,23.72,,,,,0.0,0.0,2.0
20260428,002855.SZ,,,,,,,,,,,,,13.68,11.2,,,,,0.0,0.0,2.0
20260428,002856.SZ,,,,,,,,,,,,,14.43,11.81,,,,,0.0,0.0,2.0
20260428,002857.SZ,,,,,,,,,,,,,22.83,18.68,,,,,0.0,0.0,2.0
20260428,002858.SZ,,,,,,,,,,,,,18.06,14.78,,,,,0.0,0.0,2.0
20260428,002859.SZ,,,,,,,,,,,,,52.13,42.65,,,,,0.0,0.0,2.0
20260428,002860.SZ,,,,,,,,,,,,,14.19,11.61,,,,,0.0,0.0,2.0
20260428,002861.SZ,,,,,,,,,,,,,18.01,14.73,,,,,0.0,0.0,2.0
20260428,002862.SZ,,,,,,,,,,,,,20.93,17.13,,,,,0.0,0.0,2.0
20260428,002863.SZ,,,,,,,,,,,,,6.09,4.99,,,,,0.0,0.0,2.0
20260428,002864.SZ,,,,,,,,,,,,,33.36,27.3,,,,,0.0,0.0,2.0
20260428,002865.SZ,,,,,,,,,,,,,82.17,67.23,,,,,0.0,0.0,2.0
20260428,002866.SZ,,,,,,,,,,,,,28.55,23.36,,,,,0.0,0.0,2.0
20260428,002867.SZ,,,,,,,,,,,,,13.42,10.98,,,,,0.0,0.0,2.0
20260428,002868.SZ,,,,,,,,,,,,,40.28,36.44,,,,,0.0,0.0,2.0
20260428,002869.SZ,,,,,,,,,,,,,23.44,19.18,,,,,0.0,0.0,2.0
20260428,002870.SZ,,,,,,,,,,,,,40.41,33.07,,,,,0.0,0.0,2.0
20260428,002871.SZ,,,,,,,,,,,,,19.78,16.18,,,,,0.0,0.0,2.0
20260428,002872.SZ,,,,,,,,,,,,,5.42,4.9,,,,,0.0,0.0,2.0
20260428,002873.SZ,,,,,,,,,,,,,10.55,8.63,,,,,0.0,0.0,2.0
20260428,002875.SZ,,,,,,,,,,,,,25.03,20.48,,,,,0.0,0.0,2.0
20260428,002876.SZ,,,,,,,,,,,,,32.57,26.65,,,,,0.0,0.0,2.0
20260428,002877.SZ,,,,,,,,,,,,,9.9,8.1,,,,,0.0,0.0,2.0
20260428,002878.SZ,,,,,,,,,,,,,20.53,16.79,,,,,0.0,0.0,2.0
20260428,002879.SZ,,,,,,,,,,,,,23.3,19.06,,,,,0.0,0.0,2.0
20260428,002880.SZ,,,,,,,,,,,,,28.53,23.35,,,,,0.0,0.0,2.0
20260428,002881.SZ,,,,,,,,,,,,,43.33,35.45,,,,,0.0,0.0,2.0
20260428,002882.SZ,,,,,,,,,,,,,30.14,24.66,,,,,0.0,0.0,2.0
20260428,002883.SZ,,,,,,,,,,,,,10.74,8.78,,,,,0.0,0.0,2.0
20260428,002884.SZ,,,,,,,,,,,,,20.28,16.6,,,,,0.0,0.0,2.0
20260428,002885.SZ,,,,,,,,,,,,,33.2,27.16,,,,,0.0,0.0,2.0
20260428,002886.SZ,,,,,,,,,,,,,24.51,20.05,,,,,0.0,0.0,2.0
20260428,002887.SZ,,,,,,,,,,,,,14.15,11.57,,,,,0.0,0.0,2.0
20260428,002888.SZ,,,,,,,,,,,,,20.53,16.79,,,,,0.0,0.0,2.0
20260428,002889.SZ,,,,,,,,,,,,,14.73,12.05,,,,,0.0,0.0,2.0
20260428,002890.SZ,,,,,,,,,,,,,18.08,14.8,,,,,0.0,0.0,2.0
20260428,002891.SZ,,,,,,,,,,,,,39.6,32.4,,,,,0.0,0.0,2.0
20260428,002892.SZ,,,,,,,,,,,,,11.46,9.38,,,,,0.0,0.0,2.0
20260428,002893.SZ,,,,,,,,,,,,,11.51,9.41,,,,,0.0,0.0,2.0
20260428,002895.SZ,,,,,,,,,,,,,39.72,32.5,,,,,0.0,0.0,2.0
20260428,002896.SZ,,,,,,,,,,,,,78.5,64.22,,,,,0.0,0.0,2.0
20260428,002897.SZ,,,,,,,,,,,,,73.41,60.07,,,,,0.0,0.0,2.0
20260428,002898.SZ,,,,,,,,,,,,,10.16,9.2,,,,,0.0,0.0,2.0
20260428,002899.SZ,,,,,,,,,,,,,36.09,29.53,,,,,0.0,0.0,2.0
20260428,002900.SZ,,,,,,,,,,,,,11.99,9.81,,,,,0.0,0.0,2.0
20260428,002901.SZ,,,,,,,,,,,,,46.04,37.67,,,,,0.0,0.0,2.0
20260428,002902.SZ,,U,0.0,157883573.0,157883573.0,93542.0,93542.0,,,,,,31.47,25.75,1.0,8.0,3.0,0.0,1.0,0.0,2.436850836812855
20260428,002903.SZ,,,,,,,,,,,,,36.21,29.63,,,,,0.0,0.0,2.0
20260428,002905.SZ,,,,,,,,,,,,,10.8,8.84,,,,,0.0,0.0,2.0
20260428,002906.SZ,,,,,,,,,,,,,34.55,28.27,,,,,0.0,0.0,2.0
20260428,002907.SZ,,,,,,,,,,,,,15.42,12.62,,,,,0.0,0.0,2.0
20260428,002908.SZ,,,,,,,,,,,,,9.37,7.67,,,,,0.0,0.0,2.0
20260428,002909.SZ,,,,,,,,,,,,,7.19,5.89,,,,,0.0,0.0,2.0
20260428,002910.SZ,,,,,,,,,,,,,11.92,9.76,,,,,0.0,0.0,2.0
20260428,002911.SZ,,,,,,,,,,,,,13.48,11.03,,,,,0.0,0.0,2.0
20260428,002912.SZ,,,,,,,,,,,,,29.82,24.4,,,,,0.0,0.0,2.0
20260428,002913.SZ,,,,,,,,,,,,,54.37,44.49,,,,,0.0,0.0,2.0
20260428,002915.SZ,,,,,,,,,,,,,21.3,17.42,,,,,0.0,0.0,2.0
20260428,002916.SZ,,,,,,,,,,,,,353.98,289.62,,,,,0.0,0.0,2.0
20260428,002917.SZ,,,,,,,,,,,,,14.28,11.68,,,,,0.0,0.0,2.0
20260428,002918.SZ,,,,,,,,,,,,,12.41,10.15,,,,,0.0,0.0,2.0
20260428,002919.SZ,,,,,,,,,,,,,25.82,21.12,,,,,0.0,0.0,2.0
20260428,002920.SZ,,,,,,,,,,,,,122.43,100.17,,,,,0.0,0.0,2.0
20260428,002921.SZ,,,,,,,,,,,,,30.6,25.04,,,,,0.0,0.0,2.0
20260428,002922.SZ,,,,,,,,,,,,,45.17,36.95,,,,,0.0,0.0,2.0
20260428,002923.SZ,,U,0.0,100826964.0,100826964.0,93442.0,93442.0,,,,,,13.79,11.29,1.0,3.0,3.0,0.0,1.0,0.0,2.369325919972052
20260428,002925.SZ,,,,,,,,,,,,,21.51,17.6,,,,,0.0,0.0,2.0
20260428,002926.SZ,,,,,,,,,,,,,9.54,7.8,,,,,0.0,0.0,2.0
20260428,002927.SZ,,,,,,,,,,,,,19.42,15.89,,,,,0.0,0.0,2.0
20260428,002928.SZ,,,,,,,,,,,,,9.01,7.37,,,,,0.0,0.0,2.0
20260428,002929.SZ,,,,,,,,,,,,,60.89,49.82,,,,,0.0,0.0,2.0
20260428,002930.SZ,,,,,,,,,,,,,13.63,11.15,,,,,0.0,0.0,2.0
20260428,002931.SZ,,,,,,,,,,,,,68.56,56.1,,,,,0.0,0.0,2.0
20260428,002932.SZ,,,,,,,,,,,,,18.46,16.7,,,,,0.0,0.0,2.0
20260428,002933.SZ,,,,,,,,,,,,,35.0,28.64,,,,,0.0,0.0,2.0
20260428,002935.SZ,,,,,,,,,,,,,23.61,19.31,,,,,0.0,0.0,2.0
20260428,002936.SZ,,,,,,,,,,,,,1.99,1.63,,,,,0.0,0.0,2.0
20260428,002937.SZ,,,,,,,,,,,,,35.85,29.33,,,,,0.0,0.0,2.0
20260428,002938.SZ,,,,,,,,,,,,,84.9,69.46,,,,,0.0,0.0,2.0
20260428,002939.SZ,,,,,,,,,,,,,9.76,7.98,,,,,0.0,0.0,2.0
20260428,002940.SZ,,,,,,,,,,,,,39.96,32.7,,,,,0.0,0.0,2.0
20260428,002941.SZ,,,,,,,,,,,,,16.46,13.46,,,,,0.0,0.0,2.0
20260428,002942.SZ,,,,,,,,,,,,,21.89,17.91,,,,,0.0,0.0,2.0
20260428,002943.SZ,,,,,,,,,,,,,67.07,54.87,,,,,0.0,0.0,2.0
20260428,002945.SZ,,,,,,,,,,,,,16.74,13.7,,,,,0.0,0.0,2.0
20260428,002946.SZ,,,,,,,,,,,,,20.45,16.73,,,,,0.0,0.0,2.0
20260428,002947.SZ,,,,,,,,,,,,,88.7,72.58,,,,,0.0,0.0,2.0
20260428,002948.SZ,,,,,,,,,,,,,6.11,5.0,,,,,0.0,0.0,2.0
20260428,002949.SZ,,,,,,,,,,,,,16.41,13.43,,,,,0.0,0.0,2.0
20260428,002950.SZ,,,,,,,,,,,,,15.52,12.7,,,,,0.0,0.0,2.0
20260428,002951.SZ,,,,,,,,,,,,,16.69,13.65,,,,,0.0,0.0,2.0
20260428,002952.SZ,,,,,,,,,,,,,31.76,25.98,,,,,0.0,0.0,2.0
20260428,002953.SZ,,,,,,,,,,,,,13.22,10.82,,,,,0.0,0.0,2.0
20260428,002955.SZ,,,,,,,,,,,,,28.34,23.18,,,,,0.0,0.0,2.0
20260428,002956.SZ,,,,,,,,,,,,,32.8,26.84,,,,,0.0,0.0,2.0
20260428,002957.SZ,,,,,,,,,,,,,50.39,41.23,,,,,0.0,0.0,2.0
20260428,002958.SZ,,,,,,,,,,,,,3.3,2.7,,,,,0.0,0.0,2.0
20260428,002959.SZ,,,,,,,,,,,,,46.98,38.44,,,,,0.0,0.0,2.0
20260428,002960.SZ,,,,,,,,,,,,,13.3,10.88,,,,,0.0,0.0,2.0
20260428,002961.SZ,,,,,,,,,,,,,27.04,22.12,,,,,0.0,0.0,2.0
20260428,002962.SZ,,,,,,,,,,,,,18.67,15.27,,,,,0.0,0.0,2.0
20260428,002963.SZ,,,,,,,,,,,,,17.35,14.19,,,,,0.0,0.0,2.0
20260428,002965.SZ,,,,,,,,,,,,,33.51,27.41,,,,,0.0,0.0,2.0
20260428,002966.SZ,,,,,,,,,,,,,9.59,7.85,,,,,0.0,0.0,2.0
20260428,002967.SZ,,,,,,,,,,,,,24.24,19.84,,,,,0.0,0.0,2.0
20260428,002968.SZ,,,,,,,,,,,,,13.0,10.64,,,,,0.0,0.0,2.0
20260428,002969.SZ,,,,,,,,,,,,,23.86,19.52,,,,,0.0,0.0,2.0
20260428,002970.SZ,,,,,,,,,,,,,75.69,61.93,,,,,0.0,0.0,2.0
20260428,002971.SZ,,,,,,,,,,,,,36.36,29.75,,,,,0.0,0.0,2.0
20260428,002972.SZ,,,,,,,,,,,,,14.85,12.15,,,,,0.0,0.0,2.0
20260428,002973.SZ,,,,,,,,,,,,,14.14,11.57,,,,,0.0,0.0,2.0
20260428,002975.SZ,,,,,,,,,,,,,128.99,105.53,,,,,0.0,0.0,2.0
20260428,002976.SZ,,,,,,,,,,,,,32.59,26.67,,,,,0.0,0.0,2.0
20260428,002977.SZ,,,,,,,,,,,,,28.91,26.15,,,,,0.0,0.0,2.0
20260428,002978.SZ,,,,,,,,,,,,,35.0,28.64,,,,,0.0,0.0,2.0
20260428,002979.SZ,,,,,,,,,,,,,48.92,40.02,,,,,0.0,0.0,2.0
20260428,002980.SZ,,,,,,,,,,,,,88.99,72.81,,,,,0.0,0.0,2.0
20260428,002981.SZ,,,,,,,,,,,,,27.14,22.2,,,,,0.0,0.0,2.0
20260428,002982.SZ,,,,,,,,,,,,,15.36,12.56,,,,,0.0,0.0,2.0
20260428,002983.SZ,,,,,,,,,,,,,26.54,21.72,,,,,0.0,0.0,2.0
20260428,002984.SZ,,,,,,,,,,,,,19.07,15.61,,,,,0.0,0.0,2.0
20260428,002985.SZ,,,,,,,,,,,,,40.96,33.52,,,,,0.0,0.0,2.0
20260428,002986.SZ,,,,,,,,,,,,,16.38,13.4,,,,,0.0,0.0,2.0
20260428,002987.SZ,,,,,,,,,,,,,17.66,14.45,,,,,0.0,0.0,2.0
20260428,002988.SZ,,,,,,,,,,,,,37.6,30.76,,,,,0.0,0.0,2.0
20260428,002989.SZ,,U,0.0,69873840.0,69873840.0,144315.0,144315.0,,,,,,26.3,21.52,1.0,7.0,3.0,0.0,1.0,0.0,2.332693754817213
20260428,002990.SZ,,,,,,,,,,,,,53.57,43.83,,,,,0.0,0.0,2.0
20260428,002991.SZ,,,,,,,,,,,,,55.15,45.13,,,,,0.0,0.0,2.0
20260428,002992.SZ,,,,,,,,,,,,,59.46,48.65,,,,,0.0,0.0,2.0
20260428,002993.SZ,,,,,,,,,,,,,50.47,41.29,,,,,0.0,0.0,2.0
20260428,002995.SZ,,,,,,,,,,,,,23.85,19.51,,,,,0.0,0.0,2.0
20260428,002996.SZ,,,,,,,,,,,,,8.15,6.67,,,,,0.0,0.0,2.0
20260428,002997.SZ,,,,,,,,,,,,,32.63,26.69,,,,,0.0,0.0,2.0
20260428,002998.SZ,,,,,,,,,,,,,10.29,8.42,,,,,0.0,0.0,2.0
20260428,002999.SZ,,,,,,,,,,,,,8.13,6.65,,,,,0.0,0.0,2.0
20260428,003000.SZ,,,,,,,,,,,,,12.36,10.12,,,,,0.0,0.0,2.0
20260428,003001.SZ,,,,,,,,,,,,,18.04,14.76,,,,,0.0,0.0,2.0
20260428,003002.SZ,,,,,,,,,,,,,31.25,25.57,,,,,0.0,0.0,2.0
20260428,003003.SZ,,,,,,,,,,,,,14.71,12.03,,,,,0.0,0.0,2.0
20260428,003004.SZ,,,,,,,,,,,,,33.67,30.47,,,,,0.0,0.0,2.0
20260428,003005.SZ,,,,,,,,,,,,,20.23,16.55,,,,,0.0,0.0,2.0
20260428,003006.SZ,,,,,,,,,,,,,20.37,16.67,,,,,0.0,0.0,2.0
20260428,003007.SZ,,,,,,,,,,,,,49.53,40.53,,,,,0.0,0.0,2.0
20260428,003008.SZ,,,,,,,,,,,,,24.81,20.3,,,,,0.0,0.0,2.0
20260428,003009.SZ,,,,,,,,,,,,,66.18,54.14,,,,,0.0,0.0,2.0
20260428,003010.SZ,,,,,,,,,,,,,33.32,27.26,,,,,0.0,0.0,2.0
20260428,003011.SZ,,,,,,,,,,,,,25.86,21.16,,,,,0.0,0.0,2.0
20260428,003012.SZ,,,,,,,,,,,,,6.83,5.59,,,,,0.0,0.0,2.0
20260428,003013.SZ,,,,,,,,,,,,,14.69,12.02,,,,,0.0,0.0,2.0
20260428,003015.SZ,,,,,,,,,,,,,17.6,14.4,,,,,0.0,0.0,2.0
20260428,003016.SZ,,,,,,,,,,,,,9.13,7.47,,,,,0.0,0.0,2.0
20260428,003017.SZ,,,,,,,,,,,,,35.12,28.74,,,,,0.0,0.0,2.0
20260428,003018.SZ,,,,,,,,,,,,,61.08,49.98,,,,,0.0,0.0,2.0
20260428,003019.SZ,,,,,,,,,,,,,38.4,31.42,,,,,0.0,0.0,2.0
20260428,003020.SZ,,,,,,,,,,,,,25.62,20.96,,,,,0.0,0.0,2.0
20260428,003021.SZ,,,,,,,,,,,,,110.2,90.16,,,,,0.0,0.0,2.0
20260428,003022.SZ,,,,,,,,,,,,,27.07,22.15,,,,,0.0,0.0,2.0
20260428,003023.SZ,,,,,,,,,,,,,33.39,27.32,,,,,0.0,0.0,2.0
20260428,003025.SZ,,,,,,,,,,,,,15.28,12.5,,,,,0.0,0.0,2.0
20260428,003026.SZ,,U,0.0,96830963.0,96830963.0,100006.0,100006.0,,,,,,45.28,37.04,0.0,,,0.0,1.0,0.0,2.114596763438744
20260428,003027.SZ,,,,,,,,,,,,,26.36,21.56,,,,,0.0,0.0,2.0
20260428,003028.SZ,,,,,,,,,,,,,31.33,25.63,,,,,0.0,0.0,2.0
20260428,003029.SZ,,,,,,,,,,,,,23.41,19.15,,,,,0.0,0.0,2.0
20260428,003030.SZ,,,,,,,,,,,,,23.68,19.38,,,,,0.0,0.0,2.0
20260428,003031.SZ,,,,,,,,,,,,,139.59,114.21,,,,,0.0,0.0,2.0
20260428,003032.SZ,,,,,,,,,,,,,6.75,6.11,,,,,0.0,0.0,2.0
20260428,003033.SZ,,,,,,,,,,,,,62.19,50.89,,,,,0.0,0.0,2.0
20260428,003035.SZ,,,,,,,,,,,,,8.68,7.1,,,,,0.0,0.0,2.0
20260428,003036.SZ,,,,,,,,,,,,,40.65,33.26,,,,,0.0,0.0,2.0
20260428,003037.SZ,,,,,,,,,,,,,7.89,6.45,,,,,0.0,0.0,2.0
20260428,003038.SZ,,,,,,,,,,,,,16.04,13.12,,,,,0.0,0.0,2.0
20260428,003039.SZ,,,,,,,,,,,,,15.88,13.0,,,,,0.0,0.0,2.0
20260428,003040.SZ,,,,,,,,,,,,,16.31,13.35,,,,,0.0,0.0,2.0
20260428,003041.SZ,,,,,,,,,,,,,68.44,56.0,,,,,0.0,0.0,2.0
20260428,003042.SZ,,,,,,,,,,,,,18.32,14.99,,,,,0.0,0.0,2.0
20260428,003043.SZ,,,,,,,,,,,,,62.78,51.36,,,,,0.0,0.0,2.0
20260428,003816.SZ,,,,,,,,,,,,,5.08,4.16,,,,,0.0,0.0,2.0
20260428,300001.SZ,,,,,,,,,,,,,36.92,24.62,,,,,0.0,0.0,2.0
20260428,300002.SZ,,,,,,,,,,,,,11.24,7.5,,,,,0.0,0.0,2.0
20260428,300003.SZ,,,,,,,,,,,,,17.5,11.66,,,,,0.0,0.0,2.0
20260428,300004.SZ,,,,,,,,,,,,,15.83,10.55,,,,,0.0,0.0,2.0
20260428,300005.SZ,,,,,,,,,,,,,20.08,13.38,,,,,0.0,0.0,2.0
20260428,300006.SZ,,,,,,,,,,,,,7.66,5.1,,,,,0.0,0.0,2.0
20260428,300007.SZ,,,,,,,,,,,,,51.58,34.38,,,,,0.0,0.0,2.0
20260428,300008.SZ,,,,,,,,,,,,,9.26,6.18,,,,,0.0,0.0,2.0
20260428,300009.SZ,,,,,,,,,,,,,10.66,7.1,,,,,0.0,0.0,2.0
20260428,300010.SZ,,,,,,,,,,,,,6.49,4.33,,,,,0.0,0.0,2.0
20260428,300011.SZ,,,,,,,,,,,,,8.78,5.86,,,,,0.0,0.0,2.0
20260428,300012.SZ,,,,,,,,,,,,,20.29,13.53,,,,,0.0,0.0,2.0
20260428,300013.SZ,,,,,,,,,,,,,4.8,3.2,,,,,0.0,0.0,2.0
20260428,300014.SZ,,,,,,,,,,,,,85.72,57.14,,,,,0.0,0.0,2.0
20260428,300015.SZ,,,,,,,,,,,,,13.06,8.7,,,,,0.0,0.0,2.0
20260428,300016.SZ,,,,,,,,,,,,,11.23,7.49,,,,,0.0,0.0,2.0
20260428,300017.SZ,,,,,,,,,,,,,20.27,13.51,,,,,0.0,0.0,2.0
20260428,300018.SZ,,,,,,,,,,,,,17.16,11.44,,,,,0.0,0.0,2.0
20260428,300019.SZ,,,,,,,,,,,,,22.18,14.78,,,,,0.0,0.0,2.0
20260428,300020.SZ,,,,,,,,,,,,,4.24,2.82,,,,,0.0,0.0,2.0
20260428,300021.SZ,,,,,,,,,,,,,5.23,3.49,,,,,0.0,0.0,2.0
20260428,300022.SZ,,,,,,,,,,,,,11.41,7.61,,,,,0.0,0.0,2.0
20260428,300024.SZ,,,,,,,,,,,,,17.76,11.84,,,,,0.0,0.0,2.0
20260428,300025.SZ,,,,,,,,,,,,,6.71,4.47,,,,,0.0,0.0,2.0
20260428,300026.SZ,,,,,,,,,,,,,4.02,2.68,,,,,0.0,0.0,2.0
20260428,300027.SZ,,,,,,,,,,,,,2.2,1.46,,,,,0.0,0.0,2.0
20260428,300029.SZ,,,,,,,,,,,,,5.18,3.46,,,,,0.0,0.0,2.0
20260428,300030.SZ,,,,,,,,,,,,,9.61,6.41,,,,,0.0,0.0,2.0
20260428,300031.SZ,,,,,,,,,,,,,27.24,18.16,,,,,0.0,0.0,2.0
20260428,300032.SZ,,,,,,,,,,,,,6.8,4.54,,,,,0.0,0.0,2.0
20260428,300033.SZ,,,,,,,,,,,,,274.92,183.28,,,,,0.0,0.0,2.0
20260428,300034.SZ,,,,,,,,,,,,,23.6,15.74,,,,,0.0,0.0,2.0
20260428,300035.SZ,,,,,,,,,,,,,29.57,19.71,,,,,0.0,0.0,2.0
20260428,300036.SZ,,,,,,,,,,,,,18.95,12.63,,,,,0.0,0.0,2.0
20260428,300037.SZ,,,,,,,,,,,,,81.96,54.64,,,,,0.0,0.0,2.0
20260428,300039.SZ,,,,,,,,,,,,,6.88,4.58,,,,,0.0,0.0,2.0
20260428,300040.SZ,,,,,,,,,,,,,8.68,5.78,,,,,0.0,0.0,2.0
20260428,300041.SZ,,,,,,,,,,,,,13.78,9.18,,,,,0.0,0.0,2.0
20260428,300042.SZ,,,,,,,,,,,,,60.36,40.24,,,,,0.0,0.0,2.0
20260428,300043.SZ,,,,,,,,,,,,,7.4,4.94,,,,,0.0,0.0,2.0
20260428,300044.SZ,,,,,,,,,,,,,8.06,5.38,,,,,0.0,0.0,2.0
20260428,300045.SZ,,,,,,,,,,,,,26.66,17.78,,,,,0.0,0.0,2.0
20260428,300046.SZ,,,,,,,,,,,,,39.0,26.0,,,,,0.0,0.0,2.0
20260428,300047.SZ,,,,,,,,,,,,,15.08,10.06,,,,,0.0,0.0,2.0
20260428,300048.SZ,,,,,,,,,,,,,7.75,5.17,,,,,0.0,0.0,2.0
20260428,300049.SZ,,,,,,,,,,,,,66.11,44.07,,,,,0.0,0.0,2.0
20260428,300050.SZ,,,,,,,,,,,,,8.45,5.63,,,,,0.0,0.0,2.0
20260428,300051.SZ,,,,,,,,,,,,,19.8,13.2,,,,,0.0,0.0,2.0
20260428,300052.SZ,,,,,,,,,,,,,14.66,9.78,,,,,0.0,0.0,2.0
20260428,300053.SZ,,,,,,,,,,,,,21.49,14.33,,,,,0.0,0.0,2.0
20260428,300054.SZ,,,,,,,,,,,,,67.57,45.05,,,,,0.0,0.0,2.0
20260428,300055.SZ,,,,,,,,,,,,,14.02,9.34,,,,,0.0,0.0,2.0
20260428,300056.SZ,,,,,,,,,,,,,12.13,8.09,,,,,0.0,0.0,2.0
20260428,300057.SZ,,,,,,,,,,,,,10.79,7.19,,,,,0.0,0.0,2.0
20260428,300058.SZ,,,,,,,,,,,,,20.72,13.82,,,,,0.0,0.0,2.0
20260428,300059.SZ,,,,,,,,,,,,,23.98,15.98,,,,,0.0,0.0,2.0
20260428,300061.SZ,,,,,,,,,,,,,12.01,8.01,,,,,0.0,0.0,2.0
20260428,300062.SZ,,,,,,,,,,,,,9.24,6.16,,,,,0.0,0.0,2.0
20260428,300063.SZ,,,,,,,,,,,,,13.74,9.16,,,,,0.0,0.0,2.0
20260428,300065.SZ,,,,,,,,,,,,,30.74,20.5,,,,,0.0,0.0,2.0
20260428,300066.SZ,,,,,,,,,,,,,7.49,4.99,,,,,0.0,0.0,2.0
20260428,300067.SZ,,,,,,,,,,,,,7.82,5.22,,,,,0.0,0.0,2.0
20260428,300068.SZ,,,,,,,,,,,,,13.48,8.98,,,,,0.0,0.0,2.0
20260428,300069.SZ,,,,,,,,,,,,,31.14,20.76,,,,,0.0,0.0,2.0
20260428,300070.SZ,,,,,,,,,,,,,4.91,3.27,,,,,0.0,0.0,2.0
20260428,300071.SZ,,,,,,,,,,,,,5.78,3.86,,,,,0.0,0.0,2.0
20260428,300072.SZ,,,,,,,,,,,,,5.54,3.7,,,,,0.0,0.0,2.0
20260428,300073.SZ,,,,,,,,,,,,,75.13,50.09,,,,,0.0,0.0,2.0
20260428,300074.SZ,,,,,,,,,,,,,4.92,3.28,,,,,0.0,0.0,2.0
20260428,300075.SZ,,,,,,,,,,,,,16.25,10.83,,,,,0.0,0.0,2.0
20260428,300076.SZ,,,,,,,,,,,,,6.05,4.03,,,,,0.0,0.0,2.0
20260428,300077.SZ,,,,,,,,,,,,,27.7,18.46,,,,,0.0,0.0,2.0
20260428,300078.SZ,,,,,,,,,,,,,4.66,3.1,,,,,0.0,0.0,2.0
20260428,300079.SZ,,,,,,,,,,,,,6.68,4.46,,,,,0.0,0.0,2.0
20260428,300080.SZ,,,,,,,,,,,,,5.39,3.59,,,,,0.0,0.0,2.0
20260428,300081.SZ,,,,,,,,,,,,,4.81,3.21,,,,,0.0,0.0,2.0
20260428,300082.SZ,,,,,,,,,,,,,16.09,10.73,,,,,0.0,0.0,2.0
20260428,300083.SZ,,,,,,,,,,,,,10.18,6.78,,,,,0.0,0.0,2.0
20260428,300084.SZ,,,,,,,,,,,,,13.58,9.06,,,,,0.0,0.0,2.0
20260428,300085.SZ,,,,,,,,,,,,,42.83,28.55,,,,,0.0,0.0,2.0
20260428,300086.SZ,,,,,,,,,,,,,8.48,5.66,,,,,0.0,0.0,2.0
20260428,300087.SZ,,,,,,,,,,,,,10.01,6.67,,,,,0.0,0.0,2.0
20260428,300088.SZ,,,,,,,,,,,,,8.47,5.65,,,,,0.0,0.0,2.0
20260428,300091.SZ,,,,,,,,,,,,,3.79,2.53,,,,,0.0,0.0,2.0
20260428,300092.SZ,,,,,,,,,,,,,20.14,13.42,,,,,0.0,0.0,2.0
20260428,300093.SZ,,,,,,,,,,,,,26.58,17.72,,,,,0.0,0.0,2.0
20260428,300094.SZ,,,,,,,,,,,,,3.64,2.42,,,,,0.0,0.0,2.0
20260428,300095.SZ,,,,,,,,,,,,,11.47,7.65,,,,,0.0,0.0,2.0
20260428,300096.SZ,,,,,,,,,,,,,11.81,7.87,,,,,0.0,0.0,2.0
20260428,300097.SZ,,,,,,,,,,,,,13.24,8.82,,,,,0.0,0.0,2.0
20260428,300098.SZ,,,,,,,,,,,,,6.26,4.18,,,,,0.0,0.0,2.0
20260428,300099.SZ,,,,,,,,,,,,,10.75,7.17,,,,,0.0,0.0,2.0
20260428,300100.SZ,,,,,,,,,,,,,35.9,23.94,,,,,0.0,0.0,2.0
20260428,300101.SZ,,,,,,,,,,,,,26.86,17.9,,,,,0.0,0.0,2.0
20260428,300102.SZ,,,,,,,,,,,,,38.11,25.41,,,,,0.0,0.0,2.0
20260428,300103.SZ,,,,,,,,,,,,,9.64,6.42,,,,,0.0,0.0,2.0
20260428,300105.SZ,,,,,,,,,,,,,8.11,5.41,,,,,0.0,0.0,2.0
20260428,300106.SZ,,,,,,,,,,,,,13.08,8.72,,,,,0.0,0.0,2.0
20260428,300107.SZ,,,,,,,,,,,,,8.74,5.82,,,,,0.0,0.0,2.0
20260428,300109.SZ,,,,,,,,,,,,,23.26,15.5,,,,,0.0,0.0,2.0
20260428,300110.SZ,,,,,,,,,,,,,3.72,2.48,,,,,0.0,0.0,2.0
20260428,300111.SZ,,,,,,,,,,,,,4.63,3.09,,,,,0.0,0.0,2.0
20260428,300112.SZ,,,,,,,,,,,,,9.8,6.54,,,,,0.0,0.0,2.0
20260428,300113.SZ,,,,,,,,,,,,,31.68,21.12,,,,,0.0,0.0,2.0
20260428,300115.SZ,,,,,,,,,,,,,39.7,26.46,,,,,0.0,0.0,2.0
20260428,300118.SZ,,,,,,,,,,,,,18.92,12.62,,,,,0.0,0.0,2.0
20260428,300119.SZ,,,,,,,,,,,,,21.37,14.25,,,,,0.0,0.0,2.0
20260428,300120.SZ,,,,,,,,,,,,,8.83,5.89,,,,,0.0,0.0,2.0
20260428,300121.SZ,,,,,,,,,,,,,15.44,10.3,,,,,0.0,0.0,2.0
20260428,300122.SZ,,,,,,,,,,,,,17.92,11.94,,,,,0.0,0.0,2.0
20260428,300123.SZ,,,,,,,,,,,,,4.66,3.1,,,,,0.0,0.0,2.0
20260428,300124.SZ,,,,,,,,,,,,,78.89,52.59,,,,,0.0,0.0,2.0
20260428,300125.SZ,,,,,,,,,,,,,11.33,7.55,,,,,0.0,0.0,2.0
20260428,300126.SZ,,,,,,,,,,,,,9.46,6.3,,,,,0.0,0.0,2.0
20260428,300127.SZ,,,,,,,,,,,,,36.24,24.16,,,,,0.0,0.0,2.0
20260428,300128.SZ,,,,,,,,,,,,,7.36,4.9,,,,,0.0,0.0,2.0
20260428,300129.SZ,,,,,,,,,,,,,13.24,8.82,,,,,0.0,0.0,2.0
20260428,300130.SZ,,,,,,,,,,,,,27.6,18.4,,,,,0.0,0.0,2.0
20260428,300131.SZ,,,,,,,,,,,,,20.65,13.77,,,,,0.0,0.0,2.0
20260428,300132.SZ,,,,,,,,,,,,,11.46,7.64,,,,,0.0,0.0,2.0
20260428,300133.SZ,,,,,,,,,,,,,10.93,7.29,,,,,0.0,0.0,2.0
20260428,300134.SZ,,,,,,,,,,,,,13.28,8.86,,,,,0.0,0.0,2.0
20260428,300135.SZ,,,,,,,,,,,,,4.67,3.11,,,,,0.0,0.0,2.0
20260428,300136.SZ,,,,,,,,,,,,,106.15,70.77,,,,,0.0,0.0,2.0
20260428,300137.SZ,,,,,,,,,,,,,20.94,13.96,,,,,0.0,0.0,2.0
20260428,300138.SZ,,,,,,,,,,,,,13.98,9.32,,,,,0.0,0.0,2.0
20260428,300139.SZ,,,,,,,,,,,,,63.92,42.62,,,,,0.0,0.0,2.0
20260428,300140.SZ,,,,,,,,,,,,,7.96,5.3,,,,,0.0,0.0,2.0
20260428,300141.SZ,,,,,,,,,,,,,15.6,10.4,,,,,0.0,0.0,2.0
20260428,300142.SZ,,,,,,,,,,,,,14.34,9.56,,,,,0.0,0.0,2.0
20260428,300143.SZ,,,,,,,,,,,,,13.66,9.1,,,,,0.0,0.0,2.0
20260428,300144.SZ,,,,,,,,,,,,,9.34,6.22,,,,,0.0,0.0,2.0
20260428,300145.SZ,,,,,,,,,,,,,6.02,4.02,,,,,0.0,0.0,2.0
20260428,300146.SZ,,,,,,,,,,,,,12.67,8.45,,,,,0.0,0.0,2.0
20260428,300147.SZ,,,,,,,,,,,,,11.4,7.6,,,,,0.0,0.0,2.0
20260428,300148.SZ,,,,,,,,,,,,,5.04,3.36,,,,,0.0,0.0,2.0
20260428,300149.SZ,,,,,,,,,,,,,12.6,8.4,,,,,0.0,0.0,2.0
20260428,300150.SZ,,,,,,,,,,,,,6.07,4.05,,,,,0.0,0.0,2.0
20260428,300151.SZ,,,,,,,,,,,,,21.64,14.42,,,,,0.0,0.0,2.0
20260428,300152.SZ,,,,,,,,,,,,,2.21,1.47,,,,,0.0,0.0,2.0
20260428,300153.SZ,,,,,,,,,,,,,33.84,22.56,,,,,0.0,0.0,2.0
20260428,300154.SZ,,,,,,,,,,,,,10.26,6.84,,,,,0.0,0.0,2.0
20260428,300155.SZ,,,,,,,,,,,,,5.8,3.86,,,,,0.0,0.0,2.0
20260428,300157.SZ,,,,,,,,,,,,,7.16,4.78,,,,,0.0,0.0,2.0
20260428,300158.SZ,,,,,,,,,,,,,7.04,4.7,,,,,0.0,0.0,2.0
20260428,300159.SZ,,,,,,,,,,,,,4.13,2.75,,,,,0.0,0.0,2.0
20260428,300160.SZ,,,,,,,,,,,,,6.25,4.17,,,,,0.0,0.0,2.0
20260428,300161.SZ,,,,,,,,,,,,,35.11,23.41,,,,,0.0,0.0,2.0
20260428,300162.SZ,,,,,,,,,,,,,11.14,7.42,,,,,0.0,0.0,2.0
20260428,300163.SZ,,,,,,,,,,,,,5.94,3.96,,,,,0.0,0.0,2.0
20260428,300164.SZ,,,,,,,,,,,,,15.68,10.46,,,,,0.0,0.0,2.0
20260428,300165.SZ,,,,,,,,,,,,,7.54,5.02,,,,,0.0,0.0,2.0
20260428,300166.SZ,,,,,,,,,,,,,19.15,12.77,,,,,0.0,0.0,2.0
20260428,300167.SZ,,,,,,,,,,,,,8.06,5.38,,,,,0.0,0.0,2.0
20260428,300168.SZ,,,,,,,,,,,,,6.47,4.31,,,,,0.0,0.0,2.0
20260428,300169.SZ,,,,,,,,,,,,,7.42,4.94,,,,,0.0,0.0,2.0
20260428,300170.SZ,,,,,,,,,,,,,24.88,16.58,,,,,0.0,0.0,2.0
20260428,300171.SZ,,,,,,,,,,,,,16.98,11.32,,,,,0.0,0.0,2.0
20260428,300172.SZ,,,,,,,,,,,,,6.42,4.28,,,,,0.0,0.0,2.0
20260428,300173.SZ,,,,,,,,,,,,,5.18,3.46,,,,,0.0,0.0,2.0
20260428,300174.SZ,,,,,,,,,,,,,21.37,14.25,,,,,0.0,0.0,2.0
20260428,300175.SZ,,,,,,,,,,,,,7.79,5.19,,,,,0.0,0.0,2.0
20260428,300176.SZ,,,,,,,,,,,,,8.75,5.83,,,,,0.0,0.0,2.0
20260428,300177.SZ,,,,,,,,,,,,,9.55,6.37,,,,,0.0,0.0,2.0
20260428,300179.SZ,,,,,,,,,,,,,35.15,23.43,,,,,0.0,0.0,2.0
20260428,300180.SZ,,,,,,,,,,,,,6.46,4.3,,,,,0.0,0.0,2.0
20260428,300181.SZ,,,,,,,,,,,,,18.53,12.35,,,,,0.0,0.0,2.0
20260428,300182.SZ,,,,,,,,,,,,,6.88,4.58,,,,,0.0,0.0,2.0
20260428,300183.SZ,,,,,,,,,,,,,15.86,10.58,,,,,0.0,0.0,2.0
20260428,300184.SZ,,,,,,,,,,,,,16.22,10.82,,,,,0.0,0.0,2.0
20260428,300185.SZ,,,,,,,,,,,,,3.84,2.56,,,,,0.0,0.0,2.0
20260428,300187.SZ,,U,2.0,39564176.0,39564176.0,100924.0,130212.0,,,,,,6.14,4.1,1.0,5.0,3.0,0.0,1.0,0.0,1.6301564400881512
20260428,300188.SZ,,,,,,,,,,,,,15.17,10.11,,,,,0.0,0.0,2.0
20260428,300189.SZ,,,,,,,,,,,,,7.13,4.75,,,,,0.0,0.0,2.0
20260428,300190.SZ,,,,,,,,,,,,,4.94,3.3,,,,,0.0,0.0,2.0
20260428,300191.SZ,,,,,,,,,,,,,49.06,32.7,,,,,0.0,0.0,2.0
20260428,300192.SZ,,,,,,,,,,,,,23.52,15.68,,,,,0.0,0.0,2.0
20260428,300193.SZ,,,,,,,,,,,,,10.55,7.03,,,,,0.0,0.0,2.0
20260428,300194.SZ,,,,,,,,,,,,,4.99,3.33,,,,,0.0,0.0,2.0
20260428,300195.SZ,,,,,,,,,,,,,9.28,6.18,,,,,0.0,0.0,2.0
20260428,300196.SZ,,,,,,,,,,,,,23.39,15.59,,,,,0.0,0.0,2.0
20260428,300197.SZ,,,,,,,,,,,,,1.9,1.26,,,,,0.0,0.0,2.0
20260428,300199.SZ,,,,,,,,,,,,,26.87,17.91,,,,,0.0,0.0,2.0
20260428,300200.SZ,,,,,,,,,,,,,12.55,8.37,,,,,0.0,0.0,2.0
20260428,300201.SZ,,,,,,,,,,,,,13.98,9.32,,,,,0.0,0.0,2.0
20260428,300203.SZ,,,,,,,,,,,,,16.64,11.1,,,,,0.0,0.0,2.0
20260428,300204.SZ,,,,,,,,,,,,,33.01,22.01,,,,,0.0,0.0,2.0
20260428,300205.SZ,,,,,,,,,,,,,7.64,5.1,,,,,0.0,0.0,2.0
20260428,300206.SZ,,,,,,,,,,,,,18.0,12.0,,,,,0.0,0.0,2.0
20260428,300207.SZ,,,,,,,,,,,,,32.48,21.66,,,,,0.0,0.0,2.0
20260428,300209.SZ,,,,,,,,,,,,,15.84,10.56,,,,,0.0,0.0,2.0
20260428,300210.SZ,,,,,,,,,,,,,10.87,7.25,,,,,0.0,0.0,2.0
20260428,300211.SZ,,,,,,,,,,,,,10.15,6.77,,,,,0.0,0.0,2.0
20260428,300212.SZ,,,,,,,,,,,,,9.94,6.62,,,,,0.0,0.0,2.0
20260428,300213.SZ,,,,,,,,,,,,,9.85,6.57,,,,,0.0,0.0,2.0
20260428,300214.SZ,,,,,,,,,,,,,9.48,6.32,,,,,0.0,0.0,2.0
20260428,300215.SZ,,,,,,,,,,,,,10.28,6.86,,,,,0.0,0.0,2.0
20260428,300217.SZ,,,,,,,,,,,,,6.26,4.18,,,,,0.0,0.0,2.0
20260428,300218.SZ,,,,,,,,,,,,,17.74,11.82,,,,,0.0,0.0,2.0
20260428,300219.SZ,,,,,,,,,,,,,9.13,6.09,,,,,0.0,0.0,2.0
20260428,300220.SZ,,,,,,,,,,,,,17.36,11.58,,,,,0.0,0.0,2.0
20260428,300221.SZ,,,,,,,,,,,,,13.4,8.94,,,,,0.0,0.0,2.0
20260428,300222.SZ,,,,,,,,,,,,,13.48,8.98,,,,,0.0,0.0,2.0
20260428,300223.SZ,,,,,,,,,,,,,146.98,97.98,,,,,0.0,0.0,2.0
20260428,300224.SZ,,,,,,,,,,,,,15.65,10.43,,,,,0.0,0.0,2.0
20260428,300225.SZ,,,,,,,,,,,,,8.35,5.57,,,,,0.0,0.0,2.0
20260428,300226.SZ,,,,,,,,,,,,,28.12,18.74,,,,,0.0,0.0,2.0
20260428,300227.SZ,,,,,,,,,,,,,13.45,8.97,,,,,0.0,0.0,2.0
20260428,300228.SZ,,,,,,,,,,,,,10.93,7.29,,,,,0.0,0.0,2.0
20260428,300229.SZ,,,,,,,,,,,,,21.83,14.55,,,,,0.0,0.0,2.0
20260428,300230.SZ,,,,,,,,,,,,,5.72,3.82,,,,,0.0,0.0,2.0
20260428,300231.SZ,,,,,,,,,,,,,13.14,8.76,,,,,0.0,0.0,2.0
20260428,300232.SZ,,,,,,,,,,,,,7.64,5.1,,,,,0.0,0.0,2.0
20260428,300233.SZ,,,,,,,,,,,,,19.07,12.71,,,,,0.0,0.0,2.0
20260428,300234.SZ,,,,,,,,,,,,,7.93,5.29,,,,,0.0,0.0,2.0
20260428,300235.SZ,,,,,,,,,,,,,16.91,11.27,,,,,0.0,0.0,2.0
20260428,300236.SZ,,,,,,,,,,,,,107.86,71.9,,,,,0.0,0.0,2.0
20260428,300237.SZ,,,,,,,,,,,,,2.82,1.88,,,,,0.0,0.0,2.0
20260428,300238.SZ,,,,,,,,,,,,,17.45,11.63,,,,,0.0,0.0,2.0
20260428,300239.SZ,,,,,,,,,,,,,6.6,4.4,,,,,0.0,0.0,2.0
20260428,300240.SZ,,,,,,,,,,,,,8.15,5.43,,,,,0.0,0.0,2.0
20260428,300241.SZ,,,,,,,,,,,,,8.16,5.44,,,,,0.0,0.0,2.0
20260428,300242.SZ,,,,,,,,,,,,,5.69,3.79,,,,,0.0,0.0,2.0
20260428,300243.SZ,,,,,,,,,,,,,21.42,14.28,,,,,0.0,0.0,2.0
20260428,300244.SZ,,,,,,,,,,,,,22.74,15.16,,,,,0.0,0.0,2.0
20260428,300246.SZ,,,,,,,,,,,,,19.88,13.26,,,,,0.0,0.0,2.0
20260428,300247.SZ,,,,,,,,,,,,,5.33,3.55,,,,,0.0,0.0,2.0
20260428,300248.SZ,,,,,,,,,,,,,11.74,7.82,,,,,0.0,0.0,2.0
20260428,300249.SZ,,,,,,,,,,,,,21.1,14.06,,,,,0.0,0.0,2.0
20260428,300250.SZ,,,,,,,,,,,,,26.29,17.53,,,,,0.0,0.0,2.0
20260428,300251.SZ,,,,,,,,,,,,,17.92,11.94,,,,,0.0,0.0,2.0
20260428,300252.SZ,,,,,,,,,,,,,17.74,11.82,,,,,0.0,0.0,2.0
20260428,300253.SZ,,,,,,,,,,,,,10.33,6.89,,,,,0.0,0.0,2.0
20260428,300254.SZ,,,,,,,,,,,,,14.46,9.64,,,,,0.0,0.0,2.0
20260428,300255.SZ,,,,,,,,,,,,,47.76,31.84,,,,,0.0,0.0,2.0
20260428,300256.SZ,,,,,,,,,,,,,4.1,2.74,,,,,0.0,0.0,2.0
20260428,300257.SZ,,,,,,,,,,,,,35.63,23.75,,,,,0.0,0.0,2.0
20260428,300258.SZ,,,,,,,,,,,,,13.76,9.18,,,,,0.0,0.0,2.0
20260428,300259.SZ,,,,,,,,,,,,,5.41,3.61,,,,,0.0,0.0,2.0
20260428,300260.SZ,,,,,,,,,,,,,59.52,39.68,,,,,0.0,0.0,2.0
20260428,300261.SZ,,,,,,,,,,,,,7.15,4.77,,,,,0.0,0.0,2.0
20260428,300263.SZ,,,,,,,,,,,,,12.61,8.41,,,,,0.0,0.0,2.0
20260428,300264.SZ,,,,,,,,,,,,,10.43,6.95,,,,,0.0,0.0,2.0
20260428,300265.SZ,,,,,,,,,,,,,22.66,15.1,,,,,0.0,0.0,2.0
20260428,300266.SZ,,,,,,,,,,,,,2.9,1.94,,,,,0.0,0.0,2.0
20260428,300267.SZ,,,,,,,,,,,,,4.87,3.25,,,,,0.0,0.0,2.0
20260428,300268.SZ,,,,,,,,,,,,,16.52,11.02,,,,,0.0,0.0,2.0
20260428,300269.SZ,,,,,,,,,,,,,8.26,5.5,,,,,0.0,0.0,2.0
20260428,300270.SZ,,,,,,,,,,,,,15.12,10.08,,,,,0.0,0.0,2.0
20260428,300271.SZ,,,,,,,,,,,,,7.94,5.3,,,,,0.0,0.0,2.0
20260428,300272.SZ,,,,,,,,,,,,,9.77,6.51,,,,,0.0,0.0,2.0
20260428,300274.SZ,,,,,,,,,,,,,157.67,105.11,,,,,0.0,0.0,2.0
20260428,300275.SZ,,,,,,,,,,,,,13.68,9.12,,,,,0.0,0.0,2.0
20260428,300276.SZ,,,,,,,,,,,,,8.65,5.77,,,,,0.0,0.0,2.0
20260428,300277.SZ,,,,,,,,,,,,,22.24,14.82,,,,,0.0,0.0,2.0
20260428,300278.SZ,,,,,,,,,,,,,5.78,3.86,,,,,0.0,0.0,2.0
20260428,300279.SZ,,,,,,,,,,,,,9.88,6.58,,,,,0.0,0.0,2.0
20260428,300281.SZ,,,,,,,,,,,,,8.45,5.63,,,,,0.0,0.0,2.0
20260428,300283.SZ,,,,,,,,,,,,,13.7,9.14,,,,,0.0,0.0,2.0
20260428,300284.SZ,,,,,,,,,,,,,7.84,5.22,,,,,0.0,0.0,2.0
20260428,300285.SZ,,,,,,,,,,,,,42.04,28.02,,,,,0.0,0.0,2.0
20260428,300286.SZ,,,,,,,,,,,,,29.14,19.42,,,,,0.0,0.0,2.0
20260428,300287.SZ,,,,,,,,,,,,,5.2,3.46,,,,,0.0,0.0,2.0
20260428,300288.SZ,,,,,,,,,,,,,15.35,10.23,,,,,0.0,0.0,2.0
20260428,300289.SZ,,,,,,,,,,,,,8.21,5.47,,,,,0.0,0.0,2.0
20260428,300290.SZ,,,,,,,,,,,,,18.98,12.66,,,,,0.0,0.0,2.0
20260428,300291.SZ,,,,,,,,,,,,,7.25,4.83,,,,,0.0,0.0,2.0
20260428,300292.SZ,,,,,,,,,,,,,6.44,4.3,,,,,0.0,0.0,2.0
20260428,300293.SZ,,,,,,,,,,,,,21.35,14.23,,,,,0.0,0.0,2.0
20260428,300294.SZ,,,,,,,,,,,,,21.54,14.36,,,,,0.0,0.0,2.0
20260428,300295.SZ,,,,,,,,,,,,,14.98,9.98,,,,,0.0,0.0,2.0
20260428,300296.SZ,,,,,,,,,,,,,7.87,5.25,,,,,0.0,0.0,2.0
20260428,300298.SZ,,,,,,,,,,,,,19.52,13.02,,,,,0.0,0.0,2.0
20260428,300299.SZ,,,,,,,,,,,,,7.1,4.74,,,,,0.0,0.0,2.0
20260428,300300.SZ,,,,,,,,,,,,,15.14,10.1,,,,,0.0,0.0,2.0
20260428,300301.SZ,,,,,,,,,,,,,4.36,2.9,,,,,0.0,0.0,2.0
20260428,300302.SZ,,,,,,,,,,,,,28.8,19.2,,,,,0.0,0.0,2.0
20260428,300303.SZ,,,,,,,,,,,,,11.9,7.94,,,,,0.0,0.0,2.0
20260428,300304.SZ,,,,,,,,,,,,,14.83,9.89,,,,,0.0,0.0,2.0
20260428,300305.SZ,,,,,,,,,,,,,7.87,5.25,,,,,0.0,0.0,2.0
20260428,300306.SZ,,,,,,,,,,,,,14.94,9.96,,,,,0.0,0.0,2.0
20260428,300307.SZ,,,,,,,,,,,,,7.8,5.2,,,,,0.0,0.0,2.0
20260428,300308.SZ,,,,,,,,,,,,,1028.44,685.62,,,,,0.0,0.0,2.0
20260428,300310.SZ,,,,,,,,,,,,,7.06,4.7,,,,,0.0,0.0,2.0
20260428,300311.SZ,,,,,,,,,,,,,6.58,4.38,,,,,0.0,0.0,2.0
20260428,300313.SZ,,,,,,,,,,,,,10.38,6.92,,,,,0.0,0.0,2.0
20260428,300314.SZ,,,,,,,,,,,,,14.09,9.39,,,,,0.0,0.0,2.0
20260428,300315.SZ,,,,,,,,,,,,,5.75,3.83,,,,,0.0,0.0,2.0
20260428,300316.SZ,,,,,,,,,,,,,51.78,34.52,,,,,0.0,0.0,2.0
20260428,300317.SZ,,,,,,,,,,,,,5.78,3.86,,,,,0.0,0.0,2.0
20260428,300318.SZ,,,,,,,,,,,,,6.67,4.45,,,,,0.0,0.0,2.0
20260428,300319.SZ,,,,,,,,,,,,,15.22,10.14,,,,,0.0,0.0,2.0
20260428,300320.SZ,,,,,,,,,,,,,11.18,7.46,,,,,0.0,0.0,2.0
20260428,300321.SZ,,,,,,,,,,,,,44.4,29.6,,,,,0.0,0.0,2.0
20260428,300322.SZ,,,,,,,,,,,,,37.58,25.06,,,,,0.0,0.0,2.0
20260428,300323.SZ,,,,,,,,,,,,,13.46,8.98,,,,,0.0,0.0,2.0
20260428,300324.SZ,,,,,,,,,,,,,5.68,3.78,,,,,0.0,0.0,2.0
20260428,300326.SZ,,,,,,,,,,,,,8.09,5.39,,,,,0.0,0.0,2.0
20260428,300327.SZ,,,,,,,,,,,,,32.98,21.98,,,,,0.0,0.0,2.0
20260428,300328.SZ,,,,,,,,,,,,,20.15,13.43,,,,,0.0,0.0,2.0
20260428,300329.SZ,,,,,,,,,,,,,16.92,11.28,,,,,0.0,0.0,2.0
20260428,300331.SZ,,,,,,,,,,,,,65.12,43.42,,,,,0.0,0.0,2.0
20260428,300332.SZ,,,,,,,,,,,,,6.91,4.61,,,,,0.0,0.0,2.0
20260428,300333.SZ,,,,,,,,,,,,,11.02,7.34,,,,,0.0,0.0,2.0
20260428,300334.SZ,,,,,,,,,,,,,9.43,6.29,,,,,0.0,0.0,2.0
20260428,300335.SZ,,,,,,,,,,,,,7.99,5.33,,,,,0.0,0.0,2.0
20260428,300337.SZ,,,,,,,,,,,,,16.8,11.2,,,,,0.0,0.0,2.0
20260428,300339.SZ,,,,,,,,,,,,,56.09,37.39,,,,,0.0,0.0,2.0
20260428,300340.SZ,,,,,,,,,,,,,13.07,8.71,,,,,0.0,0.0,2.0
20260428,300341.SZ,,,,,,,,,,,,,17.99,11.99,,,,,0.0,0.0,2.0
20260428,300342.SZ,,,,,,,,,,,,,86.18,57.46,,,,,0.0,0.0,2.0
20260428,300343.SZ,,,,,,,,,,,,,7.97,5.31,,,,,0.0,0.0,2.0
20260428,300345.SZ,,,,,,,,,,,,,7.78,5.18,,,,,0.0,0.0,2.0
20260428,300346.SZ,,,,,,,,,,,,,62.08,41.38,,,,,0.0,0.0,2.0
20260428,300347.SZ,,,,,,,,,,,,,68.23,45.49,,,,,0.0,0.0,2.0
20260428,300348.SZ,,,,,,,,,,,,,14.46,9.64,,,,,0.0,0.0,2.0
20260428,300349.SZ,,,,,,,,,,,,,16.06,10.7,,,,,0.0,0.0,2.0
20260428,300350.SZ,,,,,,,,,,,,,6.4,4.26,,,,,0.0,0.0,2.0
20260428,300351.SZ,,,,,,,,,,,,,26.89,17.93,,,,,0.0,0.0,2.0
20260428,300352.SZ,,,,,,,,,,,,,8.51,5.67,,,,,0.0,0.0,2.0
20260428,300353.SZ,,,,,,,,,,,,,23.54,15.7,,,,,0.0,0.0,2.0
20260428,300354.SZ,,,,,,,,,,,,,44.11,29.41,,,,,0.0,0.0,2.0
20260428,300355.SZ,,,,,,,,,,,,,4.37,2.91,,,,,0.0,0.0,2.0
20260428,300357.SZ,,,,,,,,,,,,,31.46,20.98,,,,,0.0,0.0,2.0
20260428,300358.SZ,,,,,,,,,,,,,11.72,7.82,,,,,0.0,0.0,2.0
20260428,300359.SZ,,,,,,,,,,,,,5.9,3.94,,,,,0.0,0.0,2.0
20260428,300360.SZ,,,,,,,,,,,,,18.4,12.26,,,,,0.0,0.0,2.0
20260428,300363.SZ,,,,,,,,,,,,,25.69,17.13,,,,,0.0,0.0,2.0
20260428,300364.SZ,,,,,,,,,,,,,35.24,23.5,,,,,0.0,0.0,2.0
20260428,300365.SZ,,,,,,,,,,,,,6.86,4.58,,,,,0.0,0.0,2.0
20260428,300366.SZ,,,,,,,,,,,,,6.41,4.27,,,,,0.0,0.0,2.0
20260428,300368.SZ,,,,,,,,,,,,,12.34,8.22,,,,,0.0,0.0,2.0
20260428,300369.SZ,,,,,,,,,,,,,9.78,6.52,,,,,0.0,0.0,2.0
20260428,300370.SZ,,,,,,,,,,,,,3.1,2.06,,,,,0.0,0.0,2.0
20260428,300371.SZ,,,,,,,,,,,,,15.76,10.5,,,,,0.0,0.0,2.0
20260428,300373.SZ,,,,,,,,,,,,,94.96,63.3,,,,,0.0,0.0,2.0
20260428,300374.SZ,,,,,,,,,,,,,16.84,11.22,,,,,0.0,0.0,2.0
20260428,300375.SZ,,,,,,,,,,,,,5.81,3.87,,,,,0.0,0.0,2.0
20260428,300376.SZ,,,,,,,,,,,,,7.36,4.9,,,,,0.0,0.0,2.0
20260428,300377.SZ,,,,,,,,,,,,,20.22,13.48,,,,,0.0,0.0,2.0
20260428,300378.SZ,,,,,,,,,,,,,49.06,32.7,,,,,0.0,0.0,2.0
20260428,300380.SZ,,,,,,,,,,,,,40.9,27.26,,,,,0.0,0.0,2.0
20260428,300381.SZ,,,,,,,,,,,,,7.49,4.99,,,,,0.0,0.0,2.0
20260428,300382.SZ,,,,,,,,,,,,,19.1,12.74,,,,,0.0,0.0,2.0
20260428,300383.SZ,,,,,,,,,,,,,19.37,12.91,,,,,0.0,0.0,2.0
20260428,300384.SZ,,,,,,,,,,,,,18.36,12.24,,,,,0.0,0.0,2.0
20260428,300385.SZ,,,,,,,,,,,,,18.4,12.26,,,,,0.0,0.0,2.0
20260428,300386.SZ,,,,,,,,,,,,,15.42,10.28,,,,,0.0,0.0,2.0
20260428,300387.SZ,,,,,,,,,,,,,10.81,7.21,,,,,0.0,0.0,2.0
20260428,300388.SZ,,,,,,,,,,,,,9.8,6.54,,,,,0.0,0.0,2.0
20260428,300389.SZ,,,,,,,,,,,,,23.32,15.54,,,,,0.0,0.0,2.0
20260428,300390.SZ,,,,,,,,,,,,,113.08,75.38,,,,,0.0,0.0,2.0
20260428,300393.SZ,,,,,,,,,,,,,11.82,7.88,,,,,0.0,0.0,2.0
20260428,300394.SZ,,,,,,,,,,,,,386.7,257.8,,,,,0.0,0.0,2.0
20260428,300395.SZ,,,,,,,,,,,,,130.44,86.96,,,,,0.0,0.0,2.0
20260428,300396.SZ,,,,,,,,,,,,,13.76,9.18,,,,,0.0,0.0,2.0
20260428,300397.SZ,,,,,,,,,,,,,15.53,10.35,,,,,0.0,0.0,2.0
20260428,300398.SZ,,,,,,,,,,,,,36.94,24.62,,,,,0.0,0.0,2.0
20260428,300399.SZ,,,,,,,,,,,,,25.96,17.3,,,,,0.0,0.0,2.0
20260428,300400.SZ,,,,,,,,,,,,,30.8,20.54,,,,,0.0,0.0,2.0
20260428,300401.SZ,,,,,,,,,,,,,15.77,10.51,,,,,0.0,0.0,2.0
20260428,300402.SZ,,,,,,,,,,,,,22.27,14.85,,,,,0.0,0.0,2.0
20260428,300403.SZ,,,,,,,,,,,,,13.48,8.98,,,,,0.0,0.0,2.0
20260428,300404.SZ,,,,,,,,,,,,,12.88,8.58,,,,,0.0,0.0,2.0
20260428,300405.SZ,,,,,,,,,,,,,7.46,4.98,,,,,0.0,0.0,2.0
20260428,300406.SZ,,,,,,,,,,,,,15.22,10.14,,,,,0.0,0.0,2.0
20260428,300407.SZ,,,,,,,,,,,,,15.76,10.5,,,,,0.0,0.0,2.0
20260428,300408.SZ,,,,,,,,,,,,,90.85,60.57,,,,,0.0,0.0,2.0
20260428,300409.SZ,,,,,,,,,,,,,32.58,21.72,,,,,0.0,0.0,2.0
20260428,300410.SZ,,,,,,,,,,,,,11.94,7.96,,,,,0.0,0.0,2.0
20260428,300411.SZ,,,,,,,,,,,,,12.34,8.22,,,,,0.0,0.0,2.0
20260428,300412.SZ,,,,,,,,,,,,,6.25,4.17,,,,,0.0,0.0,2.0
20260428,300413.SZ,,,,,,,,,,,,,24.41,16.27,,,,,0.0,0.0,2.0
20260428,300414.SZ,,,,,,,,,,,,,17.32,11.54,,,,,0.0,0.0,2.0
20260428,300415.SZ,,,,,,,,,,,,,28.6,19.06,,,,,0.0,0.0,2.0
20260428,300416.SZ,,,,,,,,,,,,,20.58,13.72,,,,,0.0,0.0,2.0
20260428,300417.SZ,,,,,,,,,,,,,16.08,10.72,,,,,0.0,0.0,2.0
20260428,300418.SZ,,,,,,,,,,,,,61.4,40.94,,,,,0.0,0.0,2.0
20260428,300419.SZ,,,,,,,,,,,,,9.12,6.08,,,,,0.0,0.0,2.0
20260428,300420.SZ,,,,,,,,,,,,,4.46,2.98,,,,,0.0,0.0,2.0
20260428,300421.SZ,,,,,,,,,,,,,28.6,19.06,,,,,0.0,0.0,2.0
20260428,300422.SZ,,,,,,,,,,,,,6.62,4.42,,,,,0.0,0.0,2.0
20260428,300423.SZ,,,,,,,,,,,,,9.48,6.32,,,,,0.0,0.0,2.0
20260428,300424.SZ,,,,,,,,,,,,,21.36,14.24,,,,,0.0,0.0,2.0
20260428,300425.SZ,,,,,,,,,,,,,6.01,4.01,,,,,0.0,0.0,2.0
20260428,300426.SZ,,,,,,,,,,,,,8.98,5.98,,,,,0.0,0.0,2.0
20260428,300427.SZ,,,,,,,,,,,,,13.73,9.15,,,,,0.0,0.0,2.0
20260428,300428.SZ,,,,,,,,,,,,,24.54,16.36,,,,,0.0,0.0,2.0
20260428,300429.SZ,,,,,,,,,,,,,17.2,11.46,,,,,0.0,0.0,2.0
20260428,300430.SZ,,,,,,,,,,,,,20.98,13.98,,,,,0.0,0.0,2.0
20260428,300432.SZ,,,,,,,,,,,,,31.7,21.14,,,,,0.0,0.0,2.0
20260428,300433.SZ,,,,,,,,,,,,,32.05,21.37,,,,,0.0,0.0,2.0
20260428,300434.SZ,,,,,,,,,,,,,13.99,9.33,,,,,0.0,0.0,2.0
20260428,300435.SZ,,,,,,,,,,,,,27.98,18.66,,,,,0.0,0.0,2.0
20260428,300436.SZ,,,,,,,,,,,,,135.06,90.04,,,,,0.0,0.0,2.0
20260428,300437.SZ,,,,,,,,,,,,,19.13,12.75,,,,,0.0,0.0,2.0
20260428,300438.SZ,,,,,,,,,,,,,83.09,55.39,,,,,0.0,0.0,2.0
20260428,300439.SZ,,,,,,,,,,,,,11.69,7.79,,,,,0.0,0.0,2.0
20260428,300440.SZ,,,,,,,,,,,,,20.7,13.8,,,,,0.0,0.0,2.0
20260428,300441.SZ,,,,,,,,,,,,,8.64,5.76,,,,,0.0,0.0,2.0
20260428,300442.SZ,,,,,,,,,,,,,108.14,72.1,,,,,0.0,0.0,2.0
20260428,300443.SZ,,,,,,,,,,,,,36.76,24.5,,,,,0.0,0.0,2.0
20260428,300444.SZ,,,,,,,,,,,,,20.32,13.54,,,,,0.0,0.0,2.0
20260428,300445.SZ,,,,,,,,,,,,,26.34,17.56,,,,,0.0,0.0,2.0
20260428,300446.SZ,,,,,,,,,,,,,23.77,15.85,,,,,0.0,0.0,2.0
20260428,300447.SZ,,,,,,,,,,,,,23.64,15.76,,,,,0.0,0.0,2.0
20260428,300448.SZ,,,,,,,,,,,,,9.32,6.22,,,,,0.0,0.0,2.0
20260428,300449.SZ,,,,,,,,,,,,,8.56,5.7,,,,,0.0,0.0,2.0
20260428,300450.SZ,,,,,,,,,,,,,68.92,45.94,,,,,0.0,0.0,2.0
20260428,300451.SZ,,,,,,,,,,,,,5.23,3.49,,,,,0.0,0.0,2.0
20260428,300452.SZ,,,,,,,,,,,,,16.97,11.31,,,,,0.0,0.0,2.0
20260428,300453.SZ,,,,,,,,,,,,,12.1,8.06,,,,,0.0,0.0,2.0
20260428,300454.SZ,,,,,,,,,,,,,142.99,95.33,,,,,0.0,0.0,2.0
20260428,300455.SZ,,,,,,,,,,,,,30.82,20.54,,,,,0.0,0.0,2.0
20260428,300456.SZ,,,,,,,,,,,,,54.19,36.13,,,,,0.0,0.0,2.0
20260428,300457.SZ,,,,,,,,,,,,,33.67,22.45,,,,,0.0,0.0,2.0
20260428,300458.SZ,,,,,,,,,,,,,52.2,34.8,,,,,0.0,0.0,2.0
20260428,300459.SZ,,,,,,,,,,,,,4.62,3.08,,,,,0.0,0.0,2.0
20260428,300460.SZ,,,,,,,,,,,,,11.41,7.61,,,,,0.0,0.0,2.0
20260428,300461.SZ,,,,,,,,,,,,,71.02,47.34,,,,,0.0,0.0,2.0
20260428,300462.SZ,,,,,,,,,,,,,16.6,11.06,,,,,0.0,0.0,2.0
20260428,300463.SZ,,,,,,,,,,,,,12.48,8.32,,,,,0.0,0.0,2.0
20260428,300464.SZ,,,,,,,,,,,,,9.47,6.31,,,,,0.0,0.0,2.0
20260428,300465.SZ,,,,,,,,,,,,,17.16,11.44,,,,,0.0,0.0,2.0
20260428,300466.SZ,,,,,,,,,,,,,10.97,7.31,,,,,0.0,0.0,2.0
20260428,300467.SZ,,,,,,,,,,,,,44.34,29.56,,,,,0.0,0.0,2.0
20260428,300468.SZ,,,,,,,,,,,,,34.91,23.27,,,,,0.0,0.0,2.0
20260428,300469.SZ,,,,,,,,,,,,,64.78,43.18,,,,,0.0,0.0,2.0
20260428,300470.SZ,,,,,,,,,,,,,39.84,26.56,,,,,0.0,0.0,2.0
20260428,300471.SZ,,,,,,,,,,,,,14.8,9.86,,,,,0.0,0.0,2.0
20260428,300472.SZ,,,,,,,,,,,,,9.9,6.6,,,,,0.0,0.0,2.0
20260428,300473.SZ,,,,,,,,,,,,,41.52,27.68,,,,,0.0,0.0,2.0
20260428,300474.SZ,,,,,,,,,,,,,76.42,50.94,,,,,0.0,0.0,2.0
20260428,300475.SZ,,,,,,,,,,,,,205.19,136.79,,,,,0.0,0.0,2.0
20260428,300476.SZ,,,,,,,,,,,,,380.88,253.92,,,,,0.0,0.0,2.0
20260428,300477.SZ,,,,,,,,,,,,,2.89,1.93,,,,,0.0,0.0,2.0
20260428,300478.SZ,,,,,,,,,,,,,35.71,23.81,,,,,0.0,0.0,2.0
20260428,300479.SZ,,,,,,,,,,,,,20.98,13.98,,,,,0.0,0.0,2.0
20260428,300480.SZ,,,,,,,,,,,,,43.9,29.26,,,,,0.0,0.0,2.0
20260428,300481.SZ,,,,,,,,,,,,,18.35,12.23,,,,,0.0,0.0,2.0
20260428,300482.SZ,,,,,,,,,,,,,22.22,14.82,,,,,0.0,0.0,2.0
20260428,300483.SZ,,,,,,,,,,,,,25.56,17.04,,,,,0.0,0.0,2.0
20260428,300484.SZ,,,,,,,,,,,,,20.15,13.43,,,,,0.0,0.0,2.0
20260428,300485.SZ,,,,,,,,,,,,,13.82,9.22,,,,,0.0,0.0,2.0
20260428,300486.SZ,,,,,,,,,,,,,29.11,19.41,,,,,0.0,0.0,2.0
20260428,300487.SZ,,,,,,,,,,,,,79.75,53.17,,,,,0.0,0.0,2.0
20260428,300488.SZ,,,,,,,,,,,,,37.15,24.77,,,,,0.0,0.0,2.0
20260428,300489.SZ,,,,,,,,,,,,,118.32,78.88,,,,,0.0,0.0,2.0
20260428,300490.SZ,,,,,,,,,,,,,23.44,15.62,,,,,0.0,0.0,2.0
20260428,300491.SZ,,,,,,,,,,,,,30.12,20.08,,,,,0.0,0.0,2.0
20260428,300492.SZ,,,,,,,,,,,,,61.26,40.84,,,,,0.0,0.0,2.0
20260428,300493.SZ,,,,,,,,,,,,,19.34,12.9,,,,,0.0,0.0,2.0
20260428,300494.SZ,,,,,,,,,,,,,13.57,9.05,,,,,0.0,0.0,2.0
20260428,300496.SZ,,,,,,,,,,,,,78.2,52.14,,,,,0.0,0.0,2.0
20260428,300497.SZ,,,,,,,,,,,,,23.69,15.79,,,,,0.0,0.0,2.0
20260428,300498.SZ,,,,,,,,,,,,,18.79,12.53,,,,,0.0,0.0,2.0
20260428,300499.SZ,,,,,,,,,,,,,48.71,32.47,,,,,0.0,0.0,2.0
20260428,300500.SZ,,,,,,,,,,,,,13.21,8.81,,,,,0.0,0.0,2.0
20260428,300501.SZ,,,,,,,,,,,,,16.33,10.89,,,,,0.0,0.0,2.0
20260428,300502.SZ,,,,,,,,,,,,,645.6,430.4,,,,,0.0,0.0,2.0
20260428,300503.SZ,,,,,,,,,,,,,75.52,50.34,,,,,0.0,0.0,2.0
20260428,300504.SZ,,,,,,,,,,,,,20.96,13.98,,,,,0.0,0.0,2.0
20260428,300505.SZ,,,,,,,,,,,,,30.36,20.24,,,,,0.0,0.0,2.0
20260428,300506.SZ,,,,,,,,,,,,,6.08,4.06,,,,,0.0,0.0,2.0
20260428,300507.SZ,,,,,,,,,,,,,9.6,6.4,,,,,0.0,0.0,2.0
20260428,300508.SZ,,,,,,,,,,,,,40.02,26.68,,,,,0.0,0.0,2.0
20260428,300509.SZ,,,,,,,,,,,,,13.76,9.18,,,,,0.0,0.0,2.0
20260428,300510.SZ,,,,,,,,,,,,,4.94,3.3,,,,,0.0,0.0,2.0
20260428,300511.SZ,,,,,,,,,,,,,9.47,6.31,,,,,0.0,0.0,2.0
20260428,300512.SZ,,,,,,,,,,,,,10.97,7.31,,,,,0.0,0.0,2.0
20260428,300513.SZ,,,,,,,,,,,,,10.5,7.0,,,,,0.0,0.0,2.0
20260428,300514.SZ,,,,,,,,,,,,,14.69,9.79,,,,,0.0,0.0,2.0
20260428,300515.SZ,,,,,,,,,,,,,20.64,13.76,,,,,0.0,0.0,2.0
20260428,300516.SZ,,,,,,,,,,,,,61.93,41.29,,,,,0.0,0.0,2.0
20260428,300517.SZ,,,,,,,,,,,,,14.59,9.73,,,,,0.0,0.0,2.0
20260428,300518.SZ,,,,,,,,,,,,,28.44,18.96,,,,,0.0,0.0,2.0
20260428,300519.SZ,,,,,,,,,,,,,19.44,12.96,,,,,0.0,0.0,2.0
20260428,300520.SZ,,,,,,,,,,,,,41.81,27.87,,,,,0.0,0.0,2.0
20260428,300521.SZ,,,,,,,,,,,,,34.76,23.18,,,,,0.0,0.0,2.0
20260428,300522.SZ,,,,,,,,,,,,,16.06,10.7,,,,,0.0,0.0,2.0
20260428,300523.SZ,,,,,,,,,,,,,28.09,18.73,,,,,0.0,0.0,2.0
20260428,300525.SZ,,,,,,,,,,,,,12.1,8.06,,,,,0.0,0.0,2.0
20260428,300527.SZ,,,,,,,,,,,,,9.88,6.58,,,,,0.0,0.0,2.0
20260428,300528.SZ,,,,,,,,,,,,,19.3,12.86,,,,,0.0,0.0,2.0
20260428,300529.SZ,,,,,,,,,,,,,21.79,14.53,,,,,0.0,0.0,2.0
20260428,300530.SZ,,,,,,,,,,,,,29.02,19.34,,,,,0.0,0.0,2.0
20260428,300531.SZ,,,,,,,,,,,,,23.52,15.68,,,,,0.0,0.0,2.0
20260428,300532.SZ,,,,,,,,,,,,,13.82,9.22,,,,,0.0,0.0,2.0
20260428,300533.SZ,,,,,,,,,,,,,35.28,23.52,,,,,0.0,0.0,2.0
20260428,300534.SZ,,,,,,,,,,,,,11.34,7.56,,,,,0.0,0.0,2.0
20260428,300535.SZ,,,,,,,,,,,,,24.37,16.25,,,,,0.0,0.0,2.0
20260428,300536.SZ,,,,,,,,,,,,,10.76,7.18,,,,,0.0,0.0,2.0
20260428,300537.SZ,,,,,,,,,,,,,28.08,18.72,,,,,0.0,0.0,2.0
20260428,300538.SZ,,,,,,,,,,,,,19.7,13.14,,,,,0.0,0.0,2.0
20260428,300539.SZ,,,,,,,,,,,,,35.77,23.85,,,,,0.0,0.0,2.0
20260428,300540.SZ,,U,1.0,25126733.0,25126733.0,131312.0,132048.0,,,,,,36.12,24.08,1.0,2.0,3.0,0.0,1.0,0.0,1.779736792740453
20260428,300541.SZ,,,,,,,,,,,,,15.12,10.08,,,,,0.0,0.0,2.0
20260428,300542.SZ,,,,,,,,,,,,,18.72,12.48,,,,,0.0,0.0,2.0
20260428,300543.SZ,,,,,,,,,,,,,11.34,7.56,,,,,0.0,0.0,2.0
20260428,300545.SZ,,,,,,,,,,,,,40.15,26.77,,,,,0.0,0.0,2.0
20260428,300546.SZ,,,,,,,,,,,,,24.05,16.03,,,,,0.0,0.0,2.0
20260428,300547.SZ,,,,,,,,,,,,,43.79,29.19,,,,,0.0,0.0,2.0
20260428,300548.SZ,,,,,,,,,,,,,306.17,204.11,,,,,0.0,0.0,2.0
20260428,300549.SZ,,,,,,,,,,,,,21.55,14.37,,,,,0.0,0.0,2.0
20260428,300550.SZ,,,,,,,,,,,,,13.64,9.1,,,,,0.0,0.0,2.0
20260428,300551.SZ,,,,,,,,,,,,,16.88,11.26,,,,,0.0,0.0,2.0
20260428,300552.SZ,,,,,,,,,,,,,32.63,21.75,,,,,0.0,0.0,2.0
20260428,300553.SZ,,,,,,,,,,,,,52.26,34.84,,,,,0.0,0.0,2.0
20260428,300554.SZ,,,,,,,,,,,,,28.42,18.94,,,,,0.0,0.0,2.0
20260428,300555.SZ,,,,,,,,,,,,,16.46,10.98,,,,,0.0,0.0,2.0
20260428,300556.SZ,,,,,,,,,,,,,23.35,15.57,,,,,0.0,0.0,2.0
20260428,300557.SZ,,,,,,,,,,,,,43.08,28.72,,,,,0.0,0.0,2.0
20260428,300558.SZ,,,,,,,,,,,,,59.38,39.58,,,,,0.0,0.0,2.0
20260428,300559.SZ,,,,,,,,,,,,,16.92,11.28,,,,,0.0,0.0,2.0
20260428,300560.SZ,,,,,,,,,,,,,19.38,12.92,,,,,0.0,0.0,2.0
20260428,300561.SZ,,,,,,,,,,,,,21.08,14.06,,,,,0.0,0.0,2.0
20260428,300562.SZ,,,,,,,,,,,,,17.28,11.52,,,,,0.0,0.0,2.0
20260428,300563.SZ,,,,,,,,,,,,,39.92,26.62,,,,,0.0,0.0,2.0
20260428,300564.SZ,,,,,,,,,,,,,18.48,12.32,,,,,0.0,0.0,2.0
20260428,300565.SZ,,,,,,,,,,,,,15.42,10.28,,,,,0.0,0.0,2.0
20260428,300566.SZ,,,,,,,,,,,,,22.76,15.18,,,,,0.0,0.0,2.0
20260428,300567.SZ,,,,,,,,,,,,,167.7,111.8,,,,,0.0,0.0,2.0
20260428,300568.SZ,,,,,,,,,,,,,19.82,13.22,,,,,0.0,0.0,2.0
20260428,300569.SZ,,,,,,,,,,,,,7.6,5.06,,,,,0.0,0.0,2.0
20260428,300570.SZ,,,,,,,,,,,,,179.78,119.86,,,,,0.0,0.0,2.0
20260428,300571.SZ,,,,,,,,,,,,,41.34,27.56,,,,,0.0,0.0,2.0
20260428,300572.SZ,,,,,,,,,,,,,34.55,23.03,,,,,0.0,0.0,2.0
20260428,300573.SZ,,,,,,,,,,,,,87.78,58.52,,,,,0.0,0.0,2.0
20260428,300575.SZ,,,,,,,,,,,,,8.15,5.43,,,,,0.0,0.0,2.0
20260428,300576.SZ,,,,,,,,,,,,,46.33,30.89,,,,,0.0,0.0,2.0
20260428,300577.SZ,,,,,,,,,,,,,22.78,15.18,,,,,0.0,0.0,2.0
20260428,300578.SZ,,,,,,,,,,,,,25.33,16.89,,,,,0.0,0.0,2.0
20260428,300579.SZ,,,,,,,,,,,,,32.35,21.57,,,,,0.0,0.0,2.0
20260428,300580.SZ,,,,,,,,,,,,,34.38,22.92,,,,,0.0,0.0,2.0
20260428,300581.SZ,,,,,,,,,,,,,14.63,9.75,,,,,0.0,0.0,2.0
20260428,300582.SZ,,,,,,,,,,,,,18.88,12.58,,,,,0.0,0.0,2.0
20260428,300583.SZ,,,,,,,,,,,,,16.86,11.24,,,,,0.0,0.0,2.0
20260428,300584.SZ,,,,,,,,,,,,,51.29,34.19,,,,,0.0,0.0,2.0
20260428,300585.SZ,,,,,,,,,,,,,22.92,15.28,,,,,0.0,0.0,2.0
20260428,300586.SZ,,,,,,,,,,,,,12.52,8.34,,,,,0.0,0.0,2.0
20260428,300587.SZ,,,,,,,,,,,,,7.37,4.91,,,,,0.0,0.0,2.0
20260428,300588.SZ,,,,,,,,,,,,,31.28,20.86,,,,,0.0,0.0,2.0
20260428,300589.SZ,,,,,,,,,,,,,19.39,12.93,,,,,0.0,0.0,2.0
20260428,300590.SZ,,,,,,,,,,,,,17.48,11.66,,,,,0.0,0.0,2.0
20260428,300591.SZ,,,,,,,,,,,,,9.41,6.27,,,,,0.0,0.0,2.0
20260428,300592.SZ,,,,,,,,,,,,,16.08,10.72,,,,,0.0,0.0,2.0
20260428,300593.SZ,,,,,,,,,,,,,36.07,24.05,,,,,0.0,0.0,2.0
20260428,300594.SZ,,,,,,,,,,,,,29.15,19.43,,,,,0.0,0.0,2.0
20260428,300595.SZ,,,,,,,,,,,,,17.41,11.61,,,,,0.0,0.0,2.0
20260428,300596.SZ,,,,,,,,,,,,,49.0,32.66,,,,,0.0,0.0,2.0
20260428,300597.SZ,,,,,,,,,,,,,11.4,7.6,,,,,0.0,0.0,2.0
20260428,300598.SZ,,,,,,,,,,,,,45.68,30.46,,,,,0.0,0.0,2.0
20260428,300599.SZ,,,,,,,,,,,,,13.9,9.26,,,,,0.0,0.0,2.0
20260428,300600.SZ,,,,,,,,,,,,,15.44,10.3,,,,,0.0,0.0,2.0
20260428,300601.SZ,,,,,,,,,,,,,16.87,11.25,,,,,0.0,0.0,2.0
20260428,300602.SZ,,,,,,,,,,,,,43.92,29.28,,,,,0.0,0.0,2.0
20260428,300603.SZ,,,,,,,,,,,,,12.67,8.45,,,,,0.0,0.0,2.0
20260428,300604.SZ,,,,,,,,,,,,,210.02,140.02,,,,,0.0,0.0,2.0
20260428,300605.SZ,,,,,,,,,,,,,15.64,10.42,,,,,0.0,0.0,2.0
20260428,300606.SZ,,,,,,,,,,,,,42.96,28.64,,,,,0.0,0.0,2.0
20260428,300607.SZ,,,,,,,,,,,,,35.59,23.73,,,,,0.0,0.0,2.0
20260428,300608.SZ,,,,,,,,,,,,,15.54,10.36,,,,,0.0,0.0,2.0
20260428,300609.SZ,,,,,,,,,,,,,47.78,31.86,,,,,0.0,0.0,2.0
20260428,300610.SZ,,,,,,,,,,,,,14.68,9.78,,,,,0.0,0.0,2.0
20260428,300611.SZ,,,,,,,,,,,,,31.75,21.17,,,,,0.0,0.0,2.0
20260428,300612.SZ,,,,,,,,,,,,,17.75,11.83,,,,,0.0,0.0,2.0
20260428,300613.SZ,,,,,,,,,,,,,76.66,51.1,,,,,0.0,0.0,2.0
20260428,300614.SZ,,,,,,,,,,,,,16.25,10.83,,,,,0.0,0.0,2.0
20260428,300615.SZ,,,,,,,,,,,,,16.73,11.15,,,,,0.0,0.0,2.0
20260428,300616.SZ,,,,,,,,,,,,,17.68,11.78,,,,,0.0,0.0,2.0
20260428,300617.SZ,,,,,,,,,,,,,72.18,48.12,,,,,0.0,0.0,2.0
20260428,300618.SZ,,,,,,,,,,,,,55.94,37.3,,,,,0.0,0.0,2.0
20260428,300619.SZ,,,,,,,,,,,,,49.8,33.2,,,,,0.0,0.0,2.0
20260428,300620.SZ,,,,,,,,,,,,,287.64,191.76,,,,,0.0,0.0,2.0
20260428,300621.SZ,,,,,,,,,,,,,10.45,6.97,,,,,0.0,0.0,2.0
20260428,300622.SZ,,,,,,,,,,,,,29.6,19.74,,,,,0.0,0.0,2.0
20260428,300623.SZ,,,,,,,,,,,,,35.17,23.45,,,,,0.0,0.0,2.0
20260428,300624.SZ,,,,,,,,,,,,,83.44,55.62,,,,,0.0,0.0,2.0
20260428,300625.SZ,,,,,,,,,,,,,13.92,9.28,,,,,0.0,0.0,2.0
20260428,300626.SZ,,,,,,,,,,,,,31.61,21.07,,,,,0.0,0.0,2.0
20260428,300627.SZ,,,,,,,,,,,,,39.22,26.14,,,,,0.0,0.0,2.0
20260428,300628.SZ,,,,,,,,,,,,,44.88,29.92,,,,,0.0,0.0,2.0
20260428,300629.SZ,,,,,,,,,,,,,31.2,20.8,,,,,0.0,0.0,2.0
20260428,300631.SZ,,,,,,,,,,,,,32.64,21.76,,,,,0.0,0.0,2.0
20260428,300632.SZ,,,,,,,,,,,,,21.12,14.08,,,,,0.0,0.0,2.0
20260428,300633.SZ,,,,,,,,,,,,,31.97,21.31,,,,,0.0,0.0,2.0
20260428,300634.SZ,,,,,,,,,,,,,32.24,21.5,,,,,0.0,0.0,2.0
20260428,300635.SZ,,,,,,,,,,,,,16.48,10.98,,,,,0.0,0.0,2.0
20260428,300636.SZ,,,,,,,,,,,,,9.64,6.42,,,,,0.0,0.0,2.0
20260428,300637.SZ,,,,,,,,,,,,,14.41,9.61,,,,,0.0,0.0,2.0
20260428,300638.SZ,,,,,,,,,,,,,27.91,18.61,,,,,0.0,0.0,2.0
20260428,300639.SZ,,,,,,,,,,,,,7.32,4.88,,,,,0.0,0.0,2.0
20260428,300640.SZ,,,,,,,,,,,,,8.57,5.71,,,,,0.0,0.0,2.0
20260428,300641.SZ,,,,,,,,,,,,,23.51,15.67,,,,,0.0,0.0,2.0
20260428,300642.SZ,,,,,,,,,,,,,19.92,13.28,,,,,0.0,0.0,2.0
20260428,300643.SZ,,,,,,,,,,,,,21.01,14.01,,,,,0.0,0.0,2.0
20260428,300644.SZ,,,,,,,,,,,,,35.83,23.89,,,,,0.0,0.0,2.0
20260428,300645.SZ,,,,,,,,,,,,,20.69,13.79,,,,,0.0,0.0,2.0
20260428,300647.SZ,,,,,,,,,,,,,8.17,5.45,,,,,0.0,0.0,2.0
20260428,300648.SZ,,,,,,,,,,,,,59.16,39.44,,,,,0.0,0.0,2.0
20260428,300649.SZ,,,,,,,,,,,,,22.06,14.7,,,,,0.0,0.0,2.0
20260428,300650.SZ,,,,,,,,,,,,,18.6,12.4,,,,,0.0,0.0,2.0
20260428,300651.SZ,,,,,,,,,,,,,36.16,24.1,,,,,0.0,0.0,2.0
20260428,300652.SZ,,,,,,,,,,,,,49.51,33.01,,,,,0.0,0.0,2.0
20260428,300653.SZ,,,,,,,,,,,,,22.46,14.98,,,,,0.0,0.0,2.0
20260428,300654.SZ,,,,,,,,,,,,,13.6,9.06,,,,,0.0,0.0,2.0
20260428,300655.SZ,,,,,,,,,,,,,19.15,12.77,,,,,0.0,0.0,2.0
20260428,300656.SZ,,,,,,,,,,,,,29.34,19.56,,,,,0.0,0.0,2.0
20260428,300657.SZ,,,,,,,,,,,,,41.92,27.94,,,,,0.0,0.0,2.0
20260428,300658.SZ,,,,,,,,,,,,,24.9,16.6,,,,,0.0,0.0,2.0
20260428,300659.SZ,,,,,,,,,,,,,15.49,10.33,,,,,0.0,0.0,2.0
20260428,300660.SZ,,,,,,,,,,,,,51.62,34.42,,,,,0.0,0.0,2.0
20260428,300661.SZ,,,,,,,,,,,,,108.14,72.1,,,,,0.0,0.0,2.0
20260428,300662.SZ,,,,,,,,,,,,,28.73,19.15,,,,,0.0,0.0,2.0
20260428,300663.SZ,,,,,,,,,,,,,15.41,10.27,,,,,0.0,0.0,2.0
20260428,300664.SZ,,,,,,,,,,,,,6.79,4.53,,,,,0.0,0.0,2.0
20260428,300665.SZ,,,,,,,,,,,,,9.46,6.3,,,,,0.0,0.0,2.0
20260428,300666.SZ,,,,,,,,,,,,,201.3,134.2,,,,,0.0,0.0,2.0
20260428,300667.SZ,,,,,,,,,,,,,21.84,14.56,,,,,0.0,0.0,2.0
20260428,300668.SZ,,,,,,,,,,,,,73.62,49.08,,,,,0.0,0.0,2.0
20260428,300669.SZ,,,,,,,,,,,,,39.84,26.56,,,,,0.0,0.0,2.0
20260428,300670.SZ,,,,,,,,,,,,,7.98,5.32,,,,,0.0,0.0,2.0
20260428,300671.SZ,,,,,,,,,,,,,55.2,36.8,,,,,0.0,0.0,2.0
20260428,300672.SZ,,,,,,,,,,,,,207.96,138.64,,,,,0.0,0.0,2.0
20260428,300673.SZ,,,,,,,,,,,,,18.4,12.26,,,,,0.0,0.0,2.0
20260428,300674.SZ,,,,,,,,,,,,,24.14,16.1,,,,,0.0,0.0,2.0
20260428,300675.SZ,,,,,,,,,,,,,19.3,12.86,,,,,0.0,0.0,2.0
20260428,300676.SZ,,,,,,,,,,,,,49.46,32.98,,,,,0.0,0.0,2.0
20260428,300677.SZ,,,,,,,,,,,,,69.11,46.07,,,,,0.0,0.0,2.0
20260428,300678.SZ,,,,,,,,,,,,,34.58,23.06,,,,,0.0,0.0,2.0
20260428,300679.SZ,,,,,,,,,,,,,52.98,35.32,,,,,0.0,0.0,2.0
20260428,300680.SZ,,,,,,,,,,,,,45.7,30.46,,,,,0.0,0.0,2.0
20260428,300681.SZ,,,,,,,,,,,,,36.97,24.65,,,,,0.0,0.0,2.0
20260428,300682.SZ,,,,,,,,,,,,,17.14,11.42,,,,,0.0,0.0,2.0
20260428,300683.SZ,,,,,,,,,,,,,43.03,28.69,,,,,0.0,0.0,2.0
20260428,300684.SZ,,,,,,,,,,,,,72.85,48.57,,,,,0.0,0.0,2.0
20260428,300685.SZ,,,,,,,,,,,,,26.8,17.86,,,,,0.0,0.0,2.0
20260428,300686.SZ,,,,,,,,,,,,,22.73,15.15,,,,,0.0,0.0,2.0
20260428,300687.SZ,,,,,,,,,,,,,28.42,18.94,,,,,0.0,0.0,2.0
20260428,300688.SZ,,,,,,,,,,,,,29.59,19.73,,,,,0.0,0.0,2.0
20260428,300689.SZ,,,,,,,,,,,,,61.85,41.23,,,,,0.0,0.0,2.0
20260428,300690.SZ,,,,,,,,,,,,,35.24,23.5,,,,,0.0,0.0,2.0
20260428,300691.SZ,,,,,,,,,,,,,20.18,13.46,,,,,0.0,0.0,2.0
20260428,300692.SZ,,,,,,,,,,,,,10.58,7.06,,,,,0.0,0.0,2.0
20260428,300693.SZ,,,,,,,,,,,,,57.64,38.42,,,,,0.0,0.0,2.0
20260428,300694.SZ,,,,,,,,,,,,,15.28,10.18,,,,,0.0,0.0,2.0
20260428,300695.SZ,,,,,,,,,,,,,73.62,49.08,,,,,0.0,0.0,2.0
20260428,300696.SZ,,,,,,,,,,,,,46.33,30.89,,,,,0.0,0.0,2.0
20260428,300697.SZ,,,,,,,,,,,,,19.2,12.8,,,,,0.0,0.0,2.0
20260428,300698.SZ,,,,,,,,,,,,,47.3,31.54,,,,,0.0,0.0,2.0
20260428,300699.SZ,,,,,,,,,,,,,39.66,26.44,,,,,0.0,0.0,2.0
20260428,300700.SZ,,,,,,,,,,,,,20.33,13.55,,,,,0.0,0.0,2.0
20260428,300701.SZ,,,,,,,,,,,,,14.27,9.51,,,,,0.0,0.0,2.0
20260428,300702.SZ,,,,,,,,,,,,,25.98,17.32,,,,,0.0,0.0,2.0
20260428,300703.SZ,,,,,,,,,,,,,21.84,14.56,,,,,0.0,0.0,2.0
20260428,300705.SZ,,,,,,,,,,,,,15.5,10.34,,,,,0.0,0.0,2.0
20260428,300706.SZ,,,,,,,,,,,,,48.47,32.31,,,,,0.0,0.0,2.0
20260428,300707.SZ,,,,,,,,,,,,,18.43,12.29,,,,,0.0,0.0,2.0
20260428,300708.SZ,,,,,,,,,,,,,10.88,7.26,,,,,0.0,0.0,2.0
20260428,300709.SZ,,,,,,,,,,,,,47.48,31.66,,,,,0.0,0.0,2.0
20260428,300710.SZ,,,,,,,,,,,,,37.72,25.14,,,,,0.0,0.0,2.0
20260428,300711.SZ,,,,,,,,,,,,,28.69,19.13,,,,,0.0,0.0,2.0
20260428,300712.SZ,,,,,,,,,,,,,34.2,22.8,,,,,0.0,0.0,2.0
20260428,300713.SZ,,,,,,,,,,,,,20.59,13.73,,,,,0.0,0.0,2.0
20260428,300715.SZ,,,,,,,,,,,,,16.94,11.3,,,,,0.0,0.0,2.0
20260428,300716.SZ,,,,,,,,,,,,,16.42,10.94,,,,,0.0,0.0,2.0
20260428,300717.SZ,,,,,,,,,,,,,25.48,16.98,,,,,0.0,0.0,2.0
20260428,300718.SZ,,,,,,,,,,,,,82.13,54.75,,,,,0.0,0.0,2.0
20260428,300719.SZ,,,,,,,,,,,,,18.72,12.48,,,,,0.0,0.0,2.0
20260428,300720.SZ,,,,,,,,,,,,,84.61,56.41,,,,,0.0,0.0,2.0
20260428,300721.SZ,,,,,,,,,,,,,26.92,17.94,,,,,0.0,0.0,2.0
20260428,300722.SZ,,,,,,,,,,,,,33.96,22.64,,,,,0.0,0.0,2.0
20260428,300723.SZ,,,,,,,,,,,,,45.95,30.63,,,,,0.0,0.0,2.0
20260428,300724.SZ,,,,,,,,,,,,,107.38,71.58,,,,,0.0,0.0,2.0
20260428,300725.SZ,,,,,,,,,,,,,46.46,30.98,,,,,0.0,0.0,2.0
20260428,300726.SZ,,,,,,,,,,,,,58.03,38.69,,,,,0.0,0.0,2.0
20260428,300727.SZ,,,,,,,,,,,,,40.78,27.18,,,,,0.0,0.0,2.0
20260428,300729.SZ,,,,,,,,,,,,,14.81,9.87,,,,,0.0,0.0,2.0
20260428,300730.SZ,,,,,,,,,,,,,16.42,10.94,,,,,0.0,0.0,2.0
20260428,300731.SZ,,,,,,,,,,,,,81.18,54.12,,,,,0.0,0.0,2.0
20260428,300732.SZ,,,,,,,,,,,,,8.75,5.83,,,,,0.0,0.0,2.0
20260428,300733.SZ,,,,,,,,,,,,,20.81,13.87,,,,,0.0,0.0,2.0
20260428,300735.SZ,,,,,,,,,,,,,27.83,18.55,,,,,0.0,0.0,2.0
20260428,300736.SZ,,,,,,,,,,,,,31.72,21.14,,,,,0.0,0.0,2.0
20260428,300737.SZ,,,,,,,,,,,,,8.03,5.35,,,,,0.0,0.0,2.0
20260428,300738.SZ,,,,,,,,,,,,,27.84,18.56,,,,,0.0,0.0,2.0
20260428,300739.SZ,,,,,,,,,,,,,34.91,23.27,,,,,0.0,0.0,2.0
20260428,300740.SZ,,,,,,,,,,,,,30.52,20.34,,,,,0.0,0.0,2.0
20260428,300741.SZ,,,,,,,,,,,,,20.1,13.4,,,,,0.0,0.0,2.0
20260428,300743.SZ,,,,,,,,,,,,,23.29,15.53,,,,,0.0,0.0,2.0
20260428,300745.SZ,,,,,,,,,,,,,34.19,22.79,,,,,0.0,0.0,2.0
20260428,300746.SZ,,,,,,,,,,,,,15.79,10.53,,,,,0.0,0.0,2.0
20260428,300747.SZ,,,,,,,,,,,,,42.36,28.24,,,,,0.0,0.0,2.0
20260428,300748.SZ,,,,,,,,,,,,,38.39,25.59,,,,,0.0,0.0,2.0
20260428,300749.SZ,,,,,,,,,,,,,28.46,18.98,,,,,0.0,0.0,2.0
20260428,300750.SZ,,,,,,,,,,,,,521.86,347.9,,,,,0.0,0.0,2.0
20260428,300751.SZ,,,,,,,,,,,,,277.32,184.88,,,,,0.0,0.0,2.0
20260428,300752.SZ,,,,,,,,,,,,,22.91,15.27,,,,,0.0,0.0,2.0
20260428,300753.SZ,,,,,,,,,,,,,32.98,21.98,,,,,0.0,0.0,2.0
20260428,300755.SZ,,,,,,,,,,,,,16.19,10.79,,,,,0.0,0.0,2.0
20260428,300756.SZ,,,,,,,,,,,,,66.68,44.46,,,,,0.0,0.0,2.0
20260428,300757.SZ,,,,,,,,,,,,,622.2,414.8,,,,,0.0,0.0,2.0
20260428,300758.SZ,,,,,,,,,,,,,17.44,11.62,,,,,0.0,0.0,2.0
20260428,300759.SZ,,,,,,,,,,,,,35.2,23.46,,,,,0.0,0.0,2.0
20260428,300760.SZ,,,,,,,,,,,,,189.61,126.41,,,,,0.0,0.0,2.0
20260428,300761.SZ,,,,,,,,,,,,,25.79,17.19,,,,,0.0,0.0,2.0
20260428,300762.SZ,,,,,,,,,,,,,46.79,31.19,,,,,0.0,0.0,2.0
20260428,300763.SZ,,,,,,,,,,,,,100.32,66.88,,,,,0.0,0.0,2.0
20260428,300765.SZ,,,,,,,,,,,,,37.64,25.1,,,,,0.0,0.0,2.0
20260428,300766.SZ,,,,,,,,,,,,,37.5,25.0,,,,,0.0,0.0,2.0
20260428,300767.SZ,,,,,,,,,,,,,29.03,19.35,,,,,0.0,0.0,2.0
20260428,300768.SZ,,,,,,,,,,,,,20.64,13.76,,,,,0.0,0.0,2.0
20260428,300769.SZ,,,,,,,,,,,,,62.81,41.87,,,,,0.0,0.0,2.0
20260428,300770.SZ,,,,,,,,,,,,,47.58,31.72,,,,,0.0,0.0,2.0
20260428,300771.SZ,,,,,,,,,,,,,16.88,11.26,,,,,0.0,0.0,2.0
20260428,300772.SZ,,,,,,,,,,,,,19.24,12.82,,,,,0.0,0.0,2.0
20260428,300773.SZ,,,,,,,,,,,,,32.0,21.34,,,,,0.0,0.0,2.0
20260428,300774.SZ,,,,,,,,,,,,,19.58,13.06,,,,,0.0,0.0,2.0
20260428,300775.SZ,,,,,,,,,,,,,42.64,28.42,,,,,0.0,0.0,2.0
20260428,300776.SZ,,,,,,,,,,,,,134.22,89.48,,,,,0.0,0.0,2.0
20260428,300777.SZ,,,,,,,,,,,,,44.11,29.41,,,,,0.0,0.0,2.0
20260428,300778.SZ,,,,,,,,,,,,,15.61,10.41,,,,,0.0,0.0,2.0
20260428,300779.SZ,,,,,,,,,,,,,88.39,58.93,,,,,0.0,0.0,2.0
20260428,300780.SZ,,,,,,,,,,,,,28.1,18.74,,,,,0.0,0.0,2.0
20260428,300781.SZ,,,,,,,,,,,,,41.21,27.47,,,,,0.0,0.0,2.0
20260428,300782.SZ,,,,,,,,,,,,,127.9,85.26,,,,,0.0,0.0,2.0
20260428,300783.SZ,,,,,,,,,,,,,22.7,15.14,,,,,0.0,0.0,2.0
20260428,300784.SZ,,,,,,,,,,,,,59.45,39.63,,,,,0.0,0.0,2.0
20260428,300785.SZ,,,,,,,,,,,,,62.58,41.72,,,,,0.0,0.0,2.0
20260428,300786.SZ,,,,,,,,,,,,,18.98,12.66,,,,,0.0,0.0,2.0
20260428,300787.SZ,,,,,,,,,,,,,12.85,8.57,,,,,0.0,0.0,2.0
20260428,300788.SZ,,,,,,,,,,,,,44.04,29.36,,,,,0.0,0.0,2.0
20260428,300789.SZ,,,,,,,,,,,,,25.49,16.99,,,,,0.0,0.0,2.0
20260428,300790.SZ,,,,,,,,,,,,,35.12,23.42,,,,,0.0,0.0,2.0
20260428,300791.SZ,,,,,,,,,,,,,23.28,15.52,,,,,0.0,0.0,2.0
20260428,300792.SZ,,,,,,,,,,,,,42.12,28.08,,,,,0.0,0.0,2.0
20260428,300793.SZ,,,,,,,,,,,,,17.2,11.46,,,,,0.0,0.0,2.0
20260428,300795.SZ,,,,,,,,,,,,,13.24,8.82,,,,,0.0,0.0,2.0
20260428,300796.SZ,,,,,,,,,,,,,10.43,6.95,,,,,0.0,0.0,2.0
20260428,300797.SZ,,,,,,,,,,,,,18.88,12.58,,,,,0.0,0.0,2.0
20260428,300798.SZ,,,,,,,,,,,,,12.67,8.45,,,,,0.0,0.0,2.0
20260428,300800.SZ,,,,,,,,,,,,,15.04,10.02,,,,,0.0,0.0,2.0
20260428,300801.SZ,,,,,,,,,,,,,36.67,24.45,,,,,0.0,0.0,2.0
20260428,300802.SZ,,,,,,,,,,,,,24.1,16.06,,,,,0.0,0.0,2.0
20260428,300803.SZ,,,,,,,,,,,,,116.22,77.48,,,,,0.0,0.0,2.0
20260428,300804.SZ,,,,,,,,,,,,,58.38,38.92,,,,,0.0,0.0,2.0
20260428,300805.SZ,,,,,,,,,,,,,12.74,8.5,,,,,0.0,0.0,2.0
20260428,300806.SZ,,,,,,,,,,,,,84.72,56.48,,,,,0.0,0.0,2.0
20260428,300808.SZ,,,,,,,,,,,,,29.1,19.4,,,,,0.0,0.0,2.0
20260428,300809.SZ,,,,,,,,,,,,,38.52,25.68,,,,,0.0,0.0,2.0
20260428,300810.SZ,,,,,,,,,,,,,39.44,26.3,,,,,0.0,0.0,2.0
20260428,300811.SZ,,,,,,,,,,,,,106.6,71.06,,,,,0.0,0.0,2.0
20260428,300812.SZ,,,,,,,,,,,,,43.98,29.32,,,,,0.0,0.0,2.0
20260428,300813.SZ,,,,,,,,,,,,,31.02,20.68,,,,,0.0,0.0,2.0
20260428,300814.SZ,,,,,,,,,,,,,114.46,76.3,,,,,0.0,0.0,2.0
20260428,300815.SZ,,,,,,,,,,,,,24.84,16.56,,,,,0.0,0.0,2.0
20260428,300816.SZ,,,,,,,,,,,,,84.07,56.05,,,,,0.0,0.0,2.0
20260428,300817.SZ,,,,,,,,,,,,,24.07,16.05,,,,,0.0,0.0,2.0
20260428,300818.SZ,,,,,,,,,,,,,41.65,27.77,,,,,0.0,0.0,2.0
20260428,300819.SZ,,,,,,,,,,,,,67.84,45.22,,,,,0.0,0.0,2.0
20260428,300820.SZ,,,,,,,,,,,,,54.91,36.61,,,,,0.0,0.0,2.0
20260428,300821.SZ,,,,,,,,,,,,,17.82,11.88,,,,,0.0,0.0,2.0
20260428,300822.SZ,,,,,,,,,,,,,18.3,12.2,,,,,0.0,0.0,2.0
20260428,300823.SZ,,,,,,,,,,,,,20.32,13.54,,,,,0.0,0.0,2.0
20260428,300824.SZ,,,,,,,,,,,,,11.93,7.95,,,,,0.0,0.0,2.0
20260428,300825.SZ,,,,,,,,,,,,,11.08,7.38,,,,,0.0,0.0,2.0
20260428,300826.SZ,,,,,,,,,,,,,20.2,13.46,,,,,0.0,0.0,2.0
20260428,300827.SZ,,,,,,,,,,,,,44.3,29.54,,,,,0.0,0.0,2.0
20260428,300828.SZ,,,,,,,,,,,,,26.45,17.63,,,,,0.0,0.0,2.0
20260428,300829.SZ,,,,,,,,,,,,,21.86,14.58,,,,,0.0,0.0,2.0
20260428,300830.SZ,,,,,,,,,,,,,12.47,8.31,,,,,0.0,0.0,2.0
20260428,300831.SZ,,,,,,,,,,,,,23.39,15.59,,,,,0.0,0.0,2.0
20260428,300832.SZ,,,,,,,,,,,,,55.94,37.3,,,,,0.0,0.0,2.0
20260428,300833.SZ,,,,,,,,,,,,,42.07,28.05,,,,,0.0,0.0,2.0
20260428,300834.SZ,,,,,,,,,,,,,44.74,29.82,,,,,0.0,0.0,2.0
20260428,300835.SZ,,,,,,,,,,,,,111.07,74.05,,,,,0.0,0.0,2.0
20260428,300836.SZ,,,,,,,,,,,,,68.76,45.84,,,,,0.0,0.0,2.0
20260428,300837.SZ,,,,,,,,,,,,,40.76,27.18,,,,,0.0,0.0,2.0
20260428,300838.SZ,,,,,,,,,,,,,19.73,13.15,,,,,0.0,0.0,2.0
20260428,300839.SZ,,,,,,,,,,,,,17.48,11.66,,,,,0.0,0.0,2.0
20260428,300840.SZ,,,,,,,,,,,,,23.77,15.85,,,,,0.0,0.0,2.0
20260428,300841.SZ,,,,,,,,,,,,,68.78,45.86,,,,,0.0,0.0,2.0
20260428,300842.SZ,,,,,,,,,,,,,105.12,70.08,,,,,0.0,0.0,2.0
20260428,300843.SZ,,,,,,,,,,,,,85.13,56.75,,,,,0.0,0.0,2.0
20260428,300844.SZ,,,,,,,,,,,,,42.01,28.01,,,,,0.0,0.0,2.0
20260428,300845.SZ,,,,,,,,,,,,,16.28,10.86,,,,,0.0,0.0,2.0
20260428,300846.SZ,,,,,,,,,,,,,33.0,22.0,,,,,0.0,0.0,2.0
20260428,300847.SZ,,,,,,,,,,,,,19.02,12.68,,,,,0.0,0.0,2.0
20260428,300848.SZ,,,,,,,,,,,,,20.16,13.44,,,,,0.0,0.0,2.0
20260428,300849.SZ,,,,,,,,,,,,,27.6,18.4,,,,,0.0,0.0,2.0
20260428,300850.SZ,,,,,,,,,,,,,49.0,32.66,,,,,0.0,0.0,2.0
20260428,300851.SZ,,,,,,,,,,,,,35.83,23.89,,,,,0.0,0.0,2.0
20260428,300852.SZ,,,,,,,,,,,,,57.18,38.12,,,,,0.0,0.0,2.0
20260428,300853.SZ,,,,,,,,,,,,,36.3,24.2,,,,,0.0,0.0,2.0
20260428,300854.SZ,,,,,,,,,,,,,40.63,27.09,,,,,0.0,0.0,2.0
20260428,300855.SZ,,,,,,,,,,,,,47.52,31.68,,,,,0.0,0.0,2.0
20260428,300856.SZ,,,,,,,,,,,,,17.06,11.38,,,,,0.0,0.0,2.0
20260428,300857.SZ,,,,,,,,,,,,,309.6,206.4,,,,,0.0,0.0,2.0
20260428,300858.SZ,,,,,,,,,,,,,23.4,15.6,,,,,0.0,0.0,2.0
20260428,300859.SZ,,,,,,,,,,,,,38.33,25.55,,,,,0.0,0.0,2.0
20260428,300860.SZ,,,,,,,,,,,,,30.04,20.02,,,,,0.0,0.0,2.0
20260428,300861.SZ,,,,,,,,,,,,,21.16,14.1,,,,,0.0,0.0,2.0
20260428,300862.SZ,,,,,,,,,,,,,29.45,19.63,,,,,0.0,0.0,2.0
20260428,300863.SZ,,,,,,,,,,,,,69.86,46.58,,,,,0.0,0.0,2.0
20260428,300864.SZ,,,,,,,,,,,,,25.61,17.07,,,,,0.0,0.0,2.0
20260428,300865.SZ,,,,,,,,,,,,,38.29,25.53,,,,,0.0,0.0,2.0
20260428,300866.SZ,,,,,,,,,,,,,146.28,97.52,,,,,0.0,0.0,2.0
20260428,300867.SZ,,,,,,,,,,,,,25.12,16.74,,,,,0.0,0.0,2.0
20260428,300868.SZ,,,,,,,,,,,,,84.25,56.17,,,,,0.0,0.0,2.0
20260428,300869.SZ,,,,,,,,,,,,,15.64,10.42,,,,,0.0,0.0,2.0
20260428,300870.SZ,,,,,,,,,,,,,469.5,313.0,,,,,0.0,0.0,2.0
20260428,300871.SZ,,,,,,,,,,,,,33.9,22.6,,,,,0.0,0.0,2.0
20260428,300872.SZ,,,,,,,,,,,,,18.9,12.6,,,,,0.0,0.0,2.0
20260428,300873.SZ,,,,,,,,,,,,,25.62,17.08,,,,,0.0,0.0,2.0
20260428,300875.SZ,,,,,,,,,,,,,46.5,31.0,,,,,0.0,0.0,2.0
20260428,300876.SZ,,,,,,,,,,,,,35.71,23.81,,,,,0.0,0.0,2.0
20260428,300877.SZ,,,,,,,,,,,,,35.38,23.58,,,,,0.0,0.0,2.0
20260428,300878.SZ,,,,,,,,,,,,,31.56,21.04,,,,,0.0,0.0,2.0
20260428,300879.SZ,,,,,,,,,,,,,29.6,19.74,,,,,0.0,0.0,2.0
20260428,300880.SZ,,,,,,,,,,,,,27.72,18.48,,,,,0.0,0.0,2.0
20260428,300881.SZ,,,,,,,,,,,,,54.9,36.6,,,,,0.0,0.0,2.0
20260428,300882.SZ,,,,,,,,,,,,,25.67,17.11,,,,,0.0,0.0,2.0
20260428,300883.SZ,,,,,,,,,,,,,8.06,5.38,,,,,0.0,0.0,2.0
20260428,300884.SZ,,,,,,,,,,,,,15.98,10.66,,,,,0.0,0.0,2.0
20260428,300885.SZ,,,,,,,,,,,,,28.4,18.94,,,,,0.0,0.0,2.0
20260428,300886.SZ,,,,,,,,,,,,,34.45,22.97,,,,,0.0,0.0,2.0
20260428,300887.SZ,,,,,,,,,,,,,11.45,7.63,,,,,0.0,0.0,2.0
20260428,300888.SZ,,,,,,,,,,,,,37.52,25.02,,,,,0.0,0.0,2.0
20260428,300889.SZ,,,,,,,,,,,,,28.76,19.18,,,,,0.0,0.0,2.0
20260428,300890.SZ,,,,,,,,,,,,,49.18,32.78,,,,,0.0,0.0,2.0
20260428,300891.SZ,,,,,,,,,,,,,10.33,6.89,,,,,0.0,0.0,2.0
20260428,300892.SZ,,,,,,,,,,,,,33.54,22.36,,,,,0.0,0.0,2.0
20260428,300893.SZ,,,,,,,,,,,,,27.78,18.52,,,,,0.0,0.0,2.0
20260428,300894.SZ,,,,,,,,,,,,,12.43,8.29,,,,,0.0,0.0,2.0
20260428,300895.SZ,,,,,,,,,,,,,76.19,50.79,,,,,0.0,0.0,2.0
20260428,300896.SZ,,,,,,,,,,,,,142.01,94.67,,,,,0.0,0.0,2.0
20260428,300897.SZ,,,,,,,,,,,,,31.64,21.1,,,,,0.0,0.0,2.0
20260428,300898.SZ,,,,,,,,,,,,,29.15,19.43,,,,,0.0,0.0,2.0
20260428,300899.SZ,,,,,,,,,,,,,43.97,29.31,,,,,0.0,0.0,2.0
20260428,300900.SZ,,,,,,,,,,,,,50.96,33.98,,,,,0.0,0.0,2.0
20260428,300901.SZ,,,,,,,,,,,,,20.09,13.39,,,,,0.0,0.0,2.0
20260428,300902.SZ,,,,,,,,,,,,,22.4,14.94,,,,,0.0,0.0,2.0
20260428,300903.SZ,,,,,,,,,,,,,51.43,34.29,,,,,0.0,0.0,2.0
20260428,300904.SZ,,,,,,,,,,,,,70.32,46.88,,,,,0.0,0.0,2.0
20260428,300905.SZ,,U,0.0,134083563.0,134083563.0,93000.0,93000.0,,,,,,67.02,44.68,0.0,,,0.0,1.0,0.0,2.1586841840056357
20260428,300906.SZ,,,,,,,,,,,,,42.66,28.44,,,,,0.0,0.0,2.0
20260428,300907.SZ,,,,,,,,,,,,,35.88,23.92,,,,,0.0,0.0,2.0
20260428,300908.SZ,,,,,,,,,,,,,34.43,22.95,,,,,0.0,0.0,2.0
20260428,300909.SZ,,,,,,,,,,,,,53.38,35.58,,,,,0.0,0.0,2.0
20260428,300910.SZ,,,,,,,,,,,,,57.4,38.26,,,,,0.0,0.0,2.0
20260428,300911.SZ,,,,,,,,,,,,,36.73,24.49,,,,,0.0,0.0,2.0
20260428,300912.SZ,,,,,,,,,,,,,32.02,21.34,,,,,0.0,0.0,2.0
20260428,300913.SZ,,,,,,,,,,,,,65.1,43.4,,,,,0.0,0.0,2.0
20260428,300915.SZ,,,,,,,,,,,,,28.15,18.77,,,,,0.0,0.0,2.0
20260428,300916.SZ,,,,,,,,,,,,,43.43,28.95,,,,,0.0,0.0,2.0
20260428,300917.SZ,,,,,,,,,,,,,39.04,26.02,,,,,0.0,0.0,2.0
20260428,300918.SZ,,,,,,,,,,,,,17.46,11.64,,,,,0.0,0.0,2.0
20260428,300919.SZ,,,,,,,,,,,,,74.23,49.49,,,,,0.0,0.0,2.0
20260428,300920.SZ,,,,,,,,,,,,,46.96,31.3,,,,,0.0,0.0,2.0
20260428,300921.SZ,,,,,,,,,,,,,29.9,19.94,,,,,0.0,0.0,2.0
20260428,300922.SZ,,,,,,,,,,,,,22.46,14.98,,,,,0.0,0.0,2.0
20260428,300923.SZ,,,,,,,,,,,,,34.56,23.04,,,,,0.0,0.0,2.0
20260428,300925.SZ,,,,,,,,,,,,,23.14,15.42,,,,,0.0,0.0,2.0
20260428,300926.SZ,,,,,,,,,,,,,29.84,19.9,,,,,0.0,0.0,2.0
20260428,300927.SZ,,,,,,,,,,,,,37.91,25.27,,,,,0.0,0.0,2.0
20260428,300928.SZ,,,,,,,,,,,,,36.37,24.25,,,,,0.0,0.0,2.0
20260428,300929.SZ,,,,,,,,,,,,,15.76,10.5,,,,,0.0,0.0,2.0
20260428,300930.SZ,,,,,,,,,,,,,37.48,24.98,,,,,0.0,0.0,2.0
20260428,300931.SZ,,,,,,,,,,,,,16.43,10.95,,,,,0.0,0.0,2.0
20260428,300932.SZ,,,,,,,,,,,,,17.11,11.41,,,,,0.0,0.0,2.0
20260428,300933.SZ,,,,,,,,,,,,,9.36,6.24,,,,,0.0,0.0,2.0
20260428,300935.SZ,,,,,,,,,,,,,38.24,25.5,,,,,0.0,0.0,2.0
20260428,300936.SZ,,,,,,,,,,,,,88.85,59.23,,,,,0.0,0.0,2.0
20260428,300937.SZ,,,,,,,,,,,,,33.96,22.64,,,,,0.0,0.0,2.0
20260428,300938.SZ,,,,,,,,,,,,,68.26,45.5,,,,,0.0,0.0,2.0
20260428,300939.SZ,,,,,,,,,,,,,47.65,31.77,,,,,0.0,0.0,2.0
20260428,300940.SZ,,,,,,,,,,,,,27.71,18.47,,,,,0.0,0.0,2.0
20260428,300941.SZ,,,,,,,,,,,,,21.76,14.5,,,,,0.0,0.0,2.0
20260428,300942.SZ,,,,,,,,,,,,,9.48,6.32,,,,,0.0,0.0,2.0
20260428,300943.SZ,,,,,,,,,,,,,34.62,23.08,,,,,0.0,0.0,2.0
20260428,300945.SZ,,,,,,,,,,,,,18.6,12.4,,,,,0.0,0.0,2.0
20260428,300946.SZ,,,,,,,,,,,,,57.23,38.15,,,,,0.0,0.0,2.0
20260428,300947.SZ,,,,,,,,,,,,,21.0,14.0,,,,,0.0,0.0,2.0
20260428,300948.SZ,,,,,,,,,,,,,24.08,16.06,,,,,0.0,0.0,2.0
20260428,300949.SZ,,,,,,,,,,,,,47.4,31.6,,,,,0.0,0.0,2.0
20260428,300950.SZ,,,,,,,,,,,,,26.04,17.36,,,,,0.0,0.0,2.0
20260428,300951.SZ,,,,,,,,,,,,,40.6,27.06,,,,,0.0,0.0,2.0
20260428,300952.SZ,,,,,,,,,,,,,40.25,26.83,,,,,0.0,0.0,2.0
20260428,300953.SZ,,,,,,,,,,,,,260.99,173.99,,,,,0.0,0.0,2.0
20260428,300955.SZ,,,,,,,,,,,,,45.6,30.4,,,,,0.0,0.0,2.0
20260428,300956.SZ,,,,,,,,,,,,,18.89,12.59,,,,,0.0,0.0,2.0
20260428,300957.SZ,,,,,,,,,,,,,51.0,34.0,,,,,0.0,0.0,2.0
20260428,300958.SZ,,,,,,,,,,,,,16.4,10.94,,,,,0.0,0.0,2.0
20260428,300959.SZ,,,,,,,,,,,,,119.28,79.52,,,,,0.0,0.0,2.0
20260428,300960.SZ,,,,,,,,,,,,,25.27,16.85,,,,,0.0,0.0,2.0
20260428,300961.SZ,,,,,,,,,,,,,15.83,10.55,,,,,0.0,0.0,2.0
20260428,300962.SZ,,,,,,,,,,,,,19.32,12.88,,,,,0.0,0.0,2.0
20260428,300963.SZ,,,,,,,,,,,,,20.29,13.53,,,,,0.0,0.0,2.0
20260428,300964.SZ,,,,,,,,,,,,,82.48,54.98,,,,,0.0,0.0,2.0
20260428,300966.SZ,,,,,,,,,,,,,28.4,18.94,,,,,0.0,0.0,2.0
20260428,300967.SZ,,,,,,,,,,,,,19.62,13.08,,,,,0.0,0.0,2.0
20260428,300968.SZ,,,,,,,,,,,,,14.15,9.43,,,,,0.0,0.0,2.0
20260428,300969.SZ,,,,,,,,,,,,,145.2,96.8,,,,,0.0,0.0,2.0
20260428,300970.SZ,,,,,,,,,,,,,45.04,30.02,,,,,0.0,0.0,2.0
20260428,300971.SZ,,,,,,,,,,,,,28.75,19.17,,,,,0.0,0.0,2.0
20260428,300972.SZ,,,,,,,,,,,,,253.2,168.8,,,,,0.0,0.0,2.0
20260428,300973.SZ,,,,,,,,,,,,,40.5,27.0,,,,,0.0,0.0,2.0
20260428,300975.SZ,,,,,,,,,,,,,24.08,16.06,,,,,0.0,0.0,2.0
20260428,300976.SZ,,,,,,,,,,,,,75.88,50.58,,,,,0.0,0.0,2.0
20260428,300977.SZ,,,,,,,,,,,,,23.71,15.81,,,,,0.0,0.0,2.0
20260428,300978.SZ,,,,,,,,,,,,,13.36,8.9,,,,,0.0,0.0,2.0
20260428,300979.SZ,,,,,,,,,,,,,50.03,33.35,,,,,0.0,0.0,2.0
20260428,300980.SZ,,,,,,,,,,,,,39.19,26.13,,,,,0.0,0.0,2.0
20260428,300981.SZ,,,,,,,,,,,,,17.5,11.66,,,,,0.0,0.0,2.0
20260428,300982.SZ,,,,,,,,,,,,,24.78,16.52,,,,,0.0,0.0,2.0
20260428,300983.SZ,,,,,,,,,,,,,36.38,24.26,,,,,0.0,0.0,2.0
20260428,300984.SZ,,,,,,,,,,,,,71.92,47.94,,,,,0.0,0.0,2.0
20260428,300985.SZ,,,,,,,,,,,,,28.02,18.68,,,,,0.0,0.0,2.0
20260428,300986.SZ,,,,,,,,,,,,,28.37,18.91,,,,,0.0,0.0,2.0
20260428,300987.SZ,,,,,,,,,,,,,20.9,13.94,,,,,0.0,0.0,2.0
20260428,300988.SZ,,,,,,,,,,,,,31.46,20.98,,,,,0.0,0.0,2.0
20260428,300989.SZ,,,,,,,,,,,,,18.17,12.11,,,,,0.0,0.0,2.0
20260428,300990.SZ,,,,,,,,,,,,,104.3,69.54,,,,,0.0,0.0,2.0
20260428,300991.SZ,,,,,,,,,,,,,58.86,39.24,,,,,0.0,0.0,2.0
20260428,300992.SZ,,,,,,,,,,,,,37.81,25.21,,,,,0.0,0.0,2.0
20260428,300993.SZ,,,,,,,,,,,,,14.42,9.62,,,,,0.0,0.0,2.0
20260428,300994.SZ,,,,,,,,,,,,,18.12,12.08,,,,,0.0,0.0,2.0
20260428,300995.SZ,,,,,,,,,,,,,42.85,28.57,,,,,0.0,0.0,2.0
20260428,300996.SZ,,,,,,,,,,,,,21.14,14.1,,,,,0.0,0.0,2.0
20260428,300997.SZ,,,,,,,,,,,,,24.8,16.54,,,,,0.0,0.0,2.0
20260428,300998.SZ,,,,,,,,,,,,,32.04,21.36,,,,,0.0,0.0,2.0
20260428,300999.SZ,,,,,,,,,,,,,33.1,22.06,,,,,0.0,0.0,2.0
20260428,301000.SZ,,,,,,,,,,,,,35.22,23.48,,,,,0.0,0.0,2.0
20260428,301001.SZ,,,,,,,,,,,,,35.15,23.43,,,,,0.0,0.0,2.0
20260428,301002.SZ,,,,,,,,,,,,,57.66,38.44,,,,,0.0,0.0,2.0
20260428,301003.SZ,,,,,,,,,,,,,73.14,48.76,,,,,0.0,0.0,2.0
20260428,301004.SZ,,,,,,,,,,,,,59.0,39.34,,,,,0.0,0.0,2.0
20260428,301005.SZ,,,,,,,,,,,,,201.0,134.0,,,,,0.0,0.0,2.0
20260428,301006.SZ,,,,,,,,,,,,,21.78,14.52,,,,,0.0,0.0,2.0
20260428,301007.SZ,,,,,,,,,,,,,43.56,29.04,,,,,0.0,0.0,2.0
20260428,301008.SZ,,,,,,,,,,,,,37.58,25.06,,,,,0.0,0.0,2.0
20260428,301009.SZ,,,,,,,,,,,,,13.45,8.97,,,,,0.0,0.0,2.0
20260428,301010.SZ,,,,,,,,,,,,,25.61,17.07,,,,,0.0,0.0,2.0
20260428,301011.SZ,,,,,,,,,,,,,26.06,17.38,,,,,0.0,0.0,2.0
20260428,301012.SZ,,,,,,,,,,,,,40.66,27.1,,,,,0.0,0.0,2.0
20260428,301013.SZ,,,,,,,,,,,,,30.88,20.58,,,,,0.0,0.0,2.0
20260428,301015.SZ,,,,,,,,,,,,,29.52,19.68,,,,,0.0,0.0,2.0
20260428,301016.SZ,,,,,,,,,,,,,28.12,18.74,,,,,0.0,0.0,2.0
20260428,301017.SZ,,,,,,,,,,,,,17.27,11.51,,,,,0.0,0.0,2.0
20260428,301018.SZ,,,,,,,,,,,,,150.65,100.43,,,,,0.0,0.0,2.0
20260428,301019.SZ,,,,,,,,,,,,,26.5,17.66,,,,,0.0,0.0,2.0
20260428,301020.SZ,,,,,,,,,,,,,27.6,18.4,,,,,0.0,0.0,2.0
20260428,301021.SZ,,,,,,,,,,,,,76.14,50.76,,,,,0.0,0.0,2.0
20260428,301022.SZ,,,,,,,,,,,,,37.07,24.71,,,,,0.0,0.0,2.0
20260428,301023.SZ,,,,,,,,,,,,,49.16,32.78,,,,,0.0,0.0,2.0
20260428,301024.SZ,,,,,,,,,,,,,48.9,32.6,,,,,0.0,0.0,2.0
20260428,301025.SZ,,,,,,,,,,,,,13.64,9.1,,,,,0.0,0.0,2.0
20260428,301026.SZ,,,,,,,,,,,,,37.0,24.66,,,,,0.0,0.0,2.0
20260428,301027.SZ,,,,,,,,,,,,,31.36,20.9,,,,,0.0,0.0,2.0
20260428,301028.SZ,,,,,,,,,,,,,17.08,11.38,,,,,0.0,0.0,2.0
20260428,301029.SZ,,,,,,,,,,,,,33.48,22.32,,,,,0.0,0.0,2.0
20260428,301030.SZ,,,,,,,,,,,,,13.56,9.04,,,,,0.0,0.0,2.0
20260428,301031.SZ,,,,,,,,,,,,,193.82,129.22,,,,,0.0,0.0,2.0
20260428,301032.SZ,,,,,,,,,,,,,15.71,10.47,,,,,0.0,0.0,2.0
20260428,301033.SZ,,,,,,,,,,,,,67.46,44.98,,,,,0.0,0.0,2.0
20260428,301035.SZ,,,,,,,,,,,,,99.84,66.56,,,,,0.0,0.0,2.0
20260428,301036.SZ,,,,,,,,,,,,,33.86,22.58,,,,,0.0,0.0,2.0
20260428,301037.SZ,,,,,,,,,,,,,18.58,12.38,,,,,0.0,0.0,2.0
20260428,301038.SZ,,,,,,,,,,,,,24.43,16.29,,,,,0.0,0.0,2.0
20260428,301039.SZ,,,,,,,,,,,,,10.49,6.99,,,,,0.0,0.0,2.0
20260428,301040.SZ,,,,,,,,,,,,,38.3,25.54,,,,,0.0,0.0,2.0
20260428,301041.SZ,,,,,,,,,,,,,35.94,23.96,,,,,0.0,0.0,2.0
20260428,301042.SZ,,,,,,,,,,,,,122.38,81.58,,,,,0.0,0.0,2.0
20260428,301043.SZ,,,,,,,,,,,,,65.2,43.46,,,,,0.0,0.0,2.0
20260428,301045.SZ,,,,,,,,,,,,,50.8,33.86,,,,,0.0,0.0,2.0
20260428,301046.SZ,,,,,,,,,,,,,30.0,20.0,,,,,0.0,0.0,2.0
20260428,301047.SZ,,,,,,,,,,,,,87.1,58.06,,,,,0.0,0.0,2.0
20260428,301048.SZ,,,,,,,,,,,,,12.77,8.51,,,,,0.0,0.0,2.0
20260428,301049.SZ,,,,,,,,,,,,,29.06,19.38,,,,,0.0,0.0,2.0
20260428,301050.SZ,,,,,,,,,,,,,48.53,32.35,,,,,0.0,0.0,2.0
20260428,301051.SZ,,,,,,,,,,,,,27.96,18.64,,,,,0.0,0.0,2.0
20260428,301052.SZ,,,,,,,,,,,,,40.07,26.71,,,,,0.0,0.0,2.0
20260428,301053.SZ,,,,,,,,,,,,,72.91,48.61,,,,,0.0,0.0,2.0
20260428,301055.SZ,,,,,,,,,,,,,37.1,24.74,,,,,0.0,0.0,2.0
20260428,301056.SZ,,,,,,,,,,,,,17.59,11.73,,,,,0.0,0.0,2.0
20260428,301057.SZ,,,,,,,,,,,,,38.41,25.61,,,,,0.0,0.0,2.0
20260428,301058.SZ,,,,,,,,,,,,,11.81,7.87,,,,,0.0,0.0,2.0
20260428,301059.SZ,,,,,,,,,,,,,17.22,11.48,,,,,0.0,0.0,2.0
20260428,301060.SZ,,,,,,,,,,,,,11.42,7.62,,,,,0.0,0.0,2.0
20260428,301061.SZ,,,,,,,,,,,,,88.09,58.73,,,,,0.0,0.0,2.0
20260428,301062.SZ,,,,,,,,,,,,,9.85,6.57,,,,,0.0,0.0,2.0
20260428,301063.SZ,,,,,,,,,,,,,30.19,20.13,,,,,0.0,0.0,2.0
20260428,301065.SZ,,,,,,,,,,,,,28.5,19.0,,,,,0.0,0.0,2.0
20260428,301066.SZ,,,,,,,,,,,,,17.39,11.59,,,,,0.0,0.0,2.0
20260428,301067.SZ,,,,,,,,,,,,,39.55,26.37,,,,,0.0,0.0,2.0
20260428,301068.SZ,,,,,,,,,,,,,44.65,29.77,,,,,0.0,0.0,2.0
20260428,301069.SZ,,,,,,,,,,,,,26.65,17.77,,,,,0.0,0.0,2.0
20260428,301070.SZ,,,,,,,,,,,,,116.45,77.63,,,,,0.0,0.0,2.0
20260428,301071.SZ,,,,,,,,,,,,,63.66,42.44,,,,,0.0,0.0,2.0
20260428,301072.SZ,,,,,,,,,,,,,28.6,19.06,,,,,0.0,0.0,2.0
20260428,301073.SZ,,,,,,,,,,,,,30.31,20.21,,,,,0.0,0.0,2.0
20260428,301075.SZ,,,,,,,,,,,,,96.86,64.58,,,,,0.0,0.0,2.0
20260428,301076.SZ,,,,,,,,,,,,,45.41,30.27,,,,,0.0,0.0,2.0
20260428,301077.SZ,,,,,,,,,,,,,42.05,28.03,,,,,0.0,0.0,2.0
20260428,301078.SZ,,,,,,,,,,,,,10.6,7.06,,,,,0.0,0.0,2.0
20260428,301079.SZ,,,,,,,,,,,,,54.3,36.2,,,,,0.0,0.0,2.0
20260428,301080.SZ,,,,,,,,,,,,,55.45,36.97,,,,,0.0,0.0,2.0
20260428,301081.SZ,,,,,,,,,,,,,18.19,12.13,,,,,0.0,0.0,2.0
20260428,301082.SZ,,,,,,,,,,,,,15.49,10.33,,,,,0.0,0.0,2.0
20260428,301083.SZ,,,,,,,,,,,,,21.0,14.0,,,,,0.0,0.0,2.0
20260428,301085.SZ,,,,,,,,,,,,,87.0,58.0,,,,,0.0,0.0,2.0
20260428,301086.SZ,,,,,,,,,,,,,229.09,152.73,,,,,0.0,0.0,2.0
20260428,301087.SZ,,,,,,,,,,,,,64.87,43.25,,,,,0.0,0.0,2.0
20260428,301088.SZ,,,,,,,,,,,,,17.46,11.64,,,,,0.0,0.0,2.0
20260428,301089.SZ,,,,,,,,,,,,,32.2,21.46,,,,,0.0,0.0,2.0
20260428,301090.SZ,,,,,,,,,,,,,10.63,7.09,,,,,0.0,0.0,2.0
20260428,301091.SZ,,,,,,,,,,,,,26.2,17.46,,,,,0.0,0.0,2.0
20260428,301092.SZ,,,,,,,,,,,,,44.6,29.74,,,,,0.0,0.0,2.0
20260428,301093.SZ,,,,,,,,,,,,,97.92,65.28,,,,,0.0,0.0,2.0
20260428,301095.SZ,,,,,,,,,,,,,102.43,68.29,,,,,0.0,0.0,2.0
20260428,301096.SZ,,,,,,,,,,,,,69.97,46.65,,,,,0.0,0.0,2.0
20260428,301097.SZ,,,,,,,,,,,,,69.37,46.25,,,,,0.0,0.0,2.0
20260428,301098.SZ,,,,,,,,,,,,,10.9,7.26,,,,,0.0,0.0,2.0
20260428,301099.SZ,,,,,,,,,,,,,67.86,45.24,,,,,0.0,0.0,2.0
20260428,301100.SZ,,,,,,,,,,,,,22.49,14.99,,,,,0.0,0.0,2.0
20260428,301101.SZ,,,,,,,,,,,,,43.82,29.22,,,,,0.0,0.0,2.0
20260428,301102.SZ,,,,,,,,,,,,,12.94,8.62,,,,,0.0,0.0,2.0
20260428,301103.SZ,,,,,,,,,,,,,23.96,15.98,,,,,0.0,0.0,2.0
20260428,301105.SZ,,,,,,,,,,,,,69.41,46.27,,,,,0.0,0.0,2.0
20260428,301106.SZ,,,,,,,,,,,,,40.52,27.02,,,,,0.0,0.0,2.0
20260428,301107.SZ,,,,,,,,,,,,,33.06,22.04,,,,,0.0,0.0,2.0
20260428,301108.SZ,,,,,,,,,,,,,33.6,22.4,,,,,0.0,0.0,2.0
20260428,301109.SZ,,,,,,,,,,,,,20.23,13.49,,,,,0.0,0.0,2.0
20260428,301110.SZ,,,,,,,,,,,,,85.67,57.11,,,,,0.0,0.0,2.0
20260428,301111.SZ,,,,,,,,,,,,,22.8,15.2,,,,,0.0,0.0,2.0
20260428,301112.SZ,,,,,,,,,,,,,43.54,29.02,,,,,0.0,0.0,2.0
20260428,301113.SZ,,,,,,,,,,,,,30.54,20.36,,,,,0.0,0.0,2.0
20260428,301115.SZ,,,,,,,,,,,,,25.02,16.68,,,,,0.0,0.0,2.0
20260428,301116.SZ,,,,,,,,,,,,,13.13,8.75,,,,,0.0,0.0,2.0
20260428,301117.SZ,,,,,,,,,,,,,51.97,34.65,,,,,0.0,0.0,2.0
20260428,301118.SZ,,,,,,,,,,,,,31.09,20.73,,,,,0.0,0.0,2.0
20260428,301119.SZ,,,,,,,,,,,,,49.8,33.2,,,,,0.0,0.0,2.0
20260428,301120.SZ,,,,,,,,,,,,,24.36,16.24,,,,,0.0,0.0,2.0
20260428,301121.SZ,,,,,,,,,,,,,45.11,30.07,,,,,0.0,0.0,2.0
20260428,301122.SZ,,,,,,,,,,,,,38.16,25.44,,,,,0.0,0.0,2.0
20260428,301123.SZ,,,,,,,,,,,,,77.28,51.52,,,,,0.0,0.0,2.0
20260428,301125.SZ,,,,,,,,,,,,,28.25,18.83,,,,,0.0,0.0,2.0
20260428,301126.SZ,,,,,,,,,,,,,13.66,9.1,,,,,0.0,0.0,2.0
20260428,301127.SZ,,,,,,,,,,,,,17.88,11.92,,,,,0.0,0.0,2.0
20260428,301128.SZ,,,,,,,,,,,,,217.67,145.11,,,,,0.0,0.0,2.0
20260428,301129.SZ,,,,,,,,,,,,,32.44,21.62,,,,,0.0,0.0,2.0
20260428,301130.SZ,,,,,,,,,,,,,36.5,24.34,,,,,0.0,0.0,2.0
20260428,301131.SZ,,,,,,,,,,,,,51.8,34.54,,,,,0.0,0.0,2.0
20260428,301132.SZ,,,,,,,,,,,,,49.08,32.72,,,,,0.0,0.0,2.0
20260428,301133.SZ,,,,,,,,,,,,,55.6,37.06,,,,,0.0,0.0,2.0
20260428,301135.SZ,,,,,,,,,,,,,34.07,22.71,,,,,0.0,0.0,2.0
20260428,301136.SZ,,,,,,,,,,,,,18.28,12.18,,,,,0.0,0.0,2.0
20260428,301137.SZ,,,,,,,,,,,,,52.67,35.11,,,,,0.0,0.0,2.0
20260428,301138.SZ,,,,,,,,,,,,,42.17,28.11,,,,,0.0,0.0,2.0
20260428,301139.SZ,,,,,,,,,,,,,20.81,13.87,,,,,0.0,0.0,2.0
20260428,301141.SZ,,,,,,,,,,,,,62.26,41.5,,,,,0.0,0.0,2.0
20260428,301148.SZ,,,,,,,,,,,,,84.72,56.48,,,,,0.0,0.0,2.0
20260428,301149.SZ,,,,,,,,,,,,,16.06,10.7,,,,,0.0,0.0,2.0
20260428,301150.SZ,,,,,,,,,,,,,74.53,49.69,,,,,0.0,0.0,2.0
20260428,301151.SZ,,,,,,,,,,,,,20.4,13.6,,,,,0.0,0.0,2.0
20260428,301152.SZ,,,,,,,,,,,,,37.45,24.97,,,,,0.0,0.0,2.0
20260428,301153.SZ,,,,,,,,,,,,,26.09,17.39,,,,,0.0,0.0,2.0
20260428,301155.SZ,,,,,,,,,,,,,76.18,50.78,,,,,0.0,0.0,2.0
20260428,301156.SZ,,,,,,,,,,,,,23.76,15.84,,,,,0.0,0.0,2.0
20260428,301157.SZ,,,,,,,,,,,,,92.78,61.86,,,,,0.0,0.0,2.0
20260428,301158.SZ,,,,,,,,,,,,,29.24,19.5,,,,,0.0,0.0,2.0
20260428,301159.SZ,,,,,,,,,,,,,47.96,31.98,,,,,0.0,0.0,2.0
20260428,301160.SZ,,,,,,,,,,,,,69.12,46.08,,,,,0.0,0.0,2.0
20260428,301161.SZ,,,,,,,,,,,,,37.67,25.11,,,,,0.0,0.0,2.0
20260428,301162.SZ,,,,,,,,,,,,,80.51,53.67,,,,,0.0,0.0,2.0
20260428,301163.SZ,,,,,,,,,,,,,36.64,24.42,,,,,0.0,0.0,2.0
20260428,301165.SZ,,,,,,,,,,,,,118.78,79.18,,,,,0.0,0.0,2.0
20260428,301166.SZ,,,,,,,,,,,,,37.08,24.72,,,,,0.0,0.0,2.0
20260428,301167.SZ,,,,,,,,,,,,,20.59,13.73,,,,,0.0,0.0,2.0
20260428,301168.SZ,,,,,,,,,,,,,50.1,33.4,,,,,0.0,0.0,2.0
20260428,301169.SZ,,,,,,,,,,,,,81.37,54.25,,,,,0.0,0.0,2.0
20260428,301170.SZ,,,,,,,,,,,,,34.55,23.03,,,,,0.0,0.0,2.0
20260428,301171.SZ,,,,,,,,,,,,,41.26,27.5,,,,,0.0,0.0,2.0
20260428,301172.SZ,,,,,,,,,,,,,37.8,25.2,,,,,0.0,0.0,2.0
20260428,301173.SZ,,,,,,,,,,,,,51.59,34.39,,,,,0.0,0.0,2.0
20260428,301175.SZ,,,,,,,,,,,,,7.45,4.97,,,,,0.0,0.0,2.0
20260428,301176.SZ,,,,,,,,,,,,,40.42,26.94,,,,,0.0,0.0,2.0
20260428,301177.SZ,,,,,,,,,,,,,36.11,24.07,,,,,0.0,0.0,2.0
20260428,301178.SZ,,,,,,,,,,,,,63.88,42.58,,,,,0.0,0.0,2.0
20260428,301179.SZ,,,,,,,,,,,,,29.02,19.34,,,,,0.0,0.0,2.0
20260428,301180.SZ,,,,,,,,,,,,,21.61,14.41,,,,,0.0,0.0,2.0
20260428,301181.SZ,,,,,,,,,,,,,55.06,36.7,,,,,0.0,0.0,2.0
20260428,301182.SZ,,,,,,,,,,,,,80.83,53.89,,,,,0.0,0.0,2.0
20260428,301183.SZ,,,,,,,,,,,,,222.13,148.09,,,,,0.0,0.0,2.0
20260428,301185.SZ,,,,,,,,,,,,,22.48,14.98,,,,,0.0,0.0,2.0
20260428,301186.SZ,,,,,,,,,,,,,78.0,52.0,,,,,0.0,0.0,2.0
20260428,301187.SZ,,,,,,,,,,,,,24.37,16.25,,,,,0.0,0.0,2.0
20260428,301188.SZ,,,,,,,,,,,,,34.14,22.76,,,,,0.0,0.0,2.0
20260428,301189.SZ,,,,,,,,,,,,,94.82,63.22,,,,,0.0,0.0,2.0
20260428,301190.SZ,,,,,,,,,,,,,30.25,20.17,,,,,0.0,0.0,2.0
20260428,301191.SZ,,,,,,,,,,,,,184.08,122.72,,,,,0.0,0.0,2.0
20260428,301192.SZ,,,,,,,,,,,,,32.59,21.73,,,,,0.0,0.0,2.0
20260428,301193.SZ,,,,,,,,,,,,,29.09,19.39,,,,,0.0,0.0,2.0
20260428,301195.SZ,,,,,,,,,,,,,38.41,25.61,,,,,0.0,0.0,2.0
20260428,301196.SZ,,,,,,,,,,,,,140.84,93.9,,,,,0.0,0.0,2.0
20260428,301197.SZ,,,,,,,,,,,,,35.58,23.72,,,,,0.0,0.0,2.0
20260428,301198.SZ,,,,,,,,,,,,,20.16,13.44,,,,,0.0,0.0,2.0
20260428,301199.SZ,,,,,,,,,,,,,27.18,18.12,,,,,0.0,0.0,2.0
20260428,301200.SZ,,,,,,,,,,,,,225.91,150.61,,,,,0.0,0.0,2.0
20260428,301201.SZ,,,,,,,,,,,,,48.34,32.22,,,,,0.0,0.0,2.0
20260428,301202.SZ,,,,,,,,,,,,,49.14,32.76,,,,,0.0,0.0,2.0
20260428,301203.SZ,,,,,,,,,,,,,54.13,36.09,,,,,0.0,0.0,2.0
20260428,301205.SZ,,,,,,,,,,,,,311.5,207.66,,,,,0.0,0.0,2.0
20260428,301206.SZ,,,,,,,,,,,,,31.58,21.06,,,,,0.0,0.0,2.0
20260428,301207.SZ,,,,,,,,,,,,,23.33,15.55,,,,,0.0,0.0,2.0
20260428,301208.SZ,,,,,,,,,,,,,41.09,27.39,,,,,0.0,0.0,2.0
20260428,301209.SZ,,,,,,,,,,,,,111.31,74.21,,,,,0.0,0.0,2.0
20260428,301210.SZ,,,,,,,,,,,,,42.58,28.38,,,,,0.0,0.0,2.0
20260428,301211.SZ,,,,,,,,,,,,,13.9,9.26,,,,,0.0,0.0,2.0
20260428,301212.SZ,,,,,,,,,,,,,34.12,22.74,,,,,0.0,0.0,2.0
20260428,301213.SZ,,,,,,,,,,,,,85.58,57.06,,,,,0.0,0.0,2.0
20260428,301215.SZ,,,,,,,,,,,,,7.55,5.03,,,,,0.0,0.0,2.0
20260428,301216.SZ,,,,,,,,,,,,,36.42,24.28,,,,,0.0,0.0,2.0
20260428,301217.SZ,,,,,,,,,,,,,61.57,41.05,,,,,0.0,0.0,2.0
20260428,301218.SZ,,,,,,,,,,,,,41.6,27.74,,,,,0.0,0.0,2.0
20260428,301219.SZ,,,,,,,,,,,,,101.23,67.49,,,,,0.0,0.0,2.0
20260428,301220.SZ,,,,,,,,,,,,,46.64,31.1,,,,,0.0,0.0,2.0
20260428,301221.SZ,,,,,,,,,,,,,58.82,39.22,,,,,0.0,0.0,2.0
20260428,301222.SZ,,,,,,,,,,,,,56.47,37.65,,,,,0.0,0.0,2.0
20260428,301223.SZ,,,,,,,,,,,,,23.82,15.88,,,,,0.0,0.0,2.0
20260428,301225.SZ,,,,,,,,,,,,,123.96,82.64,,,,,0.0,0.0,2.0
20260428,301226.SZ,,,,,,,,,,,,,46.81,31.21,,,,,0.0,0.0,2.0
20260428,301227.SZ,,,,,,,,,,,,,38.32,25.54,,,,,0.0,0.0,2.0
20260428,301228.SZ,,,,,,,,,,,,,67.18,44.78,,,,,0.0,0.0,2.0
20260428,301229.SZ,,,,,,,,,,,,,20.41,13.61,,,,,0.0,0.0,2.0
20260428,301230.SZ,,,,,,,,,,,,,51.48,34.32,,,,,0.0,0.0,2.0
20260428,301231.SZ,,,,,,,,,,,,,36.92,24.62,,,,,0.0,0.0,2.0
20260428,301232.SZ,,,,,,,,,,,,,246.85,164.57,,,,,0.0,0.0,2.0
20260428,301233.SZ,,,,,,,,,,,,,66.72,44.48,,,,,0.0,0.0,2.0
20260428,301234.SZ,,,,,,,,,,,,,49.84,33.22,,,,,0.0,0.0,2.0
20260428,301235.SZ,,,,,,,,,,,,,60.12,40.08,,,,,0.0,0.0,2.0
20260428,301236.SZ,,,,,,,,,,,,,49.02,32.68,,,,,0.0,0.0,2.0
20260428,301237.SZ,,,,,,,,,,,,,78.85,52.57,,,,,0.0,0.0,2.0
20260428,301238.SZ,,,,,,,,,,,,,25.81,17.21,,,,,0.0,0.0,2.0
20260428,301239.SZ,,,,,,,,,,,,,50.4,33.6,,,,,0.0,0.0,2.0
20260428,301246.SZ,,,,,,,,,,,,,30.64,20.42,,,,,0.0,0.0,2.0
20260428,301248.SZ,,,,,,,,,,,,,98.09,65.39,,,,,0.0,0.0,2.0
20260428,301251.SZ,,,,,,,,,,,,,77.48,51.66,,,,,0.0,0.0,2.0
20260428,301252.SZ,,,,,,,,,,,,,45.66,30.44,,,,,0.0,0.0,2.0
20260428,301255.SZ,,,,,,,,,,,,,34.8,23.2,,,,,0.0,0.0,2.0
20260428,301256.SZ,,,,,,,,,,,,,16.87,11.25,,,,,0.0,0.0,2.0
20260428,301257.SZ,,,,,,,,,,,,,67.63,45.09,,,,,0.0,0.0,2.0
20260428,301258.SZ,,,,,,,,,,,,,35.2,23.46,,,,,0.0,0.0,2.0
20260428,301259.SZ,,,,,,,,,,,,,46.8,31.2,,,,,0.0,0.0,2.0
20260428,301260.SZ,,,,,,,,,,,,,18.74,12.5,,,,,0.0,0.0,2.0
20260428,301261.SZ,,U,0.0,220220415.0,220220415.0,93000.0,93000.0,,,,,,89.76,59.84,0.0,,,0.0,1.0,0.0,2.260624763198286
20260428,301262.SZ,,,,,,,,,,,,,28.81,19.21,,,,,0.0,0.0,2.0
20260428,301263.SZ,,,,,,,,,,,,,34.97,23.31,,,,,0.0,0.0,2.0
20260428,301265.SZ,,,,,,,,,,,,,31.08,20.72,,,,,0.0,0.0,2.0
20260428,301266.SZ,,,,,,,,,,,,,51.24,34.16,,,,,0.0,0.0,2.0
20260428,301267.SZ,,,,,,,,,,,,,21.36,14.24,,,,,0.0,0.0,2.0
20260428,301268.SZ,,,,,,,,,,,,,26.62,17.74,,,,,0.0,0.0,2.0
20260428,301269.SZ,,,,,,,,,,,,,111.32,74.22,,,,,0.0,0.0,2.0
20260428,301270.SZ,,,,,,,,,,,,,40.43,26.95,,,,,0.0,0.0,2.0
20260428,301272.SZ,,,,,,,,,,,,,53.46,35.64,,,,,0.0,0.0,2.0
20260428,301273.SZ,,,,,,,,,,,,,42.55,28.37,,,,,0.0,0.0,2.0
20260428,301275.SZ,,,,,,,,,,,,,49.66,33.1,,,,,0.0,0.0,2.0
20260428,301276.SZ,,,,,,,,,,,,,31.04,20.7,,,,,0.0,0.0,2.0
20260428,301277.SZ,,,,,,,,,,,,,13.86,9.24,,,,,0.0,0.0,2.0
20260428,301278.SZ,,,,,,,,,,,,,46.6,31.06,,,,,0.0,0.0,2.0
20260428,301279.SZ,,,,,,,,,,,,,35.27,23.51,,,,,0.0,0.0,2.0
20260428,301280.SZ,,,,,,,,,,,,,72.55,48.37,,,,,0.0,0.0,2.0
20260428,301281.SZ,,,,,,,,,,,,,44.99,29.99,,,,,0.0,0.0,2.0
20260428,301282.SZ,,,,,,,,,,,,,53.88,35.92,,,,,0.0,0.0,2.0
20260428,301283.SZ,,,,,,,,,,,,,58.7,39.14,,,,,0.0,0.0,2.0
20260428,301285.SZ,,,,,,,,,,,,,127.24,84.82,,,,,0.0,0.0,2.0
20260428,301286.SZ,,,,,,,,,,,,,58.06,38.7,,,,,0.0,0.0,2.0
20260428,301287.SZ,,,,,,,,,,,,,50.02,33.34,,,,,0.0,0.0,2.0
20260428,301288.SZ,,,,,,,,,,,,,21.2,14.14,,,,,0.0,0.0,2.0
20260428,301289.SZ,,,,,,,,,,,,,66.54,44.36,,,,,0.0,0.0,2.0
20260428,301290.SZ,,,,,,,,,,,,,35.28,23.52,,,,,0.0,0.0,2.0
20260428,301291.SZ,,,,,,,,,,,,,66.2,44.14,,,,,0.0,0.0,2.0
20260428,301292.SZ,,,,,,,,,,,,,103.07,68.71,,,,,0.0,0.0,2.0
20260428,301293.SZ,,,,,,,,,,,,,78.36,52.24,,,,,0.0,0.0,2.0
20260428,301295.SZ,,,,,,,,,,,,,53.68,35.78,,,,,0.0,0.0,2.0
20260428,301296.SZ,,,,,,,,,,,,,9.28,6.18,,,,,0.0,0.0,2.0
20260428,301297.SZ,,,,,,,,,,,,,48.08,32.06,,,,,0.0,0.0,2.0
20260428,301298.SZ,,,,,,,,,,,,,19.5,13.0,,,,,0.0,0.0,2.0
20260428,301299.SZ,,,,,,,,,,,,,75.59,50.39,,,,,0.0,0.0,2.0
20260428,301300.SZ,,,,,,,,,,,,,55.2,36.8,,,,,0.0,0.0,2.0
20260428,301301.SZ,,,,,,,,,,,,,11.81,7.87,,,,,0.0,0.0,2.0
20260428,301302.SZ,,,,,,,,,,,,,29.39,19.59,,,,,0.0,0.0,2.0
20260428,301303.SZ,,,,,,,,,,,,,18.79,12.53,,,,,0.0,0.0,2.0
20260428,301305.SZ,,,,,,,,,,,,,33.38,22.26,,,,,0.0,0.0,2.0
20260428,301306.SZ,,,,,,,,,,,,,186.72,124.48,,,,,0.0,0.0,2.0
20260428,301307.SZ,,,,,,,,,,,,,55.93,37.29,,,,,0.0,0.0,2.0
20260428,301308.SZ,,,,,,,,,,,,,472.15,314.77,,,,,0.0,0.0,2.0
20260428,301309.SZ,,,,,,,,,,,,,39.84,26.56,,,,,0.0,0.0,2.0
20260428,301310.SZ,,,,,,,,,,,,,74.06,49.38,,,,,0.0,0.0,2.0
20260428,301311.SZ,,,,,,,,,,,,,20.36,13.58,,,,,0.0,0.0,2.0
20260428,301312.SZ,,,,,,,,,,,,,138.17,92.11,,,,,0.0,0.0,2.0
20260428,301313.SZ,,,,,,,,,,,,,42.54,28.36,,,,,0.0,0.0,2.0
20260428,301314.SZ,,,,,,,,,,,,,60.94,40.62,,,,,0.0,0.0,2.0
20260428,301315.SZ,,,,,,,,,,,,,61.1,40.74,,,,,0.0,0.0,2.0
20260428,301316.SZ,,,,,,,,,,,,,57.56,38.38,,,,,0.0,0.0,2.0
20260428,301317.SZ,,,,,,,,,,,,,65.41,43.61,,,,,0.0,0.0,2.0
20260428,301318.SZ,,,,,,,,,,,,,30.06,20.04,,,,,0.0,0.0,2.0
20260428,301319.SZ,,,,,,,,,,,,,91.18,60.78,,,,,0.0,0.0,2.0
20260428,301320.SZ,,,,,,,,,,,,,20.87,13.91,,,,,0.0,0.0,2.0
20260428,301321.SZ,,,,,,,,,,,,,28.34,18.9,,,,,0.0,0.0,2.0
20260428,301322.SZ,,,,,,,,,,,,,44.45,29.63,,,,,0.0,0.0,2.0
20260428,301323.SZ,,,,,,,,,,,,,80.26,53.5,,,,,0.0,0.0,2.0
20260428,301325.SZ,,,,,,,,,,,,,54.52,36.34,,,,,0.0,0.0,2.0
20260428,301326.SZ,,,,,,,,,,,,,190.36,126.9,,,,,0.0,0.0,2.0
20260428,301327.SZ,,,,,,,,,,,,,74.02,49.34,,,,,0.0,0.0,2.0
20260428,301328.SZ,,,,,,,,,,,,,71.76,47.84,,,,,0.0,0.0,2.0
20260428,301329.SZ,,,,,,,,,,,,,28.37,18.91,,,,,0.0,0.0,2.0
20260428,301330.SZ,,,,,,,,,,,,,43.31,28.87,,,,,0.0,0.0,2.0
20260428,301331.SZ,,,,,,,,,,,,,31.15,20.77,,,,,0.0,0.0,2.0
20260428,301332.SZ,,,,,,,,,,,,,11.38,7.58,,,,,0.0,0.0,2.0
20260428,301333.SZ,,,,,,,,,,,,,81.56,54.38,,,,,0.0,0.0,2.0
20260428,301335.SZ,,,,,,,,,,,,,31.26,20.84,,,,,0.0,0.0,2.0
20260428,301336.SZ,,,,,,,,,,,,,63.78,42.52,,,,,0.0,0.0,2.0
20260428,301337.SZ,,,,,,,,,,,,,33.84,22.56,,,,,0.0,0.0,2.0
20260428,301338.SZ,,,,,,,,,,,,,231.56,154.38,,,,,0.0,0.0,2.0
20260428,301339.SZ,,,,,,,,,,,,,15.91,10.61,,,,,0.0,0.0,2.0
20260428,301345.SZ,,,,,,,,,,,,,331.09,220.73,,,,,0.0,0.0,2.0
20260428,301348.SZ,,,,,,,,,,,,,29.2,19.46,,,,,0.0,0.0,2.0
20260428,301349.SZ,,,,,,,,,,,,,72.55,48.37,,,,,0.0,0.0,2.0
20260428,301353.SZ,,,,,,,,,,,,,34.3,22.86,,,,,0.0,0.0,2.0
20260428,301355.SZ,,,,,,,,,,,,,15.19,10.13,,,,,0.0,0.0,2.0
20260428,301356.SZ,,,,,,,,,,,,,25.62,17.08,,,,,0.0,0.0,2.0
20260428,301357.SZ,,,,,,,,,,,,,134.34,89.56,,,,,0.0,0.0,2.0
20260428,301358.SZ,,,,,,,,,,,,,107.84,71.9,,,,,0.0,0.0,2.0
20260428,301359.SZ,,,,,,,,,,,,,26.5,17.66,,,,,0.0,0.0,2.0
20260428,301360.SZ,,,,,,,,,,,,,99.12,66.08,,,,,0.0,0.0,2.0
20260428,301361.SZ,,,,,,,,,,,,,44.05,29.37,,,,,0.0,0.0,2.0
20260428,301362.SZ,,,,,,,,,,,,,170.88,113.92,,,,,0.0,0.0,2.0
20260428,301363.SZ,,,,,,,,,,,,,31.21,20.81,,,,,0.0,0.0,2.0
20260428,301365.SZ,,,,,,,,,,,,,41.72,27.82,,,,,0.0,0.0,2.0
20260428,301366.SZ,,,,,,,,,,,,,45.77,30.51,,,,,0.0,0.0,2.0
20260428,301367.SZ,,,,,,,,,,,,,83.3,55.54,,,,,0.0,0.0,2.0
20260428,301368.SZ,,,,,,,,,,,,,58.56,39.04,,,,,0.0,0.0,2.0
20260428,301369.SZ,,,,,,,,,,,,,202.74,135.16,,,,,0.0,0.0,2.0
20260428,301370.SZ,,,,,,,,,,,,,12.38,8.26,,,,,0.0,0.0,2.0
20260428,301371.SZ,,,,,,,,,,,,,34.8,23.2,,,,,0.0,0.0,2.0
20260428,301372.SZ,,,,,,,,,,,,,39.58,26.38,,,,,0.0,0.0,2.0
20260428,301373.SZ,,,,,,,,,,,,,139.8,93.2,,,,,0.0,0.0,2.0
20260428,301376.SZ,,,,,,,,,,,,,19.2,12.8,,,,,0.0,0.0,2.0
20260428,301377.SZ,,,,,,,,,,,,,274.39,182.93,,,,,0.0,0.0,2.0
20260428,301378.SZ,,,,,,,,,,,,,39.78,26.52,,,,,0.0,0.0,2.0
20260428,301379.SZ,,,,,,,,,,,,,33.59,22.39,,,,,0.0,0.0,2.0
20260428,301380.SZ,,,,,,,,,,,,,40.39,26.93,,,,,0.0,0.0,2.0
20260428,301381.SZ,,,,,,,,,,,,,25.98,17.32,,,,,0.0,0.0,2.0
20260428,301382.SZ,,,,,,,,,,,,,48.89,32.59,,,,,0.0,0.0,2.0
20260428,301383.SZ,,,,,,,,,,,,,35.32,23.54,,,,,0.0,0.0,2.0
20260428,301386.SZ,,,,,,,,,,,,,29.92,19.94,,,,,0.0,0.0,2.0
20260428,301387.SZ,,,,,,,,,,,,,73.14,48.76,,,,,0.0,0.0,2.0
20260428,301388.SZ,,,,,,,,,,,,,38.59,25.73,,,,,0.0,0.0,2.0
20260428,301389.SZ,,,,,,,,,,,,,73.55,49.03,,,,,0.0,0.0,2.0
20260428,301390.SZ,,,,,,,,,,,,,44.27,29.51,,,,,0.0,0.0,2.0
20260428,301391.SZ,,,,,,,,,,,,,106.44,70.96,,,,,0.0,0.0,2.0
20260428,301392.SZ,,,,,,,,,,,,,193.38,128.92,,,,,0.0,0.0,2.0
20260428,301393.SZ,,,,,,,,,,,,,73.06,48.7,,,,,0.0,0.0,2.0
20260428,301395.SZ,,,,,,,,,,,,,15.78,10.52,,,,,0.0,0.0,2.0
20260428,301396.SZ,,,,,,,,,,,,,375.86,250.58,,,,,0.0,0.0,2.0
20260428,301397.SZ,,,,,,,,,,,,,45.48,30.32,,,,,0.0,0.0,2.0
20260428,301398.SZ,,,,,,,,,,,,,54.47,36.31,,,,,0.0,0.0,2.0
20260428,301399.SZ,,,,,,,,,,,,,27.34,18.22,,,,,0.0,0.0,2.0
20260428,301408.SZ,,,,,,,,,,,,,23.96,15.98,,,,,0.0,0.0,2.0
20260428,301413.SZ,,,,,,,,,,,,,121.2,80.8,,,,,0.0,0.0,2.0
20260428,301418.SZ,,,,,,,,,,,,,48.18,32.12,,,,,0.0,0.0,2.0
20260428,301419.SZ,,,,,,,,,,,,,50.64,33.76,,,,,0.0,0.0,2.0
20260428,301421.SZ,,,,,,,,,,,,,119.98,79.98,,,,,0.0,0.0,2.0
20260428,301428.SZ,,,,,,,,,,,,,38.4,25.6,,,,,0.0,0.0,2.0
20260428,301429.SZ,,,,,,,,,,,,,24.26,16.18,,,,,0.0,0.0,2.0
20260428,301439.SZ,,,,,,,,,,,,,18.98,12.66,,,,,0.0,0.0,2.0
20260428,301446.SZ,,,,,,,,,,,,,48.48,32.32,,,,,0.0,0.0,2.0
20260428,301448.SZ,,,,,,,,,,,,,47.15,31.43,,,,,0.0,0.0,2.0
20260428,301449.SZ,,,,,,,,,,,,,94.6,63.06,,,,,0.0,0.0,2.0
20260428,301456.SZ,,,,,,,,,,,,,37.04,24.7,,,,,0.0,0.0,2.0
20260428,301458.SZ,,,,,,,,,,,,,47.78,31.86,,,,,0.0,0.0,2.0
20260428,301459.SZ,,,,,,,,,,,,,44.95,29.97,,,,,0.0,0.0,2.0
20260428,301468.SZ,,,,,,,,,,,,,62.14,41.42,,,,,0.0,0.0,2.0
20260428,301469.SZ,,,,,,,,,,,,,44.66,29.78,,,,,0.0,0.0,2.0
20260428,301479.SZ,,,,,,,,,,,,,128.52,85.68,,,,,0.0,0.0,2.0
20260428,301486.SZ,,,,,,,,,,,,,252.11,168.07,,,,,0.0,0.0,2.0
20260428,301487.SZ,,,,,,,,,,,,,27.77,18.51,,,,,0.0,0.0,2.0
20260428,301488.SZ,,,,,,,,,,,,,155.12,103.42,,,,,0.0,0.0,2.0
20260428,301489.SZ,,,,,,,,,,,,,271.21,180.81,,,,,0.0,0.0,2.0
20260428,301491.SZ,,,,,,,,,,,,,59.28,39.52,,,,,0.0,0.0,2.0
20260428,301498.SZ,,,,,,,,,,,,,66.62,44.42,,,,,0.0,0.0,2.0
20260428,301499.SZ,,,,,,,,,,,,,42.96,28.64,,,,,0.0,0.0,2.0
20260428,301500.SZ,,,,,,,,,,,,,36.38,24.26,,,,,0.0,0.0,2.0
20260428,301501.SZ,,,,,,,,,,,,,45.31,30.21,,,,,0.0,0.0,2.0
20260428,301502.SZ,,,,,,,,,,,,,57.17,38.11,,,,,0.0,0.0,2.0
20260428,301503.SZ,,,,,,,,,,,,,44.06,29.38,,,,,0.0,0.0,2.0
20260428,301505.SZ,,,,,,,,,,,,,27.62,18.42,,,,,0.0,0.0,2.0
20260428,301507.SZ,,,,,,,,,,,,,17.41,11.61,,,,,0.0,0.0,2.0
20260428,301508.SZ,,,,,,,,,,,,,35.14,23.42,,,,,0.0,0.0,2.0
20260428,301509.SZ,,,,,,,,,,,,,43.27,28.85,,,,,0.0,0.0,2.0
20260428,301510.SZ,,,,,,,,,,,,,47.69,31.79,,,,,0.0,0.0,2.0
20260428,301511.SZ,,,,,,,,,,,,,81.0,54.0,,,,,0.0,0.0,2.0
20260428,301512.SZ,,,,,,,,,,,,,60.14,40.1,,,,,0.0,0.0,2.0
20260428,301513.SZ,,,,,,,,,,,,,100.66,67.1,,,,,0.0,0.0,2.0
20260428,301515.SZ,,,,,,,,,,,,,27.88,18.58,,,,,0.0,0.0,2.0
20260428,301516.SZ,,,,,,,,,,,,,23.18,15.46,,,,,0.0,0.0,2.0
20260428,301517.SZ,,,,,,,,,,,,,79.25,52.83,,,,,0.0,0.0,2.0
20260428,301518.SZ,,,,,,,,,,,,,46.67,31.11,,,,,0.0,0.0,2.0
20260428,301519.SZ,,,,,,,,,,,,,17.83,11.89,,,,,0.0,0.0,2.0
20260428,301520.SZ,,,,,,,,,,,,,50.44,33.62,,,,,0.0,0.0,2.0
20260428,301522.SZ,,,,,,,,,,,,,37.55,25.03,,,,,0.0,0.0,2.0
20260428,301525.SZ,,,,,,,,,,,,,89.21,59.47,,,,,0.0,0.0,2.0
20260428,301526.SZ,,,,,,,,,,,,,18.52,12.34,,,,,0.0,0.0,2.0
20260428,301528.SZ,,,,,,,,,,,,,85.84,57.22,,,,,0.0,0.0,2.0
20260428,301529.SZ,,,,,,,,,,,,,146.99,97.99,,,,,0.0,0.0,2.0
20260428,301533.SZ,,,,,,,,,,,,,39.35,26.23,,,,,0.0,0.0,2.0
20260428,301535.SZ,,,,,,,,,,,,,23.26,15.5,,,,,0.0,0.0,2.0
20260428,301536.SZ,,,,,,,,,,,,,98.88,65.92,,,,,0.0,0.0,2.0
20260428,301538.SZ,,,,,,,,,,,,,92.99,61.99,,,,,0.0,0.0,2.0
20260428,301539.SZ,,,,,,,,,,,,,21.35,14.23,,,,,0.0,0.0,2.0
20260428,301548.SZ,,,,,,,,,,,,,95.35,63.57,,,,,0.0,0.0,2.0
20260428,301550.SZ,,,,,,,,,,,,,190.56,127.04,,,,,0.0,0.0,2.0
20260428,301551.SZ,,,,,,,,,,,,,34.99,23.33,,,,,0.0,0.0,2.0
20260428,301552.SZ,,,,,,,,,,,,,47.77,31.85,,,,,0.0,0.0,2.0
20260428,301555.SZ,,,,,,,,,,,,,43.7,29.14,,,,,0.0,0.0,2.0
20260428,301556.SZ,,,,,,,,,,,,,102.76,68.5,,,,,0.0,0.0,2.0
20260428,301557.SZ,,,,,,,,,,,,,125.82,83.88,,,,,0.0,0.0,2.0
20260428,301558.SZ,,,,,,,,,,,,,9.98,6.66,,,,,0.0,0.0,2.0
20260428,301559.SZ,,,,,,,,,,,,,20.12,13.42,,,,,0.0,0.0,2.0
20260428,301560.SZ,,,,,,,,,,,,,51.22,34.14,,,,,0.0,0.0,2.0
20260428,301563.SZ,,,,,,,,,,,,,198.6,132.4,,,,,0.0,0.0,2.0
20260428,301565.SZ,,,,,,,,,,,,,25.68,17.12,,,,,0.0,0.0,2.0
20260428,301566.SZ,,,,,,,,,,,,,28.46,18.98,,,,,0.0,0.0,2.0
20260428,301567.SZ,,,,,,,,,,,,,51.6,34.4,,,,,0.0,0.0,2.0
20260428,301568.SZ,,,,,,,,,,,,,66.66,44.44,,,,,0.0,0.0,2.0
20260428,301571.SZ,,,,,,,,,,,,,83.56,55.7,,,,,0.0,0.0,2.0
20260428,301575.SZ,,,,,,,,,,,,,55.51,37.01,,,,,0.0,0.0,2.0
20260428,301577.SZ,,,,,,,,,,,,,79.81,53.21,,,,,0.0,0.0,2.0
20260428,301578.SZ,,,,,,,,,,,,,40.9,27.26,,,,,0.0,0.0,2.0
20260428,301580.SZ,,,,,,,,,,,,,87.79,58.53,,,,,0.0,0.0,2.0
20260428,301581.SZ,,,,,,,,,,,,,56.48,37.66,,,,,0.0,0.0,2.0
20260428,301584.SZ,,,,,,,,,,,,,32.0,21.34,,,,,0.0,0.0,2.0
20260428,301585.SZ,,,,,,,,,,,,,37.75,25.17,,,,,0.0,0.0,2.0
20260428,301586.SZ,,,,,,,,,,,,,52.21,34.81,,,,,0.0,0.0,2.0
20260428,301587.SZ,,,,,,,,,,,,,35.46,23.64,,,,,0.0,0.0,2.0
20260428,301588.SZ,,,,,,,,,,,,,38.34,25.56,,,,,0.0,0.0,2.0
20260428,301589.SZ,,,,,,,,,,,,,206.05,137.37,,,,,0.0,0.0,2.0
20260428,301590.SZ,,,,,,,,,,,,,220.69,147.13,,,,,0.0,0.0,2.0
20260428,301591.SZ,,,,,,,,,,,,,48.61,32.41,,,,,0.0,0.0,2.0
20260428,301592.SZ,,,,,,,,,,,,,153.35,102.23,,,,,0.0,0.0,2.0
20260428,301595.SZ,,,,,,,,,,,,,54.32,36.22,,,,,0.0,0.0,2.0
20260428,301596.SZ,,,,,,,,,,,,,82.91,55.27,,,,,0.0,0.0,2.0
20260428,301598.SZ,,,,,,,,,,,,,76.67,51.11,,,,,0.0,0.0,2.0
20260428,301600.SZ,,,,,,,,,,,,,129.74,86.5,,,,,0.0,0.0,2.0
20260428,301601.SZ,,,,,,,,,,,,,26.94,17.96,,,,,0.0,0.0,2.0
20260428,301602.SZ,,,,,,,,,,,,,22.92,15.28,,,,,0.0,0.0,2.0
20260428,301603.SZ,,,,,,,,,,,,,126.12,84.08,,,,,0.0,0.0,2.0
20260428,301606.SZ,,,,,,,,,,,,,87.68,58.46,,,,,0.0,0.0,2.0
20260428,301607.SZ,,,,,,,,,,,,,63.49,42.33,,,,,0.0,0.0,2.0
20260428,301608.SZ,,,,,,,,,,,,,109.2,72.8,,,,,0.0,0.0,2.0
20260428,301609.SZ,,,,,,,,,,,,,55.07,36.71,,,,,0.0,0.0,2.0
20260428,301611.SZ,,,,,,,,,,,,,139.31,92.87,,,,,0.0,0.0,2.0
20260428,301613.SZ,,,,,,,,,,,,,56.47,37.65,,,,,0.0,0.0,2.0
20260428,301616.SZ,,,,,,,,,,,,,58.0,38.66,,,,,0.0,0.0,2.0
20260428,301617.SZ,,,,,,,,,,,,,73.1,48.74,,,,,0.0,0.0,2.0
20260428,301618.SZ,,,,,,,,,,,,,58.36,38.9,,,,,0.0,0.0,2.0
20260428,301622.SZ,,,,,,,,,,,,,65.75,43.83,,,,,0.0,0.0,2.0
20260428,301626.SZ,,,,,,,,,,,,,320.23,213.49,,,,,0.0,0.0,2.0
20260428,301628.SZ,,,,,,,,,,,,,129.34,86.22,,,,,0.0,0.0,2.0
20260428,301629.SZ,,,,,,,,,,,,,411.71,274.47,,,,,0.0,0.0,2.0
20260428,301630.SZ,,,,,,,,,,,,,288.48,192.32,,,,,0.0,0.0,2.0
20260428,301631.SZ,,,,,,,,,,,,,132.38,88.26,,,,,0.0,0.0,2.0
20260428,301632.SZ,,,,,,,,,,,,,24.76,16.5,,,,,0.0,0.0,2.0
20260428,301633.SZ,,,,,,,,,,,,,74.86,49.9,,,,,0.0,0.0,2.0
20260428,301636.SZ,,,,,,,,,,,,,76.9,51.26,,,,,0.0,0.0,2.0
20260428,301638.SZ,,,,,,,,,,,,,32.1,21.4,,,,,0.0,0.0,2.0
20260428,301656.SZ,,,,,,,,,,,,,26.35,17.57,,,,,0.0,0.0,2.0
20260428,301658.SZ,,,,,,,,,,,,,47.23,31.49,,,,,0.0,0.0,2.0
20260428,301662.SZ,,,,,,,,,,,,,188.4,125.6,,,,,0.0,0.0,2.0
20260428,301665.SZ,,,,,,,,,,,,,33.23,22.15,,,,,0.0,0.0,2.0
20260428,301666.SZ,,,,,,,,,,,,,287.65,191.77,,,,,0.0,0.0,2.0
20260428,301667.SZ,,,,,,,,,,,,,151.56,101.04,,,,,0.0,0.0,2.0
20260428,301668.SZ,,,,,,,,,,,,,58.37,38.91,,,,,0.0,0.0,2.0
20260428,301678.SZ,,,,,,,,,,,,,71.41,47.61,,,,,0.0,0.0,2.0
20260428,301680.SZ,,,,,,,,,,,,,124.16,82.78,,,,,0.0,0.0,2.0
20260428,301682.SZ,,,,,,,,,,,,,149.92,99.94,,,,,0.0,0.0,2.0
20260428,301683.SZ,,,,,,,,,,,,,160.79,107.19,,,,,0.0,0.0,2.0
20260428,301687.SZ,,,,,,,,,,,,,73.51,49.01,,,,,0.0,0.0,2.0
20260428,301696.SZ,,,,,,,,,,,,,113.9,75.94,,,,,0.0,0.0,2.0
20260428,302132.SZ,,,,,,,,,,,,,81.61,54.41,,,,,0.0,0.0,2.0
20260428,600000.SH,,,,,,,,,,,,,10.3,8.42,,,,,0.0,0.0,2.0
20260428,600004.SH,,,,,,,,,,,,,9.72,7.96,,,,,0.0,0.0,2.0
20260428,600006.SH,,,,,,,,,,,,,7.21,5.9,,,,,0.0,0.0,2.0
20260428,600007.SH,,,,,,,,,,,,,23.6,19.31,,,,,0.0,0.0,2.0
20260428,600008.SH,,,,,,,,,,,,,3.31,2.71,,,,,0.0,0.0,2.0
20260428,600009.SH,,,,,,,,,,,,,29.85,24.43,,,,,0.0,0.0,2.0
20260428,600010.SH,,,,,,,,,,,,,2.97,2.43,,,,,0.0,0.0,2.0
20260428,600011.SH,,,,,,,,,,,,,7.65,6.26,,,,,0.0,0.0,2.0
20260428,600012.SH,,,,,,,,,,,,,17.56,14.36,,,,,0.0,0.0,2.0
20260428,600015.SH,,,,,,,,,,,,,7.78,6.36,,,,,0.0,0.0,2.0
20260428,600016.SH,,,,,,,,,,,,,4.11,3.37,,,,,0.0,0.0,2.0
20260428,600017.SH,,,,,,,,,,,,,3.27,2.67,,,,,0.0,0.0,2.0
20260428,600018.SH,,,,,,,,,,,,,5.36,4.38,,,,,0.0,0.0,2.0
20260428,600019.SH,,,,,,,,,,,,,6.92,5.66,,,,,0.0,0.0,2.0
20260428,600020.SH,,,,,,,,,,,,,4.1,3.36,,,,,0.0,0.0,2.0
20260428,600021.SH,,,,,,,,,,,,,19.38,15.86,,,,,0.0,0.0,2.0
20260428,600022.SH,,,,,,,,,,,,,1.57,1.29,,,,,0.0,0.0,2.0
20260428,600023.SH,,,,,,,,,,,,,6.36,5.2,,,,,0.0,0.0,2.0
20260428,600025.SH,,,,,,,,,,,,,10.54,8.62,,,,,0.0,0.0,2.0
20260428,600026.SH,,,,,,,,,,,,,23.65,19.35,,,,,0.0,0.0,2.0
20260428,600027.SH,,,,,,,,,,,,,5.4,4.42,,,,,0.0,0.0,2.0
20260428,600028.SH,,,,,,,,,,,,,5.87,4.81,,,,,0.0,0.0,2.0
20260428,600029.SH,,,,,,,,,,,,,6.06,4.96,,,,,0.0,0.0,2.0
20260428,600030.SH,,,,,,,,,,,,,29.45,24.09,,,,,0.0,0.0,2.0
20260428,600031.SH,,,,,,,,,,,,,21.45,17.55,,,,,0.0,0.0,2.0
20260428,600032.SH,,,,,,,,,,,,,11.96,9.78,,,,,0.0,0.0,2.0
20260428,600033.SH,,,,,,,,,,,,,3.95,3.23,,,,,0.0,0.0,2.0
20260428,600035.SH,,,,,,,,,,,,,4.14,3.38,,,,,0.0,0.0,2.0
20260428,600036.SH,,,,,,,,,,,,,43.32,35.44,,,,,0.0,0.0,2.0
20260428,600037.SH,,,,,,,,,,,,,8.34,6.82,,,,,0.0,0.0,2.0
20260428,600038.SH,,,,,,,,,,,,,36.56,29.92,,,,,0.0,0.0,2.0
20260428,600039.SH,,,,,,,,,,,,,10.03,8.21,,,,,0.0,0.0,2.0
20260428,600048.SH,,,,,,,,,,,,,6.36,5.2,,,,,0.0,0.0,2.0
20260428,600050.SH,,,,,,,,,,,,,4.95,4.05,,,,,0.0,0.0,2.0
20260428,600051.SH,,,,,,,,,,,,,8.24,6.74,,,,,0.0,0.0,2.0
20260428,600052.SH,,,,,,,,,,,,,4.79,3.92,,,,,0.0,0.0,2.0
20260428,600053.SH,,,,,,,,,,,,,13.97,11.43,,,,,0.0,0.0,2.0
20260428,600054.SH,,,,,,,,,,,,,13.2,10.8,,,,,0.0,0.0,2.0
20260428,600055.SH,,,,,,,,,,,,,16.2,13.26,,,,,0.0,0.0,2.0
20260428,600056.SH,,,,,,,,,,,,,11.3,9.24,,,,,0.0,0.0,2.0
20260428,600057.SH,,,,,,,,,,,,,7.59,6.21,,,,,0.0,0.0,2.0
20260428,600058.SH,,,,,,,,,,,,,12.0,9.82,,,,,0.0,0.0,2.0
20260428,600059.SH,,,,,,,,,,,,,9.83,8.05,,,,,0.0,0.0,2.0
20260428,600060.SH,,,,,,,,,,,,,26.92,22.02,,,,,0.0,0.0,2.0
20260428,600061.SH,,,,,,,,,,,,,7.17,5.87,,,,,0.0,0.0,2.0
20260428,600062.SH,,,,,,,,,,,,,19.6,16.04,,,,,0.0,0.0,2.0
20260428,600063.SH,,,,,,,,,,,,,7.76,6.35,,,,,0.0,0.0,2.0
20260428,600064.SH,,,,,,,,,,,,,8.77,7.17,,,,,0.0,0.0,2.0
20260428,600066.SH,,,,,,,,,,,,,40.13,32.83,,,,,0.0,0.0,2.0
20260428,600067.SH,,,,,,,,,,,,,4.38,3.58,,,,,0.0,0.0,2.0
20260428,600071.SH,,,,,,,,,,,,,22.65,18.53,,,,,0.0,0.0,2.0
20260428,600072.SH,,,,,,,,,,,,,14.32,11.72,,,,,0.0,0.0,2.0
20260428,600073.SH,,,,,,,,,,,,,6.34,5.18,,,,,0.0,0.0,2.0
20260428,600075.SH,,,,,,,,,,,,,7.47,6.11,,,,,0.0,0.0,2.0
20260428,600076.SH,,,,,,,,,,,,,3.69,3.02,,,,,0.0,0.0,2.0
20260428,600078.SH,,,,,,,,,,,,,14.3,11.7,,,,,0.0,0.0,2.0
20260428,600079.SH,,,,,,,,,,,,,19.52,17.66,,,,,0.0,0.0,2.0
20260428,600080.SH,,,,,,,,,,,,,8.67,7.09,,,,,0.0,0.0,2.0
20260428,600081.SH,,,,,,,,,,,,,11.94,9.77,,,,,0.0,0.0,2.0
20260428,600082.SH,,,,,,,,,,,,,3.31,2.99,,,,,0.0,0.0,2.0
20260428,600085.SH,,,,,,,,,,,,,30.05,24.59,,,,,0.0,0.0,2.0
20260428,600088.SH,,,,,,,,,,,,,15.44,12.64,,,,,0.0,0.0,2.0
20260428,600089.SH,,,,,,,,,,,,,29.17,23.87,,,,,0.0,0.0,2.0
20260428,600094.SH,,,,,,,,,,,,,5.06,4.14,,,,,0.0,0.0,2.0
20260428,600095.SH,,,,,,,,,,,,,9.54,7.8,,,,,0.0,0.0,2.0
20260428,600096.SH,,,,,,,,,,,,,38.71,31.67,,,,,0.0,0.0,2.0
20260428,600097.SH,,,,,,,,,,,,,12.06,9.86,,,,,0.0,0.0,2.0
20260428,600098.SH,,,,,,,,,,,,,7.85,6.43,,,,,0.0,0.0,2.0
20260428,600099.SH,,,,,,,,,,,,,12.6,10.31,,,,,0.0,0.0,2.0
20260428,600100.SH,,,,,,,,,,,,,9.36,7.66,,,,,0.0,0.0,2.0
20260428,600101.SH,,,,,,,,,,,,,10.56,8.64,,,,,0.0,0.0,2.0
20260428,600103.SH,,,,,,,,,,,,,5.23,4.28,,,,,0.0,0.0,2.0
20260428,600104.SH,,,,,,,,,,,,,15.07,12.33,,,,,0.0,0.0,2.0
20260428,600105.SH,,,,,,,,,,,,,53.37,43.67,,,,,0.0,0.0,2.0
20260428,600106.SH,,,,,,,,,,,,,6.73,5.51,,,,,0.0,0.0,2.0
20260428,600107.SH,,,,,,,,,,,,,6.05,5.47,,,,,0.0,0.0,2.0
20260428,600108.SH,,,,,,,,,,,,,4.65,3.81,,,,,0.0,0.0,2.0
20260428,600109.SH,,,,,,,,,,,,,9.64,7.88,,,,,0.0,0.0,2.0
20260428,600110.SH,,,,,,,,,,,,,11.53,9.43,,,,,0.0,0.0,2.0
20260428,600111.SH,,,,,,,,,,,,,51.51,42.15,,,,,0.0,0.0,2.0
20260428,600113.SH,,,,,,,,,,,,,49.53,40.53,,,,,0.0,0.0,2.0
20260428,600114.SH,,,,,,,,,,,,,37.05,30.31,,,,,0.0,0.0,2.0
20260428,600115.SH,,,,,,,,,,,,,4.8,3.92,,,,,0.0,0.0,2.0
20260428,600116.SH,,,,,,,,,,,,,7.19,5.89,,,,,0.0,0.0,2.0
20260428,600117.SH,,,,,,,,,,,,,2.82,2.3,,,,,0.0,0.0,2.0
20260428,600118.SH,,,,,,,,,,,,,109.45,89.55,,,,,0.0,0.0,2.0
20260428,600119.SH,,,,,,,,,,,,,6.38,5.78,,,,,0.0,0.0,2.0
20260428,600120.SH,,,,,,,,,,,,,6.34,5.18,,,,,0.0,0.0,2.0
20260428,600121.SH,,,,,,,,,,,,,4.57,3.74,,,,,0.0,0.0,2.0
20260428,600123.SH,,,,,,,,,,,,,7.33,5.99,,,,,0.0,0.0,2.0
20260428,600125.SH,,,,,,,,,,,,,6.57,5.37,,,,,0.0,0.0,2.0
20260428,600126.SH,,,,,,,,,,,,,10.37,8.49,,,,,0.0,0.0,2.0
20260428,600127.SH,,,,,,,,,,,,,7.52,6.16,,,,,0.0,0.0,2.0
20260428,600128.SH,,,,,,,,,,,,,11.7,9.58,,,,,0.0,0.0,2.0
20260428,600129.SH,,,,,,,,,,,,,17.19,14.07,,,,,0.0,0.0,2.0
20260428,600130.SH,,,,,,,,,,,,,5.01,4.53,,,,,0.0,0.0,2.0
20260428,600131.SH,,,,,,,,,,,,,18.61,15.23,,,,,0.0,0.0,2.0
20260428,600132.SH,,,,,,,,,,,,,60.2,49.26,,,,,0.0,0.0,2.0
20260428,600133.SH,,,,,,,,,,,,,9.61,7.87,,,,,0.0,0.0,2.0
20260428,600135.SH,,,,,,,,,,,,,11.51,9.41,,,,,0.0,0.0,2.0
20260428,600136.SH,,,,,,,,,,,,,1.88,1.7,,,,,0.0,0.0,2.0
20260428,600137.SH,,,,,,,,,,,,,25.63,20.97,,,,,0.0,0.0,2.0
20260428,600138.SH,,,,,,,,,,,,,10.07,8.24,,,,,0.0,0.0,2.0
20260428,600141.SH,,,,,,,,,,,,,35.76,29.26,,,,,0.0,0.0,2.0
20260428,600143.SH,,,,,,,,,,,,,18.65,15.26,,,,,0.0,0.0,2.0
20260428,600148.SH,,,,,,,,,,,,,20.9,17.1,,,,,0.0,0.0,2.0
20260428,600149.SH,,,,,,,,,,,,,6.81,5.57,,,,,0.0,0.0,2.0
20260428,600150.SH,,,,,,,,,,,,,42.25,34.57,,,,,0.0,0.0,2.0
20260428,600151.SH,,,,,,,,,,,,,15.58,12.74,,,,,0.0,0.0,2.0
20260428,600152.SH,,U,0.0,105780411.0,105780411.0,94037.0,94037.0,,,,,,15.69,12.83,1.0,6.0,3.0,0.0,1.0,0.0,2.375188187334459
20260428,600153.SH,,,,,,,,,,,,,9.9,8.1,,,,,0.0,0.0,2.0
20260428,600155.SH,,,,,,,,,,,,,6.68,5.46,,,,,0.0,0.0,2.0
20260428,600156.SH,,U,2.0,76370579.0,76370579.0,94445.0,95206.0,,,,,,10.15,8.31,0.0,,,0.0,1.0,0.0,1.423715798860841
20260428,600157.SH,,,,,,,,,,,,,1.91,1.57,,,,,0.0,0.0,2.0
20260428,600158.SH,,,,,,,,,,,,,11.74,9.6,,,,,0.0,0.0,2.0
20260428,600159.SH,,,,,,,,,,,,,3.45,2.83,,,,,0.0,0.0,2.0
20260428,600160.SH,,,,,,,,,,,,,39.47,32.29,,,,,0.0,0.0,2.0
20260428,600161.SH,,,,,,,,,,,,,15.93,13.03,,,,,0.0,0.0,2.0
20260428,600162.SH,,,,,,,,,,,,,1.93,1.58,,,,,0.0,0.0,2.0
20260428,600163.SH,,,,,,,,,,,,,6.81,5.57,,,,,0.0,0.0,2.0
20260428,600165.SH,,,,,,,,,,,,,3.58,3.24,,,,,0.0,0.0,2.0
20260428,600166.SH,,,,,,,,,,,,,4.0,3.28,,,,,0.0,0.0,2.0
20260428,600167.SH,,,,,,,,,,,,,7.4,6.06,,,,,0.0,0.0,2.0
20260428,600168.SH,,,,,,,,,,,,,5.47,4.47,,,,,0.0,0.0,2.0
20260428,600169.SH,,,,,,,,,,,,,2.51,2.27,,,,,0.0,0.0,2.0
20260428,600170.SH,,,,,,,,,,,,,2.89,2.37,,,,,0.0,0.0,2.0
20260428,600171.SH,,,,,,,,,,,,,32.31,26.43,,,,,0.0,0.0,2.0
20260428,600172.SH,,,,,,,,,,,,,9.17,7.51,,,,,0.0,0.0,2.0
20260428,600173.SH,,,,,,,,,,,,,8.24,6.74,,,,,0.0,0.0,2.0
20260428,600176.SH,,,,,,,,,,,,,36.78,30.1,,,,,0.0,0.0,2.0
20260428,600177.SH,,,,,,,,,,,,,8.4,6.88,,,,,0.0,0.0,2.0
20260428,600178.SH,,,,,,,,,,,,,12.5,10.22,,,,,0.0,0.0,2.0
20260428,600179.SH,,,,,,,,,,,,,4.69,3.83,,,,,0.0,0.0,2.0
20260428,600180.SH,,,,,,,,,,,,,3.21,2.63,,,,,0.0,0.0,2.0
20260428,600182.SH,,,,,,,,,,,,,15.62,14.14,,,,,0.0,0.0,2.0
20260428,600183.SH,,,,,,,,,,,,,84.34,69.0,,,,,0.0,0.0,2.0
20260428,600184.SH,,,,,,,,,,,,,25.33,20.73,,,,,0.0,0.0,2.0
20260428,600185.SH,,,,,,,,,,,,,6.67,5.45,,,,,0.0,0.0,2.0
20260428,600186.SH,,,,,,,,,,,,,10.27,8.41,,,,,0.0,0.0,2.0
20260428,600187.SH,,,,,,,,,,,,,1.94,1.58,,,,,0.0,0.0,2.0
20260428,600188.SH,,,,,,,,,,,,,22.88,18.72,,,,,0.0,0.0,2.0
20260428,600189.SH,,,,,,,,,,,,,9.23,7.55,,,,,0.0,0.0,2.0
20260428,600191.SH,,,,,,,,,,,,,13.97,11.43,,,,,0.0,0.0,2.0
20260428,600192.SH,,,,,,,,,,,,,9.06,7.42,,,,,0.0,0.0,2.0
20260428,600195.SH,,,,,,,,,,,,,8.34,6.82,,,,,0.0,0.0,2.0
20260428,600196.SH,,,,,,,,,,,,,27.91,22.83,,,,,0.0,0.0,2.0
20260428,600197.SH,,,,,,,,,,,,,13.08,10.7,,,,,0.0,0.0,2.0
20260428,600198.SH,,,,,,,,,,,,,9.06,7.42,,,,,0.0,0.0,2.0
20260428,600199.SH,,,,,,,,,,,,,8.7,7.12,,,,,0.0,0.0,2.0
20260428,600201.SH,,,,,,,,,,,,,14.96,12.24,,,,,0.0,0.0,2.0
20260428,600202.SH,,,,,,,,,,,,,6.81,5.57,,,,,0.0,0.0,2.0
20260428,600203.SH,,,,,,,,,,,,,13.9,11.38,,,,,0.0,0.0,2.0
20260428,600206.SH,,,,,,,,,,,,,29.37,24.03,,,,,0.0,0.0,2.0
20260428,600207.SH,,,,,,,,,,,,,6.49,5.31,,,,,0.0,0.0,2.0
20260428,600208.SH,,,,,,,,,,,,,4.69,3.83,,,,,0.0,0.0,2.0
20260428,600210.SH,,,,,,,,,,,,,7.6,6.22,,,,,0.0,0.0,2.0
20260428,600211.SH,,,,,,,,,,,,,44.43,36.35,,,,,0.0,0.0,2.0
20260428,600212.SH,,,,,,,,,,,,,8.38,6.86,,,,,0.0,0.0,2.0
20260428,600215.SH,,,,,,,,,,,,,7.36,6.02,,,,,0.0,0.0,2.0
20260428,600216.SH,,,,,,,,,,,,,16.02,13.1,,,,,0.0,0.0,2.0
20260428,600217.SH,,,,,,,,,,,,,4.05,3.31,,,,,0.0,0.0,2.0
20260428,600218.SH,,,,,,,,,,,,,10.55,8.63,,,,,0.0,0.0,2.0
20260428,600219.SH,,,,,,,,,,,,,6.45,5.27,,,,,0.0,0.0,2.0
20260428,600221.SH,,,,,,,,,,,,,1.57,1.29,,,,,0.0,0.0,2.0
20260428,600222.SH,,,,,,,,,,,,,7.73,6.33,,,,,0.0,0.0,2.0
20260428,600223.SH,,,,,,,,,,,,,7.47,6.11,,,,,0.0,0.0,2.0
20260428,600226.SH,,,,,,,,,,,,,5.95,4.87,,,,,0.0,0.0,2.0
20260428,600227.SH,,U,2.0,33178005.0,33178005.0,93740.0,94458.0,,,,,,4.05,3.31,0.0,,,0.0,1.0,0.0,1.372598583544203
20260428,600228.SH,,,,,,,,,,,,,6.39,5.79,,,,,0.0,0.0,2.0
20260428,600229.SH,,,,,,,,,,,,,6.67,5.45,,,,,0.0,0.0,2.0
20260428,600230.SH,,,,,,,,,,,,,20.8,17.02,,,,,0.0,0.0,2.0
20260428,600231.SH,,,,,,,,,,,,,2.42,1.98,,,,,0.0,0.0,2.0
20260428,600232.SH,,,,,,,,,,,,,9.39,7.69,,,,,0.0,0.0,2.0
20260428,600233.SH,,,,,,,,,,,,,24.38,19.94,,,,,0.0,0.0,2.0
20260428,600234.SH,,,,,,,,,,,,,25.93,21.21,,,,,0.0,0.0,2.0
20260428,600235.SH,,,,,,,,,,,,,7.4,6.06,,,,,0.0,0.0,2.0
20260428,600236.SH,,,,,,,,,,,,,10.48,8.58,,,,,0.0,0.0,2.0
20260428,600237.SH,,,,,,,,,,,,,10.19,8.33,,,,,0.0,0.0,2.0
20260428,600238.SH,,,,,,,,,,,,,5.49,4.97,,,,,1.0,0.0,2.0
20260428,600239.SH,,,,,,,,,,,,,2.2,1.8,,,,,0.0,0.0,2.0
20260428,600241.SH,,,,,,,,,,,,,10.78,8.82,,,,,0.0,0.0,2.0
20260428,600243.SH,,,,,,,,,,,,,3.82,3.46,,,,,1.0,0.0,2.0
20260428,600246.SH,,,,,,,,,,,,,11.74,9.6,,,,,0.0,0.0,2.0
20260428,600248.SH,,U,0.0,40984885.0,40984885.0,134904.0,134904.0,,,,,,3.7,3.02,1.0,4.0,3.0,0.0,1.0,0.0,2.298504476516557
20260428,600249.SH,,,,,,,,,,,,,6.6,5.4,,,,,0.0,0.0,2.0
20260428,600250.SH,,,,,,,,,,,,,12.18,9.96,,,,,0.0,0.0,2.0
20260428,600251.SH,,,,,,,,,,,,,13.24,10.84,,,,,0.0,0.0,2.0
20260428,600252.SH,,,,,,,,,,,,,2.7,2.21,,,,,0.0,0.0,2.0
20260428,600255.SH,,,,,,,,,,,,,4.03,3.29,,,,,0.0,0.0,2.0
20260428,600256.SH,,,,,,,,,,,,,6.86,5.62,,,,,0.0,0.0,2.0
20260428,600257.SH,,,,,,,,,,,,,6.78,5.54,,,,,0.0,0.0,2.0
20260428,600258.SH,,,,,,,,,,,,,16.41,13.43,,,,,0.0,0.0,2.0
20260428,600259.SH,,,,,,,,,,,,,96.78,79.18,,,,,0.0,0.0,2.0
20260428,600261.SH,,,,,,,,,,,,,4.41,3.61,,,,,0.0,0.0,2.0
20260428,600262.SH,,,,,,,,,,,,,25.29,20.69,,,,,0.0,0.0,2.0
20260428,600265.SH,,,,,,,,,,,,,22.66,20.5,,,,,1.0,0.0,2.0
20260428,600266.SH,,,,,,,,,,,,,5.21,4.27,,,,,0.0,0.0,2.0
20260428,600267.SH,,,,,,,,,,,,,12.82,10.49,,,,,0.0,0.0,2.0
20260428,600268.SH,,,,,,,,,,,,,16.53,13.53,,,,,0.0,0.0,2.0
20260428,600269.SH,,,,,,,,,,,,,4.8,3.92,,,,,0.0,0.0,2.0
20260428,600271.SH,,,,,,,,,,,,,9.2,7.52,,,,,0.0,0.0,2.0
20260428,600272.SH,,,,,,,,,,,,,13.51,11.05,,,,,0.0,0.0,2.0
20260428,600273.SH,,,,,,,,,,,,,9.12,7.46,,,,,0.0,0.0,2.0
20260428,600276.SH,,,,,,,,,,,,,60.92,49.84,,,,,0.0,0.0,2.0
20260428,600278.SH,,,,,,,,,,,,,7.92,6.48,,,,,0.0,0.0,2.0
20260428,600279.SH,,,,,,,,,,,,,5.25,4.29,,,,,0.0,0.0,2.0
20260428,600280.SH,,,,,,,,,,,,,3.33,2.73,,,,,0.0,0.0,2.0
20260428,600281.SH,,,,,,,,,,,,,6.09,4.99,,,,,0.0,0.0,2.0
20260428,600282.SH,,,,,,,,,,,,,5.74,4.7,,,,,0.0,0.0,2.0
20260428,600283.SH,,,,,,,,,,,,,10.18,8.33,,,,,0.0,0.0,2.0
20260428,600284.SH,,,,,,,,,,,,,7.87,6.44,,,,,0.0,0.0,2.0
20260428,600285.SH,,,,,,,,,,,,,23.6,19.31,,,,,0.0,0.0,2.0
20260428,600287.SH,,,,,,,,,,,,,6.39,5.23,,,,,0.0,0.0,2.0
20260428,600288.SH,,,,,,,,,,,,,16.61,13.59,,,,,0.0,0.0,2.0
20260428,600289.SH,,,,,,,,,,,,,6.22,5.62,,,,,1.0,0.0,2.0
20260428,600292.SH,,,,,,,,,,,,,17.58,14.38,,,,,0.0,0.0,2.0
20260428,600293.SH,,,,,,,,,,,,,3.43,2.81,,,,,0.0,0.0,2.0
20260428,600295.SH,,,,,,,,,,,,,16.75,13.71,,,,,0.0,0.0,2.0
20260428,600298.SH,,,,,,,,,,,,,43.36,35.48,,,,,0.0,0.0,2.0
20260428,600299.SH,,,,,,,,,,,,,15.6,12.76,,,,,0.0,0.0,2.0
20260428,600300.SH,,,,,,,,,,,,,3.85,3.15,,,,,0.0,0.0,2.0
20260428,600301.SH,,,,,,,,,,,,,57.12,46.74,,,,,0.0,0.0,2.0
20260428,600302.SH,,,,,,,,,,,,,10.53,8.61,,,,,0.0,0.0,2.0
20260428,600303.SH,,,,,,,,,,,,,3.5,2.86,,,,,0.0,0.0,2.0
20260428,600305.SH,,,,,,,,,,,,,8.16,6.68,,,,,0.0,0.0,2.0
20260428,600307.SH,,,,,,,,,,,,,1.93,1.58,,,,,0.0,0.0,2.0
20260428,600308.SH,,,,,,,,,,,,,4.35,3.56,,,,,0.0,0.0,2.0
20260428,600309.SH,,,,,,,,,,,,,97.87,80.07,,,,,0.0,0.0,2.0
20260428,600310.SH,,,,,,,,,,,,,5.8,4.74,,,,,0.0,0.0,2.0
20260428,600312.SH,,,,,,,,,,,,,24.22,19.82,,,,,0.0,0.0,2.0
20260428,600313.SH,,,,,,,,,,,,,7.74,6.34,,,,,0.0,0.0,2.0
20260428,600315.SH,,,,,,,,,,,,,22.72,18.59,,,,,0.0,0.0,2.0
20260428,600316.SH,,,,,,,,,,,,,41.53,33.98,,,,,0.0,0.0,2.0
20260428,600318.SH,,,,,,,,,,,,,8.49,6.95,,,,,0.0,0.0,2.0
20260428,600319.SH,,,,,,,,,,,,,8.55,6.99,,,,,0.0,0.0,2.0
20260428,600320.SH,,U,2.0,30345490.0,30345490.0,94608.0,135344.0,,,,,,5.41,4.43,1.0,2.0,3.0,0.0,1.0,0.0,1.6192463804746984
20260428,600322.SH,,,,,,,,,,,,,2.63,2.15,,,,,0.0,0.0,2.0
20260428,600323.SH,,,,,,,,,,,,,33.9,27.74,,,,,0.0,0.0,2.0
20260428,600325.SH,,,,,,,,,,,,,3.72,3.04,,,,,0.0,0.0,2.0
20260428,600326.SH,,,,,,,,,,,,,10.2,8.34,,,,,0.0,0.0,2.0
20260428,600327.SH,,,,,,,,,,,,,4.21,3.45,,,,,0.0,0.0,2.0
20260428,600328.SH,,,,,,,,,,,,,9.5,7.78,,,,,0.0,0.0,2.0
20260428,600329.SH,,,,,,,,,,,,,42.91,35.11,,,,,0.0,0.0,2.0
20260428,600330.SH,,,,,,,,,,,,,30.16,24.68,,,,,0.0,0.0,2.0
20260428,600331.SH,,,,,,,,,,,,,20.25,16.57,,,,,0.0,0.0,2.0
20260428,600332.SH,,,,,,,,,,,,,24.52,20.06,,,,,0.0,0.0,2.0
20260428,600333.SH,,,,,,,,,,,,,6.36,5.2,,,,,0.0,0.0,2.0
20260428,600335.SH,,,,,,,,,,,,,6.53,5.35,,,,,0.0,0.0,2.0
20260428,600336.SH,,,,,,,,,,,,,7.99,6.53,,,,,0.0,0.0,2.0
20260428,600337.SH,,,,,,,,,,,,,3.18,2.6,,,,,0.0,0.0,2.0
20260428,600338.SH,,,,,,,,,,,,,27.31,22.35,,,,,0.0,0.0,2.0
20260428,600339.SH,,,,,,,,,,,,,4.47,3.65,,,,,0.0,0.0,2.0
20260428,600340.SH,,,,,,,,,,,,,1.36,1.12,,,,,0.0,0.0,2.0
20260428,600343.SH,,,,,,,,,,,,,37.64,30.8,,,,,0.0,0.0,2.0
20260428,600345.SH,,,,,,,,,,,,,57.39,46.95,,,,,0.0,0.0,2.0
20260428,600346.SH,,,,,,,,,,,,,23.21,18.99,,,,,0.0,0.0,2.0
20260428,600348.SH,,,,,,,,,,,,,10.78,8.82,,,,,0.0,0.0,2.0
20260428,600350.SH,,,,,,,,,,,,,11.99,9.81,,,,,0.0,0.0,2.0
20260428,600351.SH,,,,,,,,,,,,,7.47,6.11,,,,,0.0,0.0,2.0
20260428,600352.SH,,,,,,,,,,,,,14.33,11.73,,,,,0.0,0.0,2.0
20260428,600353.SH,,,,,,,,,,,,,19.76,16.16,,,,,0.0,0.0,2.0
20260428,600354.SH,,,,,,,,,,,,,6.64,5.44,,,,,0.0,0.0,2.0
20260428,600356.SH,,,,,,,,,,,,,10.52,8.6,,,,,0.0,0.0,2.0
20260428,600358.SH,,,,,,,,,,,,,6.48,5.3,,,,,0.0,0.0,2.0
20260428,600359.SH,,,,,,,,,,,,,7.83,6.41,,,,,0.0,0.0,2.0
20260428,600360.SH,,,,,,,,,,,,,10.42,9.42,,,,,0.0,0.0,2.0
20260428,600361.SH,,,,,,,,,,,,,5.07,4.15,,,,,0.0,0.0,2.0
20260428,600362.SH,,,,,,,,,,,,,49.27,40.31,,,,,0.0,0.0,2.0
20260428,600363.SH,,,,,,,,,,,,,58.7,48.02,,,,,0.0,0.0,2.0
20260428,600365.SH,,,,,,,,,,,,,3.26,2.95,,,,,0.0,0.0,2.0
20260428,600366.SH,,,,,,,,,,,,,14.45,11.83,,,,,0.0,0.0,2.0
20260428,600367.SH,,,,,,,,,,,,,23.87,19.53,,,,,0.0,0.0,2.0
20260428,600368.SH,,,,,,,,,,,,,4.25,3.47,,,,,0.0,0.0,2.0
20260428,600369.SH,,,,,,,,,,,,,4.55,3.73,,,,,0.0,0.0,2.0
20260428,600370.SH,,,,,,,,,,,,,2.93,2.39,,,,,0.0,0.0,2.0
20260428,600371.SH,,,,,,,,,,,,,9.53,7.79,,,,,0.0,0.0,2.0
20260428,600372.SH,,,,,,,,,,,,,14.29,11.69,,,,,0.0,0.0,2.0
20260428,600373.SH,,,,,,,,,,,,,9.11,7.45,,,,,0.0,0.0,2.0
20260428,600375.SH,,,,,,,,,,,,,5.76,4.72,,,,,0.0,0.0,2.0
20260428,600376.SH,,,,,,,,,,,,,4.84,3.96,,,,,0.0,0.0,2.0
20260428,600377.SH,,,,,,,,,,,,,13.2,10.8,,,,,0.0,0.0,2.0
20260428,600378.SH,,,,,,,,,,,,,39.38,32.22,,,,,0.0,0.0,2.0
20260428,600379.SH,,U,1.0,40833777.0,40833777.0,130813.0,131343.0,,,,,,13.86,11.34,1.0,6.0,3.0,0.0,1.0,0.0,1.7983256443827726
20260428,600380.SH,,,,,,,,,,,,,11.97,9.79,,,,,0.0,0.0,2.0
20260428,600381.SH,,,,,,,,,,,,,3.26,2.95,,,,,1.0,0.0,2.0
20260428,600382.SH,,,,,,,,,,,,,9.44,7.72,,,,,0.0,0.0,2.0
20260428,600383.SH,,,,,,,,,,,,,2.96,2.42,,,,,0.0,0.0,2.0
20260428,600386.SH,,,,,,,,,,,,,4.48,3.66,,,,,0.0,0.0,2.0
20260428,600388.SH,,,,,,,,,,,,,20.55,16.81,,,,,0.0,0.0,2.0
20260428,600389.SH,,,,,,,,,,,,,32.47,26.57,,,,,0.0,0.0,2.0
20260428,600390.SH,,,,,,,,,,,,,5.69,4.65,,,,,0.0,0.0,2.0
20260428,600391.SH,,,,,,,,,,,,,40.43,33.08,,,,,0.0,0.0,2.0
20260428,600392.SH,,,,,,,,,,,,,26.71,21.85,,,,,0.0,0.0,2.0
20260428,600395.SH,,,,,,,,,,,,,6.28,5.14,,,,,0.0,0.0,2.0
20260428,600396.SH,,,,,,,,,,,,,11.13,9.11,,,,,0.0,0.0,2.0
20260428,600397.SH,,,,,,,,,,,,,14.63,11.97,,,,,0.0,0.0,2.0
20260428,600398.SH,,,,,,,,,,,,,7.05,5.77,,,,,0.0,0.0,2.0
20260428,600399.SH,,,,,,,,,,,,,6.24,5.1,,,,,0.0,0.0,2.0
20260428,600400.SH,,,,,,,,,,,,,2.67,2.19,,,,,0.0,0.0,2.0
20260428,600403.SH,,,,,,,,,,,,,6.28,5.14,,,,,0.0,0.0,2.0
20260428,600405.SH,,,,,,,,,,,,,5.69,4.65,,,,,0.0,0.0,2.0
20260428,600406.SH,,,,,,,,,,,,,28.85,23.61,,,,,0.0,0.0,2.0
20260428,600408.SH,,,,,,,,,,,,,3.54,2.9,,,,,0.0,0.0,2.0
20260428,600409.SH,,,,,,,,,,,,,8.37,6.85,,,,,0.0,0.0,2.0
20260428,600410.SH,,,,,,,,,,,,,28.6,23.4,,,,,0.0,0.0,2.0
20260428,600415.SH,,,,,,,,,,,,,15.27,12.49,,,,,0.0,0.0,2.0
20260428,600416.SH,,,,,,,,,,,,,14.06,11.5,,,,,0.0,0.0,2.0
20260428,600418.SH,,,,,,,,,,,,,53.83,44.05,,,,,0.0,0.0,2.0
20260428,600419.SH,,,,,,,,,,,,,10.4,8.51,,,,,0.0,0.0,2.0
20260428,600420.SH,,,,,,,,,,,,,10.55,8.63,,,,,0.0,0.0,2.0
20260428,600421.SH,,,,,,,,,,,,,4.75,4.29,,,,,0.0,0.0,2.0
20260428,600422.SH,,,,,,,,,,,,,10.85,8.87,,,,,0.0,0.0,2.0
20260428,600423.SH,,,,,,,,,,,,,3.1,2.8,,,,,0.0,0.0,2.0
20260428,600425.SH,,,,,,,,,,,,,4.47,3.65,,,,,0.0,0.0,2.0
20260428,600426.SH,,,,,,,,,,,,,41.73,34.15,,,,,0.0,0.0,2.0
20260428,600428.SH,,,,,,,,,,,,,9.81,8.03,,,,,0.0,0.0,2.0
20260428,600429.SH,,,,,,,,,,,,,6.66,5.45,,,,,0.0,0.0,2.0
20260428,600433.SH,,,,,,,,,,,,,4.84,3.96,,,,,0.0,0.0,2.0
20260428,600435.SH,,,,,,,,,,,,,15.91,13.01,,,,,0.0,0.0,2.0
20260428,600436.SH,,,,,,,,,,,,,154.34,126.28,,,,,0.0,0.0,2.0
20260428,600438.SH,,,,,,,,,,,,,19.38,15.86,,,,,0.0,0.0,2.0
20260428,600439.SH,,,,,,,,,,,,,2.79,2.29,,,,,0.0,0.0,2.0
20260428,600444.SH,,,,,,,,,,,,,19.97,16.34,,,,,0.0,0.0,2.0
20260428,600446.SH,,,,,,,,,,,,,14.96,12.24,,,,,0.0,0.0,2.0
20260428,600448.SH,,,,,,,,,,,,,3.71,3.03,,,,,0.0,0.0,2.0
20260428,600449.SH,,,,,,,,,,,,,14.11,11.55,,,,,0.0,0.0,2.0
20260428,600452.SH,,,,,,,,,,,,,12.74,10.42,,,,,0.0,0.0,2.0
20260428,600455.SH,,,,,,,,,,,,,28.58,23.38,,,,,0.0,0.0,2.0
20260428,600456.SH,,,,,,,,,,,,,38.56,31.55,,,,,0.0,0.0,2.0
20260428,600458.SH,,,,,,,,,,,,,12.95,10.59,,,,,0.0,0.0,2.0
20260428,600459.SH,,,,,,,,,,,,,22.89,18.73,,,,,0.0,0.0,2.0
20260428,600460.SH,,,,,,,,,,,,,31.82,26.04,,,,,0.0,0.0,2.0
20260428,600461.SH,,,,,,,,,,,,,11.43,9.35,,,,,0.0,0.0,2.0
20260428,600463.SH,,,,,,,,,,,,,11.36,9.3,,,,,0.0,0.0,2.0
20260428,600467.SH,,,,,,,,,,,,,2.6,2.12,,,,,0.0,0.0,2.0
20260428,600468.SH,,,,,,,,,,,,,8.56,7.0,,,,,0.0,0.0,2.0
20260428,600469.SH,,,,,,,,,,,,,7.11,5.81,,,,,0.0,0.0,2.0
20260428,600470.SH,,,,,,,,,,,,,7.6,6.22,,,,,0.0,0.0,2.0
20260428,600475.SH,,,,,,,,,,,,,19.04,15.58,,,,,0.0,0.0,2.0
20260428,600477.SH,,,,,,,,,,,,,3.27,2.67,,,,,0.0,0.0,2.0
20260428,600478.SH,,,,,,,,,,,,,8.53,6.98,,,,,0.0,0.0,2.0
20260428,600479.SH,,,,,,,,,,,,,11.66,9.54,,,,,0.0,0.0,2.0
20260428,600480.SH,,,,,,,,,,,,,11.41,9.33,,,,,0.0,0.0,2.0
20260428,600481.SH,,,,,,,,,,,,,6.91,5.65,,,,,0.0,0.0,2.0
20260428,600482.SH,,,,,,,,,,,,,43.46,35.56,,,,,0.0,0.0,2.0
20260428,600483.SH,,,,,,,,,,,,,10.88,8.9,,,,,0.0,0.0,2.0
20260428,600486.SH,,,,,,,,,,,,,78.01,63.83,,,,,0.0,0.0,2.0
20260428,600487.SH,,,,,,,,,,,,,78.52,64.24,,,,,0.0,0.0,2.0
20260428,600488.SH,,U,0.0,52480621.0,52480621.0,94009.0,94009.0,,,,,,6.18,5.06,1.0,3.0,3.0,0.0,1.0,0.0,2.3121093617529693
20260428,600489.SH,,,,,,,,,,,,,28.3,23.16,,,,,0.0,0.0,2.0
20260428,600490.SH,,,,,,,,,,,,,9.36,7.66,,,,,0.0,0.0,2.0
20260428,600491.SH,,,,,,,,,,,,,2.04,1.67,,,,,0.0,0.0,2.0
20260428,600493.SH,,,,,,,,,,,,,8.01,6.55,,,,,0.0,0.0,2.0
20260428,600495.SH,,,,,,,,,,,,,4.82,3.94,,,,,0.0,0.0,2.0
20260428,600496.SH,,U,1.0,31610644.0,31610644.0,134104.0,135107.0,,,,,,4.09,3.35,0.0,,,0.0,1.0,0.0,1.537410321867958
20260428,600497.SH,,,,,,,,,,,,,9.89,8.09,,,,,0.0,0.0,2.0
20260428,600498.SH,,,,,,,,,,,,,56.76,46.44,,,,,0.0,0.0,2.0
20260428,600499.SH,,,,,,,,,,,,,22.32,18.26,,,,,0.0,0.0,2.0
20260428,600500.SH,,,,,,,,,,,,,4.64,3.8,,,,,0.0,0.0,2.0
20260428,600501.SH,,,,,,,,,,,,,25.74,21.06,,,,,0.0,0.0,2.0
20260428,600502.SH,,,,,,,,,,,,,6.01,4.91,,,,,0.0,0.0,2.0
20260428,600503.SH,,,,,,,,,,,,,2.67,2.19,,,,,0.0,0.0,2.0
20260428,600505.SH,,,,,,,,,,,,,14.58,11.93,,,,,0.0,0.0,2.0
20260428,600506.SH,,,,,,,,,,,,,23.4,19.14,,,,,0.0,0.0,2.0
20260428,600507.SH,,,,,,,,,,,,,6.67,5.45,,,,,0.0,0.0,2.0
20260428,600508.SH,,,,,,,,,,,,,14.76,12.08,,,,,0.0,0.0,2.0
20260428,600509.SH,,,,,,,,,,,,,8.86,7.25,,,,,0.0,0.0,2.0
20260428,600510.SH,,,,,,,,,,,,,12.23,10.01,,,,,0.0,0.0,2.0
20260428,600511.SH,,,,,,,,,,,,,31.42,25.7,,,,,0.0,0.0,2.0
20260428,600512.SH,,,,,,,,,,,,,2.7,2.21,,,,,0.0,0.0,2.0
20260428,600513.SH,,,,,,,,,,,,,22.63,18.51,,,,,0.0,0.0,2.0
20260428,600515.SH,,,,,,,,,,,,,3.83,3.13,,,,,0.0,0.0,2.0
20260428,600516.SH,,,,,,,,,,,,,5.94,4.86,,,,,0.0,0.0,2.0
20260428,600517.SH,,,,,,,,,,,,,6.89,5.63,,,,,0.0,0.0,2.0
20260428,600518.SH,,,,,,,,,,,,,1.88,1.54,,,,,0.0,0.0,2.0
20260428,600519.SH,,,,,,,,,,,,,1543.52,1262.88,,,,,0.0,0.0,2.0
20260428,600520.SH,,,,,,,,,,,,,32.29,26.42,,,,,0.0,0.0,2.0
20260428,600521.SH,,,,,,,,,,,,,17.36,14.2,,,,,0.0,0.0,2.0
20260428,600522.SH,,,,,,,,,,,,,39.36,32.2,,,,,0.0,0.0,2.0
20260428,600523.SH,,,,,,,,,,,,,15.29,12.51,,,,,0.0,0.0,2.0
20260428,600525.SH,,,,,,,,,,,,,5.41,4.89,,,,,0.0,0.0,2.0
20260428,600526.SH,,,,,,,,,,,,,5.95,4.87,,,,,0.0,0.0,2.0
20260428,600527.SH,,,,,,,,,,,,,3.07,2.51,,,,,0.0,0.0,2.0
20260428,600528.SH,,,,,,,,,,,,,8.53,6.98,,,,,0.0,0.0,2.0
20260428,600529.SH,,,,,,,,,,,,,21.01,17.19,,,,,0.0,0.0,2.0
20260428,600530.SH,,,,,,,,,,,,,5.62,4.6,,,,,0.0,0.0,2.0
20260428,600531.SH,,,,,,,,,,,,,17.4,14.24,,,,,0.0,0.0,2.0
20260428,600533.SH,,,,,,,,,,,,,2.68,2.2,,,,,0.0,0.0,2.0
20260428,600535.SH,,,,,,,,,,,,,16.48,13.48,,,,,0.0,0.0,2.0
20260428,600536.SH,,,,,,,,,,,,,41.02,33.56,,,,,0.0,0.0,2.0
20260428,600538.SH,,,,,,,,,,,,,7.83,6.41,,,,,0.0,0.0,2.0
20260428,600539.SH,,,,,,,,,,,,,19.24,15.74,,,,,0.0,0.0,2.0
20260428,600540.SH,,,,,,,,,,,,,5.52,4.52,,,,,0.0,0.0,2.0
20260428,600543.SH,,,,,,,,,,,,,5.19,4.69,,,,,0.0,0.0,2.0
20260428,600545.SH,,,,,,,,,,,,,5.45,4.46,,,,,0.0,0.0,2.0
20260428,600546.SH,,,,,,,,,,,,,14.18,11.6,,,,,0.0,0.0,2.0
20260428,600547.SH,,,,,,,,,,,,,39.2,32.08,,,,,0.0,0.0,2.0
20260428,600548.SH,,,,,,,,,,,,,9.85,8.06,,,,,0.0,0.0,2.0
20260428,600549.SH,,,,,,,,,,,,,62.47,51.11,,,,,0.0,0.0,2.0
20260428,600550.SH,,,,,,,,,,,,,16.71,13.67,,,,,0.0,0.0,2.0
20260428,600551.SH,,,,,,,,,,,,,8.99,7.35,,,,,0.0,0.0,2.0
20260428,600552.SH,,,,,,,,,,,,,17.71,14.49,,,,,0.0,0.0,2.0
20260428,600556.SH,,,,,,,,,,,,,6.71,5.49,,,,,0.0,0.0,2.0
20260428,600557.SH,,,,,,,,,,,,,15.62,12.78,,,,,0.0,0.0,2.0
20260428,600558.SH,,,,,,,,,,,,,5.89,4.82,,,,,0.0,0.0,2.0
20260428,600559.SH,,,,,,,,,,,,,14.99,12.27,,,,,0.0,0.0,2.0
20260428,600560.SH,,,,,,,,,,,,,16.03,13.11,,,,,0.0,0.0,2.0
20260428,600561.SH,,,,,,,,,,,,,7.63,6.25,,,,,0.0,0.0,2.0
20260428,600562.SH,,,,,,,,,,,,,31.3,25.61,,,,,0.0,0.0,2.0
20260428,600563.SH,,,,,,,,,,,,,130.24,106.56,,,,,0.0,0.0,2.0
20260428,600566.SH,,,,,,,,,,,,,29.35,24.01,,,,,0.0,0.0,2.0
20260428,600567.SH,,,,,,,,,,,,,1.57,1.29,,,,,0.0,0.0,2.0
20260428,600568.SH,,,,,,,,,,,,,2.88,2.6,,,,,0.0,0.0,2.0
20260428,600569.SH,,,,,,,,,,,,,2.33,1.91,,,,,0.0,0.0,2.0
20260428,600570.SH,,,,,,,,,,,,,29.15,23.85,,,,,0.0,0.0,2.0
20260428,600571.SH,,,,,,,,,,,,,14.53,11.89,,,,,0.0,0.0,2.0
20260428,600572.SH,,,,,,,,,,,,,4.87,3.99,,,,,0.0,0.0,2.0
20260428,600573.SH,,,,,,,,,,,,,14.61,11.95,,,,,0.0,0.0,2.0
20260428,600575.SH,,,,,,,,,,,,,4.14,3.38,,,,,0.0,0.0,2.0
20260428,600576.SH,,,,,,,,,,,,,6.37,5.21,,,,,0.0,0.0,2.0
20260428,600577.SH,,,,,,,,,,,,,13.86,11.34,,,,,0.0,0.0,2.0
20260428,600578.SH,,,,,,,,,,,,,5.51,4.51,,,,,0.0,0.0,2.0
20260428,600579.SH,,,,,,,,,,,,,8.83,7.23,,,,,0.0,0.0,2.0
20260428,600580.SH,,,,,,,,,,,,,41.71,34.13,,,,,0.0,0.0,2.0
20260428,600581.SH,,,,,,,,,,,,,3.02,2.74,,,,,0.0,0.0,2.0
20260428,600582.SH,,,,,,,,,,,,,6.27,5.13,,,,,0.0,0.0,2.0
20260428,600583.SH,,,,,,,,,,,,,7.43,6.08,,,,,0.0,0.0,2.0
20260428,600584.SH,,,,,,,,,,,,,50.95,41.69,,,,,0.0,0.0,2.0
20260428,600585.SH,,,,,,,,,,,,,23.3,19.06,,,,,0.0,0.0,2.0
20260428,600586.SH,,,,,,,,,,,,,6.2,5.08,,,,,0.0,0.0,2.0
20260428,600587.SH,,,,,,,,,,,,,14.95,12.23,,,,,0.0,0.0,2.0
20260428,600588.SH,,,,,,,,,,,,,13.24,10.84,,,,,0.0,0.0,2.0
20260428,600589.SH,,,,,,,,,,,,,11.02,9.02,,,,,0.0,0.0,2.0
20260428,600590.SH,,,,,,,,,,,,,18.02,14.74,,,,,0.0,0.0,2.0
20260428,600592.SH,,,,,,,,,,,,,21.08,17.24,,,,,0.0,0.0,2.0
20260428,600593.SH,,,,,,,,,,,,,37.51,30.69,,,,,0.0,0.0,2.0
20260428,600594.SH,,,,,,,,,,,,,4.66,3.82,,,,,0.0,0.0,2.0
20260428,600595.SH,,,,,,,,,,,,,8.98,7.34,,,,,0.0,0.0,2.0
20260428,600596.SH,,,,,,,,,,,,,13.76,11.26,,,,,0.0,0.0,2.0
20260428,600597.SH,,,,,,,,,,,,,8.12,6.64,,,,,0.0,0.0,2.0
20260428,600598.SH,,,,,,,,,,,,,17.44,14.27,,,,,0.0,0.0,2.0
20260428,600599.SH,,,,,,,,,,,,,4.6,4.16,,,,,0.0,0.0,2.0
20260428,600600.SH,,,,,,,,,,,,,68.09,55.71,,,,,0.0,0.0,2.0
20260428,600601.SH,,,,,,,,,,,,,13.15,10.76,,,,,0.0,0.0,2.0
20260428,600602.SH,,,,,,,,,,,,,24.85,20.33,,,,,0.0,0.0,2.0
20260428,600603.SH,,,,,,,,,,,,,6.71,5.49,,,,,0.0,0.0,2.0
20260428,600604.SH,,,,,,,,,,,,,5.39,4.41,,,,,0.0,0.0,2.0
20260428,600605.SH,,,,,,,,,,,,,36.17,29.59,,,,,0.0,0.0,2.0
20260428,600606.SH,,,,,,,,,,,,,1.45,1.19,,,,,0.0,0.0,2.0
20260428,600608.SH,,,,,,,,,,,,,2.17,1.97,,,,,0.0,0.0,2.0
20260428,600609.SH,,,,,,,,,,,,,4.41,3.61,,,,,0.0,0.0,2.0
20260428,600610.SH,,,,,,,,,,,,,10.21,8.35,,,,,0.0,0.0,2.0
20260428,600611.SH,,,,,,,,,,,,,5.17,4.23,,,,,0.0,0.0,2.0
20260428,600612.SH,,,,,,,,,,,,,43.23,35.37,,,,,0.0,0.0,2.0
20260428,600613.SH,,,,,,,,,,,,,6.37,5.21,,,,,0.0,0.0,2.0
20260428,600615.SH,,,,,,,,,,,,,12.8,10.48,,,,,0.0,0.0,2.0
20260428,600616.SH,,,,,,,,,,,,,5.48,4.48,,,,,0.0,0.0,2.0
20260428,600617.SH,,,,,,,,,,,,,3.72,3.04,,,,,0.0,0.0,2.0
20260428,600618.SH,,,,,,,,,,,,,14.16,11.58,,,,,0.0,0.0,2.0
20260428,600619.SH,,,,,,,,,,,,,18.92,15.48,,,,,0.0,0.0,2.0
20260428,600620.SH,,,,,,,,,,,,,6.69,5.47,,,,,0.0,0.0,2.0
20260428,600621.SH,,,,,,,,,,,,,15.31,12.53,,,,,0.0,0.0,2.0
20260428,600622.SH,,,,,,,,,,,,,2.82,2.3,,,,,0.0,0.0,2.0
20260428,600623.SH,,U,0.0,50419180.0,50419180.0,111737.0,111737.0,,,,,,10.81,8.85,1.0,1.0,4.0,0.0,1.0,0.0,2.309669703411247
20260428,600624.SH,,,,,,,,,,,,,4.57,4.13,,,,,0.0,0.0,2.0
20260428,600626.SH,,,,,,,,,,,,,4.3,3.52,,,,,0.0,0.0,2.0
20260428,600628.SH,,,,,,,,,,,,,7.8,6.38,,,,,0.0,0.0,2.0
20260428,600629.SH,,,,,,,,,,,,,22.4,18.32,,,,,0.0,0.0,2.0
20260428,600630.SH,,,,,,,,,,,,,8.98,7.34,,,,,0.0,0.0,2.0
20260428,600633.SH,,,,,,,,,,,,,14.94,12.22,,,,,0.0,0.0,2.0
20260428,600635.SH,,,,,,,,,,,,,5.9,4.82,,,,,0.0,0.0,2.0
20260428,600636.SH,,,,,,,,,,,,,5.25,4.75,,,,,0.0,0.0,2.0
20260428,600637.SH,,,,,,,,,,,,,11.95,9.77,,,,,0.0,0.0,2.0
20260428,600638.SH,,,,,,,,,,,,,6.81,5.57,,,,,0.0,0.0,2.0
20260428,600639.SH,,,,,,,,,,,,,12.19,9.97,,,,,0.0,0.0,2.0
20260428,600640.SH,,,,,,,,,,,,,14.1,11.54,,,,,0.0,0.0,2.0
20260428,600641.SH,,,,,,,,,,,,,29.17,23.87,,,,,0.0,0.0,2.0
20260428,600642.SH,,,,,,,,,,,,,9.85,8.06,,,,,0.0,0.0,2.0
20260428,600643.SH,,,,,,,,,,,,,5.23,4.28,,,,,0.0,0.0,2.0
20260428,600644.SH,,,,,,,,,,,,,12.91,10.57,,,,,0.0,0.0,2.0
20260428,600645.SH,,,,,,,,,,,,,29.18,23.88,,,,,0.0,0.0,2.0
20260428,600648.SH,,,,,,,,,,,,,11.56,9.46,,,,,0.0,0.0,2.0
20260428,600649.SH,,,,,,,,,,,,,4.58,3.74,,,,,0.0,0.0,2.0
20260428,600650.SH,,,,,,,,,,,,,13.76,11.26,,,,,0.0,0.0,2.0
20260428,600651.SH,,,,,,,,,,,,,7.34,6.0,,,,,0.0,0.0,2.0
20260428,600653.SH,,,,,,,,,,,,,1.97,1.61,,,,,0.0,0.0,2.0
20260428,600654.SH,,,,,,,,,,,,,4.16,3.4,,,,,0.0,0.0,2.0
20260428,600655.SH,,,,,,,,,,,,,5.41,4.43,,,,,0.0,0.0,2.0
20260428,600657.SH,,,,,,,,,,,,,3.22,2.64,,,,,0.0,0.0,2.0
20260428,600658.SH,,,,,,,,,,,,,5.46,4.46,,,,,0.0,0.0,2.0
20260428,600660.SH,,,,,,,,,,,,,65.4,53.51,,,,,0.0,0.0,2.0
20260428,600661.SH,,,,,,,,,,,,,11.02,9.02,,,,,0.0,0.0,2.0
20260428,600662.SH,,,,,,,,,,,,,5.54,4.54,,,,,0.0,0.0,2.0
20260428,600663.SH,,,,,,,,,,,,,8.64,7.07,,,,,0.0,0.0,2.0
20260428,600664.SH,,,,,,,,,,,,,4.04,3.3,,,,,0.0,0.0,2.0
20260428,600665.SH,,,,,,,,,,,,,3.78,3.1,,,,,0.0,0.0,2.0
20260428,600666.SH,,,,,,,,,,,,,6.39,5.23,,,,,0.0,0.0,2.0
20260428,600667.SH,,,,,,,,,,,,,10.87,8.89,,,,,0.0,0.0,2.0
20260428,600668.SH,,,,,,,,,,,,,11.95,9.77,,,,,0.0,0.0,2.0
20260428,600671.SH,,,,,,,,,,,,,21.2,17.34,,,,,0.0,0.0,2.0
20260428,600673.SH,,,,,,,,,,,,,35.73,29.23,,,,,0.0,0.0,2.0
20260428,600674.SH,,,,,,,,,,,,,16.57,13.55,,,,,0.0,0.0,2.0
20260428,600675.SH,,,,,,,,,,,,,2.87,2.35,,,,,0.0,0.0,2.0
20260428,600676.SH,,,,,,,,,,,,,8.97,7.34,,,,,0.0,0.0,2.0
20260428,600678.SH,,,,,,,,,,,,,12.3,10.06,,,,,0.0,0.0,2.0
20260428,600679.SH,,,,,,,,,,,,,12.52,10.24,,,,,0.0,0.0,2.0
20260428,600681.SH,,,,,,,,,,,,,4.4,3.6,,,,,0.0,0.0,2.0
20260428,600682.SH,,,,,,,,,,,,,7.48,6.12,,,,,0.0,0.0,2.0
20260428,600683.SH,,,,,,,,,,,,,14.92,12.2,,,,,0.0,0.0,2.0
20260428,600684.SH,,,,,,,,,,,,,5.06,4.14,,,,,0.0,0.0,2.0
20260428,600685.SH,,,,,,,,,,,,,33.8,27.66,,,,,0.0,0.0,2.0
20260428,600686.SH,,,,,,,,,,,,,19.25,15.75,,,,,0.0,0.0,2.0
20260428,600688.SH,,,,,,,,,,,,,3.05,2.49,,,,,0.0,0.0,2.0
20260428,600689.SH,,,,,,,,,,,,,14.89,12.19,,,,,0.0,0.0,2.0
20260428,600690.SH,,,,,,,,,,,,,22.57,18.47,,,,,0.0,0.0,2.0
20260428,600691.SH,,,,,,,,,,,,,3.58,2.93,,,,,0.0,0.0,2.0
20260428,600692.SH,,,,,,,,,,,,,8.16,6.68,,,,,0.0,0.0,2.0
20260428,600693.SH,,,,,,,,,,,,,12.68,10.38,,,,,0.0,0.0,2.0
20260428,600694.SH,,,,,,,,,,,,,20.08,16.43,,,,,0.0,0.0,2.0
20260428,600696.SH,,,,,,,,,,,,,1.52,1.38,,,,,0.0,0.0,2.0
20260428,600697.SH,,,,,,,,,,,,,13.27,10.85,,,,,0.0,0.0,2.0
20260428,600698.SH,,,,,,,,,,,,,8.05,6.59,,,,,0.0,0.0,2.0
20260428,600699.SH,,,,,,,,,,,,,31.45,25.73,,,,,0.0,0.0,2.0
20260428,600702.SH,,,,,,,,,,,,,49.3,40.34,,,,,0.0,0.0,2.0
20260428,600703.SH,,,,,,,,,,,,,16.2,13.26,,,,,0.0,0.0,2.0
20260428,600704.SH,,,,,,,,,,,,,5.76,4.72,,,,,0.0,0.0,2.0
20260428,600706.SH,,,,,,,,,,,,,10.45,8.55,,,,,0.0,0.0,2.0
20260428,600707.SH,,,,,,,,,,,,,9.77,7.99,,,,,0.0,0.0,2.0
20260428,600708.SH,,,,,,,,,,,,,3.73,3.05,,,,,0.0,0.0,2.0
20260428,600710.SH,,,,,,,,,,,,,13.61,11.13,,,,,0.0,0.0,2.0
20260428,600711.SH,,,,,,,,,,,,,15.27,12.49,,,,,0.0,0.0,2.0
20260428,600712.SH,,,,,,,,,,,,,6.52,5.34,,,,,0.0,0.0,2.0
20260428,600713.SH,,,,,,,,,,,,,5.97,4.89,,,,,0.0,0.0,2.0
20260428,600714.SH,,,,,,,,,,,,,20.14,16.48,,,,,0.0,0.0,2.0
20260428,600715.SH,,,,,,,,,,,,,2.26,1.85,,,,,0.0,0.0,2.0
20260428,600716.SH,,,,,,,,,,,,,4.71,3.85,,,,,0.0,0.0,2.0
20260428,600717.SH,,,,,,,,,,,,,4.92,4.02,,,,,0.0,0.0,2.0
20260428,600718.SH,,,,,,,,,,,,,10.02,8.2,,,,,0.0,0.0,2.0
20260428,600719.SH,,,,,,,,,,,,,8.22,6.72,,,,,0.0,0.0,2.0
20260428,600720.SH,,,,,,,,,,,,,7.38,6.04,,,,,0.0,0.0,2.0
20260428,600721.SH,,,,,,,,,,,,,9.34,7.64,,,,,0.0,0.0,2.0
20260428,600722.SH,,,,,,,,,,,,,14.41,11.79,,,,,0.0,0.0,2.0
20260428,600724.SH,,,,,,,,,,,,,7.74,6.34,,,,,0.0,0.0,2.0
20260428,600725.SH,,,,,,,,,,,,,4.42,3.62,,,,,0.0,0.0,2.0
20260428,600726.SH,,U,1.0,104256575.0,104256575.0,141023.0,141047.0,,,,,,7.02,5.74,0.0,,,0.0,1.0,0.0,1.6233847696238304
20260428,600727.SH,,,,,,,,,,,,,8.77,7.17,,,,,0.0,0.0,2.0
20260428,600728.SH,,,,,,,,,,,,,6.2,5.08,,,,,0.0,0.0,2.0
20260428,600729.SH,,,,,,,,,,,,,24.1,19.72,,,,,0.0,0.0,2.0
20260428,600730.SH,,,,,,,,,,,,,8.62,7.8,,,,,0.0,0.0,2.0
20260428,600731.SH,,,,,,,,,,,,,7.57,6.19,,,,,0.0,0.0,2.0
20260428,600732.SH,,,,,,,,,,,,,16.37,13.39,,,,,0.0,0.0,2.0
20260428,600733.SH,,,,,,,,,,,,,8.15,6.67,,,,,0.0,0.0,2.0
20260428,600734.SH,,,,,,,,,,,,,2.57,2.11,,,,,0.0,0.0,2.0
20260428,600735.SH,,,,,,,,,,,,,7.42,6.72,,,,,1.0,0.0,2.0
20260428,600736.SH,,,,,,,,,,,,,8.42,6.89,,,,,0.0,0.0,2.0
20260428,600737.SH,,,,,,,,,,,,,16.24,13.28,,,,,0.0,0.0,2.0
20260428,600738.SH,,,,,,,,,,,,,5.26,4.3,,,,,0.0,0.0,2.0
20260428,600739.SH,,,,,,,,,,,,,12.62,10.32,,,,,0.0,0.0,2.0
20260428,600740.SH,,,,,,,,,,,,,4.63,3.79,,,,,0.0,0.0,2.0
20260428,600741.SH,,,,,,,,,,,,,21.87,17.89,,,,,0.0,0.0,2.0
20260428,600742.SH,,,,,,,,,,,,,10.36,8.48,,,,,0.0,0.0,2.0
20260428,600743.SH,,,,,,,,,,,,,2.56,2.1,,,,,0.0,0.0,2.0
20260428,600744.SH,,U,0.0,211009922.0,211009922.0,132154.0,132154.0,,,,,,8.67,7.09,0.0,,,0.0,1.0,0.0,2.249724399773467
20260428,600745.SH,,,,,,,,,,,,,31.53,25.79,,,,,0.0,0.0,2.0
20260428,600746.SH,,,,,,,,,,,,,9.68,7.92,,,,,0.0,0.0,2.0
20260428,600748.SH,,,,,,,,,,,,,5.94,4.86,,,,,0.0,0.0,2.0
20260428,600749.SH,,,,,,,,,,,,,19.39,15.87,,,,,0.0,0.0,2.0
20260428,600750.SH,,,,,,,,,,,,,27.41,22.43,,,,,0.0,0.0,2.0
20260428,600751.SH,,,,,,,,,,,,,4.05,3.31,,,,,0.0,0.0,2.0
20260428,600753.SH,,,,,,,,,,,,,13.53,12.25,,,,,0.0,0.0,2.0
20260428,600754.SH,,,,,,,,,,,,,27.84,22.78,,,,,0.0,0.0,2.0
20260428,600755.SH,,,,,,,,,,,,,6.67,5.45,,,,,0.0,0.0,2.0
20260428,600756.SH,,,,,,,,,,,,,17.96,14.7,,,,,0.0,0.0,2.0
20260428,600757.SH,,,,,,,,,,,,,9.5,7.78,,,,,0.0,0.0,2.0
20260428,600758.SH,,,,,,,,,,,,,4.5,3.68,,,,,0.0,0.0,2.0
20260428,600760.SH,,,,,,,,,,,,,53.42,43.7,,,,,0.0,0.0,2.0
20260428,600761.SH,,,,,,,,,,,,,19.56,16.0,,,,,0.0,0.0,2.0
20260428,600763.SH,,,,,,,,,,,,,46.95,38.41,,,,,0.0,0.0,2.0
20260428,600764.SH,,,,,,,,,,,,,26.18,21.42,,,,,0.0,0.0,2.0
20260428,600765.SH,,,,,,,,,,,,,17.57,14.37,,,,,0.0,0.0,2.0
20260428,600768.SH,,,,,,,,,,,,,19.14,15.66,,,,,0.0,0.0,2.0
20260428,600769.SH,,,,,,,,,,,,,16.74,13.7,,,,,0.0,0.0,2.0
20260428,600770.SH,,U,0.0,128867741.0,128867741.0,95727.0,95727.0,,,,,,7.66,6.26,0.0,,,0.0,1.0,0.0,2.1525114030959527
20260428,600771.SH,,,,,,,,,,,,,18.49,15.13,,,,,0.0,0.0,2.0
20260428,600773.SH,,,,,,,,,,,,,28.69,23.47,,,,,0.0,0.0,2.0
20260428,600774.SH,,,,,,,,,,,,,9.63,7.88,,,,,0.0,0.0,2.0
20260428,600775.SH,,,,,,,,,,,,,13.78,11.28,,,,,0.0,0.0,2.0
20260428,600776.SH,,,,,,,,,,,,,18.41,15.07,,,,,0.0,0.0,2.0
20260428,600777.SH,,,,,,,,,,,,,5.85,5.29,,,,,0.0,0.0,2.0
20260428,600778.SH,,,,,,,,,,,,,7.08,5.8,,,,,0.0,0.0,2.0
20260428,600779.SH,,,,,,,,,,,,,35.59,29.12,,,,,0.0,0.0,2.0
20260428,600780.SH,,,,,,,,,,,,,7.61,6.23,,,,,0.0,0.0,2.0
20260428,600782.SH,,,,,,,,,,,,,3.44,2.82,,,,,0.0,0.0,2.0
20260428,600783.SH,,,,,,,,,,,,,24.27,19.85,,,,,0.0,0.0,2.0
20260428,600784.SH,,,,,,,,,,,,,8.51,6.97,,,,,0.0,0.0,2.0
20260428,600785.SH,,,,,,,,,,,,,18.67,15.27,,,,,0.0,0.0,2.0
20260428,600787.SH,,,,,,,,,,,,,5.83,4.77,,,,,0.0,0.0,2.0
20260428,600789.SH,,,,,,,,,,,,,8.89,7.27,,,,,0.0,0.0,2.0
20260428,600790.SH,,,,,,,,,,,,,4.35,3.56,,,,,0.0,0.0,2.0
20260428,600791.SH,,,,,,,,,,,,,14.51,11.87,,,,,0.0,0.0,2.0
20260428,600792.SH,,,,,,,,,,,,,4.76,3.9,,,,,0.0,0.0,2.0
20260428,600793.SH,,,,,,,,,,,,,19.73,16.15,,,,,0.0,0.0,2.0
20260428,600794.SH,,,,,,,,,,,,,3.96,3.24,,,,,0.0,0.0,2.0
20260428,600795.SH,,,,,,,,,,,,,5.38,4.4,,,,,0.0,0.0,2.0
20260428,600796.SH,,,,,,,,,,,,,6.89,5.63,,,,,0.0,0.0,2.0
20260428,600797.SH,,,,,,,,,,,,,9.81,8.03,,,,,0.0,0.0,2.0
20260428,600798.SH,,,,,,,,,,,,,3.95,3.23,,,,,0.0,0.0,2.0
20260428,600800.SH,,,,,,,,,,,,,5.05,4.13,,,,,0.0,0.0,2.0
20260428,600801.SH,,,,,,,,,,,,,24.84,20.32,,,,,0.0,0.0,2.0
20260428,600802.SH,,,,,,,,,,,,,6.12,5.0,,,,,0.0,0.0,2.0
20260428,600803.SH,,,,,,,,,,,,,23.19,18.97,,,,,0.0,0.0,2.0
20260428,600805.SH,,,,,,,,,,,,,5.81,4.75,,,,,0.0,0.0,2.0
20260428,600807.SH,,,,,,,,,,,,,3.25,2.66,,,,,0.0,0.0,2.0
20260428,600808.SH,,,,,,,,,,,,,4.29,3.51,,,,,0.0,0.0,2.0
20260428,600809.SH,,,,,,,,,,,,,152.14,124.48,,,,,0.0,0.0,2.0
20260428,600810.SH,,,,,,,,,,,,,8.21,6.71,,,,,0.0,0.0,2.0
20260428,600812.SH,,,,,,,,,,,,,5.74,4.7,,,,,0.0,0.0,2.0
20260428,600814.SH,,,,,,,,,,,,,8.57,7.01,,,,,0.0,0.0,2.0
20260428,600815.SH,,,,,,,,,,,,,4.7,3.84,,,,,0.0,0.0,2.0
20260428,600816.SH,,,,,,,,,,,,,2.9,2.38,,,,,0.0,0.0,2.0
20260428,600817.SH,,,,,,,,,,,,,13.84,11.32,,,,,0.0,0.0,2.0
20260428,600819.SH,,,,,,,,,,,,,7.91,6.47,,,,,0.0,0.0,2.0
20260428,600820.SH,,,,,,,,,,,,,6.52,5.34,,,,,0.0,0.0,2.0
20260428,600821.SH,,,,,,,,,,,,,9.43,7.71,,,,,0.0,0.0,2.0
20260428,600822.SH,,,,,,,,,,,,,10.91,8.93,,,,,0.0,0.0,2.0
20260428,600824.SH,,,,,,,,,,,,,4.39,3.59,,,,,0.0,0.0,2.0
20260428,600825.SH,,,,,,,,,,,,,6.41,5.25,,,,,0.0,0.0,2.0
20260428,600826.SH,,,,,,,,,,,,,11.36,9.3,,,,,0.0,0.0,2.0
20260428,600827.SH,,,,,,,,,,,,,8.93,7.31,,,,,0.0,0.0,2.0
20260428,600828.SH,,,,,,,,,,,,,5.67,4.64,,,,,0.0,0.0,2.0
20260428,600829.SH,,,,,,,,,,,,,10.68,8.74,,,,,0.0,0.0,2.0
20260428,600830.SH,,,,,,,,,,,,,10.49,8.59,,,,,0.0,0.0,2.0
20260428,600831.SH,,,,,,,,,,,,,4.04,3.3,,,,,0.0,0.0,2.0
20260428,600833.SH,,,,,,,,,,,,,12.72,10.4,,,,,0.0,0.0,2.0
20260428,600834.SH,,,,,,,,,,,,,9.05,7.41,,,,,0.0,0.0,2.0
20260428,600835.SH,,,,,,,,,,,,,25.87,21.17,,,,,0.0,0.0,2.0
20260428,600838.SH,,,,,,,,,,,,,10.87,8.89,,,,,0.0,0.0,2.0
20260428,600839.SH,,,,,,,,,,,,,9.77,7.99,,,,,0.0,0.0,2.0
20260428,600841.SH,,,,,,,,,,,,,10.2,8.34,,,,,0.0,0.0,2.0
20260428,600843.SH,,,,,,,,,,,,,9.36,7.66,,,,,0.0,0.0,2.0
20260428,600844.SH,,,,,,,,,,,,,3.88,3.18,,,,,0.0,0.0,2.0
20260428,600845.SH,,,,,,,,,,,,,24.88,20.36,,,,,0.0,0.0,2.0
20260428,600846.SH,,,,,,,,,,,,,14.48,11.84,,,,,0.0,0.0,2.0
20260428,600847.SH,,,,,,,,,,,,,15.91,13.01,,,,,0.0,0.0,2.0
20260428,600848.SH,,,,,,,,,,,,,9.93,8.13,,,,,0.0,0.0,2.0
20260428,600850.SH,,,,,,,,,,,,,22.29,18.23,,,,,0.0,0.0,2.0
20260428,600851.SH,,,,,,,,,,,,,9.26,7.58,,,,,0.0,0.0,2.0
20260428,600853.SH,,,,,,,,,,,,,4.36,3.56,,,,,0.0,0.0,2.0
20260428,600854.SH,,,,,,,,,,,,,5.82,4.76,,,,,0.0,0.0,2.0
20260428,600855.SH,,,,,,,,,,,,,20.74,16.97,,,,,0.0,0.0,2.0
20260428,600857.SH,,,,,,,,,,,,,13.62,11.14,,,,,0.0,0.0,2.0
20260428,600858.SH,,,,,,,,,,,,,6.25,5.11,,,,,0.0,0.0,2.0
20260428,600859.SH,,,,,,,,,,,,,13.67,11.19,,,,,0.0,0.0,2.0
20260428,600860.SH,,,,,,,,,,,,,12.05,9.86,,,,,0.0,0.0,2.0
20260428,600861.SH,,,,,,,,,,,,,17.3,14.16,,,,,0.0,0.0,2.0
20260428,600862.SH,,,,,,,,,,,,,22.24,18.2,,,,,0.0,0.0,2.0
20260428,600863.SH,,,,,,,,,,,,,5.02,4.1,,,,,0.0,0.0,2.0
20260428,600864.SH,,,,,,,,,,,,,7.01,5.73,,,,,0.0,0.0,2.0
20260428,600865.SH,,,,,,,,,,,,,12.8,10.48,,,,,0.0,0.0,2.0
20260428,600866.SH,,,,,,,,,,,,,6.97,5.71,,,,,0.0,0.0,2.0
20260428,600867.SH,,,,,,,,,,,,,10.98,8.98,,,,,0.0,0.0,2.0
20260428,600868.SH,,,,,,,,,,,,,3.71,3.03,,,,,0.0,0.0,2.0
20260428,600869.SH,,,,,,,,,,,,,18.96,15.52,,,,,0.0,0.0,2.0
20260428,600871.SH,,,,,,,,,,,,,2.95,2.41,,,,,0.0,0.0,2.0
20260428,600872.SH,,,,,,,,,,,,,23.02,18.84,,,,,0.0,0.0,2.0
20260428,600873.SH,,,,,,,,,,,,,11.3,9.24,,,,,0.0,0.0,2.0
20260428,600874.SH,,,,,,,,,,,,,6.8,5.56,,,,,0.0,0.0,2.0
20260428,600875.SH,,,,,,,,,,,,,44.39,36.32,,,,,0.0,0.0,2.0
20260428,600876.SH,,,,,,,,,,,,,10.79,8.83,,,,,0.0,0.0,2.0
20260428,600877.SH,,,,,,,,,,,,,18.88,15.44,,,,,0.0,0.0,2.0
20260428,600879.SH,,,,,,,,,,,,,25.73,21.05,,,,,0.0,0.0,2.0
20260428,600880.SH,,,,,,,,,,,,,5.69,4.65,,,,,0.0,0.0,2.0
20260428,600881.SH,,,,,,,,,,,,,1.63,1.33,,,,,0.0,0.0,2.0
20260428,600882.SH,,,,,,,,,,,,,22.42,18.34,,,,,0.0,0.0,2.0
20260428,600883.SH,,,,,,,,,,,,,9.05,7.41,,,,,0.0,0.0,2.0
20260428,600884.SH,,,,,,,,,,,,,17.53,14.35,,,,,0.0,0.0,2.0
20260428,600885.SH,,,,,,,,,,,,,31.81,26.03,,,,,0.0,0.0,2.0
20260428,600886.SH,,,,,,,,,,,,,14.74,12.06,,,,,0.0,0.0,2.0
20260428,600887.SH,,,,,,,,,,,,,27.78,22.73,,,,,0.0,0.0,2.0
20260428,600888.SH,,,,,,,,,,,,,9.53,7.79,,,,,0.0,0.0,2.0
20260428,600889.SH,,,,,,,,,,,,,16.14,14.6,,,,,0.0,0.0,2.0
20260428,600892.SH,,,,,,,,,,,,,3.79,3.43,,,,,0.0,0.0,2.0
20260428,600893.SH,,,,,,,,,,,,,53.16,43.5,,,,,0.0,0.0,2.0
20260428,600894.SH,,,,,,,,,,,,,10.98,8.98,,,,,0.0,0.0,2.0
20260428,600895.SH,,,,,,,,,,,,,39.46,32.28,,,,,0.0,0.0,2.0
20260428,600897.SH,,,,,,,,,,,,,17.55,14.36,,,,,0.0,0.0,2.0
20260428,600900.SH,,,,,,,,,,,,,29.33,23.99,,,,,0.0,0.0,2.0
20260428,600901.SH,,,,,,,,,,,,,7.52,6.16,,,,,0.0,0.0,2.0
20260428,600903.SH,,,,,,,,,,,,,7.01,5.73,,,,,0.0,0.0,2.0
20260428,600905.SH,,,,,,,,,,,,,4.51,3.69,,,,,0.0,0.0,2.0
20260428,600906.SH,,,,,,,,,,,,,6.63,5.43,,,,,0.0,0.0,2.0
20260428,600908.SH,,,,,,,,,,,,,6.28,5.14,,,,,0.0,0.0,2.0
20260428,600909.SH,,,,,,,,,,,,,6.16,5.04,,,,,0.0,0.0,2.0
20260428,600916.SH,,,,,,,,,,,,,9.67,7.91,,,,,0.0,0.0,2.0
20260428,600917.SH,,,,,,,,,,,,,5.78,4.73,,,,,0.0,0.0,2.0
20260428,600918.SH,,,,,,,,,,,,,6.53,5.35,,,,,0.0,0.0,2.0
20260428,600919.SH,,,,,,,,,,,,,12.36,10.12,,,,,0.0,0.0,2.0
20260428,600925.SH,,,,,,,,,,,,,5.18,4.24,,,,,0.0,0.0,2.0
20260428,600926.SH,,,,,,,,,,,,,18.73,15.33,,,,,0.0,0.0,2.0
20260428,600927.SH,,,,,,,,,,,,,15.95,13.05,,,,,0.0,0.0,2.0
20260428,600928.SH,,,,,,,,,,,,,4.06,3.32,,,,,0.0,0.0,2.0
20260428,600929.SH,,,,,,,,,,,,,7.61,6.23,,,,,0.0,0.0,2.0
20260428,600930.SH,,,,,,,,,,,,,6.94,5.68,,,,,0.0,0.0,2.0
20260428,600933.SH,,,,,,,,,,,,,18.72,15.32,,,,,0.0,0.0,2.0
20260428,600935.SH,,,,,,,,,,,,,2.87,2.35,,,,,0.0,0.0,2.0
20260428,600936.SH,,,,,,,,,,,,,4.42,3.62,,,,,0.0,0.0,2.0
20260428,600938.SH,,,,,,,,,,,,,42.7,34.94,,,,,0.0,0.0,2.0
20260428,600939.SH,,,,,,,,,,,,,3.11,2.55,,,,,0.0,0.0,2.0
20260428,600941.SH,,,,,,,,,,,,,105.05,85.95,,,,,0.0,0.0,2.0
20260428,600955.SH,,,,,,,,,,,,,21.12,17.28,,,,,0.0,0.0,2.0
20260428,600956.SH,,,,,,,,,,,,,9.46,7.74,,,,,0.0,0.0,2.0
20260428,600959.SH,,,,,,,,,,,,,4.33,3.55,,,,,0.0,0.0,2.0
20260428,600960.SH,,,,,,,,,,,,,5.6,4.58,,,,,0.0,0.0,2.0
20260428,600961.SH,,,,,,,,,,,,,31.97,26.15,,,,,0.0,0.0,2.0
20260428,600962.SH,,,,,,,,,,,,,22.88,18.72,,,,,0.0,0.0,2.0
20260428,600963.SH,,,,,,,,,,,,,5.06,4.14,,,,,0.0,0.0,2.0
20260428,600965.SH,,,,,,,,,,,,,5.17,4.23,,,,,0.0,0.0,2.0
20260428,600966.SH,,,,,,,,,,,,,6.82,5.58,,,,,0.0,0.0,2.0
20260428,600967.SH,,,,,,,,,,,,,15.79,12.92,,,,,0.0,0.0,2.0
20260428,600968.SH,,,,,,,,,,,,,4.69,3.83,,,,,0.0,0.0,2.0
20260428,600969.SH,,,,,,,,,,,,,11.2,9.16,,,,,0.0,0.0,2.0
20260428,600970.SH,,,,,,,,,,,,,10.96,8.96,,,,,0.0,0.0,2.0
20260428,600971.SH,,,,,,,,,,,,,8.92,7.3,,,,,0.0,0.0,2.0
20260428,600973.SH,,,,,,,,,,,,,8.16,6.68,,,,,0.0,0.0,2.0
20260428,600975.SH,,,,,,,,,,,,,5.97,4.89,,,,,0.0,0.0,2.0
20260428,600976.SH,,,,,,,,,,,,,35.5,29.04,,,,,0.0,0.0,2.0
20260428,600977.SH,,,,,,,,,,,,,15.3,12.52,,,,,0.0,0.0,2.0
20260428,600979.SH,,,,,,,,,,,,,5.73,4.69,,,,,0.0,0.0,2.0
20260428,600980.SH,,,,,,,,,,,,,24.24,19.84,,,,,0.0,0.0,2.0
20260428,600981.SH,,,,,,,,,,,,,3.11,2.55,,,,,0.0,0.0,2.0
20260428,600982.SH,,,,,,,,,,,,,6.59,5.39,,,,,0.0,0.0,2.0
20260428,600983.SH,,,,,,,,,,,,,10.47,8.57,,,,,0.0,0.0,2.0
20260428,600984.SH,,,,,,,,,,,,,4.3,3.52,,,,,0.0,0.0,2.0
20260428,600985.SH,,,,,,,,,,,,,15.86,12.98,,,,,0.0,0.0,2.0
20260428,600986.SH,,,,,,,,,,,,,12.57,10.29,,,,,0.0,0.0,2.0
20260428,600987.SH,,,,,,,,,,,,,7.77,6.35,,,,,0.0,0.0,2.0
20260428,600988.SH,,,,,,,,,,,,,42.88,35.08,,,,,0.0,0.0,2.0
20260428,600989.SH,,,,,,,,,,,,,32.63,26.69,,,,,0.0,0.0,2.0
20260428,600990.SH,,,,,,,,,,,,,25.66,21.0,,,,,0.0,0.0,2.0
20260428,600992.SH,,,,,,,,,,,,,13.43,10.99,,,,,0.0,0.0,2.0
20260428,600993.SH,,,,,,,,,,,,,28.56,23.36,,,,,0.0,0.0,2.0
20260428,600995.SH,,,,,,,,,,,,,15.82,12.94,,,,,0.0,0.0,2.0
20260428,600996.SH,,,,,,,,,,,,,9.27,7.59,,,,,0.0,0.0,2.0
20260428,600997.SH,,,,,,,,,,,,,6.56,5.36,,,,,0.0,0.0,2.0
20260428,600998.SH,,,,,,,,,,,,,5.74,4.7,,,,,0.0,0.0,2.0
20260428,600999.SH,,,,,,,,,,,,,16.92,13.84,,,,,0.0,0.0,2.0
20260428,601000.SH,,,,,,,,,,,,,5.3,4.34,,,,,0.0,0.0,2.0
20260428,601001.SH,,,,,,,,,,,,,19.75,16.16,,,,,0.0,0.0,2.0
20260428,601002.SH,,,,,,,,,,,,,6.94,5.68,,,,,0.0,0.0,2.0
20260428,601005.SH,,,,,,,,,,,,,1.52,1.24,,,,,0.0,0.0,2.0
20260428,601006.SH,,,,,,,,,,,,,5.79,4.73,,,,,0.0,0.0,2.0
20260428,601007.SH,,,,,,,,,,,,,9.09,7.43,,,,,0.0,0.0,2.0
20260428,601008.SH,,,,,,,,,,,,,5.2,4.26,,,,,0.0,0.0,2.0
20260428,601009.SH,,,,,,,,,,,,,12.82,10.49,,,,,0.0,0.0,2.0
20260428,601010.SH,,,,,,,,,,,,,2.6,2.12,,,,,0.0,0.0,2.0
20260428,601011.SH,,,,,,,,,,,,,3.41,2.79,,,,,0.0,0.0,2.0
20260428,601012.SH,,,,,,,,,,,,,18.85,15.43,,,,,0.0,0.0,2.0
20260428,601015.SH,,,,,,,,,,,,,4.4,3.6,,,,,0.0,0.0,2.0
20260428,601016.SH,,,,,,,,,,,,,5.12,4.19,,,,,0.0,0.0,2.0
20260428,601018.SH,,,,,,,,,,,,,4.18,3.42,,,,,0.0,0.0,2.0
20260428,601019.SH,,,,,,,,,,,,,8.18,6.7,,,,,0.0,0.0,2.0
20260428,601020.SH,,,,,,,,,,,,,35.0,28.64,,,,,0.0,0.0,2.0
20260428,601021.SH,,,,,,,,,,,,,52.61,43.05,,,,,0.0,0.0,2.0
20260428,601022.SH,,,,,,,,,,,,,9.58,7.84,,,,,0.0,0.0,2.0
20260428,601026.SH,,,,,,,,,,,,,20.3,16.61,,,,,0.0,0.0,2.0
20260428,601033.SH,,,,,,,,,,,,,16.34,13.37,,,,,0.0,0.0,2.0
20260428,601038.SH,,,,,,,,,,,,,14.1,11.54,,,,,0.0,0.0,2.0
20260428,601058.SH,,,,,,,,,,,,,14.84,12.14,,,,,0.0,0.0,2.0
20260428,601059.SH,,,,,,,,,,,,,18.25,14.93,,,,,0.0,0.0,2.0
20260428,601061.SH,,,,,,,,,,,,,15.58,12.74,,,,,0.0,0.0,2.0
20260428,601065.SH,,,,,,,,,,,,,9.16,7.5,,,,,0.0,0.0,2.0
20260428,601066.SH,,,,,,,,,,,,,23.57,19.29,,,,,0.0,0.0,2.0
20260428,601068.SH,,,,,,,,,,,,,6.82,5.58,,,,,0.0,0.0,2.0
20260428,601069.SH,,,,,,,,,,,,,35.16,28.76,,,,,0.0,0.0,2.0
20260428,601077.SH,,,,,,,,,,,,,8.17,6.69,,,,,0.0,0.0,2.0
20260428,601083.SH,,,,,,,,,,,,,13.65,11.17,,,,,0.0,0.0,2.0
20260428,601086.SH,,,,,,,,,,,,,9.17,7.51,,,,,0.0,0.0,2.0
20260428,601088.SH,,,,,,,,,,,,,51.46,42.1,,,,,0.0,0.0,2.0
20260428,601089.SH,,,,,,,,,,,,,22.96,18.78,,,,,0.0,0.0,2.0
20260428,601096.SH,,,,,,,,,,,,,6.0,4.91,,,,,0.0,0.0,2.0
20260428,601098.SH,,,,,,,,,,,,,12.01,9.83,,,,,0.0,0.0,2.0
20260428,601099.SH,,,,,,,,,,,,,4.0,3.28,,,,,0.0,0.0,2.0
20260428,601100.SH,,,,,,,,,,,,,106.63,87.25,,,,,0.0,0.0,2.0
20260428,601101.SH,,U,0.0,44635417.0,44635417.0,141529.0,141529.0,,,,,,10.88,8.9,0.0,,,0.0,1.0,0.0,2.0528247800544817
20260428,601106.SH,,,,,,,,,,,,,4.6,3.76,,,,,0.0,0.0,2.0
20260428,601107.SH,,,,,,,,,,,,,6.73,5.51,,,,,0.0,0.0,2.0
20260428,601108.SH,,,,,,,,,,,,,9.0,7.36,,,,,0.0,0.0,2.0
20260428,601111.SH,,,,,,,,,,,,,7.37,6.03,,,,,0.0,0.0,2.0
20260428,601112.SH,,,,,,,,,,,,,22.13,18.11,,,,,0.0,0.0,2.0
20260428,601113.SH,,,,,,,,,,,,,5.14,4.2,,,,,0.0,0.0,2.0
20260428,601116.SH,,,,,,,,,,,,,15.52,12.7,,,,,0.0,0.0,2.0
20260428,601117.SH,,,,,,,,,,,,,9.23,7.55,,,,,0.0,0.0,2.0
20260428,601118.SH,,,,,,,,,,,,,7.58,6.2,,,,,0.0,0.0,2.0
20260428,601121.SH,,,,,,,,,,,,,8.68,7.1,,,,,0.0,0.0,2.0
20260428,601126.SH,,,,,,,,,,,,,56.54,46.26,,,,,0.0,0.0,2.0
20260428,601127.SH,,,,,,,,,,,,,99.75,81.61,,,,,0.0,0.0,2.0
20260428,601128.SH,,,,,,,,,,,,,8.09,6.62,,,,,0.0,0.0,2.0
20260428,601133.SH,,,,,,,,,,,,,25.27,20.67,,,,,0.0,0.0,2.0
20260428,601136.SH,,,,,,,,,,,,,17.63,14.43,,,,,0.0,0.0,2.0
20260428,601137.SH,,,,,,,,,,,,,22.33,18.27,,,,,0.0,0.0,2.0
20260428,601138.SH,,,,,,,,,,,,,73.98,60.53,,,,,0.0,0.0,2.0
20260428,601139.SH,,,,,,,,,,,,,7.71,6.31,,,,,0.0,0.0,2.0
20260428,601155.SH,,,,,,,,,,,,,15.35,12.56,,,,,0.0,0.0,2.0
20260428,601156.SH,,,,,,,,,,,,,18.15,14.85,,,,,0.0,0.0,2.0
20260428,601158.SH,,,,,,,,,,,,,4.81,3.93,,,,,0.0,0.0,2.0
20260428,601162.SH,,,,,,,,,,,,,4.09,3.35,,,,,0.0,0.0,2.0
20260428,601163.SH,,,,,,,,,,,,,15.7,12.84,,,,,0.0,0.0,2.0
20260428,601166.SH,,,,,,,,,,,,,19.99,16.35,,,,,0.0,0.0,2.0
20260428,601168.SH,,,,,,,,,,,,,31.87,26.07,,,,,0.0,0.0,2.0
20260428,601169.SH,,,,,,,,,,,,,6.05,4.95,,,,,0.0,0.0,2.0
20260428,601177.SH,,U,0.0,117969767.0,117969767.0,111100.0,111100.0,,,,,,16.25,13.29,0.0,,,0.0,1.0,0.0,2.139613952634373
20260428,601179.SH,,,,,,,,,,,,,18.61,15.23,,,,,0.0,0.0,2.0
20260428,601186.SH,,,,,,,,,,,,,7.41,6.07,,,,,0.0,0.0,2.0
20260428,601187.SH,,,,,,,,,,,,,8.37,6.85,,,,,0.0,0.0,2.0
20260428,601188.SH,,,,,,,,,,,,,3.64,2.98,,,,,0.0,0.0,2.0
20260428,601198.SH,,,,,,,,,,,,,14.0,11.46,,,,,0.0,0.0,2.0
20260428,601199.SH,,,,,,,,,,,,,5.73,4.69,,,,,0.0,0.0,2.0
20260428,601200.SH,,,,,,,,,,,,,8.86,7.25,,,,,0.0,0.0,2.0
20260428,601208.SH,,,,,,,,,,,,,39.68,32.46,,,,,0.0,0.0,2.0
20260428,601211.SH,,,,,,,,,,,,,17.85,14.61,,,,,0.0,0.0,2.0
20260428,601212.SH,,,,,,,,,,,,,8.39,6.87,,,,,0.0,0.0,2.0
20260428,601216.SH,,,,,,,,,,,,,6.08,4.98,,,,,0.0,0.0,2.0
20260428,601218.SH,,,,,,,,,,,,,7.14,5.84,,,,,0.0,0.0,2.0
20260428,601222.SH,,,,,,,,,,,,,6.66,5.45,,,,,0.0,0.0,2.0
20260428,601225.SH,,,,,,,,,,,,,27.92,22.84,,,,,0.0,0.0,2.0
20260428,601226.SH,,,,,,,,,,,,,10.26,8.4,,,,,0.0,0.0,2.0
20260428,601228.SH,,,,,,,,,,,,,3.54,2.9,,,,,0.0,0.0,2.0
20260428,601229.SH,,,,,,,,,,,,,10.6,8.68,,,,,0.0,0.0,2.0
20260428,601231.SH,,,,,,,,,,,,,43.62,35.69,,,,,0.0,0.0,2.0
20260428,601233.SH,,,,,,,,,,,,,22.36,18.3,,,,,0.0,0.0,2.0
20260428,601236.SH,,,,,,,,,,,,,8.34,6.82,,,,,0.0,0.0,2.0
20260428,601238.SH,,,,,,,,,,,,,7.74,6.34,,,,,0.0,0.0,2.0
20260428,601279.SH,,,,,,,,,,,,,4.31,3.53,,,,,0.0,0.0,2.0
20260428,601288.SH,,,,,,,,,,,,,7.61,6.23,,,,,0.0,0.0,2.0
20260428,601298.SH,,,,,,,,,,,,,9.82,8.04,,,,,0.0,0.0,2.0
20260428,601311.SH,,,,,,,,,,,,,11.12,9.1,,,,,0.0,0.0,2.0
20260428,601318.SH,,,,,,,,,,,,,63.31,51.8,,,,,0.0,0.0,2.0
20260428,601319.SH,,,,,,,,,,,,,7.87,6.44,,,,,0.0,0.0,2.0
20260428,601326.SH,,,,,,,,,,,,,3.82,3.12,,,,,0.0,0.0,2.0
20260428,601328.SH,,,,,,,,,,,,,7.61,6.23,,,,,0.0,0.0,2.0
20260428,601330.SH,,,,,,,,,,,,,9.57,7.83,,,,,0.0,0.0,2.0
20260428,601333.SH,,,,,,,,,,,,,3.29,2.69,,,,,0.0,0.0,2.0
20260428,601336.SH,,,,,,,,,,,,,68.4,55.96,,,,,0.0,0.0,2.0
20260428,601339.SH,,,,,,,,,,,,,9.33,7.63,,,,,0.0,0.0,2.0
20260428,601360.SH,,,,,,,,,,,,,12.23,10.01,,,,,0.0,0.0,2.0
20260428,601366.SH,,,,,,,,,,,,,4.33,3.55,,,,,0.0,0.0,2.0
20260428,601368.SH,,,,,,,,,,,,,5.25,4.29,,,,,0.0,0.0,2.0
20260428,601369.SH,,,,,,,,,,,,,10.08,8.24,,,,,0.0,0.0,2.0
20260428,601375.SH,,,,,,,,,,,,,4.35,3.56,,,,,0.0,0.0,2.0
20260428,601377.SH,,,,,,,,,,,,,6.45,5.27,,,,,0.0,0.0,2.0
20260428,601388.SH,,,,,,,,,,,,,4.83,3.95,,,,,0.0,0.0,2.0
20260428,601390.SH,,,,,,,,,,,,,5.67,4.64,,,,,0.0,0.0,2.0
20260428,601398.SH,,,,,,,,,,,,,8.26,6.76,,,,,0.0,0.0,2.0
20260428,601399.SH,,,,,,,,,,,,,4.65,3.81,,,,,0.0,0.0,2.0
20260428,601456.SH,,,,,,,,,,,,,10.14,8.3,,,,,0.0,0.0,2.0
20260428,601500.SH,,,,,,,,,,,,,4.77,3.91,,,,,0.0,0.0,2.0
20260428,601512.SH,,,,,,,,,,,,,11.02,9.02,,,,,0.0,0.0,2.0
20260428,601515.SH,,,,,,,,,,,,,5.1,4.18,,,,,0.0,0.0,2.0
20260428,601518.SH,,,,,,,,,,,,,3.14,2.57,,,,,0.0,0.0,2.0
20260428,601519.SH,,,,,,,,,,,,,11.14,9.12,,,,,0.0,0.0,2.0
20260428,601528.SH,,,,,,,,,,,,,5.81,4.75,,,,,0.0,0.0,2.0
20260428,601555.SH,,,,,,,,,,,,,9.14,7.48,,,,,0.0,0.0,2.0
20260428,601566.SH,,,,,,,,,,,,,12.02,9.84,,,,,0.0,0.0,2.0
20260428,601567.SH,,,,,,,,,,,,,24.52,20.06,,,,,0.0,0.0,2.0
20260428,601568.SH,,,,,,,,,,,,,4.33,3.55,,,,,0.0,0.0,2.0
20260428,601577.SH,,,,,,,,,,,,,10.77,8.81,,,,,0.0,0.0,2.0
20260428,601579.SH,,,,,,,,,,,,,20.83,17.05,,,,,0.0,0.0,2.0
20260428,601588.SH,,,,,,,,,,,,,1.91,1.57,,,,,0.0,0.0,2.0
20260428,601595.SH,,,,,,,,,,,,,26.84,21.96,,,,,0.0,0.0,2.0
20260428,601598.SH,,,,,,,,,,,,,6.58,5.38,,,,,0.0,0.0,2.0
20260428,601599.SH,,,,,,,,,,,,,4.14,3.38,,,,,0.0,0.0,2.0
20260428,601600.SH,,,,,,,,,,,,,13.18,10.78,,,,,0.0,0.0,2.0
20260428,601601.SH,,,,,,,,,,,,,40.0,32.72,,,,,0.0,0.0,2.0
20260428,601606.SH,,,,,,,,,,,,,41.58,34.02,,,,,0.0,0.0,2.0
20260428,601607.SH,,,,,,,,,,,,,18.35,15.01,,,,,0.0,0.0,2.0
20260428,601608.SH,,,,,,,,,,,,,6.63,5.43,,,,,0.0,0.0,2.0
20260428,601609.SH,,,,,,,,,,,,,11.41,9.33,,,,,0.0,0.0,2.0
20260428,601611.SH,,,,,,,,,,,,,14.82,12.12,,,,,0.0,0.0,2.0
20260428,601615.SH,,,,,,,,,,,,,17.62,14.42,,,,,0.0,0.0,2.0
20260428,601616.SH,,,,,,,,,,,,,5.09,4.17,,,,,0.0,0.0,2.0
20260428,601618.SH,,,,,,,,,,,,,3.19,2.61,,,,,0.0,0.0,2.0
20260428,601619.SH,,,,,,,,,,,,,6.58,5.38,,,,,0.0,0.0,2.0
20260428,601628.SH,,,,,,,,,,,,,40.34,33.0,,,,,0.0,0.0,2.0
20260428,601633.SH,,,,,,,,,,,,,22.24,18.2,,,,,0.0,0.0,2.0
20260428,601636.SH,,,,,,,,,,,,,7.51,6.15,,,,,0.0,0.0,2.0
20260428,601658.SH,,,,,,,,,,,,,5.67,4.64,,,,,0.0,0.0,2.0
20260428,601665.SH,,,,,,,,,,,,,6.91,5.65,,,,,0.0,0.0,2.0
20260428,601666.SH,,,,,,,,,,,,,9.13,7.47,,,,,0.0,0.0,2.0
20260428,601668.SH,,,,,,,,,,,,,5.29,4.33,,,,,0.0,0.0,2.0
20260428,601669.SH,,,,,,,,,,,,,6.25,5.11,,,,,0.0,0.0,2.0
20260428,601677.SH,,,,,,,,,,,,,19.88,16.26,,,,,0.0,0.0,2.0
20260428,601678.SH,,,,,,,,,,,,,5.63,4.61,,,,,0.0,0.0,2.0
20260428,601686.SH,,,,,,,,,,,,,6.11,5.0,,,,,0.0,0.0,2.0
20260428,601688.SH,,,,,,,,,,,,,20.64,16.88,,,,,0.0,0.0,2.0
20260428,601689.SH,,,,,,,,,,,,,64.69,52.93,,,,,0.0,0.0,2.0
20260428,601696.SH,,,,,,,,,,,,,13.44,11.0,,,,,0.0,0.0,2.0
20260428,601698.SH,,,,,,,,,,,,,40.52,33.16,,,,,0.0,0.0,2.0
20260428,601699.SH,,,,,,,,,,,,,16.45,13.46,,,,,0.0,0.0,2.0
20260428,601700.SH,,,,,,,,,,,,,5.63,4.61,,,,,0.0,0.0,2.0
20260428,601702.SH,,,,,,,,,,,,,21.58,17.66,,,,,0.0,0.0,2.0
20260428,601717.SH,,,,,,,,,,,,,21.6,17.68,,,,,0.0,0.0,2.0
20260428,601718.SH,,,,,,,,,,,,,3.23,2.65,,,,,0.0,0.0,2.0
20260428,601727.SH,,,,,,,,,,,,,8.84,7.24,,,,,0.0,0.0,2.0
20260428,601728.SH,,,,,,,,,,,,,6.59,5.39,,,,,0.0,0.0,2.0
20260428,601766.SH,,,,,,,,,,,,,6.46,5.28,,,,,0.0,0.0,2.0
20260428,601777.SH,,,,,,,,,,,,,12.27,10.04,,,,,0.0,0.0,2.0
20260428,601778.SH,,,,,,,,,,,,,7.63,6.25,,,,,0.0,0.0,2.0
20260428,601788.SH,,,,,,,,,,,,,16.2,13.26,,,,,0.0,0.0,2.0
20260428,601789.SH,,U,0.0,123425406.0,123425406.0,93400.0,93400.0,,,,,,5.98,4.9,1.0,4.0,3.0,0.0,1.0,0.0,2.3960705503229676
20260428,601798.SH,,,,,,,,,,,,,9.63,7.88,,,,,0.0,0.0,2.0
20260428,601799.SH,,,,,,,,,,,,,136.64,111.8,,,,,0.0,0.0,2.0
20260428,601800.SH,,,,,,,,,,,,,7.76,6.35,,,,,0.0,0.0,2.0
20260428,601801.SH,,,,,,,,,,,,,6.57,5.37,,,,,0.0,0.0,2.0
20260428,601808.SH,,,,,,,,,,,,,16.46,13.46,,,,,0.0,0.0,2.0
20260428,601811.SH,,,,,,,,,,,,,14.88,12.18,,,,,0.0,0.0,2.0
20260428,601816.SH,,,,,,,,,,,,,5.37,4.39,,,,,0.0,0.0,2.0
20260428,601818.SH,,,,,,,,,,,,,3.48,2.84,,,,,0.0,0.0,2.0
20260428,601825.SH,,,,,,,,,,,,,9.88,8.08,,,,,0.0,0.0,2.0
20260428,601827.SH,,,,,,,,,,,,,8.77,7.17,,,,,0.0,0.0,2.0
20260428,601828.SH,,U,0.0,40230650.0,40230650.0,93322.0,93322.0,,,,,,2.7,2.21,0.0,,,0.0,1.0,0.0,2.047611860278999
20260428,601838.SH,,,,,,,,,,,,,20.28,16.6,,,,,0.0,0.0,2.0
20260428,601857.SH,,,,,,,,,,,,,13.16,10.76,,,,,0.0,0.0,2.0
20260428,601858.SH,,,,,,,,,,,,,25.69,21.02,,,,,0.0,0.0,2.0
20260428,601860.SH,,,,,,,,,,,,,2.95,2.41,,,,,0.0,0.0,2.0
20260428,601865.SH,,,,,,,,,,,,,15.71,12.85,,,,,0.0,0.0,2.0
20260428,601866.SH,,,,,,,,,,,,,2.9,2.38,,,,,0.0,0.0,2.0
20260428,601868.SH,,,,,,,,,,,,,3.12,2.56,,,,,0.0,0.0,2.0
20260428,601869.SH,,,,,,,,,,,,,415.25,339.75,,,,,0.0,0.0,2.0
20260428,601872.SH,,,,,,,,,,,,,18.91,15.47,,,,,0.0,0.0,2.0
20260428,601877.SH,,,,,,,,,,,,,35.17,28.77,,,,,0.0,0.0,2.0
20260428,601878.SH,,,,,,,,,,,,,10.33,8.45,,,,,0.0,0.0,2.0
20260428,601880.SH,,,,,,,,,,,,,1.75,1.43,,,,,0.0,0.0,2.0
20260428,601881.SH,,,,,,,,,,,,,13.61,11.13,,,,,0.0,0.0,2.0
20260428,601882.SH,,,,,,,,,,,,,21.19,17.33,,,,,0.0,0.0,2.0
20260428,601886.SH,,,,,,,,,,,,,11.01,9.01,,,,,0.0,0.0,2.0
20260428,601888.SH,,,,,,,,,,,,,72.18,59.06,,,,,0.0,0.0,2.0
20260428,601890.SH,,,,,,,,,,,,,11.41,9.33,,,,,0.0,0.0,2.0
20260428,601898.SH,,,,,,,,,,,,,19.24,15.74,,,,,0.0,0.0,2.0
20260428,601899.SH,,,,,,,,,,,,,36.92,30.2,,,,,0.0,0.0,2.0
20260428,601900.SH,,,,,,,,,,,,,13.51,11.05,,,,,0.0,0.0,2.0
20260428,601901.SH,,,,,,,,,,,,,7.66,6.26,,,,,0.0,0.0,2.0
20260428,601908.SH,,,,,,,,,,,,,4.51,3.69,,,,,0.0,0.0,2.0
20260428,601916.SH,,,,,,,,,,,,,3.26,2.66,,,,,0.0,0.0,2.0
20260428,601918.SH,,,,,,,,,,,,,9.28,7.6,,,,,0.0,0.0,2.0
20260428,601919.SH,,,,,,,,,,,,,15.62,12.78,,,,,0.0,0.0,2.0
20260428,601921.SH,,,,,,,,,,,,,8.49,6.95,,,,,0.0,0.0,2.0
20260428,601928.SH,,,,,,,,,,,,,10.34,8.46,,,,,0.0,0.0,2.0
20260428,601929.SH,,,,,,,,,,,,,3.22,2.64,,,,,0.0,0.0,2.0
20260428,601933.SH,,,,,,,,,,,,,4.25,3.47,,,,,0.0,0.0,2.0
20260428,601939.SH,,,,,,,,,,,,,10.65,8.71,,,,,0.0,0.0,2.0
20260428,601949.SH,,,,,,,,,,,,,6.4,5.24,,,,,0.0,0.0,2.0
20260428,601952.SH,,,,,,,,,,,,,10.67,8.73,,,,,0.0,0.0,2.0
20260428,601956.SH,,,,,,,,,,,,,6.69,5.47,,,,,0.0,0.0,2.0
20260428,601958.SH,,,,,,,,,,,,,21.1,17.26,,,,,0.0,0.0,2.0
20260428,601963.SH,,,,,,,,,,,,,11.94,9.77,,,,,0.0,0.0,2.0
20260428,601965.SH,,,,,,,,,,,,,17.82,14.58,,,,,0.0,0.0,2.0
20260428,601966.SH,,,,,,,,,,,,,15.43,12.63,,,,,0.0,0.0,2.0
20260428,601968.SH,,,,,,,,,,,,,5.73,4.69,,,,,0.0,0.0,2.0
20260428,601969.SH,,,,,,,,,,,,,12.56,10.28,,,,,0.0,0.0,2.0
20260428,601975.SH,,,,,,,,,,,,,4.76,3.9,,,,,0.0,0.0,2.0
20260428,601985.SH,,,,,,,,,,,,,9.92,8.12,,,,,0.0,0.0,2.0
20260428,601988.SH,,,,,,,,,,,,,6.34,5.18,,,,,0.0,0.0,2.0
20260428,601990.SH,,,,,,,,,,,,,7.94,6.5,,,,,0.0,0.0,2.0
20260428,601991.SH,,,,,,,,,,,,,4.46,3.65,,,,,0.0,0.0,2.0
20260428,601992.SH,,,,,,,,,,,,,1.84,1.5,,,,,0.0,0.0,2.0
20260428,601995.SH,,,,,,,,,,,,,37.43,30.63,,,,,0.0,0.0,2.0
20260428,601996.SH,,,,,,,,,,,,,3.06,2.5,,,,,0.0,0.0,2.0
20260428,601997.SH,,,,,,,,,,,,,6.57,5.37,,,,,0.0,0.0,2.0
20260428,601998.SH,,,,,,,,,,,,,9.16,7.5,,,,,0.0,0.0,2.0
20260428,601999.SH,,,,,,,,,,,,,8.13,6.65,,,,,0.0,0.0,2.0
20260428,603000.SH,,,,,,,,,,,,,21.78,17.82,,,,,0.0,0.0,2.0
20260428,603001.SH,,,,,,,,,,,,,9.76,7.98,,,,,0.0,0.0,2.0
20260428,603002.SH,,,,,,,,,,,,,16.67,13.64,,,,,0.0,0.0,2.0
20260428,603004.SH,,,,,,,,,,,,,23.61,19.31,,,,,0.0,0.0,2.0
20260428,603005.SH,,,,,,,,,,,,,35.12,28.74,,,,,0.0,0.0,2.0
20260428,603006.SH,,,,,,,,,,,,,15.32,12.54,,,,,0.0,0.0,2.0
20260428,603007.SH,,,,,,,,,,,,,6.5,5.32,,,,,0.0,0.0,2.0
20260428,603008.SH,,,,,,,,,,,,,12.63,11.43,,,,,0.0,0.0,2.0
20260428,603009.SH,,,,,,,,,,,,,51.48,42.12,,,,,0.0,0.0,2.0
20260428,603010.SH,,,,,,,,,,,,,14.31,11.71,,,,,0.0,0.0,2.0
20260428,603011.SH,,,,,,,,,,,,,23.29,19.05,,,,,0.0,0.0,2.0
20260428,603012.SH,,,,,,,,,,,,,9.78,8.0,,,,,0.0,0.0,2.0
20260428,603013.SH,,,,,,,,,,,,,20.74,16.97,,,,,0.0,0.0,2.0
20260428,603014.SH,,,,,,,,,,,,,40.05,32.77,,,,,0.0,0.0,2.0
20260428,603015.SH,,,,,,,,,,,,,13.37,10.94,,,,,0.0,0.0,2.0
20260428,603016.SH,,,,,,,,,,,,,64.75,52.97,,,,,0.0,0.0,2.0
20260428,603017.SH,,,,,,,,,,,,,16.45,13.46,,,,,0.0,0.0,2.0
20260428,603018.SH,,,,,,,,,,,,,8.04,6.58,,,,,0.0,0.0,2.0
20260428,603019.SH,,,,,,,,,,,,,103.66,84.82,,,,,0.0,0.0,2.0
20260428,603020.SH,,,,,,,,,,,,,12.06,9.86,,,,,0.0,0.0,2.0
20260428,603021.SH,,,,,,,,,,,,,7.91,7.15,,,,,0.0,0.0,2.0
20260428,603022.SH,,,,,,,,,,,,,11.98,9.8,,,,,0.0,0.0,2.0
20260428,603023.SH,,,,,,,,,,,,,4.92,4.02,,,,,0.0,0.0,2.0
20260428,603025.SH,,,,,,,,,,,,,17.88,14.63,,,,,0.0,0.0,2.0
20260428,603026.SH,,,,,,,,,,,,,120.23,98.37,,,,,0.0,0.0,2.0
20260428,603027.SH,,,,,,,,,,,,,10.44,8.54,,,,,0.0,0.0,2.0
20260428,603028.SH,,,,,,,,,,,,,9.19,7.52,,,,,0.0,0.0,2.0
20260428,603029.SH,,,,,,,,,,,,,21.05,17.23,,,,,0.0,0.0,2.0
20260428,603030.SH,,,,,,,,,,,,,2.66,2.18,,,,,0.0,0.0,2.0
20260428,603031.SH,,,,,,,,,,,,,63.15,51.67,,,,,0.0,0.0,2.0
20260428,603032.SH,,,,,,,,,,,,,25.81,21.11,,,,,0.0,0.0,2.0
20260428,603033.SH,,,,,,,,,,,,,12.65,10.35,,,,,0.0,0.0,2.0
20260428,603035.SH,,,,,,,,,,,,,14.78,12.1,,,,,0.0,0.0,2.0
20260428,603036.SH,,,,,,,,,,,,,19.94,16.32,,,,,0.0,0.0,2.0
20260428,603037.SH,,,,,,,,,,,,,16.26,13.3,,,,,0.0,0.0,2.0
20260428,603038.SH,,,,,,,,,,,,,18.52,15.16,,,,,0.0,0.0,2.0
20260428,603039.SH,,,,,,,,,,,,,49.64,40.62,,,,,0.0,0.0,2.0
20260428,603040.SH,,,,,,,,,,,,,90.31,73.89,,,,,0.0,0.0,2.0
20260428,603041.SH,,,,,,,,,,,,,15.06,12.32,,,,,0.0,0.0,2.0
20260428,603042.SH,,,,,,,,,,,,,21.91,17.93,,,,,0.0,0.0,2.0
20260428,603043.SH,,,,,,,,,,,,,17.03,13.93,,,,,0.0,0.0,2.0
20260428,603045.SH,,,,,,,,,,,,,44.4,36.32,,,,,0.0,0.0,2.0
20260428,603048.SH,,,,,,,,,,,,,24.6,20.12,,,,,0.0,0.0,2.0
20260428,603049.SH,,,,,,,,,,,,,53.01,43.37,,,,,0.0,0.0,2.0
20260428,603050.SH,,,,,,,,,,,,,21.13,17.29,,,,,0.0,0.0,2.0
20260428,603051.SH,,,,,,,,,,,,,24.43,19.99,,,,,0.0,0.0,2.0
20260428,603052.SH,,,,,,,,,,,,,97.81,80.03,,,,,0.0,0.0,2.0
20260428,603053.SH,,,,,,,,,,,,,10.68,8.74,,,,,0.0,0.0,2.0
20260428,603055.SH,,,,,,,,,,,,,9.98,8.16,,,,,0.0,0.0,2.0
20260428,603057.SH,,,,,,,,,,,,,29.7,24.3,,,,,0.0,0.0,2.0
20260428,603058.SH,,,,,,,,,,,,,12.5,10.22,,,,,0.0,0.0,2.0
20260428,603059.SH,,,,,,,,,,,,,37.25,30.47,,,,,0.0,0.0,2.0
20260428,603060.SH,,,,,,,,,,,,,7.71,6.31,,,,,0.0,0.0,2.0
20260428,603061.SH,,,,,,,,,,,,,280.89,229.82,,,,,0.0,0.0,2.0
20260428,603062.SH,,,,,,,,,,,,,60.12,49.19,,,,,0.0,0.0,2.0
20260428,603063.SH,,,,,,,,,,,,,46.59,38.12,,,,,0.0,0.0,2.0
20260428,603065.SH,,,,,,,,,,,,,8.98,7.34,,,,,0.0,0.0,2.0
20260428,603066.SH,,,,,,,,,,,,,12.51,10.23,,,,,0.0,0.0,2.0
20260428,603067.SH,,,,,,,,,,,,,39.83,32.59,,,,,0.0,0.0,2.0
20260428,603068.SH,,,,,,,,,,,,,37.57,30.74,,,,,0.0,0.0,2.0
20260428,603069.SH,,,,,,,,,,,,,18.49,15.13,,,,,0.0,0.0,2.0
20260428,603070.SH,,,,,,,,,,,,,16.47,13.47,,,,,0.0,0.0,2.0
20260428,603071.SH,,,,,,,,,,,,,15.52,12.7,,,,,0.0,0.0,2.0
20260428,603072.SH,,,,,,,,,,,,,39.23,32.09,,,,,0.0,0.0,2.0
20260428,603073.SH,,,,,,,,,,,,,22.55,18.45,,,,,0.0,0.0,2.0
20260428,603075.SH,,,,,,,,,,,,,25.91,21.2,,,,,0.0,0.0,2.0
20260428,603076.SH,,,,,,,,,,,,,32.92,26.94,,,,,0.0,0.0,2.0
20260428,603077.SH,,,,,,,,,,,,,3.26,2.66,,,,,0.0,0.0,2.0
20260428,603078.SH,,,,,,,,,,,,,26.99,22.09,,,,,0.0,0.0,2.0
20260428,603079.SH,,,,,,,,,,,,,18.15,14.85,,,,,0.0,0.0,2.0
20260428,603080.SH,,,,,,,,,,,,,23.85,19.51,,,,,0.0,0.0,2.0
20260428,603081.SH,,,,,,,,,,,,,13.09,10.71,,,,,0.0,0.0,2.0
20260428,603082.SH,,,,,,,,,,,,,40.61,33.23,,,,,0.0,0.0,2.0
20260428,603083.SH,,,,,,,,,,,,,168.95,138.23,,,,,0.0,0.0,2.0
20260428,603085.SH,,,,,,,,,,,,,13.17,10.77,,,,,0.0,0.0,2.0
20260428,603086.SH,,,,,,,,,,,,,8.16,6.68,,,,,0.0,0.0,2.0
20260428,603087.SH,,,,,,,,,,,,,65.97,53.97,,,,,0.0,0.0,2.0
20260428,603088.SH,,,,,,,,,,,,,14.8,12.11,,,,,0.0,0.0,2.0
20260428,603089.SH,,,,,,,,,,,,,13.52,11.06,,,,,0.0,0.0,2.0
20260428,603090.SH,,,,,,,,,,,,,77.79,63.65,,,,,0.0,0.0,2.0
20260428,603091.SH,,,,,,,,,,,,,94.44,77.27,,,,,0.0,0.0,2.0
20260428,603092.SH,,,,,,,,,,,,,83.09,67.99,,,,,0.0,0.0,2.0
20260428,603093.SH,,,,,,,,,,,,,22.76,18.62,,,,,0.0,0.0,2.0
20260428,603095.SH,,U,0.0,26306309.0,26306309.0,93246.0,93246.0,,,,,,20.96,17.15,0.0,,,0.0,1.0,0.0,2.031132788273721
20260428,603096.SH,,,,,,,,,,,,,19.99,16.35,,,,,0.0,0.0,2.0
20260428,603097.SH,,,,,,,,,,,,,29.13,23.83,,,,,0.0,0.0,2.0
20260428,603098.SH,,,,,,,,,,,,,16.59,13.57,,,,,0.0,0.0,2.0
20260428,603099.SH,,,,,,,,,,,,,37.69,30.83,,,,,0.0,0.0,2.0
20260428,603100.SH,,,,,,,,,,,,,20.83,17.05,,,,,0.0,0.0,2.0
20260428,603101.SH,,,,,,,,,,,,,11.61,9.5,,,,,0.0,0.0,2.0
20260428,603102.SH,,,,,,,,,,,,,44.34,36.28,,,,,0.0,0.0,2.0
20260428,603103.SH,,,,,,,,,,,,,23.32,19.08,,,,,0.0,0.0,2.0
20260428,603105.SH,,,,,,,,,,,,,12.52,10.24,,,,,0.0,0.0,2.0
20260428,603106.SH,,,,,,,,,,,,,9.8,8.02,,,,,0.0,0.0,2.0
20260428,603107.SH,,,,,,,,,,,,,15.73,12.87,,,,,0.0,0.0,2.0
20260428,603108.SH,,,,,,,,,,,,,14.88,12.18,,,,,0.0,0.0,2.0
20260428,603109.SH,,,,,,,,,,,,,27.48,22.48,,,,,0.0,0.0,2.0
20260428,603110.SH,,,,,,,,,,,,,21.63,17.69,,,,,0.0,0.0,2.0
20260428,603111.SH,,,,,,,,,,,,,7.52,6.16,,,,,0.0,0.0,2.0
20260428,603112.SH,,,,,,,,,,,,,23.33,19.09,,,,,0.0,0.0,2.0
20260428,603113.SH,,,,,,,,,,,,,7.8,6.38,,,,,0.0,0.0,2.0
20260428,603115.SH,,,,,,,,,,,,,64.48,52.76,,,,,0.0,0.0,2.0
20260428,603116.SH,,,,,,,,,,,,,6.6,5.4,,,,,0.0,0.0,2.0
20260428,603117.SH,,,,,,,,,,,,,4.96,4.06,,,,,0.0,0.0,2.0
20260428,603118.SH,,,,,,,,,,,,,16.2,13.26,,,,,0.0,0.0,2.0
20260428,603119.SH,,,,,,,,,,,,,84.69,69.29,,,,,0.0,0.0,2.0
20260428,603120.SH,,,,,,,,,,,,,42.75,34.97,,,,,0.0,0.0,2.0
20260428,603121.SH,,,,,,,,,,,,,22.99,18.81,,,,,0.0,0.0,2.0
20260428,603122.SH,,,,,,,,,,,,,16.97,13.89,,,,,0.0,0.0,2.0
20260428,603123.SH,,,,,,,,,,,,,12.86,10.52,,,,,0.0,0.0,2.0
20260428,603124.SH,,,,,,,,,,,,,145.78,119.28,,,,,0.0,0.0,2.0
20260428,603125.SH,,,,,,,,,,,,,23.63,19.33,,,,,0.0,0.0,2.0
20260428,603126.SH,,,,,,,,,,,,,8.88,7.26,,,,,0.0,0.0,2.0
20260428,603127.SH,,,,,,,,,,,,,40.95,33.51,,,,,0.0,0.0,2.0
20260428,603128.SH,,,,,,,,,,,,,6.02,4.92,,,,,0.0,0.0,2.0
20260428,603129.SH,,,,,,,,,,,,,301.83,246.95,,,,,0.0,0.0,2.0
20260428,603130.SH,,,,,,,,,,,,,51.83,42.41,,,,,0.0,0.0,2.0
20260428,603131.SH,,,,,,,,,,,,,22.57,18.47,,,,,0.0,0.0,2.0
20260428,603132.SH,,,,,,,,,,,,,21.89,17.91,,,,,0.0,0.0,2.0
20260428,603135.SH,,,,,,,,,,,,,12.5,10.22,,,,,0.0,0.0,2.0
20260428,603136.SH,,,,,,,,,,,,,12.5,10.22,,,,,0.0,0.0,2.0
20260428,603137.SH,,,,,,,,,,,,,14.73,12.05,,,,,0.0,0.0,2.0
20260428,603138.SH,,,,,,,,,,,,,20.88,17.08,,,,,0.0,0.0,2.0
20260428,603139.SH,,,,,,,,,,,,,36.73,30.05,,,,,0.0,0.0,2.0
20260428,603150.SH,,,,,,,,,,,,,63.81,52.21,,,,,0.0,0.0,2.0
20260428,603151.SH,,,,,,,,,,,,,17.4,14.24,,,,,0.0,0.0,2.0
20260428,603153.SH,,,,,,,,,,,,,18.23,14.91,,,,,0.0,0.0,2.0
20260428,603155.SH,,,,,,,,,,,,,18.57,15.19,,,,,0.0,0.0,2.0
20260428,603156.SH,,,,,,,,,,,,,37.97,31.07,,,,,0.0,0.0,2.0
20260428,603158.SH,,,,,,,,,,,,,14.76,12.08,,,,,0.0,0.0,2.0
20260428,603159.SH,,,,,,,,,,,,,28.95,23.69,,,,,0.0,0.0,2.0
20260428,603160.SH,,,,,,,,,,,,,73.05,59.77,,,,,0.0,0.0,2.0
20260428,603161.SH,,,,,,,,,,,,,16.06,13.14,,,,,0.0,0.0,2.0
20260428,603162.SH,,,,,,,,,,,,,16.14,13.2,,,,,0.0,0.0,2.0
20260428,603163.SH,,,,,,,,,,,,,113.14,92.57,,,,,0.0,0.0,2.0
20260428,603165.SH,,,,,,,,,,,,,18.81,15.39,,,,,0.0,0.0,2.0
20260428,603166.SH,,,,,,,,,,,,,14.76,12.08,,,,,0.0,0.0,2.0
20260428,603167.SH,,,,,,,,,,,,,10.16,8.32,,,,,0.0,0.0,2.0
20260428,603168.SH,,,,,,,,,,,,,7.29,5.97,,,,,0.0,0.0,2.0
20260428,603169.SH,,,,,,,,,,,,,9.2,7.52,,,,,0.0,0.0,2.0
20260428,603170.SH,,,,,,,,,,,,,14.91,12.2,,,,,0.0,0.0,2.0
20260428,603171.SH,,,,,,,,,,,,,61.09,49.99,,,,,0.0,0.0,2.0
20260428,603172.SH,,,,,,,,,,,,,23.16,18.95,,,,,0.0,0.0,2.0
20260428,603173.SH,,,,,,,,,,,,,42.44,34.72,,,,,0.0,0.0,2.0
20260428,603175.SH,,,,,,,,,,,,,108.13,88.47,,,,,0.0,0.0,2.0
20260428,603176.SH,,,,,,,,,,,,,6.04,4.94,,,,,0.0,0.0,2.0
20260428,603177.SH,,,,,,,,,,,,,12.87,10.53,,,,,0.0,0.0,2.0
20260428,603178.SH,,,,,,,,,,,,,19.14,15.66,,,,,0.0,0.0,2.0
20260428,603179.SH,,,,,,,,,,,,,67.5,55.22,,,,,0.0,0.0,2.0
20260428,603180.SH,,,,,,,,,,,,,21.0,17.18,,,,,0.0,0.0,2.0
20260428,603181.SH,,,,,,,,,,,,,17.44,14.27,,,,,0.0,0.0,2.0
20260428,603182.SH,,,,,,,,,,,,,16.02,13.1,,,,,0.0,0.0,2.0
20260428,603183.SH,,,,,,,,,,,,,5.26,4.3,,,,,0.0,0.0,2.0
20260428,603185.SH,,,,,,,,,,,,,26.43,21.63,,,,,0.0,0.0,2.0
20260428,603186.SH,,,,,,,,,,,,,82.83,67.77,,,,,0.0,0.0,2.0
20260428,603187.SH,,,,,,,,,,,,,16.15,13.21,,,,,0.0,0.0,2.0
20260428,603188.SH,,,,,,,,,,,,,5.53,4.53,,,,,0.0,0.0,2.0
20260428,603189.SH,,,,,,,,,,,,,13.65,11.17,,,,,0.0,0.0,2.0
20260428,603190.SH,,,,,,,,,,,,,28.11,23.0,,,,,0.0,0.0,2.0
20260428,603191.SH,,,,,,,,,,,,,21.99,17.99,,,,,0.0,0.0,2.0
20260428,603192.SH,,,,,,,,,,,,,26.53,21.71,,,,,0.0,0.0,2.0
20260428,603193.SH,,,,,,,,,,,,,29.24,23.92,,,,,0.0,0.0,2.0
20260428,603194.SH,,,,,,,,,,,,,39.27,32.13,,,,,0.0,0.0,2.0
20260428,603195.SH,,,,,,,,,,,,,45.16,36.95,,,,,0.0,0.0,2.0
20260428,603196.SH,,,,,,,,,,,,,35.4,28.96,,,,,0.0,0.0,2.0
20260428,603197.SH,,,,,,,,,,,,,36.53,29.89,,,,,0.0,0.0,2.0
20260428,603198.SH,,,,,,,,,,,,,42.24,34.56,,,,,0.0,0.0,2.0
20260428,603199.SH,,,,,,,,,,,,,41.42,33.89,,,,,0.0,0.0,2.0
20260428,603200.SH,,,,,,,,,,,,,69.76,57.08,,,,,0.0,0.0,2.0
20260428,603201.SH,,,,,,,,,,,,,17.82,14.58,,,,,0.0,0.0,2.0
20260428,603202.SH,,,,,,,,,,,,,88.86,72.7,,,,,0.0,0.0,2.0
20260428,603203.SH,,,,,,,,,,,,,53.08,43.43,,,,,0.0,0.0,2.0
20260428,603205.SH,,,,,,,,,,,,,30.27,24.77,,,,,0.0,0.0,2.0
20260428,603206.SH,,,,,,,,,,,,,18.5,15.14,,,,,0.0,0.0,2.0
20260428,603207.SH,,,,,,,,,,,,,30.5,24.96,,,,,0.0,0.0,2.0
20260428,603208.SH,,,,,,,,,,,,,14.87,12.17,,,,,0.0,0.0,2.0
20260428,603209.SH,,,,,,,,,,,,,16.53,13.53,,,,,0.0,0.0,2.0
20260428,603210.SH,,,,,,,,,,,,,17.89,14.63,,,,,0.0,0.0,2.0
20260428,603211.SH,,,,,,,,,,,,,27.94,22.86,,,,,0.0,0.0,2.0
20260428,603212.SH,,,,,,,,,,,,,15.18,12.42,,,,,0.0,0.0,2.0
20260428,603213.SH,,,,,,,,,,,,,14.88,12.18,,,,,0.0,0.0,2.0
20260428,603214.SH,,,,,,,,,,,,,17.66,14.45,,,,,0.0,0.0,2.0
20260428,603215.SH,,U,3.0,13671966.0,13671966.0,130213.0,134146.0,,,,,,22.22,18.18,0.0,,,0.0,1.0,0.0,1.2661803931811
20260428,603216.SH,,,,,,,,,,,,,32.99,26.99,,,,,0.0,0.0,2.0
20260428,603217.SH,,,,,,,,,,,,,33.31,27.25,,,,,0.0,0.0,2.0
20260428,603218.SH,,,,,,,,,,,,,15.84,12.96,,,,,0.0,0.0,2.0
20260428,603219.SH,,,,,,,,,,,,,19.34,15.82,,,,,0.0,0.0,2.0
20260428,603220.SH,,,,,,,,,,,,,34.71,28.4,,,,,0.0,0.0,2.0
20260428,603221.SH,,,,,,,,,,,,,13.08,10.7,,,,,0.0,0.0,2.0
20260428,603222.SH,,,,,,,,,,,,,10.67,8.73,,,,,0.0,0.0,2.0
20260428,603223.SH,,,,,,,,,,,,,9.91,8.11,,,,,0.0,0.0,2.0
20260428,603225.SH,,,,,,,,,,,,,18.85,15.43,,,,,0.0,0.0,2.0
20260428,603226.SH,,,,,,,,,,,,,43.0,35.18,,,,,0.0,0.0,2.0
20260428,603227.SH,,,,,,,,,,,,,9.49,7.77,,,,,0.0,0.0,2.0
20260428,603228.SH,,,,,,,,,,,,,82.89,67.82,,,,,0.0,0.0,2.0
20260428,603229.SH,,,,,,,,,,,,,11.15,9.13,,,,,0.0,0.0,2.0
20260428,603230.SH,,,,,,,,,,,,,11.81,9.67,,,,,0.0,0.0,2.0
20260428,603231.SH,,,,,,,,,,,,,19.61,16.05,,,,,0.0,0.0,2.0
20260428,603232.SH,,,,,,,,,,,,,20.27,16.59,,,,,0.0,0.0,2.0
20260428,603233.SH,,,,,,,,,,,,,20.46,16.74,,,,,0.0,0.0,2.0
20260428,603235.SH,,,,,,,,,,,,,29.02,23.74,,,,,0.0,0.0,2.0
20260428,603236.SH,,,,,,,,,,,,,81.43,66.63,,,,,0.0,0.0,2.0
20260428,603237.SH,,,,,,,,,,,,,19.4,15.88,,,,,0.0,0.0,2.0
20260428,603238.SH,,,,,,,,,,,,,17.26,14.12,,,,,0.0,0.0,2.0
20260428,603239.SH,,,,,,,,,,,,,27.72,22.68,,,,,0.0,0.0,2.0
20260428,603248.SH,,,,,,,,,,,,,28.2,23.08,,,,,0.0,0.0,2.0
20260428,603255.SH,,,,,,,,,,,,,33.24,27.2,,,,,0.0,0.0,2.0
20260428,603256.SH,,,,,,,,,,,,,117.05,95.77,,,,,0.0,0.0,2.0
20260428,603257.SH,,,,,,,,,,,,,62.49,51.13,,,,,0.0,0.0,2.0
20260428,603258.SH,,,,,,,,,,,,,19.01,15.55,,,,,0.0,0.0,2.0
20260428,603259.SH,,U,0.0,844971185.0,844971185.0,93541.0,93541.0,,,,,,110.57,90.47,1.0,3.0,3.0,0.0,1.0,0.0,3.25
20260428,603260.SH,,,,,,,,,,,,,48.69,39.83,,,,,0.0,0.0,2.0
20260428,603261.SH,,,,,,,,,,,,,36.1,32.66,,,,,0.0,0.0,2.0
20260428,603262.SH,,,,,,,,,,,,,27.81,22.75,,,,,0.0,0.0,2.0
20260428,603266.SH,,,,,,,,,,,,,21.76,17.8,,,,,0.0,0.0,2.0
20260428,603267.SH,,,,,,,,,,,,,57.39,46.95,,,,,0.0,0.0,2.0
20260428,603268.SH,,,,,,,,,,,,,152.81,125.03,,,,,0.0,0.0,2.0
20260428,603269.SH,,,,,,,,,,,,,16.03,13.11,,,,,0.0,0.0,2.0
20260428,603270.SH,,,,,,,,,,,,,29.16,23.86,,,,,0.0,0.0,2.0
20260428,603271.SH,,,,,,,,,,,,,56.0,45.82,,,,,0.0,0.0,2.0
20260428,603273.SH,,,,,,,,,,,,,19.47,15.93,,,,,0.0,0.0,2.0
20260428,603275.SH,,,,,,,,,,,,,50.56,41.36,,,,,0.0,0.0,2.0
20260428,603276.SH,,,,,,,,,,,,,19.59,16.03,,,,,0.0,0.0,2.0
20260428,603277.SH,,,,,,,,,,,,,14.32,11.72,,,,,0.0,0.0,2.0
20260428,603278.SH,,,,,,,,,,,,,13.1,10.72,,,,,0.0,0.0,2.0
20260428,603279.SH,,,,,,,,,,,,,19.49,15.95,,,,,0.0,0.0,2.0
20260428,603280.SH,,,,,,,,,,,,,37.97,31.07,,,,,0.0,0.0,2.0
20260428,603281.SH,,,,,,,,,,,,,38.01,31.1,,,,,0.0,0.0,2.0
20260428,603282.SH,,,,,,,,,,,,,24.1,19.72,,,,,0.0,0.0,2.0
20260428,603283.SH,,U,0.0,159074173.0,159074173.0,94952.0,94952.0,,,,,,54.67,44.73,1.0,2.0,3.0,0.0,1.0,0.0,2.4382598789448657
20260428,603284.SH,,,,,,,,,,,,,53.35,43.65,,,,,0.0,0.0,2.0
20260428,603285.SH,,,,,,,,,,,,,46.49,38.03,,,,,0.0,0.0,2.0
20260428,603286.SH,,,,,,,,,,,,,67.45,55.19,,,,,0.0,0.0,2.0
20260428,603288.SH,,,,,,,,,,,,,43.84,35.87,,,,,0.0,0.0,2.0
20260428,603289.SH,,,,,,,,,,,,,13.07,10.69,,,,,0.0,0.0,2.0
20260428,603290.SH,,,,,,,,,,,,,121.77,99.63,,,,,0.0,0.0,2.0
20260428,603291.SH,,,,,,,,,,,,,13.31,10.89,,,,,0.0,0.0,2.0
20260428,603293.SH,,,,,,,,,,,,,57.16,46.76,,,,,0.0,0.0,2.0
20260428,603296.SH,,,,,,,,,,,,,118.91,97.29,,,,,0.0,0.0,2.0
20260428,603297.SH,,,,,,,,,,,,,129.06,105.6,,,,,0.0,0.0,2.0
20260428,603298.SH,,,,,,,,,,,,,29.69,24.29,,,,,0.0,0.0,2.0
20260428,603299.SH,,,,,,,,,,,,,11.9,9.74,,,,,0.0,0.0,2.0
20260428,603300.SH,,,,,,,,,,,,,7.41,6.07,,,,,0.0,0.0,2.0
20260428,603301.SH,,,,,,,,,,,,,98.47,80.57,,,,,0.0,0.0,2.0
20260428,603303.SH,,,,,,,,,,,,,17.56,14.36,,,,,0.0,0.0,2.0
20260428,603305.SH,,,,,,,,,,,,,16.49,13.49,,,,,0.0,0.0,2.0
20260428,603306.SH,,,,,,,,,,,,,103.18,84.42,,,,,0.0,0.0,2.0
20260428,603307.SH,,,,,,,,,,,,,43.98,35.98,,,,,0.0,0.0,2.0
20260428,603308.SH,,,,,,,,,,,,,88.44,72.36,,,,,0.0,0.0,2.0
20260428,603309.SH,,,,,,,,,,,,,15.25,12.47,,,,,0.0,0.0,2.0
20260428,603310.SH,,,,,,,,,,,,,18.36,15.02,,,,,0.0,0.0,2.0
20260428,603311.SH,,,,,,,,,,,,,20.98,17.16,,,,,0.0,0.0,2.0
20260428,603312.SH,,,,,,,,,,,,,43.08,35.24,,,,,0.0,0.0,2.0
20260428,603313.SH,,,,,,,,,,,,,8.73,7.15,,,,,0.0,0.0,2.0
20260428,603315.SH,,,,,,,,,,,,,20.31,16.61,,,,,0.0,0.0,2.0
20260428,603316.SH,,,,,,,,,,,,,17.09,13.99,,,,,0.0,0.0,2.0
20260428,603317.SH,,U,4.0,24439654.0,24439654.0,92501.0,102046.0,,,,,,15.71,12.85,0.0,,,0.0,1.0,0.0,1.2289236537693293
20260428,603318.SH,,U,3.0,81561477.0,81561477.0,93103.0,130500.0,,,,,,13.78,11.28,1.0,9.0,2.0,0.0,1.0,0.0,1.596525749573342
20260428,603319.SH,,,,,,,,,,,,,41.22,33.72,,,,,0.0,0.0,2.0
20260428,603320.SH,,,,,,,,,,,,,27.04,22.12,,,,,0.0,0.0,2.0
20260428,603321.SH,,,,,,,,,,,,,8.16,6.68,,,,,0.0,0.0,2.0
20260428,603322.SH,,,,,,,,,,,,,35.42,28.98,,,,,0.0,0.0,2.0
20260428,603323.SH,,,,,,,,,,,,,5.39,4.41,,,,,0.0,0.0,2.0
20260428,603324.SH,,,,,,,,,,,,,28.93,23.67,,,,,0.0,0.0,2.0
20260428,603325.SH,,,,,,,,,,,,,71.72,58.68,,,,,0.0,0.0,2.0
20260428,603326.SH,,,,,,,,,,,,,9.76,7.98,,,,,0.0,0.0,2.0
20260428,603327.SH,,,,,,,,,,,,,11.81,9.67,,,,,0.0,0.0,2.0
20260428,603328.SH,,,,,,,,,,,,,14.78,12.1,,,,,0.0,0.0,2.0
20260428,603329.SH,,,,,,,,,,,,,11.58,9.48,,,,,0.0,0.0,2.0
20260428,603330.SH,,,,,,,,,,,,,8.01,6.55,,,,,0.0,0.0,2.0
20260428,603331.SH,,,,,,,,,,,,,16.03,13.11,,,,,0.0,0.0,2.0
20260428,603332.SH,,,,,,,,,,,,,15.75,12.89,,,,,0.0,0.0,2.0
20260428,603333.SH,,,,,,,,,,,,,8.93,7.31,,,,,0.0,0.0,2.0
20260428,603334.SH,,,,,,,,,,,,,54.29,44.42,,,,,0.0,0.0,2.0
20260428,603335.SH,,,,,,,,,,,,,7.49,6.13,,,,,0.0,0.0,2.0
20260428,603336.SH,,U,1.0,23231622.0,23231622.0,94346.0,102616.0,,,,,,12.63,10.33,0.0,,,0.0,1.0,0.0,1.5274939813480148
20260428,603337.SH,,,,,,,,,,,,,42.08,34.43,,,,,0.0,0.0,2.0
20260428,603338.SH,,U,0.0,72232936.0,72232936.0,94115.0,94115.0,,,,,,57.02,46.66,0.0,,,0.0,1.0,0.0,2.0854856796092993
20260428,603339.SH,,,,,,,,,,,,,15.09,12.35,,,,,0.0,0.0,2.0
20260428,603341.SH,,,,,,,,,,,,,42.06,34.42,,,,,0.0,0.0,2.0
20260428,603344.SH,,,,,,,,,,,,,29.99,24.53,,,,,0.0,0.0,2.0
20260428,603345.SH,,,,,,,,,,,,,109.45,89.55,,,,,0.0,0.0,2.0
20260428,603348.SH,,,,,,,,,,,,,21.31,17.43,,,,,0.0,0.0,2.0
20260428,603350.SH,,,,,,,,,,,,,39.09,31.99,,,,,0.0,0.0,2.0
20260428,603351.SH,,,,,,,,,,,,,28.74,23.52,,,,,0.0,0.0,2.0
20260428,603352.SH,,,,,,,,,,,,,40.8,33.38,,,,,0.0,0.0,2.0
20260428,603353.SH,,,,,,,,,,,,,41.15,33.67,,,,,0.0,0.0,2.0
20260428,603355.SH,,,,,,,,,,,,,33.88,27.72,,,,,0.0,0.0,2.0
20260428,603356.SH,,,,,,,,,,,,,19.68,16.1,,,,,0.0,0.0,2.0
20260428,603357.SH,,,,,,,,,,,,,8.82,7.22,,,,,0.0,0.0,2.0
20260428,603358.SH,,,,,,,,,,,,,37.18,30.42,,,,,0.0,0.0,2.0
20260428,603359.SH,,,,,,,,,,,,,5.56,4.55,,,,,0.0,0.0,2.0
20260428,603360.SH,,,,,,,,,,,,,25.11,20.55,,,,,0.0,0.0,2.0
20260428,603363.SH,,,,,,,,,,,,,3.72,3.04,,,,,0.0,0.0,2.0
20260428,603365.SH,,,,,,,,,,,,,25.01,20.47,,,,,0.0,0.0,2.0
20260428,603366.SH,,,,,,,,,,,,,9.36,7.66,,,,,0.0,0.0,2.0
20260428,603367.SH,,,,,,,,,,,,,16.93,13.85,,,,,0.0,0.0,2.0
20260428,603368.SH,,,,,,,,,,,,,18.39,15.05,,,,,0.0,0.0,2.0
20260428,603369.SH,,,,,,,,,,,,,28.69,23.47,,,,,0.0,0.0,2.0
20260428,603370.SH,,,,,,,,,,,,,48.37,39.57,,,,,0.0,0.0,2.0
20260428,603373.SH,,,,,,,,,,,,,42.0,34.36,,,,,0.0,0.0,2.0
20260428,603375.SH,,,,,,,,,,,,,46.55,38.09,,,,,0.0,0.0,2.0
20260428,603376.SH,,,,,,,,,,,,,36.05,29.49,,,,,0.0,0.0,2.0
20260428,603377.SH,,,,,,,,,,,,,3.84,3.48,,,,,0.0,0.0,2.0
20260428,603378.SH,,,,,,,,,,,,,6.3,5.16,,,,,0.0,0.0,2.0
20260428,603379.SH,,,,,,,,,,,,,71.45,58.46,,,,,0.0,0.0,2.0
20260428,603380.SH,,,,,,,,,,,,,40.59,33.21,,,,,0.0,0.0,2.0
20260428,603381.SH,,,,,,,,,,,,,25.41,20.79,,,,,0.0,0.0,2.0
20260428,603382.SH,,,,,,,,,,,,,29.68,24.28,,,,,0.0,0.0,2.0
20260428,603383.SH,,,,,,,,,,,,,36.88,30.18,,,,,0.0,0.0,2.0
20260428,603385.SH,,,,,,,,,,,,,7.19,5.89,,,,,0.0,0.0,2.0
20260428,603386.SH,,,,,,,,,,,,,15.83,12.95,,,,,0.0,0.0,2.0
20260428,603387.SH,,,,,,,,,,,,,10.2,8.34,,,,,0.0,0.0,2.0
20260428,603389.SH,,,,,,,,,,,,,56.87,51.45,,,,,0.0,0.0,2.0
20260428,603390.SH,,,,,,,,,,,,,15.71,12.85,,,,,0.0,0.0,2.0
20260428,603391.SH,,,,,,,,,,,,,70.2,57.44,,,,,0.0,0.0,2.0
20260428,603392.SH,,,,,,,,,,,,,43.77,35.81,,,,,0.0,0.0,2.0
20260428,603393.SH,,,,,,,,,,,,,36.61,29.95,,,,,0.0,0.0,2.0
20260428,603395.SH,,,,,,,,,,,,,31.1,25.44,,,,,0.0,0.0,2.0
20260428,603396.SH,,,,,,,,,,,,,38.12,31.19,,,,,0.0,0.0,2.0
20260428,603398.SH,,,,,,,,,,,,,11.76,10.64,,,,,1.0,0.0,2.0
20260428,603399.SH,,U,3.0,82522440.0,82522440.0,93547.0,94044.0,,,,,,16.03,13.11,0.0,,,0.0,1.0,0.0,1.3476630226745543
20260428,603400.SH,,,,,,,,,,,,,71.27,58.31,,,,,0.0,0.0,2.0
20260428,603402.SH,,,,,,,,,,,,,145.3,118.88,,,,,0.0,0.0,2.0
20260428,603406.SH,,,,,,,,,,,,,37.35,30.56,,,,,0.0,0.0,2.0
20260428,603408.SH,,,,,,,,,,,,,12.82,10.49,,,,,0.0,0.0,2.0
20260428,603409.SH,,,,,,,,,,,,,46.74,38.24,,,,,0.0,0.0,2.0
20260428,603416.SH,,,,,,,,,,,,,57.94,47.4,,,,,0.0,0.0,2.0
20260428,603418.SH,,,,,,,,,,,,,56.02,45.84,,,,,0.0,0.0,2.0
20260428,603421.SH,,,,,,,,,,,,,9.06,7.42,,,,,0.0,0.0,2.0
20260428,603429.SH,,,,,,,,,,,,,10.26,9.28,,,,,0.0,0.0,2.0
20260428,603439.SH,,,,,,,,,,,,,12.34,10.1,,,,,0.0,0.0,2.0
20260428,603444.SH,,,,,,,,,,,,,442.57,362.11,,,,,0.0,0.0,2.0
20260428,603456.SH,,,,,,,,,,,,,15.42,12.62,,,,,0.0,0.0,2.0
20260428,603458.SH,,,,,,,,,,,,,12.76,10.44,,,,,0.0,0.0,2.0
20260428,603459.SH,,,,,,,,,,,,,69.89,57.19,,,,,0.0,0.0,2.0
20260428,603466.SH,,,,,,,,,,,,,11.07,9.05,,,,,0.0,0.0,2.0
20260428,603477.SH,,,,,,,,,,,,,19.01,15.55,,,,,0.0,0.0,2.0
20260428,603486.SH,,,,,,,,,,,,,74.58,61.02,,,,,0.0,0.0,2.0
20260428,603488.SH,,,,,,,,,,,,,12.63,10.33,,,,,0.0,0.0,2.0
20260428,603489.SH,,,,,,,,,,,,,38.62,31.6,,,,,0.0,0.0,2.0
20260428,603496.SH,,,,,,,,,,,,,34.25,28.03,,,,,0.0,0.0,2.0
20260428,603499.SH,,,,,,,,,,,,,22.61,18.5,,,,,0.0,0.0,2.0
20260428,603500.SH,,,,,,,,,,,,,11.89,9.73,,,,,0.0,0.0,2.0
20260428,603501.SH,,,,,,,,,,,,,115.09,94.17,,,,,0.0,0.0,2.0
20260428,603505.SH,,,,,,,,,,,,,19.81,16.21,,,,,0.0,0.0,2.0
20260428,603506.SH,,,,,,,,,,,,,13.95,11.41,,,,,0.0,0.0,2.0
20260428,603507.SH,,,,,,,,,,,,,49.64,40.62,,,,,0.0,0.0,2.0
20260428,603508.SH,,,,,,,,,,,,,26.42,21.62,,,,,0.0,0.0,2.0
20260428,603511.SH,,,,,,,,,,,,,16.17,13.23,,,,,0.0,0.0,2.0
20260428,603515.SH,,,,,,,,,,,,,22.81,18.67,,,,,0.0,0.0,2.0
20260428,603516.SH,,,,,,,,,,,,,160.83,131.59,,,,,0.0,0.0,2.0
20260428,603517.SH,,,,,,,,,,,,,13.65,12.35,,,,,0.0,0.0,2.0
20260428,603518.SH,,,,,,,,,,,,,10.11,8.27,,,,,0.0,0.0,2.0
20260428,603519.SH,,,,,,,,,,,,,15.39,12.59,,,,,0.0,0.0,2.0
20260428,603520.SH,,,,,,,,,,,,,12.93,10.58,,,,,0.0,0.0,2.0
20260428,603527.SH,,,,,,,,,,,,,13.32,10.9,,,,,0.0,0.0,2.0
20260428,603528.SH,,,,,,,,,,,,,8.98,7.34,,,,,0.0,0.0,2.0
20260428,603529.SH,,,,,,,,,,,,,26.22,21.46,,,,,0.0,0.0,2.0
20260428,603530.SH,,,,,,,,,,,,,67.07,54.87,,,,,0.0,0.0,2.0
20260428,603533.SH,,,,,,,,,,,,,28.79,23.55,,,,,0.0,0.0,2.0
20260428,603535.SH,,,,,,,,,,,,,9.0,7.36,,,,,0.0,0.0,2.0
20260428,603536.SH,,,,,,,,,,,,,11.03,9.03,,,,,0.0,0.0,2.0
20260428,603538.SH,,,,,,,,,,,,,62.04,50.76,,,,,0.0,0.0,2.0
20260428,603551.SH,,,,,,,,,,,,,13.33,10.91,,,,,0.0,0.0,2.0
20260428,603556.SH,,,,,,,,,,,,,33.17,27.14,,,,,0.0,0.0,2.0
20260428,603557.SH,,,,,,,,,,,,,4.08,3.7,,,,,1.0,0.0,2.0
20260428,603558.SH,,,,,,,,,,,,,14.47,11.84,,,,,0.0,0.0,2.0
20260428,603559.SH,,,,,,,,,,,,,7.47,6.75,,,,,0.0,0.0,2.0
20260428,603565.SH,,,,,,,,,,,,,11.56,9.46,,,,,0.0,0.0,2.0
20260428,603566.SH,,,,,,,,,,,,,13.83,11.31,,,,,0.0,0.0,2.0
20260428,603567.SH,,,,,,,,,,,,,7.29,5.97,,,,,0.0,0.0,2.0
20260428,603568.SH,,,,,,,,,,,,,22.76,18.62,,,,,0.0,0.0,2.0
20260428,603569.SH,,,,,,,,,,,,,7.22,5.9,,,,,0.0,0.0,2.0
20260428,603577.SH,,,,,,,,,,,,,12.43,10.17,,,,,0.0,0.0,2.0
20260428,603578.SH,,,,,,,,,,,,,14.66,12.0,,,,,0.0,0.0,2.0
20260428,603579.SH,,,,,,,,,,,,,24.29,19.87,,,,,0.0,0.0,2.0
20260428,603580.SH,,,,,,,,,,,,,20.73,18.75,,,,,0.0,0.0,2.0
20260428,603583.SH,,,,,,,,,,,,,36.44,29.82,,,,,0.0,0.0,2.0
20260428,603585.SH,,,,,,,,,,,,,21.47,17.57,,,,,0.0,0.0,2.0
20260428,603586.SH,,,,,,,,,,,,,18.32,14.99,,,,,0.0,0.0,2.0
20260428,603587.SH,,,,,,,,,,,,,14.25,11.66,,,,,0.0,0.0,2.0
20260428,603588.SH,,,,,,,,,,,,,16.41,13.43,,,,,0.0,0.0,2.0
20260428,603589.SH,,,,,,,,,,,,,26.73,21.87,,,,,0.0,0.0,2.0
20260428,603590.SH,,,,,,,,,,,,,39.36,32.2,,,,,0.0,0.0,2.0
20260428,603595.SH,,,,,,,,,,,,,19.29,17.45,,,,,0.0,0.0,2.0
20260428,603596.SH,,,,,,,,,,,,,52.12,42.64,,,,,0.0,0.0,2.0
20260428,603598.SH,,,,,,,,,,,,,22.55,18.45,,,,,0.0,0.0,2.0
20260428,603599.SH,,,,,,,,,,,,,16.45,13.46,,,,,0.0,0.0,2.0
20260428,603600.SH,,,,,,,,,,,,,12.99,10.63,,,,,0.0,0.0,2.0
20260428,603601.SH,,,,,,,,,,,,,16.43,13.45,,,,,0.0,0.0,2.0
20260428,603602.SH,,,,,,,,,,,,,14.52,11.88,,,,,0.0,0.0,2.0
20260428,603605.SH,,,,,,,,,,,,,68.42,55.98,,,,,0.0,0.0,2.0
20260428,603606.SH,,,,,,,,,,,,,70.52,57.7,,,,,0.0,0.0,2.0
20260428,603607.SH,,,,,,,,,,,,,25.96,21.24,,,,,0.0,0.0,2.0
20260428,603608.SH,,,,,,,,,,,,,14.32,11.72,,,,,0.0,0.0,2.0
20260428,603609.SH,,,,,,,,,,,,,7.52,6.16,,,,,0.0,0.0,2.0
20260428,603610.SH,,,,,,,,,,,,,18.38,15.04,,,,,0.0,0.0,2.0
20260428,603611.SH,,,,,,,,,,,,,23.12,18.92,,,,,0.0,0.0,2.0
20260428,603612.SH,,,,,,,,,,,,,27.64,22.62,,,,,0.0,0.0,2.0
20260428,603613.SH,,,,,,,,,,,,,31.61,25.87,,,,,0.0,0.0,2.0
20260428,603615.SH,,,,,,,,,,,,,22.33,18.27,,,,,0.0,0.0,2.0
20260428,603616.SH,,,,,,,,,,,,,6.61,5.41,,,,,0.0,0.0,2.0
20260428,603617.SH,,,,,,,,,,,,,8.43,6.89,,,,,0.0,0.0,2.0
20260428,603618.SH,,,,,,,,,,,,,33.4,27.32,,,,,0.0,0.0,2.0
20260428,603619.SH,,,,,,,,,,,,,37.1,30.36,,,,,0.0,0.0,2.0
20260428,603626.SH,,,,,,,,,,,,,26.81,21.93,,,,,0.0,0.0,2.0
20260428,603628.SH,,,,,,,,,,,,,14.09,11.53,,,,,0.0,0.0,2.0
20260428,603629.SH,,U,0.0,552398585.0,552398585.0,92502.0,92502.0,,,,,,119.35,97.65,1.0,10.0,2.0,0.0,1.0,0.0,2.903748429302947
20260428,603630.SH,,,,,,,,,,,,,18.4,15.06,,,,,0.0,0.0,2.0
20260428,603633.SH,,,,,,,,,,,,,9.25,7.57,,,,,0.0,0.0,2.0
20260428,603636.SH,,,,,,,,,,,,,9.98,8.16,,,,,0.0,0.0,2.0
20260428,603637.SH,,,,,,,,,,,,,17.91,14.65,,,,,0.0,0.0,2.0
20260428,603638.SH,,,,,,,,,,,,,24.92,20.39,,,,,0.0,0.0,2.0
20260428,603639.SH,,,,,,,,,,,,,15.14,12.38,,,,,0.0,0.0,2.0
20260428,603648.SH,,,,,,,,,,,,,11.2,9.16,,,,,0.0,0.0,2.0
20260428,603650.SH,,,,,,,,,,,,,61.79,50.55,,,,,0.0,0.0,2.0
20260428,603655.SH,,,,,,,,,,,,,56.98,46.62,,,,,0.0,0.0,2.0
20260428,603656.SH,,,,,,,,,,,,,22.47,18.39,,,,,0.0,0.0,2.0
20260428,603657.SH,,,,,,,,,,,,,31.19,25.52,,,,,0.0,0.0,2.0
20260428,603658.SH,,,,,,,,,,,,,36.85,30.15,,,,,0.0,0.0,2.0
20260428,603659.SH,,,,,,,,,,,,,40.67,33.27,,,,,0.0,0.0,2.0
20260428,603660.SH,,,,,,,,,,,,,12.52,10.24,,,,,0.0,0.0,2.0
20260428,603661.SH,,,,,,,,,,,,,35.21,28.81,,,,,0.0,0.0,2.0
20260428,603662.SH,,,,,,,,,,,,,62.57,51.19,,,,,0.0,0.0,2.0
20260428,603663.SH,,,,,,,,,,,,,53.6,43.86,,,,,0.0,0.0,2.0
20260428,603665.SH,,,,,,,,,,,,,29.43,24.08,,,,,0.0,0.0,2.0
20260428,603666.SH,,,,,,,,,,,,,32.07,26.24,,,,,0.0,0.0,2.0
20260428,603667.SH,,,,,,,,,,,,,73.36,60.02,,,,,0.0,0.0,2.0
20260428,603668.SH,,,,,,,,,,,,,14.8,12.11,,,,,0.0,0.0,2.0
20260428,603669.SH,,,,,,,,,,,,,4.7,3.84,,,,,0.0,0.0,2.0
20260428,603676.SH,,,,,,,,,,,,,11.67,9.55,,,,,0.0,0.0,2.0
20260428,603677.SH,,,,,,,,,,,,,17.56,14.36,,,,,0.0,0.0,2.0
20260428,603678.SH,,,,,,,,,,,,,38.04,31.12,,,,,0.0,0.0,2.0
20260428,603679.SH,,,,,,,,,,,,,15.3,12.52,,,,,0.0,0.0,2.0
20260428,603680.SH,,,,,,,,,,,,,15.96,13.06,,,,,0.0,0.0,2.0
20260428,603681.SH,,,,,,,,,,,,,19.14,15.66,,,,,0.0,0.0,2.0
20260428,603682.SH,,,,,,,,,,,,,8.64,7.07,,,,,0.0,0.0,2.0
20260428,603683.SH,,,,,,,,,,,,,30.69,25.11,,,,,0.0,0.0,2.0
20260428,603685.SH,,,,,,,,,,,,,37.17,30.41,,,,,0.0,0.0,2.0
20260428,603686.SH,,,,,,,,,,,,,20.69,16.93,,,,,0.0,0.0,2.0
20260428,603687.SH,,,,,,,,,,,,,18.13,14.83,,,,,0.0,0.0,2.0
20260428,603688.SH,,,,,,,,,,,,,58.19,47.61,,,,,0.0,0.0,2.0
20260428,603689.SH,,,,,,,,,,,,,9.03,7.39,,,,,0.0,0.0,2.0
20260428,603690.SH,,,,,,,,,,,,,28.93,23.67,,,,,0.0,0.0,2.0
20260428,603693.SH,,,,,,,,,,,,,16.58,13.56,,,,,0.0,0.0,2.0
20260428,603696.SH,,,,,,,,,,,,,17.11,14.0,,,,,0.0,0.0,2.0
20260428,603697.SH,,,,,,,,,,,,,11.95,9.77,,,,,0.0,0.0,2.0
20260428,603698.SH,,,,,,,,,,,,,44.29,36.23,,,,,0.0,0.0,2.0
20260428,603699.SH,,,,,,,,,,,,,63.81,52.21,,,,,0.0,0.0,2.0
20260428,603700.SH,,,,,,,,,,,,,14.43,11.81,,,,,0.0,0.0,2.0
20260428,603701.SH,,,,,,,,,,,,,28.6,23.4,,,,,0.0,0.0,2.0
20260428,603703.SH,,,,,,,,,,,,,15.07,12.33,,,,,0.0,0.0,2.0
20260428,603706.SH,,,,,,,,,,,,,22.69,18.57,,,,,0.0,0.0,2.0
20260428,603707.SH,,,,,,,,,,,,,10.32,8.44,,,,,0.0,0.0,2.0
20260428,603708.SH,,,,,,,,,,,,,11.98,9.8,,,,,0.0,0.0,2.0
20260428,603709.SH,,,,,,,,,,,,,20.14,16.48,,,,,0.0,0.0,2.0
20260428,603711.SH,,,,,,,,,,,,,13.74,11.24,,,,,0.0,0.0,2.0
20260428,603712.SH,,,,,,,,,,,,,17.82,14.58,,,,,0.0,0.0,2.0
20260428,603713.SH,,,,,,,,,,,,,62.46,51.1,,,,,0.0,0.0,2.0
20260428,603716.SH,,,,,,,,,,,,,23.45,19.19,,,,,0.0,0.0,2.0
20260428,603717.SH,,,,,,,,,,,,,7.49,6.13,,,,,0.0,0.0,2.0
20260428,603718.SH,,,,,,,,,,,,,4.27,3.49,,,,,0.0,0.0,2.0
20260428,603719.SH,,,,,,,,,,,,,11.48,9.4,,,,,0.0,0.0,2.0
20260428,603721.SH,,,,,,,,,,,,,24.3,21.98,,,,,0.0,0.0,2.0
20260428,603722.SH,,,,,,,,,,,,,42.59,34.85,,,,,0.0,0.0,2.0
20260428,603725.SH,,,,,,,,,,,,,10.84,8.87,,,,,0.0,0.0,2.0
20260428,603726.SH,,,,,,,,,,,,,27.08,22.16,,,,,0.0,0.0,2.0
20260428,603727.SH,,,,,,,,,,,,,20.09,16.43,,,,,0.0,0.0,2.0
20260428,603728.SH,,,,,,,,,,,,,63.49,51.95,,,,,0.0,0.0,2.0
20260428,603729.SH,,,,,,,,,,,,,19.03,15.57,,,,,0.0,0.0,2.0
20260428,603730.SH,,,,,,,,,,,,,11.57,9.47,,,,,0.0,0.0,2.0
20260428,603733.SH,,,,,,,,,,,,,24.17,19.77,,,,,0.0,0.0,2.0
20260428,603737.SH,,,,,,,,,,,,,47.72,39.04,,,,,0.0,0.0,2.0
20260428,603738.SH,,,,,,,,,,,,,42.82,35.04,,,,,0.0,0.0,2.0
20260428,603739.SH,,,,,,,,,,,,,16.65,13.63,,,,,0.0,0.0,2.0
20260428,603755.SH,,,,,,,,,,,,,31.04,25.4,,,,,0.0,0.0,2.0
20260428,603757.SH,,,,,,,,,,,,,56.16,45.95,,,,,0.0,0.0,2.0
20260428,603758.SH,,,,,,,,,,,,,13.92,11.39,,,,,0.0,0.0,2.0
20260428,603759.SH,,,,,,,,,,,,,10.31,8.43,,,,,0.0,0.0,2.0
20260428,603766.SH,,,,,,,,,,,,,17.01,13.91,,,,,0.0,0.0,2.0
20260428,603767.SH,,,,,,,,,,,,,21.07,17.24,,,,,0.0,0.0,2.0
20260428,603768.SH,,,,,,,,,,,,,12.42,10.16,,,,,0.0,0.0,2.0
20260428,603773.SH,,,,,,,,,,,,,70.54,57.72,,,,,0.0,0.0,2.0
20260428,603776.SH,,,,,,,,,,,,,22.72,18.59,,,,,0.0,0.0,2.0
20260428,603777.SH,,,,,,,,,,,,,16.94,13.86,,,,,0.0,0.0,2.0
20260428,603778.SH,,,,,,,,,,,,,29.0,23.72,,,,,0.0,0.0,2.0
20260428,603779.SH,,U,0.0,28019939.0,28019939.0,131425.0,131425.0,,,,,,7.04,5.76,0.0,,,0.0,1.0,0.0,2.03316082192791
20260428,603786.SH,,,,,,,,,,,,,59.84,48.96,,,,,0.0,0.0,2.0
20260428,603787.SH,,,,,,,,,,,,,13.13,10.75,,,,,0.0,0.0,2.0
20260428,603788.SH,,,,,,,,,,,,,19.47,15.93,,,,,0.0,0.0,2.0
20260428,603789.SH,,,,,,,,,,,,,6.0,5.42,,,,,0.0,0.0,2.0
20260428,603790.SH,,,,,,,,,,,,,26.66,21.82,,,,,0.0,0.0,2.0
20260428,603797.SH,,,,,,,,,,,,,5.2,4.26,,,,,0.0,0.0,2.0
20260428,603798.SH,,,,,,,,,,,,,20.04,16.4,,,,,0.0,0.0,2.0
20260428,603799.SH,,,,,,,,,,,,,72.93,59.67,,,,,0.0,0.0,2.0
20260428,603800.SH,,,,,,,,,,,,,56.65,46.35,,,,,0.0,0.0,2.0
20260428,603801.SH,,,,,,,,,,,,,9.7,7.94,,,,,0.0,0.0,2.0
20260428,603803.SH,,,,,,,,,,,,,15.27,12.49,,,,,0.0,0.0,2.0
20260428,603806.SH,,,,,,,,,,,,,20.79,17.01,,,,,0.0,0.0,2.0
20260428,603808.SH,,,,,,,,,,,,,11.67,9.55,,,,,0.0,0.0,2.0
20260428,603809.SH,,,,,,,,,,,,,11.95,9.77,,,,,0.0,0.0,2.0
20260428,603810.SH,,,,,,,,,,,,,17.64,14.44,,,,,0.0,0.0,2.0
20260428,603811.SH,,,,,,,,,,,,,13.1,10.72,,,,,0.0,0.0,2.0
20260428,603813.SH,,,,,,,,,,,,,36.74,33.24,,,,,1.0,0.0,2.0
20260428,603815.SH,,,,,,,,,,,,,7.6,6.22,,,,,0.0,0.0,2.0
20260428,603816.SH,,,,,,,,,,,,,31.75,25.97,,,,,0.0,0.0,2.0
20260428,603817.SH,,,,,,,,,,,,,8.05,6.59,,,,,0.0,0.0,2.0
20260428,603818.SH,,,,,,,,,,,,,3.81,3.11,,,,,0.0,0.0,2.0
20260428,603819.SH,,,,,,,,,,,,,16.1,13.18,,,,,0.0,0.0,2.0
20260428,603822.SH,,,,,,,,,,,,,86.38,78.16,,,,,0.0,0.0,2.0
20260428,603823.SH,,,,,,,,,,,,,17.93,14.67,,,,,0.0,0.0,2.0
20260428,603825.SH,,,,,,,,,,,,,9.15,8.27,,,,,0.0,0.0,2.0
20260428,603826.SH,,,,,,,,,,,,,39.44,32.27,,,,,0.0,0.0,2.0
20260428,603829.SH,,,,,,,,,,,,,32.23,26.37,,,,,0.0,0.0,2.0
20260428,603833.SH,,,,,,,,,,,,,51.7,42.3,,,,,0.0,0.0,2.0
20260428,603836.SH,,,,,,,,,,,,,15.37,12.57,,,,,0.0,0.0,2.0
20260428,603838.SH,,,,,,,,,,,,,9.45,8.55,,,,,0.0,0.0,2.0
20260428,603839.SH,,,,,,,,,,,,,8.36,6.84,,,,,0.0,0.0,2.0
20260428,603843.SH,,,,,,,,,,,,,8.13,7.35,,,,,1.0,0.0,2.0
20260428,603848.SH,,,,,,,,,,,,,17.38,14.22,,,,,0.0,0.0,2.0
20260428,603855.SH,,,,,,,,,,,,,21.41,17.51,,,,,0.0,0.0,2.0
20260428,603856.SH,,,,,,,,,,,,,14.03,11.48,,,,,0.0,0.0,2.0
20260428,603858.SH,,,,,,,,,,,,,17.82,14.58,,,,,0.0,0.0,2.0
20260428,603859.SH,,,,,,,,,,,,,43.44,35.54,,,,,0.0,0.0,2.0
20260428,603860.SH,,,,,,,,,,,,,35.35,28.93,,,,,0.0,0.0,2.0
20260428,603861.SH,,,,,,,,,,,,,17.9,14.64,,,,,0.0,0.0,2.0
20260428,603863.SH,,,,,,,,,,,,,19.47,15.93,,,,,0.0,0.0,2.0
20260428,603866.SH,,,,,,,,,,,,,5.52,4.52,,,,,0.0,0.0,2.0
20260428,603867.SH,,,,,,,,,,,,,37.17,30.41,,,,,0.0,0.0,2.0
20260428,603868.SH,,,,,,,,,,,,,37.93,31.03,,,,,0.0,0.0,2.0
20260428,603869.SH,,,,,,,,,,,,,10.82,9.79,,,,,0.0,0.0,2.0
20260428,603871.SH,,,,,,,,,,,,,14.82,12.12,,,,,0.0,0.0,2.0
20260428,603876.SH,,,,,,,,,,,,,30.94,25.32,,,,,0.0,0.0,2.0
20260428,603877.SH,,,,,,,,,,,,,15.82,12.94,,,,,0.0,0.0,2.0
20260428,603878.SH,,,,,,,,,,,,,8.82,7.22,,,,,0.0,0.0,2.0
20260428,603879.SH,,,,,,,,,,,,,6.34,5.18,,,,,0.0,0.0,2.0
20260428,603880.SH,,,,,,,,,,,,,7.19,5.89,,,,,0.0,0.0,2.0
20260428,603881.SH,,,,,,,,,,,,,41.03,33.57,,,,,0.0,0.0,2.0
20260428,603882.SH,,,,,,,,,,,,,31.02,25.38,,,,,0.0,0.0,2.0
20260428,603883.SH,,,,,,,,,,,,,15.41,12.61,,,,,0.0,0.0,2.0
20260428,603885.SH,,,,,,,,,,,,,12.84,10.5,,,,,0.0,0.0,2.0
20260428,603886.SH,,,,,,,,,,,,,13.57,11.11,,,,,0.0,0.0,2.0
20260428,603887.SH,,,,,,,,,,,,,17.55,14.36,,,,,0.0,0.0,2.0
20260428,603888.SH,,,,,,,,,,,,,22.45,18.37,,,,,0.0,0.0,2.0
20260428,603889.SH,,,,,,,,,,,,,9.72,7.96,,,,,0.0,0.0,2.0
20260428,603890.SH,,,,,,,,,,,,,20.36,16.66,,,,,0.0,0.0,2.0
20260428,603893.SH,,,,,,,,,,,,,204.04,166.94,,,,,0.0,0.0,2.0
20260428,603895.SH,,,,,,,,,,,,,32.34,26.46,,,,,0.0,0.0,2.0
20260428,603896.SH,,,,,,,,,,,,,20.23,16.55,,,,,0.0,0.0,2.0
20260428,603897.SH,,,,,,,,,,,,,53.57,43.83,,,,,0.0,0.0,2.0
20260428,603898.SH,,,,,,,,,,,,,15.05,12.31,,,,,0.0,0.0,2.0
20260428,603899.SH,,,,,,,,,,,,,27.43,22.45,,,,,0.0,0.0,2.0
20260428,603900.SH,,,,,,,,,,,,,8.43,6.89,,,,,0.0,0.0,2.0
20260428,603901.SH,,,,,,,,,,,,,13.88,11.36,,,,,0.0,0.0,2.0
20260428,603903.SH,,,,,,,,,,,,,13.4,10.96,,,,,0.0,0.0,2.0
20260428,603906.SH,,,,,,,,,,,,,34.66,28.36,,,,,0.0,0.0,2.0
20260428,603908.SH,,,,,,,,,,,,,25.83,21.13,,,,,0.0,0.0,2.0
20260428,603909.SH,,,,,,,,,,,,,12.94,10.58,,,,,0.0,0.0,2.0
20260428,603912.SH,,,,,,,,,,,,,11.7,9.58,,,,,0.0,0.0,2.0
20260428,603915.SH,,,,,,,,,,,,,16.92,13.84,,,,,0.0,0.0,2.0
20260428,603916.SH,,,,,,,,,,,,,12.32,10.08,,,,,0.0,0.0,2.0
20260428,603917.SH,,,,,,,,,,,,,14.44,11.82,,,,,0.0,0.0,2.0
20260428,603918.SH,,,,,,,,,,,,,14.89,12.19,,,,,0.0,0.0,2.0
20260428,603919.SH,,,,,,,,,,,,,19.88,16.26,,,,,0.0,0.0,2.0
20260428,603920.SH,,,,,,,,,,,,,61.77,50.54,,,,,0.0,0.0,2.0
20260428,603922.SH,,,,,,,,,,,,,24.16,19.76,,,,,0.0,0.0,2.0
20260428,603926.SH,,,,,,,,,,,,,21.77,17.81,,,,,0.0,0.0,2.0
20260428,603927.SH,,,,,,,,,,,,,18.3,14.98,,,,,0.0,0.0,2.0
20260428,603928.SH,,,,,,,,,,,,,17.3,14.16,,,,,0.0,0.0,2.0
20260428,603929.SH,,,,,,,,,,,,,214.23,175.28,,,,,0.0,0.0,2.0
20260428,603931.SH,,U,2.0,64236631.0,64236631.0,94331.0,95131.0,,,,,,37.92,31.02,1.0,1.0,4.0,0.0,1.0,0.0,1.6593556073946671
20260428,603933.SH,,,,,,,,,,,,,24.27,19.85,,,,,0.0,0.0,2.0
20260428,603936.SH,,,,,,,,,,,,,17.51,14.33,,,,,0.0,0.0,2.0
20260428,603937.SH,,,,,,,,,,,,,13.72,11.22,,,,,0.0,0.0,2.0
20260428,603938.SH,,,,,,,,,,,,,33.19,27.15,,,,,0.0,0.0,2.0
20260428,603939.SH,,,,,,,,,,,,,25.85,21.15,,,,,0.0,0.0,2.0
20260428,603948.SH,,,,,,,,,,,,,30.36,24.84,,,,,0.0,0.0,2.0
20260428,603949.SH,,,,,,,,,,,,,19.67,16.09,,,,,0.0,0.0,2.0
20260428,603950.SH,,,,,,,,,,,,,64.9,53.1,,,,,0.0,0.0,2.0
20260428,603955.SH,,,,,,,,,,,,,27.57,22.55,,,,,0.0,0.0,2.0
20260428,603956.SH,,,,,,,,,,,,,6.33,5.18,,,,,0.0,0.0,2.0
20260428,603958.SH,,,,,,,,,,,,,25.96,21.24,,,,,0.0,0.0,2.0
20260428,603959.SH,,,,,,,,,,,,,5.58,5.04,,,,,0.0,0.0,2.0
20260428,603960.SH,,,,,,,,,,,,,24.63,20.15,,,,,0.0,0.0,2.0
20260428,603966.SH,,,,,,,,,,,,,15.58,12.74,,,,,0.0,0.0,2.0
20260428,603967.SH,,,,,,,,,,,,,15.4,12.6,,,,,0.0,0.0,2.0
20260428,603968.SH,,,,,,,,,,,,,13.16,10.76,,,,,0.0,0.0,2.0
20260428,603969.SH,,,,,,,,,,,,,10.41,8.51,,,,,0.0,0.0,2.0
20260428,603970.SH,,,,,,,,,,,,,14.43,11.81,,,,,0.0,0.0,2.0
20260428,603976.SH,,,,,,,,,,,,,23.54,19.26,,,,,0.0,0.0,2.0
20260428,603977.SH,,,,,,,,,,,,,15.14,12.38,,,,,0.0,0.0,2.0
20260428,603978.SH,,,,,,,,,,,,,28.89,23.63,,,,,0.0,0.0,2.0
20260428,603979.SH,,,,,,,,,,,,,67.99,55.63,,,,,0.0,0.0,2.0
20260428,603980.SH,,,,,,,,,,,,,6.73,5.51,,,,,0.0,0.0,2.0
20260428,603982.SH,,,,,,,,,,,,,8.24,6.74,,,,,0.0,0.0,2.0
20260428,603983.SH,,,,,,,,,,,,,27.84,22.78,,,,,0.0,0.0,2.0
20260428,603985.SH,,,,,,,,,,,,,29.03,23.75,,,,,0.0,0.0,2.0
20260428,603986.SH,,,,,,,,,,,,,333.76,273.08,,,,,0.0,0.0,2.0
20260428,603987.SH,,,,,,,,,,,,,9.7,7.94,,,,,0.0,0.0,2.0
20260428,603988.SH,,,,,,,,,,,,,28.83,23.59,,,,,0.0,0.0,2.0
20260428,603989.SH,,,,,,,,,,,,,22.15,18.13,,,,,0.0,0.0,2.0
20260428,603990.SH,,,,,,,,,,,,,16.64,13.62,,,,,0.0,0.0,2.0
20260428,603991.SH,,,,,,,,,,,,,121.66,99.54,,,,,0.0,0.0,2.0
20260428,603992.SH,,,,,,,,,,,,,36.7,30.02,,,,,0.0,0.0,2.0
20260428,603993.SH,,,,,,,,,,,,,20.9,17.1,,,,,0.0,0.0,2.0
20260428,603995.SH,,,,,,,,,,,,,21.47,17.57,,,,,0.0,0.0,2.0
20260428,603997.SH,,,,,,,,,,,,,14.05,11.49,,,,,0.0,0.0,2.0
20260428,603998.SH,,,,,,,,,,,,,11.87,9.71,,,,,0.0,0.0,2.0
20260428,603999.SH,,,,,,,,,,,,,7.36,6.02,,,,,0.0,0.0,2.0
20260428,605001.SH,,,,,,,,,,,,,8.04,6.58,,,,,0.0,0.0,2.0
20260428,605003.SH,,,,,,,,,,,,,30.89,25.27,,,,,0.0,0.0,2.0
20260428,605005.SH,,,,,,,,,,,,,22.18,18.14,,,,,0.0,0.0,2.0
20260428,605006.SH,,,,,,,,,,,,,12.47,10.21,,,,,0.0,0.0,2.0
20260428,605007.SH,,,,,,,,,,,,,16.85,13.79,,,,,0.0,0.0,2.0
20260428,605008.SH,,,,,,,,,,,,,13.06,10.68,,,,,0.0,0.0,2.0
20260428,605009.SH,,,,,,,,,,,,,31.13,25.47,,,,,0.0,0.0,2.0
20260428,605011.SH,,,,,,,,,,,,,21.99,17.99,,,,,0.0,0.0,2.0
20260428,605016.SH,,,,,,,,,,,,,29.16,23.86,,,,,0.0,0.0,2.0
20260428,605018.SH,,,,,,,,,,,,,13.86,11.34,,,,,0.0,0.0,2.0
20260428,605020.SH,,,,,,,,,,,,,29.44,24.08,,,,,0.0,0.0,2.0
20260428,605028.SH,,,,,,,,,,,,,32.33,26.45,,,,,0.0,0.0,2.0
20260428,605033.SH,,,,,,,,,,,,,24.72,20.22,,,,,0.0,0.0,2.0
20260428,605050.SH,,,,,,,,,,,,,14.21,11.63,,,,,0.0,0.0,2.0
20260428,605055.SH,,,,,,,,,,,,,12.43,10.17,,,,,0.0,0.0,2.0
20260428,605056.SH,,,,,,,,,,,,,29.28,23.96,,,,,0.0,0.0,2.0
20260428,605058.SH,,,,,,,,,,,,,40.62,33.24,,,,,0.0,0.0,2.0
20260428,605060.SH,,,,,,,,,,,,,63.26,51.76,,,,,0.0,0.0,2.0
20260428,605066.SH,,,,,,,,,,,,,8.32,6.8,,,,,0.0,0.0,2.0
20260428,605068.SH,,,,,,,,,,,,,29.07,23.79,,,,,0.0,0.0,2.0
20260428,605069.SH,,,,,,,,,,,,,15.6,12.76,,,,,0.0,0.0,2.0
20260428,605077.SH,,,,,,,,,,,,,18.68,15.28,,,,,0.0,0.0,2.0
20260428,605080.SH,,,,,,,,,,,,,27.23,22.28,,,,,0.0,0.0,2.0
20260428,605081.SH,,,,,,,,,,,,,5.85,5.29,,,,,0.0,0.0,2.0
20260428,605086.SH,,,,,,,,,,,,,34.27,28.04,,,,,0.0,0.0,2.0
20260428,605088.SH,,,,,,,,,,,,,39.9,32.64,,,,,0.0,0.0,2.0
20260428,605089.SH,,,,,,,,,,,,,31.22,25.54,,,,,0.0,0.0,2.0
20260428,605090.SH,,,,,,,,,,,,,51.0,41.72,,,,,0.0,0.0,2.0
20260428,605098.SH,,,,,,,,,,,,,73.54,60.17,,,,,0.0,0.0,2.0
20260428,605099.SH,,,,,,,,,,,,,43.73,35.78,,,,,0.0,0.0,2.0
20260428,605100.SH,,,,,,,,,,,,,53.24,43.56,,,,,0.0,0.0,2.0
20260428,605108.SH,,,,,,,,,,,,,18.77,15.35,,,,,0.0,0.0,2.0
20260428,605111.SH,,,,,,,,,,,,,44.11,36.09,,,,,0.0,0.0,2.0
20260428,605116.SH,,,,,,,,,,,,,25.99,21.27,,,,,0.0,0.0,2.0
20260428,605117.SH,,,,,,,,,,,,,154.77,126.63,,,,,0.0,0.0,2.0
20260428,605118.SH,,,,,,,,,,,,,52.1,42.62,,,,,0.0,0.0,2.0
20260428,605122.SH,,,,,,,,,,,,,15.29,12.51,,,,,0.0,0.0,2.0
20260428,605123.SH,,,,,,,,,,,,,110.33,90.27,,,,,0.0,0.0,2.0
20260428,605128.SH,,,,,,,,,,,,,36.97,30.25,,,,,0.0,0.0,2.0
20260428,605133.SH,,,,,,,,,,,,,34.28,28.04,,,,,0.0,0.0,2.0
20260428,605136.SH,,,,,,,,,,,,,11.91,9.75,,,,,0.0,0.0,2.0
20260428,605138.SH,,,,,,,,,,,,,8.17,6.69,,,,,0.0,0.0,2.0
20260428,605151.SH,,,,,,,,,,,,,22.67,18.55,,,,,0.0,0.0,2.0
20260428,605155.SH,,,,,,,,,,,,,17.31,14.17,,,,,0.0,0.0,2.0
20260428,605158.SH,,,,,,,,,,,,,7.91,6.47,,,,,0.0,0.0,2.0
20260428,605162.SH,,,,,,,,,,,,,13.12,10.74,,,,,0.0,0.0,2.0
20260428,605166.SH,,,,,,,,,,,,,12.87,10.53,,,,,0.0,0.0,2.0
20260428,605167.SH,,,,,,,,,,,,,18.91,15.47,,,,,0.0,0.0,2.0
20260428,605168.SH,,U,0.0,119238186.0,119238186.0,105835.0,105835.0,,,,,,44.09,36.07,0.0,,,0.0,1.0,0.0,2.1411150913980577
20260428,605169.SH,,,,,,,,,,,,,14.17,11.59,,,,,0.0,0.0,2.0
20260428,605177.SH,,,,,,,,,,,,,23.45,19.19,,,,,0.0,0.0,2.0
20260428,605178.SH,,,,,,,,,,,,,78.05,63.86,,,,,0.0,0.0,2.0
20260428,605179.SH,,,,,,,,,,,,,19.04,15.58,,,,,0.0,0.0,2.0
20260428,605180.SH,,,,,,,,,,,,,16.86,13.8,,,,,0.0,0.0,2.0
20260428,605183.SH,,,,,,,,,,,,,19.45,15.91,,,,,0.0,0.0,2.0
20260428,605186.SH,,,,,,,,,,,,,22.04,18.04,,,,,0.0,0.0,2.0
20260428,605188.SH,,,,,,,,,,,,,18.16,14.86,,,,,0.0,0.0,2.0
20260428,605189.SH,,,,,,,,,,,,,19.64,16.07,,,,,0.0,0.0,2.0
20260428,605196.SH,,,,,,,,,,,,,47.18,38.6,,,,,0.0,0.0,2.0
20260428,605198.SH,,,,,,,,,,,,,50.71,41.49,,,,,0.0,0.0,2.0
20260428,605199.SH,,,,,,,,,,,,,6.94,6.28,,,,,0.0,0.0,2.0
20260428,605208.SH,,,,,,,,,,,,,17.36,14.2,,,,,0.0,0.0,2.0
20260428,605218.SH,,,,,,,,,,,,,19.94,16.32,,,,,0.0,0.0,2.0
20260428,605222.SH,,,,,,,,,,,,,36.78,30.1,,,,,0.0,0.0,2.0
20260428,605228.SH,,,,,,,,,,,,,16.47,13.47,,,,,0.0,0.0,2.0
20260428,605255.SH,,,,,,,,,,,,,119.37,97.67,,,,,0.0,0.0,2.0
20260428,605258.SH,,,,,,,,,,,,,41.89,34.27,,,,,0.0,0.0,2.0
20260428,605259.SH,,,,,,,,,,,,,23.94,19.58,,,,,0.0,0.0,2.0
20260428,605266.SH,,,,,,,,,,,,,21.02,17.2,,,,,0.0,0.0,2.0
20260428,605268.SH,,,,,,,,,,,,,14.69,12.02,,,,,0.0,0.0,2.0
20260428,605277.SH,,,,,,,,,,,,,26.26,21.48,,,,,0.0,0.0,2.0
20260428,605286.SH,,,,,,,,,,,,,47.59,38.93,,,,,0.0,0.0,2.0
20260428,605287.SH,,U,12.0,7500495.0,7500495.0,93714.0,110150.0,,,,,,54.21,44.35,1.0,7.0,3.0,0.0,1.0,0.0,1.335799705065136
20260428,605288.SH,,,,,,,,,,,,,90.73,74.23,,,,,0.0,0.0,2.0
20260428,605289.SH,,U,6.0,38323922.0,38323922.0,93616.0,103555.0,,,,,,156.52,128.06,1.0,4.0,3.0,0.0,1.0,0.0,1.438212443345881
20260428,605296.SH,,,,,,,,,,,,,30.89,25.27,,,,,0.0,0.0,2.0
20260428,605298.SH,,,,,,,,,,,,,69.6,56.94,,,,,0.0,0.0,2.0
20260428,605299.SH,,,,,,,,,,,,,24.48,20.03,,,,,0.0,0.0,2.0
20260428,605300.SH,,,,,,,,,,,,,12.25,10.03,,,,,0.0,0.0,2.0
20260428,605303.SH,,,,,,,,,,,,,25.08,20.52,,,,,0.0,0.0,2.0
20260428,605305.SH,,,,,,,,,,,,,50.0,40.91,,,,,0.0,0.0,2.0
20260428,605318.SH,,,,,,,,,,,,,105.78,86.54,,,,,0.0,0.0,2.0
20260428,605319.SH,,,,,,,,,,,,,30.31,24.8,,,,,0.0,0.0,2.0
20260428,605333.SH,,,,,,,,,,,,,26.13,21.38,,,,,0.0,0.0,2.0
20260428,605336.SH,,,,,,,,,,,,,17.36,15.7,,,,,0.0,0.0,2.0
20260428,605337.SH,,,,,,,,,,,,,12.2,9.98,,,,,0.0,0.0,2.0
20260428,605338.SH,,,,,,,,,,,,,25.91,21.2,,,,,0.0,0.0,2.0
20260428,605339.SH,,,,,,,,,,,,,17.63,14.43,,,,,0.0,0.0,2.0
20260428,605358.SH,,,,,,,,,,,,,44.48,36.4,,,,,0.0,0.0,2.0
20260428,605365.SH,,,,,,,,,,,,,32.93,26.95,,,,,0.0,0.0,2.0
20260428,605366.SH,,,,,,,,,,,,,14.51,11.87,,,,,0.0,0.0,2.0
20260428,605368.SH,,,,,,,,,,,,,8.54,6.98,,,,,0.0,0.0,2.0
20260428,605369.SH,,,,,,,,,,,,,20.69,16.93,,,,,0.0,0.0,2.0
20260428,605376.SH,,,,,,,,,,,,,130.9,107.1,,,,,0.0,0.0,2.0
20260428,605377.SH,,,,,,,,,,,,,10.3,8.42,,,,,0.0,0.0,2.0
20260428,605378.SH,,,,,,,,,,,,,22.58,18.48,,,,,0.0,0.0,2.0
20260428,605388.SH,,,,,,,,,,,,,7.41,6.07,,,,,0.0,0.0,2.0
20260428,605389.SH,,,,,,,,,,,,,104.87,85.81,,,,,0.0,0.0,2.0
20260428,605398.SH,,,,,,,,,,,,,29.95,24.51,,,,,0.0,0.0,2.0
20260428,605399.SH,,,,,,,,,,,,,16.5,13.5,,,,,0.0,0.0,2.0
20260428,605488.SH,,,,,,,,,,,,,35.96,29.42,,,,,0.0,0.0,2.0
20260428,605499.SH,,,,,,,,,,,,,217.53,177.98,,,,,0.0,0.0,2.0
20260428,605500.SH,,,,,,,,,,,,,10.09,8.25,,,,,0.0,0.0,2.0
20260428,605507.SH,,,,,,,,,,,,,26.37,21.57,,,,,0.0,0.0,2.0
20260428,605555.SH,,,,,,,,,,,,,17.29,14.15,,,,,0.0,0.0,2.0
20260428,605566.SH,,,,,,,,,,,,,35.73,29.23,,,,,0.0,0.0,2.0
20260428,605567.SH,,,,,,,,,,,,,12.03,9.85,,,,,0.0,0.0,2.0
20260428,605577.SH,,,,,,,,,,,,,12.49,10.22,,,,,0.0,0.0,2.0
20260428,605580.SH,,,,,,,,,,,,,24.27,19.85,,,,,0.0,0.0,2.0
20260428,605588.SH,,,,,,,,,,,,,63.39,51.87,,,,,0.0,0.0,2.0
20260428,605589.SH,,,,,,,,,,,,,43.67,35.73,,,,,0.0,0.0,2.0
20260428,605598.SH,,,,,,,,,,,,,51.92,42.48,,,,,0.0,0.0,2.0
20260428,605599.SH,,,,,,,,,,,,,25.04,20.48,,,,,0.0,0.0,2.0
20260428,688001.SH,,,,,,,,,,,,,72.79,48.53,,,,,0.0,0.0,2.0
20260428,688002.SH,,,,,,,,,,,,,165.6,110.4,,,,,0.0,0.0,2.0
20260428,688003.SH,,,,,,,,,,,,,85.98,57.32,,,,,0.0,0.0,2.0
20260428,688004.SH,,,,,,,,,,,,,26.87,17.91,,,,,0.0,0.0,2.0
20260428,688005.SH,,,,,,,,,,,,,41.58,27.72,,,,,0.0,0.0,2.0
20260428,688006.SH,,,,,,,,,,,,,38.05,25.37,,,,,0.0,0.0,2.0
20260428,688007.SH,,,,,,,,,,,,,18.18,12.12,,,,,0.0,0.0,2.0
20260428,688008.SH,,,,,,,,,,,,,213.71,142.47,,,,,0.0,0.0,2.0
20260428,688009.SH,,,,,,,,,,,,,6.32,4.22,,,,,0.0,0.0,2.0
20260428,688010.SH,,,,,,,,,,,,,42.48,28.32,,,,,0.0,0.0,2.0
20260428,688011.SH,,,,,,,,,,,,,79.52,53.02,,,,,0.0,0.0,2.0
20260428,688012.SH,,,,,,,,,,,,,422.41,281.61,,,,,0.0,0.0,2.0
20260428,688013.SH,,,,,,,,,,,,,45.01,30.01,,,,,0.0,0.0,2.0
20260428,688015.SH,,,,,,,,,,,,,27.66,18.44,,,,,0.0,0.0,2.0
20260428,688016.SH,,,,,,,,,,,,,115.98,77.32,,,,,0.0,0.0,2.0
20260428,688017.SH,,,,,,,,,,,,,256.56,171.04,,,,,0.0,0.0,2.0
20260428,688018.SH,,,,,,,,,,,,,211.5,141.0,,,,,0.0,0.0,2.0
20260428,688019.SH,,,,,,,,,,,,,307.44,204.96,,,,,0.0,0.0,2.0
20260428,688020.SH,,,,,,,,,,,,,166.46,110.98,,,,,0.0,0.0,2.0
20260428,688021.SH,,,,,,,,,,,,,29.23,19.49,,,,,0.0,0.0,2.0
20260428,688022.SH,,,,,,,,,,,,,20.09,13.39,,,,,0.0,0.0,2.0
20260428,688023.SH,,,,,,,,,,,,,61.52,41.02,,,,,0.0,0.0,2.0
20260428,688025.SH,,,,,,,,,,,,,374.4,249.6,,,,,0.0,0.0,2.0
20260428,688026.SH,,,,,,,,,,,,,19.42,12.94,,,,,0.0,0.0,2.0
20260428,688027.SH,,,,,,,,,,,,,671.5,447.66,,,,,0.0,0.0,2.0
20260428,688028.SH,,,,,,,,,,,,,138.8,92.54,,,,,0.0,0.0,2.0
20260428,688029.SH,,,,,,,,,,,,,90.92,60.62,,,,,0.0,0.0,2.0
20260428,688030.SH,,,,,,,,,,,,,19.19,12.79,,,,,0.0,0.0,2.0
20260428,688031.SH,,,,,,,,,,,,,162.36,108.24,,,,,0.0,0.0,2.0
20260428,688032.SH,,,,,,,,,,,,,130.57,87.05,,,,,0.0,0.0,2.0
20260428,688033.SH,,,,,,,,,,,,,9.55,6.37,,,,,0.0,0.0,2.0
20260428,688035.SH,,,,,,,,,,,,,88.36,58.9,,,,,0.0,0.0,2.0
20260428,688036.SH,,,,,,,,,,,,,69.36,46.24,,,,,0.0,0.0,2.0
20260428,688037.SH,,,,,,,,,,,,,254.4,169.6,,,,,0.0,0.0,2.0
20260428,688038.SH,,,,,,,,,,,,,27.06,18.04,,,,,0.0,0.0,2.0
20260428,688039.SH,,,,,,,,,,,,,50.09,33.39,,,,,0.0,0.0,2.0
20260428,688041.SH,,,,,,,,,,,,,355.52,237.02,,,,,0.0,0.0,2.0
20260428,688045.SH,,,,,,,,,,,,,67.94,45.3,,,,,0.0,0.0,2.0
20260428,688046.SH,,,,,,,,,,,,,23.4,15.6,,,,,0.0,0.0,2.0
20260428,688047.SH,,,,,,,,,,,,,191.17,127.45,,,,,0.0,0.0,2.0
20260428,688048.SH,,,,,,,,,,,,,462.0,308.0,,,,,0.0,0.0,2.0
20260428,688049.SH,,,,,,,,,,,,,57.85,38.57,,,,,0.0,0.0,2.0
20260428,688050.SH,,,,,,,,,,,,,63.18,42.12,,,,,0.0,0.0,2.0
20260428,688051.SH,,,,,,,,,,,,,46.45,30.97,,,,,0.0,0.0,2.0
20260428,688052.SH,,,,,,,,,,,,,225.0,150.0,,,,,0.0,0.0,2.0
20260428,688053.SH,,,,,,,,,,,,,46.88,31.26,,,,,0.0,0.0,2.0
20260428,688055.SH,,,,,,,,,,,,,5.08,3.38,,,,,0.0,0.0,2.0
20260428,688056.SH,,,,,,,,,,,,,43.36,28.9,,,,,0.0,0.0,2.0
20260428,688057.SH,,,,,,,,,,,,,15.08,10.06,,,,,0.0,0.0,2.0
20260428,688058.SH,,,,,,,,,,,,,34.42,22.94,,,,,0.0,0.0,2.0
20260428,688059.SH,,,,,,,,,,,,,141.54,94.36,,,,,0.0,0.0,2.0
20260428,688060.SH,,,,,,,,,,,,,55.84,37.22,,,,,0.0,0.0,2.0
20260428,688061.SH,,,,,,,,,,,,,42.48,28.32,,,,,0.0,0.0,2.0
20260428,688062.SH,,,,,,,,,,,,,44.44,29.62,,,,,0.0,0.0,2.0
20260428,688063.SH,,,,,,,,,,,,,87.31,58.21,,,,,0.0,0.0,2.0
20260428,688065.SH,,,,,,,,,,,,,56.39,37.59,,,,,0.0,0.0,2.0
20260428,688066.SH,,,,,,,,,,,,,22.39,14.93,,,,,0.0,0.0,2.0
20260428,688067.SH,,,,,,,,,,,,,33.07,22.05,,,,,0.0,0.0,2.0
20260428,688068.SH,,,,,,,,,,,,,131.64,87.76,,,,,0.0,0.0,2.0
20260428,688069.SH,,,,,,,,,,,,,45.54,30.36,,,,,0.0,0.0,2.0
20260428,688070.SH,,,,,,,,,,,,,56.34,37.56,,,,,0.0,0.0,2.0
20260428,688071.SH,,,,,,,,,,,,,39.5,26.34,,,,,0.0,0.0,2.0
20260428,688072.SH,,,,,,,,,,,,,495.28,330.18,,,,,0.0,0.0,2.0
20260428,688073.SH,,,,,,,,,,,,,66.64,44.42,,,,,0.0,0.0,2.0
20260428,688075.SH,,,,,,,,,,,,,44.9,29.94,,,,,0.0,0.0,2.0
20260428,688076.SH,,,,,,,,,,,,,35.23,23.49,,,,,0.0,0.0,2.0
20260428,688077.SH,,,,,,,,,,,,,35.6,23.74,,,,,0.0,0.0,2.0
20260428,688078.SH,,,,,,,,,,,,,30.6,20.4,,,,,0.0,0.0,2.0
20260428,688079.SH,,,,,,,,,,,,,18.96,12.64,,,,,0.0,0.0,2.0
20260428,688080.SH,,,,,,,,,,,,,54.92,36.62,,,,,0.0,0.0,2.0
20260428,688081.SH,,,,,,,,,,,,,64.19,42.79,,,,,0.0,0.0,2.0
20260428,688082.SH,,,,,,,,,,,,,199.32,132.88,,,,,0.0,0.0,2.0
20260428,688083.SH,,,,,,,,,,,,,65.45,43.63,,,,,0.0,0.0,2.0
20260428,688084.SH,,,,,,,,,,,,,85.79,57.19,,,,,0.0,0.0,2.0
20260428,688085.SH,,,,,,,,,,,,,21.13,14.09,,,,,0.0,0.0,2.0
20260428,688087.SH,,,,,,,,,,,,,48.24,32.16,,,,,0.0,0.0,2.0
20260428,688088.SH,,,,,,,,,,,,,49.56,33.04,,,,,0.0,0.0,2.0
20260428,688089.SH,,,,,,,,,,,,,18.56,12.38,,,,,0.0,0.0,2.0
20260428,688090.SH,,,,,,,,,,,,,89.2,59.46,,,,,0.0,0.0,2.0
20260428,688091.SH,,,,,,,,,,,,,65.28,43.52,,,,,0.0,0.0,2.0
20260428,688092.SH,,,,,,,,,,,,,35.35,23.57,,,,,0.0,0.0,2.0
20260428,688093.SH,,,,,,,,,,,,,38.14,25.42,,,,,0.0,0.0,2.0
20260428,688095.SH,,,,,,,,,,,,,89.77,59.85,,,,,0.0,0.0,2.0
20260428,688096.SH,,,,,,,,,,,,,9.97,6.65,,,,,0.0,0.0,2.0
20260428,688097.SH,,,,,,,,,,,,,70.92,47.28,,,,,0.0,0.0,2.0
20260428,688098.SH,,,,,,,,,,,,,10.46,6.98,,,,,0.0,0.0,2.0
20260428,688099.SH,,,,,,,,,,,,,115.07,76.71,,,,,0.0,0.0,2.0
20260428,688100.SH,,,,,,,,,,,,,44.33,29.55,,,,,0.0,0.0,2.0
20260428,688101.SH,,,,,,,,,,,,,22.87,15.25,,,,,0.0,0.0,2.0
20260428,688102.SH,,,,,,,,,,,,,45.38,30.26,,,,,0.0,0.0,2.0
20260428,688103.SH,,,,,,,,,,,,,72.96,48.64,,,,,0.0,0.0,2.0
20260428,688105.SH,,,,,,,,,,,,,23.35,15.57,,,,,0.0,0.0,2.0
20260428,688106.SH,,,,,,,,,,,,,46.14,30.76,,,,,0.0,0.0,2.0
20260428,688107.SH,,,,,,,,,,,,,37.1,24.74,,,,,0.0,0.0,2.0
20260428,688108.SH,,,,,,,,,,,,,25.1,16.74,,,,,0.0,0.0,2.0
20260428,688109.SH,,,,,,,,,,,,,115.16,76.78,,,,,0.0,0.0,2.0
20260428,688110.SH,,,,,,,,,,,,,159.53,106.35,,,,,0.0,0.0,2.0
20260428,688111.SH,,,,,,,,,,,,,304.2,202.8,,,,,0.0,0.0,2.0
20260428,688112.SH,,,,,,,,,,,,,74.02,49.34,,,,,0.0,0.0,2.0
20260428,688113.SH,,,,,,,,,,,,,47.44,31.62,,,,,0.0,0.0,2.0
20260428,688114.SH,,,,,,,,,,,,,64.31,42.87,,,,,0.0,0.0,2.0
20260428,688115.SH,,,,,,,,,,,,,61.79,41.19,,,,,0.0,0.0,2.0
20260428,688116.SH,,,,,,,,,,,,,50.12,33.42,,,,,0.0,0.0,2.0
20260428,688117.SH,,,,,,,,,,,,,45.35,30.23,,,,,0.0,0.0,2.0
20260428,688118.SH,,,,,,,,,,,,,33.2,22.14,,,,,0.0,0.0,2.0
20260428,688119.SH,,,,,,,,,,,,,6.05,4.03,,,,,0.0,0.0,2.0
20260428,688120.SH,,,,,,,,,,,,,232.8,155.2,,,,,0.0,0.0,2.0
20260428,688121.SH,,,,,,,,,,,,,11.95,7.97,,,,,0.0,0.0,2.0
20260428,688122.SH,,,,,,,,,,,,,84.52,56.34,,,,,0.0,0.0,2.0
20260428,688123.SH,,,,,,,,,,,,,150.78,100.52,,,,,0.0,0.0,2.0
20260428,688125.SH,,,,,,,,,,,,,253.92,169.28,,,,,0.0,0.0,2.0
20260428,688126.SH,,,,,,,,,,,,,25.32,16.88,,,,,0.0,0.0,2.0
20260428,688127.SH,,,,,,,,,,,,,83.17,55.45,,,,,0.0,0.0,2.0
20260428,688128.SH,,,,,,,,,,,,,31.31,20.87,,,,,0.0,0.0,2.0
20260428,688129.SH,,,,,,,,,,,,,35.35,23.57,,,,,0.0,0.0,2.0
20260428,688130.SH,,,,,,,,,,,,,28.99,19.33,,,,,0.0,0.0,2.0
20260428,688131.SH,,,,,,,,,,,,,86.02,57.34,,,,,0.0,0.0,2.0
20260428,688132.SH,,,,,,,,,,,,,21.19,14.13,,,,,0.0,0.0,2.0
20260428,688133.SH,,,,,,,,,,,,,27.82,18.54,,,,,0.0,0.0,2.0
20260428,688135.SH,,,,,,,,,,,,,44.62,29.74,,,,,0.0,0.0,2.0
20260428,688136.SH,,,,,,,,,,,,,34.54,23.02,,,,,0.0,0.0,2.0
20260428,688137.SH,,,,,,,,,,,,,58.52,39.02,,,,,0.0,0.0,2.0
20260428,688138.SH,,,,,,,,,,,,,36.59,24.39,,,,,0.0,0.0,2.0
20260428,688139.SH,,,,,,,,,,,,,39.48,26.32,,,,,0.0,0.0,2.0
20260428,688141.SH,,,,,,,,,,,,,101.26,67.5,,,,,0.0,0.0,2.0
20260428,688143.SH,,,,,,,,,,,,,82.34,54.9,,,,,0.0,0.0,2.0
20260428,688146.SH,,,,,,,,,,,,,85.68,57.12,,,,,0.0,0.0,2.0
20260428,688147.SH,,,,,,,,,,,,,82.56,55.04,,,,,0.0,0.0,2.0
20260428,688148.SH,,,,,,,,,,,,,12.32,8.22,,,,,0.0,0.0,2.0
20260428,688150.SH,,,,,,,,,,,,,63.52,42.34,,,,,0.0,0.0,2.0
20260428,688151.SH,,,,,,,,,,,,,23.82,15.88,,,,,0.0,0.0,2.0
20260428,688152.SH,,,,,,,,,,,,,41.81,27.87,,,,,0.0,0.0,2.0
20260428,688153.SH,,,,,,,,,,,,,42.86,28.58,,,,,0.0,0.0,2.0
20260428,688155.SH,,,,,,,,,,,,,102.61,68.41,,,,,0.0,0.0,2.0
20260428,688156.SH,,,,,,,,,,,,,29.99,19.99,,,,,0.0,0.0,2.0
20260428,688157.SH,,,,,,,,,,,,,46.68,31.12,,,,,0.0,0.0,2.0
20260428,688158.SH,,,,,,,,,,,,,56.45,37.63,,,,,0.0,0.0,2.0
20260428,688159.SH,,,,,,,,,,,,,54.3,36.2,,,,,0.0,0.0,2.0
20260428,688160.SH,,,,,,,,,,,,,128.71,85.81,,,,,0.0,0.0,2.0
20260428,688161.SH,,,,,,,,,,,,,37.46,24.98,,,,,0.0,0.0,2.0
20260428,688162.SH,,,,,,,,,,,,,40.9,27.26,,,,,0.0,0.0,2.0
20260428,688163.SH,,,,,,,,,,,,,42.08,28.06,,,,,0.0,0.0,2.0
20260428,688165.SH,,,,,,,,,,,,,20.98,13.98,,,,,0.0,0.0,2.0
20260428,688166.SH,,,,,,,,,,,,,74.62,49.74,,,,,0.0,0.0,2.0
20260428,688167.SH,,,,,,,,,,,,,433.08,288.72,,,,,0.0,0.0,2.0
20260428,688168.SH,,,,,,,,,,,,,104.17,69.45,,,,,0.0,0.0,2.0
20260428,688169.SH,,,,,,,,,,,,,142.42,94.94,,,,,0.0,0.0,2.0
20260428,688170.SH,,,,,,,,,,,,,75.72,50.48,,,,,0.0,0.0,2.0
20260428,688171.SH,,,,,,,,,,,,,62.16,41.44,,,,,0.0,0.0,2.0
20260428,688172.SH,,,,,,,,,,,,,51.84,34.56,,,,,0.0,0.0,2.0
20260428,688173.SH,,,,,,,,,,,,,18.7,12.46,,,,,0.0,0.0,2.0
20260428,688175.SH,,,,,,,,,,,,,42.61,28.41,,,,,0.0,0.0,2.0
20260428,688176.SH,,,,,,,,,,,,,15.52,10.34,,,,,0.0,0.0,2.0
20260428,688177.SH,,,,,,,,,,,,,26.93,17.95,,,,,0.0,0.0,2.0
20260428,688178.SH,,,,,,,,,,,,,40.31,26.87,,,,,0.0,0.0,2.0
20260428,688179.SH,,,,,,,,,,,,,22.54,15.02,,,,,0.0,0.0,2.0
20260428,688180.SH,,,,,,,,,,,,,48.92,32.62,,,,,0.0,0.0,2.0
20260428,688181.SH,,,,,,,,,,,,,43.4,28.94,,,,,0.0,0.0,2.0
20260428,688182.SH,,,,,,,,,,,,,38.26,25.5,,,,,0.0,0.0,2.0
20260428,688183.SH,,,,,,,,,,,,,144.84,96.56,,,,,0.0,0.0,2.0
20260428,688184.SH,,,,,,,,,,,,,14.63,9.75,,,,,0.0,0.0,2.0
20260428,688185.SH,,,,,,,,,,,,,79.02,52.68,,,,,0.0,0.0,2.0
20260428,688186.SH,,,,,,,,,,,,,24.9,16.6,,,,,0.0,0.0,2.0
20260428,688187.SH,,,,,,,,,,,,,60.89,40.59,,,,,0.0,0.0,2.0
20260428,688188.SH,,,,,,,,,,,,,169.52,113.02,,,,,0.0,0.0,2.0
20260428,688189.SH,,,,,,,,,,,,,9.13,6.09,,,,,0.0,0.0,2.0
20260428,688190.SH,,,,,,,,,,,,,101.47,67.65,,,,,0.0,0.0,2.0
20260428,688191.SH,,,,,,,,,,,,,48.72,32.48,,,,,0.0,0.0,2.0
20260428,688192.SH,,,,,,,,,,,,,67.44,44.96,,,,,0.0,0.0,2.0
20260428,688193.SH,,,,,,,,,,,,,72.6,48.4,,,,,0.0,0.0,2.0
20260428,688195.SH,,,,,,,,,,,,,407.58,271.72,,,,,0.0,0.0,2.0
20260428,688196.SH,,,,,,,,,,,,,66.0,44.0,,,,,0.0,0.0,2.0
20260428,688197.SH,,,,,,,,,,,,,46.73,31.15,,,,,0.0,0.0,2.0
20260428,688198.SH,,,,,,,,,,,,,120.6,80.4,,,,,0.0,0.0,2.0
20260428,688199.SH,,,,,,,,,,,,,32.98,21.98,,,,,0.0,0.0,2.0
20260428,688200.SH,,,,,,,,,,,,,381.76,254.5,,,,,0.0,0.0,2.0
20260428,688202.SH,,,,,,,,,,,,,84.19,56.13,,,,,0.0,0.0,2.0
20260428,688203.SH,,,,,,,,,,,,,15.64,10.42,,,,,0.0,0.0,2.0
20260428,688205.SH,,,,,,,,,,,,,283.88,189.26,,,,,0.0,0.0,2.0
20260428,688206.SH,,,,,,,,,,,,,41.75,27.83,,,,,0.0,0.0,2.0
20260428,688207.SH,,,,,,,,,,,,,17.82,11.88,,,,,0.0,0.0,2.0
20260428,688208.SH,,,,,,,,,,,,,42.12,28.08,,,,,0.0,0.0,2.0
20260428,688209.SH,,,,,,,,,,,,,28.5,19.0,,,,,0.0,0.0,2.0
20260428,688210.SH,,,,,,,,,,,,,54.59,36.39,,,,,0.0,0.0,2.0
20260428,688211.SH,,,,,,,,,,,,,40.4,26.94,,,,,0.0,0.0,2.0
20260428,688212.SH,,,,,,,,,,,,,45.41,30.27,,,,,0.0,0.0,2.0
20260428,688213.SH,,,,,,,,,,,,,116.33,77.55,,,,,0.0,0.0,2.0
20260428,688215.SH,,,,,,,,,,,,,95.16,63.44,,,,,0.0,0.0,2.0
20260428,688216.SH,,,,,,,,,,,,,35.69,23.79,,,,,0.0,0.0,2.0
20260428,688217.SH,,,,,,,,,,,,,34.51,23.01,,,,,0.0,0.0,2.0
20260428,688218.SH,,,,,,,,,,,,,36.73,24.49,,,,,0.0,0.0,2.0
20260428,688219.SH,,,,,,,,,,,,,13.19,8.79,,,,,0.0,0.0,2.0
20260428,688220.SH,,,,,,,,,,,,,111.94,74.62,,,,,0.0,0.0,2.0
20260428,688221.SH,,,,,,,,,,,,,27.29,18.19,,,,,0.0,0.0,2.0
20260428,688222.SH,,,,,,,,,,,,,31.92,21.28,,,,,0.0,0.0,2.0
20260428,688223.SH,,,,,,,,,,,,,7.7,5.14,,,,,0.0,0.0,2.0
20260428,688225.SH,,,,,,,,,,,,,20.28,13.52,,,,,0.0,0.0,2.0
20260428,688226.SH,,,,,,,,,,,,,67.97,45.31,,,,,0.0,0.0,2.0
20260428,688227.SH,,,,,,,,,,,,,147.29,98.19,,,,,0.0,0.0,2.0
20260428,688228.SH,,,,,,,,,,,,,125.8,83.86,,,,,0.0,0.0,2.0
20260428,688229.SH,,,,,,,,,,,,,107.82,71.88,,,,,0.0,0.0,2.0
20260428,688230.SH,,,,,,,,,,,,,81.82,54.54,,,,,0.0,0.0,2.0
20260428,688231.SH,,,,,,,,,,,,,43.19,28.79,,,,,0.0,0.0,2.0
20260428,688232.SH,,,,,,,,,,,,,26.42,17.62,,,,,0.0,0.0,2.0
20260428,688233.SH,,,,,,,,,,,,,84.47,56.31,,,,,0.0,0.0,2.0
20260428,688234.SH,,,,,,,,,,,,,129.24,86.16,,,,,0.0,0.0,2.0
20260428,688235.SH,,,,,,,,,,,,,282.0,188.0,,,,,0.0,0.0,2.0
20260428,688236.SH,,,,,,,,,,,,,23.62,15.74,,,,,0.0,0.0,2.0
20260428,688237.SH,,,,,,,,,,,,,66.82,44.54,,,,,0.0,0.0,2.0
20260428,688238.SH,,,,,,,,,,,,,8.29,5.53,,,,,0.0,0.0,2.0
20260428,688239.SH,,,,,,,,,,,,,72.53,48.35,,,,,0.0,0.0,2.0
20260428,688244.SH,,,,,,,,,,,,,23.48,15.66,,,,,0.0,0.0,2.0
20260428,688246.SH,,,,,,,,,,,,,23.22,15.48,,,,,0.0,0.0,2.0
20260428,688247.SH,,,,,,,,,,,,,10.99,7.33,,,,,0.0,0.0,2.0
20260428,688248.SH,,,,,,,,,,,,,66.55,44.37,,,,,0.0,0.0,2.0
20260428,688249.SH,,,,,,,,,,,,,38.4,25.6,,,,,0.0,0.0,2.0
20260428,688251.SH,,,,,,,,,,,,,41.4,27.6,,,,,0.0,0.0,2.0
20260428,688252.SH,,,,,,,,,,,,,27.84,18.56,,,,,0.0,0.0,2.0
20260428,688253.SH,,,,,,,,,,,,,55.2,36.8,,,,,0.0,0.0,2.0
20260428,688255.SH,,,,,,,,,,,,,36.17,24.11,,,,,0.0,0.0,2.0
20260428,688256.SH,,,,,,,,,,,,,1628.06,1085.38,,,,,0.0,0.0,2.0
20260428,688257.SH,,,,,,,,,,,,,88.2,58.8,,,,,0.0,0.0,2.0
20260428,688258.SH,,,,,,,,,,,,,157.14,104.76,,,,,0.0,0.0,2.0
20260428,688259.SH,,,,,,,,,,,,,45.31,30.21,,,,,0.0,0.0,2.0
20260428,688260.SH,,,,,,,,,,,,,39.77,26.51,,,,,0.0,0.0,2.0
20260428,688261.SH,,,,,,,,,,,,,89.36,59.58,,,,,0.0,0.0,2.0
20260428,688262.SH,,,,,,,,,,,,,44.15,29.43,,,,,0.0,0.0,2.0
20260428,688265.SH,,,,,,,,,,,,,49.32,32.88,,,,,0.0,0.0,2.0
20260428,688266.SH,,,,,,,,,,,,,120.0,80.0,,,,,0.0,0.0,2.0
20260428,688267.SH,,,,,,,,,,,,,35.83,23.89,,,,,0.0,0.0,2.0
20260428,688268.SH,,,,,,,,,,,,,218.4,145.6,,,,,0.0,0.0,2.0
20260428,688269.SH,,,,,,,,,,,,,49.26,32.84,,,,,0.0,0.0,2.0
20260428,688270.SH,,,,,,,,,,,,,173.87,115.91,,,,,0.0,0.0,2.0
20260428,688271.SH,,,,,,,,,,,,,138.0,92.0,,,,,0.0,0.0,2.0
20260428,688272.SH,,,,,,,,,,,,,49.66,33.1,,,,,0.0,0.0,2.0
20260428,688273.SH,,,,,,,,,,,,,56.04,37.36,,,,,0.0,0.0,2.0
20260428,688275.SH,,,,,,,,,,,,,174.29,116.19,,,,,0.0,0.0,2.0
20260428,688276.SH,,,,,,,,,,,,,21.76,14.5,,,,,0.0,0.0,2.0
20260428,688277.SH,,,,,,,,,,,,,24.06,16.04,,,,,0.0,0.0,2.0
20260428,688278.SH,,,,,,,,,,,,,69.6,46.4,,,,,0.0,0.0,2.0
20260428,688279.SH,,,,,,,,,,,,,245.63,163.75,,,,,0.0,0.0,2.0
20260428,688280.SH,,,,,,,,,,,,,13.13,8.75,,,,,0.0,0.0,2.0
20260428,688281.SH,,,,,,,,,,,,,89.98,59.98,,,,,0.0,0.0,2.0
20260428,688282.SH,,,,,,,,,,,,,97.2,64.8,,,,,0.0,0.0,2.0
20260428,688283.SH,,,,,,,,,,,,,56.36,37.58,,,,,0.0,0.0,2.0
20260428,688285.SH,,,,,,,,,,,,,10.97,7.31,,,,,0.0,0.0,2.0
20260428,688286.SH,,,,,,,,,,,,,86.82,57.88,,,,,0.0,0.0,2.0
20260428,688287.SH,,,,,,,,,,,,,1.39,0.93,,,,,0.0,0.0,2.0
20260428,688288.SH,,,,,,,,,,,,,32.74,21.82,,,,,0.0,0.0,2.0
20260428,688289.SH,,,,,,,,,,,,,20.56,13.7,,,,,0.0,0.0,2.0
20260428,688290.SH,,,,,,,,,,,,,67.26,44.84,,,,,0.0,0.0,2.0
20260428,688291.SH,,,,,,,,,,,,,51.29,34.19,,,,,0.0,0.0,2.0
20260428,688292.SH,,,,,,,,,,,,,28.02,18.68,,,,,0.0,0.0,2.0
20260428,688293.SH,,,,,,,,,,,,,59.77,39.85,,,,,0.0,0.0,2.0
20260428,688295.SH,,,,,,,,,,,,,70.7,47.14,,,,,0.0,0.0,2.0
20260428,688296.SH,,,,,,,,,,,,,17.35,11.57,,,,,0.0,0.0,2.0
20260428,688297.SH,,,,,,,,,,,,,55.78,37.18,,,,,0.0,0.0,2.0
20260428,688298.SH,,,,,,,,,,,,,26.29,17.53,,,,,0.0,0.0,2.0
20260428,688299.SH,,,,,,,,,,,,,20.65,13.77,,,,,0.0,0.0,2.0
20260428,688300.SH,,,,,,,,,,,,,107.56,71.7,,,,,0.0,0.0,2.0
20260428,688301.SH,,,,,,,,,,,,,137.15,91.43,,,,,0.0,0.0,2.0
20260428,688302.SH,,,,,,,,,,,,,49.24,32.82,,,,,0.0,0.0,2.0
20260428,688303.SH,,,,,,,,,,,,,27.07,18.05,,,,,0.0,0.0,2.0
20260428,688305.SH,,,,,,,,,,,,,70.86,47.24,,,,,0.0,0.0,2.0
20260428,688306.SH,,,,,,,,,,,,,11.32,7.54,,,,,0.0,0.0,2.0
20260428,688307.SH,,,,,,,,,,,,,110.28,73.52,,,,,0.0,0.0,2.0
20260428,688308.SH,,,,,,,,,,,,,108.13,72.09,,,,,0.0,0.0,2.0
20260428,688309.SH,,,,,,,,,,,,,81.83,54.55,,,,,0.0,0.0,2.0
20260428,688310.SH,,,,,,,,,,,,,20.04,13.36,,,,,0.0,0.0,2.0
20260428,688311.SH,,,,,,,,,,,,,45.98,30.66,,,,,0.0,0.0,2.0
20260428,688312.SH,,,,,,,,,,,,,82.75,55.17,,,,,0.0,0.0,2.0
20260428,688313.SH,,,,,,,,,,,,,174.31,116.21,,,,,0.0,0.0,2.0
20260428,688314.SH,,,,,,,,,,,,,53.92,35.94,,,,,0.0,0.0,2.0
20260428,688315.SH,,,,,,,,,,,,,17.47,11.65,,,,,0.0,0.0,2.0
20260428,688316.SH,,,,,,,,,,,,,87.54,58.36,,,,,0.0,0.0,2.0
20260428,688317.SH,,,,,,,,,,,,,24.07,16.05,,,,,0.0,0.0,2.0
20260428,688318.SH,,,,,,,,,,,,,133.31,88.87,,,,,0.0,0.0,2.0
20260428,688319.SH,,,,,,,,,,,,,34.56,23.04,,,,,0.0,0.0,2.0
20260428,688320.SH,,,,,,,,,,,,,38.99,25.99,,,,,0.0,0.0,2.0
20260428,688321.SH,,,,,,,,,,,,,35.89,23.93,,,,,0.0,0.0,2.0
20260428,688322.SH,,,,,,,,,,,,,94.8,63.2,,,,,0.0,0.0,2.0
20260428,688323.SH,,,,,,,,,,,,,28.7,19.14,,,,,0.0,0.0,2.0
20260428,688325.SH,,,,,,,,,,,,,147.36,98.24,,,,,0.0,0.0,2.0
20260428,688326.SH,,,,,,,,,,,,,115.94,77.3,,,,,0.0,0.0,2.0
20260428,688327.SH,,,,,,,,,,,,,16.22,10.82,,,,,0.0,0.0,2.0
20260428,688328.SH,,,,,,,,,,,,,51.7,34.46,,,,,0.0,0.0,2.0
20260428,688329.SH,,,,,,,,,,,,,25.92,17.28,,,,,0.0,0.0,2.0
20260428,688330.SH,,,,,,,,,,,,,55.39,36.93,,,,,0.0,0.0,2.0
20260428,688331.SH,,,,,,,,,,,,,162.06,108.04,,,,,0.0,0.0,2.0
20260428,688332.SH,,,,,,,,,,,,,154.72,103.14,,,,,0.0,0.0,2.0
20260428,688333.SH,,,,,,,,,,,,,102.48,68.32,,,,,0.0,0.0,2.0
20260428,688334.SH,,,,,,,,,,,,,25.25,16.83,,,,,0.0,0.0,2.0
20260428,688335.SH,,,,,,,,,,,,,40.31,26.87,,,,,0.0,0.0,2.0
20260428,688336.SH,,,,,,,,,,,,,91.5,61.0,,,,,0.0,0.0,2.0
20260428,688337.SH,,,,,,,,,,,,,78.79,52.53,,,,,0.0,0.0,2.0
20260428,688338.SH,,,,,,,,,,,,,37.36,24.9,,,,,0.0,0.0,2.0
20260428,688339.SH,,,,,,,,,,,,,29.84,19.9,,,,,0.0,0.0,2.0
20260428,688343.SH,,,,,,,,,,,,,106.44,70.96,,,,,0.0,0.0,2.0
20260428,688345.SH,,,,,,,,,,,,,64.22,42.82,,,,,0.0,0.0,2.0
20260428,688347.SH,,,,,,,,,,,,,171.72,114.48,,,,,0.0,0.0,2.0
20260428,688348.SH,,,,,,,,,,,,,61.26,40.84,,,,,0.0,0.0,2.0
20260428,688349.SH,,,,,,,,,,,,,29.14,19.42,,,,,0.0,0.0,2.0
20260428,688350.SH,,,,,,,,,,,,,37.58,25.06,,,,,0.0,0.0,2.0
20260428,688351.SH,,,,,,,,,,,,,27.77,18.51,,,,,0.0,0.0,2.0
20260428,688352.SH,,,,,,,,,,,,,15.62,10.42,,,,,0.0,0.0,2.0
20260428,688353.SH,,,,,,,,,,,,,145.21,96.81,,,,,0.0,0.0,2.0
20260428,688355.SH,,,,,,,,,,,,,27.1,18.06,,,,,0.0,0.0,2.0
20260428,688356.SH,,,,,,,,,,,,,126.07,84.05,,,,,0.0,0.0,2.0
20260428,688357.SH,,,,,,,,,,,,,46.3,30.86,,,,,0.0,0.0,2.0
20260428,688358.SH,,,,,,,,,,,,,35.18,23.46,,,,,0.0,0.0,2.0
20260428,688359.SH,,,,,,,,,,,,,115.92,77.28,,,,,0.0,0.0,2.0
20260428,688360.SH,,,,,,,,,,,,,22.1,14.74,,,,,0.0,0.0,2.0
20260428,688361.SH,,,,,,,,,,,,,221.48,147.66,,,,,0.0,0.0,2.0
20260428,688362.SH,,,,,,,,,,,,,58.56,39.04,,,,,0.0,0.0,2.0
20260428,688363.SH,,,,,,,,,,,,,52.24,34.82,,,,,0.0,0.0,2.0
20260428,688365.SH,,,,,,,,,,,,,24.06,16.04,,,,,0.0,0.0,2.0
20260428,688366.SH,,,,,,,,,,,,,47.36,31.58,,,,,0.0,0.0,2.0
20260428,688367.SH,,,,,,,,,,,,,46.25,30.83,,,,,0.0,0.0,2.0
20260428,688368.SH,,,,,,,,,,,,,186.12,124.08,,,,,0.0,0.0,2.0
20260428,688369.SH,,,,,,,,,,,,,29.24,19.5,,,,,0.0,0.0,2.0
20260428,688370.SH,,,,,,,,,,,,,29.93,19.95,,,,,0.0,0.0,2.0
20260428,688371.SH,,,,,,,,,,,,,26.16,17.44,,,,,0.0,0.0,2.0
20260428,688372.SH,,,,,,,,,,,,,182.22,121.48,,,,,0.0,0.0,2.0
20260428,688373.SH,,,,,,,,,,,,,7.27,4.85,,,,,0.0,0.0,2.0
20260428,688375.SH,,,,,,,,,,,,,151.16,100.78,,,,,0.0,0.0,2.0
20260428,688376.SH,,,,,,,,,,,,,77.58,51.72,,,,,0.0,0.0,2.0
20260428,688377.SH,,,,,,,,,,,,,45.76,30.5,,,,,0.0,0.0,2.0
20260428,688378.SH,,,,,,,,,,,,,52.38,34.92,,,,,0.0,0.0,2.0
20260428,688379.SH,,,,,,,,,,,,,79.24,52.82,,,,,0.0,0.0,2.0
20260428,688380.SH,,,,,,,,,,,,,57.36,38.24,,,,,0.0,0.0,2.0
20260428,688381.SH,,,,,,,,,,,,,42.25,28.17,,,,,0.0,0.0,2.0
20260428,688382.SH,,,,,,,,,,,,,27.54,18.36,,,,,0.0,0.0,2.0
20260428,688383.SH,,,,,,,,,,,,,121.42,80.94,,,,,0.0,0.0,2.0
20260428,688385.SH,,,,,,,,,,,,,86.62,57.74,,,,,0.0,0.0,2.0
20260428,688386.SH,,,,,,,,,,,,,98.57,65.71,,,,,0.0,0.0,2.0
20260428,688387.SH,,,,,,,,,,,,,20.64,13.76,,,,,0.0,0.0,2.0
20260428,688388.SH,,,,,,,,,,,,,57.8,38.54,,,,,0.0,0.0,2.0
20260428,688389.SH,,,,,,,,,,,,,15.48,10.32,,,,,0.0,0.0,2.0
20260428,688390.SH,,,,,,,,,,,,,102.59,68.39,,,,,0.0,0.0,2.0
20260428,688391.SH,,,,,,,,,,,,,37.32,24.88,,,,,0.0,0.0,2.0
20260428,688392.SH,,,,,,,,,,,,,167.41,111.61,,,,,0.0,0.0,2.0
20260428,688393.SH,,,,,,,,,,,,,28.76,19.18,,,,,0.0,0.0,2.0
20260428,688395.SH,,,,,,,,,,,,,34.04,22.7,,,,,0.0,0.0,2.0
20260428,688396.SH,,,,,,,,,,,,,66.19,44.13,,,,,0.0,0.0,2.0
20260428,688398.SH,,,,,,,,,,,,,38.64,25.76,,,,,0.0,0.0,2.0
20260428,688399.SH,,,,,,,,,,,,,75.01,50.01,,,,,0.0,0.0,2.0
20260428,688400.SH,,,,,,,,,,,,,56.16,37.44,,,,,0.0,0.0,2.0
20260428,688401.SH,,,,,,,,,,,,,77.04,51.36,,,,,0.0,0.0,2.0
20260428,688403.SH,,,,,,,,,,,,,20.22,13.48,,,,,0.0,0.0,2.0
20260428,688408.SH,,,,,,,,,,,,,50.34,33.56,,,,,0.0,0.0,2.0
20260428,688409.SH,,,,,,,,,,,,,144.5,96.34,,,,,0.0,0.0,2.0
20260428,688410.SH,,,,,,,,,,,,,19.13,12.75,,,,,0.0,0.0,2.0
20260428,688411.SH,,,,,,,,,,,,,272.27,181.51,,,,,0.0,0.0,2.0
20260428,688416.SH,,,,,,,,,,,,,114.22,76.14,,,,,0.0,0.0,2.0
20260428,688418.SH,,,,,,,,,,,,,53.62,35.74,,,,,0.0,0.0,2.0
20260428,688419.SH,,,,,,,,,,,,,53.4,35.6,,,,,0.0,0.0,2.0
20260428,688420.SH,,,,,,,,,,,,,30.98,20.66,,,,,0.0,0.0,2.0
20260428,688425.SH,,,,,,,,,,,,,5.74,3.82,,,,,0.0,0.0,2.0
20260428,688426.SH,,,,,,,,,,,,,24.06,16.04,,,,,0.0,0.0,2.0
20260428,688428.SH,,,,,,,,,,,,,33.49,22.33,,,,,0.0,0.0,2.0
20260428,688429.SH,,,,,,,,,,,,,16.87,11.25,,,,,0.0,0.0,2.0
20260428,688432.SH,,,,,,,,,,,,,19.04,12.7,,,,,0.0,0.0,2.0
20260428,688433.SH,,,,,,,,,,,,,98.04,65.36,,,,,0.0,0.0,2.0
20260428,688435.SH,,,,,,,,,,,,,49.34,32.9,,,,,0.0,0.0,2.0
20260428,688439.SH,,,,,,,,,,,,,63.12,42.08,,,,,0.0,0.0,2.0
20260428,688443.SH,,,,,,,,,,,,,37.66,25.1,,,,,0.0,0.0,2.0
20260428,688448.SH,,,,,,,,,,,,,77.57,51.71,,,,,0.0,0.0,2.0
20260428,688449.SH,,,,,,,,,,,,,58.02,38.68,,,,,0.0,0.0,2.0
20260428,688450.SH,,,,,,,,,,,,,55.76,37.18,,,,,0.0,0.0,2.0
20260428,688455.SH,,,,,,,,,,,,,25.64,17.1,,,,,0.0,0.0,2.0
20260428,688456.SH,,,,,,,,,,,,,77.3,51.54,,,,,0.0,0.0,2.0
20260428,688458.SH,,,,,,,,,,,,,45.43,30.29,,,,,0.0,0.0,2.0
20260428,688459.SH,,,,,,,,,,,,,11.11,7.41,,,,,0.0,0.0,2.0
20260428,688466.SH,,,,,,,,,,,,,21.02,14.02,,,,,0.0,0.0,2.0
20260428,688468.SH,,,,,,,,,,,,,8.77,5.85,,,,,0.0,0.0,2.0
20260428,688469.SH,,,,,,,,,,,,,8.27,5.51,,,,,0.0,0.0,2.0
20260428,688472.SH,,,,,,,,,,,,,15.32,10.22,,,,,0.0,0.0,2.0
20260428,688475.SH,,,,,,,,,,,,,36.9,24.6,,,,,0.0,0.0,2.0
20260428,688478.SH,,,,,,,,,,,,,53.76,35.84,,,,,0.0,0.0,2.0
20260428,688479.SH,,,,,,,,,,,,,44.02,29.34,,,,,0.0,0.0,2.0
20260428,688480.SH,,,,,,,,,,,,,109.99,73.33,,,,,0.0,0.0,2.0
20260428,688484.SH,,,,,,,,,,,,,46.93,31.29,,,,,0.0,0.0,2.0
20260428,688485.SH,,,,,,,,,,,,,57.6,38.4,,,,,0.0,0.0,2.0
20260428,688486.SH,,,,,,,,,,,,,93.6,62.4,,,,,0.0,0.0,2.0
20260428,688488.SH,,,,,,,,,,,,,21.19,14.13,,,,,0.0,0.0,2.0
20260428,688489.SH,,,,,,,,,,,,,47.52,31.68,,,,,0.0,0.0,2.0
20260428,688496.SH,,,,,,,,,,,,,6.76,4.5,,,,,0.0,0.0,2.0
20260428,688498.SH,,,,,,,,,,,,,1701.6,1134.4,,,,,0.0,0.0,2.0
20260428,688499.SH,,,,,,,,,,,,,66.32,44.22,,,,,0.0,0.0,2.0
20260428,688500.SH,,,,,,,,,,,,,57.6,38.4,,,,,0.0,0.0,2.0
20260428,688501.SH,,,,,,,,,,,,,30.07,20.05,,,,,0.0,0.0,2.0
20260428,688502.SH,,,,,,,,,,,,,557.28,371.52,,,,,0.0,0.0,2.0
20260428,688503.SH,,,,,,,,,,,,,119.89,79.93,,,,,0.0,0.0,2.0
20260428,688505.SH,,,,,,,,,,,,,9.37,6.25,,,,,0.0,0.0,2.0
20260428,688506.SH,,,,,,,,,,,,,341.42,227.62,,,,,0.0,0.0,2.0
20260428,688507.SH,,,,,,,,,,,,,110.71,73.81,,,,,0.0,0.0,2.0
20260428,688508.SH,,,,,,,,,,,,,91.44,60.96,,,,,0.0,0.0,2.0
20260428,688509.SH,,,,,,,,,,,,,5.4,3.6,,,,,0.0,0.0,2.0
20260428,688510.SH,,,,,,,,,,,,,39.65,26.43,,,,,0.0,0.0,2.0
20260428,688511.SH,,,,,,,,,,,,,29.86,19.9,,,,,0.0,0.0,2.0
20260428,688512.SH,,,,,,,,,,,,,15.24,10.16,,,,,0.0,0.0,2.0
20260428,688513.SH,,,,,,,,,,,,,79.14,52.76,,,,,0.0,0.0,2.0
20260428,688515.SH,,,,,,,,,,,,,162.04,108.02,,,,,0.0,0.0,2.0
20260428,688516.SH,,,,,,,,,,,,,95.32,63.54,,,,,0.0,0.0,2.0
20260428,688517.SH,,,,,,,,,,,,,25.32,16.88,,,,,0.0,0.0,2.0
20260428,688518.SH,,,,,,,,,,,,,33.8,22.54,,,,,0.0,0.0,2.0
20260428,688519.SH,,,,,,,,,,,,,206.52,137.68,,,,,0.0,0.0,2.0
20260428,688520.SH,,,,,,,,,,,,,49.78,33.18,,,,,0.0,0.0,2.0
20260428,688521.SH,,,,,,,,,,,,,290.45,193.63,,,,,0.0,0.0,2.0
20260428,688522.SH,,,,,,,,,,,,,42.22,28.14,,,,,0.0,0.0,2.0
20260428,688523.SH,,,,,,,,,,,,,77.0,51.34,,,,,0.0,0.0,2.0
20260428,688525.SH,,,,,,,,,,,,,317.58,211.72,,,,,0.0,0.0,2.0
20260428,688526.SH,,,,,,,,,,,,,17.56,11.7,,,,,0.0,0.0,2.0
20260428,688528.SH,,,,,,,,,,,,,13.84,9.22,,,,,0.0,0.0,2.0
20260428,688529.SH,,,,,,,,,,,,,23.82,15.88,,,,,0.0,0.0,2.0
20260428,688530.SH,,,,,,,,,,,,,55.44,36.96,,,,,0.0,0.0,2.0
20260428,688533.SH,,,,,,,,,,,,,32.27,21.51,,,,,0.0,0.0,2.0
20260428,688535.SH,,,,,,,,,,,,,155.28,103.52,,,,,0.0,0.0,2.0
20260428,688536.SH,,,,,,,,,,,,,265.58,177.06,,,,,0.0,0.0,2.0
20260428,688538.SH,,,,,,,,,,,,,2.66,1.78,,,,,0.0,0.0,2.0
20260428,688539.SH,,,,,,,,,,,,,44.94,29.96,,,,,0.0,0.0,2.0
20260428,688543.SH,,,,,,,,,,,,,81.06,54.04,,,,,0.0,0.0,2.0
20260428,688545.SH,,,,,,,,,,,,,64.93,43.29,,,,,0.0,0.0,2.0
20260428,688548.SH,,,,,,,,,,,,,38.15,25.43,,,,,0.0,0.0,2.0
20260428,688549.SH,,,,,,,,,,,,,12.4,8.26,,,,,0.0,0.0,2.0
20260428,688550.SH,,,,,,,,,,,,,48.02,32.02,,,,,0.0,0.0,2.0
20260428,688551.SH,,,,,,,,,,,,,54.77,36.51,,,,,0.0,0.0,2.0
20260428,688552.SH,,,,,,,,,,,,,51.62,34.42,,,,,0.0,0.0,2.0
20260428,688553.SH,,,,,,,,,,,,,23.86,15.9,,,,,0.0,0.0,2.0
20260428,688556.SH,,,,,,,,,,,,,15.74,10.5,,,,,0.0,0.0,2.0
20260428,688557.SH,,,,,,,,,,,,,42.29,28.19,,,,,0.0,0.0,2.0
20260428,688558.SH,,,,,,,,,,,,,42.55,28.37,,,,,0.0,0.0,2.0
20260428,688559.SH,,,,,,,,,,,,,72.16,48.1,,,,,0.0,0.0,2.0
20260428,688560.SH,,,,,,,,,,,,,19.93,13.29,,,,,0.0,0.0,2.0
20260428,688561.SH,,,,,,,,,,,,,36.78,24.52,,,,,0.0,0.0,2.0
20260428,688562.SH,,,,,,,,,,,,,23.34,15.56,,,,,0.0,0.0,2.0
20260428,688563.SH,,,,,,,,,,,,,69.71,46.47,,,,,0.0,0.0,2.0
20260428,688565.SH,,,,,,,,,,,,,15.12,10.08,,,,,0.0,0.0,2.0
20260428,688566.SH,,,,,,,,,,,,,34.52,23.02,,,,,0.0,0.0,2.0
20260428,688567.SH,,,,,,,,,,,,,16.31,10.87,,,,,0.0,0.0,2.0
20260428,688568.SH,,,,,,,,,,,,,66.61,44.41,,,,,0.0,0.0,2.0
20260428,688569.SH,,,,,,,,,,,,,24.05,16.03,,,,,0.0,0.0,2.0
20260428,688570.SH,,,,,,,,,,,,,21.46,14.3,,,,,0.0,0.0,2.0
20260428,688571.SH,,,,,,,,,,,,,9.71,6.47,,,,,0.0,0.0,2.0
20260428,688573.SH,,,,,,,,,,,,,26.32,17.54,,,,,0.0,0.0,2.0
20260428,688575.SH,,,,,,,,,,,,,16.68,11.12,,,,,0.0,0.0,2.0
20260428,688576.SH,,,,,,,,,,,,,83.88,55.92,,,,,0.0,0.0,2.0
20260428,688577.SH,,,,,,,,,,,,,83.1,55.4,,,,,0.0,0.0,2.0
20260428,688578.SH,,,,,,,,,,,,,109.42,72.94,,,,,0.0,0.0,2.0
20260428,688579.SH,,,,,,,,,,,,,13.1,8.74,,,,,0.0,0.0,2.0
20260428,688580.SH,,,,,,,,,,,,,74.02,49.34,,,,,0.0,0.0,2.0
20260428,688581.SH,,,,,,,,,,,,,70.26,46.84,,,,,0.0,0.0,2.0
20260428,688582.SH,,,,,,,,,,,,,64.03,42.69,,,,,0.0,0.0,2.0
20260428,688583.SH,,,,,,,,,,,,,139.82,93.22,,,,,0.0,0.0,2.0
20260428,688584.SH,,,,,,,,,,,,,25.24,16.82,,,,,0.0,0.0,2.0
20260428,688585.SH,,,,,,,,,,,,,140.44,93.62,,,,,0.0,0.0,2.0
20260428,688586.SH,,,,,,,,,,,,,15.6,10.4,,,,,0.0,0.0,2.0
20260428,688588.SH,,,,,,,,,,,,,14.47,9.65,,,,,0.0,0.0,2.0
20260428,688589.SH,,,,,,,,,,,,,27.16,18.1,,,,,0.0,0.0,2.0
20260428,688590.SH,,,,,,,,,,,,,17.3,11.54,,,,,0.0,0.0,2.0
20260428,688591.SH,,,,,,,,,,,,,42.2,28.14,,,,,0.0,0.0,2.0
20260428,688592.SH,,,,,,,,,,,,,56.14,37.42,,,,,0.0,0.0,2.0
20260428,688593.SH,,,,,,,,,,,,,41.11,27.41,,,,,0.0,0.0,2.0
20260428,688595.SH,,,,,,,,,,,,,43.2,28.8,,,,,0.0,0.0,2.0
20260428,688596.SH,,,,,,,,,,,,,40.08,26.72,,,,,0.0,0.0,2.0
20260428,688597.SH,,,,,,,,,,,,,10.27,6.85,,,,,0.0,0.0,2.0
20260428,688598.SH,,,,,,,,,,,,,29.83,19.89,,,,,0.0,0.0,2.0
20260428,688599.SH,,,,,,,,,,,,,19.46,12.98,,,,,0.0,0.0,2.0
20260428,688600.SH,,,,,,,,,,,,,35.32,23.54,,,,,0.0,0.0,2.0
20260428,688601.SH,,,,,,,,,,,,,61.43,40.95,,,,,0.0,0.0,2.0
20260428,688602.SH,,,,,,,,,,,,,9.61,6.41,,,,,0.0,0.0,2.0
20260428,688603.SH,,,,,,,,,,,,,113.5,75.66,,,,,0.0,0.0,2.0
20260428,688605.SH,,,,,,,,,,,,,80.94,53.96,,,,,0.0,0.0,2.0
20260428,688606.SH,,,,,,,,,,,,,65.0,43.34,,,,,0.0,0.0,2.0
20260428,688607.SH,,,,,,,,,,,,,78.8,52.54,,,,,0.0,0.0,2.0
20260428,688608.SH,,,,,,,,,,,,,213.44,142.3,,,,,0.0,0.0,2.0
20260428,688609.SH,,,,,,,,,,,,,12.06,8.04,,,,,0.0,0.0,2.0
20260428,688610.SH,,,,,,,,,,,,,148.68,99.12,,,,,0.0,0.0,2.0
20260428,688611.SH,,,,,,,,,,,,,78.84,52.56,,,,,0.0,0.0,2.0
20260428,688612.SH,,,,,,,,,,,,,39.85,26.57,,,,,0.0,0.0,2.0
20260428,688613.SH,,,,,,,,,,,,,24.26,16.18,,,,,0.0,0.0,2.0
20260428,688615.SH,,,,,,,,,,,,,153.6,102.4,,,,,0.0,0.0,2.0
20260428,688616.SH,,,,,,,,,,,,,16.69,11.13,,,,,0.0,0.0,2.0
20260428,688617.SH,,,,,,,,,,,,,298.48,198.98,,,,,0.0,0.0,2.0
20260428,688618.SH,,,,,,,,,,,,,45.72,30.48,,,,,0.0,0.0,2.0
20260428,688619.SH,,,,,,,,,,,,,19.21,12.81,,,,,0.0,0.0,2.0
20260428,688620.SH,,,,,,,,,,,,,15.71,10.47,,,,,0.0,0.0,2.0
20260428,688621.SH,,,,,,,,,,,,,69.5,46.34,,,,,0.0,0.0,2.0
20260428,688622.SH,,,,,,,,,,,,,96.9,64.6,,,,,0.0,0.0,2.0
20260428,688623.SH,,,,,,,,,,,,,111.36,74.24,,,,,0.0,0.0,2.0
20260428,688625.SH,,,,,,,,,,,,,85.03,56.69,,,,,0.0,0.0,2.0
20260428,688626.SH,,,,,,,,,,,,,70.3,46.86,,,,,0.0,0.0,2.0
20260428,688627.SH,,,,,,,,,,,,,341.4,227.6,,,,,0.0,0.0,2.0
20260428,688628.SH,,,,,,,,,,,,,126.12,84.08,,,,,0.0,0.0,2.0
20260428,688629.SH,,,,,,,,,,,,,163.22,108.82,,,,,0.0,0.0,2.0
20260428,688630.SH,,,,,,,,,,,,,324.0,216.0,,,,,0.0,0.0,2.0
20260428,688631.SH,,,,,,,,,,,,,68.62,45.74,,,,,0.0,0.0,2.0
20260428,688633.SH,,,,,,,,,,,,,39.22,26.14,,,,,0.0,0.0,2.0
20260428,688636.SH,,,,,,,,,,,,,54.13,36.09,,,,,0.0,0.0,2.0
20260428,688638.SH,,,,,,,,,,,,,50.52,33.68,,,,,0.0,0.0,2.0
20260428,688639.SH,,,,,,,,,,,,,33.61,22.41,,,,,0.0,0.0,2.0
20260428,688646.SH,,,,,,,,,,,,,68.58,45.72,,,,,0.0,0.0,2.0
20260428,688648.SH,,,,,,,,,,,,,65.92,43.94,,,,,0.0,0.0,2.0
20260428,688651.SH,,,,,,,,,,,,,45.46,30.3,,,,,0.0,0.0,2.0
20260428,688652.SH,,,,,,,,,,,,,136.8,91.2,,,,,0.0,0.0,2.0
20260428,688653.SH,,,,,,,,,,,,,16.86,11.24,,,,,0.0,0.0,2.0
20260428,688655.SH,,,,,,,,,,,,,40.43,26.95,,,,,0.0,0.0,2.0
20260428,688656.SH,,,,,,,,,,,,,168.0,112.0,,,,,0.0,0.0,2.0
20260428,688657.SH,,,,,,,,,,,,,63.3,42.2,,,,,0.0,0.0,2.0
20260428,688658.SH,,,,,,,,,,,,,23.36,15.58,,,,,0.0,0.0,2.0
20260428,688659.SH,,,,,,,,,,,,,12.98,8.66,,,,,0.0,0.0,2.0
20260428,688660.SH,,,,,,,,,,,,,14.56,9.7,,,,,0.0,0.0,2.0
20260428,688661.SH,,,,,,,,,,,,,138.72,92.48,,,,,0.0,0.0,2.0
20260428,688662.SH,,,,,,,,,,,,,85.02,56.68,,,,,0.0,0.0,2.0
20260428,688663.SH,,,,,,,,,,,,,79.45,52.97,,,,,0.0,0.0,2.0
20260428,688665.SH,,,,,,,,,,,,,58.56,39.04,,,,,0.0,0.0,2.0
20260428,688667.SH,,,,,,,,,,,,,189.6,126.4,,,,,0.0,0.0,2.0
20260428,688668.SH,,,,,,,,,,,,,282.97,188.65,,,,,0.0,0.0,2.0
20260428,688669.SH,,,,,,,,,,,,,31.86,21.24,,,,,0.0,0.0,2.0
20260428,688670.SH,,,,,,,,,,,,,21.35,14.23,,,,,0.0,0.0,2.0
20260428,688671.SH,,,,,,,,,,,,,26.94,17.96,,,,,0.0,0.0,2.0
20260428,688676.SH,,,,,,,,,,,,,108.04,72.02,,,,,0.0,0.0,2.0
20260428,688677.SH,,,,,,,,,,,,,142.51,95.01,,,,,0.0,0.0,2.0
20260428,688678.SH,,,,,,,,,,,,,27.97,18.65,,,,,0.0,0.0,2.0
20260428,688679.SH,,,,,,,,,,,,,66.11,44.07,,,,,0.0,0.0,2.0
20260428,688680.SH,,,,,,,,,,,,,58.2,38.8,,,,,0.0,0.0,2.0
20260428,688681.SH,,,,,,,,,,,,,23.3,15.54,,,,,0.0,0.0,2.0
20260428,688682.SH,,,,,,,,,,,,,56.32,37.54,,,,,0.0,0.0,2.0
20260428,688683.SH,,,,,,,,,,,,,54.22,36.14,,,,,0.0,0.0,2.0
20260428,688685.SH,,,,,,,,,,,,,55.34,36.9,,,,,0.0,0.0,2.0
20260428,688686.SH,,,,,,,,,,,,,128.16,85.44,,,,,0.0,0.0,2.0
20260428,688687.SH,,,,,,,,,,,,,24.66,16.44,,,,,0.0,0.0,2.0
20260428,688689.SH,,,,,,,,,,,,,47.59,31.73,,,,,0.0,0.0,2.0
20260428,688690.SH,,,,,,,,,,,,,39.77,26.51,,,,,0.0,0.0,2.0
20260428,688691.SH,,,,,,,,,,,,,136.8,91.2,,,,,0.0,0.0,2.0
20260428,688692.SH,,,,,,,,,,,,,313.2,208.8,,,,,0.0,0.0,2.0
20260428,688693.SH,,,,,,,,,,,,,115.19,76.79,,,,,0.0,0.0,2.0
20260428,688695.SH,,,,,,,,,,,,,29.2,19.46,,,,,0.0,0.0,2.0
20260428,688696.SH,,,,,,,,,,,,,109.68,73.12,,,,,0.0,0.0,2.0
20260428,688697.SH,,,,,,,,,,,,,20.12,13.42,,,,,0.0,0.0,2.0
20260428,688698.SH,,,,,,,,,,,,,80.21,53.47,,,,,0.0,0.0,2.0
20260428,688699.SH,,,,,,,,,,,,,56.06,37.38,,,,,0.0,0.0,2.0
20260428,688700.SH,,,,,,,,,,,,,79.82,53.22,,,,,0.0,0.0,2.0
20260428,688701.SH,,,,,,,,,,,,,11.32,7.54,,,,,0.0,0.0,2.0
20260428,688702.SH,,,,,,,,,,,,,355.74,237.16,,,,,0.0,0.0,2.0
20260428,688707.SH,,,,,,,,,,,,,19.38,12.92,,,,,0.0,0.0,2.0
20260428,688708.SH,,,,,,,,,,,,,63.59,42.39,,,,,0.0,0.0,2.0
20260428,688709.SH,,,,,,,,,,,,,51.66,34.44,,,,,0.0,0.0,2.0
20260428,688710.SH,,,,,,,,,,,,,85.08,56.72,,,,,0.0,0.0,2.0
20260428,688711.SH,,,,,,,,,,,,,33.8,22.54,,,,,0.0,0.0,2.0
20260428,688712.SH,,,,,,,,,,,,,49.55,33.03,,,,,0.0,0.0,2.0
20260428,688716.SH,,,,,,,,,,,,,39.72,26.48,,,,,0.0,0.0,2.0
20260428,688717.SH,,,,,,,,,,,,,121.58,81.06,,,,,0.0,0.0,2.0
20260428,688718.SH,,,,,,,,,,,,,19.96,13.3,,,,,0.0,0.0,2.0
20260428,688719.SH,,,,,,,,,,,,,74.12,49.42,,,,,0.0,0.0,2.0
20260428,688720.SH,,,,,,,,,,,,,95.76,63.84,,,,,0.0,0.0,2.0
20260428,688721.SH,,,,,,,,,,,,,57.76,38.5,,,,,0.0,0.0,2.0
20260428,688722.SH,,,,,,,,,,,,,21.29,14.19,,,,,0.0,0.0,2.0
20260428,688726.SH,,,,,,,,,,,,,70.6,47.06,,,,,0.0,0.0,2.0
20260428,688727.SH,,,,,,,,,,,,,61.62,41.08,,,,,0.0,0.0,2.0
20260428,688728.SH,,,,,,,,,,,,,16.24,10.82,,,,,0.0,0.0,2.0
20260428,688729.SH,,,,,,,,,,,,,28.98,19.32,,,,,0.0,0.0,2.0
20260428,688733.SH,,,,,,,,,,,,,35.28,23.52,,,,,0.0,0.0,2.0
20260428,688737.SH,,,,,,,,,,,,,36.55,24.37,,,,,0.0,0.0,2.0
20260428,688739.SH,,,,,,,,,,,,,28.4,18.94,,,,,0.0,0.0,2.0
20260428,688750.SH,,,,,,,,,,,,,22.25,14.83,,,,,0.0,0.0,2.0
20260428,688755.SH,,,,,,,,,,,,,46.86,31.24,,,,,0.0,0.0,2.0
20260428,688757.SH,,,,,,,,,,,,,32.63,21.75,,,,,0.0,0.0,2.0
20260428,688758.SH,,,,,,,,,,,,,24.13,16.09,,,,,0.0,0.0,2.0
20260428,688759.SH,,,,,,,,,,,,,41.4,27.6,,,,,0.0,0.0,2.0
20260428,688765.SH,,,,,,,,,,,,,72.53,48.35,,,,,0.0,0.0,2.0
20260428,688766.SH,,,,,,,,,,,,,314.89,209.93,,,,,0.0,0.0,2.0
20260428,688767.SH,,,,,,,,,,,,,43.32,28.88,,,,,0.0,0.0,2.0
20260428,688768.SH,,,,,,,,,,,,,54.6,36.4,,,,,0.0,0.0,2.0
20260428,688772.SH,,,,,,,,,,,,,20.04,13.36,,,,,0.0,0.0,2.0
20260428,688775.SH,,,,,,,,,,,,,234.72,156.48,,,,,0.0,0.0,2.0
20260428,688776.SH,,,,,,,,,,,,,97.22,64.82,,,,,0.0,0.0,2.0
20260428,688777.SH,,,,,,,,,,,,,89.89,59.93,,,,,0.0,0.0,2.0
20260428,688778.SH,,,,,,,,,,,,,96.73,64.49,,,,,0.0,0.0,2.0
20260428,688779.SH,,,,,,,,,,,,,13.48,8.98,,,,,0.0,0.0,2.0
20260428,688781.SH,,,,,,,,,,,,,46.94,31.3,,,,,0.0,0.0,2.0
20260428,688783.SH,,,,,,,,,,,,,27.98,18.66,,,,,0.0,0.0,2.0
20260428,688785.SH,,,,,,,,,,,,,361.79,241.19,,,,,0.0,0.0,2.0
20260428,688786.SH,,,,,,,,,,,,,39.88,26.58,,,,,0.0,0.0,2.0
20260428,688787.SH,,,,,,,,,,,,,159.97,106.65,,,,,0.0,0.0,2.0
20260428,688788.SH,,,,,,,,,,,,,65.33,43.55,,,,,0.0,0.0,2.0
20260428,688789.SH,,,,,,,,,,,,,80.14,53.42,,,,,0.0,0.0,2.0
20260428,688790.SH,,,,,,,,,,,,,167.26,111.5,,,,,0.0,0.0,2.0
20260428,688793.SH,,,,,,,,,,,,,25.8,17.2,,,,,0.0,0.0,2.0
20260428,688795.SH,,,,,,,,,,,,,827.4,551.6,,,,,0.0,0.0,2.0
20260428,688796.SH,,,,,,,,,,,,,118.43,78.95,,,,,0.0,0.0,2.0
20260428,688798.SH,,,,,,,,,,,,,86.03,57.35,,,,,0.0,0.0,2.0
20260428,688799.SH,,,,,,,,,,,,,70.78,47.18,,,,,0.0,0.0,2.0
20260428,688800.SH,,,,,,,,,,,,,109.14,72.76,,,,,0.0,0.0,2.0
20260428,688802.SH,,,,,,,,,,,,,868.94,579.3,,,,,0.0,0.0,2.0
20260428,688805.SH,,,,,,,,,,,,,61.26,40.84,,,,,0.0,0.0,2.0
20260428,688807.SH,,,,,,,,,,,,,453.6,302.4,,,,,0.0,0.0,2.0
20260428,688808.SH,,,,,,,,,,,,,99999.999,0.01,,,,,0.0,0.0,2.0
20260428,688809.SH,,,,,,,,,,,,,519.06,346.04,,,,,0.0,0.0,2.0
20260428,688811.SH,,,,,,,,,,,,,27.12,18.08,,,,,0.0,0.0,2.0
20260428,688813.SH,,,,,,,,,,,,,93.7,62.46,,,,,0.0,0.0,2.0
20260428,688816.SH,,,,,,,,,,,,,77.44,51.62,,,,,0.0,0.0,2.0
20260428,688818.SH,,,,,,,,,,,,,79.79,53.19,,,,,0.0,0.0,2.0
20260428,688819.SH,,,,,,,,,,,,,42.34,28.22,,,,,0.0,0.0,2.0
20260428,688820.SH,,,,,,,,,,,,,121.32,80.88,,,,,0.0,0.0,2.0
20260428,688981.SH,,,,,,,,,,,,,139.9,93.26,,,,,0.0,0.0,2.0
20260428,689009.SH,,,,,,,,,,,,,53.28,35.52,,,,,0.0,0.0,2.0
20260428,920000.BJ,,,,,,,,,,,,,20.6,11.1,,,,,0.0,0.0,2.0
20260428,920001.BJ,,,,,,,,,,,,,19.57,10.55,,,,,0.0,0.0,2.0
20260428,920002.BJ,,,,,,,,,,,,,108.44,58.4,,,,,0.0,0.0,2.0
20260428,920003.BJ,,,,,,,,,,,,,38.81,20.91,,,,,0.0,0.0,2.0
20260428,920005.BJ,,,,,,,,,,,,,44.98,24.22,,,,,0.0,0.0,2.0
20260428,920006.BJ,,,,,,,,,,,,,26.36,14.2,,,,,0.0,0.0,2.0
20260428,920007.BJ,,,,,,,,,,,,,71.03,38.25,,,,,0.0,0.0,2.0
20260428,920008.BJ,,,,,,,,,,,,,32.95,17.75,,,,,0.0,0.0,2.0
20260428,920009.BJ,,,,,,,,,,,,,83.57,45.01,,,,,0.0,0.0,2.0
20260428,920010.BJ,,,,,,,,,,,,,15.65,8.43,,,,,0.0,0.0,2.0
20260428,920011.BJ,,,,,,,,,,,,,32.74,17.64,,,,,0.0,0.0,2.0
20260428,920012.BJ,,,,,,,,,,,,,76.29,41.09,,,,,0.0,0.0,2.0
20260428,920014.BJ,,,,,,,,,,,,,15.75,8.49,,,,,0.0,0.0,2.0
20260428,920015.BJ,,,,,,,,,,,,,53.17,28.63,,,,,0.0,0.0,2.0
20260428,920016.BJ,,,,,,,,,,,,,21.77,11.73,,,,,0.0,0.0,2.0
20260428,920017.BJ,,,,,,,,,,,,,22.55,12.15,,,,,0.0,0.0,2.0
20260428,920018.BJ,,,,,,,,,,,,,37.31,20.09,,,,,0.0,0.0,2.0
20260428,920019.BJ,,,,,,,,,,,,,23.56,12.7,,,,,0.0,0.0,2.0
20260428,920020.BJ,,,,,,,,,,,,,20.15,10.85,,,,,0.0,0.0,2.0
20260428,920021.BJ,,,,,,,,,,,,,12.87,6.93,,,,,0.0,0.0,2.0
20260428,920022.BJ,,,,,,,,,,,,,34.45,18.55,,,,,0.0,0.0,2.0
20260428,920023.BJ,,,,,,,,,,,,,3.96,2.14,,,,,0.0,0.0,2.0
20260428,920026.BJ,,,,,,,,,,,,,48.24,25.98,,,,,0.0,0.0,2.0
20260428,920027.BJ,,,,,,,,,,,,,23.1,12.44,,,,,0.0,0.0,2.0
20260428,920028.BJ,,,,,,,,,,,,,23.15,12.47,,,,,0.0,0.0,2.0
20260428,920029.BJ,,,,,,,,,,,,,109.2,58.8,,,,,0.0,0.0,2.0
20260428,920030.BJ,,,,,,,,,,,,,7.07,3.81,,,,,0.0,0.0,2.0
20260428,920033.BJ,,,,,,,,,,,,,20.65,11.13,,,,,0.0,0.0,2.0
20260428,920035.BJ,,,,,,,,,,,,,47.08,25.36,,,,,0.0,0.0,2.0
20260428,920036.BJ,,,,,,,,,,,,,58.42,31.46,,,,,0.0,0.0,2.0
20260428,920037.BJ,,,,,,,,,,,,,98.89,53.25,,,,,0.0,0.0,2.0
20260428,920039.BJ,,,,,,,,,,,,,12.1,6.52,,,,,0.0,0.0,2.0
20260428,920045.BJ,,,,,,,,,,,,,725.37,390.59,,,,,0.0,0.0,2.0
20260428,920046.BJ,,,,,,,,,,,,,33.35,17.97,,,,,0.0,0.0,2.0
20260428,920047.BJ,,,,,,,,,,,,,34.84,18.76,,,,,0.0,0.0,2.0
20260428,920050.BJ,,,,,,,,,,,,,42.83,23.07,,,,,0.0,0.0,2.0
20260428,920055.BJ,,,,,,,,,,,,,43.04,23.18,,,,,0.0,0.0,2.0
20260428,920056.BJ,,,,,,,,,,,,,28.28,15.24,,,,,0.0,0.0,2.0
20260428,920057.BJ,,,,,,,,,,,,,7.95,4.29,,,,,0.0,0.0,2.0
20260428,920058.BJ,,,,,,,,,,,,,35.72,19.24,,,,,0.0,0.0,2.0
20260428,920060.BJ,,,,,,,,,,,,,42.83,23.07,,,,,0.0,0.0,2.0
20260428,920061.BJ,,,,,,,,,,,,,30.0,16.16,,,,,0.0,0.0,2.0
20260428,920062.BJ,,,,,,,,,,,,,13.28,7.16,,,,,0.0,0.0,2.0
20260428,920066.BJ,,,,,,,,,,,,,27.69,14.91,,,,,0.0,0.0,2.0
20260428,920068.BJ,,,,,,,,,,,,,26.45,14.25,,,,,0.0,0.0,2.0
20260428,920069.BJ,,,,,,,,,,,,,49.37,26.59,,,,,0.0,0.0,2.0
20260428,920075.BJ,,,,,,,,,,,,,26.62,14.34,,,,,0.0,0.0,2.0
20260428,920076.BJ,,,,,,,,,,,,,26.28,14.16,,,,,0.0,0.0,2.0
20260428,920077.BJ,,,,,,,,,,,,,24.03,12.95,,,,,0.0,0.0,2.0
20260428,920078.BJ,,,,,,,,,,,,,33.03,17.79,,,,,0.0,0.0,2.0
20260428,920080.BJ,,,,,,,,,,,,,30.0,16.16,,,,,0.0,0.0,2.0
20260428,920082.BJ,,,,,,,,,,,,,19.51,10.51,,,,,0.0,0.0,2.0
20260428,920086.BJ,,,,,,,,,,,,,38.8,20.9,,,,,0.0,0.0,2.0
20260428,920087.BJ,,,,,,,,,,,,,17.65,9.51,,,,,0.0,0.0,2.0
20260428,920088.BJ,,,,,,,,,,,,,64.98,35.0,,,,,0.0,0.0,2.0
20260428,920089.BJ,,,,,,,,,,,,,24.85,13.39,,,,,0.0,0.0,2.0
20260428,920090.BJ,,,,,,,,,,,,,5.99,3.23,,,,,0.0,0.0,2.0
20260428,920091.BJ,,,,,,,,,,,,,74.77,40.27,,,,,0.0,0.0,2.0
20260428,920092.BJ,,,,,,,,,,,,,38.19,20.57,,,,,0.0,0.0,2.0
20260428,920098.BJ,,,,,,,,,,,,,34.03,18.33,,,,,0.0,0.0,2.0
20260428,920099.BJ,,,,,,,,,,,,,42.64,22.96,,,,,0.0,0.0,2.0
20260428,920100.BJ,,,,,,,,,,,,,63.33,34.11,,,,,0.0,0.0,2.0
20260428,920101.BJ,,,,,,,,,,,,,45.33,24.41,,,,,0.0,0.0,2.0
20260428,920106.BJ,,,,,,,,,,,,,85.73,46.17,,,,,0.0,0.0,2.0
20260428,920108.BJ,,,,,,,,,,,,,13.93,7.51,,,,,0.0,0.0,2.0
20260428,920110.BJ,,,,,,,,,,,,,41.22,22.2,,,,,0.0,0.0,2.0
20260428,920111.BJ,,,,,,,,,,,,,44.13,23.77,,,,,0.0,0.0,2.0
20260428,920112.BJ,,,,,,,,,,,,,42.7,23.0,,,,,0.0,0.0,2.0
20260428,920116.BJ,,,,,,,,,,,,,129.07,69.51,,,,,0.0,0.0,2.0
20260428,920118.BJ,,,,,,,,,,,,,26.27,14.15,,,,,0.0,0.0,2.0
20260428,920119.BJ,,,,,,,,,,,,,124.12,66.84,,,,,0.0,0.0,2.0
20260428,920121.BJ,,,,,,,,,,,,,46.42,25.0,,,,,0.0,0.0,2.0
20260428,920122.BJ,,,,,,,,,,,,,33.67,18.13,,,,,0.0,0.0,2.0
20260428,920123.BJ,,,,,,,,,,,,,17.68,9.52,,,,,0.0,0.0,2.0
20260428,920124.BJ,,,,,,,,,,,,,20.42,11.0,,,,,0.0,0.0,2.0
20260428,920125.BJ,,,,,,,,,,,,,69.96,37.68,,,,,0.0,0.0,2.0
20260428,920128.BJ,,,,,,,,,,,,,31.55,16.99,,,,,0.0,0.0,2.0
20260428,920130.BJ,,,,,,,,,,,,,24.89,13.41,,,,,0.0,0.0,2.0
20260428,920132.BJ,,,,,,,,,,,,,17.35,9.35,,,,,0.0,0.0,2.0
20260428,920139.BJ,,,,,,,,,,,,,23.62,12.72,,,,,0.0,0.0,2.0
20260428,920145.BJ,,,,,,,,,,,,,18.44,9.94,,,,,0.0,0.0,2.0
20260428,920146.BJ,,,,,,,,,,,,,8.73,4.71,,,,,0.0,0.0,2.0
20260428,920149.BJ,,,,,,,,,,,,,12.89,6.95,,,,,0.0,0.0,2.0
20260428,920152.BJ,,,,,,,,,,,,,18.53,9.99,,,,,0.0,0.0,2.0
20260428,920156.BJ,,,,,,,,,,,,,52.78,28.42,,,,,0.0,0.0,2.0
20260428,920158.BJ,,,,,,,,,,,,,21.74,11.72,,,,,0.0,0.0,2.0
20260428,920159.BJ,,,,,,,,,,,,,54.13,29.15,,,,,0.0,0.0,2.0
20260428,920160.BJ,,,,,,,,,,,,,29.52,15.9,,,,,0.0,0.0,2.0
20260428,920163.BJ,,,,,,,,,,,,,15.84,8.54,,,,,0.0,0.0,2.0
20260428,920166.BJ,,,,,,,,,,,,,35.67,19.21,,,,,0.0,0.0,2.0
20260428,920167.BJ,,,,,,,,,,,,,22.1,11.9,,,,,0.0,0.0,2.0
20260428,920168.BJ,,,,,,,,,,,,,27.96,15.06,,,,,0.0,0.0,2.0
20260428,920169.BJ,,,,,,,,,,,,,37.96,20.44,,,,,0.0,0.0,2.0
20260428,920171.BJ,,,,,,,,,,,,,25.74,13.86,,,,,0.0,0.0,2.0
20260428,920174.BJ,,,,,,,,,,,,,50.54,27.22,,,,,0.0,0.0,2.0
20260428,920175.BJ,,,,,,,,,,,,,13.07,7.05,,,,,0.0,0.0,2.0
20260428,920177.BJ,,,,,,,,,,,,,42.99,23.15,,,,,0.0,0.0,2.0
20260428,920179.BJ,,,,,,,,,,,,,64.93,34.97,,,,,0.0,0.0,2.0
20260428,920180.BJ,,,,,,,,,,,,,20.44,11.02,,,,,0.0,0.0,2.0
20260428,920181.BJ,,,,,,,,,,,,,104.78,56.42,,,,,0.0,0.0,2.0
20260428,920183.BJ,,,,,,,,,,,,,50.03,26.95,,,,,0.0,0.0,2.0
20260428,920184.BJ,,,,,,,,,,,,,20.44,11.02,,,,,0.0,0.0,2.0
20260428,920185.BJ,,,,,,,,,,,,,41.63,22.43,,,,,0.0,0.0,2.0
20260428,920187.BJ,,,,,,,,,,,,,48.62,26.18,,,,,0.0,0.0,2.0
20260428,920188.BJ,,,,,,,,,,,,,33.13,17.85,,,,,0.0,0.0,2.0
20260428,920190.BJ,,,,,,,,,,,,,29.86,16.08,,,,,0.0,0.0,2.0
20260428,920191.BJ,,,,,,,,,,,,,16.22,8.74,,,,,0.0,0.0,2.0
20260428,920195.BJ,,,,,,,,,,,,,25.92,13.96,,,,,0.0,0.0,2.0
20260428,920198.BJ,,,,,,,,,,,,,10.99,5.93,,,,,0.0,0.0,2.0
20260428,920199.BJ,,,,,,,,,,,,,41.78,22.5,,,,,0.0,0.0,2.0
20260428,920204.BJ,,,,,,,,,,,,,19.95,10.75,,,,,0.0,0.0,2.0
20260428,920207.BJ,,,,,,,,,,,,,42.65,22.97,,,,,0.0,0.0,2.0
20260428,920208.BJ,,,,,,,,,,,,,30.49,16.43,,,,,0.0,0.0,2.0
20260428,920212.BJ,,,,,,,,,,,,,15.36,8.28,,,,,0.0,0.0,2.0
20260428,920221.BJ,,,,,,,,,,,,,19.53,10.53,,,,,0.0,0.0,2.0
20260428,920223.BJ,,,,,,,,,,,,,22.91,12.35,,,,,0.0,0.0,2.0
20260428,920225.BJ,,,,,,,,,,,,,37.24,20.06,,,,,0.0,0.0,2.0
20260428,920227.BJ,,,,,,,,,,,,,77.15,41.55,,,,,0.0,0.0,2.0
20260428,920230.BJ,,,,,,,,,,,,,15.18,8.18,,,,,0.0,0.0,2.0
20260428,920237.BJ,,,,,,,,,,,,,26.29,14.17,,,,,0.0,0.0,2.0
20260428,920239.BJ,,,,,,,,,,,,,40.11,21.61,,,,,0.0,0.0,2.0
20260428,920242.BJ,,,,,,,,,,,,,32.5,17.5,,,,,0.0,0.0,2.0
20260428,920245.BJ,,,,,,,,,,,,,33.21,17.89,,,,,0.0,0.0,2.0
20260428,920247.BJ,,,,,,,,,,,,,24.01,12.93,,,,,0.0,0.0,2.0
20260428,920249.BJ,,,,,,,,,,,,,13.06,7.04,,,,,0.0,0.0,2.0
20260428,920252.BJ,,,,,,,,,,,,,34.67,18.67,,,,,0.0,0.0,2.0
20260428,920260.BJ,,,,,,,,,,,,,12.41,6.69,,,,,0.0,0.0,2.0
20260428,920261.BJ,,,,,,,,,,,,,19.96,10.76,,,,,0.0,0.0,2.0
20260428,920262.BJ,,,,,,,,,,,,,25.8,13.9,,,,,0.0,0.0,2.0
20260428,920263.BJ,,,,,,,,,,,,,14.92,8.04,,,,,0.0,0.0,2.0
20260428,920266.BJ,,,,,,,,,,,,,10.42,5.62,,,,,0.0,0.0,2.0
20260428,920267.BJ,,,,,,,,,,,,,24.32,13.1,,,,,0.0,0.0,2.0
20260428,920270.BJ,,,,,,,,,,,,,20.12,10.84,,,,,0.0,0.0,2.0
20260428,920271.BJ,,,,,,,,,,,,,16.64,8.96,,,,,0.0,0.0,2.0
20260428,920273.BJ,,,,,,,,,,,,,29.75,16.03,,,,,0.0,0.0,2.0
20260428,920274.BJ,,,,,,,,,,,,,28.83,15.53,,,,,0.0,0.0,2.0
20260428,920275.BJ,,,,,,,,,,,,,9.47,5.11,,,,,0.0,0.0,2.0
20260428,920278.BJ,,,,,,,,,,,,,10.14,5.46,,,,,0.0,0.0,2.0
20260428,920284.BJ,,,,,,,,,,,,,43.58,23.48,,,,,0.0,0.0,2.0
20260428,920299.BJ,,,,,,,,,,,,,29.86,16.08,,,,,0.0,0.0,2.0
20260428,920300.BJ,,,,,,,,,,,,,14.54,7.84,,,,,0.0,0.0,2.0
20260428,920304.BJ,,,,,,,,,,,,,15.11,8.15,,,,,0.0,0.0,2.0
20260428,920305.BJ,,,,,,,,,,,,,6.51,3.51,,,,,0.0,0.0,2.0
20260428,920339.BJ,,,,,,,,,,,,,10.56,5.7,,,,,0.0,0.0,2.0
20260428,920344.BJ,,,,,,,,,,,,,27.24,14.68,,,,,0.0,0.0,2.0
20260428,920346.BJ,,,,,,,,,,,,,26.94,14.52,,,,,0.0,0.0,2.0
20260428,920351.BJ,,,,,,,,,,,,,21.84,11.76,,,,,0.0,0.0,2.0
20260428,920357.BJ,,,,,,,,,,,,,33.67,18.13,,,,,0.0,0.0,2.0
20260428,920363.BJ,,,,,,,,,,,,,21.64,11.66,,,,,0.0,0.0,2.0
20260428,920367.BJ,,,,,,,,,,,,,23.86,12.86,,,,,0.0,0.0,2.0
20260428,920368.BJ,,,,,,,,,,,,,41.37,22.29,,,,,0.0,0.0,2.0
20260428,920370.BJ,,,,,,,,,,,,,4.42,2.38,,,,,0.0,0.0,2.0
20260428,920371.BJ,,,,,,,,,,,,,11.9,6.42,,,,,0.0,0.0,2.0
20260428,920374.BJ,,,,,,,,,,,,,25.29,13.63,,,,,0.0,0.0,2.0
20260428,920375.BJ,,,,,,,,,,,,,17.03,9.17,,,,,0.0,0.0,2.0
20260428,920378.BJ,,,,,,,,,,,,,10.68,5.76,,,,,0.0,0.0,2.0
20260428,920392.BJ,,,,,,,,,,,,,25.44,13.7,,,,,0.0,0.0,2.0
20260428,920394.BJ,,,,,,,,,,,,,65.94,35.52,,,,,0.0,0.0,2.0
20260428,920395.BJ,,,,,,,,,,,,,12.55,6.77,,,,,0.0,0.0,2.0
20260428,920396.BJ,,,,,,,,,,,,,37.4,20.14,,,,,0.0,0.0,2.0
20260428,920402.BJ,,,,,,,,,,,,,12.59,6.79,,,,,0.0,0.0,2.0
20260428,920403.BJ,,,,,,,,,,,,,27.69,14.91,,,,,0.0,0.0,2.0
20260428,920405.BJ,,,,,,,,,,,,,25.54,13.76,,,,,0.0,0.0,2.0
20260428,920407.BJ,,,,,,,,,,,,,22.71,12.23,,,,,0.0,0.0,2.0
20260428,920414.BJ,,,,,,,,,,,,,14.62,7.88,,,,,0.0,0.0,2.0
20260428,920415.BJ,,,,,,,,,,,,,16.02,8.64,,,,,0.0,0.0,2.0
20260428,920418.BJ,,,,,,,,,,,,,32.57,17.55,,,,,0.0,0.0,2.0
20260428,920419.BJ,,,,,,,,,,,,,17.14,9.24,,,,,0.0,0.0,2.0
20260428,920422.BJ,,,,,,,,,,,,,14.5,7.82,,,,,0.0,0.0,2.0
20260428,920425.BJ,,,,,,,,,,,,,25.76,13.88,,,,,0.0,0.0,2.0
20260428,920427.BJ,,,,,,,,,,,,,15.08,8.12,,,,,0.0,0.0,2.0
20260428,920429.BJ,,,,,,,,,,,,,15.93,8.59,,,,,0.0,0.0,2.0
20260428,920433.BJ,,,,,,,,,,,,,6.63,3.57,,,,,0.0,0.0,2.0
20260428,920436.BJ,,,,,,,,,,,,,17.96,9.68,,,,,0.0,0.0,2.0
20260428,920438.BJ,,,,,,,,,,,,,55.06,29.66,,,,,0.0,0.0,2.0
20260428,920445.BJ,,,,,,,,,,,,,12.75,6.87,,,,,0.0,0.0,2.0
20260428,920454.BJ,,,,,,,,,,,,,19.14,10.32,,,,,0.0,0.0,2.0
20260428,920455.BJ,,,,,,,,,,,,,9.94,5.36,,,,,0.0,0.0,2.0
20260428,920469.BJ,,,,,,,,,,,,,11.51,6.21,,,,,0.0,0.0,2.0
20260428,920471.BJ,,U,0.0,35848442.0,35848442.0,145344.0,145344.0,,,,,,15.53,8.37,1.0,1.0,4.0,0.0,1.0,0.0,2.2924256384553514
20260428,920475.BJ,,,,,,,,,,,,,17.32,9.34,,,,,0.0,0.0,2.0
20260428,920476.BJ,,,,,,,,,,,,,27.28,14.7,,,,,0.0,0.0,2.0
20260428,920478.BJ,,,,,,,,,,,,,21.16,11.4,,,,,0.0,0.0,2.0
20260428,920489.BJ,,,,,,,,,,,,,19.3,10.4,,,,,0.0,0.0,2.0
20260428,920491.BJ,,,,,,,,,,,,,33.87,18.25,,,,,0.0,0.0,2.0
20260428,920493.BJ,,,,,,,,,,,,,195.49,105.27,,,,,0.0,0.0,2.0
20260428,920496.BJ,,,,,,,,,,,,,11.77,6.35,,,,,0.0,0.0,2.0
20260428,920504.BJ,,,,,,,,,,,,,28.08,15.12,,,,,0.0,0.0,2.0
20260428,920505.BJ,,,,,,,,,,,,,49.97,26.91,,,,,0.0,0.0,2.0
20260428,920508.BJ,,,,,,,,,,,,,24.98,13.46,,,,,0.0,0.0,2.0
20260428,920509.BJ,,,,,,,,,,,,,41.8,22.52,,,,,0.0,0.0,2.0
20260428,920510.BJ,,,,,,,,,,,,,19.57,10.55,,,,,0.0,0.0,2.0
20260428,920519.BJ,,,,,,,,,,,,,15.21,8.19,,,,,0.0,0.0,2.0
20260428,920522.BJ,,,,,,,,,,,,,76.79,41.35,,,,,0.0,0.0,2.0
20260428,920523.BJ,,,,,,,,,,,,,30.84,16.62,,,,,0.0,0.0,2.0
20260428,920526.BJ,,,,,,,,,,,,,30.17,16.25,,,,,0.0,0.0,2.0
20260428,920527.BJ,,,,,,,,,,,,,22.2,11.96,,,,,0.0,0.0,2.0
20260428,920533.BJ,,,,,,,,,,,,,30.19,16.27,,,,,0.0,0.0,2.0
20260428,920541.BJ,,,,,,,,,,,,,15.76,8.5,,,,,0.0,0.0,2.0
20260428,920547.BJ,,,,,,,,,,,,,30.03,16.17,,,,,0.0,0.0,2.0
20260428,920553.BJ,,,,,,,,,,,,,11.24,6.06,,,,,0.0,0.0,2.0
20260428,920556.BJ,,,,,,,,,,,,,11.8,6.36,,,,,0.0,0.0,2.0
20260428,920564.BJ,,,,,,,,,,,,,33.69,18.15,,,,,0.0,0.0,2.0
20260428,920566.BJ,,,,,,,,,,,,,13.45,7.25,,,,,0.0,0.0,2.0
20260428,920570.BJ,,,,,,,,,,,,,37.18,20.02,,,,,0.0,0.0,2.0
20260428,920571.BJ,,,,,,,,,,,,,14.36,7.74,,,,,0.0,0.0,2.0
20260428,920575.BJ,,,,,,,,,,,,,9.03,4.87,,,,,0.0,0.0,2.0
20260428,920576.BJ,,,,,,,,,,,,,97.17,52.33,,,,,0.0,0.0,2.0
20260428,920578.BJ,,,,,,,,,,,,,23.93,12.89,,,,,0.0,0.0,2.0
20260428,920579.BJ,,,,,,,,,,,,,23.24,12.52,,,,,0.0,0.0,2.0
20260428,920580.BJ,,,,,,,,,,,,,17.42,9.38,,,,,0.0,0.0,2.0
20260428,920592.BJ,,,,,,,,,,,,,39.03,21.03,,,,,0.0,0.0,2.0
20260428,920593.BJ,,,,,,,,,,,,,36.14,19.46,,,,,0.0,0.0,2.0
20260428,920599.BJ,,,,,,,,,,,,,24.8,13.36,,,,,0.0,0.0,2.0
20260428,920608.BJ,,,,,,,,,,,,,21.13,11.39,,,,,0.0,0.0,2.0
20260428,920627.BJ,,,,,,,,,,,,,25.71,13.85,,,,,0.0,0.0,2.0
20260428,920634.BJ,,,,,,,,,,,,,29.88,16.1,,,,,0.0,0.0,2.0
20260428,920639.BJ,,,,,,,,,,,,,9.91,5.35,,,,,0.0,0.0,2.0
20260428,920640.BJ,,,,,,,,,,,,,46.8,25.2,,,,,0.0,0.0,2.0
20260428,920641.BJ,,,,,,,,,,,,,23.64,12.74,,,,,0.0,0.0,2.0
20260428,920642.BJ,,,,,,,,,,,,,15.4,8.3,,,,,0.0,0.0,2.0
20260428,920651.BJ,,,,,,,,,,,,,39.24,21.14,,,,,0.0,0.0,2.0
20260428,920656.BJ,,,,,,,,,,,,,21.2,11.42,,,,,0.0,0.0,2.0
20260428,920662.BJ,,,,,,,,,,,,,31.85,17.15,,,,,0.0,0.0,2.0
20260428,920663.BJ,,,,,,,,,,,,,20.42,11.0,,,,,0.0,0.0,2.0
20260428,920665.BJ,,,,,,,,,,,,,13.93,7.51,,,,,0.0,0.0,2.0
20260428,920670.BJ,,,,,,,,,,,,,20.02,10.78,,,,,0.0,0.0,2.0
20260428,920675.BJ,,,,,,,,,,,,,12.36,6.66,,,,,0.0,0.0,2.0
20260428,920679.BJ,,,,,,,,,,,,,22.84,12.3,,,,,0.0,0.0,2.0
20260428,920682.BJ,,,,,,,,,,,,,11.53,6.21,,,,,0.0,0.0,2.0
20260428,920685.BJ,,,,,,,,,,,,,16.05,8.65,,,,,0.0,0.0,2.0
20260428,920689.BJ,,,,,,,,,,,,,36.73,19.79,,,,,0.0,0.0,2.0
20260428,920690.BJ,,,,,,,,,,,,,33.8,18.2,,,,,0.0,0.0,2.0
20260428,920693.BJ,,,,,,,,,,,,,37.21,20.05,,,,,0.0,0.0,2.0
20260428,920694.BJ,,,,,,,,,,,,,23.6,12.72,,,,,0.0,0.0,2.0
20260428,920699.BJ,,,,,,,,,,,,,53.89,29.03,,,,,0.0,0.0,2.0
20260428,920701.BJ,,,,,,,,,,,,,20.03,10.79,,,,,0.0,0.0,2.0
20260428,920703.BJ,,,,,,,,,,,,,15.93,8.59,,,,,0.0,0.0,2.0
20260428,920706.BJ,,,,,,,,,,,,,30.21,16.27,,,,,0.0,0.0,2.0
20260428,920717.BJ,,,,,,,,,,,,,11.7,6.3,,,,,0.0,0.0,2.0
20260428,920718.BJ,,,,,,,,,,,,,16.73,9.01,,,,,0.0,0.0,2.0
20260428,920719.BJ,,,,,,,,,,,,,15.23,8.21,,,,,0.0,0.0,2.0
20260428,920720.BJ,,,,,,,,,,,,,15.75,8.49,,,,,0.0,0.0,2.0
20260428,920725.BJ,,,,,,,,,,,,,40.36,21.74,,,,,0.0,0.0,2.0
20260428,920726.BJ,,,,,,,,,,,,,24.38,13.14,,,,,0.0,0.0,2.0
20260428,920729.BJ,,,,,,,,,,,,,10.15,5.47,,,,,0.0,0.0,2.0
20260428,920735.BJ,,,,,,,,,,,,,40.1,21.6,,,,,0.0,0.0,2.0
20260428,920748.BJ,,,,,,,,,,,,,44.03,23.71,,,,,0.0,0.0,2.0
20260428,920751.BJ,,,,,,,,,,,,,29.96,16.14,,,,,0.0,0.0,2.0
20260428,920753.BJ,,,,,,,,,,,,,24.15,13.01,,,,,0.0,0.0,2.0
20260428,920765.BJ,,,,,,,,,,,,,17.7,9.54,,,,,0.0,0.0,2.0
20260428,920768.BJ,,,,,,,,,,,,,15.65,8.43,,,,,0.0,0.0,2.0
20260428,920770.BJ,,,,,,,,,,,,,19.87,10.71,,,,,0.0,0.0,2.0
20260428,920779.BJ,,,,,,,,,,,,,43.36,23.36,,,,,0.0,0.0,2.0
20260428,920781.BJ,,,,,,,,,,,,,9.49,5.11,,,,,0.0,0.0,2.0
20260428,920786.BJ,,,,,,,,,,,,,10.66,5.74,,,,,0.0,0.0,2.0
20260428,920790.BJ,,,,,,,,,,,,,33.42,18.0,,,,,0.0,0.0,2.0
20260428,920792.BJ,,,,,,,,,,,,,14.78,7.96,,,,,0.0,0.0,2.0
20260428,920799.BJ,,,,,,,,,,,,,46.43,25.01,,,,,0.0,0.0,2.0
20260428,920802.BJ,,,,,,,,,,,,,18.21,9.81,,,,,0.0,0.0,2.0
20260428,920806.BJ,,,,,,,,,,,,,15.09,8.13,,,,,0.0,0.0,2.0
20260428,920807.BJ,,,,,,,,,,,,,15.14,8.16,,,,,0.0,0.0,2.0
20260428,920808.BJ,,,,,,,,,,,,,101.02,54.4,,,,,0.0,0.0,2.0
20260428,920809.BJ,,,,,,,,,,,,,10.93,5.89,,,,,0.0,0.0,2.0
20260428,920810.BJ,,,,,,,,,,,,,14.79,7.97,,,,,0.0,0.0,2.0
20260428,920819.BJ,,,,,,,,,,,,,4.48,2.42,,,,,0.0,0.0,2.0
20260428,920821.BJ,,,,,,,,,,,,,30.17,16.25,,,,,0.0,0.0,2.0
20260428,920826.BJ,,,,,,,,,,,,,13.53,7.29,,,,,0.0,0.0,2.0
20260428,920832.BJ,,,,,,,,,,,,,8.69,4.69,,,,,0.0,0.0,2.0
20260428,920833.BJ,,,,,,,,,,,,,19.63,10.57,,,,,0.0,0.0,2.0
20260428,920834.BJ,,,,,,,,,,,,,15.24,8.22,,,,,0.0,0.0,2.0
20260428,920837.BJ,,,,,,,,,,,,,16.51,8.89,,,,,0.0,0.0,2.0
20260428,920839.BJ,,,,,,,,,,,,,44.86,24.16,,,,,0.0,0.0,2.0
20260428,920855.BJ,,,,,,,,,,,,,20.17,10.87,,,,,0.0,0.0,2.0
20260428,920856.BJ,,,,,,,,,,,,,15.78,8.5,,,,,0.0,0.0,2.0
20260428,920857.BJ,,,,,,,,,,,,,26.14,14.08,,,,,0.0,0.0,2.0
20260428,920866.BJ,,,,,,,,,,,,,9.75,5.25,,,,,0.0,0.0,2.0
20260428,920870.BJ,,,,,,,,,,,,,18.46,9.94,,,,,0.0,0.0,2.0
20260428,920871.BJ,,,,,,,,,,,,,16.52,8.9,,,,,0.0,0.0,2.0
20260428,920873.BJ,,,,,,,,,,,,,10.89,5.87,,,,,0.0,0.0,2.0
20260428,920876.BJ,,,,,,,,,,,,,31.26,16.84,,,,,0.0,0.0,2.0
20260428,920879.BJ,,,,,,,,,,,,,27.66,14.9,,,,,0.0,0.0,2.0
20260428,920885.BJ,,,,,,,,,,,,,26.32,14.18,,,,,0.0,0.0,2.0
20260428,920892.BJ,,,,,,,,,,,,,19.55,10.53,,,,,0.0,0.0,2.0
20260428,920895.BJ,,,,,,,,,,,,,20.99,11.31,,,,,0.0,0.0,2.0
20260428,920896.BJ,,,,,,,,,,,,,22.42,12.08,,,,,0.0,0.0,2.0
20260428,920906.BJ,,,,,,,,,,,,,30.42,16.38,,,,,0.0,0.0,2.0
20260428,920914.BJ,,,,,,,,,,,,,34.43,18.55,,,,,0.0,0.0,2.0
20260428,920924.BJ,,,,,,,,,,,,,26.5,14.28,,,,,0.0,0.0,2.0
20260428,920925.BJ,,,,,,,,,,,,,21.28,11.46,,,,,0.0,0.0,2.0
20260428,920926.BJ,,,,,,,,,,,,,18.78,10.12,,,,,0.0,0.0,2.0
20260428,920931.BJ,,,,,,,,,,,,,15.23,8.21,,,,,0.0,0.0,2.0
20260428,920932.BJ,,,,,,,,,,,,,19.16,10.32,,,,,0.0,0.0,2.0
20260428,920942.BJ,,,,,,,,,,,,,32.99,17.77,,,,,0.0,0.0,2.0
20260428,920943.BJ,,,,,,,,,,,,,25.97,13.99,,,,,0.0,0.0,2.0
20260428,920946.BJ,,,,,,,,,,,,,12.97,6.99,,,,,0.0,0.0,2.0
20260428,920950.BJ,,,,,,,,,,,,,20.48,11.04,,,,,0.0,0.0,2.0
20260428,920953.BJ,,,,,,,,,,,,,38.72,20.86,,,,,0.0,0.0,2.0
20260428,920957.BJ,,,,,,,,,,,,,14.52,7.82,,,,,0.0,0.0,2.0
20260428,920961.BJ,,,,,,,,,,,,,26.87,14.47,,,,,0.0,0.0,2.0
20260428,920964.BJ,,,,,,,,,,,,,7.77,4.19,,,,,0.0,0.0,2.0
20260428,920970.BJ,,,,,,,,,,,,,9.15,4.93,,,,,0.0,0.0,2.0
20260428,920971.BJ,,,,,,,,,,,,,37.06,19.96,,,,,0.0,0.0,2.0
20260428,920974.BJ,,,,,,,,,,,,,10.32,5.56,,,,,0.0,0.0,2.0
20260428,920976.BJ,,,,,,,,,,,,,38.29,20.63,,,,,0.0,0.0,2.0
20260428,920978.BJ,,,,,,,,,,,,,35.32,19.02,,,,,0.0,0.0,2.0
20260428,920981.BJ,,,,,,,,,,,,,47.28,25.46,,,,,0.0,0.0,2.0
20260428,920982.BJ,,,,,,,,,,,,,247.18,133.1,,,,,0.0,0.0,2.0
20260428,920985.BJ,,,,,,,,,,,,,8.34,4.5,,,,,0.0,0.0,2.0
20260428,920992.BJ,,,,,,,,,,,,,20.38,10.98,,,,,0.0,0.0,2.0
