trade_date,ts_code,name,limit_type,open_times,fd_amount,seal_amount,first_seal_time,last_seal_time,open_times_break,fd_amount_break,seal_amount_break,first_time_break,last_time_break,up_limit,down_limit,is_hot_board,board_rank,board_limit_up_count,is_st_like,is_limit_up,break_count_proxy,limit_up_strength
20260304,000001.SZ,,,,,,,,,,,,,11.97,9.79,,,,,0.0,0.0,2.0
20260304,000002.SZ,,,,,,,,,,,,,5.14,4.2,,,,,0.0,0.0,2.0
20260304,000004.SZ,,,,,,,,,,,,,6.54,5.92,,,,,0.0,0.0,2.0
20260304,000006.SZ,,,,,,,,,,,,,9.42,7.7,,,,,0.0,0.0,2.0
20260304,000007.SZ,,,,,,,,,,,,,13.86,11.34,,,,,0.0,0.0,2.0
20260304,000008.SZ,,,,,,,,,,,,,3.16,2.58,,,,,0.0,0.0,2.0
20260304,000009.SZ,,,,,,,,,,,,,9.85,8.06,,,,,0.0,0.0,2.0
20260304,000010.SZ,,U,5.0,36423792.0,36423792.0,101054.0,111000.0,,,,,,4.42,3.62,1.0,2.0,3.0,0.0,1.0,0.0,1.4616910226782307
20260304,000011.SZ,,,,,,,,,,,,,9.2,7.52,,,,,0.0,0.0,2.0
20260304,000012.SZ,,,,,,,,,,,,,5.31,4.35,,,,,0.0,0.0,2.0
20260304,000014.SZ,,,,,,,,,,,,,13.85,11.33,,,,,0.0,0.0,2.0
20260304,000016.SZ,,,,,,,,,,,,,3.85,3.15,,,,,0.0,0.0,2.0
20260304,000017.SZ,,,,,,,,,,,,,8.14,6.66,,,,,0.0,0.0,2.0
20260304,000019.SZ,,,,,,,,,,,,,8.07,6.61,,,,,0.0,0.0,2.0
20260304,000020.SZ,,,,,,,,,,,,,15.35,12.56,,,,,0.0,0.0,2.0
20260304,000021.SZ,,,,,,,,,,,,,33.75,27.61,,,,,0.0,0.0,2.0
20260304,000025.SZ,,,,,,,,,,,,,19.29,15.79,,,,,0.0,0.0,2.0
20260304,000026.SZ,,,,,,,,,,,,,16.4,13.42,,,,,0.0,0.0,2.0
20260304,000027.SZ,,,,,,,,,,,,,7.77,6.35,,,,,0.0,0.0,2.0
20260304,000028.SZ,,,,,,,,,,,,,28.27,23.13,,,,,0.0,0.0,2.0
20260304,000029.SZ,,,,,,,,,,,,,24.04,19.67,,,,,0.0,0.0,2.0
20260304,000030.SZ,,,,,,,,,,,,,5.95,4.87,,,,,0.0,0.0,2.0
20260304,000031.SZ,,,,,,,,,,,,,3.76,3.08,,,,,0.0,0.0,2.0
20260304,000032.SZ,,,,,,,,,,,,,20.25,16.57,,,,,0.0,0.0,2.0
20260304,000034.SZ,,,,,,,,,,,,,41.48,33.94,,,,,0.0,0.0,2.0
20260304,000035.SZ,,,,,,,,,,,,,8.11,6.63,,,,,0.0,0.0,2.0
20260304,000036.SZ,,,,,,,,,,,,,5.63,4.61,,,,,0.0,0.0,2.0
20260304,000037.SZ,,,,,,,,,,,,,10.54,8.62,,,,,0.0,0.0,2.0
20260304,000039.SZ,,,,,,,,,,,,,14.08,11.52,,,,,0.0,0.0,2.0
20260304,000042.SZ,,,,,,,,,,,,,9.48,7.76,,,,,0.0,0.0,2.0
20260304,000045.SZ,,,,,,,,,,,,,13.46,11.02,,,,,0.0,0.0,2.0
20260304,000048.SZ,,,,,,,,,,,,,19.15,15.67,,,,,0.0,0.0,2.0
20260304,000049.SZ,,,,,,,,,,,,,28.02,22.92,,,,,0.0,0.0,2.0
20260304,000050.SZ,,,,,,,,,,,,,10.33,8.45,,,,,0.0,0.0,2.0
20260304,000055.SZ,,,,,,,,,,,,,4.27,3.49,,,,,0.0,0.0,2.0
20260304,000056.SZ,,,,,,,,,,,,,2.12,1.74,,,,,0.0,0.0,2.0
20260304,000058.SZ,,,,,,,,,,,,,9.26,7.58,,,,,0.0,0.0,2.0
20260304,000059.SZ,,,,,,,,,,,,,7.34,6.0,,,,,0.0,0.0,2.0
20260304,000060.SZ,,,,,,,,,,,,,8.5,6.96,,,,,0.0,0.0,2.0
20260304,000061.SZ,,,,,,,,,,,,,10.15,8.31,,,,,0.0,0.0,2.0
20260304,000062.SZ,,,,,,,,,,,,,25.6,20.94,,,,,0.0,0.0,2.0
20260304,000063.SZ,,,,,,,,,,,,,40.43,33.08,,,,,0.0,0.0,2.0
20260304,000065.SZ,,,,,,,,,,,,,14.3,11.7,,,,,0.0,0.0,2.0
20260304,000066.SZ,,,,,,,,,,,,,16.82,13.76,,,,,0.0,0.0,2.0
20260304,000068.SZ,,,,,,,,,,,,,3.76,3.08,,,,,0.0,0.0,2.0
20260304,000069.SZ,,,,,,,,,,,,,2.74,2.24,,,,,0.0,0.0,2.0
20260304,000070.SZ,,,,,,,,,,,,,20.31,16.61,,,,,0.0,0.0,2.0
20260304,000078.SZ,,,,,,,,,,,,,3.55,2.91,,,,,0.0,0.0,2.0
20260304,000088.SZ,,,,,,,,,,,,,5.1,4.18,,,,,0.0,0.0,2.0
20260304,000089.SZ,,,,,,,,,,,,,7.82,6.4,,,,,0.0,0.0,2.0
20260304,000090.SZ,,,,,,,,,,,,,4.24,3.47,,,,,0.0,0.0,2.0
20260304,000096.SZ,,,,,,,,,,,,,14.6,11.94,,,,,0.0,0.0,2.0
20260304,000099.SZ,,,,,,,,,,,,,22.85,18.69,,,,,0.0,0.0,2.0
20260304,000100.SZ,,,,,,,,,,,,,5.23,4.28,,,,,0.0,0.0,2.0
20260304,000151.SZ,,,,,,,,,,,,,14.12,11.56,,,,,0.0,0.0,2.0
20260304,000153.SZ,,,,,,,,,,,,,7.15,5.85,,,,,0.0,0.0,2.0
20260304,000155.SZ,,,,,,,,,,,,,15.26,12.48,,,,,0.0,0.0,2.0
20260304,000156.SZ,,,,,,,,,,,,,8.57,7.01,,,,,0.0,0.0,2.0
20260304,000157.SZ,,,,,,,,,,,,,10.52,8.6,,,,,0.0,0.0,2.0
20260304,000158.SZ,,,,,,,,,,,,,22.42,18.34,,,,,0.0,0.0,2.0
20260304,000159.SZ,,,,,,,,,,,,,8.59,7.03,,,,,0.0,0.0,2.0
20260304,000166.SZ,,,,,,,,,,,,,5.45,4.46,,,,,0.0,0.0,2.0
20260304,000301.SZ,,,,,,,,,,,,,16.04,13.12,,,,,0.0,0.0,2.0
20260304,000333.SZ,,,,,,,,,,,,,84.22,68.9,,,,,0.0,0.0,2.0
20260304,000338.SZ,,,,,,,,,,,,,29.11,23.81,,,,,0.0,0.0,2.0
20260304,000400.SZ,,,,,,,,,,,,,34.03,27.85,,,,,0.0,0.0,2.0
20260304,000401.SZ,,,,,,,,,,,,,5.6,4.58,,,,,0.0,0.0,2.0
20260304,000402.SZ,,,,,,,,,,,,,3.0,2.46,,,,,0.0,0.0,2.0
20260304,000403.SZ,,,,,,,,,,,,,15.62,12.78,,,,,0.0,0.0,2.0
20260304,000404.SZ,,,,,,,,,,,,,7.85,6.43,,,,,0.0,0.0,2.0
20260304,000407.SZ,,,,,,,,,,,,,6.45,5.27,,,,,0.0,0.0,2.0
20260304,000408.SZ,,,,,,,,,,,,,88.06,72.05,,,,,0.0,0.0,2.0
20260304,000409.SZ,,,,,,,,,,,,,12.08,9.88,,,,,0.0,0.0,2.0
20260304,000410.SZ,,,,,,,,,,,,,8.01,6.55,,,,,0.0,0.0,2.0
20260304,000411.SZ,,,,,,,,,,,,,12.58,10.3,,,,,0.0,0.0,2.0
20260304,000415.SZ,,,,,,,,,,,,,5.79,4.73,,,,,0.0,0.0,2.0
20260304,000417.SZ,,,,,,,,,,,,,8.07,6.61,,,,,0.0,0.0,2.0
20260304,000419.SZ,,,,,,,,,,,,,6.77,5.54,,,,,0.0,0.0,2.0
20260304,000420.SZ,,,,,,,,,,,,,4.7,3.84,,,,,0.0,0.0,2.0
20260304,000421.SZ,,,,,,,,,,,,,8.5,6.96,,,,,0.0,0.0,2.0
20260304,000422.SZ,,,,,,,,,,,,,19.28,15.78,,,,,0.0,0.0,2.0
20260304,000423.SZ,,,,,,,,,,,,,57.97,47.43,,,,,0.0,0.0,2.0
20260304,000425.SZ,,,,,,,,,,,,,13.18,10.78,,,,,0.0,0.0,2.0
20260304,000426.SZ,,,,,,,,,,,,,59.62,48.78,,,,,0.0,0.0,2.0
20260304,000428.SZ,,,,,,,,,,,,,4.08,3.34,,,,,0.0,0.0,2.0
20260304,000429.SZ,,,,,,,,,,,,,13.45,11.01,,,,,0.0,0.0,2.0
20260304,000430.SZ,,,,,,,,,,,,,7.59,6.87,,,,,0.0,0.0,2.0
20260304,000488.SZ,,,,,,,,,,,,,2.38,2.16,,,,,0.0,0.0,2.0
20260304,000498.SZ,,,,,,,,,,,,,6.83,5.59,,,,,0.0,0.0,2.0
20260304,000501.SZ,,,,,,,,,,,,,10.08,8.24,,,,,0.0,0.0,2.0
20260304,000503.SZ,,,,,,,,,,,,,9.47,7.75,,,,,0.0,0.0,2.0
20260304,000504.SZ,,,,,,,,,,,,,9.08,8.22,,,,,0.0,0.0,2.0
20260304,000505.SZ,,,,,,,,,,,,,8.05,6.59,,,,,0.0,0.0,2.0
20260304,000506.SZ,,,,,,,,,,,,,23.76,19.44,,,,,0.0,0.0,2.0
20260304,000507.SZ,,,,,,,,,,,,,6.45,5.27,,,,,0.0,0.0,2.0
20260304,000509.SZ,,,,,,,,,,,,,3.61,2.95,,,,,0.0,0.0,2.0
20260304,000510.SZ,,,,,,,,,,,,,23.02,18.84,,,,,0.0,0.0,2.0
20260304,000513.SZ,,,,,,,,,,,,,37.82,30.94,,,,,0.0,0.0,2.0
20260304,000514.SZ,,,,,,,,,,,,,5.31,4.35,,,,,0.0,0.0,2.0
20260304,000516.SZ,,,,,,,,,,,,,4.97,4.07,,,,,0.0,0.0,2.0
20260304,000517.SZ,,,,,,,,,,,,,2.28,1.86,,,,,0.0,0.0,2.0
20260304,000518.SZ,,,,,,,,,,,,,2.87,2.59,,,,,0.0,0.0,2.0
20260304,000519.SZ,,,,,,,,,,,,,21.81,17.85,,,,,0.0,0.0,2.0
20260304,000520.SZ,,,,,,,,,,,,,5.63,4.61,,,,,0.0,0.0,2.0
20260304,000521.SZ,,,,,,,,,,,,,6.9,5.64,,,,,0.0,0.0,2.0
20260304,000523.SZ,,,,,,,,,,,,,3.96,3.24,,,,,0.0,0.0,2.0
20260304,000524.SZ,,,,,,,,,,,,,13.9,11.38,,,,,0.0,0.0,2.0
20260304,000525.SZ,,U,1.0,156220103.0,156220103.0,130300.0,132339.0,,,,,,6.83,5.59,0.0,,,0.0,1.0,0.0,1.6931075582035833
20260304,000526.SZ,,,,,,,,,,,,,38.5,31.5,,,,,0.0,0.0,2.0
20260304,000528.SZ,,,,,,,,,,,,,12.29,10.05,,,,,0.0,0.0,2.0
20260304,000529.SZ,,,,,,,,,,,,,6.59,5.39,,,,,0.0,0.0,2.0
20260304,000530.SZ,,,,,,,,,,,,,6.82,5.58,,,,,0.0,0.0,2.0
20260304,000531.SZ,,,,,,,,,,,,,7.45,6.09,,,,,0.0,0.0,2.0
20260304,000532.SZ,,,,,,,,,,,,,15.86,12.98,,,,,0.0,0.0,2.0
20260304,000533.SZ,,U,2.0,185046771.0,185046771.0,93136.0,93336.0,,,,,,12.3,10.06,1.0,1.0,8.0,0.0,1.0,0.0,1.8120742534520946
20260304,000534.SZ,,,,,,,,,,,,,39.18,32.06,,,,,0.0,0.0,2.0
20260304,000536.SZ,,,,,,,,,,,,,4.82,3.94,,,,,0.0,0.0,2.0
20260304,000537.SZ,,,,,,,,,,,,,9.85,8.06,,,,,0.0,0.0,2.0
20260304,000538.SZ,,,,,,,,,,,,,61.55,50.36,,,,,0.0,0.0,2.0
20260304,000539.SZ,,,,,,,,,,,,,5.52,4.52,,,,,0.0,0.0,2.0
20260304,000541.SZ,,,,,,,,,,,,,6.73,5.51,,,,,0.0,0.0,2.0
20260304,000543.SZ,,,,,,,,,,,,,9.5,7.78,,,,,0.0,0.0,2.0
20260304,000544.SZ,,,,,,,,,,,,,10.12,8.28,,,,,0.0,0.0,2.0
20260304,000545.SZ,,,,,,,,,,,,,3.82,3.12,,,,,0.0,0.0,2.0
20260304,000546.SZ,,,,,,,,,,,,,6.71,5.49,,,,,0.0,0.0,2.0
20260304,000547.SZ,,,,,,,,,,,,,31.92,26.12,,,,,0.0,0.0,2.0
20260304,000548.SZ,,,,,,,,,,,,,6.16,5.04,,,,,0.0,0.0,2.0
20260304,000550.SZ,,,,,,,,,,,,,19.78,16.18,,,,,0.0,0.0,2.0
20260304,000551.SZ,,,,,,,,,,,,,15.4,12.6,,,,,0.0,0.0,2.0
20260304,000552.SZ,,,,,,,,,,,,,2.94,2.4,,,,,0.0,0.0,2.0
20260304,000553.SZ,,,,,,,,,,,,,6.57,5.37,,,,,0.0,0.0,2.0
20260304,000554.SZ,,,,,,,,,,,,,11.94,9.77,,,,,0.0,0.0,2.0
20260304,000555.SZ,,,,,,,,,,,,,18.17,14.87,,,,,0.0,0.0,2.0
20260304,000557.SZ,,,,,,,,,,,,,5.6,4.58,,,,,0.0,0.0,2.0
20260304,000558.SZ,,,,,,,,,,,,,5.2,4.26,,,,,0.0,0.0,2.0
20260304,000559.SZ,,,,,,,,,,,,,18.92,15.48,,,,,0.0,0.0,2.0
20260304,000560.SZ,,,,,,,,,,,,,3.53,2.89,,,,,0.0,0.0,2.0
20260304,000561.SZ,,,,,,,,,,,,,12.41,10.15,,,,,0.0,0.0,2.0
20260304,000563.SZ,,,,,,,,,,,,,3.86,3.16,,,,,0.0,0.0,2.0
20260304,000564.SZ,,,,,,,,,,,,,2.46,2.02,,,,,0.0,0.0,2.0
20260304,000565.SZ,,,,,,,,,,,,,8.88,7.26,,,,,0.0,0.0,2.0
20260304,000566.SZ,,,,,,,,,,,,,6.17,5.05,,,,,0.0,0.0,2.0
20260304,000567.SZ,,,,,,,,,,,,,6.11,5.0,,,,,0.0,0.0,2.0
20260304,000568.SZ,,,,,,,,,,,,,118.25,96.75,,,,,0.0,0.0,2.0
20260304,000570.SZ,,,,,,,,,,,,,6.4,5.24,,,,,0.0,0.0,2.0
20260304,000571.SZ,,,,,,,,,,,,,8.16,6.68,,,,,0.0,0.0,2.0
20260304,000572.SZ,,,,,,,,,,,,,7.02,5.74,,,,,0.0,0.0,2.0
20260304,000573.SZ,,,,,,,,,,,,,4.58,3.74,,,,,0.0,0.0,2.0
20260304,000576.SZ,,,,,,,,,,,,,11.98,9.8,,,,,0.0,0.0,2.0
20260304,000581.SZ,,,,,,,,,,,,,26.25,21.47,,,,,0.0,0.0,2.0
20260304,000582.SZ,,,,,,,,,,,,,12.09,9.89,,,,,0.0,0.0,2.0
20260304,000586.SZ,,,,,,,,,,,,,16.72,13.68,,,,,0.0,0.0,2.0
20260304,000589.SZ,,,,,,,,,,,,,5.52,4.52,,,,,0.0,0.0,2.0
20260304,000590.SZ,,,,,,,,,,,,,12.42,10.16,,,,,0.0,0.0,2.0
20260304,000591.SZ,,,,,,,,,,,,,6.23,5.09,,,,,0.0,0.0,2.0
20260304,000592.SZ,,,,,,,,,,,,,13.34,10.92,,,,,0.0,0.0,2.0
20260304,000593.SZ,,,,,,,,,,,,,18.28,14.96,,,,,0.0,0.0,2.0
20260304,000595.SZ,,,,,,,,,,,,,6.41,5.8,,,,,0.0,0.0,2.0
20260304,000596.SZ,,,,,,,,,,,,,127.25,104.11,,,,,0.0,0.0,2.0
20260304,000597.SZ,,,,,,,,,,,,,5.71,4.67,,,,,0.0,0.0,2.0
20260304,000598.SZ,,,,,,,,,,,,,7.68,6.28,,,,,0.0,0.0,2.0
20260304,000599.SZ,,,,,,,,,,,,,7.38,6.04,,,,,0.0,0.0,2.0
20260304,000600.SZ,,,,,,,,,,,,,10.18,8.33,,,,,0.0,0.0,2.0
20260304,000601.SZ,,,,,,,,,,,,,6.11,5.0,,,,,0.0,0.0,2.0
20260304,000603.SZ,,,,,,,,,,,,,56.0,45.82,,,,,0.0,0.0,2.0
20260304,000605.SZ,,,,,,,,,,,,,7.88,6.44,,,,,0.0,0.0,2.0
20260304,000607.SZ,,,,,,,,,,,,,4.69,3.83,,,,,0.0,0.0,2.0
20260304,000608.SZ,,,,,,,,,,,,,3.52,3.18,,,,,0.0,0.0,2.0
20260304,000609.SZ,,,,,,,,,,,,,10.22,9.24,,,,,0.0,0.0,2.0
20260304,000610.SZ,,,,,,,,,,,,,10.1,8.26,,,,,0.0,0.0,2.0
20260304,000612.SZ,,,,,,,,,,,,,15.96,13.06,,,,,0.0,0.0,2.0
20260304,000615.SZ,,,,,,,,,,,,,3.32,3.0,,,,,0.0,0.0,2.0
20260304,000617.SZ,,,,,,,,,,,,,10.42,8.52,,,,,0.0,0.0,2.0
20260304,000619.SZ,,,,,,,,,,,,,6.81,5.57,,,,,0.0,0.0,2.0
20260304,000620.SZ,,,,,,,,,,,,,3.14,2.57,,,,,0.0,0.0,2.0
20260304,000623.SZ,,,,,,,,,,,,,20.53,16.79,,,,,0.0,0.0,2.0
20260304,000625.SZ,,,,,,,,,,,,,12.08,9.88,,,,,0.0,0.0,2.0
20260304,000626.SZ,,,,,,,,,,,,,8.01,6.55,,,,,0.0,0.0,2.0
20260304,000628.SZ,,,,,,,,,,,,,59.81,48.93,,,,,0.0,0.0,2.0
20260304,000629.SZ,,,,,,,,,,,,,4.47,3.65,,,,,0.0,0.0,2.0
20260304,000630.SZ,,,,,,,,,,,,,8.54,6.98,,,,,0.0,0.0,2.0
20260304,000631.SZ,,,,,,,,,,,,,4.02,3.29,,,,,0.0,0.0,2.0
20260304,000632.SZ,,,,,,,,,,,,,5.42,4.44,,,,,0.0,0.0,2.0
20260304,000633.SZ,,,,,,,,,,,,,8.2,6.71,,,,,0.0,0.0,2.0
20260304,000635.SZ,,,,,,,,,,,,,9.89,8.09,,,,,0.0,0.0,2.0
20260304,000636.SZ,,,,,,,,,,,,,26.24,21.47,,,,,0.0,0.0,2.0
20260304,000637.SZ,,,,,,,,,,,,,6.27,5.13,,,,,0.0,0.0,2.0
20260304,000638.SZ,,,,,,,,,,,,,2.3,2.08,,,,,0.0,0.0,2.0
20260304,000639.SZ,,,,,,,,,,,,,3.01,2.47,,,,,0.0,0.0,2.0
20260304,000650.SZ,,,,,,,,,,,,,6.42,5.26,,,,,0.0,0.0,2.0
20260304,000651.SZ,,,,,,,,,,,,,40.8,33.38,,,,,0.0,0.0,2.0
20260304,000652.SZ,,,,,,,,,,,,,4.59,3.75,,,,,0.0,0.0,2.0
20260304,000655.SZ,,,,,,,,,,,,,11.92,9.76,,,,,0.0,0.0,2.0
20260304,000656.SZ,,,,,,,,,,,,,1.45,1.31,,,,,0.0,0.0,2.0
20260304,000657.SZ,,,,,,,,,,,,,71.43,58.45,,,,,0.0,0.0,2.0
20260304,000659.SZ,,,,,,,,,,,,,4.83,3.95,,,,,0.0,0.0,2.0
20260304,000661.SZ,,,,,,,,,,,,,98.92,80.94,,,,,0.0,0.0,2.0
20260304,000663.SZ,,,,,,,,,,,,,8.59,7.03,,,,,0.0,0.0,2.0
20260304,000665.SZ,,,,,,,,,,,,,5.78,4.73,,,,,0.0,0.0,2.0
20260304,000668.SZ,,,,,,,,,,,,,15.3,13.84,,,,,0.0,0.0,2.0
20260304,000669.SZ,,,,,,,,,,,,,4.4,3.98,,,,,0.0,0.0,2.0
20260304,000670.SZ,,,,,,,,,,,,,8.45,6.91,,,,,0.0,0.0,2.0
20260304,000672.SZ,,,,,,,,,,,,,15.82,12.94,,,,,0.0,0.0,2.0
20260304,000676.SZ,,,,,,,,,,,,,9.0,7.36,,,,,0.0,0.0,2.0
20260304,000677.SZ,,,,,,,,,,,,,4.25,3.47,,,,,0.0,0.0,2.0
20260304,000678.SZ,,,,,,,,,,,,,13.61,11.13,,,,,0.0,0.0,2.0
20260304,000679.SZ,,,,,,,,,,,,,7.74,6.34,,,,,0.0,0.0,2.0
20260304,000680.SZ,,,,,,,,,,,,,14.19,11.61,,,,,0.0,0.0,2.0
20260304,000681.SZ,,,,,,,,,,,,,25.69,21.02,,,,,0.0,0.0,2.0
20260304,000682.SZ,,,,,,,,,,,,,14.96,12.24,,,,,0.0,0.0,2.0
20260304,000683.SZ,,,,,,,,,,,,,10.2,8.34,,,,,0.0,0.0,2.0
20260304,000685.SZ,,,,,,,,,,,,,13.18,10.78,,,,,0.0,0.0,2.0
20260304,000686.SZ,,,,,,,,,,,,,9.66,7.9,,,,,0.0,0.0,2.0
20260304,000688.SZ,,,,,,,,,,,,,38.75,31.71,,,,,0.0,0.0,2.0
20260304,000690.SZ,,,,,,,,,,,,,5.08,4.16,,,,,0.0,0.0,2.0
20260304,000691.SZ,,,,,,,,,,,,,8.68,7.86,,,,,0.0,0.0,2.0
20260304,000692.SZ,,,,,,,,,,,,,4.39,3.59,,,,,0.0,0.0,2.0
20260304,000695.SZ,,,,,,,,,,,,,13.87,11.35,,,,,0.0,0.0,2.0
20260304,000697.SZ,,,,,,,,,,,,,10.23,9.25,,,,,1.0,0.0,2.0
20260304,000698.SZ,,,,,,,,,,,,,4.16,3.76,,,,,0.0,0.0,2.0
20260304,000700.SZ,,,,,,,,,,,,,14.01,11.47,,,,,0.0,0.0,2.0
20260304,000701.SZ,,,,,,,,,,,,,6.56,5.36,,,,,0.0,0.0,2.0
20260304,000702.SZ,,,,,,,,,,,,,7.48,6.12,,,,,0.0,0.0,2.0
20260304,000703.SZ,,,,,,,,,,,,,13.96,11.42,,,,,0.0,0.0,2.0
20260304,000705.SZ,,,,,,,,,,,,,9.85,8.06,,,,,0.0,0.0,2.0
20260304,000707.SZ,,,,,,,,,,,,,7.1,5.81,,,,,0.0,0.0,2.0
20260304,000708.SZ,,,,,,,,,,,,,19.49,15.95,,,,,0.0,0.0,2.0
20260304,000709.SZ,,,,,,,,,,,,,2.87,2.35,,,,,0.0,0.0,2.0
20260304,000710.SZ,,,,,,,,,,,,,12.55,10.27,,,,,0.0,0.0,2.0
20260304,000711.SZ,,,,,,,,,,,,,3.82,3.46,,,,,1.0,0.0,2.0
20260304,000712.SZ,,,,,,,,,,,,,13.51,11.05,,,,,0.0,0.0,2.0
20260304,000713.SZ,,,,,,,,,,,,,7.82,6.4,,,,,0.0,0.0,2.0
20260304,000715.SZ,,,,,,,,,,,,,6.61,5.41,,,,,0.0,0.0,2.0
20260304,000716.SZ,,,,,,,,,,,,,6.29,5.15,,,,,0.0,0.0,2.0
20260304,000717.SZ,,,,,,,,,,,,,2.98,2.44,,,,,0.0,0.0,2.0
20260304,000718.SZ,,,,,,,,,,,,,2.48,2.03,,,,,0.0,0.0,2.0
20260304,000719.SZ,,,,,,,,,,,,,14.19,11.61,,,,,0.0,0.0,2.0
20260304,000720.SZ,,,,,,,,,,,,,4.11,3.37,,,,,0.0,0.0,2.0
20260304,000721.SZ,,,,,,,,,,,,,9.13,7.47,,,,,0.0,0.0,2.0
20260304,000722.SZ,,,,,,,,,,,,,14.45,11.83,,,,,0.0,0.0,2.0
20260304,000723.SZ,,,,,,,,,,,,,6.06,4.96,,,,,0.0,0.0,2.0
20260304,000725.SZ,,,,,,,,,,,,,4.75,3.89,,,,,0.0,0.0,2.0
20260304,000726.SZ,,,,,,,,,,,,,8.2,6.71,,,,,0.0,0.0,2.0
20260304,000727.SZ,,,,,,,,,,,,,2.78,2.28,,,,,0.0,0.0,2.0
20260304,000728.SZ,,,,,,,,,,,,,8.93,7.31,,,,,0.0,0.0,2.0
20260304,000729.SZ,,,,,,,,,,,,,14.58,11.93,,,,,0.0,0.0,2.0
20260304,000731.SZ,,,,,,,,,,,,,8.51,6.97,,,,,0.0,0.0,2.0
20260304,000733.SZ,,,,,,,,,,,,,57.78,47.28,,,,,0.0,0.0,2.0
20260304,000735.SZ,,,,,,,,,,,,,8.34,6.82,,,,,0.0,0.0,2.0
20260304,000736.SZ,,,,,,,,,,,,,5.5,4.98,,,,,0.0,0.0,2.0
20260304,000737.SZ,,,,,,,,,,,,,18.78,15.36,,,,,0.0,0.0,2.0
20260304,000738.SZ,,,,,,,,,,,,,28.01,22.91,,,,,0.0,0.0,2.0
20260304,000739.SZ,,,,,,,,,,,,,19.23,15.73,,,,,0.0,0.0,2.0
20260304,000750.SZ,,,,,,,,,,,,,4.52,3.7,,,,,0.0,0.0,2.0
20260304,000751.SZ,,,,,,,,,,,,,7.65,6.26,,,,,0.0,0.0,2.0
20260304,000752.SZ,,,,,,,,,,,,,10.43,9.43,,,,,0.0,0.0,2.0
20260304,000753.SZ,,,,,,,,,,,,,7.88,6.44,,,,,0.0,0.0,2.0
20260304,000755.SZ,,,,,,,,,,,,,5.97,4.89,,,,,0.0,0.0,2.0
20260304,000756.SZ,,,,,,,,,,,,,16.62,13.6,,,,,0.0,0.0,2.0
20260304,000757.SZ,,,,,,,,,,,,,5.56,4.55,,,,,0.0,0.0,2.0
20260304,000758.SZ,,,,,,,,,,,,,8.98,7.34,,,,,0.0,0.0,2.0
20260304,000759.SZ,,,,,,,,,,,,,7.28,5.96,,,,,0.0,0.0,2.0
20260304,000761.SZ,,,,,,,,,,,,,4.07,3.33,,,,,0.0,0.0,2.0
20260304,000762.SZ,,,,,,,,,,,,,32.1,26.26,,,,,0.0,0.0,2.0
20260304,000766.SZ,,,,,,,,,,,,,23.08,18.88,,,,,0.0,0.0,2.0
20260304,000767.SZ,,,,,,,,,,,,,3.87,3.17,,,,,0.0,0.0,2.0
20260304,000768.SZ,,,,,,,,,,,,,31.59,25.85,,,,,0.0,0.0,2.0
20260304,000776.SZ,,,,,,,,,,,,,22.58,18.48,,,,,0.0,0.0,2.0
20260304,000777.SZ,,,,,,,,,,,,,26.39,21.59,,,,,0.0,0.0,2.0
20260304,000778.SZ,,,,,,,,,,,,,5.63,4.61,,,,,0.0,0.0,2.0
20260304,000779.SZ,,,,,,,,,,,,,10.53,8.61,,,,,0.0,0.0,2.0
20260304,000782.SZ,,,,,,,,,,,,,6.51,5.33,,,,,0.0,0.0,2.0
20260304,000783.SZ,,,,,,,,,,,,,8.47,6.93,,,,,0.0,0.0,2.0
20260304,000785.SZ,,,,,,,,,,,,,3.11,2.55,,,,,0.0,0.0,2.0
20260304,000786.SZ,,,,,,,,,,,,,31.9,26.1,,,,,0.0,0.0,2.0
20260304,000788.SZ,,,,,,,,,,,,,6.68,5.46,,,,,0.0,0.0,2.0
20260304,000789.SZ,,,,,,,,,,,,,6.24,5.1,,,,,0.0,0.0,2.0
20260304,000790.SZ,,,,,,,,,,,,,4.38,3.58,,,,,0.0,0.0,2.0
20260304,000791.SZ,,,,,,,,,,,,,8.76,7.16,,,,,0.0,0.0,2.0
20260304,000792.SZ,,,,,,,,,,,,,39.42,32.26,,,,,0.0,0.0,2.0
20260304,000793.SZ,,,,,,,,,,,,,2.89,2.61,,,,,0.0,0.0,2.0
20260304,000795.SZ,,,,,,,,,,,,,11.31,9.25,,,,,0.0,0.0,2.0
20260304,000796.SZ,,,,,,,,,,,,,5.79,4.73,,,,,0.0,0.0,2.0
20260304,000797.SZ,,,,,,,,,,,,,3.31,2.71,,,,,0.0,0.0,2.0
20260304,000798.SZ,,,,,,,,,,,,,13.01,10.65,,,,,0.0,0.0,2.0
20260304,000799.SZ,,,,,,,,,,,,,54.21,44.35,,,,,0.0,0.0,2.0
20260304,000800.SZ,,,,,,,,,,,,,7.5,6.14,,,,,0.0,0.0,2.0
20260304,000801.SZ,,,,,,,,,,,,,17.93,14.67,,,,,0.0,0.0,2.0
20260304,000802.SZ,,,,,,,,,,,,,4.58,3.74,,,,,0.0,0.0,2.0
20260304,000803.SZ,,,,,,,,,,,,,10.7,8.76,,,,,0.0,0.0,2.0
20260304,000807.SZ,,,,,,,,,,,,,35.71,29.21,,,,,0.0,0.0,2.0
20260304,000809.SZ,,,,,,,,,,,,,3.65,2.99,,,,,0.0,0.0,2.0
20260304,000810.SZ,,,,,,,,,,,,,11.99,9.81,,,,,0.0,0.0,2.0
20260304,000811.SZ,,,,,,,,,,,,,22.06,18.05,,,,,0.0,0.0,2.0
20260304,000812.SZ,,,,,,,,,,,,,4.63,3.79,,,,,0.0,0.0,2.0
20260304,000813.SZ,,,,,,,,,,,,,3.94,3.22,,,,,0.0,0.0,2.0
20260304,000815.SZ,,,,,,,,,,,,,14.26,11.66,,,,,0.0,0.0,2.0
20260304,000816.SZ,,,,,,,,,,,,,4.28,3.5,,,,,0.0,0.0,2.0
20260304,000818.SZ,,,,,,,,,,,,,23.46,19.2,,,,,0.0,0.0,2.0
20260304,000819.SZ,,,,,,,,,,,,,19.93,16.31,,,,,0.0,0.0,2.0
20260304,000820.SZ,,,,,,,,,,,,,3.57,3.23,,,,,0.0,0.0,2.0
20260304,000821.SZ,,,,,,,,,,,,,14.54,13.16,,,,,0.0,0.0,2.0
20260304,000822.SZ,,,,,,,,,,,,,7.96,6.52,,,,,0.0,0.0,2.0
20260304,000823.SZ,,,,,,,,,,,,,16.45,13.46,,,,,0.0,0.0,2.0
20260304,000825.SZ,,,,,,,,,,,,,5.82,4.76,,,,,0.0,0.0,2.0
20260304,000826.SZ,,,,,,,,,,,,,2.68,2.2,,,,,0.0,0.0,2.0
20260304,000828.SZ,,,,,,,,,,,,,11.98,9.8,,,,,0.0,0.0,2.0
20260304,000829.SZ,,,,,,,,,,,,,11.62,9.5,,,,,0.0,0.0,2.0
20260304,000830.SZ,,,,,,,,,,,,,21.91,17.93,,,,,0.0,0.0,2.0
20260304,000831.SZ,,,,,,,,,,,,,63.21,51.71,,,,,0.0,0.0,2.0
20260304,000833.SZ,,,,,,,,,,,,,28.13,23.01,,,,,0.0,0.0,2.0
20260304,000837.SZ,,,,,,,,,,,,,12.66,10.36,,,,,0.0,0.0,2.0
20260304,000838.SZ,,,,,,,,,,,,,2.7,2.21,,,,,0.0,0.0,2.0
20260304,000839.SZ,,,,,,,,,,,,,3.47,2.84,,,,,0.0,0.0,2.0
20260304,000848.SZ,,,,,,,,,,,,,9.16,7.5,,,,,0.0,0.0,2.0
20260304,000850.SZ,,,,,,,,,,,,,5.92,4.84,,,,,0.0,0.0,2.0
20260304,000852.SZ,,,,,,,,,,,,,9.88,8.08,,,,,0.0,0.0,2.0
20260304,000856.SZ,,,,,,,,,,,,,11.52,9.42,,,,,0.0,0.0,2.0
20260304,000858.SZ,,,,,,,,,,,,,112.81,92.3,,,,,0.0,0.0,2.0
20260304,000859.SZ,,,,,,,,,,,,,11.72,9.59,,,,,0.0,0.0,2.0
20260304,000860.SZ,,,,,,,,,,,,,15.57,12.74,,,,,0.0,0.0,2.0
20260304,000862.SZ,,U,0.0,91351731.0,91351731.0,133539.0,133539.0,,,,,,7.34,6.0,1.0,7.0,2.0,0.0,1.0,0.0,2.3629221487651986
20260304,000863.SZ,,,,,,,,,,,,,6.09,4.99,,,,,0.0,0.0,2.0
20260304,000868.SZ,,,,,,,,,,,,,5.12,4.19,,,,,0.0,0.0,2.0
20260304,000869.SZ,,,,,,,,,,,,,21.99,17.99,,,,,0.0,0.0,2.0
20260304,000875.SZ,,,,,,,,,,,,,8.25,6.75,,,,,0.0,0.0,2.0
20260304,000876.SZ,,,,,,,,,,,,,9.58,7.84,,,,,0.0,0.0,2.0
20260304,000877.SZ,,,,,,,,,,,,,5.86,4.8,,,,,0.0,0.0,2.0
20260304,000878.SZ,,,,,,,,,,,,,27.12,22.19,,,,,0.0,0.0,2.0
20260304,000880.SZ,,,,,,,,,,,,,34.43,28.17,,,,,0.0,0.0,2.0
20260304,000881.SZ,,,,,,,,,,,,,9.33,7.63,,,,,0.0,0.0,2.0
20260304,000882.SZ,,,,,,,,,,,,,2.05,1.67,,,,,0.0,0.0,2.0
20260304,000883.SZ,,,,,,,,,,,,,5.27,4.31,,,,,0.0,0.0,2.0
20260304,000885.SZ,,,,,,,,,,,,,15.43,12.63,,,,,0.0,0.0,2.0
20260304,000886.SZ,,,,,,,,,,,,,6.82,5.58,,,,,0.0,0.0,2.0
20260304,000887.SZ,,,,,,,,,,,,,22.21,18.17,,,,,0.0,0.0,2.0
20260304,000888.SZ,,,,,,,,,,,,,14.48,11.84,,,,,0.0,0.0,2.0
20260304,000889.SZ,,,,,,,,,,,,,3.82,3.12,,,,,0.0,0.0,2.0
20260304,000890.SZ,,U,3.0,32577913.0,32577913.0,101933.0,144457.0,,,,,,8.87,7.25,0.0,,,0.0,1.0,0.0,1.2902703692417792
20260304,000892.SZ,,,,,,,,,,,,,7.18,5.88,,,,,0.0,0.0,2.0
20260304,000893.SZ,,,,,,,,,,,,,63.55,51.99,,,,,0.0,0.0,2.0
20260304,000895.SZ,,,,,,,,,,,,,29.45,24.09,,,,,0.0,0.0,2.0
20260304,000897.SZ,,,,,,,,,,,,,2.42,1.98,,,,,0.0,0.0,2.0
20260304,000898.SZ,,,,,,,,,,,,,2.9,2.38,,,,,0.0,0.0,2.0
20260304,000899.SZ,,,,,,,,,,,,,15.1,12.36,,,,,0.0,0.0,2.0
20260304,000900.SZ,,,,,,,,,,,,,4.75,3.89,,,,,0.0,0.0,2.0
20260304,000901.SZ,,,,,,,,,,,,,27.92,22.84,,,,,0.0,0.0,2.0
20260304,000902.SZ,,,,,,,,,,,,,19.69,16.11,,,,,0.0,0.0,2.0
20260304,000903.SZ,,,,,,,,,,,,,2.76,2.5,,,,,0.0,0.0,2.0
20260304,000905.SZ,,,,,,,,,,,,,15.17,12.41,,,,,0.0,0.0,2.0
20260304,000906.SZ,,,,,,,,,,,,,6.77,5.54,,,,,0.0,0.0,2.0
20260304,000908.SZ,,,,,,,,,,,,,6.24,5.64,,,,,0.0,0.0,2.0
20260304,000909.SZ,,,,,,,,,,,,,6.41,5.8,,,,,0.0,0.0,2.0
20260304,000910.SZ,,,,,,,,,,,,,8.09,6.62,,,,,0.0,0.0,2.0
20260304,000911.SZ,,,,,,,,,,,,,7.67,6.27,,,,,0.0,0.0,2.0
20260304,000912.SZ,,,,,,,,,,,,,5.94,4.86,,,,,0.0,0.0,2.0
20260304,000913.SZ,,,,,,,,,,,,,16.71,13.67,,,,,0.0,0.0,2.0
20260304,000915.SZ,,,,,,,,,,,,,35.49,29.03,,,,,0.0,0.0,2.0
20260304,000917.SZ,,,,,,,,,,,,,11.72,9.59,,,,,0.0,0.0,2.0
20260304,000919.SZ,,,,,,,,,,,,,7.94,6.5,,,,,0.0,0.0,2.0
20260304,000920.SZ,,,,,,,,,,,,,13.95,11.41,,,,,0.0,0.0,2.0
20260304,000921.SZ,,,,,,,,,,,,,25.33,20.73,,,,,0.0,0.0,2.0
20260304,000922.SZ,,,,,,,,,,,,,15.75,12.89,,,,,0.0,0.0,2.0
20260304,000923.SZ,,,,,,,,,,,,,25.76,21.08,,,,,0.0,0.0,2.0
20260304,000925.SZ,,,,,,,,,,,,,8.49,6.95,,,,,0.0,0.0,2.0
20260304,000926.SZ,,,,,,,,,,,,,2.4,1.96,,,,,0.0,0.0,2.0
20260304,000927.SZ,,,,,,,,,,,,,3.19,2.61,,,,,0.0,0.0,2.0
20260304,000928.SZ,,,,,,,,,,,,,7.78,6.36,,,,,0.0,0.0,2.0
20260304,000929.SZ,,,,,,,,,,,,,10.53,9.53,,,,,0.0,0.0,2.0
20260304,000930.SZ,,,,,,,,,,,,,7.93,6.49,,,,,0.0,0.0,2.0
20260304,000931.SZ,,,,,,,,,,,,,5.48,4.48,,,,,0.0,0.0,2.0
20260304,000932.SZ,,,,,,,,,,,,,7.24,5.92,,,,,0.0,0.0,2.0
20260304,000933.SZ,,,,,,,,,,,,,37.14,30.38,,,,,0.0,0.0,2.0
20260304,000935.SZ,,,,,,,,,,,,,30.2,24.71,,,,,0.0,0.0,2.0
20260304,000936.SZ,,,,,,,,,,,,,8.46,6.92,,,,,0.0,0.0,2.0
20260304,000937.SZ,,,,,,,,,,,,,6.55,5.36,,,,,0.0,0.0,2.0
20260304,000938.SZ,,,,,,,,,,,,,26.25,21.47,,,,,0.0,0.0,2.0
20260304,000948.SZ,,,,,,,,,,,,,17.63,14.43,,,,,0.0,0.0,2.0
20260304,000949.SZ,,,,,,,,,,,,,7.55,6.17,,,,,0.0,0.0,2.0
20260304,000950.SZ,,,,,,,,,,,,,6.28,5.14,,,,,0.0,0.0,2.0
20260304,000951.SZ,,,,,,,,,,,,,21.27,17.41,,,,,0.0,0.0,2.0
20260304,000952.SZ,,,,,,,,,,,,,8.17,6.69,,,,,0.0,0.0,2.0
20260304,000953.SZ,,,,,,,,,,,,,7.91,6.47,,,,,0.0,0.0,2.0
20260304,000955.SZ,,,,,,,,,,,,,5.87,4.81,,,,,0.0,0.0,2.0
20260304,000957.SZ,,,,,,,,,,,,,12.17,9.95,,,,,0.0,0.0,2.0
20260304,000958.SZ,,,,,,,,,,,,,7.25,5.93,,,,,0.0,0.0,2.0
20260304,000959.SZ,,,,,,,,,,,,,6.15,5.03,,,,,0.0,0.0,2.0
20260304,000960.SZ,,,,,,,,,,,,,48.31,39.53,,,,,0.0,0.0,2.0
20260304,000962.SZ,,,,,,,,,,,,,57.43,46.99,,,,,0.0,0.0,2.0
20260304,000963.SZ,,,,,,,,,,,,,37.43,30.63,,,,,0.0,0.0,2.0
20260304,000965.SZ,,,,,,,,,,,,,4.32,3.54,,,,,0.0,0.0,2.0
20260304,000966.SZ,,,,,,,,,,,,,5.16,4.22,,,,,0.0,0.0,2.0
20260304,000967.SZ,,,,,,,,,,,,,8.93,7.31,,,,,0.0,0.0,2.0
20260304,000968.SZ,,,,,,,,,,,,,11.45,9.37,,,,,0.0,0.0,2.0
20260304,000969.SZ,,,,,,,,,,,,,26.42,21.62,,,,,0.0,0.0,2.0
20260304,000970.SZ,,,,,,,,,,,,,15.73,12.87,,,,,0.0,0.0,2.0
20260304,000972.SZ,,,,,,,,,,,,,3.9,3.52,,,,,0.0,0.0,2.0
20260304,000973.SZ,,,,,,,,,,,,,14.38,11.76,,,,,0.0,0.0,2.0
20260304,000975.SZ,,,,,,,,,,,,,34.88,28.54,,,,,0.0,0.0,2.0
20260304,000977.SZ,,,,,,,,,,,,,64.6,52.86,,,,,0.0,0.0,2.0
20260304,000978.SZ,,,,,,,,,,,,,7.54,6.17,,,,,0.0,0.0,2.0
20260304,000980.SZ,,,,,,,,,,,,,3.06,2.5,,,,,0.0,0.0,2.0
20260304,000981.SZ,,,,,,,,,,,,,5.09,4.17,,,,,0.0,0.0,2.0
20260304,000983.SZ,,,,,,,,,,,,,8.32,6.8,,,,,0.0,0.0,2.0
20260304,000985.SZ,,,,,,,,,,,,,27.17,22.23,,,,,0.0,0.0,2.0
20260304,000987.SZ,,,,,,,,,,,,,9.96,8.15,,,,,0.0,0.0,2.0
20260304,000988.SZ,,,,,,,,,,,,,105.41,86.25,,,,,0.0,0.0,2.0
20260304,000989.SZ,,,,,,,,,,,,,9.46,7.74,,,,,0.0,0.0,2.0
20260304,000990.SZ,,,,,,,,,,,,,9.81,8.03,,,,,0.0,0.0,2.0
20260304,000993.SZ,,,,,,,,,,,,,15.44,12.64,,,,,0.0,0.0,2.0
20260304,000995.SZ,,,,,,,,,,,,,17.0,13.91,,,,,0.0,0.0,2.0
20260304,000997.SZ,,,,,,,,,,,,,25.1,20.54,,,,,0.0,0.0,2.0
20260304,000998.SZ,,,,,,,,,,,,,11.34,9.28,,,,,0.0,0.0,2.0
20260304,000999.SZ,,,,,,,,,,,,,32.51,26.6,,,,,0.0,0.0,2.0
20260304,001201.SZ,,,,,,,,,,,,,16.13,13.19,,,,,0.0,0.0,2.0
20260304,001202.SZ,,,,,,,,,,,,,19.28,15.78,,,,,0.0,0.0,2.0
20260304,001203.SZ,,,,,,,,,,,,,39.24,32.1,,,,,0.0,0.0,2.0
20260304,001205.SZ,,,,,,,,,,,,,19.78,16.18,,,,,0.0,0.0,2.0
20260304,001206.SZ,,,,,,,,,,,,,24.65,20.17,,,,,0.0,0.0,2.0
20260304,001207.SZ,,,,,,,,,,,,,29.35,24.01,,,,,0.0,0.0,2.0
20260304,001208.SZ,,,,,,,,,,,,,22.54,18.44,,,,,0.0,0.0,2.0
20260304,001209.SZ,,,,,,,,,,,,,28.97,23.71,,,,,0.0,0.0,2.0
20260304,001210.SZ,,,,,,,,,,,,,24.64,20.16,,,,,0.0,0.0,2.0
20260304,001211.SZ,,,,,,,,,,,,,29.87,24.44,,,,,0.0,0.0,2.0
20260304,001212.SZ,,,,,,,,,,,,,57.75,47.25,,,,,0.0,0.0,2.0
20260304,001213.SZ,,,,,,,,,,,,,4.65,3.81,,,,,0.0,0.0,2.0
20260304,001215.SZ,,,,,,,,,,,,,41.59,34.03,,,,,0.0,0.0,2.0
20260304,001216.SZ,,,,,,,,,,,,,20.75,16.97,,,,,0.0,0.0,2.0
20260304,001217.SZ,,,,,,,,,,,,,14.36,11.75,,,,,0.0,0.0,2.0
20260304,001218.SZ,,,,,,,,,,,,,27.53,22.53,,,,,0.0,0.0,2.0
20260304,001219.SZ,,,,,,,,,,,,,15.96,13.06,,,,,0.0,0.0,2.0
20260304,001220.SZ,,,,,,,,,,,,,44.88,36.72,,,,,0.0,0.0,2.0
20260304,001221.SZ,,,,,,,,,,,,,74.26,60.76,,,,,0.0,0.0,2.0
20260304,001222.SZ,,,,,,,,,,,,,22.79,18.65,,,,,0.0,0.0,2.0
20260304,001223.SZ,,,,,,,,,,,,,60.01,49.1,,,,,0.0,0.0,2.0
20260304,001225.SZ,,,,,,,,,,,,,77.33,63.27,,,,,0.0,0.0,2.0
20260304,001226.SZ,,,,,,,,,,,,,47.22,38.64,,,,,0.0,0.0,2.0
20260304,001227.SZ,,,,,,,,,,,,,2.55,2.09,,,,,0.0,0.0,2.0
20260304,001228.SZ,,,,,,,,,,,,,35.82,29.3,,,,,0.0,0.0,2.0
20260304,001229.SZ,,,,,,,,,,,,,38.84,31.78,,,,,0.0,0.0,2.0
20260304,001230.SZ,,,,,,,,,,,,,29.3,23.98,,,,,0.0,0.0,2.0
20260304,001231.SZ,,,,,,,,,,,,,26.84,21.96,,,,,0.0,0.0,2.0
20260304,001233.SZ,,,,,,,,,,,,,77.72,63.59,,,,,0.0,0.0,2.0
20260304,001234.SZ,,,,,,,,,,,,,31.77,25.99,,,,,0.0,0.0,2.0
20260304,001236.SZ,,,,,,,,,,,,,10.81,8.85,,,,,0.0,0.0,2.0
20260304,001238.SZ,,,,,,,,,,,,,57.06,46.68,,,,,0.0,0.0,2.0
20260304,001239.SZ,,,,,,,,,,,,,17.16,14.04,,,,,0.0,0.0,2.0
20260304,001255.SZ,,,,,,,,,,,,,42.33,34.63,,,,,0.0,0.0,2.0
20260304,001256.SZ,,,,,,,,,,,,,23.79,19.47,,,,,0.0,0.0,2.0
20260304,001258.SZ,,,,,,,,,,,,,8.64,7.07,,,,,0.0,0.0,2.0
20260304,001259.SZ,,,,,,,,,,,,,34.56,28.28,,,,,0.0,0.0,2.0
20260304,001260.SZ,,,,,,,,,,,,,23.67,19.37,,,,,0.0,0.0,2.0
20260304,001266.SZ,,,,,,,,,,,,,35.19,28.79,,,,,0.0,0.0,2.0
20260304,001267.SZ,,,,,,,,,,,,,38.45,31.46,,,,,0.0,0.0,2.0
20260304,001268.SZ,,,,,,,,,,,,,35.43,28.99,,,,,0.0,0.0,2.0
20260304,001269.SZ,,,,,,,,,,,,,28.63,23.43,,,,,0.0,0.0,2.0
20260304,001270.SZ,,,,,,,,,,,,,136.66,123.64,,,,,0.0,0.0,2.0
20260304,001277.SZ,,,,,,,,,,,,,44.46,36.38,,,,,0.0,0.0,2.0
20260304,001278.SZ,,,,,,,,,,,,,28.18,23.06,,,,,0.0,0.0,2.0
20260304,001279.SZ,,,,,,,,,,,,,36.21,29.63,,,,,0.0,0.0,2.0
20260304,001280.SZ,,,,,,,,,,,,,102.36,83.75,,,,,0.0,0.0,2.0
20260304,001282.SZ,,U,0.0,103045002.0,103045002.0,131357.0,131357.0,,,,,,25.3,20.7,0.0,,,0.0,1.0,0.0,2.127376492136248
20260304,001283.SZ,,,,,,,,,,,,,68.29,55.87,,,,,0.0,0.0,2.0
20260304,001285.SZ,,,,,,,,,,,,,59.69,48.83,,,,,0.0,0.0,2.0
20260304,001286.SZ,,,,,,,,,,,,,12.11,9.91,,,,,0.0,0.0,2.0
20260304,001287.SZ,,,,,,,,,,,,,24.27,19.85,,,,,0.0,0.0,2.0
20260304,001288.SZ,,,,,,,,,,,,,38.7,31.66,,,,,0.0,0.0,2.0
20260304,001289.SZ,,,,,,,,,,,,,18.79,15.37,,,,,0.0,0.0,2.0
20260304,001296.SZ,,,,,,,,,,,,,30.62,25.06,,,,,0.0,0.0,2.0
20260304,001298.SZ,,,,,,,,,,,,,32.03,26.21,,,,,0.0,0.0,2.0
20260304,001299.SZ,,,,,,,,,,,,,17.02,13.92,,,,,0.0,0.0,2.0
20260304,001300.SZ,,,,,,,,,,,,,17.59,14.39,,,,,0.0,0.0,2.0
20260304,001301.SZ,,,,,,,,,,,,,80.89,66.19,,,,,0.0,0.0,2.0
20260304,001306.SZ,,,,,,,,,,,,,83.05,67.95,,,,,0.0,0.0,2.0
20260304,001308.SZ,,,,,,,,,,,,,22.52,18.42,,,,,0.0,0.0,2.0
20260304,001309.SZ,,U,16.0,131317275.0,131317275.0,93606.0,130809.0,,,,,,251.57,205.83,1.0,5.0,2.0,0.0,1.0,0.0,1.4711480820027873
20260304,001311.SZ,,,,,,,,,,,,,39.86,32.62,,,,,0.0,0.0,2.0
20260304,001313.SZ,,,,,,,,,,,,,8.0,6.54,,,,,0.0,0.0,2.0
20260304,001314.SZ,,,,,,,,,,,,,49.72,40.68,,,,,0.0,0.0,2.0
20260304,001316.SZ,,,,,,,,,,,,,52.48,42.94,,,,,0.0,0.0,2.0
20260304,001317.SZ,,,,,,,,,,,,,56.76,46.44,,,,,0.0,0.0,2.0
20260304,001318.SZ,,,,,,,,,,,,,15.82,12.94,,,,,0.0,0.0,2.0
20260304,001319.SZ,,,,,,,,,,,,,29.1,23.81,,,,,0.0,0.0,2.0
20260304,001322.SZ,,,,,,,,,,,,,9.68,7.92,,,,,0.0,0.0,2.0
20260304,001323.SZ,,,,,,,,,,,,,29.63,24.25,,,,,0.0,0.0,2.0
20260304,001324.SZ,,,,,,,,,,,,,21.78,17.82,,,,,0.0,0.0,2.0
20260304,001325.SZ,,,,,,,,,,,,,55.75,45.61,,,,,0.0,0.0,2.0
20260304,001326.SZ,,,,,,,,,,,,,64.78,53.0,,,,,0.0,0.0,2.0
20260304,001328.SZ,,,,,,,,,,,,,39.01,31.91,,,,,0.0,0.0,2.0
20260304,001330.SZ,,,,,,,,,,,,,8.82,7.22,,,,,0.0,0.0,2.0
20260304,001331.SZ,,,,,,,,,,,,,62.17,50.87,,,,,0.0,0.0,2.0
20260304,001332.SZ,,,,,,,,,,,,,59.2,48.44,,,,,0.0,0.0,2.0
20260304,001333.SZ,,,,,,,,,,,,,28.61,23.41,,,,,0.0,0.0,2.0
20260304,001335.SZ,,,,,,,,,,,,,49.25,40.29,,,,,0.0,0.0,2.0
20260304,001336.SZ,,,,,,,,,,,,,29.73,24.33,,,,,0.0,0.0,2.0
20260304,001337.SZ,,,,,,,,,,,,,62.47,51.11,,,,,0.0,0.0,2.0
20260304,001338.SZ,,,,,,,,,,,,,13.99,11.45,,,,,0.0,0.0,2.0
20260304,001339.SZ,,,,,,,,,,,,,71.42,58.44,,,,,0.0,0.0,2.0
20260304,001356.SZ,,,,,,,,,,,,,13.13,10.75,,,,,0.0,0.0,2.0
20260304,001358.SZ,,,,,,,,,,,,,31.34,25.64,,,,,0.0,0.0,2.0
20260304,001359.SZ,,,,,,,,,,,,,82.83,67.77,,,,,0.0,0.0,2.0
20260304,001360.SZ,,,,,,,,,,,,,28.79,23.55,,,,,0.0,0.0,2.0
20260304,001366.SZ,,,,,,,,,,,,,15.26,12.48,,,,,0.0,0.0,2.0
20260304,001367.SZ,,,,,,,,,,,,,24.45,20.01,,,,,0.0,0.0,2.0
20260304,001368.SZ,,,,,,,,,,,,,28.69,23.47,,,,,0.0,0.0,2.0
20260304,001369.SZ,,,,,,,,,,,,,15.98,13.08,,,,,0.0,0.0,2.0
20260304,001373.SZ,,,,,,,,,,,,,46.23,37.83,,,,,0.0,0.0,2.0
20260304,001376.SZ,,,,,,,,,,,,,23.54,19.26,,,,,0.0,0.0,2.0
20260304,001378.SZ,,,,,,,,,,,,,27.04,22.12,,,,,0.0,0.0,2.0
20260304,001379.SZ,,,,,,,,,,,,,24.68,20.2,,,,,0.0,0.0,2.0
20260304,001380.SZ,,,,,,,,,,,,,23.83,19.49,,,,,0.0,0.0,2.0
20260304,001382.SZ,,,,,,,,,,,,,22.98,18.8,,,,,0.0,0.0,2.0
20260304,001386.SZ,,,,,,,,,,,,,24.76,20.26,,,,,0.0,0.0,2.0
20260304,001387.SZ,,,,,,,,,,,,,15.05,12.31,,,,,0.0,0.0,2.0
20260304,001388.SZ,,,,,,,,,,,,,47.03,38.48,,,,,0.0,0.0,2.0
20260304,001389.SZ,,,,,,,,,,,,,118.5,96.96,,,,,0.0,0.0,2.0
20260304,001390.SZ,,,,,,,,,,,,,24.96,20.42,,,,,0.0,0.0,2.0
20260304,001391.SZ,,,,,,,,,,,,,6.4,5.24,,,,,0.0,0.0,2.0
20260304,001395.SZ,,,,,,,,,,,,,45.9,37.56,,,,,0.0,0.0,2.0
20260304,001396.SZ,,U,0.0,29125924.0,29125924.0,101642.0,101642.0,,,,,,54.81,44.85,1.0,2.0,3.0,0.0,1.0,0.0,2.286003279706346
20260304,001400.SZ,,,,,,,,,,,,,132.12,108.1,,,,,0.0,0.0,2.0
20260304,001696.SZ,,,,,,,,,,,,,23.9,19.56,,,,,0.0,0.0,2.0
20260304,001872.SZ,,,,,,,,,,,,,24.89,20.37,,,,,0.0,0.0,2.0
20260304,001896.SZ,,,,,,,,,,,,,14.61,11.95,,,,,0.0,0.0,2.0
20260304,001914.SZ,,,,,,,,,,,,,12.53,10.25,,,,,0.0,0.0,2.0
20260304,001965.SZ,,,,,,,,,,,,,10.68,8.74,,,,,0.0,0.0,2.0
20260304,001979.SZ,,,,,,,,,,,,,10.87,8.89,,,,,0.0,0.0,2.0
20260304,002001.SZ,,,,,,,,,,,,,37.28,30.5,,,,,0.0,0.0,2.0
20260304,002003.SZ,,,,,,,,,,,,,11.22,9.18,,,,,0.0,0.0,2.0
20260304,002004.SZ,,,,,,,,,,,,,5.96,4.88,,,,,0.0,0.0,2.0
20260304,002005.SZ,,,,,,,,,,,,,3.13,2.83,,,,,0.0,0.0,2.0
20260304,002006.SZ,,,,,,,,,,,,,20.94,17.14,,,,,0.0,0.0,2.0
20260304,002007.SZ,,,,,,,,,,,,,16.7,13.66,,,,,0.0,0.0,2.0
20260304,002008.SZ,,,,,,,,,,,,,77.5,63.41,,,,,0.0,0.0,2.0
20260304,002009.SZ,,,,,,,,,,,,,30.44,24.9,,,,,0.0,0.0,2.0
20260304,002010.SZ,,,,,,,,,,,,,7.0,5.72,,,,,0.0,0.0,2.0
20260304,002011.SZ,,,,,,,,,,,,,14.42,11.8,,,,,0.0,0.0,2.0
20260304,002012.SZ,,,,,,,,,,,,,7.76,6.35,,,,,0.0,0.0,2.0
20260304,002014.SZ,,,,,,,,,,,,,13.21,10.81,,,,,0.0,0.0,2.0
20260304,002015.SZ,,,,,,,,,,,,,15.54,12.72,,,,,0.0,0.0,2.0
20260304,002016.SZ,,,,,,,,,,,,,6.45,5.27,,,,,0.0,0.0,2.0
20260304,002017.SZ,,,,,,,,,,,,,23.56,19.28,,,,,0.0,0.0,2.0
20260304,002019.SZ,,,,,,,,,,,,,14.65,11.99,,,,,0.0,0.0,2.0
20260304,002020.SZ,,,,,,,,,,,,,17.13,14.01,,,,,0.0,0.0,2.0
20260304,002021.SZ,,,,,,,,,,,,,3.7,3.02,,,,,0.0,0.0,2.0
20260304,002022.SZ,,,,,,,,,,,,,6.33,5.18,,,,,0.0,0.0,2.0
20260304,002023.SZ,,,,,,,,,,,,,12.72,10.4,,,,,0.0,0.0,2.0
20260304,002024.SZ,,,,,,,,,,,,,1.6,1.44,,,,,0.0,0.0,2.0
20260304,002025.SZ,,,,,,,,,,,,,54.86,44.88,,,,,0.0,0.0,2.0
20260304,002026.SZ,,,,,,,,,,,,,15.16,12.4,,,,,0.0,0.0,2.0
20260304,002027.SZ,,,,,,,,,,,,,7.46,6.1,,,,,0.0,0.0,2.0
20260304,002028.SZ,,,,,,,,,,,,,241.34,197.46,,,,,0.0,0.0,2.0
20260304,002029.SZ,,,,,,,,,,,,,11.61,9.5,,,,,0.0,0.0,2.0
20260304,002030.SZ,,,,,,,,,,,,,6.56,5.36,,,,,0.0,0.0,2.0
20260304,002031.SZ,,,,,,,,,,,,,7.78,6.36,,,,,0.0,0.0,2.0
20260304,002032.SZ,,,,,,,,,,,,,47.92,39.2,,,,,0.0,0.0,2.0
20260304,002033.SZ,,,,,,,,,,,,,10.0,8.18,,,,,0.0,0.0,2.0
20260304,002034.SZ,,,,,,,,,,,,,18.76,15.35,,,,,0.0,0.0,2.0
20260304,002035.SZ,,,,,,,,,,,,,6.79,5.55,,,,,0.0,0.0,2.0
20260304,002036.SZ,,,,,,,,,,,,,12.34,10.1,,,,,0.0,0.0,2.0
20260304,002037.SZ,,,,,,,,,,,,,9.59,7.85,,,,,0.0,0.0,2.0
20260304,002038.SZ,,,,,,,,,,,,,6.74,5.52,,,,,0.0,0.0,2.0
20260304,002039.SZ,,,,,,,,,,,,,20.03,16.39,,,,,0.0,0.0,2.0
20260304,002040.SZ,,,,,,,,,,,,,14.49,11.85,,,,,0.0,0.0,2.0
20260304,002041.SZ,,,,,,,,,,,,,12.65,10.35,,,,,0.0,0.0,2.0
20260304,002042.SZ,,,,,,,,,,,,,4.72,3.86,,,,,0.0,0.0,2.0
20260304,002043.SZ,,,,,,,,,,,,,18.6,15.22,,,,,0.0,0.0,2.0
20260304,002044.SZ,,,,,,,,,,,,,7.04,5.76,,,,,0.0,0.0,2.0
20260304,002045.SZ,,,,,,,,,,,,,14.36,11.75,,,,,0.0,0.0,2.0
20260304,002046.SZ,,,,,,,,,,,,,54.55,44.63,,,,,0.0,0.0,2.0
20260304,002047.SZ,,,,,,,,,,,,,4.99,4.51,,,,,0.0,0.0,2.0
20260304,002048.SZ,,,,,,,,,,,,,32.46,26.56,,,,,0.0,0.0,2.0
20260304,002049.SZ,,,,,,,,,,,,,82.64,67.62,,,,,0.0,0.0,2.0
20260304,002050.SZ,,,,,,,,,,,,,51.24,41.92,,,,,0.0,0.0,2.0
20260304,002051.SZ,,,,,,,,,,,,,9.77,7.99,,,,,0.0,0.0,2.0
20260304,002052.SZ,,,,,,,,,,,,,12.75,10.43,,,,,0.0,0.0,2.0
20260304,002053.SZ,,,,,,,,,,,,,13.34,10.92,,,,,0.0,0.0,2.0
20260304,002054.SZ,,,,,,,,,,,,,11.36,9.3,,,,,0.0,0.0,2.0
20260304,002055.SZ,,,,,,,,,,,,,6.44,5.82,,,,,0.0,0.0,2.0
20260304,002056.SZ,,,,,,,,,,,,,23.56,19.28,,,,,0.0,0.0,2.0
20260304,002057.SZ,,,,,,,,,,,,,12.27,10.04,,,,,0.0,0.0,2.0
20260304,002058.SZ,,,,,,,,,,,,,24.15,21.85,,,,,0.0,0.0,2.0
20260304,002059.SZ,,,,,,,,,,,,,5.48,4.48,,,,,0.0,0.0,2.0
20260304,002060.SZ,,,,,,,,,,,,,4.27,3.49,,,,,0.0,0.0,2.0
20260304,002061.SZ,,,,,,,,,,,,,4.51,3.69,,,,,0.0,0.0,2.0
20260304,002062.SZ,,,,,,,,,,,,,9.85,8.06,,,,,0.0,0.0,2.0
20260304,002063.SZ,,,,,,,,,,,,,6.79,5.55,,,,,0.0,0.0,2.0
20260304,002064.SZ,,,,,,,,,,,,,12.82,10.49,,,,,0.0,0.0,2.0
20260304,002065.SZ,,,,,,,,,,,,,9.74,7.97,,,,,0.0,0.0,2.0
20260304,002066.SZ,,,,,,,,,,,,,21.23,17.37,,,,,0.0,0.0,2.0
20260304,002067.SZ,,,,,,,,,,,,,5.85,4.79,,,,,0.0,0.0,2.0
20260304,002068.SZ,,,,,,,,,,,,,9.45,7.73,,,,,0.0,0.0,2.0
20260304,002069.SZ,,,,,,,,,,,,,4.22,3.46,,,,,0.0,0.0,2.0
20260304,002072.SZ,,,,,,,,,,,,,8.2,6.71,,,,,0.0,0.0,2.0
20260304,002073.SZ,,,,,,,,,,,,,8.46,6.92,,,,,0.0,0.0,2.0
20260304,002074.SZ,,,,,,,,,,,,,39.86,32.62,,,,,0.0,0.0,2.0
20260304,002075.SZ,,,,,,,,,,,,,6.15,5.03,,,,,0.0,0.0,2.0
20260304,002076.SZ,,,,,,,,,,,,,2.16,1.96,,,,,0.0,0.0,2.0
20260304,002077.SZ,,,,,,,,,,,,,17.03,13.93,,,,,0.0,0.0,2.0
20260304,002078.SZ,,,,,,,,,,,,,18.65,15.26,,,,,0.0,0.0,2.0
20260304,002079.SZ,,,,,,,,,,,,,11.45,9.37,,,,,0.0,0.0,2.0
20260304,002080.SZ,,,,,,,,,,,,,51.51,42.15,,,,,0.0,0.0,2.0
20260304,002081.SZ,,,,,,,,,,,,,3.88,3.18,,,,,0.0,0.0,2.0
20260304,002082.SZ,,,,,,,,,,,,,18.48,15.12,,,,,0.0,0.0,2.0
20260304,002083.SZ,,,,,,,,,,,,,11.98,9.8,,,,,0.0,0.0,2.0
20260304,002084.SZ,,,,,,,,,,,,,4.18,3.42,,,,,0.0,0.0,2.0
20260304,002085.SZ,,,,,,,,,,,,,17.56,14.36,,,,,0.0,0.0,2.0
20260304,002086.SZ,,,,,,,,,,,,,2.46,2.02,,,,,0.0,0.0,2.0
20260304,002088.SZ,,,,,,,,,,,,,12.33,10.09,,,,,0.0,0.0,2.0
20260304,002090.SZ,,,,,,,,,,,,,12.88,10.54,,,,,0.0,0.0,2.0
20260304,002091.SZ,,,,,,,,,,,,,9.88,8.08,,,,,0.0,0.0,2.0
20260304,002092.SZ,,,,,,,,,,,,,8.53,6.98,,,,,0.0,0.0,2.0
20260304,002093.SZ,,,,,,,,,,,,,11.55,9.45,,,,,0.0,0.0,2.0
20260304,002094.SZ,,,,,,,,,,,,,8.23,6.73,,,,,0.0,0.0,2.0
20260304,002095.SZ,,,,,,,,,,,,,20.68,16.92,,,,,0.0,0.0,2.0
20260304,002096.SZ,,,,,,,,,,,,,15.55,12.73,,,,,0.0,0.0,2.0
20260304,002097.SZ,,,,,,,,,,,,,12.01,9.83,,,,,0.0,0.0,2.0
20260304,002098.SZ,,,,,,,,,,,,,10.42,8.52,,,,,0.0,0.0,2.0
20260304,002099.SZ,,,,,,,,,,,,,8.2,6.71,,,,,0.0,0.0,2.0
20260304,002100.SZ,,,,,,,,,,,,,7.88,6.44,,,,,0.0,0.0,2.0
20260304,002101.SZ,,,,,,,,,,,,,12.96,10.6,,,,,0.0,0.0,2.0
20260304,002102.SZ,,,,,,,,,,,,,3.74,3.06,,,,,0.0,0.0,2.0
20260304,002103.SZ,,,,,,,,,,,,,9.78,8.0,,,,,0.0,0.0,2.0
20260304,002104.SZ,,,,,,,,,,,,,19.54,15.98,,,,,0.0,0.0,2.0
20260304,002105.SZ,,,,,,,,,,,,,7.98,6.53,,,,,0.0,0.0,2.0
20260304,002106.SZ,,,,,,,,,,,,,13.08,10.7,,,,,0.0,0.0,2.0
20260304,002107.SZ,,,,,,,,,,,,,7.57,6.19,,,,,0.0,0.0,2.0
20260304,002108.SZ,,,,,,,,,,,,,5.53,4.53,,,,,0.0,0.0,2.0
20260304,002109.SZ,,,,,,,,,,,,,5.25,4.29,,,,,0.0,0.0,2.0
20260304,002110.SZ,,,,,,,,,,,,,5.04,4.12,,,,,0.0,0.0,2.0
20260304,002111.SZ,,,,,,,,,,,,,11.58,9.48,,,,,0.0,0.0,2.0
20260304,002112.SZ,,,,,,,,,,,,,23.79,19.47,,,,,0.0,0.0,2.0
20260304,002114.SZ,,,,,,,,,,,,,11.01,9.01,,,,,0.0,0.0,2.0
20260304,002115.SZ,,,,,,,,,,,,,14.97,12.25,,,,,0.0,0.0,2.0
20260304,002116.SZ,,,,,,,,,,,,,11.92,9.76,,,,,0.0,0.0,2.0
20260304,002117.SZ,,,,,,,,,,,,,12.01,9.83,,,,,0.0,0.0,2.0
20260304,002119.SZ,,,,,,,,,,,,,24.44,20.0,,,,,0.0,0.0,2.0
20260304,002120.SZ,,,,,,,,,,,,,7.56,6.18,,,,,0.0,0.0,2.0
20260304,002121.SZ,,,,,,,,,,,,,10.07,8.24,,,,,0.0,0.0,2.0
20260304,002122.SZ,,,,,,,,,,,,,3.1,2.8,,,,,0.0,0.0,2.0
20260304,002123.SZ,,,,,,,,,,,,,12.05,9.86,,,,,0.0,0.0,2.0
20260304,002124.SZ,,,,,,,,,,,,,2.72,2.22,,,,,0.0,0.0,2.0
20260304,002125.SZ,,,,,,,,,,,,,16.03,13.11,,,,,0.0,0.0,2.0
20260304,002126.SZ,,,,,,,,,,,,,53.68,43.92,,,,,0.0,0.0,2.0
20260304,002127.SZ,,,,,,,,,,,,,3.3,2.7,,,,,0.0,0.0,2.0
20260304,002128.SZ,,,,,,,,,,,,,35.81,29.3,,,,,0.0,0.0,2.0
20260304,002129.SZ,,,,,,,,,,,,,10.85,8.87,,,,,0.0,0.0,2.0
20260304,002130.SZ,,,,,,,,,,,,,28.12,23.0,,,,,0.0,0.0,2.0
20260304,002131.SZ,,,,,,,,,,,,,9.03,7.39,,,,,0.0,0.0,2.0
20260304,002132.SZ,,,,,,,,,,,,,4.15,3.39,,,,,0.0,0.0,2.0
20260304,002133.SZ,,,,,,,,,,,,,3.98,3.26,,,,,0.0,0.0,2.0
20260304,002134.SZ,,,,,,,,,,,,,25.23,20.65,,,,,0.0,0.0,2.0
20260304,002135.SZ,,,,,,,,,,,,,7.21,5.9,,,,,0.0,0.0,2.0
20260304,002136.SZ,,,,,,,,,,,,,15.38,12.58,,,,,0.0,0.0,2.0
20260304,002137.SZ,,,,,,,,,,,,,9.36,7.66,,,,,0.0,0.0,2.0
20260304,002138.SZ,,,,,,,,,,,,,46.02,37.66,,,,,0.0,0.0,2.0
20260304,002139.SZ,,,,,,,,,,,,,13.78,11.28,,,,,0.0,0.0,2.0
20260304,002140.SZ,,,,,,,,,,,,,14.04,11.48,,,,,0.0,0.0,2.0
20260304,002141.SZ,,,,,,,,,,,,,4.27,3.49,,,,,0.0,0.0,2.0
20260304,002142.SZ,,,,,,,,,,,,,35.35,28.93,,,,,0.0,0.0,2.0
20260304,002144.SZ,,,,,,,,,,,,,18.0,14.72,,,,,0.0,0.0,2.0
20260304,002145.SZ,,,,,,,,,,,,,6.03,4.93,,,,,0.0,0.0,2.0
20260304,002146.SZ,,,,,,,,,,,,,1.69,1.39,,,,,0.0,0.0,2.0
20260304,002148.SZ,,,,,,,,,,,,,8.72,7.14,,,,,0.0,0.0,2.0
20260304,002149.SZ,,,,,,,,,,,,,54.53,44.61,,,,,0.0,0.0,2.0
20260304,002150.SZ,,,,,,,,,,,,,29.91,24.47,,,,,0.0,0.0,2.0
20260304,002151.SZ,,,,,,,,,,,,,45.2,36.98,,,,,0.0,0.0,2.0
20260304,002152.SZ,,,,,,,,,,,,,14.39,11.77,,,,,0.0,0.0,2.0
20260304,002153.SZ,,,,,,,,,,,,,12.07,9.87,,,,,0.0,0.0,2.0
20260304,002154.SZ,,,,,,,,,,,,,4.28,3.5,,,,,0.0,0.0,2.0
20260304,002155.SZ,,,,,,,,,,,,,44.75,36.61,,,,,0.0,0.0,2.0
20260304,002156.SZ,,,,,,,,,,,,,52.84,43.24,,,,,0.0,0.0,2.0
20260304,002157.SZ,,,,,,,,,,,,,3.47,2.84,,,,,0.0,0.0,2.0
20260304,002158.SZ,,,,,,,,,,,,,28.22,23.09,,,,,0.0,0.0,2.0
20260304,002159.SZ,,,,,,,,,,,,,21.47,17.57,,,,,0.0,0.0,2.0
20260304,002160.SZ,,,,,,,,,,,,,6.36,5.2,,,,,0.0,0.0,2.0
20260304,002161.SZ,,,,,,,,,,,,,8.58,7.02,,,,,0.0,0.0,2.0
20260304,002162.SZ,,U,0.0,131864438.0,131864438.0,102545.0,102545.0,,,,,,6.08,4.98,0.0,,,0.0,1.0,0.0,2.1630009143961955
20260304,002163.SZ,,,,,,,,,,,,,15.6,12.76,,,,,0.0,0.0,2.0
20260304,002164.SZ,,,,,,,,,,,,,14.15,11.57,,,,,0.0,0.0,2.0
20260304,002165.SZ,,,,,,,,,,,,,12.24,10.02,,,,,0.0,0.0,2.0
20260304,002166.SZ,,,,,,,,,,,,,9.58,7.84,,,,,0.0,0.0,2.0
20260304,002167.SZ,,U,0.0,73078325.0,73078325.0,101427.0,101427.0,,,,,,16.07,13.15,1.0,6.0,2.0,0.0,1.0,0.0,2.340333936717209
20260304,002168.SZ,,,,,,,,,,,,,4.03,3.65,,,,,0.0,0.0,2.0
20260304,002169.SZ,,,,,,,,,,,,,16.01,13.1,,,,,0.0,0.0,2.0
20260304,002170.SZ,,,,,,,,,,,,,15.51,12.69,,,,,0.0,0.0,2.0
20260304,002171.SZ,,,,,,,,,,,,,14.14,11.57,,,,,0.0,0.0,2.0
20260304,002172.SZ,,,,,,,,,,,,,4.62,3.78,,,,,0.0,0.0,2.0
20260304,002173.SZ,,,,,,,,,,,,,30.2,24.71,,,,,0.0,0.0,2.0
20260304,002174.SZ,,,,,,,,,,,,,11.37,9.31,,,,,0.0,0.0,2.0
20260304,002175.SZ,,,,,,,,,,,,,3.4,2.78,,,,,0.0,0.0,2.0
20260304,002176.SZ,,,,,,,,,,,,,10.93,8.95,,,,,0.0,0.0,2.0
20260304,002177.SZ,,,,,,,,,,,,,9.93,8.13,,,,,0.0,0.0,2.0
20260304,002178.SZ,,U,1.0,91442847.0,91442847.0,132539.0,132703.0,,,,,,6.68,5.46,0.0,,,0.0,1.0,0.0,1.6130347795210063
20260304,002179.SZ,,,,,,,,,,,,,38.42,31.44,,,,,0.0,0.0,2.0
20260304,002180.SZ,,,,,,,,,,,,,21.23,17.37,,,,,0.0,0.0,2.0
20260304,002181.SZ,,,,,,,,,,,,,10.73,8.78,,,,,0.0,0.0,2.0
20260304,002182.SZ,,,,,,,,,,,,,23.21,18.99,,,,,0.0,0.0,2.0
20260304,002183.SZ,,,,,,,,,,,,,5.39,4.41,,,,,0.0,0.0,2.0
20260304,002184.SZ,,,,,,,,,,,,,13.38,10.94,,,,,0.0,0.0,2.0
20260304,002185.SZ,,,,,,,,,,,,,15.54,12.72,,,,,0.0,0.0,2.0
20260304,002186.SZ,,,,,,,,,,,,,12.13,9.93,,,,,0.0,0.0,2.0
20260304,002187.SZ,,,,,,,,,,,,,7.37,6.03,,,,,0.0,0.0,2.0
20260304,002188.SZ,,,,,,,,,,,,,7.37,6.03,,,,,0.0,0.0,2.0
20260304,002189.SZ,,,,,,,,,,,,,23.44,19.18,,,,,0.0,0.0,2.0
20260304,002190.SZ,,,,,,,,,,,,,39.28,32.14,,,,,0.0,0.0,2.0
20260304,002191.SZ,,,,,,,,,,,,,4.22,3.46,,,,,0.0,0.0,2.0
20260304,002192.SZ,,,,,,,,,,,,,60.58,49.56,,,,,0.0,0.0,2.0
20260304,002193.SZ,,,,,,,,,,,,,6.89,5.63,,,,,0.0,0.0,2.0
20260304,002194.SZ,,,,,,,,,,,,,13.19,10.79,,,,,0.0,0.0,2.0
20260304,002195.SZ,,,,,,,,,,,,,10.66,8.72,,,,,0.0,0.0,2.0
20260304,002196.SZ,,,,,,,,,,,,,16.02,13.1,,,,,0.0,0.0,2.0
20260304,002197.SZ,,,,,,,,,,,,,9.08,7.43,,,,,0.0,0.0,2.0
20260304,002198.SZ,,,,,,,,,,,,,7.77,6.35,,,,,0.0,0.0,2.0
20260304,002199.SZ,,,,,,,,,,,,,8.21,7.43,,,,,0.0,0.0,2.0
20260304,002200.SZ,,,,,,,,,,,,,7.56,6.84,,,,,0.0,0.0,2.0
20260304,002201.SZ,,,,,,,,,,,,,13.29,10.87,,,,,0.0,0.0,2.0
20260304,002202.SZ,,,,,,,,,,,,,28.96,23.7,,,,,0.0,0.0,2.0
20260304,002203.SZ,,,,,,,,,,,,,15.79,12.92,,,,,0.0,0.0,2.0
20260304,002204.SZ,,,,,,,,,,,,,7.7,6.3,,,,,0.0,0.0,2.0
20260304,002205.SZ,,,,,,,,,,,,,15.65,12.81,,,,,0.0,0.0,2.0
20260304,002206.SZ,,,,,,,,,,,,,7.59,6.21,,,,,0.0,0.0,2.0
20260304,002207.SZ,,U,3.0,11132721.0,11132721.0,142630.0,144430.0,,,,,,15.03,12.29,1.0,3.0,3.0,0.0,1.0,0.0,1.513761433561926
20260304,002208.SZ,,,,,,,,,,,,,16.18,13.24,,,,,0.0,0.0,2.0
20260304,002209.SZ,,,,,,,,,,,,,16.21,13.27,,,,,0.0,0.0,2.0
20260304,002210.SZ,,,,,,,,,,,,,3.31,2.71,,,,,0.0,0.0,2.0
20260304,002211.SZ,,,,,,,,,,,,,3.76,3.4,,,,,0.0,0.0,2.0
20260304,002212.SZ,,,,,,,,,,,,,8.72,7.14,,,,,0.0,0.0,2.0
20260304,002213.SZ,,,,,,,,,,,,,28.62,23.42,,,,,0.0,0.0,2.0
20260304,002214.SZ,,,,,,,,,,,,,18.74,16.96,,,,,0.0,0.0,2.0
20260304,002215.SZ,,,,,,,,,,,,,12.27,10.04,,,,,0.0,0.0,2.0
20260304,002216.SZ,,,,,,,,,,,,,14.16,11.58,,,,,0.0,0.0,2.0
20260304,002217.SZ,,,,,,,,,,,,,3.08,2.52,,,,,0.0,0.0,2.0
20260304,002218.SZ,,,,,,,,,,,,,6.77,5.54,,,,,0.0,0.0,2.0
20260304,002219.SZ,,,,,,,,,,,,,2.55,2.09,,,,,0.0,0.0,2.0
20260304,002221.SZ,,,,,,,,,,,,,11.01,9.01,,,,,0.0,0.0,2.0
20260304,002222.SZ,,,,,,,,,,,,,74.87,61.25,,,,,0.0,0.0,2.0
20260304,002223.SZ,,,,,,,,,,,,,40.4,33.06,,,,,0.0,0.0,2.0
20260304,002224.SZ,,,,,,,,,,,,,4.99,4.09,,,,,0.0,0.0,2.0
20260304,002225.SZ,,,,,,,,,,,,,6.88,5.63,,,,,0.0,0.0,2.0
20260304,002226.SZ,,,,,,,,,,,,,6.74,5.52,,,,,0.0,0.0,2.0
20260304,002227.SZ,,,,,,,,,,,,,10.42,8.52,,,,,0.0,0.0,2.0
20260304,002228.SZ,,,,,,,,,,,,,4.61,3.77,,,,,0.0,0.0,2.0
20260304,002229.SZ,,,,,,,,,,,,,18.06,14.78,,,,,0.0,0.0,2.0
20260304,002230.SZ,,,,,,,,,,,,,57.37,46.94,,,,,0.0,0.0,2.0
20260304,002232.SZ,,,,,,,,,,,,,19.24,15.74,,,,,0.0,0.0,2.0
20260304,002233.SZ,,,,,,,,,,,,,10.58,8.66,,,,,0.0,0.0,2.0
20260304,002234.SZ,,,,,,,,,,,,,10.02,8.2,,,,,0.0,0.0,2.0
20260304,002235.SZ,,,,,,,,,,,,,10.57,8.65,,,,,0.0,0.0,2.0
20260304,002236.SZ,,,,,,,,,,,,,19.9,16.28,,,,,0.0,0.0,2.0
20260304,002237.SZ,,,,,,,,,,,,,20.55,16.81,,,,,0.0,0.0,2.0
20260304,002238.SZ,,,,,,,,,,,,,8.46,6.92,,,,,0.0,0.0,2.0
20260304,002239.SZ,,,,,,,,,,,,,3.34,2.74,,,,,0.0,0.0,2.0
20260304,002240.SZ,,,,,,,,,,,,,43.33,35.45,,,,,0.0,0.0,2.0
20260304,002241.SZ,,,,,,,,,,,,,27.76,22.72,,,,,0.0,0.0,2.0
20260304,002242.SZ,,,,,,,,,,,,,10.81,8.85,,,,,0.0,0.0,2.0
20260304,002243.SZ,,,,,,,,,,,,,11.13,9.11,,,,,0.0,0.0,2.0
20260304,002244.SZ,,,,,,,,,,,,,12.21,9.99,,,,,0.0,0.0,2.0
20260304,002245.SZ,,,,,,,,,,,,,19.02,15.56,,,,,0.0,0.0,2.0
20260304,002246.SZ,,,,,,,,,,,,,24.19,19.79,,,,,0.0,0.0,2.0
20260304,002247.SZ,,,,,,,,,,,,,3.19,2.61,,,,,0.0,0.0,2.0
20260304,002248.SZ,,,,,,,,,,,,,14.52,11.88,,,,,0.0,0.0,2.0
20260304,002249.SZ,,,,,,,,,,,,,11.04,9.04,,,,,0.0,0.0,2.0
20260304,002250.SZ,,,,,,,,,,,,,18.27,14.95,,,,,0.0,0.0,2.0
20260304,002251.SZ,,,,,,,,,,,,,5.08,4.16,,,,,0.0,0.0,2.0
20260304,002252.SZ,,,,,,,,,,,,,6.93,5.67,,,,,0.0,0.0,2.0
20260304,002253.SZ,,,,,,,,,,,,,10.78,9.76,,,,,0.0,0.0,2.0
20260304,002254.SZ,,,,,,,,,,,,,13.07,10.69,,,,,0.0,0.0,2.0
20260304,002255.SZ,,,,,,,,,,,,,13.61,11.13,,,,,0.0,0.0,2.0
20260304,002256.SZ,,,,,,,,,,,,,3.95,3.23,,,,,0.0,0.0,2.0
20260304,002258.SZ,,,,,,,,,,,,,17.38,14.22,,,,,0.0,0.0,2.0
20260304,002259.SZ,,,,,,,,,,,,,6.34,5.18,,,,,0.0,0.0,2.0
20260304,002261.SZ,,,,,,,,,,,,,41.26,33.76,,,,,0.0,0.0,2.0
20260304,002262.SZ,,,,,,,,,,,,,25.41,20.79,,,,,0.0,0.0,2.0
20260304,002263.SZ,,,,,,,,,,,,,3.74,3.06,,,,,0.0,0.0,2.0
20260304,002264.SZ,,,,,,,,,,,,,10.24,8.38,,,,,0.0,0.0,2.0
20260304,002265.SZ,,,,,,,,,,,,,26.32,21.54,,,,,0.0,0.0,2.0
20260304,002266.SZ,,,,,,,,,,,,,5.48,4.48,,,,,0.0,0.0,2.0
20260304,002267.SZ,,,,,,,,,,,,,9.94,8.14,,,,,0.0,0.0,2.0
20260304,002268.SZ,,,,,,,,,,,,,20.88,17.08,,,,,0.0,0.0,2.0
20260304,002269.SZ,,,,,,,,,,,,,1.99,1.63,,,,,0.0,0.0,2.0
20260304,002270.SZ,,,,,,,,,,,,,37.16,30.4,,,,,0.0,0.0,2.0
20260304,002271.SZ,,,,,,,,,,,,,19.58,16.02,,,,,0.0,0.0,2.0
20260304,002272.SZ,,U,3.0,83451000.0,83451000.0,93315.0,134742.0,,,,,,21.07,17.24,1.0,8.0,2.0,0.0,1.0,0.0,1.6031558584982322
20260304,002273.SZ,,,,,,,,,,,,,29.22,23.9,,,,,0.0,0.0,2.0
20260304,002274.SZ,,,,,,,,,,,,,7.36,6.02,,,,,0.0,0.0,2.0
20260304,002275.SZ,,,,,,,,,,,,,15.3,12.52,,,,,0.0,0.0,2.0
20260304,002276.SZ,,,,,,,,,,,,,17.62,14.42,,,,,0.0,0.0,2.0
20260304,002277.SZ,,,,,,,,,,,,,7.71,6.31,,,,,0.0,0.0,2.0
20260304,002278.SZ,,,,,,,,,,,,,16.74,13.7,,,,,0.0,0.0,2.0
20260304,002279.SZ,,,,,,,,,,,,,9.36,7.66,,,,,0.0,0.0,2.0
20260304,002281.SZ,,,,,,,,,,,,,84.05,68.77,,,,,0.0,0.0,2.0
20260304,002282.SZ,,,,,,,,,,,,,8.35,6.83,,,,,0.0,0.0,2.0
20260304,002283.SZ,,,,,,,,,,,,,10.77,8.81,,,,,0.0,0.0,2.0
20260304,002284.SZ,,,,,,,,,,,,,17.16,14.04,,,,,0.0,0.0,2.0
20260304,002285.SZ,,,,,,,,,,,,,2.95,2.41,,,,,0.0,0.0,2.0
20260304,002286.SZ,,,,,,,,,,,,,11.17,9.14,,,,,0.0,0.0,2.0
20260304,002287.SZ,,,,,,,,,,,,,27.31,22.35,,,,,0.0,0.0,2.0
20260304,002289.SZ,,,,,,,,,,,,,28.9,26.14,,,,,0.0,0.0,2.0
20260304,002290.SZ,,,,,,,,,,,,,68.53,56.07,,,,,0.0,0.0,2.0
20260304,002291.SZ,,,,,,,,,,,,,7.62,6.24,,,,,0.0,0.0,2.0
20260304,002292.SZ,,,,,,,,,,,,,9.34,7.64,,,,,0.0,0.0,2.0
20260304,002293.SZ,,,,,,,,,,,,,11.2,9.16,,,,,0.0,0.0,2.0
20260304,002294.SZ,,,,,,,,,,,,,52.72,43.14,,,,,0.0,0.0,2.0
20260304,002295.SZ,,,,,,,,,,,,,12.43,10.17,,,,,0.0,0.0,2.0
20260304,002296.SZ,,,,,,,,,,,,,15.05,12.31,,,,,0.0,0.0,2.0
20260304,002297.SZ,,,,,,,,,,,,,13.3,10.88,,,,,0.0,0.0,2.0
20260304,002298.SZ,,,,,,,,,,,,,11.19,9.15,,,,,0.0,0.0,2.0
20260304,002299.SZ,,,,,,,,,,,,,21.05,17.23,,,,,0.0,0.0,2.0
20260304,002300.SZ,,,,,,,,,,,,,10.33,8.45,,,,,0.0,0.0,2.0
20260304,002301.SZ,,,,,,,,,,,,,7.83,6.41,,,,,0.0,0.0,2.0
20260304,002302.SZ,,,,,,,,,,,,,7.08,5.8,,,,,0.0,0.0,2.0
20260304,002303.SZ,,,,,,,,,,,,,4.27,3.49,,,,,0.0,0.0,2.0
20260304,002304.SZ,,,,,,,,,,,,,56.31,46.07,,,,,0.0,0.0,2.0
20260304,002305.SZ,,,,,,,,,,,,,2.21,2.0,,,,,0.0,0.0,2.0
20260304,002306.SZ,,,,,,,,,,,,,2.54,2.3,,,,,0.0,0.0,2.0
20260304,002307.SZ,,,,,,,,,,,,,5.62,4.6,,,,,0.0,0.0,2.0
20260304,002309.SZ,,,,,,,,,,,,,3.73,3.05,,,,,0.0,0.0,2.0
20260304,002310.SZ,,,,,,,,,,,,,2.51,2.05,,,,,0.0,0.0,2.0
20260304,002311.SZ,,,,,,,,,,,,,59.46,48.65,,,,,0.0,0.0,2.0
20260304,002312.SZ,,,,,,,,,,,,,14.07,11.51,,,,,0.0,0.0,2.0
20260304,002313.SZ,,,,,,,,,,,,,9.96,8.15,,,,,0.0,0.0,2.0
20260304,002314.SZ,,,,,,,,,,,,,2.79,2.29,,,,,0.0,0.0,2.0
20260304,002315.SZ,,,,,,,,,,,,,47.21,38.63,,,,,0.0,0.0,2.0
20260304,002316.SZ,,,,,,,,,,,,,5.89,4.82,,,,,0.0,0.0,2.0
20260304,002317.SZ,,,,,,,,,,,,,19.32,15.8,,,,,0.0,0.0,2.0
20260304,002318.SZ,,,,,,,,,,,,,36.97,30.25,,,,,0.0,0.0,2.0
20260304,002319.SZ,,,,,,,,,,,,,15.35,12.56,,,,,0.0,0.0,2.0
20260304,002320.SZ,,,,,,,,,,,,,11.29,9.23,,,,,0.0,0.0,2.0
20260304,002321.SZ,,,,,,,,,,,,,2.54,2.08,,,,,0.0,0.0,2.0
20260304,002322.SZ,,,,,,,,,,,,,14.67,12.01,,,,,0.0,0.0,2.0
20260304,002323.SZ,,,,,,,,,,,,,2.37,1.94,,,,,0.0,0.0,2.0
20260304,002324.SZ,,,,,,,,,,,,,18.33,14.99,,,,,0.0,0.0,2.0
20260304,002326.SZ,,,,,,,,,,,,,24.86,20.34,,,,,0.0,0.0,2.0
20260304,002327.SZ,,,,,,,,,,,,,7.51,6.15,,,,,0.0,0.0,2.0
20260304,002328.SZ,,,,,,,,,,,,,7.27,5.95,,,,,0.0,0.0,2.0
20260304,002329.SZ,,,,,,,,,,,,,4.07,3.33,,,,,0.0,0.0,2.0
20260304,002330.SZ,,,,,,,,,,,,,5.48,4.48,,,,,0.0,0.0,2.0
20260304,002331.SZ,,,,,,,,,,,,,9.5,7.78,,,,,0.0,0.0,2.0
20260304,002332.SZ,,,,,,,,,,,,,10.09,8.25,,,,,0.0,0.0,2.0
20260304,002333.SZ,,,,,,,,,,,,,6.34,5.18,,,,,0.0,0.0,2.0
20260304,002334.SZ,,,,,,,,,,,,,10.31,8.43,,,,,0.0,0.0,2.0
20260304,002335.SZ,,,,,,,,,,,,,62.25,50.93,,,,,0.0,0.0,2.0
20260304,002337.SZ,,,,,,,,,,,,,7.14,5.84,,,,,0.0,0.0,2.0
20260304,002338.SZ,,,,,,,,,,,,,58.8,48.11,,,,,0.0,0.0,2.0
20260304,002339.SZ,,U,0.0,105424870.0,105424870.0,93618.0,93618.0,,,,,,11.54,9.44,1.0,1.0,8.0,0.0,1.0,0.0,2.3803183062145994
20260304,002340.SZ,,,,,,,,,,,,,10.04,8.22,,,,,0.0,0.0,2.0
20260304,002342.SZ,,,,,,,,,,,,,15.22,12.46,,,,,0.0,0.0,2.0
20260304,002343.SZ,,,,,,,,,,,,,7.38,6.04,,,,,0.0,0.0,2.0
20260304,002344.SZ,,,,,,,,,,,,,5.08,4.16,,,,,0.0,0.0,2.0
20260304,002345.SZ,,,,,,,,,,,,,12.14,9.94,,,,,0.0,0.0,2.0
20260304,002346.SZ,,,,,,,,,,,,,21.98,17.98,,,,,0.0,0.0,2.0
20260304,002347.SZ,,,,,,,,,,,,,9.93,8.13,,,,,0.0,0.0,2.0
20260304,002348.SZ,,,,,,,,,,,,,8.67,7.09,,,,,0.0,0.0,2.0
20260304,002349.SZ,,,,,,,,,,,,,8.2,6.71,,,,,0.0,0.0,2.0
20260304,002350.SZ,,,,,,,,,,,,,14.39,11.77,,,,,0.0,0.0,2.0
20260304,002351.SZ,,,,,,,,,,,,,12.91,10.57,,,,,0.0,0.0,2.0
20260304,002352.SZ,,,,,,,,,,,,,40.73,33.33,,,,,0.0,0.0,2.0
20260304,002353.SZ,,,,,,,,,,,,,135.27,110.67,,,,,0.0,0.0,2.0
20260304,002354.SZ,,,,,,,,,,,,,6.69,5.47,,,,,0.0,0.0,2.0
20260304,002355.SZ,,,,,,,,,,,,,7.28,5.96,,,,,0.0,0.0,2.0
20260304,002356.SZ,,,,,,,,,,,,,4.94,4.04,,,,,0.0,0.0,2.0
20260304,002357.SZ,,U,0.0,71210221.0,71210221.0,105357.0,105357.0,,,,,,16.04,13.12,0.0,,,0.0,1.0,0.0,2.0880247268589214
20260304,002358.SZ,,,,,,,,,,,,,8.88,7.26,,,,,0.0,0.0,2.0
20260304,002360.SZ,,,,,,,,,,,,,6.03,4.93,,,,,0.0,0.0,2.0
20260304,002361.SZ,,,,,,,,,,,,,13.61,11.13,,,,,0.0,0.0,2.0
20260304,002362.SZ,,,,,,,,,,,,,22.56,18.46,,,,,0.0,0.0,2.0
20260304,002363.SZ,,,,,,,,,,,,,9.35,7.65,,,,,0.0,0.0,2.0
20260304,002364.SZ,,,,,,,,,,,,,35.3,28.88,,,,,0.0,0.0,2.0
20260304,002365.SZ,,,,,,,,,,,,,15.49,12.67,,,,,0.0,0.0,2.0
20260304,002366.SZ,,,,,,,,,,,,,8.4,6.88,,,,,0.0,0.0,2.0
20260304,002367.SZ,,,,,,,,,,,,,8.71,7.13,,,,,0.0,0.0,2.0
20260304,002368.SZ,,,,,,,,,,,,,22.33,18.27,,,,,0.0,0.0,2.0
20260304,002369.SZ,,,,,,,,,,,,,8.59,7.03,,,,,0.0,0.0,2.0
20260304,002370.SZ,,,,,,,,,,,,,7.12,5.82,,,,,0.0,0.0,2.0
20260304,002371.SZ,,,,,,,,,,,,,490.78,401.54,,,,,0.0,0.0,2.0
20260304,002372.SZ,,,,,,,,,,,,,13.17,10.77,,,,,0.0,0.0,2.0
20260304,002373.SZ,,,,,,,,,,,,,11.77,9.63,,,,,0.0,0.0,2.0
20260304,002374.SZ,,,,,,,,,,,,,3.75,3.07,,,,,0.0,0.0,2.0
20260304,002375.SZ,,,,,,,,,,,,,4.5,3.68,,,,,0.0,0.0,2.0
20260304,002376.SZ,,,,,,,,,,,,,8.11,6.63,,,,,0.0,0.0,2.0
20260304,002377.SZ,,,,,,,,,,,,,3.95,3.23,,,,,0.0,0.0,2.0
20260304,002378.SZ,,,,,,,,,,,,,45.79,37.47,,,,,0.0,0.0,2.0
20260304,002379.SZ,,,,,,,,,,,,,33.37,27.31,,,,,0.0,0.0,2.0
20260304,002380.SZ,,,,,,,,,,,,,37.35,30.56,,,,,0.0,0.0,2.0
20260304,002381.SZ,,,,,,,,,,,,,7.51,6.15,,,,,0.0,0.0,2.0
20260304,002382.SZ,,,,,,,,,,,,,6.56,5.36,,,,,0.0,0.0,2.0
20260304,002383.SZ,,,,,,,,,,,,,13.61,11.13,,,,,0.0,0.0,2.0
20260304,002384.SZ,,,,,,,,,,,,,104.37,85.39,,,,,0.0,0.0,2.0
20260304,002385.SZ,,,,,,,,,,,,,4.66,3.82,,,,,0.0,0.0,2.0
20260304,002386.SZ,,,,,,,,,,,,,6.71,5.49,,,,,0.0,0.0,2.0
20260304,002387.SZ,,,,,,,,,,,,,9.32,7.62,,,,,0.0,0.0,2.0
20260304,002388.SZ,,,,,,,,,,,,,5.63,4.61,,,,,0.0,0.0,2.0
20260304,002389.SZ,,U,1.0,217436525.0,217436525.0,102809.0,105406.0,,,,,,28.77,23.54,0.0,,,0.0,1.0,0.0,1.7687787013366802
20260304,002390.SZ,,,,,,,,,,,,,3.62,2.96,,,,,0.0,0.0,2.0
20260304,002391.SZ,,,,,,,,,,,,,7.11,5.81,,,,,0.0,0.0,2.0
20260304,002392.SZ,,,,,,,,,,,,,8.77,7.17,,,,,0.0,0.0,2.0
20260304,002393.SZ,,,,,,,,,,,,,24.26,19.85,,,,,0.0,0.0,2.0
20260304,002394.SZ,,,,,,,,,,,,,16.36,13.38,,,,,0.0,0.0,2.0
20260304,002395.SZ,,,,,,,,,,,,,21.0,17.18,,,,,0.0,0.0,2.0
20260304,002396.SZ,,,,,,,,,,,,,31.41,25.7,,,,,0.0,0.0,2.0
20260304,002397.SZ,,,,,,,,,,,,,4.59,3.75,,,,,0.0,0.0,2.0
20260304,002398.SZ,,,,,,,,,,,,,5.95,4.87,,,,,0.0,0.0,2.0
20260304,002399.SZ,,,,,,,,,,,,,12.82,10.49,,,,,0.0,0.0,2.0
20260304,002400.SZ,,,,,,,,,,,,,10.25,8.39,,,,,0.0,0.0,2.0
20260304,002401.SZ,,,,,,,,,,,,,18.48,15.12,,,,,0.0,0.0,2.0
20260304,002402.SZ,,,,,,,,,,,,,36.83,30.13,,,,,0.0,0.0,2.0
20260304,002403.SZ,,,,,,,,,,,,,12.33,10.09,,,,,0.0,0.0,2.0
20260304,002404.SZ,,,,,,,,,,,,,7.5,6.14,,,,,0.0,0.0,2.0
20260304,002405.SZ,,,,,,,,,,,,,11.07,9.05,,,,,0.0,0.0,2.0
20260304,002406.SZ,,,,,,,,,,,,,8.67,7.09,,,,,0.0,0.0,2.0
20260304,002407.SZ,,,,,,,,,,,,,31.37,25.67,,,,,0.0,0.0,2.0
20260304,002408.SZ,,,,,,,,,,,,,6.7,5.48,,,,,0.0,0.0,2.0
20260304,002409.SZ,,,,,,,,,,,,,99.53,81.43,,,,,0.0,0.0,2.0
20260304,002410.SZ,,,,,,,,,,,,,13.99,11.45,,,,,0.0,0.0,2.0
20260304,002412.SZ,,,,,,,,,,,,,7.67,6.27,,,,,0.0,0.0,2.0
20260304,002413.SZ,,,,,,,,,,,,,17.74,14.52,,,,,0.0,0.0,2.0
20260304,002414.SZ,,,,,,,,,,,,,16.23,13.28,,,,,0.0,0.0,2.0
20260304,002415.SZ,,,,,,,,,,,,,33.34,27.28,,,,,0.0,0.0,2.0
20260304,002416.SZ,,,,,,,,,,,,,14.8,12.11,,,,,0.0,0.0,2.0
20260304,002418.SZ,,,,,,,,,,,,,5.25,4.29,,,,,0.0,0.0,2.0
20260304,002419.SZ,,,,,,,,,,,,,6.0,4.91,,,,,0.0,0.0,2.0
20260304,002420.SZ,,,,,,,,,,,,,8.94,7.32,,,,,0.0,0.0,2.0
20260304,002421.SZ,,,,,,,,,,,,,3.03,2.48,,,,,0.0,0.0,2.0
20260304,002422.SZ,,,,,,,,,,,,,32.47,26.57,,,,,0.0,0.0,2.0
20260304,002423.SZ,,,,,,,,,,,,,12.18,9.96,,,,,0.0,0.0,2.0
20260304,002424.SZ,,,,,,,,,,,,,5.23,4.73,,,,,0.0,0.0,2.0
20260304,002425.SZ,,,,,,,,,,,,,3.81,3.11,,,,,0.0,0.0,2.0
20260304,002426.SZ,,,,,,,,,,,,,4.3,3.52,,,,,0.0,0.0,2.0
20260304,002427.SZ,,,,,,,,,,,,,7.7,6.3,,,,,0.0,0.0,2.0
20260304,002428.SZ,,,,,,,,,,,,,48.29,39.51,,,,,0.0,0.0,2.0
20260304,002429.SZ,,,,,,,,,,,,,10.33,8.45,,,,,0.0,0.0,2.0
20260304,002430.SZ,,,,,,,,,,,,,35.87,29.35,,,,,0.0,0.0,2.0
20260304,002431.SZ,,,,,,,,,,,,,2.75,2.25,,,,,0.0,0.0,2.0
20260304,002432.SZ,,,,,,,,,,,,,55.55,45.45,,,,,0.0,0.0,2.0
20260304,002434.SZ,,,,,,,,,,,,,9.57,7.83,,,,,0.0,0.0,2.0
20260304,002436.SZ,,,,,,,,,,,,,27.02,22.1,,,,,0.0,0.0,2.0
20260304,002437.SZ,,,,,,,,,,,,,3.59,2.93,,,,,0.0,0.0,2.0
20260304,002438.SZ,,,,,,,,,,,,,19.1,15.62,,,,,0.0,0.0,2.0
20260304,002439.SZ,,,,,,,,,,,,,15.0,12.28,,,,,0.0,0.0,2.0
20260304,002440.SZ,,,,,,,,,,,,,14.77,12.09,,,,,0.0,0.0,2.0
20260304,002441.SZ,,,,,,,,,,,,,11.67,9.55,,,,,0.0,0.0,2.0
20260304,002442.SZ,,,,,,,,,,,,,6.97,5.71,,,,,0.0,0.0,2.0
20260304,002443.SZ,,,,,,,,,,,,,10.7,8.76,,,,,0.0,0.0,2.0
20260304,002444.SZ,,,,,,,,,,,,,37.36,30.56,,,,,0.0,0.0,2.0
20260304,002446.SZ,,,,,,,,,,,,,11.39,9.32,,,,,0.0,0.0,2.0
20260304,002448.SZ,,,,,,,,,,,,,17.38,14.22,,,,,0.0,0.0,2.0
20260304,002449.SZ,,,,,,,,,,,,,8.92,7.3,,,,,0.0,0.0,2.0
20260304,002451.SZ,,,,,,,,,,,,,11.42,9.34,,,,,0.0,0.0,2.0
20260304,002452.SZ,,,,,,,,,,,,,11.88,9.72,,,,,0.0,0.0,2.0
20260304,002453.SZ,,,,,,,,,,,,,6.6,5.4,,,,,0.0,0.0,2.0
20260304,002454.SZ,,,,,,,,,,,,,9.68,7.92,,,,,0.0,0.0,2.0
20260304,002455.SZ,,,,,,,,,,,,,13.72,11.22,,,,,0.0,0.0,2.0
20260304,002456.SZ,,,,,,,,,,,,,9.89,8.09,,,,,0.0,0.0,2.0
20260304,002457.SZ,,,,,,,,,,,,,14.69,12.02,,,,,0.0,0.0,2.0
20260304,002458.SZ,,,,,,,,,,,,,10.76,8.8,,,,,0.0,0.0,2.0
20260304,002459.SZ,,,,,,,,,,,,,13.06,10.68,,,,,0.0,0.0,2.0
20260304,002460.SZ,,,,,,,,,,,,,74.0,60.54,,,,,0.0,0.0,2.0
20260304,002461.SZ,,,,,,,,,,,,,10.52,8.6,,,,,0.0,0.0,2.0
20260304,002462.SZ,,,,,,,,,,,,,16.56,13.55,,,,,0.0,0.0,2.0
20260304,002463.SZ,,,,,,,,,,,,,83.84,68.6,,,,,0.0,0.0,2.0
20260304,002465.SZ,,,,,,,,,,,,,18.61,15.23,,,,,0.0,0.0,2.0
20260304,002466.SZ,,,,,,,,,,,,,56.74,46.42,,,,,0.0,0.0,2.0
20260304,002467.SZ,,,,,,,,,,,,,7.14,5.84,,,,,0.0,0.0,2.0
20260304,002468.SZ,,,,,,,,,,,,,14.77,12.09,,,,,0.0,0.0,2.0
20260304,002469.SZ,,,,,,,,,,,,,10.13,8.29,,,,,0.0,0.0,2.0
20260304,002470.SZ,,,,,,,,,,,,,3.07,2.51,,,,,0.0,0.0,2.0
20260304,002471.SZ,,,,,,,,,,,,,8.84,7.24,,,,,0.0,0.0,2.0
20260304,002472.SZ,,,,,,,,,,,,,42.15,34.49,,,,,0.0,0.0,2.0
20260304,002474.SZ,,,,,,,,,,,,,8.88,7.26,,,,,0.0,0.0,2.0
20260304,002475.SZ,,,,,,,,,,,,,52.13,42.65,,,,,0.0,0.0,2.0
20260304,002476.SZ,,,,,,,,,,,,,7.79,6.37,,,,,0.0,0.0,2.0
20260304,002478.SZ,,,,,,,,,,,,,13.5,11.04,,,,,0.0,0.0,2.0
20260304,002479.SZ,,,,,,,,,,,,,5.96,4.88,,,,,0.0,0.0,2.0
20260304,002480.SZ,,,,,,,,,,,,,6.59,5.39,,,,,0.0,0.0,2.0
20260304,002481.SZ,,,,,,,,,,,,,5.27,4.31,,,,,0.0,0.0,2.0
20260304,002482.SZ,,,,,,,,,,,,,1.89,1.55,,,,,0.0,0.0,2.0
20260304,002483.SZ,,,,,,,,,,,,,8.55,6.99,,,,,0.0,0.0,2.0
20260304,002484.SZ,,,,,,,,,,,,,35.77,29.27,,,,,0.0,0.0,2.0
20260304,002485.SZ,,,,,,,,,,,,,5.87,5.31,,,,,0.0,0.0,2.0
20260304,002486.SZ,,,,,,,,,,,,,3.26,2.66,,,,,0.0,0.0,2.0
20260304,002487.SZ,,,,,,,,,,,,,76.22,62.36,,,,,0.0,0.0,2.0
20260304,002488.SZ,,,,,,,,,,,,,13.28,10.86,,,,,0.0,0.0,2.0
20260304,002489.SZ,,,,,,,,,,,,,3.87,3.17,,,,,0.0,0.0,2.0
20260304,002490.SZ,,U,2.0,117840486.0,117840486.0,92500.0,93933.0,,,,,,11.72,9.59,0.0,,,0.0,1.0,0.0,1.4789988915552708
20260304,002491.SZ,,,,,,,,,,,,,13.45,11.01,,,,,0.0,0.0,2.0
20260304,002492.SZ,,,,,,,,,,,,,9.77,7.99,,,,,0.0,0.0,2.0
20260304,002493.SZ,,,,,,,,,,,,,16.98,13.9,,,,,0.0,0.0,2.0
20260304,002494.SZ,,,,,,,,,,,,,6.07,4.97,,,,,0.0,0.0,2.0
20260304,002495.SZ,,,,,,,,,,,,,2.92,2.39,,,,,0.0,0.0,2.0
20260304,002496.SZ,,,,,,,,,,,,,1.98,1.8,,,,,0.0,0.0,2.0
20260304,002497.SZ,,,,,,,,,,,,,28.2,23.08,,,,,0.0,0.0,2.0
20260304,002498.SZ,,U,4.0,118204378.0,118204378.0,93824.0,112236.0,,,,,,8.13,6.65,1.0,1.0,8.0,0.0,1.0,0.0,1.5961153741817298
20260304,002500.SZ,,,,,,,,,,,,,6.52,5.34,,,,,0.0,0.0,2.0
20260304,002501.SZ,,,,,,,,,,,,,2.16,1.76,,,,,0.0,0.0,2.0
20260304,002506.SZ,,,,,,,,,,,,,5.68,4.64,,,,,0.0,0.0,2.0
20260304,002507.SZ,,,,,,,,,,,,,14.45,11.83,,,,,0.0,0.0,2.0
20260304,002508.SZ,,,,,,,,,,,,,22.5,18.41,,,,,0.0,0.0,2.0
20260304,002510.SZ,,,,,,,,,,,,,8.45,6.91,,,,,0.0,0.0,2.0
20260304,002511.SZ,,,,,,,,,,,,,9.66,7.9,,,,,0.0,0.0,2.0
20260304,002512.SZ,,,,,,,,,,,,,6.02,5.44,,,,,0.0,0.0,2.0
20260304,002513.SZ,,,,,,,,,,,,,7.57,6.19,,,,,0.0,0.0,2.0
20260304,002514.SZ,,,,,,,,,,,,,5.28,4.32,,,,,0.0,0.0,2.0
20260304,002515.SZ,,,,,,,,,,,,,6.24,5.1,,,,,0.0,0.0,2.0
20260304,002516.SZ,,,,,,,,,,,,,6.8,5.56,,,,,0.0,0.0,2.0
20260304,002517.SZ,,,,,,,,,,,,,23.42,19.16,,,,,0.0,0.0,2.0
20260304,002518.SZ,,,,,,,,,,,,,62.06,50.78,,,,,0.0,0.0,2.0
20260304,002519.SZ,,,,,,,,,,,,,9.92,8.12,,,,,0.0,0.0,2.0
20260304,002520.SZ,,,,,,,,,,,,,6.55,5.36,,,,,0.0,0.0,2.0
20260304,002521.SZ,,,,,,,,,,,,,8.92,7.3,,,,,0.0,0.0,2.0
20260304,002522.SZ,,,,,,,,,,,,,6.19,5.07,,,,,0.0,0.0,2.0
20260304,002523.SZ,,,,,,,,,,,,,4.68,3.83,,,,,0.0,0.0,2.0
20260304,002524.SZ,,,,,,,,,,,,,4.99,4.09,,,,,0.0,0.0,2.0
20260304,002526.SZ,,,,,,,,,,,,,4.04,3.3,,,,,0.0,0.0,2.0
20260304,002527.SZ,,,,,,,,,,,,,16.16,13.22,,,,,0.0,0.0,2.0
20260304,002528.SZ,,,,,,,,,,,,,3.08,2.78,,,,,0.0,0.0,2.0
20260304,002529.SZ,,,,,,,,,,,,,6.9,6.24,,,,,0.0,0.0,2.0
20260304,002530.SZ,,,,,,,,,,,,,10.42,8.52,,,,,0.0,0.0,2.0
20260304,002531.SZ,,,,,,,,,,,,,11.35,9.29,,,,,0.0,0.0,2.0
20260304,002532.SZ,,,,,,,,,,,,,20.0,16.36,,,,,0.0,0.0,2.0
20260304,002533.SZ,,,,,,,,,,,,,16.19,13.25,,,,,0.0,0.0,2.0
20260304,002534.SZ,,,,,,,,,,,,,21.05,17.23,,,,,0.0,0.0,2.0
20260304,002535.SZ,,,,,,,,,,,,,4.05,3.31,,,,,0.0,0.0,2.0
20260304,002536.SZ,,,,,,,,,,,,,37.62,30.78,,,,,0.0,0.0,2.0
20260304,002537.SZ,,,,,,,,,,,,,9.79,8.01,,,,,0.0,0.0,2.0
20260304,002538.SZ,,,,,,,,,,,,,8.56,7.0,,,,,0.0,0.0,2.0
20260304,002539.SZ,,,,,,,,,,,,,16.75,13.71,,,,,0.0,0.0,2.0
20260304,002540.SZ,,,,,,,,,,,,,8.16,6.68,,,,,0.0,0.0,2.0
20260304,002541.SZ,,,,,,,,,,,,,26.21,21.45,,,,,0.0,0.0,2.0
20260304,002542.SZ,,,,,,,,,,,,,3.56,2.92,,,,,0.0,0.0,2.0
20260304,002543.SZ,,,,,,,,,,,,,9.86,8.06,,,,,0.0,0.0,2.0
20260304,002544.SZ,,,,,,,,,,,,,31.86,26.06,,,,,0.0,0.0,2.0
20260304,002545.SZ,,,,,,,,,,,,,32.45,26.55,,,,,0.0,0.0,2.0
20260304,002546.SZ,,,,,,,,,,,,,11.86,9.7,,,,,0.0,0.0,2.0
20260304,002547.SZ,,,,,,,,,,,,,3.81,3.11,,,,,0.0,0.0,2.0
20260304,002548.SZ,,,,,,,,,,,,,6.84,5.6,,,,,0.0,0.0,2.0
20260304,002549.SZ,,,,,,,,,,,,,24.15,19.76,,,,,0.0,0.0,2.0
20260304,002550.SZ,,,,,,,,,,,,,8.12,6.64,,,,,0.0,0.0,2.0
20260304,002551.SZ,,,,,,,,,,,,,3.98,3.26,,,,,0.0,0.0,2.0
20260304,002552.SZ,,,,,,,,,,,,,22.11,18.09,,,,,0.0,0.0,2.0
20260304,002553.SZ,,,,,,,,,,,,,28.59,23.39,,,,,0.0,0.0,2.0
20260304,002554.SZ,,,,,,,,,,,,,5.64,4.62,,,,,0.0,0.0,2.0
20260304,002555.SZ,,,,,,,,,,,,,25.05,20.49,,,,,0.0,0.0,2.0
20260304,002556.SZ,,,,,,,,,,,,,7.27,5.95,,,,,0.0,0.0,2.0
20260304,002557.SZ,,,,,,,,,,,,,25.05,20.49,,,,,0.0,0.0,2.0
20260304,002558.SZ,,,,,,,,,,,,,39.6,32.4,,,,,0.0,0.0,2.0
20260304,002559.SZ,,,,,,,,,,,,,10.55,8.63,,,,,0.0,0.0,2.0
20260304,002560.SZ,,,,,,,,,,,,,11.44,9.36,,,,,0.0,0.0,2.0
20260304,002561.SZ,,,,,,,,,,,,,9.22,7.54,,,,,0.0,0.0,2.0
20260304,002562.SZ,,,,,,,,,,,,,7.48,6.12,,,,,0.0,0.0,2.0
20260304,002563.SZ,,,,,,,,,,,,,5.9,4.82,,,,,0.0,0.0,2.0
20260304,002564.SZ,,,,,,,,,,,,,7.66,6.26,,,,,0.0,0.0,2.0
20260304,002565.SZ,,,,,,,,,,,,,15.75,12.89,,,,,0.0,0.0,2.0
20260304,002566.SZ,,,,,,,,,,,,,8.94,7.32,,,,,0.0,0.0,2.0
20260304,002567.SZ,,,,,,,,,,,,,4.76,3.9,,,,,0.0,0.0,2.0
20260304,002568.SZ,,,,,,,,,,,,,20.48,16.76,,,,,0.0,0.0,2.0
20260304,002569.SZ,,,,,,,,,,,,,13.6,12.3,,,,,0.0,0.0,2.0
20260304,002570.SZ,,,,,,,,,,,,,6.93,5.67,,,,,0.0,0.0,2.0
20260304,002571.SZ,,,,,,,,,,,,,13.4,10.96,,,,,0.0,0.0,2.0
20260304,002572.SZ,,,,,,,,,,,,,14.65,11.99,,,,,0.0,0.0,2.0
20260304,002573.SZ,,,,,,,,,,,,,4.43,3.63,,,,,0.0,0.0,2.0
20260304,002574.SZ,,,,,,,,,,,,,6.59,5.39,,,,,0.0,0.0,2.0
20260304,002575.SZ,,,,,,,,,,,,,7.62,6.24,,,,,0.0,0.0,2.0
20260304,002576.SZ,,,,,,,,,,,,,20.14,16.48,,,,,0.0,0.0,2.0
20260304,002577.SZ,,,,,,,,,,,,,18.16,14.86,,,,,0.0,0.0,2.0
20260304,002578.SZ,,,,,,,,,,,,,4.87,3.99,,,,,0.0,0.0,2.0
20260304,002579.SZ,,,,,,,,,,,,,12.65,10.35,,,,,0.0,0.0,2.0
20260304,002580.SZ,,,,,,,,,,,,,14.19,11.61,,,,,0.0,0.0,2.0
20260304,002581.SZ,,,,,,,,,,,,,8.9,8.06,,,,,0.0,0.0,2.0
20260304,002582.SZ,,,,,,,,,,,,,12.31,10.07,,,,,0.0,0.0,2.0
20260304,002583.SZ,,,,,,,,,,,,,12.02,9.84,,,,,0.0,0.0,2.0
20260304,002584.SZ,,,,,,,,,,,,,9.31,7.61,,,,,0.0,0.0,2.0
20260304,002585.SZ,,,,,,,,,,,,,8.05,6.59,,,,,0.0,0.0,2.0
20260304,002586.SZ,,,,,,,,,,,,,5.12,4.64,,,,,0.0,0.0,2.0
20260304,002587.SZ,,,,,,,,,,,,,7.02,5.74,,,,,0.0,0.0,2.0
20260304,002588.SZ,,,,,,,,,,,,,11.73,9.59,,,,,0.0,0.0,2.0
20260304,002589.SZ,,,,,,,,,,,,,3.41,2.79,,,,,0.0,0.0,2.0
20260304,002590.SZ,,,,,,,,,,,,,14.84,12.14,,,,,0.0,0.0,2.0
20260304,002591.SZ,,,,,,,,,,,,,7.92,6.48,,,,,0.0,0.0,2.0
20260304,002592.SZ,,,,,,,,,,,,,9.89,8.95,,,,,0.0,0.0,2.0
20260304,002593.SZ,,,,,,,,,,,,,6.22,5.09,,,,,0.0,0.0,2.0
20260304,002594.SZ,,,,,,,,,,,,,104.73,85.69,,,,,0.0,0.0,2.0
20260304,002595.SZ,,,,,,,,,,,,,104.05,85.13,,,,,0.0,0.0,2.0
20260304,002596.SZ,,,,,,,,,,,,,4.42,3.62,,,,,0.0,0.0,2.0
20260304,002597.SZ,,,,,,,,,,,,,28.67,23.45,,,,,0.0,0.0,2.0
20260304,002598.SZ,,,,,,,,,,,,,10.45,8.55,,,,,0.0,0.0,2.0
20260304,002599.SZ,,,,,,,,,,,,,8.2,6.71,,,,,0.0,0.0,2.0
20260304,002600.SZ,,,,,,,,,,,,,15.62,12.78,,,,,0.0,0.0,2.0
20260304,002601.SZ,,,,,,,,,,,,,24.11,19.73,,,,,0.0,0.0,2.0
20260304,002602.SZ,,,,,,,,,,,,,19.14,15.66,,,,,0.0,0.0,2.0
20260304,002603.SZ,,,,,,,,,,,,,18.14,14.84,,,,,0.0,0.0,2.0
20260304,002605.SZ,,,,,,,,,,,,,25.88,21.18,,,,,0.0,0.0,2.0
20260304,002606.SZ,,,,,,,,,,,,,13.52,11.06,,,,,0.0,0.0,2.0
20260304,002607.SZ,,,,,,,,,,,,,3.0,2.46,,,,,0.0,0.0,2.0
20260304,002608.SZ,,,,,,,,,,,,,9.0,7.36,,,,,0.0,0.0,2.0
20260304,002609.SZ,,,,,,,,,,,,,9.94,8.14,,,,,0.0,0.0,2.0
20260304,002611.SZ,,,,,,,,,,,,,18.15,14.85,,,,,0.0,0.0,2.0
20260304,002612.SZ,,,,,,,,,,,,,19.26,15.76,,,,,0.0,0.0,2.0
20260304,002613.SZ,,,,,,,,,,,,,4.36,3.56,,,,,0.0,0.0,2.0
20260304,002614.SZ,,,,,,,,,,,,,7.21,5.9,,,,,0.0,0.0,2.0
20260304,002615.SZ,,,,,,,,,,,,,10.18,8.33,,,,,0.0,0.0,2.0
20260304,002616.SZ,,,,,,,,,,,,,6.45,5.27,,,,,0.0,0.0,2.0
20260304,002617.SZ,,,,,,,,,,,,,9.43,7.71,,,,,0.0,0.0,2.0
20260304,002620.SZ,,,,,,,,,,,,,6.7,6.06,,,,,0.0,0.0,2.0
20260304,002622.SZ,,,,,,,,,,,,,3.06,2.5,,,,,0.0,0.0,2.0
20260304,002623.SZ,,,,,,,,,,,,,27.87,22.81,,,,,0.0,0.0,2.0
20260304,002624.SZ,,,,,,,,,,,,,22.48,18.4,,,,,0.0,0.0,2.0
20260304,002625.SZ,,,,,,,,,,,,,50.11,41.0,,,,,0.0,0.0,2.0
20260304,002626.SZ,,,,,,,,,,,,,20.98,17.16,,,,,0.0,0.0,2.0
20260304,002627.SZ,,,,,,,,,,,,,9.43,7.71,,,,,0.0,0.0,2.0
20260304,002628.SZ,,,,,,,,,,,,,6.06,4.96,,,,,0.0,0.0,2.0
20260304,002629.SZ,,,,,,,,,,,,,8.92,7.3,,,,,0.0,0.0,2.0
20260304,002630.SZ,,,,,,,,,,,,,2.59,2.35,,,,,0.0,0.0,2.0
20260304,002631.SZ,,,,,,,,,,,,,6.38,5.22,,,,,0.0,0.0,2.0
20260304,002632.SZ,,,,,,,,,,,,,14.22,11.64,,,,,0.0,0.0,2.0
20260304,002633.SZ,,,,,,,,,,,,,19.03,15.57,,,,,0.0,0.0,2.0
20260304,002634.SZ,,,,,,,,,,,,,7.57,6.19,,,,,0.0,0.0,2.0
20260304,002635.SZ,,,,,,,,,,,,,15.37,12.57,,,,,0.0,0.0,2.0
20260304,002636.SZ,,,,,,,,,,,,,29.66,24.26,,,,,0.0,0.0,2.0
20260304,002637.SZ,,,,,,,,,,,,,14.99,12.27,,,,,0.0,0.0,2.0
20260304,002638.SZ,,,,,,,,,,,,,3.5,2.86,,,,,0.0,0.0,2.0
20260304,002639.SZ,,,,,,,,,,,,,25.03,20.48,,,,,0.0,0.0,2.0
20260304,002640.SZ,,,,,,,,,,,,,4.02,3.29,,,,,0.0,0.0,2.0
20260304,002641.SZ,,,,,,,,,,,,,4.8,3.92,,,,,0.0,0.0,2.0
20260304,002642.SZ,,,,,,,,,,,,,8.79,7.19,,,,,0.0,0.0,2.0
20260304,002643.SZ,,,,,,,,,,,,,18.52,15.16,,,,,0.0,0.0,2.0
20260304,002644.SZ,,,,,,,,,,,,,9.48,7.76,,,,,0.0,0.0,2.0
20260304,002645.SZ,,,,,,,,,,,,,17.35,14.19,,,,,0.0,0.0,2.0
20260304,002646.SZ,,,,,,,,,,,,,9.36,7.66,,,,,0.0,0.0,2.0
20260304,002647.SZ,,,,,,,,,,,,,10.38,9.4,,,,,0.0,0.0,2.0
20260304,002648.SZ,,,,,,,,,,,,,26.18,21.42,,,,,0.0,0.0,2.0
20260304,002649.SZ,,,,,,,,,,,,,13.85,11.33,,,,,0.0,0.0,2.0
20260304,002650.SZ,,,,,,,,,,,,,6.79,6.15,,,,,0.0,0.0,2.0
20260304,002651.SZ,,,,,,,,,,,,,11.51,9.41,,,,,0.0,0.0,2.0
20260304,002652.SZ,,,,,,,,,,,,,4.84,3.96,,,,,0.0,0.0,2.0
20260304,002653.SZ,,,,,,,,,,,,,49.48,40.48,,,,,0.0,0.0,2.0
20260304,002654.SZ,,,,,,,,,,,,,14.72,12.04,,,,,0.0,0.0,2.0
20260304,002655.SZ,,,,,,,,,,,,,18.58,15.2,,,,,0.0,0.0,2.0
20260304,002656.SZ,,,,,,,,,,,,,2.85,2.57,,,,,0.0,0.0,2.0
20260304,002657.SZ,,,,,,,,,,,,,27.65,22.63,,,,,0.0,0.0,2.0
20260304,002658.SZ,,,,,,,,,,,,,11.87,9.71,,,,,0.0,0.0,2.0
20260304,002659.SZ,,,,,,,,,,,,,6.2,5.08,,,,,0.0,0.0,2.0
20260304,002660.SZ,,,,,,,,,,,,,9.85,8.06,,,,,0.0,0.0,2.0
20260304,002661.SZ,,,,,,,,,,,,,10.21,8.35,,,,,0.0,0.0,2.0
20260304,002662.SZ,,,,,,,,,,,,,4.3,3.52,,,,,0.0,0.0,2.0
20260304,002663.SZ,,,,,,,,,,,,,2.34,1.92,,,,,0.0,0.0,2.0
20260304,002664.SZ,,,,,,,,,,,,,25.34,20.74,,,,,0.0,0.0,2.0
20260304,002666.SZ,,,,,,,,,,,,,6.08,4.98,,,,,0.0,0.0,2.0
20260304,002667.SZ,,,,,,,,,,,,,25.21,20.63,,,,,0.0,0.0,2.0
20260304,002668.SZ,,,,,,,,,,,,,10.6,8.68,,,,,0.0,0.0,2.0
20260304,002669.SZ,,,,,,,,,,,,,15.13,12.38,,,,,0.0,0.0,2.0
20260304,002670.SZ,,,,,,,,,,,,,17.37,14.21,,,,,0.0,0.0,2.0
20260304,002671.SZ,,,,,,,,,,,,,6.24,5.1,,,,,0.0,0.0,2.0
20260304,002672.SZ,,,,,,,,,,,,,5.36,4.38,,,,,0.0,0.0,2.0
20260304,002673.SZ,,,,,,,,,,,,,8.51,6.97,,,,,0.0,0.0,2.0
20260304,002674.SZ,,,,,,,,,,,,,15.16,12.4,,,,,0.0,0.0,2.0
20260304,002675.SZ,,,,,,,,,,,,,13.86,11.34,,,,,0.0,0.0,2.0
20260304,002676.SZ,,,,,,,,,,,,,7.96,6.52,,,,,0.0,0.0,2.0
20260304,002677.SZ,,,,,,,,,,,,,9.61,7.87,,,,,0.0,0.0,2.0
20260304,002678.SZ,,,,,,,,,,,,,6.4,5.24,,,,,0.0,0.0,2.0
20260304,002679.SZ,,,,,,,,,,,,,12.88,10.54,,,,,0.0,0.0,2.0
20260304,002681.SZ,,,,,,,,,,,,,6.62,5.42,,,,,0.0,0.0,2.0
20260304,002682.SZ,,,,,,,,,,,,,8.44,6.9,,,,,0.0,0.0,2.0
20260304,002683.SZ,,,,,,,,,,,,,51.36,42.02,,,,,0.0,0.0,2.0
20260304,002685.SZ,,,,,,,,,,,,,7.83,6.41,,,,,0.0,0.0,2.0
20260304,002686.SZ,,,,,,,,,,,,,7.34,6.0,,,,,0.0,0.0,2.0
20260304,002687.SZ,,,,,,,,,,,,,5.5,4.5,,,,,0.0,0.0,2.0
20260304,002688.SZ,,,,,,,,,,,,,6.58,5.38,,,,,0.0,0.0,2.0
20260304,002689.SZ,,,,,,,,,,,,,3.91,3.53,,,,,0.0,0.0,2.0
20260304,002690.SZ,,,,,,,,,,,,,20.71,16.95,,,,,0.0,0.0,2.0
20260304,002691.SZ,,,,,,,,,,,,,8.97,7.34,,,,,0.0,0.0,2.0
20260304,002692.SZ,,,,,,,,,,,,,5.96,4.88,,,,,0.0,0.0,2.0
20260304,002693.SZ,,,,,,,,,,,,,7.52,6.8,,,,,0.0,0.0,2.0
20260304,002694.SZ,,,,,,,,,,,,,3.36,2.75,,,,,0.0,0.0,2.0
20260304,002695.SZ,,,,,,,,,,,,,11.48,9.4,,,,,0.0,0.0,2.0
20260304,002696.SZ,,,,,,,,,,,,,8.21,6.71,,,,,0.0,0.0,2.0
20260304,002697.SZ,,,,,,,,,,,,,6.24,5.1,,,,,0.0,0.0,2.0
20260304,002698.SZ,,,,,,,,,,,,,16.75,13.71,,,,,0.0,0.0,2.0
20260304,002700.SZ,,,,,,,,,,,,,9.0,7.36,,,,,0.0,0.0,2.0
20260304,002701.SZ,,,,,,,,,,,,,5.98,4.9,,,,,0.0,0.0,2.0
20260304,002702.SZ,,,,,,,,,,,,,6.72,5.5,,,,,0.0,0.0,2.0
20260304,002703.SZ,,,,,,,,,,,,,25.74,21.06,,,,,0.0,0.0,2.0
20260304,002705.SZ,,,,,,,,,,,,,15.36,12.56,,,,,0.0,0.0,2.0
20260304,002706.SZ,,,,,,,,,,,,,12.02,9.84,,,,,0.0,0.0,2.0
20260304,002707.SZ,,,,,,,,,,,,,7.65,6.26,,,,,0.0,0.0,2.0
20260304,002708.SZ,,,,,,,,,,,,,13.76,11.26,,,,,0.0,0.0,2.0
20260304,002709.SZ,,,,,,,,,,,,,44.68,36.56,,,,,0.0,0.0,2.0
20260304,002712.SZ,,,,,,,,,,,,,5.94,4.86,,,,,0.0,0.0,2.0
20260304,002713.SZ,,,,,,,,,,,,,10.12,9.16,,,,,0.0,0.0,2.0
20260304,002714.SZ,,,,,,,,,,,,,51.18,41.88,,,,,0.0,0.0,2.0
20260304,002715.SZ,,,,,,,,,,,,,17.59,14.39,,,,,0.0,0.0,2.0
20260304,002716.SZ,,,,,,,,,,,,,17.24,14.1,,,,,0.0,0.0,2.0
20260304,002717.SZ,,,,,,,,,,,,,1.76,1.6,,,,,0.0,0.0,2.0
20260304,002718.SZ,,,,,,,,,,,,,72.75,59.53,,,,,0.0,0.0,2.0
20260304,002719.SZ,,,,,,,,,,,,,9.96,8.15,,,,,0.0,0.0,2.0
20260304,002721.SZ,,,,,,,,,,,,,3.53,2.89,,,,,0.0,0.0,2.0
20260304,002722.SZ,,,,,,,,,,,,,17.07,13.97,,,,,0.0,0.0,2.0
20260304,002723.SZ,,,,,,,,,,,,,9.83,8.05,,,,,0.0,0.0,2.0
20260304,002724.SZ,,,,,,,,,,,,,8.34,6.82,,,,,0.0,0.0,2.0
20260304,002725.SZ,,,,,,,,,,,,,18.12,14.82,,,,,0.0,0.0,2.0
20260304,002726.SZ,,,,,,,,,,,,,4.38,3.58,,,,,0.0,0.0,2.0
20260304,002727.SZ,,,,,,,,,,,,,14.34,11.74,,,,,0.0,0.0,2.0
20260304,002728.SZ,,,,,,,,,,,,,12.22,10.0,,,,,0.0,0.0,2.0
20260304,002729.SZ,,,,,,,,,,,,,19.53,15.98,,,,,0.0,0.0,2.0
20260304,002730.SZ,,,,,,,,,,,,,19.1,15.62,,,,,0.0,0.0,2.0
20260304,002731.SZ,,,,,,,,,,,,,8.47,7.67,,,,,0.0,0.0,2.0
20260304,002732.SZ,,,,,,,,,,,,,18.9,15.46,,,,,0.0,0.0,2.0
20260304,002733.SZ,,,,,,,,,,,,,24.59,20.12,,,,,0.0,0.0,2.0
20260304,002734.SZ,,,,,,,,,,,,,23.05,18.86,,,,,0.0,0.0,2.0
20260304,002735.SZ,,,,,,,,,,,,,19.04,15.58,,,,,0.0,0.0,2.0
20260304,002736.SZ,,,,,,,,,,,,,13.59,11.12,,,,,0.0,0.0,2.0
20260304,002737.SZ,,,,,,,,,,,,,15.02,12.29,,,,,0.0,0.0,2.0
20260304,002738.SZ,,,,,,,,,,,,,89.32,73.08,,,,,0.0,0.0,2.0
20260304,002739.SZ,,,,,,,,,,,,,11.29,9.23,,,,,0.0,0.0,2.0
20260304,002741.SZ,,,,,,,,,,,,,22.81,18.67,,,,,0.0,0.0,2.0
20260304,002742.SZ,,,,,,,,,,,,,4.42,4.0,,,,,0.0,0.0,2.0
20260304,002743.SZ,,,,,,,,,,,,,6.13,5.01,,,,,0.0,0.0,2.0
20260304,002745.SZ,,,,,,,,,,,,,9.12,7.46,,,,,0.0,0.0,2.0
20260304,002746.SZ,,,,,,,,,,,,,7.02,5.74,,,,,0.0,0.0,2.0
20260304,002747.SZ,,,,,,,,,,,,,23.91,19.57,,,,,0.0,0.0,2.0
20260304,002748.SZ,,,,,,,,,,,,,13.95,11.41,,,,,0.0,0.0,2.0
20260304,002749.SZ,,,,,,,,,,,,,15.39,12.59,,,,,0.0,0.0,2.0
20260304,002752.SZ,,,,,,,,,,,,,6.84,5.6,,,,,0.0,0.0,2.0
20260304,002753.SZ,,,,,,,,,,,,,8.43,6.89,,,,,0.0,0.0,2.0
20260304,002755.SZ,,,,,,,,,,,,,15.84,12.96,,,,,0.0,0.0,2.0
20260304,002756.SZ,,,,,,,,,,,,,72.39,59.23,,,,,0.0,0.0,2.0
20260304,002757.SZ,,,,,,,,,,,,,22.34,18.28,,,,,0.0,0.0,2.0
20260304,002758.SZ,,,,,,,,,,,,,11.75,9.61,,,,,0.0,0.0,2.0
20260304,002759.SZ,,,,,,,,,,,,,38.26,31.3,,,,,0.0,0.0,2.0
20260304,002760.SZ,,,,,,,,,,,,,26.41,21.61,,,,,0.0,0.0,2.0
20260304,002761.SZ,,,,,,,,,,,,,9.0,7.36,,,,,0.0,0.0,2.0
20260304,002762.SZ,,,,,,,,,,,,,6.86,6.2,,,,,0.0,0.0,2.0
20260304,002763.SZ,,,,,,,,,,,,,8.5,6.96,,,,,0.0,0.0,2.0
20260304,002765.SZ,,,,,,,,,,,,,11.95,9.77,,,,,0.0,0.0,2.0
20260304,002766.SZ,,,,,,,,,,,,,5.82,4.76,,,,,0.0,0.0,2.0
20260304,002767.SZ,,,,,,,,,,,,,24.4,19.96,,,,,0.0,0.0,2.0
20260304,002768.SZ,,,,,,,,,,,,,60.51,49.51,,,,,0.0,0.0,2.0
20260304,002769.SZ,,,,,,,,,,,,,11.98,9.8,,,,,0.0,0.0,2.0
20260304,002771.SZ,,,,,,,,,,,,,16.81,13.75,,,,,0.0,0.0,2.0
20260304,002772.SZ,,,,,,,,,,,,,19.95,16.33,,,,,0.0,0.0,2.0
20260304,002773.SZ,,,,,,,,,,,,,29.91,24.47,,,,,0.0,0.0,2.0
20260304,002774.SZ,,,,,,,,,,,,,11.69,9.57,,,,,0.0,0.0,2.0
20260304,002775.SZ,,,,,,,,,,,,,4.6,3.76,,,,,0.0,0.0,2.0
20260304,002777.SZ,,,,,,,,,,,,,19.94,16.32,,,,,0.0,0.0,2.0
20260304,002778.SZ,,,,,,,,,,,,,24.37,19.94,,,,,0.0,0.0,2.0
20260304,002779.SZ,,,,,,,,,,,,,100.51,82.23,,,,,0.0,0.0,2.0
20260304,002780.SZ,,,,,,,,,,,,,16.68,13.64,,,,,0.0,0.0,2.0
20260304,002782.SZ,,,,,,,,,,,,,26.02,21.29,,,,,0.0,0.0,2.0
20260304,002783.SZ,,,,,,,,,,,,,10.97,8.97,,,,,0.0,0.0,2.0
20260304,002785.SZ,,,,,,,,,,,,,52.65,43.07,,,,,0.0,0.0,2.0
20260304,002786.SZ,,,,,,,,,,,,,8.68,7.1,,,,,0.0,0.0,2.0
20260304,002787.SZ,,,,,,,,,,,,,14.08,11.52,,,,,0.0,0.0,2.0
20260304,002788.SZ,,,,,,,,,,,,,16.15,13.21,,,,,0.0,0.0,2.0
20260304,002789.SZ,,,,,,,,,,,,,10.36,9.38,,,,,0.0,0.0,2.0
20260304,002790.SZ,,,,,,,,,,,,,8.78,7.18,,,,,0.0,0.0,2.0
20260304,002791.SZ,,,,,,,,,,,,,25.6,20.94,,,,,0.0,0.0,2.0
20260304,002792.SZ,,,,,,,,,,,,,48.96,40.06,,,,,0.0,0.0,2.0
20260304,002793.SZ,,,,,,,,,,,,,5.12,4.19,,,,,0.0,0.0,2.0
20260304,002795.SZ,,,,,,,,,,,,,9.1,7.44,,,,,0.0,0.0,2.0
20260304,002796.SZ,,,,,,,,,,,,,57.86,47.34,,,,,0.0,0.0,2.0
20260304,002797.SZ,,,,,,,,,,,,,8.24,6.74,,,,,0.0,0.0,2.0
20260304,002798.SZ,,,,,,,,,,,,,6.79,5.55,,,,,0.0,0.0,2.0
20260304,002799.SZ,,,,,,,,,,,,,9.57,7.83,,,,,0.0,0.0,2.0
20260304,002800.SZ,,,,,,,,,,,,,23.49,19.22,,,,,0.0,0.0,2.0
20260304,002801.SZ,,,,,,,,,,,,,35.88,29.36,,,,,0.0,0.0,2.0
20260304,002802.SZ,,,,,,,,,,,,,14.7,12.02,,,,,0.0,0.0,2.0
20260304,002803.SZ,,,,,,,,,,,,,18.95,15.51,,,,,0.0,0.0,2.0
20260304,002805.SZ,,,,,,,,,,,,,18.33,14.99,,,,,0.0,0.0,2.0
20260304,002806.SZ,,,,,,,,,,,,,17.18,14.06,,,,,0.0,0.0,2.0
20260304,002807.SZ,,,,,,,,,,,,,5.04,4.12,,,,,0.0,0.0,2.0
20260304,002808.SZ,,,,,,,,,,,,,5.11,4.63,,,,,0.0,0.0,2.0
20260304,002809.SZ,,,,,,,,,,,,,13.81,11.3,,,,,0.0,0.0,2.0
20260304,002810.SZ,,,,,,,,,,,,,19.33,15.81,,,,,0.0,0.0,2.0
20260304,002811.SZ,,,,,,,,,,,,,16.19,13.25,,,,,0.0,0.0,2.0
20260304,002812.SZ,,,,,,,,,,,,,67.75,55.43,,,,,0.0,0.0,2.0
20260304,002813.SZ,,,,,,,,,,,,,28.92,23.66,,,,,0.0,0.0,2.0
20260304,002815.SZ,,,,,,,,,,,,,16.13,13.19,,,,,0.0,0.0,2.0
20260304,002816.SZ,,,,,,,,,,,,,24.23,21.93,,,,,0.0,0.0,2.0
20260304,002817.SZ,,,,,,,,,,,,,8.93,7.31,,,,,0.0,0.0,2.0
20260304,002818.SZ,,,,,,,,,,,,,12.54,10.26,,,,,0.0,0.0,2.0
20260304,002819.SZ,,,,,,,,,,,,,29.88,24.44,,,,,0.0,0.0,2.0
20260304,002820.SZ,,,,,,,,,,,,,12.51,10.23,,,,,0.0,0.0,2.0
20260304,002821.SZ,,,,,,,,,,,,,101.75,83.25,,,,,0.0,0.0,2.0
20260304,002822.SZ,,,,,,,,,,,,,3.51,3.17,,,,,0.0,0.0,2.0
20260304,002823.SZ,,,,,,,,,,,,,17.57,14.37,,,,,0.0,0.0,2.0
20260304,002824.SZ,,,,,,,,,,,,,22.64,18.52,,,,,0.0,0.0,2.0
20260304,002825.SZ,,,,,,,,,,,,,11.53,9.43,,,,,0.0,0.0,2.0
20260304,002826.SZ,,,,,,,,,,,,,22.99,18.81,,,,,0.0,0.0,2.0
20260304,002827.SZ,,,,,,,,,,,,,38.75,31.71,,,,,0.0,0.0,2.0
20260304,002828.SZ,,,,,,,,,,,,,18.01,14.73,,,,,0.0,0.0,2.0
20260304,002829.SZ,,,,,,,,,,,,,29.43,24.08,,,,,0.0,0.0,2.0
20260304,002830.SZ,,,,,,,,,,,,,24.74,20.24,,,,,0.0,0.0,2.0
20260304,002831.SZ,,,,,,,,,,,,,34.85,28.51,,,,,0.0,0.0,2.0
20260304,002832.SZ,,,,,,,,,,,,,17.66,14.45,,,,,0.0,0.0,2.0
20260304,002833.SZ,,,,,,,,,,,,,19.77,16.17,,,,,0.0,0.0,2.0
20260304,002835.SZ,,,,,,,,,,,,,17.7,14.48,,,,,0.0,0.0,2.0
20260304,002836.SZ,,,,,,,,,,,,,15.2,12.44,,,,,0.0,0.0,2.0
20260304,002837.SZ,,,,,,,,,,,,,112.64,92.16,,,,,0.0,0.0,2.0
20260304,002838.SZ,,,,,,,,,,,,,28.96,23.7,,,,,0.0,0.0,2.0
20260304,002839.SZ,,,,,,,,,,,,,4.99,4.09,,,,,0.0,0.0,2.0
20260304,002840.SZ,,,,,,,,,,,,,10.74,8.78,,,,,0.0,0.0,2.0
20260304,002841.SZ,,,,,,,,,,,,,39.53,32.35,,,,,0.0,0.0,2.0
20260304,002842.SZ,,,,,,,,,,,,,48.05,39.31,,,,,0.0,0.0,2.0
20260304,002843.SZ,,,,,,,,,,,,,31.89,26.09,,,,,0.0,0.0,2.0
20260304,002845.SZ,,,,,,,,,,,,,15.84,12.96,,,,,0.0,0.0,2.0
20260304,002846.SZ,,,,,,,,,,,,,16.6,13.58,,,,,0.0,0.0,2.0
20260304,002847.SZ,,,,,,,,,,,,,68.75,56.25,,,,,0.0,0.0,2.0
20260304,002848.SZ,,,,,,,,,,,,,12.19,11.03,,,,,0.0,0.0,2.0
20260304,002849.SZ,,,,,,,,,,,,,19.55,15.99,,,,,0.0,0.0,2.0
20260304,002850.SZ,,,,,,,,,,,,,178.1,145.72,,,,,0.0,0.0,2.0
20260304,002851.SZ,,,,,,,,,,,,,139.66,114.26,,,,,0.0,0.0,2.0
20260304,002852.SZ,,,,,,,,,,,,,11.74,9.6,,,,,0.0,0.0,2.0
20260304,002853.SZ,,,,,,,,,,,,,30.51,24.97,,,,,0.0,0.0,2.0
20260304,002855.SZ,,,,,,,,,,,,,14.63,11.97,,,,,0.0,0.0,2.0
20260304,002856.SZ,,,,,,,,,,,,,14.62,11.96,,,,,0.0,0.0,2.0
20260304,002857.SZ,,,,,,,,,,,,,23.24,19.02,,,,,0.0,0.0,2.0
20260304,002858.SZ,,,,,,,,,,,,,17.0,13.91,,,,,0.0,0.0,2.0
20260304,002860.SZ,,,,,,,,,,,,,14.32,11.72,,,,,0.0,0.0,2.0
20260304,002861.SZ,,,,,,,,,,,,,21.01,17.19,,,,,0.0,0.0,2.0
20260304,002862.SZ,,,,,,,,,,,,,18.46,15.1,,,,,0.0,0.0,2.0
20260304,002863.SZ,,,,,,,,,,,,,6.3,5.16,,,,,0.0,0.0,2.0
20260304,002864.SZ,,,,,,,,,,,,,36.95,30.23,,,,,0.0,0.0,2.0
20260304,002865.SZ,,,,,,,,,,,,,91.32,74.72,,,,,0.0,0.0,2.0
20260304,002866.SZ,,,,,,,,,,,,,20.43,16.71,,,,,0.0,0.0,2.0
20260304,002867.SZ,,,,,,,,,,,,,13.3,10.88,,,,,0.0,0.0,2.0
20260304,002868.SZ,,,,,,,,,,,,,43.59,39.43,,,,,0.0,0.0,2.0
20260304,002869.SZ,,,,,,,,,,,,,23.07,18.87,,,,,0.0,0.0,2.0
20260304,002870.SZ,,,,,,,,,,,,,39.47,32.29,,,,,0.0,0.0,2.0
20260304,002871.SZ,,,,,,,,,,,,,23.55,19.27,,,,,0.0,0.0,2.0
20260304,002872.SZ,,,,,,,,,,,,,5.34,4.84,,,,,0.0,0.0,2.0
20260304,002873.SZ,,,,,,,,,,,,,11.02,9.02,,,,,0.0,0.0,2.0
20260304,002875.SZ,,,,,,,,,,,,,19.9,16.28,,,,,0.0,0.0,2.0
20260304,002876.SZ,,,,,,,,,,,,,29.91,24.47,,,,,0.0,0.0,2.0
20260304,002877.SZ,,U,2.0,81296523.0,81296523.0,130324.0,131000.0,,,,,,9.9,8.1,1.0,8.0,2.0,0.0,1.0,0.0,1.6838259891791143
20260304,002878.SZ,,,,,,,,,,,,,18.39,15.05,,,,,0.0,0.0,2.0
20260304,002879.SZ,,,,,,,,,,,,,24.05,19.67,,,,,0.0,0.0,2.0
20260304,002880.SZ,,,,,,,,,,,,,32.42,26.52,,,,,0.0,0.0,2.0
20260304,002881.SZ,,,,,,,,,,,,,48.91,40.01,,,,,0.0,0.0,2.0
20260304,002882.SZ,,,,,,,,,,,,,32.95,26.96,,,,,0.0,0.0,2.0
20260304,002883.SZ,,,,,,,,,,,,,11.02,9.02,,,,,0.0,0.0,2.0
20260304,002884.SZ,,,,,,,,,,,,,19.56,16.0,,,,,0.0,0.0,2.0
20260304,002885.SZ,,U,0.0,96922334.0,96922334.0,132224.0,132224.0,,,,,,31.92,26.12,1.0,4.0,2.0,0.0,1.0,0.0,2.369808109806023
20260304,002886.SZ,,,,,,,,,,,,,25.96,21.24,,,,,0.0,0.0,2.0
20260304,002887.SZ,,,,,,,,,,,,,12.44,10.18,,,,,0.0,0.0,2.0
20260304,002888.SZ,,,,,,,,,,,,,22.18,18.14,,,,,0.0,0.0,2.0
20260304,002889.SZ,,,,,,,,,,,,,15.86,12.98,,,,,0.0,0.0,2.0
20260304,002890.SZ,,,,,,,,,,,,,17.06,13.96,,,,,0.0,0.0,2.0
20260304,002891.SZ,,,,,,,,,,,,,51.1,41.81,,,,,0.0,0.0,2.0
20260304,002892.SZ,,,,,,,,,,,,,12.82,10.49,,,,,0.0,0.0,2.0
20260304,002893.SZ,,,,,,,,,,,,,12.54,10.26,,,,,0.0,0.0,2.0
20260304,002895.SZ,,,,,,,,,,,,,45.25,37.03,,,,,0.0,0.0,2.0
20260304,002896.SZ,,,,,,,,,,,,,85.55,69.99,,,,,0.0,0.0,2.0
20260304,002897.SZ,,,,,,,,,,,,,71.28,58.32,,,,,0.0,0.0,2.0
20260304,002898.SZ,,,,,,,,,,,,,11.71,10.59,,,,,0.0,0.0,2.0
20260304,002899.SZ,,,,,,,,,,,,,32.22,26.36,,,,,0.0,0.0,2.0
20260304,002900.SZ,,,,,,,,,,,,,12.73,10.41,,,,,0.0,0.0,2.0
20260304,002901.SZ,,,,,,,,,,,,,51.78,42.36,,,,,0.0,0.0,2.0
20260304,002902.SZ,,,,,,,,,,,,,22.79,18.65,,,,,0.0,0.0,2.0
20260304,002903.SZ,,,,,,,,,,,,,26.81,21.93,,,,,0.0,0.0,2.0
20260304,002905.SZ,,,,,,,,,,,,,10.98,8.98,,,,,0.0,0.0,2.0
20260304,002906.SZ,,,,,,,,,,,,,35.37,28.94,,,,,0.0,0.0,2.0
20260304,002907.SZ,,,,,,,,,,,,,15.49,12.67,,,,,0.0,0.0,2.0
20260304,002908.SZ,,,,,,,,,,,,,10.36,8.48,,,,,0.0,0.0,2.0
20260304,002909.SZ,,,,,,,,,,,,,7.8,6.38,,,,,0.0,0.0,2.0
20260304,002910.SZ,,,,,,,,,,,,,12.62,10.32,,,,,0.0,0.0,2.0
20260304,002911.SZ,,,,,,,,,,,,,19.55,15.99,,,,,0.0,0.0,2.0
20260304,002912.SZ,,,,,,,,,,,,,32.9,26.92,,,,,0.0,0.0,2.0
20260304,002913.SZ,,,,,,,,,,,,,48.44,39.64,,,,,0.0,0.0,2.0
20260304,002915.SZ,,,,,,,,,,,,,23.67,19.37,,,,,0.0,0.0,2.0
20260304,002916.SZ,,,,,,,,,,,,,298.05,243.86,,,,,0.0,0.0,2.0
20260304,002917.SZ,,,,,,,,,,,,,14.97,12.25,,,,,0.0,0.0,2.0
20260304,002918.SZ,,,,,,,,,,,,,15.57,12.74,,,,,0.0,0.0,2.0
20260304,002919.SZ,,,,,,,,,,,,,26.73,21.87,,,,,0.0,0.0,2.0
20260304,002920.SZ,,,,,,,,,,,,,130.79,107.01,,,,,0.0,0.0,2.0
20260304,002921.SZ,,,,,,,,,,,,,28.91,23.65,,,,,0.0,0.0,2.0
20260304,002922.SZ,,,,,,,,,,,,,47.36,38.75,,,,,0.0,0.0,2.0
20260304,002923.SZ,,,,,,,,,,,,,15.88,13.0,,,,,0.0,0.0,2.0
20260304,002925.SZ,,,,,,,,,,,,,25.12,20.56,,,,,0.0,0.0,2.0
20260304,002926.SZ,,,,,,,,,,,,,9.74,7.97,,,,,0.0,0.0,2.0
20260304,002927.SZ,,,,,,,,,,,,,21.18,17.33,,,,,0.0,0.0,2.0
20260304,002928.SZ,,,,,,,,,,,,,10.63,8.69,,,,,0.0,0.0,2.0
20260304,002929.SZ,,,,,,,,,,,,,54.73,44.78,,,,,0.0,0.0,2.0
20260304,002930.SZ,,,,,,,,,,,,,14.8,12.11,,,,,0.0,0.0,2.0
20260304,002931.SZ,,,,,,,,,,,,,87.6,71.68,,,,,0.0,0.0,2.0
20260304,002932.SZ,,,,,,,,,,,,,19.83,16.23,,,,,0.0,0.0,2.0
20260304,002933.SZ,,,,,,,,,,,,,37.14,30.38,,,,,0.0,0.0,2.0
20260304,002935.SZ,,,,,,,,,,,,,21.78,17.82,,,,,0.0,0.0,2.0
20260304,002936.SZ,,,,,,,,,,,,,2.11,1.73,,,,,0.0,0.0,2.0
20260304,002937.SZ,,,,,,,,,,,,,29.08,23.8,,,,,0.0,0.0,2.0
20260304,002938.SZ,,,,,,,,,,,,,58.88,48.18,,,,,0.0,0.0,2.0
20260304,002939.SZ,,,,,,,,,,,,,10.51,8.6,,,,,0.0,0.0,2.0
20260304,002940.SZ,,,,,,,,,,,,,32.9,26.92,,,,,0.0,0.0,2.0
20260304,002941.SZ,,,,,,,,,,,,,17.48,14.3,,,,,0.0,0.0,2.0
20260304,002942.SZ,,,,,,,,,,,,,23.13,18.93,,,,,0.0,0.0,2.0
20260304,002943.SZ,,,,,,,,,,,,,67.1,54.9,,,,,0.0,0.0,2.0
20260304,002945.SZ,,,,,,,,,,,,,20.01,16.37,,,,,0.0,0.0,2.0
20260304,002946.SZ,,,,,,,,,,,,,20.88,17.08,,,,,0.0,0.0,2.0
20260304,002947.SZ,,,,,,,,,,,,,51.76,42.35,,,,,0.0,0.0,2.0
20260304,002948.SZ,,,,,,,,,,,,,5.84,4.78,,,,,0.0,0.0,2.0
20260304,002949.SZ,,,,,,,,,,,,,16.28,13.32,,,,,0.0,0.0,2.0
20260304,002950.SZ,,,,,,,,,,,,,11.45,9.37,,,,,0.0,0.0,2.0
20260304,002951.SZ,,,,,,,,,,,,,16.5,13.5,,,,,0.0,0.0,2.0
20260304,002952.SZ,,,,,,,,,,,,,26.87,21.99,,,,,0.0,0.0,2.0
20260304,002953.SZ,,,,,,,,,,,,,13.64,11.16,,,,,0.0,0.0,2.0
20260304,002955.SZ,,,,,,,,,,,,,28.22,23.09,,,,,0.0,0.0,2.0
20260304,002956.SZ,,,,,,,,,,,,,28.22,23.09,,,,,0.0,0.0,2.0
20260304,002957.SZ,,,,,,,,,,,,,34.84,28.5,,,,,0.0,0.0,2.0
20260304,002958.SZ,,,,,,,,,,,,,3.44,2.82,,,,,0.0,0.0,2.0
20260304,002959.SZ,,,,,,,,,,,,,46.32,37.9,,,,,0.0,0.0,2.0
20260304,002960.SZ,,,,,,,,,,,,,12.0,9.82,,,,,0.0,0.0,2.0
20260304,002961.SZ,,,,,,,,,,,,,27.94,22.86,,,,,0.0,0.0,2.0
20260304,002962.SZ,,,,,,,,,,,,,16.24,13.28,,,,,0.0,0.0,2.0
20260304,002963.SZ,,,,,,,,,,,,,16.29,13.33,,,,,0.0,0.0,2.0
20260304,002965.SZ,,,,,,,,,,,,,36.44,29.82,,,,,0.0,0.0,2.0
20260304,002966.SZ,,,,,,,,,,,,,9.02,7.38,,,,,0.0,0.0,2.0
20260304,002967.SZ,,,,,,,,,,,,,24.48,20.03,,,,,0.0,0.0,2.0
20260304,002968.SZ,,,,,,,,,,,,,13.78,11.28,,,,,0.0,0.0,2.0
20260304,002969.SZ,,,,,,,,,,,,,22.88,18.72,,,,,0.0,0.0,2.0
20260304,002970.SZ,,,,,,,,,,,,,82.95,67.87,,,,,0.0,0.0,2.0
20260304,002971.SZ,,,,,,,,,,,,,37.29,30.51,,,,,0.0,0.0,2.0
20260304,002972.SZ,,,,,,,,,,,,,13.04,10.67,,,,,0.0,0.0,2.0
20260304,002973.SZ,,,,,,,,,,,,,15.81,12.93,,,,,0.0,0.0,2.0
20260304,002975.SZ,,,,,,,,,,,,,87.56,71.64,,,,,0.0,0.0,2.0
20260304,002976.SZ,,,,,,,,,,,,,29.19,23.89,,,,,0.0,0.0,2.0
20260304,002977.SZ,,,,,,,,,,,,,32.68,26.74,,,,,0.0,0.0,2.0
20260304,002978.SZ,,,,,,,,,,,,,44.22,36.18,,,,,0.0,0.0,2.0
20260304,002979.SZ,,,,,,,,,,,,,40.06,32.78,,,,,0.0,0.0,2.0
20260304,002980.SZ,,,,,,,,,,,,,38.57,31.55,,,,,0.0,0.0,2.0
20260304,002981.SZ,,,,,,,,,,,,,32.27,26.41,,,,,0.0,0.0,2.0
20260304,002982.SZ,,,,,,,,,,,,,16.17,13.23,,,,,0.0,0.0,2.0
20260304,002983.SZ,,,,,,,,,,,,,25.69,21.02,,,,,0.0,0.0,2.0
20260304,002984.SZ,,,,,,,,,,,,,21.0,17.18,,,,,0.0,0.0,2.0
20260304,002985.SZ,,,,,,,,,,,,,42.11,34.45,,,,,0.0,0.0,2.0
20260304,002986.SZ,,,,,,,,,,,,,16.21,13.27,,,,,0.0,0.0,2.0
20260304,002987.SZ,,,,,,,,,,,,,19.8,16.2,,,,,0.0,0.0,2.0
20260304,002988.SZ,,,,,,,,,,,,,36.14,29.57,,,,,0.0,0.0,2.0
20260304,002989.SZ,,,,,,,,,,,,,32.74,26.78,,,,,0.0,0.0,2.0
20260304,002990.SZ,,,,,,,,,,,,,28.27,23.13,,,,,0.0,0.0,2.0
20260304,002991.SZ,,,,,,,,,,,,,60.27,49.31,,,,,0.0,0.0,2.0
20260304,002992.SZ,,,,,,,,,,,,,58.72,48.04,,,,,0.0,0.0,2.0
20260304,002993.SZ,,,,,,,,,,,,,49.07,40.15,,,,,0.0,0.0,2.0
20260304,002995.SZ,,,,,,,,,,,,,25.59,20.93,,,,,0.0,0.0,2.0
20260304,002996.SZ,,,,,,,,,,,,,8.59,7.03,,,,,0.0,0.0,2.0
20260304,002997.SZ,,,,,,,,,,,,,36.17,29.59,,,,,0.0,0.0,2.0
20260304,002998.SZ,,,,,,,,,,,,,9.19,7.52,,,,,0.0,0.0,2.0
20260304,002999.SZ,,,,,,,,,,,,,8.44,6.9,,,,,0.0,0.0,2.0
20260304,003000.SZ,,,,,,,,,,,,,11.89,9.73,,,,,0.0,0.0,2.0
20260304,003001.SZ,,,,,,,,,,,,,20.44,16.72,,,,,0.0,0.0,2.0
20260304,003002.SZ,,,,,,,,,,,,,28.88,23.63,,,,,0.0,0.0,2.0
20260304,003003.SZ,,,,,,,,,,,,,14.83,12.13,,,,,0.0,0.0,2.0
20260304,003004.SZ,,,,,,,,,,,,,29.34,26.54,,,,,0.0,0.0,2.0
20260304,003005.SZ,,,,,,,,,,,,,21.57,17.65,,,,,0.0,0.0,2.0
20260304,003006.SZ,,,,,,,,,,,,,22.31,18.25,,,,,0.0,0.0,2.0
20260304,003007.SZ,,,,,,,,,,,,,48.57,39.74,,,,,0.0,0.0,2.0
20260304,003008.SZ,,,,,,,,,,,,,25.58,20.93,,,,,0.0,0.0,2.0
20260304,003009.SZ,,,,,,,,,,,,,78.05,63.86,,,,,0.0,0.0,2.0
20260304,003010.SZ,,,,,,,,,,,,,31.64,25.88,,,,,0.0,0.0,2.0
20260304,003011.SZ,,,,,,,,,,,,,27.78,22.73,,,,,0.0,0.0,2.0
20260304,003012.SZ,,,,,,,,,,,,,7.71,6.31,,,,,0.0,0.0,2.0
20260304,003013.SZ,,,,,,,,,,,,,15.64,12.8,,,,,0.0,0.0,2.0
20260304,003015.SZ,,,,,,,,,,,,,18.72,15.32,,,,,0.0,0.0,2.0
20260304,003016.SZ,,,,,,,,,,,,,9.14,7.48,,,,,0.0,0.0,2.0
20260304,003017.SZ,,,,,,,,,,,,,37.37,30.57,,,,,0.0,0.0,2.0
20260304,003018.SZ,,,,,,,,,,,,,30.0,24.54,,,,,0.0,0.0,2.0
20260304,003019.SZ,,,,,,,,,,,,,33.33,27.27,,,,,0.0,0.0,2.0
20260304,003020.SZ,,,,,,,,,,,,,26.71,21.85,,,,,0.0,0.0,2.0
20260304,003021.SZ,,,,,,,,,,,,,123.17,100.77,,,,,0.0,0.0,2.0
20260304,003022.SZ,,,,,,,,,,,,,23.01,18.83,,,,,0.0,0.0,2.0
20260304,003023.SZ,,,,,,,,,,,,,24.88,20.36,,,,,0.0,0.0,2.0
20260304,003025.SZ,,,,,,,,,,,,,15.4,12.6,,,,,0.0,0.0,2.0
20260304,003026.SZ,,,,,,,,,,,,,34.93,28.58,,,,,0.0,0.0,2.0
20260304,003027.SZ,,,,,,,,,,,,,23.85,19.51,,,,,0.0,0.0,2.0
20260304,003028.SZ,,,,,,,,,,,,,32.66,26.72,,,,,0.0,0.0,2.0
20260304,003029.SZ,,,,,,,,,,,,,25.92,21.2,,,,,0.0,0.0,2.0
20260304,003030.SZ,,,,,,,,,,,,,22.55,18.45,,,,,0.0,0.0,2.0
20260304,003031.SZ,,,,,,,,,,,,,85.69,70.11,,,,,0.0,0.0,2.0
20260304,003032.SZ,,,,,,,,,,,,,6.85,6.19,,,,,0.0,0.0,2.0
20260304,003033.SZ,,,,,,,,,,,,,65.34,53.46,,,,,0.0,0.0,2.0
20260304,003035.SZ,,,,,,,,,,,,,8.86,7.25,,,,,0.0,0.0,2.0
20260304,003036.SZ,,,,,,,,,,,,,18.0,14.72,,,,,0.0,0.0,2.0
20260304,003037.SZ,,,,,,,,,,,,,8.28,6.78,,,,,0.0,0.0,2.0
20260304,003038.SZ,,,,,,,,,,,,,18.4,15.06,,,,,0.0,0.0,2.0
20260304,003039.SZ,,,,,,,,,,,,,18.1,14.81,,,,,0.0,0.0,2.0
20260304,003040.SZ,,,,,,,,,,,,,19.45,15.91,,,,,0.0,0.0,2.0
20260304,003041.SZ,,,,,,,,,,,,,56.95,46.59,,,,,0.0,0.0,2.0
20260304,003042.SZ,,,,,,,,,,,,,19.78,16.18,,,,,0.0,0.0,2.0
20260304,003043.SZ,,,,,,,,,,,,,56.71,46.4,,,,,0.0,0.0,2.0
20260304,003816.SZ,,,,,,,,,,,,,4.42,3.62,,,,,0.0,0.0,2.0
20260304,300001.SZ,,,,,,,,,,,,,35.69,23.79,,,,,0.0,0.0,2.0
20260304,300002.SZ,,,,,,,,,,,,,12.36,8.24,,,,,0.0,0.0,2.0
20260304,300003.SZ,,,,,,,,,,,,,20.41,13.61,,,,,0.0,0.0,2.0
20260304,300004.SZ,,,,,,,,,,,,,17.1,11.4,,,,,0.0,0.0,2.0
20260304,300005.SZ,,,,,,,,,,,,,16.56,11.04,,,,,0.0,0.0,2.0
20260304,300006.SZ,,,,,,,,,,,,,5.72,3.82,,,,,0.0,0.0,2.0
20260304,300007.SZ,,,,,,,,,,,,,57.22,38.14,,,,,0.0,0.0,2.0
20260304,300008.SZ,,,,,,,,,,,,,11.06,7.38,,,,,0.0,0.0,2.0
20260304,300009.SZ,,,,,,,,,,,,,11.38,7.58,,,,,0.0,0.0,2.0
20260304,300010.SZ,,,,,,,,,,,,,8.14,5.42,,,,,0.0,0.0,2.0
20260304,300011.SZ,,,,,,,,,,,,,10.49,6.99,,,,,0.0,0.0,2.0
20260304,300012.SZ,,,,,,,,,,,,,18.9,12.6,,,,,0.0,0.0,2.0
20260304,300013.SZ,,,,,,,,,,,,,4.96,3.3,,,,,0.0,0.0,2.0
20260304,300014.SZ,,,,,,,,,,,,,73.88,49.26,,,,,0.0,0.0,2.0
20260304,300015.SZ,,,,,,,,,,,,,12.41,8.27,,,,,0.0,0.0,2.0
20260304,300016.SZ,,,,,,,,,,,,,11.36,7.58,,,,,0.0,0.0,2.0
20260304,300017.SZ,,,,,,,,,,,,,21.7,14.46,,,,,0.0,0.0,2.0
20260304,300018.SZ,,,,,,,,,,,,,15.01,10.01,,,,,0.0,0.0,2.0
20260304,300019.SZ,,,,,,,,,,,,,25.45,16.97,,,,,0.0,0.0,2.0
20260304,300020.SZ,,,,,,,,,,,,,5.4,3.6,,,,,0.0,0.0,2.0
20260304,300021.SZ,,,,,,,,,,,,,5.81,3.87,,,,,0.0,0.0,2.0
20260304,300022.SZ,,,,,,,,,,,,,10.0,6.66,,,,,0.0,0.0,2.0
20260304,300024.SZ,,,,,,,,,,,,,19.36,12.9,,,,,0.0,0.0,2.0
20260304,300025.SZ,,,,,,,,,,,,,6.89,4.59,,,,,0.0,0.0,2.0
20260304,300026.SZ,,,,,,,,,,,,,4.28,2.86,,,,,0.0,0.0,2.0
20260304,300027.SZ,,,,,,,,,,,,,2.0,1.34,,,,,0.0,0.0,2.0
20260304,300029.SZ,,,,,,,,,,,,,6.0,4.0,,,,,0.0,0.0,2.0
20260304,300030.SZ,,,,,,,,,,,,,9.46,6.3,,,,,0.0,0.0,2.0
20260304,300031.SZ,,,,,,,,,,,,,25.4,16.94,,,,,0.0,0.0,2.0
20260304,300032.SZ,,,,,,,,,,,,,6.12,4.08,,,,,0.0,0.0,2.0
20260304,300033.SZ,,,,,,,,,,,,,377.41,251.61,,,,,0.0,0.0,2.0
20260304,300034.SZ,,,,,,,,,,,,,25.57,17.05,,,,,0.0,0.0,2.0
20260304,300035.SZ,,,,,,,,,,,,,24.12,16.08,,,,,0.0,0.0,2.0
20260304,300036.SZ,,,,,,,,,,,,,20.64,13.76,,,,,0.0,0.0,2.0
20260304,300037.SZ,,,,,,,,,,,,,66.44,44.3,,,,,0.0,0.0,2.0
20260304,300039.SZ,,,,,,,,,,,,,7.54,5.02,,,,,0.0,0.0,2.0
20260304,300040.SZ,,,,,,,,,,,,,8.69,5.79,,,,,0.0,0.0,2.0
20260304,300041.SZ,,,,,,,,,,,,,14.4,9.6,,,,,0.0,0.0,2.0
20260304,300042.SZ,,,,,,,,,,,,,37.92,25.28,,,,,0.0,0.0,2.0
20260304,300043.SZ,,,,,,,,,,,,,6.94,4.62,,,,,0.0,0.0,2.0
20260304,300044.SZ,,,,,,,,,,,,,8.64,5.76,,,,,0.0,0.0,2.0
20260304,300045.SZ,,,,,,,,,,,,,31.45,20.97,,,,,0.0,0.0,2.0
20260304,300046.SZ,,,,,,,,,,,,,39.14,26.1,,,,,0.0,0.0,2.0
20260304,300047.SZ,,,,,,,,,,,,,15.34,10.22,,,,,0.0,0.0,2.0
20260304,300048.SZ,,,,,,,,,,,,,9.35,6.23,,,,,0.0,0.0,2.0
20260304,300049.SZ,,,,,,,,,,,,,66.13,44.09,,,,,0.0,0.0,2.0
20260304,300050.SZ,,,,,,,,,,,,,7.0,4.66,,,,,0.0,0.0,2.0
20260304,300051.SZ,,,,,,,,,,,,,11.46,7.64,,,,,0.0,0.0,2.0
20260304,300052.SZ,,,,,,,,,,,,,16.18,10.78,,,,,0.0,0.0,2.0
20260304,300053.SZ,,,,,,,,,,,,,22.26,14.84,,,,,0.0,0.0,2.0
20260304,300054.SZ,,,,,,,,,,,,,50.88,33.92,,,,,0.0,0.0,2.0
20260304,300055.SZ,,,,,,,,,,,,,11.94,7.96,,,,,0.0,0.0,2.0
20260304,300056.SZ,,,,,,,,,,,,,11.58,7.72,,,,,0.0,0.0,2.0
20260304,300057.SZ,,,,,,,,,,,,,7.24,4.82,,,,,0.0,0.0,2.0
20260304,300058.SZ,,,,,,,,,,,,,19.67,13.11,,,,,0.0,0.0,2.0
20260304,300059.SZ,,,,,,,,,,,,,25.97,17.31,,,,,0.0,0.0,2.0
20260304,300061.SZ,,,,,,,,,,,,,11.16,7.44,,,,,0.0,0.0,2.0
20260304,300062.SZ,,,,,,,,,,,,,10.33,6.89,,,,,0.0,0.0,2.0
20260304,300063.SZ,,,,,,,,,,,,,14.69,9.79,,,,,0.0,0.0,2.0
20260304,300065.SZ,,,,,,,,,,,,,31.76,21.18,,,,,0.0,0.0,2.0
20260304,300066.SZ,,,,,,,,,,,,,8.87,5.91,,,,,0.0,0.0,2.0
20260304,300067.SZ,,,,,,,,,,,,,5.75,3.83,,,,,0.0,0.0,2.0
20260304,300068.SZ,,,,,,,,,,,,,17.99,11.99,,,,,0.0,0.0,2.0
20260304,300069.SZ,,,,,,,,,,,,,21.78,14.52,,,,,0.0,0.0,2.0
20260304,300070.SZ,,,,,,,,,,,,,4.86,3.24,,,,,0.0,0.0,2.0
20260304,300071.SZ,,,,,,,,,,,,,6.41,4.27,,,,,0.0,0.0,2.0
20260304,300072.SZ,,,,,,,,,,,,,6.23,4.15,,,,,0.0,0.0,2.0
20260304,300073.SZ,,,,,,,,,,,,,63.68,42.46,,,,,0.0,0.0,2.0
20260304,300074.SZ,,,,,,,,,,,,,5.38,3.58,,,,,0.0,0.0,2.0
20260304,300075.SZ,,,,,,,,,,,,,16.33,10.89,,,,,0.0,0.0,2.0
20260304,300076.SZ,,,,,,,,,,,,,8.72,5.82,,,,,0.0,0.0,2.0
20260304,300077.SZ,,,,,,,,,,,,,23.52,15.68,,,,,0.0,0.0,2.0
20260304,300078.SZ,,,,,,,,,,,,,5.15,3.43,,,,,0.0,0.0,2.0
20260304,300079.SZ,,,,,,,,,,,,,6.8,4.54,,,,,0.0,0.0,2.0
20260304,300080.SZ,,,,,,,,,,,,,6.55,4.37,,,,,0.0,0.0,2.0
20260304,300081.SZ,,,,,,,,,,,,,6.1,4.06,,,,,0.0,0.0,2.0
20260304,300082.SZ,,,,,,,,,,,,,11.66,7.78,,,,,0.0,0.0,2.0
20260304,300083.SZ,,,,,,,,,,,,,9.9,6.6,,,,,0.0,0.0,2.0
20260304,300084.SZ,,,,,,,,,,,,,17.02,11.34,,,,,0.0,0.0,2.0
20260304,300085.SZ,,,,,,,,,,,,,43.19,28.79,,,,,0.0,0.0,2.0
20260304,300086.SZ,,,,,,,,,,,,,10.57,7.05,,,,,0.0,0.0,2.0
20260304,300087.SZ,,,,,,,,,,,,,11.2,7.46,,,,,0.0,0.0,2.0
20260304,300088.SZ,,,,,,,,,,,,,7.62,5.08,,,,,0.0,0.0,2.0
20260304,300091.SZ,,,,,,,,,,,,,3.46,2.3,,,,,0.0,0.0,2.0
20260304,300092.SZ,,,,,,,,,,,,,18.95,12.63,,,,,0.0,0.0,2.0
20260304,300093.SZ,,,,,,,,,,,,,19.66,13.1,,,,,0.0,0.0,2.0
20260304,300094.SZ,,,,,,,,,,,,,4.3,2.86,,,,,0.0,0.0,2.0
20260304,300095.SZ,,,,,,,,,,,,,12.4,8.26,,,,,0.0,0.0,2.0
20260304,300096.SZ,,,,,,,,,,,,,9.19,6.13,,,,,0.0,0.0,2.0
20260304,300097.SZ,,,,,,,,,,,,,9.48,6.32,,,,,0.0,0.0,2.0
20260304,300098.SZ,,,,,,,,,,,,,6.84,4.56,,,,,0.0,0.0,2.0
20260304,300099.SZ,,,,,,,,,,,,,10.38,6.92,,,,,0.0,0.0,2.0
20260304,300100.SZ,,,,,,,,,,,,,39.62,26.42,,,,,0.0,0.0,2.0
20260304,300101.SZ,,,,,,,,,,,,,29.51,19.67,,,,,0.0,0.0,2.0
20260304,300102.SZ,,,,,,,,,,,,,38.42,25.62,,,,,0.0,0.0,2.0
20260304,300103.SZ,,,,,,,,,,,,,8.87,5.91,,,,,0.0,0.0,2.0
20260304,300105.SZ,,,,,,,,,,,,,9.13,6.09,,,,,0.0,0.0,2.0
20260304,300106.SZ,,,,,,,,,,,,,12.95,8.63,,,,,0.0,0.0,2.0
20260304,300107.SZ,,,,,,,,,,,,,9.94,6.62,,,,,0.0,0.0,2.0
20260304,300109.SZ,,,,,,,,,,,,,23.63,15.75,,,,,0.0,0.0,2.0
20260304,300110.SZ,,,,,,,,,,,,,3.78,2.52,,,,,0.0,0.0,2.0
20260304,300111.SZ,,,,,,,,,,,,,5.08,3.38,,,,,0.0,0.0,2.0
20260304,300112.SZ,,,,,,,,,,,,,10.1,6.74,,,,,0.0,0.0,2.0
20260304,300113.SZ,,,,,,,,,,,,,28.94,19.3,,,,,0.0,0.0,2.0
20260304,300115.SZ,,,,,,,,,,,,,42.08,28.06,,,,,0.0,0.0,2.0
20260304,300118.SZ,,,,,,,,,,,,,22.21,14.81,,,,,0.0,0.0,2.0
20260304,300119.SZ,,,,,,,,,,,,,22.45,14.97,,,,,0.0,0.0,2.0
20260304,300120.SZ,,,,,,,,,,,,,9.84,6.56,,,,,0.0,0.0,2.0
20260304,300121.SZ,,,,,,,,,,,,,16.56,11.04,,,,,0.0,0.0,2.0
20260304,300122.SZ,,,,,,,,,,,,,19.18,12.78,,,,,0.0,0.0,2.0
20260304,300123.SZ,,,,,,,,,,,,,9.02,6.02,,,,,0.0,0.0,2.0
20260304,300124.SZ,,,,,,,,,,,,,82.81,55.21,,,,,0.0,0.0,2.0
20260304,300125.SZ,,,,,,,,,,,,,10.22,6.82,,,,,0.0,0.0,2.0
20260304,300126.SZ,,,,,,,,,,,,,10.25,6.83,,,,,0.0,0.0,2.0
20260304,300127.SZ,,,,,,,,,,,,,43.32,28.88,,,,,0.0,0.0,2.0
20260304,300128.SZ,,,,,,,,,,,,,8.1,5.4,,,,,0.0,0.0,2.0
20260304,300129.SZ,,,,,,,,,,,,,15.47,10.31,,,,,0.0,0.0,2.0
20260304,300130.SZ,,,,,,,,,,,,,30.06,20.04,,,,,0.0,0.0,2.0
20260304,300131.SZ,,,,,,,,,,,,,16.48,10.98,,,,,0.0,0.0,2.0
20260304,300132.SZ,,,,,,,,,,,,,11.0,7.34,,,,,0.0,0.0,2.0
20260304,300133.SZ,,,,,,,,,,,,,9.46,6.3,,,,,0.0,0.0,2.0
20260304,300134.SZ,,,,,,,,,,,,,13.33,8.89,,,,,0.0,0.0,2.0
20260304,300135.SZ,,,,,,,,,,,,,6.19,4.13,,,,,0.0,0.0,2.0
20260304,300136.SZ,,,,,,,,,,,,,82.2,54.8,,,,,0.0,0.0,2.0
20260304,300137.SZ,,,,,,,,,,,,,13.06,8.7,,,,,0.0,0.0,2.0
20260304,300138.SZ,,,,,,,,,,,,,16.56,11.04,,,,,0.0,0.0,2.0
20260304,300139.SZ,,,,,,,,,,,,,98.35,65.57,,,,,0.0,0.0,2.0
20260304,300140.SZ,,,,,,,,,,,,,8.77,5.85,,,,,0.0,0.0,2.0
20260304,300141.SZ,,,,,,,,,,,,,17.27,11.51,,,,,0.0,0.0,2.0
20260304,300142.SZ,,,,,,,,,,,,,13.72,9.14,,,,,0.0,0.0,2.0
20260304,300143.SZ,,,,,,,,,,,,,12.73,8.49,,,,,0.0,0.0,2.0
20260304,300144.SZ,,,,,,,,,,,,,9.76,6.5,,,,,0.0,0.0,2.0
20260304,300145.SZ,,,,,,,,,,,,,5.64,3.76,,,,,0.0,0.0,2.0
20260304,300146.SZ,,,,,,,,,,,,,14.04,9.36,,,,,0.0,0.0,2.0
20260304,300147.SZ,,,,,,,,,,,,,11.11,7.41,,,,,0.0,0.0,2.0
20260304,300148.SZ,,,,,,,,,,,,,5.44,3.62,,,,,0.0,0.0,2.0
20260304,300149.SZ,,,,,,,,,,,,,11.95,7.97,,,,,0.0,0.0,2.0
20260304,300150.SZ,,,,,,,,,,,,,6.68,4.46,,,,,0.0,0.0,2.0
20260304,300151.SZ,,,,,,,,,,,,,20.68,13.78,,,,,0.0,0.0,2.0
20260304,300152.SZ,,,,,,,,,,,,,2.65,1.77,,,,,0.0,0.0,2.0
20260304,300153.SZ,,,,,,,,,,,,,42.1,28.06,,,,,0.0,0.0,2.0
20260304,300154.SZ,,,,,,,,,,,,,10.3,6.86,,,,,0.0,0.0,2.0
20260304,300155.SZ,,,,,,,,,,,,,6.07,4.05,,,,,0.0,0.0,2.0
20260304,300157.SZ,,,,,,,,,,,,,12.08,8.06,,,,,0.0,0.0,2.0
20260304,300158.SZ,,,,,,,,,,,,,6.8,4.54,,,,,0.0,0.0,2.0
20260304,300159.SZ,,,,,,,,,,,,,3.77,2.51,,,,,0.0,0.0,2.0
20260304,300160.SZ,,,,,,,,,,,,,6.8,4.54,,,,,0.0,0.0,2.0
20260304,300161.SZ,,,,,,,,,,,,,36.12,24.08,,,,,0.0,0.0,2.0
20260304,300162.SZ,,,,,,,,,,,,,9.49,6.33,,,,,0.0,0.0,2.0
20260304,300163.SZ,,,,,,,,,,,,,5.89,3.93,,,,,0.0,0.0,2.0
20260304,300164.SZ,,,,,,,,,,,,,26.04,17.36,,,,,0.0,0.0,2.0
20260304,300165.SZ,,,,,,,,,,,,,6.49,4.33,,,,,0.0,0.0,2.0
20260304,300166.SZ,,,,,,,,,,,,,14.46,9.64,,,,,0.0,0.0,2.0
20260304,300167.SZ,,,,,,,,,,,,,7.06,4.7,,,,,0.0,0.0,2.0
20260304,300168.SZ,,,,,,,,,,,,,7.3,4.86,,,,,0.0,0.0,2.0
20260304,300169.SZ,,,,,,,,,,,,,7.63,5.09,,,,,0.0,0.0,2.0
20260304,300170.SZ,,,,,,,,,,,,,26.95,17.97,,,,,0.0,0.0,2.0
20260304,300171.SZ,,,,,,,,,,,,,20.04,13.36,,,,,0.0,0.0,2.0
20260304,300172.SZ,,,,,,,,,,,,,7.55,5.03,,,,,0.0,0.0,2.0
20260304,300173.SZ,,,,,,,,,,,,,5.4,3.6,,,,,0.0,0.0,2.0
20260304,300174.SZ,,,,,,,,,,,,,19.72,13.14,,,,,0.0,0.0,2.0
20260304,300175.SZ,,,,,,,,,,,,,7.69,5.13,,,,,0.0,0.0,2.0
20260304,300176.SZ,,,,,,,,,,,,,8.88,5.92,,,,,0.0,0.0,2.0
20260304,300177.SZ,,,,,,,,,,,,,11.22,7.48,,,,,0.0,0.0,2.0
20260304,300179.SZ,,,,,,,,,,,,,29.66,19.78,,,,,0.0,0.0,2.0
20260304,300180.SZ,,,,,,,,,,,,,7.88,5.26,,,,,0.0,0.0,2.0
20260304,300181.SZ,,,,,,,,,,,,,19.42,12.94,,,,,0.0,0.0,2.0
20260304,300182.SZ,,,,,,,,,,,,,7.63,5.09,,,,,0.0,0.0,2.0
20260304,300183.SZ,,,,,,,,,,,,,18.13,12.09,,,,,0.0,0.0,2.0
20260304,300184.SZ,,,,,,,,,,,,,12.31,8.21,,,,,0.0,0.0,2.0
20260304,300185.SZ,,,,,,,,,,,,,3.68,2.46,,,,,0.0,0.0,2.0
20260304,300187.SZ,,,,,,,,,,,,,6.83,4.55,,,,,0.0,0.0,2.0
20260304,300188.SZ,,,,,,,,,,,,,16.03,10.69,,,,,0.0,0.0,2.0
20260304,300189.SZ,,,,,,,,,,,,,10.08,6.72,,,,,0.0,0.0,2.0
20260304,300190.SZ,,,,,,,,,,,,,5.23,3.49,,,,,0.0,0.0,2.0
20260304,300191.SZ,,,,,,,,,,,,,63.7,42.46,,,,,0.0,0.0,2.0
20260304,300192.SZ,,,,,,,,,,,,,22.67,15.11,,,,,0.0,0.0,2.0
20260304,300193.SZ,,,,,,,,,,,,,10.9,7.26,,,,,0.0,0.0,2.0
20260304,300194.SZ,,,,,,,,,,,,,5.09,3.39,,,,,0.0,0.0,2.0
20260304,300195.SZ,,,,,,,,,,,,,10.55,7.03,,,,,0.0,0.0,2.0
20260304,300196.SZ,,,,,,,,,,,,,23.16,15.44,,,,,0.0,0.0,2.0
20260304,300197.SZ,,,,,,,,,,,,,2.14,1.42,,,,,0.0,0.0,2.0
20260304,300198.SZ,,,,,,,,,,,,,3.14,2.1,,,,,0.0,0.0,2.0
20260304,300199.SZ,,,,,,,,,,,,,19.79,13.19,,,,,0.0,0.0,2.0
20260304,300200.SZ,,,,,,,,,,,,,13.79,9.19,,,,,0.0,0.0,2.0
20260304,300201.SZ,,,,,,,,,,,,,10.97,7.31,,,,,0.0,0.0,2.0
20260304,300203.SZ,,,,,,,,,,,,,18.13,12.09,,,,,0.0,0.0,2.0
20260304,300204.SZ,,,,,,,,,,,,,29.46,19.64,,,,,0.0,0.0,2.0
20260304,300205.SZ,,,,,,,,,,,,,5.45,3.63,,,,,0.0,0.0,2.0
20260304,300206.SZ,,,,,,,,,,,,,16.91,11.27,,,,,0.0,0.0,2.0
20260304,300207.SZ,,,,,,,,,,,,,30.36,20.24,,,,,0.0,0.0,2.0
20260304,300209.SZ,,,,,,,,,,,,,8.57,5.71,,,,,0.0,0.0,2.0
20260304,300210.SZ,,,,,,,,,,,,,10.84,7.22,,,,,0.0,0.0,2.0
20260304,300211.SZ,,,,,,,,,,,,,10.3,6.86,,,,,0.0,0.0,2.0
20260304,300212.SZ,,,,,,,,,,,,,13.39,8.93,,,,,0.0,0.0,2.0
20260304,300213.SZ,,,,,,,,,,,,,10.24,6.82,,,,,0.0,0.0,2.0
20260304,300214.SZ,,,,,,,,,,,,,8.74,5.82,,,,,0.0,0.0,2.0
20260304,300215.SZ,,,,,,,,,,,,,11.24,7.5,,,,,0.0,0.0,2.0
20260304,300217.SZ,,,,,,,,,,,,,6.37,4.25,,,,,0.0,0.0,2.0
20260304,300218.SZ,,,,,,,,,,,,,20.12,13.42,,,,,0.0,0.0,2.0
20260304,300219.SZ,,,,,,,,,,,,,9.23,6.15,,,,,0.0,0.0,2.0
20260304,300220.SZ,,,,,,,,,,,,,17.47,11.65,,,,,0.0,0.0,2.0
20260304,300221.SZ,,,,,,,,,,,,,12.52,8.34,,,,,0.0,0.0,2.0
20260304,300222.SZ,,,,,,,,,,,,,13.78,9.18,,,,,0.0,0.0,2.0
20260304,300223.SZ,,,,,,,,,,,,,142.06,94.7,,,,,0.0,0.0,2.0
20260304,300224.SZ,,,,,,,,,,,,,20.68,13.78,,,,,0.0,0.0,2.0
20260304,300225.SZ,,,,,,,,,,,,,5.94,3.96,,,,,0.0,0.0,2.0
20260304,300226.SZ,,,,,,,,,,,,,32.56,21.7,,,,,0.0,0.0,2.0
20260304,300227.SZ,,,,,,,,,,,,,14.4,9.6,,,,,0.0,0.0,2.0
20260304,300228.SZ,,,,,,,,,,,,,15.37,10.25,,,,,0.0,0.0,2.0
20260304,300229.SZ,,,,,,,,,,,,,25.4,16.94,,,,,0.0,0.0,2.0
20260304,300230.SZ,,,,,,,,,,,,,6.22,4.14,,,,,0.0,0.0,2.0
20260304,300231.SZ,,,,,,,,,,,,,12.73,8.49,,,,,0.0,0.0,2.0
20260304,300232.SZ,,,,,,,,,,,,,9.04,6.02,,,,,0.0,0.0,2.0
20260304,300233.SZ,,,,,,,,,,,,,17.59,11.73,,,,,0.0,0.0,2.0
20260304,300234.SZ,,,,,,,,,,,,,7.01,4.67,,,,,0.0,0.0,2.0
20260304,300235.SZ,,,,,,,,,,,,,15.71,10.47,,,,,0.0,0.0,2.0
20260304,300236.SZ,,,,,,,,,,,,,88.86,59.24,,,,,0.0,0.0,2.0
20260304,300237.SZ,,,,,,,,,,,,,2.89,1.93,,,,,0.0,0.0,2.0
20260304,300238.SZ,,,,,,,,,,,,,17.63,11.75,,,,,0.0,0.0,2.0
20260304,300239.SZ,,,,,,,,,,,,,6.84,4.56,,,,,0.0,0.0,2.0
20260304,300240.SZ,,,,,,,,,,,,,9.74,6.5,,,,,0.0,0.0,2.0
20260304,300241.SZ,,,,,,,,,,,,,7.39,4.93,,,,,0.0,0.0,2.0
20260304,300242.SZ,,,,,,,,,,,,,5.88,3.92,,,,,0.0,0.0,2.0
20260304,300243.SZ,,,,,,,,,,,,,13.94,9.3,,,,,0.0,0.0,2.0
20260304,300244.SZ,,,,,,,,,,,,,25.15,16.77,,,,,0.0,0.0,2.0
20260304,300245.SZ,,,,,,,,,,,,,14.28,9.52,,,,,0.0,0.0,2.0
20260304,300246.SZ,,,,,,,,,,,,,15.0,10.0,,,,,0.0,0.0,2.0
20260304,300247.SZ,,,,,,,,,,,,,5.7,3.8,,,,,0.0,0.0,2.0
20260304,300248.SZ,,,,,,,,,,,,,14.11,9.41,,,,,0.0,0.0,2.0
20260304,300249.SZ,,,,,,,,,,,,,22.61,15.07,,,,,0.0,0.0,2.0
20260304,300250.SZ,,,,,,,,,,,,,27.65,18.43,,,,,0.0,0.0,2.0
20260304,300251.SZ,,,,,,,,,,,,,21.41,14.27,,,,,0.0,0.0,2.0
20260304,300252.SZ,,,,,,,,,,,,,17.78,11.86,,,,,0.0,0.0,2.0
20260304,300253.SZ,,,,,,,,,,,,,11.52,7.68,,,,,0.0,0.0,2.0
20260304,300254.SZ,,,,,,,,,,,,,14.44,9.62,,,,,0.0,0.0,2.0
20260304,300255.SZ,,,,,,,,,,,,,53.42,35.62,,,,,0.0,0.0,2.0
20260304,300256.SZ,,,,,,,,,,,,,4.38,2.92,,,,,0.0,0.0,2.0
20260304,300257.SZ,,,,,,,,,,,,,28.66,19.1,,,,,0.0,0.0,2.0
20260304,300258.SZ,,,,,,,,,,,,,17.06,11.38,,,,,0.0,0.0,2.0
20260304,300259.SZ,,,,,,,,,,,,,5.53,3.69,,,,,0.0,0.0,2.0
20260304,300260.SZ,,,,,,,,,,,,,64.48,42.98,,,,,0.0,0.0,2.0
20260304,300261.SZ,,,,,,,,,,,,,8.2,5.46,,,,,0.0,0.0,2.0
20260304,300263.SZ,,,,,,,,,,,,,13.2,8.8,,,,,0.0,0.0,2.0
20260304,300264.SZ,,,,,,,,,,,,,12.16,8.1,,,,,0.0,0.0,2.0
20260304,300265.SZ,,U,0.0,146017985.0,146017985.0,95103.0,95103.0,,,,,,17.88,11.92,1.0,1.0,8.0,0.0,1.0,0.0,2.4304964661760433
20260304,300266.SZ,,,,,,,,,,,,,3.08,2.06,,,,,0.0,0.0,2.0
20260304,300267.SZ,,,,,,,,,,,,,4.73,3.15,,,,,0.0,0.0,2.0
20260304,300268.SZ,,,,,,,,,,,,,16.58,11.06,,,,,0.0,0.0,2.0
20260304,300269.SZ,,,,,,,,,,,,,8.54,5.7,,,,,0.0,0.0,2.0
20260304,300270.SZ,,,,,,,,,,,,,12.7,8.46,,,,,0.0,0.0,2.0
20260304,300271.SZ,,,,,,,,,,,,,8.63,5.75,,,,,0.0,0.0,2.0
20260304,300272.SZ,,,,,,,,,,,,,8.72,5.82,,,,,0.0,0.0,2.0
20260304,300274.SZ,,,,,,,,,,,,,180.59,120.39,,,,,0.0,0.0,2.0
20260304,300275.SZ,,,,,,,,,,,,,14.09,9.39,,,,,0.0,0.0,2.0
20260304,300276.SZ,,,,,,,,,,,,,9.32,6.22,,,,,0.0,0.0,2.0
20260304,300277.SZ,,,,,,,,,,,,,25.28,16.86,,,,,0.0,0.0,2.0
20260304,300278.SZ,,,,,,,,,,,,,6.24,4.16,,,,,0.0,0.0,2.0
20260304,300279.SZ,,,,,,,,,,,,,12.04,8.02,,,,,0.0,0.0,2.0
20260304,300281.SZ,,,,,,,,,,,,,8.72,5.82,,,,,0.0,0.0,2.0
20260304,300283.SZ,,,,,,,,,,,,,9.2,6.14,,,,,0.0,0.0,2.0
20260304,300284.SZ,,,,,,,,,,,,,8.52,5.68,,,,,0.0,0.0,2.0
20260304,300285.SZ,,,,,,,,,,,,,43.56,29.04,,,,,0.0,0.0,2.0
20260304,300286.SZ,,,,,,,,,,,,,35.71,23.81,,,,,0.0,0.0,2.0
20260304,300287.SZ,,,,,,,,,,,,,5.64,3.76,,,,,0.0,0.0,2.0
20260304,300288.SZ,,,,,,,,,,,,,15.85,10.57,,,,,0.0,0.0,2.0
20260304,300289.SZ,,,,,,,,,,,,,7.93,5.29,,,,,0.0,0.0,2.0
20260304,300290.SZ,,,,,,,,,,,,,18.95,12.63,,,,,0.0,0.0,2.0
20260304,300291.SZ,,,,,,,,,,,,,8.86,5.9,,,,,0.0,0.0,2.0
20260304,300292.SZ,,,,,,,,,,,,,5.62,3.74,,,,,0.0,0.0,2.0
20260304,300293.SZ,,,,,,,,,,,,,22.98,15.32,,,,,0.0,0.0,2.0
20260304,300294.SZ,,,,,,,,,,,,,25.68,17.12,,,,,0.0,0.0,2.0
20260304,300295.SZ,,,,,,,,,,,,,12.16,8.1,,,,,0.0,0.0,2.0
20260304,300296.SZ,,,,,,,,,,,,,9.36,6.24,,,,,0.0,0.0,2.0
20260304,300298.SZ,,,,,,,,,,,,,20.5,13.66,,,,,0.0,0.0,2.0
20260304,300299.SZ,,,,,,,,,,,,,7.63,5.09,,,,,0.0,0.0,2.0
20260304,300300.SZ,,,,,,,,,,,,,16.67,11.11,,,,,0.0,0.0,2.0
20260304,300301.SZ,,,,,,,,,,,,,3.36,2.24,,,,,0.0,0.0,2.0
20260304,300302.SZ,,,,,,,,,,,,,20.77,13.85,,,,,0.0,0.0,2.0
20260304,300303.SZ,,,,,,,,,,,,,11.3,7.54,,,,,0.0,0.0,2.0
20260304,300304.SZ,,,,,,,,,,,,,17.28,11.52,,,,,0.0,0.0,2.0
20260304,300305.SZ,,,,,,,,,,,,,7.81,5.21,,,,,0.0,0.0,2.0
20260304,300306.SZ,,,,,,,,,,,,,15.68,10.46,,,,,0.0,0.0,2.0
20260304,300307.SZ,,,,,,,,,,,,,8.32,5.54,,,,,0.0,0.0,2.0
20260304,300308.SZ,,,,,,,,,,,,,676.56,451.04,,,,,0.0,0.0,2.0
20260304,300310.SZ,,,,,,,,,,,,,7.6,5.06,,,,,0.0,0.0,2.0
20260304,300311.SZ,,,,,,,,,,,,,6.3,4.2,,,,,0.0,0.0,2.0
20260304,300313.SZ,,,,,,,,,,,,,8.57,5.71,,,,,0.0,0.0,2.0
20260304,300314.SZ,,,,,,,,,,,,,16.66,11.1,,,,,0.0,0.0,2.0
20260304,300315.SZ,,,,,,,,,,,,,6.22,4.14,,,,,0.0,0.0,2.0
20260304,300316.SZ,,,,,,,,,,,,,61.04,40.7,,,,,0.0,0.0,2.0
20260304,300317.SZ,,,,,,,,,,,,,6.43,4.29,,,,,0.0,0.0,2.0
20260304,300318.SZ,,,,,,,,,,,,,7.25,4.83,,,,,0.0,0.0,2.0
20260304,300319.SZ,,,,,,,,,,,,,17.08,11.38,,,,,0.0,0.0,2.0
20260304,300320.SZ,,,,,,,,,,,,,13.58,9.06,,,,,0.0,0.0,2.0
20260304,300321.SZ,,,,,,,,,,,,,46.5,31.0,,,,,0.0,0.0,2.0
20260304,300322.SZ,,,,,,,,,,,,,32.03,21.35,,,,,0.0,0.0,2.0
20260304,300323.SZ,,,,,,,,,,,,,9.74,6.5,,,,,0.0,0.0,2.0
20260304,300324.SZ,,,,,,,,,,,,,6.26,4.18,,,,,0.0,0.0,2.0
20260304,300326.SZ,,,,,,,,,,,,,7.2,4.8,,,,,0.0,0.0,2.0
20260304,300327.SZ,,,,,,,,,,,,,31.99,21.33,,,,,0.0,0.0,2.0
20260304,300328.SZ,,,,,,,,,,,,,21.4,14.26,,,,,0.0,0.0,2.0
20260304,300329.SZ,,,,,,,,,,,,,16.32,10.88,,,,,0.0,0.0,2.0
20260304,300331.SZ,,,,,,,,,,,,,57.07,38.05,,,,,0.0,0.0,2.0
20260304,300332.SZ,,,,,,,,,,,,,8.69,5.79,,,,,0.0,0.0,2.0
20260304,300333.SZ,,,,,,,,,,,,,11.89,7.93,,,,,0.0,0.0,2.0
20260304,300334.SZ,,,,,,,,,,,,,9.24,6.16,,,,,0.0,0.0,2.0
20260304,300335.SZ,,,,,,,,,,,,,8.28,5.52,,,,,0.0,0.0,2.0
20260304,300337.SZ,,,,,,,,,,,,,16.43,10.95,,,,,0.0,0.0,2.0
20260304,300338.SZ,,,,,,,,,,,,,4.57,3.05,,,,,0.0,0.0,2.0
20260304,300339.SZ,,,,,,,,,,,,,59.82,39.88,,,,,0.0,0.0,2.0
20260304,300340.SZ,,,,,,,,,,,,,13.96,9.3,,,,,0.0,0.0,2.0
20260304,300341.SZ,,,,,,,,,,,,,18.66,12.44,,,,,0.0,0.0,2.0
20260304,300342.SZ,,,,,,,,,,,,,49.82,33.22,,,,,0.0,0.0,2.0
20260304,300343.SZ,,,,,,,,,,,,,7.63,5.09,,,,,0.0,0.0,2.0
20260304,300345.SZ,,,,,,,,,,,,,9.06,6.04,,,,,0.0,0.0,2.0
20260304,300346.SZ,,,,,,,,,,,,,61.37,40.91,,,,,0.0,0.0,2.0
20260304,300347.SZ,,,,,,,,,,,,,68.26,45.5,,,,,0.0,0.0,2.0
20260304,300348.SZ,,,,,,,,,,,,,15.73,10.49,,,,,0.0,0.0,2.0
20260304,300349.SZ,,,,,,,,,,,,,18.85,12.57,,,,,0.0,0.0,2.0
20260304,300350.SZ,,,,,,,,,,,,,7.82,5.22,,,,,0.0,0.0,2.0
20260304,300351.SZ,,,,,,,,,,,,,22.67,15.11,,,,,0.0,0.0,2.0
20260304,300352.SZ,,,,,,,,,,,,,7.85,5.23,,,,,0.0,0.0,2.0
20260304,300353.SZ,,,,,,,,,,,,,27.42,18.28,,,,,0.0,0.0,2.0
20260304,300354.SZ,,,,,,,,,,,,,47.35,31.57,,,,,0.0,0.0,2.0
20260304,300355.SZ,,,,,,,,,,,,,5.04,3.36,,,,,0.0,0.0,2.0
20260304,300357.SZ,,,,,,,,,,,,,29.53,19.69,,,,,0.0,0.0,2.0
20260304,300358.SZ,,,,,,,,,,,,,12.32,8.22,,,,,0.0,0.0,2.0
20260304,300359.SZ,,,,,,,,,,,,,6.29,4.19,,,,,0.0,0.0,2.0
20260304,300360.SZ,,,,,,,,,,,,,20.65,13.77,,,,,0.0,0.0,2.0
20260304,300363.SZ,,,,,,,,,,,,,25.1,16.74,,,,,0.0,0.0,2.0
20260304,300364.SZ,,,,,,,,,,,,,34.27,22.85,,,,,0.0,0.0,2.0
20260304,300365.SZ,,,,,,,,,,,,,7.25,4.83,,,,,0.0,0.0,2.0
20260304,300366.SZ,,,,,,,,,,,,,7.4,4.94,,,,,0.0,0.0,2.0
20260304,300368.SZ,,,,,,,,,,,,,14.34,9.56,,,,,0.0,0.0,2.0
20260304,300369.SZ,,,,,,,,,,,,,10.37,6.91,,,,,0.0,0.0,2.0
20260304,300370.SZ,,,,,,,,,,,,,3.6,2.4,,,,,0.0,0.0,2.0
20260304,300371.SZ,,,,,,,,,,,,,15.97,10.65,,,,,0.0,0.0,2.0
20260304,300373.SZ,,,,,,,,,,,,,94.8,63.2,,,,,0.0,0.0,2.0
20260304,300374.SZ,,,,,,,,,,,,,18.22,12.14,,,,,0.0,0.0,2.0
20260304,300375.SZ,,,,,,,,,,,,,6.46,4.3,,,,,0.0,0.0,2.0
20260304,300376.SZ,,,,,,,,,,,,,8.27,5.51,,,,,0.0,0.0,2.0
20260304,300377.SZ,,,,,,,,,,,,,23.84,15.9,,,,,0.0,0.0,2.0
20260304,300378.SZ,,,,,,,,,,,,,52.56,35.04,,,,,0.0,0.0,2.0
20260304,300380.SZ,,,,,,,,,,,,,44.02,29.34,,,,,0.0,0.0,2.0
20260304,300381.SZ,,,,,,,,,,,,,7.9,5.26,,,,,0.0,0.0,2.0
20260304,300382.SZ,,,,,,,,,,,,,14.7,9.8,,,,,0.0,0.0,2.0
20260304,300383.SZ,,,,,,,,,,,,,17.98,11.98,,,,,0.0,0.0,2.0
20260304,300384.SZ,,,,,,,,,,,,,21.85,14.57,,,,,0.0,0.0,2.0
20260304,300385.SZ,,,,,,,,,,,,,13.44,8.96,,,,,0.0,0.0,2.0
20260304,300386.SZ,,,,,,,,,,,,,18.88,12.58,,,,,0.0,0.0,2.0
20260304,300387.SZ,,,,,,,,,,,,,11.23,7.49,,,,,0.0,0.0,2.0
20260304,300388.SZ,,,,,,,,,,,,,10.32,6.88,,,,,0.0,0.0,2.0
20260304,300389.SZ,,,,,,,,,,,,,20.95,13.97,,,,,0.0,0.0,2.0
20260304,300390.SZ,,,,,,,,,,,,,54.83,36.55,,,,,0.0,0.0,2.0
20260304,300393.SZ,,,,,,,,,,,,,13.96,9.3,,,,,0.0,0.0,2.0
20260304,300394.SZ,,,,,,,,,,,,,401.47,267.65,,,,,0.0,0.0,2.0
20260304,300395.SZ,,,,,,,,,,,,,134.92,89.94,,,,,0.0,0.0,2.0
20260304,300396.SZ,,,,,,,,,,,,,15.24,10.16,,,,,0.0,0.0,2.0
20260304,300397.SZ,,,,,,,,,,,,,17.38,11.58,,,,,0.0,0.0,2.0
20260304,300398.SZ,,,,,,,,,,,,,34.56,23.04,,,,,0.0,0.0,2.0
20260304,300399.SZ,,,,,,,,,,,,,30.22,20.14,,,,,0.0,0.0,2.0
20260304,300400.SZ,,,,,,,,,,,,,25.21,16.81,,,,,0.0,0.0,2.0
20260304,300401.SZ,,,,,,,,,,,,,19.6,13.06,,,,,0.0,0.0,2.0
20260304,300402.SZ,,,,,,,,,,,,,26.71,17.81,,,,,0.0,0.0,2.0
20260304,300403.SZ,,,,,,,,,,,,,15.42,10.28,,,,,0.0,0.0,2.0
20260304,300404.SZ,,,,,,,,,,,,,11.62,7.74,,,,,0.0,0.0,2.0
20260304,300405.SZ,,,,,,,,,,,,,8.23,5.49,,,,,0.0,0.0,2.0
20260304,300406.SZ,,,,,,,,,,,,,15.04,10.02,,,,,0.0,0.0,2.0
20260304,300407.SZ,,,,,,,,,,,,,15.5,10.34,,,,,0.0,0.0,2.0
20260304,300408.SZ,,,,,,,,,,,,,71.72,47.82,,,,,0.0,0.0,2.0
20260304,300409.SZ,,,,,,,,,,,,,32.47,21.65,,,,,0.0,0.0,2.0
20260304,300410.SZ,,,,,,,,,,,,,10.51,7.01,,,,,0.0,0.0,2.0
20260304,300411.SZ,,,,,,,,,,,,,13.57,9.05,,,,,0.0,0.0,2.0
20260304,300412.SZ,,,,,,,,,,,,,6.6,4.4,,,,,0.0,0.0,2.0
20260304,300413.SZ,,,,,,,,,,,,,27.16,18.1,,,,,0.0,0.0,2.0
20260304,300414.SZ,,,,,,,,,,,,,19.06,12.7,,,,,0.0,0.0,2.0
20260304,300415.SZ,,,,,,,,,,,,,32.88,21.92,,,,,0.0,0.0,2.0
20260304,300416.SZ,,,,,,,,,,,,,20.26,13.5,,,,,0.0,0.0,2.0
20260304,300417.SZ,,,,,,,,,,,,,16.31,10.87,,,,,0.0,0.0,2.0
20260304,300418.SZ,,,,,,,,,,,,,62.76,41.84,,,,,0.0,0.0,2.0
20260304,300419.SZ,,,,,,,,,,,,,7.64,5.1,,,,,0.0,0.0,2.0
20260304,300420.SZ,,,,,,,,,,,,,4.72,3.14,,,,,0.0,0.0,2.0
20260304,300421.SZ,,,,,,,,,,,,,29.92,19.94,,,,,0.0,0.0,2.0
20260304,300422.SZ,,,,,,,,,,,,,6.1,4.06,,,,,0.0,0.0,2.0
20260304,300423.SZ,,,,,,,,,,,,,11.21,7.47,,,,,0.0,0.0,2.0
20260304,300424.SZ,,,,,,,,,,,,,21.68,14.46,,,,,0.0,0.0,2.0
20260304,300425.SZ,,,,,,,,,,,,,6.17,4.11,,,,,0.0,0.0,2.0
20260304,300426.SZ,,,,,,,,,,,,,9.52,6.34,,,,,0.0,0.0,2.0
20260304,300427.SZ,,,,,,,,,,,,,15.66,10.44,,,,,0.0,0.0,2.0
20260304,300428.SZ,,,,,,,,,,,,,29.03,19.35,,,,,0.0,0.0,2.0
20260304,300429.SZ,,,,,,,,,,,,,17.27,11.51,,,,,0.0,0.0,2.0
20260304,300430.SZ,,,,,,,,,,,,,23.74,15.82,,,,,0.0,0.0,2.0
20260304,300432.SZ,,,,,,,,,,,,,19.66,13.1,,,,,0.0,0.0,2.0
20260304,300433.SZ,,,,,,,,,,,,,39.01,26.01,,,,,0.0,0.0,2.0
20260304,300434.SZ,,,,,,,,,,,,,12.04,8.02,,,,,0.0,0.0,2.0
20260304,300435.SZ,,,,,,,,,,,,,41.9,27.94,,,,,0.0,0.0,2.0
20260304,300436.SZ,,,,,,,,,,,,,129.29,86.19,,,,,0.0,0.0,2.0
20260304,300437.SZ,,,,,,,,,,,,,23.02,15.34,,,,,0.0,0.0,2.0
20260304,300438.SZ,,,,,,,,,,,,,58.97,39.31,,,,,0.0,0.0,2.0
20260304,300439.SZ,,,,,,,,,,,,,11.96,7.98,,,,,0.0,0.0,2.0
20260304,300440.SZ,,,,,,,,,,,,,20.1,13.4,,,,,0.0,0.0,2.0
20260304,300441.SZ,,,,,,,,,,,,,9.1,6.06,,,,,0.0,0.0,2.0
20260304,300442.SZ,,,,,,,,,,,,,115.79,77.19,,,,,0.0,0.0,2.0
20260304,300443.SZ,,,,,,,,,,,,,33.35,22.23,,,,,0.0,0.0,2.0
20260304,300444.SZ,,,,,,,,,,,,,18.19,12.13,,,,,0.0,0.0,2.0
20260304,300445.SZ,,,,,,,,,,,,,25.12,16.74,,,,,0.0,0.0,2.0
20260304,300446.SZ,,,,,,,,,,,,,27.78,18.52,,,,,0.0,0.0,2.0
20260304,300447.SZ,,,,,,,,,,,,,23.83,15.89,,,,,0.0,0.0,2.0
20260304,300448.SZ,,,,,,,,,,,,,12.86,8.58,,,,,0.0,0.0,2.0
20260304,300449.SZ,,,,,,,,,,,,,10.26,6.84,,,,,0.0,0.0,2.0
20260304,300450.SZ,,,,,,,,,,,,,60.18,40.12,,,,,0.0,0.0,2.0
20260304,300451.SZ,,,,,,,,,,,,,5.96,3.98,,,,,0.0,0.0,2.0
20260304,300452.SZ,,,,,,,,,,,,,17.89,11.93,,,,,0.0,0.0,2.0
20260304,300453.SZ,,,,,,,,,,,,,11.36,7.58,,,,,0.0,0.0,2.0
20260304,300454.SZ,,,,,,,,,,,,,142.19,94.79,,,,,0.0,0.0,2.0
20260304,300455.SZ,,,,,,,,,,,,,31.75,21.17,,,,,0.0,0.0,2.0
20260304,300456.SZ,,,,,,,,,,,,,60.65,40.43,,,,,0.0,0.0,2.0
20260304,300457.SZ,,,,,,,,,,,,,30.56,20.38,,,,,0.0,0.0,2.0
20260304,300458.SZ,,,,,,,,,,,,,45.79,30.53,,,,,0.0,0.0,2.0
20260304,300459.SZ,,,,,,,,,,,,,5.36,3.58,,,,,0.0,0.0,2.0
20260304,300460.SZ,,,,,,,,,,,,,10.79,7.19,,,,,0.0,0.0,2.0
20260304,300461.SZ,,,,,,,,,,,,,62.4,41.6,,,,,0.0,0.0,2.0
20260304,300462.SZ,,,,,,,,,,,,,14.21,9.47,,,,,0.0,0.0,2.0
20260304,300463.SZ,,,,,,,,,,,,,13.49,8.99,,,,,0.0,0.0,2.0
20260304,300464.SZ,,,,,,,,,,,,,8.32,5.54,,,,,0.0,0.0,2.0
20260304,300465.SZ,,,,,,,,,,,,,20.87,13.91,,,,,0.0,0.0,2.0
20260304,300466.SZ,,,,,,,,,,,,,10.96,7.3,,,,,0.0,0.0,2.0
20260304,300467.SZ,,,,,,,,,,,,,36.89,24.59,,,,,0.0,0.0,2.0
20260304,300468.SZ,,,,,,,,,,,,,42.37,28.25,,,,,0.0,0.0,2.0
20260304,300469.SZ,,,,,,,,,,,,,74.03,49.35,,,,,0.0,0.0,2.0
20260304,300470.SZ,,,,,,,,,,,,,45.97,30.65,,,,,0.0,0.0,2.0
20260304,300471.SZ,,,,,,,,,,,,,19.87,13.25,,,,,0.0,0.0,2.0
20260304,300472.SZ,,,,,,,,,,,,,9.08,6.06,,,,,0.0,0.0,2.0
20260304,300473.SZ,,,,,,,,,,,,,39.84,26.56,,,,,0.0,0.0,2.0
20260304,300474.SZ,,,,,,,,,,,,,87.22,58.14,,,,,0.0,0.0,2.0
20260304,300475.SZ,,,,,,,,,,,,,162.22,108.14,,,,,0.0,0.0,2.0
20260304,300476.SZ,,,,,,,,,,,,,340.8,227.2,,,,,0.0,0.0,2.0
20260304,300477.SZ,,,,,,,,,,,,,3.25,2.17,,,,,0.0,0.0,2.0
20260304,300478.SZ,,,,,,,,,,,,,31.61,21.07,,,,,0.0,0.0,2.0
20260304,300479.SZ,,,,,,,,,,,,,24.36,16.24,,,,,0.0,0.0,2.0
20260304,300480.SZ,,,,,,,,,,,,,31.08,20.72,,,,,0.0,0.0,2.0
20260304,300481.SZ,,,,,,,,,,,,,20.16,13.44,,,,,0.0,0.0,2.0
20260304,300482.SZ,,,,,,,,,,,,,23.44,15.62,,,,,0.0,0.0,2.0
20260304,300483.SZ,,,,,,,,,,,,,30.04,20.02,,,,,0.0,0.0,2.0
20260304,300484.SZ,,,,,,,,,,,,,21.6,14.4,,,,,0.0,0.0,2.0
20260304,300485.SZ,,,,,,,,,,,,,12.52,8.34,,,,,0.0,0.0,2.0
20260304,300486.SZ,,,,,,,,,,,,,27.01,18.01,,,,,0.0,0.0,2.0
20260304,300487.SZ,,,,,,,,,,,,,90.6,60.4,,,,,0.0,0.0,2.0
20260304,300488.SZ,,,,,,,,,,,,,44.63,29.75,,,,,0.0,0.0,2.0
20260304,300489.SZ,,,,,,,,,,,,,49.94,33.3,,,,,0.0,0.0,2.0
20260304,300490.SZ,,,,,,,,,,,,,18.8,12.54,,,,,0.0,0.0,2.0
20260304,300491.SZ,,,,,,,,,,,,,31.12,20.74,,,,,0.0,0.0,2.0
20260304,300492.SZ,,,,,,,,,,,,,83.28,55.52,,,,,0.0,0.0,2.0
20260304,300493.SZ,,,,,,,,,,,,,21.35,14.23,,,,,0.0,0.0,2.0
20260304,300494.SZ,,,,,,,,,,,,,14.42,9.62,,,,,0.0,0.0,2.0
20260304,300496.SZ,,,,,,,,,,,,,78.84,52.56,,,,,0.0,0.0,2.0
20260304,300497.SZ,,,,,,,,,,,,,18.26,12.18,,,,,0.0,0.0,2.0
20260304,300498.SZ,,,,,,,,,,,,,19.32,12.88,,,,,0.0,0.0,2.0
20260304,300499.SZ,,,,,,,,,,,,,44.28,29.52,,,,,0.0,0.0,2.0
20260304,300500.SZ,,,,,,,,,,,,,14.11,9.41,,,,,0.0,0.0,2.0
20260304,300501.SZ,,,,,,,,,,,,,17.89,11.93,,,,,0.0,0.0,2.0
20260304,300502.SZ,,,,,,,,,,,,,458.64,305.76,,,,,0.0,0.0,2.0
20260304,300503.SZ,,,,,,,,,,,,,58.13,38.75,,,,,0.0,0.0,2.0
20260304,300504.SZ,,,,,,,,,,,,,18.47,12.31,,,,,0.0,0.0,2.0
20260304,300505.SZ,,,,,,,,,,,,,39.0,26.0,,,,,0.0,0.0,2.0
20260304,300506.SZ,,,,,,,,,,,,,6.25,4.17,,,,,0.0,0.0,2.0
20260304,300507.SZ,,,,,,,,,,,,,10.84,7.22,,,,,0.0,0.0,2.0
20260304,300508.SZ,,,,,,,,,,,,,49.85,33.23,,,,,0.0,0.0,2.0
20260304,300509.SZ,,,,,,,,,,,,,16.0,10.66,,,,,0.0,0.0,2.0
20260304,300510.SZ,,,,,,,,,,,,,5.4,3.6,,,,,0.0,0.0,2.0
20260304,300511.SZ,,,,,,,,,,,,,8.51,5.67,,,,,0.0,0.0,2.0
20260304,300512.SZ,,,,,,,,,,,,,12.18,8.12,,,,,0.0,0.0,2.0
20260304,300513.SZ,,,,,,,,,,,,,10.92,7.28,,,,,0.0,0.0,2.0
20260304,300514.SZ,,,,,,,,,,,,,16.69,11.13,,,,,0.0,0.0,2.0
20260304,300515.SZ,,,,,,,,,,,,,23.16,15.44,,,,,0.0,0.0,2.0
20260304,300516.SZ,,,,,,,,,,,,,82.28,54.86,,,,,0.0,0.0,2.0
20260304,300517.SZ,,,,,,,,,,,,,14.28,9.52,,,,,0.0,0.0,2.0
20260304,300518.SZ,,,,,,,,,,,,,21.74,14.5,,,,,0.0,0.0,2.0
20260304,300519.SZ,,,,,,,,,,,,,18.6,12.4,,,,,0.0,0.0,2.0
20260304,300520.SZ,,,,,,,,,,,,,48.84,32.56,,,,,0.0,0.0,2.0
20260304,300521.SZ,,,,,,,,,,,,,35.76,23.84,,,,,0.0,0.0,2.0
20260304,300522.SZ,,,,,,,,,,,,,14.18,9.46,,,,,0.0,0.0,2.0
20260304,300523.SZ,,,,,,,,,,,,,26.83,17.89,,,,,0.0,0.0,2.0
20260304,300525.SZ,,,,,,,,,,,,,13.66,9.1,,,,,0.0,0.0,2.0
20260304,300527.SZ,,,,,,,,,,,,,10.0,6.66,,,,,0.0,0.0,2.0
20260304,300528.SZ,,,,,,,,,,,,,20.72,13.82,,,,,0.0,0.0,2.0
20260304,300529.SZ,,,,,,,,,,,,,22.81,15.21,,,,,0.0,0.0,2.0
20260304,300530.SZ,,,,,,,,,,,,,31.56,21.04,,,,,0.0,0.0,2.0
20260304,300531.SZ,,,,,,,,,,,,,19.12,12.74,,,,,0.0,0.0,2.0
20260304,300532.SZ,,,,,,,,,,,,,13.76,9.18,,,,,0.0,0.0,2.0
20260304,300533.SZ,,,,,,,,,,,,,36.89,24.59,,,,,0.0,0.0,2.0
20260304,300534.SZ,,,,,,,,,,,,,11.5,7.66,,,,,0.0,0.0,2.0
20260304,300535.SZ,,,,,,,,,,,,,25.34,16.9,,,,,0.0,0.0,2.0
20260304,300536.SZ,,,,,,,,,,,,,9.61,6.41,,,,,0.0,0.0,2.0
20260304,300537.SZ,,,,,,,,,,,,,29.5,19.66,,,,,0.0,0.0,2.0
20260304,300538.SZ,,,,,,,,,,,,,18.84,12.56,,,,,0.0,0.0,2.0
20260304,300539.SZ,,,,,,,,,,,,,36.01,24.01,,,,,0.0,0.0,2.0
20260304,300540.SZ,,,,,,,,,,,,,29.64,19.76,,,,,0.0,0.0,2.0
20260304,300541.SZ,,,,,,,,,,,,,17.87,11.91,,,,,0.0,0.0,2.0
20260304,300542.SZ,,,,,,,,,,,,,20.45,13.63,,,,,0.0,0.0,2.0
20260304,300543.SZ,,,,,,,,,,,,,12.48,8.32,,,,,0.0,0.0,2.0
20260304,300545.SZ,,,,,,,,,,,,,39.19,26.13,,,,,0.0,0.0,2.0
20260304,300546.SZ,,,,,,,,,,,,,28.74,19.16,,,,,0.0,0.0,2.0
20260304,300547.SZ,,,,,,,,,,,,,42.53,28.35,,,,,0.0,0.0,2.0
20260304,300548.SZ,,,,,,,,,,,,,187.72,125.14,,,,,0.0,0.0,2.0
20260304,300549.SZ,,,,,,,,,,,,,21.12,14.08,,,,,0.0,0.0,2.0
20260304,300550.SZ,,,,,,,,,,,,,15.36,10.24,,,,,0.0,0.0,2.0
20260304,300551.SZ,,,,,,,,,,,,,22.43,14.95,,,,,0.0,0.0,2.0
20260304,300552.SZ,,,,,,,,,,,,,36.7,24.46,,,,,0.0,0.0,2.0
20260304,300553.SZ,,,,,,,,,,,,,47.26,31.5,,,,,0.0,0.0,2.0
20260304,300554.SZ,,,,,,,,,,,,,28.52,19.02,,,,,0.0,0.0,2.0
20260304,300555.SZ,,,,,,,,,,,,,15.78,10.52,,,,,0.0,0.0,2.0
20260304,300556.SZ,,,,,,,,,,,,,22.25,14.83,,,,,0.0,0.0,2.0
20260304,300557.SZ,,,,,,,,,,,,,49.88,33.26,,,,,0.0,0.0,2.0
20260304,300558.SZ,,,,,,,,,,,,,50.94,33.96,,,,,0.0,0.0,2.0
20260304,300559.SZ,,,,,,,,,,,,,13.56,9.04,,,,,0.0,0.0,2.0
20260304,300560.SZ,,,,,,,,,,,,,18.76,12.5,,,,,0.0,0.0,2.0
20260304,300561.SZ,,,,,,,,,,,,,13.57,9.05,,,,,0.0,0.0,2.0
20260304,300562.SZ,,,,,,,,,,,,,16.33,10.89,,,,,0.0,0.0,2.0
20260304,300563.SZ,,,,,,,,,,,,,41.48,27.66,,,,,0.0,0.0,2.0
20260304,300564.SZ,,,,,,,,,,,,,18.56,12.38,,,,,0.0,0.0,2.0
20260304,300565.SZ,,,,,,,,,,,,,16.3,10.86,,,,,0.0,0.0,2.0
20260304,300566.SZ,,,,,,,,,,,,,23.17,15.45,,,,,0.0,0.0,2.0
20260304,300567.SZ,,,,,,,,,,,,,167.82,111.88,,,,,0.0,0.0,2.0
20260304,300568.SZ,,,,,,,,,,,,,16.42,10.94,,,,,0.0,0.0,2.0
20260304,300569.SZ,,,,,,,,,,,,,7.6,5.06,,,,,0.0,0.0,2.0
20260304,300570.SZ,,,,,,,,,,,,,162.9,108.6,,,,,0.0,0.0,2.0
20260304,300571.SZ,,,,,,,,,,,,,34.38,22.92,,,,,0.0,0.0,2.0
20260304,300572.SZ,,,,,,,,,,,,,32.23,21.49,,,,,0.0,0.0,2.0
20260304,300573.SZ,,,,,,,,,,,,,82.64,55.1,,,,,0.0,0.0,2.0
20260304,300575.SZ,,,,,,,,,,,,,7.91,5.27,,,,,0.0,0.0,2.0
20260304,300576.SZ,,,,,,,,,,,,,45.19,30.13,,,,,0.0,0.0,2.0
20260304,300577.SZ,,,,,,,,,,,,,24.2,16.14,,,,,0.0,0.0,2.0
20260304,300578.SZ,,,,,,,,,,,,,26.05,17.37,,,,,0.0,0.0,2.0
20260304,300579.SZ,,,,,,,,,,,,,34.67,23.11,,,,,0.0,0.0,2.0
20260304,300580.SZ,,,,,,,,,,,,,26.05,17.37,,,,,0.0,0.0,2.0
20260304,300581.SZ,,,,,,,,,,,,,18.92,12.62,,,,,0.0,0.0,2.0
20260304,300582.SZ,,,,,,,,,,,,,18.47,12.31,,,,,0.0,0.0,2.0
20260304,300583.SZ,,,,,,,,,,,,,16.86,11.24,,,,,0.0,0.0,2.0
20260304,300584.SZ,,,,,,,,,,,,,50.22,33.48,,,,,0.0,0.0,2.0
20260304,300585.SZ,,,,,,,,,,,,,18.67,12.45,,,,,0.0,0.0,2.0
20260304,300586.SZ,,,,,,,,,,,,,12.0,8.0,,,,,0.0,0.0,2.0
20260304,300587.SZ,,,,,,,,,,,,,7.44,4.96,,,,,0.0,0.0,2.0
20260304,300588.SZ,,,,,,,,,,,,,28.85,19.23,,,,,0.0,0.0,2.0
20260304,300589.SZ,,,,,,,,,,,,,22.94,15.3,,,,,0.0,0.0,2.0
20260304,300590.SZ,,,,,,,,,,,,,14.11,9.41,,,,,0.0,0.0,2.0
20260304,300591.SZ,,,,,,,,,,,,,9.25,6.17,,,,,0.0,0.0,2.0
20260304,300592.SZ,,,,,,,,,,,,,16.1,10.74,,,,,0.0,0.0,2.0
20260304,300593.SZ,,,,,,,,,,,,,36.91,24.61,,,,,0.0,0.0,2.0
20260304,300594.SZ,,,,,,,,,,,,,35.6,23.74,,,,,0.0,0.0,2.0
20260304,300595.SZ,,,,,,,,,,,,,18.62,12.42,,,,,0.0,0.0,2.0
20260304,300596.SZ,,,,,,,,,,,,,57.36,38.24,,,,,0.0,0.0,2.0
20260304,300597.SZ,,,,,,,,,,,,,11.36,7.58,,,,,0.0,0.0,2.0
20260304,300598.SZ,,,,,,,,,,,,,49.0,32.66,,,,,0.0,0.0,2.0
20260304,300599.SZ,,,,,,,,,,,,,12.41,8.27,,,,,0.0,0.0,2.0
20260304,300600.SZ,,,,,,,,,,,,,16.92,11.28,,,,,0.0,0.0,2.0
20260304,300601.SZ,,,,,,,,,,,,,16.61,11.07,,,,,0.0,0.0,2.0
20260304,300602.SZ,,,,,,,,,,,,,44.42,29.62,,,,,0.0,0.0,2.0
20260304,300603.SZ,,,,,,,,,,,,,11.94,7.96,,,,,0.0,0.0,2.0
20260304,300604.SZ,,,,,,,,,,,,,154.68,103.12,,,,,0.0,0.0,2.0
20260304,300605.SZ,,,,,,,,,,,,,17.8,11.86,,,,,0.0,0.0,2.0
20260304,300606.SZ,,,,,,,,,,,,,43.22,28.82,,,,,0.0,0.0,2.0
20260304,300607.SZ,,,,,,,,,,,,,33.24,22.16,,,,,0.0,0.0,2.0
20260304,300608.SZ,,,,,,,,,,,,,13.99,9.33,,,,,0.0,0.0,2.0
20260304,300609.SZ,,,,,,,,,,,,,43.76,29.18,,,,,0.0,0.0,2.0
20260304,300610.SZ,,,,,,,,,,,,,14.54,9.7,,,,,0.0,0.0,2.0
20260304,300611.SZ,,,,,,,,,,,,,30.0,20.0,,,,,0.0,0.0,2.0
20260304,300612.SZ,,,,,,,,,,,,,19.13,12.75,,,,,0.0,0.0,2.0
20260304,300613.SZ,,,,,,,,,,,,,50.02,33.34,,,,,0.0,0.0,2.0
20260304,300614.SZ,,,,,,,,,,,,,17.89,11.93,,,,,0.0,0.0,2.0
20260304,300615.SZ,,,,,,,,,,,,,16.88,11.26,,,,,0.0,0.0,2.0
20260304,300616.SZ,,,,,,,,,,,,,15.76,10.5,,,,,0.0,0.0,2.0
20260304,300617.SZ,,U,7.0,46523534.0,46523534.0,93954.0,133936.0,,,,,,64.81,43.21,1.0,1.0,8.0,0.0,1.0,0.0,1.4325088985169943
20260304,300618.SZ,,,,,,,,,,,,,59.42,39.62,,,,,0.0,0.0,2.0
20260304,300619.SZ,,,,,,,,,,,,,52.8,35.2,,,,,0.0,0.0,2.0
20260304,300620.SZ,,,,,,,,,,,,,203.45,135.63,,,,,0.0,0.0,2.0
20260304,300621.SZ,,,,,,,,,,,,,10.27,6.85,,,,,0.0,0.0,2.0
20260304,300622.SZ,,,,,,,,,,,,,35.54,23.7,,,,,0.0,0.0,2.0
20260304,300623.SZ,,,,,,,,,,,,,36.34,24.22,,,,,0.0,0.0,2.0
20260304,300624.SZ,,,,,,,,,,,,,91.76,61.18,,,,,0.0,0.0,2.0
20260304,300625.SZ,,,,,,,,,,,,,14.7,9.8,,,,,0.0,0.0,2.0
20260304,300626.SZ,,,,,,,,,,,,,22.22,14.82,,,,,0.0,0.0,2.0
20260304,300627.SZ,,,,,,,,,,,,,42.1,28.06,,,,,0.0,0.0,2.0
20260304,300628.SZ,,,,,,,,,,,,,41.82,27.88,,,,,0.0,0.0,2.0
20260304,300629.SZ,,,,,,,,,,,,,30.11,20.07,,,,,0.0,0.0,2.0
20260304,300631.SZ,,,,,,,,,,,,,33.94,22.62,,,,,0.0,0.0,2.0
20260304,300632.SZ,,,,,,,,,,,,,16.48,10.98,,,,,0.0,0.0,2.0
20260304,300633.SZ,,,,,,,,,,,,,31.22,20.82,,,,,0.0,0.0,2.0
20260304,300634.SZ,,,,,,,,,,,,,31.33,20.89,,,,,0.0,0.0,2.0
20260304,300635.SZ,,,,,,,,,,,,,15.8,10.54,,,,,0.0,0.0,2.0
20260304,300636.SZ,,,,,,,,,,,,,9.52,6.34,,,,,0.0,0.0,2.0
20260304,300637.SZ,,,,,,,,,,,,,14.6,9.74,,,,,0.0,0.0,2.0
20260304,300638.SZ,,,,,,,,,,,,,31.94,21.3,,,,,0.0,0.0,2.0
20260304,300639.SZ,,,,,,,,,,,,,7.52,5.02,,,,,0.0,0.0,2.0
20260304,300640.SZ,,,,,,,,,,,,,8.68,5.78,,,,,0.0,0.0,2.0
20260304,300641.SZ,,,,,,,,,,,,,22.27,14.85,,,,,0.0,0.0,2.0
20260304,300642.SZ,,,,,,,,,,,,,20.6,13.74,,,,,0.0,0.0,2.0
20260304,300643.SZ,,,,,,,,,,,,,23.99,15.99,,,,,0.0,0.0,2.0
20260304,300644.SZ,,,,,,,,,,,,,38.04,25.36,,,,,0.0,0.0,2.0
20260304,300645.SZ,,,,,,,,,,,,,21.64,14.42,,,,,0.0,0.0,2.0
20260304,300647.SZ,,,,,,,,,,,,,7.94,5.3,,,,,0.0,0.0,2.0
20260304,300648.SZ,,,,,,,,,,,,,71.29,47.53,,,,,0.0,0.0,2.0
20260304,300649.SZ,,,,,,,,,,,,,16.96,11.3,,,,,0.0,0.0,2.0
20260304,300650.SZ,,,,,,,,,,,,,20.04,13.36,,,,,0.0,0.0,2.0
20260304,300651.SZ,,,,,,,,,,,,,34.6,23.06,,,,,0.0,0.0,2.0
20260304,300652.SZ,,,,,,,,,,,,,55.2,36.8,,,,,0.0,0.0,2.0
20260304,300653.SZ,,,,,,,,,,,,,23.48,15.66,,,,,0.0,0.0,2.0
20260304,300654.SZ,,,,,,,,,,,,,13.68,9.12,,,,,0.0,0.0,2.0
20260304,300655.SZ,,,,,,,,,,,,,19.58,13.06,,,,,0.0,0.0,2.0
20260304,300656.SZ,,,,,,,,,,,,,28.42,18.94,,,,,0.0,0.0,2.0
20260304,300657.SZ,,,,,,,,,,,,,36.42,24.28,,,,,0.0,0.0,2.0
20260304,300658.SZ,,,,,,,,,,,,,33.49,22.33,,,,,0.0,0.0,2.0
20260304,300659.SZ,,,,,,,,,,,,,17.35,11.57,,,,,0.0,0.0,2.0
20260304,300660.SZ,,,,,,,,,,,,,56.56,37.7,,,,,0.0,0.0,2.0
20260304,300661.SZ,,,,,,,,,,,,,75.24,50.16,,,,,0.0,0.0,2.0
20260304,300662.SZ,,,,,,,,,,,,,30.14,20.1,,,,,0.0,0.0,2.0
20260304,300663.SZ,,,,,,,,,,,,,18.26,12.18,,,,,0.0,0.0,2.0
20260304,300664.SZ,,,,,,,,,,,,,7.02,4.68,,,,,0.0,0.0,2.0
20260304,300665.SZ,,,,,,,,,,,,,9.44,6.3,,,,,0.0,0.0,2.0
20260304,300666.SZ,,,,,,,,,,,,,185.5,123.66,,,,,0.0,0.0,2.0
20260304,300667.SZ,,,,,,,,,,,,,21.01,14.01,,,,,0.0,0.0,2.0
20260304,300668.SZ,,,,,,,,,,,,,30.04,20.02,,,,,0.0,0.0,2.0
20260304,300669.SZ,,,,,,,,,,,,,40.44,26.96,,,,,0.0,0.0,2.0
20260304,300670.SZ,,,,,,,,,,,,,8.15,5.43,,,,,0.0,0.0,2.0
20260304,300671.SZ,,,,,,,,,,,,,48.3,32.2,,,,,0.0,0.0,2.0
20260304,300672.SZ,,,,,,,,,,,,,166.48,110.98,,,,,0.0,0.0,2.0
20260304,300673.SZ,,,,,,,,,,,,,19.63,13.09,,,,,0.0,0.0,2.0
20260304,300674.SZ,,,,,,,,,,,,,26.89,17.93,,,,,0.0,0.0,2.0
20260304,300675.SZ,,,,,,,,,,,,,18.24,12.16,,,,,0.0,0.0,2.0
20260304,300676.SZ,,,,,,,,,,,,,53.74,35.82,,,,,0.0,0.0,2.0
20260304,300677.SZ,,,,,,,,,,,,,54.46,36.3,,,,,0.0,0.0,2.0
20260304,300678.SZ,,,,,,,,,,,,,36.19,24.13,,,,,0.0,0.0,2.0
20260304,300679.SZ,,,,,,,,,,,,,46.57,31.05,,,,,0.0,0.0,2.0
20260304,300680.SZ,,,,,,,,,,,,,53.81,35.87,,,,,0.0,0.0,2.0
20260304,300681.SZ,,,,,,,,,,,,,27.82,18.54,,,,,0.0,0.0,2.0
20260304,300682.SZ,,,,,,,,,,,,,20.88,13.92,,,,,0.0,0.0,2.0
20260304,300683.SZ,,,,,,,,,,,,,37.6,25.06,,,,,0.0,0.0,2.0
20260304,300684.SZ,,,,,,,,,,,,,64.81,43.21,,,,,0.0,0.0,2.0
20260304,300685.SZ,,,,,,,,,,,,,23.76,15.84,,,,,0.0,0.0,2.0
20260304,300686.SZ,,,,,,,,,,,,,17.76,11.84,,,,,0.0,0.0,2.0
20260304,300687.SZ,,,,,,,,,,,,,24.86,16.58,,,,,0.0,0.0,2.0
20260304,300688.SZ,,,,,,,,,,,,,33.13,22.09,,,,,0.0,0.0,2.0
20260304,300689.SZ,,,,,,,,,,,,,54.1,36.06,,,,,0.0,0.0,2.0
20260304,300690.SZ,,,,,,,,,,,,,35.54,23.7,,,,,0.0,0.0,2.0
20260304,300691.SZ,,,,,,,,,,,,,19.99,13.33,,,,,0.0,0.0,2.0
20260304,300692.SZ,,,,,,,,,,,,,9.54,6.36,,,,,0.0,0.0,2.0
20260304,300693.SZ,,,,,,,,,,,,,53.42,35.62,,,,,0.0,0.0,2.0
20260304,300694.SZ,,,,,,,,,,,,,14.96,9.98,,,,,0.0,0.0,2.0
20260304,300695.SZ,,,,,,,,,,,,,87.58,58.38,,,,,0.0,0.0,2.0
20260304,300696.SZ,,,,,,,,,,,,,36.48,24.32,,,,,0.0,0.0,2.0
20260304,300697.SZ,,,,,,,,,,,,,21.26,14.18,,,,,0.0,0.0,2.0
20260304,300698.SZ,,,,,,,,,,,,,45.86,30.58,,,,,0.0,0.0,2.0
20260304,300699.SZ,,,,,,,,,,,,,43.54,29.02,,,,,0.0,0.0,2.0
20260304,300700.SZ,,,,,,,,,,,,,16.91,11.27,,,,,0.0,0.0,2.0
20260304,300701.SZ,,,,,,,,,,,,,14.51,9.67,,,,,0.0,0.0,2.0
20260304,300702.SZ,,,,,,,,,,,,,28.55,19.03,,,,,0.0,0.0,2.0
20260304,300703.SZ,,,,,,,,,,,,,27.22,18.14,,,,,0.0,0.0,2.0
20260304,300705.SZ,,,,,,,,,,,,,17.81,11.87,,,,,0.0,0.0,2.0
20260304,300706.SZ,,,,,,,,,,,,,50.1,33.4,,,,,0.0,0.0,2.0
20260304,300707.SZ,,,,,,,,,,,,,20.08,13.38,,,,,0.0,0.0,2.0
20260304,300708.SZ,,,,,,,,,,,,,12.7,8.46,,,,,0.0,0.0,2.0
20260304,300709.SZ,,,,,,,,,,,,,50.23,33.49,,,,,0.0,0.0,2.0
20260304,300710.SZ,,,,,,,,,,,,,35.52,23.68,,,,,0.0,0.0,2.0
20260304,300711.SZ,,,,,,,,,,,,,30.96,20.64,,,,,0.0,0.0,2.0
20260304,300712.SZ,,,,,,,,,,,,,34.08,22.72,,,,,0.0,0.0,2.0
20260304,300713.SZ,,,,,,,,,,,,,21.94,14.62,,,,,0.0,0.0,2.0
20260304,300715.SZ,,,,,,,,,,,,,17.66,11.78,,,,,0.0,0.0,2.0
20260304,300716.SZ,,,,,,,,,,,,,17.29,11.53,,,,,0.0,0.0,2.0
20260304,300717.SZ,,,,,,,,,,,,,25.69,17.13,,,,,0.0,0.0,2.0
20260304,300718.SZ,,,,,,,,,,,,,89.12,59.42,,,,,0.0,0.0,2.0
20260304,300719.SZ,,,,,,,,,,,,,20.96,13.98,,,,,0.0,0.0,2.0
20260304,300720.SZ,,,,,,,,,,,,,45.98,30.66,,,,,0.0,0.0,2.0
20260304,300721.SZ,,,,,,,,,,,,,18.98,12.66,,,,,0.0,0.0,2.0
20260304,300722.SZ,,,,,,,,,,,,,40.07,26.71,,,,,0.0,0.0,2.0
20260304,300723.SZ,,,,,,,,,,,,,37.02,24.68,,,,,0.0,0.0,2.0
20260304,300724.SZ,,,,,,,,,,,,,138.8,92.54,,,,,0.0,0.0,2.0
20260304,300725.SZ,,,,,,,,,,,,,44.03,29.35,,,,,0.0,0.0,2.0
20260304,300726.SZ,,,,,,,,,,,,,58.39,38.93,,,,,0.0,0.0,2.0
20260304,300727.SZ,,,,,,,,,,,,,40.55,27.03,,,,,0.0,0.0,2.0
20260304,300729.SZ,,,,,,,,,,,,,16.19,10.79,,,,,0.0,0.0,2.0
20260304,300730.SZ,,,,,,,,,,,,,14.92,9.94,,,,,0.0,0.0,2.0
20260304,300731.SZ,,,,,,,,,,,,,89.75,59.83,,,,,0.0,0.0,2.0
20260304,300732.SZ,,,,,,,,,,,,,8.74,5.82,,,,,0.0,0.0,2.0
20260304,300733.SZ,,,,,,,,,,,,,20.22,13.48,,,,,0.0,0.0,2.0
20260304,300735.SZ,,,,,,,,,,,,,28.99,19.33,,,,,0.0,0.0,2.0
20260304,300736.SZ,,,,,,,,,,,,,25.19,16.79,,,,,0.0,0.0,2.0
20260304,300737.SZ,,,,,,,,,,,,,8.59,5.73,,,,,0.0,0.0,2.0
20260304,300738.SZ,,,,,,,,,,,,,27.9,18.6,,,,,0.0,0.0,2.0
20260304,300739.SZ,,,,,,,,,,,,,33.91,22.61,,,,,0.0,0.0,2.0
20260304,300740.SZ,,,,,,,,,,,,,27.8,18.54,,,,,0.0,0.0,2.0
20260304,300741.SZ,,,,,,,,,,,,,20.58,13.72,,,,,0.0,0.0,2.0
20260304,300743.SZ,,,,,,,,,,,,,22.42,14.94,,,,,0.0,0.0,2.0
20260304,300745.SZ,,,,,,,,,,,,,31.72,21.14,,,,,0.0,0.0,2.0
20260304,300746.SZ,,,,,,,,,,,,,15.25,10.17,,,,,0.0,0.0,2.0
20260304,300747.SZ,,,,,,,,,,,,,35.76,23.84,,,,,0.0,0.0,2.0
20260304,300748.SZ,,,,,,,,,,,,,44.44,29.62,,,,,0.0,0.0,2.0
20260304,300749.SZ,,,,,,,,,,,,,38.35,25.57,,,,,0.0,0.0,2.0
20260304,300750.SZ,,,,,,,,,,,,,412.88,275.26,,,,,0.0,0.0,2.0
20260304,300751.SZ,,,,,,,,,,,,,314.84,209.9,,,,,0.0,0.0,2.0
20260304,300752.SZ,,,,,,,,,,,,,21.44,14.3,,,,,0.0,0.0,2.0
20260304,300753.SZ,,,,,,,,,,,,,37.56,25.04,,,,,0.0,0.0,2.0
20260304,300755.SZ,,,,,,,,,,,,,16.88,11.26,,,,,0.0,0.0,2.0
20260304,300756.SZ,,,,,,,,,,,,,52.98,35.32,,,,,0.0,0.0,2.0
20260304,300757.SZ,,,,,,,,,,,,,522.12,348.08,,,,,0.0,0.0,2.0
20260304,300758.SZ,,,,,,,,,,,,,18.42,12.28,,,,,0.0,0.0,2.0
20260304,300759.SZ,,,,,,,,,,,,,32.38,21.58,,,,,0.0,0.0,2.0
20260304,300760.SZ,,,,,,,,,,,,,216.48,144.32,,,,,0.0,0.0,2.0
20260304,300761.SZ,,,,,,,,,,,,,24.72,16.48,,,,,0.0,0.0,2.0
20260304,300762.SZ,,,,,,,,,,,,,47.38,31.58,,,,,0.0,0.0,2.0
20260304,300763.SZ,,,,,,,,,,,,,111.61,74.41,,,,,0.0,0.0,2.0
20260304,300765.SZ,,,,,,,,,,,,,36.04,24.02,,,,,0.0,0.0,2.0
20260304,300766.SZ,,,,,,,,,,,,,49.25,32.83,,,,,0.0,0.0,2.0
20260304,300767.SZ,,,,,,,,,,,,,23.05,15.37,,,,,0.0,0.0,2.0
20260304,300768.SZ,,,,,,,,,,,,,20.7,13.8,,,,,0.0,0.0,2.0
20260304,300769.SZ,,,,,,,,,,,,,49.7,33.14,,,,,0.0,0.0,2.0
20260304,300770.SZ,,,,,,,,,,,,,51.0,34.0,,,,,0.0,0.0,2.0
20260304,300771.SZ,,,,,,,,,,,,,17.12,11.42,,,,,0.0,0.0,2.0
20260304,300772.SZ,,,,,,,,,,,,,22.68,15.12,,,,,0.0,0.0,2.0
20260304,300773.SZ,,,,,,,,,,,,,32.4,21.6,,,,,0.0,0.0,2.0
20260304,300774.SZ,,,,,,,,,,,,,28.56,19.04,,,,,0.0,0.0,2.0
20260304,300775.SZ,,,,,,,,,,,,,46.93,31.29,,,,,0.0,0.0,2.0
20260304,300776.SZ,,,,,,,,,,,,,102.49,68.33,,,,,0.0,0.0,2.0
20260304,300777.SZ,,,,,,,,,,,,,48.32,32.22,,,,,0.0,0.0,2.0
20260304,300778.SZ,,,,,,,,,,,,,16.19,10.79,,,,,0.0,0.0,2.0
20260304,300779.SZ,,,,,,,,,,,,,116.95,77.97,,,,,0.0,0.0,2.0
20260304,300780.SZ,,,,,,,,,,,,,26.58,17.72,,,,,0.0,0.0,2.0
20260304,300781.SZ,,,,,,,,,,,,,46.16,30.78,,,,,0.0,0.0,2.0
20260304,300782.SZ,,,,,,,,,,,,,93.6,62.4,,,,,0.0,0.0,2.0
20260304,300783.SZ,,,,,,,,,,,,,23.66,15.78,,,,,0.0,0.0,2.0
20260304,300784.SZ,,,,,,,,,,,,,61.78,41.18,,,,,0.0,0.0,2.0
20260304,300785.SZ,,,,,,,,,,,,,63.36,42.24,,,,,0.0,0.0,2.0
20260304,300786.SZ,,,,,,,,,,,,,18.88,12.58,,,,,0.0,0.0,2.0
20260304,300787.SZ,,,,,,,,,,,,,14.65,9.77,,,,,0.0,0.0,2.0
20260304,300788.SZ,,,,,,,,,,,,,48.46,32.3,,,,,0.0,0.0,2.0
20260304,300789.SZ,,,,,,,,,,,,,26.36,17.58,,,,,0.0,0.0,2.0
20260304,300790.SZ,,,,,,,,,,,,,29.76,19.84,,,,,0.0,0.0,2.0
20260304,300791.SZ,,,,,,,,,,,,,25.03,16.69,,,,,0.0,0.0,2.0
20260304,300792.SZ,,,,,,,,,,,,,45.66,30.44,,,,,0.0,0.0,2.0
20260304,300793.SZ,,,,,,,,,,,,,18.64,12.42,,,,,0.0,0.0,2.0
20260304,300795.SZ,,,,,,,,,,,,,15.2,10.14,,,,,0.0,0.0,2.0
20260304,300796.SZ,,,,,,,,,,,,,11.42,7.62,,,,,0.0,0.0,2.0
20260304,300797.SZ,,,,,,,,,,,,,19.86,13.24,,,,,0.0,0.0,2.0
20260304,300798.SZ,,,,,,,,,,,,,10.09,6.73,,,,,0.0,0.0,2.0
20260304,300800.SZ,,,,,,,,,,,,,14.65,9.77,,,,,0.0,0.0,2.0
20260304,300801.SZ,,,,,,,,,,,,,33.23,22.15,,,,,0.0,0.0,2.0
20260304,300802.SZ,,,,,,,,,,,,,24.55,16.37,,,,,0.0,0.0,2.0
20260304,300803.SZ,,,,,,,,,,,,,135.64,90.42,,,,,0.0,0.0,2.0
20260304,300804.SZ,,,,,,,,,,,,,52.03,34.69,,,,,0.0,0.0,2.0
20260304,300805.SZ,,,,,,,,,,,,,14.1,9.4,,,,,0.0,0.0,2.0
20260304,300806.SZ,,,,,,,,,,,,,62.18,41.46,,,,,0.0,0.0,2.0
20260304,300807.SZ,,,,,,,,,,,,,61.2,40.8,,,,,0.0,0.0,2.0
20260304,300808.SZ,,,,,,,,,,,,,36.07,24.05,,,,,0.0,0.0,2.0
20260304,300809.SZ,,,,,,,,,,,,,41.88,27.92,,,,,0.0,0.0,2.0
20260304,300810.SZ,,,,,,,,,,,,,48.72,32.48,,,,,0.0,0.0,2.0
20260304,300811.SZ,,,,,,,,,,,,,101.71,67.81,,,,,0.0,0.0,2.0
20260304,300812.SZ,,,,,,,,,,,,,52.51,35.01,,,,,0.0,0.0,2.0
20260304,300813.SZ,,,,,,,,,,,,,31.33,20.89,,,,,0.0,0.0,2.0
20260304,300814.SZ,,,,,,,,,,,,,123.95,82.63,,,,,0.0,0.0,2.0
20260304,300815.SZ,,,,,,,,,,,,,28.84,19.22,,,,,0.0,0.0,2.0
20260304,300816.SZ,,,,,,,,,,,,,79.44,52.96,,,,,0.0,0.0,2.0
20260304,300817.SZ,,,,,,,,,,,,,23.26,15.5,,,,,0.0,0.0,2.0
20260304,300818.SZ,,,,,,,,,,,,,50.51,33.67,,,,,0.0,0.0,2.0
20260304,300819.SZ,,,,,,,,,,,,,70.66,47.1,,,,,0.0,0.0,2.0
20260304,300820.SZ,,,,,,,,,,,,,63.41,42.27,,,,,0.0,0.0,2.0
20260304,300821.SZ,,,,,,,,,,,,,16.09,10.73,,,,,0.0,0.0,2.0
20260304,300822.SZ,,,,,,,,,,,,,18.14,12.1,,,,,0.0,0.0,2.0
20260304,300823.SZ,,,,,,,,,,,,,20.39,13.59,,,,,0.0,0.0,2.0
20260304,300824.SZ,,,,,,,,,,,,,12.36,8.24,,,,,0.0,0.0,2.0
20260304,300825.SZ,,,,,,,,,,,,,11.18,7.46,,,,,0.0,0.0,2.0
20260304,300826.SZ,,,,,,,,,,,,,20.22,13.48,,,,,0.0,0.0,2.0
20260304,300827.SZ,,,,,,,,,,,,,44.16,29.44,,,,,0.0,0.0,2.0
20260304,300828.SZ,,,,,,,,,,,,,26.72,17.82,,,,,0.0,0.0,2.0
20260304,300829.SZ,,,,,,,,,,,,,23.28,15.52,,,,,0.0,0.0,2.0
20260304,300830.SZ,,,,,,,,,,,,,15.96,10.64,,,,,0.0,0.0,2.0
20260304,300831.SZ,,,,,,,,,,,,,19.52,13.02,,,,,0.0,0.0,2.0
20260304,300832.SZ,,,,,,,,,,,,,62.7,41.8,,,,,0.0,0.0,2.0
20260304,300833.SZ,,,,,,,,,,,,,49.28,32.86,,,,,0.0,0.0,2.0
20260304,300834.SZ,,,,,,,,,,,,,28.19,18.79,,,,,0.0,0.0,2.0
20260304,300835.SZ,,,,,,,,,,,,,109.24,72.82,,,,,0.0,0.0,2.0
20260304,300836.SZ,,,,,,,,,,,,,69.04,46.02,,,,,0.0,0.0,2.0
20260304,300837.SZ,,,,,,,,,,,,,48.68,32.46,,,,,0.0,0.0,2.0
20260304,300838.SZ,,,,,,,,,,,,,19.2,12.8,,,,,0.0,0.0,2.0
20260304,300839.SZ,,,,,,,,,,,,,20.64,13.76,,,,,0.0,0.0,2.0
20260304,300840.SZ,,,,,,,,,,,,,21.49,14.33,,,,,0.0,0.0,2.0
20260304,300841.SZ,,,,,,,,,,,,,74.38,49.58,,,,,0.0,0.0,2.0
20260304,300842.SZ,,,,,,,,,,,,,127.14,84.76,,,,,0.0,0.0,2.0
20260304,300843.SZ,,,,,,,,,,,,,65.94,43.96,,,,,0.0,0.0,2.0
20260304,300844.SZ,,,,,,,,,,,,,47.87,31.91,,,,,0.0,0.0,2.0
20260304,300845.SZ,,,,,,,,,,,,,14.77,9.85,,,,,0.0,0.0,2.0
20260304,300846.SZ,,,,,,,,,,,,,38.28,25.52,,,,,0.0,0.0,2.0
20260304,300847.SZ,,,,,,,,,,,,,21.3,14.2,,,,,0.0,0.0,2.0
20260304,300848.SZ,,,,,,,,,,,,,19.37,12.91,,,,,0.0,0.0,2.0
20260304,300849.SZ,,,,,,,,,,,,,23.68,15.78,,,,,0.0,0.0,2.0
20260304,300850.SZ,,,,,,,,,,,,,56.39,37.59,,,,,0.0,0.0,2.0
20260304,300851.SZ,,,,,,,,,,,,,36.54,24.36,,,,,0.0,0.0,2.0
20260304,300852.SZ,,,,,,,,,,,,,58.32,38.88,,,,,0.0,0.0,2.0
20260304,300853.SZ,,,,,,,,,,,,,25.22,16.82,,,,,0.0,0.0,2.0
20260304,300854.SZ,,,,,,,,,,,,,27.46,18.3,,,,,0.0,0.0,2.0
20260304,300855.SZ,,,,,,,,,,,,,52.33,34.89,,,,,0.0,0.0,2.0
20260304,300856.SZ,,,,,,,,,,,,,15.9,10.6,,,,,0.0,0.0,2.0
20260304,300857.SZ,,,,,,,,,,,,,294.54,196.36,,,,,0.0,0.0,2.0
20260304,300858.SZ,,,,,,,,,,,,,19.99,13.33,,,,,0.0,0.0,2.0
20260304,300859.SZ,,,,,,,,,,,,,44.64,29.76,,,,,0.0,0.0,2.0
20260304,300860.SZ,,,,,,,,,,,,,31.32,20.88,,,,,0.0,0.0,2.0
20260304,300861.SZ,,,,,,,,,,,,,21.74,14.5,,,,,0.0,0.0,2.0
20260304,300862.SZ,,,,,,,,,,,,,27.38,18.26,,,,,0.0,0.0,2.0
20260304,300863.SZ,,,,,,,,,,,,,63.95,42.63,,,,,0.0,0.0,2.0
20260304,300864.SZ,,,,,,,,,,,,,26.18,17.46,,,,,0.0,0.0,2.0
20260304,300865.SZ,,,,,,,,,,,,,33.72,22.48,,,,,0.0,0.0,2.0
20260304,300866.SZ,,,,,,,,,,,,,116.52,77.68,,,,,0.0,0.0,2.0
20260304,300867.SZ,,,,,,,,,,,,,22.98,15.32,,,,,0.0,0.0,2.0
20260304,300868.SZ,,,,,,,,,,,,,38.94,25.96,,,,,0.0,0.0,2.0
20260304,300869.SZ,,,,,,,,,,,,,17.08,11.38,,,,,0.0,0.0,2.0
20260304,300870.SZ,,,,,,,,,,,,,322.24,214.82,,,,,0.0,0.0,2.0
20260304,300871.SZ,,,,,,,,,,,,,30.37,20.25,,,,,0.0,0.0,2.0
20260304,300872.SZ,,,,,,,,,,,,,20.68,13.78,,,,,0.0,0.0,2.0
20260304,300873.SZ,,,,,,,,,,,,,30.56,20.38,,,,,0.0,0.0,2.0
20260304,300875.SZ,,,,,,,,,,,,,64.87,43.25,,,,,0.0,0.0,2.0
20260304,300876.SZ,,,,,,,,,,,,,34.1,22.74,,,,,0.0,0.0,2.0
20260304,300877.SZ,,,,,,,,,,,,,37.19,24.79,,,,,0.0,0.0,2.0
20260304,300878.SZ,,,,,,,,,,,,,33.6,22.4,,,,,0.0,0.0,2.0
20260304,300879.SZ,,,,,,,,,,,,,27.67,18.45,,,,,0.0,0.0,2.0
20260304,300880.SZ,,U,0.0,25465025.0,25465025.0,134654.0,134654.0,,,,,,23.22,15.48,1.0,9.0,2.0,0.0,1.0,0.0,2.2814779513193844
20260304,300881.SZ,,,,,,,,,,,,,61.2,40.8,,,,,0.0,0.0,2.0
20260304,300882.SZ,,,,,,,,,,,,,26.89,17.93,,,,,0.0,0.0,2.0
20260304,300883.SZ,,,,,,,,,,,,,7.96,5.3,,,,,0.0,0.0,2.0
20260304,300884.SZ,,,,,,,,,,,,,17.24,11.5,,,,,0.0,0.0,2.0
20260304,300885.SZ,,,,,,,,,,,,,28.37,18.91,,,,,0.0,0.0,2.0
20260304,300886.SZ,,,,,,,,,,,,,33.02,22.02,,,,,0.0,0.0,2.0
20260304,300887.SZ,,,,,,,,,,,,,12.72,8.48,,,,,0.0,0.0,2.0
20260304,300888.SZ,,,,,,,,,,,,,41.2,27.46,,,,,0.0,0.0,2.0
20260304,300889.SZ,,,,,,,,,,,,,31.91,21.27,,,,,0.0,0.0,2.0
20260304,300890.SZ,,,,,,,,,,,,,35.86,23.9,,,,,0.0,0.0,2.0
20260304,300891.SZ,,,,,,,,,,,,,12.73,8.49,,,,,0.0,0.0,2.0
20260304,300892.SZ,,,,,,,,,,,,,35.06,23.38,,,,,0.0,0.0,2.0
20260304,300893.SZ,,,,,,,,,,,,,27.66,18.44,,,,,0.0,0.0,2.0
20260304,300894.SZ,,,,,,,,,,,,,13.02,8.68,,,,,0.0,0.0,2.0
20260304,300895.SZ,,,,,,,,,,,,,61.98,41.32,,,,,0.0,0.0,2.0
20260304,300896.SZ,,,,,,,,,,,,,165.6,110.4,,,,,0.0,0.0,2.0
20260304,300897.SZ,,,,,,,,,,,,,31.13,20.75,,,,,0.0,0.0,2.0
20260304,300898.SZ,,,,,,,,,,,,,30.46,20.3,,,,,0.0,0.0,2.0
20260304,300899.SZ,,,,,,,,,,,,,43.75,29.17,,,,,0.0,0.0,2.0
20260304,300900.SZ,,,,,,,,,,,,,43.28,28.86,,,,,0.0,0.0,2.0
20260304,300901.SZ,,,,,,,,,,,,,19.73,13.15,,,,,0.0,0.0,2.0
20260304,300902.SZ,,,,,,,,,,,,,23.27,15.51,,,,,0.0,0.0,2.0
20260304,300903.SZ,,,,,,,,,,,,,35.78,23.86,,,,,0.0,0.0,2.0
20260304,300904.SZ,,,,,,,,,,,,,70.79,47.19,,,,,0.0,0.0,2.0
20260304,300905.SZ,,,,,,,,,,,,,40.18,26.78,,,,,0.0,0.0,2.0
20260304,300906.SZ,,,,,,,,,,,,,39.83,26.55,,,,,0.0,0.0,2.0
20260304,300907.SZ,,,,,,,,,,,,,34.8,23.2,,,,,0.0,0.0,2.0
20260304,300908.SZ,,,,,,,,,,,,,32.94,21.96,,,,,0.0,0.0,2.0
20260304,300909.SZ,,,,,,,,,,,,,55.01,36.67,,,,,0.0,0.0,2.0
20260304,300910.SZ,,,,,,,,,,,,,66.5,44.34,,,,,0.0,0.0,2.0
20260304,300911.SZ,,,,,,,,,,,,,54.01,36.01,,,,,0.0,0.0,2.0
20260304,300912.SZ,,,,,,,,,,,,,36.0,24.0,,,,,0.0,0.0,2.0
20260304,300913.SZ,,,,,,,,,,,,,64.76,43.18,,,,,0.0,0.0,2.0
20260304,300915.SZ,,,,,,,,,,,,,31.06,20.7,,,,,0.0,0.0,2.0
20260304,300916.SZ,,,,,,,,,,,,,35.52,23.68,,,,,0.0,0.0,2.0
20260304,300917.SZ,,,,,,,,,,,,,45.12,30.08,,,,,0.0,0.0,2.0
20260304,300918.SZ,,,,,,,,,,,,,18.36,12.24,,,,,0.0,0.0,2.0
20260304,300919.SZ,,,,,,,,,,,,,63.58,42.38,,,,,0.0,0.0,2.0
20260304,300920.SZ,,,,,,,,,,,,,47.48,31.66,,,,,0.0,0.0,2.0
20260304,300921.SZ,,,,,,,,,,,,,30.32,20.22,,,,,0.0,0.0,2.0
20260304,300922.SZ,,,,,,,,,,,,,25.96,17.3,,,,,0.0,0.0,2.0
20260304,300923.SZ,,,,,,,,,,,,,33.52,22.34,,,,,0.0,0.0,2.0
20260304,300925.SZ,,,,,,,,,,,,,23.76,15.84,,,,,0.0,0.0,2.0
20260304,300926.SZ,,,,,,,,,,,,,34.73,23.15,,,,,0.0,0.0,2.0
20260304,300927.SZ,,,,,,,,,,,,,37.67,25.11,,,,,0.0,0.0,2.0
20260304,300928.SZ,,,,,,,,,,,,,36.7,24.46,,,,,0.0,0.0,2.0
20260304,300929.SZ,,,,,,,,,,,,,14.27,9.51,,,,,0.0,0.0,2.0
20260304,300930.SZ,,,,,,,,,,,,,38.48,25.66,,,,,0.0,0.0,2.0
20260304,300931.SZ,,,,,,,,,,,,,15.54,10.36,,,,,0.0,0.0,2.0
20260304,300932.SZ,,,,,,,,,,,,,16.22,10.82,,,,,0.0,0.0,2.0
20260304,300933.SZ,,,,,,,,,,,,,9.84,6.56,,,,,0.0,0.0,2.0
20260304,300935.SZ,,,,,,,,,,,,,39.24,26.16,,,,,0.0,0.0,2.0
20260304,300936.SZ,,,,,,,,,,,,,56.95,37.97,,,,,0.0,0.0,2.0
20260304,300937.SZ,,,,,,,,,,,,,36.88,24.58,,,,,0.0,0.0,2.0
20260304,300938.SZ,,,,,,,,,,,,,44.76,29.84,,,,,0.0,0.0,2.0
20260304,300939.SZ,,,,,,,,,,,,,40.2,26.8,,,,,0.0,0.0,2.0
20260304,300940.SZ,,,,,,,,,,,,,28.8,19.2,,,,,0.0,0.0,2.0
20260304,300941.SZ,,,,,,,,,,,,,25.67,17.11,,,,,0.0,0.0,2.0
20260304,300942.SZ,,,,,,,,,,,,,11.06,7.38,,,,,0.0,0.0,2.0
20260304,300943.SZ,,,,,,,,,,,,,40.97,27.31,,,,,0.0,0.0,2.0
20260304,300945.SZ,,,,,,,,,,,,,26.27,17.51,,,,,0.0,0.0,2.0
20260304,300946.SZ,,,,,,,,,,,,,60.14,40.1,,,,,0.0,0.0,2.0
20260304,300947.SZ,,,,,,,,,,,,,22.03,14.69,,,,,0.0,0.0,2.0
20260304,300948.SZ,,,,,,,,,,,,,25.34,16.9,,,,,0.0,0.0,2.0
20260304,300949.SZ,,,,,,,,,,,,,47.28,31.52,,,,,0.0,0.0,2.0
20260304,300950.SZ,,,,,,,,,,,,,27.53,18.35,,,,,0.0,0.0,2.0
20260304,300951.SZ,,,,,,,,,,,,,43.42,28.94,,,,,0.0,0.0,2.0
20260304,300952.SZ,,,,,,,,,,,,,46.93,31.29,,,,,0.0,0.0,2.0
20260304,300953.SZ,,,,,,,,,,,,,175.21,116.81,,,,,0.0,0.0,2.0
20260304,300955.SZ,,,,,,,,,,,,,40.98,27.32,,,,,0.0,0.0,2.0
20260304,300956.SZ,,,,,,,,,,,,,19.37,12.91,,,,,0.0,0.0,2.0
20260304,300957.SZ,,,,,,,,,,,,,52.87,35.25,,,,,0.0,0.0,2.0
20260304,300958.SZ,,,,,,,,,,,,,16.49,10.99,,,,,0.0,0.0,2.0
20260304,300959.SZ,,,,,,,,,,,,,96.76,64.5,,,,,0.0,0.0,2.0
20260304,300960.SZ,,,,,,,,,,,,,30.23,20.15,,,,,0.0,0.0,2.0
20260304,300961.SZ,,,,,,,,,,,,,16.51,11.01,,,,,0.0,0.0,2.0
20260304,300962.SZ,,,,,,,,,,,,,22.14,14.76,,,,,0.0,0.0,2.0
20260304,300963.SZ,,,,,,,,,,,,,24.0,16.0,,,,,0.0,0.0,2.0
20260304,300964.SZ,,,,,,,,,,,,,69.77,46.51,,,,,0.0,0.0,2.0
20260304,300965.SZ,,,,,,,,,,,,,71.23,47.49,,,,,0.0,0.0,2.0
20260304,300966.SZ,,,,,,,,,,,,,23.93,15.95,,,,,0.0,0.0,2.0
20260304,300967.SZ,,,,,,,,,,,,,24.97,16.65,,,,,0.0,0.0,2.0
20260304,300968.SZ,,,,,,,,,,,,,15.24,10.16,,,,,0.0,0.0,2.0
20260304,300969.SZ,,,,,,,,,,,,,162.74,108.5,,,,,0.0,0.0,2.0
20260304,300970.SZ,,,,,,,,,,,,,30.74,20.5,,,,,0.0,0.0,2.0
20260304,300971.SZ,,,,,,,,,,,,,29.56,19.7,,,,,0.0,0.0,2.0
20260304,300972.SZ,,,,,,,,,,,,,237.41,158.27,,,,,0.0,0.0,2.0
20260304,300973.SZ,,,,,,,,,,,,,48.0,32.0,,,,,0.0,0.0,2.0
20260304,300975.SZ,,,,,,,,,,,,,17.29,11.53,,,,,0.0,0.0,2.0
20260304,300976.SZ,,,,,,,,,,,,,68.12,45.42,,,,,0.0,0.0,2.0
20260304,300977.SZ,,,,,,,,,,,,,22.69,15.13,,,,,0.0,0.0,2.0
20260304,300978.SZ,,,,,,,,,,,,,14.3,9.54,,,,,0.0,0.0,2.0
20260304,300979.SZ,,,,,,,,,,,,,56.68,37.78,,,,,0.0,0.0,2.0
20260304,300980.SZ,,,,,,,,,,,,,38.38,25.58,,,,,0.0,0.0,2.0
20260304,300981.SZ,,,,,,,,,,,,,14.78,9.86,,,,,0.0,0.0,2.0
20260304,300982.SZ,,,,,,,,,,,,,27.12,18.08,,,,,0.0,0.0,2.0
20260304,300983.SZ,,,,,,,,,,,,,32.53,21.69,,,,,0.0,0.0,2.0
20260304,300984.SZ,,,,,,,,,,,,,78.08,52.06,,,,,0.0,0.0,2.0
20260304,300985.SZ,,,,,,,,,,,,,31.15,20.77,,,,,0.0,0.0,2.0
20260304,300986.SZ,,,,,,,,,,,,,33.71,22.47,,,,,0.0,0.0,2.0
20260304,300987.SZ,,,,,,,,,,,,,21.6,14.4,,,,,0.0,0.0,2.0
20260304,300988.SZ,,,,,,,,,,,,,31.07,20.71,,,,,0.0,0.0,2.0
20260304,300989.SZ,,,,,,,,,,,,,17.8,11.86,,,,,0.0,0.0,2.0
20260304,300990.SZ,,,,,,,,,,,,,106.19,70.79,,,,,0.0,0.0,2.0
20260304,300991.SZ,,,,,,,,,,,,,69.94,46.62,,,,,0.0,0.0,2.0
20260304,300992.SZ,,,,,,,,,,,,,35.59,23.73,,,,,0.0,0.0,2.0
20260304,300993.SZ,,,,,,,,,,,,,15.6,10.4,,,,,0.0,0.0,2.0
20260304,300994.SZ,,,,,,,,,,,,,19.25,12.83,,,,,0.0,0.0,2.0
20260304,300995.SZ,,,,,,,,,,,,,45.11,30.07,,,,,0.0,0.0,2.0
20260304,300996.SZ,,,,,,,,,,,,,19.36,12.9,,,,,0.0,0.0,2.0
20260304,300997.SZ,,,,,,,,,,,,,25.56,17.04,,,,,0.0,0.0,2.0
20260304,300998.SZ,,,,,,,,,,,,,28.03,18.69,,,,,0.0,0.0,2.0
20260304,300999.SZ,,,,,,,,,,,,,34.96,23.3,,,,,0.0,0.0,2.0
20260304,301000.SZ,,,,,,,,,,,,,42.2,28.14,,,,,0.0,0.0,2.0
20260304,301001.SZ,,,,,,,,,,,,,36.84,24.56,,,,,0.0,0.0,2.0
20260304,301002.SZ,,,,,,,,,,,,,49.7,33.14,,,,,0.0,0.0,2.0
20260304,301003.SZ,,,,,,,,,,,,,55.38,36.92,,,,,0.0,0.0,2.0
20260304,301004.SZ,,,,,,,,,,,,,69.32,46.22,,,,,0.0,0.0,2.0
20260304,301005.SZ,,,,,,,,,,,,,188.39,125.59,,,,,0.0,0.0,2.0
20260304,301006.SZ,,,,,,,,,,,,,21.3,14.2,,,,,0.0,0.0,2.0
20260304,301007.SZ,,,,,,,,,,,,,41.17,27.45,,,,,0.0,0.0,2.0
20260304,301008.SZ,,,,,,,,,,,,,38.87,25.91,,,,,0.0,0.0,2.0
20260304,301009.SZ,,,,,,,,,,,,,14.71,9.81,,,,,0.0,0.0,2.0
20260304,301010.SZ,,,,,,,,,,,,,24.89,16.59,,,,,0.0,0.0,2.0
20260304,301011.SZ,,,,,,,,,,,,,28.51,19.01,,,,,0.0,0.0,2.0
20260304,301012.SZ,,,,,,,,,,,,,32.81,21.87,,,,,0.0,0.0,2.0
20260304,301013.SZ,,,,,,,,,,,,,28.91,19.27,,,,,0.0,0.0,2.0
20260304,301015.SZ,,,,,,,,,,,,,26.58,17.72,,,,,0.0,0.0,2.0
20260304,301016.SZ,,,,,,,,,,,,,28.44,18.96,,,,,0.0,0.0,2.0
20260304,301017.SZ,,,,,,,,,,,,,17.44,11.62,,,,,0.0,0.0,2.0
20260304,301018.SZ,,,,,,,,,,,,,118.54,79.02,,,,,0.0,0.0,2.0
20260304,301019.SZ,,,,,,,,,,,,,26.14,17.42,,,,,0.0,0.0,2.0
20260304,301020.SZ,,,,,,,,,,,,,26.5,17.66,,,,,0.0,0.0,2.0
20260304,301021.SZ,,,,,,,,,,,,,69.64,46.42,,,,,0.0,0.0,2.0
20260304,301022.SZ,,,,,,,,,,,,,37.5,25.0,,,,,0.0,0.0,2.0
20260304,301023.SZ,,,,,,,,,,,,,51.65,34.43,,,,,0.0,0.0,2.0
20260304,301024.SZ,,,,,,,,,,,,,47.22,31.48,,,,,0.0,0.0,2.0
20260304,301025.SZ,,,,,,,,,,,,,14.04,9.36,,,,,0.0,0.0,2.0
20260304,301026.SZ,,,,,,,,,,,,,40.78,27.18,,,,,0.0,0.0,2.0
20260304,301027.SZ,,,,,,,,,,,,,26.52,17.68,,,,,0.0,0.0,2.0
20260304,301028.SZ,,,,,,,,,,,,,17.2,11.46,,,,,0.0,0.0,2.0
20260304,301029.SZ,,,,,,,,,,,,,32.88,21.92,,,,,0.0,0.0,2.0
20260304,301030.SZ,,,,,,,,,,,,,14.27,9.51,,,,,0.0,0.0,2.0
20260304,301031.SZ,,,,,,,,,,,,,169.26,112.84,,,,,0.0,0.0,2.0
20260304,301032.SZ,,,,,,,,,,,,,15.49,10.33,,,,,0.0,0.0,2.0
20260304,301033.SZ,,,,,,,,,,,,,82.33,54.89,,,,,0.0,0.0,2.0
20260304,301035.SZ,,,,,,,,,,,,,92.74,61.82,,,,,0.0,0.0,2.0
20260304,301036.SZ,,,,,,,,,,,,,36.82,24.54,,,,,0.0,0.0,2.0
20260304,301037.SZ,,,,,,,,,,,,,18.73,12.49,,,,,0.0,0.0,2.0
20260304,301038.SZ,,,,,,,,,,,,,25.85,17.23,,,,,0.0,0.0,2.0
20260304,301039.SZ,,,,,,,,,,,,,11.21,7.47,,,,,0.0,0.0,2.0
20260304,301040.SZ,,,,,,,,,,,,,43.09,28.73,,,,,0.0,0.0,2.0
20260304,301041.SZ,,,,,,,,,,,,,33.0,22.0,,,,,0.0,0.0,2.0
20260304,301042.SZ,,,,,,,,,,,,,101.4,67.6,,,,,0.0,0.0,2.0
20260304,301043.SZ,,,,,,,,,,,,,65.72,43.82,,,,,0.0,0.0,2.0
20260304,301045.SZ,,,,,,,,,,,,,47.4,31.6,,,,,0.0,0.0,2.0
20260304,301046.SZ,,,,,,,,,,,,,30.49,20.33,,,,,0.0,0.0,2.0
20260304,301047.SZ,,,,,,,,,,,,,83.39,55.59,,,,,0.0,0.0,2.0
20260304,301048.SZ,,,,,,,,,,,,,13.48,8.98,,,,,0.0,0.0,2.0
20260304,301049.SZ,,,,,,,,,,,,,28.74,19.16,,,,,0.0,0.0,2.0
20260304,301050.SZ,,,,,,,,,,,,,64.88,43.26,,,,,0.0,0.0,2.0
20260304,301051.SZ,,,,,,,,,,,,,25.73,17.15,,,,,0.0,0.0,2.0
20260304,301052.SZ,,,,,,,,,,,,,45.23,30.15,,,,,0.0,0.0,2.0
20260304,301053.SZ,,,,,,,,,,,,,38.87,25.91,,,,,0.0,0.0,2.0
20260304,301055.SZ,,,,,,,,,,,,,24.92,16.62,,,,,0.0,0.0,2.0
20260304,301056.SZ,,,,,,,,,,,,,17.8,11.86,,,,,0.0,0.0,2.0
20260304,301058.SZ,,,,,,,,,,,,,13.4,8.94,,,,,0.0,0.0,2.0
20260304,301059.SZ,,,,,,,,,,,,,17.53,11.69,,,,,0.0,0.0,2.0
20260304,301060.SZ,,,,,,,,,,,,,12.29,8.19,,,,,0.0,0.0,2.0
20260304,301061.SZ,,,,,,,,,,,,,102.72,68.48,,,,,0.0,0.0,2.0
20260304,301062.SZ,,,,,,,,,,,,,10.54,7.02,,,,,0.0,0.0,2.0
20260304,301063.SZ,,,,,,,,,,,,,35.86,23.9,,,,,0.0,0.0,2.0
20260304,301065.SZ,,,,,,,,,,,,,28.13,18.75,,,,,0.0,0.0,2.0
20260304,301066.SZ,,,,,,,,,,,,,18.6,12.4,,,,,0.0,0.0,2.0
20260304,301067.SZ,,,,,,,,,,,,,38.52,25.68,,,,,0.0,0.0,2.0
20260304,301068.SZ,,,,,,,,,,,,,33.95,22.63,,,,,0.0,0.0,2.0
20260304,301069.SZ,,,,,,,,,,,,,28.5,19.0,,,,,0.0,0.0,2.0
20260304,301070.SZ,,,,,,,,,,,,,75.84,50.56,,,,,0.0,0.0,2.0
20260304,301071.SZ,,,,,,,,,,,,,53.59,35.73,,,,,0.0,0.0,2.0
20260304,301072.SZ,,,,,,,,,,,,,27.94,18.62,,,,,0.0,0.0,2.0
20260304,301073.SZ,,,,,,,,,,,,,33.83,22.55,,,,,0.0,0.0,2.0
20260304,301075.SZ,,,,,,,,,,,,,90.71,60.47,,,,,0.0,0.0,2.0
20260304,301076.SZ,,,,,,,,,,,,,48.36,32.24,,,,,0.0,0.0,2.0
20260304,301077.SZ,,,,,,,,,,,,,33.84,22.56,,,,,0.0,0.0,2.0
20260304,301078.SZ,,,,,,,,,,,,,13.01,8.67,,,,,0.0,0.0,2.0
20260304,301079.SZ,,,,,,,,,,,,,50.62,33.74,,,,,0.0,0.0,2.0
20260304,301080.SZ,,,,,,,,,,,,,52.69,35.13,,,,,0.0,0.0,2.0
20260304,301081.SZ,,,,,,,,,,,,,15.0,10.0,,,,,0.0,0.0,2.0
20260304,301082.SZ,,,,,,,,,,,,,22.2,14.8,,,,,0.0,0.0,2.0
20260304,301083.SZ,,,,,,,,,,,,,22.1,14.74,,,,,0.0,0.0,2.0
20260304,301085.SZ,,,,,,,,,,,,,69.3,46.2,,,,,0.0,0.0,2.0
20260304,301086.SZ,,,,,,,,,,,,,138.28,92.18,,,,,0.0,0.0,2.0
20260304,301087.SZ,,,,,,,,,,,,,69.96,46.64,,,,,0.0,0.0,2.0
20260304,301088.SZ,,,,,,,,,,,,,18.54,12.36,,,,,0.0,0.0,2.0
20260304,301089.SZ,,,,,,,,,,,,,32.39,21.59,,,,,0.0,0.0,2.0
20260304,301090.SZ,,,,,,,,,,,,,8.96,5.98,,,,,0.0,0.0,2.0
20260304,301091.SZ,,,,,,,,,,,,,29.4,19.6,,,,,0.0,0.0,2.0
20260304,301092.SZ,,,,,,,,,,,,,45.31,30.21,,,,,0.0,0.0,2.0
20260304,301093.SZ,,,,,,,,,,,,,96.05,64.03,,,,,0.0,0.0,2.0
20260304,301095.SZ,,,,,,,,,,,,,99.31,66.21,,,,,0.0,0.0,2.0
20260304,301096.SZ,,,,,,,,,,,,,52.67,35.11,,,,,0.0,0.0,2.0
20260304,301097.SZ,,,,,,,,,,,,,66.49,44.33,,,,,0.0,0.0,2.0
20260304,301098.SZ,,,,,,,,,,,,,10.7,7.14,,,,,0.0,0.0,2.0
20260304,301099.SZ,,,,,,,,,,,,,50.6,33.74,,,,,0.0,0.0,2.0
20260304,301100.SZ,,,,,,,,,,,,,25.09,16.73,,,,,0.0,0.0,2.0
20260304,301101.SZ,,,,,,,,,,,,,46.48,30.98,,,,,0.0,0.0,2.0
20260304,301102.SZ,,,,,,,,,,,,,13.67,9.11,,,,,0.0,0.0,2.0
20260304,301103.SZ,,,,,,,,,,,,,24.38,16.26,,,,,0.0,0.0,2.0
20260304,301105.SZ,,,,,,,,,,,,,61.56,41.04,,,,,0.0,0.0,2.0
20260304,301106.SZ,,,,,,,,,,,,,37.07,24.71,,,,,0.0,0.0,2.0
20260304,301107.SZ,,,,,,,,,,,,,34.82,23.22,,,,,0.0,0.0,2.0
20260304,301108.SZ,,,,,,,,,,,,,36.36,24.24,,,,,0.0,0.0,2.0
20260304,301109.SZ,,,,,,,,,,,,,21.14,14.1,,,,,0.0,0.0,2.0
20260304,301110.SZ,,,,,,,,,,,,,77.64,51.76,,,,,0.0,0.0,2.0
20260304,301111.SZ,,,,,,,,,,,,,25.14,16.76,,,,,0.0,0.0,2.0
20260304,301112.SZ,,,,,,,,,,,,,42.34,28.22,,,,,0.0,0.0,2.0
20260304,301113.SZ,,,,,,,,,,,,,30.89,20.59,,,,,0.0,0.0,2.0
20260304,301115.SZ,,,,,,,,,,,,,24.24,16.16,,,,,0.0,0.0,2.0
20260304,301116.SZ,,,,,,,,,,,,,13.15,8.77,,,,,0.0,0.0,2.0
20260304,301117.SZ,,,,,,,,,,,,,61.48,40.98,,,,,0.0,0.0,2.0
20260304,301118.SZ,,,,,,,,,,,,,33.41,22.27,,,,,0.0,0.0,2.0
20260304,301119.SZ,,,,,,,,,,,,,58.13,38.75,,,,,0.0,0.0,2.0
20260304,301120.SZ,,,,,,,,,,,,,28.54,19.02,,,,,0.0,0.0,2.0
20260304,301121.SZ,,,,,,,,,,,,,47.8,31.86,,,,,0.0,0.0,2.0
20260304,301122.SZ,,,,,,,,,,,,,39.82,26.54,,,,,0.0,0.0,2.0
20260304,301123.SZ,,,,,,,,,,,,,69.41,46.27,,,,,0.0,0.0,2.0
20260304,301125.SZ,,,,,,,,,,,,,27.24,18.16,,,,,0.0,0.0,2.0
20260304,301126.SZ,,,,,,,,,,,,,14.42,9.62,,,,,0.0,0.0,2.0
20260304,301127.SZ,,,,,,,,,,,,,18.64,12.42,,,,,0.0,0.0,2.0
20260304,301128.SZ,,,,,,,,,,,,,124.3,82.86,,,,,0.0,0.0,2.0
20260304,301129.SZ,,U,0.0,54718560.0,54718560.0,131445.0,131445.0,,,,,,29.23,19.49,1.0,9.0,2.0,0.0,1.0,0.0,2.317638974159531
20260304,301130.SZ,,,,,,,,,,,,,36.76,24.5,,,,,0.0,0.0,2.0
20260304,301131.SZ,,,,,,,,,,,,,52.06,34.7,,,,,0.0,0.0,2.0
20260304,301132.SZ,,,,,,,,,,,,,46.66,31.1,,,,,0.0,0.0,2.0
20260304,301133.SZ,,,,,,,,,,,,,44.56,29.7,,,,,0.0,0.0,2.0
20260304,301135.SZ,,,,,,,,,,,,,33.91,22.61,,,,,0.0,0.0,2.0
20260304,301136.SZ,,,,,,,,,,,,,19.62,13.08,,,,,0.0,0.0,2.0
20260304,301137.SZ,,,,,,,,,,,,,65.56,43.7,,,,,0.0,0.0,2.0
20260304,301138.SZ,,,,,,,,,,,,,45.42,30.28,,,,,0.0,0.0,2.0
20260304,301139.SZ,,,,,,,,,,,,,21.4,14.26,,,,,0.0,0.0,2.0
20260304,301141.SZ,,,,,,,,,,,,,71.3,47.54,,,,,0.0,0.0,2.0
20260304,301148.SZ,,,,,,,,,,,,,62.28,41.52,,,,,0.0,0.0,2.0
20260304,301149.SZ,,,,,,,,,,,,,14.32,9.54,,,,,0.0,0.0,2.0
20260304,301150.SZ,,,,,,,,,,,,,52.16,34.78,,,,,0.0,0.0,2.0
20260304,301151.SZ,,,,,,,,,,,,,23.94,15.96,,,,,0.0,0.0,2.0
20260304,301152.SZ,,,,,,,,,,,,,33.94,22.62,,,,,0.0,0.0,2.0
20260304,301153.SZ,,,,,,,,,,,,,25.18,16.78,,,,,0.0,0.0,2.0
20260304,301155.SZ,,,,,,,,,,,,,90.26,60.18,,,,,0.0,0.0,2.0
20260304,301156.SZ,,,,,,,,,,,,,23.33,15.55,,,,,0.0,0.0,2.0
20260304,301157.SZ,,,,,,,,,,,,,65.11,43.41,,,,,0.0,0.0,2.0
20260304,301158.SZ,,,,,,,,,,,,,44.93,29.95,,,,,0.0,0.0,2.0
20260304,301159.SZ,,,,,,,,,,,,,51.96,34.64,,,,,0.0,0.0,2.0
20260304,301160.SZ,,,,,,,,,,,,,76.33,50.89,,,,,0.0,0.0,2.0
20260304,301161.SZ,,,,,,,,,,,,,41.11,27.41,,,,,0.0,0.0,2.0
20260304,301162.SZ,,,,,,,,,,,,,79.08,52.72,,,,,0.0,0.0,2.0
20260304,301163.SZ,,,,,,,,,,,,,35.56,23.7,,,,,0.0,0.0,2.0
20260304,301165.SZ,,,,,,,,,,,,,102.26,68.18,,,,,0.0,0.0,2.0
20260304,301166.SZ,,,,,,,,,,,,,37.92,25.28,,,,,0.0,0.0,2.0
20260304,301167.SZ,,,,,,,,,,,,,20.72,13.82,,,,,0.0,0.0,2.0
20260304,301168.SZ,,,,,,,,,,,,,49.37,32.91,,,,,0.0,0.0,2.0
20260304,301169.SZ,,,,,,,,,,,,,64.27,42.85,,,,,0.0,0.0,2.0
20260304,301170.SZ,,,,,,,,,,,,,34.88,23.26,,,,,0.0,0.0,2.0
20260304,301171.SZ,,,,,,,,,,,,,61.0,40.66,,,,,0.0,0.0,2.0
20260304,301172.SZ,,,,,,,,,,,,,32.4,21.6,,,,,0.0,0.0,2.0
20260304,301173.SZ,,,,,,,,,,,,,53.4,35.6,,,,,0.0,0.0,2.0
20260304,301175.SZ,,,,,,,,,,,,,8.45,5.63,,,,,0.0,0.0,2.0
20260304,301176.SZ,,,,,,,,,,,,,31.02,20.68,,,,,0.0,0.0,2.0
20260304,301177.SZ,,,,,,,,,,,,,39.06,26.04,,,,,0.0,0.0,2.0
20260304,301178.SZ,,,,,,,,,,,,,57.18,38.12,,,,,0.0,0.0,2.0
20260304,301179.SZ,,,,,,,,,,,,,22.66,15.1,,,,,0.0,0.0,2.0
20260304,301180.SZ,,,,,,,,,,,,,21.62,14.42,,,,,0.0,0.0,2.0
20260304,301181.SZ,,,,,,,,,,,,,49.66,33.1,,,,,0.0,0.0,2.0
20260304,301182.SZ,,,,,,,,,,,,,59.29,39.53,,,,,0.0,0.0,2.0
20260304,301183.SZ,,,,,,,,,,,,,195.64,130.42,,,,,0.0,0.0,2.0
20260304,301185.SZ,,,,,,,,,,,,,23.76,15.84,,,,,0.0,0.0,2.0
20260304,301186.SZ,,,,,,,,,,,,,60.56,40.38,,,,,0.0,0.0,2.0
20260304,301187.SZ,,,,,,,,,,,,,27.34,18.22,,,,,0.0,0.0,2.0
20260304,301188.SZ,,,,,,,,,,,,,20.38,13.58,,,,,0.0,0.0,2.0
20260304,301189.SZ,,,,,,,,,,,,,49.93,33.29,,,,,0.0,0.0,2.0
20260304,301190.SZ,,,,,,,,,,,,,29.27,19.51,,,,,0.0,0.0,2.0
20260304,301191.SZ,,,,,,,,,,,,,137.02,91.34,,,,,0.0,0.0,2.0
20260304,301192.SZ,,,,,,,,,,,,,35.32,23.54,,,,,0.0,0.0,2.0
20260304,301193.SZ,,,,,,,,,,,,,30.8,20.54,,,,,0.0,0.0,2.0
20260304,301195.SZ,,,,,,,,,,,,,40.38,26.92,,,,,0.0,0.0,2.0
20260304,301196.SZ,,,,,,,,,,,,,103.21,68.81,,,,,0.0,0.0,2.0
20260304,301197.SZ,,,,,,,,,,,,,29.0,19.34,,,,,0.0,0.0,2.0
20260304,301198.SZ,,,,,,,,,,,,,19.22,12.82,,,,,0.0,0.0,2.0
20260304,301199.SZ,,,,,,,,,,,,,27.92,18.62,,,,,0.0,0.0,2.0
20260304,301200.SZ,,,,,,,,,,,,,172.93,115.29,,,,,0.0,0.0,2.0
20260304,301201.SZ,,,,,,,,,,,,,50.05,33.37,,,,,0.0,0.0,2.0
20260304,301202.SZ,,,,,,,,,,,,,50.12,33.42,,,,,0.0,0.0,2.0
20260304,301203.SZ,,,,,,,,,,,,,55.12,36.74,,,,,0.0,0.0,2.0
20260304,301205.SZ,,,,,,,,,,,,,229.84,153.22,,,,,0.0,0.0,2.0
20260304,301206.SZ,,,,,,,,,,,,,32.92,21.94,,,,,0.0,0.0,2.0
20260304,301207.SZ,,,,,,,,,,,,,22.86,15.24,,,,,0.0,0.0,2.0
20260304,301208.SZ,,,,,,,,,,,,,44.14,29.42,,,,,0.0,0.0,2.0
20260304,301209.SZ,,,,,,,,,,,,,111.31,74.21,,,,,0.0,0.0,2.0
20260304,301210.SZ,,,,,,,,,,,,,47.4,31.6,,,,,0.0,0.0,2.0
20260304,301211.SZ,,,,,,,,,,,,,14.3,9.54,,,,,0.0,0.0,2.0
20260304,301212.SZ,,,,,,,,,,,,,35.1,23.4,,,,,0.0,0.0,2.0
20260304,301213.SZ,,,,,,,,,,,,,111.6,74.4,,,,,0.0,0.0,2.0
20260304,301215.SZ,,,,,,,,,,,,,8.08,5.38,,,,,0.0,0.0,2.0
20260304,301216.SZ,,,,,,,,,,,,,24.6,16.4,,,,,0.0,0.0,2.0
20260304,301217.SZ,,,,,,,,,,,,,56.02,37.34,,,,,0.0,0.0,2.0
20260304,301218.SZ,,,,,,,,,,,,,37.73,25.15,,,,,0.0,0.0,2.0
20260304,301219.SZ,,,,,,,,,,,,,86.99,57.99,,,,,0.0,0.0,2.0
20260304,301220.SZ,,,,,,,,,,,,,43.06,28.7,,,,,0.0,0.0,2.0
20260304,301221.SZ,,,,,,,,,,,,,68.27,45.51,,,,,0.0,0.0,2.0
20260304,301222.SZ,,,,,,,,,,,,,38.22,25.48,,,,,0.0,0.0,2.0
20260304,301223.SZ,,,,,,,,,,,,,23.53,15.69,,,,,0.0,0.0,2.0
20260304,301225.SZ,,,,,,,,,,,,,154.9,103.26,,,,,0.0,0.0,2.0
20260304,301226.SZ,,,,,,,,,,,,,51.44,34.3,,,,,0.0,0.0,2.0
20260304,301227.SZ,,,,,,,,,,,,,41.51,27.67,,,,,0.0,0.0,2.0
20260304,301228.SZ,,,,,,,,,,,,,50.52,33.68,,,,,0.0,0.0,2.0
20260304,301229.SZ,,,,,,,,,,,,,22.62,15.08,,,,,0.0,0.0,2.0
20260304,301230.SZ,,,,,,,,,,,,,47.23,31.49,,,,,0.0,0.0,2.0
20260304,301231.SZ,,,,,,,,,,,,,41.68,27.78,,,,,0.0,0.0,2.0
20260304,301232.SZ,,,,,,,,,,,,,226.08,150.72,,,,,0.0,0.0,2.0
20260304,301233.SZ,,,,,,,,,,,,,61.72,41.14,,,,,0.0,0.0,2.0
20260304,301234.SZ,,,,,,,,,,,,,47.47,31.65,,,,,0.0,0.0,2.0
20260304,301235.SZ,,,,,,,,,,,,,57.96,38.64,,,,,0.0,0.0,2.0
20260304,301236.SZ,,,,,,,,,,,,,55.5,37.0,,,,,0.0,0.0,2.0
20260304,301237.SZ,,,,,,,,,,,,,70.4,46.94,,,,,0.0,0.0,2.0
20260304,301238.SZ,,,,,,,,,,,,,23.86,15.9,,,,,0.0,0.0,2.0
20260304,301239.SZ,,,,,,,,,,,,,37.48,24.98,,,,,0.0,0.0,2.0
20260304,301246.SZ,,,,,,,,,,,,,23.95,15.97,,,,,0.0,0.0,2.0
20260304,301248.SZ,,,,,,,,,,,,,63.0,42.0,,,,,0.0,0.0,2.0
20260304,301251.SZ,,,,,,,,,,,,,77.64,51.76,,,,,0.0,0.0,2.0
20260304,301252.SZ,,,,,,,,,,,,,45.54,30.36,,,,,0.0,0.0,2.0
20260304,301255.SZ,,,,,,,,,,,,,31.22,20.82,,,,,0.0,0.0,2.0
20260304,301256.SZ,,,,,,,,,,,,,17.65,11.77,,,,,0.0,0.0,2.0
20260304,301257.SZ,,,,,,,,,,,,,76.78,51.18,,,,,0.0,0.0,2.0
20260304,301258.SZ,,,,,,,,,,,,,39.48,26.32,,,,,0.0,0.0,2.0
20260304,301259.SZ,,,,,,,,,,,,,40.69,27.13,,,,,0.0,0.0,2.0
20260304,301260.SZ,,,,,,,,,,,,,19.14,12.76,,,,,0.0,0.0,2.0
20260304,301261.SZ,,,,,,,,,,,,,97.22,64.82,,,,,0.0,0.0,2.0
20260304,301262.SZ,,,,,,,,,,,,,29.7,19.8,,,,,0.0,0.0,2.0
20260304,301263.SZ,,,,,,,,,,,,,35.38,23.58,,,,,0.0,0.0,2.0
20260304,301265.SZ,,,,,,,,,,,,,18.94,12.62,,,,,0.0,0.0,2.0
20260304,301266.SZ,,,,,,,,,,,,,57.16,38.1,,,,,0.0,0.0,2.0
20260304,301267.SZ,,,,,,,,,,,,,21.25,14.17,,,,,0.0,0.0,2.0
20260304,301268.SZ,,,,,,,,,,,,,28.38,18.92,,,,,0.0,0.0,2.0
20260304,301269.SZ,,,,,,,,,,,,,112.8,75.2,,,,,0.0,0.0,2.0
20260304,301270.SZ,,,,,,,,,,,,,44.62,29.74,,,,,0.0,0.0,2.0
20260304,301272.SZ,,,,,,,,,,,,,49.92,33.28,,,,,0.0,0.0,2.0
20260304,301273.SZ,,,,,,,,,,,,,37.02,24.68,,,,,0.0,0.0,2.0
20260304,301275.SZ,,,,,,,,,,,,,61.8,41.2,,,,,0.0,0.0,2.0
20260304,301276.SZ,,,,,,,,,,,,,30.24,20.16,,,,,0.0,0.0,2.0
20260304,301277.SZ,,,,,,,,,,,,,14.4,9.6,,,,,0.0,0.0,2.0
20260304,301278.SZ,,,,,,,,,,,,,48.95,32.63,,,,,0.0,0.0,2.0
20260304,301279.SZ,,,,,,,,,,,,,35.06,23.38,,,,,0.0,0.0,2.0
20260304,301280.SZ,,,,,,,,,,,,,65.99,43.99,,,,,0.0,0.0,2.0
20260304,301281.SZ,,,,,,,,,,,,,49.75,33.17,,,,,0.0,0.0,2.0
20260304,301282.SZ,,,,,,,,,,,,,34.8,23.2,,,,,0.0,0.0,2.0
20260304,301283.SZ,,,,,,,,,,,,,56.23,37.49,,,,,0.0,0.0,2.0
20260304,301285.SZ,,,,,,,,,,,,,96.94,64.62,,,,,0.0,0.0,2.0
20260304,301286.SZ,,,,,,,,,,,,,71.15,47.43,,,,,0.0,0.0,2.0
20260304,301287.SZ,,,,,,,,,,,,,51.46,34.3,,,,,0.0,0.0,2.0
20260304,301288.SZ,,,,,,,,,,,,,23.41,15.61,,,,,0.0,0.0,2.0
20260304,301289.SZ,,,,,,,,,,,,,66.98,44.66,,,,,0.0,0.0,2.0
20260304,301290.SZ,,,,,,,,,,,,,32.7,21.8,,,,,0.0,0.0,2.0
20260304,301291.SZ,,,,,,,,,,,,,66.96,44.64,,,,,0.0,0.0,2.0
20260304,301292.SZ,,,,,,,,,,,,,65.28,43.52,,,,,0.0,0.0,2.0
20260304,301293.SZ,,,,,,,,,,,,,84.84,56.56,,,,,0.0,0.0,2.0
20260304,301295.SZ,,,,,,,,,,,,,38.36,25.58,,,,,0.0,0.0,2.0
20260304,301296.SZ,,,,,,,,,,,,,9.95,6.63,,,,,0.0,0.0,2.0
20260304,301297.SZ,,,,,,,,,,,,,43.27,28.85,,,,,0.0,0.0,2.0
20260304,301298.SZ,,,,,,,,,,,,,19.63,13.09,,,,,0.0,0.0,2.0
20260304,301299.SZ,,,,,,,,,,,,,74.1,49.4,,,,,0.0,0.0,2.0
20260304,301300.SZ,,,,,,,,,,,,,54.73,36.49,,,,,0.0,0.0,2.0
20260304,301301.SZ,,,,,,,,,,,,,12.98,8.66,,,,,0.0,0.0,2.0
20260304,301302.SZ,,,,,,,,,,,,,42.79,28.53,,,,,0.0,0.0,2.0
20260304,301303.SZ,,,,,,,,,,,,,19.06,12.7,,,,,0.0,0.0,2.0
20260304,301305.SZ,,,,,,,,,,,,,33.48,22.32,,,,,0.0,0.0,2.0
20260304,301306.SZ,,,,,,,,,,,,,120.26,80.18,,,,,0.0,0.0,2.0
20260304,301307.SZ,,,,,,,,,,,,,40.04,26.7,,,,,0.0,0.0,2.0
20260304,301308.SZ,,,,,,,,,,,,,315.48,210.32,,,,,0.0,0.0,2.0
20260304,301309.SZ,,,,,,,,,,,,,35.35,23.57,,,,,0.0,0.0,2.0
20260304,301310.SZ,,,,,,,,,,,,,44.71,29.81,,,,,0.0,0.0,2.0
20260304,301311.SZ,,,,,,,,,,,,,22.33,14.89,,,,,0.0,0.0,2.0
20260304,301312.SZ,,,,,,,,,,,,,103.68,69.12,,,,,0.0,0.0,2.0
20260304,301313.SZ,,,,,,,,,,,,,36.24,24.16,,,,,0.0,0.0,2.0
20260304,301314.SZ,,,,,,,,,,,,,56.8,37.86,,,,,0.0,0.0,2.0
20260304,301315.SZ,,,,,,,,,,,,,64.06,42.7,,,,,0.0,0.0,2.0
20260304,301316.SZ,,,,,,,,,,,,,53.28,35.52,,,,,0.0,0.0,2.0
20260304,301317.SZ,,,,,,,,,,,,,62.41,41.61,,,,,0.0,0.0,2.0
20260304,301318.SZ,,,,,,,,,,,,,33.9,22.6,,,,,0.0,0.0,2.0
20260304,301319.SZ,,,,,,,,,,,,,55.8,37.2,,,,,0.0,0.0,2.0
20260304,301320.SZ,,,,,,,,,,,,,20.51,13.67,,,,,0.0,0.0,2.0
20260304,301321.SZ,,,,,,,,,,,,,24.26,16.18,,,,,0.0,0.0,2.0
20260304,301322.SZ,,,,,,,,,,,,,38.62,25.74,,,,,0.0,0.0,2.0
20260304,301323.SZ,,,,,,,,,,,,,68.64,45.76,,,,,0.0,0.0,2.0
20260304,301325.SZ,,,,,,,,,,,,,62.7,41.8,,,,,0.0,0.0,2.0
20260304,301326.SZ,,,,,,,,,,,,,165.6,110.4,,,,,0.0,0.0,2.0
20260304,301327.SZ,,,,,,,,,,,,,70.34,46.9,,,,,0.0,0.0,2.0
20260304,301328.SZ,,,,,,,,,,,,,62.28,41.52,,,,,0.0,0.0,2.0
20260304,301329.SZ,,,,,,,,,,,,,27.82,18.54,,,,,0.0,0.0,2.0
20260304,301330.SZ,,,,,,,,,,,,,42.8,28.54,,,,,0.0,0.0,2.0
20260304,301331.SZ,,,,,,,,,,,,,32.5,21.66,,,,,0.0,0.0,2.0
20260304,301332.SZ,,,,,,,,,,,,,11.18,7.46,,,,,0.0,0.0,2.0
20260304,301333.SZ,,,,,,,,,,,,,80.72,53.82,,,,,0.0,0.0,2.0
20260304,301335.SZ,,,,,,,,,,,,,32.8,21.86,,,,,0.0,0.0,2.0
20260304,301336.SZ,,,,,,,,,,,,,65.8,43.86,,,,,0.0,0.0,2.0
20260304,301337.SZ,,,,,,,,,,,,,35.12,23.42,,,,,0.0,0.0,2.0
20260304,301338.SZ,,,,,,,,,,,,,206.77,137.85,,,,,0.0,0.0,2.0
20260304,301339.SZ,,,,,,,,,,,,,16.55,11.03,,,,,0.0,0.0,2.0
20260304,301345.SZ,,,,,,,,,,,,,244.54,163.02,,,,,0.0,0.0,2.0
20260304,301348.SZ,,,,,,,,,,,,,31.06,20.7,,,,,0.0,0.0,2.0
20260304,301349.SZ,,,,,,,,,,,,,52.91,35.27,,,,,0.0,0.0,2.0
20260304,301353.SZ,,,,,,,,,,,,,33.8,22.54,,,,,0.0,0.0,2.0
20260304,301355.SZ,,,,,,,,,,,,,14.98,9.98,,,,,0.0,0.0,2.0
20260304,301356.SZ,,,,,,,,,,,,,28.58,19.06,,,,,0.0,0.0,2.0
20260304,301357.SZ,,,,,,,,,,,,,168.91,112.61,,,,,0.0,0.0,2.0
20260304,301358.SZ,,,,,,,,,,,,,80.38,53.58,,,,,0.0,0.0,2.0
20260304,301359.SZ,,,,,,,,,,,,,24.65,16.43,,,,,0.0,0.0,2.0
20260304,301360.SZ,,,,,,,,,,,,,98.06,65.38,,,,,0.0,0.0,2.0
20260304,301361.SZ,,,,,,,,,,,,,46.0,30.66,,,,,0.0,0.0,2.0
20260304,301362.SZ,,,,,,,,,,,,,136.63,91.09,,,,,0.0,0.0,2.0
20260304,301363.SZ,,,,,,,,,,,,,34.15,22.77,,,,,0.0,0.0,2.0
20260304,301365.SZ,,,,,,,,,,,,,29.41,19.61,,,,,0.0,0.0,2.0
20260304,301366.SZ,,,,,,,,,,,,,41.27,27.51,,,,,0.0,0.0,2.0
20260304,301367.SZ,,,,,,,,,,,,,88.37,58.91,,,,,0.0,0.0,2.0
20260304,301368.SZ,,,,,,,,,,,,,67.52,45.02,,,,,0.0,0.0,2.0
20260304,301369.SZ,,,,,,,,,,,,,151.56,101.04,,,,,0.0,0.0,2.0
20260304,301370.SZ,,,,,,,,,,,,,13.22,8.82,,,,,0.0,0.0,2.0
20260304,301371.SZ,,,,,,,,,,,,,28.26,18.84,,,,,0.0,0.0,2.0
20260304,301372.SZ,,,,,,,,,,,,,32.33,21.55,,,,,0.0,0.0,2.0
20260304,301373.SZ,,U,0.0,99615342.0,99615342.0,100121.0,100121.0,,,,,,49.61,33.07,0.0,,,0.0,1.0,0.0,2.1231370040335644
20260304,301376.SZ,,,,,,,,,,,,,21.22,14.14,,,,,0.0,0.0,2.0
20260304,301377.SZ,,,,,,,,,,,,,231.42,154.28,,,,,0.0,0.0,2.0
20260304,301378.SZ,,,,,,,,,,,,,41.06,27.38,,,,,0.0,0.0,2.0
20260304,301379.SZ,,,,,,,,,,,,,31.33,20.89,,,,,0.0,0.0,2.0
20260304,301380.SZ,,,,,,,,,,,,,40.28,26.86,,,,,0.0,0.0,2.0
20260304,301381.SZ,,,,,,,,,,,,,24.04,16.02,,,,,0.0,0.0,2.0
20260304,301382.SZ,,,,,,,,,,,,,40.58,27.06,,,,,0.0,0.0,2.0
20260304,301383.SZ,,,,,,,,,,,,,40.19,26.79,,,,,0.0,0.0,2.0
20260304,301386.SZ,,,,,,,,,,,,,31.58,21.06,,,,,0.0,0.0,2.0
20260304,301387.SZ,,,,,,,,,,,,,67.33,44.89,,,,,0.0,0.0,2.0
20260304,301388.SZ,,,,,,,,,,,,,43.22,28.82,,,,,0.0,0.0,2.0
20260304,301389.SZ,,,,,,,,,,,,,65.41,43.61,,,,,0.0,0.0,2.0
20260304,301390.SZ,,,,,,,,,,,,,46.37,30.91,,,,,0.0,0.0,2.0
20260304,301391.SZ,,,,,,,,,,,,,96.48,64.32,,,,,0.0,0.0,2.0
20260304,301392.SZ,,,,,,,,,,,,,124.75,83.17,,,,,0.0,0.0,2.0
20260304,301393.SZ,,,,,,,,,,,,,57.19,38.13,,,,,0.0,0.0,2.0
20260304,301395.SZ,,,,,,,,,,,,,18.12,12.08,,,,,0.0,0.0,2.0
20260304,301396.SZ,,,,,,,,,,,,,120.0,80.0,,,,,0.0,0.0,2.0
20260304,301397.SZ,,,,,,,,,,,,,36.36,24.24,,,,,0.0,0.0,2.0
20260304,301398.SZ,,,,,,,,,,,,,71.17,47.45,,,,,0.0,0.0,2.0
20260304,301399.SZ,,,,,,,,,,,,,23.74,15.82,,,,,0.0,0.0,2.0
20260304,301408.SZ,,,,,,,,,,,,,21.82,14.54,,,,,0.0,0.0,2.0
20260304,301413.SZ,,,,,,,,,,,,,157.5,105.0,,,,,0.0,0.0,2.0
20260304,301418.SZ,,,,,,,,,,,,,45.64,30.42,,,,,0.0,0.0,2.0
20260304,301419.SZ,,,,,,,,,,,,,41.94,27.96,,,,,0.0,0.0,2.0
20260304,301421.SZ,,,,,,,,,,,,,107.96,71.98,,,,,0.0,0.0,2.0
20260304,301428.SZ,,,,,,,,,,,,,38.44,25.62,,,,,0.0,0.0,2.0
20260304,301429.SZ,,,,,,,,,,,,,24.72,16.48,,,,,0.0,0.0,2.0
20260304,301439.SZ,,,,,,,,,,,,,19.94,13.3,,,,,0.0,0.0,2.0
20260304,301446.SZ,,,,,,,,,,,,,49.9,33.26,,,,,0.0,0.0,2.0
20260304,301448.SZ,,,,,,,,,,,,,50.48,33.66,,,,,0.0,0.0,2.0
20260304,301449.SZ,,,,,,,,,,,,,87.74,58.5,,,,,0.0,0.0,2.0
20260304,301456.SZ,,,,,,,,,,,,,34.63,23.09,,,,,0.0,0.0,2.0
20260304,301458.SZ,,,,,,,,,,,,,44.94,29.96,,,,,0.0,0.0,2.0
20260304,301459.SZ,,,,,,,,,,,,,47.1,31.4,,,,,0.0,0.0,2.0
20260304,301468.SZ,,,,,,,,,,,,,80.76,53.84,,,,,0.0,0.0,2.0
20260304,301469.SZ,,,,,,,,,,,,,42.25,28.17,,,,,0.0,0.0,2.0
20260304,301479.SZ,,,,,,,,,,,,,103.42,68.94,,,,,0.0,0.0,2.0
20260304,301486.SZ,,,,,,,,,,,,,227.16,151.44,,,,,0.0,0.0,2.0
20260304,301487.SZ,,,,,,,,,,,,,27.78,18.52,,,,,0.0,0.0,2.0
20260304,301488.SZ,,,,,,,,,,,,,166.21,110.81,,,,,0.0,0.0,2.0
20260304,301489.SZ,,,,,,,,,,,,,242.45,161.63,,,,,0.0,0.0,2.0
20260304,301491.SZ,,,,,,,,,,,,,66.83,44.55,,,,,0.0,0.0,2.0
20260304,301498.SZ,,,,,,,,,,,,,71.11,47.41,,,,,0.0,0.0,2.0
20260304,301499.SZ,,,,,,,,,,,,,37.58,25.06,,,,,0.0,0.0,2.0
20260304,301500.SZ,,,,,,,,,,,,,30.85,20.57,,,,,0.0,0.0,2.0
20260304,301501.SZ,,,,,,,,,,,,,48.16,32.1,,,,,0.0,0.0,2.0
20260304,301502.SZ,,,,,,,,,,,,,53.71,35.81,,,,,0.0,0.0,2.0
20260304,301503.SZ,,,,,,,,,,,,,44.16,29.44,,,,,0.0,0.0,2.0
20260304,301505.SZ,,,,,,,,,,,,,29.27,19.51,,,,,0.0,0.0,2.0
20260304,301507.SZ,,,,,,,,,,,,,17.46,11.64,,,,,0.0,0.0,2.0
20260304,301508.SZ,,,,,,,,,,,,,38.32,25.54,,,,,0.0,0.0,2.0
20260304,301509.SZ,,,,,,,,,,,,,42.62,28.42,,,,,0.0,0.0,2.0
20260304,301510.SZ,,,,,,,,,,,,,40.42,26.94,,,,,0.0,0.0,2.0
20260304,301511.SZ,,,,,,,,,,,,,44.94,29.96,,,,,0.0,0.0,2.0
20260304,301512.SZ,,,,,,,,,,,,,58.81,39.21,,,,,0.0,0.0,2.0
20260304,301515.SZ,,,,,,,,,,,,,29.18,19.46,,,,,0.0,0.0,2.0
20260304,301516.SZ,,,,,,,,,,,,,19.39,12.93,,,,,0.0,0.0,2.0
20260304,301517.SZ,,,,,,,,,,,,,71.08,47.38,,,,,0.0,0.0,2.0
20260304,301518.SZ,,,,,,,,,,,,,54.13,36.09,,,,,0.0,0.0,2.0
20260304,301519.SZ,,,,,,,,,,,,,17.5,11.66,,,,,0.0,0.0,2.0
20260304,301520.SZ,,,,,,,,,,,,,50.46,33.64,,,,,0.0,0.0,2.0
20260304,301522.SZ,,,,,,,,,,,,,45.84,30.56,,,,,0.0,0.0,2.0
20260304,301525.SZ,,,,,,,,,,,,,102.52,68.34,,,,,0.0,0.0,2.0
20260304,301526.SZ,,,,,,,,,,,,,15.37,10.25,,,,,0.0,0.0,2.0
20260304,301528.SZ,,,,,,,,,,,,,75.88,50.58,,,,,0.0,0.0,2.0
20260304,301529.SZ,,,,,,,,,,,,,140.82,93.88,,,,,0.0,0.0,2.0
20260304,301533.SZ,,,,,,,,,,,,,41.06,27.38,,,,,0.0,0.0,2.0
20260304,301535.SZ,,,,,,,,,,,,,31.78,21.18,,,,,0.0,0.0,2.0
20260304,301536.SZ,,,,,,,,,,,,,91.57,61.05,,,,,0.0,0.0,2.0
20260304,301538.SZ,,,,,,,,,,,,,94.06,62.7,,,,,0.0,0.0,2.0
20260304,301539.SZ,,,,,,,,,,,,,23.98,15.98,,,,,0.0,0.0,2.0
20260304,301548.SZ,,,,,,,,,,,,,97.69,65.13,,,,,0.0,0.0,2.0
20260304,301550.SZ,,,,,,,,,,,,,179.88,119.92,,,,,0.0,0.0,2.0
20260304,301551.SZ,,,,,,,,,,,,,38.92,25.94,,,,,0.0,0.0,2.0
20260304,301552.SZ,,,,,,,,,,,,,46.22,30.82,,,,,0.0,0.0,2.0
20260304,301555.SZ,,,,,,,,,,,,,41.94,27.96,,,,,0.0,0.0,2.0
20260304,301556.SZ,,,,,,,,,,,,,117.53,78.35,,,,,0.0,0.0,2.0
20260304,301557.SZ,,,,,,,,,,,,,110.87,73.91,,,,,0.0,0.0,2.0
20260304,301558.SZ,,,,,,,,,,,,,9.89,6.59,,,,,0.0,0.0,2.0
20260304,301559.SZ,,,,,,,,,,,,,21.91,14.61,,,,,0.0,0.0,2.0
20260304,301560.SZ,,,,,,,,,,,,,46.38,30.92,,,,,0.0,0.0,2.0
20260304,301563.SZ,,,,,,,,,,,,,174.48,116.32,,,,,0.0,0.0,2.0
20260304,301565.SZ,,,,,,,,,,,,,30.52,20.34,,,,,0.0,0.0,2.0
20260304,301566.SZ,,,,,,,,,,,,,28.39,18.93,,,,,0.0,0.0,2.0
20260304,301567.SZ,,,,,,,,,,,,,56.95,37.97,,,,,0.0,0.0,2.0
20260304,301568.SZ,,,,,,,,,,,,,65.28,43.52,,,,,0.0,0.0,2.0
20260304,301571.SZ,,,,,,,,,,,,,71.68,47.78,,,,,0.0,0.0,2.0
20260304,301575.SZ,,,,,,,,,,,,,57.17,38.11,,,,,0.0,0.0,2.0
20260304,301577.SZ,,,,,,,,,,,,,80.18,53.46,,,,,0.0,0.0,2.0
20260304,301578.SZ,,,,,,,,,,,,,41.45,27.63,,,,,0.0,0.0,2.0
20260304,301580.SZ,,,,,,,,,,,,,102.48,68.32,,,,,0.0,0.0,2.0
20260304,301581.SZ,,,,,,,,,,,,,58.92,39.28,,,,,0.0,0.0,2.0
20260304,301584.SZ,,,,,,,,,,,,,32.7,21.8,,,,,0.0,0.0,2.0
20260304,301585.SZ,,,,,,,,,,,,,35.74,23.82,,,,,0.0,0.0,2.0
20260304,301586.SZ,,,,,,,,,,,,,61.93,41.29,,,,,0.0,0.0,2.0
20260304,301587.SZ,,,,,,,,,,,,,27.74,18.5,,,,,0.0,0.0,2.0
20260304,301588.SZ,,,,,,,,,,,,,30.18,20.12,,,,,0.0,0.0,2.0
20260304,301589.SZ,,,,,,,,,,,,,206.22,137.48,,,,,0.0,0.0,2.0
20260304,301590.SZ,,,,,,,,,,,,,220.2,146.8,,,,,0.0,0.0,2.0
20260304,301591.SZ,,,,,,,,,,,,,54.02,36.02,,,,,0.0,0.0,2.0
20260304,301592.SZ,,,,,,,,,,,,,147.36,98.24,,,,,0.0,0.0,2.0
20260304,301595.SZ,,,,,,,,,,,,,72.42,48.28,,,,,0.0,0.0,2.0
20260304,301596.SZ,,,,,,,,,,,,,82.24,54.82,,,,,0.0,0.0,2.0
20260304,301598.SZ,,,,,,,,,,,,,77.77,51.85,,,,,0.0,0.0,2.0
20260304,301600.SZ,,,,,,,,,,,,,142.93,95.29,,,,,0.0,0.0,2.0
20260304,301601.SZ,,,,,,,,,,,,,33.14,22.1,,,,,0.0,0.0,2.0
20260304,301602.SZ,,,,,,,,,,,,,24.9,16.6,,,,,0.0,0.0,2.0
20260304,301603.SZ,,,,,,,,,,,,,83.46,55.64,,,,,0.0,0.0,2.0
20260304,301606.SZ,,,,,,,,,,,,,83.78,55.86,,,,,0.0,0.0,2.0
20260304,301607.SZ,,,,,,,,,,,,,56.41,37.61,,,,,0.0,0.0,2.0
20260304,301608.SZ,,,,,,,,,,,,,103.74,69.16,,,,,0.0,0.0,2.0
20260304,301609.SZ,,,,,,,,,,,,,59.45,39.63,,,,,0.0,0.0,2.0
20260304,301611.SZ,,,,,,,,,,,,,141.4,94.26,,,,,0.0,0.0,2.0
20260304,301613.SZ,,,,,,,,,,,,,64.2,42.8,,,,,0.0,0.0,2.0
20260304,301616.SZ,,,,,,,,,,,,,59.62,39.74,,,,,0.0,0.0,2.0
20260304,301617.SZ,,,,,,,,,,,,,79.99,53.33,,,,,0.0,0.0,2.0
20260304,301618.SZ,,,,,,,,,,,,,58.6,39.06,,,,,0.0,0.0,2.0
20260304,301622.SZ,,,,,,,,,,,,,80.16,53.44,,,,,0.0,0.0,2.0
20260304,301626.SZ,,,,,,,,,,,,,289.06,192.7,,,,,0.0,0.0,2.0
20260304,301628.SZ,,,,,,,,,,,,,130.33,86.89,,,,,0.0,0.0,2.0
20260304,301629.SZ,,,,,,,,,,,,,345.05,230.03,,,,,0.0,0.0,2.0
20260304,301630.SZ,,,,,,,,,,,,,242.89,161.93,,,,,0.0,0.0,2.0
20260304,301631.SZ,,,,,,,,,,,,,114.65,76.43,,,,,0.0,0.0,2.0
20260304,301632.SZ,,,,,,,,,,,,,27.18,18.12,,,,,0.0,0.0,2.0
20260304,301633.SZ,,,,,,,,,,,,,77.8,51.86,,,,,0.0,0.0,2.0
20260304,301636.SZ,,,,,,,,,,,,,100.98,67.32,,,,,0.0,0.0,2.0
20260304,301638.SZ,,,,,,,,,,,,,27.97,18.65,,,,,0.0,0.0,2.0
20260304,301656.SZ,,,,,,,,,,,,,29.74,19.82,,,,,0.0,0.0,2.0
20260304,301658.SZ,,,,,,,,,,,,,43.31,28.87,,,,,0.0,0.0,2.0
20260304,301662.SZ,,,,,,,,,,,,,222.34,148.22,,,,,0.0,0.0,2.0
20260304,301665.SZ,,,,,,,,,,,,,35.51,23.67,,,,,0.0,0.0,2.0
20260304,301667.SZ,,,,,,,,,,,,,74.15,49.43,,,,,0.0,0.0,2.0
20260304,301668.SZ,,,,,,,,,,,,,63.08,42.06,,,,,0.0,0.0,2.0
20260304,301678.SZ,,,,,,,,,,,,,81.4,54.26,,,,,0.0,0.0,2.0
20260304,301687.SZ,,,,,,,,,,,,,69.48,46.32,,,,,0.0,0.0,2.0
20260304,302132.SZ,,,,,,,,,,,,,93.86,62.58,,,,,0.0,0.0,2.0
20260304,600000.SH,,,,,,,,,,,,,10.7,8.76,,,,,0.0,0.0,2.0
20260304,600004.SH,,,,,,,,,,,,,10.05,8.23,,,,,0.0,0.0,2.0
20260304,600006.SH,,,,,,,,,,,,,7.36,6.02,,,,,0.0,0.0,2.0
20260304,600007.SH,,,,,,,,,,,,,22.04,18.04,,,,,0.0,0.0,2.0
20260304,600008.SH,,,,,,,,,,,,,3.47,2.84,,,,,0.0,0.0,2.0
20260304,600009.SH,,,,,,,,,,,,,32.91,26.93,,,,,0.0,0.0,2.0
20260304,600010.SH,,,,,,,,,,,,,3.31,2.71,,,,,0.0,0.0,2.0
20260304,600011.SH,,,,,,,,,,,,,8.17,6.69,,,,,0.0,0.0,2.0
20260304,600012.SH,,,,,,,,,,,,,16.12,13.19,,,,,0.0,0.0,2.0
20260304,600015.SH,,,,,,,,,,,,,7.47,6.11,,,,,0.0,0.0,2.0
20260304,600016.SH,,,,,,,,,,,,,4.31,3.53,,,,,0.0,0.0,2.0
20260304,600017.SH,,,,,,,,,,,,,3.55,2.91,,,,,0.0,0.0,2.0
20260304,600018.SH,,,,,,,,,,,,,5.71,4.67,,,,,0.0,0.0,2.0
20260304,600019.SH,,,,,,,,,,,,,7.9,6.46,,,,,0.0,0.0,2.0
20260304,600020.SH,,,,,,,,,,,,,4.55,3.73,,,,,0.0,0.0,2.0
20260304,600021.SH,,,,,,,,,,,,,23.06,18.86,,,,,0.0,0.0,2.0
20260304,600022.SH,,,,,,,,,,,,,1.88,1.54,,,,,0.0,0.0,2.0
20260304,600023.SH,,,,,,,,,,,,,5.94,4.86,,,,,0.0,0.0,2.0
20260304,600025.SH,,,,,,,,,,,,,10.79,8.83,,,,,0.0,0.0,2.0
20260304,600026.SH,,,,,,,,,,,,,27.39,22.41,,,,,0.0,0.0,2.0
20260304,600027.SH,,,,,,,,,,,,,5.68,4.64,,,,,0.0,0.0,2.0
20260304,600028.SH,,,,,,,,,,,,,8.6,7.04,,,,,0.0,0.0,2.0
20260304,600029.SH,,,,,,,,,,,,,7.46,6.1,,,,,0.0,0.0,2.0
20260304,600030.SH,,,,,,,,,,,,,29.48,24.12,,,,,0.0,0.0,2.0
20260304,600031.SH,,,,,,,,,,,,,24.41,19.97,,,,,0.0,0.0,2.0
20260304,600032.SH,,,,,,,,,,,,,9.14,7.48,,,,,0.0,0.0,2.0
20260304,600033.SH,,,,,,,,,,,,,4.18,3.42,,,,,0.0,0.0,2.0
20260304,600035.SH,,,,,,,,,,,,,4.41,3.61,,,,,0.0,0.0,2.0
20260304,600036.SH,,,,,,,,,,,,,43.1,35.26,,,,,0.0,0.0,2.0
20260304,600037.SH,,,,,,,,,,,,,8.35,6.83,,,,,0.0,0.0,2.0
20260304,600038.SH,,,,,,,,,,,,,40.78,33.36,,,,,0.0,0.0,2.0
20260304,600039.SH,,,,,,,,,,,,,11.08,9.06,,,,,0.0,0.0,2.0
20260304,600048.SH,,,,,,,,,,,,,7.35,6.01,,,,,0.0,0.0,2.0
20260304,600050.SH,,,,,,,,,,,,,5.38,4.4,,,,,0.0,0.0,2.0
20260304,600051.SH,,,,,,,,,,,,,8.69,7.11,,,,,0.0,0.0,2.0
20260304,600052.SH,,,,,,,,,,,,,4.69,3.83,,,,,0.0,0.0,2.0
20260304,600053.SH,,,,,,,,,,,,,19.06,15.6,,,,,0.0,0.0,2.0
20260304,600054.SH,,,,,,,,,,,,,13.68,11.2,,,,,0.0,0.0,2.0
20260304,600055.SH,,,,,,,,,,,,,16.15,13.21,,,,,0.0,0.0,2.0
20260304,600056.SH,,,,,,,,,,,,,11.59,9.49,,,,,0.0,0.0,2.0
20260304,600057.SH,,,,,,,,,,,,,9.43,7.71,,,,,0.0,0.0,2.0
20260304,600058.SH,,,,,,,,,,,,,13.92,11.39,,,,,0.0,0.0,2.0
20260304,600059.SH,,,,,,,,,,,,,10.41,8.51,,,,,0.0,0.0,2.0
20260304,600060.SH,,,,,,,,,,,,,24.53,20.07,,,,,0.0,0.0,2.0
20260304,600061.SH,,,,,,,,,,,,,8.1,6.62,,,,,0.0,0.0,2.0
20260304,600062.SH,,,,,,,,,,,,,19.95,16.33,,,,,0.0,0.0,2.0
20260304,600063.SH,,,,,,,,,,,,,7.7,6.3,,,,,0.0,0.0,2.0
20260304,600064.SH,,,,,,,,,,,,,9.61,7.87,,,,,0.0,0.0,2.0
20260304,600066.SH,,,,,,,,,,,,,32.57,26.65,,,,,0.0,0.0,2.0
20260304,600067.SH,,,,,,,,,,,,,4.44,3.64,,,,,0.0,0.0,2.0
20260304,600071.SH,,,,,,,,,,,,,22.08,18.06,,,,,0.0,0.0,2.0
20260304,600072.SH,,,,,,,,,,,,,14.14,11.57,,,,,0.0,0.0,2.0
20260304,600073.SH,,,,,,,,,,,,,7.32,5.99,,,,,0.0,0.0,2.0
20260304,600075.SH,,,,,,,,,,,,,7.32,5.99,,,,,0.0,0.0,2.0
20260304,600076.SH,,,,,,,,,,,,,3.97,3.25,,,,,0.0,0.0,2.0
20260304,600078.SH,,,,,,,,,,,,,13.41,10.97,,,,,0.0,0.0,2.0
20260304,600079.SH,,,,,,,,,,,,,20.46,18.52,,,,,0.0,0.0,2.0
20260304,600080.SH,,,,,,,,,,,,,9.38,7.68,,,,,0.0,0.0,2.0
20260304,600081.SH,,,,,,,,,,,,,12.43,10.17,,,,,0.0,0.0,2.0
20260304,600082.SH,,,,,,,,,,,,,3.92,3.2,,,,,0.0,0.0,2.0
20260304,600084.SH,,,,,,,,,,,,,7.58,6.2,,,,,0.0,0.0,2.0
20260304,600085.SH,,,,,,,,,,,,,33.42,27.34,,,,,0.0,0.0,2.0
20260304,600088.SH,,,,,,,,,,,,,16.74,13.7,,,,,0.0,0.0,2.0
20260304,600089.SH,,,,,,,,,,,,,32.65,26.71,,,,,0.0,0.0,2.0
20260304,600094.SH,,,,,,,,,,,,,5.04,4.12,,,,,0.0,0.0,2.0
20260304,600095.SH,,,,,,,,,,,,,11.34,9.28,,,,,0.0,0.0,2.0
20260304,600096.SH,,,,,,,,,,,,,45.3,37.06,,,,,0.0,0.0,2.0
20260304,600097.SH,,,,,,,,,,,,,12.86,10.52,,,,,0.0,0.0,2.0
20260304,600098.SH,,,,,,,,,,,,,8.44,6.9,,,,,0.0,0.0,2.0
20260304,600099.SH,,,,,,,,,,,,,11.91,9.75,,,,,0.0,0.0,2.0
20260304,600100.SH,,,,,,,,,,,,,9.5,7.78,,,,,0.0,0.0,2.0
20260304,600101.SH,,,,,,,,,,,,,12.14,9.94,,,,,0.0,0.0,2.0
20260304,600103.SH,,,,,,,,,,,,,4.05,3.31,,,,,0.0,0.0,2.0
20260304,600104.SH,,,,,,,,,,,,,15.49,12.67,,,,,0.0,0.0,2.0
20260304,600105.SH,,,,,,,,,,,,,30.27,24.77,,,,,0.0,0.0,2.0
20260304,600106.SH,,,,,,,,,,,,,6.61,5.41,,,,,0.0,0.0,2.0
20260304,600107.SH,,,,,,,,,,,,,6.05,5.47,,,,,0.0,0.0,2.0
20260304,600108.SH,,U,1.0,96367501.0,96367501.0,95902.0,95932.0,,,,,,5.29,4.33,1.0,10.0,2.0,0.0,1.0,0.0,1.8691222669229157
20260304,600109.SH,,,,,,,,,,,,,9.75,7.97,,,,,0.0,0.0,2.0
20260304,600110.SH,,,,,,,,,,,,,8.78,7.18,,,,,0.0,0.0,2.0
20260304,600111.SH,,,,,,,,,,,,,61.18,50.06,,,,,0.0,0.0,2.0
20260304,600113.SH,,,,,,,,,,,,,62.99,51.53,,,,,0.0,0.0,2.0
20260304,600114.SH,,,,,,,,,,,,,35.41,28.97,,,,,0.0,0.0,2.0
20260304,600115.SH,,,,,,,,,,,,,5.96,4.88,,,,,0.0,0.0,2.0
20260304,600116.SH,,,,,,,,,,,,,7.52,6.16,,,,,0.0,0.0,2.0
20260304,600117.SH,,,,,,,,,,,,,3.19,2.61,,,,,0.0,0.0,2.0
20260304,600118.SH,,,,,,,,,,,,,101.23,82.83,,,,,0.0,0.0,2.0
20260304,600119.SH,,,,,,,,,,,,,6.86,5.62,,,,,0.0,0.0,2.0
20260304,600120.SH,,,,,,,,,,,,,6.79,5.55,,,,,0.0,0.0,2.0
20260304,600121.SH,,,,,,,,,,,,,5.39,4.41,,,,,0.0,0.0,2.0
20260304,600123.SH,,,,,,,,,,,,,7.68,6.28,,,,,0.0,0.0,2.0
20260304,600125.SH,,,,,,,,,,,,,7.4,6.06,,,,,0.0,0.0,2.0
20260304,600126.SH,,,,,,,,,,,,,10.12,8.28,,,,,0.0,0.0,2.0
20260304,600127.SH,,,,,,,,,,,,,7.81,6.39,,,,,0.0,0.0,2.0
20260304,600128.SH,,,,,,,,,,,,,12.23,10.01,,,,,0.0,0.0,2.0
20260304,600129.SH,,,,,,,,,,,,,18.58,15.2,,,,,0.0,0.0,2.0
20260304,600130.SH,,,,,,,,,,,,,4.66,4.22,,,,,0.0,0.0,2.0
20260304,600131.SH,,,,,,,,,,,,,20.75,16.97,,,,,0.0,0.0,2.0
20260304,600132.SH,,,,,,,,,,,,,62.35,51.01,,,,,0.0,0.0,2.0
20260304,600133.SH,,,,,,,,,,,,,10.25,8.39,,,,,0.0,0.0,2.0
20260304,600135.SH,,,,,,,,,,,,,9.64,7.88,,,,,0.0,0.0,2.0
20260304,600136.SH,,,,,,,,,,,,,1.94,1.76,,,,,0.0,0.0,2.0
20260304,600137.SH,,,,,,,,,,,,,22.79,18.65,,,,,0.0,0.0,2.0
20260304,600138.SH,,,,,,,,,,,,,10.43,8.53,,,,,0.0,0.0,2.0
20260304,600141.SH,,,,,,,,,,,,,43.31,35.43,,,,,0.0,0.0,2.0
20260304,600143.SH,,,,,,,,,,,,,19.55,15.99,,,,,0.0,0.0,2.0
20260304,600148.SH,,,,,,,,,,,,,21.09,17.25,,,,,0.0,0.0,2.0
20260304,600149.SH,,U,0.0,71757544.0,71757544.0,144906.0,144906.0,,,,,,6.97,5.71,0.0,,,0.0,1.0,0.0,2.088701286444077
20260304,600150.SH,,,,,,,,,,,,,41.33,33.81,,,,,0.0,0.0,2.0
20260304,600151.SH,,,,,,,,,,,,,15.36,12.56,,,,,0.0,0.0,2.0
20260304,600152.SH,,,,,,,,,,,,,10.04,8.22,,,,,0.0,0.0,2.0
20260304,600153.SH,,,,,,,,,,,,,10.58,8.66,,,,,0.0,0.0,2.0
20260304,600155.SH,,,,,,,,,,,,,7.43,6.08,,,,,0.0,0.0,2.0
20260304,600156.SH,,,,,,,,,,,,,8.34,6.82,,,,,0.0,0.0,2.0
20260304,600157.SH,,,,,,,,,,,,,2.02,1.66,,,,,0.0,0.0,2.0
20260304,600158.SH,,,,,,,,,,,,,11.37,9.31,,,,,0.0,0.0,2.0
20260304,600159.SH,,,,,,,,,,,,,3.23,2.65,,,,,0.0,0.0,2.0
20260304,600160.SH,,,,,,,,,,,,,46.37,37.94,,,,,0.0,0.0,2.0
20260304,600161.SH,,,,,,,,,,,,,17.55,14.36,,,,,0.0,0.0,2.0
20260304,600162.SH,,,,,,,,,,,,,2.0,1.64,,,,,0.0,0.0,2.0
20260304,600163.SH,,,,,,,,,,,,,6.85,5.61,,,,,0.0,0.0,2.0
20260304,600165.SH,,,,,,,,,,,,,3.94,3.56,,,,,0.0,0.0,2.0
20260304,600166.SH,,,,,,,,,,,,,3.33,2.73,,,,,0.0,0.0,2.0
20260304,600167.SH,,,,,,,,,,,,,7.73,6.33,,,,,0.0,0.0,2.0
20260304,600168.SH,,,,,,,,,,,,,5.81,4.75,,,,,0.0,0.0,2.0
20260304,600169.SH,,,,,,,,,,,,,2.57,2.33,,,,,0.0,0.0,2.0
20260304,600170.SH,,,,,,,,,,,,,3.11,2.55,,,,,0.0,0.0,2.0
20260304,600171.SH,,,,,,,,,,,,,32.19,26.33,,,,,0.0,0.0,2.0
20260304,600172.SH,,,,,,,,,,,,,10.3,8.42,,,,,0.0,0.0,2.0
20260304,600173.SH,,,,,,,,,,,,,8.44,6.9,,,,,0.0,0.0,2.0
20260304,600176.SH,,,,,,,,,,,,,29.1,23.81,,,,,0.0,0.0,2.0
20260304,600177.SH,,,,,,,,,,,,,7.94,6.5,,,,,0.0,0.0,2.0
20260304,600178.SH,,,,,,,,,,,,,12.88,10.54,,,,,0.0,0.0,2.0
20260304,600179.SH,,,,,,,,,,,,,5.82,4.76,,,,,0.0,0.0,2.0
20260304,600180.SH,,,,,,,,,,,,,4.07,3.33,,,,,0.0,0.0,2.0
20260304,600182.SH,,,,,,,,,,,,,14.9,13.48,,,,,0.0,0.0,2.0
20260304,600183.SH,,,,,,,,,,,,,74.4,60.88,,,,,0.0,0.0,2.0
20260304,600184.SH,,,,,,,,,,,,,20.38,16.68,,,,,0.0,0.0,2.0
20260304,600185.SH,,,,,,,,,,,,,7.23,5.91,,,,,0.0,0.0,2.0
20260304,600186.SH,,,,,,,,,,,,,6.26,5.12,,,,,0.0,0.0,2.0
20260304,600187.SH,,,,,,,,,,,,,2.23,1.83,,,,,0.0,0.0,2.0
20260304,600188.SH,,,,,,,,,,,,,22.55,18.45,,,,,0.0,0.0,2.0
20260304,600189.SH,,,,,,,,,,,,,9.17,7.51,,,,,0.0,0.0,2.0
20260304,600191.SH,,,,,,,,,,,,,13.74,11.24,,,,,0.0,0.0,2.0
20260304,600192.SH,,,,,,,,,,,,,10.31,8.43,,,,,0.0,0.0,2.0
20260304,600193.SH,,,,,,,,,,,,,4.46,4.04,,,,,0.0,0.0,2.0
20260304,600195.SH,,,,,,,,,,,,,8.68,7.1,,,,,0.0,0.0,2.0
20260304,600196.SH,,,,,,,,,,,,,28.05,22.95,,,,,0.0,0.0,2.0
20260304,600197.SH,,,,,,,,,,,,,14.44,11.82,,,,,0.0,0.0,2.0
20260304,600198.SH,,,,,,,,,,,,,9.79,8.01,,,,,0.0,0.0,2.0
20260304,600199.SH,,,,,,,,,,,,,9.89,8.09,,,,,0.0,0.0,2.0
20260304,600201.SH,,,,,,,,,,,,,16.38,13.4,,,,,0.0,0.0,2.0
20260304,600202.SH,,,,,,,,,,,,,6.78,5.54,,,,,0.0,0.0,2.0
20260304,600203.SH,,,,,,,,,,,,,12.93,10.58,,,,,0.0,0.0,2.0
20260304,600206.SH,,,,,,,,,,,,,26.55,21.73,,,,,0.0,0.0,2.0
20260304,600207.SH,,,,,,,,,,,,,6.06,4.96,,,,,0.0,0.0,2.0
20260304,600208.SH,,,,,,,,,,,,,3.84,3.14,,,,,0.0,0.0,2.0
20260304,600210.SH,,,,,,,,,,,,,8.21,6.71,,,,,0.0,0.0,2.0
20260304,600211.SH,,,,,,,,,,,,,46.07,37.69,,,,,0.0,0.0,2.0
20260304,600212.SH,,,,,,,,,,,,,7.98,6.53,,,,,0.0,0.0,2.0
20260304,600215.SH,,,,,,,,,,,,,7.87,6.44,,,,,0.0,0.0,2.0
20260304,600216.SH,,,,,,,,,,,,,18.45,15.09,,,,,0.0,0.0,2.0
20260304,600217.SH,,,,,,,,,,,,,4.43,3.63,,,,,0.0,0.0,2.0
20260304,600218.SH,,,,,,,,,,,,,11.42,9.34,,,,,0.0,0.0,2.0
20260304,600219.SH,,,,,,,,,,,,,7.92,6.48,,,,,0.0,0.0,2.0
20260304,600221.SH,,,,,,,,,,,,,1.72,1.4,,,,,0.0,0.0,2.0
20260304,600222.SH,,,,,,,,,,,,,7.57,6.19,,,,,0.0,0.0,2.0
20260304,600223.SH,,,,,,,,,,,,,7.83,6.41,,,,,0.0,0.0,2.0
20260304,600226.SH,,,,,,,,,,,,,5.98,4.9,,,,,0.0,0.0,2.0
20260304,600227.SH,,,,,,,,,,,,,3.65,2.99,,,,,0.0,0.0,2.0
20260304,600228.SH,,,,,,,,,,,,,5.63,5.09,,,,,0.0,0.0,2.0
20260304,600229.SH,,,,,,,,,,,,,6.86,5.62,,,,,0.0,0.0,2.0
20260304,600230.SH,,,,,,,,,,,,,27.15,22.21,,,,,0.0,0.0,2.0
20260304,600231.SH,,,,,,,,,,,,,2.6,2.12,,,,,0.0,0.0,2.0
20260304,600232.SH,,,,,,,,,,,,,8.93,7.31,,,,,0.0,0.0,2.0
20260304,600233.SH,,,,,,,,,,,,,20.82,17.04,,,,,0.0,0.0,2.0
20260304,600234.SH,,,,,,,,,,,,,14.73,12.05,,,,,0.0,0.0,2.0
20260304,600235.SH,,,,,,,,,,,,,7.73,6.33,,,,,0.0,0.0,2.0
20260304,600236.SH,,U,1.0,17105784.0,17105784.0,141236.0,144739.0,,,,,,10.85,8.87,0.0,,,0.0,1.0,0.0,1.5211448854274403
20260304,600237.SH,,,,,,,,,,,,,10.96,8.96,,,,,0.0,0.0,2.0
20260304,600238.SH,,,,,,,,,,,,,5.62,5.08,,,,,0.0,0.0,2.0
20260304,600239.SH,,,,,,,,,,,,,2.5,2.04,,,,,0.0,0.0,2.0
20260304,600241.SH,,,,,,,,,,,,,9.2,7.52,,,,,0.0,0.0,2.0
20260304,600243.SH,,,,,,,,,,,,,3.89,3.52,,,,,0.0,0.0,2.0
20260304,600246.SH,,,,,,,,,,,,,12.05,9.86,,,,,0.0,0.0,2.0
20260304,600248.SH,,,,,,,,,,,,,4.06,3.32,,,,,0.0,0.0,2.0
20260304,600249.SH,,,,,,,,,,,,,6.29,5.15,,,,,0.0,0.0,2.0
20260304,600250.SH,,,,,,,,,,,,,11.86,9.7,,,,,0.0,0.0,2.0
20260304,600251.SH,,,,,,,,,,,,,11.92,9.76,,,,,0.0,0.0,2.0
20260304,600252.SH,,,,,,,,,,,,,2.78,2.28,,,,,0.0,0.0,2.0
20260304,600255.SH,,,,,,,,,,,,,4.06,3.32,,,,,0.0,0.0,2.0
20260304,600256.SH,,,,,,,,,,,,,7.83,6.41,,,,,0.0,0.0,2.0
20260304,600257.SH,,,,,,,,,,,,,7.57,6.19,,,,,0.0,0.0,2.0
20260304,600258.SH,,,,,,,,,,,,,18.77,15.35,,,,,0.0,0.0,2.0
20260304,600259.SH,,,,,,,,,,,,,111.17,90.95,,,,,0.0,0.0,2.0
20260304,600261.SH,,,,,,,,,,,,,4.03,3.29,,,,,0.0,0.0,2.0
20260304,600262.SH,,,,,,,,,,,,,32.42,26.52,,,,,0.0,0.0,2.0
20260304,600265.SH,,,,,,,,,,,,,20.37,18.43,,,,,0.0,0.0,2.0
20260304,600266.SH,,,,,,,,,,,,,5.81,4.75,,,,,0.0,0.0,2.0
20260304,600267.SH,,,,,,,,,,,,,11.04,9.04,,,,,0.0,0.0,2.0
20260304,600268.SH,,,,,,,,,,,,,14.93,12.21,,,,,0.0,0.0,2.0
20260304,600269.SH,,,,,,,,,,,,,5.47,4.47,,,,,0.0,0.0,2.0
20260304,600271.SH,,,,,,,,,,,,,10.41,8.51,,,,,0.0,0.0,2.0
20260304,600272.SH,,,,,,,,,,,,,14.1,11.54,,,,,0.0,0.0,2.0
20260304,600273.SH,,,,,,,,,,,,,12.01,9.83,,,,,0.0,0.0,2.0
20260304,600276.SH,,,,,,,,,,,,,58.97,48.25,,,,,0.0,0.0,2.0
20260304,600278.SH,,,,,,,,,,,,,8.97,7.34,,,,,0.0,0.0,2.0
20260304,600279.SH,,,,,,,,,,,,,6.31,5.17,,,,,0.0,0.0,2.0
20260304,600280.SH,,,,,,,,,,,,,3.74,3.06,,,,,0.0,0.0,2.0
20260304,600281.SH,,,,,,,,,,,,,6.88,5.63,,,,,0.0,0.0,2.0
20260304,600282.SH,,,,,,,,,,,,,6.41,5.25,,,,,0.0,0.0,2.0
20260304,600283.SH,,,,,,,,,,,,,10.3,8.42,,,,,0.0,0.0,2.0
20260304,600284.SH,,,,,,,,,,,,,8.39,6.87,,,,,0.0,0.0,2.0
20260304,600285.SH,,,,,,,,,,,,,23.95,19.59,,,,,0.0,0.0,2.0
20260304,600287.SH,,,,,,,,,,,,,6.36,5.2,,,,,0.0,0.0,2.0
20260304,600288.SH,,,,,,,,,,,,,16.57,13.55,,,,,0.0,0.0,2.0
20260304,600289.SH,,,,,,,,,,,,,7.35,6.65,,,,,0.0,0.0,2.0
20260304,600292.SH,,,,,,,,,,,,,16.4,13.42,,,,,0.0,0.0,2.0
20260304,600293.SH,,,,,,,,,,,,,3.83,3.13,,,,,0.0,0.0,2.0
20260304,600295.SH,,,,,,,,,,,,,18.9,15.46,,,,,0.0,0.0,2.0
20260304,600298.SH,,,,,,,,,,,,,46.53,38.07,,,,,0.0,0.0,2.0
20260304,600299.SH,,,,,,,,,,,,,13.11,10.73,,,,,0.0,0.0,2.0
20260304,600300.SH,,,,,,,,,,,,,3.99,3.27,,,,,0.0,0.0,2.0
20260304,600301.SH,,,,,,,,,,,,,78.09,63.89,,,,,0.0,0.0,2.0
20260304,600302.SH,,,,,,,,,,,,,13.35,10.93,,,,,0.0,0.0,2.0
20260304,600303.SH,,,,,,,,,,,,,3.58,2.93,,,,,0.0,0.0,2.0
20260304,600305.SH,,,,,,,,,,,,,8.6,7.04,,,,,0.0,0.0,2.0
20260304,600307.SH,,,,,,,,,,,,,2.06,1.68,,,,,0.0,0.0,2.0
20260304,600308.SH,,,,,,,,,,,,,4.58,3.74,,,,,0.0,0.0,2.0
20260304,600309.SH,,,,,,,,,,,,,100.2,81.98,,,,,0.0,0.0,2.0
20260304,600310.SH,,,,,,,,,,,,,4.53,3.71,,,,,0.0,0.0,2.0
20260304,600312.SH,,,,,,,,,,,,,24.56,20.1,,,,,0.0,0.0,2.0
20260304,600313.SH,,U,3.0,75246864.0,75246864.0,95202.0,104756.0,,,,,,9.24,7.56,1.0,10.0,2.0,0.0,1.0,0.0,1.5930145217579144
20260304,600315.SH,,,,,,,,,,,,,22.99,18.81,,,,,0.0,0.0,2.0
20260304,600316.SH,,,,,,,,,,,,,43.75,35.79,,,,,0.0,0.0,2.0
20260304,600318.SH,,,,,,,,,,,,,10.33,8.45,,,,,0.0,0.0,2.0
20260304,600319.SH,,,,,,,,,,,,,9.05,7.41,,,,,0.0,0.0,2.0
20260304,600320.SH,,,,,,,,,,,,,5.91,4.83,,,,,0.0,0.0,2.0
20260304,600322.SH,,,,,,,,,,,,,2.46,2.02,,,,,0.0,0.0,2.0
20260304,600323.SH,,,,,,,,,,,,,31.38,25.68,,,,,0.0,0.0,2.0
20260304,600325.SH,,,,,,,,,,,,,4.55,3.73,,,,,0.0,0.0,2.0
20260304,600326.SH,,,,,,,,,,,,,11.69,9.57,,,,,0.0,0.0,2.0
20260304,600327.SH,,,,,,,,,,,,,4.44,3.64,,,,,0.0,0.0,2.0
20260304,600328.SH,,,,,,,,,,,,,10.36,8.48,,,,,0.0,0.0,2.0
20260304,600329.SH,,,,,,,,,,,,,45.43,37.17,,,,,0.0,0.0,2.0
20260304,600330.SH,,,,,,,,,,,,,19.75,16.16,,,,,0.0,0.0,2.0
20260304,600331.SH,,,,,,,,,,,,,22.73,18.59,,,,,0.0,0.0,2.0
20260304,600332.SH,,,,,,,,,,,,,27.79,22.73,,,,,0.0,0.0,2.0
20260304,600333.SH,,,,,,,,,,,,,7.16,5.86,,,,,0.0,0.0,2.0
20260304,600335.SH,,,,,,,,,,,,,7.12,5.82,,,,,0.0,0.0,2.0
20260304,600336.SH,,,,,,,,,,,,,8.09,6.62,,,,,0.0,0.0,2.0
20260304,600337.SH,,,,,,,,,,,,,2.74,2.24,,,,,0.0,0.0,2.0
20260304,600338.SH,,,,,,,,,,,,,19.91,16.29,,,,,0.0,0.0,2.0
20260304,600339.SH,,,,,,,,,,,,,5.64,4.62,,,,,0.0,0.0,2.0
20260304,600340.SH,,,,,,,,,,,,,1.69,1.39,,,,,0.0,0.0,2.0
20260304,600343.SH,,,,,,,,,,,,,36.61,29.95,,,,,0.0,0.0,2.0
20260304,600345.SH,,,,,,,,,,,,,47.94,39.22,,,,,0.0,0.0,2.0
20260304,600346.SH,,,,,,,,,,,,,28.62,23.42,,,,,0.0,0.0,2.0
20260304,600348.SH,,,,,,,,,,,,,11.34,9.28,,,,,0.0,0.0,2.0
20260304,600350.SH,,,,,,,,,,,,,10.66,8.72,,,,,0.0,0.0,2.0
20260304,600351.SH,,,,,,,,,,,,,7.21,5.9,,,,,0.0,0.0,2.0
20260304,600352.SH,,,,,,,,,,,,,17.49,14.31,,,,,0.0,0.0,2.0
20260304,600353.SH,,,,,,,,,,,,,19.54,15.98,,,,,0.0,0.0,2.0
20260304,600354.SH,,,,,,,,,,,,,7.94,6.5,,,,,0.0,0.0,2.0
20260304,600355.SH,,,,,,,,,,,,,1.24,1.12,,,,,0.0,0.0,2.0
20260304,600356.SH,,,,,,,,,,,,,10.68,8.74,,,,,0.0,0.0,2.0
20260304,600358.SH,,,,,,,,,,,,,6.62,5.99,,,,,0.0,0.0,2.0
20260304,600359.SH,,,,,,,,,,,,,8.9,7.28,,,,,0.0,0.0,2.0
20260304,600360.SH,,,,,,,,,,,,,9.41,8.51,,,,,0.0,0.0,2.0
20260304,600361.SH,,,,,,,,,,,,,5.1,4.18,,,,,0.0,0.0,2.0
20260304,600362.SH,,,,,,,,,,,,,61.4,50.24,,,,,0.0,0.0,2.0
20260304,600363.SH,,,,,,,,,,,,,64.96,53.15,,,,,0.0,0.0,2.0
20260304,600365.SH,,,,,,,,,,,,,3.23,2.93,,,,,0.0,0.0,2.0
20260304,600366.SH,,,,,,,,,,,,,15.24,12.47,,,,,0.0,0.0,2.0
20260304,600367.SH,,,,,,,,,,,,,28.5,23.32,,,,,0.0,0.0,2.0
20260304,600368.SH,,,,,,,,,,,,,4.44,3.64,,,,,0.0,0.0,2.0
20260304,600369.SH,,,,,,,,,,,,,4.88,4.0,,,,,0.0,0.0,2.0
20260304,600370.SH,,,,,,,,,,,,,2.41,1.97,,,,,0.0,0.0,2.0
20260304,600371.SH,,,,,,,,,,,,,10.54,8.62,,,,,0.0,0.0,2.0
20260304,600372.SH,,,,,,,,,,,,,16.32,13.36,,,,,0.0,0.0,2.0
20260304,600373.SH,,,,,,,,,,,,,10.14,8.3,,,,,0.0,0.0,2.0
20260304,600375.SH,,,,,,,,,,,,,5.96,4.88,,,,,0.0,0.0,2.0
20260304,600376.SH,,,,,,,,,,,,,5.56,4.55,,,,,0.0,0.0,2.0
20260304,600377.SH,,,,,,,,,,,,,13.42,10.98,,,,,0.0,0.0,2.0
20260304,600378.SH,,,,,,,,,,,,,40.46,33.1,,,,,0.0,0.0,2.0
20260304,600379.SH,,,,,,,,,,,,,13.86,11.34,,,,,0.0,0.0,2.0
20260304,600380.SH,,,,,,,,,,,,,12.21,9.99,,,,,0.0,0.0,2.0
20260304,600381.SH,,,,,,,,,,,,,3.17,2.87,,,,,0.0,0.0,2.0
20260304,600382.SH,,,,,,,,,,,,,9.38,7.68,,,,,0.0,0.0,2.0
20260304,600383.SH,,,,,,,,,,,,,3.43,2.81,,,,,0.0,0.0,2.0
20260304,600386.SH,,,,,,,,,,,,,4.62,3.78,,,,,0.0,0.0,2.0
20260304,600388.SH,,,,,,,,,,,,,21.76,17.8,,,,,0.0,0.0,2.0
20260304,600389.SH,,,,,,,,,,,,,31.33,25.63,,,,,0.0,0.0,2.0
20260304,600390.SH,,,,,,,,,,,,,6.14,5.02,,,,,0.0,0.0,2.0
20260304,600391.SH,,,,,,,,,,,,,51.58,42.2,,,,,0.0,0.0,2.0
20260304,600392.SH,,,,,,,,,,,,,31.85,26.06,,,,,0.0,0.0,2.0
20260304,600395.SH,,,,,,,,,,,,,6.67,5.45,,,,,0.0,0.0,2.0
20260304,600396.SH,,,,,,,,,,,,,3.61,2.95,,,,,0.0,0.0,2.0
20260304,600397.SH,,,,,,,,,,,,,21.29,17.42,,,,,0.0,0.0,2.0
20260304,600398.SH,,,,,,,,,,,,,7.01,5.73,,,,,0.0,0.0,2.0
20260304,600399.SH,,,,,,,,,,,,,7.91,6.47,,,,,0.0,0.0,2.0
20260304,600400.SH,,,,,,,,,,,,,2.45,2.01,,,,,0.0,0.0,2.0
20260304,600403.SH,,,,,,,,,,,,,8.67,7.09,,,,,0.0,0.0,2.0
20260304,600405.SH,,,,,,,,,,,,,5.76,4.72,,,,,0.0,0.0,2.0
20260304,600406.SH,,,,,,,,,,,,,30.47,24.93,,,,,0.0,0.0,2.0
20260304,600408.SH,,,,,,,,,,,,,4.51,3.69,,,,,0.0,0.0,2.0
20260304,600409.SH,,,,,,,,,,,,,9.68,7.92,,,,,0.0,0.0,2.0
20260304,600410.SH,,,,,,,,,,,,,30.64,25.07,,,,,0.0,0.0,2.0
20260304,600415.SH,,,,,,,,,,,,,15.5,12.68,,,,,0.0,0.0,2.0
20260304,600416.SH,,,,,,,,,,,,,15.33,12.55,,,,,0.0,0.0,2.0
20260304,600418.SH,,,,,,,,,,,,,56.41,46.15,,,,,0.0,0.0,2.0
20260304,600419.SH,,,,,,,,,,,,,10.49,8.59,,,,,0.0,0.0,2.0
20260304,600420.SH,,,,,,,,,,,,,11.91,9.75,,,,,0.0,0.0,2.0
20260304,600421.SH,,,,,,,,,,,,,7.93,7.17,,,,,0.0,0.0,2.0
20260304,600422.SH,,,,,,,,,,,,,13.26,10.85,,,,,0.0,0.0,2.0
20260304,600423.SH,,,,,,,,,,,,,4.28,3.5,,,,,0.0,0.0,2.0
20260304,600425.SH,,,,,,,,,,,,,5.06,4.14,,,,,0.0,0.0,2.0
20260304,600426.SH,,,,,,,,,,,,,44.59,36.49,,,,,0.0,0.0,2.0
20260304,600428.SH,,,,,,,,,,,,,10.23,8.37,,,,,0.0,0.0,2.0
20260304,600429.SH,,,,,,,,,,,,,5.82,4.76,,,,,0.0,0.0,2.0
20260304,600433.SH,,,,,,,,,,,,,3.85,3.15,,,,,0.0,0.0,2.0
20260304,600435.SH,,,,,,,,,,,,,19.49,15.95,,,,,0.0,0.0,2.0
20260304,600436.SH,,,,,,,,,,,,,174.68,142.92,,,,,0.0,0.0,2.0
20260304,600439.SH,,,,,,,,,,,,,2.96,2.42,,,,,0.0,0.0,2.0
20260304,600444.SH,,,,,,,,,,,,,20.46,16.74,,,,,0.0,0.0,2.0
20260304,600446.SH,,,,,,,,,,,,,15.55,12.73,,,,,0.0,0.0,2.0
20260304,600448.SH,,,,,,,,,,,,,3.54,2.9,,,,,0.0,0.0,2.0
20260304,600449.SH,,,,,,,,,,,,,13.99,11.45,,,,,0.0,0.0,2.0
20260304,600452.SH,,,,,,,,,,,,,14.98,12.26,,,,,0.0,0.0,2.0
20260304,600455.SH,,,,,,,,,,,,,30.42,24.89,,,,,0.0,0.0,2.0
20260304,600456.SH,,,,,,,,,,,,,44.68,36.56,,,,,0.0,0.0,2.0
20260304,600458.SH,,,,,,,,,,,,,15.48,12.66,,,,,0.0,0.0,2.0
20260304,600459.SH,,,,,,,,,,,,,26.16,21.4,,,,,0.0,0.0,2.0
20260304,600460.SH,,,,,,,,,,,,,31.6,25.86,,,,,0.0,0.0,2.0
20260304,600461.SH,,,,,,,,,,,,,10.92,8.94,,,,,0.0,0.0,2.0
20260304,600463.SH,,,,,,,,,,,,,12.27,10.04,,,,,0.0,0.0,2.0
20260304,600467.SH,,,,,,,,,,,,,2.83,2.31,,,,,0.0,0.0,2.0
20260304,600468.SH,,,,,,,,,,,,,8.21,6.71,,,,,0.0,0.0,2.0
20260304,600469.SH,,,,,,,,,,,,,8.09,6.62,,,,,0.0,0.0,2.0
20260304,600470.SH,,,,,,,,,,,,,8.35,6.83,,,,,0.0,0.0,2.0
20260304,600475.SH,,,,,,,,,,,,,22.67,18.55,,,,,0.0,0.0,2.0
20260304,600476.SH,,,,,,,,,,,,,13.98,11.44,,,,,0.0,0.0,2.0
20260304,600477.SH,,,,,,,,,,,,,3.85,3.15,,,,,0.0,0.0,2.0
20260304,600478.SH,,,,,,,,,,,,,8.47,6.93,,,,,0.0,0.0,2.0
20260304,600479.SH,,,,,,,,,,,,,12.09,9.89,,,,,0.0,0.0,2.0
20260304,600480.SH,,,,,,,,,,,,,12.07,9.87,,,,,0.0,0.0,2.0
20260304,600481.SH,,,,,,,,,,,,,8.36,6.84,,,,,0.0,0.0,2.0
20260304,600482.SH,,,,,,,,,,,,,35.7,29.21,,,,,0.0,0.0,2.0
20260304,600483.SH,,,,,,,,,,,,,11.12,9.1,,,,,0.0,0.0,2.0
20260304,600486.SH,,,,,,,,,,,,,87.99,71.99,,,,,0.0,0.0,2.0
20260304,600487.SH,,,,,,,,,,,,,52.27,42.77,,,,,0.0,0.0,2.0
20260304,600488.SH,,,,,,,,,,,,,4.57,3.74,,,,,0.0,0.0,2.0
20260304,600489.SH,,,,,,,,,,,,,37.03,30.29,,,,,0.0,0.0,2.0
20260304,600490.SH,,,,,,,,,,,,,10.82,8.86,,,,,0.0,0.0,2.0
20260304,600491.SH,,,,,,,,,,,,,3.41,2.79,,,,,0.0,0.0,2.0
20260304,600493.SH,,,,,,,,,,,,,8.49,6.95,,,,,0.0,0.0,2.0
20260304,600495.SH,,,,,,,,,,,,,5.26,4.3,,,,,0.0,0.0,2.0
20260304,600496.SH,,,,,,,,,,,,,4.87,3.99,,,,,0.0,0.0,2.0
20260304,600497.SH,,,,,,,,,,,,,11.22,9.18,,,,,0.0,0.0,2.0
20260304,600498.SH,,,,,,,,,,,,,61.74,50.52,,,,,0.0,0.0,2.0
20260304,600499.SH,,,,,,,,,,,,,18.04,14.76,,,,,0.0,0.0,2.0
20260304,600500.SH,,,,,,,,,,,,,5.02,4.1,,,,,0.0,0.0,2.0
20260304,600501.SH,,,,,,,,,,,,,28.35,23.19,,,,,0.0,0.0,2.0
20260304,600502.SH,,,,,,,,,,,,,5.25,4.29,,,,,0.0,0.0,2.0
20260304,600503.SH,,,,,,,,,,,,,2.74,2.24,,,,,0.0,0.0,2.0
20260304,600505.SH,,,,,,,,,,,,,16.45,13.46,,,,,0.0,0.0,2.0
20260304,600506.SH,,,,,,,,,,,,,30.69,25.11,,,,,0.0,0.0,2.0
20260304,600507.SH,,,,,,,,,,,,,7.83,6.41,,,,,0.0,0.0,2.0
20260304,600508.SH,,,,,,,,,,,,,15.29,12.51,,,,,0.0,0.0,2.0
20260304,600509.SH,,,,,,,,,,,,,9.85,8.06,,,,,0.0,0.0,2.0
20260304,600510.SH,,,,,,,,,,,,,10.29,8.42,,,,,0.0,0.0,2.0
20260304,600511.SH,,,,,,,,,,,,,32.95,26.96,,,,,0.0,0.0,2.0
20260304,600512.SH,,,,,,,,,,,,,2.71,2.21,,,,,0.0,0.0,2.0
20260304,600513.SH,,,,,,,,,,,,,23.21,18.99,,,,,0.0,0.0,2.0
20260304,600515.SH,,,,,,,,,,,,,4.43,3.63,,,,,0.0,0.0,2.0
20260304,600516.SH,,,,,,,,,,,,,6.85,5.61,,,,,0.0,0.0,2.0
20260304,600517.SH,,,,,,,,,,,,,7.81,6.39,,,,,0.0,0.0,2.0
20260304,600518.SH,,,,,,,,,,,,,2.07,1.69,,,,,0.0,0.0,2.0
20260304,600519.SH,,,,,,,,,,,,,1568.81,1283.57,,,,,0.0,0.0,2.0
20260304,600520.SH,,,,,,,,,,,,,29.1,23.81,,,,,0.0,0.0,2.0
20260304,600521.SH,,,,,,,,,,,,,16.85,13.79,,,,,0.0,0.0,2.0
20260304,600522.SH,,,,,,,,,,,,,31.67,25.91,,,,,0.0,0.0,2.0
20260304,600523.SH,,,,,,,,,,,,,16.41,13.43,,,,,0.0,0.0,2.0
20260304,600525.SH,,,,,,,,,,,,,5.51,4.99,,,,,0.0,0.0,2.0
20260304,600526.SH,,,,,,,,,,,,,6.38,5.22,,,,,0.0,0.0,2.0
20260304,600527.SH,,,,,,,,,,,,,2.5,2.04,,,,,0.0,0.0,2.0
20260304,600528.SH,,,,,,,,,,,,,9.24,7.56,,,,,0.0,0.0,2.0
20260304,600529.SH,,,,,,,,,,,,,22.01,18.01,,,,,0.0,0.0,2.0
20260304,600530.SH,,,,,,,,,,,,,6.53,5.35,,,,,0.0,0.0,2.0
20260304,600531.SH,,,,,,,,,,,,,19.13,15.65,,,,,0.0,0.0,2.0
20260304,600533.SH,,,,,,,,,,,,,2.84,2.32,,,,,0.0,0.0,2.0
20260304,600535.SH,,,,,,,,,,,,,15.51,12.69,,,,,0.0,0.0,2.0
20260304,600536.SH,,,,,,,,,,,,,44.77,36.63,,,,,0.0,0.0,2.0
20260304,600537.SH,,,,,,,,,,,,,3.53,2.89,,,,,0.0,0.0,2.0
20260304,600538.SH,,,,,,,,,,,,,6.91,5.65,,,,,0.0,0.0,2.0
20260304,600539.SH,,,,,,,,,,,,,11.79,9.65,,,,,0.0,0.0,2.0
20260304,600540.SH,,,,,,,,,,,,,5.9,4.82,,,,,0.0,0.0,2.0
20260304,600543.SH,,,,,,,,,,,,,5.65,4.63,,,,,0.0,0.0,2.0
20260304,600545.SH,,U,4.0,41683075.0,41683075.0,93526.0,131556.0,,,,,,3.43,2.81,0.0,,,0.0,1.0,0.0,1.251525486650504
20260304,600546.SH,,,,,,,,,,,,,13.62,11.14,,,,,0.0,0.0,2.0
20260304,600547.SH,,,,,,,,,,,,,55.3,45.24,,,,,0.0,0.0,2.0
20260304,600548.SH,,,,,,,,,,,,,9.9,8.1,,,,,0.0,0.0,2.0
20260304,600549.SH,,,,,,,,,,,,,83.14,68.02,,,,,0.0,0.0,2.0
20260304,600550.SH,,,,,,,,,,,,,17.77,14.54,,,,,0.0,0.0,2.0
20260304,600551.SH,,,,,,,,,,,,,9.03,7.39,,,,,0.0,0.0,2.0
20260304,600552.SH,,,,,,,,,,,,,14.53,11.89,,,,,0.0,0.0,2.0
20260304,600556.SH,,,,,,,,,,,,,7.05,5.77,,,,,0.0,0.0,2.0
20260304,600557.SH,,,,,,,,,,,,,15.27,12.49,,,,,0.0,0.0,2.0
20260304,600558.SH,,,,,,,,,,,,,6.79,5.55,,,,,0.0,0.0,2.0
20260304,600559.SH,,,,,,,,,,,,,16.71,13.67,,,,,0.0,0.0,2.0
20260304,600560.SH,,,,,,,,,,,,,17.28,14.14,,,,,0.0,0.0,2.0
20260304,600561.SH,,,,,,,,,,,,,7.61,6.23,,,,,0.0,0.0,2.0
20260304,600562.SH,,,,,,,,,,,,,32.18,26.33,,,,,0.0,0.0,2.0
20260304,600563.SH,,,,,,,,,,,,,126.45,103.46,,,,,0.0,0.0,2.0
20260304,600566.SH,,,,,,,,,,,,,31.2,25.52,,,,,0.0,0.0,2.0
20260304,600567.SH,,,,,,,,,,,,,1.86,1.52,,,,,0.0,0.0,2.0
20260304,600568.SH,,,,,,,,,,,,,2.87,2.59,,,,,0.0,0.0,2.0
20260304,600569.SH,,,,,,,,,,,,,2.86,2.34,,,,,0.0,0.0,2.0
20260304,600570.SH,,,,,,,,,,,,,30.45,24.91,,,,,0.0,0.0,2.0
20260304,600571.SH,,,,,,,,,,,,,16.04,13.12,,,,,0.0,0.0,2.0
20260304,600572.SH,,,,,,,,,,,,,4.86,3.98,,,,,0.0,0.0,2.0
20260304,600573.SH,,,,,,,,,,,,,12.97,10.61,,,,,0.0,0.0,2.0
20260304,600575.SH,,,,,,,,,,,,,4.09,3.35,,,,,0.0,0.0,2.0
20260304,600576.SH,,,,,,,,,,,,,6.83,5.59,,,,,0.0,0.0,2.0
20260304,600577.SH,,,,,,,,,,,,,15.36,12.56,,,,,0.0,0.0,2.0
20260304,600578.SH,,,,,,,,,,,,,6.03,4.93,,,,,0.0,0.0,2.0
20260304,600579.SH,,,,,,,,,,,,,10.21,8.35,,,,,0.0,0.0,2.0
20260304,600580.SH,,,,,,,,,,,,,44.64,36.52,,,,,0.0,0.0,2.0
20260304,600581.SH,,,,,,,,,,,,,3.14,2.57,,,,,0.0,0.0,2.0
20260304,600582.SH,,,,,,,,,,,,,6.69,5.47,,,,,0.0,0.0,2.0
20260304,600583.SH,,,,,,,,,,,,,9.59,7.85,,,,,0.0,0.0,2.0
20260304,600584.SH,,,,,,,,,,,,,52.33,42.81,,,,,0.0,0.0,2.0
20260304,600585.SH,,,,,,,,,,,,,27.76,22.72,,,,,0.0,0.0,2.0
20260304,600586.SH,,,,,,,,,,,,,6.79,5.55,,,,,0.0,0.0,2.0
20260304,600587.SH,,,,,,,,,,,,,16.43,13.45,,,,,0.0,0.0,2.0
20260304,600588.SH,,,,,,,,,,,,,14.47,11.84,,,,,0.0,0.0,2.0
20260304,600589.SH,,,,,,,,,,,,,12.1,9.9,,,,,0.0,0.0,2.0
20260304,600590.SH,,,,,,,,,,,,,14.39,11.77,,,,,0.0,0.0,2.0
20260304,600592.SH,,,,,,,,,,,,,24.28,19.86,,,,,0.0,0.0,2.0
20260304,600593.SH,,,,,,,,,,,,,40.87,33.44,,,,,0.0,0.0,2.0
20260304,600594.SH,,,,,,,,,,,,,4.27,3.49,,,,,0.0,0.0,2.0
20260304,600595.SH,,,,,,,,,,,,,9.5,7.78,,,,,0.0,0.0,2.0
20260304,600596.SH,,,,,,,,,,,,,14.34,11.74,,,,,0.0,0.0,2.0
20260304,600597.SH,,,,,,,,,,,,,8.7,7.12,,,,,0.0,0.0,2.0
20260304,600598.SH,,,,,,,,,,,,,18.48,15.12,,,,,0.0,0.0,2.0
20260304,600599.SH,,,,,,,,,,,,,5.4,4.88,,,,,0.0,0.0,2.0
20260304,600600.SH,,,,,,,,,,,,,68.31,55.89,,,,,0.0,0.0,2.0
20260304,600601.SH,,,,,,,,,,,,,11.56,9.46,,,,,0.0,0.0,2.0
20260304,600602.SH,,,,,,,,,,,,,21.27,17.41,,,,,0.0,0.0,2.0
20260304,600603.SH,,,,,,,,,,,,,7.77,6.35,,,,,0.0,0.0,2.0
20260304,600604.SH,,,,,,,,,,,,,5.73,4.69,,,,,0.0,0.0,2.0
20260304,600605.SH,,,,,,,,,,,,,28.72,23.5,,,,,0.0,0.0,2.0
20260304,600606.SH,,,,,,,,,,,,,1.78,1.46,,,,,0.0,0.0,2.0
20260304,600608.SH,,,,,,,,,,,,,3.3,2.98,,,,,0.0,0.0,2.0
20260304,600609.SH,,,,,,,,,,,,,4.82,3.94,,,,,0.0,0.0,2.0
20260304,600610.SH,,,,,,,,,,,,,11.69,9.57,,,,,0.0,0.0,2.0
20260304,600611.SH,,,,,,,,,,,,,6.01,4.91,,,,,0.0,0.0,2.0
20260304,600612.SH,,,,,,,,,,,,,47.89,39.19,,,,,0.0,0.0,2.0
20260304,600613.SH,,,,,,,,,,,,,6.83,5.59,,,,,0.0,0.0,2.0
20260304,600615.SH,,,,,,,,,,,,,12.95,10.59,,,,,0.0,0.0,2.0
20260304,600616.SH,,,,,,,,,,,,,5.8,4.74,,,,,0.0,0.0,2.0
20260304,600617.SH,,,,,,,,,,,,,4.07,3.33,,,,,0.0,0.0,2.0
20260304,600618.SH,,,,,,,,,,,,,15.73,12.87,,,,,0.0,0.0,2.0
20260304,600619.SH,,,,,,,,,,,,,19.65,16.07,,,,,0.0,0.0,2.0
20260304,600620.SH,,,,,,,,,,,,,7.0,5.72,,,,,0.0,0.0,2.0
20260304,600621.SH,,,,,,,,,,,,,17.39,14.23,,,,,0.0,0.0,2.0
20260304,600622.SH,,,,,,,,,,,,,3.07,2.51,,,,,0.0,0.0,2.0
20260304,600623.SH,,,,,,,,,,,,,11.57,9.47,,,,,0.0,0.0,2.0
20260304,600624.SH,,,,,,,,,,,,,5.37,4.85,,,,,0.0,0.0,2.0
20260304,600626.SH,,,,,,,,,,,,,5.03,4.11,,,,,0.0,0.0,2.0
20260304,600628.SH,,,,,,,,,,,,,8.25,6.75,,,,,0.0,0.0,2.0
20260304,600629.SH,,,,,,,,,,,,,22.63,18.51,,,,,0.0,0.0,2.0
20260304,600630.SH,,,,,,,,,,,,,9.31,7.61,,,,,0.0,0.0,2.0
20260304,600633.SH,,,,,,,,,,,,,14.42,11.8,,,,,0.0,0.0,2.0
20260304,600635.SH,,,,,,,,,,,,,7.6,6.22,,,,,0.0,0.0,2.0
20260304,600636.SH,,,,,,,,,,,,,8.76,7.92,,,,,0.0,0.0,2.0
20260304,600637.SH,,,,,,,,,,,,,11.57,9.47,,,,,0.0,0.0,2.0
20260304,600638.SH,,,,,,,,,,,,,7.24,5.92,,,,,0.0,0.0,2.0
20260304,600639.SH,,,,,,,,,,,,,11.39,9.32,,,,,0.0,0.0,2.0
20260304,600640.SH,,,,,,,,,,,,,13.92,11.39,,,,,0.0,0.0,2.0
20260304,600641.SH,,,,,,,,,,,,,20.06,16.42,,,,,0.0,0.0,2.0
20260304,600642.SH,,,,,,,,,,,,,9.88,8.08,,,,,0.0,0.0,2.0
20260304,600643.SH,,,,,,,,,,,,,5.14,4.2,,,,,0.0,0.0,2.0
20260304,600644.SH,,,,,,,,,,,,,14.55,11.91,,,,,0.0,0.0,2.0
20260304,600645.SH,,,,,,,,,,,,,29.43,24.08,,,,,0.0,0.0,2.0
20260304,600648.SH,,,,,,,,,,,,,11.29,9.23,,,,,0.0,0.0,2.0
20260304,600649.SH,,,,,,,,,,,,,5.27,4.31,,,,,0.0,0.0,2.0
20260304,600650.SH,,,,,,,,,,,,,15.82,12.94,,,,,0.0,0.0,2.0
20260304,600651.SH,,,,,,,,,,,,,8.17,6.69,,,,,0.0,0.0,2.0
20260304,600653.SH,,,,,,,,,,,,,2.06,1.68,,,,,0.0,0.0,2.0
20260304,600654.SH,,,,,,,,,,,,,3.8,3.11,,,,,0.0,0.0,2.0
20260304,600655.SH,,,,,,,,,,,,,5.56,4.55,,,,,0.0,0.0,2.0
20260304,600657.SH,,,,,,,,,,,,,3.61,2.95,,,,,0.0,0.0,2.0
20260304,600658.SH,,,,,,,,,,,,,5.4,4.42,,,,,0.0,0.0,2.0
20260304,600660.SH,,,,,,,,,,,,,65.82,53.86,,,,,0.0,0.0,2.0
20260304,600661.SH,,,,,,,,,,,,,10.97,8.97,,,,,0.0,0.0,2.0
20260304,600662.SH,,,,,,,,,,,,,6.17,5.05,,,,,0.0,0.0,2.0
20260304,600663.SH,,,,,,,,,,,,,8.92,7.3,,,,,0.0,0.0,2.0
20260304,600664.SH,,,,,,,,,,,,,3.84,3.14,,,,,0.0,0.0,2.0
20260304,600665.SH,,,,,,,,,,,,,3.8,3.11,,,,,0.0,0.0,2.0
20260304,600666.SH,,,,,,,,,,,,,4.0,3.28,,,,,0.0,0.0,2.0
20260304,600667.SH,,,,,,,,,,,,,10.76,8.8,,,,,0.0,0.0,2.0
20260304,600668.SH,,,,,,,,,,,,,12.11,9.91,,,,,0.0,0.0,2.0
20260304,600671.SH,,,,,,,,,,,,,22.61,18.5,,,,,0.0,0.0,2.0
20260304,600674.SH,,,,,,,,,,,,,16.5,13.5,,,,,0.0,0.0,2.0
20260304,600675.SH,,,,,,,,,,,,,3.05,2.49,,,,,0.0,0.0,2.0
20260304,600676.SH,,,,,,,,,,,,,8.49,6.95,,,,,0.0,0.0,2.0
20260304,600678.SH,,,,,,,,,,,,,12.24,10.02,,,,,0.0,0.0,2.0
20260304,600679.SH,,,,,,,,,,,,,13.34,10.92,,,,,0.0,0.0,2.0
20260304,600681.SH,,,,,,,,,,,,,5.24,4.28,,,,,0.0,0.0,2.0
20260304,600682.SH,,,,,,,,,,,,,7.73,6.33,,,,,0.0,0.0,2.0
20260304,600683.SH,,,,,,,,,,,,,7.7,6.3,,,,,0.0,0.0,2.0
20260304,600684.SH,,,,,,,,,,,,,5.57,4.55,,,,,0.0,0.0,2.0
20260304,600685.SH,,,,,,,,,,,,,38.67,31.64,,,,,0.0,0.0,2.0
20260304,600686.SH,,,,,,,,,,,,,17.85,14.61,,,,,0.0,0.0,2.0
20260304,600688.SH,,,,,,,,,,,,,4.22,3.46,,,,,0.0,0.0,2.0
20260304,600689.SH,,,,,,,,,,,,,15.06,12.32,,,,,0.0,0.0,2.0
20260304,600690.SH,,,,,,,,,,,,,27.59,22.57,,,,,0.0,0.0,2.0
20260304,600691.SH,,,,,,,,,,,,,3.99,3.27,,,,,0.0,0.0,2.0
20260304,600692.SH,,,,,,,,,,,,,8.58,7.02,,,,,0.0,0.0,2.0
20260304,600693.SH,,,,,,,,,,,,,13.97,11.43,,,,,0.0,0.0,2.0
20260304,600694.SH,,,,,,,,,,,,,19.32,15.8,,,,,0.0,0.0,2.0
20260304,600696.SH,,,,,,,,,,,,,2.01,1.81,,,,,0.0,0.0,2.0
20260304,600697.SH,,,,,,,,,,,,,14.12,11.56,,,,,0.0,0.0,2.0
20260304,600698.SH,,,,,,,,,,,,,8.99,7.35,,,,,0.0,0.0,2.0
20260304,600699.SH,,,,,,,,,,,,,28.93,23.67,,,,,0.0,0.0,2.0
20260304,600702.SH,,,,,,,,,,,,,56.55,46.27,,,,,0.0,0.0,2.0
20260304,600703.SH,,,,,,,,,,,,,16.17,13.23,,,,,0.0,0.0,2.0
20260304,600704.SH,,,,,,,,,,,,,6.26,5.12,,,,,0.0,0.0,2.0
20260304,600706.SH,,,,,,,,,,,,,11.09,9.07,,,,,0.0,0.0,2.0
20260304,600707.SH,,,,,,,,,,,,,7.32,5.99,,,,,0.0,0.0,2.0
20260304,600708.SH,,,,,,,,,,,,,4.52,3.7,,,,,0.0,0.0,2.0
20260304,600710.SH,,,,,,,,,,,,,14.4,11.78,,,,,0.0,0.0,2.0
20260304,600711.SH,,,,,,,,,,,,,16.87,13.81,,,,,0.0,0.0,2.0
20260304,600712.SH,,,,,,,,,,,,,6.7,5.48,,,,,0.0,0.0,2.0
20260304,600713.SH,,,,,,,,,,,,,5.92,4.84,,,,,0.0,0.0,2.0
20260304,600714.SH,,,,,,,,,,,,,23.91,19.57,,,,,0.0,0.0,2.0
20260304,600715.SH,,,,,,,,,,,,,2.4,1.96,,,,,0.0,0.0,2.0
20260304,600716.SH,,,,,,,,,,,,,5.04,4.12,,,,,0.0,0.0,2.0
20260304,600717.SH,,,,,,,,,,,,,5.34,4.37,,,,,0.0,0.0,2.0
20260304,600718.SH,,,,,,,,,,,,,10.51,8.6,,,,,0.0,0.0,2.0
20260304,600719.SH,,,,,,,,,,,,,7.12,5.82,,,,,0.0,0.0,2.0
20260304,600720.SH,,,,,,,,,,,,,7.99,6.53,,,,,0.0,0.0,2.0
20260304,600721.SH,,,,,,,,,,,,,9.53,7.79,,,,,0.0,0.0,2.0
20260304,600722.SH,,,,,,,,,,,,,12.49,10.22,,,,,0.0,0.0,2.0
20260304,600724.SH,,,,,,,,,,,,,7.24,5.92,,,,,0.0,0.0,2.0
20260304,600725.SH,,,,,,,,,,,,,5.6,4.58,,,,,0.0,0.0,2.0
20260304,600726.SH,,,,,,,,,,,,,2.99,2.45,,,,,0.0,0.0,2.0
20260304,600727.SH,,,,,,,,,,,,,9.16,7.5,,,,,0.0,0.0,2.0
20260304,600728.SH,,,,,,,,,,,,,6.85,5.61,,,,,0.0,0.0,2.0
20260304,600729.SH,,,,,,,,,,,,,25.64,20.98,,,,,0.0,0.0,2.0
20260304,600730.SH,,,,,,,,,,,,,10.49,8.59,,,,,0.0,0.0,2.0
20260304,600731.SH,,,,,,,,,,,,,8.33,6.81,,,,,0.0,0.0,2.0
20260304,600732.SH,,,,,,,,,,,,,16.03,13.11,,,,,0.0,0.0,2.0
20260304,600733.SH,,,,,,,,,,,,,8.53,6.98,,,,,0.0,0.0,2.0
20260304,600734.SH,,,,,,,,,,,,,4.46,3.65,,,,,0.0,0.0,2.0
20260304,600736.SH,,,,,,,,,,,,,6.97,5.71,,,,,0.0,0.0,2.0
20260304,600737.SH,,,,,,,,,,,,,18.1,14.81,,,,,0.0,0.0,2.0
20260304,600738.SH,,,,,,,,,,,,,5.5,4.5,,,,,0.0,0.0,2.0
20260304,600739.SH,,,,,,,,,,,,,13.43,10.99,,,,,0.0,0.0,2.0
20260304,600740.SH,,,,,,,,,,,,,5.69,4.65,,,,,0.0,0.0,2.0
20260304,600741.SH,,,,,,,,,,,,,21.02,17.2,,,,,0.0,0.0,2.0
20260304,600742.SH,,,,,,,,,,,,,11.9,9.74,,,,,0.0,0.0,2.0
20260304,600743.SH,,,,,,,,,,,,,2.1,1.72,,,,,0.0,0.0,2.0
20260304,600744.SH,,,,,,,,,,,,,9.23,7.55,,,,,0.0,0.0,2.0
20260304,600745.SH,,,,,,,,,,,,,34.13,27.93,,,,,0.0,0.0,2.0
20260304,600746.SH,,,,,,,,,,,,,9.04,7.4,,,,,0.0,0.0,2.0
20260304,600748.SH,,,,,,,,,,,,,5.43,4.45,,,,,0.0,0.0,2.0
20260304,600749.SH,,,,,,,,,,,,,17.36,14.2,,,,,0.0,0.0,2.0
20260304,600750.SH,,,,,,,,,,,,,27.75,22.71,,,,,0.0,0.0,2.0
20260304,600751.SH,,,,,,,,,,,,,4.58,3.74,,,,,0.0,0.0,2.0
20260304,600753.SH,,,,,,,,,,,,,10.84,9.8,,,,,0.0,0.0,2.0
20260304,600754.SH,,,,,,,,,,,,,30.36,24.84,,,,,0.0,0.0,2.0
20260304,600755.SH,,,,,,,,,,,,,7.52,6.16,,,,,0.0,0.0,2.0
20260304,600756.SH,,,,,,,,,,,,,17.4,14.24,,,,,0.0,0.0,2.0
20260304,600757.SH,,,,,,,,,,,,,9.89,8.09,,,,,0.0,0.0,2.0
20260304,600758.SH,,,,,,,,,,,,,4.61,3.77,,,,,0.0,0.0,2.0
20260304,600759.SH,,U,2.0,559108653.0,559108653.0,92501.0,134234.0,,,,,,8.26,6.76,1.0,3.0,3.0,0.0,1.0,0.0,2.274461457550001
20260304,600760.SH,,,,,,,,,,,,,61.31,50.17,,,,,0.0,0.0,2.0
20260304,600761.SH,,,,,,,,,,,,,22.61,18.5,,,,,0.0,0.0,2.0
20260304,600763.SH,,,,,,,,,,,,,53.3,43.61,,,,,0.0,0.0,2.0
20260304,600764.SH,,,,,,,,,,,,,31.39,25.69,,,,,0.0,0.0,2.0
20260304,600765.SH,,,,,,,,,,,,,21.58,17.66,,,,,0.0,0.0,2.0
20260304,600768.SH,,,,,,,,,,,,,18.73,15.33,,,,,0.0,0.0,2.0
20260304,600769.SH,,,,,,,,,,,,,14.04,11.48,,,,,0.0,0.0,2.0
20260304,600770.SH,,,,,,,,,,,,,6.37,5.21,,,,,0.0,0.0,2.0
20260304,600771.SH,,,,,,,,,,,,,18.96,15.52,,,,,0.0,0.0,2.0
20260304,600773.SH,,,,,,,,,,,,,16.28,13.32,,,,,0.0,0.0,2.0
20260304,600774.SH,,,,,,,,,,,,,10.68,8.74,,,,,0.0,0.0,2.0
20260304,600775.SH,,,,,,,,,,,,,14.91,12.2,,,,,0.0,0.0,2.0
20260304,600776.SH,,,,,,,,,,,,,18.4,15.06,,,,,0.0,0.0,2.0
20260304,600777.SH,,,,,,,,,,,,,5.15,4.66,,,,,0.0,0.0,2.0
20260304,600778.SH,,,,,,,,,,,,,7.47,6.11,,,,,0.0,0.0,2.0
20260304,600779.SH,,,,,,,,,,,,,40.34,33.0,,,,,0.0,0.0,2.0
20260304,600780.SH,,,,,,,,,,,,,7.17,5.87,,,,,0.0,0.0,2.0
20260304,600782.SH,,,,,,,,,,,,,4.62,3.78,,,,,0.0,0.0,2.0
20260304,600783.SH,,,,,,,,,,,,,24.08,19.7,,,,,0.0,0.0,2.0
20260304,600784.SH,,,,,,,,,,,,,7.9,6.46,,,,,0.0,0.0,2.0
20260304,600785.SH,,,,,,,,,,,,,21.25,17.39,,,,,0.0,0.0,2.0
20260304,600787.SH,,,,,,,,,,,,,6.49,5.31,,,,,0.0,0.0,2.0
20260304,600789.SH,,,,,,,,,,,,,9.68,7.92,,,,,0.0,0.0,2.0
20260304,600790.SH,,,,,,,,,,,,,4.28,3.5,,,,,0.0,0.0,2.0
20260304,600791.SH,,,,,,,,,,,,,8.98,7.34,,,,,0.0,0.0,2.0
20260304,600792.SH,,,,,,,,,,,,,5.96,4.88,,,,,0.0,0.0,2.0
20260304,600793.SH,,,,,,,,,,,,,21.29,17.42,,,,,0.0,0.0,2.0
20260304,600794.SH,,,,,,,,,,,,,4.52,3.7,,,,,0.0,0.0,2.0
20260304,600795.SH,,,,,,,,,,,,,5.46,4.46,,,,,0.0,0.0,2.0
20260304,600796.SH,,,,,,,,,,,,,7.54,6.17,,,,,0.0,0.0,2.0
20260304,600797.SH,,,,,,,,,,,,,10.55,8.63,,,,,0.0,0.0,2.0
20260304,600798.SH,,,,,,,,,,,,,5.1,4.18,,,,,0.0,0.0,2.0
20260304,600800.SH,,,,,,,,,,,,,5.29,4.33,,,,,0.0,0.0,2.0
20260304,600801.SH,,,,,,,,,,,,,26.07,21.33,,,,,0.0,0.0,2.0
20260304,600802.SH,,,,,,,,,,,,,6.92,5.66,,,,,0.0,0.0,2.0
20260304,600803.SH,,,,,,,,,,,,,26.46,21.65,,,,,0.0,0.0,2.0
20260304,600805.SH,,,,,,,,,,,,,6.05,4.95,,,,,0.0,0.0,2.0
20260304,600807.SH,,,,,,,,,,,,,3.52,2.88,,,,,0.0,0.0,2.0
20260304,600808.SH,,,,,,,,,,,,,4.65,3.81,,,,,0.0,0.0,2.0
20260304,600809.SH,,,,,,,,,,,,,177.85,145.51,,,,,0.0,0.0,2.0
20260304,600810.SH,,,,,,,,,,,,,8.91,7.29,,,,,0.0,0.0,2.0
20260304,600812.SH,,,,,,,,,,,,,6.14,5.02,,,,,0.0,0.0,2.0
20260304,600814.SH,,,,,,,,,,,,,8.98,7.34,,,,,0.0,0.0,2.0
20260304,600815.SH,,,,,,,,,,,,,3.48,2.84,,,,,0.0,0.0,2.0
20260304,600816.SH,,,,,,,,,,,,,3.06,2.5,,,,,0.0,0.0,2.0
20260304,600817.SH,,,,,,,,,,,,,13.01,10.65,,,,,0.0,0.0,2.0
20260304,600818.SH,,,,,,,,,,,,,10.09,8.25,,,,,0.0,0.0,2.0
20260304,600819.SH,,,,,,,,,,,,,8.79,7.19,,,,,0.0,0.0,2.0
20260304,600820.SH,,,,,,,,,,,,,7.17,5.87,,,,,0.0,0.0,2.0
20260304,600821.SH,,U,3.0,116078171.0,116078171.0,93828.0,133419.0,,,,,,7.87,6.44,1.0,7.0,2.0,0.0,1.0,0.0,1.6434871167800216
20260304,600822.SH,,,,,,,,,,,,,11.52,9.42,,,,,0.0,0.0,2.0
20260304,600824.SH,,,,,,,,,,,,,4.7,3.84,,,,,0.0,0.0,2.0
20260304,600825.SH,,,,,,,,,,,,,6.59,5.39,,,,,0.0,0.0,2.0
20260304,600826.SH,,,,,,,,,,,,,12.35,10.11,,,,,0.0,0.0,2.0
20260304,600827.SH,,,,,,,,,,,,,9.63,7.88,,,,,0.0,0.0,2.0
20260304,600828.SH,,,,,,,,,,,,,6.51,5.33,,,,,0.0,0.0,2.0
20260304,600829.SH,,,,,,,,,,,,,11.34,9.28,,,,,0.0,0.0,2.0
20260304,600830.SH,,,,,,,,,,,,,10.34,8.46,,,,,0.0,0.0,2.0
20260304,600831.SH,,,,,,,,,,,,,4.59,3.75,,,,,0.0,0.0,2.0
20260304,600833.SH,,,,,,,,,,,,,13.78,11.28,,,,,0.0,0.0,2.0
20260304,600834.SH,,,,,,,,,,,,,9.31,7.61,,,,,0.0,0.0,2.0
20260304,600835.SH,,,,,,,,,,,,,27.1,22.18,,,,,0.0,0.0,2.0
20260304,600838.SH,,,,,,,,,,,,,11.53,9.43,,,,,0.0,0.0,2.0
20260304,600839.SH,,,,,,,,,,,,,10.68,8.74,,,,,0.0,0.0,2.0
20260304,600841.SH,,,,,,,,,,,,,10.95,8.96,,,,,0.0,0.0,2.0
20260304,600843.SH,,,,,,,,,,,,,11.91,9.75,,,,,0.0,0.0,2.0
20260304,600844.SH,,,,,,,,,,,,,3.8,3.11,,,,,0.0,0.0,2.0
20260304,600845.SH,,,,,,,,,,,,,24.64,20.16,,,,,0.0,0.0,2.0
20260304,600846.SH,,,,,,,,,,,,,14.32,11.72,,,,,0.0,0.0,2.0
20260304,600847.SH,,,,,,,,,,,,,14.92,12.2,,,,,0.0,0.0,2.0
20260304,600848.SH,,,,,,,,,,,,,11.95,9.77,,,,,0.0,0.0,2.0
20260304,600850.SH,,,,,,,,,,,,,28.63,23.43,,,,,0.0,0.0,2.0
20260304,600851.SH,,,,,,,,,,,,,8.47,6.93,,,,,0.0,0.0,2.0
20260304,600853.SH,,,,,,,,,,,,,4.57,3.74,,,,,0.0,0.0,2.0
20260304,600854.SH,,,,,,,,,,,,,5.68,4.64,,,,,0.0,0.0,2.0
20260304,600855.SH,,,,,,,,,,,,,21.09,17.25,,,,,0.0,0.0,2.0
20260304,600857.SH,,,,,,,,,,,,,13.86,11.34,,,,,0.0,0.0,2.0
20260304,600858.SH,,,,,,,,,,,,,6.63,5.43,,,,,0.0,0.0,2.0
20260304,600859.SH,,,,,,,,,,,,,14.64,11.98,,,,,0.0,0.0,2.0
20260304,600860.SH,,,,,,,,,,,,,15.05,12.31,,,,,0.0,0.0,2.0
20260304,600861.SH,,,,,,,,,,,,,19.17,15.69,,,,,0.0,0.0,2.0
20260304,600862.SH,,,,,,,,,,,,,28.12,23.0,,,,,0.0,0.0,2.0
20260304,600863.SH,,,,,,,,,,,,,5.65,4.63,,,,,0.0,0.0,2.0
20260304,600864.SH,,,,,,,,,,,,,7.11,5.81,,,,,0.0,0.0,2.0
20260304,600865.SH,,,,,,,,,,,,,13.46,11.02,,,,,0.0,0.0,2.0
20260304,600866.SH,,,,,,,,,,,,,8.47,6.93,,,,,0.0,0.0,2.0
20260304,600867.SH,,,,,,,,,,,,,9.77,7.99,,,,,0.0,0.0,2.0
20260304,600868.SH,,,,,,,,,,,,,4.07,3.33,,,,,0.0,0.0,2.0
20260304,600869.SH,,,,,,,,,,,,,14.84,12.14,,,,,0.0,0.0,2.0
20260304,600871.SH,,U,2.0,10787625.0,10787625.0,92501.0,150000.0,,,,,,4.27,3.49,1.0,3.0,3.0,0.0,1.0,0.0,1.5966681851389677
20260304,600872.SH,,,,,,,,,,,,,20.39,16.69,,,,,0.0,0.0,2.0
20260304,600873.SH,,,,,,,,,,,,,12.45,10.19,,,,,0.0,0.0,2.0
20260304,600874.SH,,,,,,,,,,,,,6.99,5.72,,,,,0.0,0.0,2.0
20260304,600875.SH,,,,,,,,,,,,,38.7,31.66,,,,,0.0,0.0,2.0
20260304,600876.SH,,,,,,,,,,,,,11.59,9.49,,,,,0.0,0.0,2.0
20260304,600877.SH,,,,,,,,,,,,,19.57,16.01,,,,,0.0,0.0,2.0
20260304,600879.SH,,,,,,,,,,,,,27.24,22.28,,,,,0.0,0.0,2.0
20260304,600880.SH,,,,,,,,,,,,,5.69,4.65,,,,,0.0,0.0,2.0
20260304,600881.SH,,,,,,,,,,,,,1.91,1.57,,,,,0.0,0.0,2.0
20260304,600882.SH,,,,,,,,,,,,,23.17,18.95,,,,,0.0,0.0,2.0
20260304,600883.SH,,,,,,,,,,,,,9.24,7.56,,,,,0.0,0.0,2.0
20260304,600884.SH,,,,,,,,,,,,,15.73,12.87,,,,,0.0,0.0,2.0
20260304,600885.SH,,,,,,,,,,,,,33.55,27.45,,,,,0.0,0.0,2.0
20260304,600886.SH,,,,,,,,,,,,,14.96,12.24,,,,,0.0,0.0,2.0
20260304,600887.SH,,,,,,,,,,,,,28.52,23.34,,,,,0.0,0.0,2.0
20260304,600888.SH,,,,,,,,,,,,,10.07,8.24,,,,,0.0,0.0,2.0
20260304,600889.SH,,,,,,,,,,,,,18.11,14.81,,,,,0.0,0.0,2.0
20260304,600892.SH,,,,,,,,,,,,,3.85,3.49,,,,,0.0,0.0,2.0
20260304,600893.SH,,,,,,,,,,,,,61.99,50.72,,,,,0.0,0.0,2.0
20260304,600894.SH,,,,,,,,,,,,,10.4,8.51,,,,,0.0,0.0,2.0
20260304,600895.SH,,,,,,,,,,,,,41.66,34.08,,,,,0.0,0.0,2.0
20260304,600897.SH,,,,,,,,,,,,,18.59,15.21,,,,,0.0,0.0,2.0
20260304,600900.SH,,,,,,,,,,,,,29.67,24.27,,,,,0.0,0.0,2.0
20260304,600901.SH,,,,,,,,,,,,,7.06,5.78,,,,,0.0,0.0,2.0
20260304,600903.SH,,,,,,,,,,,,,8.47,6.93,,,,,0.0,0.0,2.0
20260304,600905.SH,,,,,,,,,,,,,4.61,3.77,,,,,0.0,0.0,2.0
20260304,600906.SH,,,,,,,,,,,,,7.44,6.08,,,,,0.0,0.0,2.0
20260304,600908.SH,,,,,,,,,,,,,6.46,5.28,,,,,0.0,0.0,2.0
20260304,600909.SH,,,,,,,,,,,,,6.84,5.6,,,,,0.0,0.0,2.0
20260304,600916.SH,,,,,,,,,,,,,12.43,10.17,,,,,0.0,0.0,2.0
20260304,600917.SH,,,,,,,,,,,,,7.06,5.78,,,,,0.0,0.0,2.0
20260304,600918.SH,,,,,,,,,,,,,6.94,5.68,,,,,0.0,0.0,2.0
20260304,600919.SH,,,,,,,,,,,,,11.52,9.42,,,,,0.0,0.0,2.0
20260304,600925.SH,,,,,,,,,,,,,5.34,4.37,,,,,0.0,0.0,2.0
20260304,600926.SH,,,,,,,,,,,,,18.13,14.83,,,,,0.0,0.0,2.0
20260304,600927.SH,,,,,,,,,,,,,16.34,13.37,,,,,0.0,0.0,2.0
20260304,600928.SH,,,,,,,,,,,,,4.09,3.35,,,,,0.0,0.0,2.0
20260304,600929.SH,,,,,,,,,,,,,7.04,5.76,,,,,0.0,0.0,2.0
20260304,600930.SH,,,,,,,,,,,,,6.58,5.38,,,,,0.0,0.0,2.0
20260304,600933.SH,,,,,,,,,,,,,18.92,15.48,,,,,0.0,0.0,2.0
20260304,600935.SH,,,,,,,,,,,,,3.1,2.54,,,,,0.0,0.0,2.0
20260304,600936.SH,,,,,,,,,,,,,4.27,3.49,,,,,0.0,0.0,2.0
20260304,600938.SH,,,,,,,,,,,,,47.75,39.07,,,,,0.0,0.0,2.0
20260304,600939.SH,,,,,,,,,,,,,3.49,2.85,,,,,0.0,0.0,2.0
20260304,600941.SH,,,,,,,,,,,,,105.19,86.07,,,,,0.0,0.0,2.0
20260304,600955.SH,,,,,,,,,,,,,20.93,17.13,,,,,0.0,0.0,2.0
20260304,600956.SH,,,,,,,,,,,,,9.57,7.83,,,,,0.0,0.0,2.0
20260304,600958.SH,,,,,,,,,,,,,10.86,8.88,,,,,0.0,0.0,2.0
20260304,600959.SH,,,,,,,,,,,,,4.28,3.5,,,,,0.0,0.0,2.0
20260304,600960.SH,,,,,,,,,,,,,5.98,4.9,,,,,0.0,0.0,2.0
20260304,600961.SH,,,,,,,,,,,,,25.75,21.07,,,,,0.0,0.0,2.0
20260304,600962.SH,,,,,,,,,,,,,22.63,18.51,,,,,0.0,0.0,2.0
20260304,600963.SH,,,,,,,,,,,,,6.71,5.49,,,,,0.0,0.0,2.0
20260304,600965.SH,,,,,,,,,,,,,6.42,5.26,,,,,0.0,0.0,2.0
20260304,600966.SH,,,,,,,,,,,,,9.08,7.43,,,,,0.0,0.0,2.0
20260304,600967.SH,,,,,,,,,,,,,19.04,15.58,,,,,0.0,0.0,2.0
20260304,600968.SH,,,,,,,,,,,,,6.09,4.99,,,,,0.0,0.0,2.0
20260304,600969.SH,,,,,,,,,,,,,11.1,9.08,,,,,0.0,0.0,2.0
20260304,600970.SH,,,,,,,,,,,,,11.98,9.8,,,,,0.0,0.0,2.0
20260304,600971.SH,,,,,,,,,,,,,8.47,6.93,,,,,0.0,0.0,2.0
20260304,600973.SH,,,,,,,,,,,,,7.77,6.35,,,,,0.0,0.0,2.0
20260304,600975.SH,,,,,,,,,,,,,6.26,5.12,,,,,0.0,0.0,2.0
20260304,600976.SH,,,,,,,,,,,,,35.09,28.71,,,,,0.0,0.0,2.0
20260304,600977.SH,,,,,,,,,,,,,15.2,12.44,,,,,0.0,0.0,2.0
20260304,600979.SH,,,,,,,,,,,,,5.79,4.73,,,,,0.0,0.0,2.0
20260304,600980.SH,,,,,,,,,,,,,27.46,22.46,,,,,0.0,0.0,2.0
20260304,600981.SH,,,,,,,,,,,,,3.43,2.81,,,,,0.0,0.0,2.0
20260304,600982.SH,,,,,,,,,,,,,5.38,4.4,,,,,0.0,0.0,2.0
20260304,600983.SH,,,,,,,,,,,,,13.23,10.83,,,,,0.0,0.0,2.0
20260304,600984.SH,,,,,,,,,,,,,5.2,4.26,,,,,0.0,0.0,2.0
20260304,600985.SH,,,,,,,,,,,,,15.19,12.43,,,,,0.0,0.0,2.0
20260304,600986.SH,,,,,,,,,,,,,12.03,9.85,,,,,0.0,0.0,2.0
20260304,600987.SH,,,,,,,,,,,,,9.01,7.37,,,,,0.0,0.0,2.0
20260304,600988.SH,,,,,,,,,,,,,46.97,38.43,,,,,0.0,0.0,2.0
20260304,600989.SH,,,,,,,,,,,,,31.36,25.66,,,,,0.0,0.0,2.0
20260304,600990.SH,,,,,,,,,,,,,28.6,23.4,,,,,0.0,0.0,2.0
20260304,600992.SH,,,,,,,,,,,,,15.08,12.34,,,,,0.0,0.0,2.0
20260304,600993.SH,,,,,,,,,,,,,29.15,23.85,,,,,0.0,0.0,2.0
20260304,600995.SH,,,,,,,,,,,,,15.97,13.07,,,,,0.0,0.0,2.0
20260304,600996.SH,,,,,,,,,,,,,8.67,7.09,,,,,0.0,0.0,2.0
20260304,600997.SH,,,,,,,,,,,,,7.45,6.09,,,,,0.0,0.0,2.0
20260304,600998.SH,,,,,,,,,,,,,5.8,4.74,,,,,0.0,0.0,2.0
20260304,600999.SH,,,,,,,,,,,,,17.97,14.71,,,,,0.0,0.0,2.0
20260304,601000.SH,,,,,,,,,,,,,4.68,3.83,,,,,0.0,0.0,2.0
20260304,601001.SH,,,,,,,,,,,,,18.7,15.3,,,,,0.0,0.0,2.0
20260304,601002.SH,,,,,,,,,,,,,5.78,4.73,,,,,0.0,0.0,2.0
20260304,601003.SH,,,,,,,,,,,,,6.16,5.04,,,,,0.0,0.0,2.0
20260304,601005.SH,,,,,,,,,,,,,1.72,1.4,,,,,0.0,0.0,2.0
20260304,601006.SH,,,,,,,,,,,,,5.72,4.68,,,,,0.0,0.0,2.0
20260304,601007.SH,,,,,,,,,,,,,8.6,7.04,,,,,0.0,0.0,2.0
20260304,601008.SH,,,,,,,,,,,,,6.78,5.54,,,,,0.0,0.0,2.0
20260304,601009.SH,,,,,,,,,,,,,12.51,10.23,,,,,0.0,0.0,2.0
20260304,601010.SH,,,,,,,,,,,,,2.63,2.15,,,,,0.0,0.0,2.0
20260304,601011.SH,,,,,,,,,,,,,4.39,3.59,,,,,0.0,0.0,2.0
20260304,601012.SH,,,,,,,,,,,,,19.79,16.19,,,,,0.0,0.0,2.0
20260304,601015.SH,,,,,,,,,,,,,6.26,5.12,,,,,0.0,0.0,2.0
20260304,601016.SH,,,,,,,,,,,,,3.54,2.9,,,,,0.0,0.0,2.0
20260304,601018.SH,,,,,,,,,,,,,4.64,3.8,,,,,0.0,0.0,2.0
20260304,601019.SH,,,,,,,,,,,,,9.79,8.01,,,,,0.0,0.0,2.0
20260304,601020.SH,,,,,,,,,,,,,41.39,33.87,,,,,0.0,0.0,2.0
20260304,601021.SH,,,,,,,,,,,,,56.47,46.21,,,,,0.0,0.0,2.0
20260304,601022.SH,,,,,,,,,,,,,12.36,10.12,,,,,0.0,0.0,2.0
20260304,601026.SH,,,,,,,,,,,,,23.16,18.95,,,,,0.0,0.0,2.0
20260304,601033.SH,,,,,,,,,,,,,16.93,13.85,,,,,0.0,0.0,2.0
20260304,601038.SH,,,,,,,,,,,,,15.69,12.83,,,,,0.0,0.0,2.0
20260304,601058.SH,,,,,,,,,,,,,16.16,13.22,,,,,0.0,0.0,2.0
20260304,601059.SH,,,,,,,,,,,,,19.32,15.8,,,,,0.0,0.0,2.0
20260304,601061.SH,,,,,,,,,,,,,16.59,13.57,,,,,0.0,0.0,2.0
20260304,601065.SH,,,,,,,,,,,,,9.59,7.85,,,,,0.0,0.0,2.0
20260304,601066.SH,,,,,,,,,,,,,25.85,21.15,,,,,0.0,0.0,2.0
20260304,601068.SH,,,,,,,,,,,,,6.81,5.57,,,,,0.0,0.0,2.0
20260304,601069.SH,,,,,,,,,,,,,45.05,36.86,,,,,0.0,0.0,2.0
20260304,601077.SH,,,,,,,,,,,,,7.38,6.04,,,,,0.0,0.0,2.0
20260304,601083.SH,,,,,,,,,,,,,15.1,12.36,,,,,0.0,0.0,2.0
20260304,601086.SH,,,,,,,,,,,,,10.31,8.43,,,,,0.0,0.0,2.0
20260304,601088.SH,,,,,,,,,,,,,50.39,41.23,,,,,0.0,0.0,2.0
20260304,601089.SH,,,,,,,,,,,,,25.81,21.11,,,,,0.0,0.0,2.0
20260304,601096.SH,,U,1.0,61816011.0,61816011.0,100806.0,134830.0,,,,,,6.28,5.14,0.0,,,0.0,1.0,0.0,1.576412310021943
20260304,601098.SH,,,,,,,,,,,,,12.0,9.82,,,,,0.0,0.0,2.0
20260304,601099.SH,,,,,,,,,,,,,4.43,3.63,,,,,0.0,0.0,2.0
20260304,601100.SH,,,,,,,,,,,,,117.54,96.17,,,,,0.0,0.0,2.0
20260304,601101.SH,,,,,,,,,,,,,9.5,7.78,,,,,0.0,0.0,2.0
20260304,601106.SH,,,,,,,,,,,,,5.17,4.23,,,,,0.0,0.0,2.0
20260304,601107.SH,,,,,,,,,,,,,6.96,5.7,,,,,0.0,0.0,2.0
20260304,601108.SH,,,,,,,,,,,,,9.26,7.58,,,,,0.0,0.0,2.0
20260304,601111.SH,,,,,,,,,,,,,8.71,7.13,,,,,0.0,0.0,2.0
20260304,601112.SH,,,,,,,,,,,,,21.45,17.55,,,,,0.0,0.0,2.0
20260304,601113.SH,,,,,,,,,,,,,4.98,4.08,,,,,0.0,0.0,2.0
20260304,601116.SH,,,,,,,,,,,,,16.3,13.34,,,,,0.0,0.0,2.0
20260304,601117.SH,,,,,,,,,,,,,10.07,8.24,,,,,0.0,0.0,2.0
20260304,601118.SH,,,,,,,,,,,,,8.15,6.67,,,,,0.0,0.0,2.0
20260304,601121.SH,,,,,,,,,,,,,9.41,7.7,,,,,0.0,0.0,2.0
20260304,601126.SH,,,,,,,,,,,,,50.91,41.65,,,,,0.0,0.0,2.0
20260304,601127.SH,,,,,,,,,,,,,112.64,92.16,,,,,0.0,0.0,2.0
20260304,601128.SH,,,,,,,,,,,,,7.89,6.45,,,,,0.0,0.0,2.0
20260304,601133.SH,,,,,,,,,,,,,17.89,14.63,,,,,0.0,0.0,2.0
20260304,601136.SH,,,,,,,,,,,,,19.45,15.91,,,,,0.0,0.0,2.0
20260304,601137.SH,,,,,,,,,,,,,22.43,18.35,,,,,0.0,0.0,2.0
20260304,601138.SH,,,,,,,,,,,,,60.37,49.39,,,,,0.0,0.0,2.0
20260304,601139.SH,,,,,,,,,,,,,8.66,7.08,,,,,0.0,0.0,2.0
20260304,601155.SH,,,,,,,,,,,,,18.04,14.76,,,,,0.0,0.0,2.0
20260304,601156.SH,,,,,,,,,,,,,20.02,16.38,,,,,0.0,0.0,2.0
20260304,601158.SH,,,,,,,,,,,,,5.05,4.13,,,,,0.0,0.0,2.0
20260304,601162.SH,,,,,,,,,,,,,4.37,3.57,,,,,0.0,0.0,2.0
20260304,601163.SH,,,,,,,,,,,,,16.92,13.84,,,,,0.0,0.0,2.0
20260304,601166.SH,,,,,,,,,,,,,20.28,16.6,,,,,0.0,0.0,2.0
20260304,601168.SH,,,,,,,,,,,,,36.56,29.92,,,,,0.0,0.0,2.0
20260304,601169.SH,,,,,,,,,,,,,5.95,4.87,,,,,0.0,0.0,2.0
20260304,601177.SH,,,,,,,,,,,,,17.47,14.29,,,,,0.0,0.0,2.0
20260304,601179.SH,,,,,,,,,,,,,17.02,13.92,,,,,0.0,0.0,2.0
20260304,601186.SH,,,,,,,,,,,,,7.98,6.53,,,,,0.0,0.0,2.0
20260304,601187.SH,,,,,,,,,,,,,8.31,6.8,,,,,0.0,0.0,2.0
20260304,601188.SH,,,,,,,,,,,,,4.02,3.29,,,,,0.0,0.0,2.0
20260304,601198.SH,,,,,,,,,,,,,15.2,12.44,,,,,0.0,0.0,2.0
20260304,601199.SH,,,,,,,,,,,,,6.68,5.46,,,,,0.0,0.0,2.0
20260304,601200.SH,,,,,,,,,,,,,9.47,7.75,,,,,0.0,0.0,2.0
20260304,601208.SH,,,,,,,,,,,,,34.85,28.51,,,,,0.0,0.0,2.0
20260304,601211.SH,,,,,,,,,,,,,20.74,16.97,,,,,0.0,0.0,2.0
20260304,601212.SH,,,,,,,,,,,,,11.68,9.56,,,,,0.0,0.0,2.0
20260304,601216.SH,,,,,,,,,,,,,6.56,5.36,,,,,0.0,0.0,2.0
20260304,601218.SH,,,,,,,,,,,,,6.02,4.92,,,,,0.0,0.0,2.0
20260304,601222.SH,,,,,,,,,,,,,6.71,5.49,,,,,0.0,0.0,2.0
20260304,601225.SH,,,,,,,,,,,,,27.82,22.76,,,,,0.0,0.0,2.0
20260304,601226.SH,,,,,,,,,,,,,11.9,9.74,,,,,0.0,0.0,2.0
20260304,601228.SH,,,,,,,,,,,,,3.93,3.21,,,,,0.0,0.0,2.0
20260304,601229.SH,,,,,,,,,,,,,10.85,8.87,,,,,0.0,0.0,2.0
20260304,601231.SH,,,,,,,,,,,,,47.94,39.22,,,,,0.0,0.0,2.0
20260304,601233.SH,,,,,,,,,,,,,26.4,21.6,,,,,0.0,0.0,2.0
20260304,601236.SH,,,,,,,,,,,,,8.87,7.25,,,,,0.0,0.0,2.0
20260304,601238.SH,,,,,,,,,,,,,8.6,7.04,,,,,0.0,0.0,2.0
20260304,601279.SH,,,,,,,,,,,,,4.72,3.86,,,,,0.0,0.0,2.0
20260304,601288.SH,,,,,,,,,,,,,7.4,6.06,,,,,0.0,0.0,2.0
20260304,601298.SH,,,,,,,,,,,,,10.33,8.45,,,,,0.0,0.0,2.0
20260304,601311.SH,,,,,,,,,,,,,10.37,8.49,,,,,0.0,0.0,2.0
20260304,601318.SH,,,,,,,,,,,,,68.83,56.31,,,,,0.0,0.0,2.0
20260304,601319.SH,,,,,,,,,,,,,9.52,7.79,,,,,0.0,0.0,2.0
20260304,601326.SH,,,,,,,,,,,,,4.03,3.29,,,,,0.0,0.0,2.0
20260304,601328.SH,,,,,,,,,,,,,7.41,6.07,,,,,0.0,0.0,2.0
20260304,601330.SH,,,,,,,,,,,,,8.1,6.62,,,,,0.0,0.0,2.0
20260304,601333.SH,,,,,,,,,,,,,3.45,2.83,,,,,0.0,0.0,2.0
20260304,601336.SH,,,,,,,,,,,,,84.55,69.17,,,,,0.0,0.0,2.0
20260304,601339.SH,,,,,,,,,,,,,8.1,6.62,,,,,0.0,0.0,2.0
20260304,601360.SH,,,,,,,,,,,,,12.51,10.23,,,,,0.0,0.0,2.0
20260304,601366.SH,,,,,,,,,,,,,4.97,4.07,,,,,0.0,0.0,2.0
20260304,601368.SH,,,,,,,,,,,,,5.89,4.82,,,,,0.0,0.0,2.0
20260304,601369.SH,,,,,,,,,,,,,12.58,10.3,,,,,0.0,0.0,2.0
20260304,601375.SH,,,,,,,,,,,,,4.75,3.89,,,,,0.0,0.0,2.0
20260304,601377.SH,,,,,,,,,,,,,7.16,5.86,,,,,0.0,0.0,2.0
20260304,601388.SH,,,,,,,,,,,,,4.42,3.62,,,,,0.0,0.0,2.0
20260304,601390.SH,,,,,,,,,,,,,6.61,5.41,,,,,0.0,0.0,2.0
20260304,601398.SH,,,,,,,,,,,,,7.83,6.41,,,,,0.0,0.0,2.0
20260304,601399.SH,,,,,,,,,,,,,5.34,4.37,,,,,0.0,0.0,2.0
20260304,601456.SH,,,,,,,,,,,,,10.59,8.67,,,,,0.0,0.0,2.0
20260304,601500.SH,,,,,,,,,,,,,4.85,3.97,,,,,0.0,0.0,2.0
20260304,601512.SH,,,,,,,,,,,,,10.12,8.28,,,,,0.0,0.0,2.0
20260304,601515.SH,,,,,,,,,,,,,4.95,4.05,,,,,0.0,0.0,2.0
20260304,601518.SH,,,,,,,,,,,,,3.26,2.66,,,,,0.0,0.0,2.0
20260304,601519.SH,,,,,,,,,,,,,12.62,10.32,,,,,0.0,0.0,2.0
20260304,601528.SH,,,,,,,,,,,,,6.0,4.91,,,,,0.0,0.0,2.0
20260304,601566.SH,,,,,,,,,,,,,12.1,9.9,,,,,0.0,0.0,2.0
20260304,601567.SH,,,,,,,,,,,,,27.72,22.68,,,,,0.0,0.0,2.0
20260304,601568.SH,,,,,,,,,,,,,4.72,3.86,,,,,0.0,0.0,2.0
20260304,601577.SH,,,,,,,,,,,,,10.73,8.78,,,,,0.0,0.0,2.0
20260304,601579.SH,,,,,,,,,,,,,19.14,15.66,,,,,0.0,0.0,2.0
20260304,601588.SH,,,,,,,,,,,,,2.01,1.65,,,,,0.0,0.0,2.0
20260304,601595.SH,,,,,,,,,,,,,29.08,23.8,,,,,0.0,0.0,2.0
20260304,601598.SH,,,,,,,,,,,,,6.81,5.57,,,,,0.0,0.0,2.0
20260304,601599.SH,,,,,,,,,,,,,4.47,3.65,,,,,0.0,0.0,2.0
20260304,601600.SH,,,,,,,,,,,,,15.37,12.57,,,,,0.0,0.0,2.0
20260304,601601.SH,,,,,,,,,,,,,43.95,35.96,,,,,0.0,0.0,2.0
20260304,601606.SH,,,,,,,,,,,,,51.7,42.3,,,,,0.0,0.0,2.0
20260304,601607.SH,,,,,,,,,,,,,18.93,15.49,,,,,0.0,0.0,2.0
20260304,601608.SH,,,,,,,,,,,,,8.09,6.62,,,,,0.0,0.0,2.0
20260304,601609.SH,,,,,,,,,,,,,12.53,10.25,,,,,0.0,0.0,2.0
20260304,601611.SH,,,,,,,,,,,,,17.03,13.93,,,,,0.0,0.0,2.0
20260304,601615.SH,,,,,,,,,,,,,21.66,17.72,,,,,0.0,0.0,2.0
20260304,601616.SH,,,,,,,,,,,,,5.67,4.64,,,,,0.0,0.0,2.0
20260304,601618.SH,,,,,,,,,,,,,3.43,2.81,,,,,0.0,0.0,2.0
20260304,601619.SH,,,,,,,,,,,,,7.35,6.01,,,,,0.0,0.0,2.0
20260304,601628.SH,,,,,,,,,,,,,48.53,39.71,,,,,0.0,0.0,2.0
20260304,601633.SH,,,,,,,,,,,,,22.19,18.15,,,,,0.0,0.0,2.0
20260304,601636.SH,,,,,,,,,,,,,7.85,6.43,,,,,0.0,0.0,2.0
20260304,601658.SH,,,,,,,,,,,,,5.54,4.54,,,,,0.0,0.0,2.0
20260304,601665.SH,,,,,,,,,,,,,6.28,5.14,,,,,0.0,0.0,2.0
20260304,601666.SH,,,,,,,,,,,,,9.89,8.09,,,,,0.0,0.0,2.0
20260304,601668.SH,,,,,,,,,,,,,5.54,4.54,,,,,0.0,0.0,2.0
20260304,601669.SH,,,,,,,,,,,,,6.15,5.03,,,,,0.0,0.0,2.0
20260304,601677.SH,,,,,,,,,,,,,18.29,14.97,,,,,0.0,0.0,2.0
20260304,601678.SH,,,,,,,,,,,,,6.05,4.95,,,,,0.0,0.0,2.0
20260304,601686.SH,,,,,,,,,,,,,6.88,5.63,,,,,0.0,0.0,2.0
20260304,601688.SH,,,,,,,,,,,,,23.01,18.83,,,,,0.0,0.0,2.0
20260304,601689.SH,,,,,,,,,,,,,70.39,57.59,,,,,0.0,0.0,2.0
20260304,601696.SH,,,,,,,,,,,,,14.88,12.18,,,,,0.0,0.0,2.0
20260304,601698.SH,,,,,,,,,,,,,39.62,32.42,,,,,0.0,0.0,2.0
20260304,601699.SH,,,,,,,,,,,,,16.42,13.44,,,,,0.0,0.0,2.0
20260304,601700.SH,,,,,,,,,,,,,6.3,5.16,,,,,0.0,0.0,2.0
20260304,601702.SH,,,,,,,,,,,,,24.54,20.08,,,,,0.0,0.0,2.0
20260304,601717.SH,,,,,,,,,,,,,26.13,21.38,,,,,0.0,0.0,2.0
20260304,601718.SH,,,,,,,,,,,,,3.69,3.02,,,,,0.0,0.0,2.0
20260304,601727.SH,,,,,,,,,,,,,9.35,7.65,,,,,0.0,0.0,2.0
20260304,601728.SH,,,,,,,,,,,,,6.47,5.29,,,,,0.0,0.0,2.0
20260304,601766.SH,,,,,,,,,,,,,6.9,5.64,,,,,0.0,0.0,2.0
20260304,601777.SH,,,,,,,,,,,,,11.28,9.23,,,,,0.0,0.0,2.0
20260304,601778.SH,,,,,,,,,,,,,4.98,4.08,,,,,0.0,0.0,2.0
20260304,601788.SH,,,,,,,,,,,,,17.83,14.59,,,,,0.0,0.0,2.0
20260304,601789.SH,,,,,,,,,,,,,5.47,4.47,,,,,0.0,0.0,2.0
20260304,601798.SH,,,,,,,,,,,,,10.86,8.88,,,,,0.0,0.0,2.0
20260304,601799.SH,,,,,,,,,,,,,163.9,134.1,,,,,0.0,0.0,2.0
20260304,601800.SH,,,,,,,,,,,,,8.89,7.27,,,,,0.0,0.0,2.0
20260304,601801.SH,,,,,,,,,,,,,7.59,6.21,,,,,0.0,0.0,2.0
20260304,601808.SH,,,,,,,,,,,,,22.46,18.38,,,,,0.0,0.0,2.0
20260304,601811.SH,,,,,,,,,,,,,14.95,12.23,,,,,0.0,0.0,2.0
20260304,601816.SH,,,,,,,,,,,,,5.61,4.59,,,,,0.0,0.0,2.0
20260304,601818.SH,,,,,,,,,,,,,3.59,2.93,,,,,0.0,0.0,2.0
20260304,601825.SH,,,,,,,,,,,,,9.3,7.61,,,,,0.0,0.0,2.0
20260304,601827.SH,,,,,,,,,,,,,9.68,7.92,,,,,0.0,0.0,2.0
20260304,601828.SH,,,,,,,,,,,,,2.79,2.29,,,,,0.0,0.0,2.0
20260304,601838.SH,,,,,,,,,,,,,18.44,15.08,,,,,0.0,0.0,2.0
20260304,601857.SH,,,,,,,,,,,,,14.47,11.84,,,,,0.0,0.0,2.0
20260304,601858.SH,,,,,,,,,,,,,22.5,18.41,,,,,0.0,0.0,2.0
20260304,601860.SH,,,,,,,,,,,,,3.08,2.52,,,,,0.0,0.0,2.0
20260304,601865.SH,,,,,,,,,,,,,17.74,14.52,,,,,0.0,0.0,2.0
20260304,601866.SH,,,,,,,,,,,,,3.58,2.93,,,,,0.0,0.0,2.0
20260304,601868.SH,,,,,,,,,,,,,2.77,2.27,,,,,0.0,0.0,2.0
20260304,601869.SH,,,,,,,,,,,,,259.6,212.4,,,,,0.0,0.0,2.0
20260304,601872.SH,,,,,,,,,,,,,21.62,17.69,,,,,0.0,0.0,2.0
20260304,601877.SH,,,,,,,,,,,,,35.55,29.09,,,,,0.0,0.0,2.0
20260304,601878.SH,,,,,,,,,,,,,11.43,9.35,,,,,0.0,0.0,2.0
20260304,601880.SH,,,,,,,,,,,,,1.96,1.6,,,,,0.0,0.0,2.0
20260304,601881.SH,,,,,,,,,,,,,15.82,12.94,,,,,0.0,0.0,2.0
20260304,601882.SH,,,,,,,,,,,,,22.95,18.77,,,,,0.0,0.0,2.0
20260304,601886.SH,,,,,,,,,,,,,9.9,8.1,,,,,0.0,0.0,2.0
20260304,601888.SH,,,,,,,,,,,,,83.3,68.16,,,,,0.0,0.0,2.0
20260304,601890.SH,,,,,,,,,,,,,13.7,11.21,,,,,0.0,0.0,2.0
20260304,601898.SH,,,,,,,,,,,,,19.25,15.75,,,,,0.0,0.0,2.0
20260304,601899.SH,,,,,,,,,,,,,42.75,34.97,,,,,0.0,0.0,2.0
20260304,601900.SH,,,,,,,,,,,,,15.6,12.76,,,,,0.0,0.0,2.0
20260304,601901.SH,,,,,,,,,,,,,8.16,6.68,,,,,0.0,0.0,2.0
20260304,601908.SH,,,,,,,,,,,,,4.33,3.55,,,,,0.0,0.0,2.0
20260304,601916.SH,,,,,,,,,,,,,3.3,2.7,,,,,0.0,0.0,2.0
20260304,601918.SH,,,,,,,,,,,,,8.97,7.34,,,,,0.0,0.0,2.0
20260304,601919.SH,,,,,,,,,,,,,18.67,15.27,,,,,0.0,0.0,2.0
20260304,601921.SH,,,,,,,,,,,,,8.66,7.08,,,,,0.0,0.0,2.0
20260304,601928.SH,,,,,,,,,,,,,10.88,8.9,,,,,0.0,0.0,2.0
20260304,601929.SH,,,,,,,,,,,,,3.6,2.94,,,,,0.0,0.0,2.0
20260304,601933.SH,,,,,,,,,,,,,4.6,3.76,,,,,0.0,0.0,2.0
20260304,601939.SH,,,,,,,,,,,,,9.79,8.01,,,,,0.0,0.0,2.0
20260304,601949.SH,,,,,,,,,,,,,7.26,5.94,,,,,0.0,0.0,2.0
20260304,601952.SH,,,,,,,,,,,,,10.91,8.93,,,,,0.0,0.0,2.0
20260304,601956.SH,,,,,,,,,,,,,7.62,6.24,,,,,0.0,0.0,2.0
20260304,601958.SH,,,,,,,,,,,,,27.87,22.81,,,,,0.0,0.0,2.0
20260304,601963.SH,,,,,,,,,,,,,11.39,9.32,,,,,0.0,0.0,2.0
20260304,601965.SH,,,,,,,,,,,,,20.76,16.98,,,,,0.0,0.0,2.0
20260304,601966.SH,,,,,,,,,,,,,16.3,13.34,,,,,0.0,0.0,2.0
20260304,601968.SH,,,,,,,,,,,,,6.29,5.15,,,,,0.0,0.0,2.0
20260304,601969.SH,,,,,,,,,,,,,15.02,12.29,,,,,0.0,0.0,2.0
20260304,601975.SH,,,,,,,,,,,,,5.47,4.47,,,,,0.0,0.0,2.0
20260304,601985.SH,,,,,,,,,,,,,9.57,7.83,,,,,0.0,0.0,2.0
20260304,601988.SH,,,,,,,,,,,,,5.96,4.88,,,,,0.0,0.0,2.0
20260304,601990.SH,,,,,,,,,,,,,8.42,6.89,,,,,0.0,0.0,2.0
20260304,601991.SH,,,,,,,,,,,,,4.4,3.6,,,,,0.0,0.0,2.0
20260304,601992.SH,,,,,,,,,,,,,2.09,1.71,,,,,0.0,0.0,2.0
20260304,601995.SH,,,,,,,,,,,,,38.07,31.15,,,,,0.0,0.0,2.0
20260304,601996.SH,,,,,,,,,,,,,2.66,2.18,,,,,0.0,0.0,2.0
20260304,601997.SH,,,,,,,,,,,,,6.37,5.21,,,,,0.0,0.0,2.0
20260304,601998.SH,,,,,,,,,,,,,8.01,6.55,,,,,0.0,0.0,2.0
20260304,601999.SH,,,,,,,,,,,,,7.79,6.37,,,,,0.0,0.0,2.0
20260304,603000.SH,,,,,,,,,,,,,23.45,19.19,,,,,0.0,0.0,2.0
20260304,603001.SH,,,,,,,,,,,,,9.75,7.97,,,,,0.0,0.0,2.0
20260304,603002.SH,,,,,,,,,,,,,11.89,9.73,,,,,0.0,0.0,2.0
20260304,603004.SH,,,,,,,,,,,,,26.8,21.92,,,,,0.0,0.0,2.0
20260304,603005.SH,,,,,,,,,,,,,34.18,27.96,,,,,0.0,0.0,2.0
20260304,603006.SH,,,,,,,,,,,,,15.0,12.28,,,,,0.0,0.0,2.0
20260304,603007.SH,,,,,,,,,,,,,6.66,6.02,,,,,0.0,0.0,2.0
20260304,603008.SH,,,,,,,,,,,,,21.16,17.32,,,,,0.0,0.0,2.0
20260304,603009.SH,,,,,,,,,,,,,56.3,46.06,,,,,0.0,0.0,2.0
20260304,603010.SH,,,,,,,,,,,,,12.67,10.37,,,,,0.0,0.0,2.0
20260304,603011.SH,,,,,,,,,,,,,29.16,23.86,,,,,0.0,0.0,2.0
20260304,603012.SH,,,,,,,,,,,,,8.58,7.02,,,,,0.0,0.0,2.0
20260304,603013.SH,,,,,,,,,,,,,24.93,20.39,,,,,0.0,0.0,2.0
20260304,603014.SH,,,,,,,,,,,,,42.44,34.72,,,,,0.0,0.0,2.0
20260304,603015.SH,,,,,,,,,,,,,14.83,12.13,,,,,0.0,0.0,2.0
20260304,603016.SH,,,,,,,,,,,,,33.97,27.79,,,,,0.0,0.0,2.0
20260304,603017.SH,,,,,,,,,,,,,13.49,11.03,,,,,0.0,0.0,2.0
20260304,603018.SH,,,,,,,,,,,,,8.45,6.91,,,,,0.0,0.0,2.0
20260304,603019.SH,,,,,,,,,,,,,91.61,74.95,,,,,0.0,0.0,2.0
20260304,603020.SH,,,,,,,,,,,,,11.33,9.27,,,,,0.0,0.0,2.0
20260304,603021.SH,,,,,,,,,,,,,7.31,6.61,,,,,0.0,0.0,2.0
20260304,603022.SH,,,,,,,,,,,,,11.94,9.77,,,,,0.0,0.0,2.0
20260304,603023.SH,,,,,,,,,,,,,5.38,4.4,,,,,0.0,0.0,2.0
20260304,603025.SH,,,,,,,,,,,,,17.89,14.63,,,,,0.0,0.0,2.0
20260304,603026.SH,,,,,,,,,,,,,70.44,57.64,,,,,0.0,0.0,2.0
20260304,603027.SH,,,,,,,,,,,,,10.6,8.68,,,,,0.0,0.0,2.0
20260304,603028.SH,,,,,,,,,,,,,10.42,8.52,,,,,0.0,0.0,2.0
20260304,603029.SH,,,,,,,,,,,,,21.14,17.3,,,,,0.0,0.0,2.0
20260304,603030.SH,,,,,,,,,,,,,2.87,2.35,,,,,0.0,0.0,2.0
20260304,603031.SH,,,,,,,,,,,,,61.3,50.16,,,,,0.0,0.0,2.0
20260304,603032.SH,,,,,,,,,,,,,19.14,15.66,,,,,0.0,0.0,2.0
20260304,603033.SH,,,,,,,,,,,,,11.32,9.26,,,,,0.0,0.0,2.0
20260304,603035.SH,,,,,,,,,,,,,16.23,13.28,,,,,0.0,0.0,2.0
20260304,603036.SH,,,,,,,,,,,,,23.08,18.88,,,,,0.0,0.0,2.0
20260304,603037.SH,,,,,,,,,,,,,16.53,13.53,,,,,0.0,0.0,2.0
20260304,603038.SH,,,,,,,,,,,,,17.99,14.72,,,,,0.0,0.0,2.0
20260304,603039.SH,,,,,,,,,,,,,47.58,38.93,,,,,0.0,0.0,2.0
20260304,603040.SH,,,,,,,,,,,,,103.86,84.98,,,,,0.0,0.0,2.0
20260304,603041.SH,,,,,,,,,,,,,14.23,11.65,,,,,0.0,0.0,2.0
20260304,603042.SH,,,,,,,,,,,,,21.74,17.78,,,,,0.0,0.0,2.0
20260304,603043.SH,,,,,,,,,,,,,19.28,15.78,,,,,0.0,0.0,2.0
20260304,603045.SH,,U,0.0,120643632.0,120643632.0,144207.0,144207.0,,,,,,32.41,26.51,1.0,6.0,2.0,0.0,1.0,0.0,2.3991305967730137
20260304,603048.SH,,,,,,,,,,,,,24.32,19.9,,,,,0.0,0.0,2.0
20260304,603049.SH,,,,,,,,,,,,,57.28,46.86,,,,,0.0,0.0,2.0
20260304,603050.SH,,,,,,,,,,,,,23.0,18.82,,,,,0.0,0.0,2.0
20260304,603051.SH,,,,,,,,,,,,,25.25,20.66,,,,,0.0,0.0,2.0
20260304,603052.SH,,,,,,,,,,,,,62.94,51.5,,,,,0.0,0.0,2.0
20260304,603053.SH,,,,,,,,,,,,,12.46,10.2,,,,,0.0,0.0,2.0
20260304,603055.SH,,,,,,,,,,,,,10.57,8.65,,,,,0.0,0.0,2.0
20260304,603057.SH,,,,,,,,,,,,,36.85,30.15,,,,,0.0,0.0,2.0
20260304,603058.SH,,,,,,,,,,,,,14.06,11.5,,,,,0.0,0.0,2.0
20260304,603059.SH,,,,,,,,,,,,,37.33,30.55,,,,,0.0,0.0,2.0
20260304,603060.SH,,,,,,,,,,,,,7.34,6.0,,,,,0.0,0.0,2.0
20260304,603061.SH,,,,,,,,,,,,,285.56,233.64,,,,,0.0,0.0,2.0
20260304,603062.SH,,,,,,,,,,,,,54.13,44.29,,,,,0.0,0.0,2.0
20260304,603063.SH,,,,,,,,,,,,,31.82,26.04,,,,,0.0,0.0,2.0
20260304,603065.SH,,,,,,,,,,,,,9.54,7.8,,,,,0.0,0.0,2.0
20260304,603066.SH,,,,,,,,,,,,,11.54,9.44,,,,,0.0,0.0,2.0
20260304,603067.SH,,,,,,,,,,,,,46.15,37.76,,,,,0.0,0.0,2.0
20260304,603068.SH,,,,,,,,,,,,,37.54,30.72,,,,,0.0,0.0,2.0
20260304,603069.SH,,,,,,,,,,,,,22.34,18.28,,,,,0.0,0.0,2.0
20260304,603070.SH,,,,,,,,,,,,,18.04,14.76,,,,,0.0,0.0,2.0
20260304,603071.SH,,,,,,,,,,,,,15.86,12.98,,,,,0.0,0.0,2.0
20260304,603072.SH,,,,,,,,,,,,,46.38,37.94,,,,,0.0,0.0,2.0
20260304,603073.SH,,,,,,,,,,,,,22.55,18.45,,,,,0.0,0.0,2.0
20260304,603075.SH,,,,,,,,,,,,,25.28,20.68,,,,,0.0,0.0,2.0
20260304,603076.SH,,,,,,,,,,,,,28.11,23.0,,,,,0.0,0.0,2.0
20260304,603077.SH,,,,,,,,,,,,,3.09,2.53,,,,,0.0,0.0,2.0
20260304,603078.SH,,,,,,,,,,,,,26.13,21.38,,,,,0.0,0.0,2.0
20260304,603079.SH,,,,,,,,,,,,,19.14,15.66,,,,,0.0,0.0,2.0
20260304,603080.SH,,,,,,,,,,,,,30.33,24.81,,,,,0.0,0.0,2.0
20260304,603081.SH,,,,,,,,,,,,,13.77,11.27,,,,,0.0,0.0,2.0
20260304,603082.SH,,,,,,,,,,,,,41.69,34.11,,,,,0.0,0.0,2.0
20260304,603083.SH,,,,,,,,,,,,,121.45,99.37,,,,,0.0,0.0,2.0
20260304,603085.SH,,,,,,,,,,,,,12.01,9.83,,,,,0.0,0.0,2.0
20260304,603086.SH,,,,,,,,,,,,,8.95,7.33,,,,,0.0,0.0,2.0
20260304,603087.SH,,,,,,,,,,,,,68.9,56.38,,,,,0.0,0.0,2.0
20260304,603088.SH,,,,,,,,,,,,,13.59,11.12,,,,,0.0,0.0,2.0
20260304,603089.SH,,,,,,,,,,,,,14.3,11.7,,,,,0.0,0.0,2.0
20260304,603090.SH,,,,,,,,,,,,,81.29,66.51,,,,,0.0,0.0,2.0
20260304,603091.SH,,,,,,,,,,,,,87.62,71.69,,,,,0.0,0.0,2.0
20260304,603092.SH,,,,,,,,,,,,,73.03,59.75,,,,,0.0,0.0,2.0
20260304,603093.SH,,,,,,,,,,,,,23.28,19.04,,,,,0.0,0.0,2.0
20260304,603095.SH,,,,,,,,,,,,,23.86,19.52,,,,,0.0,0.0,2.0
20260304,603096.SH,,,,,,,,,,,,,19.91,16.29,,,,,0.0,0.0,2.0
20260304,603097.SH,,,,,,,,,,,,,39.27,32.13,,,,,0.0,0.0,2.0
20260304,603098.SH,,,,,,,,,,,,,16.56,13.55,,,,,0.0,0.0,2.0
20260304,603099.SH,,,,,,,,,,,,,41.49,33.95,,,,,0.0,0.0,2.0
20260304,603100.SH,,,,,,,,,,,,,25.63,20.97,,,,,0.0,0.0,2.0
20260304,603101.SH,,,,,,,,,,,,,9.52,7.79,,,,,0.0,0.0,2.0
20260304,603102.SH,,,,,,,,,,,,,46.81,38.3,,,,,0.0,0.0,2.0
20260304,603103.SH,,,,,,,,,,,,,26.83,21.95,,,,,0.0,0.0,2.0
20260304,603105.SH,,,,,,,,,,,,,11.0,9.0,,,,,0.0,0.0,2.0
20260304,603106.SH,,,,,,,,,,,,,10.84,8.87,,,,,0.0,0.0,2.0
20260304,603107.SH,,,,,,,,,,,,,16.13,13.19,,,,,0.0,0.0,2.0
20260304,603108.SH,,,,,,,,,,,,,16.15,13.21,,,,,0.0,0.0,2.0
20260304,603109.SH,,,,,,,,,,,,,27.4,22.42,,,,,0.0,0.0,2.0
20260304,603110.SH,,,,,,,,,,,,,18.67,15.27,,,,,0.0,0.0,2.0
20260304,603111.SH,,,,,,,,,,,,,7.68,6.28,,,,,0.0,0.0,2.0
20260304,603112.SH,,,,,,,,,,,,,19.0,15.54,,,,,0.0,0.0,2.0
20260304,603113.SH,,,,,,,,,,,,,7.95,6.51,,,,,0.0,0.0,2.0
20260304,603115.SH,,,,,,,,,,,,,31.99,26.17,,,,,0.0,0.0,2.0
20260304,603116.SH,,,,,,,,,,,,,6.42,5.26,,,,,0.0,0.0,2.0
20260304,603117.SH,,,,,,,,,,,,,6.33,5.18,,,,,0.0,0.0,2.0
20260304,603118.SH,,,,,,,,,,,,,12.61,10.31,,,,,0.0,0.0,2.0
20260304,603119.SH,,,,,,,,,,,,,95.91,78.47,,,,,0.0,0.0,2.0
20260304,603120.SH,,,,,,,,,,,,,45.98,37.62,,,,,0.0,0.0,2.0
20260304,603122.SH,,,,,,,,,,,,,18.11,14.81,,,,,0.0,0.0,2.0
20260304,603123.SH,,,,,,,,,,,,,15.06,12.32,,,,,0.0,0.0,2.0
20260304,603124.SH,,,,,,,,,,,,,125.95,103.05,,,,,0.0,0.0,2.0
20260304,603125.SH,,,,,,,,,,,,,20.16,16.5,,,,,0.0,0.0,2.0
20260304,603126.SH,,,,,,,,,,,,,8.26,6.76,,,,,0.0,0.0,2.0
20260304,603127.SH,,,,,,,,,,,,,35.0,28.64,,,,,0.0,0.0,2.0
20260304,603128.SH,,,,,,,,,,,,,6.77,5.54,,,,,0.0,0.0,2.0
20260304,603129.SH,,,,,,,,,,,,,257.83,210.95,,,,,0.0,0.0,2.0
20260304,603130.SH,,,,,,,,,,,,,47.69,39.02,,,,,0.0,0.0,2.0
20260304,603131.SH,,,,,,,,,,,,,25.97,21.25,,,,,0.0,0.0,2.0
20260304,603132.SH,,,,,,,,,,,,,19.01,15.55,,,,,0.0,0.0,2.0
20260304,603135.SH,,,,,,,,,,,,,12.31,10.07,,,,,0.0,0.0,2.0
20260304,603136.SH,,,,,,,,,,,,,12.78,10.46,,,,,0.0,0.0,2.0
20260304,603137.SH,,,,,,,,,,,,,15.5,12.68,,,,,0.0,0.0,2.0
20260304,603138.SH,,,,,,,,,,,,,22.75,18.61,,,,,0.0,0.0,2.0
20260304,603139.SH,,,,,,,,,,,,,30.94,25.32,,,,,0.0,0.0,2.0
20260304,603150.SH,,,,,,,,,,,,,64.26,52.58,,,,,0.0,0.0,2.0
20260304,603151.SH,,,,,,,,,,,,,19.97,16.34,,,,,0.0,0.0,2.0
20260304,603153.SH,,,,,,,,,,,,,17.84,14.6,,,,,0.0,0.0,2.0
20260304,603155.SH,,,,,,,,,,,,,22.92,18.76,,,,,0.0,0.0,2.0
20260304,603156.SH,,,,,,,,,,,,,32.96,26.96,,,,,0.0,0.0,2.0
20260304,603158.SH,,,,,,,,,,,,,10.86,8.88,,,,,0.0,0.0,2.0
20260304,603159.SH,,,,,,,,,,,,,27.47,22.47,,,,,0.0,0.0,2.0
20260304,603160.SH,,,,,,,,,,,,,80.36,65.75,,,,,0.0,0.0,2.0
20260304,603161.SH,,,,,,,,,,,,,16.94,13.86,,,,,0.0,0.0,2.0
20260304,603162.SH,,,,,,,,,,,,,16.72,13.68,,,,,0.0,0.0,2.0
20260304,603163.SH,,,,,,,,,,,,,140.18,114.7,,,,,0.0,0.0,2.0
20260304,603165.SH,,,,,,,,,,,,,14.56,11.92,,,,,0.0,0.0,2.0
20260304,603166.SH,,,,,,,,,,,,,16.58,13.56,,,,,0.0,0.0,2.0
20260304,603167.SH,,,,,,,,,,,,,10.95,8.96,,,,,0.0,0.0,2.0
20260304,603168.SH,,,,,,,,,,,,,7.65,6.26,,,,,0.0,0.0,2.0
20260304,603169.SH,,,,,,,,,,,,,12.62,10.32,,,,,0.0,0.0,2.0
20260304,603170.SH,,,,,,,,,,,,,15.16,12.4,,,,,0.0,0.0,2.0
20260304,603171.SH,,,,,,,,,,,,,62.77,51.35,,,,,0.0,0.0,2.0
20260304,603172.SH,,,,,,,,,,,,,24.87,20.35,,,,,0.0,0.0,2.0
20260304,603173.SH,,,,,,,,,,,,,50.71,41.49,,,,,0.0,0.0,2.0
20260304,603175.SH,,U,0.0,19390269.0,19390269.0,100822.0,100822.0,,,,,,79.64,65.16,1.0,4.0,2.0,0.0,1.0,0.0,2.2739687942050626
20260304,603176.SH,,,,,,,,,,,,,6.02,4.92,,,,,0.0,0.0,2.0
20260304,603177.SH,,,,,,,,,,,,,13.6,11.12,,,,,0.0,0.0,2.0
20260304,603178.SH,,,,,,,,,,,,,18.1,14.81,,,,,0.0,0.0,2.0
20260304,603179.SH,,,,,,,,,,,,,85.75,70.16,,,,,0.0,0.0,2.0
20260304,603180.SH,,,,,,,,,,,,,21.95,17.96,,,,,0.0,0.0,2.0
20260304,603181.SH,,,,,,,,,,,,,18.36,15.02,,,,,0.0,0.0,2.0
20260304,603182.SH,,,,,,,,,,,,,17.0,13.91,,,,,0.0,0.0,2.0
20260304,603183.SH,,,,,,,,,,,,,5.04,4.12,,,,,0.0,0.0,2.0
20260304,603185.SH,,,,,,,,,,,,,26.17,21.41,,,,,0.0,0.0,2.0
20260304,603186.SH,,,,,,,,,,,,,87.76,71.8,,,,,0.0,0.0,2.0
20260304,603187.SH,,,,,,,,,,,,,18.21,14.9,,,,,0.0,0.0,2.0
20260304,603188.SH,,,,,,,,,,,,,5.8,4.74,,,,,0.0,0.0,2.0
20260304,603189.SH,,,,,,,,,,,,,21.71,17.77,,,,,0.0,0.0,2.0
20260304,603190.SH,,,,,,,,,,,,,28.49,23.31,,,,,0.0,0.0,2.0
20260304,603191.SH,,,,,,,,,,,,,25.77,21.09,,,,,0.0,0.0,2.0
20260304,603192.SH,,,,,,,,,,,,,28.38,23.22,,,,,0.0,0.0,2.0
20260304,603193.SH,,,,,,,,,,,,,24.55,20.09,,,,,0.0,0.0,2.0
20260304,603194.SH,,,,,,,,,,,,,40.26,32.94,,,,,0.0,0.0,2.0
20260304,603195.SH,,,,,,,,,,,,,47.3,38.7,,,,,0.0,0.0,2.0
20260304,603196.SH,,,,,,,,,,,,,28.18,23.06,,,,,0.0,0.0,2.0
20260304,603197.SH,,,,,,,,,,,,,38.25,31.29,,,,,0.0,0.0,2.0
20260304,603198.SH,,,,,,,,,,,,,40.41,33.07,,,,,0.0,0.0,2.0
20260304,603199.SH,,,,,,,,,,,,,44.9,36.74,,,,,0.0,0.0,2.0
20260304,603200.SH,,,,,,,,,,,,,79.51,65.05,,,,,0.0,0.0,2.0
20260304,603201.SH,,,,,,,,,,,,,19.03,15.57,,,,,0.0,0.0,2.0
20260304,603202.SH,,,,,,,,,,,,,100.1,81.9,,,,,0.0,0.0,2.0
20260304,603203.SH,,,,,,,,,,,,,41.77,34.17,,,,,0.0,0.0,2.0
20260304,603205.SH,,,,,,,,,,,,,29.59,24.21,,,,,0.0,0.0,2.0
20260304,603206.SH,,,,,,,,,,,,,17.2,14.08,,,,,0.0,0.0,2.0
20260304,603207.SH,,,,,,,,,,,,,30.97,25.34,,,,,0.0,0.0,2.0
20260304,603208.SH,,,,,,,,,,,,,15.98,13.08,,,,,0.0,0.0,2.0
20260304,603209.SH,,,,,,,,,,,,,19.2,15.71,,,,,0.0,0.0,2.0
20260304,603210.SH,,,,,,,,,,,,,20.57,16.83,,,,,0.0,0.0,2.0
20260304,603211.SH,,,,,,,,,,,,,23.41,19.15,,,,,0.0,0.0,2.0
20260304,603212.SH,,,,,,,,,,,,,15.52,12.7,,,,,0.0,0.0,2.0
20260304,603213.SH,,,,,,,,,,,,,15.18,12.42,,,,,0.0,0.0,2.0
20260304,603214.SH,,,,,,,,,,,,,20.44,16.72,,,,,0.0,0.0,2.0
20260304,603215.SH,,,,,,,,,,,,,20.77,16.99,,,,,0.0,0.0,2.0
20260304,603216.SH,,,,,,,,,,,,,41.92,34.3,,,,,0.0,0.0,2.0
20260304,603217.SH,,,,,,,,,,,,,27.21,22.27,,,,,0.0,0.0,2.0
20260304,603218.SH,,,,,,,,,,,,,15.14,12.38,,,,,0.0,0.0,2.0
20260304,603219.SH,,,,,,,,,,,,,18.16,14.86,,,,,0.0,0.0,2.0
20260304,603220.SH,,,,,,,,,,,,,28.09,22.99,,,,,0.0,0.0,2.0
20260304,603221.SH,,,,,,,,,,,,,13.11,10.73,,,,,0.0,0.0,2.0
20260304,603222.SH,,,,,,,,,,,,,9.43,7.71,,,,,0.0,0.0,2.0
20260304,603223.SH,,,,,,,,,,,,,11.78,9.64,,,,,0.0,0.0,2.0
20260304,603225.SH,,,,,,,,,,,,,22.63,18.51,,,,,0.0,0.0,2.0
20260304,603226.SH,,,,,,,,,,,,,32.42,26.52,,,,,0.0,0.0,2.0
20260304,603227.SH,,,,,,,,,,,,,9.89,8.09,,,,,0.0,0.0,2.0
20260304,603228.SH,,,,,,,,,,,,,69.88,57.18,,,,,0.0,0.0,2.0
20260304,603229.SH,,,,,,,,,,,,,10.2,8.34,,,,,0.0,0.0,2.0
20260304,603230.SH,,,,,,,,,,,,,12.75,10.43,,,,,0.0,0.0,2.0
20260304,603231.SH,,,,,,,,,,,,,20.21,16.53,,,,,0.0,0.0,2.0
20260304,603232.SH,,,,,,,,,,,,,26.71,21.85,,,,,0.0,0.0,2.0
20260304,603233.SH,,,,,,,,,,,,,21.76,17.8,,,,,0.0,0.0,2.0
20260304,603235.SH,,,,,,,,,,,,,30.27,24.77,,,,,0.0,0.0,2.0
20260304,603236.SH,,,,,,,,,,,,,87.6,71.68,,,,,0.0,0.0,2.0
20260304,603237.SH,,,,,,,,,,,,,18.81,15.39,,,,,0.0,0.0,2.0
20260304,603238.SH,,,,,,,,,,,,,19.31,15.8,,,,,0.0,0.0,2.0
20260304,603239.SH,,,,,,,,,,,,,24.64,20.16,,,,,0.0,0.0,2.0
20260304,603248.SH,,,,,,,,,,,,,24.59,20.12,,,,,0.0,0.0,2.0
20260304,603255.SH,,,,,,,,,,,,,33.4,27.32,,,,,0.0,0.0,2.0
20260304,603256.SH,,,,,,,,,,,,,83.15,68.03,,,,,0.0,0.0,2.0
20260304,603257.SH,,,,,,,,,,,,,76.96,62.96,,,,,0.0,0.0,2.0
20260304,603258.SH,,,,,,,,,,,,,20.19,16.52,,,,,0.0,0.0,2.0
20260304,603259.SH,,,,,,,,,,,,,103.13,84.38,,,,,0.0,0.0,2.0
20260304,603260.SH,,,,,,,,,,,,,53.87,44.07,,,,,0.0,0.0,2.0
20260304,603261.SH,,,,,,,,,,,,,29.9,27.06,,,,,0.0,0.0,2.0
20260304,603262.SH,,,,,,,,,,,,,29.16,23.86,,,,,0.0,0.0,2.0
20260304,603266.SH,,,,,,,,,,,,,21.24,17.38,,,,,0.0,0.0,2.0
20260304,603267.SH,,,,,,,,,,,,,65.66,53.72,,,,,0.0,0.0,2.0
20260304,603268.SH,,,,,,,,,,,,,121.38,109.82,,,,,0.0,0.0,2.0
20260304,603269.SH,,,,,,,,,,,,,15.16,12.4,,,,,0.0,0.0,2.0
20260304,603270.SH,,,,,,,,,,,,,28.19,23.07,,,,,0.0,0.0,2.0
20260304,603271.SH,,,,,,,,,,,,,50.0,40.91,,,,,0.0,0.0,2.0
20260304,603272.SH,,,,,,,,,,,,,24.0,19.64,,,,,0.0,0.0,2.0
20260304,603273.SH,,,,,,,,,,,,,19.93,16.31,,,,,0.0,0.0,2.0
20260304,603275.SH,,,,,,,,,,,,,47.4,38.78,,,,,0.0,0.0,2.0
20260304,603276.SH,,,,,,,,,,,,,19.34,15.82,,,,,0.0,0.0,2.0
20260304,603277.SH,,,,,,,,,,,,,17.19,14.07,,,,,0.0,0.0,2.0
20260304,603278.SH,,,,,,,,,,,,,12.82,10.49,,,,,0.0,0.0,2.0
20260304,603279.SH,,,,,,,,,,,,,22.29,18.23,,,,,0.0,0.0,2.0
20260304,603280.SH,,,,,,,,,,,,,39.46,32.28,,,,,0.0,0.0,2.0
20260304,603281.SH,,,,,,,,,,,,,35.5,29.04,,,,,0.0,0.0,2.0
20260304,603282.SH,,,,,,,,,,,,,24.97,20.43,,,,,0.0,0.0,2.0
20260304,603283.SH,,,,,,,,,,,,,50.3,41.16,,,,,0.0,0.0,2.0
20260304,603284.SH,,,,,,,,,,,,,52.47,42.93,,,,,0.0,0.0,2.0
20260304,603285.SH,,,,,,,,,,,,,36.75,30.07,,,,,0.0,0.0,2.0
20260304,603286.SH,,,,,,,,,,,,,66.85,54.69,,,,,0.0,0.0,2.0
20260304,603288.SH,,,,,,,,,,,,,39.67,32.45,,,,,0.0,0.0,2.0
20260304,603289.SH,,,,,,,,,,,,,11.46,9.38,,,,,0.0,0.0,2.0
20260304,603290.SH,,,,,,,,,,,,,108.24,88.56,,,,,0.0,0.0,2.0
20260304,603291.SH,,,,,,,,,,,,,12.23,10.01,,,,,0.0,0.0,2.0
20260304,603296.SH,,,,,,,,,,,,,95.1,77.81,,,,,0.0,0.0,2.0
20260304,603297.SH,,,,,,,,,,,,,131.66,107.72,,,,,0.0,0.0,2.0
20260304,603298.SH,,,,,,,,,,,,,30.79,25.19,,,,,0.0,0.0,2.0
20260304,603299.SH,,,,,,,,,,,,,13.04,10.67,,,,,0.0,0.0,2.0
20260304,603300.SH,,,,,,,,,,,,,7.77,6.35,,,,,0.0,0.0,2.0
20260304,603301.SH,,,,,,,,,,,,,97.98,80.16,,,,,0.0,0.0,2.0
20260304,603303.SH,,,,,,,,,,,,,16.47,13.47,,,,,0.0,0.0,2.0
20260304,603305.SH,,,,,,,,,,,,,17.44,14.27,,,,,0.0,0.0,2.0
20260304,603306.SH,,,,,,,,,,,,,96.59,79.03,,,,,0.0,0.0,2.0
20260304,603307.SH,,,,,,,,,,,,,42.94,35.14,,,,,0.0,0.0,2.0
20260304,603308.SH,,,,,,,,,,,,,69.3,56.7,,,,,0.0,0.0,2.0
20260304,603309.SH,,,,,,,,,,,,,15.51,12.69,,,,,0.0,0.0,2.0
20260304,603310.SH,,,,,,,,,,,,,18.89,15.45,,,,,0.0,0.0,2.0
20260304,603311.SH,,,,,,,,,,,,,16.79,13.73,,,,,0.0,0.0,2.0
20260304,603312.SH,,,,,,,,,,,,,50.75,41.53,,,,,0.0,0.0,2.0
20260304,603313.SH,,,,,,,,,,,,,9.79,8.01,,,,,0.0,0.0,2.0
20260304,603315.SH,,,,,,,,,,,,,17.47,14.29,,,,,0.0,0.0,2.0
20260304,603316.SH,,U,0.0,108368663.0,108368663.0,133637.0,133637.0,,,,,,14.53,11.89,1.0,2.0,3.0,0.0,1.0,0.0,2.38395720202359
20260304,603317.SH,,,,,,,,,,,,,14.61,11.95,,,,,0.0,0.0,2.0
20260304,603318.SH,,U,6.0,22636042.0,22636042.0,92502.0,141435.0,,,,,,10.67,8.73,0.0,,,0.0,1.0,0.0,1.170838117866574
20260304,603319.SH,,,,,,,,,,,,,39.04,31.94,,,,,0.0,0.0,2.0
20260304,603320.SH,,,,,,,,,,,,,26.27,21.49,,,,,0.0,0.0,2.0
20260304,603321.SH,,,,,,,,,,,,,8.29,6.79,,,,,0.0,0.0,2.0
20260304,603322.SH,,,,,,,,,,,,,37.95,31.05,,,,,0.0,0.0,2.0
20260304,603323.SH,,,,,,,,,,,,,5.52,4.52,,,,,0.0,0.0,2.0
20260304,603324.SH,,,,,,,,,,,,,26.96,22.06,,,,,0.0,0.0,2.0
20260304,603325.SH,,,,,,,,,,,,,85.03,69.57,,,,,0.0,0.0,2.0
20260304,603326.SH,,,,,,,,,,,,,10.52,8.6,,,,,0.0,0.0,2.0
20260304,603327.SH,,,,,,,,,,,,,10.86,8.88,,,,,0.0,0.0,2.0
20260304,603328.SH,,,,,,,,,,,,,13.29,10.87,,,,,0.0,0.0,2.0
20260304,603329.SH,,,,,,,,,,,,,12.24,10.02,,,,,0.0,0.0,2.0
20260304,603330.SH,,,,,,,,,,,,,8.31,6.8,,,,,0.0,0.0,2.0
20260304,603331.SH,,,,,,,,,,,,,17.88,14.63,,,,,0.0,0.0,2.0
20260304,603332.SH,,,,,,,,,,,,,14.29,11.69,,,,,0.0,0.0,2.0
20260304,603333.SH,,,,,,,,,,,,,9.33,7.63,,,,,0.0,0.0,2.0
20260304,603334.SH,,,,,,,,,,,,,57.67,47.19,,,,,0.0,0.0,2.0
20260304,603335.SH,,,,,,,,,,,,,6.31,5.17,,,,,0.0,0.0,2.0
20260304,603336.SH,,,,,,,,,,,,,10.46,8.56,,,,,0.0,0.0,2.0
20260304,603337.SH,,,,,,,,,,,,,45.58,37.3,,,,,0.0,0.0,2.0
20260304,603338.SH,,,,,,,,,,,,,62.15,50.85,,,,,0.0,0.0,2.0
20260304,603339.SH,,,,,,,,,,,,,14.58,11.93,,,,,0.0,0.0,2.0
20260304,603341.SH,,,,,,,,,,,,,46.9,38.38,,,,,0.0,0.0,2.0
20260304,603344.SH,,,,,,,,,,,,,31.92,26.12,,,,,0.0,0.0,2.0
20260304,603345.SH,,,,,,,,,,,,,103.8,84.92,,,,,0.0,0.0,2.0
20260304,603348.SH,,,,,,,,,,,,,21.22,17.36,,,,,0.0,0.0,2.0
20260304,603350.SH,,,,,,,,,,,,,39.31,32.17,,,,,0.0,0.0,2.0
20260304,603351.SH,,,,,,,,,,,,,28.82,23.58,,,,,0.0,0.0,2.0
20260304,603352.SH,,,,,,,,,,,,,44.08,36.06,,,,,0.0,0.0,2.0
20260304,603353.SH,,,,,,,,,,,,,56.07,45.87,,,,,0.0,0.0,2.0
20260304,603355.SH,,,,,,,,,,,,,34.98,28.62,,,,,0.0,0.0,2.0
20260304,603356.SH,,,,,,,,,,,,,23.29,19.05,,,,,0.0,0.0,2.0
20260304,603357.SH,,,,,,,,,,,,,9.03,7.39,,,,,0.0,0.0,2.0
20260304,603358.SH,,,,,,,,,,,,,54.88,44.9,,,,,0.0,0.0,2.0
20260304,603359.SH,,,,,,,,,,,,,7.22,5.9,,,,,0.0,0.0,2.0
20260304,603360.SH,,,,,,,,,,,,,29.29,23.97,,,,,0.0,0.0,2.0
20260304,603363.SH,,,,,,,,,,,,,4.64,3.8,,,,,0.0,0.0,2.0
20260304,603365.SH,,,,,,,,,,,,,22.17,18.14,,,,,0.0,0.0,2.0
20260304,603366.SH,,,,,,,,,,,,,10.36,8.48,,,,,0.0,0.0,2.0
20260304,603367.SH,,,,,,,,,,,,,18.24,14.92,,,,,0.0,0.0,2.0
20260304,603368.SH,,,,,,,,,,,,,19.33,15.81,,,,,0.0,0.0,2.0
20260304,603369.SH,,,,,,,,,,,,,33.02,27.02,,,,,0.0,0.0,2.0
20260304,603370.SH,,,,,,,,,,,,,50.49,41.31,,,,,0.0,0.0,2.0
20260304,603373.SH,,,,,,,,,,,,,45.05,36.86,,,,,0.0,0.0,2.0
20260304,603375.SH,,,,,,,,,,,,,39.9,32.64,,,,,0.0,0.0,2.0
20260304,603376.SH,,,,,,,,,,,,,38.9,31.82,,,,,0.0,0.0,2.0
20260304,603377.SH,,,,,,,,,,,,,3.73,3.37,,,,,0.0,0.0,2.0
20260304,603378.SH,,,,,,,,,,,,,6.99,5.72,,,,,0.0,0.0,2.0
20260304,603379.SH,,,,,,,,,,,,,80.87,66.17,,,,,0.0,0.0,2.0
20260304,603380.SH,,,,,,,,,,,,,40.34,33.0,,,,,0.0,0.0,2.0
20260304,603381.SH,,,,,,,,,,,,,28.16,23.04,,,,,0.0,0.0,2.0
20260304,603382.SH,,,,,,,,,,,,,32.0,26.18,,,,,0.0,0.0,2.0
20260304,603383.SH,,,,,,,,,,,,,36.14,29.57,,,,,0.0,0.0,2.0
20260304,603385.SH,,,,,,,,,,,,,7.62,6.24,,,,,0.0,0.0,2.0
20260304,603386.SH,,,,,,,,,,,,,15.48,12.66,,,,,0.0,0.0,2.0
20260304,603387.SH,,,,,,,,,,,,,9.12,7.46,,,,,0.0,0.0,2.0
20260304,603389.SH,,,,,,,,,,,,,45.69,41.33,,,,,0.0,0.0,2.0
20260304,603390.SH,,,,,,,,,,,,,13.51,11.05,,,,,0.0,0.0,2.0
20260304,603391.SH,,,,,,,,,,,,,77.66,63.54,,,,,0.0,0.0,2.0
20260304,603392.SH,,,,,,,,,,,,,42.57,34.83,,,,,0.0,0.0,2.0
20260304,603393.SH,,,,,,,,,,,,,45.1,36.9,,,,,0.0,0.0,2.0
20260304,603395.SH,,,,,,,,,,,,,33.32,27.26,,,,,0.0,0.0,2.0
20260304,603396.SH,,,,,,,,,,,,,43.29,35.42,,,,,0.0,0.0,2.0
20260304,603398.SH,,,,,,,,,,,,,9.77,8.84,,,,,0.0,0.0,2.0
20260304,603399.SH,,,,,,,,,,,,,12.39,10.13,,,,,0.0,0.0,2.0
20260304,603400.SH,,,,,,,,,,,,,76.11,62.27,,,,,0.0,0.0,2.0
20260304,603402.SH,,,,,,,,,,,,,148.83,121.77,,,,,0.0,0.0,2.0
20260304,603406.SH,,,,,,,,,,,,,40.43,33.08,,,,,0.0,0.0,2.0
20260304,603408.SH,,,,,,,,,,,,,13.71,11.21,,,,,0.0,0.0,2.0
20260304,603409.SH,,,,,,,,,,,,,38.97,31.89,,,,,0.0,0.0,2.0
20260304,603416.SH,,,,,,,,,,,,,56.57,46.29,,,,,0.0,0.0,2.0
20260304,603418.SH,,,,,,,,,,,,,60.31,49.35,,,,,0.0,0.0,2.0
20260304,603421.SH,,,,,,,,,,,,,8.57,7.01,,,,,0.0,0.0,2.0
20260304,603429.SH,,,,,,,,,,,,,9.81,8.03,,,,,0.0,0.0,2.0
20260304,603439.SH,,,,,,,,,,,,,12.73,10.41,,,,,0.0,0.0,2.0
20260304,603444.SH,,,,,,,,,,,,,425.95,348.51,,,,,0.0,0.0,2.0
20260304,603456.SH,,,,,,,,,,,,,18.14,14.84,,,,,0.0,0.0,2.0
20260304,603458.SH,,,,,,,,,,,,,11.18,9.14,,,,,0.0,0.0,2.0
20260304,603466.SH,,,,,,,,,,,,,11.61,9.5,,,,,0.0,0.0,2.0
20260304,603477.SH,,,,,,,,,,,,,19.78,16.18,,,,,0.0,0.0,2.0
20260304,603486.SH,,,,,,,,,,,,,73.04,59.76,,,,,0.0,0.0,2.0
20260304,603488.SH,,,,,,,,,,,,,11.43,9.35,,,,,0.0,0.0,2.0
20260304,603489.SH,,,,,,,,,,,,,34.98,28.62,,,,,0.0,0.0,2.0
20260304,603496.SH,,,,,,,,,,,,,32.91,26.93,,,,,0.0,0.0,2.0
20260304,603499.SH,,,,,,,,,,,,,22.41,18.33,,,,,0.0,0.0,2.0
20260304,603500.SH,,,,,,,,,,,,,13.32,10.9,,,,,0.0,0.0,2.0
20260304,603501.SH,,,,,,,,,,,,,127.99,104.72,,,,,0.0,0.0,2.0
20260304,603505.SH,,,,,,,,,,,,,23.83,19.49,,,,,0.0,0.0,2.0
20260304,603506.SH,,,,,,,,,,,,,14.39,11.77,,,,,0.0,0.0,2.0
20260304,603507.SH,,,,,,,,,,,,,34.2,27.98,,,,,0.0,0.0,2.0
20260304,603508.SH,,,,,,,,,,,,,28.6,23.4,,,,,0.0,0.0,2.0
20260304,603511.SH,,,,,,,,,,,,,16.35,13.37,,,,,0.0,0.0,2.0
20260304,603515.SH,,,,,,,,,,,,,20.04,16.4,,,,,0.0,0.0,2.0
20260304,603516.SH,,,,,,,,,,,,,171.11,140.0,,,,,0.0,0.0,2.0
20260304,603517.SH,,,,,,,,,,,,,12.61,11.41,,,,,0.0,0.0,2.0
20260304,603518.SH,,,,,,,,,,,,,10.29,8.42,,,,,0.0,0.0,2.0
20260304,603519.SH,,,,,,,,,,,,,14.61,11.95,,,,,0.0,0.0,2.0
20260304,603520.SH,,,,,,,,,,,,,10.6,8.68,,,,,0.0,0.0,2.0
20260304,603527.SH,,,,,,,,,,,,,11.76,9.62,,,,,0.0,0.0,2.0
20260304,603528.SH,,,,,,,,,,,,,9.59,7.85,,,,,0.0,0.0,2.0
20260304,603529.SH,,,,,,,,,,,,,31.44,25.72,,,,,0.0,0.0,2.0
20260304,603530.SH,,U,1.0,113920950.0,113920950.0,95749.0,131902.0,,,,,,67.21,54.99,1.0,1.0,8.0,0.0,1.0,0.0,1.8908205222008623
20260304,603533.SH,,,,,,,,,,,,,29.25,23.93,,,,,0.0,0.0,2.0
20260304,603535.SH,,,,,,,,,,,,,10.24,8.38,,,,,0.0,0.0,2.0
20260304,603536.SH,,,,,,,,,,,,,11.2,9.16,,,,,0.0,0.0,2.0
20260304,603538.SH,,,,,,,,,,,,,23.02,18.84,,,,,0.0,0.0,2.0
20260304,603551.SH,,,,,,,,,,,,,13.42,10.98,,,,,0.0,0.0,2.0
20260304,603556.SH,,,,,,,,,,,,,41.61,34.05,,,,,0.0,0.0,2.0
20260304,603557.SH,,,,,,,,,,,,,3.56,3.22,,,,,0.0,0.0,2.0
20260304,603558.SH,,,,,,,,,,,,,12.83,10.49,,,,,0.0,0.0,2.0
20260304,603559.SH,,,,,,,,,,,,,7.59,6.87,,,,,0.0,0.0,2.0
20260304,603565.SH,,,,,,,,,,,,,12.32,10.08,,,,,0.0,0.0,2.0
20260304,603566.SH,,,,,,,,,,,,,14.86,12.16,,,,,0.0,0.0,2.0
20260304,603567.SH,,,,,,,,,,,,,8.43,6.89,,,,,0.0,0.0,2.0
20260304,603568.SH,,,,,,,,,,,,,30.37,24.85,,,,,0.0,0.0,2.0
20260304,603569.SH,,,,,,,,,,,,,8.18,6.7,,,,,0.0,0.0,2.0
20260304,603577.SH,,,,,,,,,,,,,12.01,9.83,,,,,0.0,0.0,2.0
20260304,603578.SH,,,,,,,,,,,,,16.5,13.5,,,,,0.0,0.0,2.0
20260304,603579.SH,,,,,,,,,,,,,24.64,20.16,,,,,0.0,0.0,2.0
20260304,603580.SH,,,,,,,,,,,,,16.87,15.27,,,,,0.0,0.0,2.0
20260304,603583.SH,,,,,,,,,,,,,38.05,31.13,,,,,0.0,0.0,2.0
20260304,603585.SH,,,,,,,,,,,,,23.76,19.44,,,,,0.0,0.0,2.0
20260304,603586.SH,,,,,,,,,,,,,19.38,15.86,,,,,0.0,0.0,2.0
20260304,603587.SH,,,,,,,,,,,,,13.82,11.3,,,,,0.0,0.0,2.0
20260304,603588.SH,,,,,,,,,,,,,13.68,11.2,,,,,0.0,0.0,2.0
20260304,603589.SH,,,,,,,,,,,,,29.83,24.41,,,,,0.0,0.0,2.0
20260304,603590.SH,,,,,,,,,,,,,43.47,35.57,,,,,0.0,0.0,2.0
20260304,603595.SH,,,,,,,,,,,,,17.54,15.87,,,,,0.0,0.0,2.0
20260304,603596.SH,,,,,,,,,,,,,58.23,47.65,,,,,0.0,0.0,2.0
20260304,603598.SH,,,,,,,,,,,,,23.68,19.38,,,,,0.0,0.0,2.0
20260304,603599.SH,,,,,,,,,,,,,15.71,12.85,,,,,0.0,0.0,2.0
20260304,603600.SH,,,,,,,,,,,,,12.13,9.93,,,,,0.0,0.0,2.0
20260304,603601.SH,,,,,,,,,,,,,12.65,10.35,,,,,0.0,0.0,2.0
20260304,603602.SH,,,,,,,,,,,,,15.09,12.35,,,,,0.0,0.0,2.0
20260304,603605.SH,,,,,,,,,,,,,74.72,61.14,,,,,0.0,0.0,2.0
20260304,603606.SH,,,,,,,,,,,,,65.44,53.54,,,,,0.0,0.0,2.0
20260304,603607.SH,,,,,,,,,,,,,24.94,20.4,,,,,0.0,0.0,2.0
20260304,603608.SH,,,,,,,,,,,,,12.27,10.04,,,,,0.0,0.0,2.0
20260304,603609.SH,,,,,,,,,,,,,8.05,6.59,,,,,0.0,0.0,2.0
20260304,603610.SH,,,,,,,,,,,,,20.64,16.88,,,,,0.0,0.0,2.0
20260304,603611.SH,,,,,,,,,,,,,25.64,20.98,,,,,0.0,0.0,2.0
20260304,603612.SH,,,,,,,,,,,,,36.52,29.88,,,,,0.0,0.0,2.0
20260304,603613.SH,,,,,,,,,,,,,28.61,23.41,,,,,0.0,0.0,2.0
20260304,603615.SH,,,,,,,,,,,,,22.96,18.78,,,,,0.0,0.0,2.0
20260304,603616.SH,,,,,,,,,,,,,8.99,7.35,,,,,0.0,0.0,2.0
20260304,603617.SH,,,,,,,,,,,,,8.1,6.62,,,,,0.0,0.0,2.0
20260304,603618.SH,,U,0.0,99480873.0,99480873.0,134024.0,134024.0,,,,,,20.59,16.85,1.0,1.0,8.0,0.0,1.0,0.0,2.3729707835552434
20260304,603619.SH,,,,,,,,,,,,,48.39,39.59,,,,,0.0,0.0,2.0
20260304,603626.SH,,,,,,,,,,,,,27.15,22.21,,,,,0.0,0.0,2.0
20260304,603628.SH,,,,,,,,,,,,,15.6,12.76,,,,,0.0,0.0,2.0
20260304,603629.SH,,,,,,,,,,,,,63.91,52.29,,,,,0.0,0.0,2.0
20260304,603630.SH,,,,,,,,,,,,,19.57,16.01,,,,,0.0,0.0,2.0
20260304,603633.SH,,,,,,,,,,,,,9.15,7.49,,,,,0.0,0.0,2.0
20260304,603636.SH,,,,,,,,,,,,,11.09,9.07,,,,,0.0,0.0,2.0
20260304,603637.SH,,,,,,,,,,,,,13.94,11.4,,,,,0.0,0.0,2.0
20260304,603638.SH,,,,,,,,,,,,,24.57,20.11,,,,,0.0,0.0,2.0
20260304,603639.SH,,,,,,,,,,,,,15.59,12.75,,,,,0.0,0.0,2.0
20260304,603648.SH,,,,,,,,,,,,,10.97,8.97,,,,,0.0,0.0,2.0
20260304,603650.SH,,,,,,,,,,,,,62.46,51.1,,,,,0.0,0.0,2.0
20260304,603655.SH,,,,,,,,,,,,,41.76,34.16,,,,,0.0,0.0,2.0
20260304,603656.SH,,,,,,,,,,,,,24.16,19.76,,,,,0.0,0.0,2.0
20260304,603657.SH,,,,,,,,,,,,,30.11,24.63,,,,,0.0,0.0,2.0
20260304,603658.SH,,,,,,,,,,,,,38.82,31.76,,,,,0.0,0.0,2.0
20260304,603659.SH,,,,,,,,,,,,,30.9,25.28,,,,,0.0,0.0,2.0
20260304,603660.SH,,,,,,,,,,,,,10.87,8.89,,,,,0.0,0.0,2.0
20260304,603661.SH,,,,,,,,,,,,,37.07,30.33,,,,,0.0,0.0,2.0
20260304,603662.SH,,,,,,,,,,,,,66.39,54.32,,,,,0.0,0.0,2.0
20260304,603663.SH,,,,,,,,,,,,,57.93,47.39,,,,,0.0,0.0,2.0
20260304,603665.SH,,,,,,,,,,,,,36.28,29.68,,,,,0.0,0.0,2.0
20260304,603666.SH,,,,,,,,,,,,,30.67,25.09,,,,,0.0,0.0,2.0
20260304,603667.SH,,,,,,,,,,,,,78.71,64.4,,,,,0.0,0.0,2.0
20260304,603668.SH,,,,,,,,,,,,,15.43,12.63,,,,,0.0,0.0,2.0
20260304,603669.SH,,,,,,,,,,,,,4.81,3.93,,,,,0.0,0.0,2.0
20260304,603676.SH,,,,,,,,,,,,,11.87,9.71,,,,,0.0,0.0,2.0
20260304,603677.SH,,,,,,,,,,,,,18.49,15.13,,,,,0.0,0.0,2.0
20260304,603678.SH,,,,,,,,,,,,,42.71,34.95,,,,,0.0,0.0,2.0
20260304,603679.SH,,,,,,,,,,,,,16.28,13.32,,,,,0.0,0.0,2.0
20260304,603680.SH,,,,,,,,,,,,,15.79,12.92,,,,,0.0,0.0,2.0
20260304,603681.SH,,,,,,,,,,,,,23.62,19.32,,,,,0.0,0.0,2.0
20260304,603682.SH,,,,,,,,,,,,,8.35,6.83,,,,,0.0,0.0,2.0
20260304,603683.SH,,,,,,,,,,,,,25.74,21.06,,,,,0.0,0.0,2.0
20260304,603685.SH,,,,,,,,,,,,,31.01,25.37,,,,,0.0,0.0,2.0
20260304,603686.SH,,,,,,,,,,,,,23.1,18.9,,,,,0.0,0.0,2.0
20260304,603687.SH,,,,,,,,,,,,,11.55,9.45,,,,,0.0,0.0,2.0
20260304,603688.SH,,,,,,,,,,,,,53.43,43.71,,,,,0.0,0.0,2.0
20260304,603689.SH,,,,,,,,,,,,,10.52,8.6,,,,,0.0,0.0,2.0
20260304,603690.SH,,,,,,,,,,,,,29.77,24.35,,,,,0.0,0.0,2.0
20260304,603693.SH,,,,,,,,,,,,,14.54,11.9,,,,,0.0,0.0,2.0
20260304,603696.SH,,,,,,,,,,,,,19.33,15.81,,,,,0.0,0.0,2.0
20260304,603697.SH,,,,,,,,,,,,,12.42,10.16,,,,,0.0,0.0,2.0
20260304,603698.SH,,,,,,,,,,,,,37.84,30.96,,,,,0.0,0.0,2.0
20260304,603699.SH,,,,,,,,,,,,,64.86,53.06,,,,,0.0,0.0,2.0
20260304,603700.SH,,,,,,,,,,,,,14.93,12.21,,,,,0.0,0.0,2.0
20260304,603701.SH,,,,,,,,,,,,,21.13,17.29,,,,,0.0,0.0,2.0
20260304,603703.SH,,,,,,,,,,,,,15.03,12.29,,,,,0.0,0.0,2.0
20260304,603706.SH,,,,,,,,,,,,,26.36,21.56,,,,,0.0,0.0,2.0
20260304,603707.SH,,,,,,,,,,,,,10.43,8.53,,,,,0.0,0.0,2.0
20260304,603708.SH,,,,,,,,,,,,,12.99,10.63,,,,,0.0,0.0,2.0
20260304,603709.SH,,,,,,,,,,,,,19.45,15.91,,,,,0.0,0.0,2.0
20260304,603711.SH,,,,,,,,,,,,,14.52,11.88,,,,,0.0,0.0,2.0
20260304,603712.SH,,,,,,,,,,,,,21.79,17.83,,,,,0.0,0.0,2.0
20260304,603713.SH,,,,,,,,,,,,,74.8,61.2,,,,,0.0,0.0,2.0
20260304,603716.SH,,,,,,,,,,,,,22.55,18.45,,,,,0.0,0.0,2.0
20260304,603717.SH,,,,,,,,,,,,,7.98,6.53,,,,,0.0,0.0,2.0
20260304,603718.SH,,,,,,,,,,,,,5.16,4.22,,,,,0.0,0.0,2.0
20260304,603719.SH,,,,,,,,,,,,,11.73,9.59,,,,,0.0,0.0,2.0
20260304,603721.SH,,,,,,,,,,,,,21.93,19.85,,,,,0.0,0.0,2.0
20260304,603722.SH,,,,,,,,,,,,,41.38,33.86,,,,,0.0,0.0,2.0
20260304,603725.SH,,,,,,,,,,,,,10.69,8.75,,,,,0.0,0.0,2.0
20260304,603726.SH,,,,,,,,,,,,,27.14,22.2,,,,,0.0,0.0,2.0
20260304,603727.SH,,,,,,,,,,,,,23.97,19.61,,,,,0.0,0.0,2.0
20260304,603728.SH,,,,,,,,,,,,,68.87,56.35,,,,,0.0,0.0,2.0
20260304,603729.SH,,,,,,,,,,,,,19.14,15.66,,,,,0.0,0.0,2.0
20260304,603730.SH,,,,,,,,,,,,,10.86,8.88,,,,,0.0,0.0,2.0
20260304,603733.SH,,,,,,,,,,,,,26.63,21.79,,,,,0.0,0.0,2.0
20260304,603737.SH,,,,,,,,,,,,,56.11,45.91,,,,,0.0,0.0,2.0
20260304,603738.SH,,,,,,,,,,,,,25.3,20.7,,,,,0.0,0.0,2.0
20260304,603739.SH,,,,,,,,,,,,,16.46,13.46,,,,,0.0,0.0,2.0
20260304,603755.SH,,,,,,,,,,,,,32.81,26.85,,,,,0.0,0.0,2.0
20260304,603757.SH,,,,,,,,,,,,,48.17,39.41,,,,,0.0,0.0,2.0
20260304,603758.SH,,,,,,,,,,,,,15.38,12.58,,,,,0.0,0.0,2.0
20260304,603759.SH,,,,,,,,,,,,,11.42,9.34,,,,,0.0,0.0,2.0
20260304,603766.SH,,,,,,,,,,,,,16.45,13.46,,,,,0.0,0.0,2.0
20260304,603767.SH,,,,,,,,,,,,,21.52,17.6,,,,,0.0,0.0,2.0
20260304,603768.SH,,,,,,,,,,,,,12.54,10.26,,,,,0.0,0.0,2.0
20260304,603773.SH,,,,,,,,,,,,,40.3,32.98,,,,,0.0,0.0,2.0
20260304,603776.SH,,,,,,,,,,,,,20.92,17.12,,,,,0.0,0.0,2.0
20260304,603777.SH,,,,,,,,,,,,,13.34,10.92,,,,,0.0,0.0,2.0
20260304,603778.SH,,,,,,,,,,,,,17.06,13.96,,,,,0.0,0.0,2.0
20260304,603779.SH,,,,,,,,,,,,,7.15,5.85,,,,,0.0,0.0,2.0
20260304,603786.SH,,,,,,,,,,,,,69.77,57.09,,,,,0.0,0.0,2.0
20260304,603787.SH,,,,,,,,,,,,,14.48,11.84,,,,,0.0,0.0,2.0
20260304,603788.SH,,,,,,,,,,,,,17.31,14.17,,,,,0.0,0.0,2.0
20260304,603789.SH,,,,,,,,,,,,,5.72,5.18,,,,,0.0,0.0,2.0
20260304,603790.SH,,,,,,,,,,,,,27.26,22.3,,,,,0.0,0.0,2.0
20260304,603797.SH,,,,,,,,,,,,,5.48,4.48,,,,,0.0,0.0,2.0
20260304,603798.SH,,,,,,,,,,,,,17.83,14.59,,,,,0.0,0.0,2.0
20260304,603799.SH,,,,,,,,,,,,,78.89,64.55,,,,,0.0,0.0,2.0
20260304,603800.SH,,,,,,,,,,,,,43.97,35.97,,,,,0.0,0.0,2.0
20260304,603801.SH,,,,,,,,,,,,,10.21,8.35,,,,,0.0,0.0,2.0
20260304,603803.SH,,,,,,,,,,,,,10.82,8.86,,,,,0.0,0.0,2.0
20260304,603806.SH,,,,,,,,,,,,,19.4,15.88,,,,,0.0,0.0,2.0
20260304,603808.SH,,,,,,,,,,,,,10.76,8.8,,,,,0.0,0.0,2.0
20260304,603809.SH,,,,,,,,,,,,,13.15,10.76,,,,,0.0,0.0,2.0
20260304,603810.SH,,,,,,,,,,,,,18.89,15.45,,,,,0.0,0.0,2.0
20260304,603811.SH,,,,,,,,,,,,,12.3,10.06,,,,,0.0,0.0,2.0
20260304,603813.SH,,,,,,,,,,,,,34.74,31.44,,,,,0.0,0.0,2.0
20260304,603815.SH,,,,,,,,,,,,,7.23,5.91,,,,,0.0,0.0,2.0
20260304,603816.SH,,,,,,,,,,,,,38.24,31.28,,,,,0.0,0.0,2.0
20260304,603817.SH,,,,,,,,,,,,,7.69,6.29,,,,,0.0,0.0,2.0
20260304,603818.SH,,,,,,,,,,,,,4.07,3.33,,,,,0.0,0.0,2.0
20260304,603819.SH,,,,,,,,,,,,,13.24,10.84,,,,,0.0,0.0,2.0
20260304,603822.SH,,,,,,,,,,,,,118.44,107.16,,,,,0.0,0.0,2.0
20260304,603823.SH,,,,,,,,,,,,,18.72,15.32,,,,,0.0,0.0,2.0
20260304,603825.SH,,,,,,,,,,,,,9.23,8.35,,,,,0.0,0.0,2.0
20260304,603826.SH,,,,,,,,,,,,,21.88,17.9,,,,,0.0,0.0,2.0
20260304,603828.SH,,,,,,,,,,,,,7.07,6.39,,,,,0.0,0.0,2.0
20260304,603829.SH,,,,,,,,,,,,,26.5,21.68,,,,,0.0,0.0,2.0
20260304,603833.SH,,,,,,,,,,,,,62.15,50.85,,,,,0.0,0.0,2.0
20260304,603836.SH,,,,,,,,,,,,,17.0,13.91,,,,,0.0,0.0,2.0
20260304,603838.SH,,,,,,,,,,,,,8.45,7.65,,,,,0.0,0.0,2.0
20260304,603839.SH,,,,,,,,,,,,,8.42,6.89,,,,,0.0,0.0,2.0
20260304,603843.SH,,,,,,,,,,,,,6.41,5.8,,,,,0.0,0.0,2.0
20260304,603848.SH,,,,,,,,,,,,,18.07,14.79,,,,,0.0,0.0,2.0
20260304,603855.SH,,,,,,,,,,,,,22.08,18.06,,,,,0.0,0.0,2.0
20260304,603856.SH,,,,,,,,,,,,,14.64,11.98,,,,,0.0,0.0,2.0
20260304,603858.SH,,,,,,,,,,,,,18.32,14.99,,,,,0.0,0.0,2.0
20260304,603859.SH,,,,,,,,,,,,,48.27,39.49,,,,,0.0,0.0,2.0
20260304,603860.SH,,,,,,,,,,,,,34.82,28.49,,,,,0.0,0.0,2.0
20260304,603861.SH,,,,,,,,,,,,,21.78,17.82,,,,,0.0,0.0,2.0
20260304,603863.SH,,,,,,,,,,,,,21.67,17.73,,,,,0.0,0.0,2.0
20260304,603866.SH,,,,,,,,,,,,,5.79,4.73,,,,,0.0,0.0,2.0
20260304,603867.SH,,,,,,,,,,,,,39.39,32.23,,,,,0.0,0.0,2.0
20260304,603868.SH,,,,,,,,,,,,,39.16,32.04,,,,,0.0,0.0,2.0
20260304,603869.SH,,,,,,,,,,,,,10.07,9.11,,,,,0.0,0.0,2.0
20260304,603871.SH,,,,,,,,,,,,,17.05,13.95,,,,,0.0,0.0,2.0
20260304,603876.SH,,,,,,,,,,,,,20.35,16.65,,,,,0.0,0.0,2.0
20260304,603877.SH,,,,,,,,,,,,,16.57,13.55,,,,,0.0,0.0,2.0
20260304,603878.SH,,,,,,,,,,,,,9.8,8.02,,,,,0.0,0.0,2.0
20260304,603879.SH,,,,,,,,,,,,,6.55,5.36,,,,,0.0,0.0,2.0
20260304,603880.SH,,,,,,,,,,,,,6.95,5.69,,,,,0.0,0.0,2.0
20260304,603881.SH,,,,,,,,,,,,,39.44,32.27,,,,,0.0,0.0,2.0
20260304,603882.SH,,,,,,,,,,,,,31.57,25.83,,,,,0.0,0.0,2.0
20260304,603883.SH,,,,,,,,,,,,,15.94,13.04,,,,,0.0,0.0,2.0
20260304,603885.SH,,,,,,,,,,,,,14.08,11.52,,,,,0.0,0.0,2.0
20260304,603886.SH,,,,,,,,,,,,,14.19,11.61,,,,,0.0,0.0,2.0
20260304,603887.SH,,,,,,,,,,,,,16.5,13.5,,,,,0.0,0.0,2.0
20260304,603888.SH,,,,,,,,,,,,,23.39,19.13,,,,,0.0,0.0,2.0
20260304,603889.SH,,,,,,,,,,,,,9.8,8.02,,,,,0.0,0.0,2.0
20260304,603890.SH,,,,,,,,,,,,,15.6,12.76,,,,,0.0,0.0,2.0
20260304,603893.SH,,,,,,,,,,,,,182.03,148.93,,,,,0.0,0.0,2.0
20260304,603895.SH,,,,,,,,,,,,,31.35,25.65,,,,,0.0,0.0,2.0
20260304,603896.SH,,,,,,,,,,,,,23.0,18.82,,,,,0.0,0.0,2.0
20260304,603897.SH,,,,,,,,,,,,,36.78,30.1,,,,,0.0,0.0,2.0
20260304,603898.SH,,,,,,,,,,,,,15.43,12.63,,,,,0.0,0.0,2.0
20260304,603899.SH,,,,,,,,,,,,,29.35,24.01,,,,,0.0,0.0,2.0
20260304,603900.SH,,,,,,,,,,,,,8.98,7.34,,,,,0.0,0.0,2.0
20260304,603901.SH,,,,,,,,,,,,,14.4,11.78,,,,,0.0,0.0,2.0
20260304,603903.SH,,,,,,,,,,,,,13.15,10.76,,,,,0.0,0.0,2.0
20260304,603906.SH,,,,,,,,,,,,,19.14,15.66,,,,,0.0,0.0,2.0
20260304,603908.SH,,,,,,,,,,,,,26.15,21.39,,,,,0.0,0.0,2.0
20260304,603909.SH,,,,,,,,,,,,,12.43,10.17,,,,,0.0,0.0,2.0
20260304,603912.SH,,,,,,,,,,,,,10.49,8.59,,,,,0.0,0.0,2.0
20260304,603915.SH,,,,,,,,,,,,,17.56,14.36,,,,,0.0,0.0,2.0
20260304,603916.SH,,,,,,,,,,,,,12.51,10.23,,,,,0.0,0.0,2.0
20260304,603917.SH,,,,,,,,,,,,,15.11,12.37,,,,,0.0,0.0,2.0
20260304,603918.SH,,,,,,,,,,,,,16.08,13.16,,,,,0.0,0.0,2.0
20260304,603919.SH,,,,,,,,,,,,,22.04,18.04,,,,,0.0,0.0,2.0
20260304,603920.SH,,,,,,,,,,,,,63.16,51.68,,,,,0.0,0.0,2.0
20260304,603922.SH,,,,,,,,,,,,,23.63,19.33,,,,,0.0,0.0,2.0
20260304,603926.SH,,,,,,,,,,,,,23.34,19.1,,,,,0.0,0.0,2.0
20260304,603927.SH,,,,,,,,,,,,,19.72,16.14,,,,,0.0,0.0,2.0
20260304,603928.SH,,,,,,,,,,,,,17.09,13.99,,,,,0.0,0.0,2.0
20260304,603929.SH,,,,,,,,,,,,,145.33,118.91,,,,,0.0,0.0,2.0
20260304,603931.SH,,,,,,,,,,,,,33.51,27.41,,,,,0.0,0.0,2.0
20260304,603933.SH,,,,,,,,,,,,,23.6,19.31,,,,,0.0,0.0,2.0
20260304,603936.SH,,,,,,,,,,,,,14.37,11.75,,,,,0.0,0.0,2.0
20260304,603937.SH,,,,,,,,,,,,,13.84,11.32,,,,,0.0,0.0,2.0
20260304,603938.SH,,,,,,,,,,,,,30.99,25.35,,,,,0.0,0.0,2.0
20260304,603939.SH,,,,,,,,,,,,,26.29,21.51,,,,,0.0,0.0,2.0
20260304,603948.SH,,,,,,,,,,,,,30.81,25.21,,,,,0.0,0.0,2.0
20260304,603949.SH,,,,,,,,,,,,,19.56,16.0,,,,,0.0,0.0,2.0
20260304,603950.SH,,,,,,,,,,,,,55.07,45.05,,,,,0.0,0.0,2.0
20260304,603955.SH,,,,,,,,,,,,,31.42,25.7,,,,,0.0,0.0,2.0
20260304,603956.SH,,,,,,,,,,,,,6.61,5.41,,,,,0.0,0.0,2.0
20260304,603958.SH,,,,,,,,,,,,,21.54,17.62,,,,,0.0,0.0,2.0
20260304,603959.SH,,,,,,,,,,,,,6.52,5.34,,,,,0.0,0.0,2.0
20260304,603960.SH,,,,,,,,,,,,,28.77,23.54,,,,,0.0,0.0,2.0
20260304,603966.SH,,,,,,,,,,,,,13.97,11.43,,,,,0.0,0.0,2.0
20260304,603967.SH,,,,,,,,,,,,,14.81,12.11,,,,,0.0,0.0,2.0
20260304,603968.SH,,,,,,,,,,,,,15.71,12.85,,,,,0.0,0.0,2.0
20260304,603969.SH,,,,,,,,,,,,,11.29,9.23,,,,,0.0,0.0,2.0
20260304,603970.SH,,,,,,,,,,,,,15.03,12.29,,,,,0.0,0.0,2.0
20260304,603976.SH,,,,,,,,,,,,,21.73,17.78,,,,,0.0,0.0,2.0
20260304,603977.SH,,,,,,,,,,,,,16.29,13.33,,,,,0.0,0.0,2.0
20260304,603978.SH,,,,,,,,,,,,,26.42,21.62,,,,,0.0,0.0,2.0
20260304,603979.SH,,,,,,,,,,,,,81.72,66.86,,,,,0.0,0.0,2.0
20260304,603980.SH,,,,,,,,,,,,,8.01,6.55,,,,,0.0,0.0,2.0
20260304,603982.SH,,,,,,,,,,,,,8.99,7.35,,,,,0.0,0.0,2.0
20260304,603983.SH,,,,,,,,,,,,,31.94,26.14,,,,,0.0,0.0,2.0
20260304,603985.SH,,,,,,,,,,,,,18.24,14.92,,,,,0.0,0.0,2.0
20260304,603986.SH,,,,,,,,,,,,,300.18,245.6,,,,,0.0,0.0,2.0
20260304,603987.SH,,,,,,,,,,,,,9.81,8.03,,,,,0.0,0.0,2.0
20260304,603988.SH,,,,,,,,,,,,,28.62,23.42,,,,,0.0,0.0,2.0
20260304,603989.SH,,,,,,,,,,,,,20.97,17.15,,,,,0.0,0.0,2.0
20260304,603990.SH,,,,,,,,,,,,,15.4,12.6,,,,,0.0,0.0,2.0
20260304,603991.SH,,,,,,,,,,,,,102.96,84.24,,,,,0.0,0.0,2.0
20260304,603992.SH,,,,,,,,,,,,,35.32,28.9,,,,,0.0,0.0,2.0
20260304,603993.SH,,,,,,,,,,,,,25.83,21.13,,,,,0.0,0.0,2.0
20260304,603995.SH,,,,,,,,,,,,,21.46,17.56,,,,,0.0,0.0,2.0
20260304,603997.SH,,,,,,,,,,,,,15.11,12.37,,,,,0.0,0.0,2.0
20260304,603998.SH,,,,,,,,,,,,,13.08,10.7,,,,,0.0,0.0,2.0
20260304,603999.SH,,,,,,,,,,,,,7.96,6.52,,,,,0.0,0.0,2.0
20260304,605001.SH,,,,,,,,,,,,,8.48,6.94,,,,,0.0,0.0,2.0
20260304,605003.SH,,,,,,,,,,,,,37.2,30.44,,,,,0.0,0.0,2.0
20260304,605005.SH,,,,,,,,,,,,,21.21,17.35,,,,,0.0,0.0,2.0
20260304,605006.SH,,,,,,,,,,,,,10.25,8.39,,,,,0.0,0.0,2.0
20260304,605007.SH,,,,,,,,,,,,,18.15,14.85,,,,,0.0,0.0,2.0
20260304,605008.SH,,,,,,,,,,,,,13.83,11.31,,,,,0.0,0.0,2.0
20260304,605009.SH,,,,,,,,,,,,,32.91,26.93,,,,,0.0,0.0,2.0
20260304,605011.SH,,,,,,,,,,,,,23.16,18.95,,,,,0.0,0.0,2.0
20260304,605016.SH,,,,,,,,,,,,,26.47,21.65,,,,,0.0,0.0,2.0
20260304,605018.SH,,,,,,,,,,,,,12.91,10.57,,,,,0.0,0.0,2.0
20260304,605020.SH,,,,,,,,,,,,,32.21,26.35,,,,,0.0,0.0,2.0
20260304,605028.SH,,,,,,,,,,,,,30.61,25.05,,,,,0.0,0.0,2.0
20260304,605033.SH,,,,,,,,,,,,,25.28,20.68,,,,,0.0,0.0,2.0
20260304,605050.SH,,,,,,,,,,,,,14.67,12.01,,,,,0.0,0.0,2.0
20260304,605055.SH,,,,,,,,,,,,,10.84,8.87,,,,,0.0,0.0,2.0
20260304,605056.SH,,,,,,,,,,,,,26.09,21.35,,,,,0.0,0.0,2.0
20260304,605058.SH,,,,,,,,,,,,,33.39,27.32,,,,,0.0,0.0,2.0
20260304,605060.SH,,,,,,,,,,,,,63.8,52.2,,,,,0.0,0.0,2.0
20260304,605066.SH,,,,,,,,,,,,,9.17,7.51,,,,,0.0,0.0,2.0
20260304,605068.SH,,,,,,,,,,,,,29.92,24.48,,,,,0.0,0.0,2.0
20260304,605069.SH,,,,,,,,,,,,,14.7,12.02,,,,,0.0,0.0,2.0
20260304,605077.SH,,,,,,,,,,,,,17.31,14.17,,,,,0.0,0.0,2.0
20260304,605080.SH,,,,,,,,,,,,,26.41,21.61,,,,,0.0,0.0,2.0
20260304,605081.SH,,,,,,,,,,,,,10.42,9.42,,,,,0.0,0.0,2.0
20260304,605086.SH,,,,,,,,,,,,,40.74,33.34,,,,,0.0,0.0,2.0
20260304,605088.SH,,,,,,,,,,,,,36.96,30.24,,,,,0.0,0.0,2.0
20260304,605089.SH,,,,,,,,,,,,,30.17,24.69,,,,,0.0,0.0,2.0
20260304,605090.SH,,,,,,,,,,,,,57.2,46.8,,,,,0.0,0.0,2.0
20260304,605098.SH,,,,,,,,,,,,,52.29,42.79,,,,,0.0,0.0,2.0
20260304,605099.SH,,,,,,,,,,,,,49.89,40.82,,,,,0.0,0.0,2.0
20260304,605100.SH,,,,,,,,,,,,,43.33,35.45,,,,,0.0,0.0,2.0
20260304,605108.SH,,,,,,,,,,,,,19.99,16.35,,,,,0.0,0.0,2.0
20260304,605111.SH,,,,,,,,,,,,,47.26,38.66,,,,,0.0,0.0,2.0
20260304,605116.SH,,,,,,,,,,,,,27.5,22.5,,,,,0.0,0.0,2.0
20260304,605117.SH,,,,,,,,,,,,,134.16,109.76,,,,,0.0,0.0,2.0
20260304,605118.SH,,,,,,,,,,,,,48.4,39.6,,,,,0.0,0.0,2.0
20260304,605122.SH,,,,,,,,,,,,,14.76,12.08,,,,,0.0,0.0,2.0
20260304,605123.SH,,,,,,,,,,,,,113.07,92.51,,,,,0.0,0.0,2.0
20260304,605128.SH,,,,,,,,,,,,,39.34,32.18,,,,,0.0,0.0,2.0
20260304,605133.SH,,,,,,,,,,,,,31.44,25.72,,,,,0.0,0.0,2.0
20260304,605136.SH,,,,,,,,,,,,,11.33,9.27,,,,,0.0,0.0,2.0
20260304,605138.SH,,,,,,,,,,,,,7.79,6.37,,,,,0.0,0.0,2.0
20260304,605151.SH,,,,,,,,,,,,,22.18,18.14,,,,,0.0,0.0,2.0
20260304,605155.SH,,,,,,,,,,,,,19.62,16.06,,,,,0.0,0.0,2.0
20260304,605158.SH,,,,,,,,,,,,,8.91,7.29,,,,,0.0,0.0,2.0
20260304,605162.SH,,,,,,,,,,,,,10.76,8.8,,,,,0.0,0.0,2.0
20260304,605166.SH,,,,,,,,,,,,,11.74,9.6,,,,,0.0,0.0,2.0
20260304,605167.SH,,,,,,,,,,,,,19.36,15.84,,,,,0.0,0.0,2.0
20260304,605168.SH,,,,,,,,,,,,,38.89,31.82,,,,,0.0,0.0,2.0
20260304,605169.SH,,,,,,,,,,,,,16.91,13.83,,,,,0.0,0.0,2.0
20260304,605177.SH,,,,,,,,,,,,,23.66,19.36,,,,,0.0,0.0,2.0
20260304,605178.SH,,,,,,,,,,,,,73.11,59.81,,,,,0.0,0.0,2.0
20260304,605179.SH,,,,,,,,,,,,,20.46,16.74,,,,,0.0,0.0,2.0
20260304,605180.SH,,,,,,,,,,,,,16.5,13.5,,,,,0.0,0.0,2.0
20260304,605183.SH,,,,,,,,,,,,,23.72,19.4,,,,,0.0,0.0,2.0
20260304,605186.SH,,,,,,,,,,,,,22.79,18.65,,,,,0.0,0.0,2.0
20260304,605188.SH,,,,,,,,,,,,,18.78,15.36,,,,,0.0,0.0,2.0
20260304,605189.SH,,,,,,,,,,,,,16.09,13.17,,,,,0.0,0.0,2.0
20260304,605196.SH,,U,4.0,16182452.0,16182452.0,100041.0,143508.0,,,,,,54.34,44.46,1.0,1.0,8.0,0.0,1.0,0.0,1.470003531757156
20260304,605198.SH,,,,,,,,,,,,,44.46,36.38,,,,,0.0,0.0,2.0
20260304,605199.SH,,,,,,,,,,,,,7.31,6.61,,,,,0.0,0.0,2.0
20260304,605208.SH,,,,,,,,,,,,,13.66,11.18,,,,,0.0,0.0,2.0
20260304,605218.SH,,,,,,,,,,,,,19.99,16.35,,,,,0.0,0.0,2.0
20260304,605222.SH,,,,,,,,,,,,,22.98,18.8,,,,,0.0,0.0,2.0
20260304,605228.SH,,,,,,,,,,,,,14.51,11.87,,,,,0.0,0.0,2.0
20260304,605255.SH,,,,,,,,,,,,,128.1,104.81,,,,,0.0,0.0,2.0
20260304,605258.SH,,,,,,,,,,,,,36.19,29.61,,,,,0.0,0.0,2.0
20260304,605259.SH,,,,,,,,,,,,,24.35,19.93,,,,,0.0,0.0,2.0
20260304,605266.SH,,,,,,,,,,,,,21.91,17.93,,,,,0.0,0.0,2.0
20260304,605268.SH,,U,0.0,66132864.0,66132864.0,95406.0,95406.0,,,,,,11.52,9.42,0.0,,,0.0,1.0,0.0,2.0817484794773797
20260304,605277.SH,,,,,,,,,,,,,25.69,21.02,,,,,0.0,0.0,2.0
20260304,605286.SH,,,,,,,,,,,,,43.02,35.2,,,,,0.0,0.0,2.0
20260304,605287.SH,,,,,,,,,,,,,55.72,45.59,,,,,0.0,0.0,2.0
20260304,605288.SH,,,,,,,,,,,,,127.69,104.47,,,,,0.0,0.0,2.0
20260304,605289.SH,,,,,,,,,,,,,139.37,114.03,,,,,0.0,0.0,2.0
20260304,605296.SH,,,,,,,,,,,,,31.43,25.71,,,,,0.0,0.0,2.0
20260304,605298.SH,,,,,,,,,,,,,48.99,40.09,,,,,0.0,0.0,2.0
20260304,605299.SH,,,,,,,,,,,,,13.04,10.67,,,,,0.0,0.0,2.0
20260304,605300.SH,,,,,,,,,,,,,12.21,9.99,,,,,0.0,0.0,2.0
20260304,605303.SH,,,,,,,,,,,,,18.63,15.25,,,,,0.0,0.0,2.0
20260304,605305.SH,,,,,,,,,,,,,41.13,33.65,,,,,0.0,0.0,2.0
20260304,605318.SH,,,,,,,,,,,,,78.82,64.49,,,,,0.0,0.0,2.0
20260304,605319.SH,,,,,,,,,,,,,25.4,20.78,,,,,0.0,0.0,2.0
20260304,605333.SH,,,,,,,,,,,,,29.62,24.24,,,,,0.0,0.0,2.0
20260304,605336.SH,,,,,,,,,,,,,14.8,12.11,,,,,0.0,0.0,2.0
20260304,605337.SH,,,,,,,,,,,,,12.52,10.24,,,,,0.0,0.0,2.0
20260304,605338.SH,,,,,,,,,,,,,30.04,24.58,,,,,0.0,0.0,2.0
20260304,605339.SH,,,,,,,,,,,,,19.31,15.8,,,,,0.0,0.0,2.0
20260304,605358.SH,,,,,,,,,,,,,40.55,33.17,,,,,0.0,0.0,2.0
20260304,605365.SH,,,,,,,,,,,,,22.15,18.13,,,,,0.0,0.0,2.0
20260304,605366.SH,,,,,,,,,,,,,10.97,8.97,,,,,0.0,0.0,2.0
20260304,605368.SH,,,,,,,,,,,,,10.35,8.47,,,,,0.0,0.0,2.0
20260304,605369.SH,,,,,,,,,,,,,19.86,16.25,,,,,0.0,0.0,2.0
20260304,605376.SH,,,,,,,,,,,,,111.61,91.31,,,,,0.0,0.0,2.0
20260304,605377.SH,,,,,,,,,,,,,9.78,8.0,,,,,0.0,0.0,2.0
20260304,605378.SH,,,,,,,,,,,,,22.19,18.15,,,,,0.0,0.0,2.0
20260304,605388.SH,,,,,,,,,,,,,7.19,5.89,,,,,0.0,0.0,2.0
20260304,605389.SH,,,,,,,,,,,,,76.95,62.96,,,,,0.0,0.0,2.0
20260304,605398.SH,,,,,,,,,,,,,34.47,28.21,,,,,0.0,0.0,2.0
20260304,605399.SH,,,,,,,,,,,,,16.89,13.82,,,,,0.0,0.0,2.0
20260304,605488.SH,,,,,,,,,,,,,39.8,32.56,,,,,0.0,0.0,2.0
20260304,605499.SH,,,,,,,,,,,,,258.48,211.48,,,,,0.0,0.0,2.0
20260304,605500.SH,,,,,,,,,,,,,9.64,7.88,,,,,0.0,0.0,2.0
20260304,605507.SH,,,,,,,,,,,,,29.15,23.85,,,,,0.0,0.0,2.0
20260304,605555.SH,,,,,,,,,,,,,17.64,14.44,,,,,0.0,0.0,2.0
20260304,605566.SH,,,,,,,,,,,,,30.73,25.15,,,,,0.0,0.0,2.0
20260304,605567.SH,,,,,,,,,,,,,12.22,10.0,,,,,0.0,0.0,2.0
20260304,605577.SH,,,,,,,,,,,,,14.2,11.62,,,,,0.0,0.0,2.0
20260304,605580.SH,,,,,,,,,,,,,25.82,21.12,,,,,0.0,0.0,2.0
20260304,605588.SH,,,,,,,,,,,,,60.95,49.87,,,,,0.0,0.0,2.0
20260304,605589.SH,,,,,,,,,,,,,37.81,30.93,,,,,0.0,0.0,2.0
20260304,605598.SH,,,,,,,,,,,,,56.12,45.92,,,,,0.0,0.0,2.0
20260304,605599.SH,,,,,,,,,,,,,26.58,21.74,,,,,0.0,0.0,2.0
20260304,688001.SH,,,,,,,,,,,,,37.07,24.71,,,,,0.0,0.0,2.0
20260304,688002.SH,,,,,,,,,,,,,132.46,88.3,,,,,0.0,0.0,2.0
20260304,688003.SH,,,,,,,,,,,,,81.96,54.64,,,,,0.0,0.0,2.0
20260304,688004.SH,,,,,,,,,,,,,26.69,17.79,,,,,0.0,0.0,2.0
20260304,688005.SH,,,,,,,,,,,,,35.04,23.36,,,,,0.0,0.0,2.0
20260304,688006.SH,,,,,,,,,,,,,33.54,22.36,,,,,0.0,0.0,2.0
20260304,688007.SH,,,,,,,,,,,,,18.72,12.48,,,,,0.0,0.0,2.0
20260304,688008.SH,,,,,,,,,,,,,177.47,118.31,,,,,0.0,0.0,2.0
20260304,688009.SH,,,,,,,,,,,,,6.97,4.65,,,,,0.0,0.0,2.0
20260304,688010.SH,,,,,,,,,,,,,38.04,25.36,,,,,0.0,0.0,2.0
20260304,688011.SH,,,,,,,,,,,,,83.52,55.68,,,,,0.0,0.0,2.0
20260304,688012.SH,,,,,,,,,,,,,400.2,266.8,,,,,0.0,0.0,2.0
20260304,688013.SH,,,,,,,,,,,,,48.47,32.31,,,,,0.0,0.0,2.0
20260304,688015.SH,,,,,,,,,,,,,29.83,19.89,,,,,0.0,0.0,2.0
20260304,688016.SH,,,,,,,,,,,,,131.26,87.5,,,,,0.0,0.0,2.0
20260304,688017.SH,,,,,,,,,,,,,251.5,167.66,,,,,0.0,0.0,2.0
20260304,688018.SH,,,,,,,,,,,,,189.98,126.66,,,,,0.0,0.0,2.0
20260304,688019.SH,,,,,,,,,,,,,299.2,199.46,,,,,0.0,0.0,2.0
20260304,688020.SH,,,,,,,,,,,,,109.44,72.96,,,,,0.0,0.0,2.0
20260304,688021.SH,,,,,,,,,,,,,28.75,19.17,,,,,0.0,0.0,2.0
20260304,688022.SH,,,,,,,,,,,,,19.56,13.04,,,,,0.0,0.0,2.0
20260304,688023.SH,,,,,,,,,,,,,64.08,42.72,,,,,0.0,0.0,2.0
20260304,688025.SH,,,,,,,,,,,,,328.15,218.77,,,,,0.0,0.0,2.0
20260304,688026.SH,,,,,,,,,,,,,20.7,13.8,,,,,0.0,0.0,2.0
20260304,688027.SH,,,,,,,,,,,,,753.44,502.3,,,,,0.0,0.0,2.0
20260304,688028.SH,,,,,,,,,,,,,137.88,91.92,,,,,0.0,0.0,2.0
20260304,688029.SH,,,,,,,,,,,,,86.76,57.84,,,,,0.0,0.0,2.0
20260304,688030.SH,,,,,,,,,,,,,19.5,13.0,,,,,0.0,0.0,2.0
20260304,688031.SH,,,,,,,,,,,,,232.8,155.2,,,,,0.0,0.0,2.0
20260304,688032.SH,,,,,,,,,,,,,138.07,92.05,,,,,0.0,0.0,2.0
20260304,688033.SH,,,,,,,,,,,,,11.58,7.72,,,,,0.0,0.0,2.0
20260304,688035.SH,,,,,,,,,,,,,81.98,54.66,,,,,0.0,0.0,2.0
20260304,688036.SH,,,,,,,,,,,,,64.9,43.26,,,,,0.0,0.0,2.0
20260304,688037.SH,,,,,,,,,,,,,249.6,166.4,,,,,0.0,0.0,2.0
20260304,688038.SH,,,,,,,,,,,,,26.4,17.6,,,,,0.0,0.0,2.0
20260304,688039.SH,,,,,,,,,,,,,56.64,37.76,,,,,0.0,0.0,2.0
20260304,688041.SH,,,,,,,,,,,,,289.2,192.8,,,,,0.0,0.0,2.0
20260304,688045.SH,,,,,,,,,,,,,54.01,36.01,,,,,0.0,0.0,2.0
20260304,688046.SH,,,,,,,,,,,,,18.0,12.0,,,,,0.0,0.0,2.0
20260304,688047.SH,,,,,,,,,,,,,173.36,115.58,,,,,0.0,0.0,2.0
20260304,688048.SH,,,,,,,,,,,,,200.39,133.59,,,,,0.0,0.0,2.0
20260304,688049.SH,,,,,,,,,,,,,59.3,39.54,,,,,0.0,0.0,2.0
20260304,688050.SH,,,,,,,,,,,,,68.6,45.74,,,,,0.0,0.0,2.0
20260304,688051.SH,,,,,,,,,,,,,39.66,26.44,,,,,0.0,0.0,2.0
20260304,688052.SH,,,,,,,,,,,,,186.74,124.5,,,,,0.0,0.0,2.0
20260304,688053.SH,,,,,,,,,,,,,50.62,33.74,,,,,0.0,0.0,2.0
20260304,688055.SH,,,,,,,,,,,,,4.37,2.91,,,,,0.0,0.0,2.0
20260304,688056.SH,,,,,,,,,,,,,44.44,29.62,,,,,0.0,0.0,2.0
20260304,688057.SH,,,,,,,,,,,,,15.3,10.2,,,,,0.0,0.0,2.0
20260304,688058.SH,,,,,,,,,,,,,35.33,23.55,,,,,0.0,0.0,2.0
20260304,688059.SH,,,,,,,,,,,,,145.19,96.79,,,,,0.0,0.0,2.0
20260304,688060.SH,,,,,,,,,,,,,54.94,36.62,,,,,0.0,0.0,2.0
20260304,688061.SH,,,,,,,,,,,,,41.6,27.74,,,,,0.0,0.0,2.0
20260304,688062.SH,,,,,,,,,,,,,37.98,25.32,,,,,0.0,0.0,2.0
20260304,688063.SH,,,,,,,,,,,,,83.59,55.73,,,,,0.0,0.0,2.0
20260304,688065.SH,,,,,,,,,,,,,64.8,43.2,,,,,0.0,0.0,2.0
20260304,688066.SH,,,,,,,,,,,,,29.04,19.36,,,,,0.0,0.0,2.0
20260304,688067.SH,,,,,,,,,,,,,32.74,21.82,,,,,0.0,0.0,2.0
20260304,688068.SH,,,,,,,,,,,,,149.72,99.82,,,,,0.0,0.0,2.0
20260304,688069.SH,,,,,,,,,,,,,30.08,20.06,,,,,0.0,0.0,2.0
20260304,688070.SH,,,,,,,,,,,,,71.46,47.64,,,,,0.0,0.0,2.0
20260304,688071.SH,,,,,,,,,,,,,43.28,28.86,,,,,0.0,0.0,2.0
20260304,688072.SH,,,,,,,,,,,,,456.0,304.0,,,,,0.0,0.0,2.0
20260304,688073.SH,,,,,,,,,,,,,62.76,41.84,,,,,0.0,0.0,2.0
20260304,688075.SH,,,,,,,,,,,,,46.54,31.02,,,,,0.0,0.0,2.0
20260304,688076.SH,,,,,,,,,,,,,38.32,25.54,,,,,0.0,0.0,2.0
20260304,688077.SH,,,,,,,,,,,,,40.97,27.31,,,,,0.0,0.0,2.0
20260304,688078.SH,,,,,,,,,,,,,32.0,21.34,,,,,0.0,0.0,2.0
20260304,688079.SH,,,,,,,,,,,,,14.1,9.4,,,,,0.0,0.0,2.0
20260304,688080.SH,,,,,,,,,,,,,67.03,44.69,,,,,0.0,0.0,2.0
20260304,688081.SH,,,,,,,,,,,,,50.3,33.54,,,,,0.0,0.0,2.0
20260304,688082.SH,,,,,,,,,,,,,193.48,128.98,,,,,0.0,0.0,2.0
20260304,688083.SH,,,,,,,,,,,,,71.64,47.76,,,,,0.0,0.0,2.0
20260304,688084.SH,,,,,,,,,,,,,89.44,59.62,,,,,0.0,0.0,2.0
20260304,688085.SH,,,,,,,,,,,,,24.96,16.64,,,,,0.0,0.0,2.0
20260304,688087.SH,,,,,,,,,,,,,45.36,30.24,,,,,0.0,0.0,2.0
20260304,688088.SH,,,,,,,,,,,,,53.7,35.8,,,,,0.0,0.0,2.0
20260304,688089.SH,,,,,,,,,,,,,22.62,15.08,,,,,0.0,0.0,2.0
20260304,688090.SH,,,,,,,,,,,,,61.68,41.12,,,,,0.0,0.0,2.0
20260304,688091.SH,,,,,,,,,,,,,55.76,37.18,,,,,0.0,0.0,2.0
20260304,688092.SH,,,,,,,,,,,,,35.32,23.54,,,,,0.0,0.0,2.0
20260304,688093.SH,,,,,,,,,,,,,42.94,28.62,,,,,0.0,0.0,2.0
20260304,688095.SH,,,,,,,,,,,,,94.7,63.14,,,,,0.0,0.0,2.0
20260304,688096.SH,,,,,,,,,,,,,10.25,6.83,,,,,0.0,0.0,2.0
20260304,688097.SH,,,,,,,,,,,,,54.0,36.0,,,,,0.0,0.0,2.0
20260304,688098.SH,,,,,,,,,,,,,10.7,7.14,,,,,0.0,0.0,2.0
20260304,688099.SH,,,,,,,,,,,,,103.87,69.25,,,,,0.0,0.0,2.0
20260304,688100.SH,,,,,,,,,,,,,49.32,32.88,,,,,0.0,0.0,2.0
20260304,688101.SH,,,,,,,,,,,,,20.21,13.47,,,,,0.0,0.0,2.0
20260304,688102.SH,,,,,,,,,,,,,50.92,33.94,,,,,0.0,0.0,2.0
20260304,688103.SH,,,,,,,,,,,,,70.0,46.66,,,,,0.0,0.0,2.0
20260304,688105.SH,,,,,,,,,,,,,23.72,15.82,,,,,0.0,0.0,2.0
20260304,688106.SH,,,,,,,,,,,,,29.08,19.38,,,,,0.0,0.0,2.0
20260304,688107.SH,,,,,,,,,,,,,36.65,24.43,,,,,0.0,0.0,2.0
20260304,688108.SH,,,,,,,,,,,,,24.54,16.36,,,,,0.0,0.0,2.0
20260304,688109.SH,,,,,,,,,,,,,151.79,101.19,,,,,0.0,0.0,2.0
20260304,688110.SH,,,,,,,,,,,,,146.4,97.6,,,,,0.0,0.0,2.0
20260304,688111.SH,,,,,,,,,,,,,346.08,230.72,,,,,0.0,0.0,2.0
20260304,688112.SH,,,,,,,,,,,,,49.84,33.22,,,,,0.0,0.0,2.0
20260304,688113.SH,,,,,,,,,,,,,49.03,32.69,,,,,0.0,0.0,2.0
20260304,688114.SH,,,,,,,,,,,,,69.58,46.38,,,,,0.0,0.0,2.0
20260304,688115.SH,,,,,,,,,,,,,53.7,35.8,,,,,0.0,0.0,2.0
20260304,688116.SH,,,,,,,,,,,,,49.2,32.8,,,,,0.0,0.0,2.0
20260304,688117.SH,,,,,,,,,,,,,43.37,28.91,,,,,0.0,0.0,2.0
20260304,688118.SH,,,,,,,,,,,,,39.79,26.53,,,,,0.0,0.0,2.0
20260304,688119.SH,,,,,,,,,,,,,6.85,4.57,,,,,0.0,0.0,2.0
20260304,688120.SH,,,,,,,,,,,,,217.19,144.79,,,,,0.0,0.0,2.0
20260304,688121.SH,,,,,,,,,,,,,14.22,9.48,,,,,0.0,0.0,2.0
20260304,688122.SH,,,,,,,,,,,,,100.9,67.26,,,,,0.0,0.0,2.0
20260304,688123.SH,,,,,,,,,,,,,153.06,102.04,,,,,0.0,0.0,2.0
20260304,688125.SH,,,,,,,,,,,,,284.65,189.77,,,,,0.0,0.0,2.0
20260304,688126.SH,,,,,,,,,,,,,23.68,15.78,,,,,0.0,0.0,2.0
20260304,688127.SH,,,,,,,,,,,,,63.04,42.02,,,,,0.0,0.0,2.0
20260304,688128.SH,,,,,,,,,,,,,33.86,22.58,,,,,0.0,0.0,2.0
20260304,688129.SH,,,,,,,,,,,,,27.49,18.33,,,,,0.0,0.0,2.0
20260304,688130.SH,,,,,,,,,,,,,26.84,17.9,,,,,0.0,0.0,2.0
20260304,688131.SH,,,,,,,,,,,,,75.0,50.0,,,,,0.0,0.0,2.0
20260304,688132.SH,,,,,,,,,,,,,22.79,15.19,,,,,0.0,0.0,2.0
20260304,688133.SH,,,,,,,,,,,,,27.22,18.14,,,,,0.0,0.0,2.0
20260304,688135.SH,,,,,,,,,,,,,37.46,24.98,,,,,0.0,0.0,2.0
20260304,688136.SH,,,,,,,,,,,,,34.36,22.9,,,,,0.0,0.0,2.0
20260304,688137.SH,,,,,,,,,,,,,49.63,33.09,,,,,0.0,0.0,2.0
20260304,688138.SH,,,,,,,,,,,,,34.24,22.82,,,,,0.0,0.0,2.0
20260304,688139.SH,,,,,,,,,,,,,37.62,25.08,,,,,0.0,0.0,2.0
20260304,688141.SH,,,,,,,,,,,,,65.05,43.37,,,,,0.0,0.0,2.0
20260304,688143.SH,,,,,,,,,,,,,68.26,45.5,,,,,0.0,0.0,2.0
20260304,688146.SH,,,,,,,,,,,,,56.08,37.38,,,,,0.0,0.0,2.0
20260304,688147.SH,,,,,,,,,,,,,97.75,65.17,,,,,0.0,0.0,2.0
20260304,688148.SH,,,,,,,,,,,,,9.86,6.58,,,,,0.0,0.0,2.0
20260304,688150.SH,,,,,,,,,,,,,40.63,27.09,,,,,0.0,0.0,2.0
20260304,688151.SH,,,,,,,,,,,,,27.26,18.18,,,,,0.0,0.0,2.0
20260304,688152.SH,,,,,,,,,,,,,43.03,28.69,,,,,0.0,0.0,2.0
20260304,688153.SH,,,,,,,,,,,,,42.58,28.38,,,,,0.0,0.0,2.0
20260304,688155.SH,,,,,,,,,,,,,104.5,69.66,,,,,0.0,0.0,2.0
20260304,688156.SH,,,,,,,,,,,,,25.76,17.18,,,,,0.0,0.0,2.0
20260304,688157.SH,,,,,,,,,,,,,48.02,32.02,,,,,0.0,0.0,2.0
20260304,688158.SH,,,,,,,,,,,,,42.0,28.0,,,,,0.0,0.0,2.0
20260304,688159.SH,,,,,,,,,,,,,52.42,34.94,,,,,0.0,0.0,2.0
20260304,688160.SH,,,,,,,,,,,,,138.3,92.2,,,,,0.0,0.0,2.0
20260304,688161.SH,,,,,,,,,,,,,34.87,23.25,,,,,0.0,0.0,2.0
20260304,688162.SH,,,,,,,,,,,,,38.81,25.87,,,,,0.0,0.0,2.0
20260304,688163.SH,,,,,,,,,,,,,28.82,19.22,,,,,0.0,0.0,2.0
20260304,688165.SH,,,,,,,,,,,,,22.75,15.17,,,,,0.0,0.0,2.0
20260304,688166.SH,,,,,,,,,,,,,49.92,33.28,,,,,0.0,0.0,2.0
20260304,688167.SH,,,,,,,,,,,,,400.94,267.3,,,,,0.0,0.0,2.0
20260304,688168.SH,,,,,,,,,,,,,82.06,54.7,,,,,0.0,0.0,2.0
20260304,688169.SH,,,,,,,,,,,,,162.17,108.11,,,,,0.0,0.0,2.0
20260304,688170.SH,,,,,,,,,,,,,62.88,41.92,,,,,0.0,0.0,2.0
20260304,688171.SH,,,,,,,,,,,,,63.68,42.46,,,,,0.0,0.0,2.0
20260304,688172.SH,,,,,,,,,,,,,43.63,29.09,,,,,0.0,0.0,2.0
20260304,688173.SH,,,,,,,,,,,,,18.12,12.08,,,,,0.0,0.0,2.0
20260304,688175.SH,,,,,,,,,,,,,43.81,29.21,,,,,0.0,0.0,2.0
20260304,688176.SH,,U,1.0,32651697.0,32651697.0,133326.0,133730.0,,,,,,13.67,9.11,0.0,,,0.0,1.0,0.0,1.5403615754809308
20260304,688177.SH,,,,,,,,,,,,,25.57,17.05,,,,,0.0,0.0,2.0
20260304,688178.SH,,,,,,,,,,,,,30.61,20.41,,,,,0.0,0.0,2.0
20260304,688179.SH,,,,,,,,,,,,,19.98,13.32,,,,,0.0,0.0,2.0
20260304,688180.SH,,,,,,,,,,,,,35.98,23.98,,,,,0.0,0.0,2.0
20260304,688181.SH,,,,,,,,,,,,,40.4,26.94,,,,,0.0,0.0,2.0
20260304,688182.SH,,,,,,,,,,,,,36.28,24.18,,,,,0.0,0.0,2.0
20260304,688183.SH,,,,,,,,,,,,,97.03,64.69,,,,,0.0,0.0,2.0
20260304,688184.SH,,,,,,,,,,,,,12.96,8.64,,,,,0.0,0.0,2.0
20260304,688185.SH,,,,,,,,,,,,,82.76,55.18,,,,,0.0,0.0,2.0
20260304,688186.SH,,,,,,,,,,,,,30.66,20.44,,,,,0.0,0.0,2.0
20260304,688187.SH,,,,,,,,,,,,,67.2,44.8,,,,,0.0,0.0,2.0
20260304,688188.SH,,,,,,,,,,,,,178.79,119.19,,,,,0.0,0.0,2.0
20260304,688189.SH,,,,,,,,,,,,,9.48,6.32,,,,,0.0,0.0,2.0
20260304,688190.SH,,,,,,,,,,,,,127.03,84.69,,,,,0.0,0.0,2.0
20260304,688191.SH,,,,,,,,,,,,,62.65,41.77,,,,,0.0,0.0,2.0
20260304,688192.SH,,,,,,,,,,,,,57.04,38.02,,,,,0.0,0.0,2.0
20260304,688193.SH,,,,,,,,,,,,,60.98,40.66,,,,,0.0,0.0,2.0
20260304,688195.SH,,,,,,,,,,,,,264.35,176.23,,,,,0.0,0.0,2.0
20260304,688196.SH,,,,,,,,,,,,,102.36,68.24,,,,,0.0,0.0,2.0
20260304,688197.SH,,,,,,,,,,,,,43.15,28.77,,,,,0.0,0.0,2.0
20260304,688198.SH,,,,,,,,,,,,,124.48,82.98,,,,,0.0,0.0,2.0
20260304,688199.SH,,,,,,,,,,,,,32.39,21.59,,,,,0.0,0.0,2.0
20260304,688200.SH,,,,,,,,,,,,,322.3,214.86,,,,,0.0,0.0,2.0
20260304,688201.SH,,,,,,,,,,,,,17.71,11.81,,,,,0.0,0.0,2.0
20260304,688202.SH,,,,,,,,,,,,,77.62,51.74,,,,,0.0,0.0,2.0
20260304,688203.SH,,,,,,,,,,,,,15.66,10.44,,,,,0.0,0.0,2.0
20260304,688205.SH,,,,,,,,,,,,,212.4,141.6,,,,,0.0,0.0,2.0
20260304,688206.SH,,,,,,,,,,,,,40.37,26.91,,,,,0.0,0.0,2.0
20260304,688207.SH,,,,,,,,,,,,,18.67,12.45,,,,,0.0,0.0,2.0
20260304,688208.SH,,,,,,,,,,,,,41.29,27.53,,,,,0.0,0.0,2.0
20260304,688209.SH,,,,,,,,,,,,,24.77,16.51,,,,,0.0,0.0,2.0
20260304,688210.SH,,,,,,,,,,,,,59.16,39.44,,,,,0.0,0.0,2.0
20260304,688211.SH,,,,,,,,,,,,,38.36,25.58,,,,,0.0,0.0,2.0
20260304,688212.SH,,,,,,,,,,,,,50.21,33.47,,,,,0.0,0.0,2.0
20260304,688213.SH,,,,,,,,,,,,,110.45,73.63,,,,,0.0,0.0,2.0
20260304,688215.SH,,,,,,,,,,,,,82.64,55.1,,,,,0.0,0.0,2.0
20260304,688216.SH,,,,,,,,,,,,,37.13,24.75,,,,,0.0,0.0,2.0
20260304,688217.SH,,,,,,,,,,,,,34.51,23.01,,,,,0.0,0.0,2.0
20260304,688218.SH,,,,,,,,,,,,,25.06,16.7,,,,,0.0,0.0,2.0
20260304,688219.SH,,,,,,,,,,,,,13.99,9.33,,,,,0.0,0.0,2.0
20260304,688220.SH,,,,,,,,,,,,,99.91,66.61,,,,,0.0,0.0,2.0
20260304,688221.SH,,,,,,,,,,,,,22.2,14.8,,,,,0.0,0.0,2.0
20260304,688222.SH,,,,,,,,,,,,,31.84,21.22,,,,,0.0,0.0,2.0
20260304,688223.SH,,,,,,,,,,,,,8.7,5.8,,,,,0.0,0.0,2.0
20260304,688225.SH,,,,,,,,,,,,,24.19,16.13,,,,,0.0,0.0,2.0
20260304,688226.SH,,,,,,,,,,,,,52.21,34.81,,,,,0.0,0.0,2.0
20260304,688227.SH,,,,,,,,,,,,,86.28,57.52,,,,,0.0,0.0,2.0
20260304,688228.SH,,,,,,,,,,,,,141.73,94.49,,,,,0.0,0.0,2.0
20260304,688229.SH,,,,,,,,,,,,,99.22,66.14,,,,,0.0,0.0,2.0
20260304,688230.SH,,,,,,,,,,,,,76.38,50.92,,,,,0.0,0.0,2.0
20260304,688231.SH,,,,,,,,,,,,,38.77,25.85,,,,,0.0,0.0,2.0
20260304,688232.SH,,,,,,,,,,,,,29.5,19.66,,,,,0.0,0.0,2.0
20260304,688233.SH,,,,,,,,,,,,,95.4,63.6,,,,,0.0,0.0,2.0
20260304,688234.SH,,,,,,,,,,,,,102.05,68.03,,,,,0.0,0.0,2.0
20260304,688235.SH,,,,,,,,,,,,,281.99,187.99,,,,,0.0,0.0,2.0
20260304,688236.SH,,,,,,,,,,,,,24.46,16.3,,,,,0.0,0.0,2.0
20260304,688237.SH,,,,,,,,,,,,,57.32,38.22,,,,,0.0,0.0,2.0
20260304,688238.SH,,,,,,,,,,,,,8.26,5.5,,,,,0.0,0.0,2.0
20260304,688239.SH,,,,,,,,,,,,,83.9,55.94,,,,,0.0,0.0,2.0
20260304,688244.SH,,,,,,,,,,,,,25.54,17.02,,,,,0.0,0.0,2.0
20260304,688246.SH,,,,,,,,,,,,,26.65,17.77,,,,,0.0,0.0,2.0
20260304,688247.SH,,,,,,,,,,,,,11.52,7.68,,,,,0.0,0.0,2.0
20260304,688248.SH,,,,,,,,,,,,,60.05,40.03,,,,,0.0,0.0,2.0
20260304,688249.SH,,,,,,,,,,,,,37.84,25.22,,,,,0.0,0.0,2.0
20260304,688251.SH,,,,,,,,,,,,,36.11,24.07,,,,,0.0,0.0,2.0
20260304,688252.SH,,,,,,,,,,,,,24.98,16.66,,,,,0.0,0.0,2.0
20260304,688253.SH,,,,,,,,,,,,,41.53,27.69,,,,,0.0,0.0,2.0
20260304,688255.SH,,,,,,,,,,,,,36.97,24.65,,,,,0.0,0.0,2.0
20260304,688256.SH,,,,,,,,,,,,,1359.66,906.44,,,,,0.0,0.0,2.0
20260304,688257.SH,,,,,,,,,,,,,85.1,56.74,,,,,0.0,0.0,2.0
20260304,688258.SH,,,,,,,,,,,,,150.6,100.4,,,,,0.0,0.0,2.0
20260304,688259.SH,,,,,,,,,,,,,46.45,30.97,,,,,0.0,0.0,2.0
20260304,688260.SH,,,,,,,,,,,,,35.95,23.97,,,,,0.0,0.0,2.0
20260304,688261.SH,,,,,,,,,,,,,108.5,72.34,,,,,0.0,0.0,2.0
20260304,688262.SH,,,,,,,,,,,,,43.03,28.69,,,,,0.0,0.0,2.0
20260304,688265.SH,,,,,,,,,,,,,52.42,34.94,,,,,0.0,0.0,2.0
20260304,688266.SH,,,,,,,,,,,,,91.87,61.25,,,,,0.0,0.0,2.0
20260304,688267.SH,,,,,,,,,,,,,35.14,23.42,,,,,0.0,0.0,2.0
20260304,688268.SH,,,,,,,,,,,,,83.39,55.59,,,,,0.0,0.0,2.0
20260304,688269.SH,,,,,,,,,,,,,52.06,34.7,,,,,0.0,0.0,2.0
20260304,688270.SH,,,,,,,,,,,,,193.43,128.95,,,,,0.0,0.0,2.0
20260304,688271.SH,,,,,,,,,,,,,150.98,100.66,,,,,0.0,0.0,2.0
20260304,688272.SH,,,,,,,,,,,,,39.02,26.02,,,,,0.0,0.0,2.0
20260304,688273.SH,,,,,,,,,,,,,49.87,33.25,,,,,0.0,0.0,2.0
20260304,688275.SH,,,,,,,,,,,,,108.6,72.4,,,,,0.0,0.0,2.0
20260304,688276.SH,,,,,,,,,,,,,22.38,14.92,,,,,0.0,0.0,2.0
20260304,688277.SH,,,,,,,,,,,,,29.23,19.49,,,,,0.0,0.0,2.0
20260304,688278.SH,,,,,,,,,,,,,87.9,58.6,,,,,0.0,0.0,2.0
20260304,688279.SH,,,,,,,,,,,,,204.71,136.47,,,,,0.0,0.0,2.0
20260304,688280.SH,,,,,,,,,,,,,12.22,8.14,,,,,0.0,0.0,2.0
20260304,688281.SH,,,,,,,,,,,,,108.61,72.41,,,,,0.0,0.0,2.0
20260304,688282.SH,,,,,,,,,,,,,94.56,63.04,,,,,0.0,0.0,2.0
20260304,688283.SH,,,,,,,,,,,,,56.76,37.84,,,,,0.0,0.0,2.0
20260304,688285.SH,,,,,,,,,,,,,10.57,7.05,,,,,0.0,0.0,2.0
20260304,688286.SH,,,,,,,,,,,,,86.86,57.9,,,,,0.0,0.0,2.0
20260304,688287.SH,,,,,,,,,,,,,5.41,3.61,,,,,0.0,0.0,2.0
20260304,688288.SH,,,,,,,,,,,,,33.58,22.38,,,,,0.0,0.0,2.0
20260304,688289.SH,,,,,,,,,,,,,21.7,14.46,,,,,0.0,0.0,2.0
20260304,688290.SH,,,,,,,,,,,,,61.81,41.21,,,,,0.0,0.0,2.0
20260304,688291.SH,,,,,,,,,,,,,57.72,38.48,,,,,0.0,0.0,2.0
20260304,688292.SH,,,,,,,,,,,,,31.2,20.8,,,,,0.0,0.0,2.0
20260304,688293.SH,,,,,,,,,,,,,54.72,36.48,,,,,0.0,0.0,2.0
20260304,688295.SH,,,,,,,,,,,,,35.86,23.9,,,,,0.0,0.0,2.0
20260304,688296.SH,,,,,,,,,,,,,18.0,12.0,,,,,0.0,0.0,2.0
20260304,688297.SH,,,,,,,,,,,,,66.24,44.16,,,,,0.0,0.0,2.0
20260304,688298.SH,,,,,,,,,,,,,27.46,18.3,,,,,0.0,0.0,2.0
20260304,688299.SH,,,,,,,,,,,,,22.22,14.82,,,,,0.0,0.0,2.0
20260304,688300.SH,,,,,,,,,,,,,80.34,53.56,,,,,0.0,0.0,2.0
20260304,688301.SH,,,,,,,,,,,,,149.75,99.83,,,,,0.0,0.0,2.0
20260304,688302.SH,,,,,,,,,,,,,48.18,32.12,,,,,0.0,0.0,2.0
20260304,688303.SH,,,,,,,,,,,,,28.44,18.96,,,,,0.0,0.0,2.0
20260304,688305.SH,,,,,,,,,,,,,73.12,48.74,,,,,0.0,0.0,2.0
20260304,688306.SH,,,,,,,,,,,,,11.95,7.97,,,,,0.0,0.0,2.0
20260304,688307.SH,,,,,,,,,,,,,78.02,52.02,,,,,0.0,0.0,2.0
20260304,688308.SH,,,,,,,,,,,,,92.82,61.88,,,,,0.0,0.0,2.0
20260304,688309.SH,,,,,,,,,,,,,52.2,34.8,,,,,0.0,0.0,2.0
20260304,688310.SH,,,,,,,,,,,,,19.66,13.1,,,,,0.0,0.0,2.0
20260304,688311.SH,,,,,,,,,,,,,53.16,35.44,,,,,0.0,0.0,2.0
20260304,688312.SH,,,,,,,,,,,,,68.74,45.82,,,,,0.0,0.0,2.0
20260304,688313.SH,,,,,,,,,,,,,103.61,69.07,,,,,0.0,0.0,2.0
20260304,688314.SH,,,,,,,,,,,,,45.56,30.38,,,,,0.0,0.0,2.0
20260304,688315.SH,,,,,,,,,,,,,16.92,11.28,,,,,0.0,0.0,2.0
20260304,688316.SH,,,,,,,,,,,,,83.95,55.97,,,,,0.0,0.0,2.0
20260304,688317.SH,,,,,,,,,,,,,23.78,15.86,,,,,0.0,0.0,2.0
20260304,688318.SH,,,,,,,,,,,,,140.4,93.6,,,,,0.0,0.0,2.0
20260304,688319.SH,,,,,,,,,,,,,32.53,21.69,,,,,0.0,0.0,2.0
20260304,688320.SH,,,,,,,,,,,,,39.32,26.22,,,,,0.0,0.0,2.0
20260304,688321.SH,,,,,,,,,,,,,35.76,23.84,,,,,0.0,0.0,2.0
20260304,688322.SH,,,,,,,,,,,,,98.72,65.82,,,,,0.0,0.0,2.0
20260304,688323.SH,,,,,,,,,,,,,26.8,17.86,,,,,0.0,0.0,2.0
20260304,688325.SH,,,,,,,,,,,,,125.23,83.49,,,,,0.0,0.0,2.0
20260304,688326.SH,,,,,,,,,,,,,154.32,102.88,,,,,0.0,0.0,2.0
20260304,688327.SH,,,,,,,,,,,,,17.58,11.72,,,,,0.0,0.0,2.0
20260304,688328.SH,,,,,,,,,,,,,38.28,25.52,,,,,0.0,0.0,2.0
20260304,688329.SH,,,,,,,,,,,,,30.1,20.06,,,,,0.0,0.0,2.0
20260304,688330.SH,,,,,,,,,,,,,51.84,34.56,,,,,0.0,0.0,2.0
20260304,688331.SH,,,,,,,,,,,,,109.78,73.18,,,,,0.0,0.0,2.0
20260304,688332.SH,,,,,,,,,,,,,152.4,101.6,,,,,0.0,0.0,2.0
20260304,688333.SH,,,,,,,,,,,,,124.2,82.8,,,,,0.0,0.0,2.0
20260304,688334.SH,,,,,,,,,,,,,28.32,18.88,,,,,0.0,0.0,2.0
20260304,688335.SH,,,,,,,,,,,,,43.68,29.12,,,,,0.0,0.0,2.0
20260304,688336.SH,,,,,,,,,,,,,67.55,45.03,,,,,0.0,0.0,2.0
20260304,688337.SH,,,,,,,,,,,,,52.18,34.78,,,,,0.0,0.0,2.0
20260304,688338.SH,,,,,,,,,,,,,38.22,25.48,,,,,0.0,0.0,2.0
20260304,688339.SH,,,,,,,,,,,,,37.33,24.89,,,,,0.0,0.0,2.0
20260304,688343.SH,,,,,,,,,,,,,118.67,79.11,,,,,0.0,0.0,2.0
20260304,688345.SH,,,,,,,,,,,,,44.04,29.36,,,,,0.0,0.0,2.0
20260304,688347.SH,,,,,,,,,,,,,138.36,92.24,,,,,0.0,0.0,2.0
20260304,688348.SH,,,,,,,,,,,,,64.9,43.26,,,,,0.0,0.0,2.0
20260304,688349.SH,,,,,,,,,,,,,31.38,20.92,,,,,0.0,0.0,2.0
20260304,688350.SH,,,,,,,,,,,,,37.68,25.12,,,,,0.0,0.0,2.0
20260304,688351.SH,,,,,,,,,,,,,28.04,18.7,,,,,0.0,0.0,2.0
20260304,688352.SH,,,,,,,,,,,,,16.39,10.93,,,,,0.0,0.0,2.0
20260304,688353.SH,,,,,,,,,,,,,125.2,83.46,,,,,0.0,0.0,2.0
20260304,688355.SH,,,,,,,,,,,,,25.33,16.89,,,,,0.0,0.0,2.0
20260304,688356.SH,,,,,,,,,,,,,116.64,77.76,,,,,0.0,0.0,2.0
20260304,688357.SH,,,,,,,,,,,,,41.04,27.36,,,,,0.0,0.0,2.0
20260304,688358.SH,,,,,,,,,,,,,38.16,25.44,,,,,0.0,0.0,2.0
20260304,688359.SH,,,,,,,,,,,,,99.36,66.24,,,,,0.0,0.0,2.0
20260304,688360.SH,,,,,,,,,,,,,21.6,14.4,,,,,0.0,0.0,2.0
20260304,688361.SH,,,,,,,,,,,,,203.76,135.84,,,,,0.0,0.0,2.0
20260304,688362.SH,,,,,,,,,,,,,53.23,35.49,,,,,0.0,0.0,2.0
20260304,688363.SH,,,,,,,,,,,,,53.35,35.57,,,,,0.0,0.0,2.0
20260304,688365.SH,,,,,,,,,,,,,25.12,16.74,,,,,0.0,0.0,2.0
20260304,688366.SH,,,,,,,,,,,,,50.76,33.84,,,,,0.0,0.0,2.0
20260304,688367.SH,,,,,,,,,,,,,42.0,28.0,,,,,0.0,0.0,2.0
20260304,688368.SH,,,,,,,,,,,,,151.46,100.98,,,,,0.0,0.0,2.0
20260304,688369.SH,,,,,,,,,,,,,28.27,18.85,,,,,0.0,0.0,2.0
20260304,688370.SH,,,,,,,,,,,,,33.04,22.02,,,,,0.0,0.0,2.0
20260304,688371.SH,,,,,,,,,,,,,24.56,16.38,,,,,0.0,0.0,2.0
20260304,688372.SH,,,,,,,,,,,,,158.82,105.88,,,,,0.0,0.0,2.0
20260304,688373.SH,,,,,,,,,,,,,6.96,4.64,,,,,0.0,0.0,2.0
20260304,688375.SH,,,,,,,,,,,,,133.69,89.13,,,,,0.0,0.0,2.0
20260304,688376.SH,,,,,,,,,,,,,72.01,48.01,,,,,0.0,0.0,2.0
20260304,688377.SH,,,,,,,,,,,,,59.0,39.34,,,,,0.0,0.0,2.0
20260304,688378.SH,,,,,,,,,,,,,45.92,30.62,,,,,0.0,0.0,2.0
20260304,688379.SH,,,,,,,,,,,,,67.96,45.3,,,,,0.0,0.0,2.0
20260304,688380.SH,,,,,,,,,,,,,56.16,37.44,,,,,0.0,0.0,2.0
20260304,688381.SH,,,,,,,,,,,,,27.5,18.34,,,,,0.0,0.0,2.0
20260304,688382.SH,,,,,,,,,,,,,23.92,15.94,,,,,0.0,0.0,2.0
20260304,688383.SH,,,,,,,,,,,,,80.28,53.52,,,,,0.0,0.0,2.0
20260304,688385.SH,,,,,,,,,,,,,99.36,66.24,,,,,0.0,0.0,2.0
20260304,688386.SH,,,,,,,,,,,,,106.32,70.88,,,,,0.0,0.0,2.0
20260304,688387.SH,,,,,,,,,,,,,18.42,12.28,,,,,0.0,0.0,2.0
20260304,688388.SH,,,,,,,,,,,,,56.22,37.48,,,,,0.0,0.0,2.0
20260304,688389.SH,,,,,,,,,,,,,15.88,10.58,,,,,0.0,0.0,2.0
20260304,688390.SH,,,,,,,,,,,,,118.01,78.67,,,,,0.0,0.0,2.0
20260304,688391.SH,,,,,,,,,,,,,36.25,24.17,,,,,0.0,0.0,2.0
20260304,688392.SH,,,,,,,,,,,,,148.55,99.03,,,,,0.0,0.0,2.0
20260304,688393.SH,,,,,,,,,,,,,30.07,20.05,,,,,0.0,0.0,2.0
20260304,688395.SH,,,,,,,,,,,,,30.79,20.53,,,,,0.0,0.0,2.0
20260304,688396.SH,,,,,,,,,,,,,62.83,41.89,,,,,0.0,0.0,2.0
20260304,688398.SH,,,,,,,,,,,,,30.01,20.01,,,,,0.0,0.0,2.0
20260304,688399.SH,,,,,,,,,,,,,68.92,45.94,,,,,0.0,0.0,2.0
20260304,688400.SH,,,,,,,,,,,,,51.67,34.45,,,,,0.0,0.0,2.0
20260304,688401.SH,,,,,,,,,,,,,61.68,41.12,,,,,0.0,0.0,2.0
20260304,688403.SH,,,,,,,,,,,,,20.18,13.46,,,,,0.0,0.0,2.0
20260304,688408.SH,,,,,,,,,,,,,53.87,35.91,,,,,0.0,0.0,2.0
20260304,688409.SH,,,,,,,,,,,,,119.36,79.58,,,,,0.0,0.0,2.0
20260304,688410.SH,,,,,,,,,,,,,19.04,12.7,,,,,0.0,0.0,2.0
20260304,688411.SH,,,,,,,,,,,,,275.7,183.8,,,,,0.0,0.0,2.0
20260304,688416.SH,,,,,,,,,,,,,100.04,66.7,,,,,0.0,0.0,2.0
20260304,688418.SH,,,,,,,,,,,,,45.98,30.66,,,,,0.0,0.0,2.0
20260304,688419.SH,,,,,,,,,,,,,53.77,35.85,,,,,0.0,0.0,2.0
20260304,688420.SH,,,,,,,,,,,,,30.72,20.48,,,,,0.0,0.0,2.0
20260304,688425.SH,,,,,,,,,,,,,6.31,4.21,,,,,0.0,0.0,2.0
20260304,688426.SH,,,,,,,,,,,,,27.53,18.35,,,,,0.0,0.0,2.0
20260304,688428.SH,,,,,,,,,,,,,25.72,17.14,,,,,0.0,0.0,2.0
20260304,688429.SH,,,,,,,,,,,,,18.82,12.54,,,,,0.0,0.0,2.0
20260304,688432.SH,,,,,,,,,,,,,18.32,12.22,,,,,0.0,0.0,2.0
20260304,688433.SH,,,,,,,,,,,,,112.8,75.2,,,,,0.0,0.0,2.0
20260304,688435.SH,,,,,,,,,,,,,59.99,39.99,,,,,0.0,0.0,2.0
20260304,688439.SH,,,,,,,,,,,,,70.18,46.78,,,,,0.0,0.0,2.0
20260304,688443.SH,,,,,,,,,,,,,30.83,20.55,,,,,0.0,0.0,2.0
20260304,688448.SH,,,,,,,,,,,,,76.81,51.21,,,,,0.0,0.0,2.0
20260304,688449.SH,,,,,,,,,,,,,53.45,35.63,,,,,0.0,0.0,2.0
20260304,688450.SH,,,,,,,,,,,,,40.1,26.74,,,,,0.0,0.0,2.0
20260304,688455.SH,,,,,,,,,,,,,28.8,19.2,,,,,0.0,0.0,2.0
20260304,688456.SH,,,,,,,,,,,,,75.94,50.62,,,,,0.0,0.0,2.0
20260304,688458.SH,,,,,,,,,,,,,46.07,30.71,,,,,0.0,0.0,2.0
20260304,688459.SH,,,,,,,,,,,,,11.56,7.7,,,,,0.0,0.0,2.0
20260304,688466.SH,,,,,,,,,,,,,21.38,14.26,,,,,0.0,0.0,2.0
20260304,688468.SH,,,,,,,,,,,,,8.96,5.98,,,,,0.0,0.0,2.0
20260304,688469.SH,,,,,,,,,,,,,8.45,5.63,,,,,0.0,0.0,2.0
20260304,688472.SH,,,,,,,,,,,,,16.66,11.1,,,,,0.0,0.0,2.0
20260304,688475.SH,,,,,,,,,,,,,32.81,21.87,,,,,0.0,0.0,2.0
20260304,688478.SH,,,,,,,,,,,,,42.88,28.58,,,,,0.0,0.0,2.0
20260304,688479.SH,,,,,,,,,,,,,36.36,24.24,,,,,0.0,0.0,2.0
20260304,688480.SH,,,,,,,,,,,,,147.31,98.21,,,,,0.0,0.0,2.0
20260304,688484.SH,,,,,,,,,,,,,46.08,30.72,,,,,0.0,0.0,2.0
20260304,688485.SH,,,,,,,,,,,,,30.17,20.11,,,,,0.0,0.0,2.0
20260304,688486.SH,,,,,,,,,,,,,84.9,56.6,,,,,0.0,0.0,2.0
20260304,688488.SH,,,,,,,,,,,,,19.88,13.26,,,,,0.0,0.0,2.0
20260304,688489.SH,,,,,,,,,,,,,49.02,32.68,,,,,0.0,0.0,2.0
20260304,688496.SH,,,,,,,,,,,,,7.28,4.86,,,,,0.0,0.0,2.0
20260304,688498.SH,,,,,,,,,,,,,1050.0,700.0,,,,,0.0,0.0,2.0
20260304,688499.SH,,,,,,,,,,,,,63.72,42.48,,,,,0.0,0.0,2.0
20260304,688500.SH,,,,,,,,,,,,,59.64,39.76,,,,,0.0,0.0,2.0
20260304,688501.SH,,,,,,,,,,,,,30.77,20.51,,,,,0.0,0.0,2.0
20260304,688502.SH,,,,,,,,,,,,,396.59,264.39,,,,,0.0,0.0,2.0
20260304,688503.SH,,,,,,,,,,,,,110.76,73.84,,,,,0.0,0.0,2.0
20260304,688505.SH,,,,,,,,,,,,,9.74,6.5,,,,,0.0,0.0,2.0
20260304,688506.SH,,,,,,,,,,,,,296.8,197.86,,,,,0.0,0.0,2.0
20260304,688507.SH,,,,,,,,,,,,,111.71,74.47,,,,,0.0,0.0,2.0
20260304,688508.SH,,,,,,,,,,,,,73.93,49.29,,,,,0.0,0.0,2.0
20260304,688509.SH,,,,,,,,,,,,,5.66,3.78,,,,,0.0,0.0,2.0
20260304,688510.SH,,,,,,,,,,,,,45.66,30.44,,,,,0.0,0.0,2.0
20260304,688511.SH,,,,,,,,,,,,,31.68,21.12,,,,,0.0,0.0,2.0
20260304,688512.SH,,,,,,,,,,,,,13.75,9.17,,,,,0.0,0.0,2.0
20260304,688513.SH,,,,,,,,,,,,,66.2,44.14,,,,,0.0,0.0,2.0
20260304,688515.SH,,,,,,,,,,,,,155.98,103.98,,,,,0.0,0.0,2.0
20260304,688516.SH,,,,,,,,,,,,,100.2,66.8,,,,,0.0,0.0,2.0
20260304,688517.SH,,,,,,,,,,,,,21.4,14.26,,,,,0.0,0.0,2.0
20260304,688518.SH,,,,,,,,,,,,,32.77,21.85,,,,,0.0,0.0,2.0
20260304,688519.SH,,,,,,,,,,,,,132.68,88.46,,,,,0.0,0.0,2.0
20260304,688520.SH,,,,,,,,,,,,,44.4,29.6,,,,,0.0,0.0,2.0
20260304,688521.SH,,,,,,,,,,,,,285.36,190.24,,,,,0.0,0.0,2.0
20260304,688522.SH,,,,,,,,,,,,,46.8,31.2,,,,,0.0,0.0,2.0
20260304,688523.SH,,,,,,,,,,,,,73.02,48.68,,,,,0.0,0.0,2.0
20260304,688525.SH,,U,1.0,808979744.0,808979744.0,92503.0,93239.0,,,,,,175.99,117.33,1.0,5.0,2.0,0.0,1.0,0.0,2.75
20260304,688526.SH,,,,,,,,,,,,,18.94,12.62,,,,,0.0,0.0,2.0
20260304,688528.SH,,,,,,,,,,,,,13.56,9.04,,,,,0.0,0.0,2.0
20260304,688529.SH,,,,,,,,,,,,,22.44,14.96,,,,,0.0,0.0,2.0
20260304,688530.SH,,,,,,,,,,,,,44.32,29.54,,,,,0.0,0.0,2.0
20260304,688531.SH,,,,,,,,,,,,,83.88,55.92,,,,,0.0,0.0,2.0
20260304,688533.SH,,,,,,,,,,,,,38.4,25.6,,,,,0.0,0.0,2.0
20260304,688535.SH,,,,,,,,,,,,,143.46,95.64,,,,,0.0,0.0,2.0
20260304,688536.SH,,,,,,,,,,,,,191.16,127.44,,,,,0.0,0.0,2.0
20260304,688538.SH,,,,,,,,,,,,,2.98,1.98,,,,,0.0,0.0,2.0
20260304,688539.SH,,,,,,,,,,,,,49.44,32.96,,,,,0.0,0.0,2.0
20260304,688543.SH,,,,,,,,,,,,,91.98,61.32,,,,,0.0,0.0,2.0
20260304,688545.SH,,,,,,,,,,,,,65.88,43.92,,,,,0.0,0.0,2.0
20260304,688548.SH,,,,,,,,,,,,,32.54,21.7,,,,,0.0,0.0,2.0
20260304,688549.SH,,,,,,,,,,,,,11.87,7.91,,,,,0.0,0.0,2.0
20260304,688550.SH,,,,,,,,,,,,,52.75,35.17,,,,,0.0,0.0,2.0
20260304,688551.SH,,,,,,,,,,,,,49.32,32.88,,,,,0.0,0.0,2.0
20260304,688552.SH,,,,,,,,,,,,,51.44,34.3,,,,,0.0,0.0,2.0
20260304,688553.SH,,,,,,,,,,,,,21.61,14.41,,,,,0.0,0.0,2.0
20260304,688556.SH,,,,,,,,,,,,,19.42,12.94,,,,,0.0,0.0,2.0
20260304,688557.SH,,,,,,,,,,,,,41.57,27.71,,,,,0.0,0.0,2.0
20260304,688558.SH,,,,,,,,,,,,,37.0,24.66,,,,,0.0,0.0,2.0
20260304,688559.SH,,,,,,,,,,,,,67.07,44.71,,,,,0.0,0.0,2.0
20260304,688560.SH,,,,,,,,,,,,,21.42,14.28,,,,,0.0,0.0,2.0
20260304,688561.SH,,,,,,,,,,,,,39.6,26.4,,,,,0.0,0.0,2.0
20260304,688562.SH,,,,,,,,,,,,,24.36,16.24,,,,,0.0,0.0,2.0
20260304,688563.SH,,,,,,,,,,,,,78.22,52.14,,,,,0.0,0.0,2.0
20260304,688565.SH,,,,,,,,,,,,,16.56,11.04,,,,,0.0,0.0,2.0
20260304,688566.SH,,,,,,,,,,,,,34.16,22.78,,,,,0.0,0.0,2.0
20260304,688567.SH,,,,,,,,,,,,,16.42,10.94,,,,,0.0,0.0,2.0
20260304,688568.SH,,,,,,,,,,,,,86.11,57.41,,,,,0.0,0.0,2.0
20260304,688569.SH,,,,,,,,,,,,,25.79,17.19,,,,,0.0,0.0,2.0
20260304,688570.SH,,,,,,,,,,,,,22.16,14.78,,,,,0.0,0.0,2.0
20260304,688571.SH,,,,,,,,,,,,,9.22,6.14,,,,,0.0,0.0,2.0
20260304,688573.SH,,,,,,,,,,,,,25.2,16.8,,,,,0.0,0.0,2.0
20260304,688575.SH,,,,,,,,,,,,,16.66,11.1,,,,,0.0,0.0,2.0
20260304,688576.SH,,,,,,,,,,,,,90.43,60.29,,,,,0.0,0.0,2.0
20260304,688577.SH,,,,,,,,,,,,,81.48,54.32,,,,,0.0,0.0,2.0
20260304,688578.SH,,,,,,,,,,,,,108.0,72.0,,,,,0.0,0.0,2.0
20260304,688579.SH,,,,,,,,,,,,,13.57,9.05,,,,,0.0,0.0,2.0
20260304,688580.SH,,,,,,,,,,,,,64.56,43.04,,,,,0.0,0.0,2.0
20260304,688581.SH,,,,,,,,,,,,,69.12,46.08,,,,,0.0,0.0,2.0
20260304,688582.SH,,,,,,,,,,,,,71.63,47.75,,,,,0.0,0.0,2.0
20260304,688583.SH,,,,,,,,,,,,,177.0,118.0,,,,,0.0,0.0,2.0
20260304,688584.SH,,,,,,,,,,,,,26.29,17.53,,,,,0.0,0.0,2.0
20260304,688585.SH,,,,,,,,,,,,,131.16,87.44,,,,,0.0,0.0,2.0
20260304,688586.SH,,,,,,,,,,,,,17.88,11.92,,,,,0.0,0.0,2.0
20260304,688588.SH,,,,,,,,,,,,,15.24,10.16,,,,,0.0,0.0,2.0
20260304,688589.SH,,,,,,,,,,,,,27.47,18.31,,,,,0.0,0.0,2.0
20260304,688590.SH,,,,,,,,,,,,,18.3,12.2,,,,,0.0,0.0,2.0
20260304,688591.SH,,,,,,,,,,,,,46.7,31.14,,,,,0.0,0.0,2.0
20260304,688592.SH,,,,,,,,,,,,,53.88,35.92,,,,,0.0,0.0,2.0
20260304,688593.SH,,,,,,,,,,,,,43.38,28.92,,,,,0.0,0.0,2.0
20260304,688595.SH,,,,,,,,,,,,,39.6,26.4,,,,,0.0,0.0,2.0
20260304,688596.SH,,,,,,,,,,,,,38.77,25.85,,,,,0.0,0.0,2.0
20260304,688597.SH,,,,,,,,,,,,,11.34,7.56,,,,,0.0,0.0,2.0
20260304,688598.SH,,,,,,,,,,,,,31.57,21.05,,,,,0.0,0.0,2.0
20260304,688599.SH,,,,,,,,,,,,,21.5,14.34,,,,,0.0,0.0,2.0
20260304,688600.SH,,,,,,,,,,,,,30.94,20.62,,,,,0.0,0.0,2.0
20260304,688601.SH,,,,,,,,,,,,,58.63,39.09,,,,,0.0,0.0,2.0
20260304,688602.SH,,,,,,,,,,,,,9.72,6.48,,,,,0.0,0.0,2.0
20260304,688603.SH,,,,,,,,,,,,,97.8,65.2,,,,,0.0,0.0,2.0
20260304,688605.SH,,,,,,,,,,,,,73.76,49.18,,,,,0.0,0.0,2.0
20260304,688606.SH,,,,,,,,,,,,,79.88,53.26,,,,,0.0,0.0,2.0
20260304,688607.SH,,,,,,,,,,,,,62.51,41.67,,,,,0.0,0.0,2.0
20260304,688608.SH,,,,,,,,,,,,,226.54,151.02,,,,,0.0,0.0,2.0
20260304,688609.SH,,,,,,,,,,,,,10.09,6.73,,,,,0.0,0.0,2.0
20260304,688610.SH,,,,,,,,,,,,,92.16,61.44,,,,,0.0,0.0,2.0
20260304,688611.SH,,,,,,,,,,,,,68.86,45.9,,,,,0.0,0.0,2.0
20260304,688612.SH,,,,,,,,,,,,,34.9,23.26,,,,,0.0,0.0,2.0
20260304,688613.SH,,,,,,,,,,,,,26.66,17.78,,,,,0.0,0.0,2.0
20260304,688615.SH,,,,,,,,,,,,,244.54,163.02,,,,,0.0,0.0,2.0
20260304,688616.SH,,,,,,,,,,,,,16.24,10.82,,,,,0.0,0.0,2.0
20260304,688617.SH,,,,,,,,,,,,,283.44,188.96,,,,,0.0,0.0,2.0
20260304,688618.SH,,,,,,,,,,,,,37.68,25.12,,,,,0.0,0.0,2.0
20260304,688619.SH,,,,,,,,,,,,,17.51,11.67,,,,,0.0,0.0,2.0
20260304,688620.SH,,,,,,,,,,,,,13.19,8.79,,,,,0.0,0.0,2.0
20260304,688621.SH,,,,,,,,,,,,,70.28,46.86,,,,,0.0,0.0,2.0
20260304,688622.SH,,,,,,,,,,,,,132.34,88.22,,,,,0.0,0.0,2.0
20260304,688623.SH,,,,,,,,,,,,,120.0,80.0,,,,,0.0,0.0,2.0
20260304,688625.SH,,,,,,,,,,,,,82.73,55.15,,,,,0.0,0.0,2.0
20260304,688626.SH,,,,,,,,,,,,,74.05,49.37,,,,,0.0,0.0,2.0
20260304,688627.SH,,,,,,,,,,,,,319.2,212.8,,,,,0.0,0.0,2.0
20260304,688628.SH,,,,,,,,,,,,,49.0,32.66,,,,,0.0,0.0,2.0
20260304,688629.SH,,,,,,,,,,,,,140.33,93.55,,,,,0.0,0.0,2.0
20260304,688630.SH,,,,,,,,,,,,,223.92,149.28,,,,,0.0,0.0,2.0
20260304,688631.SH,,,,,,,,,,,,,76.98,51.32,,,,,0.0,0.0,2.0
20260304,688633.SH,,,,,,,,,,,,,32.44,21.62,,,,,0.0,0.0,2.0
20260304,688636.SH,,,,,,,,,,,,,54.86,36.58,,,,,0.0,0.0,2.0
20260304,688638.SH,,,,,,,,,,,,,46.85,31.23,,,,,0.0,0.0,2.0
20260304,688639.SH,,,,,,,,,,,,,38.33,25.55,,,,,0.0,0.0,2.0
20260304,688646.SH,,,,,,,,,,,,,54.0,36.0,,,,,0.0,0.0,2.0
20260304,688648.SH,,,,,,,,,,,,,72.26,48.18,,,,,0.0,0.0,2.0
20260304,688651.SH,,,,,,,,,,,,,51.59,34.39,,,,,0.0,0.0,2.0
20260304,688652.SH,,,,,,,,,,,,,136.8,91.2,,,,,0.0,0.0,2.0
20260304,688653.SH,,,,,,,,,,,,,15.89,10.59,,,,,0.0,0.0,2.0
20260304,688655.SH,,,,,,,,,,,,,27.35,18.23,,,,,0.0,0.0,2.0
20260304,688656.SH,,,,,,,,,,,,,166.8,111.2,,,,,0.0,0.0,2.0
20260304,688657.SH,,,,,,,,,,,,,55.98,37.32,,,,,0.0,0.0,2.0
20260304,688658.SH,,,,,,,,,,,,,21.94,14.62,,,,,0.0,0.0,2.0
20260304,688659.SH,,,,,,,,,,,,,12.52,8.34,,,,,0.0,0.0,2.0
20260304,688660.SH,,,,,,,,,,,,,16.26,10.84,,,,,0.0,0.0,2.0
20260304,688661.SH,,,,,,,,,,,,,112.02,74.68,,,,,0.0,0.0,2.0
20260304,688662.SH,,,,,,,,,,,,,66.47,44.31,,,,,0.0,0.0,2.0
20260304,688663.SH,,,,,,,,,,,,,67.33,44.89,,,,,0.0,0.0,2.0
20260304,688665.SH,,,,,,,,,,,,,59.52,39.68,,,,,0.0,0.0,2.0
20260304,688667.SH,,,,,,,,,,,,,117.14,78.1,,,,,0.0,0.0,2.0
20260304,688668.SH,,,,,,,,,,,,,174.6,116.4,,,,,0.0,0.0,2.0
20260304,688669.SH,,,,,,,,,,,,,34.16,22.78,,,,,0.0,0.0,2.0
20260304,688670.SH,,,,,,,,,,,,,22.06,14.7,,,,,0.0,0.0,2.0
20260304,688671.SH,,,,,,,,,,,,,27.14,18.1,,,,,0.0,0.0,2.0
20260304,688676.SH,,,,,,,,,,,,,111.71,74.47,,,,,0.0,0.0,2.0
20260304,688677.SH,,,,,,,,,,,,,50.52,33.68,,,,,0.0,0.0,2.0
20260304,688678.SH,,,,,,,,,,,,,28.56,19.04,,,,,0.0,0.0,2.0
20260304,688679.SH,,,,,,,,,,,,,51.58,34.38,,,,,0.0,0.0,2.0
20260304,688680.SH,,,,,,,,,,,,,64.57,43.05,,,,,0.0,0.0,2.0
20260304,688681.SH,,,,,,,,,,,,,23.52,15.68,,,,,0.0,0.0,2.0
20260304,688682.SH,,,,,,,,,,,,,55.33,36.89,,,,,0.0,0.0,2.0
20260304,688683.SH,,,,,,,,,,,,,43.87,29.25,,,,,0.0,0.0,2.0
20260304,688685.SH,,,,,,,,,,,,,61.27,40.85,,,,,0.0,0.0,2.0
20260304,688686.SH,,,,,,,,,,,,,122.39,81.59,,,,,0.0,0.0,2.0
20260304,688687.SH,,,,,,,,,,,,,24.74,16.5,,,,,0.0,0.0,2.0
20260304,688689.SH,,,,,,,,,,,,,38.66,25.78,,,,,0.0,0.0,2.0
20260304,688690.SH,,,,,,,,,,,,,31.46,20.98,,,,,0.0,0.0,2.0
20260304,688691.SH,,,,,,,,,,,,,144.46,96.3,,,,,0.0,0.0,2.0
20260304,688692.SH,,,,,,,,,,,,,285.96,190.64,,,,,0.0,0.0,2.0
20260304,688693.SH,,,,,,,,,,,,,46.6,31.06,,,,,0.0,0.0,2.0
20260304,688695.SH,,,,,,,,,,,,,31.86,21.24,,,,,0.0,0.0,2.0
20260304,688696.SH,,,,,,,,,,,,,115.75,77.17,,,,,0.0,0.0,2.0
20260304,688697.SH,,,,,,,,,,,,,18.17,12.11,,,,,0.0,0.0,2.0
20260304,688698.SH,,,,,,,,,,,,,92.26,61.5,,,,,0.0,0.0,2.0
20260304,688699.SH,,,,,,,,,,,,,55.08,36.72,,,,,0.0,0.0,2.0
20260304,688700.SH,,,,,,,,,,,,,49.28,32.86,,,,,0.0,0.0,2.0
20260304,688701.SH,,,,,,,,,,,,,11.71,7.81,,,,,0.0,0.0,2.0
20260304,688702.SH,,,,,,,,,,,,,231.36,154.24,,,,,0.0,0.0,2.0
20260304,688707.SH,,,,,,,,,,,,,16.67,11.11,,,,,0.0,0.0,2.0
20260304,688708.SH,,,,,,,,,,,,,74.4,49.6,,,,,0.0,0.0,2.0
20260304,688709.SH,,,,,,,,,,,,,52.66,35.1,,,,,0.0,0.0,2.0
20260304,688710.SH,,,,,,,,,,,,,59.63,39.75,,,,,0.0,0.0,2.0
20260304,688711.SH,,,,,,,,,,,,,36.24,24.16,,,,,0.0,0.0,2.0
20260304,688712.SH,,,,,,,,,,,,,45.78,30.52,,,,,0.0,0.0,2.0
20260304,688716.SH,,,,,,,,,,,,,44.22,29.48,,,,,0.0,0.0,2.0
20260304,688717.SH,,,,,,,,,,,,,150.47,100.31,,,,,0.0,0.0,2.0
20260304,688718.SH,,,,,,,,,,,,,18.04,12.02,,,,,0.0,0.0,2.0
20260304,688719.SH,,,,,,,,,,,,,51.8,34.54,,,,,0.0,0.0,2.0
20260304,688720.SH,,,,,,,,,,,,,84.34,56.22,,,,,0.0,0.0,2.0
20260304,688721.SH,,,,,,,,,,,,,52.03,34.69,,,,,0.0,0.0,2.0
20260304,688722.SH,,,,,,,,,,,,,21.71,14.47,,,,,0.0,0.0,2.0
20260304,688726.SH,,,,,,,,,,,,,80.69,53.79,,,,,0.0,0.0,2.0
20260304,688727.SH,,,,,,,,,,,,,59.94,39.96,,,,,0.0,0.0,2.0
20260304,688728.SH,,,,,,,,,,,,,19.09,12.73,,,,,0.0,0.0,2.0
20260304,688729.SH,,,,,,,,,,,,,28.31,18.87,,,,,0.0,0.0,2.0
20260304,688733.SH,,,,,,,,,,,,,35.86,23.9,,,,,0.0,0.0,2.0
20260304,688737.SH,,,,,,,,,,,,,32.16,21.44,,,,,0.0,0.0,2.0
20260304,688739.SH,,,,,,,,,,,,,30.25,20.17,,,,,0.0,0.0,2.0
20260304,688750.SH,,,,,,,,,,,,,24.58,16.38,,,,,0.0,0.0,2.0
20260304,688755.SH,,,,,,,,,,,,,46.99,31.33,,,,,0.0,0.0,2.0
20260304,688757.SH,,,,,,,,,,,,,33.14,22.1,,,,,0.0,0.0,2.0
20260304,688758.SH,,,,,,,,,,,,,22.09,14.73,,,,,0.0,0.0,2.0
20260304,688759.SH,,,,,,,,,,,,,43.84,29.22,,,,,0.0,0.0,2.0
20260304,688765.SH,,,,,,,,,,,,,85.03,56.69,,,,,0.0,0.0,2.0
20260304,688766.SH,,,,,,,,,,,,,272.78,181.86,,,,,0.0,0.0,2.0
20260304,688767.SH,,,,,,,,,,,,,40.34,26.9,,,,,0.0,0.0,2.0
20260304,688768.SH,,,,,,,,,,,,,58.03,38.69,,,,,0.0,0.0,2.0
20260304,688772.SH,,,,,,,,,,,,,19.75,13.17,,,,,0.0,0.0,2.0
20260304,688775.SH,,,,,,,,,,,,,252.42,168.28,,,,,0.0,0.0,2.0
20260304,688776.SH,,,,,,,,,,,,,130.13,86.75,,,,,0.0,0.0,2.0
20260304,688777.SH,,,,,,,,,,,,,84.66,56.44,,,,,0.0,0.0,2.0
20260304,688778.SH,,,,,,,,,,,,,92.8,61.86,,,,,0.0,0.0,2.0
20260304,688779.SH,,,,,,,,,,,,,13.02,8.68,,,,,0.0,0.0,2.0
20260304,688783.SH,,,,,,,,,,,,,28.08,18.72,,,,,0.0,0.0,2.0
20260304,688785.SH,,,,,,,,,,,,,373.2,248.8,,,,,0.0,0.0,2.0
20260304,688786.SH,,,,,,,,,,,,,40.79,27.19,,,,,0.0,0.0,2.0
20260304,688787.SH,,,,,,,,,,,,,162.0,108.0,,,,,0.0,0.0,2.0
20260304,688788.SH,,,,,,,,,,,,,70.08,46.72,,,,,0.0,0.0,2.0
20260304,688789.SH,,,,,,,,,,,,,102.4,68.26,,,,,0.0,0.0,2.0
20260304,688790.SH,,,,,,,,,,,,,175.68,117.12,,,,,0.0,0.0,2.0
20260304,688793.SH,,,,,,,,,,,,,25.21,16.81,,,,,0.0,0.0,2.0
20260304,688795.SH,,,,,,,,,,,,,656.88,437.92,,,,,0.0,0.0,2.0
20260304,688796.SH,,,,,,,,,,,,,83.99,55.99,,,,,0.0,0.0,2.0
20260304,688798.SH,,,,,,,,,,,,,86.42,57.62,,,,,0.0,0.0,2.0
20260304,688799.SH,,,,,,,,,,,,,49.56,33.04,,,,,0.0,0.0,2.0
20260304,688800.SH,,,,,,,,,,,,,112.56,75.04,,,,,0.0,0.0,2.0
20260304,688802.SH,,,,,,,,,,,,,598.97,399.31,,,,,0.0,0.0,2.0
20260304,688805.SH,,,,,,,,,,,,,52.93,35.29,,,,,0.0,0.0,2.0
20260304,688807.SH,,,,,,,,,,,,,267.67,178.45,,,,,0.0,0.0,2.0
20260304,688809.SH,,,,,,,,,,,,,389.56,259.7,,,,,0.0,0.0,2.0
20260304,688816.SH,,,,,,,,,,,,,80.4,53.6,,,,,0.0,0.0,2.0
20260304,688818.SH,,,,,,,,,,,,,71.14,47.42,,,,,0.0,0.0,2.0
20260304,688819.SH,,,,,,,,,,,,,38.1,25.4,,,,,0.0,0.0,2.0
20260304,688981.SH,,,,,,,,,,,,,129.97,86.65,,,,,0.0,0.0,2.0
20260304,689009.SH,,,,,,,,,,,,,56.87,37.91,,,,,0.0,0.0,2.0
20260304,920000.BJ,,,,,,,,,,,,,23.2,12.5,,,,,0.0,0.0,2.0
20260304,920001.BJ,,,,,,,,,,,,,21.59,11.63,,,,,0.0,0.0,2.0
20260304,920002.BJ,,,,,,,,,,,,,118.4,63.76,,,,,0.0,0.0,2.0
20260304,920003.BJ,,,,,,,,,,,,,39.91,21.49,,,,,0.0,0.0,2.0
20260304,920005.BJ,,,,,,,,,,,,,49.66,26.74,,,,,0.0,0.0,2.0
20260304,920006.BJ,,,,,,,,,,,,,35.33,19.03,,,,,0.0,0.0,2.0
20260304,920007.BJ,,,,,,,,,,,,,87.0,46.86,,,,,0.0,0.0,2.0
20260304,920008.BJ,,,,,,,,,,,,,45.07,24.27,,,,,0.0,0.0,2.0
20260304,920009.BJ,,,,,,,,,,,,,95.14,51.24,,,,,0.0,0.0,2.0
20260304,920010.BJ,,,,,,,,,,,,,22.78,12.28,,,,,0.0,0.0,2.0
20260304,920014.BJ,,,,,,,,,,,,,23.15,12.47,,,,,0.0,0.0,2.0
20260304,920015.BJ,,,,,,,,,,,,,60.61,32.65,,,,,0.0,0.0,2.0
20260304,920016.BJ,,,,,,,,,,,,,24.83,13.37,,,,,0.0,0.0,2.0
20260304,920017.BJ,,,,,,,,,,,,,23.62,12.72,,,,,0.0,0.0,2.0
20260304,920018.BJ,,,,,,,,,,,,,39.58,21.32,,,,,0.0,0.0,2.0
20260304,920019.BJ,,,,,,,,,,,,,29.34,15.8,,,,,0.0,0.0,2.0
20260304,920020.BJ,,,,,,,,,,,,,22.52,12.14,,,,,0.0,0.0,2.0
20260304,920021.BJ,,,,,,,,,,,,,13.63,7.35,,,,,0.0,0.0,2.0
20260304,920022.BJ,,,,,,,,,,,,,37.53,20.21,,,,,0.0,0.0,2.0
20260304,920023.BJ,,,,,,,,,,,,,5.68,3.06,,,,,0.0,0.0,2.0
20260304,920026.BJ,,,,,,,,,,,,,44.91,24.19,,,,,0.0,0.0,2.0
20260304,920027.BJ,,,,,,,,,,,,,26.79,14.43,,,,,0.0,0.0,2.0
20260304,920029.BJ,,,,,,,,,,,,,110.69,59.61,,,,,0.0,0.0,2.0
20260304,920030.BJ,,,,,,,,,,,,,8.39,4.53,,,,,0.0,0.0,2.0
20260304,920033.BJ,,,,,,,,,,,,,21.99,11.85,,,,,0.0,0.0,2.0
20260304,920035.BJ,,,,,,,,,,,,,47.86,25.78,,,,,0.0,0.0,2.0
20260304,920037.BJ,,,,,,,,,,,,,103.58,55.78,,,,,0.0,0.0,2.0
20260304,920039.BJ,,,,,,,,,,,,,14.53,7.83,,,,,0.0,0.0,2.0
20260304,920045.BJ,,,,,,,,,,,,,461.5,248.5,,,,,0.0,0.0,2.0
20260304,920046.BJ,,,,,,,,,,,,,37.18,20.02,,,,,0.0,0.0,2.0
20260304,920047.BJ,,,,,,,,,,,,,27.54,14.84,,,,,0.0,0.0,2.0
20260304,920050.BJ,,,,,,,,,,,,,46.63,25.11,,,,,0.0,0.0,2.0
20260304,920056.BJ,,,,,,,,,,,,,32.39,17.45,,,,,0.0,0.0,2.0
20260304,920057.BJ,,,,,,,,,,,,,9.08,4.9,,,,,0.0,0.0,2.0
20260304,920058.BJ,,,,,,,,,,,,,40.22,21.66,,,,,0.0,0.0,2.0
20260304,920060.BJ,,,,,,,,,,,,,42.93,23.13,,,,,0.0,0.0,2.0
20260304,920061.BJ,,,,,,,,,,,,,36.51,19.67,,,,,0.0,0.0,2.0
20260304,920062.BJ,,,,,,,,,,,,,14.78,7.96,,,,,0.0,0.0,2.0
20260304,920066.BJ,,,,,,,,,,,,,33.61,18.11,,,,,0.0,0.0,2.0
20260304,920068.BJ,,,,,,,,,,,,,26.19,14.11,,,,,0.0,0.0,2.0
20260304,920075.BJ,,,,,,,,,,,,,32.76,17.64,,,,,0.0,0.0,2.0
20260304,920076.BJ,,,,,,,,,,,,,30.7,16.54,,,,,0.0,0.0,2.0
20260304,920077.BJ,,,,,,,,,,,,,21.67,11.67,,,,,0.0,0.0,2.0
20260304,920080.BJ,,,,,,,,,,,,,34.74,18.72,,,,,0.0,0.0,2.0
20260304,920082.BJ,,,,,,,,,,,,,26.1,14.06,,,,,0.0,0.0,2.0
20260304,920086.BJ,,,,,,,,,,,,,41.45,22.33,,,,,0.0,0.0,2.0
20260304,920087.BJ,,,,,,,,,,,,,26.49,14.27,,,,,0.0,0.0,2.0
20260304,920088.BJ,,,,,,,,,,,,,115.93,62.43,,,,,0.0,0.0,2.0
20260304,920089.BJ,,,,,,,,,,,,,26.61,14.33,,,,,0.0,0.0,2.0
20260304,920090.BJ,,,,,,,,,,,,,8.86,4.78,,,,,0.0,0.0,2.0
20260304,920091.BJ,,,,,,,,,,,,,78.91,42.49,,,,,0.0,0.0,2.0
20260304,920092.BJ,,,,,,,,,,,,,44.57,24.01,,,,,0.0,0.0,2.0
20260304,920098.BJ,,,,,,,,,,,,,38.24,20.6,,,,,0.0,0.0,2.0
20260304,920099.BJ,,,,,,,,,,,,,52.33,28.19,,,,,0.0,0.0,2.0
20260304,920100.BJ,,,,,,,,,,,,,76.7,41.3,,,,,0.0,0.0,2.0
20260304,920101.BJ,,,,,,,,,,,,,51.07,27.51,,,,,0.0,0.0,2.0
20260304,920106.BJ,,,,,,,,,,,,,93.0,50.08,,,,,0.0,0.0,2.0
20260304,920108.BJ,,,,,,,,,,,,,16.69,8.99,,,,,0.0,0.0,2.0
20260304,920110.BJ,,,,,,,,,,,,,47.61,25.65,,,,,0.0,0.0,2.0
20260304,920111.BJ,,,,,,,,,,,,,31.74,17.1,,,,,0.0,0.0,2.0
20260304,920112.BJ,,,,,,,,,,,,,48.65,26.21,,,,,0.0,0.0,2.0
20260304,920116.BJ,,,,,,,,,,,,,132.8,71.52,,,,,0.0,0.0,2.0
20260304,920118.BJ,,,,,,,,,,,,,30.62,16.5,,,,,0.0,0.0,2.0
20260304,920119.BJ,,,,,,,,,,,,,129.28,69.62,,,,,0.0,0.0,2.0
20260304,920121.BJ,,,,,,,,,,,,,52.78,28.42,,,,,0.0,0.0,2.0
20260304,920122.BJ,,,,,,,,,,,,,40.15,21.63,,,,,0.0,0.0,2.0
20260304,920123.BJ,,,,,,,,,,,,,18.2,9.8,,,,,0.0,0.0,2.0
20260304,920124.BJ,,,,,,,,,,,,,22.94,12.36,,,,,0.0,0.0,2.0
20260304,920128.BJ,,,,,,,,,,,,,34.98,18.84,,,,,0.0,0.0,2.0
20260304,920130.BJ,,,,,,,,,,,,,28.99,15.61,,,,,0.0,0.0,2.0
20260304,920132.BJ,,,,,,,,,,,,,23.25,12.53,,,,,0.0,0.0,2.0
20260304,920139.BJ,,,,,,,,,,,,,25.45,13.71,,,,,0.0,0.0,2.0
20260304,920145.BJ,,,,,,,,,,,,,23.85,12.85,,,,,0.0,0.0,2.0
20260304,920146.BJ,,,,,,,,,,,,,10.41,5.61,,,,,0.0,0.0,2.0
20260304,920149.BJ,,,,,,,,,,,,,15.18,8.18,,,,,0.0,0.0,2.0
20260304,920152.BJ,,,,,,,,,,,,,26.26,14.14,,,,,0.0,0.0,2.0
20260304,920158.BJ,,,,,,,,,,,,,30.92,16.66,,,,,0.0,0.0,2.0
20260304,920159.BJ,,,,,,,,,,,,,57.2,30.8,,,,,0.0,0.0,2.0
20260304,920160.BJ,,,,,,,,,,,,,32.13,17.31,,,,,0.0,0.0,2.0
20260304,920163.BJ,,,,,,,,,,,,,20.99,11.31,,,,,0.0,0.0,2.0
20260304,920166.BJ,,,,,,,,,,,,,42.1,22.68,,,,,0.0,0.0,2.0
20260304,920167.BJ,,,,,,,,,,,,,25.75,13.87,,,,,0.0,0.0,2.0
20260304,920168.BJ,,,,,,,,,,,,,32.47,17.49,,,,,0.0,0.0,2.0
20260304,920169.BJ,,,,,,,,,,,,,47.69,25.69,,,,,0.0,0.0,2.0
20260304,920171.BJ,,,,,,,,,,,,,27.09,14.59,,,,,0.0,0.0,2.0
20260304,920174.BJ,,,,,,,,,,,,,58.55,31.53,,,,,0.0,0.0,2.0
20260304,920175.BJ,,,,,,,,,,,,,15.3,8.24,,,,,0.0,0.0,2.0
20260304,920179.BJ,,,,,,,,,,,,,63.37,34.13,,,,,0.0,0.0,2.0
20260304,920180.BJ,,,,,,,,,,,,,25.36,13.66,,,,,0.0,0.0,2.0
20260304,920183.BJ,,,,,,,,,,,,,99999.99,0.0,,,,,0.0,0.0,2.0
20260304,920184.BJ,,,,,,,,,,,,,23.11,12.45,,,,,0.0,0.0,2.0
20260304,920185.BJ,,,,,,,,,,,,,36.1,19.44,,,,,0.0,0.0,2.0
20260304,920190.BJ,,,,,,,,,,,,,31.82,17.14,,,,,0.0,0.0,2.0
20260304,920195.BJ,,,,,,,,,,,,,27.37,14.75,,,,,0.0,0.0,2.0
20260304,920198.BJ,,,,,,,,,,,,,12.9,6.96,,,,,0.0,0.0,2.0
20260304,920199.BJ,,,,,,,,,,,,,49.42,26.62,,,,,0.0,0.0,2.0
20260304,920204.BJ,,,,,,,,,,,,,24.11,12.99,,,,,0.0,0.0,2.0
20260304,920207.BJ,,,,,,,,,,,,,49.24,26.52,,,,,0.0,0.0,2.0
20260304,920208.BJ,,,,,,,,,,,,,31.39,16.91,,,,,0.0,0.0,2.0
20260304,920212.BJ,,,,,,,,,,,,,17.14,9.24,,,,,0.0,0.0,2.0
20260304,920221.BJ,,,,,,,,,,,,,20.46,11.02,,,,,0.0,0.0,2.0
20260304,920223.BJ,,,,,,,,,,,,,23.5,12.66,,,,,0.0,0.0,2.0
20260304,920225.BJ,,,,,,,,,,,,,40.97,22.07,,,,,0.0,0.0,2.0
20260304,920227.BJ,,,,,,,,,,,,,87.51,47.13,,,,,0.0,0.0,2.0
20260304,920230.BJ,,,,,,,,,,,,,16.35,8.81,,,,,0.0,0.0,2.0
20260304,920237.BJ,,,,,,,,,,,,,29.06,15.66,,,,,0.0,0.0,2.0
20260304,920239.BJ,,,,,,,,,,,,,41.08,22.12,,,,,0.0,0.0,2.0
20260304,920242.BJ,,,,,,,,,,,,,34.25,18.45,,,,,0.0,0.0,2.0
20260304,920245.BJ,,,,,,,,,,,,,36.28,19.54,,,,,0.0,0.0,2.0
20260304,920247.BJ,,,,,,,,,,,,,29.62,15.96,,,,,0.0,0.0,2.0
20260304,920249.BJ,,,,,,,,,,,,,16.25,8.75,,,,,0.0,0.0,2.0
20260304,920252.BJ,,,,,,,,,,,,,37.96,20.44,,,,,0.0,0.0,2.0
20260304,920260.BJ,,,,,,,,,,,,,20.02,10.78,,,,,0.0,0.0,2.0
20260304,920261.BJ,,,,,,,,,,,,,20.67,11.13,,,,,0.0,0.0,2.0
20260304,920262.BJ,,,,,,,,,,,,,30.23,16.29,,,,,0.0,0.0,2.0
20260304,920263.BJ,,,,,,,,,,,,,18.21,9.81,,,,,0.0,0.0,2.0
20260304,920266.BJ,,,,,,,,,,,,,11.79,6.35,,,,,0.0,0.0,2.0
20260304,920267.BJ,,,,,,,,,,,,,28.44,15.32,,,,,0.0,0.0,2.0
20260304,920270.BJ,,,,,,,,,,,,,25.09,13.51,,,,,0.0,0.0,2.0
20260304,920271.BJ,,,,,,,,,,,,,20.54,11.06,,,,,0.0,0.0,2.0
20260304,920273.BJ,,,,,,,,,,,,,35.2,18.96,,,,,0.0,0.0,2.0
20260304,920274.BJ,,,,,,,,,,,,,32.2,17.34,,,,,0.0,0.0,2.0
20260304,920275.BJ,,,,,,,,,,,,,11.67,6.29,,,,,0.0,0.0,2.0
20260304,920278.BJ,,,,,,,,,,,,,11.79,6.35,,,,,0.0,0.0,2.0
20260304,920284.BJ,,,,,,,,,,,,,44.99,24.23,,,,,0.0,0.0,2.0
20260304,920299.BJ,,,,,,,,,,,,,37.31,20.09,,,,,0.0,0.0,2.0
20260304,920300.BJ,,,,,,,,,,,,,18.07,9.73,,,,,0.0,0.0,2.0
20260304,920304.BJ,,,,,,,,,,,,,18.96,10.22,,,,,0.0,0.0,2.0
20260304,920305.BJ,,,,,,,,,,,,,10.55,5.69,,,,,0.0,0.0,2.0
20260304,920339.BJ,,,,,,,,,,,,,11.66,6.28,,,,,0.0,0.0,2.0
20260304,920344.BJ,,,,,,,,,,,,,28.27,15.23,,,,,0.0,0.0,2.0
20260304,920346.BJ,,,,,,,,,,,,,30.3,16.32,,,,,0.0,0.0,2.0
20260304,920351.BJ,,,,,,,,,,,,,41.52,22.36,,,,,0.0,0.0,2.0
20260304,920357.BJ,,,,,,,,,,,,,30.43,16.39,,,,,0.0,0.0,2.0
20260304,920363.BJ,,,,,,,,,,,,,23.76,12.8,,,,,0.0,0.0,2.0
20260304,920367.BJ,,,,,,,,,,,,,26.85,14.47,,,,,0.0,0.0,2.0
20260304,920368.BJ,,,,,,,,,,,,,61.52,33.14,,,,,0.0,0.0,2.0
20260304,920370.BJ,,,,,,,,,,,,,5.23,2.83,,,,,0.0,0.0,2.0
20260304,920371.BJ,,,,,,,,,,,,,14.36,7.74,,,,,0.0,0.0,2.0
20260304,920374.BJ,,,,,,,,,,,,,28.76,15.5,,,,,0.0,0.0,2.0
20260304,920375.BJ,,,,,,,,,,,,,17.99,9.69,,,,,0.0,0.0,2.0
20260304,920378.BJ,,,,,,,,,,,,,13.1,7.06,,,,,0.0,0.0,2.0
20260304,920392.BJ,,,,,,,,,,,,,30.56,16.46,,,,,0.0,0.0,2.0
20260304,920394.BJ,,,,,,,,,,,,,63.58,34.24,,,,,0.0,0.0,2.0
20260304,920395.BJ,,,,,,,,,,,,,14.67,7.91,,,,,0.0,0.0,2.0
20260304,920396.BJ,,,,,,,,,,,,,44.2,23.8,,,,,0.0,0.0,2.0
20260304,920402.BJ,,,,,,,,,,,,,12.93,6.97,,,,,0.0,0.0,2.0
20260304,920403.BJ,,,,,,,,,,,,,35.08,18.9,,,,,0.0,0.0,2.0
20260304,920405.BJ,,,,,,,,,,,,,29.79,16.05,,,,,0.0,0.0,2.0
20260304,920407.BJ,,,,,,,,,,,,,27.71,14.93,,,,,0.0,0.0,2.0
20260304,920414.BJ,,,,,,,,,,,,,19.51,10.51,,,,,0.0,0.0,2.0
20260304,920415.BJ,,,,,,,,,,,,,18.05,9.73,,,,,0.0,0.0,2.0
20260304,920418.BJ,,,,,,,,,,,,,34.25,18.45,,,,,0.0,0.0,2.0
20260304,920419.BJ,,,,,,,,,,,,,19.13,10.31,,,,,0.0,0.0,2.0
20260304,920422.BJ,,,,,,,,,,,,,16.52,8.9,,,,,0.0,0.0,2.0
20260304,920425.BJ,,,,,,,,,,,,,29.75,16.03,,,,,0.0,0.0,2.0
20260304,920427.BJ,,,,,,,,,,,,,17.74,9.56,,,,,0.0,0.0,2.0
20260304,920429.BJ,,,,,,,,,,,,,17.7,9.54,,,,,0.0,0.0,2.0
20260304,920433.BJ,,,,,,,,,,,,,7.51,4.05,,,,,0.0,0.0,2.0
20260304,920436.BJ,,,,,,,,,,,,,20.9,11.26,,,,,0.0,0.0,2.0
20260304,920438.BJ,,,,,,,,,,,,,54.6,29.4,,,,,0.0,0.0,2.0
20260304,920445.BJ,,,,,,,,,,,,,14.33,7.73,,,,,0.0,0.0,2.0
20260304,920454.BJ,,,,,,,,,,,,,19.63,10.57,,,,,0.0,0.0,2.0
20260304,920455.BJ,,,,,,,,,,,,,11.63,6.27,,,,,0.0,0.0,2.0
20260304,920469.BJ,,,,,,,,,,,,,13.35,7.19,,,,,0.0,0.0,2.0
20260304,920471.BJ,,,,,,,,,,,,,20.15,10.85,,,,,0.0,0.0,2.0
20260304,920475.BJ,,,,,,,,,,,,,20.69,11.15,,,,,0.0,0.0,2.0
20260304,920476.BJ,,,,,,,,,,,,,29.62,15.96,,,,,0.0,0.0,2.0
20260304,920478.BJ,,,,,,,,,,,,,23.11,12.45,,,,,0.0,0.0,2.0
20260304,920489.BJ,,,,,,,,,,,,,21.47,11.57,,,,,0.0,0.0,2.0
20260304,920491.BJ,,,,,,,,,,,,,33.15,17.85,,,,,0.0,0.0,2.0
20260304,920493.BJ,,,,,,,,,,,,,199.29,107.31,,,,,0.0,0.0,2.0
20260304,920496.BJ,,,,,,,,,,,,,12.93,6.97,,,,,0.0,0.0,2.0
20260304,920504.BJ,,,,,,,,,,,,,32.86,17.7,,,,,0.0,0.0,2.0
20260304,920505.BJ,,,,,,,,,,,,,60.71,32.69,,,,,0.0,0.0,2.0
20260304,920508.BJ,,,,,,,,,,,,,28.34,15.26,,,,,0.0,0.0,2.0
20260304,920509.BJ,,,,,,,,,,,,,43.1,23.22,,,,,0.0,0.0,2.0
20260304,920510.BJ,,,,,,,,,,,,,21.51,11.59,,,,,0.0,0.0,2.0
20260304,920519.BJ,,,,,,,,,,,,,17.9,9.64,,,,,0.0,0.0,2.0
20260304,920522.BJ,,,,,,,,,,,,,86.97,46.83,,,,,0.0,0.0,2.0
20260304,920523.BJ,,,,,,,,,,,,,32.89,17.71,,,,,0.0,0.0,2.0
20260304,920526.BJ,,,,,,,,,,,,,28.56,15.38,,,,,0.0,0.0,2.0
20260304,920527.BJ,,,,,,,,,,,,,23.67,12.75,,,,,0.0,0.0,2.0
20260304,920533.BJ,,,,,,,,,,,,,33.43,18.01,,,,,0.0,0.0,2.0
20260304,920541.BJ,,,,,,,,,,,,,17.82,9.6,,,,,0.0,0.0,2.0
20260304,920547.BJ,,,,,,,,,,,,,31.75,17.11,,,,,0.0,0.0,2.0
20260304,920553.BJ,,,,,,,,,,,,,13.28,7.16,,,,,0.0,0.0,2.0
20260304,920556.BJ,,,,,,,,,,,,,13.72,7.4,,,,,0.0,0.0,2.0
20260304,920564.BJ,,,,,,,,,,,,,34.32,18.48,,,,,0.0,0.0,2.0
20260304,920566.BJ,,,,,,,,,,,,,14.56,7.84,,,,,0.0,0.0,2.0
20260304,920570.BJ,,,,,,,,,,,,,43.01,23.17,,,,,0.0,0.0,2.0
20260304,920571.BJ,,,,,,,,,,,,,21.09,11.37,,,,,0.0,0.0,2.0
20260304,920575.BJ,,,,,,,,,,,,,11.36,6.12,,,,,0.0,0.0,2.0
20260304,920576.BJ,,,,,,,,,,,,,93.31,50.25,,,,,0.0,0.0,2.0
20260304,920578.BJ,,,,,,,,,,,,,28.62,15.42,,,,,0.0,0.0,2.0
20260304,920579.BJ,,,,,,,,,,,,,28.58,15.4,,,,,0.0,0.0,2.0
20260304,920580.BJ,,,,,,,,,,,,,19.89,10.71,,,,,0.0,0.0,2.0
20260304,920592.BJ,,,,,,,,,,,,,46.25,24.91,,,,,0.0,0.0,2.0
20260304,920593.BJ,,,,,,,,,,,,,39.06,21.04,,,,,0.0,0.0,2.0
20260304,920599.BJ,,,,,,,,,,,,,26.36,14.2,,,,,0.0,0.0,2.0
20260304,920608.BJ,,,,,,,,,,,,,24.96,13.44,,,,,0.0,0.0,2.0
20260304,920627.BJ,,,,,,,,,,,,,27.95,15.05,,,,,0.0,0.0,2.0
20260304,920634.BJ,,,,,,,,,,,,,32.52,17.52,,,,,0.0,0.0,2.0
20260304,920639.BJ,,,,,,,,,,,,,10.99,5.93,,,,,0.0,0.0,2.0
20260304,920640.BJ,,,,,,,,,,,,,56.09,30.21,,,,,0.0,0.0,2.0
20260304,920641.BJ,,,,,,,,,,,,,24.57,13.23,,,,,0.0,0.0,2.0
20260304,920642.BJ,,,,,,,,,,,,,19.16,10.32,,,,,0.0,0.0,2.0
20260304,920651.BJ,,,,,,,,,,,,,45.72,24.62,,,,,0.0,0.0,2.0
20260304,920656.BJ,,,,,,,,,,,,,22.36,12.04,,,,,0.0,0.0,2.0
20260304,920662.BJ,,,,,,,,,,,,,37.02,19.94,,,,,0.0,0.0,2.0
20260304,920663.BJ,,,,,,,,,,,,,20.64,11.12,,,,,0.0,0.0,2.0
20260304,920665.BJ,,,,,,,,,,,,,16.9,9.1,,,,,0.0,0.0,2.0
20260304,920670.BJ,,,,,,,,,,,,,23.5,12.66,,,,,0.0,0.0,2.0
20260304,920675.BJ,,,,,,,,,,,,,20.63,11.11,,,,,0.0,0.0,2.0
20260304,920679.BJ,,,,,,,,,,,,,26.62,14.34,,,,,0.0,0.0,2.0
20260304,920682.BJ,,,,,,,,,,,,,11.94,6.44,,,,,0.0,0.0,2.0
20260304,920685.BJ,,,,,,,,,,,,,18.17,9.79,,,,,0.0,0.0,2.0
20260304,920689.BJ,,,,,,,,,,,,,41.47,22.33,,,,,0.0,0.0,2.0
20260304,920690.BJ,,,,,,,,,,,,,39.19,21.11,,,,,0.0,0.0,2.0
20260304,920693.BJ,,,,,,,,,,,,,43.48,23.42,,,,,0.0,0.0,2.0
20260304,920694.BJ,,,,,,,,,,,,,31.29,16.85,,,,,0.0,0.0,2.0
20260304,920699.BJ,,,,,,,,,,,,,57.59,31.01,,,,,0.0,0.0,2.0
20260304,920701.BJ,,,,,,,,,,,,,22.43,12.09,,,,,0.0,0.0,2.0
20260304,920703.BJ,,,,,,,,,,,,,21.11,11.37,,,,,0.0,0.0,2.0
20260304,920706.BJ,,,,,,,,,,,,,35.93,19.35,,,,,0.0,0.0,2.0
20260304,920717.BJ,,,,,,,,,,,,,17.14,9.24,,,,,0.0,0.0,2.0
20260304,920718.BJ,,,,,,,,,,,,,18.92,10.2,,,,,0.0,0.0,2.0
20260304,920719.BJ,,,,,,,,,,,,,16.21,8.73,,,,,0.0,0.0,2.0
20260304,920720.BJ,,,,,,,,,,,,,17.43,9.39,,,,,0.0,0.0,2.0
20260304,920725.BJ,,,,,,,,,,,,,46.68,25.14,,,,,0.0,0.0,2.0
20260304,920726.BJ,,,,,,,,,,,,,26.57,14.31,,,,,0.0,0.0,2.0
20260304,920729.BJ,,,,,,,,,,,,,11.58,6.24,,,,,0.0,0.0,2.0
20260304,920735.BJ,,,,,,,,,,,,,45.13,24.31,,,,,0.0,0.0,2.0
20260304,920748.BJ,,,,,,,,,,,,,54.86,29.54,,,,,0.0,0.0,2.0
20260304,920751.BJ,,,,,,,,,,,,,31.39,16.91,,,,,0.0,0.0,2.0
20260304,920753.BJ,,,,,,,,,,,,,27.72,14.94,,,,,0.0,0.0,2.0
20260304,920765.BJ,,,,,,,,,,,,,23.55,12.69,,,,,0.0,0.0,2.0
20260304,920768.BJ,,,,,,,,,,,,,16.32,8.8,,,,,0.0,0.0,2.0
20260304,920770.BJ,,,,,,,,,,,,,23.92,12.88,,,,,0.0,0.0,2.0
20260304,920779.BJ,,,,,,,,,,,,,41.6,22.4,,,,,0.0,0.0,2.0
20260304,920781.BJ,,,,,,,,,,,,,13.84,7.46,,,,,0.0,0.0,2.0
20260304,920786.BJ,,,,,,,,,,,,,13.05,7.03,,,,,0.0,0.0,2.0
20260304,920790.BJ,,,,,,,,,,,,,39.0,21.0,,,,,0.0,0.0,2.0
20260304,920792.BJ,,,,,,,,,,,,,16.8,9.06,,,,,0.0,0.0,2.0
20260304,920799.BJ,,,,,,,,,,,,,52.27,28.15,,,,,0.0,0.0,2.0
20260304,920802.BJ,,,,,,,,,,,,,20.74,11.18,,,,,0.0,0.0,2.0
20260304,920806.BJ,,,,,,,,,,,,,16.47,8.87,,,,,0.0,0.0,2.0
20260304,920807.BJ,,,,,,,,,,,,,19.11,10.29,,,,,0.0,0.0,2.0
20260304,920808.BJ,,,,,,,,,,,,,104.02,56.02,,,,,0.0,0.0,2.0
20260304,920809.BJ,,,,,,,,,,,,,9.08,4.9,,,,,0.0,0.0,2.0
20260304,920810.BJ,,,,,,,,,,,,,16.64,8.96,,,,,0.0,0.0,2.0
20260304,920819.BJ,,,,,,,,,,,,,5.09,2.75,,,,,0.0,0.0,2.0
20260304,920821.BJ,,,,,,,,,,,,,30.45,16.41,,,,,0.0,0.0,2.0
20260304,920826.BJ,,,,,,,,,,,,,16.06,8.66,,,,,0.0,0.0,2.0
20260304,920832.BJ,,,,,,,,,,,,,10.27,5.53,,,,,0.0,0.0,2.0
20260304,920833.BJ,,,,,,,,,,,,,26.53,14.29,,,,,0.0,0.0,2.0
20260304,920834.BJ,,,,,,,,,,,,,18.95,10.21,,,,,0.0,0.0,2.0
20260304,920837.BJ,,,,,,,,,,,,,19.04,10.26,,,,,0.0,0.0,2.0
20260304,920839.BJ,,,,,,,,,,,,,47.54,25.6,,,,,0.0,0.0,2.0
20260304,920855.BJ,,,,,,,,,,,,,23.43,12.63,,,,,0.0,0.0,2.0
20260304,920856.BJ,,,,,,,,,,,,,19.96,10.76,,,,,0.0,0.0,2.0
20260304,920857.BJ,,,,,,,,,,,,,33.29,17.93,,,,,0.0,0.0,2.0
20260304,920866.BJ,,,,,,,,,,,,,11.62,6.26,,,,,0.0,0.0,2.0
20260304,920870.BJ,,,,,,,,,,,,,21.43,11.55,,,,,0.0,0.0,2.0
20260304,920871.BJ,,,,,,,,,,,,,19.33,10.41,,,,,0.0,0.0,2.0
20260304,920873.BJ,,,,,,,,,,,,,10.3,5.56,,,,,0.0,0.0,2.0
20260304,920876.BJ,,,,,,,,,,,,,32.34,17.42,,,,,0.0,0.0,2.0
20260304,920879.BJ,,,,,,,,,,,,,28.96,15.6,,,,,0.0,0.0,2.0
20260304,920885.BJ,,,,,,,,,,,,,29.64,15.96,,,,,0.0,0.0,2.0
20260304,920892.BJ,,,,,,,,,,,,,20.8,11.2,,,,,0.0,0.0,2.0
20260304,920895.BJ,,,,,,,,,,,,,26.1,14.06,,,,,0.0,0.0,2.0
20260304,920896.BJ,,,,,,,,,,,,,25.22,13.58,,,,,0.0,0.0,2.0
20260304,920906.BJ,,,,,,,,,,,,,34.19,18.41,,,,,0.0,0.0,2.0
20260304,920914.BJ,,,,,,,,,,,,,34.8,18.74,,,,,0.0,0.0,2.0
20260304,920924.BJ,,,,,,,,,,,,,28.13,15.15,,,,,0.0,0.0,2.0
20260304,920925.BJ,,,,,,,,,,,,,25.5,13.74,,,,,0.0,0.0,2.0
20260304,920926.BJ,,,,,,,,,,,,,20.98,11.3,,,,,0.0,0.0,2.0
20260304,920931.BJ,,,,,,,,,,,,,19.96,10.76,,,,,0.0,0.0,2.0
20260304,920932.BJ,,,,,,,,,,,,,23.25,12.53,,,,,0.0,0.0,2.0
20260304,920942.BJ,,,,,,,,,,,,,44.92,24.2,,,,,0.0,0.0,2.0
20260304,920943.BJ,,,,,,,,,,,,,35.36,19.04,,,,,0.0,0.0,2.0
20260304,920946.BJ,,,,,,,,,,,,,13.59,7.33,,,,,0.0,0.0,2.0
20260304,920950.BJ,,,,,,,,,,,,,23.45,12.63,,,,,0.0,0.0,2.0
20260304,920953.BJ,,,,,,,,,,,,,43.77,23.57,,,,,0.0,0.0,2.0
20260304,920957.BJ,,,,,,,,,,,,,17.21,9.27,,,,,0.0,0.0,2.0
20260304,920961.BJ,,,,,,,,,,,,,32.51,17.51,,,,,0.0,0.0,2.0
20260304,920964.BJ,,,,,,,,,,,,,9.21,4.97,,,,,0.0,0.0,2.0
20260304,920970.BJ,,,,,,,,,,,,,10.2,5.5,,,,,0.0,0.0,2.0
20260304,920971.BJ,,,,,,,,,,,,,36.88,19.86,,,,,0.0,0.0,2.0
20260304,920974.BJ,,,,,,,,,,,,,11.72,6.32,,,,,0.0,0.0,2.0
20260304,920976.BJ,,,,,,,,,,,,,40.44,21.78,,,,,0.0,0.0,2.0
20260304,920978.BJ,,,,,,,,,,,,,36.12,19.46,,,,,0.0,0.0,2.0
20260304,920981.BJ,,,,,,,,,,,,,41.86,22.54,,,,,0.0,0.0,2.0
20260304,920982.BJ,,,,,,,,,,,,,241.47,130.03,,,,,0.0,0.0,2.0
20260304,920985.BJ,,,,,,,,,,,,,10.12,5.46,,,,,0.0,0.0,2.0
20260304,920992.BJ,,,,,,,,,,,,,20.64,11.12,,,,,0.0,0.0,2.0
