trade_date,verify_date,rank,ts_code,name,晋阶,stage_bonus,stage_risk_penalty,stage_adjustment,prob,Probability,p_limit_up_calibrated,rank_score,probability_is_calibrated,probability_semantics,model_contract_status,model_contract_reason,model_schema_version,_prob_src,prob_lr,prob_hgb,prob_lgbm,prob_rule,StrengthScore,ThemeBoost,board,final_score,raw_final_score,final_score_v2,intraday_available,intraday_status,intraday_missing_reason,intraday_quality_score,intraday_soft_risk_score,intraday_hard_risk_flag,intraday_risk_score,late_withdraw_score,reseal_score,open_board_count,auction_strength_score,intraday_confidence_score,risk_level,risk_label,regime_score,regime_smooth,regime_weight,regime_state,regime_E1,regime_E2,regime_E3,run_id,run_attempt,commit_sha,generated_at_utc,limit_times,advance_stage,stage_quality_weight,stage_risk_weight,stage_prior,stage_source,up_stat,final_score_pre_stage,stage_adjustment_applied,prob_final,rank_v2,target_trade_date,name_fs,symbol,board_fs,area,market,list_date,open,high,low,close,pct_chg,pre_close_est,returns_1d,high_low_range,candle_body,gap_open,vol,amount,turnover_rate,turnover_rate_f,volume_ratio,amihud_illiquidity,volatility_5d,volatility_10d,volatility_20d,atr,downside_vol,max_drawdown_20d,tail_risk_score,ret_2d,ret_5d,ret_10d,bid_ask_proxy,spread_proxy,total_mv,float_mv,pe_ttm,pb,north_money_market,south_money_market,hgt_market,sgt_market,market_regime,hot_boards_score,board_crowding_rank,is_hot_board,board_rank,board_limit_up_count,is_st_like,top_list_net_buy,top_net_rate,amount_rate,float_values,abnormal_volume,has_namechange_record,latest_change_reason,auction_vol,auction_price,auction_amount,auction_strength_score_fs,name_limit,limit_type,open_times,fd_amount,seal_amount,first_seal_time,last_seal_time,intraday_available_limit,intraday_status_limit,intraday_missing_reason_limit,minute_freq,minute_rows,first_limit_time,last_limit_time,limit_touch_count,open_board_count_limit,max_drawdown_after_limit,reseal_count,reseal_minutes_avg,late_volume_ratio,late_price_weakness,late_limit_hold_minutes,late_withdraw_score_limit,reseal_score_limit,intraday_quality_score_limit,intraday_confidence_score_limit,intraday_risk_score_limit,intraday_soft_risk_score_limit,intraday_hard_risk_flag_limit,intraday_tag,auction_strength_score_limit,auction_amount_limit,open_times_break,fd_amount_break,seal_amount_break,first_time_break,last_time_break,up_limit,down_limit,is_hot_board_limit,board_rank_limit,board_limit_up_count_limit,is_st_like_limit,is_limit_up,break_count_proxy,limit_up_strength,decision_board,decision_limit_pct,decision_universe_eligible,decision_universe_reason,decision_universe_rule,signal_date,exec_date,exit_date,regime_name,requested_trade_date,p_fill_pred_rule,p_fill_pred_model,p_fill_pred_final,p_fill_pred,p_fill_model_loaded,p_fill_model_kind,p_fill_model_path,p_fill_model_feature_mode,p_fill_model_meta_path,p_fill_model_expected_n_features,p_fill_expected_categorical_cols,p_fill_expected_numeric_feature_count,p_fill_model_category_like_cols_detected,p_fill_model_acceptance_path,p_fill_model_acceptance_pass,p_fill_model_acceptance_anchor_trade_date,p_fill_model_independent_dates,p_fill_model_actual_n_features,p_fill_missing_feature_count,p_fill_missing_feature_sample,p_fill_unexpected_feature_count,p_fill_unexpected_feature_sample,p_fill_categorical_feature_count_online,p_fill_categorical_feature_sample_online,p_fill_numeric_feature_count_online,p_fill_online_dtypes_sample,p_fill_pred_src,p_fill_degrade_reason,eret_pred_rule,eret_pred_rule_raw,eret_pred_model_raw,eret_pred_model_clipped,eret_pred_model,eret_pred_raw,e_ret_pred_raw,eret_pred_final,eret_pred,e_ret_pred,eret_clip_hit,e_ret_clip_hit,eret_clip_direction,e_ret_clip_direction,eret_clip_lower_hit,eret_clip_upper_hit,eret_model_loaded,eret_model_kind,eret_model_path,eret_model_feature_mode,eret_model_meta_path,eret_model_expected_n_features,eret_expected_categorical_cols,eret_expected_numeric_feature_count,eret_model_category_like_cols_detected,eret_model_acceptance_path,eret_model_acceptance_pass,eret_model_acceptance_anchor_trade_date,eret_model_independent_dates,eret_model_actual_n_features,eret_missing_feature_count,eret_missing_feature_sample,eret_unexpected_feature_count,eret_unexpected_feature_sample,eret_categorical_feature_count_online,eret_categorical_feature_sample_online,eret_numeric_feature_count_online,eret_online_dtypes_sample,eret_feature_missing_cell_count,eret_feature_missing_cell_ratio,e_ret_feature_missing_ratio,eret_feature_rows_with_missing_count,eret_feature_row_missing_ratio_mean,eret_feature_column_missing_ratio_max,eret_raw_min,eret_raw_max,eret_raw_mean,eret_raw_std,eret_final_min,eret_final_max,eret_final_mean,eret_final_std,eret_clip_hit_count,eret_clip_hit_rate,eret_negative_count,eret_negative_rate,eret_positive_count,eret_positive_rate,eret_pred_src,eret_degrade_reason,eret_regime_used,cost_base_bp,cost_slippage_bp,cost_impact_bp,cost_open_bp,cost_seal_bp,cost_amount_bp,cost_price_bp,cost_total_bp,cost_est,risk_regime_penalty,risk_open_penalty,risk_open_times_penalty,risk_volatility_penalty,risk_liquidity_penalty,risk_liquidity_amount_penalty,risk_extreme_turnover_penalty,risk_theme_penalty,risk_board_penalty,risk_seal_penalty,risk_st_penalty,risk_tail_penalty,risk_intraday_hard_penalty,risk_intraday_soft_penalty,risk_intraday_confidence_penalty,risk_intraday_missing_penalty,risk_late_withdraw_penalty,risk_reseal_weakness_penalty,risk_auction_weakness_penalty,intraday_execution_raw,intraday_execution_penalty,execution_fragility_primary,execution_fragility_support,execution_fragility_overlap,execution_fragility_raw,execution_fragility_penalty,crowding_primary,crowding_secondary,crowding_raw,crowding_penalty,st_penalty_effective,risk_total_penalty,risk_penalty,ev_base,pfill_penalty_soft,pfill_penalty_hard,pfill_penalty_extra,risk_penalty_extra,intraday_penalty_extra,intraday_ev_bonus,ev_penalty_total_extra,ev_final,ev_formula_version,ev_pred,input_mode,fs_degrade_reason,p_fill_pred_raw,p_fill_cap_hit,p_fill_clip_hit,p_fill_clip_direction,p_fill_cap_hit_rate,weight_exec,regime,risk_budget,version,generated_at_bjt
20260730,20260731,11,603352.SH,至信股份,1→2,-0.022,0.001925,-0.023925,0.1463289130272919,0.1463289130272919,0.1463289130272919,0.1463289130272919,True,calibrated_probability,valid,contract=valid; ordered feature contract validated; prediction=ok,step5_core_features_v1,hgb,0.1502809309277832,0.1463289130272919,0.1586568630280741,0.8015599349917789,69.089414,0.83,汽车零部件,0.28053,0.3044552209652582,0.28053,1,ok,,0.752163,0.073991,0,0.0765,0.0,0.6300439999999999,0.0,0.45,1.0,低,健康涨停,0.48,0.48,0.888,neutral,52,0.0,0,30545656472,1,aa3b93484f894702ee624f25f6dff236d97ccf1e,2026-07-30T13:11:04Z,1.0,1→2,0.78,0.035,0.16,limit_list_d,1/1,0.3044552209652582,True,0.1463289130272919,11,20260731,,603352,汽车零部件,重庆,主板,20260115,24.6,27.06,24.42,27.06,10.0,24.6,10.0,0.1073170731707316,0.0999999999999999,1.4441925523579274e-16,43977.88,115861.495,9.701,9.701,4.34,8.630995137772045e-05,0.0442837282268991,0.0357264324065314,0.0299186333299889,0.0408631190834359,0.0105954036978369,-0.1252755326965466,0.1657895697243725,0.1103816167418956,0.0991064175467097,0.0755166931637518,0.0975609756097559,0.1073170731707316,613359.8196,,,,363460.14,54670.27,172295.31,191164.83,,6.0,1.0,1.0,1.0,6.0,0.0,,,,,,0.0,,3000,24.6,73800.0,0.3328250095310713,,U,0.0,87709199.0,87709199.0,102509.0,102509.0,1.0,ok,,1min,241.0,10:26:00,15:00:00,1.0,0.0,0.3326,0.0,,0.014087,0.0,31.0,0.0,63.0044,69.5513,57.0,10.2,10.2,0.0,neutral_limitup,0.3328250095310713,73800.0,,,,,,27.06,22.14,1.0,1.0,6.0,0.0,1.0,0.0,2.3725615845447408,MAIN,10.0,1,eligible_limit_le_10:10.00%:derived:up_limit/pre_close:tick_normalized,a_share_price_limit_le_10_v2,20260730,20260731,20260803,CAUTION,,0.39072216772490825,0.98,0.8711375631696527,0.8711375631696527,True,lgbm,/home/runner/work/top10-decision/top10-decision/models/pfill_lgbm.joblib,meta_feature_contract,/home/runner/work/top10-decision/top10-decision/models/pfill_meta.json,97,,97,market_regime,/home/runner/work/top10-decision/top10-decision/outputs/learning/learning_acceptance_latest.json,True,20260729,31,97,7,open_times_t1__is_missing|prior_strength_score__is_missing|prior_theme_boost__is_missing|prior_prob_prior|seal_amount_t1__is_missing|limit_type_t1__is_missing|prior_prob_prior__is_missing,92,trade_date|verify_date|ts_code|name|晋阶|stage_bonus|stage_risk_penalty|stage_adjustment,0,,97,rank:int64|list_date:int64|open:float64|high:float64|low:float64|close:float64|pct_chg:float64|pre_close_est:float64,model:lgbm,,0.013438430378510415,0.013438430378510415,,,,0.013438430378510415,0.013438430378510415,0.013438430378510415,0.013438430378510415,0.013438430378510415,0,0,,,0,0,False,,,,/home/runner/work/top10-decision/top10-decision/models/eret_meta.json,87,,87,,/home/runner/work/top10-decision/top10-decision/outputs/learning/learning_acceptance_latest.json,False,20260728,26,0,0,,0,,0,,0,,0,0.0,0.0,0,0.0,0.0,-0.0026412798260038624,0.01344653364368836,0.01023992190103264,0.0030386991171197386,-0.0026412798260038624,0.01344653364368836,0.01023992190103264,0.0030386991171197386,0,0.0,2,0.043478260869565216,44,0.9565217391304348,rule,model_rejected_by_learning_acceptance:selected_model_pass_false,CAUTION,0.0002,0.0005,5.953500000000002e-05,0.0,0.0,0.0004,0.0,0.001159535,0.001159535,0.0,0.0,0.0,0.0,0.0,0.006,0.0,0.0,0.0,0.0,0.0,0.003912831648497978,0.0,0.000459,0.0,0.0,0.0,0.001263356363636364,0.0016363636363636365,0.003358720000000001,0.003358720000000001,0.0,0.005219040000000001,0.0,0.005219040000000001,0.005219040000000001,0.0,0.0,0.0,0.0,0.0,0.009131871648497979,0.009131871648497979,0.001415314844262619,0.0,0.0,0.0,0.0,0.0,0.0,0.0,0.001415314844262619,v2_net_trade_contract_no_double_count,0.001415314844262619,pred_plus_fs,,,,,,,,,,1,2026-07-30 23:24:05+0800
20260730,20260731,20,603376.SH,大明电子,1→2,-0.022,0.001925,-0.023925,0.1337260935781073,0.1337260935781073,0.1337260935781073,0.1337260935781073,True,calibrated_probability,valid,contract=valid; ordered feature contract validated; prediction=ok,step5_core_features_v1,hgb,0.1333647123910138,0.1337260935781073,0.1237918676223997,0.7777609004976668,64.049523,0.83,汽车零部件,0.261628,0.285553465350829,0.261628,1,ok,,0.70863,0.104014,0,0.104014,0.0,0.479932,0.0,0.45,1.0,低,健康涨停,0.48,0.48,0.888,neutral,52,0.0,0,30545656472,1,aa3b93484f894702ee624f25f6dff236d97ccf1e,2026-07-30T13:11:04Z,1.0,1→2,0.78,0.035,0.16,limit_list_d,1/1,0.285553465350829,True,0.1337260935781073,20,20260731,,603376,汽车零部件,浙江,主板,20251106,24.05,26.46,23.91,26.46,10.0208,24.049997818594303,10.0208,0.1060291156462585,0.1002079092970521,9.070294784674078e-08,29865.55,77095.135,9.3328,9.3328,3.45,0.0001299796673292,0.0419569006582173,0.0381515714444478,0.0310600596620259,0.0437866788519386,0.0141539365805585,-0.0977414330218068,0.1429554292643913,0.1254785197788175,0.1155143338954469,0.0712550607287449,0.0963718820861678,0.1060291156462585,1058402.646,,,,363460.14,54670.27,172295.31,191164.83,,6.0,1.0,1.0,1.0,6.0,0.0,,,,,,0.0,,1100,24.05,26455.0,0.23662472995298,,U,0.0,31754646.0,31754646.0,100434.0,100434.0,1.0,ok,,1min,241.0,10:05:00,15:00:00,1.0,0.0,2.8345,0.0,,0.019905,0.0,31.0,0.0,47.9932,65.048,57.0,10.2,10.2,0.0,neutral_limitup,0.23662472995298,26455.0,,,,,,26.46,21.65,1.0,1.0,6.0,0.0,1.0,0.0,2.294372765625386,MAIN,10.0,1,eligible_limit_le_10:10.00%:derived:up_limit/pre_close:tick_normalized,a_share_price_limit_le_10_v2,20260730,20260731,20260803,CAUTION,,0.4099344239569575,0.98,0.8830305189960906,0.8830305189960906,True,lgbm,/home/runner/work/top10-decision/top10-decision/models/pfill_lgbm.joblib,meta_feature_contract,/home/runner/work/top10-decision/top10-decision/models/pfill_meta.json,97,,97,market_regime,/home/runner/work/top10-decision/top10-decision/outputs/learning/learning_acceptance_latest.json,True,20260729,31,97,7,open_times_t1__is_missing|prior_strength_score__is_missing|prior_theme_boost__is_missing|prior_prob_prior|seal_amount_t1__is_missing|limit_type_t1__is_missing|prior_prob_prior__is_missing,92,trade_date|verify_date|ts_code|name|晋阶|stage_bonus|stage_risk_penalty|stage_adjustment,0,,97,rank:int64|list_date:int64|open:float64|high:float64|low:float64|close:float64|pct_chg:float64|pre_close_est:float64,model:lgbm,,0.012270648396612781,0.012270648396612781,,,,0.012270648396612781,0.012270648396612781,0.012270648396612781,0.012270648396612781,0.012270648396612781,0,0,,,0,0,False,,,,/home/runner/work/top10-decision/top10-decision/models/eret_meta.json,87,,87,,/home/runner/work/top10-decision/top10-decision/outputs/learning/learning_acceptance_latest.json,False,20260728,26,0,0,,0,,0,,0,,0,0.0,0.0,0,0.0,0.0,-0.0026412798260038624,0.01344653364368836,0.01023992190103264,0.0030386991171197386,-0.0026412798260038624,0.01344653364368836,0.01023992190103264,0.0030386991171197386,0,0.0,2,0.043478260869565216,44,0.9565217391304348,rule,model_rejected_by_learning_acceptance:selected_model_pass_false,CAUTION,0.0002,0.0005,4.664800000000002e-05,0.0,0.0,0.0004,0.0,0.0011466480000000001,0.0011466480000000001,0.0,0.0,0.0,0.0,0.0,0.006,0.0,0.0,0.0,0.0,0.0,0.0032706214480610063,0.0,0.000624084,0.0,0.0,0.0,0.002218614545454545,0.0016363636363636365,0.004479062181818182,0.004479062181818182,0.0,0.006059296636363637,0.0,0.006059296636363637,0.006059296636363637,0.0,0.0,0.0,0.0,0.0,0.009329918084424644,0.009329918084424644,0.0003587909376548872,0.0,0.0,0.0,0.0,0.0,0.0,0.0,0.0003587909376548872,v2_net_trade_contract_no_double_count,0.0003587909376548872,pred_plus_fs,,,,,,,,,,1,2026-07-30 23:24:05+0800
20260730,20260731,8,003032.SZ,传智教育,4→5,0.01,0.000275,0.009725,0.147965171558516,0.147965171558516,0.147965171558516,0.147965171558516,True,calibrated_probability,valid,contract=valid; ordered feature contract validated; prediction=ok,step5_core_features_v1,hgb,0.1579122964971718,0.147965171558516,0.1917376524237871,0.6994516214994849,71.090722,0.2518420922806225,教育,0.274855,0.2651295327279322,0.274855,1,ok,,0.837613,0.071498,0,0.0714982,0.0,0.642509,0.0,0.8785714285714283,1.0,低,健康涨停,0.48,0.48,0.888,neutral,52,0.0,0,30545656472,1,aa3b93484f894702ee624f25f6dff236d97ccf1e,2026-07-30T13:11:04Z,4.0,4→5,1.1,0.005,0.515,limit_list_d,4/4,0.2651295327279322,True,0.147965171558516,8,20260731,,3032,教育,江苏,主板,20210112,7.8,8.01,7.7,8.01,10.0275,7.279998182272614,10.0275,0.0425824282147315,0.0288461610486891,0.0714288389513108,250275.0,197229.902,8.7976,10.2087,1.52,5.084168221104729e-05,0.0493057513859636,0.0551607852727712,0.0474041873964494,0.0705542790261547,0.0115840393884284,-0.0794824399260627,0.1384706667109406,0.2099697885196374,0.4303571428571429,0.4176991150442477,0.0387016229712858,0.0425824282147315,322360.4475,,,,363460.14,54670.27,172295.31,191164.83,,2.0,6.0,1.0,6.0,2.0,0.0,15785246.28,5.75,45.13,2278697680.08,45.13,0.0,,12406900,7.8,96773820.0,0.9979667047909518,,U,0.0,108070920.0,108070920.0,93009.0,93009.0,1.0,ok,,1min,241.0,09:31:00,15:00:00,1.0,0.0,0.1248,0.0,,0.015579,0.0,31.0,0.0,64.2509,75.7753,70.0,8.25,8.25,0.0,healthy_limitup,0.9979667047909518,96773820.0,,,,,,8.01,6.55,1.0,6.0,2.0,0.0,1.0,0.0,2.4010142989495087,MAIN,10.0,1,eligible_limit_le_10:10.00%:derived:up_limit/pre_close:tick_normalized,a_share_price_limit_le_10_v2,20260730,20260731,20260803,CAUTION,,0.3843134371924883,0.2042999109033377,0.677241849024872,0.677241849024872,True,lgbm,/home/runner/work/top10-decision/top10-decision/models/pfill_lgbm.joblib,meta_feature_contract,/home/runner/work/top10-decision/top10-decision/models/pfill_meta.json,97,,97,market_regime,/home/runner/work/top10-decision/top10-decision/outputs/learning/learning_acceptance_latest.json,True,20260729,31,97,7,open_times_t1__is_missing|prior_strength_score__is_missing|prior_theme_boost__is_missing|prior_prob_prior|seal_amount_t1__is_missing|limit_type_t1__is_missing|prior_prob_prior__is_missing,92,trade_date|verify_date|ts_code|name|晋阶|stage_bonus|stage_risk_penalty|stage_adjustment,0,,97,rank:int64|list_date:int64|open:float64|high:float64|low:float64|close:float64|pct_chg:float64|pre_close_est:float64,model:lgbm,,0.012527122202904644,0.012527122202904644,,,,0.012527122202904644,0.012527122202904644,0.012527122202904644,0.012527122202904644,0.012527122202904644,0,0,,,0,0,False,,,,/home/runner/work/top10-decision/top10-decision/models/eret_meta.json,87,,87,,/home/runner/work/top10-decision/top10-decision/outputs/learning/learning_acceptance_latest.json,False,20260728,26,0,0,,0,,0,,0,,0,0.0,0.0,0,0.0,0.0,-0.0026412798260038624,0.01344653364368836,0.01023992190103264,0.0030386991171197386,-0.0026412798260038624,0.01344653364368836,0.01023992190103264,0.0030386991171197386,0,0.0,2,0.043478260869565216,44,0.9565217391304348,rule,model_rejected_by_learning_acceptance:selected_model_pass_false,CAUTION,0.0002,0.0005,2.7915999999999968e-05,0.0,0.0,0.0004,0.0,0.001127916,0.001127916,0.0,0.0,0.0,0.0,0.0,0.006,0.0,0.0,0.0,0.0,0.0,0.0031444875012452047,0.0,0.0004289892,0.0,0.0,0.0,0.0011840336363636364,0.0,0.0016130228363636363,0.0016130228363636363,0.0,0.003909767127272727,0.0,0.003909767127272727,0.003909767127272727,0.0,0.0,0.0,0.0,0.0,0.0070542546285179315,0.0070542546285179315,0.0003017207751377371,0.0,0.0,0.0,0.0,0.0,0.0,0.0,0.0003017207751377371,v2_net_trade_contract_no_double_count,0.0003017207751377371,pred_plus_fs,,,,,,,,,,1,2026-07-30 23:24:05+0800
20260730,20260731,23,000721.SZ,西安饮食,1→2,-0.022,0.001925,-0.023925,0.1313424603213491,0.1313424603213491,0.1313424603213491,0.1313424603213491,True,calibrated_probability,valid,contract=valid; ordered feature contract validated; prediction=ok,step5_core_features_v1,hgb,0.1322232842251593,0.1313424603213491,0.1250381379615541,0.5941649156475797,61.027534,0.0164,酒店餐饮,0.191331,0.2152563286864829,0.191331,1,ok,,0.759069,0.082335,0,0.082335,0.0,0.588326,0.0,0.4596930533117936,1.0,低,健康涨停,0.48,0.48,0.888,neutral,52,0.0,0,30545656472,1,aa3b93484f894702ee624f25f6dff236d97ccf1e,2026-07-30T13:11:04Z,1.0,1→2,0.78,0.035,0.16,limit_list_d,1/1,0.2152563286864829,True,0.1313424603213491,23,20260731,,721,酒店餐饮,陕西,主板,19970430,6.2,6.81,6.2,6.81,10.0162,6.189997473099416,10.0162,0.0985460822320116,0.0985460822320116,0.0016159177679883,291404.0,193167.643,5.6875,8.7985,1.99,5.185236949855002e-05,0.0468571912608306,0.0396444522186953,0.0319521844619919,0.0493685735550682,0.0109088944156221,-0.0686767169179229,0.111537795795537,0.1109298531810767,0.1761658031088082,0.1407035175879396,0.0895741556534507,0.0985460822320116,390835.6383,,,,363460.14,54670.27,172295.31,191164.83,,,,0.0,,,0.0,19094046.0,4.1,39.07,3489173697.48,39.07,0.0,,129400,6.2,802280.0,0.726267632481891,,U,0.0,44994351.0,44994351.0,95309.0,95309.0,1.0,ok,,1min,241.0,09:54:00,15:00:00,1.0,0.0,1.0279,0.0,,0.033558,0.0,31.0,0.0,58.8326,74.1498,70.0,8.25,8.25,0.0,neutral_limitup,0.726267632481891,802280.0,,,,,,6.81,5.57,0.0,,,0.0,1.0,0.0,2.062873438784024,MAIN,10.0,1,eligible_limit_le_10:10.00%:derived:up_limit/pre_close:tick_normalized,a_share_price_limit_le_10_v2,20260730,20260731,20260803,CAUTION,,0.39108472263844896,0.98,0.8826527882147005,0.8826527882147005,True,lgbm,/home/runner/work/top10-decision/top10-decision/models/pfill_lgbm.joblib,meta_feature_contract,/home/runner/work/top10-decision/top10-decision/models/pfill_meta.json,97,,97,market_regime,/home/runner/work/top10-decision/top10-decision/outputs/learning/learning_acceptance_latest.json,True,20260729,31,97,7,open_times_t1__is_missing|prior_strength_score__is_missing|prior_theme_boost__is_missing|prior_prob_prior|seal_amount_t1__is_missing|limit_type_t1__is_missing|prior_prob_prior__is_missing,92,trade_date|verify_date|ts_code|name|晋阶|stage_bonus|stage_risk_penalty|stage_adjustment,0,,97,rank:int64|list_date:int64|open:float64|high:float64|low:float64|close:float64|pct_chg:float64|pre_close_est:float64,model:lgbm,,0.010415546665618903,0.010415546665618903,,,,0.010415546665618903,0.010415546665618903,0.010415546665618903,0.010415546665618903,0.010415546665618903,0,0,,,0,0,False,,,,/home/runner/work/top10-decision/top10-decision/models/eret_meta.json,87,,87,,/home/runner/work/top10-decision/top10-decision/outputs/learning/learning_acceptance_latest.json,False,20260728,26,0,0,,0,,0,,0,,0,0.0,0.0,0,0.0,0.0,-0.0026412798260038624,0.01344653364368836,0.01023992190103264,0.0030386991171197386,-0.0026412798260038624,0.01344653364368836,0.01023992190103264,0.0030386991171197386,0,0.0,2,0.043478260869565216,44,0.9565217391304348,rule,model_rejected_by_learning_acceptance:selected_model_pass_false,CAUTION,0.0002,0.0005,8.09375e-05,0.0,0.0,0.0004,0.0,0.0011809375,0.0011809375,0.0,0.0,0.0,0.0,0.0021640624999999993,0.006,0.0,0.0,0.0,0.0,0.0,0.0023870005067494785,0.0,0.00049401,0.0,0.0,0.0,0.0015288345454545452,0.001592304303128211,0.0036151488485827565,0.0036151488485827565,0.0,0.006601596011437068,0.0,0.006601596011437068,0.006601596011437068,0.0,0.0,0.0,0.0,0.0,0.008988596518186547,0.008988596518186547,-0.0009762227129976944,0.0,0.0,0.0,0.0,0.0,0.0,0.0,-0.0009762227129976944,v2_net_trade_contract_no_double_count,-0.0009762227129976944,pred_plus_fs,,,,,,,,,,1,2026-07-30 23:24:05+0800
20260730,20260731,35,000526.SZ,学大教育,1→2,-0.022,0.001925,-0.023925,0.1171425246363809,0.1171425246363809,0.1171425246363809,0.1171425246363809,True,calibrated_probability,valid,contract=valid; ordered feature contract validated; prediction=ok,step5_core_features_v1,hgb,0.133035901074635,0.1171425246363809,0.1103145405453184,0.6203887782957132,58.227326,0.2454420922806225,教育,0.19341,0.2173345801901299,0.19341,1,ok,,0.763674,0.087176,0,0.087176,0.0,0.564121,0.0,0.5371934604904632,1.0,低,健康涨停,0.48,0.48,0.888,neutral,52,0.0,0,30545656472,1,aa3b93484f894702ee624f25f6dff236d97ccf1e,2026-07-30T13:11:04Z,1.0,1→2,0.78,0.035,0.16,limit_list_d,1/1,0.2173345801901299,True,0.1171425246363809,35,20260731,,526,教育,福建,主板,19931101,33.51,36.33,33.4,36.33,9.9909,33.030005209521875,9.9909,0.088707221855216,0.085376916597853,0.014532083402147,62313.29,220878.67179,5.1298,7.4439,1.2,4.523252480211775e-05,0.0410759570739617,0.0462391004541718,0.041994222261365,0.0571548324402493,0.0093155931586508,-0.0739814152966404,0.1252912307166564,0.1002422774076314,0.0992435703479577,0.3210909090909091,0.0806496008808147,0.088707221855216,442721.3763,,,,363460.14,54670.27,172295.31,191164.83,,2.0,6.0,1.0,6.0,2.0,0.0,,,,,,0.0,,113029,33.51,3787601.79,0.9034184775702122,,U,0.0,84107583.0,84107583.0,94200.0,94200.0,1.0,ok,,1min,241.0,09:42:00,15:00:00,1.0,0.0,1.4313,0.0,,0.011715,0.0,31.0,0.0,56.4121,73.4236,70.0,8.25,8.25,0.0,neutral_limitup,0.9034184775702122,3787601.79,,,,,,36.33,29.73,1.0,6.0,2.0,0.0,1.0,0.0,2.36752881980724,MAIN,10.0,1,eligible_limit_le_10:10.00%:derived:up_limit/pre_close:tick_normalized,a_share_price_limit_le_10_v2,20260730,20260731,20260803,CAUTION,,0.3687301565669351,0.9788864395985117,0.8716735149150008,0.8716735149150008,True,lgbm,/home/runner/work/top10-decision/top10-decision/models/pfill_lgbm.joblib,meta_feature_contract,/home/runner/work/top10-decision/top10-decision/models/pfill_meta.json,97,,97,market_regime,/home/runner/work/top10-decision/top10-decision/outputs/learning/learning_acceptance_latest.json,True,20260729,31,97,7,open_times_t1__is_missing|prior_strength_score__is_missing|prior_theme_boost__is_missing|prior_prob_prior|seal_amount_t1__is_missing|limit_type_t1__is_missing|prior_prob_prior__is_missing,92,trade_date|verify_date|ts_code|name|晋阶|stage_bonus|stage_risk_penalty|stage_adjustment,0,,97,rank:int64|list_date:int64|open:float64|high:float64|low:float64|close:float64|pct_chg:float64|pre_close_est:float64,model:lgbm,,0.01065227998297547,0.01065227998297547,,,,0.01065227998297547,0.01065227998297547,0.01065227998297547,0.01065227998297547,0.01065227998297547,0,0,,,0,0,False,,,,/home/runner/work/top10-decision/top10-decision/models/eret_meta.json,87,,87,,/home/runner/work/top10-decision/top10-decision/outputs/learning/learning_acceptance_latest.json,False,20260728,26,0,0,,0,,0,,0,,0,0.0,0.0,0,0.0,0.0,-0.0026412798260038624,0.01344653364368836,0.01023992190103264,0.0030386991171197386,-0.0026412798260038624,0.01344653364368836,0.01023992190103264,0.0030386991171197386,0,0.0,2,0.043478260869565216,44,0.9565217391304348,rule,model_rejected_by_learning_acceptance:selected_model_pass_false,CAUTION,0.0002,0.0005,0.00010045699999999998,0.0,0.0,0.0004,0.0,0.0012004569999999998,0.0012004569999999998,0.0,0.0,0.0,0.0,0.0033491749999999994,0.006,0.0,0.0,0.0,0.0,0.0,0.0027738158639059617,0.0,0.000523056,0.0,0.0,0.0,0.0016828663636363637,0.0012400297250433488,0.003445952088679713,0.003445952088679713,0.0,0.0071265103165097845,0.0,0.0071265103165097845,0.0071265103165097845,0.0,0.0,0.0,0.0,0.0,0.009900326180415746,0.009900326180415746,-0.001815472845796813,0.0,0.0,0.0,0.0,0.0,0.0,0.0,-0.001815472845796813,v2_net_trade_contract_no_double_count,-0.001815472845796813,pred_plus_fs,,,,,,,,,,1,2026-07-30 23:24:05+0800
20260730,20260731,21,002702.SZ,海欣食品,1→2,-0.022,0.001925,-0.023925,0.1331364129912228,0.1331364129912228,0.1331364129912228,0.1331364129912228,True,calibrated_probability,valid,contract=valid; ordered feature contract validated; prediction=ok,step5_core_features_v1,hgb,0.1298607138446965,0.1331364129912228,0.1088895111182004,0.6052688979170622,60.342432,0.0164,食品加工,0.191217,0.2151418915553944,0.191217,1,ok,,0.741737,0.101579,0,0.101579,0.0,0.492105,0.0,0.5301781737193764,1.0,低,健康涨停,0.48,0.48,0.888,neutral,52,0.0,0,30545656472,1,aa3b93484f894702ee624f25f6dff236d97ccf1e,2026-07-30T13:11:04Z,1.0,1→2,0.78,0.035,0.16,limit_list_d,1/1,0.2151418915553944,True,0.1331364129912228,21,20260731,,2702,食品加工,福建,主板,20121011,4.55,4.94,4.55,4.94,10.0223,4.4899988456885565,10.0223,0.0868597105263159,0.0868597105263159,0.013363289473684,359986.7,172610.3728,7.8472,10.2869,1.73,5.80631386018303e-05,0.0413576406201398,0.0430178633295459,0.0335066867195418,0.052743735957395,0.0140320605662183,-0.1149674620390456,0.1625062093248058,0.1569086651053866,0.170616113744076,0.0786026200873362,0.0789473684210527,0.0868597105263159,274545.4894,,,,363460.14,54670.27,172295.31,191164.83,,,,0.0,,,0.0,-15845317.2,-3.67,47.29,2266194125.0,47.29,0.0,,563300,4.55,2563015.0,0.869487863769221,,U,0.0,26584116.0,26584116.0,93945.0,93945.0,1.0,ok,,1min,241.0,09:40:00,15:00:00,1.0,0.0,2.6316,0.0,,0.055691,0.0,31.0,0.0,49.2105,71.2632,70.0,8.25,8.25,0.0,neutral_limitup,0.869487863769221,2563015.0,,,,,,4.94,4.04,0.0,,,0.0,1.0,0.0,2.0371476586017074,MAIN,10.0,1,eligible_limit_le_10:10.00%:derived:up_limit/pre_close:tick_normalized,a_share_price_limit_le_10_v2,20260730,20260731,20260803,CAUTION,,0.4076124390028434,0.9642913130124249,0.868073495230122,0.868073495230122,True,lgbm,/home/runner/work/top10-decision/top10-decision/models/pfill_lgbm.joblib,meta_feature_contract,/home/runner/work/top10-decision/top10-decision/models/pfill_meta.json,97,,97,market_regime,/home/runner/work/top10-decision/top10-decision/outputs/learning/learning_acceptance_latest.json,True,20260729,31,97,7,open_times_t1__is_missing|prior_strength_score__is_missing|prior_theme_boost__is_missing|prior_prob_prior|seal_amount_t1__is_missing|limit_type_t1__is_missing|prior_prob_prior__is_missing,92,trade_date|verify_date|ts_code|name|晋阶|stage_bonus|stage_risk_penalty|stage_adjustment,0,,97,rank:int64|list_date:int64|open:float64|high:float64|low:float64|close:float64|pct_chg:float64|pre_close_est:float64,model:lgbm,,0.010052715099867276,0.010052715099867276,,,,0.010052715099867276,0.010052715099867276,0.010052715099867276,0.010052715099867276,0.010052715099867276,0,0,,,0,0,False,,,,/home/runner/work/top10-decision/top10-decision/models/eret_meta.json,87,,87,,/home/runner/work/top10-decision/top10-decision/outputs/learning/learning_acceptance_latest.json,False,20260728,26,0,0,,0,,0,,0,,0,0.0,0.0,0,0.0,0.0,-0.0026412798260038624,0.01344653364368836,0.01023992190103264,0.0030386991171197386,-0.0026412798260038624,0.01344653364368836,0.01023992190103264,0.0030386991171197386,0,0.0,2,0.043478260869565216,44,0.9565217391304348,rule,model_rejected_by_learning_acceptance:selected_model_pass_false,CAUTION,0.0002,0.0005,5.348000000000001e-06,0.0,0.0,0.0004,0.0001,0.001205348,0.001205348,0.0,0.0,0.0,0.0,0.0,0.006,0.0,0.0,0.0,0.0,0.0,0.0038204871372601638,0.0,0.000609474,0.0,0.0,0.0,0.0021411499999999997,0.0012719173921846528,0.004022541392184652,0.004022541392184652,0.0,0.005716906044138489,0.0,0.005716906044138489,0.005716906044138489,0.0,0.0,0.0,0.0,0.0,0.009537393181398653,0.009537393181398653,-0.002016245648104242,0.0,0.0,0.0,0.0,0.0,0.0,0.0,-0.002016245648104242,v2_net_trade_contract_no_double_count,-0.002016245648104242,pred_plus_fs,,,,,,,,,,1,2026-07-30 23:24:05+0800
20260730,20260731,5,600228.SH,返利科技,2→3,-0.008,0.000825,-0.008825,0.1818033931936105,0.1818033931936105,0.1818033931936105,0.1818033931936105,True,calibrated_probability,valid,contract=valid; ordered feature contract validated; prediction=ok,step5_core_features_v1,hgb,0.1413892079443573,0.1818033931936105,0.1665924061870908,0.6126622408324505,65.260097,0.0164,数字媒体,0.250219,0.2590441076970659,0.250219,1,ok,,0.776851,0.07,0,0.07,0.0,0.65,0.0,0.4590090090090085,1.0,低,健康涨停,0.48,0.48,0.888,neutral,52,0.0,0,30545656472,1,aa3b93484f894702ee624f25f6dff236d97ccf1e,2026-07-30T13:11:04Z,2.0,2→3,0.92,0.015,0.35,limit_list_d,2/2,0.2590441076970659,True,0.1818033931936105,5,20260731,,600228,数字媒体,江西,主板,19990119,6.67,7.33,6.66,7.33,10.0601,6.659997583138668,10.0601,0.1006006371077762,0.0990991350613915,0.0015018649386083,241619.46,171806.56,5.8076,8.293,1.07,5.85548072203995e-05,0.0477945976314746,0.0543849117877277,0.0547692549885874,0.0846802608874489,0.0162367848814433,-0.2108183079056864,0.2818243477757172,0.2115702479338843,0.2572898799313894,0.1190839694656489,0.0914051841746248,0.1006006371077762,305420.9425,,,,363460.14,54670.27,172295.31,191164.83,,,,0.0,,,0.0,35930566.92,8.94,36.18,3049552507.41,36.18,0.0,,799900,6.67,5335333.0,0.9283263438810524,,U,0.0,63224651.0,63224651.0,93702.0,93702.0,1.0,ok,,1min,241.0,09:38:00,15:00:00,1.0,0.0,0.0,0.0,,0.029461,0.0,31.0,0.0,65.0,76.0,70.0,8.25,8.25,0.0,healthy_limitup,0.9283263438810524,5335333.0,,,,,,7.33,5.99,0.0,,,0.0,1.0,0.0,2.0883477844649825,MAIN,10.0,1,eligible_limit_le_10:10.00%:derived:up_limit/pre_close:tick_normalized,a_share_price_limit_le_10_v2,20260730,20260731,20260803,CAUTION,,0.3855328692412162,0.9715132312815151,0.8737135930945918,0.8737135930945918,True,lgbm,/home/runner/work/top10-decision/top10-decision/models/pfill_lgbm.joblib,meta_feature_contract,/home/runner/work/top10-decision/top10-decision/models/pfill_meta.json,97,,97,market_regime,/home/runner/work/top10-decision/top10-decision/outputs/learning/learning_acceptance_latest.json,True,20260729,31,97,7,open_times_t1__is_missing|prior_strength_score__is_missing|prior_theme_boost__is_missing|prior_prob_prior|seal_amount_t1__is_missing|limit_type_t1__is_missing|prior_prob_prior__is_missing,92,trade_date|verify_date|ts_code|name|晋阶|stage_bonus|stage_risk_penalty|stage_adjustment,0,,97,rank:int64|list_date:int64|open:float64|high:float64|low:float64|close:float64|pct_chg:float64|pre_close_est:float64,model:lgbm,,0.012262982340179935,0.012262982340179935,,,,0.012262982340179935,0.012262982340179935,0.012262982340179935,0.012262982340179935,0.012262982340179935,0,0,,,0,0,False,,,,/home/runner/work/top10-decision/top10-decision/models/eret_meta.json,87,,87,,/home/runner/work/top10-decision/top10-decision/outputs/learning/learning_acceptance_latest.json,False,20260728,26,0,0,,0,,0,,0,,0,0.0,0.0,0,0.0,0.0,-0.0026412798260038624,0.01344653364368836,0.01023992190103264,0.0030386991171197386,-0.0026412798260038624,0.01344653364368836,0.01023992190103264,0.0030386991171197386,0,0.0,2,0.043478260869565216,44,0.9565217391304348,rule,model_rejected_by_learning_acceptance:selected_model_pass_false,CAUTION,0.0002,0.0005,7.6734e-05,0.0,0.0,0.0004,0.0,0.001176734,0.001176734,0.0,0.0,0.0,0.0,0.0019088500000000001,0.006,0.0,0.0,0.0,0.0,0.0,0.006,0.0,0.00042000000000000007,0.0,0.0,0.0,0.0011363636363636363,0.001595413595413598,0.0031517772317772343,0.0031517772317772343,0.0,0.006113700423832926,0.0,0.006113700423832926,0.006113700423832926,0.0,0.0,0.0,0.0,0.0,0.012113700423832925,0.012113700423832925,-0.002576100061338788,0.0,0.0,0.0,0.0,0.0,0.0,0.0,-0.002576100061338788,v2_net_trade_contract_no_double_count,-0.002576100061338788,pred_plus_fs,,,,,,,,,,1,2026-07-30 23:24:05+0800
20260730,20260731,32,001225.SZ,和泰机电,1→2,-0.022,0.001925,-0.023925,0.119725462615393,0.119725462615393,0.119725462615393,0.119725462615393,True,calibrated_probability,valid,contract=valid; ordered feature contract validated; prediction=ok,step5_core_features_v1,hgb,0.1347164084581328,0.119725462615393,0.1258415476259956,0.6127624440318916,60.964378,0.01,专用设备,0.182581,0.2065058106000059,0.182581,1,ok,,0.745142,0.07852,0,0.0785204,0.0,0.607398,0.0,0.4469765684051405,1.0,低,健康涨停,0.48,0.48,0.888,neutral,52,0.0,0,30545656472,1,aa3b93484f894702ee624f25f6dff236d97ccf1e,2026-07-30T13:11:04Z,1.0,1→2,0.78,0.035,0.16,limit_list_d,1/1,0.2065058106000059,True,0.119725462615393,32,20260731,,1225,专用设备,浙江,主板,20230222,39.67,43.66,39.2,43.66,10.0025,39.69000704529442,10.0025,0.112370854328905,0.1005290826843791,-0.0005040826843791,18323.0,77704.473,8.7092,10.2964,1.31,0.0001287248933533,0.0370098671940632,0.0448582194131642,0.0404220296348293,0.0786659615560655,0.0200772632699096,-0.2105868814729575,0.2710861743776965,0.0882352941176469,0.1676918962289382,0.1307951307951307,0.102153000458085,0.112370854328905,286282.1128,,,,363460.14,54670.27,172295.31,191164.83,,,,0.0,,,0.0,,,,,,0.0,,2300,39.67,91241.0,0.3626890329139662,,U,0.0,46917036.0,46917036.0,102833.0,102833.0,1.0,ok,,1min,241.0,10:29:00,15:00:00,1.0,0.0,0.71,0.0,,0.023795,0.0,31.0,0.0,60.7398,68.8719,57.0,10.2,10.2,0.0,neutral_limitup,0.3626890329139662,91241.0,,,,,,43.66,35.72,0.0,,,0.0,1.0,0.0,2.06556012755632,MAIN,10.0,1,eligible_limit_le_10:10.00%:derived:up_limit/pre_close:tick_normalized,a_share_price_limit_le_10_v2,20260730,20260731,20260803,CAUTION,,0.40503710632665263,0.98,0.8633327611058114,0.8633327611058114,True,lgbm,/home/runner/work/top10-decision/top10-decision/models/pfill_lgbm.joblib,meta_feature_contract,/home/runner/work/top10-decision/top10-decision/models/pfill_meta.json,97,,97,market_regime,/home/runner/work/top10-decision/top10-decision/outputs/learning/learning_acceptance_latest.json,True,20260729,31,97,7,open_times_t1__is_missing|prior_strength_score__is_missing|prior_theme_boost__is_missing|prior_prob_prior|seal_amount_t1__is_missing|limit_type_t1__is_missing|prior_prob_prior__is_missing,92,trade_date|verify_date|ts_code|name|晋阶|stage_bonus|stage_risk_penalty|stage_adjustment,0,,97,rank:int64|list_date:int64|open:float64|high:float64|low:float64|close:float64|pct_chg:float64|pre_close_est:float64,model:lgbm,,0.010054496693866915,0.010054496693866915,,,,0.010054496693866915,0.010054496693866915,0.010054496693866915,0.010054496693866915,0.010054496693866915,0,0,,,0,0,False,,,,/home/runner/work/top10-decision/top10-decision/models/eret_meta.json,87,,87,,/home/runner/work/top10-decision/top10-decision/outputs/learning/learning_acceptance_latest.json,False,20260728,26,0,0,,0,,0,,0,,0,0.0,0.0,0,0.0,0.0,-0.0026412798260038624,0.01344653364368836,0.01023992190103264,0.0030386991171197386,-0.0026412798260038624,0.01344653364368836,0.01023992190103264,0.0030386991171197386,0,0.0,2,0.043478260869565216,44,0.9565217391304348,rule,model_rejected_by_learning_acceptance:selected_model_pass_false,CAUTION,0.0002,0.0005,2.482199999999997e-05,0.0,0.0,0.0004,0.0,0.001124822,0.001124822,0.0,0.0,0.0,0.0,0.0,0.006,0.0,0.0,0.0,0.0,0.0,0.006,0.0,0.0004711224,0.0,0.0,0.0,0.0014074672727272728,0.0016501065072493611,0.003528696179976634,0.003528696179976634,0.0,0.005346522134982476,0.0,0.005346522134982476,0.005346522134982476,0.0,0.0,0.0,0.0,0.0,0.011346522134982476,0.011346522134982476,-0.003790967742737101,0.0,0.0,0.0,0.0,0.0,0.0,0.0,-0.003790967742737101,v2_net_trade_contract_no_double_count,-0.003790967742737101,pred_plus_fs,,,,,,,,,,1,2026-07-30 23:24:05+0800
20260730,20260731,49,601616.SH,广电电气,1→2,-0.022,0.001925,-0.023925,0.0971344530792773,0.0971344530792773,0.0971344530792773,0.0971344530792773,True,calibrated_probability,valid,contract=valid; ordered feature contract validated; prediction=ok,step5_core_features_v1,hgb,0.128596355205618,0.0971344530792773,0.0892863716707592,0.7066529380576693,62.599915,0.679305707944409,电网设备,0.221523,0.2454482323819871,0.221523,1,ok,,0.780765,0.131168,0,0.1311684,0.0,0.594158,1.0,0.7282608695652162,1.0,低,健康涨停,0.48,0.48,0.888,neutral,52,0.0,0,30545656472,1,aa3b93484f894702ee624f25f6dff236d97ccf1e,2026-07-30T13:11:04Z,1.0,1→2,0.78,0.035,0.16,limit_list_d,1/1,0.2454482323819871,True,0.0971344530792773,49,20260731,,601616,电网设备,上海,主板,20110201,3.61,3.8,3.61,3.8,10.1449,3.450000862500216,10.1449,0.0550724499999999,0.0550724499999999,0.0463765499999998,541995.0,203887.724,6.349,8.8828,2.24,4.975728700566592e-05,0.0467539657850469,0.0430568985173504,0.0353339880114309,0.0510556918017965,0.0128457407686296,-0.0720461095100865,0.1202258382901471,0.1209439528023597,0.0919540229885056,0.1275964391691393,0.0499999999999999,0.0550724499999999,324396.614,,,,363460.14,54670.27,172295.31,191164.83,,4.0,2.0,1.0,2.0,4.0,0.0,-11850549.8,-5.81,32.33,3243966212.2,32.33,0.0,,1033500,3.61,3730935.0,0.901893506163426,,U,1.0,29984660.0,29984660.0,93154.0,134433.0,1.0,ok,,1min,241.0,09:32:00,15:00:00,2.0,1.0,3.9474,1.0,5.0,0.01553,0.0,31.0,0.0,59.4158,77.5647,77.2,14.62,14.62,0.0,healthy_limitup,0.901893506163426,3730935.0,,,,,,3.8,3.11,1.0,2.0,4.0,0.0,1.0,0.0,1.7918994527773,MAIN,10.0,1,eligible_limit_le_10:10.00%:derived:up_limit/pre_close:tick_normalized,a_share_price_limit_le_10_v2,20260730,20260731,20260803,CAUTION,,0.4603295831665148,0.98,0.9014280045138335,0.9014280045138335,True,lgbm,/home/runner/work/top10-decision/top10-decision/models/pfill_lgbm.joblib,meta_feature_contract,/home/runner/work/top10-decision/top10-decision/models/pfill_meta.json,97,,97,market_regime,/home/runner/work/top10-decision/top10-decision/outputs/learning/learning_acceptance_latest.json,True,20260729,31,97,7,open_times_t1__is_missing|prior_strength_score__is_missing|prior_theme_boost__is_missing|prior_prob_prior|seal_amount_t1__is_missing|limit_type_t1__is_missing|prior_prob_prior__is_missing,92,trade_date|verify_date|ts_code|name|晋阶|stage_bonus|stage_risk_penalty|stage_adjustment,0,,97,rank:int64|list_date:int64|open:float64|high:float64|low:float64|close:float64|pct_chg:float64|pre_close_est:float64,model:lgbm,,0.011291345610592767,0.011291345610592767,,,,0.011291345610592767,0.011291345610592767,0.011291345610592767,0.011291345610592767,0.011291345610592767,0,0,,,0,0,False,,,,/home/runner/work/top10-decision/top10-decision/models/eret_meta.json,87,,87,,/home/runner/work/top10-decision/top10-decision/outputs/learning/learning_acceptance_latest.json,False,20260728,26,0,0,,0,,0,,0,,0,0.0,0.0,0,0.0,0.0,-0.0026412798260038624,0.01344653364368836,0.01023992190103264,0.0030386991171197386,-0.0026412798260038624,0.01344653364368836,0.01023992190103264,0.0030386991171197386,0,0.0,2,0.043478260869565216,44,0.9565217391304348,rule,model_rejected_by_learning_acceptance:selected_model_pass_false,CAUTION,0.0002,0.0005,5.778499999999999e-05,0.00011999999999999999,0.0,0.0004,0.0001,0.0013777849999999999,0.0013777849999999999,0.0,0.005,0.002,0.0,0.0,0.006,0.0,0.0,0.0,0.0,0.0,0.002631351701910388,0.0,0.0007870103999999999,0.0,0.0,0.0,0.0014917218181818184,0.0,0.0022787322181818184,0.0022787322181818184,0.005,0.004409049163636364,0.0006,0.010009049163636364,0.010009049163636364,0.0,0.0,0.0,0.0,0.0,0.012640400865546752,0.012640400865546752,-0.003839850723514081,0.0,0.0,0.0,0.0,0.0,0.0,0.0,-0.003839850723514081,v2_net_trade_contract_no_double_count,-0.003839850723514081,pred_plus_fs,,,,,,,,,,1,2026-07-30 23:24:05+0800
20260730,20260731,15,600663.SH,陆家嘴,1→2,-0.022,0.001925,-0.023925,0.1395135259107698,0.1395135259107698,0.1395135259107698,0.1395135259107698,True,calibrated_probability,valid,contract=valid; ordered feature contract validated; prediction=ok,step5_core_features_v1,hgb,0.113024576815266,0.1395135259107698,0.1234483337273089,0.5753372006988265,47.716285,0.328751396590983,房地产开发,0.194456,0.218380607106076,0.194456,1,ok,,0.655045,0.116145,0,0.144,0.12,0.599275,0.0,0.4420318725099595,1.0,低,健康涨停,0.48,0.48,0.888,neutral,52,0.0,0,30545656472,1,aa3b93484f894702ee624f25f6dff236d97ccf1e,2026-07-30T13:11:04Z,1.0,1→2,0.78,0.035,0.16,limit_list_d,1/1,0.218380607106076,True,0.1395135259107698,15,20260731,,600663,房地产开发,上海,主板,19930628,7.52,8.28,7.5,8.28,9.9602,7.529997217174941,9.9602,0.1035856956521738,0.100929652173913,-0.001327652173913,532228.96,427785.195,1.6866,6.6298,4.25,2.3283180709421237e-05,0.0364636003605995,0.0312247083421561,0.02604065560222,0.0379488674067528,0.0044456934975965,-0.01875,0.0492363490998167,0.1249999999999997,0.1896551724137929,0.2017416545718431,0.0942028985507245,0.1035856956521738,4169107.2636,,,,363460.14,54670.27,172295.31,191164.83,,2.0,5.0,1.0,5.0,2.0,0.0,,,,,,0.0,,744100,7.52,5595632.0,0.930995043842928,,U,0.0,46084824.0,46084824.0,143039.0,143039.0,1.0,ok,,1min,241.0,14:31:00,15:00:00,1.0,0.0,0.8454,0.0,,0.173955,0.0,30.0,12.0,59.9275,47.6283,17.0,19.2,19.2,1.0,weak_limitup,0.930995043842928,5595632.0,,,,,,8.28,6.78,1.0,5.0,2.0,0.0,1.0,0.0,2.314397225345833,MAIN,10.0,1,eligible_limit_le_10:10.00%:derived:up_limit/pre_close:tick_normalized,a_share_price_limit_le_10_v2,20260730,20260731,20260803,CAUTION,,0.35744032147099464,0.98,0.8213223655491303,0.8213223655491303,True,lgbm,/home/runner/work/top10-decision/top10-decision/models/pfill_lgbm.joblib,meta_feature_contract,/home/runner/work/top10-decision/top10-decision/models/pfill_meta.json,97,,97,market_regime,/home/runner/work/top10-decision/top10-decision/outputs/learning/learning_acceptance_latest.json,True,20260729,31,97,7,open_times_t1__is_missing|prior_strength_score__is_missing|prior_theme_boost__is_missing|prior_prob_prior|seal_amount_t1__is_missing|limit_type_t1__is_missing|prior_prob_prior__is_missing,92,trade_date|verify_date|ts_code|name|晋阶|stage_bonus|stage_risk_penalty|stage_adjustment,0,,97,rank:int64|list_date:int64|open:float64|high:float64|low:float64|close:float64|pct_chg:float64|pre_close_est:float64,model:lgbm,,0.01048872885015496,0.01048872885015496,,,,0.01048872885015496,0.01048872885015496,0.01048872885015496,0.01048872885015496,0.01048872885015496,0,0,,,0,0,False,,,,/home/runner/work/top10-decision/top10-decision/models/eret_meta.json,87,,87,,/home/runner/work/top10-decision/top10-decision/outputs/learning/learning_acceptance_latest.json,False,20260728,26,0,0,,0,,0,,0,,0,0.0,0.0,0,0.0,0.0,-0.0026412798260038624,0.01344653364368836,0.01023992190103264,0.0030386991171197386,-0.0026412798260038624,0.01344653364368836,0.01023992190103264,0.0030386991171197386,0,0.0,2,0.043478260869565216,44,0.9565217391304348,rule,model_rejected_by_learning_acceptance:selected_model_pass_false,CAUTION,0.0002,0.0005,0.0009470099999999999,0.0,0.0,0.0004,0.0,0.0020470099999999997,0.0020470099999999997,0.0,0.0,0.0,0.0,0.01,0.006,0.0,0.0,0.0,0.0,0.0,0.0,0.0,0.000864,0.0,0.0,0.0,0.0014591590909090908,0.0016725823976820025,0.0039957414885910935,0.0039957414885910935,0.0,0.01119680611644332,0.0,0.01119680611644332,0.01119680611644332,0.0,0.0,0.0,0.0,0.0,0.01119680611644332,0.01119680611644332,-0.004629188525630639,0.0,0.0,0.0,0.0,0.0,0.0,0.0,-0.004629188525630639,v2_net_trade_contract_no_double_count,-0.004629188525630639,pred_plus_fs,,,,,,,,,,1,2026-07-30 23:24:05+0800
20260730,20260731,46,000025.SZ,特  力Ａ,1→2,-0.022,0.001925,-0.023925,0.1024899772553117,0.1024899772553117,0.1024899772553117,0.1024899772553117,True,calibrated_probability,valid,contract=valid; ordered feature contract validated; prediction=ok,step5_core_features_v1,hgb,0.1242556682939762,0.1024899772553117,0.1101730091415378,0.5758040448981049,55.10388,0.1115060031977598,综合Ⅱ,0.166603,0.1905281289400843,0.166603,1,ok,,0.715194,0.099923,0,0.0999231999999999,0.0,0.500384,0.0,0.4542194092827006,1.0,低,健康涨停,0.48,0.48,0.888,neutral,52,0.0,0,30545656472,1,aa3b93484f894702ee624f25f6dff236d97ccf1e,2026-07-30T13:11:04Z,1.0,1→2,0.78,0.035,0.16,limit_list_d,1/1,0.1905281289400843,True,0.1024899772553117,46,20260731,,25,综合Ⅱ,深圳,主板,19930621,14.23,15.64,14.13,15.64,9.9859,14.220004564221416,9.9859,0.1061884328644501,0.0991560863171355,0.0007029136828643,146365.1,223174.73804,3.7264,8.0781,2.49,4.474475958927847e-05,0.0389708589649751,0.0314595865553133,0.0254040152208671,0.0444631116791113,0.0075419966205311,-0.0517985611510791,0.0847445729924774,0.1076487252124647,0.1131672597864767,0.1325126719768283,0.0965473145780051,0.1061884328644501,674175.1812,,,,363460.14,54670.27,172295.31,191164.83,,2.0,8.0,1.0,8.0,2.0,0.0,,,,,,0.0,,13000,14.23,184990.0,0.4760452408184013,,U,0.0,50568030.0,50568030.0,103718.0,103718.0,1.0,ok,,1min,241.0,10:38:00,15:00:00,1.0,0.0,2.4936,0.0,,0.037688,0.0,31.0,0.0,50.0384,65.6615,57.0,10.2,10.2,0.0,neutral_limitup,0.4760452408184013,184990.0,,,,,,15.64,12.8,1.0,8.0,2.0,0.0,1.0,0.0,2.3206618912812784,MAIN,10.0,1,eligible_limit_le_10:10.00%:derived:up_limit/pre_close:tick_normalized,a_share_price_limit_le_10_v2,20260730,20260731,20260803,CAUTION,,0.373467207444935,0.98,0.867848394314706,0.867848394314706,True,lgbm,/home/runner/work/top10-decision/top10-decision/models/pfill_lgbm.joblib,meta_feature_contract,/home/runner/work/top10-decision/top10-decision/models/pfill_meta.json,97,,97,market_regime,/home/runner/work/top10-decision/top10-decision/outputs/learning/learning_acceptance_latest.json,True,20260729,31,97,7,open_times_t1__is_missing|prior_strength_score__is_missing|prior_theme_boost__is_missing|prior_prob_prior|seal_amount_t1__is_missing|limit_type_t1__is_missing|prior_prob_prior__is_missing,92,trade_date|verify_date|ts_code|name|晋阶|stage_bonus|stage_risk_penalty|stage_adjustment,0,,97,rank:int64|list_date:int64|open:float64|high:float64|low:float64|close:float64|pct_chg:float64|pre_close_est:float64,model:lgbm,,0.009288717723196,0.009288717723196,,,,0.009288717723196,0.009288717723196,0.009288717723196,0.009288717723196,0.009288717723196,0,0,,,0,0,False,,,,/home/runner/work/top10-decision/top10-decision/models/eret_meta.json,87,,87,,/home/runner/work/top10-decision/top10-decision/outputs/learning/learning_acceptance_latest.json,False,20260728,26,0,0,,0,,0,,0,,0,0.0,0.0,0,0.0,0.0,-0.0026412798260038624,0.01344653364368836,0.01023992190103264,0.0030386991171197386,-0.0026412798260038624,0.01344653364368836,0.01023992190103264,0.0030386991171197386,0,0.0,2,0.043478260869565216,44,0.9565217391304348,rule,model_rejected_by_learning_acceptance:selected_model_pass_false,CAUTION,0.0002,0.0005,0.0006410400000000001,0.0,0.0,0.0004,0.0,0.00174104,0.00174104,0.0,0.0,0.0,0.0,0.0063314,0.006,0.0,0.0,0.0,0.0,0.0,0.0016334411154134269,0.0,0.0005995391999999995,0.0,0.0,0.0,0.002088465454545454,0.001617184503260452,0.0043051891578059056,0.0043051891578059056,0.0,0.00941116186835443,0.0,0.00941116186835443,0.00941116186835443,0.0,0.0,0.0,0.0,0.0,0.011044602983767856,0.011044602983767856,-0.004724444222449656,0.0,0.0,0.0,0.0,0.0,0.0,0.0,-0.004724444222449656,v2_net_trade_contract_no_double_count,-0.004724444222449656,pred_plus_fs,,,,,,,,,,1,2026-07-30 23:24:05+0800
20260730,20260731,16,603556.SH,海兴电力,2→3,-0.008,0.000825,-0.008825,0.136569494645986,0.136569494645986,0.136569494645986,0.136569494645986,True,calibrated_probability,valid,contract=valid; ordered feature contract validated; prediction=ok,step5_core_features_v1,hgb,0.1389056380305983,0.136569494645986,0.1308382820116803,0.704064499076882,59.478272,0.679305707944409,电网设备,0.257984,0.2668094754786833,0.257984,1,ok,,0.638529,0.174016,0,0.276375,0.0,0.379918,1.0,0.5380195599022002,1.0,低,健康涨停,0.48,0.48,0.888,neutral,52,0.0,0,30545656472,1,aa3b93484f894702ee624f25f6dff236d97ccf1e,2026-07-30T13:11:04Z,2.0,2→3,0.92,0.015,0.35,limit_list_d,2/2,0.2668094754786833,True,0.136569494645986,16,20260731,,603556,电网设备,浙江,主板,20161110,24.9,26.99,24.54,26.99,9.9837,24.54000001818451,9.9837,0.0998370007410151,0.085167074101519,0.0146699258984809,252239.92,653582.491,5.1873,15.894,3.58,1.5275348005000338e-05,0.0588731179367087,0.04971211224842,0.046214776189595,0.0585050299502586,0.023542117314929,-0.0927206181374542,0.1624775116419783,0.2097714029583146,0.1529260999572832,0.1578721578721578,0.0907743608743979,0.0998370007410151,1312427.0758,,,,363460.14,54670.27,172295.31,191164.83,,4.0,2.0,1.0,2.0,4.0,0.0,35770680.45,4.05,27.58,13124269948.3,27.58,0.0,,312200,24.9,7773780.0,0.9484051340704028,,U,0.0,99655986.0,99655986.0,134907.0,134907.0,1.0,ok,,1min,241.0,11:23:00,15:00:00,2.0,1.0,3.668,1.0,145.0,0.013436,0.0,31.0,0.0,37.9918,53.9476,39.0,36.85,36.85,1.0,weak_limitup,0.9484051340704028,7773780.0,,,,,,26.99,22.09,1.0,2.0,4.0,0.0,1.0,0.0,2.389255582000339,MAIN,10.0,1,eligible_limit_le_10:10.00%:derived:up_limit/pre_close:tick_normalized,a_share_price_limit_le_10_v2,20260730,20260731,20260803,CAUTION,,0.3453493779962945,0.9537480192043847,0.8135138004314001,0.8135138004314001,True,lgbm,/home/runner/work/top10-decision/top10-decision/models/pfill_lgbm.joblib,meta_feature_contract,/home/runner/work/top10-decision/top10-decision/models/pfill_meta.json,97,,97,market_regime,/home/runner/work/top10-decision/top10-decision/outputs/learning/learning_acceptance_latest.json,True,20260729,31,97,7,open_times_t1__is_missing|prior_strength_score__is_missing|prior_theme_boost__is_missing|prior_prob_prior|seal_amount_t1__is_missing|limit_type_t1__is_missing|prior_prob_prior__is_missing,92,trade_date|verify_date|ts_code|name|晋阶|stage_bonus|stage_risk_penalty|stage_adjustment,0,,97,rank:int64|list_date:int64|open:float64|high:float64|low:float64|close:float64|pct_chg:float64|pre_close_est:float64,model:lgbm,,0.010939087517946665,0.010939087517946665,,,,0.010939087517946665,0.010939087517946665,0.010939087517946665,0.010939087517946665,0.010939087517946665,0,0,,,0,0,False,,,,/home/runner/work/top10-decision/top10-decision/models/eret_meta.json,87,,87,,/home/runner/work/top10-decision/top10-decision/outputs/learning/learning_acceptance_latest.json,False,20260728,26,0,0,,0,,0,,0,,0,0.0,0.0,0,0.0,0.0,-0.0026412798260038624,0.01344653364368836,0.01023992190103264,0.0030386991171197386,-0.0026412798260038624,0.01344653364368836,0.01023992190103264,0.0030386991171197386,0,0.0,2,0.043478260869565216,44,0.9565217391304348,rule,model_rejected_by_learning_acceptance:selected_model_pass_false,CAUTION,0.0002,0.0005,9.844450000000002e-05,0.0,0.0,0.0004,0.0,0.0011984445,0.0011984445,0.0,0.0,0.0,0.0,0.0032269875000000003,0.006,0.0,0.0,0.0,0.0,0.0,0.0038196800149306403,0.0,0.00165825,0.0,0.0,0.0,0.002855067272727273,0.0012362747277172717,0.005749592000444544,0.005749592000444544,0.0,0.008787037125333408,0.0,0.008787037125333408,0.008787037125333408,0.0,0.0,0.0,0.0,0.0,0.012606717140264049,0.012606717140264049,-0.004906062980287566,0.0,0.0,0.0,0.0,0.0,0.0,0.0,-0.004906062980287566,v2_net_trade_contract_no_double_count,-0.004906062980287566,pred_plus_fs,,,,,,,,,,1,2026-07-30 23:24:05+0800
20260730,20260731,45,605033.SH,美邦股份,1→2,-0.022,0.001925,-0.023925,0.1026768169950974,0.1026768169950974,0.1026768169950974,0.1026768169950974,True,calibrated_probability,valid,contract=valid; ordered feature contract validated; prediction=ok,step5_core_features_v1,hgb,0.1174297900826695,0.1026768169950974,0.0958193790762081,0.6485121896614017,54.751843,0.5394931282264485,农化制品,0.198952,0.2228769292986027,0.198952,1,ok,,0.753746,0.098877,0,0.098877,0.0,0.505615,0.0,0.5841176470588227,1.0,低,健康涨停,0.48,0.48,0.888,neutral,52,0.0,0,30545656472,1,aa3b93484f894702ee624f25f6dff236d97ccf1e,2026-07-30T13:11:04Z,1.0,1→2,0.78,0.035,0.16,limit_list_d,1/1,0.2228769292986027,True,0.1026768169950974,45,20260731,,605033,农化制品,陕西,主板,20210916,17.38,18.7,17.11,18.7,10.0,16.999999999999996,10.0,0.0935294117647058,0.0776470588235294,0.0223529411764707,42048.0,76486.201,3.1101,11.3934,2.68,0.0001307425374676,0.0445717566617279,0.0413110889590592,0.0325871714890532,0.0452517611940845,0.0108146806142919,-0.1104362230811706,0.1538380751845158,0.1025943396226414,0.1091340450771056,0.0517435320584926,0.0850267379679144,0.0935294117647058,252824.0,,,,363460.14,54670.27,172295.31,191164.83,,2.0,3.0,1.0,3.0,2.0,0.0,,,,,,0.0,,98700,17.38,1715406.0,0.8265345024780786,,U,0.0,33721710.0,33721710.0,94351.0,94351.0,1.0,ok,,1min,241.0,09:43:00,15:00:00,1.0,0.0,2.4064,0.0,,0.009893,0.0,31.0,0.0,50.5615,71.6684,70.0,8.25,8.25,0.0,neutral_limitup,0.8265345024780786,1715406.0,,,,,,18.7,15.3,1.0,3.0,2.0,0.0,1.0,0.0,2.297121467967781,MAIN,10.0,1,eligible_limit_le_10:10.00%:derived:up_limit/pre_close:tick_normalized,a_share_price_limit_le_10_v2,20260730,20260731,20260803,CAUTION,,0.38175039536651206,0.9542882046577215,0.8466389705046569,0.8466389705046569,True,lgbm,/home/runner/work/top10-decision/top10-decision/models/pfill_lgbm.joblib,meta_feature_contract,/home/runner/work/top10-decision/top10-decision/models/pfill_meta.json,97,,97,market_regime,/home/runner/work/top10-decision/top10-decision/outputs/learning/learning_acceptance_latest.json,True,20260729,31,97,7,open_times_t1__is_missing|prior_strength_score__is_missing|prior_theme_boost__is_missing|prior_prob_prior|seal_amount_t1__is_missing|limit_type_t1__is_missing|prior_prob_prior__is_missing,92,trade_date|verify_date|ts_code|name|晋阶|stage_bonus|stage_risk_penalty|stage_adjustment,0,,97,rank:int64|list_date:int64|open:float64|high:float64|low:float64|close:float64|pct_chg:float64|pre_close_est:float64,model:lgbm,,0.010850838134482132,0.010850838134482132,,,,0.010850838134482132,0.010850838134482132,0.010850838134482132,0.010850838134482132,0.010850838134482132,0,0,,,0,0,False,,,,/home/runner/work/top10-decision/top10-decision/models/eret_meta.json,87,,87,,/home/runner/work/top10-decision/top10-decision/outputs/learning/learning_acceptance_latest.json,False,20260728,26,0,0,,0,,0,,0,,0,0.0,0.0,0,0.0,0.0,-0.0026412798260038624,0.01344653364368836,0.01023992190103264,0.0030386991171197386,-0.0026412798260038624,0.01344653364368836,0.01023992190103264,0.0030386991171197386,0,0.0,2,0.043478260869565216,44,0.9565217391304348,rule,model_rejected_by_learning_acceptance:selected_model_pass_false,CAUTION,0.0002,0.0005,0.000733485,0.0,0.0,0.0004,0.0,0.001833485,0.001833485,0.0,0.0,0.0,0.0,0.0076410374999999996,0.006,0.0,0.0,0.0,0.0,0.0,0.0035766958645645076,0.0,0.000593262,0.0,0.0,0.0,0.0020551772727272722,0.0010267379679144422,0.003675177240641714,0.003675177240641714,0.0,0.009658953555481286,0.0,0.009658953555481286,0.009658953555481286,0.0,0.0,0.0,0.0,0.0,0.013235649420045794,0.013235649420045794,-0.00588239199275517,0.0,0.0,0.0,0.0,0.0,0.0,0.0,-0.00588239199275517,v2_net_trade_contract_no_double_count,-0.00588239199275517,pred_plus_fs,,,,,,,,,,1,2026-07-30 23:24:05+0800
20260730,20260731,17,002882.SZ,金龙羽,2→3,-0.008,0.000825,-0.008825,0.1365541569573637,0.1365541569573637,0.1365541569573637,0.1365541569573637,True,calibrated_probability,valid,contract=valid; ordered feature contract validated; prediction=ok,step5_core_features_v1,hgb,0.1370362716666454,0.1365541569573637,0.1269318425692069,0.7181098658166547,65.415517,0.679305707944409,电网设备,0.269848,0.2786732290966476,0.269848,1,ok,,0.784622,0.129844,0,0.129844,0.0,0.600782,1.0,0.7339694656488546,1.0,低,健康涨停,0.48,0.48,0.888,neutral,52,0.0,0,30545656472,1,aa3b93484f894702ee624f25f6dff236d97ccf1e,2026-07-30T13:11:04Z,2.0,2→3,0.92,0.015,0.35,limit_list_d,2/2,0.2786732290966476,True,0.1365541569573637,17,20260731,,2882,电网设备,深圳,主板,20170717,20.58,21.62,20.58,21.62,10.0254,19.650008089041258,10.0254,0.0529261868640149,0.0529261868640149,0.0473278131359851,155237.15,331261.46718,6.2904,13.5308,2.93,3.0264310803623967e-05,0.0482420476171522,0.04734951595088,0.0406154122650955,0.0556051216939917,0.0082531695977618,-0.1571428571428572,0.2060114390057146,0.2105263157894736,0.2418150488225159,0.2389684813753583,0.0481036077705829,0.0529261868640149,935930.0162,,,,363460.14,54670.27,172295.31,191164.83,,4.0,2.0,1.0,2.0,4.0,0.0,21607566.9,4.55,45.37,5335438731.0,45.37,0.0,,638700,20.58,13144446.0,0.9684839242597536,,U,1.0,55688796.0,55688796.0,93018.0,94100.0,1.0,ok,,1min,241.0,09:31:00,15:00:00,2.0,1.0,4.0703,1.0,4.0,0.007859,0.0,31.0,0.0,60.0782,78.1235,78.0,13.5,13.5,0.0,healthy_limitup,0.9684839242597536,13144446.0,,,,,,21.62,17.69,1.0,2.0,4.0,0.0,1.0,0.0,1.827817459935404,MAIN,10.0,1,eligible_limit_le_10:10.00%:derived:up_limit/pre_close:tick_normalized,a_share_price_limit_le_10_v2,20260730,20260731,20260803,CAUTION,,0.4476398733625103,0.8971171173742313,0.8302466788115564,0.8302466788115564,True,lgbm,/home/runner/work/top10-decision/top10-decision/models/pfill_lgbm.joblib,meta_feature_contract,/home/runner/work/top10-decision/top10-decision/models/pfill_meta.json,97,,97,market_regime,/home/runner/work/top10-decision/top10-decision/outputs/learning/learning_acceptance_latest.json,True,20260729,31,97,7,open_times_t1__is_missing|prior_strength_score__is_missing|prior_theme_boost__is_missing|prior_prob_prior|seal_amount_t1__is_missing|limit_type_t1__is_missing|prior_prob_prior__is_missing,92,trade_date|verify_date|ts_code|name|晋阶|stage_bonus|stage_risk_penalty|stage_adjustment,0,,97,rank:int64|list_date:int64|open:float64|high:float64|low:float64|close:float64|pct_chg:float64|pre_close_est:float64,model:lgbm,,0.012522324183255032,0.012522324183255032,,,,0.012522324183255032,0.012522324183255032,0.012522324183255032,0.012522324183255032,0.012522324183255032,0,0,,,0,0,False,,,,/home/runner/work/top10-decision/top10-decision/models/eret_meta.json,87,,87,,/home/runner/work/top10-decision/top10-decision/outputs/learning/learning_acceptance_latest.json,False,20260728,26,0,0,,0,,0,,0,,0,0.0,0.0,0,0.0,0.0,-0.0026412798260038624,0.01344653364368836,0.01023992190103264,0.0030386991171197386,-0.0026412798260038624,0.01344653364368836,0.01023992190103264,0.0030386991171197386,0,0.0,2,0.043478260869565216,44,0.9565217391304348,rule,model_rejected_by_learning_acceptance:selected_model_pass_false,CAUTION,0.0002,0.0005,5.9836e-05,0.00011999999999999999,0.0,0.0004,0.0,0.001279836,0.001279836,0.0,0.005,0.002,0.0,0.0,0.006,0.0,0.0,0.0,0.0,0.0,0.0050440717220357235,0.0,0.000779064,0.0,0.0,0.0,0.0014495690909090905,0.0,0.0022286330909090904,0.0022286330909090904,0.005,0.004371474818181818,0.0006,0.009971474818181818,0.009971474818181818,0.0,0.0,0.0,0.0,0.0,0.015015546540217542,0.015015546540217542,-0.005898764476068415,0.0,0.0,0.0,0.0,0.0,0.0,0.0,-0.005898764476068415,v2_net_trade_contract_no_double_count,-0.005898764476068415,pred_plus_fs,,,,,,,,,,1,2026-07-30 23:24:05+0800
20260730,20260731,42,601003.SH,柳钢股份,2→3,-0.008,0.000825,-0.008825,0.1068568464652438,0.1068568464652438,0.1068568464652438,0.1068568464652438,True,calibrated_probability,valid,contract=valid; ordered feature contract validated; prediction=ok,step5_core_features_v1,hgb,0.111126689944495,0.1068568464652438,0.0882438973277968,0.519843266842757,48.064085,0.0164,普钢,0.163365,0.1721895009872091,0.163365,1,ok,,0.782435,0.092912,0,0.092912,0.0,0.535442,0.0,0.7177165354330712,1.0,低,健康涨停,0.48,0.48,0.888,neutral,52,0.0,0,30545656472,1,aa3b93484f894702ee624f25f6dff236d97ccf1e,2026-07-30T13:11:04Z,2.0,2→3,0.92,0.015,0.35,limit_list_d,2/2,0.1721895009872091,True,0.1068568464652438,42,20260731,,601003,普钢,广西,主板,20070227,3.98,4.19,3.88,4.19,9.9738,3.809998381432668,9.9738,0.0813648639618139,0.0551181336515514,0.0446198663484487,378801.38,155440.679,1.4781,8.7004,2.31,6.416467081953496e-05,0.0573591500089433,0.045632735169755,0.035291263589711,0.0446411130508853,0.0119308351621199,-0.0498614958448753,0.0970835945967062,0.2109826589595376,0.1703910614525141,0.1703910614525141,0.0739856801909309,0.0813648639618139,1103738.9342,,,,363460.14,54670.27,172295.31,191164.83,,,,0.0,,,0.0,38388862.16,14.46,47.03,10738103508.0,47.03,0.0,,1137200,3.98,4526056.0,0.9171432202312874,,U,0.0,42453591.0,42453591.0,93329.0,93329.0,1.0,ok,,1min,241.0,09:34:00,15:00:00,1.0,0.0,1.9093,0.0,,0.027289,0.0,31.0,0.0,53.5442,72.5632,70.0,8.25,8.25,0.0,neutral_limitup,0.9171432202312874,4526056.0,,,,,,4.19,3.43,0.0,,,0.0,1.0,0.0,2.059323074910014,MAIN,10.0,1,eligible_limit_le_10:10.00%:derived:up_limit/pre_close:tick_normalized,a_share_price_limit_le_10_v2,20260730,20260731,20260803,CAUTION,,0.3726019673948908,0.9196898425917329,0.8314610406598716,0.8314610406598716,True,lgbm,/home/runner/work/top10-decision/top10-decision/models/pfill_lgbm.joblib,meta_feature_contract,/home/runner/work/top10-decision/top10-decision/models/pfill_meta.json,97,,97,market_regime,/home/runner/work/top10-decision/top10-decision/outputs/learning/learning_acceptance_latest.json,True,20260729,31,97,7,open_times_t1__is_missing|prior_strength_score__is_missing|prior_theme_boost__is_missing|prior_prob_prior|seal_amount_t1__is_missing|limit_type_t1__is_missing|prior_prob_prior__is_missing,92,trade_date|verify_date|ts_code|name|晋阶|stage_bonus|stage_risk_penalty|stage_adjustment,0,,97,rank:int64|list_date:int64|open:float64|high:float64|low:float64|close:float64|pct_chg:float64|pre_close_est:float64,model:lgbm,,0.009749926377533757,0.009749926377533757,,,,0.009749926377533757,0.009749926377533757,0.009749926377533757,0.009749926377533757,0.009749926377533757,0,0,,,0,0,False,,,,/home/runner/work/top10-decision/top10-decision/models/eret_meta.json,87,,87,,/home/runner/work/top10-decision/top10-decision/outputs/learning/learning_acceptance_latest.json,False,20260728,26,0,0,,0,,0,,0,,0,0.0,0.0,0,0.0,0.0,-0.0026412798260038624,0.01344653364368836,0.01023992190103264,0.0030386991171197386,-0.0026412798260038624,0.01344653364368836,0.01023992190103264,0.0030386991171197386,0,0.0,2,0.043478260869565216,44,0.9565217391304348,rule,model_rejected_by_learning_acceptance:selected_model_pass_false,CAUTION,0.0002,0.0005,0.000978285,0.0,0.0,0.0004,0.0001,0.002178285,0.002178285,0.0,0.0,0.0,0.0,0.01,0.006,0.0,0.0,0.0,0.0,0.0,0.001980476098032362,0.0,0.0005574719999999999,0.0,0.0,0.0,0.0018653690909090912,0.0,0.0024228410909090912,0.0024228410909090912,0.0,0.01001713081818182,0.0,0.01001713081818182,0.01001713081818182,0.0,0.0,0.0,0.0,0.0,0.011997606916214182,0.011997606916214182,-0.0060692079839928335,0.0,0.0,0.0,0.0,0.0,0.0,0.0,-0.0060692079839928335,v2_net_trade_contract_no_double_count,-0.0060692079839928335,pred_plus_fs,,,,,,,,,,1,2026-07-30 23:24:05+0800
20260730,20260731,47,000009.SZ,中国宝安,1→2,-0.022,0.001925,-0.023925,0.0992181150729261,0.0992181150729261,0.0992181150729261,0.0992181150729261,True,calibrated_probability,valid,contract=valid; ordered feature contract validated; prediction=ok,step5_core_features_v1,hgb,0.1371023878078933,0.0992181150729261,0.1044405174599189,0.5800700914218229,57.715366,0.1115060031977598,综合Ⅱ,0.169536,0.1934607974124144,0.169536,1,ok,,0.728076,0.086783,0,0.0867832,0.0,0.566084,0.0,0.4130769230769229,1.0,低,健康涨停,0.48,0.48,0.888,neutral,52,0.0,0,30545656472,1,aa3b93484f894702ee624f25f6dff236d97ccf1e,2026-07-30T13:11:04Z,1.0,1→2,0.78,0.035,0.16,limit_list_d,1/1,0.1934607974124144,True,0.0992181150729261,47,20260731,,9,综合Ⅱ,深圳,主板,19910625,6.46,7.15,6.45,7.15,10.0,6.5,10.0,0.1076923076923077,0.1061538461538462,-0.0061538461538461,562050.02,390363.86117,2.1819,3.4742,2.08,2.561712544298533e-05,0.0413667663989085,0.0347347342540833,0.0281861166260577,0.0381129994111232,0.0061267245410923,-0.0610328638497652,0.0953457050169153,0.136724960254372,0.1458333333333332,0.1513687600644122,0.0979020979020979,0.1076923076923077,1844138.01,,,,363460.14,54670.27,172295.31,191164.83,,2.0,8.0,1.0,8.0,2.0,0.0,,,,,,0.0,,274300,6.46,1771978.0,0.8300927690939128,,U,0.0,111330984.0,111330984.0,100415.0,100415.0,1.0,ok,,1min,241.0,10:03:00,15:00:00,1.0,0.0,1.3986,0.0,,0.013391,0.0,31.0,0.0,56.6084,67.6325,57.0,10.2,10.2,0.0,neutral_limitup,0.8300927690939128,1771978.0,,,,,,7.15,5.85,1.0,8.0,2.0,0.0,1.0,0.0,2.405569791578705,MAIN,10.0,1,eligible_limit_le_10:10.00%:derived:up_limit/pre_close:tick_normalized,a_share_price_limit_le_10_v2,20260730,20260731,20260803,CAUTION,,0.33777471352070865,0.98,0.8523829523331573,0.8523829523331573,True,lgbm,/home/runner/work/top10-decision/top10-decision/models/pfill_lgbm.joblib,meta_feature_contract,/home/runner/work/top10-decision/top10-decision/models/pfill_meta.json,97,,97,market_regime,/home/runner/work/top10-decision/top10-decision/outputs/learning/learning_acceptance_latest.json,True,20260729,31,97,7,open_times_t1__is_missing|prior_strength_score__is_missing|prior_theme_boost__is_missing|prior_prob_prior|seal_amount_t1__is_missing|limit_type_t1__is_missing|prior_prob_prior__is_missing,92,trade_date|verify_date|ts_code|name|晋阶|stage_bonus|stage_risk_penalty|stage_adjustment,0,,97,rank:int64|list_date:int64|open:float64|high:float64|low:float64|close:float64|pct_chg:float64|pre_close_est:float64,model:lgbm,,0.009479403137488716,0.009479403137488716,,,,0.009479403137488716,0.009479403137488716,0.009479403137488716,0.009479403137488716,0.009479403137488716,0,0,,,0,0,False,,,,/home/runner/work/top10-decision/top10-decision/models/eret_meta.json,87,,87,,/home/runner/work/top10-decision/top10-decision/outputs/learning/learning_acceptance_latest.json,False,20260728,26,0,0,,0,,0,,0,,0,0.0,0.0,0,0.0,0.0,-0.0026412798260038624,0.01344653364368836,0.01023992190103264,0.0030386991171197386,-0.0026412798260038624,0.01344653364368836,0.01023992190103264,0.0030386991171197386,0,0.0,2,0.043478260869565216,44,0.9565217391304348,rule,model_rejected_by_learning_acceptance:selected_model_pass_false,CAUTION,0.0002,0.0005,0.000872715,0.0,0.0,0.0004,0.0,0.0019727150000000003,0.0019727150000000003,0.0,0.0,0.0,0.0,0.0096134625,0.006,0.0,0.0,0.0,0.0,0.0,0.001931597953600743,0.0,0.0005206992000000001,0.0,0.0,0.0,0.001670374545454545,0.001804195804195805,0.0039952695496503505,0.0039952695496503505,0.0,0.010983856537237763,0.0,0.010983856537237763,0.010983856537237763,0.0,0.0,0.0,0.0,0.0,0.012915454490838507,0.012915454490838507,-0.006808087858149681,0.0,0.0,0.0,0.0,0.0,0.0,0.0,-0.006808087858149681,v2_net_trade_contract_no_double_count,-0.006808087858149681,pred_plus_fs,,,,,,,,,,1,2026-07-30 23:24:05+0800
20260730,20260731,4,603919.SH,金徽酒,1→2,-0.022,0.001925,-0.023925,0.1865250682603403,0.1865250682603403,0.1865250682603403,0.1865250682603403,True,calibrated_probability,valid,contract=valid; ordered feature contract validated; prediction=ok,step5_core_features_v1,hgb,0.1398665835911717,0.1865250682603403,0.1742975185987107,0.6138632008418058,64.390595,0.1800599148755985,白酒Ⅱ,0.249275,0.2731995004649766,0.249275,1,ok,,0.750299,0.10313,0,0.108375,0.0,0.7343519999999999,1.0,0.4539087947882738,1.0,低,健康涨停,0.48,0.48,0.888,neutral,52,0.0,0,30545656472,1,aa3b93484f894702ee624f25f6dff236d97ccf1e,2026-07-30T13:11:04Z,1.0,1→2,0.78,0.035,0.16,limit_list_d,1/1,0.2731995004649766,True,0.1865250682603403,4,20260731,,603919,白酒Ⅱ,甘肃,主板,20160310,15.36,16.89,15.07,16.89,10.0326,15.349996273831575,10.0326,0.1185668040260509,0.0996742912966252,0.0006517087033746,231189.19,377800.005,4.5576,9.8945,3.09,2.655531992383113e-05,0.0427940391164592,0.0432949008590488,0.0367873846798157,0.0483310216089192,0.0174770726579164,-0.1134796238244513,0.1677440811621835,0.1373737373737373,0.138907619689818,0.1320375335120645,0.1077560686796921,0.1185668040260509,856762.14,,,,363460.14,54670.27,172295.31,191164.83,,2.0,7.0,1.0,7.0,2.0,0.0,-8109078.81,-2.15,43.01,8567621349.33,43.01,0.0,,44700,15.36,686592.0,0.7027576566272715,,U,1.0,63691784.0,63691784.0,111636.0,133337.0,1.0,ok,,1min,241.0,11:17:00,15:00:00,1.0,1.0,2.4275,1.0,1.0,0.010166,0.0,31.0,0.0,73.4352,71.7806,55.0,14.45,14.45,0.0,neutral_limitup,0.7027576566272715,686592.0,,,,,,16.89,13.82,1.0,7.0,2.0,0.0,1.0,0.0,1.8390005388091777,MAIN,10.0,1,eligible_limit_le_10:10.00%:derived:up_limit/pre_close:tick_normalized,a_share_price_limit_le_10_v2,20260730,20260731,20260803,CAUTION,,0.43564009335253756,0.98,0.8909387965530423,0.8909387965530423,True,lgbm,/home/runner/work/top10-decision/top10-decision/models/pfill_lgbm.joblib,meta_feature_contract,/home/runner/work/top10-decision/top10-decision/models/pfill_meta.json,97,,97,market_regime,/home/runner/work/top10-decision/top10-decision/outputs/learning/learning_acceptance_latest.json,True,20260729,31,97,7,open_times_t1__is_missing|prior_strength_score__is_missing|prior_theme_boost__is_missing|prior_prob_prior|seal_amount_t1__is_missing|limit_type_t1__is_missing|prior_prob_prior__is_missing,92,trade_date|verify_date|ts_code|name|晋阶|stage_bonus|stage_risk_penalty|stage_adjustment,0,,97,rank:int64|list_date:int64|open:float64|high:float64|low:float64|close:float64|pct_chg:float64|pre_close_est:float64,model:lgbm,,0.012726847677853167,0.012726847677853167,,,,0.012726847677853167,0.012726847677853167,0.012726847677853167,0.012726847677853167,0.012726847677853167,0,0,,,0,0,False,,,,/home/runner/work/top10-decision/top10-decision/models/eret_meta.json,87,,87,,/home/runner/work/top10-decision/top10-decision/outputs/learning/learning_acceptance_latest.json,False,20260728,26,0,0,,0,,0,,0,,0,0.0,0.0,0,0.0,0.0,-0.0026412798260038624,0.01344653364368836,0.01023992190103264,0.0030386991171197386,-0.0026412798260038624,0.01344653364368836,0.01023992190103264,0.0030386991171197386,0,0.0,2,0.043478260869565216,44,0.9565217391304348,rule,model_rejected_by_learning_acceptance:selected_model_pass_false,CAUTION,0.0002,0.0005,0.000120484,0.00011999999999999999,0.0,0.0004,0.0,0.001340484,0.001340484,0.0,0.005,0.002,0.0,0.0045651,0.006,0.0,0.0,0.0,0.0,0.0,0.003967802282686412,0.0,0.00065025,0.0,0.0,0.0,0.0005995781818181825,0.001618596387326028,0.0028684245691442106,0.0028684245691442106,0.005,0.007362123426858158,0.0006,0.012962123426858159,0.012962123426858159,0.0,0.0,0.0,0.0,0.0,0.01692992570954457,0.01692992570954457,-0.006931567355524188,0.0,0.0,0.0,0.0,0.0,0.0,0.0,-0.006931567355524188,v2_net_trade_contract_no_double_count,-0.006931567355524188,pred_plus_fs,,,,,,,,,,1,2026-07-30 23:24:05+0800
20260730,20260731,38,603382.SH,海阳科技,1→2,-0.022,0.001925,-0.023925,0.1119324091315238,0.1119324091315238,0.1119324091315238,0.1119324091315238,True,calibrated_probability,valid,contract=valid; ordered feature contract validated; prediction=ok,step5_core_features_v1,hgb,0.1233520026927282,0.1119324091315238,0.1053928181295903,0.5540109760727855,54.607695,0.01,化学纤维,0.164412,0.1883373071612974,0.164412,1,ok,,0.701154,0.093226,0,0.093226,0.0,0.533871,0.0,0.4038734476641044,1.0,低,健康涨停,0.48,0.48,0.888,neutral,52,0.0,0,30545656472,1,aa3b93484f894702ee624f25f6dff236d97ccf1e,2026-07-30T13:11:04Z,1.0,1→2,0.78,0.035,0.16,limit_list_d,1/1,0.1883373071612974,True,0.1119324091315238,38,20260731,,603382,化学纤维,江苏,主板,20250612,16.78,18.6,16.78,18.6,9.9941,16.909997899887358,9.9941,0.1076286354838709,0.1076286354838709,-0.0076876354838709,39517.86,70898.214,3.4219,4.8505,2.64,0.0001409640586997,0.0429065777615412,0.0372176608763272,0.0317355873678397,0.0476857898564213,0.0102998192367879,-0.1116694584031267,0.1537048650077544,0.1279563371740451,0.1300121506682867,0.0788863109048725,0.0978494623655914,0.1076286354838709,337127.604,,,,363460.14,54670.27,172295.31,191164.83,,,,0.0,,,0.0,,,,,,0.0,,1600,16.78,26848.0,0.2377684585080696,,U,0.0,44496780.0,44496780.0,112457.0,112457.0,1.0,ok,,1min,241.0,11:25:00,15:00:00,1.0,0.0,1.9355,0.0,,0.014955,0.0,31.0,0.0,53.3871,61.2661,45.0,12.0,12.0,0.0,neutral_limitup,0.2377684585080696,26848.0,,,,,,18.6,15.22,0.0,,,0.0,1.0,0.0,2.062178151506534,MAIN,10.0,1,eligible_limit_le_10:10.00%:derived:up_limit/pre_close:tick_normalized,a_share_price_limit_le_10_v2,20260730,20260731,20260803,CAUTION,,0.3749876963065245,0.98,0.8687529597560855,0.8687529597560855,True,lgbm,/home/runner/work/top10-decision/top10-decision/models/pfill_lgbm.joblib,meta_feature_contract,/home/runner/work/top10-decision/top10-decision/models/pfill_meta.json,97,,97,market_regime,/home/runner/work/top10-decision/top10-decision/outputs/learning/learning_acceptance_latest.json,True,20260729,31,97,7,open_times_t1__is_missing|prior_strength_score__is_missing|prior_theme_boost__is_missing|prior_prob_prior|seal_amount_t1__is_missing|limit_type_t1__is_missing|prior_prob_prior__is_missing,92,trade_date|verify_date|ts_code|name|晋阶|stage_bonus|stage_risk_penalty|stage_adjustment,0,,97,rank:int64|list_date:int64|open:float64|high:float64|low:float64|close:float64|pct_chg:float64|pre_close_est:float64,model:lgbm,,0.009307054850348846,0.009307054850348846,,,,0.009307054850348846,0.009307054850348846,0.009307054850348846,0.009307054850348846,0.009307054850348846,0,0,,,0,0,False,,,,/home/runner/work/top10-decision/top10-decision/models/eret_meta.json,87,,87,,/home/runner/work/top10-decision/top10-decision/outputs/learning/learning_acceptance_latest.json,False,20260728,26,0,0,,0,,0,,0,,0,0.0,0.0,0,0.0,0.0,-0.0026412798260038624,0.01344653364368836,0.01023992190103264,0.0030386991171197386,-0.0026412798260038624,0.01344653364368836,0.01023992190103264,0.0030386991171197386,0,0.0,2,0.043478260869565216,44,0.9565217391304348,rule,model_rejected_by_learning_acceptance:selected_model_pass_false,CAUTION,0.0002,0.0005,0.0006867150000000001,0.0,0.0,0.0004,0.0,0.0017867150000000001,0.0017867150000000001,0.0,0.0,0.0,0.0,0.0069784625,0.006,0.0,0.0,0.0,0.0,0.0,0.003572949328343093,0.0,0.000559356,0.0,0.0,0.0,0.0018753663636363637,0.00184602978334498,0.004280752146981343,0.004280752146981343,0.0,0.009748718485236008,0.0,0.009748718485236008,0.009748718485236008,0.0,0.0,0.0,0.0,0.0,0.0133216678135791,0.0133216678135791,-0.00702285136572631,0.0,0.0,0.0,0.0,0.0,0.0,0.0,-0.00702285136572631,v2_net_trade_contract_no_double_count,-0.00702285136572631,pred_plus_fs,,,,,,,,,,1,2026-07-30 23:24:05+0800
20260730,20260731,41,600162.SH,香江控股,1→2,-0.022,0.001925,-0.023925,0.1072760036769304,0.1072760036769304,0.1072760036769304,0.1072760036769304,True,calibrated_probability,valid,contract=valid; ordered feature contract validated; prediction=ok,step5_core_features_v1,hgb,0.106792222857185,0.1072760036769304,0.1147912587080599,0.5737542360480122,45.47557,0.328751396590983,房地产开发,0.167408,0.1913329115423884,0.167408,1,ok,,0.75224,0.090761,0,0.0907612,0.0,0.546194,0.0,0.4956273764258558,1.0,低,健康涨停,0.48,0.48,0.888,neutral,52,0.0,0,30545656472,1,aa3b93484f894702ee624f25f6dff236d97ccf1e,2026-07-30T13:11:04Z,1.0,1→2,0.78,0.035,0.16,limit_list_d,1/1,0.1913329115423884,True,0.1072760036769304,41,20260731,,600162,房地产开发,深圳,主板,19980609,2.65,2.89,2.63,2.89,9.8859,2.6300007553289366,9.8859,0.0988592871972319,0.0912547266435987,0.0076042733564013,1168944.67,332022.321,3.5765,11.1316,0.61,2.977480541135064e-05,0.0485480485341177,0.0618475025218136,0.059395807215357,0.1005826701389847,0.0281938980143648,-0.1666666666666667,0.2542563718963886,0.0783582089552239,0.090566037735849,0.0395683453237412,0.0899653979238755,0.0988592871972319,944578.6109,,,,363460.14,54670.27,172295.31,191164.83,,2.0,5.0,1.0,5.0,2.0,0.0,,,,,,0.0,,792300,2.65,2099595.0,0.8481382640742152,,U,0.0,32862479.0,32862479.0,93423.0,93423.0,1.0,ok,,1min,241.0,09:35:00,15:00:00,1.0,0.0,1.7301,0.0,,0.014527,0.0,31.0,0.0,54.6194,72.8858,70.0,8.25,8.25,0.0,neutral_limitup,0.8481382640742152,2099595.0,,,,,,2.89,2.37,1.0,5.0,2.0,0.0,1.0,0.0,2.295920810407906,MAIN,10.0,1,eligible_limit_le_10:10.00%:derived:up_limit/pre_close:tick_normalized,a_share_price_limit_le_10_v2,20260730,20260731,20260803,CAUTION,,0.38513333269623323,0.98,0.877346723735,0.877346723735,True,lgbm,/home/runner/work/top10-decision/top10-decision/models/pfill_lgbm.joblib,meta_feature_contract,/home/runner/work/top10-decision/top10-decision/models/pfill_meta.json,97,,97,market_regime,/home/runner/work/top10-decision/top10-decision/outputs/learning/learning_acceptance_latest.json,True,20260729,31,97,7,open_times_t1__is_missing|prior_strength_score__is_missing|prior_theme_boost__is_missing|prior_prob_prior|seal_amount_t1__is_missing|limit_type_t1__is_missing|prior_prob_prior__is_missing,92,trade_date|verify_date|ts_code|name|晋阶|stage_bonus|stage_risk_penalty|stage_adjustment,0,,97,rank:int64|list_date:int64|open:float64|high:float64|low:float64|close:float64|pct_chg:float64|pre_close_est:float64,model:lgbm,,0.010454021499244208,0.010454021499244208,,,,0.010454021499244208,0.010454021499244208,0.010454021499244208,0.010454021499244208,0.010454021499244208,0,0,,,0,0,False,,,,/home/runner/work/top10-decision/top10-decision/models/eret_meta.json,87,,87,,/home/runner/work/top10-decision/top10-decision/outputs/learning/learning_acceptance_latest.json,False,20260728,26,0,0,,0,,0,,0,,0,0.0,0.0,0,0.0,0.0,-0.0026412798260038624,0.01344653364368836,0.01023992190103264,0.0030386991171197386,-0.0026412798260038624,0.01344653364368836,0.01023992190103264,0.0030386991171197386,0,0.0,2,0.043478260869565216,44,0.9565217391304348,rule,model_rejected_by_learning_acceptance:selected_model_pass_false,CAUTION,0.0002,0.0005,0.000663525,0.0,0.0,0.0004,0.0002,0.001963525,0.001963525,0.0,0.0,0.0,0.0,0.0066499375000000005,0.006,0.0,0.0,0.0,0.0,0.0,0.006,0.0,0.0005445672,0.0,0.0,0.0,0.001796947272727273,0.0014289664707915644,0.0037704809435188374,0.0037704809435188374,0.0,0.009185326332639129,0.0,0.009185326332639129,0.009185326332639129,0.0,0.0,0.0,0.0,0.0,0.015185326332639129,0.015185326332639129,-0.00797704982042197,0.0,0.0,0.0,0.0,0.0,0.0,0.0,-0.00797704982042197,v2_net_trade_contract_no_double_count,-0.00797704982042197,pred_plus_fs,,,,,,,,,,1,2026-07-30 23:24:05+0800
20260730,20260731,7,002703.SZ,浙江世宝,1→2,-0.022,0.001925,-0.023925,0.1480609392488462,0.1480609392488462,0.1480609392488462,0.1480609392488462,True,calibrated_probability,valid,contract=valid; ordered feature contract validated; prediction=ok,step5_core_features_v1,hgb,0.1457435117777253,0.1480609392488462,0.143793606845702,0.7578405066097463,64.832232,0.8363999999999999,汽车零部件,0.273721,0.2976455830126539,0.273721,1,ok,,0.706227,0.148575,0,0.16845,0.0,0.507127,1.0,0.45,1.0,低,健康涨停,0.48,0.48,0.888,neutral,52,0.0,0,30545656472,1,aa3b93484f894702ee624f25f6dff236d97ccf1e,2026-07-30T13:11:04Z,1.0,1→2,0.78,0.035,0.16,limit_list_d,1/1,0.2976455830126539,True,0.1480609392488462,7,20260731,,2703,汽车零部件,浙江,主板,20121102,13.28,14.61,13.18,14.61,10.0151,13.279995200658815,10.0151,0.1076807618069815,0.1001506386036961,3.613963039693569e-07,490312.43,703339.42101,8.3664,15.4225,2.13,1.423935542475104e-05,0.0368743286492278,0.045208112459576,0.0435230137116224,0.0629677706888789,0.0229455722609122,-0.2161803713527851,0.2826489573253197,0.1387373343725642,0.1801292407108237,0.1101823708206686,0.0978781656399726,0.1076807618069815,1201865.9364,,,,363460.14,54670.27,172295.31,191164.83,,6.0,1.0,1.0,1.0,6.0,0.0,-67852582.62,-4.79,40.71,8562162361.14,40.71,0.0,,171400,13.28,2276192.0,0.8563985258609734,,U,1.0,93291263.0,93291263.0,93536.0,100127.0,1.0,ok,,1min,241.0,09:36:00,15:00:00,2.0,1.0,3.7645,1.0,13.0,0.016762,0.0,31.0,0.0,50.7127,72.4338,71.6,22.46,22.46,0.0,neutral_limitup,0.8563985258609734,2276192.0,,,,,,14.61,11.95,1.0,1.0,6.0,0.0,1.0,0.0,1.8803617539302824,MAIN,10.0,1,eligible_limit_le_10:10.00%:derived:up_limit/pre_close:tick_normalized,a_share_price_limit_le_10_v2,20260730,20260731,20260803,CAUTION,,0.4306141408349556,0.98,0.8781826914579008,0.8781826914579008,True,lgbm,/home/runner/work/top10-decision/top10-decision/models/pfill_lgbm.joblib,meta_feature_contract,/home/runner/work/top10-decision/top10-decision/models/pfill_meta.json,97,,97,market_regime,/home/runner/work/top10-decision/top10-decision/outputs/learning/learning_acceptance_latest.json,True,20260729,31,97,7,open_times_t1__is_missing|prior_strength_score__is_missing|prior_theme_boost__is_missing|prior_prob_prior|seal_amount_t1__is_missing|limit_type_t1__is_missing|prior_prob_prior__is_missing,92,trade_date|verify_date|ts_code|name|晋阶|stage_bonus|stage_risk_penalty|stage_adjustment,0,,97,rank:int64|list_date:int64|open:float64|high:float64|low:float64|close:float64|pct_chg:float64|pre_close_est:float64,model:lgbm,,0.012449953688215495,0.012449953688215495,,,,0.012449953688215495,0.012449953688215495,0.012449953688215495,0.012449953688215495,0.012449953688215495,0,0,,,0,0,False,,,,/home/runner/work/top10-decision/top10-decision/models/eret_meta.json,87,,87,,/home/runner/work/top10-decision/top10-decision/outputs/learning/learning_acceptance_latest.json,False,20260728,26,0,0,,0,,0,,0,,0,0.0,0.0,0,0.0,0.0,-0.0026412798260038624,0.01344653364368836,0.01023992190103264,0.0030386991171197386,-0.0026412798260038624,0.01344653364368836,0.01023992190103264,0.0030386991171197386,0,0.0,2,0.043478260869565216,44,0.9565217391304348,rule,model_rejected_by_learning_acceptance:selected_model_pass_false,CAUTION,0.0002,0.0005,1.2824000000000016e-05,0.00011999999999999999,0.0,0.0004,0.0,0.001232824,0.001232824,0.0,0.005,0.002,0.0,0.0,0.006,0.0,0.0,0.0,0.0,0.0,0.006,0.0,0.0010107,0.0,0.0,0.0,0.0020455554545454543,0.0016363636363636365,0.0046926190909090905,0.0046926190909090905,0.005,0.006219464318181818,0.0006,0.011819464318181818,0.011819464318181818,0.0,0.0,0.0,0.0,0.0,0.017819464318181818,0.017819464318181818,-0.008118954479738516,0.0,0.0,0.0,0.0,0.0,0.0,0.0,-0.008118954479738516,v2_net_trade_contract_no_double_count,-0.008118954479738516,pred_plus_fs,,,,,,,,,,1,2026-07-30 23:24:05+0800
20260730,20260731,3,002827.SZ,高争民爆,2→3,-0.008,0.000825,-0.008825,0.1944537381229454,0.1944537381229454,0.1944537381229454,0.1944537381229454,True,calibrated_probability,valid,contract=valid; ordered feature contract validated; prediction=ok,step5_core_features_v1,hgb,0.1578524705341202,0.1944537381229454,0.2136911636056972,0.5570547966138684,57.59077,0.0164,化学制品,0.243736,0.2525606951476003,0.243736,1,ok,,0.858,0.07,0,0.07,0.0,0.65,0.0,1.0,1.0,低,健康涨停,0.48,0.48,0.888,neutral,52,0.0,0,30545656472,1,aa3b93484f894702ee624f25f6dff236d97ccf1e,2026-07-30T13:11:04Z,2.0,2→3,0.92,0.015,0.35,limit_list_d,2/2,0.2525606951476003,True,0.1944537381229454,3,20260731,,2827,化学制品,西藏,主板,20161209,31.45,31.45,31.45,31.45,10.0035,28.58999940910971,10.0035,0.0,0.0,0.100035,16622.0,52276.19,0.6022,1.4263,0.33,0.0001913586280867,0.0581848372711002,0.0528401674157159,0.0436625115304678,0.0608468191905123,0.0183103740776668,-0.0881520420541851,0.1501249276623198,0.2100808003078107,0.2357563850687623,0.2544874351814918,0.0,0.0,871309.67,,,,363460.14,54670.27,172295.31,191164.83,,,,0.0,,,0.0,66127641.24,56.38,84.17,8680159901.25,84.17,0.0,,632800,31.45,19901560.0,0.9796670479095184,,U,0.0,247369975.0,247369975.0,92500.0,92500.0,1.0,ok,,1min,241.0,09:30:00,15:00:00,1.0,0.0,0.0,0.0,,0.013416,0.0,31.0,0.0,65.0,76.0,70.0,8.25,8.25,0.0,healthy_limitup,0.9796670479095184,19901560.0,,,,,,31.45,25.73,0.0,,,0.0,1.0,0.0,2.345665636563309,MAIN,10.0,1,eligible_limit_le_10:10.00%:derived:up_limit/pre_close:tick_normalized,a_share_price_limit_le_10_v2,20260730,20260731,20260803,CAUTION,,0.2760962324999999,0.02,0.5129558387874656,0.5129558387874656,True,lgbm,/home/runner/work/top10-decision/top10-decision/models/pfill_lgbm.joblib,meta_feature_contract,/home/runner/work/top10-decision/top10-decision/models/pfill_meta.json,97,,97,market_regime,/home/runner/work/top10-decision/top10-decision/outputs/learning/learning_acceptance_latest.json,True,20260729,31,97,7,open_times_t1__is_missing|prior_strength_score__is_missing|prior_theme_boost__is_missing|prior_prob_prior|seal_amount_t1__is_missing|limit_type_t1__is_missing|prior_prob_prior__is_missing,92,trade_date|verify_date|ts_code|name|晋阶|stage_bonus|stage_risk_penalty|stage_adjustment,0,,97,rank:int64|list_date:int64|open:float64|high:float64|low:float64|close:float64|pct_chg:float64|pre_close_est:float64,model:lgbm,,0.01344653364368836,0.01344653364368836,,,,0.01344653364368836,0.01344653364368836,0.01344653364368836,0.01344653364368836,0.01344653364368836,0,0,,,0,0,False,,,,/home/runner/work/top10-decision/top10-decision/models/eret_meta.json,87,,87,,/home/runner/work/top10-decision/top10-decision/outputs/learning/learning_acceptance_latest.json,False,20260728,26,0,0,,0,,0,,0,,0,0.0,0.0,0,0.0,0.0,-0.0026412798260038624,0.01344653364368836,0.01023992190103264,0.0030386991171197386,-0.0026412798260038624,0.01344653364368836,0.01023992190103264,0.0030386991171197386,0,0.0,2,0.043478260869565216,44,0.9565217391304348,rule,model_rejected_by_learning_acceptance:selected_model_pass_false,CAUTION,0.0002,0.0005,0.00110967,0.0,0.0,0.0004,0.0,0.00220967,0.00220967,0.0,0.0,0.0,0.0,0.01,0.006,0.0,0.0,0.0,0.0,0.0,0.003472263590502745,0.0,0.00042000000000000007,0.0,0.0,0.0,0.0011363636363636363,0.0,0.0015563636363636363,0.0015563636363636363,0.0,0.009367272727272728,0.0,0.009367272727272728,0.009367272727272728,0.0,0.0,0.0,0.0,0.0,0.012839536317775473,0.012839536317775473,-0.008151728373793434,0.0,0.0,0.0,0.0,0.0,0.0,0.0,-0.008151728373793434,v2_net_trade_contract_no_double_count,-0.008151728373793434,pred_plus_fs,,,,,,,,,,1,2026-07-30 23:24:05+0800
20260730,20260731,27,600513.SH,联环药业,1→2,-0.022,0.001925,-0.023925,0.1240226027632863,0.1240226027632863,0.1240226027632863,0.1240226027632863,True,calibrated_probability,valid,contract=valid; ordered feature contract validated; prediction=ok,step5_core_features_v1,hgb,0.1287942308840196,0.1240226027632863,0.1256625816841715,0.6485299355405139,55.7566,0.4258611773793213,化学制药,0.207163,0.2310875740404021,0.207163,1,ok,,0.76783,0.10886,0,0.10965,0.0,0.705702,1.0,0.4263779527559056,1.0,低,健康涨停,0.48,0.48,0.888,neutral,52,0.0,0,30545656472,1,aa3b93484f894702ee624f25f6dff236d97ccf1e,2026-07-30T13:11:04Z,1.0,1→2,0.78,0.035,0.16,limit_list_d,1/1,0.2310875740404021,True,0.1240226027632863,27,20260731,,600513,化学制药,江苏,主板,20030319,15.18,16.76,15.03,16.76,9.9738,15.239993525730672,9.9738,0.1135171085918855,0.1036745847255371,-0.0039365847255369,320391.76,525693.641,11.2238,18.674,1.31,1.8972647226676276e-05,0.0587522816012151,0.0584840334315633,0.0621949226409166,0.1012276993261004,0.0281440336954673,-0.2135770234986944,0.3039159798350784,0.0587492103600759,0.011466505733253,-0.0300925925925925,0.1032219570405729,0.1135171085918855,478424.7588,,,,363460.14,54670.27,172295.31,191164.83,,2.0,4.0,1.0,4.0,2.0,0.0,,,,,,0.0,,76800,15.18,1165824.0,0.7795145507688398,,U,2.0,58497411.0,58497411.0,95503.0,100233.0,1.0,ok,,1min,241.0,09:56:00,15:00:00,2.0,1.0,2.0883,1.0,5.0,0.027251,0.0,31.0,0.0,70.5702,80.9111,77.2,14.62,14.62,0.0,healthy_limitup,0.7795145507688398,1165824.0,,,,,,16.76,13.72,1.0,4.0,2.0,0.0,1.0,0.0,1.6650754477941547,MAIN,10.0,1,eligible_limit_le_10:10.00%:derived:up_limit/pre_close:tick_normalized,a_share_price_limit_le_10_v2,20260730,20260731,20260803,CAUTION,,0.531371968774314,0.98,0.9130342149920128,0.9130342149920128,True,lgbm,/home/runner/work/top10-decision/top10-decision/models/pfill_lgbm.joblib,meta_feature_contract,/home/runner/work/top10-decision/top10-decision/models/pfill_meta.json,97,,97,market_regime,/home/runner/work/top10-decision/top10-decision/outputs/learning/learning_acceptance_latest.json,True,20260729,31,97,7,open_times_t1__is_missing|prior_strength_score__is_missing|prior_theme_boost__is_missing|prior_prob_prior|seal_amount_t1__is_missing|limit_type_t1__is_missing|prior_prob_prior__is_missing,92,trade_date|verify_date|ts_code|name|晋阶|stage_bonus|stage_risk_penalty|stage_adjustment,0,,97,rank:int64|list_date:int64|open:float64|high:float64|low:float64|close:float64|pct_chg:float64|pre_close_est:float64,model:lgbm,,0.011532283840479256,0.011532283840479256,,,,0.011532283840479256,0.011532283840479256,0.011532283840479256,0.011532283840479256,0.011532283840479256,0,0,,,0,0,False,,,,/home/runner/work/top10-decision/top10-decision/models/eret_meta.json,87,,87,,/home/runner/work/top10-decision/top10-decision/outputs/learning/learning_acceptance_latest.json,False,20260728,26,0,0,,0,,0,,0,,0,0.0,0.0,0,0.0,0.0,-0.0026412798260038624,0.01344653364368836,0.01023992190103264,0.0030386991171197386,-0.0026412798260038624,0.01344653364368836,0.01023992190103264,0.0030386991171197386,0,0.0,2,0.043478260869565216,44,0.9565217391304348,rule,model_rejected_by_learning_acceptance:selected_model_pass_false,CAUTION,0.0002,0.0005,0.00011283300000000001,0.00023999999999999998,0.0,0.0004,0.0,0.001452833,0.001452833,0.0,0.005,0.0045,0.0,0.0,0.006,0.0,0.0,0.0,0.0,0.0,0.006,0.0,0.0006579,0.0,0.0,0.0,0.0007818963636363632,0.0017437365783822471,0.0031835329420186105,0.0031835329420186105,0.005,0.005087649706513958,0.0013499999999999999,0.01143764970651396,0.01143764970651396,0.0,0.0,0.0,0.0,0.0,0.017437649706513958,0.017437649706513958,-0.008361112983156907,0.0,0.0,0.0,0.0,0.0,0.0,0.0,-0.008361112983156907,v2_net_trade_contract_no_double_count,-0.008361112983156907,pred_plus_fs,,,,,,,,,,1,2026-07-30 23:24:05+0800
20260730,20260731,48,605388.SH,均瑶健康,2→3,-0.008,0.000825,-0.008825,0.0980137074993365,0.0980137074993365,0.0980137074993365,0.0980137074993365,True,calibrated_probability,valid,contract=valid; ordered feature contract validated; prediction=ok,step5_core_features_v1,hgb,0.119642479576292,0.0980137074993365,0.1122368958894446,0.5557119240319828,55.722548,0.0164,饮料乳品,0.172491,0.181316229711074,0.172491,1,ok,,0.761512,0.113137,0,0.1131372,0.0,0.434314,0.0,0.7737410071942452,1.0,低,健康涨停,0.48,0.48,0.888,neutral,52,0.0,0,30545656472,1,aa3b93484f894702ee624f25f6dff236d97ccf1e,2026-07-30T13:11:04Z,2.0,2→3,0.92,0.015,0.35,limit_list_d,2/2,0.181316229711074,True,0.0980137074993365,48,20260731,,605388,饮料乳品,湖北,主板,20200818,5.86,6.12,5.84,6.12,10.0719,5.560002144053114,10.0719,0.0503596928104575,0.0467625718954248,0.0539564281045752,148199.04,89647.63,2.468,7.5369,1.61,0.0001123498747261,0.0504438889836481,0.0499259844735467,0.0393775274156352,0.0570851338374596,0.0118273631093368,-0.1121673003802281,0.1633721909052002,0.2118811881188118,0.2644628099173554,0.1634980988593157,0.0457516339869281,0.0503596928104575,367496.208,,,,363460.14,54670.27,172295.31,191164.83,,,,0.0,,,0.0,26406250.8,19.0,41.56,3674962080.0,41.56,0.0,,1343400,5.86,7872324.0,0.949167619773796,,U,0.0,25568136.0,25568136.0,93048.0,93048.0,1.0,ok,,1min,241.0,09:31:00,15:00:00,1.0,0.0,3.5948,0.0,,0.042146,0.0,31.0,0.0,43.4314,69.5294,70.0,8.25,8.25,0.0,neutral_limitup,0.949167619773796,7872324.0,,,,,,6.12,5.0,0.0,,,0.0,1.0,0.0,2.035727965797697,MAIN,10.0,1,eligible_limit_le_10:10.00%:derived:up_limit/pre_close:tick_normalized,a_share_price_limit_le_10_v2,20260730,20260731,20260803,CAUTION,,0.38200520572225655,0.8588451927250367,0.8084375028723048,0.8084375028723048,True,lgbm,/home/runner/work/top10-decision/top10-decision/models/pfill_lgbm.joblib,meta_feature_contract,/home/runner/work/top10-decision/top10-decision/models/pfill_meta.json,97,,97,market_regime,/home/runner/work/top10-decision/top10-decision/outputs/learning/learning_acceptance_latest.json,True,20260729,31,97,7,open_times_t1__is_missing|prior_strength_score__is_missing|prior_theme_boost__is_missing|prior_prob_prior|seal_amount_t1__is_missing|limit_type_t1__is_missing|prior_prob_prior__is_missing,92,trade_date|verify_date|ts_code|name|晋阶|stage_bonus|stage_risk_penalty|stage_adjustment,0,,97,rank:int64|list_date:int64|open:float64|high:float64|low:float64|close:float64|pct_chg:float64|pre_close_est:float64,model:lgbm,,0.009014809728499749,0.009014809728499749,,,,0.009014809728499749,0.009014809728499749,0.009014809728499749,0.009014809728499749,0.009014809728499749,0,0,,,0,0,False,,,,/home/runner/work/top10-decision/top10-decision/models/eret_meta.json,87,,87,,/home/runner/work/top10-decision/top10-decision/outputs/learning/learning_acceptance_latest.json,False,20260728,26,0,0,,0,,0,,0,,0,0.0,0.0,0,0.0,0.0,-0.0026412798260038624,0.01344653364368836,0.01023992190103264,0.0030386991171197386,-0.0026412798260038624,0.01344653364368836,0.01023992190103264,0.0030386991171197386,0,0.0,2,0.043478260869565216,44,0.9565217391304348,rule,model_rejected_by_learning_acceptance:selected_model_pass_false,CAUTION,0.0002,0.0005,0.0008298,0.0,0.0,0.0004,0.0,0.0019298000000000002,0.0019298000000000002,0.0,0.0,0.0,0.0,0.0090055,0.006,0.0,0.0,0.0,0.0,0.0,0.0038448428692087564,0.0,0.0006788232,0.0,0.0,0.0,0.002508910909090909,0.0,0.003187734109090909,0.003187734109090909,0.0,0.010043825581818181,0.0,0.010043825581818181,0.010043825581818181,0.0,0.0,0.0,0.0,0.0,0.013888668451026938,0.013888668451026938,-0.00853055818524964,0.0,0.0,0.0,0.0,0.0,0.0,0.0,-0.00853055818524964,v2_net_trade_contract_no_double_count,-0.00853055818524964,pred_plus_fs,,,,,,,,,,1,2026-07-30 23:24:05+0800
20260730,20260731,12,002258.SZ,利尔化学,1→2,-0.022,0.001925,-0.023925,0.1435962054772888,0.1435962054772888,0.1435962054772888,0.1435962054772888,True,calibrated_probability,valid,contract=valid; ordered feature contract validated; prediction=ok,step5_core_features_v1,hgb,0.1318845549563961,0.1435962054772888,0.1349919824864173,0.6288080668819431,56.366946,0.5458931282264484,农化制品,0.231318,0.2552430149284444,0.231318,1,ok,,0.740655,0.209083,0,0.209083,0.0,0.454587,2.0,1.0,1.0,低,健康涨停,0.48,0.48,0.888,neutral,52,0.0,0,30545656472,1,aa3b93484f894702ee624f25f6dff236d97ccf1e,2026-07-30T13:11:04Z,1.0,1→2,0.78,0.035,0.16,limit_list_d,1/1,0.2552430149284444,True,0.1435962054772888,12,20260731,,2258,农化制品,四川,主板,20080708,16.18,16.18,15.38,16.18,9.9932,14.710000254561193,9.9932,0.0543847713226204,0.0,0.0999319999999998,368622.43,593390.68886,4.6127,7.7943,1.37,1.6840843962682598e-05,0.0486379930209669,0.0396697852986878,0.0411750123135502,0.0612022055370725,0.0206890541235469,-0.06941431670282,0.1312783831399172,0.1516014234875444,0.1243919388464209,0.2351145038167938,0.049443757725587,0.0543847713226204,1295107.3896,,,,363460.14,54670.27,172295.31,191164.83,,2.0,3.0,1.0,3.0,2.0,0.0,70839140.38,11.94,36.4,12930222649.1,36.4,0.0,,2729539,16.18,44163941.02,0.992248062015504,,U,2.0,93644646.0,93644646.0,92500.0,95545.0,1.0,ok,,1min,241.0,09:30:00,15:00:00,2.0,2.0,4.9444,2.0,1.5,0.016969,0.0,31.0,0.0,45.4587,69.9126,69.5,20.6,20.6,0.0,neutral_limitup,0.992248062015504,44163941.02,,,,,,16.18,13.24,1.0,3.0,2.0,0.0,1.0,0.0,1.7141888915729124,MAIN,10.0,1,eligible_limit_le_10:10.00%:derived:up_limit/pre_close:tick_normalized,a_share_price_limit_le_10_v2,20260730,20260731,20260803,CAUTION,,0.47040276919035945,0.9671956805913071,0.8815084661732986,0.8815084661732986,True,lgbm,/home/runner/work/top10-decision/top10-decision/models/pfill_lgbm.joblib,meta_feature_contract,/home/runner/work/top10-decision/top10-decision/models/pfill_meta.json,97,,97,market_regime,/home/runner/work/top10-decision/top10-decision/outputs/learning/learning_acceptance_latest.json,True,20260729,31,97,7,open_times_t1__is_missing|prior_strength_score__is_missing|prior_theme_boost__is_missing|prior_prob_prior|seal_amount_t1__is_missing|limit_type_t1__is_missing|prior_prob_prior__is_missing,92,trade_date|verify_date|ts_code|name|晋阶|stage_bonus|stage_risk_penalty|stage_adjustment,0,,97,rank:int64|list_date:int64|open:float64|high:float64|low:float64|close:float64|pct_chg:float64|pre_close_est:float64,model:lgbm,,0.011326642186251217,0.011326642186251217,,,,0.011326642186251217,0.011326642186251217,0.011326642186251217,0.011326642186251217,0.011326642186251217,0,0,,,0,0,False,,,,/home/runner/work/top10-decision/top10-decision/models/eret_meta.json,87,,87,,/home/runner/work/top10-decision/top10-decision/outputs/learning/learning_acceptance_latest.json,False,20260728,26,0,0,,0,,0,,0,,0,0.0,0.0,0,0.0,0.0,-0.0026412798260038624,0.01344653364368836,0.01023992190103264,0.0030386991171197386,-0.0026412798260038624,0.01344653364368836,0.01023992190103264,0.0030386991171197386,0,0.0,2,0.043478260869565216,44,0.9565217391304348,rule,model_rejected_by_learning_acceptance:selected_model_pass_false,CAUTION,0.0002,0.0005,0.00011855549999999999,0.00023999999999999998,0.0,0.0004,0.0,0.0014585555000000002,0.0014585555000000002,0.0,0.005,0.0045,0.0,0.004448012499999999,0.006,0.0,0.0,0.0,0.0,0.0,0.0029422045258101714,0.0,0.001254498,0.0,0.0,0.0,0.0023799009090909084,0.0,0.003634398909090908,0.003634398909090908,0.005,0.007872206056818182,0.0013499999999999999,0.014222206056818183,0.014222206056818183,0.0,0.0,0.0,0.0,0.0,0.017164410582628353,0.017164410582628353,-0.008638435102132266,0.0,0.0,0.0,0.0,0.0,0.0,0.0,-0.008638435102132266,v2_net_trade_contract_no_double_count,-0.008638435102132266,pred_plus_fs,,,,,,,,,,1,2026-07-30 23:24:05+0800
20260730,20260731,43,603348.SH,文灿股份,1→2,-0.022,0.001925,-0.023925,0.1063653921617706,0.1063653921617706,0.1063653921617706,0.1063653921617706,True,calibrated_probability,valid,contract=valid; ordered feature contract validated; prediction=ok,step5_core_features_v1,hgb,0.1106038566335605,0.1063653921617706,0.0929091738526796,0.6689722994236745,48.384995,0.83,汽车零部件,0.211147,0.2350719183593933,0.211147,1,ok,,0.650019,0.109837,0,0.1098374,0.0,0.4508129999999999,0.0,0.1155518327714895,1.0,低,健康涨停,0.48,0.48,0.888,neutral,52,0.0,0,30545656472,1,aa3b93484f894702ee624f25f6dff236d97ccf1e,2026-07-30T13:11:04Z,1.0,1→2,0.78,0.035,0.16,limit_list_d,1/1,0.2350719183593933,True,0.1063653921617706,43,20260731,,603348,汽车零部件,广东,主板,20180426,13.42,14.76,13.32,14.76,9.9851,13.419999618130094,9.9851,0.1073025365853658,0.0998509715447154,2.8455284443302915e-08,58270.12,83619.617,1.8529,3.5427,3.41,0.0001194109750586,0.0428077358663326,0.0360145754415174,0.0304509092786956,0.0408997530124193,0.0088280540114907,-0.0987306064880113,0.1380095697781977,0.125,0.1181818181818181,0.0611071171818835,0.097560975609756,0.1073025365853658,464168.3472,,,,363460.14,54670.27,172295.31,191164.83,,6.0,1.0,1.0,1.0,6.0,0.0,,,,,,0.0,,400,13.42,5368.0,0.1770237641377557,,U,0.0,39425760.0,39425760.0,101559.0,101559.0,1.0,ok,,1min,241.0,10:16:00,15:00:00,1.0,0.0,3.3198,0.0,,0.017779,0.0,31.0,0.0,45.0813,64.1744,57.0,10.2,10.2,0.0,neutral_limitup,0.1770237641377557,5368.0,,,,,,14.76,12.08,1.0,1.0,6.0,0.0,1.0,0.0,2.305092096069429,MAIN,10.0,1,eligible_limit_le_10:10.00%:derived:up_limit/pre_close:tick_normalized,a_share_price_limit_le_10_v2,20260730,20260731,20260803,CAUTION,,0.3630903080226504,0.98,0.8465458236082726,0.8465458236082726,True,lgbm,/home/runner/work/top10-decision/top10-decision/models/pfill_lgbm.joblib,meta_feature_contract,/home/runner/work/top10-decision/top10-decision/models/pfill_meta.json,97,,97,market_regime,/home/runner/work/top10-decision/top10-decision/outputs/learning/learning_acceptance_latest.json,True,20260729,31,97,7,open_times_t1__is_missing|prior_strength_score__is_missing|prior_theme_boost__is_missing|prior_prob_prior|seal_amount_t1__is_missing|limit_type_t1__is_missing|prior_prob_prior__is_missing,92,trade_date|verify_date|ts_code|name|晋阶|stage_bonus|stage_risk_penalty|stage_adjustment,0,,97,rank:int64|list_date:int64|open:float64|high:float64|low:float64|close:float64|pct_chg:float64|pre_close_est:float64,model:lgbm,,0.010901150281178983,0.010901150281178983,,,,0.010901150281178983,0.010901150281178983,0.010901150281178983,0.010901150281178983,0.010901150281178983,0,0,,,0,0,False,,,,/home/runner/work/top10-decision/top10-decision/models/eret_meta.json,87,,87,,/home/runner/work/top10-decision/top10-decision/outputs/learning/learning_acceptance_latest.json,False,20260728,26,0,0,,0,,0,,0,,0,0.0,0.0,0,0.0,0.0,-0.0026412798260038624,0.01344653364368836,0.01023992190103264,0.0030386991171197386,-0.0026412798260038624,0.01344653364368836,0.01023992190103264,0.0030386991171197386,0,0.0,2,0.043478260869565216,44,0.9565217391304348,rule,model_rejected_by_learning_acceptance:selected_model_pass_false,CAUTION,0.0002,0.0005,0.0009220649999999999,0.0,0.0,0.0004,0.0,0.002022065,0.002022065,0.0,0.0,0.0,0.0,0.01,0.006,0.0,0.0,0.0,0.0,0.0,0.0031315191500118104,0.0,0.0006590244,0.0,0.0,0.0,0.0024039172727272733,0.003,0.006062941672727274,0.006062941672727274,0.0,0.012747206254545456,0.0,0.012747206254545456,0.012747206254545456,0.0,0.0,0.0,0.0,0.0,0.015878725404557266,0.015878725404557266,-0.008672467161499052,0.0,0.0,0.0,0.0,0.0,0.0,0.0,-0.008672467161499052,v2_net_trade_contract_no_double_count,-0.008672467161499052,pred_plus_fs,,,,,,,,,,1,2026-07-30 23:24:05+0800
20260730,20260731,2,002846.SZ,英联股份,1→2,-0.022,0.001925,-0.023925,0.2105402890489398,0.2105402890489398,0.2105402890489398,0.2105402890489398,True,calibrated_probability,valid,contract=valid; ordered feature contract validated; prediction=ok,step5_core_features_v1,hgb,0.1360729841351373,0.2105402890489398,0.2045474121721222,0.5784652435909888,63.230622,0.01,包装印刷,0.250684,0.2746086771034886,0.250684,1,ok,,0.764608,0.080056,0,0.080056,0.0,0.599721,0.0,0.4745901639344271,1.0,低,健康涨停,0.48,0.48,0.888,neutral,52,0.0,0,30545656472,1,aa3b93484f894702ee624f25f6dff236d97ccf1e,2026-07-30T13:11:04Z,1.0,1→2,0.78,0.035,0.16,limit_list_d,1/1,0.2746086771034886,True,0.2105402890489398,2,20260731,,2846,包装印刷,广东,主板,20170207,9.8,10.74,9.75,10.74,10.041,9.759998545996492,10.041,0.1014344413407821,0.0963114897579142,0.0040985102420857,118980.96,124513.90792,4.5735,6.7224,2.41,8.064159392098855e-05,0.0434055231802017,0.0424788248221743,0.0345128623642285,0.0506329200037125,0.0125160004233087,-0.1643454038997214,0.2113742666872587,0.1222570532915361,0.1498929336188437,0.0881458966565351,0.0921787709497206,0.1014344413407821,451073.2338,,,,363460.14,54670.27,172295.31,191164.83,,,,0.0,,,0.0,,,,,,0.0,,15000,9.8,147000.0,0.4349980937857415,,U,1.0,49021698.0,49021698.0,95715.0,95733.0,1.0,ok,,1min,241.0,09:58:00,15:00:00,1.0,0.0,0.838,0.0,,0.014986,0.0,31.0,0.0,59.9721,74.4916,70.0,8.25,8.25,0.0,neutral_limitup,0.4349980937857415,147000.0,,,,,,10.74,8.78,0.0,,,0.0,1.0,0.0,1.5685011042451062,MAIN,10.0,1,eligible_limit_le_10:10.00%:derived:up_limit/pre_close:tick_normalized,a_share_price_limit_le_10_v2,20260730,20260731,20260803,CAUTION,,0.444264797030359,0.98,0.8711738518211896,0.8711738518211896,True,lgbm,/home/runner/work/top10-decision/top10-decision/models/pfill_lgbm.joblib,meta_feature_contract,/home/runner/work/top10-decision/top10-decision/models/pfill_meta.json,97,,97,market_regime,/home/runner/work/top10-decision/top10-decision/outputs/learning/learning_acceptance_latest.json,True,20260729,31,97,7,open_times_t1__is_missing|prior_strength_score__is_missing|prior_theme_boost__is_missing|prior_prob_prior|seal_amount_t1__is_missing|limit_type_t1__is_missing|prior_prob_prior__is_missing,92,trade_date|verify_date|ts_code|name|晋阶|stage_bonus|stage_risk_penalty|stage_adjustment,0,,97,rank:int64|list_date:int64|open:float64|high:float64|low:float64|close:float64|pct_chg:float64|pre_close_est:float64,model:lgbm,,0.012854041664760096,0.012854041664760096,,,,0.012854041664760096,0.012854041664760096,0.012854041664760096,0.012854041664760096,0.012854041664760096,0,0,,,0,0,False,,,,/home/runner/work/top10-decision/top10-decision/models/eret_meta.json,87,,87,,/home/runner/work/top10-decision/top10-decision/outputs/learning/learning_acceptance_latest.json,False,20260728,26,0,0,,0,,0,,0,,0,0.0,0.0,0,0.0,0.0,-0.0026412798260038624,0.01344653364368836,0.01023992190103264,0.0030386991171197386,-0.0026412798260038624,0.01344653364368836,0.01023992190103264,0.0030386991171197386,0,0.0,2,0.043478260869565216,44,0.9565217391304348,rule,model_rejected_by_learning_acceptance:selected_model_pass_false,CAUTION,0.0002,0.0005,0.00011992749999999999,0.00011999999999999999,0.0,0.0004,0.0,0.0013399275,0.0013399275,0.0,0.005,0.002,0.0,0.0045313125,0.006,0.0,0.0,0.0,0.0,0.0,0.005194901250579152,0.0,0.00048033600000000004,0.0,0.0,0.0,0.0014563209090909094,0.0015245901639344222,0.0034612470730253316,0.0034612470730253316,0.005,0.007788157179768999,0.0006,0.013388157179769,0.013388157179769,0.0,0.0,0.0,0.0,0.0,0.018583058430348152,0.018583058430348152,-0.008724880941789043,0.0,0.0,0.0,0.0,0.0,0.0,0.0,-0.008724880941789043,v2_net_trade_contract_no_double_count,-0.008724880941789043,pred_plus_fs,,,,,,,,,,1,2026-07-30 23:24:05+0800
20260730,20260731,30,600475.SH,华光环能,1→2,-0.022,0.001925,-0.023925,0.1223113296903415,0.1223113296903415,0.1223113296903415,0.1223113296903415,True,calibrated_probability,valid,contract=valid; ordered feature contract validated; prediction=ok,step5_core_features_v1,hgb,0.1200402239283874,0.1223113296903415,0.1297142274109947,0.5369529164380106,51.510174,0.01,电力,0.165483,0.1894075095524698,0.165483,1,ok,,0.723201,0.08371,0,0.09,0.0,0.5814520000000001,0.0,0.4588691796008881,1.0,低,健康涨停,0.48,0.48,0.888,neutral,52,0.0,0,30545656472,1,aa3b93484f894702ee624f25f6dff236d97ccf1e,2026-07-30T13:11:04Z,1.0,1→2,0.78,0.035,0.16,limit_list_d,1/1,0.1894075095524698,True,0.1223113296903415,30,20260731,,600475,电力,江苏,主板,20030721,13.55,14.88,13.53,14.88,9.9778,13.53000332794437,9.9778,0.099778245967742,0.0983000497311827,0.001477950268817,234686.18,338659.827,2.489,7.8792,2.35,2.946260289680004e-05,0.0575411079943225,0.0493433908671264,0.0408298764533594,0.0626085836657834,0.0168247752831873,-0.147766323024055,0.2054209747606018,0.1716535433070867,0.1146067415730338,0.1472629144178874,0.0907258064516129,0.099778245967742,1422476.9616,,,,363460.14,54670.27,172295.31,191164.83,,,,0.0,,,0.0,,,,,,0.0,,87100,13.55,1180205.0,0.7819290888295845,,U,0.0,57343800.0,57343800.0,134617.0,134617.0,1.0,ok,,1min,241.0,13:44:00,15:00:00,2.0,0.0,1.1425,0.0,,0.027123,0.0,31.0,0.0,58.1452,62.6935,45.0,12.0,12.0,0.0,neutral_limitup,0.7819290888295845,1180205.0,,,,,,14.88,12.18,0.0,,,0.0,1.0,0.0,2.080130101197444,MAIN,10.0,1,eligible_limit_le_10:10.00%:derived:up_limit/pre_close:tick_normalized,a_share_price_limit_le_10_v2,20260730,20260731,20260803,CAUTION,,0.36684094583374377,0.98,0.868273804649526,0.868273804649526,True,lgbm,/home/runner/work/top10-decision/top10-decision/models/pfill_lgbm.joblib,meta_feature_contract,/home/runner/work/top10-decision/top10-decision/models/pfill_meta.json,97,,97,market_regime,/home/runner/work/top10-decision/top10-decision/outputs/learning/learning_acceptance_latest.json,True,20260729,31,97,7,open_times_t1__is_missing|prior_strength_score__is_missing|prior_theme_boost__is_missing|prior_prob_prior|seal_amount_t1__is_missing|limit_type_t1__is_missing|prior_prob_prior__is_missing,92,trade_date|verify_date|ts_code|name|晋阶|stage_bonus|stage_risk_penalty|stage_adjustment,0,,97,rank:int64|list_date:int64|open:float64|high:float64|low:float64|close:float64|pct_chg:float64|pre_close_est:float64,model:lgbm,,0.009938028524596573,0.009938028524596573,,,,0.009938028524596573,0.009938028524596573,0.009938028524596573,0.009938028524596573,0.009938028524596573,0,0,,,0,0,False,,,,/home/runner/work/top10-decision/top10-decision/models/eret_meta.json,87,,87,,/home/runner/work/top10-decision/top10-decision/outputs/learning/learning_acceptance_latest.json,False,20260728,26,0,0,,0,,0,,0,,0,0.0,0.0,0,0.0,0.0,-0.0026412798260038624,0.01344653364368836,0.01023992190103264,0.0030386991171197386,-0.0026412798260038624,0.01344653364368836,0.01023992190103264,0.0030386991171197386,0,0.0,2,0.043478260869565216,44,0.9565217391304348,rule,model_rejected_by_learning_acceptance:selected_model_pass_false,CAUTION,0.0002,0.0005,0.0008266500000000001,0.0,0.0,0.0004,0.0,0.00192665,0.00192665,0.0,0.0,0.0,0.0,0.008960875,0.006,0.0,0.0,0.0,0.0,0.0,0.005027464915141926,0.0,0.00054,0.0,0.0,0.0,0.0015725781818181814,0.0015960491836323266,0.0037086273654505083,0.0037086273654505083,0.0,0.010409951774087881,0.0,0.010409951774087881,0.010409951774087881,0.0,0.0,0.0,0.0,0.0,0.015437416689229808,0.015437416689229808,-0.008735136851462827,0.0,0.0,0.0,0.0,0.0,0.0,0.0,-0.008735136851462827,v2_net_trade_contract_no_double_count,-0.008735136851462827,pred_plus_fs,,,,,,,,,,1,2026-07-30 23:24:05+0800
20260730,20260731,31,002534.SZ,西子洁能,1→2,-0.022,0.001925,-0.023925,0.1201368574324226,0.1201368574324226,0.1201368574324226,0.1201368574324226,True,calibrated_probability,valid,contract=valid; ordered feature contract validated; prediction=ok,step5_core_features_v1,hgb,0.1371409779982863,0.1201368574324226,0.1168553269613101,0.5821625888548417,61.925708,0.01,其他电源,0.184791,0.2087164469719266,0.184791,1,ok,,0.73167,0.076951,0,0.09,0.0,0.615243,0.0,0.45,1.0,低,健康涨停,0.48,0.48,0.888,neutral,52,0.0,0,30545656472,1,aa3b93484f894702ee624f25f6dff236d97ccf1e,2026-07-30T13:11:04Z,1.0,1→2,0.78,0.035,0.16,limit_list_d,1/1,0.2087164469719266,True,0.1201368574324226,31,20260731,,2534,其他电源,浙江,主板,20110110,12.55,13.81,12.55,13.81,10.0398,12.550004634686722,10.0398,0.1003983692976104,0.1003983692976104,-3.692976103535948e-07,234484.23,313071.08806,2.841,8.6221,1.83,3.206875493426552e-05,0.0522491468045029,0.0569919667633248,0.0554006380802563,0.0730134283493563,0.0298670806723962,-0.3044943820224719,0.3897621007751245,0.108346709470305,0.0623076923076924,-0.1281565656565656,0.0912382331643736,0.1003983692976104,1154426.3731,,,,363460.14,54670.27,172295.31,191164.83,,,,0.0,,,0.0,,,,,,0.0,,128200,12.55,1608910.0,0.8195450501969754,,U,0.0,70396695.0,70396695.0,130906.0,130906.0,1.0,ok,,1min,241.0,13:10:00,15:00:00,1.0,0.0,0.5793,0.0,,0.006076,0.0,31.0,0.0,61.5243,63.7073,45.0,12.0,12.0,0.0,neutral_limitup,0.8195450501969754,1608910.0,,,,,,13.81,11.3,0.0,,,0.0,1.0,0.0,2.098369732984483,MAIN,10.0,1,eligible_limit_le_10:10.00%:derived:up_limit/pre_close:tick_normalized,a_share_price_limit_le_10_v2,20260730,20260731,20260803,CAUTION,,0.3635232452568365,0.98,0.8457431913443649,0.8457431913443649,True,lgbm,/home/runner/work/top10-decision/top10-decision/models/pfill_lgbm.joblib,meta_feature_contract,/home/runner/work/top10-decision/top10-decision/models/pfill_meta.json,97,,97,market_regime,/home/runner/work/top10-decision/top10-decision/outputs/learning/learning_acceptance_latest.json,True,20260729,31,97,7,open_times_t1__is_missing|prior_strength_score__is_missing|prior_theme_boost__is_missing|prior_prob_prior|seal_amount_t1__is_missing|limit_type_t1__is_missing|prior_prob_prior__is_missing,92,trade_date|verify_date|ts_code|name|晋阶|stage_bonus|stage_risk_penalty|stage_adjustment,0,,97,rank:int64|list_date:int64|open:float64|high:float64|low:float64|close:float64|pct_chg:float64|pre_close_est:float64,model:lgbm,,0.01004013937760629,0.01004013937760629,,,,0.01004013937760629,0.01004013937760629,0.01004013937760629,0.01004013937760629,0.01004013937760629,0,0,,,0,0,False,,,,/home/runner/work/top10-decision/top10-decision/models/eret_meta.json,87,,87,,/home/runner/work/top10-decision/top10-decision/outputs/learning/learning_acceptance_latest.json,False,20260728,26,0,0,,0,,0,,0,,0,0.0,0.0,0,0.0,0.0,-0.0026412798260038624,0.01344653364368836,0.01023992190103264,0.0030386991171197386,-0.0026412798260038624,0.01344653364368836,0.01023992190103264,0.0030386991171197386,0,0.0,2,0.043478260869565216,44,0.9565217391304348,rule,model_rejected_by_learning_acceptance:selected_model_pass_false,CAUTION,0.0002,0.0005,0.00077385,0.0,0.0,0.0004,0.0,0.0018738500000000003,0.0018738500000000003,0.0,0.0,0.0,0.0,0.008212875,0.006,0.0,0.0,0.0,0.0,0.0,0.006,0.0,0.00054,0.0,0.0,0.0,0.0013575445454545455,0.0016363636363636365,0.0035339081818181817,0.0035339081818181817,0.0,0.009867512386363637,0.0,0.009867512386363637,0.009867512386363637,0.0,0.0,0.0,0.0,0.0,0.015867512386363636,0.015867512386363636,-0.009249982867604666,0.0,0.0,0.0,0.0,0.0,0.0,0.0,-0.009249982867604666,v2_net_trade_contract_no_double_count,-0.009249982867604666,pred_plus_fs,,,,,,,,,,1,2026-07-30 23:24:05+0800
20260730,20260731,40,600629.SH,华建集团,1→2,-0.022,0.001925,-0.023925,0.1079552654402359,0.1079552654402359,0.1079552654402359,0.1079552654402359,True,calibrated_probability,valid,contract=valid; ordered feature contract validated; prediction=ok,step5_core_features_v1,hgb,0.1335227634517918,0.1079552654402359,0.1009191390350049,0.5743202305691235,59.480065,0.01,工程咨询,0.171373,0.1952980465773959,0.171373,1,ok,,0.723234,0.084634,0,0.0846342,0.0,0.5768289999999999,0.0,0.360023677979479,1.0,低,健康涨停,0.48,0.48,0.888,neutral,52,0.0,0,30545656472,1,aa3b93484f894702ee624f25f6dff236d97ccf1e,2026-07-30T13:11:04Z,1.0,1→2,0.78,0.035,0.16,limit_list_d,2/3,0.1952980465773959,True,0.1079552654402359,40,20260731,,600629,工程咨询,上海,主板,19930209,12.48,13.94,12.48,13.94,10.0237,12.669997464182718,10.0237,0.1152328565279769,0.1152328565279769,-0.014995856527977,389600.38,525348.734,3.3884,6.8765,1.6,1.908008785645993e-05,0.0667878371080751,0.0598854399860124,0.0546855819479022,0.0770989381739462,0.0214585487626021,-0.1730903994393832,0.2492345301498876,0.0379746835443037,0.1333333333333333,0.0272660280029475,0.1047345767575322,0.1152328565279769,1602828.0306,,,,363460.14,54670.27,172295.31,191164.83,,,,0.0,,,0.0,,,,,,0.0,,280000,12.48,3494400.0,0.8973185919430677,,U,0.0,67366653.0,67366653.0,101932.0,101932.0,1.0,ok,,1min,241.0,10:18:00,15:00:00,1.0,0.0,1.2195,0.0,,0.015902,0.0,31.0,0.0,57.6829,67.9549,57.0,10.2,10.2,0.0,neutral_limitup,0.8973185919430677,3494400.0,,,,,,13.94,11.4,0.0,,,0.0,1.0,0.0,2.094135664574428,MAIN,10.0,1,eligible_limit_le_10:10.00%:derived:up_limit/pre_close:tick_normalized,a_share_price_limit_le_10_v2,20260730,20260731,20260803,CAUTION,,0.3655288592167502,0.98,0.8645051484495933,0.8645051484495933,True,lgbm,/home/runner/work/top10-decision/top10-decision/models/pfill_lgbm.joblib,meta_feature_contract,/home/runner/work/top10-decision/top10-decision/models/pfill_meta.json,97,,97,market_regime,/home/runner/work/top10-decision/top10-decision/outputs/learning/learning_acceptance_latest.json,True,20260729,31,97,7,open_times_t1__is_missing|prior_strength_score__is_missing|prior_theme_boost__is_missing|prior_prob_prior|seal_amount_t1__is_missing|limit_type_t1__is_missing|prior_prob_prior__is_missing,92,trade_date|verify_date|ts_code|name|晋阶|stage_bonus|stage_risk_penalty|stage_adjustment,0,,97,rank:int64|list_date:int64|open:float64|high:float64|low:float64|close:float64|pct_chg:float64|pre_close_est:float64,model:lgbm,,0.009423604860859873,0.009423604860859873,,,,0.009423604860859873,0.009423604860859873,0.009423604860859873,0.009423604860859873,0.009423604860859873,0,0,,,0,0,False,,,,/home/runner/work/top10-decision/top10-decision/models/eret_meta.json,87,,87,,/home/runner/work/top10-decision/top10-decision/outputs/learning/learning_acceptance_latest.json,False,20260728,26,0,0,,0,,0,,0,,0,0.0,0.0,0,0.0,0.0,-0.0026412798260038624,0.01344653364368836,0.01023992190103264,0.0030386991171197386,-0.0026412798260038624,0.01344653364368836,0.01023992190103264,0.0030386991171197386,0,0.0,2,0.043478260869565216,44,0.9565217391304348,rule,model_rejected_by_learning_acceptance:selected_model_pass_false,CAUTION,0.0002,0.0005,0.00069174,0.0,0.0,0.0004,0.0,0.00179174,0.00179174,0.0,0.0,0.0,0.0,0.00704965,0.006,0.0,0.0,0.0,0.0,0.0,0.006,0.0,0.0005078052,0.0,0.0,0.0,0.0016019972727272732,0.0020453469182750957,0.004155149391002369,0.004155149391002369,0.0,0.009693669543251777,0.0,0.009693669543251777,0.009693669543251777,0.0,0.0,0.0,0.0,0.0,0.015693669543251777,0.015693669543251777,-0.009338654624083804,0.0,0.0,0.0,0.0,0.0,0.0,0.0,-0.009338654624083804,v2_net_trade_contract_no_double_count,-0.009338654624083804,pred_plus_fs,,,,,,,,,,1,2026-07-30 23:24:05+0800
20260730,20260731,26,002686.SZ,亿利达,1→2,-0.022,0.001925,-0.023925,0.1257028972464459,0.1257028972464459,0.1257028972464459,0.1257028972464459,True,calibrated_probability,valid,contract=valid; ordered feature contract validated; prediction=ok,step5_core_features_v1,hgb,0.1306788973614169,0.1257028972464459,0.1370358335077698,0.5486435309216553,61.058458,0.01,通用设备,0.186953,0.2108781748417429,0.186953,1,ok,,0.799846,0.12357,0,0.12357,0.0,0.632151,1.0,0.7568181818181813,1.0,低,健康涨停,0.48,0.48,0.888,neutral,52,0.0,0,30545656472,1,aa3b93484f894702ee624f25f6dff236d97ccf1e,2026-07-30T13:11:04Z,1.0,1→2,0.78,0.035,0.16,limit_list_d,1/1,0.2108781748417429,True,0.1257028972464459,26,20260731,,2686,通用设备,浙江,主板,20120703,5.55,5.81,5.55,5.81,10.0379,5.279998982168871,10.0379,0.0492424337349397,0.0492424337349397,0.0511365662650602,206572.0,118797.584,3.9518,6.9219,3.63,8.449582611040305e-05,0.0429837241956388,0.0398367190043107,0.0338278839936996,0.0536190394754391,0.0124413026324697,-0.1028368794326241,0.1491060660587935,0.1194605009633908,0.1151631477927062,0.0301418439716312,0.0447504302925989,0.0492424337349397,328984.9363,,,,363460.14,54670.27,172295.31,191164.83,,2.0,10.0,1.0,10.0,2.0,0.0,,,,,,0.0,,700100,5.55,3885555.0,0.905833015630957,,U,2.0,40832099.0,40832099.0,93030.0,93524.0,1.0,ok,,1min,241.0,09:31:00,15:00:00,2.0,1.0,4.1308,1.0,1.0,0.008665,0.0,31.0,0.0,63.2151,79.9645,80.0,10.7,10.7,0.0,healthy_limitup,0.905833015630957,3885555.0,,,,,,5.81,4.75,1.0,10.0,2.0,0.0,1.0,0.0,1.6403905954082925,MAIN,10.0,1,eligible_limit_le_10:10.00%:derived:up_limit/pre_close:tick_normalized,a_share_price_limit_le_10_v2,20260730,20260731,20260803,CAUTION,,0.5053730466684514,0.98,0.913614549482075,0.913614549482075,True,lgbm,/home/runner/work/top10-decision/top10-decision/models/pfill_lgbm.joblib,meta_feature_contract,/home/runner/work/top10-decision/top10-decision/models/pfill_meta.json,97,,97,market_regime,/home/runner/work/top10-decision/top10-decision/outputs/learning/learning_acceptance_latest.json,True,20260729,31,97,7,open_times_t1__is_missing|prior_strength_score__is_missing|prior_theme_boost__is_missing|prior_prob_prior|seal_amount_t1__is_missing|limit_type_t1__is_missing|prior_prob_prior__is_missing,92,trade_date|verify_date|ts_code|name|晋阶|stage_bonus|stage_risk_penalty|stage_adjustment,0,,97,rank:int64|list_date:int64|open:float64|high:float64|low:float64|close:float64|pct_chg:float64|pre_close_est:float64,model:lgbm,,0.010403816739756289,0.010403816739756289,,,,0.010403816739756289,0.010403816739756289,0.010403816739756289,0.010403816739756289,0.010403816739756289,0,0,,,0,0,False,,,,/home/runner/work/top10-decision/top10-decision/models/eret_meta.json,87,,87,,/home/runner/work/top10-decision/top10-decision/outputs/learning/learning_acceptance_latest.json,False,20260728,26,0,0,,0,,0,,0,,0,0.0,0.0,0,0.0,0.0,-0.0026412798260038624,0.01344653364368836,0.01023992190103264,0.0030386991171197386,-0.0026412798260038624,0.01344653364368836,0.01023992190103264,0.0030386991171197386,0,0.0,2,0.043478260869565216,44,0.9565217391304348,rule,model_rejected_by_learning_acceptance:selected_model_pass_false,CAUTION,0.0002,0.0005,0.00060723,0.00023999999999999998,0.0,0.0004,0.0,0.00194723,0.00194723,0.0,0.005,0.0045,0.0,0.005852425,0.006,0.0,0.0,0.0,0.0,0.0,0.003443608107903568,0.0,0.00074142,0.0,0.0,0.0,0.0012499481818181817,0.0,0.0019913681818181815,0.0019913681818181815,0.005,0.007412359886363636,0.0013499999999999999,0.013762359886363637,0.013762359886363637,0.0,0.0,0.0,0.0,0.0,0.017205967994267206,0.017205967994267206,-0.009648119650680693,0.0,0.0,0.0,0.0,0.0,0.0,0.0,-0.009648119650680693,v2_net_trade_contract_no_double_count,-0.009648119650680693,pred_plus_fs,,,,,,,,,,1,2026-07-30 23:24:05+0800
20260730,20260731,22,600702.SH,舍得酒业,1→2,-0.022,0.001925,-0.023925,0.1321685127139196,0.1321685127139196,0.1321685127139196,0.1321685127139196,True,calibrated_probability,valid,contract=valid; ordered feature contract validated; prediction=ok,step5_core_features_v1,hgb,0.1450045750051115,0.1321685127139196,0.1155757119466503,0.5969297341407203,60.984826,0.1736599148755986,白酒Ⅱ,0.203921,0.2278460658901744,0.203921,1,ok,,0.721549,0.103929,0,0.103929,0.0,0.480355,0.0,0.41830985915493,1.0,低,健康涨停,0.48,0.48,0.888,neutral,52,0.0,0,30545656472,1,aa3b93484f894702ee624f25f6dff236d97ccf1e,2026-07-30T13:11:04Z,1.0,1→2,0.78,0.035,0.16,limit_list_d,1/1,0.2278460658901744,True,0.1321685127139196,22,20260731,,600702,白酒Ⅱ,四川,主板,19960524,33.9,37.49,33.9,37.49,10.0059,34.07999025506814,10.0059,0.1053404057081889,0.1053404057081889,-0.0052814057081889,141929.17,522266.237,4.2756,6.1373,1.8,1.915861928482273e-05,0.0468874828221746,0.0414578319107919,0.036651251880357,0.0512783932771377,0.0175428289072754,-0.0922519509476031,0.1464460317352356,0.1137849079025552,0.0961988304093566,0.089825581395349,0.0957588690317418,0.1053404057081889,1245008.7841,,,,363460.14,54670.27,172295.31,191164.83,,2.0,7.0,1.0,7.0,2.0,0.0,,,,,,0.0,,46100,33.9,1562790.0,0.8143347312237895,,U,1.0,116826375.0,116826375.0,94211.0,94541.0,1.0,ok,,1min,241.0,09:43:00,15:00:00,2.0,0.0,2.8274,0.0,,0.026548,0.0,31.0,0.0,48.0355,70.9106,70.0,8.25,8.25,0.0,neutral_limitup,0.8143347312237895,1562790.0,,,,,,37.49,30.67,1.0,7.0,2.0,0.0,1.0,0.0,1.913248847325788,MAIN,10.0,1,eligible_limit_le_10:10.00%:derived:up_limit/pre_close:tick_normalized,a_share_price_limit_le_10_v2,20260730,20260731,20260803,CAUTION,,0.4025469067179105,0.98,0.8784139540482048,0.8784139540482048,True,lgbm,/home/runner/work/top10-decision/top10-decision/models/pfill_lgbm.joblib,meta_feature_contract,/home/runner/work/top10-decision/top10-decision/models/pfill_meta.json,97,,97,market_regime,/home/runner/work/top10-decision/top10-decision/outputs/learning/learning_acceptance_latest.json,True,20260729,31,97,7,open_times_t1__is_missing|prior_strength_score__is_missing|prior_theme_boost__is_missing|prior_prob_prior|seal_amount_t1__is_missing|limit_type_t1__is_missing|prior_prob_prior__is_missing,92,trade_date|verify_date|ts_code|name|晋阶|stage_bonus|stage_risk_penalty|stage_adjustment,0,,97,rank:int64|list_date:int64|open:float64|high:float64|low:float64|close:float64|pct_chg:float64|pre_close_est:float64,model:lgbm,,0.010290137524444696,0.010290137524444696,,,,0.010290137524444696,0.010290137524444696,0.010290137524444696,0.010290137524444696,0.010290137524444696,0,0,,,0,0,False,,,,/home/runner/work/top10-decision/top10-decision/models/eret_meta.json,87,,87,,/home/runner/work/top10-decision/top10-decision/outputs/learning/learning_acceptance_latest.json,False,20260728,26,0,0,,0,,0,,0,,0,0.0,0.0,0,0.0,0.0,-0.0026412798260038624,0.01344653364368836,0.01023992190103264,0.0030386991171197386,-0.0026412798260038624,0.01344653364368836,0.01023992190103264,0.0030386991171197386,0,0.0,2,0.043478260869565216,44,0.9565217391304348,rule,model_rejected_by_learning_acceptance:selected_model_pass_false,CAUTION,0.0002,0.0005,0.00013035399999999998,0.00011999999999999999,0.0,0.0004,0.0,0.001350354,0.001350354,0.0,0.005,0.002,0.0,0.00516435,0.006,0.0,0.0,0.0,0.0,0.0,0.0033687946425535018,0.0,0.000623574,0.0,0.0,0.0,0.0022159227272727272,0.0017804097311139545,0.004619906458386682,0.004619906458386682,0.005,0.009005322343790012,0.0006,0.01460532234379001,0.01460532234379001,0.0,0.0,0.0,0.0,0.0,0.017974116986343512,0.017974116986343512,-0.010285470595796242,0.0,0.0,0.0,0.0,0.0,0.0,0.0,-0.010285470595796242,v2_net_trade_contract_no_double_count,-0.010285470595796242,pred_plus_fs,,,,,,,,,,1,2026-07-30 23:24:05+0800
20260730,20260731,6,603221.SH,爱丽家居,8→9,-0.028,0.0088,-0.0368,0.1664416712074871,0.1664416712074871,0.1664416712074871,0.1664416712074871,True,calibrated_probability,valid,contract=valid; ordered feature contract validated; prediction=ok,step5_core_features_v1,hgb,0.1745365061666113,0.1664416712074871,0.2033327525587002,0.5683928716686354,59.713846,0.0164,家居用品,0.200398,0.2371984003067795,0.200398,1,ok,,0.858,0.07,0,0.07,0.0,0.65,0.0,1.0,1.0,低,健康涨停,0.48,0.48,0.888,neutral,52,0.0,0,30545656472,1,aa3b93484f894702ee624f25f6dff236d97ccf1e,2026-07-30T13:11:04Z,8.0,8→9,0.72,0.16,0.35,limit_list_d,8/8,0.2371984003067795,True,0.1664416712074871,6,20260731,,603221,家居用品,江苏,主板,20200323,20.49,20.49,20.49,20.49,9.9839,18.629999481742328,9.9839,0.0,0.0,0.0998389999999999,33119.51,67861.876,1.367,5.1176,4.55,0.0001471208959799,0.0001068941198273,0.0692772805362142,0.0632134924389714,0.0841666294942974,0.0243758355287883,-0.2066390041493776,0.2942283321171374,0.2095631641086184,0.6095836606441476,0.8409703504043125,0.0,0.0,496411.23,,,,363460.14,54670.27,172295.31,191164.83,,,,0.0,,,0.0,-200.0,0.0,200.0,4964112300.0,200.0,0.0,,1076900,20.49,22065681.0,0.9817003431185666,,U,0.0,307037507.0,307037507.0,92503.0,92503.0,1.0,ok,,1min,241.0,09:30:00,15:00:00,1.0,0.0,0.0,0.0,,0.155751,0.0,31.0,0.0,65.0,76.0,70.0,8.25,8.25,0.0,healthy_limitup,0.9817003431185666,22065681.0,,,,,,20.49,16.77,0.0,,,0.0,1.0,0.0,2.429042834749717,MAIN,10.0,1,eligible_limit_le_10:10.00%:derived:up_limit/pre_close:tick_normalized,a_share_price_limit_le_10_v2,20260730,20260731,20260803,CAUTION,,0.2500864665,0.03461182815321397,0.5410497524508188,0.5410497524508188,True,lgbm,/home/runner/work/top10-decision/top10-decision/models/pfill_lgbm.joblib,meta_feature_contract,/home/runner/work/top10-decision/top10-decision/models/pfill_meta.json,97,,97,market_regime,/home/runner/work/top10-decision/top10-decision/outputs/learning/learning_acceptance_latest.json,True,20260729,31,97,7,open_times_t1__is_missing|prior_strength_score__is_missing|prior_theme_boost__is_missing|prior_prob_prior|seal_amount_t1__is_missing|limit_type_t1__is_missing|prior_prob_prior__is_missing,92,trade_date|verify_date|ts_code|name|晋阶|stage_bonus|stage_risk_penalty|stage_adjustment,0,,97,rank:int64|list_date:int64|open:float64|high:float64|low:float64|close:float64|pct_chg:float64|pre_close_est:float64,model:lgbm,,0.01260617163622461,0.01260617163622461,,,,0.01260617163622461,0.01260617163622461,0.01260617163622461,0.01260617163622461,0.01260617163622461,0,0,,,0,0,False,,,,/home/runner/work/top10-decision/top10-decision/models/eret_meta.json,87,,87,,/home/runner/work/top10-decision/top10-decision/outputs/learning/learning_acceptance_latest.json,False,20260728,26,0,0,,0,,0,,0,,0,0.0,0.0,0,0.0,0.0,-0.0026412798260038624,0.01344653364368836,0.01023992190103264,0.0030386991171197386,-0.0026412798260038624,0.01344653364368836,0.01023992190103264,0.0030386991171197386,0,0.0,2,0.043478260869565216,44,0.9565217391304348,rule,model_rejected_by_learning_acceptance:selected_model_pass_false,CAUTION,0.0002,0.0005,0.00099495,0.0,0.0,0.0004,0.0,0.00209495,0.00209495,0.0,0.0,0.0,0.0,0.01,0.006,0.0,0.0,0.0,0.0,0.0,0.006,0.0,0.00042000000000000007,0.0,0.0,0.0,0.0011363636363636363,0.0,0.0015563636363636363,0.0015563636363636363,0.0,0.009367272727272728,0.0,0.009367272727272728,0.009367272727272728,0.0,0.0,0.0,0.0,0.0,0.015367272727272728,0.015367272727272728,-0.010641656684140868,0.0,0.0,0.0,0.0,0.0,0.0,0.0,-0.010641656684140868,v2_net_trade_contract_no_double_count,-0.010641656684140868,pred_plus_fs,,,,,,,,,,1,2026-07-30 23:24:05+0800
20260730,20260731,1,600418.SH,江淮汽车,1→2,-0.022,0.001925,-0.023925,0.2207057133553271,0.2207057133553271,0.2207057133553271,0.2207057133553271,True,calibrated_probability,valid,contract=valid; ordered feature contract validated; prediction=ok,step5_core_features_v1,hgb,0.1560869549006475,0.2207057133553271,0.1694013421816483,0.5567393788814802,59.046463,0.0164,商用车,0.249923,0.2738484638102675,0.249923,1,ok,,0.758477,0.0823,0,0.0823002,0.0,0.588499,0.0,0.455412719891746,1.0,低,健康涨停,0.48,0.48,0.888,neutral,52,0.0,0,30545656472,1,aa3b93484f894702ee624f25f6dff236d97ccf1e,2026-07-30T13:11:04Z,1.0,1→2,0.78,0.035,0.16,limit_list_d,1/1,0.2738484638102675,True,0.2207057133553271,1,20260731,,600418,商用车,安徽,主板,20010824,22.19,24.39,22.0,24.39,10.0135,22.170006408304435,10.0135,0.1078033066830668,0.0992331693316933,0.0009018306683067,767682.19,1807543.036,3.515,4.8978,1.1,5.539840435644266e-06,0.0507071936691018,0.0485297438454697,0.0510087700543779,0.0685770166159897,0.0271909168317913,-0.2500954562810232,0.3282951431671925,0.1636450381679388,0.1742898411169957,0.0618197649107532,0.0979909799097991,0.1078033066830668,5497940.6298,,,,363460.14,54670.27,172295.31,191164.83,,,,0.0,,,0.0,-392845366.49,-6.59,33.76,53267998802.49,33.76,0.0,,811700,22.19,18011623.0,0.9769983479476426,,U,1.0,195056586.0,195056586.0,95922.0,95958.0,1.0,ok,,1min,241.0,10:00:00,15:00:00,1.0,0.0,1.025,0.0,,0.01644,0.0,31.0,0.0,58.8499,74.155,70.0,8.25,8.25,0.0,neutral_limitup,0.9769983479476426,18011623.0,,,,,,24.39,19.95,0.0,,,0.0,1.0,0.0,1.7725648452911713,MAIN,10.0,1,eligible_limit_le_10:10.00%:derived:up_limit/pre_close:tick_normalized,a_share_price_limit_le_10_v2,20260730,20260731,20260803,CAUTION,,0.36513634642577164,0.98,0.8676387464579072,0.8676387464579072,True,lgbm,/home/runner/work/top10-decision/top10-decision/models/pfill_lgbm.joblib,meta_feature_contract,/home/runner/work/top10-decision/top10-decision/models/pfill_meta.json,97,,97,market_regime,/home/runner/work/top10-decision/top10-decision/outputs/learning/learning_acceptance_latest.json,True,20260729,31,97,7,open_times_t1__is_missing|prior_strength_score__is_missing|prior_theme_boost__is_missing|prior_prob_prior|seal_amount_t1__is_missing|limit_type_t1__is_missing|prior_prob_prior__is_missing,92,trade_date|verify_date|ts_code|name|晋阶|stage_bonus|stage_risk_penalty|stage_adjustment,0,,97,rank:int64|list_date:int64|open:float64|high:float64|low:float64|close:float64|pct_chg:float64|pre_close_est:float64,model:lgbm,,0.013091543029415823,0.013091543029415823,,,,0.013091543029415823,0.013091543029415823,0.013091543029415823,0.013091543029415823,0.013091543029415823,0,0,,,0,0,False,,,,/home/runner/work/top10-decision/top10-decision/models/eret_meta.json,87,,87,,/home/runner/work/top10-decision/top10-decision/outputs/learning/learning_acceptance_latest.json,False,20260728,26,0,0,,0,,0,,0,,0,0.0,0.0,0,0.0,0.0,-0.0026412798260038624,0.01344653364368836,0.01023992190103264,0.0030386991171197386,-0.0026412798260038624,0.01344653364368836,0.01023992190103264,0.0030386991171197386,0,0.0,2,0.043478260869565216,44,0.9565217391304348,rule,model_rejected_by_learning_acceptance:selected_model_pass_false,CAUTION,0.0002,0.0005,0.00067275,0.00011999999999999999,0.0,0.0004,0.0,0.00189275,0.00189275,0.0,0.005,0.002,0.0,0.006780625,0.006,0.0,0.0,0.0,0.0,0.0,0.006,0.0,0.0004938012,0.0,0.0,0.0,0.0015277336363636364,0.0016117603641284278,0.0036332952004920643,0.0036332952004920643,0.005,0.009154315150369048,0.0006,0.014754315150369048,0.014754315150369048,0.0,0.0,0.0,0.0,0.0,0.020754315150369046,0.020754315150369046,-0.01128833516712695,0.0,0.0,0.0,0.0,0.0,0.0,0.0,-0.01128833516712695,v2_net_trade_contract_no_double_count,-0.01128833516712695,pred_plus_fs,,,,,,,,,,1,2026-07-30 23:24:05+0800
20260730,20260731,28,001309.SZ,德明利,1→2,-0.022,0.001925,-0.023925,0.1231571884912699,0.1231571884912699,0.1231571884912699,0.1231571884912699,True,calibrated_probability,valid,contract=valid; ordered feature contract validated; prediction=ok,step5_core_features_v1,hgb,0.3293207202594178,0.1231571884912699,0.1699813354757288,0.6701445674707242,67.83678,0.0164,半导体,0.19922,0.2231451304054274,0.19922,1,ok,,0.731839,0.119674,0,0.154575,0.0,0.651631,1.0,0.5303767838005523,1.0,低,健康涨停,0.48,0.48,0.888,neutral,52,0.0,0,30545656472,1,aa3b93484f894702ee624f25f6dff236d97ccf1e,2026-07-30T13:11:04Z,1.0,1→2,0.78,0.035,0.16,limit_list_d,1/1,0.2231451304054274,True,0.1231571884912699,28,20260731,,1309,半导体,深圳,主板,20220701,359.33,390.04,352.0,390.04,10.0006,354.579884109723,10.0006,0.1072818896523434,0.0866095381499334,0.0133964618500666,306387.35,11365746.0765,18.5656,21.1044,1.31,8.798894443610175e-07,0.0708146029292176,0.0682582575494258,0.069673312391353,0.1019259455805499,0.0279401467935516,-0.6207700534759358,0.7183835126608404,0.07912793271359,-0.1033563218390803,-0.3457461084272678,0.0975284586196288,0.1072818896523434,8847889.6828,,,,363460.14,54670.27,172295.31,191164.83,,,,0.0,,,0.0,-705911602.65,-6.21,28.19,64368205250.16,28.19,0.0,,352000,359.33,126484160.0,0.9987291904943448,,U,1.0,715633690.0,715633690.0,132233.0,134430.0,1.0,ok,,1min,241.0,13:23:00,15:00:00,2.0,1.0,2.5228,1.0,7.0,0.020244,0.0,31.0,0.0,65.1631,67.3189,50.6,20.61,20.61,0.0,neutral_limitup,0.9987291904943448,126484160.0,,,,,,390.04,319.12,0.0,,,0.0,1.0,0.0,2.5,MAIN,10.0,1,eligible_limit_le_10:10.00%:derived:up_limit/pre_close:tick_normalized,a_share_price_limit_le_10_v2,20260730,20260731,20260803,CAUTION,,0.2844279203573597,0.98,0.8344699278034914,0.8344699278034914,True,lgbm,/home/runner/work/top10-decision/top10-decision/models/pfill_lgbm.joblib,meta_feature_contract,/home/runner/work/top10-decision/top10-decision/models/pfill_meta.json,97,,97,market_regime,/home/runner/work/top10-decision/top10-decision/outputs/learning/learning_acceptance_latest.json,True,20260729,31,97,7,open_times_t1__is_missing|prior_strength_score__is_missing|prior_theme_boost__is_missing|prior_prob_prior|seal_amount_t1__is_missing|limit_type_t1__is_missing|prior_prob_prior__is_missing,92,trade_date|verify_date|ts_code|name|晋阶|stage_bonus|stage_risk_penalty|stage_adjustment,0,,97,rank:int64|list_date:int64|open:float64|high:float64|low:float64|close:float64|pct_chg:float64|pre_close_est:float64,model:lgbm,,0.009968990856873458,0.009968990856873458,,,,0.009968990856873458,0.009968990856873458,0.009968990856873458,0.009968990856873458,0.009968990856873458,0,0,,,0,0,False,,,,/home/runner/work/top10-decision/top10-decision/models/eret_meta.json,87,,87,,/home/runner/work/top10-decision/top10-decision/outputs/learning/learning_acceptance_latest.json,False,20260728,26,0,0,,0,,0,,0,,0,0.0,0.0,0,0.0,0.0,-0.0026412798260038624,0.01344653364368836,0.01023992190103264,0.0030386991171197386,-0.0026412798260038624,0.01344653364368836,0.01023992190103264,0.0030386991171197386,0,0.0,2,0.043478260869565216,44,0.9565217391304348,rule,model_rejected_by_learning_acceptance:selected_model_pass_false,CAUTION,0.0002,0.0005,0.00042828,0.00011999999999999999,0.0,0.0004,0.0,0.0016482799999999998,0.0016482799999999998,0.0,0.005,0.002,0.0,0.0,0.006,0.0011885333333333332,0.0,0.0,0.0,0.0,0.006,0.0,0.0009274499999999999,0.0,0.0,0.0,0.0011259845454545457,0.0012710146190883986,0.003324449164542944,0.003324449164542944,0.005,0.005193336873407208,0.0006,0.010793336873407208,0.010793336873407208,0.0011885333333333332,0.0,0.0011885333333333332,0.0011885333333333332,0.0,0.01798187020674054,0.01798187020674054,-0.011311327126131678,0.0,0.0,0.0,0.0,0.0,0.0,0.0,-0.011311327126131678,v2_net_trade_contract_no_double_count,-0.011311327126131678,pred_plus_fs,,,,,,,,,,1,2026-07-30 23:24:05+0800
20260730,20260731,33,605179.SH,一鸣食品,3→4,0.01,0.0,0.01,0.1193505767669632,0.1193505767669632,0.1193505767669632,0.1193505767669632,True,calibrated_probability,valid,contract=valid; ordered feature contract validated; prediction=ok,step5_core_features_v1,hgb,0.1376985313974577,0.1193505767669632,0.1194473459728088,0.5467435459711412,55.344615,0.01,饮料乳品,0.205004,0.195003864506105,0.205004,1,ok,,0.858,0.07,0,0.07,0.0,0.65,0.0,1.0,1.0,低,健康涨停,0.48,0.48,0.888,neutral,52,0.0,0,30545656472,1,aa3b93484f894702ee624f25f6dff236d97ccf1e,2026-07-30T13:11:04Z,3.0,3→4,1.1,0.0,0.43,limit_list_d,3/3,0.195003864506105,True,0.1193505767669632,33,20260731,,605179,饮料乳品,浙江,主板,20201228,17.61,17.61,17.61,17.61,9.9938,16.009993290530918,9.9938,0.0,0.0,0.0999380000000001,27845.0,49035.045,0.6944,3.3344,0.4,0.0002038093367712,0.0635421590142045,0.066017475671846,0.0501749953345933,0.0744862479078033,0.0240027269412222,-0.1719745222929936,0.2461522445688092,0.2103092783505153,0.276086956521739,0.2605583392984967,0.0,0.0,706161.0,,,,363460.14,54670.27,172295.31,191164.83,,,,0.0,,,0.0,,,,,,0.0,,838300,17.61,14762463.0,0.9717880289744568,,U,0.0,159020061.0,159020061.0,92501.0,92501.0,1.0,ok,,1min,241.0,09:30:00,15:00:00,1.0,0.0,0.0,0.0,,0.138984,0.0,31.0,0.0,65.0,76.0,70.0,8.25,8.25,0.0,healthy_limitup,0.9717880289744568,14762463.0,,,,,,17.61,14.41,0.0,,,0.0,1.0,0.0,2.2222087406197994,MAIN,10.0,1,eligible_limit_le_10:10.00%:derived:up_limit/pre_close:tick_normalized,a_share_price_limit_le_10_v2,20260730,20260731,20260803,CAUTION,,0.32073218949999993,0.02,0.5221071502835612,0.5221071502835612,True,lgbm,/home/runner/work/top10-decision/top10-decision/models/pfill_lgbm.joblib,meta_feature_contract,/home/runner/work/top10-decision/top10-decision/models/pfill_meta.json,97,,97,market_regime,/home/runner/work/top10-decision/top10-decision/outputs/learning/learning_acceptance_latest.json,True,20260729,31,97,7,open_times_t1__is_missing|prior_strength_score__is_missing|prior_theme_boost__is_missing|prior_prob_prior|seal_amount_t1__is_missing|limit_type_t1__is_missing|prior_prob_prior__is_missing,92,trade_date|verify_date|ts_code|name|晋阶|stage_bonus|stage_risk_penalty|stage_adjustment,0,,97,rank:int64|list_date:int64|open:float64|high:float64|low:float64|close:float64|pct_chg:float64|pre_close_est:float64,model:lgbm,,0.011174238803008895,0.011174238803008895,,,,0.011174238803008895,0.011174238803008895,0.011174238803008895,0.011174238803008895,0.011174238803008895,0,0,,,0,0,False,,,,/home/runner/work/top10-decision/top10-decision/models/eret_meta.json,87,,87,,/home/runner/work/top10-decision/top10-decision/outputs/learning/learning_acceptance_latest.json,False,20260728,26,0,0,,0,,0,,0,,0,0.0,0.0,0,0.0,0.0,-0.0026412798260038624,0.01344653364368836,0.01023992190103264,0.0030386991171197386,-0.0026412798260038624,0.01344653364368836,0.01023992190103264,0.0030386991171197386,0,0.0,2,0.043478260869565216,44,0.9565217391304348,rule,model_rejected_by_learning_acceptance:selected_model_pass_false,CAUTION,0.0002,0.0005,0.00109584,0.0,0.0,0.0004,0.0,0.00219584,0.00219584,0.0,0.0,0.0,0.0,0.01,0.006,0.0,0.0,0.0,0.0,0.0,0.006,0.0,0.00042000000000000007,0.0,0.0,0.0,0.0011363636363636363,0.0,0.0015563636363636363,0.0015563636363636363,0.0,0.009367272727272728,0.0,0.009367272727272728,0.009367272727272728,0.0,0.0,0.0,0.0,0.0,0.015367272727272728,0.015367272727272728,-0.011728962749245762,0.0,0.0,0.0,0.0,0.0,0.0,0.0,-0.011728962749245762,v2_net_trade_contract_no_double_count,-0.011728962749245762,pred_plus_fs,,,,,,,,,,1,2026-07-30 23:24:05+0800
20260730,20260731,29,605068.SH,明新旭腾,4→5,0.01,0.000275,0.009725,0.1223902486253838,0.1223902486253838,0.1223902486253838,0.1223902486253838,True,calibrated_probability,valid,contract=valid; ordered feature contract validated; prediction=ok,step5_core_features_v1,hgb,0.1129336587599844,0.1223902486253838,0.1234895000523213,0.6762198830572338,52.177552,0.8363999999999999,汽车零部件,0.264092,0.2543667395762302,0.264092,1,ok,,0.833493,0.086901,0,0.0869014,0.0,0.565493,0.0,1.0,1.0,低,健康涨停,0.48,0.48,0.888,neutral,52,0.0,0,30545656472,1,aa3b93484f894702ee624f25f6dff236d97ccf1e,2026-07-30T13:11:04Z,4.0,4→5,1.1,0.005,0.515,limit_list_d,4/4,0.2543667395762302,True,0.1223902486253838,29,20260731,,605068,汽车零部件,浙江,主板,20201123,20.59,20.59,20.3,20.59,9.9893,18.720002763905217,9.9893,0.0154914507042253,0.0,0.0998929999999999,59514.0,122509.99,3.6692,10.5815,1.66,8.153865656180365e-05,0.0439693594715647,0.0627304057772971,0.0604737655933866,0.0787144222485007,0.0248804739013924,-0.283097854526426,0.368452094021205,0.209753231492362,0.4499999999999999,0.3181818181818183,0.0140845070422534,0.0154914507042253,333966.7115,,,,363460.14,54670.27,172295.31,191164.83,,6.0,1.0,1.0,1.0,6.0,0.0,13205527.0,5.81,53.49,3339667012.05,53.49,0.0,,1135000,20.59,23369650.0,0.9829711526242216,,U,1.0,44192317.0,44192317.0,93006.0,93015.0,1.0,ok,,1min,241.0,09:30:00,15:00:00,1.0,0.0,1.4085,0.0,,0.04325,0.0,31.0,0.0,56.5493,73.4648,70.0,8.25,8.25,0.0,neutral_limitup,0.9829711526242216,23369650.0,,,,,,20.59,16.85,1.0,1.0,6.0,0.0,1.0,0.0,1.8117527061924656,MAIN,10.0,1,eligible_limit_le_10:10.00%:derived:up_limit/pre_close:tick_normalized,a_share_price_limit_le_10_v2,20260730,20260731,20260803,CAUTION,,0.44856537316828965,0.15915894520625615,0.6745671759216257,0.6745671759216257,True,lgbm,/home/runner/work/top10-decision/top10-decision/models/pfill_lgbm.joblib,meta_feature_contract,/home/runner/work/top10-decision/top10-decision/models/pfill_meta.json,97,,97,market_regime,/home/runner/work/top10-decision/top10-decision/outputs/learning/learning_acceptance_latest.json,True,20260729,31,97,7,open_times_t1__is_missing|prior_strength_score__is_missing|prior_theme_boost__is_missing|prior_prob_prior|seal_amount_t1__is_missing|limit_type_t1__is_missing|prior_prob_prior__is_missing,92,trade_date|verify_date|ts_code|name|晋阶|stage_bonus|stage_risk_penalty|stage_adjustment,0,,97,rank:int64|list_date:int64|open:float64|high:float64|low:float64|close:float64|pct_chg:float64|pre_close_est:float64,model:lgbm,,0.013251882802488492,0.013251882802488492,,,,0.013251882802488492,0.013251882802488492,0.013251882802488492,0.013251882802488492,0.013251882802488492,0,0,,,0,0,False,,,,/home/runner/work/top10-decision/top10-decision/models/eret_meta.json,87,,87,,/home/runner/work/top10-decision/top10-decision/outputs/learning/learning_acceptance_latest.json,False,20260728,26,0,0,,0,,0,,0,,0,0.0,0.0,0,0.0,0.0,-0.0026412798260038624,0.01344653364368836,0.01023992190103264,0.0030386991171197386,-0.0026412798260038624,0.01344653364368836,0.01023992190103264,0.0030386991171197386,0,0.0,2,0.043478260869565216,44,0.9565217391304348,rule,model_rejected_by_learning_acceptance:selected_model_pass_false,CAUTION,0.0002,0.0005,0.00064962,0.00011999999999999999,0.0,0.0004,0.0,0.0018696199999999998,0.0018696199999999998,0.0,0.005,0.002,0.0,0.00645295,0.006,0.0,0.0,0.0,0.0,0.0,0.006,0.0,0.0005214084,0.0,0.0,0.0,0.0016741354545454544,0.0,0.0021955438545454547,0.0021955438545454547,0.005,0.007895780390909091,0.0006,0.013495780390909092,0.013495780390909092,0.0,0.0,0.0,0.0,0.0,0.019495780390909094,0.019495780390909094,-0.012426115233190073,0.0,0.0,0.0,0.0,0.0,0.0,0.0,-0.012426115233190073,v2_net_trade_contract_no_double_count,-0.012426115233190073,pred_plus_fs,,,,,,,,,,1,2026-07-30 23:24:05+0800
20260730,20260731,37,600712.SH,南宁百货,1→2,-0.022,0.001925,-0.023925,0.1140410227513927,0.1140410227513927,0.1140410227513927,0.1140410227513927,True,calibrated_probability,valid,contract=valid; ordered feature contract validated; prediction=ok,step5_core_features_v1,hgb,0.1269928283094702,0.1140410227513927,0.1042103323629692,0.5571693111668086,58.916326,0.0164,一般零售,0.174998,0.1989229063875134,0.174998,1,ok,,0.738124,0.090571,0,0.0905714,0.0,0.547143,0.0,0.3996855345911961,1.0,低,健康涨停,0.48,0.48,0.888,neutral,52,0.0,0,30545656472,1,aa3b93484f894702ee624f25f6dff236d97ccf1e,2026-07-30T13:11:04Z,1.0,1→2,0.78,0.035,0.16,limit_list_d,1/1,0.1989229063875134,True,0.1140410227513927,37,20260731,,600712,一般零售,广西,主板,19960626,4.73,5.25,4.72,5.25,10.0629,4.769999700171447,10.0629,0.1111111180952381,0.1090146819047618,-0.0083856819047618,200408.0,103381.08,3.7206,5.2334,2.67,9.733792682374764e-05,0.0456593282944119,0.0418695893991754,0.0362427371619522,0.0555756596171812,0.0124870186143682,-0.1333333333333333,0.1820630891096538,0.1339092872570195,0.1363636363636362,0.0758196721311474,0.100952380952381,0.1111111180952381,285944.085,,,,363460.14,54670.27,172295.31,191164.83,,,,0.0,,,0.0,19011879.0,18.39,76.11,2827903947.75,76.11,0.0,,227100,4.73,1074183.0,0.7678231033168128,,U,1.0,31490025.0,31490025.0,93908.0,93947.0,1.0,ok,,1min,241.0,09:40:00,15:00:00,1.0,0.0,1.7143,0.0,,0.037573,0.0,31.0,0.0,54.7143,72.9143,70.0,8.25,8.25,0.0,neutral_limitup,0.7678231033168128,1074183.0,,,,,,5.25,4.29,0.0,,,0.0,1.0,0.0,1.5440029940457387,MAIN,10.0,1,eligible_limit_le_10:10.00%:derived:up_limit/pre_close:tick_normalized,a_share_price_limit_le_10_v2,20260730,20260731,20260803,CAUTION,,0.4452088955533682,0.98,0.8962997928709467,0.8962997928709467,True,lgbm,/home/runner/work/top10-decision/top10-decision/models/pfill_lgbm.joblib,meta_feature_contract,/home/runner/work/top10-decision/top10-decision/models/pfill_meta.json,97,,97,market_regime,/home/runner/work/top10-decision/top10-decision/outputs/learning/learning_acceptance_latest.json,True,20260729,31,97,7,open_times_t1__is_missing|prior_strength_score__is_missing|prior_theme_boost__is_missing|prior_prob_prior|seal_amount_t1__is_missing|limit_type_t1__is_missing|prior_prob_prior__is_missing,92,trade_date|verify_date|ts_code|name|晋阶|stage_bonus|stage_risk_penalty|stage_adjustment,0,,97,rank:int64|list_date:int64|open:float64|high:float64|low:float64|close:float64|pct_chg:float64|pre_close_est:float64,model:lgbm,,0.00959753058635546,0.00959753058635546,,,,0.00959753058635546,0.00959753058635546,0.00959753058635546,0.00959753058635546,0.00959753058635546,0,0,,,0,0,False,,,,/home/runner/work/top10-decision/top10-decision/models/eret_meta.json,87,,87,,/home/runner/work/top10-decision/top10-decision/outputs/learning/learning_acceptance_latest.json,False,20260728,26,0,0,,0,,0,,0,,0,0.0,0.0,0,0.0,0.0,-0.0026412798260038624,0.01344653364368836,0.01023992190103264,0.0030386991171197386,-0.0026412798260038624,0.01344653364368836,0.01023992190103264,0.0030386991171197386,0,0.0,2,0.043478260869565216,44,0.9565217391304348,rule,model_rejected_by_learning_acceptance:selected_model_pass_false,CAUTION,0.0002,0.0005,0.00064191,0.00011999999999999999,0.0,0.0004,0.0,0.00186191,0.00186191,0.0,0.005,0.002,0.0,0.006343725,0.006,0.0,0.0,0.0,0.0,0.0,0.004370524381209014,0.0,0.0005434284,0.0,0.0,0.0,0.0017909081818181815,0.0018650657518581996,0.004199402333676381,0.004199402333676381,0.005,0.009338600500257286,0.0006,0.014938600500257287,0.014938600500257287,0.0,0.0,0.0,0.0,0.0,0.0193091248814663,0.0193091248814663,-0.012568770204843325,0.0,0.0,0.0,0.0,0.0,0.0,0.0,-0.012568770204843325,v2_net_trade_contract_no_double_count,-0.012568770204843325,pred_plus_fs,,,,,,,,,,1,2026-07-30 23:24:05+0800
20260730,20260731,36,603813.SH,原尚股份,1→2,-0.022,0.001925,-0.023925,0.1149874083409331,0.1149874083409331,0.1149874083409331,0.1149874083409331,True,calibrated_probability,valid,contract=valid; ordered feature contract validated; prediction=ok,step5_core_features_v1,hgb,0.117265628072185,0.1149874083409331,0.1075586713977198,0.5204531998992046,48.833562,0.01,物流,0.155003,0.178927540607884,0.155003,1,ok,,0.664755,0.087721,0,0.087721,0.0,0.561396,0.0,0.0,1.0,低,健康涨停,0.48,0.48,0.888,neutral,52,0.0,0,30545656472,1,aa3b93484f894702ee624f25f6dff236d97ccf1e,2026-07-30T13:11:04Z,1.0,1→2,0.78,0.035,0.16,limit_list_d,1/1,0.178927540607884,True,0.1149874083409331,36,20260731,,603813,物流,广东,主板,20170918,28.53,31.15,28.04,31.15,9.9929,28.32000974608361,9.9929,0.109816346388443,0.0925140924558586,0.0074149075441413,10872.0,32596.973,1.0353,2.9534,1.52,0.000306559139709,0.0492752400883157,0.0522322672907444,0.0485685509623136,0.0668854033260204,0.0253579423167655,-0.2339373970345964,0.3078638903136757,0.0733976567884218,0.0686106346483705,-0.0838235294117647,0.0998394863563402,0.109816346388443,327121.725,,,,363460.14,54670.27,172295.31,191164.83,,,,0.0,,,0.0,,,,,,0.0,,0,,0.0,0.0651925276401067,,U,0.0,57552740.0,57552740.0,104359.0,104359.0,1.0,ok,,1min,241.0,10:44:00,15:00:00,1.0,0.0,1.4767,0.0,,0.006531,0.0,31.0,0.0,56.1396,67.4919,57.0,10.2,10.2,0.0,neutral_limitup,0.0651925276401067,0.0,,,,,,31.15,25.49,0.0,,,0.0,1.0,0.0,2.080422066210997,MAIN,10.0,1,eligible_limit_le_10:10.00%:derived:up_limit/pre_close:tick_normalized,a_share_price_limit_le_10_v2,20260730,20260731,20260803,CAUTION,,0.353080843625608,0.98,0.8450955441923835,0.8450955441923835,True,lgbm,/home/runner/work/top10-decision/top10-decision/models/pfill_lgbm.joblib,meta_feature_contract,/home/runner/work/top10-decision/top10-decision/models/pfill_meta.json,97,,97,market_regime,/home/runner/work/top10-decision/top10-decision/outputs/learning/learning_acceptance_latest.json,True,20260729,31,97,7,open_times_t1__is_missing|prior_strength_score__is_missing|prior_theme_boost__is_missing|prior_prob_prior|seal_amount_t1__is_missing|limit_type_t1__is_missing|prior_prob_prior__is_missing,92,trade_date|verify_date|ts_code|name|晋阶|stage_bonus|stage_risk_penalty|stage_adjustment,0,,97,rank:int64|list_date:int64|open:float64|high:float64|low:float64|close:float64|pct_chg:float64|pre_close_est:float64,model:lgbm,,0.009104060535471088,0.009104060535471088,,,,0.009104060535471088,0.009104060535471088,0.009104060535471088,0.009104060535471088,0.009104060535471088,0,0,,,0,0,False,,,,/home/runner/work/top10-decision/top10-decision/models/eret_meta.json,87,,87,,/home/runner/work/top10-decision/top10-decision/outputs/learning/learning_acceptance_latest.json,False,20260728,26,0,0,,0,,0,,0,,0,0.0,0.0,0,0.0,0.0,-0.0026412798260038624,0.01344653364368836,0.01023992190103264,0.0030386991171197386,-0.0026412798260038624,0.01344653364368836,0.01023992190103264,0.0030386991171197386,0,0.0,2,0.043478260869565216,44,0.9565217391304348,rule,model_rejected_by_learning_acceptance:selected_model_pass_false,CAUTION,0.0002,0.0005,0.001044705,0.0,0.0,0.0004,0.0,0.002144705,0.002144705,0.0,0.0,0.0,0.0,0.01,0.006,0.0,0.0,0.0,0.0,0.0,0.006,0.0,0.0005263259999999999,0.0,0.0,0.0,0.0017002072727272726,0.003,0.005226533272727272,0.005226533272727272,0.0,0.012119899954545455,0.0,0.012119899954545455,0.012119899954545455,0.0,0.0,0.0,0.0,0.0,0.018119899954545455,0.018119899954545455,-0.012570803961961113,0.0,0.0,0.0,0.0,0.0,0.0,0.0,-0.012570803961961113,v2_net_trade_contract_no_double_count,-0.012570803961961113,pred_plus_fs,,,,,,,,,,1,2026-07-30 23:24:05+0800
20260730,20260731,14,603185.SH,弘元绿能,1→2,-0.022,0.001925,-0.023925,0.1408323485379549,0.1408323485379549,0.1408323485379549,0.1408323485379549,True,calibrated_probability,valid,contract=valid; ordered feature contract validated; prediction=ok,step5_core_features_v1,hgb,0.1388585702541782,0.1408323485379549,0.1565923067139887,0.5511922554901535,58.873163,0.01,光伏设备,0.193173,0.2170982007457992,0.193173,1,ok,,0.749812,0.083273,0,0.083273,0.0,0.583637,0.0,0.4070508231925551,1.0,低,健康涨停,0.48,0.48,0.888,neutral,52,0.0,0,30545656472,1,aa3b93484f894702ee624f25f6dff236d97ccf1e,2026-07-30T13:11:04Z,1.0,1→2,0.78,0.035,0.16,limit_list_d,1/1,0.2170982007457992,True,0.1408323485379549,14,20260731,,603185,光伏设备,江苏,主板,20181228,13.87,15.37,13.87,15.37,10.0215,13.969996773357934,10.0215,0.1073729668184775,0.1073729668184775,-0.0071579668184775,182461.76,272395.198,2.6871,4.8895,1.63,3.679029613436872e-05,0.0465077215094918,0.0401861612614101,0.0357224474177553,0.0552603383357893,0.0180961206116919,-0.1612074502247912,0.2150260182542384,0.1243599122165324,0.0970735189150606,0.1097472924187725,0.0975927130774235,0.1073729668184775,1049889.0416,,,,363460.14,54670.27,172295.31,191164.83,,,,0.0,,,0.0,,,,,,0.0,,17300,13.87,239951.0,0.521794383021985,,U,1.0,106044008.0,106044008.0,95906.0,95918.0,1.0,ok,,1min,241.0,10:00:00,15:00:00,1.0,0.0,1.1061,0.0,,0.021369,0.0,31.0,0.0,58.3637,74.0091,70.0,8.25,8.25,0.0,neutral_limitup,0.521794383021985,239951.0,,,,,,15.37,12.57,0.0,,,0.0,1.0,0.0,1.6481819672296312,MAIN,10.0,1,eligible_limit_le_10:10.00%:derived:up_limit/pre_close:tick_normalized,a_share_price_limit_le_10_v2,20260730,20260731,20260803,CAUTION,,0.4045662444893755,0.98,0.8849717597855455,0.8849717597855455,True,lgbm,/home/runner/work/top10-decision/top10-decision/models/pfill_lgbm.joblib,meta_feature_contract,/home/runner/work/top10-decision/top10-decision/models/pfill_meta.json,97,,97,market_regime,/home/runner/work/top10-decision/top10-decision/outputs/learning/learning_acceptance_latest.json,True,20260729,31,97,7,open_times_t1__is_missing|prior_strength_score__is_missing|prior_theme_boost__is_missing|prior_prob_prior|seal_amount_t1__is_missing|limit_type_t1__is_missing|prior_prob_prior__is_missing,92,trade_date|verify_date|ts_code|name|晋阶|stage_bonus|stage_risk_penalty|stage_adjustment,0,,97,rank:int64|list_date:int64|open:float64|high:float64|low:float64|close:float64|pct_chg:float64|pre_close_est:float64,model:lgbm,,0.010584699222241915,0.010584699222241915,,,,0.010584699222241915,0.010584699222241915,0.010584699222241915,0.010584699222241915,0.010584699222241915,0,0,,,0,0,False,,,,/home/runner/work/top10-decision/top10-decision/models/eret_meta.json,87,,87,,/home/runner/work/top10-decision/top10-decision/outputs/learning/learning_acceptance_latest.json,False,20260728,26,0,0,,0,,0,,0,,0,0.0,0.0,0,0.0,0.0,-0.0026412798260038624,0.01344653364368836,0.01023992190103264,0.0030386991171197386,-0.0026412798260038624,0.01344653364368836,0.01023992190103264,0.0030386991171197386,0,0.0,2,0.043478260869565216,44,0.9565217391304348,rule,model_rejected_by_learning_acceptance:selected_model_pass_false,CAUTION,0.0002,0.0005,0.000796935,0.00011999999999999999,0.0,0.0004,0.0,0.002016935,0.002016935,0.0,0.005,0.002,0.0,0.0085399125,0.006,0.0,0.0,0.0,0.0,0.0,0.0052976067634004555,0.0,0.0004996380000000001,0.0,0.0,0.0,0.0015586736363636365,0.0018315871673065674,0.003889898803670204,0.003889898803670204,0.005,0.010314375977752654,0.0006,0.015914375977752655,0.015914375977752655,0.0,0.0,0.0,0.0,0.0,0.02121198274115311,0.02121198274115311,-0.013861757843644986,0.0,0.0,0.0,0.0,0.0,0.0,0.0,-0.013861757843644986,v2_net_trade_contract_no_double_count,-0.013861757843644986,pred_plus_fs,,,,,,,,,,1,2026-07-30 23:24:05+0800
20260730,20260731,18,603039.SH,泛微网络,1→2,-0.022,0.001925,-0.023925,0.1355136924164382,0.1355136924164382,0.1355136924164382,0.1355136924164382,True,calibrated_probability,valid,contract=valid; ordered feature contract validated; prediction=ok,step5_core_features_v1,hgb,0.1194335906680071,0.1355136924164382,0.1258728295324384,0.5317335502540057,49.942495,0.0573942950693908,软件开发,0.175235,0.1991595204660753,0.175235,1,ok,,0.577894,0.212561,0,0.3022499999999999,0.12,0.367196,1.0,0.405383123181377,1.0,低,健康涨停,0.48,0.48,0.888,neutral,52,0.0,0,30545656472,1,aa3b93484f894702ee624f25f6dff236d97ccf1e,2026-07-30T13:11:04Z,1.0,1→2,0.78,0.035,0.16,limit_list_d,1/1,0.1991595204660753,True,0.1355136924164382,18,20260731,,603039,软件开发,上海,主板,20170113,30.7,34.02,30.65,34.02,9.9903,30.930000190925927,9.9903,0.108955705761317,0.1073391522633746,-0.0074361522633745,231363.21,758642.596,7.5206,15.8746,2.96,1.3168651553016672e-05,0.0455350875643981,0.0435656655025304,0.0393003873988864,0.0554738918590919,0.022333161971589,-0.2283699484675888,0.2900034978380644,0.1362725450901805,0.1435294117647059,0.0938906752411576,0.0990593768371547,0.108955705761317,1046588.2182,,,,363460.14,54670.27,172295.31,191164.83,,2.0,9.0,1.0,9.0,2.0,0.0,,,,,,0.0,,24100,30.7,739870.0,0.713813699326471,,U,2.0,18638877.0,18638877.0,130949.0,143113.0,1.0,ok,,1min,241.0,13:10:00,15:00:00,2.0,1.0,3.8801,1.0,80.0,0.128188,0.0,30.0,12.0,36.7196,49.2159,36.0,40.3,40.3,1.0,weak_limitup,0.713813699326471,739870.0,,,,,,34.02,27.84,1.0,9.0,2.0,0.0,1.0,0.0,1.6093786093739288,MAIN,10.0,1,eligible_limit_le_10:10.00%:derived:up_limit/pre_close:tick_normalized,a_share_price_limit_le_10_v2,20260730,20260731,20260803,CAUTION,,0.5062443806400816,0.98,0.8773328357290745,0.8773328357290745,True,lgbm,/home/runner/work/top10-decision/top10-decision/models/pfill_lgbm.joblib,meta_feature_contract,/home/runner/work/top10-decision/top10-decision/models/pfill_meta.json,97,,97,market_regime,/home/runner/work/top10-decision/top10-decision/outputs/learning/learning_acceptance_latest.json,True,20260729,31,97,7,open_times_t1__is_missing|prior_strength_score__is_missing|prior_theme_boost__is_missing|prior_prob_prior|seal_amount_t1__is_missing|limit_type_t1__is_missing|prior_prob_prior__is_missing,92,trade_date|verify_date|ts_code|name|晋阶|stage_bonus|stage_risk_penalty|stage_adjustment,0,,97,rank:int64|list_date:int64|open:float64|high:float64|low:float64|close:float64|pct_chg:float64|pre_close_est:float64,model:lgbm,,0.008045955013280677,0.008045955013280677,,,,0.008045955013280677,0.008045955013280677,0.008045955013280677,0.008045955013280677,0.008045955013280677,0,0,,,0,0,False,,,,/home/runner/work/top10-decision/top10-decision/models/eret_meta.json,87,,87,,/home/runner/work/top10-decision/top10-decision/outputs/learning/learning_acceptance_latest.json,False,20260728,26,0,0,,0,,0,,0,,0,0.0,0.0,0,0.0,0.0,-0.0026412798260038624,0.01344653364368836,0.01023992190103264,0.0030386991171197386,-0.0026412798260038624,0.01344653364368836,0.01023992190103264,0.0030386991171197386,0,0.0,2,0.043478260869565216,44,0.9565217391304348,rule,model_rejected_by_learning_acceptance:selected_model_pass_false,CAUTION,0.0002,0.0005,1.6779e-05,0.00023999999999999998,0.0,0.0004,0.0,0.001356779,0.001356779,0.0,0.005,0.0045,0.0,0.0,0.006,0.0,0.0,0.0,0.0,0.0,0.006,0.0,0.0018134999999999996,0.0,0.0,0.0,0.002936025454545454,0.001839167621902832,0.006588693076448286,0.006588693076448286,0.005,0.007641519807336215,0.0013499999999999999,0.013991519807336216,0.013991519807336216,0.0,0.0,0.0,0.0,0.0,0.019991519807336218,0.019991519807336218,-0.014289318279386117,0.0,0.0,0.0,0.0,0.0,0.0,0.0,-0.014289318279386117,v2_net_trade_contract_no_double_count,-0.014289318279386117,pred_plus_fs,,,,,,,,,,1,2026-07-30 23:24:05+0800
20260730,20260731,9,603137.SH,恒尚节能,1→2,-0.022,0.001925,-0.023925,0.1473631924379487,0.1473631924379487,0.1473631924379487,0.1473631924379487,True,calibrated_probability,valid,contract=valid; ordered feature contract validated; prediction=ok,step5_core_features_v1,hgb,0.1332833247765031,0.1473631924379487,0.1258389076229113,0.5465573618550912,55.379654,0.01,装修装饰,0.190758,0.2146827734757949,0.190758,1,ok,,0.766675,0.105591,0,0.105591,0.0,0.7220449999999999,1.0,0.3618757868233326,1.0,低,健康涨停,0.48,0.48,0.888,neutral,52,0.0,0,30545656472,1,aa3b93484f894702ee624f25f6dff236d97ccf1e,2026-07-30T13:11:04Z,1.0,1→2,0.78,0.035,0.16,limit_list_d,12/23,0.2146827734757949,True,0.1473631924379487,9,20260731,,603137,装修装饰,江苏,主板,20230419,23.48,26.21,22.58,26.21,9.9874,23.83000234572324,9.9874,0.1523289820679131,0.1145614658527279,-0.0146874658527279,316522.64,814847.799,17.3026,38.0192,1.05,1.2256767475173604e-05,0.0767245303973251,0.0784675103868758,0.0838299053068361,0.1271989466022554,0.0128928720165531,-0.3428812131423757,0.439603990465765,0.0282463711259317,0.0158914728682171,-0.1822152886115443,0.1384967569629913,0.1523289820679131,479468.1793,,,,363460.14,54670.27,172295.31,191164.83,,,,0.0,,,0.0,,,,,,0.0,,450300,23.48,10573044.0,0.9604778243741264,,U,5.0,41545471.0,41545471.0,93727.0,102533.0,1.0,ok,,1min,241.0,09:38:00,15:00:00,1.0,1.0,2.6326,1.0,1.0,0.010018,0.0,31.0,0.0,72.2045,82.6614,80.0,10.7,10.7,0.0,healthy_limitup,0.9604778243741264,10573044.0,,,,,,26.21,21.45,0.0,,,0.0,1.0,0.0,1.2247207683398285,MAIN,10.0,1,eligible_limit_le_10:10.00%:derived:up_limit/pre_close:tick_normalized,a_share_price_limit_le_10_v2,20260730,20260731,20260803,CAUTION,,0.7502734423186104,0.98,0.93,0.93,True,lgbm,/home/runner/work/top10-decision/top10-decision/models/pfill_lgbm.joblib,meta_feature_contract,/home/runner/work/top10-decision/top10-decision/models/pfill_meta.json,97,,97,market_regime,/home/runner/work/top10-decision/top10-decision/outputs/learning/learning_acceptance_latest.json,True,20260729,31,97,7,open_times_t1__is_missing|prior_strength_score__is_missing|prior_theme_boost__is_missing|prior_prob_prior|seal_amount_t1__is_missing|limit_type_t1__is_missing|prior_prob_prior__is_missing,92,trade_date|verify_date|ts_code|name|晋阶|stage_bonus|stage_risk_penalty|stage_adjustment,0,,97,rank:int64|list_date:int64|open:float64|high:float64|low:float64|close:float64|pct_chg:float64|pre_close_est:float64,model:lgbm,,0.011002450827991981,0.011002450827991981,,,,0.011002450827991981,0.011002450827991981,0.011002450827991981,0.011002450827991981,0.011002450827991981,0,0,,,0,0,False,,,,/home/runner/work/top10-decision/top10-decision/models/eret_meta.json,87,,87,,/home/runner/work/top10-decision/top10-decision/outputs/learning/learning_acceptance_latest.json,False,20260728,26,0,0,,0,,0,,0,,0,0.0,0.0,0,0.0,0.0,-0.0026412798260038624,0.01344653364368836,0.01023992190103264,0.0030386991171197386,-0.0026412798260038624,0.01344653364368836,0.01023992190103264,0.0030386991171197386,0,0.0,2,0.043478260869565216,44,0.9565217391304348,rule,model_rejected_by_learning_acceptance:selected_model_pass_false,CAUTION,0.0002,0.0005,0.0003255910000000001,0.0006,0.0,0.0004,0.0,0.002025591,0.002025591,0.0,0.005,0.01,0.0,0.0,0.006,0.0,0.0,0.0,0.0,0.0,0.006,0.0,0.000633546,0.0,0.0,0.0,0.000677895454545455,0.002036928241712124,0.0033483696962575793,0.0033483696962575793,0.01,0.005211277272193185,0.0015,0.016711277272193185,0.016711277272193185,0.0,0.0,0.0,0.0,0.0,0.022711277272193187,0.022711277272193187,-0.014504589002160643,0.0,0.0,0.0,0.0,0.0,0.0,0.0,-0.014504589002160643,v2_net_trade_contract_no_double_count,-0.014504589002160643,pred_plus_fs,,,,,,,,,,1,2026-07-30 23:24:05+0800
20260730,20260731,34,603660.SH,苏州科达,1→2,-0.022,0.001925,-0.023925,0.1183819883829268,0.1183819883829268,0.1183819883829268,0.1183819883829268,True,calibrated_probability,valid,contract=valid; ordered feature contract validated; prediction=ok,step5_core_features_v1,hgb,0.1215573839676721,0.1183819883829268,0.1301268969492014,0.5078768181025203,48.688462,0.01,计算机设,0.157089,0.1810135466372795,0.157089,1,ok,,0.6275,0.191155,0,0.24825,0.0,0.294224,1.0,0.4051681195516816,1.0,低,回封偏弱,0.48,0.48,0.888,neutral,52,0.0,0,30545656472,1,aa3b93484f894702ee624f25f6dff236d97ccf1e,2026-07-30T13:11:04Z,1.0,1→2,0.78,0.035,0.16,limit_list_d,2/4,0.1810135466372795,True,0.1183819883829268,34,20260731,,603660,计算机设,江苏,主板,20161201,7.97,8.83,7.97,8.83,9.9626,8.030002928268338,9.9626,0.107098342015855,0.107098342015855,-0.007472342015855,341005.89,294624.014,5.9669,7.7717,1.57,3.3814623135234315e-05,0.060697360494333,0.0584017488799549,0.0487923494714051,0.0798245401381832,0.0288946976202071,-0.3109919571045576,0.3886790041961699,0.0742092457420924,0.1248407643312101,-0.0402173913043477,0.0973952434881087,0.107098342015855,504628.0541,,,,363460.14,54670.27,172295.31,191164.83,,,,0.0,,,0.0,,,,,,0.0,,73600,7.97,586592.0,0.6788664379209557,,U,2.0,55055412.0,55055412.0,93615.0,132536.0,1.0,ok,,1min,241.0,09:37:00,15:00:00,2.0,1.0,5.0963,1.0,117.0,0.015022,0.0,31.0,0.0,29.4224,62.6267,64.0,33.1,33.1,0.0,neutral_limitup,0.6788664379209557,586592.0,,,,,,8.83,7.23,0.0,,,0.0,1.0,0.0,1.4102657259377116,MAIN,10.0,1,eligible_limit_le_10:10.00%:derived:up_limit/pre_close:tick_normalized,a_share_price_limit_le_10_v2,20260730,20260731,20260803,CAUTION,,0.48809415447462284,0.98,0.8802977817904135,0.8802977817904135,True,lgbm,/home/runner/work/top10-decision/top10-decision/models/pfill_lgbm.joblib,meta_feature_contract,/home/runner/work/top10-decision/top10-decision/models/pfill_meta.json,97,,97,market_regime,/home/runner/work/top10-decision/top10-decision/outputs/learning/learning_acceptance_latest.json,True,20260729,31,97,7,open_times_t1__is_missing|prior_strength_score__is_missing|prior_theme_boost__is_missing|prior_prob_prior|seal_amount_t1__is_missing|limit_type_t1__is_missing|prior_prob_prior__is_missing,92,trade_date|verify_date|ts_code|name|晋阶|stage_bonus|stage_risk_penalty|stage_adjustment,0,,97,rank:int64|list_date:int64|open:float64|high:float64|low:float64|close:float64|pct_chg:float64|pre_close_est:float64,model:lgbm,,0.007964244849660986,0.007964244849660986,,,,0.007964244849660986,0.007964244849660986,0.007964244849660986,0.007964244849660986,0.007964244849660986,0,0,,,0,0,False,,,,/home/runner/work/top10-decision/top10-decision/models/eret_meta.json,87,,87,,/home/runner/work/top10-decision/top10-decision/outputs/learning/learning_acceptance_latest.json,False,20260728,26,0,0,,0,,0,,0,,0,0.0,0.0,0,0.0,0.0,-0.0026412798260038624,0.01344653364368836,0.01023992190103264,0.0030386991171197386,-0.0026412798260038624,0.01344653364368836,0.01023992190103264,0.0030386991171197386,0,0.0,2,0.043478260869565216,44,0.9565217391304348,rule,model_rejected_by_learning_acceptance:selected_model_pass_false,CAUTION,0.0002,0.0005,7.11585e-05,0.00023999999999999998,0.0,0.0004,0.0,0.0014111585,0.0014111585,0.0,0.005,0.0045,0.0,0.0015703374999999995,0.006,0.0,0.0,0.0,0.0,0.0,0.006,0.0,0.0014895,0.0,0.0,0.0,0.0034003927272727268,0.0018401449111287197,0.006730037638401446,0.006730037638401446,0.005,0.008611213853801085,0.0013499999999999999,0.014961213853801086,0.014961213853801086,0.0,0.0,0.0,0.0,0.0,0.020961213853801085,0.020961213853801085,-0.015361465279008793,0.0,0.0,0.0,0.0,0.0,0.0,0.0,-0.015361465279008793,v2_net_trade_contract_no_double_count,-0.015361465279008793,pred_plus_fs,,,,,,,,,,1,2026-07-30 23:24:05+0800
20260730,20260731,13,603171.SH,税友股份,1→2,-0.022,0.001925,-0.023925,0.1427022858112916,0.1427022858112916,0.1427022858112916,0.1427022858112916,True,calibrated_probability,valid,contract=valid; ordered feature contract validated; prediction=ok,step5_core_features_v1,hgb,0.1253279750275377,0.1427022858112916,0.1470948594114989,0.5257680015387951,53.283862,0.01,IT服务Ⅱ,0.183304,0.2072285548371349,0.183304,1,ok,,0.69727,0.11572,0,0.11572,0.0,0.4214009999999999,0.0,0.3704244031830238,1.0,低,健康涨停,0.48,0.48,0.888,neutral,52,0.0,0,30545656472,1,aa3b93484f894702ee624f25f6dff236d97ccf1e,2026-07-30T13:11:04Z,1.0,1→2,0.78,0.035,0.16,limit_list_d,1/1,0.2072285548371349,True,0.1427022858112916,13,20260731,,603171,IT服务Ⅱ,浙江,主板,20210630,37.2,41.47,37.2,41.47,10.0,37.7,10.0,0.1132625994694959,0.1132625994694959,-0.0132625994694958,89411.74,361568.662,2.2029,8.3881,2.08,2.765726416854124e-05,0.0439330343585896,0.0427906816659192,0.0378288790997726,0.0551950410805067,0.0201504103265253,-0.1386969397828233,0.1966762292091213,0.1253731343283581,0.144315673289183,0.0715762273901807,0.1029659995177235,0.1132625994694959,1685112.715,,,,363460.14,54670.27,172295.31,191164.83,,,,0.0,,,0.0,,,,,,0.0,,30800,37.2,1145760.0,0.7776083365103571,,U,1.0,67699609.0,67699609.0,94422.0,95325.0,1.0,ok,,1min,241.0,09:45:00,15:00:00,2.0,0.0,3.81,0.0,,0.011084,0.0,31.0,0.0,42.1401,69.142,70.0,8.25,8.25,0.0,neutral_limitup,0.7776083365103571,1145760.0,,,,,,41.47,33.93,0.0,,,0.0,1.0,0.0,1.594600924950864,MAIN,10.0,1,eligible_limit_le_10:10.00%:derived:up_limit/pre_close:tick_normalized,a_share_price_limit_le_10_v2,20260730,20260731,20260803,CAUTION,,0.4135225067213108,0.98,0.879754463987677,0.879754463987677,True,lgbm,/home/runner/work/top10-decision/top10-decision/models/pfill_lgbm.joblib,meta_feature_contract,/home/runner/work/top10-decision/top10-decision/models/pfill_meta.json,97,,97,market_regime,/home/runner/work/top10-decision/top10-decision/outputs/learning/learning_acceptance_latest.json,True,20260729,31,97,7,open_times_t1__is_missing|prior_strength_score__is_missing|prior_theme_boost__is_missing|prior_prob_prior|seal_amount_t1__is_missing|limit_type_t1__is_missing|prior_prob_prior__is_missing,92,trade_date|verify_date|ts_code|name|晋阶|stage_bonus|stage_risk_penalty|stage_adjustment,0,,97,rank:int64|list_date:int64|open:float64|high:float64|low:float64|close:float64|pct_chg:float64|pre_close_est:float64,model:lgbm,,0.009756466120761956,0.009756466120761956,,,,0.009756466120761956,0.009756466120761956,0.009756466120761956,0.009756466120761956,0.009756466120761956,0,0,,,0,0,False,,,,/home/runner/work/top10-decision/top10-decision/models/eret_meta.json,87,,87,,/home/runner/work/top10-decision/top10-decision/outputs/learning/learning_acceptance_latest.json,False,20260728,26,0,0,,0,,0,,0,,0,0.0,0.0,0,0.0,0.0,-0.0026412798260038624,0.01344653364368836,0.01023992190103264,0.0030386991171197386,-0.0026412798260038624,0.01344653364368836,0.01023992190103264,0.0030386991171197386,0,0.0,2,0.043478260869565216,44,0.9565217391304348,rule,model_rejected_by_learning_acceptance:selected_model_pass_false,CAUTION,0.0002,0.0005,0.0008695650000000001,0.00011999999999999999,0.0,0.0004,0.0,0.002089565,0.002089565,0.0,0.005,0.002,0.0,0.0095688375,0.006,0.0,0.0,0.0,0.0,0.0,0.0047815189465065374,0.0,0.00069432,0.0,0.0,0.0,0.0025910845454545457,0.0019980708946226193,0.005283475440077165,0.005283475440077165,0.005,0.011925467205057874,0.0006,0.017525467205057873,0.017525467205057873,0.0,0.0,0.0,0.0,0.0,0.02230698615156441,0.02230698615156441,-0.01581325652907955,0.0,0.0,0.0,0.0,0.0,0.0,0.0,-0.01581325652907955,v2_net_trade_contract_no_double_count,-0.01581325652907955,pred_plus_fs,,,,,,,,,,1,2026-07-30 23:24:05+0800
20260730,20260731,52,000820.SZ,神雾节能,1→2,-0.022,0.001925,-0.023925,0.0569812453829943,0.0569812453829943,0.0569812453829943,0.0569812453829943,True,calibrated_probability,valid,contract=valid; ordered feature contract validated; prediction=ok,step5_core_features_v1,hgb,0.1060513930980453,0.0569812453829943,0.0559648773013754,0.5037853454052568,45.436923,0.01,环保设备,0.107605,0.1315299485373268,0.107605,1,ok,,0.858,0.07,0,0.07,0.0,0.65,0.0,1.0,1.0,低,健康涨停,0.48,0.48,0.888,neutral,52,0.0,0,30545656472,1,aa3b93484f894702ee624f25f6dff236d97ccf1e,2026-07-30T13:11:04Z,1.0,1→2,0.78,0.035,0.16,limit_list_d,1/1,0.1315299485373268,True,0.0569812453829943,52,20260731,,820,环保设备,江西,主板,19980630,3.2,3.2,3.2,3.2,9.9656,2.9100009457503075,9.9656,0.0,0.0,0.099656,6728.0,2152.96,0.2266,0.2328,0.23,0.0046287901307966,0.0499763087802242,0.0431648875617997,0.0388218980662373,0.055866523074488,0.0130781996270591,-0.1442307692307692,0.1961308669240658,0.0921501706484642,0.1851851851851851,0.1307420494699647,0.0,0.0,206897.664,,,,363460.14,54670.27,172295.31,191164.83,,,,0.0,,,1.0,,,,,,1.0,撤销*ST,86000,3.2,275200.0,0.5444147922226458,,U,0.0,46992640.0,46992640.0,92500.0,92500.0,1.0,ok,,1min,241.0,09:30:00,15:00:00,1.0,0.0,0.0,0.0,,0.001486,0.0,31.0,0.0,65.0,76.0,70.0,8.25,8.25,0.0,healthy_limitup,0.5444147922226458,275200.0,,,,,,3.2,2.62,0.0,,,1.0,1.0,0.0,2.0656657737843505,MAIN,10.0,1,eligible_limit_le_10:10.00%:derived:up_limit/pre_close:tick_normalized,a_share_price_limit_le_10_v2,20260730,20260731,20260803,CAUTION,,0.37440689999999993,0.07760653185940938,0.6182348654419517,0.6182348654419517,True,lgbm,/home/runner/work/top10-decision/top10-decision/models/pfill_lgbm.joblib,meta_feature_contract,/home/runner/work/top10-decision/top10-decision/models/pfill_meta.json,97,,97,market_regime,/home/runner/work/top10-decision/top10-decision/outputs/learning/learning_acceptance_latest.json,True,20260729,31,97,7,open_times_t1__is_missing|prior_strength_score__is_missing|prior_theme_boost__is_missing|prior_prob_prior|seal_amount_t1__is_missing|limit_type_t1__is_missing|prior_prob_prior__is_missing,92,trade_date|verify_date|ts_code|name|晋阶|stage_bonus|stage_risk_penalty|stage_adjustment,0,,97,rank:int64|list_date:int64|open:float64|high:float64|low:float64|close:float64|pct_chg:float64|pre_close_est:float64,model:lgbm,,0.00930315886148983,0.00930315886148983,,,,0.00930315886148983,0.00930315886148983,0.00930315886148983,0.00930315886148983,0.00930315886148983,0,0,,,0,0,False,,,,/home/runner/work/top10-decision/top10-decision/models/eret_meta.json,87,,87,,/home/runner/work/top10-decision/top10-decision/outputs/learning/learning_acceptance_latest.json,False,20260728,26,0,0,,0,,0,,0,,0,0.0,0.0,0,0.0,0.0,-0.0026412798260038624,0.01344653364368836,0.01023992190103264,0.0030386991171197386,-0.0026412798260038624,0.01344653364368836,0.01023992190103264,0.0030386991171197386,0,0.0,2,0.043478260869565216,44,0.9565217391304348,rule,model_rejected_by_learning_acceptance:selected_model_pass_false,CAUTION,0.0002,0.0005,0.00116601,0.0,0.0,0.0004,0.0001,0.00236601,0.00236601,0.0,0.0,0.0,0.0,0.01,0.006,0.0,0.0,0.0,0.0,0.02,0.004766180632239351,0.0,0.00042000000000000007,0.0,0.0,0.0,0.0011363636363636363,0.0,0.0015563636363636363,0.0015563636363636363,0.0,0.009367272727272728,0.0,0.009367272727272728,0.009367272727272728,0.0,0.0,0.0,0.0,0.012632727272727271,0.02676618063223935,0.02676618063223935,-0.023380653465321085,0.0,0.0,0.0,0.0,0.0,0.0,0.0,-0.023380653465321085,v2_net_trade_contract_no_double_count,-0.023380653465321085,pred_plus_fs,,,,,,,,,,1,2026-07-30 23:24:05+0800
20260730,20260731,10,002585.SZ,双星新材,1→2,-0.022,0.001925,-0.023925,0.1465891295161525,0.1465891295161525,0.1465891295161525,0.1465891295161525,True,calibrated_probability,valid,contract=valid; ordered feature contract validated; prediction=ok,step5_core_features_v1,hgb,0.1389934553216417,0.1465891295161525,0.1393867033882022,0.5903824620627728,59.11212,0.0164,塑料,0.198173,0.2220981691228452,0.198173,1,ok,,0.555606,0.267741,1,0.31725,0.0,0.161293,2.0,0.4728716645489207,1.0,高,回封偏弱,0.48,0.48,0.888,neutral,52,0.0,0,30545656472,1,aa3b93484f894702ee624f25f6dff236d97ccf1e,2026-07-30T13:11:04Z,1.0,1→2,0.78,0.035,0.16,limit_list_d,1/1,0.2220981691228452,True,0.1465891295161525,10,20260731,,2585,塑料,江苏,主板,20110602,7.9,8.66,7.9,8.66,10.0381,7.870001390427497,10.0381,0.096569233256351,0.096569233256351,0.003811766743649,1282133.94,1088433.86507,14.4587,18.8477,2.63,9.222517161715124e-06,0.0518800795881507,0.0601003611149153,0.0594286568718673,0.0828416460745963,0.0222992737565863,-0.337730870712401,0.4194588013408547,0.1131105398457583,0.1017811704834605,-0.0159090909090909,0.0877598152424942,0.096569233256351,988385.3716,,,,363460.14,54670.27,172295.31,191164.83,,,,0.0,,,0.0,83630835.6,7.68,29.02,7679313316.44,29.02,0.0,,476400,7.9,3763560.0,0.9025289109162536,,U,3.0,23449487.0,23449487.0,93103.0,134336.0,1.0,ok,,1min,241.0,09:32:00,15:00:00,3.0,2.0,5.3118,2.0,85.0,0.018146,0.0,31.0,0.0,16.1293,54.1388,54.0,42.3,42.3,1.0,weak_limitup,0.9025289109162536,3763560.0,,,,,,8.66,7.08,0.0,,,0.0,1.0,0.0,1.2827674441934112,MAIN,10.0,1,eligible_limit_le_10:10.00%:derived:up_limit/pre_close:tick_normalized,a_share_price_limit_le_10_v2,20260730,20260731,20260803,CAUTION,,0.4766919058318424,0.98,0.781838976989577,0.781838976989577,True,lgbm,/home/runner/work/top10-decision/top10-decision/models/pfill_lgbm.joblib,meta_feature_contract,/home/runner/work/top10-decision/top10-decision/models/pfill_meta.json,97,,97,market_regime,/home/runner/work/top10-decision/top10-decision/outputs/learning/learning_acceptance_latest.json,True,20260729,31,97,7,open_times_t1__is_missing|prior_strength_score__is_missing|prior_theme_boost__is_missing|prior_prob_prior|seal_amount_t1__is_missing|limit_type_t1__is_missing|prior_prob_prior__is_missing,92,trade_date|verify_date|ts_code|name|晋阶|stage_bonus|stage_risk_penalty|stage_adjustment,0,,97,rank:int64|list_date:int64|open:float64|high:float64|low:float64|close:float64|pct_chg:float64|pre_close_est:float64,model:lgbm,,-0.0021673652547293584,-0.0021673652547293584,,,,-0.0021673652547293584,-0.0021673652547293584,-0.0021673652547293584,-0.0021673652547293584,-0.0021673652547293584,0,0,,,0,0,False,,,,/home/runner/work/top10-decision/top10-decision/models/eret_meta.json,87,,87,,/home/runner/work/top10-decision/top10-decision/outputs/learning/learning_acceptance_latest.json,False,20260728,26,0,0,,0,,0,,0,,0,0.0,0.0,0,0.0,0.0,-0.0026412798260038624,0.01344653364368836,0.01023992190103264,0.0030386991171197386,-0.0026412798260038624,0.01344653364368836,0.01023992190103264,0.0030386991171197386,0,0.0,2,0.043478260869565216,44,0.9565217391304348,rule,model_rejected_by_learning_acceptance:selected_model_pass_false,CAUTION,0.0002,0.0005,0.0002260545,0.00035999999999999997,0.0,0.0004,0.0,0.0016860545000000002,0.0016860545000000002,0.0,0.005,0.0075,0.0,0.0,0.006,0.0,0.0,0.0,0.0,0.0,0.006,0.01,0.0019034999999999998,0.0,0.0,0.0,0.004,0.001532401524777633,0.007435901524777633,0.007435901524777633,0.0075,0.008276926143583226,0.0015,0.017276926143583227,0.017276926143583227,0.0,0.0,0.0,0.0,0.0,0.03327692614358323,0.03327692614358323,-0.03665751127710358,0.0,0.0,0.0,0.0,0.0,0.0,0.0,-0.03665751127710358,v2_net_trade_contract_no_double_count,-0.03665751127710358,pred_plus_fs,,,,,,,,,,1,2026-07-30 23:24:05+0800
20260730,20260731,19,000566.SZ,海南海药,1→2,-0.022,0.001925,-0.023925,0.1338644356045479,0.1338644356045479,0.1338644356045479,0.1338644356045479,True,calibrated_probability,valid,contract=valid; ordered feature contract validated; prediction=ok,step5_core_features_v1,hgb,0.1284326741173542,0.1338644356045479,0.1479598498636838,0.4719738616586133,44.175918,0.4322611773793213,化学制药,0.191383,0.2153078007215929,0.191383,1,ok,,0.465719,0.362403,1,0.4121249999999999,0.12,0.1179829999999999,3.0,0.4943622920517566,1.0,高,多次炸板|回封偏弱,0.48,0.48,0.888,neutral,52,0.0,0,30545656472,1,aa3b93484f894702ee624f25f6dff236d97ccf1e,2026-07-30T13:11:04Z,1.0,1→2,0.78,0.035,0.16,limit_list_d,6/12,0.2153078007215929,True,0.1338644356045479,19,20260731,,566,化学制药,海南,主板,19940525,5.45,5.95,5.4,5.95,9.9815,5.410000772857254,9.9815,0.1016635714285713,0.0924214285714285,0.0073935714285713,3655394.47,2127007.15597,28.1892,36.5632,2.27,4.692743967496451e-06,0.0797582684008308,0.0785739264294851,0.076570554121098,0.1070221377938206,0.0333932863789285,-0.2721617418351477,0.3821255823351743,0.020583190394511,0.1689587426326131,0.0493827160493827,0.0924369747899159,0.1016635714285713,771932.2345,,,,363460.14,54670.27,172295.31,191164.83,,2.0,4.0,1.0,4.0,2.0,0.0,6044288.05,0.28,22.59,7715577016.35,22.59,0.0,,3016600,5.45,16440470.0,0.9752192146397256,,U,8.0,22665930.0,22665930.0,94609.0,145318.0,1.0,ok,,1min,241.0,09:47:00,15:00:00,6.0,3.0,4.0336,3.0,89.3333,0.062229,0.0,14.0,12.0,11.7983,43.9895,41.0,54.95,54.95,1.0,high_open_board_risk,0.9752192146397256,16440470.0,,,,,,5.95,4.87,1.0,4.0,2.0,0.0,1.0,0.0,1.3927836417880837,MAIN,10.0,1,eligible_limit_le_10:10.00%:derived:up_limit/pre_close:tick_normalized,a_share_price_limit_le_10_v2,20260730,20260731,20260803,CAUTION,,0.6097931708954174,0.98,0.7828835905248512,0.7828835905248512,True,lgbm,/home/runner/work/top10-decision/top10-decision/models/pfill_lgbm.joblib,meta_feature_contract,/home/runner/work/top10-decision/top10-decision/models/pfill_meta.json,97,,97,market_regime,/home/runner/work/top10-decision/top10-decision/outputs/learning/learning_acceptance_latest.json,True,20260729,31,97,7,open_times_t1__is_missing|prior_strength_score__is_missing|prior_theme_boost__is_missing|prior_prob_prior|seal_amount_t1__is_missing|limit_type_t1__is_missing|prior_prob_prior__is_missing,92,trade_date|verify_date|ts_code|name|晋阶|stage_bonus|stage_risk_penalty|stage_adjustment,0,,97,rank:int64|list_date:int64|open:float64|high:float64|low:float64|close:float64|pct_chg:float64|pre_close_est:float64,model:lgbm,,-0.0026412798260038624,-0.0026412798260038624,,,,-0.0026412798260038624,-0.0026412798260038624,-0.0026412798260038624,-0.0026412798260038624,-0.0026412798260038624,0,0,,,0,0,False,,,,/home/runner/work/top10-decision/top10-decision/models/eret_meta.json,87,,87,,/home/runner/work/top10-decision/top10-decision/outputs/learning/learning_acceptance_latest.json,False,20260728,26,0,0,,0,,0,,0,,0,0.0,0.0,0,0.0,0.0,-0.0026412798260038624,0.01344653364368836,0.01023992190103264,0.0030386991171197386,-0.0026412798260038624,0.01344653364368836,0.01023992190103264,0.0030386991171197386,0,0.0,2,0.043478260869565216,44,0.9565217391304348,rule,model_rejected_by_learning_acceptance:selected_model_pass_false,CAUTION,0.0002,0.0005,0.00090946,0.0006,0.0,0.0004,0.0,0.00260946,0.00260946,0.0,0.005,0.01,0.0,0.0,0.006,0.0043964,0.0,0.0,0.0,0.0,0.006,0.01,0.0024727499999999997,0.0,0.0,0.0,0.004,0.0014347168543101976,0.007907466854310197,0.007907466854310197,0.01,0.008630600140732648,0.0015,0.02013060014073265,0.018,0.0043964,0.0,0.0043964,0.0043964,0.0,0.038396400000000004,0.038396400000000004,-0.043073674633762764,0.0,0.0,0.0,0.0,0.0,0.0,0.0,-0.043073674633762764,v2_net_trade_contract_no_double_count,-0.043073674633762764,pred_plus_fs,,,,,,,,,,1,2026-07-30 23:24:05+0800
