trade_date,verify_date,rank,ts_code,name,prob,StrengthScore,ThemeBoost,board,run_id,run_attempt,commit_sha,generated_at_utc,target_trade_date,Probability,name_fs,symbol,board_fs,area,market,list_date,open,high,low,close,pct_chg,pre_close_est,returns_1d,high_low_range,candle_body,gap_open,vol,amount,turnover_rate,turnover_rate_f,volume_ratio,amihud_illiquidity,volatility_5d,volatility_10d,volatility_20d,atr,downside_vol,max_drawdown_20d,tail_risk_score,total_mv,float_mv,pe_ttm,pb,north_money_market,south_money_market,hgt_market,sgt_market,market_regime,hot_boards_score,board_crowding_rank,is_hot_board,board_rank,board_limit_up_count,is_st_like,top_list_net_buy,top_net_rate,amount_rate,float_values,abnormal_volume,has_namechange_record,latest_change_reason,ret_2d,ret_5d,ret_10d,bid_ask_proxy,spread_proxy,name_limit,limit_type,open_times,fd_amount,seal_amount,first_seal_time,last_seal_time,open_times_break,fd_amount_break,seal_amount_break,first_time_break,last_time_break,up_limit,down_limit,is_hot_board_limit,board_rank_limit,board_limit_up_count_limit,is_st_like_limit,is_limit_up,break_count_proxy,limit_up_strength,signal_date,exec_date,exit_date,regime_name,requested_trade_date,p_fill_pred_rule,p_fill_pred_model,p_fill_pred_final,p_fill_pred,p_fill_model_loaded,p_fill_model_kind,p_fill_model_path,p_fill_model_feature_mode,p_fill_model_meta_path,p_fill_model_expected_n_features,p_fill_expected_categorical_cols,p_fill_expected_numeric_feature_count,p_fill_model_category_like_cols_detected,p_fill_model_actual_n_features,p_fill_missing_feature_count,p_fill_missing_feature_sample,p_fill_unexpected_feature_count,p_fill_unexpected_feature_sample,p_fill_categorical_feature_count_online,p_fill_categorical_feature_sample_online,p_fill_numeric_feature_count_online,p_fill_online_dtypes_sample,p_fill_pred_src,p_fill_degrade_reason,eret_pred_rule,eret_pred_rule_raw,eret_pred_model_raw,eret_pred_model_clipped,eret_pred_model,eret_pred_raw,e_ret_pred_raw,eret_pred_final,eret_pred,e_ret_pred,eret_clip_hit,e_ret_clip_hit,eret_clip_direction,e_ret_clip_direction,eret_clip_lower_hit,eret_clip_upper_hit,eret_model_loaded,eret_model_kind,eret_model_path,eret_model_feature_mode,eret_model_meta_path,eret_model_expected_n_features,eret_expected_categorical_cols,eret_expected_numeric_feature_count,eret_model_category_like_cols_detected,eret_model_actual_n_features,eret_missing_feature_count,eret_missing_feature_sample,eret_unexpected_feature_count,eret_unexpected_feature_sample,eret_categorical_feature_count_online,eret_categorical_feature_sample_online,eret_numeric_feature_count_online,eret_online_dtypes_sample,eret_feature_missing_cell_count,eret_feature_missing_cell_ratio,e_ret_feature_missing_ratio,eret_feature_rows_with_missing_count,eret_feature_row_missing_ratio_mean,eret_feature_column_missing_ratio_max,eret_raw_min,eret_raw_max,eret_raw_mean,eret_raw_std,eret_final_min,eret_final_max,eret_final_mean,eret_final_std,eret_clip_hit_count,eret_clip_hit_rate,eret_negative_count,eret_negative_rate,eret_positive_count,eret_positive_rate,eret_pred_src,eret_degrade_reason,eret_regime_used,cost_base_bp,cost_slippage_bp,cost_impact_bp,cost_open_bp,cost_seal_bp,cost_amount_bp,cost_price_bp,cost_total_bp,cost_est,risk_regime_penalty,risk_open_penalty,risk_open_times_penalty,risk_volatility_penalty,risk_liquidity_penalty,risk_liquidity_amount_penalty,risk_extreme_turnover_penalty,risk_theme_penalty,risk_board_penalty,risk_seal_penalty,risk_st_penalty,risk_tail_penalty,execution_fragility_primary,execution_fragility_support,execution_fragility_overlap,execution_fragility_raw,execution_fragility_penalty,crowding_primary,crowding_secondary,crowding_raw,crowding_penalty,st_penalty_effective,risk_total_penalty,risk_penalty,ev_base,pfill_penalty_soft,pfill_penalty_hard,pfill_penalty_extra,risk_penalty_extra,ev_penalty_total_extra,ev_final,ev_formula_version,ev_pred,input_mode,fs_degrade_reason,p_fill_pred_raw,p_fill_cap_hit,p_fill_clip_hit,p_fill_clip_direction,p_fill_cap_hit_rate,weight_exec,regime,risk_budget,version,generated_at_bjt
20260518,20260519,1,603779.SH,威龙股份,0.9666843606247446,75.768293,0.0164,红黄酒,26040646802,1,1c6e282fa96be950ae648ebe60bb3e8a3cd2b730,2026-05-18T14:43:26Z,20260519,0.9666843606247446,,603779,红黄酒,山东,主板,20160516,10.91,10.91,10.91,10.91,9.9798,0.9936428714548536,9.9798,0.0,0.0,9.9798,33643.25,36704.786,1.0131,1.5183,0.19,0.0002718936980043,,,,,,,,362302.2846,,,,380370.72,53813.83,171238.76,209131.96,,,,0.0,,,0.0,35834465.91,40.17,91.52,3623022846.14,91.52,0.0,,,,,,,,U,0.0,457677500.0,457677500.0,92501.0,92501.0,,,,,,10.91,8.93,0.0,,,0.0,1.0,0.0,2.518203996225179,20260518,20260519,,RISK_ON,,0.12622675,0.1313951735519383,0.1313951735519383,0.1313951735519383,True,lgbm,/home/runner/work/top10-decision/top10-decision/models/pfill_lgbm.joblib,meta_feature_contract,/home/runner/work/top10-decision/top10-decision/models/pfill_meta.json,88,board|area|market|latest_change_reason|limit_type|prior_board,82,symbol|board|area|market|market_regime|latest_change_reason|limit_type|prior_board,88,16,sample_weight|is_cold_start|feature_coverage_score|prior_strength_score|prior_theme_boost|prior_seal_amount|prior_open_times|prior_turnover_rate,25,trade_date|verify_date|ts_code|name|prob|StrengthScore|ThemeBoost|run_id,6,board|area|market|latest_change_reason|limit_type|prior_board,88,rank:int64|sample_weight:float64|is_cold_start:float64|feature_coverage_score:float64|symbol:int64|board:float64|area:float64|market:float64,model:lgbm,,0.03304973081874234,0.03304973081874234,0.04524852750527905,0.04524852750527905,0.04524852750527905,0.04524852750527905,0.04524852750527905,0.04524852750527905,0.04524852750527905,0.04524852750527905,0,0,,,0,0,True,lr,/home/runner/work/top10-decision/top10-decision/models/eret_lr.joblib,meta_feature_contract,/home/runner/work/top10-decision/top10-decision/models/eret_meta.json,74,board|area|market|latest_change_reason|limit_type|prior_board,68,symbol|board|area|market|market_regime|latest_change_reason|limit_type|prior_board,74,2,prior_board|prior_prob_prior,49,trade_date|verify_date|ts_code|name|prob|StrengthScore|ThemeBoost|run_id,6,board|area|market|latest_change_reason|limit_type|prior_board,74,rank:float64|symbol:float64|board:float64|area:float64|market:float64|list_date:float64|open:float64|high:float64,2220,0.36585365853658536,0.36585365853658536,82,0.3658536585365854,1.0,-0.019187901956414857,0.048682224642638584,0.01121313333376305,0.01339623728472044,-0.019187901956414857,0.048682224642638584,0.01121313333376305,0.01339623728472044,0,0.0,15,0.18292682926829268,67,0.8170731707317073,model:lr,,RISK_ON,0.0002,0.0005,0.0010480350000000001,0.0,0.0,0.0004,0.0,0.002148035,0.002148035,0.0,0.0,0.0,0.0,0.01,0.006,0.0,0.0,0.0,0.0,0.0,0.0,0.0,0.0082,0.0,0.0082,0.0082,0.0,0.0,0.0,0.0,0.0,0.0082,0.0082,-0.004402596875474205,0.022640935140545725,0.04820233785136432,0.07084327299191004,0.012885,0.08372827299191005,-0.08813086986738425,v1_1_exec_aware,-0.08813086986738425,pred_plus_fs,,,,,,,,,,1,2026-05-19 00:32:49+0800
20260518,20260519,2,000417.SZ,合百集团,0.8126111859474752,62.817073,0.01,百货,26040646802,1,1c6e282fa96be950ae648ebe60bb3e8a3cd2b730,2026-05-18T14:43:26Z,20260519,0.8126111859474752,,417,百货,安徽,主板,19960812,7.87,7.87,7.87,7.87,10.0699,0.7109368648316606,10.0699,0.0,0.0,10.0699,94740.89,74561.08,1.2161,1.963,0.21,0.0001350557153946,,,,,,,,613768.8654,,,,380370.72,53813.83,171238.76,209131.96,,,,0.0,,,0.0,,,,,,0.0,,,,,,,,U,0.0,241459556.0,241459556.0,92500.0,92500.0,,,,,,7.87,6.44,0.0,,,0.0,1.0,0.0,2.2733918683919514,20260518,20260519,,RISK_ON,,0.23535072199999996,0.4238399583242438,0.4238399583242438,0.4238399583242438,True,lgbm,/home/runner/work/top10-decision/top10-decision/models/pfill_lgbm.joblib,meta_feature_contract,/home/runner/work/top10-decision/top10-decision/models/pfill_meta.json,88,board|area|market|latest_change_reason|limit_type|prior_board,82,symbol|board|area|market|market_regime|latest_change_reason|limit_type|prior_board,88,16,sample_weight|is_cold_start|feature_coverage_score|prior_strength_score|prior_theme_boost|prior_seal_amount|prior_open_times|prior_turnover_rate,25,trade_date|verify_date|ts_code|name|prob|StrengthScore|ThemeBoost|run_id,6,board|area|market|latest_change_reason|limit_type|prior_board,88,rank:int64|sample_weight:float64|is_cold_start:float64|feature_coverage_score:float64|symbol:int64|board:float64|area:float64|market:float64,model:lgbm,,0.028408335578424256,0.028408335578424256,0.00664214916133242,0.00664214916133242,0.00664214916133242,0.00664214916133242,0.00664214916133242,0.00664214916133242,0.00664214916133242,0.00664214916133242,0,0,,,0,0,True,lr,/home/runner/work/top10-decision/top10-decision/models/eret_lr.joblib,meta_feature_contract,/home/runner/work/top10-decision/top10-decision/models/eret_meta.json,74,board|area|market|latest_change_reason|limit_type|prior_board,68,symbol|board|area|market|market_regime|latest_change_reason|limit_type|prior_board,74,2,prior_board|prior_prob_prior,49,trade_date|verify_date|ts_code|name|prob|StrengthScore|ThemeBoost|run_id,6,board|area|market|latest_change_reason|limit_type|prior_board,74,rank:float64|symbol:float64|board:float64|area:float64|market:float64|list_date:float64|open:float64|high:float64,2220,0.36585365853658536,0.36585365853658536,82,0.3658536585365854,1.0,-0.019187901956414857,0.048682224642638584,0.01121313333376305,0.01339623728472044,-0.019187901956414857,0.048682224642638584,0.01121313333376305,0.01339623728472044,0,0.0,15,0.18292682926829268,67,0.8170731707317073,model:lr,,RISK_ON,0.0002,0.0005,0.001017585,0.0,0.0,0.0004,0.0,0.002117585,0.002117585,0.0,0.0,0.0,0.0,0.01,0.006,0.0,0.0,0.0,0.0,0.0,0.0,0.0,0.0082,0.0,0.0082,0.0082,0.0,0.0,0.0,0.0,0.0,0.0082,0.0082,-0.007502376776277457,0.014452481166921173,0.02773120291730293,0.042183684084224106,0.012885,0.05506868408422411,-0.06257106086050157,v1_1_exec_aware,-0.06257106086050157,pred_plus_fs,,,,,,,,,,1,2026-05-19 00:32:49+0800
20260518,20260519,3,002208.SZ,合肥城建,0.6353620136633018,63.292683,0.0164,区域地产,26040646802,1,1c6e282fa96be950ae648ebe60bb3e8a3cd2b730,2026-05-18T14:43:26Z,20260519,0.6353620136633018,,2208,区域地产,安徽,主板,20080128,22.84,22.84,22.84,22.84,10.0193,2.07272694272776,10.0193,0.0,0.0,10.0193,62938.21,143750.872,0.7837,1.9284,0.06,6.969905546033835e-05,,,,,,,,1834718.6859,,,,380370.72,53813.83,171238.76,209131.96,,,,0.0,,,0.0,-50798920.45,-0.96,22.22,18342170578.28,22.22,0.0,,,,,,,,U,0.0,883199480.0,883199480.0,92500.0,92500.0,,,,,,22.84,18.68,0.0,,,0.0,1.0,0.0,3.0,20260518,20260519,,RISK_ON,,0.10391849999999998,0.5145809388872971,0.5145809388872971,0.5145809388872971,True,lgbm,/home/runner/work/top10-decision/top10-decision/models/pfill_lgbm.joblib,meta_feature_contract,/home/runner/work/top10-decision/top10-decision/models/pfill_meta.json,88,board|area|market|latest_change_reason|limit_type|prior_board,82,symbol|board|area|market|market_regime|latest_change_reason|limit_type|prior_board,88,16,sample_weight|is_cold_start|feature_coverage_score|prior_strength_score|prior_theme_boost|prior_seal_amount|prior_open_times|prior_turnover_rate,25,trade_date|verify_date|ts_code|name|prob|StrengthScore|ThemeBoost|run_id,6,board|area|market|latest_change_reason|limit_type|prior_board,88,rank:int64|sample_weight:float64|is_cold_start:float64|feature_coverage_score:float64|symbol:int64|board:float64|area:float64|market:float64,model:lgbm,,0.023110060409899054,0.023110060409899054,0.00887422293498058,0.00887422293498058,0.00887422293498058,0.00887422293498058,0.00887422293498058,0.00887422293498058,0.00887422293498058,0.00887422293498058,0,0,,,0,0,True,lr,/home/runner/work/top10-decision/top10-decision/models/eret_lr.joblib,meta_feature_contract,/home/runner/work/top10-decision/top10-decision/models/eret_meta.json,74,board|area|market|latest_change_reason|limit_type|prior_board,68,symbol|board|area|market|market_regime|latest_change_reason|limit_type|prior_board,74,2,prior_board|prior_prob_prior,49,trade_date|verify_date|ts_code|name|prob|StrengthScore|ThemeBoost|run_id,6,board|area|market|latest_change_reason|limit_type|prior_board,74,rank:float64|symbol:float64|board:float64|area:float64|market:float64|list_date:float64|open:float64|high:float64,2220,0.36585365853658536,0.36585365853658536,82,0.3658536585365854,1.0,-0.019187901956414857,0.048682224642638584,0.01121313333376305,0.01339623728472044,-0.019187901956414857,0.048682224642638584,0.01121313333376305,0.01339623728472044,0,0.0,15,0.18292682926829268,67,0.8170731707317073,model:lr,,RISK_ON,0.0002,0.0005,0.0010824449999999998,0.0,0.0,0.0004,0.0,0.002182445,0.002182445,0.0,0.0,0.0,0.0,0.01,0.006,0.0,0.0,0.0,0.0,0.0,0.0,0.0,0.0082,0.0,0.0082,0.0082,0.0,0.0,0.0,0.0,0.0,0.0082,0.0082,-0.0058159390302225085,0.011911733711155682,0.021379334277889205,0.03329106798904489,0.012885,0.04617606798904489,-0.0519920070192674,v1_1_exec_aware,-0.0519920070192674,pred_plus_fs,,,,,,,,,,1,2026-05-19 00:32:49+0800
20260518,20260519,4,600578.SH,京能电力,0.5022672825316262,52.585366,0.0164,火力发电,26040646802,1,1c6e282fa96be950ae648ebe60bb3e8a3cd2b730,2026-05-18T14:43:26Z,20260519,0.5022672825316262,,600578,火力发电,北京,主板,20020510,7.23,7.71,7.23,7.71,9.9857,0.7018214588055381,9.9857,0.6839346303501939,0.6839346303501939,9.301765369649804,2407023.71,1837976.71,3.5955,17.5566,1.36,5.43298505670401e-06,,,,,,,,5161552.8026,,,,380370.72,53813.83,171238.76,209131.96,,,,0.0,,,0.0,-91760118.71,-1.93,17.14,51615528025.65,17.14,0.0,,,,,,,,U,4.0,178239348.0,178239348.0,93135.0,94050.0,,,,,,7.71,6.31,0.0,,,0.0,1.0,0.0,1.4018109747981282,20260518,20260519,,RISK_ON,,0.518857826,0.9539441090097996,0.9539441090097996,0.9539441090097996,True,lgbm,/home/runner/work/top10-decision/top10-decision/models/pfill_lgbm.joblib,meta_feature_contract,/home/runner/work/top10-decision/top10-decision/models/pfill_meta.json,88,board|area|market|latest_change_reason|limit_type|prior_board,82,symbol|board|area|market|market_regime|latest_change_reason|limit_type|prior_board,88,16,sample_weight|is_cold_start|feature_coverage_score|prior_strength_score|prior_theme_boost|prior_seal_amount|prior_open_times|prior_turnover_rate,25,trade_date|verify_date|ts_code|name|prob|StrengthScore|ThemeBoost|run_id,6,board|area|market|latest_change_reason|limit_type|prior_board,88,rank:int64|sample_weight:float64|is_cold_start:float64|feature_coverage_score:float64|symbol:int64|board:float64|area:float64|market:float64,model:lgbm,,0.019117218475948786,0.019117218475948786,0.01708939275775912,0.01708939275775912,0.01708939275775912,0.01708939275775912,0.01708939275775912,0.01708939275775912,0.01708939275775912,0.01708939275775912,0,0,,,0,0,True,lr,/home/runner/work/top10-decision/top10-decision/models/eret_lr.joblib,meta_feature_contract,/home/runner/work/top10-decision/top10-decision/models/eret_meta.json,74,board|area|market|latest_change_reason|limit_type|prior_board,68,symbol|board|area|market|market_regime|latest_change_reason|limit_type|prior_board,74,2,prior_board|prior_prob_prior,49,trade_date|verify_date|ts_code|name|prob|StrengthScore|ThemeBoost|run_id,6,board|area|market|latest_change_reason|limit_type|prior_board,74,rank:float64|symbol:float64|board:float64|area:float64|market:float64|list_date:float64|open:float64|high:float64,2220,0.36585365853658536,0.36585365853658536,82,0.3658536585365854,1.0,-0.019187901956414857,0.048682224642638584,0.01121313333376305,0.01339623728472044,-0.019187901956414857,0.048682224642638584,0.01121313333376305,0.01339623728472044,0,0.0,15,0.18292682926829268,67,0.8170731707317073,model:lr,,RISK_ON,0.0002,0.0005,0.000660675,0.00047999999999999996,0.0,0.0004,0.0,0.0022406749999999997,0.0022406749999999997,0.0,0.005,0.009000000000000001,0.0,0.0066095625,0.006,0.0,0.0,0.0,0.0,0.0,0.0,0.009000000000000001,0.006335259375000001,0.0015,0.016835259375,0.016835259375,0.0,0.0,0.0,0.0,0.0,0.016835259375,0.016835259375,-0.0027736088271809543,0.0,0.0,0.0,0.02338299890625,0.02338299890625,-0.026156607733430953,v1_1_exec_aware,-0.026156607733430953,pred_plus_fs,,,,,,,,,,1,2026-05-19 00:32:49+0800
20260518,20260519,5,603121.SH,华培动力,0.4269243428057116,68.353659,0.0573942950693908,汽车配件,26040646802,1,1c6e282fa96be950ae648ebe60bb3e8a3cd2b730,2026-05-18T14:43:26Z,20260519,0.4269243428057116,,603121,汽车配件,上海,主板,20190111,20.72,22.79,20.3,22.79,9.9903,2.073646761234907,9.9903,1.2007831066257122,0.9982413777972796,8.99205862220272,122750.97,269080.641,3.626,7.5318,1.56,3.712753159377229e-05,,,,,,,,771518.3365,,,,380370.72,53813.83,171238.76,209131.96,,3.0,9.0,1.0,9.0,3.0,0.0,,,,,,0.0,,,,,,,,U,0.0,56172017.0,56172017.0,131539.0,131539.0,,,,,,22.79,18.65,1.0,9.0,3.0,0.0,1.0,0.0,2.313600600172455,20260518,20260519,,RISK_ON,,0.3400439915,0.37071734119836164,0.37071734119836164,0.37071734119836164,True,lgbm,/home/runner/work/top10-decision/top10-decision/models/pfill_lgbm.joblib,meta_feature_contract,/home/runner/work/top10-decision/top10-decision/models/pfill_meta.json,88,board|area|market|latest_change_reason|limit_type|prior_board,82,symbol|board|area|market|market_regime|latest_change_reason|limit_type|prior_board,88,16,sample_weight|is_cold_start|feature_coverage_score|prior_strength_score|prior_theme_boost|prior_seal_amount|prior_open_times|prior_turnover_rate,25,trade_date|verify_date|ts_code|name|prob|StrengthScore|ThemeBoost|run_id,6,board|area|market|latest_change_reason|limit_type|prior_board,88,rank:int64|sample_weight:float64|is_cold_start:float64|feature_coverage_score:float64|symbol:int64|board:float64|area:float64|market:float64,model:lgbm,,0.016979913169379524,0.016979913169379524,0.0034006659601219322,0.0034006659601219322,0.0034006659601219322,0.0034006659601219322,0.0034006659601219322,0.0034006659601219322,0.0034006659601219322,0.0034006659601219322,0,0,,,0,0,True,lr,/home/runner/work/top10-decision/top10-decision/models/eret_lr.joblib,meta_feature_contract,/home/runner/work/top10-decision/top10-decision/models/eret_meta.json,74,board|area|market|latest_change_reason|limit_type|prior_board,68,symbol|board|area|market|market_regime|latest_change_reason|limit_type|prior_board,74,2,prior_board|prior_prob_prior,49,trade_date|verify_date|ts_code|name|prob|StrengthScore|ThemeBoost|run_id,6,board|area|market|latest_change_reason|limit_type|prior_board,74,rank:float64|symbol:float64|board:float64|area:float64|market:float64|list_date:float64|open:float64|high:float64,2220,0.36585365853658536,0.36585365853658536,82,0.3658536585365854,1.0,-0.019187901956414857,0.048682224642638584,0.01121313333376305,0.01339623728472044,-0.019187901956414857,0.048682224642638584,0.01121313333376305,0.01339623728472044,0,0.0,15,0.18292682926829268,67,0.8170731707317073,model:lr,,RISK_ON,0.0002,0.0005,0.0006561,0.0,0.0,0.0004,0.0,0.0017561,0.0017561,0.0,0.0,0.0,0.0,0.00654475,0.006,0.0,0.0,0.0,0.0,0.0,0.0,0.0,0.006299612500000001,0.0,0.006299612500000001,0.006299612500000001,0.0,0.0,0.0,0.0,0.0,0.006299612500000001,0.006299612500000001,-0.006795026656959824,0.015939914446445873,0.03144978611611469,0.04738970056256056,0.009745333125000002,0.057135033687560566,-0.0639300603445204,v1_1_exec_aware,-0.0639300603445204,pred_plus_fs,,,,,,,,,,1,2026-05-19 00:32:49+0800
20260518,20260519,6,002272.SZ,川润股份,0.4402781126387008,50.329268,0.01,机械基件,26040646802,1,1c6e282fa96be950ae648ebe60bb3e8a3cd2b730,2026-05-18T14:43:26Z,20260519,0.4402781126387008,,2272,机械基件,四川,主板,20080919,19.8,20.61,19.5,20.61,9.9787,1.8772714437957132,9.9787,0.591283697234352,0.4314772925764185,9.547222707423582,420960.64,854311.385,10.3143,12.1509,0.83,1.1680401520108505e-05,,,,,,,,999332.1153,,,,380370.72,53813.83,171238.76,209131.96,,,,0.0,,,0.0,,,,,,0.0,,,,,,,,U,0.0,172439892.0,172439892.0,93548.0,93548.0,,,,,,20.61,16.87,0.0,,,0.0,1.0,0.0,2.195244557888553,20260518,20260519,,RISK_ON,,0.315351554,0.6304271657121098,0.6304271657121098,0.6304271657121098,True,lgbm,/home/runner/work/top10-decision/top10-decision/models/pfill_lgbm.joblib,meta_feature_contract,/home/runner/work/top10-decision/top10-decision/models/pfill_meta.json,88,board|area|market|latest_change_reason|limit_type|prior_board,82,symbol|board|area|market|market_regime|latest_change_reason|limit_type|prior_board,88,16,sample_weight|is_cold_start|feature_coverage_score|prior_strength_score|prior_theme_boost|prior_seal_amount|prior_open_times|prior_turnover_rate,25,trade_date|verify_date|ts_code|name|prob|StrengthScore|ThemeBoost|run_id,6,board|area|market|latest_change_reason|limit_type|prior_board,88,rank:int64|sample_weight:float64|is_cold_start:float64|feature_coverage_score:float64|symbol:int64|board:float64|area:float64|market:float64,model:lgbm,,0.017238343379161022,0.017238343379161022,0.008627310173835502,0.008627310173835502,0.008627310173835502,0.008627310173835502,0.008627310173835502,0.008627310173835502,0.008627310173835502,0.008627310173835502,0,0,,,0,0,True,lr,/home/runner/work/top10-decision/top10-decision/models/eret_lr.joblib,meta_feature_contract,/home/runner/work/top10-decision/top10-decision/models/eret_meta.json,74,board|area|market|latest_change_reason|limit_type|prior_board,68,symbol|board|area|market|market_regime|latest_change_reason|limit_type|prior_board,74,2,prior_board|prior_prob_prior,49,trade_date|verify_date|ts_code|name|prob|StrengthScore|ThemeBoost|run_id,6,board|area|market|latest_change_reason|limit_type|prior_board,74,rank:float64|symbol:float64|board:float64|area:float64|market:float64|list_date:float64|open:float64|high:float64,2220,0.36585365853658536,0.36585365853658536,82,0.3658536585365854,1.0,-0.019187901956414857,0.048682224642638584,0.01121313333376305,0.01339623728472044,-0.019187901956414857,0.048682224642638584,0.01121313333376305,0.01339623728472044,0,0.0,15,0.18292682926829268,67,0.8170731707317073,model:lr,,RISK_ON,0.0002,0.0005,8.100049999999997e-05,0.0,0.0,0.0004,0.0,0.0011810005,0.0011810005,0.0,0.0,0.0,0.0,0.0,0.006,0.0,0.0,0.0,0.0,0.0,0.0,0.0,0.0027,0.0,0.0027,0.0027,0.0,0.0,0.0,0.0,0.0,0.0027,0.0027,0.0015578902006103653,0.008668039360060924,0.013270098400152313,0.021938137760213236,0.004395,0.026333137760213236,-0.02477524755960287,v1_1_exec_aware,-0.02477524755960287,pred_plus_fs,,,,,,,,,,1,2026-05-19 00:32:49+0800
20260518,20260519,7,600903.SH,贵州燃气,0.3852473958988631,60.5,0.0164,供气供热,26040646802,1,1c6e282fa96be950ae648ebe60bb3e8a3cd2b730,2026-05-18T14:43:26Z,20260519,0.3852473958988631,,600903,供气供热,贵州,主板,20171107,7.62,8.81,7.62,8.81,9.9875,0.8018202502844141,9.9875,1.4841231555051084,1.4841231555051084,8.503376844494893,924621.96,785751.788,8.0401,23.6587,1.44,1.2710756949623386e-05,,,,,,,,1013158.2884,,,,380370.72,53813.83,171238.76,209131.96,,,,0.0,,,0.0,78488704.79,9.99,34.14,10131582884.48,34.14,0.0,,,,,,,,U,8.0,48958482.0,48958482.0,95524.0,110957.0,,,,,,8.81,7.21,0.0,,,0.0,1.0,0.0,1.1665442076070465,20260518,20260519,,RISK_ON,,0.6657212589999999,0.49064986237712654,0.49064986237712654,0.49064986237712654,True,lgbm,/home/runner/work/top10-decision/top10-decision/models/pfill_lgbm.joblib,meta_feature_contract,/home/runner/work/top10-decision/top10-decision/models/pfill_meta.json,88,board|area|market|latest_change_reason|limit_type|prior_board,82,symbol|board|area|market|market_regime|latest_change_reason|limit_type|prior_board,88,16,sample_weight|is_cold_start|feature_coverage_score|prior_strength_score|prior_theme_boost|prior_seal_amount|prior_open_times|prior_turnover_rate,25,trade_date|verify_date|ts_code|name|prob|StrengthScore|ThemeBoost|run_id,6,board|area|market|latest_change_reason|limit_type|prior_board,88,rank:int64|sample_weight:float64|is_cold_start:float64|feature_coverage_score:float64|symbol:int64|board:float64|area:float64|market:float64,model:lgbm,,0.015606621876965892,0.015606621876965892,0.028501377006974644,0.028501377006974644,0.028501377006974644,0.028501377006974644,0.028501377006974644,0.028501377006974644,0.028501377006974644,0.028501377006974644,0,0,,,0,0,True,lr,/home/runner/work/top10-decision/top10-decision/models/eret_lr.joblib,meta_feature_contract,/home/runner/work/top10-decision/top10-decision/models/eret_meta.json,74,board|area|market|latest_change_reason|limit_type|prior_board,68,symbol|board|area|market|market_regime|latest_change_reason|limit_type|prior_board,74,2,prior_board|prior_prob_prior,49,trade_date|verify_date|ts_code|name|prob|StrengthScore|ThemeBoost|run_id,6,board|area|market|latest_change_reason|limit_type|prior_board,74,rank:float64|symbol:float64|board:float64|area:float64|market:float64|list_date:float64|open:float64|high:float64,2220,0.36585365853658536,0.36585365853658536,82,0.3658536585365854,1.0,-0.019187901956414857,0.048682224642638584,0.01121313333376305,0.01339623728472044,-0.019187901956414857,0.048682224642638584,0.01121313333376305,0.01339623728472044,0,0.0,15,0.18292682926829268,67,0.8170731707317073,model:lr,,RISK_ON,0.0002,0.0005,1.403500000000024e-06,0.0006,0.0,0.0004,0.0,0.0017014035,0.0017014035,0.0,0.005,0.01,0.0,0.0,0.006,0.0,0.0,0.0,0.0,0.0,0.0,0.01,0.0027,0.0015,0.014199999999999999,0.014199999999999999,0.0,0.0,0.0,0.0,0.0,0.014199999999999999,0.014199999999999999,-0.0019172067939692908,0.012581803853440456,0.02305450963360114,0.0356363134870416,0.017185,0.052821313487041596,-0.05473852028101089,v1_1_exec_aware,-0.05473852028101089,pred_plus_fs,,,,,,,,,,1,2026-05-19 00:32:49+0800
20260518,20260519,8,002515.SZ,金字火腿,0.3958865829141016,51.207317,0.01,食品,26040646802,1,1c6e282fa96be950ae648ebe60bb3e8a3cd2b730,2026-05-18T14:43:26Z,20260519,0.3958865829141016,,2515,食品,浙江,主板,20101203,7.21,7.48,6.8,7.48,10.0,0.68,10.0,1.0000000000000009,0.3970588235294124,9.602941176470589,1528759.77,1113999.819,13.8745,15.5579,1.92,8.97666214073236e-06,,,,,,,,905539.3947,,,,380370.72,53813.83,171238.76,209131.96,,,,0.0,,,0.0,,,,,,0.0,,,,,,,,U,10.0,28345647.0,28345647.0,101136.0,103957.0,,,,,,7.48,6.12,0.0,,,0.0,1.0,0.0,1.1230033659193073,20260518,20260519,,RISK_ON,,0.7051996764999999,0.43920253426485023,0.43920253426485023,0.43920253426485023,True,lgbm,/home/runner/work/top10-decision/top10-decision/models/pfill_lgbm.joblib,meta_feature_contract,/home/runner/work/top10-decision/top10-decision/models/pfill_meta.json,88,board|area|market|latest_change_reason|limit_type|prior_board,82,symbol|board|area|market|market_regime|latest_change_reason|limit_type|prior_board,88,16,sample_weight|is_cold_start|feature_coverage_score|prior_strength_score|prior_theme_boost|prior_seal_amount|prior_open_times|prior_turnover_rate,25,trade_date|verify_date|ts_code|name|prob|StrengthScore|ThemeBoost|run_id,6,board|area|market|latest_change_reason|limit_type|prior_board,88,rank:int64|sample_weight:float64|is_cold_start:float64|feature_coverage_score:float64|symbol:int64|board:float64|area:float64|market:float64,model:lgbm,,0.015906597487423048,0.015906597487423048,0.015467199369935708,0.015467199369935708,0.015467199369935708,0.015467199369935708,0.015467199369935708,0.015467199369935708,0.015467199369935708,0.015467199369935708,0,0,,,0,0,True,lr,/home/runner/work/top10-decision/top10-decision/models/eret_lr.joblib,meta_feature_contract,/home/runner/work/top10-decision/top10-decision/models/eret_meta.json,74,board|area|market|latest_change_reason|limit_type|prior_board,68,symbol|board|area|market|market_regime|latest_change_reason|limit_type|prior_board,74,2,prior_board|prior_prob_prior,49,trade_date|verify_date|ts_code|name|prob|StrengthScore|ThemeBoost|run_id,6,board|area|market|latest_change_reason|limit_type|prior_board,74,rank:float64|symbol:float64|board:float64|area:float64|market:float64|list_date:float64|open:float64|high:float64,2220,0.36585365853658536,0.36585365853658536,82,0.3658536585365854,1.0,-0.019187901956414857,0.048682224642638584,0.01121313333376305,0.01339623728472044,-0.019187901956414857,0.048682224642638584,0.01121313333376305,0.01339623728472044,0,0.0,15,0.18292682926829268,67,0.8170731707317073,model:lr,,RISK_ON,0.0002,0.0005,0.0002056075,0.0006,0.0,0.0004,0.0,0.0019056075,0.0019056075,0.0,0.005,0.01,0.0,0.0,0.006,0.0,0.0,0.0,0.0,0.0,0.0,0.01,0.0027,0.0015,0.014199999999999999,0.014199999999999999,0.0,0.0,0.0,0.0,0.0,0.014199999999999999,0.014199999999999999,-0.009312374338744541,0.014022329040584192,0.02665582260146048,0.04067815164204468,0.017185,0.057863151642044676,-0.06717552598078921,v1_1_exec_aware,-0.06717552598078921,pred_plus_fs,,,,,,,,,,1,2026-05-19 00:32:49+0800
20260518,20260519,9,603938.SH,三孚股份,0.3385722360100309,61.731707,0.1736599148755986,化工原料,26040646802,1,1c6e282fa96be950ae648ebe60bb3e8a3cd2b730,2026-05-18T14:43:26Z,20260519,0.3385722360100309,,603938,化工原料,河北,主板,20170628,41.0,44.43,41.0,44.43,10.0025,4.038173142467621,10.0025,0.8493939905469277,0.8493939905469277,9.153106009453072,128869.72,565586.26,3.368,10.0671,0.37,1.768518916990664e-05,,,,,,,,1700000.6402,,,,380370.72,53813.83,171238.76,209131.96,,3.0,7.0,1.0,7.0,3.0,0.0,,,,,,0.0,,,,,,,,U,4.0,94553304.0,94553304.0,93204.0,93558.0,,,,,,44.43,36.35,1.0,7.0,3.0,0.0,1.0,0.0,1.5570576989017249,20260518,20260519,,RISK_ON,,0.559563348,0.7899587462376306,0.7899587462376306,0.7899587462376306,True,lgbm,/home/runner/work/top10-decision/top10-decision/models/pfill_lgbm.joblib,meta_feature_contract,/home/runner/work/top10-decision/top10-decision/models/pfill_meta.json,88,board|area|market|latest_change_reason|limit_type|prior_board,82,symbol|board|area|market|market_regime|latest_change_reason|limit_type|prior_board,88,16,sample_weight|is_cold_start|feature_coverage_score|prior_strength_score|prior_theme_boost|prior_seal_amount|prior_open_times|prior_turnover_rate,25,trade_date|verify_date|ts_code|name|prob|StrengthScore|ThemeBoost|run_id,6,board|area|market|latest_change_reason|limit_type|prior_board,88,rank:int64|sample_weight:float64|is_cold_start:float64|feature_coverage_score:float64|symbol:int64|board:float64|area:float64|market:float64,model:lgbm,,0.014678146824927723,0.014678146824927723,0.011816114131639594,0.011816114131639594,0.011816114131639594,0.011816114131639594,0.011816114131639594,0.011816114131639594,0.011816114131639594,0.011816114131639594,0,0,,,0,0,True,lr,/home/runner/work/top10-decision/top10-decision/models/eret_lr.joblib,meta_feature_contract,/home/runner/work/top10-decision/top10-decision/models/eret_meta.json,74,board|area|market|latest_change_reason|limit_type|prior_board,68,symbol|board|area|market|market_regime|latest_change_reason|limit_type|prior_board,74,2,prior_board|prior_prob_prior,49,trade_date|verify_date|ts_code|name|prob|StrengthScore|ThemeBoost|run_id,6,board|area|market|latest_change_reason|limit_type|prior_board,74,rank:float64|symbol:float64|board:float64|area:float64|market:float64|list_date:float64|open:float64|high:float64,2220,0.36585365853658536,0.36585365853658536,82,0.3658536585365854,1.0,-0.019187901956414857,0.048682224642638584,0.01121313333376305,0.01339623728472044,-0.019187901956414857,0.048682224642638584,0.01121313333376305,0.01339623728472044,0,0.0,15,0.18292682926829268,67,0.8170731707317073,model:lr,,RISK_ON,0.0002,0.0005,0.0006948000000000001,0.00047999999999999996,0.0,0.0004,0.0,0.0022748,0.0022748,0.0,0.005,0.009000000000000001,0.0,0.007093,0.006,0.0,0.0,0.0,0.0,0.0,0.0,0.009000000000000001,0.00660115,0.0015,0.017101150000000002,0.017101150000000002,0.0,0.0,0.0,0.0,0.0,0.017101150000000002,0.017101150000000002,-0.01004170729516924,0.004201155105346341,0.002102887763365853,0.0063040428687121935,0.023964332500000005,0.0302683753687122,-0.04031008266388144,v1_1_exec_aware,-0.04031008266388144,pred_plus_fs,,,,,,,,,,1,2026-05-19 00:32:49+0800
20260518,20260519,10,603303.SH,得邦照明,0.1555356624647427,73.707317,0.6729057079444091,家用电器,26040646802,1,1c6e282fa96be950ae648ebe60bb3e8a3cd2b730,2026-05-18T14:43:26Z,20260519,0.1555356624647427,,603303,家用电器,浙江,主板,20170330,19.66,21.89,19.66,21.89,10.0,1.99,10.0,1.1206030150753772,1.1206030150753772,8.879396984924623,60920.8,129612.558,1.2773,5.3092,0.87,7.71530178426075e-05,,,,,,,,1044031.6747,,,,380370.72,53813.83,171238.76,209131.96,,5.0,2.0,1.0,2.0,5.0,0.0,,,,,,0.0,,,,,,,,U,0.0,57347334.0,57347334.0,103432.0,103432.0,,,,,,21.89,17.91,1.0,2.0,5.0,0.0,1.0,0.0,2.314931349370813,20260518,20260519,,RISK_ON,,0.327712833,0.2934883153241203,0.2934883153241203,0.2934883153241203,True,lgbm,/home/runner/work/top10-decision/top10-decision/models/pfill_lgbm.joblib,meta_feature_contract,/home/runner/work/top10-decision/top10-decision/models/pfill_meta.json,88,board|area|market|latest_change_reason|limit_type|prior_board,82,symbol|board|area|market|market_regime|latest_change_reason|limit_type|prior_board,88,16,sample_weight|is_cold_start|feature_coverage_score|prior_strength_score|prior_theme_boost|prior_seal_amount|prior_open_times|prior_turnover_rate,25,trade_date|verify_date|ts_code|name|prob|StrengthScore|ThemeBoost|run_id,6,board|area|market|latest_change_reason|limit_type|prior_board,88,rank:int64|sample_weight:float64|is_cold_start:float64|feature_coverage_score:float64|symbol:int64|board:float64|area:float64|market:float64,model:lgbm,,0.01068478699777551,0.01068478699777551,-0.005117246330527372,-0.005117246330527372,-0.005117246330527372,-0.005117246330527372,-0.005117246330527372,-0.005117246330527372,-0.005117246330527372,-0.005117246330527372,0,0,,,0,0,True,lr,/home/runner/work/top10-decision/top10-decision/models/eret_lr.joblib,meta_feature_contract,/home/runner/work/top10-decision/top10-decision/models/eret_meta.json,74,board|area|market|latest_change_reason|limit_type|prior_board,68,symbol|board|area|market|market_regime|latest_change_reason|limit_type|prior_board,74,2,prior_board|prior_prob_prior,49,trade_date|verify_date|ts_code|name|prob|StrengthScore|ThemeBoost|run_id,6,board|area|market|latest_change_reason|limit_type|prior_board,74,rank:float64|symbol:float64|board:float64|area:float64|market:float64|list_date:float64|open:float64|high:float64,2220,0.36585365853658536,0.36585365853658536,82,0.3658536585365854,1.0,-0.019187901956414857,0.048682224642638584,0.01121313333376305,0.01339623728472044,-0.019187901956414857,0.048682224642638584,0.01121313333376305,0.01339623728472044,0,0.0,15,0.18292682926829268,67,0.8170731707317073,model:lr,,RISK_ON,0.0002,0.0005,0.001008405,0.0,0.0,0.0004,0.0,0.002108405,0.002108405,0.0,0.0,0.0,0.0,0.01,0.006,0.0,0.0,0.0,0.0,0.0,0.0,0.0,0.0082,0.0,0.0082,0.0082,0.0,0.0,0.0,0.0,0.0,0.0082,0.0082,-0.011810257004645015,0.01810232717092463,0.03685581792731158,0.05495814509823621,0.012885,0.06784314509823622,-0.07965340210288123,v1_1_exec_aware,-0.07965340210288123,pred_plus_fs,,,,,,,,,,1,2026-05-19 00:32:49+0800
20260518,20260519,11,600640.SH,国脉文化,0.2752773214900217,55.597561,0.0164,影视音像,26040646802,1,1c6e282fa96be950ae648ebe60bb3e8a3cd2b730,2026-05-18T14:43:26Z,20260519,0.2752773214900217,,600640,影视音像,上海,主板,19930407,12.8,13.82,12.76,13.82,10.0318,1.2527420729164778,10.0318,0.8461438494934881,0.8142138929088275,9.217586107091174,216551.39,288934.299,2.7215,8.8884,2.18,3.472000394110358e-05,,,,,,,,1099651.7891,,,,380370.72,53813.83,171238.76,209131.96,,,,0.0,,,0.0,21616103.87,7.48,29.47,10996517890.8,29.47,0.0,,,,,,,,U,0.0,78248176.0,78248176.0,104316.0,104316.0,,,,,,13.82,11.3,0.0,,,0.0,1.0,0.0,2.0885962659307724,20260518,20260519,,RISK_ON,,0.32448341199999997,0.3467933420150924,0.3467933420150924,0.3467933420150924,True,lgbm,/home/runner/work/top10-decision/top10-decision/models/pfill_lgbm.joblib,meta_feature_contract,/home/runner/work/top10-decision/top10-decision/models/pfill_meta.json,88,board|area|market|latest_change_reason|limit_type|prior_board,82,symbol|board|area|market|market_regime|latest_change_reason|limit_type|prior_board,88,16,sample_weight|is_cold_start|feature_coverage_score|prior_strength_score|prior_theme_boost|prior_seal_amount|prior_open_times|prior_turnover_rate,25,trade_date|verify_date|ts_code|name|prob|StrengthScore|ThemeBoost|run_id,6,board|area|market|latest_change_reason|limit_type|prior_board,88,rank:int64|sample_weight:float64|is_cold_start:float64|feature_coverage_score:float64|symbol:int64|board:float64|area:float64|market:float64,model:lgbm,,0.01230751964470065,0.01230751964470065,0.01170791110791069,0.01170791110791069,0.01170791110791069,0.01170791110791069,0.01170791110791069,0.01170791110791069,0.01170791110791069,0.01170791110791069,0,0,,,0,0,True,lr,/home/runner/work/top10-decision/top10-decision/models/eret_lr.joblib,meta_feature_contract,/home/runner/work/top10-decision/top10-decision/models/eret_meta.json,74,board|area|market|latest_change_reason|limit_type|prior_board,68,symbol|board|area|market|market_regime|latest_change_reason|limit_type|prior_board,74,2,prior_board|prior_prob_prior,49,trade_date|verify_date|ts_code|name|prob|StrengthScore|ThemeBoost|run_id,6,board|area|market|latest_change_reason|limit_type|prior_board,74,rank:float64|symbol:float64|board:float64|area:float64|market:float64|list_date:float64|open:float64|high:float64,2220,0.36585365853658536,0.36585365853658536,82,0.3658536585365854,1.0,-0.019187901956414857,0.048682224642638584,0.01121313333376305,0.01339623728472044,-0.019187901956414857,0.048682224642638584,0.01121313333376305,0.01339623728472044,0,0.0,15,0.18292682926829268,67,0.8170731707317073,model:lr,,RISK_ON,0.0002,0.0005,0.000791775,0.0,0.0,0.0004,0.0,0.0018917749999999998,0.0018917749999999998,0.0,0.0,0.0,0.0,0.0084668125,0.006,0.0,0.0,0.0,0.0,0.0,0.0,0.0,0.007356746875,0.0,0.007356746875,0.007356746875,0.0,0.0,0.0,0.0,0.0,0.007356746875,0.007356746875,-0.0051882962538720295,0.01660978642357741,0.033124466058943536,0.049734252482520946,0.01131661921875,0.06105087170127095,-0.06623916795514298,v1_1_exec_aware,-0.06623916795514298,pred_plus_fs,,,,,,,,,,1,2026-05-19 00:32:49+0800
20260518,20260519,12,603726.SH,朗迪集团,0.1479972680198756,73.792683,0.6729057079444091,家用电器,26040646802,1,1c6e282fa96be950ae648ebe60bb3e8a3cd2b730,2026-05-18T14:43:26Z,20260519,0.1479972680198756,,603726,家用电器,浙江,主板,20160421,30.15,30.15,29.6,30.15,9.9964,2.74180640937034,9.9964,0.2005976782752891,0.0,9.9964,52966.04,159402.824,2.8676,6.3939,0.66,6.271156149655165e-05,,,,,,,,559738.368,,,,380370.72,53813.83,171238.76,209131.96,,5.0,2.0,1.0,2.0,5.0,0.0,,,,,,0.0,,,,,,,,U,0.0,56350229.0,56350229.0,93141.0,93141.0,,,,,,30.15,24.67,1.0,2.0,5.0,0.0,1.0,0.0,2.313802380182561,20260518,20260519,,RISK_ON,,0.3361628855,0.9657645639885298,0.9657645639885298,0.9657645639885298,True,lgbm,/home/runner/work/top10-decision/top10-decision/models/pfill_lgbm.joblib,meta_feature_contract,/home/runner/work/top10-decision/top10-decision/models/pfill_meta.json,88,board|area|market|latest_change_reason|limit_type|prior_board,82,symbol|board|area|market|market_regime|latest_change_reason|limit_type|prior_board,88,16,sample_weight|is_cold_start|feature_coverage_score|prior_strength_score|prior_theme_boost|prior_seal_amount|prior_open_times|prior_turnover_rate,25,trade_date|verify_date|ts_code|name|prob|StrengthScore|ThemeBoost|run_id,6,board|area|market|latest_change_reason|limit_type|prior_board,88,rank:int64|sample_weight:float64|is_cold_start:float64|feature_coverage_score:float64|symbol:int64|board:float64|area:float64|market:float64,model:lgbm,,0.010458635164429495,0.010458635164429495,-0.0038466234277248074,-0.0038466234277248074,-0.0038466234277248074,-0.0038466234277248074,-0.0038466234277248074,-0.0038466234277248074,-0.0038466234277248074,-0.0038466234277248074,0,0,,,0,0,True,lr,/home/runner/work/top10-decision/top10-decision/models/eret_lr.joblib,meta_feature_contract,/home/runner/work/top10-decision/top10-decision/models/eret_meta.json,74,board|area|market|latest_change_reason|limit_type|prior_board,68,symbol|board|area|market|market_regime|latest_change_reason|limit_type|prior_board,74,2,prior_board|prior_prob_prior,49,trade_date|verify_date|ts_code|name|prob|StrengthScore|ThemeBoost|run_id,6,board|area|market|latest_change_reason|limit_type|prior_board,74,rank:float64|symbol:float64|board:float64|area:float64|market:float64|list_date:float64|open:float64|high:float64,2220,0.36585365853658536,0.36585365853658536,82,0.3658536585365854,1.0,-0.019187901956414857,0.048682224642638584,0.01121313333376305,0.01339623728472044,-0.019187901956414857,0.048682224642638584,0.01121313333376305,0.01339623728472044,0,0.0,15,0.18292682926829268,67,0.8170731707317073,model:lr,,RISK_ON,0.0002,0.0005,0.00076986,0.0,0.0,0.0004,0.0,0.0018698599999999999,0.0018698599999999999,0.0,0.0,0.0,0.0,0.00815635,0.006,0.0,0.0,0.0,0.0,0.0,0.0,0.0,0.0071859925,0.0,0.0071859925,0.0071859925,0.0,0.0,0.0,0.0,0.0,0.0071859925,0.0071859925,-0.012770785097504712,0.0,0.0,0.0,0.011062816125,0.011062816125,-0.023833601222504712,v1_1_exec_aware,-0.023833601222504712,pred_plus_fs,,,,,,,,,,1,2026-05-19 00:32:49+0800
20260518,20260519,13,600850.SH,电科数字,0.1885911788873939,67.219512,0.4258611773793213,软件服务,26040646802,1,1c6e282fa96be950ae648ebe60bb3e8a3cd2b730,2026-05-18T14:43:26Z,20260519,0.1885911788873939,,600850,软件服务,上海,主板,19940324,19.65,20.46,19.65,20.46,10.0,1.86,10.0,0.4354838709677431,0.4354838709677431,9.564516129032256,160294.18,326768.102,2.3566,4.0392,1.18,3.0602742246854924e-05,,,,,,,,1391686.6241,,,,380370.72,53813.83,171238.76,209131.96,,5.0,4.0,1.0,4.0,5.0,0.0,,,,,,0.0,,,,,,,,U,3.0,85772616.0,85772616.0,93111.0,93628.0,,,,,,20.46,16.74,1.0,4.0,5.0,0.0,1.0,0.0,1.5971157908743334,20260518,20260519,,RISK_ON,,0.49889669200000003,0.9575241622348422,0.9575241622348422,0.9575241622348422,True,lgbm,/home/runner/work/top10-decision/top10-decision/models/pfill_lgbm.joblib,meta_feature_contract,/home/runner/work/top10-decision/top10-decision/models/pfill_meta.json,88,board|area|market|latest_change_reason|limit_type|prior_board,82,symbol|board|area|market|market_regime|latest_change_reason|limit_type|prior_board,88,16,sample_weight|is_cold_start|feature_coverage_score|prior_strength_score|prior_theme_boost|prior_seal_amount|prior_open_times|prior_turnover_rate,25,trade_date|verify_date|ts_code|name|prob|StrengthScore|ThemeBoost|run_id,6,board|area|market|latest_change_reason|limit_type|prior_board,88,rank:int64|sample_weight:float64|is_cold_start:float64|feature_coverage_score:float64|symbol:int64|board:float64|area:float64|market:float64,model:lgbm,,0.010935318898759781,0.010935318898759781,-0.0002025491015527946,-0.0002025491015527946,-0.0002025491015527946,-0.0002025491015527946,-0.0002025491015527946,-0.0002025491015527946,-0.0002025491015527946,-0.0002025491015527946,0,0,,,0,0,True,lr,/home/runner/work/top10-decision/top10-decision/models/eret_lr.joblib,meta_feature_contract,/home/runner/work/top10-decision/top10-decision/models/eret_meta.json,74,board|area|market|latest_change_reason|limit_type|prior_board,68,symbol|board|area|market|market_regime|latest_change_reason|limit_type|prior_board,74,2,prior_board|prior_prob_prior,49,trade_date|verify_date|ts_code|name|prob|StrengthScore|ThemeBoost|run_id,6,board|area|market|latest_change_reason|limit_type|prior_board,74,rank:float64|symbol:float64|board:float64|area:float64|market:float64|list_date:float64|open:float64|high:float64,2220,0.36585365853658536,0.36585365853658536,82,0.3658536585365854,1.0,-0.019187901956414857,0.048682224642638584,0.01121313333376305,0.01339623728472044,-0.019187901956414857,0.048682224642638584,0.01121313333376305,0.01339623728472044,0,0.0,15,0.18292682926829268,67,0.8170731707317073,model:lr,,RISK_ON,0.0002,0.0005,0.00084651,0.00035999999999999997,0.0,0.0004,0.0,0.00230651,0.00230651,0.0,0.005,0.0075,0.0,0.009242225,0.006,0.0,0.0,0.0,0.0,0.0,0.0,0.0075,0.00778322375,0.0015,0.01678322375,0.01678322375,0.0,0.0,0.0,0.0,0.0,0.01678322375,0.01678322375,-0.019283679408775758,0.0,0.0,0.0,0.0242237755625,0.0242237755625,-0.043507454971275755,v1_1_exec_aware,-0.043507454971275755,pred_plus_fs,,,,,,,,,,1,2026-05-19 00:32:49+0800
20260518,20260519,14,002121.SZ,科陆电子,0.2480395824934817,61.304878,0.01,电器仪表,26040646802,1,1c6e282fa96be950ae648ebe60bb3e8a3cd2b730,2026-05-18T14:43:26Z,20260519,0.2480395824934817,,2121,电器仪表,深圳,主板,20070306,6.78,7.52,6.67,7.52,9.9415,0.687291504821094,9.9415,1.23673869680851,1.0766901595744671,8.864809840425531,657121.69,478780.119,4.6779,6.1815,1.87,2.076422893407569e-05,,,,,,,,1252556.383,,,,380370.72,53813.83,171238.76,209131.96,,,,0.0,,,0.0,,,,,,0.0,,,,,,,,U,0.0,90922793.0,90922793.0,101451.0,101451.0,,,,,,7.52,6.16,0.0,,,0.0,1.0,0.0,2.1029470635557894,20260518,20260519,,RISK_ON,,0.32792810349999996,0.42899114536514654,0.42899114536514654,0.42899114536514654,True,lgbm,/home/runner/work/top10-decision/top10-decision/models/pfill_lgbm.joblib,meta_feature_contract,/home/runner/work/top10-decision/top10-decision/models/pfill_meta.json,88,board|area|market|latest_change_reason|limit_type|prior_board,82,symbol|board|area|market|market_regime|latest_change_reason|limit_type|prior_board,88,16,sample_weight|is_cold_start|feature_coverage_score|prior_strength_score|prior_theme_boost|prior_seal_amount|prior_open_times|prior_turnover_rate,25,trade_date|verify_date|ts_code|name|prob|StrengthScore|ThemeBoost|run_id,6,board|area|market|latest_change_reason|limit_type|prior_board,88,rank:int64|sample_weight:float64|is_cold_start:float64|feature_coverage_score:float64|symbol:int64|board:float64|area:float64|market:float64,model:lgbm,,0.011471187474804452,0.011471187474804452,0.003839107487635765,0.003839107487635765,0.003839107487635765,0.003839107487635765,0.003839107487635765,0.003839107487635765,0.003839107487635765,0.003839107487635765,0,0,,,0,0,True,lr,/home/runner/work/top10-decision/top10-decision/models/eret_lr.joblib,meta_feature_contract,/home/runner/work/top10-decision/top10-decision/models/eret_meta.json,74,board|area|market|latest_change_reason|limit_type|prior_board,68,symbol|board|area|market|market_regime|latest_change_reason|limit_type|prior_board,74,2,prior_board|prior_prob_prior,49,trade_date|verify_date|ts_code|name|prob|StrengthScore|ThemeBoost|run_id,6,board|area|market|latest_change_reason|limit_type|prior_board,74,rank:float64|symbol:float64|board:float64|area:float64|market:float64|list_date:float64|open:float64|high:float64,2220,0.36585365853658536,0.36585365853658536,82,0.3658536585365854,1.0,-0.019187901956414857,0.048682224642638584,0.01121313333376305,0.01339623728472044,-0.019187901956414857,0.048682224642638584,0.01121313333376305,0.01339623728472044,0,0.0,15,0.18292682926829268,67,0.8170731707317073,model:lr,,RISK_ON,0.0002,0.0005,0.00011627349999999998,0.0,0.0,0.0004,0.0,0.0012162734999999999,0.0012162734999999999,0.0,0.0,0.0,0.0,0.0043094625,0.006,0.0,0.0,0.0,0.0,0.0,0.0,0.0,0.005070204375,0.0,0.005070204375,0.005070204375,0.0,0.0,0.0,0.0,0.0,0.005070204375,0.005070204375,-0.004639534756699223,0.014308247929775897,0.02737061982443974,0.041678867754215636,0.00791798559375,0.04959685334796564,-0.054236388104664864,v1_1_exec_aware,-0.054236388104664864,pred_plus_fs,,,,,,,,,,1,2026-05-19 00:32:49+0800
20260518,20260519,15,600446.SH,金证股份,0.1839558087144092,67.463415,0.4258611773793213,软件服务,26040646802,1,1c6e282fa96be950ae648ebe60bb3e8a3cd2b730,2026-05-18T14:43:26Z,20260519,0.1839558087144092,,600446,软件服务,深圳,主板,20031224,12.79,14.12,12.71,14.12,9.9688,1.2872875793158778,9.9688,1.0953263456090638,1.0331801699716714,8.935619830028328,471289.23,647737.16,5.007,6.6421,1.9,1.5390193145627154e-05,,,,,,,,1329069.6803,,,,380370.72,53813.83,171238.76,209131.96,,5.0,4.0,1.0,4.0,5.0,0.0,,,,,,0.0,,,,,,,,U,1.0,18207740.0,18207740.0,104825.0,131958.0,,,,,,14.12,11.56,1.0,4.0,5.0,0.0,1.0,0.0,1.7706156597827707,20260518,20260519,,RISK_ON,,0.42593112999999994,0.40107621666590515,0.40107621666590515,0.40107621666590515,True,lgbm,/home/runner/work/top10-decision/top10-decision/models/pfill_lgbm.joblib,meta_feature_contract,/home/runner/work/top10-decision/top10-decision/models/pfill_meta.json,88,board|area|market|latest_change_reason|limit_type|prior_board,82,symbol|board|area|market|market_regime|latest_change_reason|limit_type|prior_board,88,16,sample_weight|is_cold_start|feature_coverage_score|prior_strength_score|prior_theme_boost|prior_seal_amount|prior_open_times|prior_turnover_rate,25,trade_date|verify_date|ts_code|name|prob|StrengthScore|ThemeBoost|run_id,6,board|area|market|latest_change_reason|limit_type|prior_board,88,rank:int64|sample_weight:float64|is_cold_start:float64|feature_coverage_score:float64|symbol:int64|board:float64|area:float64|market:float64,model:lgbm,,0.01079625779357024,0.01079625779357024,-0.0017277429145135682,-0.0017277429145135682,-0.0017277429145135682,-0.0017277429145135682,-0.0017277429145135682,-0.0017277429145135682,-0.0017277429145135682,-0.0017277429145135682,0,0,,,0,0,True,lr,/home/runner/work/top10-decision/top10-decision/models/eret_lr.joblib,meta_feature_contract,/home/runner/work/top10-decision/top10-decision/models/eret_meta.json,74,board|area|market|latest_change_reason|limit_type|prior_board,68,symbol|board|area|market|market_regime|latest_change_reason|limit_type|prior_board,74,2,prior_board|prior_prob_prior,49,trade_date|verify_date|ts_code|name|prob|StrengthScore|ThemeBoost|run_id,6,board|area|market|latest_change_reason|limit_type|prior_board,74,rank:float64|symbol:float64|board:float64|area:float64|market:float64|list_date:float64|open:float64|high:float64,2220,0.36585365853658536,0.36585365853658536,82,0.3658536585365854,1.0,-0.019187901956414857,0.048682224642638584,0.01121313333376305,0.01339623728472044,-0.019187901956414857,0.048682224642638584,0.01121313333376305,0.01339623728472044,0,0.0,15,0.18292682926829268,67,0.8170731707317073,model:lr,,RISK_ON,0.0002,0.0005,0.000104755,0.00011999999999999999,0.0,0.0004,0.0,0.001324755,0.001324755,0.0,0.005,0.002,0.0,0.0036101250000000005,0.006,0.0,0.0,0.0,0.0,0.0,0.0,0.005,0.004685568750000001,0.0006,0.010285568750000001,0.010285568750000001,0.0,0.0,0.0,0.0,0.0,0.010285568750000001,0.010285568750000001,-0.012303280341524428,0.015089865933354653,0.029324664833386638,0.04441453076674129,0.013359783125000002,0.05777431389174129,-0.07007759423326572,v1_1_exec_aware,-0.07007759423326572,pred_plus_fs,,,,,,,,,,1,2026-05-19 00:32:49+0800
20260518,20260519,16,600676.SH,交运股份,0.2232899931158756,62.256098,0.0637942950693908,汽车配件,26040646802,1,1c6e282fa96be950ae648ebe60bb3e8a3cd2b730,2026-05-18T14:43:26Z,20260519,0.2232899931158756,,600676,汽车配件,上海,主板,19930928,8.06,8.09,7.62,8.09,10.068,0.7309360318033972,10.068,0.643011124845488,0.041043263288009,10.026956736711991,272167.97,219238.561,2.6463,4.9315,0.98,4.592257837342765e-05,,,,,,,,832050.7917,,,,380370.72,53813.83,171238.76,209131.96,,3.0,9.0,1.0,9.0,3.0,0.0,27483144.73,12.54,52.93,8320507916.96,52.93,0.0,,,,,,,,U,0.0,60251108.0,60251108.0,93239.0,93239.0,,,,,,8.09,6.62,1.0,9.0,3.0,0.0,1.0,0.0,2.318219138897138,20260518,20260519,,RISK_ON,,0.333105946,0.98,0.98,0.98,True,lgbm,/home/runner/work/top10-decision/top10-decision/models/pfill_lgbm.joblib,meta_feature_contract,/home/runner/work/top10-decision/top10-decision/models/pfill_meta.json,88,board|area|market|latest_change_reason|limit_type|prior_board,82,symbol|board|area|market|market_regime|latest_change_reason|limit_type|prior_board,88,16,sample_weight|is_cold_start|feature_coverage_score|prior_strength_score|prior_theme_boost|prior_seal_amount|prior_open_times|prior_turnover_rate,25,trade_date|verify_date|ts_code|name|prob|StrengthScore|ThemeBoost|run_id,6,board|area|market|latest_change_reason|limit_type|prior_board,88,rank:int64|sample_weight:float64|is_cold_start:float64|feature_coverage_score:float64|symbol:int64|board:float64|area:float64|market:float64,model:lgbm,,0.01089008267868444,0.01089008267868444,0.005785348189459769,0.005785348189459769,0.005785348189459769,0.005785348189459769,0.005785348189459769,0.005785348189459769,0.005785348189459769,0.005785348189459769,0,0,,,0,0,True,lr,/home/runner/work/top10-decision/top10-decision/models/eret_lr.joblib,meta_feature_contract,/home/runner/work/top10-decision/top10-decision/models/eret_meta.json,74,board|area|market|latest_change_reason|limit_type|prior_board,68,symbol|board|area|market|market_regime|latest_change_reason|limit_type|prior_board,74,2,prior_board|prior_prob_prior,49,trade_date|verify_date|ts_code|name|prob|StrengthScore|ThemeBoost|run_id,6,board|area|market|latest_change_reason|limit_type|prior_board,74,rank:float64|symbol:float64|board:float64|area:float64|market:float64|list_date:float64|open:float64|high:float64,2220,0.36585365853658536,0.36585365853658536,82,0.3658536585365854,1.0,-0.019187901956414857,0.048682224642638584,0.01121313333376305,0.01339623728472044,-0.019187901956414857,0.048682224642638584,0.01121313333376305,0.01339623728472044,0,0.0,15,0.18292682926829268,67,0.8170731707317073,model:lr,,RISK_ON,0.0002,0.0005,0.000803055,0.0,0.0,0.0004,0.0,0.0019030549999999999,0.0019030549999999999,0.0,0.0,0.0,0.0,0.0086266125,0.006,0.0,0.0,0.0,0.0,0.0,0.0,0.0,0.0074446368750000005,0.0,0.0074446368750000005,0.0074446368750000005,0.0,0.0,0.0,0.0,0.0,0.0074446368750000005,0.0074446368750000005,-0.0036780506493294266,0.0,0.0,0.0,0.01144725571875,0.01144725571875,-0.015125306368079426,v1_1_exec_aware,-0.015125306368079426,pred_plus_fs,,,,,,,,,,1,2026-05-19 00:32:49+0800
20260518,20260519,17,002927.SZ,泰永长征,0.2058988410678453,48.463415,0.5394931282264485,电气设备,26040646802,1,1c6e282fa96be950ae648ebe60bb3e8a3cd2b730,2026-05-18T14:43:26Z,20260519,0.2058988410678453,,2927,电气设备,贵州,主板,20180223,19.5,21.56,19.31,21.56,10.0,1.96,10.0,1.1479591836734695,1.0510204081632646,8.948979591836734,293592.76,610925.201,13.3022,27.3421,3.17,1.6368615967439852e-05,,,,,,,,481202.3401,,,,380370.72,53813.83,171238.76,209131.96,,5.0,3.0,1.0,3.0,5.0,0.0,,,,,,0.0,,,,,,,,U,3.0,68810443.0,68810443.0,142006.0,143909.0,,,,,,21.56,17.64,1.0,3.0,5.0,0.0,1.0,0.0,1.5779104206447223,20260518,20260519,,RISK_ON,,0.5621057785,0.7348961548655977,0.7348961548655977,0.7348961548655977,True,lgbm,/home/runner/work/top10-decision/top10-decision/models/pfill_lgbm.joblib,meta_feature_contract,/home/runner/work/top10-decision/top10-decision/models/pfill_meta.json,88,board|area|market|latest_change_reason|limit_type|prior_board,82,symbol|board|area|market|market_regime|latest_change_reason|limit_type|prior_board,88,16,sample_weight|is_cold_start|feature_coverage_score|prior_strength_score|prior_theme_boost|prior_seal_amount|prior_open_times|prior_turnover_rate,25,trade_date|verify_date|ts_code|name|prob|StrengthScore|ThemeBoost|run_id,6,board|area|market|latest_change_reason|limit_type|prior_board,88,rank:int64|sample_weight:float64|is_cold_start:float64|feature_coverage_score:float64|symbol:int64|board:float64|area:float64|market:float64,model:lgbm,,0.011795444616714704,0.011795444616714704,-0.00040571307662171444,-0.00040571307662171444,-0.00040571307662171444,-0.00040571307662171444,-0.00040571307662171444,-0.00040571307662171444,-0.00040571307662171444,-0.00040571307662171444,0,0,,,0,0,True,lr,/home/runner/work/top10-decision/top10-decision/models/eret_lr.joblib,meta_feature_contract,/home/runner/work/top10-decision/top10-decision/models/eret_meta.json,74,board|area|market|latest_change_reason|limit_type|prior_board,68,symbol|board|area|market|market_regime|latest_change_reason|limit_type|prior_board,74,2,prior_board|prior_prob_prior,49,trade_date|verify_date|ts_code|name|prob|StrengthScore|ThemeBoost|run_id,6,board|area|market|latest_change_reason|limit_type|prior_board,74,rank:float64|symbol:float64|board:float64|area:float64|market:float64|list_date:float64|open:float64|high:float64,2220,0.36585365853658536,0.36585365853658536,82,0.3658536585365854,1.0,-0.019187901956414857,0.048682224642638584,0.01121313333376305,0.01339623728472044,-0.019187901956414857,0.048682224642638584,0.01121313333376305,0.01339623728472044,0,0.0,15,0.18292682926829268,67,0.8170731707317073,model:lr,,RISK_ON,0.0002,0.0005,0.00018557699999999995,0.00035999999999999997,0.0,0.0004,0.0,0.001645577,0.001645577,0.0,0.005,0.0075,0.0,0.0,0.006,0.0,0.0,0.0,0.0,0.0,0.0,0.0075,0.0027,0.0015,0.0117,0.0117,0.0,0.0,0.0,0.0,0.0,0.0117,0.0117,-0.01364373397998799,0.005742907663763264,0.00595726915940816,0.011700176823171423,0.013935000000000001,0.025635176823171422,-0.039278910803159414,v1_1_exec_aware,-0.039278910803159414,pred_plus_fs,,,,,,,,,,1,2026-05-19 00:32:49+0800
20260518,20260519,18,002881.SZ,美格智能,0.1659995146015478,48.939024,0.83,元器件,26040646802,1,1c6e282fa96be950ae648ebe60bb3e8a3cd2b730,2026-05-18T14:43:26Z,20260519,0.1659995146015478,,2881,元器件,深圳,主板,20170622,40.58,44.64,40.31,44.64,10.0049,4.056374887550092,10.0049,1.0674555779569888,1.0008936827956991,9.004006317204299,137499.53,594625.715,7.558,10.5709,2.73,1.6825542097519278e-05,,,,,,,,1348162.3728,,,,380370.72,53813.83,171238.76,209131.96,,9.0,1.0,1.0,1.0,9.0,0.0,,,,,,0.0,,,,,,,,U,0.0,55008979.0,55008979.0,131124.0,131124.0,,,,,,44.64,36.52,1.0,1.0,9.0,0.0,1.0,0.0,2.312283753835543,20260518,20260519,,RISK_ON,,0.36028551049999996,0.4719676778808665,0.4719676778808665,0.4719676778808665,True,lgbm,/home/runner/work/top10-decision/top10-decision/models/pfill_lgbm.joblib,meta_feature_contract,/home/runner/work/top10-decision/top10-decision/models/pfill_meta.json,88,board|area|market|latest_change_reason|limit_type|prior_board,82,symbol|board|area|market|market_regime|latest_change_reason|limit_type|prior_board,88,16,sample_weight|is_cold_start|feature_coverage_score|prior_strength_score|prior_theme_boost|prior_seal_amount|prior_open_times|prior_turnover_rate,25,trade_date|verify_date|ts_code|name|prob|StrengthScore|ThemeBoost|run_id,6,board|area|market|latest_change_reason|limit_type|prior_board,88,rank:int64|sample_weight:float64|is_cold_start:float64|feature_coverage_score:float64|symbol:int64|board:float64|area:float64|market:float64,model:lgbm,,0.011469985438046434,0.011469985438046434,-0.019187901956414857,-0.019187901956414857,-0.019187901956414857,-0.019187901956414857,-0.019187901956414857,-0.019187901956414857,-0.019187901956414857,-0.019187901956414857,0,0,,,0,0,True,lr,/home/runner/work/top10-decision/top10-decision/models/eret_lr.joblib,meta_feature_contract,/home/runner/work/top10-decision/top10-decision/models/eret_meta.json,74,board|area|market|latest_change_reason|limit_type|prior_board,68,symbol|board|area|market|market_regime|latest_change_reason|limit_type|prior_board,74,2,prior_board|prior_prob_prior,49,trade_date|verify_date|ts_code|name|prob|StrengthScore|ThemeBoost|run_id,6,board|area|market|latest_change_reason|limit_type|prior_board,74,rank:float64|symbol:float64|board:float64|area:float64|market:float64|list_date:float64|open:float64|high:float64,2220,0.36585365853658536,0.36585365853658536,82,0.3658536585365854,1.0,-0.019187901956414857,0.048682224642638584,0.01121313333376305,0.01339623728472044,-0.019187901956414857,0.048682224642638584,0.01121313333376305,0.01339623728472044,0,0.0,15,0.18292682926829268,67,0.8170731707317073,model:lr,,RISK_ON,0.0002,0.0005,1.5470000000000006e-05,0.0,0.0,0.0004,0.0,0.00111547,0.00111547,0.0,0.0,0.0,0.0,0.0,0.006,0.0,0.0,0.0,0.0,0.0,0.0,0.0,0.0027,0.0,0.0027,0.0027,0.0,0.0,0.0,0.0,0.0,0.0027,0.0027,-0.012871539529774857,0.013104905019335736,0.024362262548339342,0.037467167567675076,0.004395,0.04186216756767508,-0.054733707097449937,v1_1_exec_aware,-0.054733707097449937,pred_plus_fs,,,,,,,,,,1,2026-05-19 00:32:49+0800
20260518,20260519,19,600847.SH,万里股份,0.1689956842658035,56.012195,0.5394931282264485,电气设备,26040646802,1,1c6e282fa96be950ae648ebe60bb3e8a3cd2b730,2026-05-18T14:43:26Z,20260519,0.1689956842658035,,600847,电气设备,重庆,主板,19940324,15.14,16.9,14.83,16.9,10.026,1.5327407944857607,10.026,1.3505218934911234,1.148269822485206,8.877730177514794,128542.45,205197.913,8.3857,15.8008,2.65,4.886014605811317e-05,,,,,,,,259055.706,,,,380370.72,53813.83,171238.76,209131.96,,5.0,3.0,1.0,3.0,5.0,0.0,,,,,,0.0,,,,,,,,U,0.0,22172800.0,22172800.0,144404.0,144404.0,,,,,,16.9,13.82,1.0,3.0,5.0,0.0,1.0,0.0,2.2751050872448437,20260518,20260519,,RISK_ON,,0.38084209999999996,0.7969093167157374,0.7969093167157374,0.7969093167157374,True,lgbm,/home/runner/work/top10-decision/top10-decision/models/pfill_lgbm.joblib,meta_feature_contract,/home/runner/work/top10-decision/top10-decision/models/pfill_meta.json,88,board|area|market|latest_change_reason|limit_type|prior_board,82,symbol|board|area|market|market_regime|latest_change_reason|limit_type|prior_board,88,16,sample_weight|is_cold_start|feature_coverage_score|prior_strength_score|prior_theme_boost|prior_seal_amount|prior_open_times|prior_turnover_rate,25,trade_date|verify_date|ts_code|name|prob|StrengthScore|ThemeBoost|run_id,6,board|area|market|latest_change_reason|limit_type|prior_board,88,rank:int64|sample_weight:float64|is_cold_start:float64|feature_coverage_score:float64|symbol:int64|board:float64|area:float64|market:float64,model:lgbm,,0.010688349912653449,0.010688349912653449,-0.00897047082514192,-0.00897047082514192,-0.00897047082514192,-0.00897047082514192,-0.00897047082514192,-0.00897047082514192,-0.00897047082514192,-0.00897047082514192,0,0,,,0,0,True,lr,/home/runner/work/top10-decision/top10-decision/models/eret_lr.joblib,meta_feature_contract,/home/runner/work/top10-decision/top10-decision/models/eret_meta.json,74,board|area|market|latest_change_reason|limit_type|prior_board,68,symbol|board|area|market|market_regime|latest_change_reason|limit_type|prior_board,74,2,prior_board|prior_prob_prior,49,trade_date|verify_date|ts_code|name|prob|StrengthScore|ThemeBoost|run_id,6,board|area|market|latest_change_reason|limit_type|prior_board,74,rank:float64|symbol:float64|board:float64|area:float64|market:float64|list_date:float64|open:float64|high:float64,2220,0.36585365853658536,0.36585365853658536,82,0.3658536585365854,1.0,-0.019187901956414857,0.048682224642638584,0.01121313333376305,0.01339623728472044,-0.019187901956414857,0.048682224642638584,0.01121313333376305,0.01339623728472044,0,0.0,15,0.18292682926829268,67,0.8170731707317073,model:lr,,RISK_ON,0.0002,0.0005,1.3499499999999998e-05,0.0,0.0,0.0004,0.0,0.0011134995,0.0011134995,0.0,0.0,0.0,0.0,0.0,0.006,0.0,0.0,0.0,0.0,0.0,0.0,0.0,0.0027,0.0,0.0027,0.0027,0.0,0.0,0.0,0.0,0.0,0.0027,0.0027,-0.010962151275882303,0.004006539131959351,0.0016163478298983794,0.005622886961857731,0.004395,0.01001788696185773,-0.020980038237740035,v1_1_exec_aware,-0.020980038237740035,pred_plus_fs,,,,,,,,,,1,2026-05-19 00:32:49+0800
20260518,20260519,20,603060.SH,国检集团,0.1483242224470685,65.256098,0.328751396590983,建筑工程,26040646802,1,1c6e282fa96be950ae648ebe60bb3e8a3cd2b730,2026-05-18T14:43:26Z,20260519,0.1483242224470685,,603060,建筑工程,北京,主板,20161109,6.9,7.13,6.77,7.13,10.0309,0.6463661169986129,10.0309,0.5569598877980371,0.3558354838709671,9.675064516129034,175961.26,123378.721,2.1887,6.929,1.18,8.130170193610615e-05,,,,,,,,573224.1852,,,,380370.72,53813.83,171238.76,209131.96,,4.0,5.0,1.0,5.0,4.0,0.0,,,,,,0.0,,,,,,,,U,1.0,84911875.0,84911875.0,93426.0,93508.0,,,,,,7.13,5.83,1.0,5.0,4.0,0.0,1.0,0.0,1.8461412194219136,20260518,20260519,,RISK_ON,,0.3784875625,0.939206753918825,0.939206753918825,0.939206753918825,True,lgbm,/home/runner/work/top10-decision/top10-decision/models/pfill_lgbm.joblib,meta_feature_contract,/home/runner/work/top10-decision/top10-decision/models/pfill_meta.json,88,board|area|market|latest_change_reason|limit_type|prior_board,82,symbol|board|area|market|market_regime|latest_change_reason|limit_type|prior_board,88,16,sample_weight|is_cold_start|feature_coverage_score|prior_strength_score|prior_theme_boost|prior_seal_amount|prior_open_times|prior_turnover_rate,25,trade_date|verify_date|ts_code|name|prob|StrengthScore|ThemeBoost|run_id,6,board|area|market|latest_change_reason|limit_type|prior_board,88,rank:int64|sample_weight:float64|is_cold_start:float64|feature_coverage_score:float64|symbol:int64|board:float64|area:float64|market:float64,model:lgbm,,0.009435980863185004,0.009435980863185004,0.005315726286149607,0.005315726286149607,0.005315726286149607,0.005315726286149607,0.005315726286149607,0.005315726286149607,0.005315726286149607,0.005315726286149607,0,0,,,0,0,True,lr,/home/runner/work/top10-decision/top10-decision/models/eret_lr.joblib,meta_feature_contract,/home/runner/work/top10-decision/top10-decision/models/eret_meta.json,74,board|area|market|latest_change_reason|limit_type|prior_board,68,symbol|board|area|market|market_regime|latest_change_reason|limit_type|prior_board,74,2,prior_board|prior_prob_prior,49,trade_date|verify_date|ts_code|name|prob|StrengthScore|ThemeBoost|run_id,6,board|area|market|latest_change_reason|limit_type|prior_board,74,rank:float64|symbol:float64|board:float64|area:float64|market:float64|list_date:float64|open:float64|high:float64,2220,0.36585365853658536,0.36585365853658536,82,0.3658536585365854,1.0,-0.019187901956414857,0.048682224642638584,0.01121313333376305,0.01339623728472044,-0.019187901956414857,0.048682224642638584,0.01121313333376305,0.01339623728472044,0,0.0,15,0.18292682926829268,67,0.8170731707317073,model:lr,,RISK_ON,0.0002,0.0005,0.000871695,0.00011999999999999999,0.0,0.0004,0.0,0.002091695,0.002091695,0.0,0.005,0.002,0.0,0.0095990125,0.006,0.0,0.0,0.0,0.0,0.0,0.0,0.005,0.007979456875,0.0006,0.013579456875,0.013579456875,0.0,0.0,0.0,0.0,0.0,0.013579456875,0.013579456875,-0.010678585845064457,2.221089027289791e-05,0.0,2.221089027289791e-05,0.0197379483125,0.0197601592027729,-0.030438745047837355,v1_1_exec_aware,-0.030438745047837355,pred_plus_fs,,,,,,,,,,1,2026-05-19 00:32:49+0800
20260518,20260519,21,688507.SH,索辰科技,0.2199081594362197,35.52439,0.4322611773793213,软件服务,26040646802,1,1c6e282fa96be950ae648ebe60bb3e8a3cd2b730,2026-05-18T14:43:26Z,20260519,0.2199081594362197,,688507,软件服务,上海,科创板,20230418,121.79,129.02,121.79,129.02,19.9963,6.144892195291551,19.9963,1.1765869555107742,1.1765869555107742,18.819713044489227,61411.11,783772.666,12.4729,12.4729,1.74,2.5512882583736345e-05,,,,,,,,1149681.5312,,,,380370.72,53813.83,171238.76,209131.96,,5.0,4.0,1.0,4.0,5.0,0.0,-106100758.11,-5.75,32.77,6352393884.6,32.77,0.0,,,,,,,,U,1.0,167952817.0,167952817.0,93104.0,93325.0,,,,,,129.02,86.02,1.0,4.0,5.0,0.0,1.0,0.0,1.940164080486098,20260518,20260519,,RISK_ON,,0.3883880915,0.9090559923772389,0.9090559923772389,0.9090559923772389,True,lgbm,/home/runner/work/top10-decision/top10-decision/models/pfill_lgbm.joblib,meta_feature_contract,/home/runner/work/top10-decision/top10-decision/models/pfill_meta.json,88,board|area|market|latest_change_reason|limit_type|prior_board,82,symbol|board|area|market|market_regime|latest_change_reason|limit_type|prior_board,88,16,sample_weight|is_cold_start|feature_coverage_score|prior_strength_score|prior_theme_boost|prior_seal_amount|prior_open_times|prior_turnover_rate,25,trade_date|verify_date|ts_code|name|prob|StrengthScore|ThemeBoost|run_id,6,board|area|market|latest_change_reason|limit_type|prior_board,88,rank:int64|sample_weight:float64|is_cold_start:float64|feature_coverage_score:float64|symbol:int64|board:float64|area:float64|market:float64,model:lgbm,,0.011894028315224554,0.011894028315224554,0.004106133609844925,0.004106133609844925,0.004106133609844925,0.004106133609844925,0.004106133609844925,0.004106133609844925,0.004106133609844925,0.004106133609844925,0,0,,,0,0,True,lr,/home/runner/work/top10-decision/top10-decision/models/eret_lr.joblib,meta_feature_contract,/home/runner/work/top10-decision/top10-decision/models/eret_meta.json,74,board|area|market|latest_change_reason|limit_type|prior_board,68,symbol|board|area|market|market_regime|latest_change_reason|limit_type|prior_board,74,2,prior_board|prior_prob_prior,49,trade_date|verify_date|ts_code|name|prob|StrengthScore|ThemeBoost|run_id,6,board|area|market|latest_change_reason|limit_type|prior_board,74,rank:float64|symbol:float64|board:float64|area:float64|market:float64|list_date:float64|open:float64|high:float64,2220,0.36585365853658536,0.36585365853658536,82,0.3658536585365854,1.0,-0.019187901956414857,0.048682224642638584,0.01121313333376305,0.01339623728472044,-0.019187901956414857,0.048682224642638584,0.01121313333376305,0.01339623728472044,0,0.0,15,0.18292682926829268,67,0.8170731707317073,model:lr,,RISK_ON,0.0002,0.0009,0.00015655149999999995,0.00011999999999999999,0.0,0.0004,0.0,0.0017765515,0.0017765515,0.0,0.005,0.002,0.0,0.0,0.006,0.0,0.0,0.004,0.0,0.0,0.0,0.005,0.0027,0.0006,0.0083,0.0083,0.0,0.0,0.0,0.0,0.0,0.0123,0.0123,-0.010343846136468889,0.0008664322134373097,0.0,0.0008664322134373097,0.011315,0.01218143221343731,-0.022525278349906197,v1_1_exec_aware,-0.022525278349906197,pred_plus_fs,,,,,,,,,,1,2026-05-19 00:32:49+0800
20260518,20260519,22,603360.SH,百傲化学,0.1679063675168466,67.939024,0.01,农药化肥,26040646802,1,1c6e282fa96be950ae648ebe60bb3e8a3cd2b730,2026-05-18T14:43:26Z,20260519,0.1679063675168466,,603360,农药化肥,辽宁,主板,20170206,21.6,22.55,21.44,22.55,10.0,2.0500000000000003,10.0,0.541463414634146,0.463414634146341,9.536585365853655,177783.4,397965.609,2.5174,5.694,0.71,2.512779942248728e-05,,,,,,,,1592534.3398,,,,380370.72,53813.83,171238.76,209131.96,,,,0.0,,,0.0,,,,,,0.0,,,,,,,,U,2.0,66966284.0,66966284.0,93107.0,93925.0,,,,,,22.55,18.45,0.0,,,0.0,1.0,0.0,1.4091557104026675,20260518,20260519,,RISK_ON,,0.44910385799999997,0.9714867626183412,0.9714867626183412,0.9714867626183412,True,lgbm,/home/runner/work/top10-decision/top10-decision/models/pfill_lgbm.joblib,meta_feature_contract,/home/runner/work/top10-decision/top10-decision/models/pfill_meta.json,88,board|area|market|latest_change_reason|limit_type|prior_board,82,symbol|board|area|market|market_regime|latest_change_reason|limit_type|prior_board,88,16,sample_weight|is_cold_start|feature_coverage_score|prior_strength_score|prior_theme_boost|prior_seal_amount|prior_open_times|prior_turnover_rate,25,trade_date|verify_date|ts_code|name|prob|StrengthScore|ThemeBoost|run_id,6,board|area|market|latest_change_reason|limit_type|prior_board,88,rank:int64|sample_weight:float64|is_cold_start:float64|feature_coverage_score:float64|symbol:int64|board:float64|area:float64|market:float64,model:lgbm,,0.009067191025505399,0.009067191025505399,0.024249568110204154,0.024249568110204154,0.024249568110204154,0.024249568110204154,0.024249568110204154,0.024249568110204154,0.024249568110204154,0.024249568110204154,0,0,,,0,0,True,lr,/home/runner/work/top10-decision/top10-decision/models/eret_lr.joblib,meta_feature_contract,/home/runner/work/top10-decision/top10-decision/models/eret_meta.json,74,board|area|market|latest_change_reason|limit_type|prior_board,68,symbol|board|area|market|market_regime|latest_change_reason|limit_type|prior_board,74,2,prior_board|prior_prob_prior,49,trade_date|verify_date|ts_code|name|prob|StrengthScore|ThemeBoost|run_id,6,board|area|market|latest_change_reason|limit_type|prior_board,74,rank:float64|symbol:float64|board:float64|area:float64|market:float64|list_date:float64|open:float64|high:float64,2220,0.36585365853658536,0.36585365853658536,82,0.3658536585365854,1.0,-0.019187901956414857,0.048682224642638584,0.01121313333376305,0.01339623728472044,-0.019187901956414857,0.048682224642638584,0.01121313333376305,0.01339623728472044,0,0.0,15,0.18292682926829268,67,0.8170731707317073,model:lr,,RISK_ON,0.0002,0.0005,0.00082239,0.00023999999999999998,0.0,0.0004,0.0,0.0021623899999999997,0.0021623899999999997,0.0,0.005,0.0045,0.0,0.008900525000000001,0.006,0.0,0.0,0.0,0.0,0.0,0.0,0.005,0.007595288750000001,0.0013499999999999999,0.013945288750000001,0.013945288750000001,0.0,0.0,0.0,0.0,0.0,0.013945288750000001,0.013945288750000001,0.007450455668275199,0.0,0.0,0.0,0.019969059125,0.019969059125,-0.012518603456724802,v1_1_exec_aware,-0.012518603456724802,pred_plus_fs,,,,,,,,,,1,2026-05-19 00:32:49+0800
20260518,20260519,23,002354.SZ,天娱数科,0.2407404457536399,42.109756,0.0164,互联网,26040646802,1,1c6e282fa96be950ae648ebe60bb3e8a3cd2b730,2026-05-18T14:43:26Z,20260519,0.2407404457536399,,2354,互联网,辽宁,主板,20100209,6.52,7.08,6.49,7.08,9.9379,0.6472906133718538,9.9379,0.9114916666666664,0.8651446327683624,9.072755367231638,2310912.51,1573146.074,14.2149,14.2149,1.88,6.317213744004805e-06,,,,,,,,1171446.7606,,,,380370.72,53813.83,171238.76,209131.96,,,,0.0,,,0.0,188521319.13,11.98,28.99,11509911955.32,28.99,0.0,,,,,,,,U,0.0,178976820.0,178976820.0,130421.0,130421.0,,,,,,7.08,5.8,0.0,,,0.0,1.0,0.0,2.20264597528975,20260518,20260519,,RISK_ON,,0.33158608999999994,0.21166342353284376,0.21166342353284376,0.21166342353284376,True,lgbm,/home/runner/work/top10-decision/top10-decision/models/pfill_lgbm.joblib,meta_feature_contract,/home/runner/work/top10-decision/top10-decision/models/pfill_meta.json,88,board|area|market|latest_change_reason|limit_type|prior_board,82,symbol|board|area|market|market_regime|latest_change_reason|limit_type|prior_board,88,16,sample_weight|is_cold_start|feature_coverage_score|prior_strength_score|prior_theme_boost|prior_seal_amount|prior_open_times|prior_turnover_rate,25,trade_date|verify_date|ts_code|name|prob|StrengthScore|ThemeBoost|run_id,6,board|area|market|latest_change_reason|limit_type|prior_board,88,rank:int64|sample_weight:float64|is_cold_start:float64|feature_coverage_score:float64|symbol:int64|board:float64|area:float64|market:float64,model:lgbm,,0.011271413372609196,0.011271413372609196,0.01655559426115458,0.01655559426115458,0.01655559426115458,0.01655559426115458,0.01655559426115458,0.01655559426115458,0.01655559426115458,0.01655559426115458,0,0,,,0,0,True,lr,/home/runner/work/top10-decision/top10-decision/models/eret_lr.joblib,meta_feature_contract,/home/runner/work/top10-decision/top10-decision/models/eret_meta.json,74,board|area|market|latest_change_reason|limit_type|prior_board,68,symbol|board|area|market|market_regime|latest_change_reason|limit_type|prior_board,74,2,prior_board|prior_prob_prior,49,trade_date|verify_date|ts_code|name|prob|StrengthScore|ThemeBoost|run_id,6,board|area|market|latest_change_reason|limit_type|prior_board,74,rank:float64|symbol:float64|board:float64|area:float64|market:float64|list_date:float64|open:float64|high:float64,2220,0.36585365853658536,0.36585365853658536,82,0.3658536585365854,1.0,-0.019187901956414857,0.048682224642638584,0.01121313333376305,0.01339623728472044,-0.019187901956414857,0.048682224642638584,0.01121313333376305,0.01339623728472044,0,0.0,15,0.18292682926829268,67,0.8170731707317073,model:lr,,RISK_ON,0.0002,0.0005,0.00021752149999999996,0.0,0.0,0.0004,0.0,0.0013175215,0.0013175215,0.0,0.0,0.0,0.0,0.0,0.006,0.0,0.0,0.0,0.0,0.0,0.0,0.0,0.0027,0.0,0.0027,0.0027,0.0,0.0,0.0,0.0,0.0,0.0027,0.0027,-0.0005133077400633207,0.020393424141080373,0.04258356035270094,0.06297698449378131,0.004395,0.0673719844937813,-0.06788529223384462,v1_1_exec_aware,-0.06788529223384462,pred_plus_fs,,,,,,,,,,1,2026-05-19 00:32:49+0800
20260518,20260519,24,001258.SZ,立新能源,0.1292710963632403,71.914634,0.1115060031977598,新型电力,26040646802,1,1c6e282fa96be950ae648ebe60bb3e8a3cd2b730,2026-05-18T14:43:26Z,20260519,0.1292710963632403,,1258,新型电力,新疆,主板,20220727,9.65,10.27,9.6,10.27,9.9572,0.9372832475449931,9.9572,0.7148319376825706,0.6614862706913333,9.295713729308668,267898.59,271305.921,2.8704,7.3654,0.56,3.670100513582231e-05,,,,,,,,958533.334,,,,380370.72,53813.83,171238.76,209131.96,,3.0,8.0,1.0,8.0,3.0,0.0,,,,,,0.0,,,,,,,,U,0.0,116252292.0,116252292.0,93227.0,93227.0,,,,,,10.27,8.41,1.0,8.0,3.0,0.0,1.0,0.0,2.38162631391042,20260518,20260519,,RISK_ON,,0.30622585399999996,0.9611997692997664,0.9611997692997664,0.9611997692997664,True,lgbm,/home/runner/work/top10-decision/top10-decision/models/pfill_lgbm.joblib,meta_feature_contract,/home/runner/work/top10-decision/top10-decision/models/pfill_meta.json,88,board|area|market|latest_change_reason|limit_type|prior_board,82,symbol|board|area|market|market_regime|latest_change_reason|limit_type|prior_board,88,16,sample_weight|is_cold_start|feature_coverage_score|prior_strength_score|prior_theme_boost|prior_seal_amount|prior_open_times|prior_turnover_rate,25,trade_date|verify_date|ts_code|name|prob|StrengthScore|ThemeBoost|run_id,6,board|area|market|latest_change_reason|limit_type|prior_board,88,rank:int64|sample_weight:float64|is_cold_start:float64|feature_coverage_score:float64|symbol:int64|board:float64|area:float64|market:float64,model:lgbm,,0.00821265090049049,0.00821265090049049,-0.0028733243178152307,-0.0028733243178152307,-0.0028733243178152307,-0.0028733243178152307,-0.0028733243178152307,-0.0028733243178152307,-0.0028733243178152307,-0.0028733243178152307,0,0,,,0,0,True,lr,/home/runner/work/top10-decision/top10-decision/models/eret_lr.joblib,meta_feature_contract,/home/runner/work/top10-decision/top10-decision/models/eret_meta.json,74,board|area|market|latest_change_reason|limit_type|prior_board,68,symbol|board|area|market|market_regime|latest_change_reason|limit_type|prior_board,74,2,prior_board|prior_prob_prior,49,trade_date|verify_date|ts_code|name|prob|StrengthScore|ThemeBoost|run_id,6,board|area|market|latest_change_reason|limit_type|prior_board,74,rank:float64|symbol:float64|board:float64|area:float64|market:float64|list_date:float64|open:float64|high:float64,2220,0.36585365853658536,0.36585365853658536,82,0.3658536585365854,1.0,-0.019187901956414857,0.048682224642638584,0.01121313333376305,0.01339623728472044,-0.019187901956414857,0.048682224642638584,0.01121313333376305,0.01339623728472044,0,0.0,15,0.18292682926829268,67,0.8170731707317073,model:lr,,RISK_ON,0.0002,0.0005,0.00076944,0.0,0.0,0.0004,0.0,0.0018694400000000002,0.0018694400000000002,0.0,0.0,0.0,0.0,0.0081504,0.006,0.0,0.0,0.0,0.0,0.0,0.0,0.0,0.007182720000000001,0.0,0.007182720000000001,0.007182720000000001,0.0,0.0,0.0,0.0,0.0,0.007182720000000001,0.007182720000000001,-0.01181399867140741,0.0,0.0,0.0,0.011057952,0.011057952,-0.02287195067140741,v1_1_exec_aware,-0.02287195067140741,pred_plus_fs,,,,,,,,,,1,2026-05-19 00:32:49+0800
20260518,20260519,25,601133.SH,柏诚股份,0.1210732020807039,62.52439,0.3351513965909831,建筑工程,26040646802,1,1c6e282fa96be950ae648ebe60bb3e8a3cd2b730,2026-05-18T14:43:26Z,20260519,0.1210732020807039,,601133,建筑工程,江苏,主板,20230410,30.4,31.0,30.05,31.0,10.0071,2.816363983247177,10.0071,0.3373143548387094,0.2130406451612908,9.794059354838708,111758.14,344669.495,2.1312,7.4811,0.52,2.9033901012910933e-05,,,,,,,,1636857.1144,,,,380370.72,53813.83,171238.76,209131.96,,4.0,5.0,1.0,5.0,4.0,0.0,11822400.86,0.98,39.44,16255989064.0,39.44,0.0,,,,,,,,U,0.0,99856766.0,99856766.0,93031.0,93031.0,,,,,,31.0,25.36,1.0,5.0,4.0,0.0,1.0,0.0,2.363062528071235,20260518,20260519,,RISK_ON,,0.31072761699999996,0.9615939738720326,0.9615939738720326,0.9615939738720326,True,lgbm,/home/runner/work/top10-decision/top10-decision/models/pfill_lgbm.joblib,meta_feature_contract,/home/runner/work/top10-decision/top10-decision/models/pfill_meta.json,88,board|area|market|latest_change_reason|limit_type|prior_board,82,symbol|board|area|market|market_regime|latest_change_reason|limit_type|prior_board,88,16,sample_weight|is_cold_start|feature_coverage_score|prior_strength_score|prior_theme_boost|prior_seal_amount|prior_open_times|prior_turnover_rate,25,trade_date|verify_date|ts_code|name|prob|StrengthScore|ThemeBoost|run_id,6,board|area|market|latest_change_reason|limit_type|prior_board,88,rank:int64|sample_weight:float64|is_cold_start:float64|feature_coverage_score:float64|symbol:int64|board:float64|area:float64|market:float64,model:lgbm,,0.008637650252194068,0.008637650252194068,0.002474084348071395,0.002474084348071395,0.002474084348071395,0.002474084348071395,0.002474084348071395,0.002474084348071395,0.002474084348071395,0.002474084348071395,0,0,,,0,0,True,lr,/home/runner/work/top10-decision/top10-decision/models/eret_lr.joblib,meta_feature_contract,/home/runner/work/top10-decision/top10-decision/models/eret_meta.json,74,board|area|market|latest_change_reason|limit_type|prior_board,68,symbol|board|area|market|market_regime|latest_change_reason|limit_type|prior_board,74,2,prior_board|prior_prob_prior,49,trade_date|verify_date|ts_code|name|prob|StrengthScore|ThemeBoost|run_id,6,board|area|market|latest_change_reason|limit_type|prior_board,74,rank:float64|symbol:float64|board:float64|area:float64|market:float64|list_date:float64|open:float64|high:float64,2220,0.36585365853658536,0.36585365853658536,82,0.3658536585365854,1.0,-0.019187901956414857,0.048682224642638584,0.01121313333376305,0.01339623728472044,-0.019187901956414857,0.048682224642638584,0.01121313333376305,0.01339623728472044,0,0.0,15,0.18292682926829268,67,0.8170731707317073,model:lr,,RISK_ON,0.0002,0.0005,0.0008803200000000001,0.0,0.0,0.0004,0.0,0.00198032,0.00198032,0.0,0.0,0.0,0.0,0.0097212,0.006,0.0,0.0,0.0,0.0,0.0,0.0,0.0,0.00804666,0.0,0.00804666,0.00804666,0.0,0.0,0.0,0.0,0.0,0.00804666,0.00804666,-0.007647915400043431,0.0,0.0,0.0,0.012588077999999999,0.012588077999999999,-0.02023599340004343,v1_1_exec_aware,-0.02023599340004343,pred_plus_fs,,,,,,,,,,1,2026-05-19 00:32:49+0800
20260518,20260519,26,603693.SH,江苏新能,0.0932633322848351,78.695122,0.1115060031977598,新型电力,26040646802,1,1c6e282fa96be950ae648ebe60bb3e8a3cd2b730,2026-05-18T14:43:26Z,20260519,0.0932633322848351,,603693,新型电力,江苏,主板,20180703,14.94,16.43,14.88,16.43,9.9732,1.4972842926402508,9.9732,1.0352075471698106,0.9951349969567864,8.978065003043215,202689.13,321339.515,2.2736,14.2732,0.67,3.1036332397526644e-05,,,,,,,,1464694.8708,,,,380370.72,53813.83,171238.76,209131.96,,3.0,8.0,1.0,8.0,3.0,0.0,,,,,,0.0,,,,,,,,U,0.0,39560482.0,39560482.0,130035.0,130035.0,,,,,,16.43,13.45,1.0,8.0,3.0,0.0,1.0,0.0,2.294792238781662,20260518,20260519,,RISK_ON,,0.341587759,0.3623647624901637,0.3623647624901637,0.3623647624901637,True,lgbm,/home/runner/work/top10-decision/top10-decision/models/pfill_lgbm.joblib,meta_feature_contract,/home/runner/work/top10-decision/top10-decision/models/pfill_meta.json,88,board|area|market|latest_change_reason|limit_type|prior_board,82,symbol|board|area|market|market_regime|latest_change_reason|limit_type|prior_board,88,16,sample_weight|is_cold_start|feature_coverage_score|prior_strength_score|prior_theme_boost|prior_seal_amount|prior_open_times|prior_turnover_rate,25,trade_date|verify_date|ts_code|name|prob|StrengthScore|ThemeBoost|run_id,6,board|area|market|latest_change_reason|limit_type|prior_board,88,rank:int64|sample_weight:float64|is_cold_start:float64|feature_coverage_score:float64|symbol:int64|board:float64|area:float64|market:float64,model:lgbm,,0.007132417978138332,0.007132417978138332,0.00441628691763158,0.00441628691763158,0.00441628691763158,0.00441628691763158,0.00441628691763158,0.00441628691763158,0.00441628691763158,0.00441628691763158,0,0,,,0,0,True,lr,/home/runner/work/top10-decision/top10-decision/models/eret_lr.joblib,meta_feature_contract,/home/runner/work/top10-decision/top10-decision/models/eret_meta.json,74,board|area|market|latest_change_reason|limit_type|prior_board,68,symbol|board|area|market|market_regime|latest_change_reason|limit_type|prior_board,74,2,prior_board|prior_prob_prior,49,trade_date|verify_date|ts_code|name|prob|StrengthScore|ThemeBoost|run_id,6,board|area|market|latest_change_reason|limit_type|prior_board,74,rank:float64|symbol:float64|board:float64|area:float64|market:float64|list_date:float64|open:float64|high:float64,2220,0.36585365853658536,0.36585365853658536,82,0.3658536585365854,1.0,-0.019187901956414857,0.048682224642638584,0.01121313333376305,0.01339623728472044,-0.019187901956414857,0.048682224642638584,0.01121313333376305,0.01339623728472044,0,0.0,15,0.18292682926829268,67,0.8170731707317073,model:lr,,RISK_ON,0.0002,0.0005,0.0008589600000000001,0.0,0.0,0.0004,0.0,0.00195896,0.00195896,0.0,0.0,0.0,0.0,0.0094186,0.006,0.0,0.0,0.0,0.0,0.0,0.0,0.0,0.00788023,0.0,0.00788023,0.00788023,0.0,0.0,0.0,0.0,0.0,0.00788023,0.00788023,-0.008238883240004016,0.016173786650275416,0.03203446662568854,0.04820825327596395,0.012265808999999999,0.060474062275963955,-0.06871294551596797,v1_1_exec_aware,-0.06871294551596797,pred_plus_fs,,,,,,,,,,1,2026-05-19 00:32:49+0800
20260518,20260519,27,000006.SZ,深振业Ａ,0.1338974614114035,68.329268,0.01,区域地产,26040646802,1,1c6e282fa96be950ae648ebe60bb3e8a3cd2b730,2026-05-18T14:43:26Z,20260519,0.1338974614114035,,6,区域地产,深圳,主板,19920427,9.79,10.69,9.79,10.69,9.9794,0.973641546896916,9.9794,0.9243648269410668,0.9243648269410668,9.055035173058934,344267.73,358792.642,2.5502,4.0474,0.49,2.781383682890576e-05,,,,,,,,1443144.7042,,,,380370.72,53813.83,171238.76,209131.96,,,,0.0,,,0.0,,,,,,0.0,,,,,,,,U,0.0,134741078.0,134741078.0,94406.0,94406.0,,,,,,10.69,8.75,0.0,,,0.0,1.0,0.0,2.1525601871957623,20260518,20260519,,RISK_ON,,0.295380461,0.47294110596636696,0.47294110596636696,0.47294110596636696,True,lgbm,/home/runner/work/top10-decision/top10-decision/models/pfill_lgbm.joblib,meta_feature_contract,/home/runner/work/top10-decision/top10-decision/models/pfill_meta.json,88,board|area|market|latest_change_reason|limit_type|prior_board,82,symbol|board|area|market|market_regime|latest_change_reason|limit_type|prior_board,88,16,sample_weight|is_cold_start|feature_coverage_score|prior_strength_score|prior_theme_boost|prior_seal_amount|prior_open_times|prior_turnover_rate,25,trade_date|verify_date|ts_code|name|prob|StrengthScore|ThemeBoost|run_id,6,board|area|market|latest_change_reason|limit_type|prior_board,88,rank:int64|sample_weight:float64|is_cold_start:float64|feature_coverage_score:float64|symbol:int64|board:float64|area:float64|market:float64,model:lgbm,,0.008046923842342105,0.008046923842342105,0.0031406705483155908,0.0031406705483155908,0.0031406705483155908,0.0031406705483155908,0.0031406705483155908,0.0031406705483155908,0.0031406705483155908,0.0031406705483155908,0,0,,,0,0,True,lr,/home/runner/work/top10-decision/top10-decision/models/eret_lr.joblib,meta_feature_contract,/home/runner/work/top10-decision/top10-decision/models/eret_meta.json,74,board|area|market|latest_change_reason|limit_type|prior_board,68,symbol|board|area|market|market_regime|latest_change_reason|limit_type|prior_board,74,2,prior_board|prior_prob_prior,49,trade_date|verify_date|ts_code|name|prob|StrengthScore|ThemeBoost|run_id,6,board|area|market|latest_change_reason|limit_type|prior_board,74,rank:float64|symbol:float64|board:float64|area:float64|market:float64|list_date:float64|open:float64|high:float64,2220,0.36585365853658536,0.36585365853658536,82,0.3658536585365854,1.0,-0.019187901956414857,0.048682224642638584,0.01121313333376305,0.01339623728472044,-0.019187901956414857,0.048682224642638584,0.01121313333376305,0.01339623728472044,0,0.0,15,0.18292682926829268,67,0.8170731707317073,model:lr,,RISK_ON,0.0002,0.0005,0.0008174700000000002,0.0,0.0,0.0004,0.0,0.0019174700000000001,0.0019174700000000001,0.0,0.0,0.0,0.0,0.008830825,0.006,0.0,0.0,0.0,0.0,0.0,0.0,0.0,0.00755695375,0.0,0.00755695375,0.00755695375,0.0,0.0,0.0,0.0,0.0,0.00755695375,0.00755695375,-0.00798907154740363,0.013077649032941724,0.024294122582354312,0.037371771615296034,0.011639828625000001,0.049011600240296035,-0.057000671787699665,v1_1_exec_aware,-0.057000671787699665,pred_plus_fs,,,,,,,,,,1,2026-05-19 00:32:49+0800
20260518,20260519,28,600758.SH,辽宁能源,0.1988885181343767,45.085366,0.0164,煤炭开采,26040646802,1,1c6e282fa96be950ae648ebe60bb3e8a3cd2b730,2026-05-18T14:43:26Z,20260519,0.1988885181343767,,600758,煤炭开采,辽宁,主板,19961029,4.27,4.7,4.27,4.7,10.0703,0.4245594067008121,10.0703,1.0128146808510652,1.0128146808510652,9.057485319148936,942721.56,429883.757,7.1378,11.7544,0.68,2.3425635037427107e-05,,,,,,,,621348.1752,,,,380370.72,53813.83,171238.76,209131.96,,,,0.0,,,0.0,109085273.78,25.38,35.08,6207493951.8,35.08,0.0,,,,,,,,U,0.0,138629150.0,138629150.0,94125.0,94125.0,,,,,,4.7,3.84,0.0,,,0.0,1.0,0.0,2.156962445222454,20260518,20260519,,RISK_ON,,0.316374425,0.3534037894935949,0.3534037894935949,0.3534037894935949,True,lgbm,/home/runner/work/top10-decision/top10-decision/models/pfill_lgbm.joblib,meta_feature_contract,/home/runner/work/top10-decision/top10-decision/models/pfill_meta.json,88,board|area|market|latest_change_reason|limit_type|prior_board,82,symbol|board|area|market|market_regime|latest_change_reason|limit_type|prior_board,88,16,sample_weight|is_cold_start|feature_coverage_score|prior_strength_score|prior_theme_boost|prior_seal_amount|prior_open_times|prior_turnover_rate,25,trade_date|verify_date|ts_code|name|prob|StrengthScore|ThemeBoost|run_id,6,board|area|market|latest_change_reason|limit_type|prior_board,88,rank:int64|sample_weight:float64|is_cold_start:float64|feature_coverage_score:float64|symbol:int64|board:float64|area:float64|market:float64,model:lgbm,,0.0100158555440313,0.0100158555440313,0.0253670876437717,0.0253670876437717,0.0253670876437717,0.0253670876437717,0.0253670876437717,0.0253670876437717,0.0253670876437717,0.0253670876437717,0,0,,,0,0,True,lr,/home/runner/work/top10-decision/top10-decision/models/eret_lr.joblib,meta_feature_contract,/home/runner/work/top10-decision/top10-decision/models/eret_meta.json,74,board|area|market|latest_change_reason|limit_type|prior_board,68,symbol|board|area|market|market_regime|latest_change_reason|limit_type|prior_board,74,2,prior_board|prior_prob_prior,49,trade_date|verify_date|ts_code|name|prob|StrengthScore|ThemeBoost|run_id,6,board|area|market|latest_change_reason|limit_type|prior_board,74,rank:float64|symbol:float64|board:float64|area:float64|market:float64|list_date:float64|open:float64|high:float64,2220,0.36585365853658536,0.36585365853658536,82,0.3658536585365854,1.0,-0.019187901956414857,0.048682224642638584,0.01121313333376305,0.01339623728472044,-0.019187901956414857,0.048682224642638584,0.01121313333376305,0.01339623728472044,0,0.0,15,0.18292682926829268,67,0.8170731707317073,model:lr,,RISK_ON,0.0002,0.0005,3.0176999999999986e-05,0.0,0.0,0.0004,0.0001,0.001230177,0.001230177,0.0,0.0,0.0,0.0,0.0,0.006,0.0,0.0,0.0,0.0,0.0,0.0,0.0,0.0027,0.0,0.0027,0.0027,0.0,0.0,0.0,0.0,0.0,0.0027,0.0027,0.005034647901725066,0.016424693894179342,0.03266173473544835,0.0490864286296277,0.004395,0.053481428629627695,-0.04844678072790263,v1_1_exec_aware,-0.04844678072790263,pred_plus_fs,,,,,,,,,,1,2026-05-19 00:32:49+0800
20260518,20260519,29,002888.SZ,惠威科技,0.1034223065318362,46.780488,0.83,元器件,26040646802,1,1c6e282fa96be950ae648ebe60bb3e8a3cd2b730,2026-05-18T14:43:26Z,20260519,0.1034223065318362,,2888,元器件,广东,主板,20170721,22.33,24.64,22.01,24.64,10.0,2.24,10.0,1.1741071428571423,1.0312500000000009,8.968749999999998,115059.3,277317.084,15.357,22.7018,1.73,3.6059805100215175e-05,,,,,,,,363793.3672,,,,380370.72,53813.83,171238.76,209131.96,,9.0,1.0,1.0,1.0,9.0,0.0,,,,,,0.0,,,,,,,,U,0.0,182586342.0,182586342.0,101909.0,101909.0,,,,,,24.64,20.16,1.0,1.0,9.0,0.0,1.0,0.0,2.456732845902491,20260518,20260519,,RISK_ON,,0.33549182899999996,0.16904445009374502,0.16904445009374502,0.16904445009374502,True,lgbm,/home/runner/work/top10-decision/top10-decision/models/pfill_lgbm.joblib,meta_feature_contract,/home/runner/work/top10-decision/top10-decision/models/pfill_meta.json,88,board|area|market|latest_change_reason|limit_type|prior_board,82,symbol|board|area|market|market_regime|latest_change_reason|limit_type|prior_board,88,16,sample_weight|is_cold_start|feature_coverage_score|prior_strength_score|prior_theme_boost|prior_seal_amount|prior_open_times|prior_turnover_rate,25,trade_date|verify_date|ts_code|name|prob|StrengthScore|ThemeBoost|run_id,6,board|area|market|latest_change_reason|limit_type|prior_board,88,rank:int64|sample_weight:float64|is_cold_start:float64|feature_coverage_score:float64|symbol:int64|board:float64|area:float64|market:float64,model:lgbm,,0.009592669195955087,0.009592669195955087,-0.016719499752750576,-0.016719499752750576,-0.016719499752750576,-0.016719499752750576,-0.016719499752750576,-0.016719499752750576,-0.016719499752750576,-0.016719499752750576,0,0,,,0,0,True,lr,/home/runner/work/top10-decision/top10-decision/models/eret_lr.joblib,meta_feature_contract,/home/runner/work/top10-decision/top10-decision/models/eret_meta.json,74,board|area|market|latest_change_reason|limit_type|prior_board,68,symbol|board|area|market|market_regime|latest_change_reason|limit_type|prior_board,74,2,prior_board|prior_prob_prior,49,trade_date|verify_date|ts_code|name|prob|StrengthScore|ThemeBoost|run_id,6,board|area|market|latest_change_reason|limit_type|prior_board,74,rank:float64|symbol:float64|board:float64|area:float64|market:float64|list_date:float64|open:float64|high:float64,2220,0.36585365853658536,0.36585365853658536,82,0.3658536585365854,1.0,-0.019187901956414857,0.048682224642638584,0.01121313333376305,0.01339623728472044,-0.019187901956414857,0.048682224642638584,0.01121313333376305,0.01339623728472044,0,0.0,15,0.18292682926829268,67,0.8170731707317073,model:lr,,RISK_ON,0.0002,0.0005,0.00025749499999999995,0.0,0.0,0.0004,0.0,0.001357495,0.001357495,0.0,0.0,0.0,0.0,0.0,0.006,0.0,0.0,0.0,0.0,0.0,0.0,0.0,0.0027,0.0,0.0027,0.0027,0.0,0.0,0.0,0.0,0.0,0.0027,0.0027,-0.006883833641546227,0.02158675539737514,0.045566888493437846,0.06715364389081299,0.004395,0.07154864389081299,-0.07843247753235921,v1_1_exec_aware,-0.07843247753235921,pred_plus_fs,,,,,,,,,,1,2026-05-19 00:32:49+0800
20260518,20260519,30,003018.SZ,金富科技,0.1717352370949112,53.695122,0.0164,塑料,26040646802,1,1c6e282fa96be950ae648ebe60bb3e8a3cd2b730,2026-05-18T14:43:26Z,20260519,0.1717352370949112,,3018,塑料,广东,主板,20201106,59.33,65.05,54.24,65.05,9.9932,5.917294327402394,9.9932,1.826848455034588,0.966658016910069,9.026541983089931,207202.0,1284233.913,8.7284,26.7067,1.72,7.781448456423063e-06,,,,,,,,1691300.0,,,,380370.72,53813.83,171238.76,209131.96,,,,0.0,,,0.0,147882095.0,11.52,32.91,15442056875.0,32.91,0.0,,,,,,,,U,3.0,46510750.0,46510750.0,95521.0,140051.0,,,,,,65.05,53.23,0.0,,,0.0,1.0,0.0,1.3026616591757958,20260518,20260519,,RISK_ON,,0.550386625,0.5967316897270769,0.5967316897270769,0.5967316897270769,True,lgbm,/home/runner/work/top10-decision/top10-decision/models/pfill_lgbm.joblib,meta_feature_contract,/home/runner/work/top10-decision/top10-decision/models/pfill_meta.json,88,board|area|market|latest_change_reason|limit_type|prior_board,82,symbol|board|area|market|market_regime|latest_change_reason|limit_type|prior_board,88,16,sample_weight|is_cold_start|feature_coverage_score|prior_strength_score|prior_theme_boost|prior_seal_amount|prior_open_times|prior_turnover_rate,25,trade_date|verify_date|ts_code|name|prob|StrengthScore|ThemeBoost|run_id,6,board|area|market|latest_change_reason|limit_type|prior_board,88,rank:int64|sample_weight:float64|is_cold_start:float64|feature_coverage_score:float64|symbol:int64|board:float64|area:float64|market:float64,model:lgbm,,0.009201257112847335,0.009201257112847335,0.026747191697122526,0.026747191697122526,0.026747191697122526,0.026747191697122526,0.026747191697122526,0.026747191697122526,0.026747191697122526,0.026747191697122526,0,0,,,0,0,True,lr,/home/runner/work/top10-decision/top10-decision/models/eret_lr.joblib,meta_feature_contract,/home/runner/work/top10-decision/top10-decision/models/eret_meta.json,74,board|area|market|latest_change_reason|limit_type|prior_board,68,symbol|board|area|market|market_regime|latest_change_reason|limit_type|prior_board,74,2,prior_board|prior_prob_prior,49,trade_date|verify_date|ts_code|name|prob|StrengthScore|ThemeBoost|run_id,6,board|area|market|latest_change_reason|limit_type|prior_board,74,rank:float64|symbol:float64|board:float64|area:float64|market:float64|list_date:float64|open:float64|high:float64,2220,0.36585365853658536,0.36585365853658536,82,0.3658536585365854,1.0,-0.019187901956414857,0.048682224642638584,0.01121313333376305,0.01339623728472044,-0.019187901956414857,0.048682224642638584,0.01121313333376305,0.01339623728472044,0,0.0,15,0.18292682926829268,67,0.8170731707317073,model:lr,,RISK_ON,0.0002,0.0005,2.549400000000002e-05,0.00035999999999999997,0.0,0.0004,0.0,0.001485494,0.001485494,0.0,0.005,0.0075,0.0,0.0,0.006,0.0,0.0,0.0,0.0,0.0,0.0,0.0075,0.0027,0.0015,0.0117,0.0117,0.0,0.0,0.0,0.0,0.0,0.0117,0.0117,0.0027754028968779657,0.009611512687641845,0.015628781719104614,0.02524029440674646,0.013935000000000001,0.03917529440674646,-0.0363998915098685,v1_1_exec_aware,-0.0363998915098685,pred_plus_fs,,,,,,,,,,1,2026-05-19 00:32:49+0800
20260518,20260519,31,603311.SH,金海高科,0.0874794489806555,56.768293,0.6729057079444091,家用电器,26040646802,1,1c6e282fa96be950ae648ebe60bb3e8a3cd2b730,2026-05-18T14:43:26Z,20260519,0.0874794489806555,,603311,家用电器,浙江,主板,20150518,24.53,25.41,22.85,25.41,10.0,2.31,10.0,1.1082251082251076,0.3809523809523805,9.61904761904762,227008.0,561673.161,9.6237,19.795,2.07,1.7803948442535604e-05,,,,,,,,599381.0077,,,,380370.72,53813.83,171238.76,209131.96,,5.0,2.0,1.0,2.0,5.0,0.0,,,,,,0.0,,,,,,,,U,12.0,46040379.0,46040379.0,93341.0,95405.0,,,,,,25.41,20.79,1.0,2.0,5.0,0.0,1.0,0.0,1.3790521599248016,20260518,20260519,,RISK_ON,,0.6750983104999999,0.8566957489161846,0.8566957489161846,0.8566957489161846,True,lgbm,/home/runner/work/top10-decision/top10-decision/models/pfill_lgbm.joblib,meta_feature_contract,/home/runner/work/top10-decision/top10-decision/models/pfill_meta.json,88,board|area|market|latest_change_reason|limit_type|prior_board,82,symbol|board|area|market|market_regime|latest_change_reason|limit_type|prior_board,88,16,sample_weight|is_cold_start|feature_coverage_score|prior_strength_score|prior_theme_boost|prior_seal_amount|prior_open_times|prior_turnover_rate,25,trade_date|verify_date|ts_code|name|prob|StrengthScore|ThemeBoost|run_id,6,board|area|market|latest_change_reason|limit_type|prior_board,88,rank:int64|sample_weight:float64|is_cold_start:float64|feature_coverage_score:float64|symbol:int64|board:float64|area:float64|market:float64,model:lgbm,,0.008643100593252892,0.008643100593252892,0.0019562316598627557,0.0019562316598627557,0.0019562316598627557,0.0019562316598627557,0.0019562316598627557,0.0019562316598627557,0.0019562316598627557,0.0019562316598627557,0,0,,,0,0,True,lr,/home/runner/work/top10-decision/top10-decision/models/eret_lr.joblib,meta_feature_contract,/home/runner/work/top10-decision/top10-decision/models/eret_meta.json,74,board|area|market|latest_change_reason|limit_type|prior_board,68,symbol|board|area|market|market_regime|latest_change_reason|limit_type|prior_board,74,2,prior_board|prior_prob_prior,49,trade_date|verify_date|ts_code|name|prob|StrengthScore|ThemeBoost|run_id,6,board|area|market|latest_change_reason|limit_type|prior_board,74,rank:float64|symbol:float64|board:float64|area:float64|market:float64|list_date:float64|open:float64|high:float64,2220,0.36585365853658536,0.36585365853658536,82,0.3658536585365854,1.0,-0.019187901956414857,0.048682224642638584,0.01121313333376305,0.01339623728472044,-0.019187901956414857,0.048682224642638584,0.01121313333376305,0.01339623728472044,0,0.0,15,0.18292682926829268,67,0.8170731707317073,model:lr,,RISK_ON,0.0002,0.0005,5.6829499999999975e-05,0.0006,0.0,0.0004,0.0,0.0017568294999999999,0.0017568294999999999,0.0,0.005,0.01,0.0,0.0,0.006,0.0,0.0,0.0,0.0,0.0,0.0,0.01,0.0027,0.0015,0.014199999999999999,0.014199999999999999,0.0,0.0,0.0,0.0,0.0,0.014199999999999999,0.014199999999999999,-0.014280934153100324,0.0023325190303468296,0.0,0.0023325190303468296,0.017185,0.01951751903034683,-0.03379845318344715,v1_1_exec_aware,-0.03379845318344715,pred_plus_fs,,,,,,,,,,1,2026-05-19 00:32:49+0800
20260518,20260519,32,002552.SZ,宝鼎科技,0.060518361723781,58.792683,0.83,元器件,26040646802,1,1c6e282fa96be950ae648ebe60bb3e8a3cd2b730,2026-05-18T14:43:26Z,20260519,0.060518361723781,,2552,元器件,浙江,主板,20110225,32.45,35.34,32.45,35.34,9.9907,3.215445785982695,9.9907,0.898786728919072,0.898786728919072,9.091913271080928,190853.02,656561.035,5.1791,14.2531,0.41,1.5216711725818453e-05,,,,,,,,1371140.1598,,,,380370.72,53813.83,171238.76,209131.96,,9.0,1.0,1.0,1.0,9.0,0.0,,,,,,0.0,,,,,,,,U,1.0,116742156.0,116742156.0,93800.0,94818.0,,,,,,35.34,28.92,1.0,1.0,9.0,0.0,1.0,0.0,1.882180960976109,20260518,20260519,,RISK_ON,,0.37752442199999997,0.4290651850717371,0.4290651850717371,0.4290651850717371,True,lgbm,/home/runner/work/top10-decision/top10-decision/models/pfill_lgbm.joblib,meta_feature_contract,/home/runner/work/top10-decision/top10-decision/models/pfill_meta.json,88,board|area|market|latest_change_reason|limit_type|prior_board,82,symbol|board|area|market|market_regime|latest_change_reason|limit_type|prior_board,88,16,sample_weight|is_cold_start|feature_coverage_score|prior_strength_score|prior_theme_boost|prior_seal_amount|prior_open_times|prior_turnover_rate,25,trade_date|verify_date|ts_code|name|prob|StrengthScore|ThemeBoost|run_id,6,board|area|market|latest_change_reason|limit_type|prior_board,88,rank:int64|sample_weight:float64|is_cold_start:float64|feature_coverage_score:float64|symbol:int64|board:float64|area:float64|market:float64,model:lgbm,,0.00830555085171343,0.00830555085171343,-0.011504669028185898,-0.011504669028185898,-0.011504669028185898,-0.011504669028185898,-0.011504669028185898,-0.011504669028185898,-0.011504669028185898,-0.011504669028185898,0,0,,,0,0,True,lr,/home/runner/work/top10-decision/top10-decision/models/eret_lr.joblib,meta_feature_contract,/home/runner/work/top10-decision/top10-decision/models/eret_meta.json,74,board|area|market|latest_change_reason|limit_type|prior_board,68,symbol|board|area|market|market_regime|latest_change_reason|limit_type|prior_board,74,2,prior_board|prior_prob_prior,49,trade_date|verify_date|ts_code|name|prob|StrengthScore|ThemeBoost|run_id,6,board|area|market|latest_change_reason|limit_type|prior_board,74,rank:float64|symbol:float64|board:float64|area:float64|market:float64|list_date:float64|open:float64|high:float64,2220,0.36585365853658536,0.36585365853658536,82,0.3658536585365854,1.0,-0.019187901956414857,0.048682224642638584,0.01121313333376305,0.01339623728472044,-0.019187901956414857,0.048682224642638584,0.01121313333376305,0.01339623728472044,0,0.0,15,0.18292682926829268,67,0.8170731707317073,model:lr,,RISK_ON,0.0002,0.0005,9.87315e-05,0.00011999999999999999,0.0,0.0004,0.0,0.0013187315,0.0013187315,0.0,0.005,0.002,0.0,0.0032444125,0.006,0.0,0.0,0.0,0.0,0.0,0.0,0.005,0.004484426875,0.0006,0.010084426875,0.010084426875,0.0,0.0,0.0,0.0,0.0,0.010084426875,0.010084426875,-0.016339411320767664,0.01430617481799136,0.027365437044978402,0.04167161186296976,0.012970299312500001,0.054641911175469765,-0.07098132249623743,v1_1_exec_aware,-0.07098132249623743,pred_plus_fs,,,,,,,,,,1,2026-05-19 00:32:49+0800
20260518,20260519,33,603657.SH,春光科技,0.0238562860415271,77.609756,0.6729057079444091,家用电器,26040646802,1,1c6e282fa96be950ae648ebe60bb3e8a3cd2b730,2026-05-18T14:43:26Z,20260519,0.0238562860415271,,603657,家用电器,浙江,主板,20180730,29.97,32.93,29.97,32.93,9.9866,2.9972876049005155,9.9866,0.987559550561798,0.987559550561798,8.999040449438201,61115.42,199979.773,4.5207,13.8814,1.01,4.993805048473577e-05,,,,,,,,445180.8347,,,,380370.72,53813.83,171238.76,209131.96,,5.0,2.0,1.0,2.0,5.0,0.0,,,,,,0.0,,,,,,,,U,4.0,23821562.0,23821562.0,93233.0,132948.0,,,,,,32.93,26.95,1.0,2.0,5.0,0.0,1.0,0.0,1.4769718931446834,20260518,20260519,,RISK_ON,,0.600692719,0.9329305411067853,0.9329305411067853,0.9329305411067853,True,lgbm,/home/runner/work/top10-decision/top10-decision/models/pfill_lgbm.joblib,meta_feature_contract,/home/runner/work/top10-decision/top10-decision/models/pfill_meta.json,88,board|area|market|latest_change_reason|limit_type|prior_board,82,symbol|board|area|market|market_regime|latest_change_reason|limit_type|prior_board,88,16,sample_weight|is_cold_start|feature_coverage_score|prior_strength_score|prior_theme_boost|prior_seal_amount|prior_open_times|prior_turnover_rate,25,trade_date|verify_date|ts_code|name|prob|StrengthScore|ThemeBoost|run_id,6,board|area|market|latest_change_reason|limit_type|prior_board,88,rank:int64|sample_weight:float64|is_cold_start:float64|feature_coverage_score:float64|symbol:int64|board:float64|area:float64|market:float64,model:lgbm,,0.00673440570507904,0.00673440570507904,0.0052121859413581904,0.0052121859413581904,0.0052121859413581904,0.0052121859413581904,0.0052121859413581904,0.0052121859413581904,0.0052121859413581904,0.0052121859413581904,0,0,,,0,0,True,lr,/home/runner/work/top10-decision/top10-decision/models/eret_lr.joblib,meta_feature_contract,/home/runner/work/top10-decision/top10-decision/models/eret_meta.json,74,board|area|market|latest_change_reason|limit_type|prior_board,68,symbol|board|area|market|market_regime|latest_change_reason|limit_type|prior_board,74,2,prior_board|prior_prob_prior,49,trade_date|verify_date|ts_code|name|prob|StrengthScore|ThemeBoost|run_id,6,board|area|market|latest_change_reason|limit_type|prior_board,74,rank:float64|symbol:float64|board:float64|area:float64|market:float64|list_date:float64|open:float64|high:float64,2220,0.36585365853658536,0.36585365853658536,82,0.3658536585365854,1.0,-0.019187901956414857,0.048682224642638584,0.01121313333376305,0.01339623728472044,-0.019187901956414857,0.048682224642638584,0.01121313333376305,0.01339623728472044,0,0.0,15,0.18292682926829268,67,0.8170731707317073,model:lr,,RISK_ON,0.0002,0.0005,0.00012177549999999999,0.00047999999999999996,0.0,0.0004,0.0,0.0017017755000000002,0.0017017755000000002,0.0,0.005,0.009000000000000001,0.0,0.0046435125,0.006,0.0,0.0,0.0,0.0,0.0,0.0,0.009000000000000001,0.005253931875000001,0.0015,0.015753931875000002,0.015753931875000002,0.0,0.0,0.0,0.0,0.0,0.015753931875000002,0.015753931875000002,-0.012593099924379526,0.00019794484901000997,0.0,0.00019794484901000997,0.02101882378125,0.02121676863026001,-0.033809868554639536,v1_1_exec_aware,-0.033809868554639536,pred_plus_fs,,,,,,,,,,1,2026-05-19 00:32:49+0800
20260518,20260519,34,600992.SH,贵绳股份,0.1209818318608196,67.646341,0.01,钢加工,26040646802,1,1c6e282fa96be950ae648ebe60bb3e8a3cd2b730,2026-05-18T14:43:26Z,20260519,0.1209818318608196,,600992,钢加工,贵州,主板,20040514,11.82,13.0,11.8,13.0,9.9831,1.1836366781691872,9.9831,1.0138246153846149,0.9969275384615384,8.986172461538462,227201.56,290616.936,9.2701,12.1109,1.97,3.435140476465556e-05,,,,,,,,318617.0,,,,380370.72,53813.83,171238.76,209131.96,,,,0.0,,,0.0,,,,,,0.0,,,,,,,,U,3.0,18474300.0,18474300.0,95726.0,102830.0,,,,,,13.0,10.64,0.0,,,0.0,1.0,0.0,1.2709174715546707,20260518,20260519,,RISK_ON,,0.56711335,0.38924132247425397,0.38924132247425397,0.38924132247425397,True,lgbm,/home/runner/work/top10-decision/top10-decision/models/pfill_lgbm.joblib,meta_feature_contract,/home/runner/work/top10-decision/top10-decision/models/pfill_meta.json,88,board|area|market|latest_change_reason|limit_type|prior_board,82,symbol|board|area|market|market_regime|latest_change_reason|limit_type|prior_board,88,16,sample_weight|is_cold_start|feature_coverage_score|prior_strength_score|prior_theme_boost|prior_seal_amount|prior_open_times|prior_turnover_rate,25,trade_date|verify_date|ts_code|name|prob|StrengthScore|ThemeBoost|run_id,6,board|area|market|latest_change_reason|limit_type|prior_board,88,rank:int64|sample_weight:float64|is_cold_start:float64|feature_coverage_score:float64|symbol:int64|board:float64|area:float64|market:float64,model:lgbm,,0.0076594549558245874,0.0076594549558245874,0.020993855985086324,0.020993855985086324,0.020993855985086324,0.020993855985086324,0.020993855985086324,0.020993855985086324,0.020993855985086324,0.020993855985086324,0,0,,,0,0,True,lr,/home/runner/work/top10-decision/top10-decision/models/eret_lr.joblib,meta_feature_contract,/home/runner/work/top10-decision/top10-decision/models/eret_meta.json,74,board|area|market|latest_change_reason|limit_type|prior_board,68,symbol|board|area|market|market_regime|latest_change_reason|limit_type|prior_board,74,2,prior_board|prior_prob_prior,49,trade_date|verify_date|ts_code|name|prob|StrengthScore|ThemeBoost|run_id,6,board|area|market|latest_change_reason|limit_type|prior_board,74,rank:float64|symbol:float64|board:float64|area:float64|market:float64|list_date:float64|open:float64|high:float64,2220,0.36585365853658536,0.36585365853658536,82,0.3658536585365854,1.0,-0.019187901956414857,0.048682224642638584,0.01121313333376305,0.01339623728472044,-0.019187901956414857,0.048682224642638584,0.01121313333376305,0.01339623728472044,0,0.0,15,0.18292682926829268,67,0.8170731707317073,model:lr,,RISK_ON,0.0002,0.0005,4.445349999999998e-05,0.00035999999999999997,0.0,0.0004,0.0,0.0015044535,0.0015044535,0.0,0.005,0.0075,0.0,0.0,0.006,0.0,0.0,0.0,0.0,0.0,0.0,0.0075,0.0027,0.0015,0.0117,0.0117,0.0,0.0,0.0,0.0,0.0,0.0117,0.0117,-0.005032777232530968,0.015421242970720889,0.03015310742680222,0.04557435039752311,0.013935000000000001,0.059509350397523114,-0.06454212763005408,v1_1_exec_aware,-0.06454212763005408,pred_plus_fs,,,,,,,,,,1,2026-05-19 00:32:49+0800
20260518,20260519,35,603191.SH,望变电气,0.1208549194501326,46.390244,0.5394931282264485,电气设备,26040646802,1,1c6e282fa96be950ae648ebe60bb3e8a3cd2b730,2026-05-18T14:43:26Z,20260519,0.1208549194501326,,603191,电气设备,重庆,主板,20220428,20.16,22.18,19.81,22.18,10.0198,2.01274070309806,10.0198,1.1774989179440942,1.003606672678088,9.016193327321911,345662.93,754360.936,10.4758,17.4384,1.94,1.3282501150086064e-05,,,,,,,,731861.5693,,,,380370.72,53813.83,171238.76,209131.96,,5.0,3.0,1.0,3.0,5.0,0.0,,,,,,0.0,,,,,,,,U,2.0,54072622.0,54072622.0,94509.0,111027.0,,,,,,22.18,18.14,1.0,3.0,5.0,0.0,1.0,0.0,1.64455689972402,20260518,20260519,,RISK_ON,,0.495342689,0.2987039679775823,0.2987039679775823,0.2987039679775823,True,lgbm,/home/runner/work/top10-decision/top10-decision/models/pfill_lgbm.joblib,meta_feature_contract,/home/runner/work/top10-decision/top10-decision/models/pfill_meta.json,88,board|area|market|latest_change_reason|limit_type|prior_board,82,symbol|board|area|market|market_regime|latest_change_reason|limit_type|prior_board,88,16,sample_weight|is_cold_start|feature_coverage_score|prior_strength_score|prior_theme_boost|prior_seal_amount|prior_open_times|prior_turnover_rate,25,trade_date|verify_date|ts_code|name|prob|StrengthScore|ThemeBoost|run_id,6,board|area|market|latest_change_reason|limit_type|prior_board,88,rank:int64|sample_weight:float64|is_cold_start:float64|feature_coverage_score:float64|symbol:int64|board:float64|area:float64|market:float64,model:lgbm,,0.009244126968183324,0.009244126968183324,0.0056068574233628194,0.0056068574233628194,0.0056068574233628194,0.0056068574233628194,0.0056068574233628194,0.0056068574233628194,0.0056068574233628194,0.0056068574233628194,0,0,,,0,0,True,lr,/home/runner/work/top10-decision/top10-decision/models/eret_lr.joblib,meta_feature_contract,/home/runner/work/top10-decision/top10-decision/models/eret_meta.json,74,board|area|market|latest_change_reason|limit_type|prior_board,68,symbol|board|area|market|market_regime|latest_change_reason|limit_type|prior_board,74,2,prior_board|prior_prob_prior,49,trade_date|verify_date|ts_code|name|prob|StrengthScore|ThemeBoost|run_id,6,board|area|market|latest_change_reason|limit_type|prior_board,74,rank:float64|symbol:float64|board:float64|area:float64|market:float64|list_date:float64|open:float64|high:float64,2220,0.36585365853658536,0.36585365853658536,82,0.3658536585365854,1.0,-0.019187901956414857,0.048682224642638584,0.01121313333376305,0.01339623728472044,-0.019187901956414857,0.048682224642638584,0.01121313333376305,0.01339623728472044,0,0.0,15,0.18292682926829268,67,0.8170731707317073,model:lr,,RISK_ON,0.0002,0.0005,8.665299999999999e-05,0.00023999999999999998,0.0,0.0004,0.0,0.001426653,0.001426653,0.0,0.005,0.0045,0.0,0.0,0.006,0.0,0.0,0.0,0.0,0.0,0.0,0.005,0.0027,0.0013499999999999999,0.00905,0.00905,0.0,0.0,0.0,0.0,0.0,0.00905,0.00905,-0.008801862439756964,0.017956288896627697,0.03649072224156923,0.05444701113819693,0.010490000000000001,0.06493701113819693,-0.07373887357795389,v1_1_exec_aware,-0.07373887357795389,pred_plus_fs,,,,,,,,,,1,2026-05-19 00:32:49+0800
20260518,20260519,36,600339.SH,中油工程,0.1262159733389764,64.853659,0.01,石油开采,26040646802,1,1c6e282fa96be950ae648ebe60bb3e8a3cd2b730,2026-05-18T14:43:26Z,20260519,0.1262159733389764,,600339,石油开采,新疆,主板,20001225,3.9,4.21,3.9,4.21,9.9217,0.3854711262898633,9.9217,0.8042106888361047,0.8042106888361047,9.117489311163895,2181144.18,886553.52,3.9067,14.0521,2.91,1.1191315330855604e-05,,,,,,,,2350505.0853,,,,380370.72,53813.83,171238.76,209131.96,,,,0.0,,,0.0,,,,,,0.0,,,,,,,,U,2.0,51764442.0,51764442.0,112558.0,131431.0,,,,,,4.21,3.45,0.0,,,0.0,1.0,0.0,1.3919434697432869,20260518,20260519,,RISK_ON,,0.46365127899999997,0.3105666885344037,0.3105666885344037,0.3105666885344037,True,lgbm,/home/runner/work/top10-decision/top10-decision/models/pfill_lgbm.joblib,meta_feature_contract,/home/runner/work/top10-decision/top10-decision/models/pfill_meta.json,88,board|area|market|latest_change_reason|limit_type|prior_board,82,symbol|board|area|market|market_regime|latest_change_reason|limit_type|prior_board,88,16,sample_weight|is_cold_start|feature_coverage_score|prior_strength_score|prior_theme_boost|prior_seal_amount|prior_open_times|prior_turnover_rate,25,trade_date|verify_date|ts_code|name|prob|StrengthScore|ThemeBoost|run_id,6,board|area|market|latest_change_reason|limit_type|prior_board,88,rank:int64|sample_weight:float64|is_cold_start:float64|feature_coverage_score:float64|symbol:int64|board:float64|area:float64|market:float64,model:lgbm,,0.007816479200169292,0.007816479200169292,0.01570872415171816,0.01570872415171816,0.01570872415171816,0.01570872415171816,0.01570872415171816,0.01570872415171816,0.01570872415171816,0.01570872415171816,0,0,,,0,0,True,lr,/home/runner/work/top10-decision/top10-decision/models/eret_lr.joblib,meta_feature_contract,/home/runner/work/top10-decision/top10-decision/models/eret_meta.json,74,board|area|market|latest_change_reason|limit_type|prior_board,68,symbol|board|area|market|market_regime|latest_change_reason|limit_type|prior_board,74,2,prior_board|prior_prob_prior,49,trade_date|verify_date|ts_code|name|prob|StrengthScore|ThemeBoost|run_id,6,board|area|market|latest_change_reason|limit_type|prior_board,74,rank:float64|symbol:float64|board:float64|area:float64|market:float64|list_date:float64|open:float64|high:float64,2220,0.36585365853658536,0.36585365853658536,82,0.3658536585365854,1.0,-0.019187901956414857,0.048682224642638584,0.01121313333376305,0.01339623728472044,-0.019187901956414857,0.048682224642638584,0.01121313333376305,0.01339623728472044,0,0.0,15,0.18292682926829268,67,0.8170731707317073,model:lr,,RISK_ON,0.0002,0.0005,0.0006139950000000001,0.00023999999999999998,0.0,0.0004,0.0001,0.0020539950000000003,0.0020539950000000003,0.0,0.005,0.0045,0.0,0.0059482625,0.006,0.0,0.0,0.0,0.0,0.0,0.0,0.005,0.005971544375,0.0013499999999999999,0.012321544375,0.012321544375,0.0,0.0,0.0,0.0,0.0,0.012321544375,0.012321544375,-0.00949693293410048,0.017624132721036696,0.03566033180259174,0.053284464523628436,0.0168248995625,0.07010936408612843,-0.07960629702022891,v1_1_exec_aware,-0.07960629702022891,pred_plus_fs,,,,,,,,,,1,2026-05-19 00:32:49+0800
20260518,20260519,37,605303.SH,园林股份,0.0872172870541434,64.878049,0.328751396590983,建筑工程,26040646802,1,1c6e282fa96be950ae648ebe60bb3e8a3cd2b730,2026-05-18T14:43:26Z,20260519,0.0872172870541434,,605303,建筑工程,浙江,主板,20210301,25.94,28.55,25.94,28.55,10.0193,2.5909086784097,10.0193,1.0073685814360769,1.0073685814360769,9.011931418563922,48048.0,133070.812,2.98,7.0746,0.74,7.529299513104346e-05,,,,,,,,460332.7998,,,,380370.72,53813.83,171238.76,209131.96,,4.0,5.0,1.0,5.0,4.0,0.0,,,,,,0.0,,,,,,,,U,0.0,61411050.0,61411050.0,95452.0,95452.0,,,,,,28.55,23.36,1.0,5.0,4.0,0.0,1.0,0.0,2.3195324797972026,20260518,20260519,,RISK_ON,,0.334194475,0.3093776012583696,0.3093776012583696,0.3093776012583696,True,lgbm,/home/runner/work/top10-decision/top10-decision/models/pfill_lgbm.joblib,meta_feature_contract,/home/runner/work/top10-decision/top10-decision/models/pfill_meta.json,88,board|area|market|latest_change_reason|limit_type|prior_board,82,symbol|board|area|market|market_regime|latest_change_reason|limit_type|prior_board,88,16,sample_weight|is_cold_start|feature_coverage_score|prior_strength_score|prior_theme_boost|prior_seal_amount|prior_open_times|prior_turnover_rate,25,trade_date|verify_date|ts_code|name|prob|StrengthScore|ThemeBoost|run_id,6,board|area|market|latest_change_reason|limit_type|prior_board,88,rank:int64|sample_weight:float64|is_cold_start:float64|feature_coverage_score:float64|symbol:int64|board:float64|area:float64|market:float64,model:lgbm,,0.0076027728013972505,0.0076027728013972505,0.0004459570248400357,0.0004459570248400357,0.0004459570248400357,0.0004459570248400357,0.0004459570248400357,0.0004459570248400357,0.0004459570248400357,0.0004459570248400357,0,0,,,0,0,True,lr,/home/runner/work/top10-decision/top10-decision/models/eret_lr.joblib,meta_feature_contract,/home/runner/work/top10-decision/top10-decision/models/eret_meta.json,74,board|area|market|latest_change_reason|limit_type|prior_board,68,symbol|board|area|market|market_regime|latest_change_reason|limit_type|prior_board,74,2,prior_board|prior_prob_prior,49,trade_date|verify_date|ts_code|name|prob|StrengthScore|ThemeBoost|run_id,6,board|area|market|latest_change_reason|limit_type|prior_board,74,rank:float64|symbol:float64|board:float64|area:float64|market:float64|list_date:float64|open:float64|high:float64,2220,0.36585365853658536,0.36585365853658536,82,0.3658536585365854,1.0,-0.019187901956414857,0.048682224642638584,0.01121313333376305,0.01339623728472044,-0.019187901956414857,0.048682224642638584,0.01121313333376305,0.01339623728472044,0,0.0,15,0.18292682926829268,67,0.8170731707317073,model:lr,,RISK_ON,0.0002,0.0005,0.000753,0.0,0.0,0.0004,0.0,0.001853,0.001853,0.0,0.0,0.0,0.0,0.007917500000000001,0.006,0.0,0.0,0.0,0.0,0.0,0.0,0.0,0.007054625000000001,0.0,0.007054625000000001,0.007054625000000001,0.0,0.0,0.0,0.0,0.0,0.007054625000000001,0.007054625000000001,-0.008769655885390672,0.017657427164765652,0.035743567911914124,0.05340099507667978,0.01086755625,0.06426855132667977,-0.07303820721207044,v1_1_exec_aware,-0.07303820721207044,pred_plus_fs,,,,,,,,,,1,2026-05-19 00:32:49+0800
20260518,20260519,38,605218.SH,伟时电子,0.0121870641497851,71.682927,0.83,元器件,26040646802,1,1c6e282fa96be950ae648ebe60bb3e8a3cd2b730,2026-05-18T14:43:26Z,20260519,0.0121870641497851,,605218,元器件,江苏,主板,20200928,17.77,19.35,17.61,19.35,10.0057,1.7581798522583754,10.0057,0.9896598449612414,0.8986566408268744,9.107043359173126,74546.92,142970.676,3.5026,9.4372,1.94,6.998428125219188e-05,,,,,,,,469846.4851,,,,380370.72,53813.83,171238.76,209131.96,,9.0,1.0,1.0,1.0,9.0,0.0,,,,,,0.0,,,,,,,,U,4.0,6257228.0,6257228.0,93324.0,93836.0,,,,,,19.35,15.83,1.0,1.0,9.0,0.0,1.0,0.0,1.457084727903146,20260518,20260519,,RISK_ON,,0.604384386,0.6751931036307448,0.6751931036307448,0.6751931036307448,True,lgbm,/home/runner/work/top10-decision/top10-decision/models/pfill_lgbm.joblib,meta_feature_contract,/home/runner/work/top10-decision/top10-decision/models/pfill_meta.json,88,board|area|market|latest_change_reason|limit_type|prior_board,82,symbol|board|area|market|market_regime|latest_change_reason|limit_type|prior_board,88,16,sample_weight|is_cold_start|feature_coverage_score|prior_strength_score|prior_theme_boost|prior_seal_amount|prior_open_times|prior_turnover_rate,25,trade_date|verify_date|ts_code|name|prob|StrengthScore|ThemeBoost|run_id,6,board|area|market|latest_change_reason|limit_type|prior_board,88,rank:int64|sample_weight:float64|is_cold_start:float64|feature_coverage_score:float64|symbol:int64|board:float64|area:float64|market:float64,model:lgbm,,0.006855611924493553,0.006855611924493553,-0.0032024417881752806,-0.0032024417881752806,-0.0032024417881752806,-0.0032024417881752806,-0.0032024417881752806,-0.0032024417881752806,-0.0032024417881752806,-0.0032024417881752806,0,0,,,0,0,True,lr,/home/runner/work/top10-decision/top10-decision/models/eret_lr.joblib,meta_feature_contract,/home/runner/work/top10-decision/top10-decision/models/eret_meta.json,74,board|area|market|latest_change_reason|limit_type|prior_board,68,symbol|board|area|market|market_regime|latest_change_reason|limit_type|prior_board,74,2,prior_board|prior_prob_prior,49,trade_date|verify_date|ts_code|name|prob|StrengthScore|ThemeBoost|run_id,6,board|area|market|latest_change_reason|limit_type|prior_board,74,rank:float64|symbol:float64|board:float64|area:float64|market:float64|list_date:float64|open:float64|high:float64,2220,0.36585365853658536,0.36585365853658536,82,0.3658536585365854,1.0,-0.019187901956414857,0.048682224642638584,0.01121313333376305,0.01339623728472044,-0.019187901956414857,0.048682224642638584,0.01121313333376305,0.01339623728472044,0,0.0,15,0.18292682926829268,67,0.8170731707317073,model:lr,,RISK_ON,0.0002,0.0005,0.00067461,0.00047999999999999996,0.0,0.0004,0.0,0.0022546099999999998,0.0022546099999999998,0.0,0.005,0.009000000000000001,0.0,0.006806975,0.006,0.0,0.0,0.0,0.0014971088,0.0,0.0,0.009000000000000001,0.007342101530000001,0.0015,0.01784210153,0.01784210153,0.0,0.0,0.0,0.0,0.0,0.01784210153,0.01784210153,-0.02225897814015486,0.007414593098339144,0.010136482745847861,0.017551075844187004,0.0250126986215,0.042563774465687,-0.06482275260584186,v1_1_exec_aware,-0.06482275260584186,pred_plus_fs,,,,,,,,,,1,2026-05-19 00:32:49+0800
20260518,20260519,39,600996.SH,贵广网络,0.1558938590414405,52.5,0.0164,影视音像,26040646802,1,1c6e282fa96be950ae648ebe60bb3e8a3cd2b730,2026-05-18T14:43:26Z,20260519,0.1558938590414405,,600996,影视音像,贵州,主板,20161226,8.27,9.1,8.27,9.1,10.0363,0.8245517066408125,10.0363,1.0066075824175826,1.0066075824175826,9.02969241758242,373464.46,333648.95,2.9954,5.6545,1.37,3.0080418355879738e-05,,,,,,,,1134587.8671,,,,380370.72,53813.83,171238.76,209131.96,,,,0.0,,,0.0,51663182.9,15.48,46.93,11345878671.4,46.93,0.0,,,,,,,,U,0.0,113197630.0,113197630.0,93827.0,93827.0,,,,,,9.1,7.44,0.0,,,0.0,1.0,0.0,2.128167681892204,20260518,20260519,,RISK_ON,,0.30837818499999997,0.38477827294432493,0.38477827294432493,0.38477827294432493,True,lgbm,/home/runner/work/top10-decision/top10-decision/models/pfill_lgbm.joblib,meta_feature_contract,/home/runner/work/top10-decision/top10-decision/models/pfill_meta.json,88,board|area|market|latest_change_reason|limit_type|prior_board,82,symbol|board|area|market|market_regime|latest_change_reason|limit_type|prior_board,88,16,sample_weight|is_cold_start|feature_coverage_score|prior_strength_score|prior_theme_boost|prior_seal_amount|prior_open_times|prior_turnover_rate,25,trade_date|verify_date|ts_code|name|prob|StrengthScore|ThemeBoost|run_id,6,board|area|market|latest_change_reason|limit_type|prior_board,88,rank:int64|sample_weight:float64|is_cold_start:float64|feature_coverage_score:float64|symbol:int64|board:float64|area:float64|market:float64,model:lgbm,,0.008726015771243215,0.008726015771243215,0.02326645078291931,0.02326645078291931,0.02326645078291931,0.02326645078291931,0.02326645078291931,0.02326645078291931,0.02326645078291931,0.02326645078291931,0,0,,,0,0,True,lr,/home/runner/work/top10-decision/top10-decision/models/eret_lr.joblib,meta_feature_contract,/home/runner/work/top10-decision/top10-decision/models/eret_meta.json,74,board|area|market|latest_change_reason|limit_type|prior_board,68,symbol|board|area|market|market_regime|latest_change_reason|limit_type|prior_board,74,2,prior_board|prior_prob_prior,49,trade_date|verify_date|ts_code|name|prob|StrengthScore|ThemeBoost|run_id,6,board|area|market|latest_change_reason|limit_type|prior_board,74,rank:float64|symbol:float64|board:float64|area:float64|market:float64|list_date:float64|open:float64|high:float64,2220,0.36585365853658536,0.36585365853658536,82,0.3658536585365854,1.0,-0.019187901956414857,0.048682224642638584,0.01121313333376305,0.01339623728472044,-0.019187901956414857,0.048682224642638584,0.01121313333376305,0.01339623728472044,0,0.0,15,0.18292682926829268,67,0.8170731707317073,model:lr,,RISK_ON,0.0002,0.0005,0.00075069,0.0,0.0,0.0004,0.0,0.00185069,0.00185069,0.0,0.0,0.0,0.0,0.007884775,0.006,0.0,0.0,0.0,0.0,0.0,0.0,0.0,0.0070366262500000006,0.0,0.0070366262500000006,0.0070366262500000006,0.0,0.0,0.0,0.0,0.0,0.0070366262500000006,0.0070366262500000006,6.510849979582747e-05,0.0155462083575589,0.030465520893897254,0.046011729251456156,0.010840803562500001,0.05685253281395616,-0.056787424314160326,v1_1_exec_aware,-0.056787424314160326,pred_plus_fs,,,,,,,,,,1,2026-05-19 00:32:49+0800
20260518,20260519,40,603989.SH,艾华集团,0.0353071608409355,62.170732,0.83,元器件,26040646802,1,1c6e282fa96be950ae648ebe60bb3e8a3cd2b730,2026-05-18T14:43:26Z,20260519,0.0353071608409355,,603989,元器件,湖南,主板,20150515,19.97,22.0,19.85,22.0,10.0,2.0,10.0,1.0749999999999993,1.0150000000000006,8.985,187687.53,402492.618,4.7065,13.7721,1.93,2.4845176166684376e-05,,,,,,,,877315.692,,,,380370.72,53813.83,171238.76,209131.96,,9.0,1.0,1.0,1.0,9.0,0.0,,,,,,0.0,,,,,,,,U,1.0,33679800.0,33679800.0,103314.0,131405.0,,,,,,22.0,18.0,1.0,1.0,9.0,0.0,1.0,0.0,1.7881338539737364,20260518,20260519,,RISK_ON,,0.41669259999999997,0.20968169155939873,0.20968169155939873,0.20968169155939873,True,lgbm,/home/runner/work/top10-decision/top10-decision/models/pfill_lgbm.joblib,meta_feature_contract,/home/runner/work/top10-decision/top10-decision/models/pfill_meta.json,88,board|area|market|latest_change_reason|limit_type|prior_board,82,symbol|board|area|market|market_regime|latest_change_reason|limit_type|prior_board,88,16,sample_weight|is_cold_start|feature_coverage_score|prior_strength_score|prior_theme_boost|prior_seal_amount|prior_open_times|prior_turnover_rate,25,trade_date|verify_date|ts_code|name|prob|StrengthScore|ThemeBoost|run_id,6,board|area|market|latest_change_reason|limit_type|prior_board,88,rank:int64|sample_weight:float64|is_cold_start:float64|feature_coverage_score:float64|symbol:int64|board:float64|area:float64|market:float64,model:lgbm,,0.007549214825228065,0.007549214825228065,-0.006840359477384627,-0.006840359477384627,-0.006840359477384627,-0.006840359477384627,-0.006840359477384627,-0.006840359477384627,-0.006840359477384627,-0.006840359477384627,0,0,,,0,0,True,lr,/home/runner/work/top10-decision/top10-decision/models/eret_lr.joblib,meta_feature_contract,/home/runner/work/top10-decision/top10-decision/models/eret_meta.json,74,board|area|market|latest_change_reason|limit_type|prior_board,68,symbol|board|area|market|market_regime|latest_change_reason|limit_type|prior_board,74,2,prior_board|prior_prob_prior,49,trade_date|verify_date|ts_code|name|prob|StrengthScore|ThemeBoost|run_id,6,board|area|market|latest_change_reason|limit_type|prior_board,74,rank:float64|symbol:float64|board:float64|area:float64|market:float64|list_date:float64|open:float64|high:float64,2220,0.36585365853658536,0.36585365853658536,82,0.3658536585365854,1.0,-0.019187901956414857,0.048682224642638584,0.01121313333376305,0.01339623728472044,-0.019187901956414857,0.048682224642638584,0.01121313333376305,0.01339623728472044,0,0.0,15,0.18292682926829268,67,0.8170731707317073,model:lr,,RISK_ON,0.0002,0.0005,0.00011527249999999998,0.00011999999999999999,0.0,0.0004,0.0,0.0013352725,0.0013352725,0.0,0.005,0.002,0.0,0.0042486875,0.006,0.0,0.0,0.0,0.0,0.0,0.0,0.005,0.005036778125,0.0006,0.010636778125,0.010636778125,0.0,0.0,0.0,0.0,0.0,0.010636778125,0.010636778125,-0.013406348771092372,0.020448912636336834,0.04272228159084209,0.06317119422717893,0.014039852187499998,0.07721104641467892,-0.09061739518577129,v1_1_exec_aware,-0.09061739518577129,pred_plus_fs,,,,,,,,,,1,2026-05-19 00:32:49+0800
20260518,20260519,41,600769.SH,祥龙电业,0.0880016626522305,73.939024,0.01,水务,26040646802,1,1c6e282fa96be950ae648ebe60bb3e8a3cd2b730,2026-05-18T14:43:26Z,20260519,0.0880016626522305,,600769,水务,湖北,主板,19961101,23.05,25.66,23.05,25.66,9.9871,2.335466137561322,9.9871,1.117549922057677,1.117549922057677,8.869550077942321,129435.96,320323.527,3.4518,4.3191,0.42,3.117816569246254e-05,,,,,,,,962191.4952,,,,380370.72,53813.83,171238.76,209131.96,,,,0.0,,,0.0,,,,,,0.0,,,,,,,,U,0.0,40268238.0,40268238.0,94316.0,94316.0,,,,,,25.66,21.0,0.0,,,0.0,1.0,0.0,2.045593593420141,20260518,20260519,,RISK_ON,,0.347124881,0.5478370582276602,0.5478370582276602,0.5478370582276602,True,lgbm,/home/runner/work/top10-decision/top10-decision/models/pfill_lgbm.joblib,meta_feature_contract,/home/runner/work/top10-decision/top10-decision/models/pfill_meta.json,88,board|area|market|latest_change_reason|limit_type|prior_board,82,symbol|board|area|market|market_regime|latest_change_reason|limit_type|prior_board,88,16,sample_weight|is_cold_start|feature_coverage_score|prior_strength_score|prior_theme_boost|prior_seal_amount|prior_open_times|prior_turnover_rate,25,trade_date|verify_date|ts_code|name|prob|StrengthScore|ThemeBoost|run_id,6,board|area|market|latest_change_reason|limit_type|prior_board,88,rank:int64|sample_weight:float64|is_cold_start:float64|feature_coverage_score:float64|symbol:int64|board:float64|area:float64|market:float64,model:lgbm,,0.006670049879566914,0.006670049879566914,0.011277275078834241,0.011277275078834241,0.011277275078834241,0.011277275078834241,0.011277275078834241,0.011277275078834241,0.011277275078834241,0.011277275078834241,0,0,,,0,0,True,lr,/home/runner/work/top10-decision/top10-decision/models/eret_lr.joblib,meta_feature_contract,/home/runner/work/top10-decision/top10-decision/models/eret_meta.json,74,board|area|market|latest_change_reason|limit_type|prior_board,68,symbol|board|area|market|market_regime|latest_change_reason|limit_type|prior_board,74,2,prior_board|prior_prob_prior,49,trade_date|verify_date|ts_code|name|prob|StrengthScore|ThemeBoost|run_id,6,board|area|market|latest_change_reason|limit_type|prior_board,74,rank:float64|symbol:float64|board:float64|area:float64|market:float64|list_date:float64|open:float64|high:float64,2220,0.36585365853658536,0.36585365853658536,82,0.3658536585365854,1.0,-0.019187901956414857,0.048682224642638584,0.01121313333376305,0.01339623728472044,-0.019187901956414857,0.048682224642638584,0.01121313333376305,0.01339623728472044,0,0.0,15,0.18292682926829268,67,0.8170731707317073,model:lr,,RISK_ON,0.0002,0.0005,0.00068223,0.0,0.0,0.0004,0.0,0.0017822299999999999,0.0017822299999999999,0.0,0.0,0.0,0.0,0.006914925000000001,0.006,0.0,0.0,0.0,0.0,0.0,0.0,0.0,0.006503208750000001,0.0,0.006503208750000001,0.006503208750000001,0.0,0.0,0.0,0.0,0.0,0.006503208750000001,0.006503208750000001,-0.0021073295459873463,0.010980562369625513,0.019051405924063788,0.0300319682936893,0.010047951187500001,0.0400799194811893,-0.042187249027176646,v1_1_exec_aware,-0.042187249027176646,pred_plus_fs,,,,,,,,,,1,2026-05-19 00:32:49+0800
20260518,20260519,42,300657.SZ,弘信电子,0.0826134286133194,42.280488,0.8363999999999999,元器件,26040646802,1,1c6e282fa96be950ae648ebe60bb3e8a3cd2b730,2026-05-18T14:43:26Z,20260519,0.0826134286133194,,300657,元器件,福建,创业板,20170523,43.4,43.4,43.4,43.4,19.9889,2.0677596253257677,19.9889,0.0,0.0,19.9889,212095.4,920494.036,4.5271,5.5187,0.44,2.1715404139783045e-05,,,,,,,,2092425.3036,,,,380370.72,53813.83,171238.76,209131.96,,9.0,1.0,1.0,1.0,9.0,0.0,409316423.6,44.47,58.76,20333069824.2,58.76,0.0,,,,,,,,U,0.0,528262456.0,528262456.0,92500.0,92500.0,,,,,,43.4,28.94,1.0,1.0,9.0,0.0,1.0,0.0,2.848123603967702,20260518,20260519,,RISK_ON,,0.12263549999999998,0.8274376173261606,0.8274376173261606,0.8274376173261606,True,lgbm,/home/runner/work/top10-decision/top10-decision/models/pfill_lgbm.joblib,meta_feature_contract,/home/runner/work/top10-decision/top10-decision/models/pfill_meta.json,88,board|area|market|latest_change_reason|limit_type|prior_board,82,symbol|board|area|market|market_regime|latest_change_reason|limit_type|prior_board,88,16,sample_weight|is_cold_start|feature_coverage_score|prior_strength_score|prior_theme_boost|prior_seal_amount|prior_open_times|prior_turnover_rate,25,trade_date|verify_date|ts_code|name|prob|StrengthScore|ThemeBoost|run_id,6,board|area|market|latest_change_reason|limit_type|prior_board,88,rank:int64|sample_weight:float64|is_cold_start:float64|feature_coverage_score:float64|symbol:int64|board:float64|area:float64|market:float64,model:lgbm,,0.008987602858399581,0.008987602858399581,0.014459120300345319,0.014459120300345319,0.014459120300345319,0.014459120300345319,0.014459120300345319,0.014459120300345319,0.014459120300345319,0.014459120300345319,0,0,,,0,0,True,lr,/home/runner/work/top10-decision/top10-decision/models/eret_lr.joblib,meta_feature_contract,/home/runner/work/top10-decision/top10-decision/models/eret_meta.json,74,board|area|market|latest_change_reason|limit_type|prior_board,68,symbol|board|area|market|market_regime|latest_change_reason|limit_type|prior_board,74,2,prior_board|prior_prob_prior,49,trade_date|verify_date|ts_code|name|prob|StrengthScore|ThemeBoost|run_id,6,board|area|market|latest_change_reason|limit_type|prior_board,74,rank:float64|symbol:float64|board:float64|area:float64|market:float64|list_date:float64|open:float64|high:float64,2220,0.36585365853658536,0.36585365853658536,82,0.3658536585365854,1.0,-0.019187901956414857,0.048682224642638584,0.01121313333376305,0.01339623728472044,-0.019187901956414857,0.048682224642638584,0.01121313333376305,0.01339623728472044,0,0.0,15,0.18292682926829268,67,0.8170731707317073,model:lr,,RISK_ON,0.0002,0.0007,0.0001215515,0.0,0.0,0.0004,0.0,0.0014215515,0.0014215515,0.0,0.0,0.0,0.0,0.0046299125,0.006,0.0,0.0,0.003,0.0,0.0,0.0,0.0,0.0052464518750000005,0.0,0.0052464518750000005,0.0052464518750000005,0.0,0.0,0.0,0.0,0.0,0.008246451875000001,0.008246451875000001,0.0022960166749500487,0.0031517467148675015,0.0,0.0031517467148675015,0.0085158568125,0.011667603527367502,-0.009371586852417454,v1_1_exec_aware,-0.009371586852417454,pred_plus_fs,,,,,,,,,,1,2026-05-19 00:32:49+0800
20260518,20260519,43,603316.SH,诚邦股份,0.099484312507851,55.865854,0.328751396590983,建筑工程,26040646802,1,1c6e282fa96be950ae648ebe60bb3e8a3cd2b730,2026-05-18T14:43:26Z,20260519,0.099484312507851,,603316,建筑工程,浙江,主板,20170619,19.1,20.47,19.1,20.47,9.9946,1.861823076783148,9.9946,0.7358379091353187,0.7358379091353187,9.258762090864682,329730.2,660574.051,12.4773,20.1864,1.33,1.513017349814124e-05,,,,,,,,540948.408,,,,380370.72,53813.83,171238.76,209131.96,,4.0,5.0,1.0,5.0,4.0,0.0,,,,,,0.0,,,,,,,,U,1.0,47424691.0,47424691.0,95809.0,141436.0,,,,,,20.47,16.75,1.0,5.0,4.0,0.0,1.0,0.0,1.8036964661709267,20260518,20260519,,RISK_ON,,0.4486741545,0.44154237653413797,0.44154237653413797,0.44154237653413797,True,lgbm,/home/runner/work/top10-decision/top10-decision/models/pfill_lgbm.joblib,meta_feature_contract,/home/runner/work/top10-decision/top10-decision/models/pfill_meta.json,88,board|area|market|latest_change_reason|limit_type|prior_board,82,symbol|board|area|market|market_regime|latest_change_reason|limit_type|prior_board,88,16,sample_weight|is_cold_start|feature_coverage_score|prior_strength_score|prior_theme_boost|prior_seal_amount|prior_open_times|prior_turnover_rate,25,trade_date|verify_date|ts_code|name|prob|StrengthScore|ThemeBoost|run_id,6,board|area|market|latest_change_reason|limit_type|prior_board,88,rank:int64|sample_weight:float64|is_cold_start:float64|feature_coverage_score:float64|symbol:int64|board:float64|area:float64|market:float64,model:lgbm,,0.00797078356500848,0.00797078356500848,0.00775355789709067,0.00775355789709067,0.00775355789709067,0.00775355789709067,0.00775355789709067,0.00775355789709067,0.00775355789709067,0.00775355789709067,0,0,,,0,0,True,lr,/home/runner/work/top10-decision/top10-decision/models/eret_lr.joblib,meta_feature_contract,/home/runner/work/top10-decision/top10-decision/models/eret_meta.json,74,board|area|market|latest_change_reason|limit_type|prior_board,68,symbol|board|area|market|market_regime|latest_change_reason|limit_type|prior_board,74,2,prior_board|prior_prob_prior,49,trade_date|verify_date|ts_code|name|prob|StrengthScore|ThemeBoost|run_id,6,board|area|market|latest_change_reason|limit_type|prior_board,74,rank:float64|symbol:float64|board:float64|area:float64|market:float64|list_date:float64|open:float64|high:float64,2220,0.36585365853658536,0.36585365853658536,82,0.3658536585365854,1.0,-0.019187901956414857,0.048682224642638584,0.01121313333376305,0.01339623728472044,-0.019187901956414857,0.048682224642638584,0.01121313333376305,0.01339623728472044,0,0.0,15,0.18292682926829268,67,0.8170731707317073,model:lr,,RISK_ON,0.0002,0.0005,0.0001567055,0.00011999999999999999,0.0,0.0004,0.0,0.0013767055,0.0013767055,0.0,0.005,0.002,0.0,0.0,0.006,0.0,0.0,0.0,0.0,0.0,0.0,0.005,0.0027,0.0006,0.0083,0.0083,0.0,0.0,0.0,0.0,0.0,0.0083,0.0083,-0.0062531811195235525,0.013956813457044135,0.02649203364261034,0.040448847099654475,0.009515,0.04996384709965447,-0.056217028219178025,v1_1_exec_aware,-0.056217028219178025,pred_plus_fs,,,,,,,,,,1,2026-05-19 00:32:49+0800
20260518,20260519,44,603082.SH,北自科技,0.1707655737350767,41.939024,0.0164,运输设备,26040646802,1,1c6e282fa96be950ae648ebe60bb3e8a3cd2b730,2026-05-18T14:43:26Z,20260519,0.1707655737350767,,603082,运输设备,北京,主板,20240130,46.53,46.53,42.46,46.53,10.0,4.23,10.0,0.9621749408983452,0.0,9.999999999999998,211188.66,970337.676,52.0722,52.0722,4.95,1.0305690737705623e-05,,,,,,,,754844.7576,,,,380370.72,53813.83,171238.76,209131.96,,,,0.0,,,0.0,1825377.4,0.19,11.55,1887112557.0,11.55,0.0,,,,,,,,U,4.0,71526009.0,71526009.0,93219.0,130016.0,,,,,,46.53,38.07,0.0,,,0.0,1.0,0.0,1.2809851122194953,20260518,20260519,,RISK_ON,,0.6542369954999999,0.9483839285860305,0.9483839285860305,0.9483839285860305,True,lgbm,/home/runner/work/top10-decision/top10-decision/models/pfill_lgbm.joblib,meta_feature_contract,/home/runner/work/top10-decision/top10-decision/models/pfill_meta.json,88,board|area|market|latest_change_reason|limit_type|prior_board,82,symbol|board|area|market|market_regime|latest_change_reason|limit_type|prior_board,88,16,sample_weight|is_cold_start|feature_coverage_score|prior_strength_score|prior_theme_boost|prior_seal_amount|prior_open_times|prior_turnover_rate,25,trade_date|verify_date|ts_code|name|prob|StrengthScore|ThemeBoost|run_id,6,board|area|market|latest_change_reason|limit_type|prior_board,88,rank:int64|sample_weight:float64|is_cold_start:float64|feature_coverage_score:float64|symbol:int64|board:float64|area:float64|market:float64,model:lgbm,,0.0091721672120523,0.0091721672120523,0.03420174797649056,0.03420174797649056,0.03420174797649056,0.03420174797649056,0.03420174797649056,0.03420174797649056,0.03420174797649056,0.03420174797649056,0,0,,,0,0,True,lr,/home/runner/work/top10-decision/top10-decision/models/eret_lr.joblib,meta_feature_contract,/home/runner/work/top10-decision/top10-decision/models/eret_meta.json,74,board|area|market|latest_change_reason|limit_type|prior_board,68,symbol|board|area|market|market_regime|latest_change_reason|limit_type|prior_board,74,2,prior_board|prior_prob_prior,49,trade_date|verify_date|ts_code|name|prob|StrengthScore|ThemeBoost|run_id,6,board|area|market|latest_change_reason|limit_type|prior_board,74,rank:float64|symbol:float64|board:float64|area:float64|market:float64|list_date:float64|open:float64|high:float64,2220,0.36585365853658536,0.36585365853658536,82,0.3658536585365854,1.0,-0.019187901956414857,0.048682224642638584,0.01121313333376305,0.01339623728472044,-0.019187901956414857,0.048682224642638584,0.01121313333376305,0.01339623728472044,0,0.0,15,0.18292682926829268,67,0.8170731707317073,model:lr,,RISK_ON,0.0002,0.0005,0.0018,0.00047999999999999996,0.0,0.0004,0.0,0.0033799999999999998,0.0033799999999999998,0.0,0.005,0.009000000000000001,0.0,0.0,0.006,0.005,0.0,0.0,0.0,0.0,0.0,0.009000000000000001,0.0027,0.0015,0.013200000000000002,0.013200000000000002,0.005,0.0,0.005,0.005,0.0,0.0182,0.0182,0.010856388110453433,0.0,0.0,0.0,0.021185000000000006,0.021185000000000006,-0.010328611889546573,v1_1_exec_aware,-0.010328611889546573,pred_plus_fs,,,,,,,,,,1,2026-05-19 00:32:49+0800
20260518,20260519,45,002030.SZ,达安基因,0.0966159297864167,67.573171,0.01,医疗保健,26040646802,1,1c6e282fa96be950ae648ebe60bb3e8a3cd2b730,2026-05-18T14:43:26Z,20260519,0.0966159297864167,,2030,医疗保健,广东,主板,20040809,6.48,6.64,6.48,6.64,9.9338,0.607291152206918,9.9338,0.2634650602409626,0.2634650602409626,9.670334939759035,658663.88,434583.679,4.6932,6.8644,0.4,2.285819850128334e-05,,,,,,,,931888.1652,,,,380370.72,53813.83,171238.76,209131.96,,,,0.0,,,0.0,,,,,,0.0,,,,,,,,U,1.0,108426186.0,108426186.0,93012.0,93218.0,,,,,,6.64,5.44,0.0,,,0.0,1.0,0.0,1.6227652285302523,20260518,20260519,,RISK_ON,,0.379252907,0.98,0.98,0.98,True,lgbm,/home/runner/work/top10-decision/top10-decision/models/pfill_lgbm.joblib,meta_feature_contract,/home/runner/work/top10-decision/top10-decision/models/pfill_meta.json,88,board|area|market|latest_change_reason|limit_type|prior_board,82,symbol|board|area|market|market_regime|latest_change_reason|limit_type|prior_board,88,16,sample_weight|is_cold_start|feature_coverage_score|prior_strength_score|prior_theme_boost|prior_seal_amount|prior_open_times|prior_turnover_rate,25,trade_date|verify_date|ts_code|name|prob|StrengthScore|ThemeBoost|run_id,6,board|area|market|latest_change_reason|limit_type|prior_board,88,rank:int64|sample_weight:float64|is_cold_start:float64|feature_coverage_score:float64|symbol:int64|board:float64|area:float64|market:float64,model:lgbm,,0.0069284778935925,0.0069284778935925,0.014451614710355339,0.014451614710355339,0.014451614710355339,0.014451614710355339,0.014451614710355339,0.014451614710355339,0.014451614710355339,0.014451614710355339,0,0,,,0,0,True,lr,/home/runner/work/top10-decision/top10-decision/models/eret_lr.joblib,meta_feature_contract,/home/runner/work/top10-decision/top10-decision/models/eret_meta.json,74,board|area|market|latest_change_reason|limit_type|prior_board,68,symbol|board|area|market|market_regime|latest_change_reason|limit_type|prior_board,74,2,prior_board|prior_prob_prior,49,trade_date|verify_date|ts_code|name|prob|StrengthScore|ThemeBoost|run_id,6,board|area|market|latest_change_reason|limit_type|prior_board,74,rank:float64|symbol:float64|board:float64|area:float64|market:float64|list_date:float64|open:float64|high:float64,2220,0.36585365853658536,0.36585365853658536,82,0.3658536585365854,1.0,-0.019187901956414857,0.048682224642638584,0.01121313333376305,0.01339623728472044,-0.019187901956414857,0.048682224642638584,0.01121313333376305,0.01339623728472044,0,0.0,15,0.18292682926829268,67,0.8170731707317073,model:lr,,RISK_ON,0.0002,0.0005,0.00011573799999999998,0.00011999999999999999,0.0,0.0004,0.0,0.001335738,0.001335738,0.0,0.005,0.002,0.0,0.00427695,0.006,0.0,0.0,0.0,0.0,0.0,0.0,0.005,0.0050523225,0.0006,0.0106523225,0.0106523225,0.0,0.0,0.0,0.0,0.0,0.0106523225,0.0106523225,0.0021745219161482324,0.0,0.0,0.0,0.01406995175,0.01406995175,-0.011895429833851768,v1_1_exec_aware,-0.011895429833851768,pred_plus_fs,,,,,,,,,,1,2026-05-19 00:32:49+0800
20260518,20260519,46,002853.SZ,皮阿诺,0.1038777211764496,64.329268,0.01,家居用品,26040646802,1,1c6e282fa96be950ae648ebe60bb3e8a3cd2b730,2026-05-18T14:43:26Z,20260519,0.1038777211764496,,2853,家居用品,广东,主板,20170310,26.65,29.3,26.33,29.3,9.985,2.66727355484752,9.985,1.1134965870307174,0.9935238907849836,8.991476109215016,112053.67,322967.02,8.7063,12.875,2.86,3.091646942774528e-05,,,,,,,,535943.7276,,,,380370.72,53813.83,171238.76,209131.96,,,,0.0,,,0.0,,,,,,0.0,,,,,,,,U,1.0,26557520.0,26557520.0,101354.0,145209.0,,,,,,29.3,23.98,0.0,,,0.0,1.0,0.0,1.5300696735011663,20260518,20260519,,RISK_ON,,0.44025274,0.5832366263535276,0.5832366263535276,0.5832366263535276,True,lgbm,/home/runner/work/top10-decision/top10-decision/models/pfill_lgbm.joblib,meta_feature_contract,/home/runner/work/top10-decision/top10-decision/models/pfill_meta.json,88,board|area|market|latest_change_reason|limit_type|prior_board,82,symbol|board|area|market|market_regime|latest_change_reason|limit_type|prior_board,88,16,sample_weight|is_cold_start|feature_coverage_score|prior_strength_score|prior_theme_boost|prior_seal_amount|prior_open_times|prior_turnover_rate,25,trade_date|verify_date|ts_code|name|prob|StrengthScore|ThemeBoost|run_id,6,board|area|market|latest_change_reason|limit_type|prior_board,88,rank:int64|sample_weight:float64|is_cold_start:float64|feature_coverage_score:float64|symbol:int64|board:float64|area:float64|market:float64,model:lgbm,,0.007146331635293488,0.007146331635293488,0.013741599233401186,0.013741599233401186,0.013741599233401186,0.013741599233401186,0.013741599233401186,0.013741599233401186,0.013741599233401186,0.013741599233401186,0,0,,,0,0,True,lr,/home/runner/work/top10-decision/top10-decision/models/eret_lr.joblib,meta_feature_contract,/home/runner/work/top10-decision/top10-decision/models/eret_meta.json,74,board|area|market|latest_change_reason|limit_type|prior_board,68,symbol|board|area|market|market_regime|latest_change_reason|limit_type|prior_board,74,2,prior_board|prior_prob_prior,49,trade_date|verify_date|ts_code|name|prob|StrengthScore|ThemeBoost|run_id,6,board|area|market|latest_change_reason|limit_type|prior_board,74,rank:float64|symbol:float64|board:float64|area:float64|market:float64|list_date:float64|open:float64|high:float64,2220,0.36585365853658536,0.36585365853658536,82,0.3658536585365854,1.0,-0.019187901956414857,0.048682224642638584,0.01121313333376305,0.01339623728472044,-0.019187901956414857,0.048682224642638584,0.01121313333376305,0.01339623728472044,0,0.0,15,0.18292682926829268,67,0.8170731707317073,model:lr,,RISK_ON,0.0002,0.0005,2.4720500000000022e-05,0.00011999999999999999,0.0,0.0004,0.0,0.0012447205000000001,0.0012447205000000001,0.0,0.005,0.002,0.0,0.0,0.006,0.0,0.0,0.0,0.0,0.0,0.0,0.005,0.0027,0.0006,0.0083,0.0083,0.0,0.0,0.0,0.0,0.0,0.0083,0.0083,-0.001530116522408872,0.009989374462101226,0.016573436155253068,0.026562810617354292,0.009515,0.036077810617354295,-0.037607927139763166,v1_1_exec_aware,-0.037607927139763166,pred_plus_fs,,,,,,,,,,1,2026-05-19 00:32:49+0800
20260518,20260519,47,000672.SZ,上峰水泥,0.097573334423196,64.743902,0.01,水泥,26040646802,1,1c6e282fa96be950ae648ebe60bb3e8a3cd2b730,2026-05-18T14:43:26Z,20260519,0.097573334423196,,672,水泥,甘肃,主板,19961218,18.9,18.9,18.25,18.9,10.0116,1.7163718260743217,10.0116,0.3787058201058193,0.0,10.0116,196834.94,371562.901,2.0305,4.6189,0.39,2.694456301491736e-05,,,,,,,,1832157.4005,,,,380370.72,53813.83,171238.76,209131.96,,,,0.0,,,0.0,,,,,,0.0,,,,,,,,U,1.0,90288324.0,90288324.0,92500.0,93154.0,,,,,,18.9,15.46,0.0,,,0.0,1.0,0.0,1.6022286879063832,20260518,20260519,,RISK_ON,,0.375008338,0.98,0.98,0.98,True,lgbm,/home/runner/work/top10-decision/top10-decision/models/pfill_lgbm.joblib,meta_feature_contract,/home/runner/work/top10-decision/top10-decision/models/pfill_meta.json,88,board|area|market|latest_change_reason|limit_type|prior_board,82,symbol|board|area|market|market_regime|latest_change_reason|limit_type|prior_board,88,16,sample_weight|is_cold_start|feature_coverage_score|prior_strength_score|prior_theme_boost|prior_seal_amount|prior_open_times|prior_turnover_rate,25,trade_date|verify_date|ts_code|name|prob|StrengthScore|ThemeBoost|run_id,6,board|area|market|latest_change_reason|limit_type|prior_board,88,rank:int64|sample_weight:float64|is_cold_start:float64|feature_coverage_score:float64|symbol:int64|board:float64|area:float64|market:float64,model:lgbm,,0.00695720003269588,0.00695720003269588,0.0129086489501449,0.0129086489501449,0.0129086489501449,0.0129086489501449,0.0129086489501449,0.0129086489501449,0.0129086489501449,0.0129086489501449,0,0,,,0,0,True,lr,/home/runner/work/top10-decision/top10-decision/models/eret_lr.joblib,meta_feature_contract,/home/runner/work/top10-decision/top10-decision/models/eret_meta.json,74,board|area|market|latest_change_reason|limit_type|prior_board,68,symbol|board|area|market|market_regime|latest_change_reason|limit_type|prior_board,74,2,prior_board|prior_prob_prior,49,trade_date|verify_date|ts_code|name|prob|StrengthScore|ThemeBoost|run_id,6,board|area|market|latest_change_reason|limit_type|prior_board,74,rank:float64|symbol:float64|board:float64|area:float64|market:float64|list_date:float64|open:float64|high:float64,2220,0.36585365853658536,0.36585365853658536,82,0.3658536585365854,1.0,-0.019187901956414857,0.048682224642638584,0.01121313333376305,0.01339623728472044,-0.019187901956414857,0.048682224642638584,0.01121313333376305,0.01339623728472044,0,0.0,15,0.18292682926829268,67,0.8170731707317073,model:lr,,RISK_ON,0.0002,0.0005,0.000895425,0.00011999999999999999,0.0,0.0004,0.0,0.002115425,0.002115425,0.0,0.005,0.002,0.0,0.0099351875,0.006,0.0,0.0,0.0,0.0,0.0,0.0,0.005,0.008164353124999999,0.0006,0.013764353125,0.013764353125,0.0,0.0,0.0,0.0,0.0,0.013764353125,0.013764353125,-0.003229302153857999,0.0,0.0,0.0,0.0200959746875,0.0200959746875,-0.023325276841358,v1_1_exec_aware,-0.023325276841358,pred_plus_fs,,,,,,,,,,1,2026-05-19 00:32:49+0800
20260518,20260519,48,000571.SZ,新大洲A,0.090654577963066,65.890244,0.01,煤炭开采,26040646802,1,1c6e282fa96be950ae648ebe60bb3e8a3cd2b730,2026-05-18T14:43:26Z,20260519,0.090654577963066,,571,煤炭开采,海南,主板,19940525,5.5,5.84,5.32,5.84,9.9812,0.5318180162459476,9.9812,0.97777808219178,0.6393164383561641,9.341883561643836,420121.31,240248.374,5.1612,7.2785,0.95,4.154533840882519e-05,,,,,,,,490051.336,,,,380370.72,53813.83,171238.76,209131.96,,,,0.0,,,0.0,,,,,,0.0,,,,,,,,U,0.0,98745762.0,98745762.0,100327.0,100327.0,,,,,,5.84,4.78,0.0,,,0.0,1.0,0.0,2.111804597076982,20260518,20260519,,RISK_ON,,0.32643311899999994,0.4302790108481566,0.4302790108481566,0.4302790108481566,True,lgbm,/home/runner/work/top10-decision/top10-decision/models/pfill_lgbm.joblib,meta_feature_contract,/home/runner/work/top10-decision/top10-decision/models/pfill_meta.json,88,board|area|market|latest_change_reason|limit_type|prior_board,82,symbol|board|area|market|market_regime|latest_change_reason|limit_type|prior_board,88,16,sample_weight|is_cold_start|feature_coverage_score|prior_strength_score|prior_theme_boost|prior_seal_amount|prior_open_times|prior_turnover_rate,25,trade_date|verify_date|ts_code|name|prob|StrengthScore|ThemeBoost|run_id,6,board|area|market|latest_change_reason|limit_type|prior_board,88,rank:int64|sample_weight:float64|is_cold_start:float64|feature_coverage_score:float64|symbol:int64|board:float64|area:float64|market:float64,model:lgbm,,0.00674963733889198,0.00674963733889198,0.004700184388460087,0.004700184388460087,0.004700184388460087,0.004700184388460087,0.004700184388460087,0.004700184388460087,0.004700184388460087,0.004700184388460087,0,0,,,0,0,True,lr,/home/runner/work/top10-decision/top10-decision/models/eret_lr.joblib,meta_feature_contract,/home/runner/work/top10-decision/top10-decision/models/eret_meta.json,74,board|area|market|latest_change_reason|limit_type|prior_board,68,symbol|board|area|market|market_regime|latest_change_reason|limit_type|prior_board,74,2,prior_board|prior_prob_prior,49,trade_date|verify_date|ts_code|name|prob|StrengthScore|ThemeBoost|run_id,6,board|area|market|latest_change_reason|limit_type|prior_board,74,rank:float64|symbol:float64|board:float64|area:float64|market:float64|list_date:float64|open:float64|high:float64,2220,0.36585365853658536,0.36585365853658536,82,0.3658536585365854,1.0,-0.019187901956414857,0.048682224642638584,0.01121313333376305,0.01339623728472044,-0.019187901956414857,0.048682224642638584,0.01121313333376305,0.01339623728472044,0,0.0,15,0.18292682926829268,67,0.8170731707317073,model:lr,,RISK_ON,0.0002,0.0005,9.935799999999999e-05,0.0,0.0,0.0004,0.0,0.001199358,0.001199358,0.0,0.0,0.0,0.0,0.00328245,0.006,0.0,0.0,0.0,0.0,0.0,0.0,0.0,0.0045053475,0.0,0.0045053475,0.0045053475,0.0,0.0,0.0,0.0,0.0,0.0045053475,0.0045053475,-0.0036823148105294464,0.014272187696251612,0.027280469240629036,0.04155265693688065,0.0070784028750000005,0.04863105981188065,-0.0523133746224101,v1_1_exec_aware,-0.0523133746224101,pred_plus_fs,,,,,,,,,,1,2026-05-19 00:32:49+0800
20260518,20260519,49,603031.SH,安孚科技,0.0468440528438905,60.829268,0.5394931282264485,电气设备,26040646802,1,1c6e282fa96be950ae648ebe60bb3e8a3cd2b730,2026-05-18T14:43:26Z,20260519,0.0468440528438905,,603031,电气设备,安徽,主板,20160822,49.11,54.89,48.9,54.89,10.0,4.99,10.0,1.2004008016032068,1.1583166332665331,8.841683366733466,195659.1,1050104.332,6.2234,8.6093,0.71,9.522863295834877e-06,,,,,,,,2052040.4196,,,,380370.72,53813.83,171238.76,209131.96,,5.0,3.0,1.0,3.0,5.0,0.0,,,,,,0.0,,,,,,,,U,3.0,16042480.0,16042480.0,101049.0,102022.0,,,,,,54.89,44.91,1.0,3.0,5.0,0.0,1.0,0.0,1.5181640505494862,20260518,20260519,,RISK_ON,,0.5530957599999999,0.5290273998799495,0.5290273998799495,0.5290273998799495,True,lgbm,/home/runner/work/top10-decision/top10-decision/models/pfill_lgbm.joblib,meta_feature_contract,/home/runner/work/top10-decision/top10-decision/models/pfill_meta.json,88,board|area|market|latest_change_reason|limit_type|prior_board,82,symbol|board|area|market|market_regime|latest_change_reason|limit_type|prior_board,88,16,sample_weight|is_cold_start|feature_coverage_score|prior_strength_score|prior_theme_boost|prior_seal_amount|prior_open_times|prior_turnover_rate,25,trade_date|verify_date|ts_code|name|prob|StrengthScore|ThemeBoost|run_id,6,board|area|market|latest_change_reason|limit_type|prior_board,88,rank:int64|sample_weight:float64|is_cold_start:float64|feature_coverage_score:float64|symbol:int64|board:float64|area:float64|market:float64,model:lgbm,,0.007023800969996061,0.007023800969996061,0.007539358806286327,0.007539358806286327,0.007539358806286327,0.007539358806286327,0.007539358806286327,0.007539358806286327,0.007539358806286327,0.007539358806286327,0,0,,,0,0,True,lr,/home/runner/work/top10-decision/top10-decision/models/eret_lr.joblib,meta_feature_contract,/home/runner/work/top10-decision/top10-decision/models/eret_meta.json,74,board|area|market|latest_change_reason|limit_type|prior_board,68,symbol|board|area|market|market_regime|latest_change_reason|limit_type|prior_board,74,2,prior_board|prior_prob_prior,49,trade_date|verify_date|ts_code|name|prob|StrengthScore|ThemeBoost|run_id,6,board|area|market|latest_change_reason|limit_type|prior_board,74,rank:float64|symbol:float64|board:float64|area:float64|market:float64|list_date:float64|open:float64|high:float64,2220,0.36585365853658536,0.36585365853658536,82,0.3658536585365854,1.0,-0.019187901956414857,0.048682224642638584,0.01121313333376305,0.01339623728472044,-0.019187901956414857,0.048682224642638584,0.01121313333376305,0.01339623728472044,0,0.0,15,0.18292682926829268,67,0.8170731707317073,model:lr,,RISK_ON,0.0002,0.0005,6.218099999999999e-05,0.00035999999999999997,0.0,0.0004,0.0,0.001522181,0.001522181,0.0,0.005,0.0075,0.0,0.0,0.006,0.0,0.0,0.0,0.0,0.0,0.0,0.0075,0.0027,0.0015,0.0117,0.0117,0.0,0.0,0.0,0.0,0.0,0.0117,0.0117,-0.009233653613948345,0.011507232803361413,0.020368082008403534,0.03187531481176495,0.013935000000000001,0.04581031481176495,-0.0550439684257133,v1_1_exec_aware,-0.0550439684257133,pred_plus_fs,,,,,,,,,,1,2026-05-19 00:32:49+0800
20260518,20260519,50,605318.SH,法狮龙,0.1004002960863444,62.439024,0.01,其他建材,26040646802,1,1c6e282fa96be950ae648ebe60bb3e8a3cd2b730,2026-05-18T14:43:26Z,20260519,0.1004002960863444,,605318,其他建材,浙江,主板,20200803,89.0,97.9,88.38,97.9,10.0,8.9,10.0,1.0696629213483158,1.0000000000000009,8.999999999999998,37359.0,354616.572,2.9714,10.1743,1.79,2.819947173816795e-05,,,,,,,,1230887.1841,,,,380370.72,53813.83,171238.76,209131.96,,,,0.0,,,0.0,,,,,,0.0,,,,,,,,U,0.0,59112020.0,59112020.0,100744.0,100744.0,,,,,,97.9,80.1,0.0,,,0.0,1.0,0.0,2.0669294098769173,20260518,20260519,,RISK_ON,,0.33530098999999997,0.2588922020791813,0.2588922020791813,0.2588922020791813,True,lgbm,/home/runner/work/top10-decision/top10-decision/models/pfill_lgbm.joblib,meta_feature_contract,/home/runner/work/top10-decision/top10-decision/models/pfill_meta.json,88,board|area|market|latest_change_reason|limit_type|prior_board,82,symbol|board|area|market|market_regime|latest_change_reason|limit_type|prior_board,88,16,sample_weight|is_cold_start|feature_coverage_score|prior_strength_score|prior_theme_boost|prior_seal_amount|prior_open_times|prior_turnover_rate,25,trade_date|verify_date|ts_code|name|prob|StrengthScore|ThemeBoost|run_id,6,board|area|market|latest_change_reason|limit_type|prior_board,88,rank:int64|sample_weight:float64|is_cold_start:float64|feature_coverage_score:float64|symbol:int64|board:float64|area:float64|market:float64,model:lgbm,,0.007042008882590332,0.007042008882590332,0.014894933083328798,0.014894933083328798,0.014894933083328798,0.014894933083328798,0.014894933083328798,0.014894933083328798,0.014894933083328798,0.014894933083328798,0,0,,,0,0,True,lr,/home/runner/work/top10-decision/top10-decision/models/eret_lr.joblib,meta_feature_contract,/home/runner/work/top10-decision/top10-decision/models/eret_meta.json,74,board|area|market|latest_change_reason|limit_type|prior_board,68,symbol|board|area|market|market_regime|latest_change_reason|limit_type|prior_board,74,2,prior_board|prior_prob_prior,49,trade_date|verify_date|ts_code|name|prob|StrengthScore|ThemeBoost|run_id,6,board|area|market|latest_change_reason|limit_type|prior_board,74,rank:float64|symbol:float64|board:float64|area:float64|market:float64|list_date:float64|open:float64|high:float64,2220,0.36585365853658536,0.36585365853658536,82,0.3658536585365854,1.0,-0.019187901956414857,0.048682224642638584,0.01121313333376305,0.01339623728472044,-0.019187901956414857,0.048682224642638584,0.01121313333376305,0.01339623728472044,0,0.0,15,0.18292682926829268,67,0.8170731707317073,model:lr,,RISK_ON,0.0002,0.0005,0.0007542899999999999,0.0,0.0,0.0004,0.0,0.00185429,0.00185429,0.0,0.0,0.0,0.0,0.007935774999999999,0.006,0.0,0.0,0.0,0.0,0.0,0.0,0.0,0.00706467625,0.0,0.00706467625,0.00706467625,0.0,0.0,0.0,0.0,0.0,0.00706467625,0.00706467625,-0.005062784224234958,0.019071018341782923,0.03927754585445731,0.05834856419624023,0.010882496062499998,0.06923106025874023,-0.07429384448297519,v1_1_exec_aware,-0.07429384448297519,pred_plus_fs,,,,,,,,,,1,2026-05-19 00:32:49+0800
20260518,20260519,51,002635.SZ,安洁科技,0.0657529855333143,42.45122,0.83,元器件,26040646802,1,1c6e282fa96be950ae648ebe60bb3e8a3cd2b730,2026-05-18T14:43:26Z,20260519,0.0657529855333143,,2635,元器件,江苏,主板,20111125,16.46,18.44,16.4,18.44,10.0239,1.6727292518981487,10.0239,1.2195637744034722,1.1836942516268982,8.840205748373101,459705.64,807794.625,11.6224,14.9365,1.88,1.2408970906435533e-05,,,,,,,,1216462.4149,,,,380370.72,53813.83,171238.76,209131.96,,9.0,1.0,1.0,1.0,9.0,0.0,,,,,,0.0,,,,,,,,U,0.0,56260144.0,56260144.0,133618.0,133618.0,,,,,,18.44,15.08,1.0,1.0,9.0,0.0,1.0,0.0,2.313700381707652,20260518,20260519,,RISK_ON,,0.37998192799999997,0.2538731344615475,0.2538731344615475,0.2538731344615475,True,lgbm,/home/runner/work/top10-decision/top10-decision/models/pfill_lgbm.joblib,meta_feature_contract,/home/runner/work/top10-decision/top10-decision/models/pfill_meta.json,88,board|area|market|latest_change_reason|limit_type|prior_board,82,symbol|board|area|market|market_regime|latest_change_reason|limit_type|prior_board,88,16,sample_weight|is_cold_start|feature_coverage_score|prior_strength_score|prior_theme_boost|prior_seal_amount|prior_open_times|prior_turnover_rate,25,trade_date|verify_date|ts_code|name|prob|StrengthScore|ThemeBoost|run_id,6,board|area|market|latest_change_reason|limit_type|prior_board,88,rank:int64|sample_weight:float64|is_cold_start:float64|feature_coverage_score:float64|symbol:int64|board:float64|area:float64|market:float64,model:lgbm,,0.00846258956599943,0.00846258956599943,-0.016942132031633708,-0.016942132031633708,-0.016942132031633708,-0.016942132031633708,-0.016942132031633708,-0.016942132031633708,-0.016942132031633708,-0.016942132031633708,0,0,,,0,0,True,lr,/home/runner/work/top10-decision/top10-decision/models/eret_lr.joblib,meta_feature_contract,/home/runner/work/top10-decision/top10-decision/models/eret_meta.json,74,board|area|market|latest_change_reason|limit_type|prior_board,68,symbol|board|area|market|market_regime|latest_change_reason|limit_type|prior_board,74,2,prior_board|prior_prob_prior,49,trade_date|verify_date|ts_code|name|prob|StrengthScore|ThemeBoost|run_id,6,board|area|market|latest_change_reason|limit_type|prior_board,74,rank:float64|symbol:float64|board:float64|area:float64|market:float64|list_date:float64|open:float64|high:float64,2220,0.36585365853658536,0.36585365853658536,82,0.3658536585365854,1.0,-0.019187901956414857,0.048682224642638584,0.01121313333376305,0.01339623728472044,-0.019187901956414857,0.048682224642638584,0.01121313333376305,0.01339623728472044,0,0.0,15,0.18292682926829268,67,0.8170731707317073,model:lr,,RISK_ON,0.0002,0.0005,0.000126784,0.0,0.0,0.0004,0.0,0.0012267839999999999,0.0012267839999999999,0.0,0.0,0.0,0.0,0.0,0.006,0.0,0.0,0.0,0.0,0.0,0.0,0.0,0.0027,0.0,0.0027,0.0027,0.0,0.0,0.0,0.0,0.0,0.0027,0.0027,-0.008227936163332235,0.01921155223507667,0.03962888058769167,0.05884043282276834,0.004395,0.06323543282276833,-0.07146336898610056,v1_1_exec_aware,-0.07146336898610056,pred_plus_fs,,,,,,,,,,1,2026-05-19 00:32:49+0800
20260518,20260519,52,603859.SH,能科科技,0.0979362073799589,46.292683,0.4258611773793213,软件服务,26040646802,1,1c6e282fa96be950ae648ebe60bb3e8a3cd2b730,2026-05-18T14:43:26Z,20260519,0.0979362073799589,,603859,软件服务,北京,主板,20161021,41.21,45.32,40.82,45.32,10.0,4.12,10.0,1.0922330097087378,0.9975728155339804,9.00242718446602,209427.23,926202.862,8.5586,11.6845,2.95,1.0796770783461476e-05,,,,,,,,1108969.9809,,,,380370.72,53813.83,171238.76,209131.96,,5.0,4.0,1.0,4.0,5.0,0.0,,,,,,0.0,,,,,,,,U,1.0,82335019.0,82335019.0,104946.0,112022.0,,,,,,45.32,37.08,1.0,4.0,5.0,0.0,1.0,0.0,1.8432235818345364,20260518,20260519,,RISK_ON,,0.4116254905,0.4445611174007617,0.4445611174007617,0.4445611174007617,True,lgbm,/home/runner/work/top10-decision/top10-decision/models/pfill_lgbm.joblib,meta_feature_contract,/home/runner/work/top10-decision/top10-decision/models/pfill_meta.json,88,board|area|market|latest_change_reason|limit_type|prior_board,82,symbol|board|area|market|market_regime|latest_change_reason|limit_type|prior_board,88,16,sample_weight|is_cold_start|feature_coverage_score|prior_strength_score|prior_theme_boost|prior_seal_amount|prior_open_times|prior_turnover_rate,25,trade_date|verify_date|ts_code|name|prob|StrengthScore|ThemeBoost|run_id,6,board|area|market|latest_change_reason|limit_type|prior_board,88,rank:int64|sample_weight:float64|is_cold_start:float64|feature_coverage_score:float64|symbol:int64|board:float64|area:float64|market:float64,model:lgbm,,0.008215669753536731,0.008215669753536731,0.0021167473906316394,0.0021167473906316394,0.0021167473906316394,0.0021167473906316394,0.0021167473906316394,0.0021167473906316394,0.0021167473906316394,0.0021167473906316394,0,0,,,0,0,True,lr,/home/runner/work/top10-decision/top10-decision/models/eret_lr.joblib,meta_feature_contract,/home/runner/work/top10-decision/top10-decision/models/eret_meta.json,74,board|area|market|latest_change_reason|limit_type|prior_board,68,symbol|board|area|market|market_regime|latest_change_reason|limit_type|prior_board,74,2,prior_board|prior_prob_prior,49,trade_date|verify_date|ts_code|name|prob|StrengthScore|ThemeBoost|run_id,6,board|area|market|latest_change_reason|limit_type|prior_board,74,rank:float64|symbol:float64|board:float64|area:float64|market:float64|list_date:float64|open:float64|high:float64,2220,0.36585365853658536,0.36585365853658536,82,0.3658536585365854,1.0,-0.019187901956414857,0.048682224642638584,0.01121313333376305,0.01339623728472044,-0.019187901956414857,0.048682224642638584,0.01121313333376305,0.01339623728472044,0,0.0,15,0.18292682926829268,67,0.8170731707317073,model:lr,,RISK_ON,0.0002,0.0005,1.9551000000000006e-05,0.00011999999999999999,0.0,0.0004,0.0,0.001239551,0.001239551,0.0,0.005,0.002,0.0,0.0,0.006,0.0,0.0,0.0,0.0,0.0,0.0,0.005,0.0027,0.0006,0.0083,0.0083,0.0,0.0,0.0,0.0,0.0,0.0083,0.0083,-0.008598527414765652,0.013872288712778671,0.02628072178194668,0.040153010494725354,0.009515,0.049668010494725356,-0.05826653790949101,v1_1_exec_aware,-0.05826653790949101,pred_plus_fs,,,,,,,,,,1,2026-05-19 00:32:49+0800
20260518,20260519,53,000962.SZ,东方钽业,0.1097491003581028,55.0,0.0164,小金属,26040646802,1,1c6e282fa96be950ae648ebe60bb3e8a3cd2b730,2026-05-18T14:43:26Z,20260519,0.1097491003581028,,962,小金属,宁夏,主板,20000120,50.51,56.36,50.25,56.36,9.9922,5.127272065646549,9.9922,1.1916668204400285,1.1409575940383254,8.851242405961674,292592.97,1614936.415,5.8324,9.9088,1.25,6.187364348954878e-06,,,,,,,,2972765.4956,,,,380370.72,53813.83,171238.76,209131.96,,,,0.0,,,0.0,195127502.61,12.08,36.74,28273920896.56,36.74,0.0,,,,,,,,U,5.0,63492358.0,63492358.0,95345.0,143309.0,,,,,,56.36,46.12,0.0,,,0.0,1.0,0.0,1.2385557012933628,20260518,20260519,,RISK_ON,,0.647415821,0.7137523392079593,0.7137523392079593,0.7137523392079593,True,lgbm,/home/runner/work/top10-decision/top10-decision/models/pfill_lgbm.joblib,meta_feature_contract,/home/runner/work/top10-decision/top10-decision/models/pfill_meta.json,88,board|area|market|latest_change_reason|limit_type|prior_board,82,symbol|board|area|market|market_regime|latest_change_reason|limit_type|prior_board,88,16,sample_weight|is_cold_start|feature_coverage_score|prior_strength_score|prior_theme_boost|prior_seal_amount|prior_open_times|prior_turnover_rate,25,trade_date|verify_date|ts_code|name|prob|StrengthScore|ThemeBoost|run_id,6,board|area|market|latest_change_reason|limit_type|prior_board,88,rank:int64|sample_weight:float64|is_cold_start:float64|feature_coverage_score:float64|symbol:int64|board:float64|area:float64|market:float64,model:lgbm,,0.007341673010743084,0.007341673010743084,0.023593408534244704,0.023593408534244704,0.023593408534244704,0.023593408534244704,0.023593408534244704,0.023593408534244704,0.023593408534244704,0.023593408534244704,0,0,,,0,0,True,lr,/home/runner/work/top10-decision/top10-decision/models/eret_lr.joblib,meta_feature_contract,/home/runner/work/top10-decision/top10-decision/models/eret_meta.json,74,board|area|market|latest_change_reason|limit_type|prior_board,68,symbol|board|area|market|market_regime|latest_change_reason|limit_type|prior_board,74,2,prior_board|prior_prob_prior,49,trade_date|verify_date|ts_code|name|prob|StrengthScore|ThemeBoost|run_id,6,board|area|market|latest_change_reason|limit_type|prior_board,74,rank:float64|symbol:float64|board:float64|area:float64|market:float64|list_date:float64|open:float64|high:float64,2220,0.36585365853658536,0.36585365853658536,82,0.3658536585365854,1.0,-0.019187901956414857,0.048682224642638584,0.01121313333376305,0.01339623728472044,-0.019187901956414857,0.048682224642638584,0.01121313333376305,0.01339623728472044,0,0.0,15,0.18292682926829268,67,0.8170731707317073,model:lr,,RISK_ON,0.0002,0.0005,7.5866e-05,0.0006,0.0,0.0004,0.0,0.0017758659999999999,0.0017758659999999999,0.0,0.005,0.01,0.0,0.0018561500000000009,0.006,0.0,0.0,0.0,0.0,0.0,0.0,0.01,0.0037208825000000006,0.0015,0.0152208825,0.0152208825,0.0,0.0,0.0,0.0,0.0,0.0152208825,0.0152208825,-0.00015689796879381213,0.006334934502177137,0.007437336255442844,0.01377227075761998,0.019217020375,0.03298929113261998,-0.033146189101413794,v1_1_exec_aware,-0.033146189101413794,pred_plus_fs,,,,,,,,,,1,2026-05-19 00:32:49+0800
20260518,20260519,54,600183.SH,生益科技,0.0415886109596454,46.45122,0.83,元器件,26040646802,1,1c6e282fa96be950ae648ebe60bb3e8a3cd2b730,2026-05-18T14:43:26Z,20260519,0.0415886109596454,,600183,元器件,广东,主板,19981028,90.23,98.95,90.23,98.95,10.0056,8.990877371519954,10.0056,0.9698719757453258,0.9698719757453258,9.035728024254674,753259.87,7271190.188,3.1458,6.2768,1.16,1.376060829286618e-06,,,,,,,,24036134.7809,,,,380370.72,53813.83,171238.76,209131.96,,9.0,1.0,1.0,1.0,9.0,0.0,,,,,,0.0,,,,,,,,U,8.0,117493230.0,117493230.0,131242.0,141306.0,,,,,,98.95,80.96,1.0,1.0,9.0,0.0,1.0,0.0,1.494142473403127,20260518,20260519,,RISK_ON,,0.6069823849999999,0.3126485547894634,0.3126485547894634,0.3126485547894634,True,lgbm,/home/runner/work/top10-decision/top10-decision/models/pfill_lgbm.joblib,meta_feature_contract,/home/runner/work/top10-decision/top10-decision/models/pfill_meta.json,88,board|area|market|latest_change_reason|limit_type|prior_board,82,symbol|board|area|market|market_regime|latest_change_reason|limit_type|prior_board,88,16,sample_weight|is_cold_start|feature_coverage_score|prior_strength_score|prior_theme_boost|prior_seal_amount|prior_open_times|prior_turnover_rate,25,trade_date|verify_date|ts_code|name|prob|StrengthScore|ThemeBoost|run_id,6,board|area|market|latest_change_reason|limit_type|prior_board,88,rank:int64|sample_weight:float64|is_cold_start:float64|feature_coverage_score:float64|symbol:int64|board:float64|area:float64|market:float64,model:lgbm,,0.007737658328789362,0.007737658328789362,0.006589587316776825,0.006589587316776825,0.006589587316776825,0.006589587316776825,0.006589587316776825,0.006589587316776825,0.006589587316776825,0.006589587316776825,0,0,,,0,0,True,lr,/home/runner/work/top10-decision/top10-decision/models/eret_lr.joblib,meta_feature_contract,/home/runner/work/top10-decision/top10-decision/models/eret_meta.json,74,board|area|market|latest_change_reason|limit_type|prior_board,68,symbol|board|area|market|market_regime|latest_change_reason|limit_type|prior_board,74,2,prior_board|prior_prob_prior,49,trade_date|verify_date|ts_code|name|prob|StrengthScore|ThemeBoost|run_id,6,board|area|market|latest_change_reason|limit_type|prior_board,74,rank:float64|symbol:float64|board:float64|area:float64|market:float64|list_date:float64|open:float64|high:float64,2220,0.36585365853658536,0.36585365853658536,82,0.3658536585365854,1.0,-0.019187901956414857,0.048682224642638584,0.01121313333376305,0.01339623728472044,-0.019187901956414857,0.048682224642638584,0.01121313333376305,0.01339623728472044,0,0.0,15,0.18292682926829268,67,0.8170731707317073,model:lr,,RISK_ON,0.0002,0.0005,0.00072813,0.0006,0.0,0.0004,0.0,0.00242813,0.00242813,0.0,0.005,0.01,0.0,0.007565175,0.006,0.0,0.0,0.0,0.0,0.0,0.0,0.01,0.006860846250000001,0.0015,0.018360846250000003,0.018,0.0,0.0,0.0,0.0,0.0,0.018,0.018,-0.018367905048750747,0.017565840465895023,0.035514601164737564,0.05308044163063259,0.02552281125,0.07860325288063258,-0.09697115792938332,v1_1_exec_aware,-0.09697115792938332,pred_plus_fs,,,,,,,,,,1,2026-05-19 00:32:49+0800
20260518,20260519,55,605123.SH,派克新材,0.0716256064944202,67.304878,0.01,航空,26040646802,1,1c6e282fa96be950ae648ebe60bb3e8a3cd2b730,2026-05-18T14:43:26Z,20260519,0.0716256064944202,,605123,航空,江苏,主板,20200825,111.0,121.25,111.0,121.25,9.9973,11.02543351549926,9.9973,0.9296686597938144,0.9296686597938144,9.067631340206184,28020.66,332113.943,2.3125,5.3149,0.58,3.010201833049809e-05,,,,,,,,1469197.0655,,,,380370.72,53813.83,171238.76,209131.96,,,,0.0,,,0.0,,,,,,0.0,,,,,,,,U,0.0,108355062.0,108355062.0,93935.0,93935.0,,,,,,121.25,99.21,0.0,,,0.0,1.0,0.0,2.1226846985915344,20260518,20260519,,RISK_ON,,0.30738496899999995,0.3666433930703381,0.3666433930703381,0.3666433930703381,True,lgbm,/home/runner/work/top10-decision/top10-decision/models/pfill_lgbm.joblib,meta_feature_contract,/home/runner/work/top10-decision/top10-decision/models/pfill_meta.json,88,board|area|market|latest_change_reason|limit_type|prior_board,82,symbol|board|area|market|market_regime|latest_change_reason|limit_type|prior_board,88,16,sample_weight|is_cold_start|feature_coverage_score|prior_strength_score|prior_theme_boost|prior_seal_amount|prior_open_times|prior_turnover_rate,25,trade_date|verify_date|ts_code|name|prob|StrengthScore|ThemeBoost|run_id,6,board|area|market|latest_change_reason|limit_type|prior_board,88,rank:int64|sample_weight:float64|is_cold_start:float64|feature_coverage_score:float64|symbol:int64|board:float64|area:float64|market:float64,model:lgbm,,0.006178768194832605,0.006178768194832605,0.016996324157431332,0.016996324157431332,0.016996324157431332,0.016996324157431332,0.016996324157431332,0.016996324157431332,0.016996324157431332,0.016996324157431332,0,0,,,0,0,True,lr,/home/runner/work/top10-decision/top10-decision/models/eret_lr.joblib,meta_feature_contract,/home/runner/work/top10-decision/top10-decision/models/eret_meta.json,74,board|area|market|latest_change_reason|limit_type|prior_board,68,symbol|board|area|market|market_regime|latest_change_reason|limit_type|prior_board,74,2,prior_board|prior_prob_prior,49,trade_date|verify_date|ts_code|name|prob|StrengthScore|ThemeBoost|run_id,6,board|area|market|latest_change_reason|limit_type|prior_board,74,rank:float64|symbol:float64|board:float64|area:float64|market:float64|list_date:float64|open:float64|high:float64,2220,0.36585365853658536,0.36585365853658536,82,0.3658536585365854,1.0,-0.019187901956414857,0.048682224642638584,0.01121313333376305,0.01339623728472044,-0.019187901956414857,0.048682224642638584,0.01121313333376305,0.01339623728472044,0,0.0,15,0.18292682926829268,67,0.8170731707317073,model:lr,,RISK_ON,0.0002,0.0005,0.000853125,0.0,0.0,0.0004,0.0,0.001953125,0.001953125,0.0,0.0,0.0,0.0,0.0093359375,0.006,0.0,0.0,0.0,0.0,0.0,0.0,0.0,0.007834765625,0.0,0.007834765625,0.007834765625,0.0,0.0,0.0,0.0,0.0,0.007834765625,0.007834765625,-0.003556300666196021,0.016053984994030532,0.03173496248507633,0.047788947479106864,0.0121777734375,0.05996672091660686,-0.06352302158280289,v1_1_exec_aware,-0.06352302158280289,pred_plus_fs,,,,,,,,,,1,2026-05-19 00:32:49+0800
20260518,20260519,56,001259.SZ,利仁科技,0.0436274949425556,49.195122,0.679305707944409,家用电器,26040646802,1,1c6e282fa96be950ae648ebe60bb3e8a3cd2b730,2026-05-18T14:43:26Z,20260519,0.0436274949425556,,1259,家用电器,北京,主板,20220831,66.55,66.55,63.01,66.55,10.0,6.05,10.0,0.5851239669421486,0.0,10.0,67294.81,446703.29,14.1541,27.9123,7.31,2.238622419816966e-05,,,,,,,,489734.0496,,,,380370.72,53813.83,171238.76,209131.96,,5.0,2.0,1.0,2.0,5.0,0.0,154132502.4,32.04,75.08,3164086408.45,75.08,0.0,,,,,,,,U,1.0,56913560.0,56913560.0,92500.0,93657.0,,,,,,66.55,54.45,1.0,2.0,5.0,0.0,1.0,0.0,1.8144402100417905,20260518,20260519,,RISK_ON,,0.45231372,0.98,0.98,0.98,True,lgbm,/home/runner/work/top10-decision/top10-decision/models/pfill_lgbm.joblib,meta_feature_contract,/home/runner/work/top10-decision/top10-decision/models/pfill_meta.json,88,board|area|market|latest_change_reason|limit_type|prior_board,82,symbol|board|area|market|market_regime|latest_change_reason|limit_type|prior_board,88,16,sample_weight|is_cold_start|feature_coverage_score|prior_strength_score|prior_theme_boost|prior_seal_amount|prior_open_times|prior_turnover_rate,25,trade_date|verify_date|ts_code|name|prob|StrengthScore|ThemeBoost|run_id,6,board|area|market|latest_change_reason|limit_type|prior_board,88,rank:int64|sample_weight:float64|is_cold_start:float64|feature_coverage_score:float64|symbol:int64|board:float64|area:float64|market:float64,model:lgbm,,0.007346741972109895,0.007346741972109895,0.008718876464529483,0.008718876464529483,0.008718876464529483,0.008718876464529483,0.008718876464529483,0.008718876464529483,0.008718876464529483,0.008718876464529483,0,0,,,0,0,True,lr,/home/runner/work/top10-decision/top10-decision/models/eret_lr.joblib,meta_feature_contract,/home/runner/work/top10-decision/top10-decision/models/eret_meta.json,74,board|area|market|latest_change_reason|limit_type|prior_board,68,symbol|board|area|market|market_regime|latest_change_reason|limit_type|prior_board,74,2,prior_board|prior_prob_prior,49,trade_date|verify_date|ts_code|name|prob|StrengthScore|ThemeBoost|run_id,6,board|area|market|latest_change_reason|limit_type|prior_board,74,rank:float64|symbol:float64|board:float64|area:float64|market:float64|list_date:float64|open:float64|high:float64,2220,0.36585365853658536,0.36585365853658536,82,0.3658536585365854,1.0,-0.019187901956414857,0.048682224642638584,0.01121313333376305,0.01339623728472044,-0.019187901956414857,0.048682224642638584,0.01121313333376305,0.01339623728472044,0,0.0,15,0.18292682926829268,67,0.8170731707317073,model:lr,,RISK_ON,0.0002,0.0005,0.00021539349999999998,0.00011999999999999999,0.0,0.0004,0.0,0.0014353935,0.0014353935,0.0,0.005,0.002,0.0,0.0,0.006,0.0,0.0,0.0,0.0,0.0,0.0,0.005,0.0027,0.0006,0.0083,0.0083,0.0,0.0,0.0,0.0,0.0,0.0083,0.0083,-0.0011908945647611073,0.0,0.0,0.0,0.009515,0.009515,-0.010705894564761106,v1_1_exec_aware,-0.010705894564761106,pred_plus_fs,,,,,,,,,,1,2026-05-19 00:32:49+0800
20260518,20260519,57,601678.SH,滨化股份,0.1251715425155104,39.719512,0.1800599148755985,化工原料,26040646802,1,1c6e282fa96be950ae648ebe60bb3e8a3cd2b730,2026-05-18T14:43:26Z,20260519,0.1251715425155104,,601678,化工原料,山东,主板,20100223,6.0,6.39,5.87,6.39,9.9828,0.5818188440106348,9.9828,0.8937489827856018,0.6703117370892013,9.3124882629108,2854507.93,1766718.508,13.9698,15.9381,3.53,5.650475701022089e-06,,,,,,,,1314318.3804,,,,380370.72,53813.83,171238.76,209131.96,,3.0,7.0,1.0,7.0,3.0,0.0,-40477766.88,-1.73,19.23,13056918803.64,19.23,0.0,,,,,,,,U,1.0,162150959.0,162150959.0,94209.0,94255.0,,,,,,6.39,5.23,1.0,7.0,3.0,0.0,1.0,0.0,1.9335949439191245,20260518,20260519,,RISK_ON,,0.3987735205,0.48163146420434144,0.48163146420434144,0.48163146420434144,True,lgbm,/home/runner/work/top10-decision/top10-decision/models/pfill_lgbm.joblib,meta_feature_contract,/home/runner/work/top10-decision/top10-decision/models/pfill_meta.json,88,board|area|market|latest_change_reason|limit_type|prior_board,82,symbol|board|area|market|market_regime|latest_change_reason|limit_type|prior_board,88,16,sample_weight|is_cold_start|feature_coverage_score|prior_strength_score|prior_theme_boost|prior_seal_amount|prior_open_times|prior_turnover_rate,25,trade_date|verify_date|ts_code|name|prob|StrengthScore|ThemeBoost|run_id,6,board|area|market|latest_change_reason|limit_type|prior_board,88,rank:int64|sample_weight:float64|is_cold_start:float64|feature_coverage_score:float64|symbol:int64|board:float64|area:float64|market:float64,model:lgbm,,0.008295326020092107,0.008295326020092107,0.003413371191960465,0.003413371191960465,0.003413371191960465,0.003413371191960465,0.003413371191960465,0.003413371191960465,0.003413371191960465,0.003413371191960465,0,0,,,0,0,True,lr,/home/runner/work/top10-decision/top10-decision/models/eret_lr.joblib,meta_feature_contract,/home/runner/work/top10-decision/top10-decision/models/eret_meta.json,74,board|area|market|latest_change_reason|limit_type|prior_board,68,symbol|board|area|market|market_regime|latest_change_reason|limit_type|prior_board,74,2,prior_board|prior_prob_prior,49,trade_date|verify_date|ts_code|name|prob|StrengthScore|ThemeBoost|run_id,6,board|area|market|latest_change_reason|limit_type|prior_board,74,rank:float64|symbol:float64|board:float64|area:float64|market:float64|list_date:float64|open:float64|high:float64,2220,0.36585365853658536,0.36585365853658536,82,0.3658536585365854,1.0,-0.019187901956414857,0.048682224642638584,0.01121313333376305,0.01339623728472044,-0.019187901956414857,0.048682224642638584,0.01121313333376305,0.01339623728472044,0,0.0,15,0.18292682926829268,67,0.8170731707317073,model:lr,,RISK_ON,0.0002,0.0005,0.00020894299999999995,0.00011999999999999999,0.0,0.0004,0.0,0.001428943,0.001428943,0.0,0.005,0.002,0.0,0.0,0.006,0.0,0.0,0.0,0.0,0.0,0.0,0.005,0.0027,0.0006,0.0083,0.0083,0.0,0.0,0.0,0.0,0.0,0.0083,0.0083,-0.008084956034943164,0.012834319002278438,0.023685797505696098,0.036520116507974536,0.009515,0.04603511650797454,-0.0541200725429177,v1_1_exec_aware,-0.0541200725429177,pred_plus_fs,,,,,,,,,,1,2026-05-19 00:32:49+0800
20260518,20260519,58,603156.SH,养元饮品,0.0638598779457002,62.902439,0.01,软饮料,26040646802,1,1c6e282fa96be950ae648ebe60bb3e8a3cd2b730,2026-05-18T14:43:26Z,20260519,0.0638598779457002,,603156,软饮料,河北,主板,20180212,49.0,51.46,48.89,51.46,10.0043,4.676353788973401,10.0043,0.5495734745433347,0.5260508744656046,9.478249125534395,262174.22,1334608.662,2.0803,5.1416,1.5,7.496055049581269e-06,,,,,,,,6485388.3546,,,,380370.72,53813.83,171238.76,209131.96,,,,0.0,,,0.0,,,,,,0.0,,,,,,,,U,18.0,20156882.0,20156882.0,93946.0,144110.0,,,,,,51.46,42.1,0.0,,,0.0,1.0,0.0,1.0754541489968887,20260518,20260519,,RISK_ON,,0.6503230589999999,0.7499075503709969,0.7499075503709969,0.7499075503709969,True,lgbm,/home/runner/work/top10-decision/top10-decision/models/pfill_lgbm.joblib,meta_feature_contract,/home/runner/work/top10-decision/top10-decision/models/pfill_meta.json,88,board|area|market|latest_change_reason|limit_type|prior_board,82,symbol|board|area|market|market_regime|latest_change_reason|limit_type|prior_board,88,16,sample_weight|is_cold_start|feature_coverage_score|prior_strength_score|prior_theme_boost|prior_seal_amount|prior_open_times|prior_turnover_rate,25,trade_date|verify_date|ts_code|name|prob|StrengthScore|ThemeBoost|run_id,6,board|area|market|latest_change_reason|limit_type|prior_board,88,rank:int64|sample_weight:float64|is_cold_start:float64|feature_coverage_score:float64|symbol:int64|board:float64|area:float64|market:float64,model:lgbm,,0.005945796338371005,0.005945796338371005,0.020854467922021745,0.020854467922021745,0.020854467922021745,0.020854467922021745,0.020854467922021745,0.020854467922021745,0.020854467922021745,0.020854467922021745,0,0,,,0,0,True,lr,/home/runner/work/top10-decision/top10-decision/models/eret_lr.joblib,meta_feature_contract,/home/runner/work/top10-decision/top10-decision/models/eret_meta.json,74,board|area|market|latest_change_reason|limit_type|prior_board,68,symbol|board|area|market|market_regime|latest_change_reason|limit_type|prior_board,74,2,prior_board|prior_prob_prior,49,trade_date|verify_date|ts_code|name|prob|StrengthScore|ThemeBoost|run_id,6,board|area|market|latest_change_reason|limit_type|prior_board,74,rank:float64|symbol:float64|board:float64|area:float64|market:float64|list_date:float64|open:float64|high:float64,2220,0.36585365853658536,0.36585365853658536,82,0.3658536585365854,1.0,-0.019187901956414857,0.048682224642638584,0.01121313333376305,0.01339623728472044,-0.019187901956414857,0.048682224642638584,0.01121313333376305,0.01339623728472044,0,0.0,15,0.18292682926829268,67,0.8170731707317073,model:lr,,RISK_ON,0.0002,0.0005,0.0008879550000000001,0.0006,0.0,0.0004,0.0,0.0025879550000000003,0.0025879550000000003,0.0,0.005,0.01,0.0,0.009829362500000001,0.006,0.0,0.0,0.0,0.0,0.0,0.0,0.01,0.008106149375000002,0.0015,0.019606149375000003,0.018,0.0,0.0,0.0,0.0,0.0,0.018,0.018,-0.0049490320463061385,0.005322588589612086,0.004906471474030215,0.010229060063642301,0.026315276874999998,0.0365443369386423,-0.04149336898494844,v1_1_exec_aware,-0.04149336898494844,pred_plus_fs,,,,,,,,,,1,2026-05-19 00:32:49+0800
20260518,20260519,59,600714.SH,金瑞矿业,0.0324269442531834,66.756098,0.1736599148755986,化工原料,26040646802,1,1c6e282fa96be950ae648ebe60bb3e8a3cd2b730,2026-05-18T14:43:26Z,20260519,0.0324269442531834,,600714,化工原料,青海,主板,19960606,25.01,27.72,25.01,27.72,10.0,2.52,10.0,1.0753968253968242,1.0753968253968242,8.924603174603176,189767.03,516548.684,6.5851,10.1667,0.72,1.935925946527046e-05,,,,,,,,798824.6288,,,,380370.72,53813.83,171238.76,209131.96,,3.0,7.0,1.0,7.0,3.0,0.0,,,,,,0.0,,,,,,,,U,7.0,11525976.0,11525976.0,94834.0,95943.0,,,,,,27.72,22.68,1.0,7.0,3.0,0.0,1.0,0.0,1.38805025224879,20260518,20260519,,RISK_ON,,0.677162512,0.5683391424821035,0.5683391424821035,0.5683391424821035,True,lgbm,/home/runner/work/top10-decision/top10-decision/models/pfill_lgbm.joblib,meta_feature_contract,/home/runner/work/top10-decision/top10-decision/models/pfill_meta.json,88,board|area|market|latest_change_reason|limit_type|prior_board,82,symbol|board|area|market|market_regime|latest_change_reason|limit_type|prior_board,88,16,sample_weight|is_cold_start|feature_coverage_score|prior_strength_score|prior_theme_boost|prior_seal_amount|prior_open_times|prior_turnover_rate,25,trade_date|verify_date|ts_code|name|prob|StrengthScore|ThemeBoost|run_id,6,board|area|market|latest_change_reason|limit_type|prior_board,88,rank:int64|sample_weight:float64|is_cold_start:float64|feature_coverage_score:float64|symbol:int64|board:float64|area:float64|market:float64,model:lgbm,,0.005493788072222298,0.005493788072222298,0.0078278245146666,0.0078278245146666,0.0078278245146666,0.0078278245146666,0.0078278245146666,0.0078278245146666,0.0078278245146666,0.0078278245146666,0,0,,,0,0,True,lr,/home/runner/work/top10-decision/top10-decision/models/eret_lr.joblib,meta_feature_contract,/home/runner/work/top10-decision/top10-decision/models/eret_meta.json,74,board|area|market|latest_change_reason|limit_type|prior_board,68,symbol|board|area|market|market_regime|latest_change_reason|limit_type|prior_board,74,2,prior_board|prior_prob_prior,49,trade_date|verify_date|ts_code|name|prob|StrengthScore|ThemeBoost|run_id,6,board|area|market|latest_change_reason|limit_type|prior_board,74,rank:float64|symbol:float64|board:float64|area:float64|market:float64|list_date:float64|open:float64|high:float64,2220,0.36585365853658536,0.36585365853658536,82,0.3658536585365854,1.0,-0.019187901956414857,0.048682224642638584,0.01121313333376305,0.01339623728472044,-0.019187901956414857,0.048682224642638584,0.01121313333376305,0.01339623728472044,0,0.0,15,0.18292682926829268,67,0.8170731707317073,model:lr,,RISK_ON,0.0002,0.0005,4.952150000000001e-05,0.0006,0.0,0.0004,0.0,0.0017495215000000001,0.0017495215000000001,0.0,0.005,0.01,0.0,0.0,0.006,0.0,0.0,0.0,0.0,0.0,0.0,0.01,0.0027,0.0015,0.014199999999999999,0.014199999999999999,0.0,0.0,0.0,0.0,0.0,0.014199999999999999,0.014199999999999999,-0.011500662427833996,0.0104065040105011,0.017616260026252755,0.028022764036753856,0.017185,0.045207764036753854,-0.05670842646458785,v1_1_exec_aware,-0.05670842646458785,pred_plus_fs,,,,,,,,,,1,2026-05-19 00:32:49+0800
20260518,20260519,60,603115.SH,海星股份,0.0427200343461373,69.073171,0.01,铝,26040646802,1,1c6e282fa96be950ae648ebe60bb3e8a3cd2b730,2026-05-18T14:43:26Z,20260519,0.0427200343461373,,603115,铝,江苏,主板,20190809,74.0,83.27,74.0,83.27,10.0,7.569999999999999,10.0,1.2245706737120208,1.2245706737120208,8.77542932628798,64025.61,518990.048,2.6469,7.4543,0.71,1.926819221011344e-05,,,,,,,,2014221.3608,,,,380370.72,53813.83,171238.76,209131.96,,,,0.0,,,0.0,,,,,,0.0,,,,,,,,U,1.0,30918151.0,30918151.0,94610.0,95155.0,,,,,,83.27,68.13,0.0,,,0.0,1.0,0.0,1.5350069850584604,20260518,20260519,,RISK_ON,,0.4077754245,0.3122090680498857,0.3122090680498857,0.3122090680498857,True,lgbm,/home/runner/work/top10-decision/top10-decision/models/pfill_lgbm.joblib,meta_feature_contract,/home/runner/work/top10-decision/top10-decision/models/pfill_meta.json,88,board|area|market|latest_change_reason|limit_type|prior_board,82,symbol|board|area|market|market_regime|latest_change_reason|limit_type|prior_board,88,16,sample_weight|is_cold_start|feature_coverage_score|prior_strength_score|prior_theme_boost|prior_seal_amount|prior_open_times|prior_turnover_rate,25,trade_date|verify_date|ts_code|name|prob|StrengthScore|ThemeBoost|run_id,6,board|area|market|latest_change_reason|limit_type|prior_board,88,rank:int64|sample_weight:float64|is_cold_start:float64|feature_coverage_score:float64|symbol:int64|board:float64|area:float64|market:float64,model:lgbm,,0.005311601030384119,0.005311601030384119,0.023266799311049753,0.023266799311049753,0.023266799311049753,0.023266799311049753,0.023266799311049753,0.023266799311049753,0.023266799311049753,0.023266799311049753,0,0,,,0,0,True,lr,/home/runner/work/top10-decision/top10-decision/models/eret_lr.joblib,meta_feature_contract,/home/runner/work/top10-decision/top10-decision/models/eret_meta.json,74,board|area|market|latest_change_reason|limit_type|prior_board,68,symbol|board|area|market|market_regime|latest_change_reason|limit_type|prior_board,74,2,prior_board|prior_prob_prior,49,trade_date|verify_date|ts_code|name|prob|StrengthScore|ThemeBoost|run_id,6,board|area|market|latest_change_reason|limit_type|prior_board,74,rank:float64|symbol:float64|board:float64|area:float64|market:float64|list_date:float64|open:float64|high:float64,2220,0.36585365853658536,0.36585365853658536,82,0.3658536585365854,1.0,-0.019187901956414857,0.048682224642638584,0.01121313333376305,0.01339623728472044,-0.019187901956414857,0.048682224642638584,0.01121313333376305,0.01339623728472044,0,0.0,15,0.18292682926829268,67,0.8170731707317073,model:lr,,RISK_ON,0.0002,0.0005,0.000802965,0.00011999999999999999,0.0,0.0004,0.0,0.002022965,0.002022965,0.0,0.005,0.002,0.0,0.0086253375,0.006,0.0,0.0,0.0,0.0,0.0,0.0,0.005,0.007443935625,0.0006,0.013043935625,0.013043935625,0.0,0.0,0.0,0.0,0.0,0.013043935625,0.013043935625,-0.007802794895593434,0.0175781460946032,0.035545365236508,0.053123511331111206,0.0187009844375,0.0718244957686112,-0.07962729066420464,v1_1_exec_aware,-0.07962729066420464,pred_plus_fs,,,,,,,,,,1,2026-05-19 00:32:49+0800
20260518,20260519,61,002980.SZ,华盛昌,0.1080653040584031,43.695122,0.0164,电器仪表,26040646802,1,1c6e282fa96be950ae648ebe60bb3e8a3cd2b730,2026-05-18T14:43:26Z,20260519,0.1080653040584031,,2980,电器仪表,深圳,主板,20200415,94.03,105.9,94.03,105.9,10.0031,9.62456035117376,10.0031,1.2333030878186972,1.2333030878186972,8.769796912181302,129470.77,1332087.099,12.7826,20.4922,0.79,7.509343801549722e-06,,,,,,,,2005758.2844,,,,380370.72,53813.83,171238.76,209131.96,,,,0.0,,,0.0,21296407.0,0.43,26.55,10726297959.6,26.55,0.0,,,,,,,,U,1.0,77157998.0,77157998.0,95151.0,142845.0,,,,,,105.9,86.64,0.0,,,0.0,1.0,0.0,1.5873619151134464,20260518,20260519,,RISK_ON,,0.43533400099999997,0.7067638825468422,0.7067638825468422,0.7067638825468422,True,lgbm,/home/runner/work/top10-decision/top10-decision/models/pfill_lgbm.joblib,meta_feature_contract,/home/runner/work/top10-decision/top10-decision/models/pfill_meta.json,88,board|area|market|latest_change_reason|limit_type|prior_board,82,symbol|board|area|market|market_regime|latest_change_reason|limit_type|prior_board,88,16,sample_weight|is_cold_start|feature_coverage_score|prior_strength_score|prior_theme_boost|prior_seal_amount|prior_open_times|prior_turnover_rate,25,trade_date|verify_date|ts_code|name|prob|StrengthScore|ThemeBoost|run_id,6,board|area|market|latest_change_reason|limit_type|prior_board,88,rank:int64|sample_weight:float64|is_cold_start:float64|feature_coverage_score:float64|symbol:int64|board:float64|area:float64|market:float64,model:lgbm,,0.007291159121752093,0.007291159121752093,0.02159908333668003,0.02159908333668003,0.02159908333668003,0.02159908333668003,0.02159908333668003,0.02159908333668003,0.02159908333668003,0.02159908333668003,0,0,,,0,0,True,lr,/home/runner/work/top10-decision/top10-decision/models/eret_lr.joblib,meta_feature_contract,/home/runner/work/top10-decision/top10-decision/models/eret_meta.json,74,board|area|market|latest_change_reason|limit_type|prior_board,68,symbol|board|area|market|market_regime|latest_change_reason|limit_type|prior_board,74,2,prior_board|prior_prob_prior,49,trade_date|verify_date|ts_code|name|prob|StrengthScore|ThemeBoost|run_id,6,board|area|market|latest_change_reason|limit_type|prior_board,74,rank:float64|symbol:float64|board:float64|area:float64|market:float64|list_date:float64|open:float64|high:float64,2220,0.36585365853658536,0.36585365853658536,82,0.3658536585365854,1.0,-0.019187901956414857,0.048682224642638584,0.01121313333376305,0.01339623728472044,-0.019187901956414857,0.048682224642638584,0.01121313333376305,0.01339623728472044,0,0.0,15,0.18292682926829268,67,0.8170731707317073,model:lr,,RISK_ON,0.0002,0.0005,0.000167391,0.00011999999999999999,0.0,0.0004,0.0,0.001387391,0.001387391,0.0,0.005,0.002,0.0,0.0,0.006,0.0,0.0,0.0,0.0,0.0,0.0,0.005,0.0027,0.0006,0.0083,0.0083,0.0,0.0,0.0,0.0,0.0,0.0083,0.0083,0.00557806099848478,0.006530611288688417,0.007926528221721045,0.014457139510409462,0.009515,0.02397213951040946,-0.01839407851192468,v1_1_exec_aware,-0.01839407851192468,pred_plus_fs,,,,,,,,,,1,2026-05-19 00:32:49+0800
20260518,20260519,62,601126.SH,四方股份,0.0408979455814365,45.5,0.5394931282264485,电气设备,26040646802,1,1c6e282fa96be950ae648ebe60bb3e8a3cd2b730,2026-05-18T14:43:26Z,20260519,0.0408979455814365,,601126,电气设备,北京,主板,20101231,76.51,84.16,75.51,84.16,9.9987,7.651813396128634,9.9987,1.130450986216729,0.9997630109315578,8.998936989068442,327718.49,2636441.722,3.9719,6.6458,0.92,3.792498016005832e-06,,,,,,,,7011415.888,,,,380370.72,53813.83,171238.76,209131.96,,5.0,3.0,1.0,3.0,5.0,0.0,,,,,,0.0,,,,,,,,U,0.0,421448032.0,421448032.0,145627.0,145627.0,,,,,,84.16,68.86,1.0,3.0,5.0,0.0,1.0,0.0,2.7271832881966827,20260518,20260519,,RISK_ON,,0.15913548399999997,0.6013648986120317,0.6013648986120317,0.6013648986120317,True,lgbm,/home/runner/work/top10-decision/top10-decision/models/pfill_lgbm.joblib,meta_feature_contract,/home/runner/work/top10-decision/top10-decision/models/pfill_meta.json,88,board|area|market|latest_change_reason|limit_type|prior_board,82,symbol|board|area|market|market_regime|latest_change_reason|limit_type|prior_board,88,16,sample_weight|is_cold_start|feature_coverage_score|prior_strength_score|prior_theme_boost|prior_seal_amount|prior_open_times|prior_turnover_rate,25,trade_date|verify_date|ts_code|name|prob|StrengthScore|ThemeBoost|run_id,6,board|area|market|latest_change_reason|limit_type|prior_board,88,rank:int64|sample_weight:float64|is_cold_start:float64|feature_coverage_score:float64|symbol:int64|board:float64|area:float64|market:float64,model:lgbm,,0.006845417752122441,0.006845417752122441,0.0023532766529129195,0.0023532766529129195,0.0023532766529129195,0.0023532766529129195,0.0023532766529129195,0.0023532766529129195,0.0023532766529129195,0.0023532766529129195,0,0,,,0,0,True,lr,/home/runner/work/top10-decision/top10-decision/models/eret_lr.joblib,meta_feature_contract,/home/runner/work/top10-decision/top10-decision/models/eret_meta.json,74,board|area|market|latest_change_reason|limit_type|prior_board,68,symbol|board|area|market|market_regime|latest_change_reason|limit_type|prior_board,74,2,prior_board|prior_prob_prior,49,trade_date|verify_date|ts_code|name|prob|StrengthScore|ThemeBoost|run_id,6,board|area|market|latest_change_reason|limit_type|prior_board,74,rank:float64|symbol:float64|board:float64|area:float64|market:float64|list_date:float64|open:float64|high:float64,2220,0.36585365853658536,0.36585365853658536,82,0.3658536585365854,1.0,-0.019187901956414857,0.048682224642638584,0.01121313333376305,0.01339623728472044,-0.019187901956414857,0.048682224642638584,0.01121313333376305,0.01339623728472044,0,0.0,15,0.18292682926829268,67,0.8170731707317073,model:lr,,RISK_ON,0.0002,0.0005,0.000604215,0.0,0.0,0.0004,0.0,0.001704215,0.001704215,0.0,0.0,0.0,0.0,0.0058097125,0.006,0.0,0.0,0.0,0.0,0.0,0.0,0.0,0.005895341875,0.0,0.005895341875,0.005895341875,0.0,0.0,0.0,0.0,0.0,0.005895341875,0.005895341875,-0.00618437889921496,0.009481782838863112,0.01530445709715778,0.024786239936020894,0.009144439968749998,0.03393067990477089,-0.040115058803985845,v1_1_exec_aware,-0.040115058803985845,pred_plus_fs,,,,,,,,,,1,2026-05-19 00:32:49+0800
20260518,20260519,63,000685.SZ,中山公用,0.0908182888144019,48.182927,0.01,水务,26040646802,1,1c6e282fa96be950ae648ebe60bb3e8a3cd2b730,2026-05-18T14:43:26Z,20260519,0.0908182888144019,,685,水务,广东,主板,19970123,11.76,12.18,11.76,12.18,10.0271,1.1045515139973336,10.0271,0.3802448275862069,0.3802448275862069,9.646855172413794,866041.77,1047716.767,6.9064,13.6778,4.09,9.57043002061644e-06,,,,,,,,1796685.6255,,,,380370.72,53813.83,171238.76,209131.96,,,,0.0,,,0.0,,,,,,0.0,,,,,,,,U,9.0,27208329.0,27208329.0,93139.0,112451.0,,,,,,12.18,9.96,0.0,,,0.0,1.0,0.0,1.1308065500672622,20260518,20260519,,RISK_ON,,0.6709278354999999,0.9745929265542173,0.9745929265542173,0.9745929265542173,True,lgbm,/home/runner/work/top10-decision/top10-decision/models/pfill_lgbm.joblib,meta_feature_contract,/home/runner/work/top10-decision/top10-decision/models/pfill_meta.json,88,board|area|market|latest_change_reason|limit_type|prior_board,82,symbol|board|area|market|market_regime|latest_change_reason|limit_type|prior_board,88,16,sample_weight|is_cold_start|feature_coverage_score|prior_strength_score|prior_theme_boost|prior_seal_amount|prior_open_times|prior_turnover_rate,25,trade_date|verify_date|ts_code|name|prob|StrengthScore|ThemeBoost|run_id,6,board|area|market|latest_change_reason|limit_type|prior_board,88,rank:int64|sample_weight:float64|is_cold_start:float64|feature_coverage_score:float64|symbol:int64|board:float64|area:float64|market:float64,model:lgbm,,0.006754548664432056,0.006754548664432056,0.008702905359102427,0.008702905359102427,0.008702905359102427,0.008702905359102427,0.008702905359102427,0.008702905359102427,0.008702905359102427,0.008702905359102427,0,0,,,0,0,True,lr,/home/runner/work/top10-decision/top10-decision/models/eret_lr.joblib,meta_feature_contract,/home/runner/work/top10-decision/top10-decision/models/eret_meta.json,74,board|area|market|latest_change_reason|limit_type|prior_board,68,symbol|board|area|market|market_regime|latest_change_reason|limit_type|prior_board,74,2,prior_board|prior_prob_prior,49,trade_date|verify_date|ts_code|name|prob|StrengthScore|ThemeBoost|run_id,6,board|area|market|latest_change_reason|limit_type|prior_board,74,rank:float64|symbol:float64|board:float64|area:float64|market:float64|list_date:float64|open:float64|high:float64,2220,0.36585365853658536,0.36585365853658536,82,0.3658536585365854,1.0,-0.019187901956414857,0.048682224642638584,0.01121313333376305,0.01339623728472044,-0.019187901956414857,0.048682224642638584,0.01121313333376305,0.01339623728472044,0,0.0,15,0.18292682926829268,67,0.8170731707317073,model:lr,,RISK_ON,0.0002,0.0005,3.827600000000001e-05,0.0006,0.0,0.0004,0.0,0.0017382760000000002,0.0017382760000000002,0.0,0.005,0.01,0.0,0.0,0.006,0.0,0.0,0.0,0.0,0.0,0.0,0.01,0.0027,0.0015,0.014199999999999999,0.014199999999999999,0.0,0.0,0.0,0.0,0.0,0.014199999999999999,0.014199999999999999,-0.0074564859965479836,0.0,0.0,0.0,0.017185,0.017185,-0.02464148599654798,v1_1_exec_aware,-0.02464148599654798,pred_plus_fs,,,,,,,,,,1,2026-05-19 00:32:49+0800
20260518,20260519,64,603206.SH,嘉环科技,0.04658304164653,62.353659,0.01,通信设备,26040646802,1,1c6e282fa96be950ae648ebe60bb3e8a3cd2b730,2026-05-18T14:43:26Z,20260519,0.04658304164653,,603206,通信设备,江苏,主板,20220506,17.08,19.12,17.08,19.12,10.0115,1.736366525904736,10.0115,1.1748671548117169,1.1748671548117169,8.836632845188284,135034.93,252248.093,4.4245,14.018,2.32,3.968910084089318e-05,,,,,,,,583542.3771,,,,380370.72,53813.83,171238.76,209131.96,,,,0.0,,,0.0,,,,,,0.0,,,,,,,,U,0.0,20244122.0,20244122.0,95622.0,95622.0,,,,,,19.12,15.64,0.0,,,0.0,1.0,0.0,2.0229213472815903,20260518,20260519,,RISK_ON,,0.36200043899999995,0.175212455795162,0.175212455795162,0.175212455795162,True,lgbm,/home/runner/work/top10-decision/top10-decision/models/pfill_lgbm.joblib,meta_feature_contract,/home/runner/work/top10-decision/top10-decision/models/pfill_meta.json,88,board|area|market|latest_change_reason|limit_type|prior_board,82,symbol|board|area|market|market_regime|latest_change_reason|limit_type|prior_board,88,16,sample_weight|is_cold_start|feature_coverage_score|prior_strength_score|prior_theme_boost|prior_seal_amount|prior_open_times|prior_turnover_rate,25,trade_date|verify_date|ts_code|name|prob|StrengthScore|ThemeBoost|run_id,6,board|area|market|latest_change_reason|limit_type|prior_board,88,rank:int64|sample_weight:float64|is_cold_start:float64|feature_coverage_score:float64|symbol:int64|board:float64|area:float64|market:float64,model:lgbm,,0.005427491249395899,0.005427491249395899,0.014370327866402953,0.014370327866402953,0.014370327866402953,0.014370327866402953,0.014370327866402953,0.014370327866402953,0.014370327866402953,0.014370327866402953,0,0,,,0,0,True,lr,/home/runner/work/top10-decision/top10-decision/models/eret_lr.joblib,meta_feature_contract,/home/runner/work/top10-decision/top10-decision/models/eret_meta.json,74,board|area|market|latest_change_reason|limit_type|prior_board,68,symbol|board|area|market|market_regime|latest_change_reason|limit_type|prior_board,74,2,prior_board|prior_prob_prior,49,trade_date|verify_date|ts_code|name|prob|StrengthScore|ThemeBoost|run_id,6,board|area|market|latest_change_reason|limit_type|prior_board,74,rank:float64|symbol:float64|board:float64|area:float64|market:float64|list_date:float64|open:float64|high:float64,2220,0.36585365853658536,0.36585365853658536,82,0.3658536585365854,1.0,-0.019187901956414857,0.048682224642638584,0.01121313333376305,0.01339623728472044,-0.019187901956414857,0.048682224642638584,0.01121313333376305,0.01339623728472044,0,0.0,15,0.18292682926829268,67,0.8170731707317073,model:lr,,RISK_ON,0.0002,0.0005,0.00012514249999999997,0.0,0.0,0.0004,0.0,0.0012251425,0.0012251425,0.0,0.0,0.0,0.0,0.0048479375,0.006,0.0,0.0,0.0,0.0,0.0,0.0,0.0,0.005366365625,0.0,0.005366365625,0.005366365625,0.0,0.0,0.0,0.0,0.0,0.005366365625,0.005366365625,-0.004073647688945888,0.021414051237735463,0.045135128094338665,0.06654917933207413,0.00835818890625,0.07490736823832413,-0.07898101592727001,v1_1_exec_aware,-0.07898101592727001,pred_plus_fs,,,,,,,,,,1,2026-05-19 00:32:49+0800
20260518,20260519,65,002421.SZ,达实智能,0.0609331002425588,41.0,0.4322611773793213,软件服务,26040646802,1,1c6e282fa96be950ae648ebe60bb3e8a3cd2b730,2026-05-18T14:43:26Z,20260519,0.0609331002425588,,2421,软件服务,深圳,主板,20100603,3.21,3.53,3.15,3.53,9.9688,0.3218218948289694,9.9688,1.1807773371104813,0.9943388101982996,8.9744611898017,3416071.72,1137858.938,17.0516,20.0717,3.48,8.761015682244436e-06,,,,,,,,748565.3186,,,,380370.72,53813.83,171238.76,209131.96,,5.0,4.0,1.0,4.0,5.0,0.0,65000441.38,3.5,26.37,7071921466.58,26.37,0.0,,,,,,,,U,0.0,148789771.0,148789771.0,102142.0,102142.0,,,,,,3.53,2.89,1.0,4.0,5.0,0.0,1.0,0.0,2.418466778309244,20260518,20260519,,RISK_ON,,0.36086311449999997,0.4461758245944469,0.4461758245944469,0.4461758245944469,True,lgbm,/home/runner/work/top10-decision/top10-decision/models/pfill_lgbm.joblib,meta_feature_contract,/home/runner/work/top10-decision/top10-decision/models/pfill_meta.json,88,board|area|market|latest_change_reason|limit_type|prior_board,82,symbol|board|area|market|market_regime|latest_change_reason|limit_type|prior_board,88,16,sample_weight|is_cold_start|feature_coverage_score|prior_strength_score|prior_theme_boost|prior_seal_amount|prior_open_times|prior_turnover_rate,25,trade_date|verify_date|ts_code|name|prob|StrengthScore|ThemeBoost|run_id,6,board|area|market|latest_change_reason|limit_type|prior_board,88,rank:int64|sample_weight:float64|is_cold_start:float64|feature_coverage_score:float64|symbol:int64|board:float64|area:float64|market:float64,model:lgbm,,0.007124776539414728,0.007124776539414728,-0.0122089646822577,-0.0122089646822577,-0.0122089646822577,-0.0122089646822577,-0.0122089646822577,-0.0122089646822577,-0.0122089646822577,-0.0122089646822577,0,0,,,0,0,True,lr,/home/runner/work/top10-decision/top10-decision/models/eret_lr.joblib,meta_feature_contract,/home/runner/work/top10-decision/top10-decision/models/eret_meta.json,74,board|area|market|latest_change_reason|limit_type|prior_board,68,symbol|board|area|market|market_regime|latest_change_reason|limit_type|prior_board,74,2,prior_board|prior_prob_prior,49,trade_date|verify_date|ts_code|name|prob|StrengthScore|ThemeBoost|run_id,6,board|area|market|latest_change_reason|limit_type|prior_board,74,rank:float64|symbol:float64|board:float64|area:float64|market:float64|list_date:float64|open:float64|high:float64,2220,0.36585365853658536,0.36585365853658536,82,0.3658536585365854,1.0,-0.019187901956414857,0.048682224642638584,0.01121313333376305,0.01339623728472044,-0.019187901956414857,0.048682224642638584,0.01121313333376305,0.01339623728472044,0,0.0,15,0.18292682926829268,67,0.8170731707317073,model:lr,,RISK_ON,0.0002,0.0005,0.000316806,0.0,0.0,0.0004,0.0001,0.001516806,0.001516806,0.0,0.0,0.0,0.0,0.0,0.006,0.0,0.0,0.0,0.0,0.0,0.0,0.0,0.0027,0.0,0.0027,0.0027,0.0,0.0,0.0,0.0,0.0,0.0027,0.0027,-0.009664150884550807,0.013827076911355487,0.026167692278388718,0.039994769189744206,0.004395,0.0443897691897442,-0.054053920074295006,v1_1_exec_aware,-0.054053920074295006,pred_plus_fs,,,,,,,,,,1,2026-05-19 00:32:49+0800
20260518,20260519,66,002374.SZ,中锐股份,0.0939575716587414,45.280488,0.0164,广告包装,26040646802,1,1c6e282fa96be950ae648ebe60bb3e8a3cd2b730,2026-05-18T14:43:26Z,20260519,0.0939575716587414,,2374,广告包装,山东,主板,20100318,3.91,3.91,3.65,3.91,10.1408,0.3509622289243142,10.1408,0.7408204603580569,0.0,10.1408,934230.58,360774.451,8.6088,10.5983,2.71,2.810842057105646e-05,,,,,,,,424316.8297,,,,380370.72,53813.83,171238.76,209131.96,,,,0.0,,,0.0,72976670.49,14.1,34.34,4243168296.53,34.34,0.0,,,,,,,,U,1.0,76253899.0,76253899.0,93003.0,93609.0,,,,,,3.91,3.2,0.0,,,0.0,1.0,0.0,1.586338251693717,20260518,20260519,,RISK_ON,,0.4149170505,0.8297138674520983,0.8297138674520983,0.8297138674520983,True,lgbm,/home/runner/work/top10-decision/top10-decision/models/pfill_lgbm.joblib,meta_feature_contract,/home/runner/work/top10-decision/top10-decision/models/pfill_meta.json,88,board|area|market|latest_change_reason|limit_type|prior_board,82,symbol|board|area|market|market_regime|latest_change_reason|limit_type|prior_board,88,16,sample_weight|is_cold_start|feature_coverage_score|prior_strength_score|prior_theme_boost|prior_seal_amount|prior_open_times|prior_turnover_rate,25,trade_date|verify_date|ts_code|name|prob|StrengthScore|ThemeBoost|run_id,6,board|area|market|latest_change_reason|limit_type|prior_board,88,rank:int64|sample_weight:float64|is_cold_start:float64|feature_coverage_score:float64|symbol:int64|board:float64|area:float64|market:float64,model:lgbm,,0.006867927149762242,0.006867927149762242,0.021595506087506277,0.021595506087506277,0.021595506087506277,0.021595506087506277,0.021595506087506277,0.021595506087506277,0.021595506087506277,0.021595506087506277,0,0,,,0,0,True,lr,/home/runner/work/top10-decision/top10-decision/models/eret_lr.joblib,meta_feature_contract,/home/runner/work/top10-decision/top10-decision/models/eret_meta.json,74,board|area|market|latest_change_reason|limit_type|prior_board,68,symbol|board|area|market|market_regime|latest_change_reason|limit_type|prior_board,74,2,prior_board|prior_prob_prior,49,trade_date|verify_date|ts_code|name|prob|StrengthScore|ThemeBoost|run_id,6,board|area|market|latest_change_reason|limit_type|prior_board,74,rank:float64|symbol:float64|board:float64|area:float64|market:float64|list_date:float64|open:float64|high:float64,2220,0.36585365853658536,0.36585365853658536,82,0.3658536585365854,1.0,-0.019187901956414857,0.048682224642638584,0.01121313333376305,0.01339623728472044,-0.019187901956414857,0.048682224642638584,0.01121313333376305,0.01339623728472044,0,0.0,15,0.18292682926829268,67,0.8170731707317073,model:lr,,RISK_ON,0.0002,0.0005,2.1308000000000017e-05,0.00011999999999999999,0.0,0.0004,0.0001,0.0013413079999999998,0.0013413079999999998,0.0,0.005,0.002,0.0,0.0,0.006,0.0,0.0,0.0,0.0,0.0,0.0,0.005,0.0027,0.0006,0.0083,0.0083,0.0,0.0,0.0,0.0,0.0,0.0083,0.0083,0.008276782875450165,0.003088011711341246,0.0,0.003088011711341246,0.009515,0.012603011711341245,-0.00432622883589108,v1_1_exec_aware,-0.00432622883589108,pred_plus_fs,,,,,,,,,,1,2026-05-19 00:32:49+0800
20260518,20260519,67,000021.SZ,深科技,0.0106961260079672,36.743902,0.8363999999999999,元器件,26040646802,1,1c6e282fa96be950ae648ebe60bb3e8a3cd2b730,2026-05-18T14:43:26Z,20260519,0.0106961260079672,,21,元器件,深圳,主板,19940202,35.8,37.03,35.4,37.03,10.0119,3.3627257784760123,10.0119,0.4847258169052127,0.3657746961922777,9.646125303807723,946944.02,3455884.635,6.016,9.1449,0.62,2.8970585124870643e-06,,,,,,,,5829531.3637,,,,380370.72,53813.83,171238.76,209131.96,,9.0,1.0,1.0,1.0,9.0,0.0,456132572.64,13.2,29.05,58286770816.4,29.05,0.0,,,,,,,,U,0.0,554763352.0,554763352.0,93754.0,93754.0,,,,,,37.03,30.29,1.0,1.0,9.0,0.0,1.0,0.0,2.87812916511228,20260518,20260519,,RISK_ON,,0.13007999999999997,0.17255368509704644,0.17255368509704644,0.17255368509704644,True,lgbm,/home/runner/work/top10-decision/top10-decision/models/pfill_lgbm.joblib,meta_feature_contract,/home/runner/work/top10-decision/top10-decision/models/pfill_meta.json,88,board|area|market|latest_change_reason|limit_type|prior_board,82,symbol|board|area|market|market_regime|latest_change_reason|limit_type|prior_board,88,16,sample_weight|is_cold_start|feature_coverage_score|prior_strength_score|prior_theme_boost|prior_seal_amount|prior_open_times|prior_turnover_rate,25,trade_date|verify_date|ts_code|name|prob|StrengthScore|ThemeBoost|run_id,6,board|area|market|latest_change_reason|limit_type|prior_board,88,rank:int64|sample_weight:float64|is_cold_start:float64|feature_coverage_score:float64|symbol:int64|board:float64|area:float64|market:float64,model:lgbm,,0.0068300837802390164,0.0068300837802390164,-0.009224327382253884,-0.009224327382253884,-0.009224327382253884,-0.009224327382253884,-0.009224327382253884,-0.009224327382253884,-0.009224327382253884,-0.009224327382253884,0,0,,,0,0,True,lr,/home/runner/work/top10-decision/top10-decision/models/eret_lr.joblib,meta_feature_contract,/home/runner/work/top10-decision/top10-decision/models/eret_meta.json,74,board|area|market|latest_change_reason|limit_type|prior_board,68,symbol|board|area|market|market_regime|latest_change_reason|limit_type|prior_board,74,2,prior_board|prior_prob_prior,49,trade_date|verify_date|ts_code|name|prob|StrengthScore|ThemeBoost|run_id,6,board|area|market|latest_change_reason|limit_type|prior_board,74,rank:float64|symbol:float64|board:float64|area:float64|market:float64|list_date:float64|open:float64|high:float64,2220,0.36585365853658536,0.36585365853658536,82,0.3658536585365854,1.0,-0.019187901956414857,0.048682224642638584,0.01121313333376305,0.01339623728472044,-0.019187901956414857,0.048682224642638584,0.01121313333376305,0.01339623728472044,0,0.0,15,0.18292682926829268,67,0.8170731707317073,model:lr,,RISK_ON,0.0002,0.0005,6.943999999999999e-05,0.0,0.0,0.0004,0.0,0.0011694399999999999,0.0011694399999999999,0.0,0.0,0.0,0.0,0.0,0.006,0.0,0.0,0.0,0.0,0.0,0.0,0.0,0.0027,0.0,0.0027,0.0027,0.0,0.0,0.0,0.0,0.0,0.0027,0.0027,-0.005461131682349499,0.0214884968172827,0.04532124204320675,0.06680973886048945,0.004395,0.07120473886048945,-0.07666587054283895,v1_1_exec_aware,-0.07666587054283895,pred_plus_fs,,,,,,,,,,1,2026-05-19 00:32:49+0800
20260518,20260519,68,600032.SH,浙江新能,0.0349957545163195,56.036585,0.1115060031977598,新型电力,26040646802,1,1c6e282fa96be950ae648ebe60bb3e8a3cd2b730,2026-05-18T14:43:26Z,20260519,0.0349957545163195,,600032,新型电力,浙江,主板,20210525,10.0,11.21,9.98,11.21,10.0098,1.018183799887373,10.0098,1.208033363068689,1.1883905441570035,8.821409455842998,1154007.24,1258432.94,4.799,20.7286,1.18,7.954178313228197e-06,,,,,,,,2695641.0382,,,,380370.72,53813.83,171238.76,209131.96,,3.0,8.0,1.0,8.0,3.0,0.0,,,,,,0.0,,,,,,,,U,3.0,17310044.0,17310044.0,130316.0,145619.0,,,,,,11.21,9.17,1.0,8.0,3.0,0.0,1.0,0.0,1.5195992461408605,20260518,20260519,,RISK_ON,,0.545339978,0.7644297281151965,0.7644297281151965,0.7644297281151965,True,lgbm,/home/runner/work/top10-decision/top10-decision/models/pfill_lgbm.joblib,meta_feature_contract,/home/runner/work/top10-decision/top10-decision/models/pfill_meta.json,88,board|area|market|latest_change_reason|limit_type|prior_board,82,symbol|board|area|market|market_regime|latest_change_reason|limit_type|prior_board,88,16,sample_weight|is_cold_start|feature_coverage_score|prior_strength_score|prior_theme_boost|prior_seal_amount|prior_open_times|prior_turnover_rate,25,trade_date|verify_date|ts_code|name|prob|StrengthScore|ThemeBoost|run_id,6,board|area|market|latest_change_reason|limit_type|prior_board,88,rank:int64|sample_weight:float64|is_cold_start:float64|feature_coverage_score:float64|symbol:int64|board:float64|area:float64|market:float64,model:lgbm,,0.005384390645082864,0.005384390645082864,0.015292482564539552,0.015292482564539552,0.015292482564539552,0.015292482564539552,0.015292482564539552,0.015292482564539552,0.015292482564539552,0.015292482564539552,0,0,,,0,0,True,lr,/home/runner/work/top10-decision/top10-decision/models/eret_lr.joblib,meta_feature_contract,/home/runner/work/top10-decision/top10-decision/models/eret_meta.json,74,board|area|market|latest_change_reason|limit_type|prior_board,68,symbol|board|area|market|market_regime|latest_change_reason|limit_type|prior_board,74,2,prior_board|prior_prob_prior,49,trade_date|verify_date|ts_code|name|prob|StrengthScore|ThemeBoost|run_id,6,board|area|market|latest_change_reason|limit_type|prior_board,74,rank:float64|symbol:float64|board:float64|area:float64|market:float64|list_date:float64|open:float64|high:float64,2220,0.36585365853658536,0.36585365853658536,82,0.3658536585365854,1.0,-0.019187901956414857,0.048682224642638584,0.01121313333376305,0.01339623728472044,-0.019187901956414857,0.048682224642638584,0.01121313333376305,0.01339623728472044,0,0.0,15,0.18292682926829268,67,0.8170731707317073,model:lr,,RISK_ON,0.0002,0.0005,0.00011203499999999998,0.00035999999999999997,0.0,0.0004,0.0,0.001572035,0.001572035,0.0,0.005,0.0075,0.0,0.004052124999999999,0.006,0.0,0.0,0.0,0.0,0.0,0.0,0.0075,0.00492866875,0.0015,0.01392866875,0.01392866875,0.0,0.0,0.0,0.0,0.0,0.01392866875,0.01392866875,-0.0038106754609826474,0.004915967612774497,0.003889919031936242,0.008805886644710739,0.018250513125,0.027056399769710738,-0.030867075230693385,v1_1_exec_aware,-0.030867075230693385,pred_plus_fs,,,,,,,,,,1,2026-05-19 00:32:49+0800
20260518,20260519,69,603358.SH,华达科技,0.0257013773353941,58.768293,0.0573942950693908,汽车配件,26040646802,1,1c6e282fa96be950ae648ebe60bb3e8a3cd2b730,2026-05-18T14:43:26Z,20260519,0.0257013773353941,,603358,汽车配件,江苏,主板,20170125,34.35,37.84,33.98,37.84,10.0,3.4400000000000004,10.0,1.1220930232558155,1.0145348837209307,8.98546511627907,266100.03,981052.448,5.846,14.2142,2.02,1.019313495459521e-05,,,,,,,,1777507.7996,,,,380370.72,53813.83,171238.76,209131.96,,3.0,9.0,1.0,9.0,3.0,0.0,,,,,,0.0,,,,,,,,U,4.0,10455192.0,10455192.0,110122.0,142816.0,,,,,,37.84,30.96,1.0,9.0,3.0,0.0,1.0,0.0,1.461837860230624,20260518,20260519,,RISK_ON,,0.614002404,0.6770458838477457,0.6770458838477457,0.6770458838477457,True,lgbm,/home/runner/work/top10-decision/top10-decision/models/pfill_lgbm.joblib,meta_feature_contract,/home/runner/work/top10-decision/top10-decision/models/pfill_meta.json,88,board|area|market|latest_change_reason|limit_type|prior_board,82,symbol|board|area|market|market_regime|latest_change_reason|limit_type|prior_board,88,16,sample_weight|is_cold_start|feature_coverage_score|prior_strength_score|prior_theme_boost|prior_seal_amount|prior_open_times|prior_turnover_rate,25,trade_date|verify_date|ts_code|name|prob|StrengthScore|ThemeBoost|run_id,6,board|area|market|latest_change_reason|limit_type|prior_board,88,rank:int64|sample_weight:float64|is_cold_start:float64|feature_coverage_score:float64|symbol:int64|board:float64|area:float64|market:float64,model:lgbm,,0.004943224205269995,0.004943224205269995,0.01345166416649185,0.01345166416649185,0.01345166416649185,0.01345166416649185,0.01345166416649185,0.01345166416649185,0.01345166416649185,0.01345166416649185,0,0,,,0,0,True,lr,/home/runner/work/top10-decision/top10-decision/models/eret_lr.joblib,meta_feature_contract,/home/runner/work/top10-decision/top10-decision/models/eret_meta.json,74,board|area|market|latest_change_reason|limit_type|prior_board,68,symbol|board|area|market|market_regime|latest_change_reason|limit_type|prior_board,74,2,prior_board|prior_prob_prior,49,trade_date|verify_date|ts_code|name|prob|StrengthScore|ThemeBoost|run_id,6,board|area|market|latest_change_reason|limit_type|prior_board,74,rank:float64|symbol:float64|board:float64|area:float64|market:float64|list_date:float64|open:float64|high:float64,2220,0.36585365853658536,0.36585365853658536,82,0.3658536585365854,1.0,-0.019187901956414857,0.048682224642638584,0.01121313333376305,0.01339623728472044,-0.019187901956414857,0.048682224642638584,0.01121313333376305,0.01339623728472044,0,0.0,15,0.18292682926829268,67,0.8170731707317073,model:lr,,RISK_ON,0.0002,0.0005,7.539e-05,0.00047999999999999996,0.0,0.0004,0.0,0.0016553899999999999,0.0016553899999999999,0.0,0.005,0.009000000000000001,0.0,0.001827249999999999,0.006,0.0,0.0,0.0,0.0,0.0,0.0,0.009000000000000001,0.0037049874999999996,0.0015,0.0142049875,0.0142049875,0.0,0.0,0.0,0.0,0.0,0.0142049875,0.0142049875,-0.006752983645174477,0.00736271525226312,0.010006788130657801,0.017369503382920922,0.01783102125,0.03520052463292092,-0.041953508278095394,v1_1_exec_aware,-0.041953508278095394,pred_plus_fs,,,,,,,,,,1,2026-05-19 00:32:49+0800
20260518,20260519,70,603601.SH,再升科技,0.1010716161525578,32.292683,0.01,玻璃,26040646802,1,1c6e282fa96be950ae648ebe60bb3e8a3cd2b730,2026-05-18T14:43:26Z,20260519,0.1010716161525578,,603601,玻璃,重庆,主板,20150122,17.21,18.56,16.85,18.56,10.0178,1.6845468242298824,10.0178,1.0151098060344812,0.8014024784482746,9.216397521551723,2148480.13,3902981.353,18.8077,29.1066,1.04,2.5667045506891508e-06,,,,,,,,2120184.8422,,,,380370.72,53813.83,171238.76,209131.96,,,,0.0,,,0.0,,,,,,0.0,,,,,,,,U,2.0,134468128.0,134468128.0,95711.0,140241.0,,,,,,18.56,15.18,0.0,,,0.0,1.0,0.0,1.485584473698588,20260518,20260519,,RISK_ON,,0.496804436,0.4301624449470398,0.4301624449470398,0.4301624449470398,True,lgbm,/home/runner/work/top10-decision/top10-decision/models/pfill_lgbm.joblib,meta_feature_contract,/home/runner/work/top10-decision/top10-decision/models/pfill_meta.json,88,board|area|market|latest_change_reason|limit_type|prior_board,82,symbol|board|area|market|market_regime|latest_change_reason|limit_type|prior_board,88,16,sample_weight|is_cold_start|feature_coverage_score|prior_strength_score|prior_theme_boost|prior_seal_amount|prior_open_times|prior_turnover_rate,25,trade_date|verify_date|ts_code|name|prob|StrengthScore|ThemeBoost|run_id,6,board|area|market|latest_change_reason|limit_type|prior_board,88,rank:int64|sample_weight:float64|is_cold_start:float64|feature_coverage_score:float64|symbol:int64|board:float64|area:float64|market:float64,model:lgbm,,0.007062148484576734,0.007062148484576734,0.03192577551973784,0.03192577551973784,0.03192577551973784,0.03192577551973784,0.03192577551973784,0.03192577551973784,0.03192577551973784,0.03192577551973784,0,0,,,0,0,True,lr,/home/runner/work/top10-decision/top10-decision/models/eret_lr.joblib,meta_feature_contract,/home/runner/work/top10-decision/top10-decision/models/eret_meta.json,74,board|area|market|latest_change_reason|limit_type|prior_board,68,symbol|board|area|market|market_regime|latest_change_reason|limit_type|prior_board,74,2,prior_board|prior_prob_prior,49,trade_date|verify_date|ts_code|name|prob|StrengthScore|ThemeBoost|run_id,6,board|area|market|latest_change_reason|limit_type|prior_board,74,rank:float64|symbol:float64|board:float64|area:float64|market:float64|list_date:float64|open:float64|high:float64,2220,0.36585365853658536,0.36585365853658536,82,0.3658536585365854,1.0,-0.019187901956414857,0.048682224642638584,0.01121313333376305,0.01339623728472044,-0.019187901956414857,0.048682224642638584,0.01121313333376305,0.01339623728472044,0,0.0,15,0.18292682926829268,67,0.8170731707317073,model:lr,,RISK_ON,0.0002,0.0005,0.000440385,0.00023999999999999998,0.0,0.0004,0.0,0.001780385,0.001780385,0.0,0.005,0.0045,0.0,0.0,0.006,0.0012692333333333334,0.0,0.0,0.0,0.0,0.0,0.005,0.0027,0.0013499999999999999,0.00905,0.00905,0.0012692333333333334,0.0,0.0012692333333333334,0.0012692333333333334,0.0,0.010319233333333334,0.010319233333333334,0.001633651321067445,0.014275451541482884,0.02728862885370721,0.04156408039519009,0.01163231,0.05319639039519009,-0.05156273907412265,v1_1_exec_aware,-0.05156273907412265,pred_plus_fs,,,,,,,,,,1,2026-05-19 00:32:49+0800
20260518,20260519,71,600909.SH,华安证券,0.037532235099898,51.378049,0.01,证券,26040646802,1,1c6e282fa96be950ae648ebe60bb3e8a3cd2b730,2026-05-18T14:43:26Z,20260519,0.037532235099898,,600909,证券,安徽,主板,20161206,6.24,6.28,6.1,6.28,9.9825,0.5718188026405646,9.9825,0.3147850318471347,0.0699522292993631,9.912547770700636,3096254.16,1937553.654,6.1627,10.5253,3.19,5.152115390142377e-06,,,,,,,,3155203.4266,,,,380370.72,53813.83,171238.76,209131.96,,,,0.0,,,0.0,,,,,,0.0,,,,,,,,U,9.0,74046173.0,74046173.0,93304.0,110631.0,,,,,,6.28,5.14,0.0,,,0.0,1.0,0.0,1.1838385604574857,20260518,20260519,,RISK_ON,,0.6437904135,0.9507188881188866,0.9507188881188866,0.9507188881188866,True,lgbm,/home/runner/work/top10-decision/top10-decision/models/pfill_lgbm.joblib,meta_feature_contract,/home/runner/work/top10-decision/top10-decision/models/pfill_meta.json,88,board|area|market|latest_change_reason|limit_type|prior_board,82,symbol|board|area|market|market_regime|latest_change_reason|limit_type|prior_board,88,16,sample_weight|is_cold_start|feature_coverage_score|prior_strength_score|prior_theme_boost|prior_seal_amount|prior_open_times|prior_turnover_rate,25,trade_date|verify_date|ts_code|name|prob|StrengthScore|ThemeBoost|run_id,6,board|area|market|latest_change_reason|limit_type|prior_board,88,rank:int64|sample_weight:float64|is_cold_start:float64|feature_coverage_score:float64|symbol:int64|board:float64|area:float64|market:float64,model:lgbm,,0.00515596705299694,0.00515596705299694,0.02049773075622843,0.02049773075622843,0.02049773075622843,0.02049773075622843,0.02049773075622843,0.02049773075622843,0.02049773075622843,0.02049773075622843,0,0,,,0,0,True,lr,/home/runner/work/top10-decision/top10-decision/models/eret_lr.joblib,meta_feature_contract,/home/runner/work/top10-decision/top10-decision/models/eret_meta.json,74,board|area|market|latest_change_reason|limit_type|prior_board,68,symbol|board|area|market|market_regime|latest_change_reason|limit_type|prior_board,74,2,prior_board|prior_prob_prior,49,trade_date|verify_date|ts_code|name|prob|StrengthScore|ThemeBoost|run_id,6,board|area|market|latest_change_reason|limit_type|prior_board,74,rank:float64|symbol:float64|board:float64|area:float64|market:float64|list_date:float64|open:float64|high:float64,2220,0.36585365853658536,0.36585365853658536,82,0.3658536585365854,1.0,-0.019187901956414857,0.048682224642638584,0.01121313333376305,0.01339623728472044,-0.019187901956414857,0.048682224642638584,0.01121313333376305,0.01339623728472044,0,0.0,15,0.18292682926829268,67,0.8170731707317073,model:lr,,RISK_ON,0.0002,0.0005,6.43055e-05,0.0006,0.0,0.0004,0.0,0.0017643055,0.0017643055,0.0,0.005,0.01,0.0,0.0,0.006,0.0,0.0,0.0,0.0,0.0,0.0,0.01,0.0027,0.0015,0.014199999999999999,0.014199999999999999,0.0,0.0,0.0,0.0,0.0,0.014199999999999999,0.014199999999999999,0.0035232742935217987,0.0,0.0,0.0,0.017185,0.017185,-0.0136617257064782,v1_1_exec_aware,-0.0136617257064782,pred_plus_fs,,,,,,,,,,1,2026-05-19 00:32:49+0800
20260518,20260519,72,300302.SZ,同有科技,0.0784090605039287,33.170732,0.0164,IT设备,26040646802,1,1c6e282fa96be950ae648ebe60bb3e8a3cd2b730,2026-05-18T14:43:26Z,20260519,0.0784090605039287,,300302,IT设备,北京,创业板,20120321,46.88,53.47,46.25,53.47,19.9955,2.546736205377343,19.9955,2.8350011221245555,2.587625677950251,17.40787432204975,564610.59,2843053.495,15.3088,18.3388,0.61,7.033107198005783e-06,,,,,,,,2562623.5279,,,,380370.72,53813.83,171238.76,209131.96,,2.0,10.0,1.0,10.0,2.0,0.0,194307544.51,6.83,31.34,19720478965.65,31.34,0.0,,,,,,,,U,4.0,120537421.0,120537421.0,94954.0,95706.0,,,,,,53.47,35.65,1.0,10.0,2.0,0.0,1.0,0.0,1.5864781385514402,20260518,20260519,,RISK_ON,,0.6062752894999999,0.6116753522808368,0.6116753522808368,0.6116753522808368,True,lgbm,/home/runner/work/top10-decision/top10-decision/models/pfill_lgbm.joblib,meta_feature_contract,/home/runner/work/top10-decision/top10-decision/models/pfill_meta.json,88,board|area|market|latest_change_reason|limit_type|prior_board,82,symbol|board|area|market|market_regime|latest_change_reason|limit_type|prior_board,88,16,sample_weight|is_cold_start|feature_coverage_score|prior_strength_score|prior_theme_boost|prior_seal_amount|prior_open_times|prior_turnover_rate,25,trade_date|verify_date|ts_code|name|prob|StrengthScore|ThemeBoost|run_id,6,board|area|market|latest_change_reason|limit_type|prior_board,88,rank:int64|sample_weight:float64|is_cold_start:float64|feature_coverage_score:float64|symbol:int64|board:float64|area:float64|market:float64,model:lgbm,,0.006401471815117861,0.006401471815117861,0.02108560586502395,0.02108560586502395,0.02108560586502395,0.02108560586502395,0.02108560586502395,0.02108560586502395,0.02108560586502395,0.02108560586502395,0,0,,,0,0,True,lr,/home/runner/work/top10-decision/top10-decision/models/eret_lr.joblib,meta_feature_contract,/home/runner/work/top10-decision/top10-decision/models/eret_meta.json,74,board|area|market|latest_change_reason|limit_type|prior_board,68,symbol|board|area|market|market_regime|latest_change_reason|limit_type|prior_board,74,2,prior_board|prior_prob_prior,49,trade_date|verify_date|ts_code|name|prob|StrengthScore|ThemeBoost|run_id,6,board|area|market|latest_change_reason|limit_type|prior_board,74,rank:float64|symbol:float64|board:float64|area:float64|market:float64|list_date:float64|open:float64|high:float64,2220,0.36585365853658536,0.36585365853658536,82,0.3658536585365854,1.0,-0.019187901956414857,0.048682224642638584,0.01121313333376305,0.01339623728472044,-0.019187901956414857,0.048682224642638584,0.01121313333376305,0.01339623728472044,0,0.0,15,0.18292682926829268,67,0.8170731707317073,model:lr,,RISK_ON,0.0002,0.0007,0.000255808,0.00047999999999999996,0.0,0.0004,0.0,0.002035808,0.002035808,0.0,0.005,0.009000000000000001,0.0,0.0,0.006,0.0,0.0,0.003,0.0,0.0,0.0,0.009000000000000001,0.0027,0.0015,0.013200000000000002,0.013200000000000002,0.0,0.0,0.0,0.0,0.0,0.016200000000000003,0.016200000000000003,-0.005338262604456601,0.009193090136136568,0.014582725340341421,0.023775815476477988,0.017535000000000005,0.041310815476478,-0.046649078080934596,v1_1_exec_aware,-0.046649078080934596,pred_plus_fs,,,,,,,,,,1,2026-05-19 00:32:49+0800
20260518,20260519,73,600500.SH,中化国际,0.0242435524855806,48.060976,0.0164,塑料,26040646802,1,1c6e282fa96be950ae648ebe60bb3e8a3cd2b730,2026-05-18T14:43:26Z,20260519,0.0242435524855806,,600500,塑料,上海,主板,20000301,5.64,6.23,5.49,6.23,10.0707,0.5627467097834825,10.0707,1.3149788121990371,1.0484290529695035,9.022270947030496,1979443.7,1165241.623,5.5164,12.0716,1.38,8.642585195396853e-06,,,,,,,,2235514.8268,,,,380370.72,53813.83,171238.76,209131.96,,,,0.0,,,0.0,206249126.02,17.7,45.51,22355148267.69,45.51,0.0,,,,,,,,U,0.0,14400570.0,14400570.0,140620.0,140620.0,,,,,,6.23,5.09,0.0,,,0.0,1.0,0.0,2.016305002806388,20260518,20260519,,RISK_ON,,0.370381715,0.32524783971349913,0.32524783971349913,0.32524783971349913,True,lgbm,/home/runner/work/top10-decision/top10-decision/models/pfill_lgbm.joblib,meta_feature_contract,/home/runner/work/top10-decision/top10-decision/models/pfill_meta.json,88,board|area|market|latest_change_reason|limit_type|prior_board,82,symbol|board|area|market|market_regime|latest_change_reason|limit_type|prior_board,88,16,sample_weight|is_cold_start|feature_coverage_score|prior_strength_score|prior_theme_boost|prior_seal_amount|prior_open_times|prior_turnover_rate,25,trade_date|verify_date|ts_code|name|prob|StrengthScore|ThemeBoost|run_id,6,board|area|market|latest_change_reason|limit_type|prior_board,88,rank:int64|sample_weight:float64|is_cold_start:float64|feature_coverage_score:float64|symbol:int64|board:float64|area:float64|market:float64,model:lgbm,,0.004776506574567419,0.004776506574567419,0.024326995774453693,0.024326995774453693,0.024326995774453693,0.024326995774453693,0.024326995774453693,0.024326995774453693,0.024326995774453693,0.024326995774453693,0,0,,,0,0,True,lr,/home/runner/work/top10-decision/top10-decision/models/eret_lr.joblib,meta_feature_contract,/home/runner/work/top10-decision/top10-decision/models/eret_meta.json,74,board|area|market|latest_change_reason|limit_type|prior_board,68,symbol|board|area|market|market_regime|latest_change_reason|limit_type|prior_board,74,2,prior_board|prior_prob_prior,49,trade_date|verify_date|ts_code|name|prob|StrengthScore|ThemeBoost|run_id,6,board|area|market|latest_change_reason|limit_type|prior_board,74,rank:float64|symbol:float64|board:float64|area:float64|market:float64|list_date:float64|open:float64|high:float64,2220,0.36585365853658536,0.36585365853658536,82,0.3658536585365854,1.0,-0.019187901956414857,0.048682224642638584,0.01121313333376305,0.01339623728472044,-0.019187901956414857,0.048682224642638584,0.01121313333376305,0.01339623728472044,0,0.0,15,0.18292682926829268,67,0.8170731707317073,model:lr,,RISK_ON,0.0002,0.0005,8.692599999999999e-05,0.0,0.0,0.0004,0.0,0.001186926,0.001186926,0.0,0.0,0.0,0.0,0.0025276499999999993,0.006,0.0,0.0,0.0,0.0,0.0,0.0,0.0,0.0040902075,0.0,0.0040902075,0.0040902075,0.0,0.0,0.0,0.0,0.0,0.0040902075,0.0040902075,0.0026351693223604852,0.017213060488022024,0.03463265122005506,0.051845711708077086,0.006461353874999999,0.058307065583077085,-0.0556718962607166,v1_1_exec_aware,-0.0556718962607166,pred_plus_fs,,,,,,,,,,1,2026-05-19 00:32:49+0800
20260518,20260519,74,000988.SZ,华工科技,0.0310814952470627,36.5,0.2518420922806225,专用机械,26040646802,1,1c6e282fa96be950ae648ebe60bb3e8a3cd2b730,2026-05-18T14:43:26Z,20260519,0.0310814952470627,,988,专用机械,湖北,主板,20000608,137.53,147.38,137.03,147.38,10.0015,13.396355042494204,10.0015,0.7725982154973534,0.7352746302076261,9.266225369792371,676805.39,9779315.77,6.7345,8.3152,0.7,1.0227198134537792e-06,,,,,,,,14819098.8958,,,,380370.72,53813.83,171238.76,209131.96,,3.0,6.0,1.0,6.0,3.0,0.0,1698689673.63,17.37,26.78,148114786128.66,26.78,0.0,,,,,,,,U,0.0,769556755.0,769556755.0,94815.0,94815.0,,,,,,147.38,120.58,1.0,6.0,3.0,0.0,1.0,0.0,3.121328360609995,20260518,20260519,,RISK_ON,,0.13367249999999997,0.5321978163213867,0.5321978163213867,0.5321978163213867,True,lgbm,/home/runner/work/top10-decision/top10-decision/models/pfill_lgbm.joblib,meta_feature_contract,/home/runner/work/top10-decision/top10-decision/models/pfill_meta.json,88,board|area|market|latest_change_reason|limit_type|prior_board,82,symbol|board|area|market|market_regime|latest_change_reason|limit_type|prior_board,88,16,sample_weight|is_cold_start|feature_coverage_score|prior_strength_score|prior_theme_boost|prior_seal_amount|prior_open_times|prior_turnover_rate,25,trade_date|verify_date|ts_code|name|prob|StrengthScore|ThemeBoost|run_id,6,board|area|market|latest_change_reason|limit_type|prior_board,88,rank:int64|sample_weight:float64|is_cold_start:float64|feature_coverage_score:float64|symbol:int64|board:float64|area:float64|market:float64,model:lgbm,,0.005687971134253748,0.005687971134253748,0.018649537167448688,0.018649537167448688,0.018649537167448688,0.018649537167448688,0.018649537167448688,0.018649537167448688,0.018649537167448688,0.018649537167448688,0,0,,,0,0,True,lr,/home/runner/work/top10-decision/top10-decision/models/eret_lr.joblib,meta_feature_contract,/home/runner/work/top10-decision/top10-decision/models/eret_meta.json,74,board|area|market|latest_change_reason|limit_type|prior_board,68,symbol|board|area|market|market_regime|latest_change_reason|limit_type|prior_board,74,2,prior_board|prior_prob_prior,49,trade_date|verify_date|ts_code|name|prob|StrengthScore|ThemeBoost|run_id,6,board|area|market|latest_change_reason|limit_type|prior_board,74,rank:float64|symbol:float64|board:float64|area:float64|market:float64|list_date:float64|open:float64|high:float64,2220,0.36585365853658536,0.36585365853658536,82,0.3658536585365854,1.0,-0.019187901956414857,0.048682224642638584,0.01121313333376305,0.01339623728472044,-0.019187901956414857,0.048682224642638584,0.01121313333376305,0.01339623728472044,0,0.0,15,0.18292682926829268,67,0.8170731707317073,model:lr,,RISK_ON,0.0002,0.0005,4.429250000000001e-05,0.0,0.0,0.0004,0.0,0.0011442924999999998,0.0011442924999999998,0.0,0.0,0.0,0.0,0.0,0.006,0.0,0.0,0.0,0.0,0.0,0.0,0.0,0.0027,0.0,0.0027,0.0027,0.0,0.0,0.0,0.0,0.0,0.0027,0.0027,0.0060809504559207325,0.01141846114300117,0.020146152857502927,0.031564614000504095,0.004395,0.0359596140005041,-0.029878663544583364,v1_1_exec_aware,-0.029878663544583364,pred_plus_fs,,,,,,,,,,1,2026-05-19 00:32:49+0800
20260518,20260519,75,002654.SZ,万润科技,0.055301926969025,35.231707,0.0164,互联网,26040646802,1,1c6e282fa96be950ae648ebe60bb3e8a3cd2b730,2026-05-18T14:43:26Z,20260519,0.055301926969025,,2654,互联网,深圳,主板,20120217,16.72,18.23,16.66,18.23,10.0181,1.6545502400595384,10.0181,0.9488983543609436,0.9126347229840932,9.105465277015906,1063913.54,1868799.203,12.5871,16.5393,1.06,5.36071504307036e-06,,,,,,,,1540986.5377,,,,380370.72,53813.83,171238.76,209131.96,,,,0.0,,,0.0,83560427.02,4.47,31.3,15408771577.12,31.3,0.0,,,,,,,,U,0.0,98504310.0,98504310.0,104430.0,104430.0,,,,,,18.23,14.91,0.0,,,0.0,1.0,0.0,2.1115312137638487,20260518,20260519,,RISK_ON,,0.363683345,0.30597906893623916,0.30597906893623916,0.30597906893623916,True,lgbm,/home/runner/work/top10-decision/top10-decision/models/pfill_lgbm.joblib,meta_feature_contract,/home/runner/work/top10-decision/top10-decision/models/pfill_meta.json,88,board|area|market|latest_change_reason|limit_type|prior_board,82,symbol|board|area|market|market_regime|latest_change_reason|limit_type|prior_board,88,16,sample_weight|is_cold_start|feature_coverage_score|prior_strength_score|prior_theme_boost|prior_seal_amount|prior_open_times|prior_turnover_rate,25,trade_date|verify_date|ts_code|name|prob|StrengthScore|ThemeBoost|run_id,6,board|area|market|latest_change_reason|limit_type|prior_board,88,rank:int64|sample_weight:float64|is_cold_start:float64|feature_coverage_score:float64|symbol:int64|board:float64|area:float64|market:float64,model:lgbm,,0.00570825780907075,0.00570825780907075,0.01575862346020558,0.01575862346020558,0.01575862346020558,0.01575862346020558,0.01575862346020558,0.01575862346020558,0.01575862346020558,0.01575862346020558,0,0,,,0,0,True,lr,/home/runner/work/top10-decision/top10-decision/models/eret_lr.joblib,meta_feature_contract,/home/runner/work/top10-decision/top10-decision/models/eret_meta.json,74,board|area|market|latest_change_reason|limit_type|prior_board,68,symbol|board|area|market|market_regime|latest_change_reason|limit_type|prior_board,74,2,prior_board|prior_prob_prior,49,trade_date|verify_date|ts_code|name|prob|StrengthScore|ThemeBoost|run_id,6,board|area|market|latest_change_reason|limit_type|prior_board,74,rank:float64|symbol:float64|board:float64|area:float64|market:float64|list_date:float64|open:float64|high:float64,2220,0.36585365853658536,0.36585365853658536,82,0.3658536585365854,1.0,-0.019187901956414857,0.048682224642638584,0.01121313333376305,0.01339623728472044,-0.019187901956414857,0.048682224642638584,0.01121313333376305,0.01339623728472044,0,0.0,15,0.18292682926829268,67,0.8170731707317073,model:lr,,RISK_ON,0.0002,0.0005,0.00016054849999999998,0.0,0.0,0.0004,0.0,0.0012605485,0.0012605485,0.0,0.0,0.0,0.0,0.0,0.006,0.0,0.0,0.0,0.0,0.0,0.0,0.0,0.0027,0.0,0.0027,0.0027,0.0,0.0,0.0,0.0,0.0,0.0027,0.0027,0.0008612604340704792,0.017752586069785303,0.03598146517446326,0.053734051244248564,0.004395,0.05812905124424857,-0.05726779081017809,v1_1_exec_aware,-0.05726779081017809,pred_plus_fs,,,,,,,,,,1,2026-05-19 00:32:49+0800
20260518,20260519,76,688143.SH,长盈通,0.0467947817226214,36.073171,0.0164,通信设备,26040646802,1,1c6e282fa96be950ae648ebe60bb3e8a3cd2b730,2026-05-18T14:43:26Z,20260519,0.0467947817226214,,688143,通信设备,湖北,科创板,20221212,111.79,129.84,111.58,129.84,20.0,6.182857142857143,20.0,2.9533271719038825,2.9193622920517552,17.080637707948245,288462.11,3521557.283,23.5721,30.5178,1.5,5.679305600550131e-06,,,,,,,,1672089.9332,,,,380370.72,53813.83,171238.76,209131.96,,,,0.0,,,0.0,126097049.89,3.58,41.99,15889095471.84,41.99,0.0,,,,,,,,U,2.0,18254075.0,18254075.0,142834.0,143113.0,,,,,,129.84,86.56,0.0,,,0.0,1.0,0.0,1.354001455782862,20260518,20260519,,RISK_ON,,0.5608729625,0.7622654352681539,0.7622654352681539,0.7622654352681539,True,lgbm,/home/runner/work/top10-decision/top10-decision/models/pfill_lgbm.joblib,meta_feature_contract,/home/runner/work/top10-decision/top10-decision/models/pfill_meta.json,88,board|area|market|latest_change_reason|limit_type|prior_board,82,symbol|board|area|market|market_regime|latest_change_reason|limit_type|prior_board,88,16,sample_weight|is_cold_start|feature_coverage_score|prior_strength_score|prior_theme_boost|prior_seal_amount|prior_open_times|prior_turnover_rate,25,trade_date|verify_date|ts_code|name|prob|StrengthScore|ThemeBoost|run_id,6,board|area|market|latest_change_reason|limit_type|prior_board,88,rank:int64|sample_weight:float64|is_cold_start:float64|feature_coverage_score:float64|symbol:int64|board:float64|area:float64|market:float64,model:lgbm,,0.005453043451678643,0.005453043451678643,0.04002382744339101,0.04002382744339101,0.04002382744339101,0.04002382744339101,0.04002382744339101,0.04002382744339101,0.04002382744339101,0.04002382744339101,0,0,,,0,0,True,lr,/home/runner/work/top10-decision/top10-decision/models/eret_lr.joblib,meta_feature_contract,/home/runner/work/top10-decision/top10-decision/models/eret_meta.json,74,board|area|market|latest_change_reason|limit_type|prior_board,68,symbol|board|area|market|market_regime|latest_change_reason|limit_type|prior_board,74,2,prior_board|prior_prob_prior,49,trade_date|verify_date|ts_code|name|prob|StrengthScore|ThemeBoost|run_id,6,board|area|market|latest_change_reason|limit_type|prior_board,74,rank:float64|symbol:float64|board:float64|area:float64|market:float64|list_date:float64|open:float64|high:float64,2220,0.36585365853658536,0.36585365853658536,82,0.3658536585365854,1.0,-0.019187901956414857,0.048682224642638584,0.01121313333376305,0.01339623728472044,-0.019187901956414857,0.048682224642638584,0.01121313333376305,0.01339623728472044,0,0.0,15,0.18292682926829268,67,0.8170731707317073,model:lr,,RISK_ON,0.0002,0.0009,0.000678605,0.00023999999999999998,0.0,0.0004,0.0,0.002418605,0.002418605,0.0,0.005,0.0045,0.0,0.0,0.006,0.0028573666666666664,0.0,0.004,0.0,0.0,0.0,0.005,0.0027,0.0013499999999999999,0.00905,0.00905,0.0028573666666666664,0.0,0.0028573666666666664,0.0028573666666666664,0.0,0.015907366666666665,0.015907366666666665,0.012182808580567268,0.004976567812491689,0.004041419531229221,0.009017987343720911,0.015088471666666665,0.024106459010387576,-0.011923650429820309,v1_1_exec_aware,-0.011923650429820309,pred_plus_fs,,,,,,,,,,1,2026-05-19 00:32:49+0800
20260518,20260519,77,301599.SZ,理奇智能,0.0257116157991879,33.280488,0.2518420922806225,专用机械,26040646802,1,1c6e282fa96be950ae648ebe60bb3e8a3cd2b730,2026-05-18T14:43:26Z,20260519,0.0257116157991879,,301599,专用机械,江苏,创业板,20260430,57.12,70.56,57.12,70.56,20.0,3.3600000000000003,20.0,4.000000000000001,4.000000000000001,15.999999999999998,239186.67,1588565.345,43.7266,43.7266,1.11,1.2589976271954996e-05,,,,,,,,3045369.6,,,,380370.72,53813.83,171238.76,209131.96,,3.0,6.0,1.0,6.0,3.0,0.0,405391982.16,25.52,38.07,3859669820.16,38.07,0.0,,,,,,,,U,0.0,53819146.0,53819146.0,104154.0,104154.0,,,,,,70.56,47.04,1.0,6.0,3.0,0.0,1.0,0.0,2.310936568939103,20260518,20260519,,RISK_ON,,0.423090427,0.583033666889521,0.583033666889521,0.583033666889521,True,lgbm,/home/runner/work/top10-decision/top10-decision/models/pfill_lgbm.joblib,meta_feature_contract,/home/runner/work/top10-decision/top10-decision/models/pfill_meta.json,88,board|area|market|latest_change_reason|limit_type|prior_board,82,symbol|board|area|market|market_regime|latest_change_reason|limit_type|prior_board,88,16,sample_weight|is_cold_start|feature_coverage_score|prior_strength_score|prior_theme_boost|prior_seal_amount|prior_open_times|prior_turnover_rate,25,trade_date|verify_date|ts_code|name|prob|StrengthScore|ThemeBoost|run_id,6,board|area|market|latest_change_reason|limit_type|prior_board,88,rank:int64|sample_weight:float64|is_cold_start:float64|feature_coverage_score:float64|symbol:int64|board:float64|area:float64|market:float64,model:lgbm,,0.005526874750817505,0.005526874750817505,0.025484083732338833,0.025484083732338833,0.025484083732338833,0.025484083732338833,0.025484083732338833,0.025484083732338833,0.025484083732338833,0.025484083732338833,0,0,,,0,0,True,lr,/home/runner/work/top10-decision/top10-decision/models/eret_lr.joblib,meta_feature_contract,/home/runner/work/top10-decision/top10-decision/models/eret_meta.json,74,board|area|market|latest_change_reason|limit_type|prior_board,68,symbol|board|area|market|market_regime|latest_change_reason|limit_type|prior_board,74,2,prior_board|prior_prob_prior,49,trade_date|verify_date|ts_code|name|prob|StrengthScore|ThemeBoost|run_id,6,board|area|market|latest_change_reason|limit_type|prior_board,74,rank:float64|symbol:float64|board:float64|area:float64|market:float64|list_date:float64|open:float64|high:float64,2220,0.36585365853658536,0.36585365853658536,82,0.3658536585365854,1.0,-0.019187901956414857,0.048682224642638584,0.01121313333376305,0.01339623728472044,-0.019187901956414857,0.048682224642638584,0.01121313333376305,0.01339623728472044,0,0.0,15,0.18292682926829268,67,0.8170731707317073,model:lr,,RISK_ON,0.0002,0.0005,0.00168633,0.0,0.0,0.0004,0.0,0.00278633,0.00278633,0.0,0.0,0.0,0.0,0.0,0.006,0.005,0.0,0.0,0.0,0.0,0.0,0.0,0.0027,0.0,0.0027,0.0027,0.005,0.0,0.005,0.005,0.0,0.0077,0.0077,0.004371748785785098,0.009995057327093411,0.01658764331773353,0.026582700644826943,0.006735,0.03331770064482694,-0.028945951859041842,v1_1_exec_aware,-0.028945951859041842,pred_plus_fs,,,,,,,,,,1,2026-05-19 00:32:49+0800
20260518,20260519,78,301313.SZ,凡拓数创,0.0288320597125062,40.085366,0.01,文教休闲,26040646802,1,1c6e282fa96be950ae648ebe60bb3e8a3cd2b730,2026-05-18T14:43:26Z,20260519,0.0288320597125062,,301313,文教休闲,广东,创业板,20220930,40.89,46.02,40.1,46.02,20.0,2.191428571428572,20.0,2.7014341590612783,2.340938722294655,17.65906127770534,146720.06,639198.631,18.6777,21.7265,3.38,3.1289178402511315e-05,,,,,,,,476092.5468,,,,380370.72,53813.83,171238.76,209131.96,,,,0.0,,,0.0,,,,,,0.0,,,,,,,,U,1.0,34020285.0,34020285.0,102503.0,111642.0,,,,,,46.02,30.68,0.0,,,0.0,1.0,0.0,1.538519367108323,20260518,20260519,,RISK_ON,,0.4863783575,0.603486639573301,0.603486639573301,0.603486639573301,True,lgbm,/home/runner/work/top10-decision/top10-decision/models/pfill_lgbm.joblib,meta_feature_contract,/home/runner/work/top10-decision/top10-decision/models/pfill_meta.json,88,board|area|market|latest_change_reason|limit_type|prior_board,82,symbol|board|area|market|market_regime|latest_change_reason|limit_type|prior_board,88,16,sample_weight|is_cold_start|feature_coverage_score|prior_strength_score|prior_theme_boost|prior_seal_amount|prior_open_times|prior_turnover_rate,25,trade_date|verify_date|ts_code|name|prob|StrengthScore|ThemeBoost|run_id,6,board|area|market|latest_change_reason|limit_type|prior_board,88,rank:int64|sample_weight:float64|is_cold_start:float64|feature_coverage_score:float64|symbol:int64|board:float64|area:float64|market:float64,model:lgbm,,0.004894961791375186,0.004894961791375186,0.019582377705370614,0.019582377705370614,0.019582377705370614,0.019582377705370614,0.019582377705370614,0.019582377705370614,0.019582377705370614,0.019582377705370614,0,0,,,0,0,True,lr,/home/runner/work/top10-decision/top10-decision/models/eret_lr.joblib,meta_feature_contract,/home/runner/work/top10-decision/top10-decision/models/eret_meta.json,74,board|area|market|latest_change_reason|limit_type|prior_board,68,symbol|board|area|market|market_regime|latest_change_reason|limit_type|prior_board,74,2,prior_board|prior_prob_prior,49,trade_date|verify_date|ts_code|name|prob|StrengthScore|ThemeBoost|run_id,6,board|area|market|latest_change_reason|limit_type|prior_board,74,rank:float64|symbol:float64|board:float64|area:float64|market:float64|list_date:float64|open:float64|high:float64,2220,0.36585365853658536,0.36585365853658536,82,0.3658536585365854,1.0,-0.019187901956414857,0.048682224642638584,0.01121313333376305,0.01339623728472044,-0.019187901956414857,0.048682224642638584,0.01121313333376305,0.01339623728472044,0,0.0,15,0.18292682926829268,67,0.8170731707317073,model:lr,,RISK_ON,0.0002,0.0005,0.00043388500000000006,0.00011999999999999999,0.0,0.0004,0.0,0.001653885,0.001653885,0.0,0.005,0.002,0.0,0.0,0.006,0.0012259000000000005,0.0,0.0,0.0,0.0,0.0,0.005,0.0027,0.0006,0.0083,0.0083,0.0012259000000000005,0.0,0.0012259000000000005,0.0012259000000000005,0.0,0.0095259,0.0095259,0.0006379183162692412,0.009422374091947572,0.015155935229868932,0.024578309321816504,0.010618309999999999,0.0351966193218165,-0.03455870100554726,v1_1_exec_aware,-0.03455870100554726,pred_plus_fs,,,,,,,,,,1,2026-05-19 00:32:49+0800
20260518,20260519,79,920178.BJ,锐翔智能,0.0270566049805103,29.646341,0.2518420922806225,专用机械,26040646802,1,1c6e282fa96be950ae648ebe60bb3e8a3cd2b730,2026-05-18T14:43:26Z,20260519,0.0270566049805103,,920178,专用机械,广东,北交所,20260515,177.97,226.18,170.0,226.18,29.996,7.297070589753517,29.996,7.698979927491379,6.606760809974357,23.38923919002564,84471.98,1626675.32,57.8197,62.2683,,1.8440065839321885e-05,,,,,,,,1491387.3351,,,,380370.72,53813.83,171238.76,209131.96,,3.0,6.0,1.0,6.0,3.0,0.0,67112963.03,4.13,29.22,3304388245.18,29.22,0.0,,,,,,,,U,0.0,105362560.0,105362560.0,112506.0,112506.0,,,,,,226.18,121.8,1.0,6.0,3.0,0.0,1.0,0.0,2.3692964470495386,20260518,20260519,,RISK_ON,,0.39731872,0.4789828868007952,0.4789828868007952,0.4789828868007952,True,lgbm,/home/runner/work/top10-decision/top10-decision/models/pfill_lgbm.joblib,meta_feature_contract,/home/runner/work/top10-decision/top10-decision/models/pfill_meta.json,88,board|area|market|latest_change_reason|limit_type|prior_board,82,symbol|board|area|market|market_regime|latest_change_reason|limit_type|prior_board,88,16,sample_weight|is_cold_start|feature_coverage_score|prior_strength_score|prior_theme_boost|prior_seal_amount|prior_open_times|prior_turnover_rate,25,trade_date|verify_date|ts_code|name|prob|StrengthScore|ThemeBoost|run_id,6,board|area|market|latest_change_reason|limit_type|prior_board,88,rank:int64|sample_weight:float64|is_cold_start:float64|feature_coverage_score:float64|symbol:int64|board:float64|area:float64|market:float64,model:lgbm,,0.005567224426257176,0.005567224426257176,0.023331201161316567,0.023331201161316567,0.023331201161316567,0.023331201161316567,0.023331201161316567,0.023331201161316567,0.023331201161316567,0.023331201161316567,0,0,,,0,0,True,lr,/home/runner/work/top10-decision/top10-decision/models/eret_lr.joblib,meta_feature_contract,/home/runner/work/top10-decision/top10-decision/models/eret_meta.json,74,board|area|market|latest_change_reason|limit_type|prior_board,68,symbol|board|area|market|market_regime|latest_change_reason|limit_type|prior_board,74,2,prior_board|prior_prob_prior,49,trade_date|verify_date|ts_code|name|prob|StrengthScore|ThemeBoost|run_id,6,board|area|market|latest_change_reason|limit_type|prior_board,74,rank:float64|symbol:float64|board:float64|area:float64|market:float64|list_date:float64|open:float64|high:float64,2220,0.36585365853658536,0.36585365853658536,82,0.3658536585365854,1.0,-0.019187901956414857,0.048682224642638584,0.01121313333376305,0.01339623728472044,-0.019187901956414857,0.048682224642638584,0.01121313333376305,0.01339623728472044,0,0.0,15,0.18292682926829268,67,0.8170731707317073,model:lr,,RISK_ON,0.0002,0.0005,0.0018,0.0,0.0,0.0004,0.0,0.0029,0.0029,0.0,0.0,0.0,0.0,0.0,0.006,0.005,0.0,0.0,0.0,0.0,0.0,0.0,0.0027,0.0,0.0027,0.0027,0.005,0.0,0.005,0.005,0.0,0.0077,0.0077,0.0005752460847774747,0.012908479169577733,0.023871197923944334,0.03677967709352207,0.006735,0.04351467709352207,-0.04293943100874459,v1_1_exec_aware,-0.04293943100874459,pred_plus_fs,,,,,,,,,,1,2026-05-19 00:32:49+0800
20260518,20260519,80,301531.SZ,春光集团,0.0242190253309115,36.109756,0.0164,矿物制品,26040646802,1,1c6e282fa96be950ae648ebe60bb3e8a3cd2b730,2026-05-18T14:43:26Z,20260519,0.0242190253309115,,301531,矿物制品,山东,创业板,20260511,86.0,111.0,83.5,111.0,20.0,5.285714285714286,20.0,5.202702702702703,4.72972972972973,15.27027027027027,254558.94,2516391.962,54.2959,54.2959,0.86,7.947887412620818e-06,,,,,,,,2439040.074,,,,380370.72,53813.83,171238.76,209131.96,,,,0.0,,,0.0,372969301.69,14.82,26.28,5204085483.0,26.28,0.0,,,,,,,,U,7.0,52580034.0,52580034.0,134948.0,142039.0,,,,,,111.0,74.0,0.0,,,0.0,1.0,0.0,1.184533588040609,20260518,20260519,,RISK_ON,,0.7237099829999999,0.4540723556273642,0.4540723556273642,0.4540723556273642,True,lgbm,/home/runner/work/top10-decision/top10-decision/models/pfill_lgbm.joblib,meta_feature_contract,/home/runner/work/top10-decision/top10-decision/models/pfill_meta.json,88,board|area|market|latest_change_reason|limit_type|prior_board,82,symbol|board|area|market|market_regime|latest_change_reason|limit_type|prior_board,88,16,sample_weight|is_cold_start|feature_coverage_score|prior_strength_score|prior_theme_boost|prior_seal_amount|prior_open_times|prior_turnover_rate,25,trade_date|verify_date|ts_code|name|prob|StrengthScore|ThemeBoost|run_id,6,board|area|market|latest_change_reason|limit_type|prior_board,88,rank:int64|sample_weight:float64|is_cold_start:float64|feature_coverage_score:float64|symbol:int64|board:float64|area:float64|market:float64,model:lgbm,,0.004775770759927345,0.004775770759927345,0.048682224642638584,0.048682224642638584,0.048682224642638584,0.048682224642638584,0.048682224642638584,0.048682224642638584,0.048682224642638584,0.048682224642638584,0,0,,,0,0,True,lr,/home/runner/work/top10-decision/top10-decision/models/eret_lr.joblib,meta_feature_contract,/home/runner/work/top10-decision/top10-decision/models/eret_meta.json,74,board|area|market|latest_change_reason|limit_type|prior_board,68,symbol|board|area|market|market_regime|latest_change_reason|limit_type|prior_board,74,2,prior_board|prior_prob_prior,49,trade_date|verify_date|ts_code|name|prob|StrengthScore|ThemeBoost|run_id,6,board|area|market|latest_change_reason|limit_type|prior_board,74,rank:float64|symbol:float64|board:float64|area:float64|market:float64|list_date:float64|open:float64|high:float64,2220,0.36585365853658536,0.36585365853658536,82,0.3658536585365854,1.0,-0.019187901956414857,0.048682224642638584,0.01121313333376305,0.01339623728472044,-0.019187901956414857,0.048682224642638584,0.01121313333376305,0.01339623728472044,0,0.0,15,0.18292682926829268,67,0.8170731707317073,model:lr,,RISK_ON,0.0002,0.0005,0.0018,0.0006,0.0,0.0004,0.0,0.0035,0.0035,0.0,0.005,0.01,0.0,0.0,0.006,0.005,0.0,0.0,0.0,0.0,0.0,0.01,0.0027,0.0015,0.014199999999999999,0.014199999999999999,0.005,0.0,0.005,0.005,0.0,0.0192,0.0192,-0.0005947475793365783,0.013605974042433801,0.025614935106084504,0.03922090914851831,0.022735000000000002,0.06195590914851831,-0.0625506567278549,v1_1_exec_aware,-0.0625506567278549,pred_plus_fs,,,,,,,,,,1,2026-05-19 00:32:49+0800
20260518,20260519,81,301666.SZ,大普微-UW,0.0289025468704188,29.52439,0.0164,IT设备,26040646802,1,1c6e282fa96be950ae648ebe60bb3e8a3cd2b730,2026-05-18T14:43:26Z,20260519,0.0289025468704188,,301666,IT设备,深圳,创业板,20260416,695.0,816.0,694.0,816.0,20.0,38.85714285714285,20.0,3.1397058823529416,3.1139705882352944,16.886029411764707,59991.58,4576570.218,22.6244,22.6244,0.82,4.3700848118397645e-06,,,,,,,,35595254.976,,,,380370.72,53813.83,171238.76,209131.96,,2.0,10.0,1.0,10.0,2.0,0.0,-19527658.62,-0.14,13.79,21637335888.0,13.79,0.0,,,,,,,,U,0.0,64965840.0,64965840.0,144851.0,144851.0,,,,,,816.0,544.0,1.0,10.0,2.0,0.0,1.0,0.0,2.323557380264762,20260518,20260519,,RISK_ON,,0.41751708,0.743646232056592,0.743646232056592,0.743646232056592,True,lgbm,/home/runner/work/top10-decision/top10-decision/models/pfill_lgbm.joblib,meta_feature_contract,/home/runner/work/top10-decision/top10-decision/models/pfill_meta.json,88,board|area|market|latest_change_reason|limit_type|prior_board,82,symbol|board|area|market|market_regime|latest_change_reason|limit_type|prior_board,88,16,sample_weight|is_cold_start|feature_coverage_score|prior_strength_score|prior_theme_boost|prior_seal_amount|prior_open_times|prior_turnover_rate,25,trade_date|verify_date|ts_code|name|prob|StrengthScore|ThemeBoost|run_id,6,board|area|market|latest_change_reason|limit_type|prior_board,88,rank:int64|sample_weight:float64|is_cold_start:float64|feature_coverage_score:float64|symbol:int64|board:float64|area:float64|market:float64,model:lgbm,,0.004916276406112564,0.004916276406112564,0.01915458849595731,0.01915458849595731,0.01915458849595731,0.01915458849595731,0.01915458849595731,0.01915458849595731,0.01915458849595731,0.01915458849595731,0,0,,,0,0,True,lr,/home/runner/work/top10-decision/top10-decision/models/eret_lr.joblib,meta_feature_contract,/home/runner/work/top10-decision/top10-decision/models/eret_meta.json,74,board|area|market|latest_change_reason|limit_type|prior_board,68,symbol|board|area|market|market_regime|latest_change_reason|limit_type|prior_board,74,2,prior_board|prior_prob_prior,49,trade_date|verify_date|ts_code|name|prob|StrengthScore|ThemeBoost|run_id,6,board|area|market|latest_change_reason|limit_type|prior_board,74,rank:float64|symbol:float64|board:float64|area:float64|market:float64|list_date:float64|open:float64|high:float64,2220,0.36585365853658536,0.36585365853658536,82,0.3658536585365854,1.0,-0.019187901956414857,0.048682224642638584,0.01121313333376305,0.01339623728472044,-0.019187901956414857,0.048682224642638584,0.01121313333376305,0.01339623728472044,0,0.0,15,0.18292682926829268,67,0.8170731707317073,model:lr,,RISK_ON,0.0002,0.0005,0.00063122,0.0,0.0,0.0004,0.0,0.0017312200000000001,0.0017312200000000001,0.0,0.0,0.0,0.0,0.0,0.006,0.0025414666666666672,0.0,0.0,0.0,0.0,0.0,0.0,0.0027,0.0,0.0027,0.0027,0.0025414666666666672,0.0,0.0025414666666666672,0.0025414666666666672,0.0,0.005241466666666667,0.005241466666666667,0.007271550894946529,0.0054979055024154235,0.005344763756038559,0.010842669258453983,0.005538660000000001,0.016381329258453984,-0.009109778363507456,v1_1_exec_aware,-0.009109778363507456,pred_plus_fs,,,,,,,,,,1,2026-05-19 00:32:49+0800
20260518,20260519,82,688811.SH,有研复材,0.0098322175793106,31.621951,0.0164,小金属,26040646802,1,1c6e282fa96be950ae648ebe60bb3e8a3cd2b730,2026-05-18T14:43:26Z,20260519,0.0098322175793106,,688811,小金属,北京,科创板,20260410,27.1,32.86,26.6,32.86,20.0146,1.5636747784873373,20.0146,4.003390018259281,3.683630432136335,16.33096956786367,361063.01,1074751.956,39.1923,39.1923,1.63,1.86225294946102e-05,,,,,,,,1648499.466,,,,380370.72,53813.83,171238.76,209131.96,,,,0.0,,,0.0,38488305.85,3.58,23.28,3027263547.42,23.28,0.0,,,,,,,,U,0.0,64408458.0,64408458.0,141008.0,141008.0,,,,,,32.86,21.9,0.0,,,0.0,1.0,0.0,2.072926286143194,20260518,20260519,,RISK_ON,,0.417795771,0.6762775763552173,0.6762775763552173,0.6762775763552173,True,lgbm,/home/runner/work/top10-decision/top10-decision/models/pfill_lgbm.joblib,meta_feature_contract,/home/runner/work/top10-decision/top10-decision/models/pfill_meta.json,88,board|area|market|latest_change_reason|limit_type|prior_board,82,symbol|board|area|market|market_regime|latest_change_reason|limit_type|prior_board,88,16,sample_weight|is_cold_start|feature_coverage_score|prior_strength_score|prior_theme_boost|prior_seal_amount|prior_open_times|prior_turnover_rate,25,trade_date|verify_date|ts_code|name|prob|StrengthScore|ThemeBoost|run_id,6,board|area|market|latest_change_reason|limit_type|prior_board,88,rank:int64|sample_weight:float64|is_cold_start:float64|feature_coverage_score:float64|symbol:int64|board:float64|area:float64|market:float64,model:lgbm,,0.004344166527379318,0.004344166527379318,0.030715702297448435,0.030715702297448435,0.030715702297448435,0.030715702297448435,0.030715702297448435,0.030715702297448435,0.030715702297448435,0.030715702297448435,0,0,,,0,0,True,lr,/home/runner/work/top10-decision/top10-decision/models/eret_lr.joblib,meta_feature_contract,/home/runner/work/top10-decision/top10-decision/models/eret_meta.json,74,board|area|market|latest_change_reason|limit_type|prior_board,68,symbol|board|area|market|market_regime|latest_change_reason|limit_type|prior_board,74,2,prior_board|prior_prob_prior,49,trade_date|verify_date|ts_code|name|prob|StrengthScore|ThemeBoost|run_id,6,board|area|market|latest_change_reason|limit_type|prior_board,74,rank:float64|symbol:float64|board:float64|area:float64|market:float64|list_date:float64|open:float64|high:float64,2220,0.36585365853658536,0.36585365853658536,82,0.3658536585365854,1.0,-0.019187901956414857,0.048682224642638584,0.01121313333376305,0.01339623728472044,-0.019187901956414857,0.048682224642638584,0.01121313333376305,0.01339623728472044,0,0.0,15,0.18292682926829268,67,0.8170731707317073,model:lr,,RISK_ON,0.0002,0.0009,0.001459615,0.0,0.0,0.0004,0.0,0.002959615,0.002959615,0.0,0.0,0.0,0.0,0.0,0.006,0.005,0.0,0.004,0.0,0.0,0.0,0.0,0.0027,0.0,0.0027,0.0027,0.005,0.0,0.005,0.005,0.0,0.0117,0.0117,0.006112725705766811,0.007384227862053913,0.010060569655134783,0.017444797517188696,0.008535000000000001,0.025979797517188697,-0.019867071811421888,v1_1_exec_aware,-0.019867071811421888,pred_plus_fs,,,,,,,,,,1,2026-05-19 00:32:49+0800
